; HEADER_BLOCK_START
; generated by Creality_Print V7.2.1.5476 on 2026-09-19 at 14:40:58
; total layer number: 30
; filament_density: 1.24
; filament_diameter: 1.75
; max_z_height: 6.00
; creality_uuid: bdae6a99-4800-4341-88e4-8010972bfb31
; HEADER_BLOCK_END

; MINX = 64.00
; MINY = 104.00
; MINZ = 0.00
; MAXX = 156.00
; MAXY = 116.00
; MAXZ = 6.00

; multicolor_method = 0 
; external perimeters extrusion width = 0.42mm
; perimeters extrusion width = 0.45mm
; infill extrusion width = 0.45mm
; solid infill extrusion width = 0.45mm
; top infill extrusion width = 0.42mm
; support material extrusion width = 0.42mm
; first layer extrusion width = 0.50mm

; EXECUTABLE_BLOCK_START
M73 P0 R26
M201 X500 Y500 Z500 E5000
M203 X500 Y500 Z10 E50
M204 P500 R500 T500
M205 X10.00 Y10.00 Z0.40 E5.00 ; sets the jerk limits, mm/sec
; max_print_temp = 60,205
;TYPE:Custom
M220 S100 ;Reset Feedrate
M221 S100 ;Reset Flowrate

M140 S60 ;Set final bed temp  
G28 ;Home
G92 E0 ;Reset Extruder
G1 Z2.0 F3000 ;Move Z Axis up
M104 S205 ;Set final nozzle temp  
G1 X10.1 Y20 Z0.28 F5000.0 ;Move to start position
M190 S60 ;Wait for bed temp to stabilize  
M109 S205 ;Wait for nozzle temp to stabilize  
G1 X10.1 Y145.0 Z0.28 F1500.0 E15 ;Draw the first line
G1 X10.4 Y145.0 Z0.28 F5000.0 ;Move to side a little
G1 X10.4 Y20 Z0.28 F1500.0 E30 ;Draw the second line
G92 E0  ;Reset Extruder
G1 E-1.0000 F1800 ;Retract a bit
G1 Z2.0 F3000 ;Move Z Axis up
G1 E0.0000 F1800
G90
G21
M83 ; use relative distances for extrusion
;filament start gcode
G1 E-5 F2700
G1 Z.2 F3600
M106 S0
;LAYER_CHANGE
;:0.2
;HEIGHT:0.2
;BEFORE_LAYER_CHANGE
;0.2
G92 E0
;TIME_ELAPSED:53.713524
;_SET_FAN_SPEED_CHANGING_LAYER
M204 S500
M205 X8 Y8
G1 X61.343 Y98.716 Z.6 F3600
G1 Z.2
G1 E5 F2400
;TYPE:Skirt
;WIDTH:0.5
G1 F3000
G1 X64 Y98.086 E.1017
G1 X156 Y98.086 E3.42665
G1 X158.129 Y98.482 E.08067
G1 X159.973 Y99.619 E.08067
G1 X161.284 Y101.343 E.08067
G1 X161.914 Y104 E.1017
G1 X161.914 Y116 E.44695
G1 X161.518 Y118.129 E.08067
G1 X160.381 Y119.973 E.08067
G1 X158.657 Y121.284 E.08067
G1 X156 Y121.914 E.1017
G1 X64 Y121.914 E3.42665
G1 X61.871 Y121.518 E.08067
M73 P1 R26
G1 X60.027 Y120.381 E.08067
G1 X58.716 Y118.657 E.08067
G1 X58.086 Y116 E.1017
G1 X58.086 Y104 E.44695
G1 X58.482 Y101.871 E.08067
G1 X59.619 Y100.027 E.08067
G1 X61.312 Y98.74 E.07918
G1 X61.594 Y99.143 F3600
G1 F3000
G1 X61.773 Y99.018 E.00812
G1 X64 Y98.543 E.08482
G1 X156 Y98.543 E3.42665
G1 X158.042 Y98.939 E.07747
G1 X159.787 Y100.071 E.07747
G1 X160.982 Y101.773 E.07747
G1 X161.457 Y104 E.08482
G1 X161.457 Y116 E.44695
G1 X161.061 Y118.042 E.07747
G1 X159.929 Y119.787 E.07747
G1 X158.227 Y120.982 E.07747
G1 X156 Y121.457 E.08482
G1 X64 Y121.457 E3.42665
G1 X61.958 Y121.061 E.07747
G1 X60.213 Y119.929 E.07747
G1 X59.018 Y118.227 E.07747
G1 X58.543 Y116 E.08482
G1 X58.543 Y104 E.44695
G1 X58.939 Y101.958 E.07747
G1 X60.071 Y100.213 E.07747
G1 X61.562 Y99.166 E.06786
; OBJECT_ID: 15
; printing object 05_probe_bridge.stl id:0 copy 0
G1 E-4.5 F2700
;WIPE_START
G1 F3000
G1 X61.773 Y99.018 E-.06127
G1 X63.477 Y98.655 E-.41373
;WIPE_END
G1 E-.025 F2700
G1 X70.77 Y100.903 Z.6 F3600
G1 X115.475 Y114.686 Z.6
G1 Z.2
G1 E5 F2400
;TYPE:Inner wall
;WIDTH:0.499999
G1 F900
G1 X115.825 Y114.496 E.01485
G1 X116.648 Y113.858 E.03877
G1 X117.331 Y113.072 E.03877
G1 X117.847 Y112.169 E.03877
G1 X118.177 Y111.181 E.03877
G1 X118.297 Y110.372 E.03046
G1 X118.298 Y109.944 E.01597
G1 X118.235 Y109.11 E.03113
G1 X117.961 Y108.106 E.03877
G1 X117.496 Y107.175 E.03877
G1 X116.858 Y106.352 E.03877
G1 X116.072 Y105.669 E.03877
G1 X115.48 Y105.314 E.02573
G1 X126.146 Y105.311 E.39726
G1 X125.841 Y105.775 E.02068
G1 X125.459 Y106.502 E.03059
G1 X125.146 Y107.279 E.03119
G1 X124.844 Y108.371 E.04221
G1 X124.717 Y109.332 E.03609
G1 X124.689 Y110.084 E.02803
G1 X124.785 Y111.275 E.04452
G1 X124.958 Y112.101 E.03141
G1 X125.316 Y113.183 E.04244
G1 X125.828 Y114.201 E.04245
G1 X126.146 Y114.689 E.0217
G1 X115.515 Y114.686 E.39596
G1 E-4.5 F2700
;WIPE_START
G1 F900
G1 X115.825 Y114.496 E-.08645
G1 X116.648 Y113.858 E-.24722
G1 X117.038 Y113.409 E-.14133
;WIPE_END
G1 E-.025 F2700
G1 X110.52 Y114.686 Z.6 F3600
G1 Z.2
G1 E5 F2400
G1 F900
G1 X100.211 Y114.686 E.38399
;WIDTH:0.543857
G1 X100.108 Y114.664 E.00429
;WIDTH:0.587714
G1 X100.005 Y114.642 E.00467
;WIDTH:0.631571
G1 X99.902 Y114.62 E.00505
;WIDTH:0.675428
G1 X99.799 Y114.598 E.00542
;WIDTH:0.719285
G1 X99.696 Y114.576 E.0058
G1 X99.421 Y114.582 E.01515
;WIDTH:0.707308
G1 X74.579 Y114.582 E1.34498
G1 X74.421 Y114.603 E.00862
;WIDTH:0.665847
G1 X74.263 Y114.624 E.00808
;WIDTH:0.624385
G1 X74.105 Y114.644 E.00754
;WIDTH:0.582923
G1 X73.947 Y114.665 E.00701
;WIDTH:0.541461
G1 X73.789 Y114.686 E.00647
;WIDTH:0.499999
G1 X65.314 Y114.686 E.31567
G1 X65.314 Y105.314 E.34906
G1 X73.789 Y105.314 E.31567
;WIDTH:0.543853
M73 P2 R26
G1 X73.892 Y105.336 E.00429
;WIDTH:0.587707
G1 X73.995 Y105.358 E.00467
;WIDTH:0.631561
G1 X74.098 Y105.38 E.00505
;WIDTH:0.675415
G1 X74.201 Y105.402 E.00542
;WIDTH:0.719269
G1 X74.304 Y105.424 E.0058
G1 X74.579 Y105.418 E.01515
;WIDTH:0.707324
G1 X99.421 Y105.418 E1.34501
G1 X99.579 Y105.397 E.00862
;WIDTH:0.665859
G1 X99.737 Y105.376 E.00808
;WIDTH:0.624394
G1 X99.895 Y105.356 E.00754
;WIDTH:0.582929
G1 X100.053 Y105.335 E.00701
;WIDTH:0.541464
G1 X100.211 Y105.314 E.00647
;WIDTH:0.499999
G1 X110.525 Y105.314 E.38417
G1 X110.175 Y105.504 E.01485
G1 X109.352 Y106.142 E.03877
G1 X108.669 Y106.928 E.03877
G1 X108.153 Y107.831 E.03877
G1 X107.823 Y108.819 E.03877
G1 X107.692 Y109.851 E.03877
G1 X107.765 Y110.89 E.03877
G1 X108.039 Y111.894 E.03877
G1 X108.504 Y112.825 E.03877
G1 X109.142 Y113.648 E.03877
G1 X109.928 Y114.331 E.03877
G1 X110.486 Y114.665 E.02424
G1 E-4.5 F2700
;WIPE_START
G1 F900
G1 X108.486 Y114.669 E-.475
;WIPE_END
G1 E-.025 F2700
G1 X114.388 Y114.622 Z.6 F3600
G1 Z.2
G1 E5 F2400
G1 F900
G1 X113.773 Y114.768 E.02354
;WIDTH:0.45219
G1 X112.827 Y114.81 E.03158
;WIDTH:0.449561
G1 X112.357 Y114.763 E.01565
;WIDTH:0.481733
G1 X111.887 Y114.716 E.01689
;WIDTH:0.499999
G1 X110.985 Y114.417 E.03538
G1 X110.163 Y113.939 E.03544
G1 X109.449 Y113.309 E.03544
G1 X108.871 Y112.553 E.03544
G1 X108.453 Y111.699 E.03544
G1 X108.209 Y110.779 E.03544
G1 X108.149 Y109.829 E.03544
G1 X108.275 Y108.886 E.03544
G1 X108.583 Y107.985 E.03544
G1 X109.061 Y107.163 E.03545
G1 X109.691 Y106.449 E.03544
G1 X110.447 Y105.871 E.03544
G1 X111.302 Y105.453 E.03544
G1 X112.227 Y105.232 E.03544
;WIDTH:0.452189
G1 X113.173 Y105.19 E.03158
;WIDTH:0.449561
G1 X113.643 Y105.237 E.01565
;WIDTH:0.481734
G1 X114.113 Y105.284 E.01689
;WIDTH:0.499999
G1 X115.015 Y105.583 E.03538
G1 X115.837 Y106.061 E.03544
G1 X116.551 Y106.691 E.03544
G1 X117.129 Y107.447 E.03544
G1 X117.547 Y108.302 E.03544
G1 X117.791 Y109.221 E.03544
G1 X117.841 Y109.966 E.0278
G1 X117.845 Y110.305 E.01263
G1 X117.725 Y111.114 E.03046
G1 X117.417 Y112.015 E.03544
G1 X116.939 Y112.837 E.03544
G1 X116.309 Y113.551 E.03544
G1 X115.553 Y114.129 E.03544
G1 X114.699 Y114.547 E.03544
G1 X114.427 Y114.612 E.01041
G1 X114.287 Y114.189 F3600
;TYPE:Outer wall
G1 F900
G1 X113.668 Y114.348 E.02383
G1 X112.807 Y114.395 E.03212
G1 X111.953 Y114.273 E.03212
G1 X111.139 Y113.986 E.03212
G1 X110.398 Y113.547 E.03212
G1 X109.756 Y112.971 E.03212
G1 X109.238 Y112.281 E.03212
G1 X108.866 Y111.503 E.03212
G1 X108.652 Y110.668 E.03212
G1 X108.605 Y109.807 E.03212
G1 X108.727 Y108.953 E.03212
G1 X109.014 Y108.139 E.03212
G1 X109.453 Y107.398 E.03212
G1 X110.029 Y106.756 E.03212
G1 X110.719 Y106.238 E.03212
G1 X111.497 Y105.866 E.03212
G1 X112.332 Y105.652 E.03212
G1 X113.193 Y105.605 E.03212
G1 X114.047 Y105.727 E.03212
G1 X114.861 Y106.014 E.03212
G1 X115.602 Y106.453 E.03212
G1 X116.244 Y107.029 E.03212
G1 X116.762 Y107.719 E.03212
G1 X117.134 Y108.497 E.03212
G1 X117.348 Y109.332 E.03212
G1 X117.393 Y110.238 E.03378
G1 X117.273 Y111.047 E.03046
G1 X116.986 Y111.861 E.03212
G1 X116.547 Y112.602 E.03212
G1 X115.971 Y113.244 E.03212
G1 X115.281 Y113.762 E.03212
G1 X114.503 Y114.134 E.03212
G1 X114.326 Y114.18 E.0068
G1 E-4.5 F2700
;WIPE_START
G1 F900
G1 X113.668 Y114.348 E-.16143
G1 X112.807 Y114.395 E-.20481
G1 X112.353 Y114.33 E-.10876
;WIPE_END
G1 E-.025 F2700
G1 X119.973 Y114.766 Z.6 F3600
G1 X127.137 Y115.175 Z.6
G1 Z.2
G1 E5 F2400
;TYPE:Inner wall
G1 F900
G1 X126.909 Y115.156 E.00851
G1 X125.901 Y115.143 E.03757
G1 X114.64 Y115.143 E.41942
G1 X114.147 Y115.159 E.01837
;WIDTH:0.468732
G1 X113.654 Y115.174 E.01711
;WIDTH:0.437464
G1 X112.673 Y115.182 E.03155
;WIDTH:0.455661
G1 X112.175 Y115.165 E.01675
;WIDTH:0.489912
G1 X111.677 Y115.148 E.01814
;WIDTH:0.499999
G1 X64.857 Y115.143 E1.74387
G1 X64.857 Y104.857 E.38311
G1 X111.36 Y104.857 E1.73206
G1 X111.853 Y104.841 E.01837
;WIDTH:0.468732
M73 P3 R26
G1 X112.346 Y104.826 E.01711
;WIDTH:0.437464
G1 X113.327 Y104.818 E.03154
;WIDTH:0.455661
G1 X113.825 Y104.835 E.01675
;WIDTH:0.489913
G1 X114.323 Y104.852 E.01814
;WIDTH:0.499999
G1 X125.91 Y104.857 E.43157
G1 X127.137 Y104.825 E.04572
M73 P3 R25
G1 X126.672 Y105.347 E.02601
G1 X126.244 Y105.99 E.0288
G1 X125.881 Y106.677 E.02892
G1 X125.587 Y107.401 E.02911
G1 X125.293 Y108.463 E.04103
G1 X125.174 Y109.354 E.03351
G1 X125.145 Y110.05 E.02594
G1 X125.234 Y111.186 E.04244
G1 X125.392 Y111.957 E.02933
G1 X125.739 Y113.007 E.04118
G1 X126.236 Y113.995 E.0412
G1 X126.734 Y114.732 E.03312
G1 X127.11 Y115.145 E.02081
G1 E-4.5 F2700
;WIPE_START
G1 F900
G1 X126.909 Y115.156 E-.04779
G1 X125.901 Y115.143 E-.23955
G1 X125.11 Y115.143 E-.18766
;WIPE_END
G1 E-.025 F2700
G1 X128.615 Y115.75 Z.6 F3600
G1 Z.2
G1 E5 F2400
;TYPE:Outer wall
G1 F900
G1 X127.92 Y115.75 E.02588
G1 X127.422 Y115.66 E.01886
G1 X126.903 Y115.613 E.0194
G1 X125.904 Y115.6 E.03723
G1 X64.4 Y115.6 E2.29077
G1 X64.4 Y104.4 E.41716
G1 X125.708 Y104.4 E2.28348
G1 X126.921 Y104.386 E.04517
G1 X127.422 Y104.34 E.01874
G1 X127.92 Y104.25 E.01886
G1 X128.587 Y104.25 E.02484
G1 X127.547 Y105.053 E.04894
G1 X127.052 Y105.602 E.02751
G1 X126.647 Y106.205 E.02707
G1 X126.304 Y106.852 E.02726
G1 X126.028 Y107.523 E.02703
G1 X125.742 Y108.554 E.03987
G1 X125.63 Y109.377 E.03091
G1 X125.601 Y110.017 E.02386
G1 X125.682 Y111.097 E.04035
G1 X125.826 Y111.814 E.02725
G1 X126.163 Y112.832 E.03993
G1 X126.655 Y113.81 E.04077
G1 X127.072 Y114.425 E.02769
G1 X127.582 Y114.978 E.02804
G1 X128.149 Y115.386 E.026
G1 X128.583 Y115.725 E.02052
G1 E-4.5 F2700
;WIPE_START
G1 F900
G1 X127.92 Y115.75 E-.15761
G1 X127.422 Y115.66 E-.12023
G1 X126.903 Y115.613 E-.12368
G1 X126.594 Y115.609 E-.07347
;WIPE_END
G1 E-.025 F2700
G1 X119.055 Y114.416 Z.6 F3600
G1 X73.454 Y107.201 Z.6
G1 Z.2
G1 E5 F2400
;TYPE:Inner wall
M73 P4 R25
G1 F900
G1 X73.482 Y107.009 E.00722
G1 X73.664 Y106.643 E.01523
;WIDTH:0.541461
G1 X73.807 Y106.531 E.00738
;WIDTH:0.582923
G1 X73.95 Y106.419 E.00799
;WIDTH:0.624385
G1 X74.093 Y106.306 E.0086
;WIDTH:0.665847
G1 X74.236 Y106.194 E.00922
;WIDTH:0.707308
G1 X74.379 Y106.082 E.00983
G1 X99.421 Y106.082 E1.3558
G1 X99.529 Y106.13 E.00637
;WIDTH:0.665859
G1 X99.637 Y106.177 E.00597
;WIDTH:0.624394
G1 X99.744 Y106.225 E.00557
;WIDTH:0.582929
G1 X99.852 Y106.273 E.00518
;WIDTH:0.541464
G1 X99.959 Y106.32 E.00478
;WIDTH:0.499999
G1 X100.336 Y106.643 E.01847
G1 X100.518 Y107.009 E.01523
G1 X100.564 Y107.329 E.01204
G1 X100.564 Y112.671 E.199
G1 X100.518 Y112.991 E.01204
G1 X100.336 Y113.357 E.01523
;WIDTH:0.541464
G1 X100.193 Y113.469 E.00738
;WIDTH:0.582929
G1 X100.05 Y113.581 E.00799
;WIDTH:0.624394
G1 X99.907 Y113.694 E.0086
;WIDTH:0.665859
G1 X99.764 Y113.806 E.00922
;WIDTH:0.707324
G1 X99.621 Y113.918 E.00983
G1 X74.579 Y113.918 E1.35584
G1 X74.471 Y113.87 E.00637
;WIDTH:0.665847
G1 X74.363 Y113.823 E.00597
;WIDTH:0.624385
G1 X74.256 Y113.775 E.00557
;WIDTH:0.582923
G1 X74.148 Y113.727 E.00518
;WIDTH:0.541461
G1 X74.041 Y113.68 E.00478
;WIDTH:0.499999
G1 X73.664 Y113.357 E.01847
G1 X73.482 Y112.991 E.01523
G1 X73.436 Y112.671 E.01204
G1 X73.436 Y107.329 E.199
G1 X73.448 Y107.24 E.00333
G1 X73.902 Y107.265 F3600
G1 F900
G1 X73.92 Y107.137 E.00482
G1 X74.03 Y106.917 E.00914
G1 X74.256 Y106.724 E.01108
G1 X74.579 Y106.643 E.01239
G1 X99.421 Y106.643 E.9253
G1 X99.744 Y106.724 E.01239
G1 X99.97 Y106.917 E.01108
G1 X100.107 Y107.191 E.01142
G1 X100.107 Y112.671 E.20411
G1 X100.08 Y112.863 E.00722
G1 X99.97 Y113.083 E.00914
G1 X99.744 Y113.276 E.01108
G1 X99.421 Y113.357 E.01239
G1 X74.579 Y113.357 E.9253
G1 X74.256 Y113.276 E.01239
G1 X74.03 Y113.083 E.01108
G1 X73.92 Y112.863 E.00914
G1 X73.893 Y112.671 E.00722
G1 X73.893 Y107.329 E.199
G1 X73.896 Y107.304 E.00092
G1 X74.35 Y107.329 F3600
;TYPE:Outer wall
G1 F900
G1 X74.396 Y107.191 E.00538
G1 X74.545 Y107.1 E.00651
G1 X99.421 Y107.1 E.92657
G1 X99.604 Y107.191 E.00761
G1 X99.65 Y107.283 E.00381
G1 X99.65 Y112.671 E.20071
G1 X99.604 Y112.809 E.00538
G1 X99.455 Y112.9 E.00651
G1 X74.579 Y112.9 E.92657
G1 X74.396 Y112.809 E.00761
G1 X74.35 Y112.671 E.00538
G1 X74.35 Y107.369 E.19751
G1 E-4.5 F2700
;WIPE_START
G1 F900
G1 X74.396 Y107.191 E-.04345
G1 X74.545 Y107.1 E-.04151
G1 X76.187 Y107.1 E-.39005
;WIPE_END
G1 E-.025 F2700
G1 X73.238 Y105.451 Z.6 F3600
G1 Z.2
G1 E5 F2400
;TYPE:Bottom surface
;WIDTH:0.512388
G1 F1200
G1 X73.837 Y106.05 E.03241
G1 X73.48 Y106.357 E.01801
G1 X72.78 Y105.657 E.03787
G1 X72.116 Y105.657 E.0254
G1 X73.224 Y106.765 E.05995
G1 X73.152 Y106.91 E.0062
G1 X73.096 Y107.301 E.0151
G1 X71.452 Y105.657 E.08893
G1 X70.788 Y105.657 E.0254
G1 X73.093 Y107.962 E.1247
G1 X73.093 Y108.626 E.0254
G1 X70.124 Y105.657 E.16062
G1 X69.46 Y105.657 E.0254
G1 X73.093 Y109.29 E.19654
G1 X73.093 Y109.954 E.0254
G1 X68.796 Y105.657 E.23246
G1 X68.132 Y105.657 E.0254
G1 X73.093 Y110.618 E.26838
G1 X73.093 Y111.281 E.0254
G1 X67.468 Y105.657 E.3043
G1 X66.805 Y105.657 E.0254
M73 P5 R25
G1 X73.093 Y111.945 E.34022
G1 X73.093 Y112.609 E.0254
G1 X66.141 Y105.657 E.37614
G1 X65.657 Y105.657 E.0185
G1 X65.657 Y105.837 E.00689
G1 X74.082 Y114.262 E.45581
G1 X73.775 Y114.343 E.01216
G1 X73.499 Y114.343 E.01054
G1 X65.657 Y106.501 E.42426
G1 X65.657 Y107.165 E.0254
G1 X72.835 Y114.343 E.38834
G1 X72.171 Y114.343 E.0254
G1 X65.657 Y107.829 E.35242
G1 X65.657 Y108.493 E.0254
G1 X71.507 Y114.343 E.3165
G1 X70.843 Y114.343 E.0254
G1 X65.657 Y109.157 E.28058
G1 X65.657 Y109.821 E.0254
G1 X70.179 Y114.343 E.24467
G1 X69.515 Y114.343 E.0254
G1 X65.657 Y110.485 E.20875
G1 X65.657 Y111.149 E.0254
G1 X68.851 Y114.343 E.17283
G1 X68.187 Y114.343 E.0254
G1 X65.657 Y111.813 E.13691
G1 X65.657 Y112.476 E.0254
G1 X67.524 Y114.343 E.10099
G1 X66.86 Y114.343 E.0254
G1 X65.657 Y113.14 E.06507
G1 X65.657 Y113.804 E.0254
G1 X66.401 Y114.549 E.04028
G1 E-4.5 F2700
;WIPE_START
G1 F1200
G1 X65.657 Y113.804 E-.25004
G1 X65.657 Y113.14 E-.15768
G1 X65.857 Y113.341 E-.06728
;WIPE_END
G1 E-.025 F2700
G1 X71.541 Y108.246 Z.6 F3600
G1 X74.192 Y105.87 Z.6
G1 Z.2
G1 E5 F2400
;TYPE:Gap infill
;WIDTH:0.259193
G1 F900
G1 X74.03 Y105.761 E.00343
;WIDTH:0.211698
G1 X73.869 Y105.652 E.00268
;WIDTH:0.187951
G1 X73.707 Y105.543 E.0023
G1 E-4.5 F2700
;WIPE_START
G1 F900
G1 X73.869 Y105.652 E-.475
;WIPE_END
G1 E-.025 F2700
G1 X81.501 Y105.608 Z.6 F3600
G1 X108.553 Y105.451 Z.6
G1 Z.2
G1 E5 F2400
;TYPE:Bottom surface
;WIDTH:0.50279
G1 F1200
G1 X109.058 Y105.956 E.02675
G1 X108.748 Y106.297 E.01725
G1 X108.108 Y105.657 E.03392
G1 X107.458 Y105.657 E.02437
G1 X108.45 Y106.649 E.05259
G1 X108.198 Y107.047 E.01766
G1 X106.808 Y105.657 E.07368
G1 X106.157 Y105.657 E.02437
G1 X107.954 Y107.454 E.09523
G1 X107.832 Y107.711 E.01066
G1 X107.761 Y107.911 E.00796
G1 X105.507 Y105.657 E.11944
G1 X104.857 Y105.657 E.02437
G1 X107.589 Y108.39 E.14482
G1 X107.485 Y108.763 E.01452
G1 X107.463 Y108.913 E.0057
G1 X104.206 Y105.657 E.17257
G1 X103.556 Y105.657 E.02437
G1 X107.379 Y109.48 E.20259
G1 X107.35 Y109.863 E.01439
G1 X107.362 Y110.113 E.0094
G1 X102.906 Y105.657 E.23616
G1 X102.255 Y105.657 E.02437
G1 X107.408 Y110.81 E.27307
G1 X107.431 Y110.968 E.00599
G1 X107.604 Y111.656 E.02658
G1 X101.605 Y105.657 E.31791
G1 X100.954 Y105.657 E.02437
G1 X108.081 Y112.783 E.37766
G1 X108.225 Y113.025 E.01056
G1 X108.719 Y113.691 E.03107
G1 X108.907 Y113.898 E.01049
G1 X109.398 Y114.343 E.02482
G1 X108.99 Y114.343 E.01528
G1 X100.304 Y105.657 E.46033
G1 X100.226 Y105.657 E.00295
G1 X99.773 Y105.776 E.01754
G1 X108.34 Y114.343 E.45403
G1 X107.69 Y114.343 E.02437
G1 X100.907 Y107.56 E.35945
G1 X100.907 Y108.211 E.02437
G1 X107.039 Y114.343 E.32499
G1 X106.389 Y114.343 E.02437
G1 X100.907 Y108.861 E.29052
G1 X100.907 Y109.512 E.02437
G1 X105.739 Y114.343 E.25605
G1 X105.088 Y114.343 E.02437
G1 X100.907 Y110.162 E.22159
G1 X100.907 Y110.812 E.02437
G1 X104.438 Y114.343 E.18712
G1 X103.787 Y114.343 E.02437
G1 X100.907 Y111.463 E.15266
G1 X100.907 Y112.113 E.02437
M73 P6 R25
G1 X103.137 Y114.343 E.11819
G1 X102.487 Y114.343 E.02437
G1 X100.896 Y112.753 E.08428
G1 X100.848 Y113.09 E.01276
G1 X100.76 Y113.267 E.0074
G1 X101.836 Y114.343 E.05705
G1 X101.186 Y114.343 E.02437
G1 X100.502 Y113.659 E.03626
G1 X100.152 Y113.959 E.01728
G1 X100.741 Y114.549 E.03125
G1 E-4.5 F2700
;WIPE_START
G1 F1200
G1 X100.152 Y113.959 E-.19807
G1 X100.502 Y113.659 E-.10954
G1 X101 Y114.157 E-.16738
;WIPE_END
G1 E-.025 F2700
G1 X107.952 Y112.297 Z.6 F3600
G1 Z.2
G1 E5 F2400
;TYPE:Gap infill
;WIDTH:0.115134
G1 F900
G1 X107.888 Y112.207 E.00065
;WIDTH:0.149862
G1 X107.825 Y112.116 E.00096
;WIDTH:0.188252
G1 X107.667 Y111.884 E.00332
G1 E-4.5 F2700
;WIPE_START
G1 F900
G1 X107.825 Y112.116 E-.475
;WIPE_END
G1 E-.025 F2700
G1 X100.535 Y114.379 Z.6 F3600
G1 X100.284 Y114.457 Z.6
G1 Z.2
G1 E5 F2400
;WIDTH:0.154205
G1 F900
G1 X100.124 Y114.349 E.00175
;WIDTH:0.202594
G1 X99.965 Y114.241 E.00251
;WIDTH:0.226789
G1 X99.805 Y114.134 E.00289
G1 E-4.5 F2700
;WIPE_START
G1 F900
G1 X99.965 Y114.241 E-.475
;WIPE_END
G1 E-.025 F2700
G1 X107.164 Y111.707 Z.6 F3600
G1 X124.927 Y105.454 Z.6
G1 Z.2
G1 E5 F2400
;TYPE:Bottom surface
;WIDTH:0.511202
G1 F1200
G1 X125.385 Y105.912 E.0247
G1 X125.155 Y106.345 E.01869
G1 X124.47 Y105.66 E.03697
G1 X123.808 Y105.66 E.02528
G1 X124.964 Y106.816 E.0624
G1 X124.786 Y107.3 E.01969
G1 X123.145 Y105.659 E.08855
G1 X122.483 Y105.659 E.02528
G1 X124.646 Y107.823 E.11675
G1 X124.506 Y108.345 E.02064
G1 X121.82 Y105.659 E.14495
G1 X121.158 Y105.659 E.02528
G1 X124.418 Y108.919 E.17597
G1 X124.385 Y109.151 E.00895
G1 X124.366 Y109.529 E.01443
G1 X120.495 Y105.658 E.20889
G1 X119.833 Y105.658 E.02528
G1 X124.356 Y110.181 E.24408
G1 X124.406 Y110.894 E.02725
G1 X119.17 Y105.658 E.28254
G1 X118.508 Y105.658 E.02528
G1 X124.526 Y111.676 E.32477
G1 X124.631 Y112.202 E.02045
G1 X124.75 Y112.562 E.01448
G1 X117.845 Y105.657 E.3726
G1 X117.183 Y105.657 E.02528
G1 X125.162 Y113.637 E.43061
G1 X125.521 Y114.34 E.03013
G1 X125.203 Y114.34 E.01215
G1 X117.592 Y106.728 E.41075
G1 X117.775 Y106.975 E.01171
G1 X117.919 Y107.215 E.01069
G1 X118.273 Y107.965 E.03163
G1 X118.333 Y108.132 E.00678
G1 X124.541 Y114.34 E.33503
G1 X123.879 Y114.34 E.02526
G1 X118.568 Y109.029 E.28662
G1 X118.608 Y109.281 E.00972
G1 X118.63 Y109.753 E.01805
G1 X123.217 Y114.341 E.24757
G1 X122.555 Y114.341 E.02526
G1 X118.629 Y110.414 E.21189
G1 X118.548 Y110.996 E.02242
G1 X121.893 Y114.341 E.1805
G1 X121.231 Y114.341 E.02526
G1 X118.434 Y111.545 E.15093
G1 X118.26 Y112.032 E.01977
G1 X120.569 Y114.342 E.12462
G1 X119.907 Y114.342 E.02526
G1 X118.067 Y112.502 E.09929
G1 X117.822 Y112.919 E.01846
G1 X119.245 Y114.342 E.07678
G1 X118.583 Y114.342 E.02526
G1 X117.568 Y113.327 E.0548
G1 X117.266 Y113.687 E.01794
G1 X117.921 Y114.343 E.03536
G1 X117.259 Y114.343 E.02526
G1 X116.805 Y113.889 E.02448
G1 E-4.5 F2700
;WIPE_START
G1 F1200
G1 X117.259 Y114.343 E-.15239
G1 X117.921 Y114.343 E-.15723
G1 X117.429 Y113.85 E-.16538
;WIPE_END
G1 E-.025 F2700
G1 X116.982 Y106.231 Z.6 F3600
G1 X116.941 Y105.543 Z.6
G1 Z.2
G1 E5 F2400
;TYPE:Gap infill
;WIDTH:0.310161
G1 F900
G1 X116.84 Y105.626 E.00285
;WIDTH:0.352112
G1 X116.739 Y105.71 E.0033
G1 X116.808 Y105.81 E.00307
;WIDTH:0.313682
G1 X117.107 Y106.096 E.00912
G1 X117.484 Y106.512 E.01239
G1 E-4.5 F2700
;WIPE_START
G1 F900
G1 X117.107 Y106.096 E-.2735
G1 X116.808 Y105.81 E-.2015
;WIPE_END
G1 E-.025 F2700
G1 X123.931 Y108.552 Z.6 F3600
G1 X139.876 Y114.688 Z.6
G1 Z.2
G1 E5 F2400
;TYPE:Inner wall
;WIDTH:0.499999
G1 F900
G1 X140.358 Y113.869 E.03538
G1 X140.702 Y113.129 E.03039
G1 X140.978 Y112.332 E.03141
G1 X141.227 Y111.221 E.04244
G1 X141.317 Y110 E.04558
G1 X141.228 Y108.788 E.04526
G1 X141.042 Y107.899 E.03383
G1 X140.684 Y106.817 E.04244
G1 X140.172 Y105.8 E.04244
G1 X139.855 Y105.312 E.02164
G1 X154.686 Y105.314 E.55238
G1 X154.686 Y114.686 E.34907
M73 P6 R24
G1 X139.916 Y114.688 E.55014
G1 E-4.5 F2700
;WIPE_START
M73 P7 R24
G1 F900
G1 X140.358 Y113.869 E-.22091
G1 X140.702 Y113.129 E-.19376
G1 X140.785 Y112.889 E-.06034
;WIPE_END
G1 E-.025 F2700
G1 X138.861 Y115.186 Z.6 F3600
G1 Z.2
G1 E5 F2400
G1 F900
G1 X139.084 Y114.955 E.01195
G1 X139.551 Y114.337 E.02885
G1 X139.945 Y113.674 E.02873
G1 X140.271 Y112.975 E.02872
G1 X140.532 Y112.232 E.02933
G1 X140.774 Y111.153 E.04118
G1 X140.859 Y110 E.04307
G1 X140.774 Y108.853 E.04284
G1 X140.608 Y108.043 E.03082
G1 X140.261 Y106.993 E.04118
G1 X139.743 Y105.964 E.0429
G1 X139.266 Y105.268 E.03145
G1 X138.863 Y104.825 E.02228
G1 X139.589 Y104.855 E.02705
G1 X155.143 Y104.857 E.57934
G1 X155.143 Y115.143 E.38311
G1 X139.549 Y115.146 E.58083
G1 X138.901 Y115.184 E.02417
G1 E-4.5 F2700
;WIPE_START
G1 F900
G1 X139.084 Y114.955 E-.06954
G1 X139.551 Y114.337 E-.18399
G1 X139.945 Y113.674 E-.1832
G1 X140.013 Y113.528 E-.03828
;WIPE_END
G1 E-.025 F2700
G1 X137.409 Y115.75 Z.6 F3600
G1 Z.2
G1 E5 F2400
;TYPE:Outer wall
G1 F900
G1 X138.345 Y115.034 E.0439
G1 X138.72 Y114.678 E.01927
G1 X139.159 Y114.102 E.02695
G1 X139.531 Y113.478 E.02705
G1 X139.841 Y112.821 E.02705
G1 X140.086 Y112.132 E.02725
G1 X140.321 Y111.086 E.03993
G1 X140.401 Y110 E.04056
G1 X140.321 Y108.917 E.04047
G1 X140.174 Y108.186 E.02776
G1 X139.837 Y107.168 E.03993
G1 X139.349 Y106.197 E.04048
G1 X138.927 Y105.575 E.02799
G1 X138.418 Y105.022 E.02803
G1 X137.851 Y104.614 E.026
G1 X137.385 Y104.25 E.02201
G1 X138.075 Y104.25 E.02567
G1 X138.57 Y104.339 E.01876
G1 X139.085 Y104.386 E.01924
G1 X139.589 Y104.398 E.01877
G1 X155.6 Y104.4 E.59636
G1 X155.6 Y115.6 E.41716
G1 X139.575 Y115.602 E.59686
G1 X138.578 Y115.66 E.03721
G1 X138.075 Y115.75 E.01905
G1 X137.449 Y115.75 E.02329
G1 E-4.5 F2700
;WIPE_START
G1 F900
G1 X138.345 Y115.034 E-.27241
G1 X138.72 Y114.678 E-.12285
G1 X138.924 Y114.411 E-.07974
;WIPE_END
G1 E-.025 F2700
G1 X145.439 Y110.435 Z.6 F3600
G1 X153.609 Y105.451 Z.6
G1 Z.2
G1 E5 F2400
;TYPE:Bottom surface
;WIDTH:0.50723
G1 F1200
G1 X154.343 Y106.185 E.03926
G1 X154.343 Y106.841 E.02484
G1 X153.158 Y105.657 E.06339
G1 X152.502 Y105.657 E.02485
G1 X154.343 Y107.498 E.09853
G1 X154.343 Y108.155 E.02484
G1 X151.845 Y105.657 E.13367
G1 X151.188 Y105.656 E.02485
G1 X154.343 Y108.811 E.16881
G1 X154.343 Y109.468 E.02484
G1 X150.532 Y105.656 E.20395
G1 X149.875 Y105.656 E.02485
G1 X154.343 Y110.125 E.23908
G1 X154.343 Y110.781 E.02484
G1 X149.218 Y105.656 E.27422
G1 X148.561 Y105.656 E.02485
G1 X154.343 Y111.438 E.30936
G1 X154.343 Y112.094 E.02484
G1 X147.905 Y105.656 E.3445
G1 X147.248 Y105.656 E.02485
G1 X154.343 Y112.751 E.37964
G1 X154.343 Y113.408 E.02484
G1 X146.591 Y105.656 E.41478
G1 X145.935 Y105.656 E.02485
G1 X154.343 Y114.064 E.44991
G1 X154.343 Y114.343 E.01055
G1 X153.965 Y114.343 E.01429
G1 X145.278 Y105.656 E.46484
G1 X144.621 Y105.656 E.02485
G1 X153.309 Y114.343 E.46485
G1 X152.652 Y114.343 E.02484
M73 P8 R24
G1 X143.964 Y105.656 E.46486
G1 X143.308 Y105.656 E.02485
G1 X151.996 Y114.343 E.46486
G1 X151.339 Y114.344 E.02484
G1 X142.651 Y105.656 E.46487
G1 X141.994 Y105.655 E.02485
G1 X150.683 Y114.344 E.46488
G1 X150.026 Y114.344 E.02484
G1 X141.338 Y105.656 E.46485
G1 X140.684 Y105.658 E.02475
G1 X149.369 Y114.344 E.46472
G1 X148.713 Y114.344 E.02484
G1 X140.948 Y106.579 E.41547
G1 X141.035 Y106.786 E.00848
G1 X141.3 Y107.587 E.03193
G1 X148.056 Y114.344 E.36153
G1 X147.4 Y114.344 E.02484
G1 X141.497 Y108.442 E.31582
G1 X141.575 Y108.832 E.01505
G1 X141.601 Y109.202 E.01404
G1 X146.743 Y114.344 E.27514
G1 X146.087 Y114.344 E.02484
G1 X141.651 Y109.908 E.23734
G1 X141.62 Y110.534 E.02369
G1 X145.43 Y114.344 E.20388
G1 X144.773 Y114.344 E.02484
G1 X141.576 Y111.147 E.17107
G1 X141.471 Y111.699 E.02124
G1 X144.117 Y114.344 E.14156
G1 X143.46 Y114.344 E.02484
G1 X141.351 Y112.235 E.11287
G1 X141.311 Y112.414 E.00695
G1 X141.196 Y112.737 E.01296
G1 X142.804 Y114.344 E.08601
G1 X142.147 Y114.345 E.02484
G1 X141.025 Y113.222 E.06006
G1 X140.826 Y113.68 E.01889
G1 X141.491 Y114.345 E.03555
G1 X140.834 Y114.345 E.02484
G1 X140.458 Y113.968 E.02014
G1 E-4.5 F2700
;WIPE_START
G1 F1200
G1 X140.834 Y114.345 E-.12643
G1 X141.491 Y114.345 E-.15593
G1 X140.917 Y113.771 E-.19264
;WIPE_END
G1 E-.025 F2700
G1 X140.86 Y106.356 Z.6 F3600
G1 Z.2
G1 E5 F2400
;TYPE:Gap infill
;WIDTH:0.256949
G1 F900
G1 X140.753 Y106.209 E.00317
;WIDTH:0.211469
G1 X140.646 Y106.062 E.0025
;WIDTH:0.16599
G1 X140.539 Y105.915 E.00182
;WIDTH:0.14325
G1 X140.432 Y105.768 E.00149
; stop printing object 05_probe_bridge.stl id:0 copy 0
;TIME_ELAPSED:138.262238

M106 S255
;LAYER_CHANGE
;:0.4
;HEIGHT:0.2
;BEFORE_LAYER_CHANGE
;0.4
G92 E0
;TIME_ELAPSED:177.177185
G1 E-4.5 F2700
;WIPE_START
G1 F900
G1 X140.539 Y105.915 E-.475
;WIPE_END
G1 E-.025 F2700
;_SET_FAN_SPEED_CHANGING_LAYER
M205 X10 Y10
M205 X8 Y8
G17
G3 Z.6 I1.217 J0 P1  F7200
G1 X140.539 Y98.543 Z.6
G1 Z.4
G1 E5 F2400
M205 X10 Y10
;TYPE:Skirt
;WIDTH:0.5
G1 F3000
G1 X156 Y98.543 E.57586
G1 X158.042 Y98.939 E.07747
G1 X159.787 Y100.071 E.07747
G1 X160.982 Y101.773 E.07747
G1 X161.457 Y104 E.08482
G1 X161.457 Y116 E.44695
G1 X161.061 Y118.042 E.07747
G1 X159.929 Y119.787 E.07747
G1 X158.227 Y120.982 E.07747
G1 X156 Y121.457 E.08482
G1 X64 Y121.457 E3.42665
G1 X61.958 Y121.061 E.07747
G1 X60.213 Y119.929 E.07747
G1 X59.018 Y118.227 E.07747
G1 X58.543 Y116 E.08482
G1 X58.543 Y104 E.44695
G1 X58.939 Y101.958 E.07747
G1 X60.071 Y100.213 E.07747
G1 X61.773 Y99.018 E.07747
G1 X64 Y98.543 E.08482
G1 X140.499 Y98.543 E2.8493
; OBJECT_ID: 15
; printing object 05_probe_bridge.stl id:0 copy 0
G1 E-4.5 F2700
;WIPE_START
G1 F3000
G1 X142.499 Y98.543 E-.475
;WIPE_END
G1 E-.025 F2700
M205 X8 Y8
G1 X135.77 Y102.144 Z.8 F7200
G1 X111.87 Y114.934 Z.8
G1 Z.4
M73 P9 R24
G1 E5 F2400
M205 X10 Y10
;TYPE:Inner wall
;WIDTH:0.563484
G1 F2700
G1 X111.766 Y114.949 E.00444
;WIDTH:0.533862
G1 X111.662 Y114.964 E.00419
;WIDTH:0.504239
G1 X111.268 Y114.977 E.01483
;WIDTH:0.477119
G1 X110.874 Y114.991 E.01395
;WIDTH:0.449999
G1 X65.009 Y114.991 E1.52142
G1 X65.009 Y105.009 E.33111
G1 X111.375 Y105.009 E1.53803
;WIDTH:0.490344
G1 X112.166 Y105.048 E.02888
;WIDTH:0.48298
G1 X111.223 Y105.321 E.0352
;WIDTH:0.449999
G1 X110.344 Y105.757 E.03255
G1 X109.567 Y106.357 E.03255
G1 X108.923 Y107.097 E.03255
G1 X108.435 Y107.948 E.03255
G1 X108.122 Y108.878 E.03255
G1 X107.997 Y109.851 E.03255
G1 X108.064 Y110.83 E.03255
G1 X108.321 Y111.777 E.03255
G1 X108.757 Y112.656 E.03255
G1 X109.357 Y113.432 E.03255
G1 X110.097 Y114.077 E.03255
G1 X110.948 Y114.565 E.03255
;WIDTH:0.487828
G1 X111.255 Y114.688 E.012
;WIDTH:0.525656
G1 X111.562 Y114.811 E.01302
;WIDTH:0.563484
G1 X111.832 Y114.919 E.01234
G1 E-4.5
;WIPE_START
G1 X111.766 Y114.949 E-.01729
G1 X111.662 Y114.964 E-.02486
G1 X111.268 Y114.977 E-.09367
G1 X110.874 Y114.991 E-.09367
G1 X109.84 Y114.991 E-.24551
;WIPE_END
G1 E-.025
M205 X8 Y8
G1 X102.402 Y113.282 Z.8 F7200
G1 X74.07 Y106.773 Z.8
G1 Z.4
G1 E5 F2400
M205 X10 Y10
;WIDTH:0.449999
G1 F2700
G1 X74.264 Y106.607 E.00846
G1 X74.601 Y106.491 E.01183
G1 X99.271 Y106.491 E.81836
G1 X99.736 Y106.607 E.01589
G1 X100.062 Y106.886 E.01421
G1 X100.22 Y107.202 E.01172
G1 X100.259 Y107.479 E.00927
G1 X100.259 Y112.521 E.16728
G1 X100.22 Y112.798 E.00927
G1 X100.062 Y113.114 E.01172
G1 X99.736 Y113.393 E.01421
G1 X99.399 Y113.509 E.01183
G1 X74.729 Y113.509 E.81836
G1 X74.264 Y113.393 E.01589
G1 X73.938 Y113.114 E.01421
G1 X73.78 Y112.798 E.01172
G1 X73.741 Y112.521 E.00927
G1 X73.741 Y107.479 E.16728
G1 X73.78 Y107.202 E.00927
G1 X73.938 Y106.886 E.01172
G1 X74.04 Y106.799 E.00442
M205 X8 Y8
G1 X74.329 Y107.075 F7200
M205 X10 Y10
G1 F2700
G1 X74.455 Y106.966 E.00553
G1 X74.729 Y106.898 E.00934
G1 X99.271 Y106.898 E.81413
G1 X99.545 Y106.966 E.00934
G1 X99.736 Y107.13 E.00836
G1 X99.852 Y107.362 E.00861
G1 X99.852 Y108.916 E.05155
G1 X99.852 Y112.521 E.11959
G1 X99.829 Y112.684 E.00545
G1 X99.736 Y112.87 E.00689
G1 X99.545 Y113.034 E.00836
G1 X99.271 Y113.102 E.00934
G1 X74.729 Y113.102 E.81413
G1 X74.455 Y113.034 E.00934
G1 X74.264 Y112.87 E.00836
G1 X74.148 Y112.638 E.00861
G1 X74.148 Y107.479 E.17113
G1 X74.171 Y107.316 E.00545
G1 X74.264 Y107.13 E.00689
G1 X74.298 Y107.101 E.00149
M205 X8 Y8
G1 X74.578 Y107.365 F7200
M205 X10 Y10
;TYPE:Outer wall
;WIDTH:0.419999
G1 F2400
G1 X74.729 Y107.29 E.00518
G1 X99.271 Y107.29 E.75413
G1 X99.422 Y107.365 E.00518
G1 X99.46 Y107.479 E.00366
G1 X99.46 Y112.521 E.15495
G1 X99.422 Y112.635 E.00366
G1 X99.271 Y112.71 E.00518
G1 X74.729 Y112.71 E.75413
G1 X74.578 Y112.635 E.00518
G1 X74.54 Y112.521 E.00366
G1 X74.54 Y107.479 E.15495
G1 X74.565 Y107.403 E.00243
G1 E-4.5 F2700
;WIPE_START
G1 F2400
G1 X74.729 Y107.29 E-.04725
G1 X76.53 Y107.29 E-.42775
;WIPE_END
G1 E-.025 F2700
M205 X8 Y8
G1 X84.018 Y108.768 Z.8 F7200
G1 X114.452 Y114.773 Z.8
G1 Z.4
G1 E5 F2400
M205 X10 Y10
;TYPE:Inner wall
;WIDTH:0.48298
G1 F2700
G1 X114.777 Y114.679 E.01213
;WIDTH:0.449999
G1 X115.656 Y114.243 E.03255
G1 X116.432 Y113.643 E.03255
G1 X117.077 Y112.903 E.03255
G1 X117.565 Y112.052 E.03255
G1 X117.878 Y111.122 E.03255
G1 X117.994 Y110.342 E.02615
G1 X117.993 Y109.937 E.01343
G1 X117.936 Y109.17 E.02553
G1 X117.679 Y108.223 E.03255
G1 X117.243 Y107.344 E.03255
G1 X116.643 Y106.568 E.03255
G1 X115.903 Y105.923 E.03255
G1 X115.052 Y105.435 E.03255
;WIDTH:0.487827
G1 X114.745 Y105.312 E.012
;WIDTH:0.525655
G1 X114.438 Y105.189 E.01302
;WIDTH:0.563482
G1 X114.13 Y105.066 E.01404
G1 X114.234 Y105.051 E.00444
;WIDTH:0.53386
G1 X114.338 Y105.036 E.00419
;WIDTH:0.504238
G1 X114.732 Y105.023 E.01483
;WIDTH:0.477119
G1 X115.126 Y105.009 E.01395
;WIDTH:0.449999
G1 X126.74 Y105.009 E.38527
G1 X126.315 Y105.591 E.02393
G1 X125.905 Y106.29 E.02686
G1 X125.46 Y107.292 E.03639
G1 X125.22 Y108.103 E.02804
G1 X125.069 Y108.891 E.0266
G1 X125.007 Y109.532 E.02138
G1 X125.04 Y110.862 E.04413
G1 X125.161 Y111.633 E.02589
G1 X125.456 Y112.699 E.03669
G1 X125.931 Y113.769 E.03883
G1 X126.379 Y114.504 E.02855
G1 X126.74 Y114.991 E.02012
G1 X114.625 Y114.991 E.40188
;WIDTH:0.490344
G1 X113.764 Y114.971 E.0314
G1 X113.834 Y114.952 E.00264
;WIDTH:0.48298
G1 X114.414 Y114.784 E.02164
G1 E-4.5
;WIPE_START
G1 X114.777 Y114.679 E-.08985
G1 X115.656 Y114.243 E-.23304
G1 X116.163 Y113.851 E-.15212
;WIPE_END
G1 E-.025
M205 X8 Y8
G1 X123.727 Y114.869 Z.8 F7200
G1 X127.644 Y115.396 Z.8
G1 Z.4
G1 E5 F2400
M205 X10 Y10
;WIDTH:0.449999
G1 F2700
G1 X64.602 Y115.398 E2.09122
G1 X64.602 Y104.602 E.35812
G1 X127.649 Y104.602 E2.09138
G1 X127.106 Y105.2 E.0268
M73 P10 R24
G1 X126.664 Y105.801 E.02474
G1 X126.277 Y106.455 E.02521
G1 X125.843 Y107.433 E.0355
G1 X125.619 Y108.182 E.02593
G1 X125.475 Y108.93 E.02529
G1 X125.412 Y109.572 E.02138
G1 X125.442 Y110.802 E.04083
G1 X125.554 Y111.524 E.02424
G1 X125.841 Y112.561 E.03569
G1 X126.292 Y113.579 E.03693
G1 X126.706 Y114.261 E.02646
G1 X127.142 Y114.844 E.02415
G1 X127.617 Y115.367 E.02344
G1 E-4.5
;WIPE_START
G1 X125.617 Y115.368 E-.475
;WIPE_END
G1 E-.025
M205 X8 Y8
G1 X128.731 Y115.79 Z.8 F7200
G1 Z.4
G1 E5 F2400
M205 X10 Y10
;TYPE:Outer wall
;WIDTH:0.419999
G1 X64.21 Y115.79 E1.98254
G1 X64.21 Y104.21 E.35582
G1 X128.692 Y104.214 E1.98134
G1 X127.903 Y104.9 E.03211
G1 X127.421 Y105.434 E.0221
G1 X127 Y106.002 E.02173
G1 X126.635 Y106.613 E.02187
G1 X126.212 Y107.569 E.03211
G1 X126.004 Y108.257 E.0221
G1 X125.865 Y108.968 E.02226
G1 X125.802 Y109.61 E.01981
G1 X125.83 Y110.745 E.03488
G1 X125.932 Y111.42 E.02098
G1 X126.211 Y112.429 E.03217
G1 X126.64 Y113.397 E.03254
G1 X127.02 Y114.027 E.02262
G1 X127.432 Y114.581 E.0212
G1 X127.909 Y115.105 E.02176
G1 X128.419 Y115.567 E.02116
G1 X128.698 Y115.767 E.01055
G1 E-4.5 F2700
;WIPE_START
G1 F2400
G1 X126.698 Y115.767 E-.475
;WIPE_END
G1 E-.025 F2700
M205 X8 Y8
G1 X119.113 Y114.919 Z.8 F7200
G1 X114.33 Y114.383 Z.8
G1 Z.4
G1 E5 F2400
M205 X10 Y10
;TYPE:Inner wall
;WIDTH:0.449999
G1 F2700
G1 X113.731 Y114.541 E.02055
G1 X112.831 Y114.597 E.02991
G1 X111.938 Y114.475 E.02991
G1 X111.085 Y114.182 E.02991
G1 X110.306 Y113.728 E.02991
G1 X109.63 Y113.131 E.02991
G1 X109.084 Y112.413 E.02991
G1 X108.689 Y111.603 E.02991
G1 X108.459 Y110.731 E.02991
G1 X108.403 Y109.831 E.02991
G1 X108.525 Y108.938 E.02991
G1 X108.818 Y108.085 E.02991
G1 X109.272 Y107.306 E.02991
G1 X109.869 Y106.63 E.02991
G1 X110.587 Y106.084 E.02991
G1 X111.397 Y105.689 E.02991
G1 X112.269 Y105.459 E.02991
G1 X113.169 Y105.403 E.02991
G1 X114.062 Y105.525 E.02991
G1 X114.915 Y105.818 E.02991
G1 X115.694 Y106.272 E.02991
G1 X116.37 Y106.869 E.02991
G1 X116.916 Y107.587 E.02991
G1 X117.311 Y108.397 E.02991
G1 X117.541 Y109.269 E.02991
G1 X117.591 Y110.283 E.03367
G1 X117.475 Y111.062 E.02615
G1 X117.182 Y111.915 E.02991
G1 X116.728 Y112.694 E.02991
G1 X116.131 Y113.37 E.02991
G1 X115.413 Y113.916 E.02991
G1 X114.603 Y114.311 E.02991
G1 X114.369 Y114.373 E.00803
M205 X8 Y8
G1 X114.232 Y114.009 F7200
M205 X10 Y10
;TYPE:Outer wall
;WIDTH:0.419999
G1 F2400
G1 X113.636 Y114.161 E.0189
G1 X112.812 Y114.205 E.02535
G1 X111.995 Y114.087 E.02535
G1 X111.217 Y113.813 E.02535
G1 X110.507 Y113.392 E.02535
G1 X109.894 Y112.84 E.02535
G1 X109.399 Y112.18 E.02535
G1 X109.043 Y111.435 E.02535
G1 X108.839 Y110.636 E.02535
G1 X108.795 Y109.812 E.02535
G1 X108.913 Y108.995 E.02535
G1 X109.187 Y108.217 E.02535
G1 X109.608 Y107.507 E.02535
G1 X110.16 Y106.894 E.02535
G1 X110.82 Y106.399 E.02536
G1 X111.565 Y106.043 E.02535
G1 X112.364 Y105.839 E.02535
G1 X113.188 Y105.795 E.02535
G1 X114.005 Y105.913 E.02535
G1 X114.783 Y106.187 E.02535
G1 X115.493 Y106.608 E.02535
G1 X116.106 Y107.16 E.02535
G1 X116.601 Y107.82 E.02535
G1 X116.957 Y108.565 E.02535
G1 X117.161 Y109.364 E.02535
G1 X117.203 Y110.225 E.02648
G1 X117.087 Y111.005 E.02422
G1 X116.813 Y111.783 E.02535
G1 X116.392 Y112.493 E.02535
G1 X115.84 Y113.106 E.02535
G1 X115.18 Y113.601 E.02535
G1 X114.435 Y113.957 E.02535
G1 X114.271 Y113.999 E.00523
G1 E-4.5 F2700
;WIPE_START
G1 F2400
G1 X113.636 Y114.161 E-.15556
G1 X112.812 Y114.205 E-.19597
G1 X112.297 Y114.131 E-.12347
;WIPE_END
G1 E-.025 F2700
M205 X8 Y8
G1 X111.87 Y114.934 Z.8 F7200
G1 Z.4
G1 E5 F2400
M205 X10 Y10
;TYPE:Inner wall
;WIDTH:0.563484
G1 F2700
G1 X112.197 Y114.955 E.0139
;WIDTH:0.52155
G1 X112.524 Y114.976 E.01278
;WIDTH:0.479616
G1 X112.851 Y114.997 E.01166
;WIDTH:0.464013
G1 X113.308 Y114.984 E.01568
;WIDTH:0.490344
G1 X113.764 Y114.971 E.01666
G1 E-4.5
;WIPE_START
G1 X113.308 Y114.984 E-.1144
G1 X112.851 Y114.997 E-.1144
G1 X112.524 Y114.976 E-.08207
G1 X112.197 Y114.955 E-.08207
G1 X111.87 Y114.934 E-.08207
;WIPE_END
G1 E-.025
M205 X8 Y8
G1 X113.574 Y107.494 Z.8 F7200
G1 X114.13 Y105.066 Z.8
G1 Z.4
G1 E5 F2400
M205 X10 Y10
;WIDTH:0.563482
G1 F2700
G1 X113.803 Y105.045 E.0139
;WIDTH:0.521549
G1 X113.476 Y105.024 E.01278
;WIDTH:0.479616
G1 X113.149 Y105.003 E.01166
;WIDTH:0.464013
G1 X112.692 Y105.016 E.01568
;WIDTH:0.490344
G1 X112.236 Y105.029 E.01666
G1 E-4.5
;WIPE_START
G1 X112.692 Y105.016 E-.1144
G1 X113.149 Y105.003 E-.1144
G1 X113.476 Y105.024 E-.08207
G1 X113.803 Y105.045 E-.08207
G1 X114.13 Y105.066 E-.08207
;WIPE_END
G1 E-.025
M205 X8 Y8
G1 X115.832 Y105.416 Z.8 F7200
G1 Z.4
G1 E5 F2400
M205 X10 Y10
;TYPE:Internal solid infill
;WIDTH:0.449999
G1 F3600
M73 P10 R23
G1 X116.321 Y105.726 E.0192
G1 X117.077 Y106.442 E.03453
G1 X117.692 Y107.306 E.03519
G1 X117.901 Y107.741 E.01601
G1 X120.226 Y105.416 E.10904
G1 X115.872 Y105.416 E.14441
M205 X8 Y8
G1 X117.016 Y105.823 F7200
M205 X10 Y10
G1 F3600
G1 X117.435 Y106.237 E.01954
G1 X118.013 Y107.054 E.03318
G1 X119.243 Y105.823 E.05771
G1 X117.056 Y105.823 E.07256
M205 X8 Y8
G1 X118.111 Y106.246 F7200
M205 X10 Y10
;WIDTH:0.6024
G1 F3600
G1 X118.041 Y106.246 E.00319
G1 X118.006 Y106.307 E.00319
G1 X118.041 Y106.367 E.00319
G1 X118.111 Y106.367 E.00319
G1 X118.126 Y106.341 E.00136
G1 E-4.5 F2700
;WIPE_START
G1 F3600
G1 X118.111 Y106.367 E-.04591
G1 X118.041 Y106.367 E-.10727
G1 X118.006 Y106.307 E-.10727
G1 X118.041 Y106.246 E-.10727
G1 X118.111 Y106.246 E-.10727
;WIPE_END
G1 E-.025 F2700
M205 X8 Y8
G1 X115.995 Y113.579 Z.8 F7200
G1 X115.692 Y114.631 Z.8
G1 Z.4
G1 E5 F2400
M205 X10 Y10
;WIDTH:0.38292
G1 F3600
G1 X116.454 Y113.987 E.02764
G1 X117.171 Y113.251 E.02847
G1 X117.33 Y113.059 E.00691
M205 X8 Y8
G1 X122.897 Y114.889 F7200
M205 X10 Y10
;WIDTH:0.453876
G1 F3600
G1 X125.145 Y112.642 E.10644
G1 X125.019 Y112.186 E.01582
G1 X122.518 Y114.687 E.11843
G1 X121.937 Y114.687 E.01946
G1 X124.893 Y111.731 E.13999
G1 X124.81 Y111.232 E.01693
G1 X121.356 Y114.687 E.1636
G1 X120.775 Y114.687 E.01946
G1 X124.748 Y110.714 E.18816
G1 X124.73 Y110.151 E.01887
G1 X120.193 Y114.687 E.21483
G1 X119.612 Y114.687 E.01946
G1 X124.725 Y109.575 E.24212
G1 X124.785 Y108.933 E.02158
G1 X119.031 Y114.687 E.27251
G1 X118.45 Y114.687 E.01946
G1 X124.904 Y108.233 E.30565
G1 X124.941 Y108.044 E.00645
G1 X125.121 Y107.435 E.02128
G1 X117.869 Y114.687 E.34346
G1 X117.288 Y114.687 E.01946
G1 X125.538 Y106.437 E.39071
G1 X125.714 Y106.04 E.01455
G1 X126.178 Y105.294 E.02942
G1 X126.099 Y105.294 E.00263
G1 X116.706 Y114.687 E.44484
G1 X116.125 Y114.687 E.01946
G1 X125.518 Y105.294 E.44484
G1 X124.937 Y105.294 E.01946
G1 X117.532 Y112.699 E.35069
G1 X117.729 Y112.37 E.01284
G1 X117.832 Y112.152 E.00809
G1 X118.019 Y111.631 E.01852
G1 X124.356 Y105.294 E.30012
G1 X123.775 Y105.294 E.01946
G1 X118.204 Y110.864 E.2638
G1 X118.287 Y110.2 E.02242
G1 X123.193 Y105.294 E.23235
G1 X122.612 Y105.294 E.01946
M73 P11 R23
G1 X118.258 Y109.648 E.20619
G1 X118.231 Y109.188 E.01544
G1 X118.213 Y109.112 E.0026
G1 X122.031 Y105.294 E.18083
G1 X121.45 Y105.294 E.01946
G1 X118.098 Y108.646 E.15876
G1 X117.97 Y108.193 E.01578
G1 X121.052 Y105.111 E.14595
M205 X8 Y8
G1 X125.404 Y106.889 F7200
M205 X10 Y10
;TYPE:Gap infill
;WIDTH:0.11035
G1 F2400
G1 X125.327 Y107.001 E.00075
;WIDTH:0.147511
G1 X125.25 Y107.114 E.00116
;WIDTH:0.166092
G1 X125.173 Y107.227 E.00137
M205 X8 Y8
G1 X117.51 Y113.012 F7200
M205 X10 Y10
;WIDTH:0.145377
G1 F2400
G1 X117.34 Y112.861 E.0019
M205 X8 Y8
G1 X123.724 Y114.584 F7200
M205 X10 Y10
;TYPE:Internal solid infill
;WIDTH:0.449999
G1 F3600
G1 X125.946 Y114.584 E.07374
G1 X125.613 Y114.029 E.02147
G1 X125.196 Y113.112 E.03343
G1 X123.752 Y114.555 E.06774
M205 X8 Y8
G1 X124.62 Y114.212 F7200
M205 X10 Y10
;WIDTH:0.378807
G1 F3600
G1 X125.29 Y114.212 E.01832
G1 X125.079 Y113.754 E.01381
G1 X124.649 Y114.184 E.01665
G1 E-4.5 F2700
;WIPE_START
G1 F3600
G1 X125.079 Y113.754 E-.16209
G1 X125.29 Y114.212 E-.13449
G1 X124.62 Y114.212 E-.17842
;WIPE_END
G1 E-.025 F2700
M205 X8 Y8
G1 X117.011 Y113.613 Z.8 F7200
G1 X108.478 Y112.94 Z.8
G1 Z.4
G1 E5 F2400
M205 X10 Y10
;WIDTH:0.449999
G1 F3600
G1 X106.834 Y114.584 E.07709
G1 X110.168 Y114.584 E.11057
G1 X109.679 Y114.274 E.0192
G1 X108.923 Y113.558 E.03453
G1 X108.501 Y112.973 E.02394
M205 X8 Y8
G1 X108.423 Y113.596 F7200
M205 X10 Y10
;WIDTH:0.486173
G1 F3600
G1 X107.861 Y114.159 E.02874
G1 X108.939 Y114.159 E.03894
G1 X108.57 Y113.8 E.0186
G1 X108.447 Y113.628 E.00762
M205 X8 Y8
G1 X106.008 Y114.889 F7200
M205 X10 Y10
;WIDTH:0.4537
G1 F3600
G1 X108.363 Y112.534 E.11149
G1 X108.177 Y112.14 E.0146
G1 X105.611 Y114.706 E.12149
G1 X105.03 Y114.706 E.01945
G1 X108.003 Y111.732 E.14076
G1 X107.885 Y111.269 E.016
G1 X104.449 Y114.706 E.16269
G1 X103.868 Y114.706 E.01945
G1 X107.774 Y110.799 E.18492
G1 X107.756 Y110.724 E.00261
G1 X107.733 Y110.26 E.01555
G1 X103.287 Y114.706 E.21048
G1 X102.706 Y114.706 E.01945
G1 X107.726 Y109.686 E.23763
G1 X107.816 Y109.015 E.02268
G1 X102.125 Y114.706 E.26941
G1 X101.544 Y114.706 E.01945
G1 X108.037 Y108.213 E.30738
G1 X108.168 Y107.848 E.01296
G1 X108.271 Y107.63 E.00808
G1 X108.618 Y107.051 E.02258
G1 X100.963 Y114.706 E.36236
G1 X100.382 Y114.706 E.01945
G1 X109.775 Y105.313 E.44464
G1 X109.194 Y105.313 E.01945
G1 X99.801 Y114.706 E.44464
G1 X99.22 Y114.706 E.01945
G1 X108.613 Y105.313 E.44464
G1 X108.032 Y105.313 E.01945
G1 X98.639 Y114.706 E.44464
G1 X98.595 Y114.706 E.00149
G1 X98.576 Y114.687 E.00089
G1 X98.077 Y114.687 E.01669
G1 X98.63 Y114.134 E.02618
M205 X8 Y8
G1 X100.361 Y112.403 F7200
M205 X10 Y10
G1 F3600
G1 X107.451 Y105.313 E.33565
G1 X106.87 Y105.313 E.01945
G1 X100.544 Y111.639 E.29948
G1 X100.544 Y111.058 E.01945
G1 X106.289 Y105.313 E.27198
G1 X105.709 Y105.313 E.01945
G1 X100.544 Y110.477 E.24448
G1 X100.544 Y109.896 E.01945
G1 X105.128 Y105.313 E.21697
G1 X104.547 Y105.313 E.01945
G1 X100.544 Y109.316 E.18947
G1 X100.544 Y108.735 E.01945
G1 X103.966 Y105.313 E.16197
G1 X103.535 Y105.313 E.01441
G1 X103.516 Y105.294 E.00089
G1 X103.404 Y105.294 E.00377
G1 X100.361 Y108.337 E.14404
M205 X8 Y8
G1 X108.811 Y106.907 F7200
M205 X10 Y10
;TYPE:Gap infill
;WIDTH:0.101316
G1 F2400
G1 X108.631 Y106.748 E.00115
M205 X8 Y8
G1 X108.79 Y106.744 F7200
M205 X10 Y10
;TYPE:Internal solid infill
;WIDTH:0.38292
G1 F3600
G1 X109.52 Y105.994 E.02899
G1 X110.197 Y105.414 E.02468
M205 X8 Y8
G1 X102.761 Y105.416 F7200
M205 X10 Y10
;WIDTH:0.449999
G1 F3600
G1 X99.982 Y105.416 E.09219
;WIDTH:0.471704
G1 X99.8 Y105.438 E.00638
;WIDTH:0.515112
G1 X99.619 Y105.46 E.00702
;WIDTH:0.580141
G1 X99.438 Y105.481 E.00799
G1 X76.417 Y105.481 E1.00777
G1 X76.303 Y105.484 E.00499
G1 X75.769 Y106.019 E.0331
G1 X99.271 Y106.019 E1.02888
;WIDTH:0.55852
G1 X99.475 Y106.089 E.00904
;WIDTH:0.515112
G1 X99.678 Y106.16 E.00828
;WIDTH:0.452003
G1 X99.881 Y106.23 E.00717
G1 X100.357 Y106.609 E.02028
G1 X100.597 Y107.054 E.01685
G1 X100.689 Y107.488 E.01479
G1 X102.733 Y105.445 E.09634
M205 X8 Y8
G1 X101.614 Y105.891 F7200
M205 X10 Y10
;WIDTH:0.585549
G1 F3600
G1 X100.232 Y105.891 E.06112
G1 X100.666 Y106.249 E.02485
G1 X100.831 Y106.46 E.01188
G1 X100.903 Y106.603 E.00705
G1 X101.586 Y105.919 E.04275
G1 E-4.5 F2700
;WIPE_START
G1 F3600
G1 X100.903 Y106.603 E-.22963
G1 X100.831 Y106.46 E-.03787
G1 X100.666 Y106.249 E-.06378
G1 X100.232 Y105.891 E-.13349
G1 X100.275 Y105.891 E-.01022
;WIPE_END
G1 E-.025 F2700
M205 X8 Y8
G1 X93.009 Y108.226 Z.8 F7200
G1 X74.37 Y114.214 Z.8
G1 Z.4
G1 E5 F2400
M205 X10 Y10
;WIDTH:0.375266
G1 F3600
G1 X74.029 Y114.129 E.00953
G1 X73.694 Y113.922 E.01065
G1 X73.578 Y113.822 E.00417
G1 X73.185 Y114.214 E.01503
G1 X74.33 Y114.214 E.03102
M205 X8 Y8
G1 X98.134 Y113.981 F7200
M205 X10 Y10
;WIDTH:0.580224
G1 F3600
G1 X74.729 Y113.981 E1.02475
;WIDTH:0.55852
G1 X74.525 Y113.911 E.00904
;WIDTH:0.515112
G1 X74.322 Y113.84 E.00828
;WIDTH:0.451042
G1 X74.119 Y113.77 E.00716
G1 X73.643 Y113.391 E.02023
G1 X73.579 Y113.298 E.00376
G1 X72.293 Y114.584 E.06049
G1 X74.018 Y114.584 E.0574
;WIDTH:0.471704
G1 X74.2 Y114.562 E.00638
;WIDTH:0.515112
G1 X74.381 Y114.54 E.00703
;WIDTH:0.579893
G1 X74.562 Y114.519 E.00799
G1 X97.485 Y114.519 E1.00302
G1 X97.599 Y114.516 E.00499
G1 X98.105 Y114.01 E.03133
M205 X8 Y8
G1 X98.455 Y113.864 F7200
M205 X10 Y10
;WIDTH:0.407549
G1 F3600
G1 X98.547 Y113.891 E.00285
;WIDTH:0.456806
G1 X98.639 Y113.918 E.00323
;WIDTH:0.481435
G1 X98.731 Y113.945 E.00342
M205 X8 Y8
G1 X73.664 Y112.692 F7200
M205 X10 Y10
;WIDTH:0.453015
G1 F3600
G1 X71.65 Y114.706 E.09519
G1 X71.07 Y114.706 E.01938
G1 X73.456 Y112.32 E.11275
G1 X73.456 Y111.74 E.01938
G1 X70.49 Y114.706 E.14016
G1 X69.91 Y114.706 E.01938
G1 X73.456 Y111.16 E.16756
G1 X73.456 Y110.58 E.01938
G1 X69.33 Y114.706 E.19497
G1 X68.75 Y114.706 E.01938
G1 X73.456 Y110 E.22238
G1 X73.456 Y109.42 E.01938
G1 X68.17 Y114.706 E.24979
G1 X67.59 Y114.706 E.01938
G1 X73.456 Y108.84 E.2772
G1 X73.456 Y108.26 E.01938
G1 X67.01 Y114.706 E.30461
G1 X66.43 Y114.706 E.01938
M73 P12 R23
G1 X73.639 Y107.497 E.34067
M205 X8 Y8
G1 X74.747 Y106.389 F7200
M205 X10 Y10
G1 F3600
G1 X75.823 Y105.313 E.05085
G1 X75.243 Y105.313 E.01938
G1 X65.851 Y114.706 E.4439
G1 X65.294 Y114.706 E.01859
G1 X65.294 Y114.682 E.00079
G1 X74.663 Y105.313 E.44279
G1 X74.083 Y105.313 E.01938
G1 X65.294 Y114.102 E.41538
G1 X65.294 Y113.522 E.01938
G1 X73.504 Y105.313 E.38797
G1 X72.924 Y105.313 E.01938
G1 X65.294 Y112.942 E.36056
G1 X65.294 Y112.362 E.01938
G1 X72.344 Y105.313 E.33316
G1 X71.764 Y105.313 E.01938
G1 X65.294 Y111.783 E.30575
G1 X65.294 Y111.203 E.01938
G1 X71.184 Y105.313 E.27834
G1 X70.604 Y105.313 E.01938
G1 X65.294 Y110.623 E.25093
G1 X65.294 Y110.043 E.01938
G1 X70.024 Y105.313 E.22352
G1 X69.444 Y105.313 E.01938
G1 X65.294 Y109.463 E.19611
G1 X65.294 Y108.883 E.01938
G1 X68.864 Y105.313 E.1687
G1 X68.284 Y105.313 E.01938
G1 X65.294 Y108.303 E.14129
G1 X65.294 Y107.723 E.01938
G1 X67.704 Y105.313 E.11389
G1 X67.124 Y105.313 E.01938
G1 X65.294 Y107.143 E.08648
G1 X65.294 Y106.563 E.01938
G1 X66.544 Y105.313 E.05907
G1 X66.115 Y105.313 E.01434
G1 X66.096 Y105.294 E.00089
G1 X65.983 Y105.294 E.00378
G1 X65.111 Y106.166 E.04121
M205 X8 Y8
G1 X65.417 Y105.355 F7200
M205 X10 Y10
;WIDTH:0.405696
G1 F3600
G1 X65.349 Y105.394 E.00232
G1 X65.419 Y105.429 E.00233
G1 E-4.5 F2700
;WIPE_START
G1 F3600
G1 X65.349 Y105.394 E-.23778
G1 X65.417 Y105.355 E-.23722
;WIPE_END
G1 E-.025 F2700
M205 X8 Y8
G1 X72.985 Y106.342 Z.8 F7200
G1 X139.26 Y114.991 Z.8
G1 Z.4
G1 E5 F2400
M205 X10 Y10
;TYPE:Inner wall
;WIDTH:0.449999
G1 F2700
G1 X139.685 Y114.409 E.02393
G1 X140.086 Y113.731 E.02613
G1 X140.423 Y113.003 E.0266
G1 X140.678 Y112.277 E.02553
G1 X140.867 Y111.497 E.02662
G1 X140.974 Y110.737 E.02547
G1 X141.008 Y109.952 E.02607
G1 X140.965 Y109.167 E.02607
G1 X140.845 Y108.39 E.02606
G1 X140.649 Y107.629 E.02609
G1 X140.38 Y106.891 E.02606
G1 X140.039 Y106.181 E.02613
G1 X139.621 Y105.496 E.0266
G1 X139.26 Y105.009 E.02012
G1 X154.991 Y105.009 E.52183
G1 X154.991 Y114.991 E.33111
G1 X139.3 Y114.991 E.52051
G1 E-4.5
;WIPE_START
G1 X139.685 Y114.409 E-.16587
G1 X140.086 Y113.731 E-.18707
G1 X140.302 Y113.264 E-.12207
;WIPE_END
G1 E-.025
M205 X8 Y8
G1 X138.351 Y115.398 Z.8 F7200
G1 Z.4
G1 E5 F2400
M205 X10 Y10
G1 F2700
G1 X138.894 Y114.8 E.0268
G1 X139.336 Y114.199 E.02474
G1 X139.718 Y113.557 E.02478
G1 X140.04 Y112.866 E.02529
G1 X140.283 Y112.179 E.02419
G1 X140.464 Y111.437 E.02531
G1 X140.568 Y110.717 E.02415
G1 X140.601 Y109.972 E.02475
G1 X140.562 Y109.227 E.02475
G1 X140.45 Y108.489 E.02474
G1 X140.266 Y107.766 E.02476
G1 X140.012 Y107.065 E.02474
G1 X139.69 Y106.391 E.02478
G1 X139.294 Y105.739 E.02529
G1 X138.858 Y105.156 E.02415
G1 X138.356 Y104.604 E.02477
G1 X155.398 Y104.602 E.56532
G1 X155.398 Y115.398 E.35812
G1 X138.391 Y115.398 E.56415
G1 E-4.5
;WIPE_START
G1 X138.894 Y114.8 E-.1856
G1 X139.336 Y114.199 E-.1771
G1 X139.578 Y113.793 E-.1123
;WIPE_END
G1 E-.025
M205 X8 Y8
G1 X137.308 Y115.786 Z.8 F7200
G1 Z.4
G1 E5 F2400
M205 X10 Y10
;TYPE:Outer wall
;WIDTH:0.419999
G1 X138.097 Y115.1 E.03212
G1 X138.579 Y114.566 E.0221
G1 X139 Y113.998 E.02173
G1 X139.363 Y113.39 E.02175
G1 X139.671 Y112.734 E.02226
G1 X139.902 Y112.084 E.02121
G1 X140.076 Y111.38 E.02228
G1 X140.176 Y110.697 E.0212
G1 X140.21 Y109.991 E.02174
G1 X140.174 Y109.284 E.02174
G1 X140.069 Y108.585 E.02173
G1 X139.897 Y107.898 E.02176
G1 X139.657 Y107.232 E.02173
G1 X139.354 Y106.593 E.02175
G1 X138.98 Y105.973 E.02226
G1 X138.568 Y105.419 E.0212
G1 X138.091 Y104.895 E.02176
G1 X137.581 Y104.433 E.02116
G1 X137.269 Y104.21 E.01178
G1 X155.79 Y104.21 E.56909
G1 X155.79 Y115.79 E.35582
G1 X137.348 Y115.786 E.56666
G1 E-4.5 F2700
;WIPE_START
G1 F2400
G1 X138.097 Y115.1 E-.24114
G1 X138.579 Y114.566 E-.1708
G1 X138.737 Y114.353 E-.06306
;WIPE_END
G1 E-.025 F2700
M205 X8 Y8
G1 X139.849 Y106.802 Z.8 F7200
G1 X140.053 Y105.416 Z.8
G1 Z.4
G1 E5 F2400
M205 X10 Y10
;TYPE:Internal solid infill
;WIDTH:0.449999
G1 F3600
G1 X140.444 Y106.077 E.02547
G1 X140.748 Y106.717 E.02348
G1 X141.056 Y107.581 E.03043
G1 X143.22 Y105.416 E.10154
G1 X140.093 Y105.416 E.10373
M205 X8 Y8
G1 X140.767 Y105.823 F7200
M205 X10 Y10
G1 F3600
G1 X141.023 Y106.346 E.0193
G1 X141.226 Y106.835 E.01757
G1 X142.237 Y105.823 E.04747
G1 X140.807 Y105.823 E.04744
M205 X8 Y8
G1 X141.374 Y106.154 F7200
M205 X10 Y10
;WIDTH:0.36793
G1 F3600
G1 X141.313 Y106.189 E.00186
G1 X141.374 Y106.224 E.00186
M205 X8 Y8
G1 X153.719 Y114.545 F7200
M205 X10 Y10
;WIDTH:0.526878
G1 F3600
G1 X154.545 Y114.545 E.03258
G1 X154.545 Y113.719 E.03258
G1 X153.747 Y114.517 E.0445
M205 X8 Y8
G1 X154.889 Y112.801 F7200
M205 X10 Y10
;WIDTH:0.452466
G1 F3600
G1 X152.984 Y114.706 E.0899
G1 X152.405 Y114.706 E.01933
G1 X154.706 Y112.405 E.10859
G1 X154.706 Y111.826 E.01933
G1 X151.826 Y114.706 E.13592
G1 X151.247 Y114.706 E.01933
G1 X154.706 Y111.247 E.16326
G1 X154.706 Y110.668 E.01933
G1 X150.668 Y114.706 E.19059
G1 X150.088 Y114.706 E.01933
G1 X154.706 Y110.088 E.21793
G1 X154.706 Y109.509 E.01933
G1 X149.509 Y114.706 E.24526
G1 X148.93 Y114.706 E.01933
G1 X154.706 Y108.93 E.2726
G1 X154.706 Y108.351 E.01933
G1 X148.351 Y114.706 E.29994
G1 X147.772 Y114.706 E.01933
G1 X154.706 Y107.772 E.32727
G1 X154.706 Y107.192 E.01933
G1 X147.192 Y114.706 E.35461
G1 X146.613 Y114.706 E.01933
M73 P13 R23
G1 X154.706 Y106.613 E.38194
G1 X154.706 Y106.034 E.01933
G1 X146.034 Y114.706 E.40928
G1 X145.455 Y114.706 E.01933
G1 X154.706 Y105.455 E.43661
G1 X154.706 Y105.294 E.00537
G1 X154.287 Y105.294 E.01396
G1 X144.876 Y114.706 E.4442
G1 X144.297 Y114.706 E.01933
G1 X153.708 Y105.294 E.4442
G1 X153.129 Y105.294 E.01933
G1 X143.717 Y114.706 E.4442
G1 X143.138 Y114.706 E.01933
G1 X152.55 Y105.294 E.4442
G1 X151.971 Y105.294 E.01933
G1 X142.559 Y114.706 E.4442
G1 X141.98 Y114.706 E.01933
G1 X151.392 Y105.294 E.4442
G1 X150.812 Y105.294 E.01933
G1 X141.401 Y114.706 E.4442
G1 X140.821 Y114.706 E.01933
G1 X150.233 Y105.294 E.4442
G1 X149.654 Y105.294 E.01933
G1 X140.242 Y114.706 E.4442
G1 X139.822 Y114.706 E.01402
G1 X140.096 Y114.273 E.01711
G1 X149.075 Y105.294 E.42375
G1 X148.496 Y105.294 E.01933
G1 X140.684 Y113.105 E.36867
G1 X140.919 Y112.463 E.02283
G1 X140.976 Y112.235 E.00784
G1 X147.916 Y105.294 E.32758
G1 X147.337 Y105.294 E.01933
G1 X141.158 Y111.474 E.29165
G1 X141.252 Y110.8 E.02271
G1 X146.758 Y105.294 E.25986
G1 X146.179 Y105.294 E.01933
G1 X141.287 Y110.186 E.2309
G1 X141.274 Y109.619 E.01893
G1 X145.6 Y105.294 E.20414
G1 X145.021 Y105.294 E.01933
G1 X141.235 Y109.079 E.17865
G1 X141.164 Y108.572 E.01711
G1 X144.441 Y105.294 E.1547
G1 X143.862 Y105.294 E.01933
G1 X140.908 Y108.248 E.13942
M205 X8 Y8
G1 X140.623 Y113.31 F7200
M205 X10 Y10
;TYPE:Gap infill
;WIDTH:0.198111
G1 F2400
G1 X140.531 Y113.442 E.00204
;WIDTH:0.155575
G1 X140.438 Y113.574 E.00148
;WIDTH:0.134306
G1 X140.345 Y113.706 E.0012
; stop printing object 05_probe_bridge.stl id:0 copy 0
;TIME_ELAPSED:216.092133

;LAYER_CHANGE
;:0.6
;HEIGHT:0.2
;BEFORE_LAYER_CHANGE
;0.6
G92 E0
;TIME_ELAPSED:251.734924
G1 E-4.5 F2700
;WIPE_START
G1 F2400
G1 X140.438 Y113.574 E-.475
;WIPE_END
G1 E-.025 F2700
;_SET_FAN_SPEED_CHANGING_LAYER
; OBJECT_ID: 15
; printing object 05_probe_bridge.stl id:0 copy 0
M205 X8 Y8
G17
G3 Z.8 I-.058 J-1.216 P1  F7200
G1 X111.87 Y114.934 Z.8
G1 Z.6
G1 E5 F2400
M205 X10 Y10
;TYPE:Inner wall
;WIDTH:0.563484
G1 F2700
G1 X111.766 Y114.949 E.00444
;WIDTH:0.533862
G1 X111.662 Y114.964 E.00419
;WIDTH:0.50424
G1 X111.268 Y114.977 E.01483
;WIDTH:0.47712
G1 X110.874 Y114.991 E.01395
;WIDTH:0.449999
G1 X65.009 Y114.991 E1.52142
G1 X65.009 Y105.009 E.33111
G1 X111.375 Y105.009 E1.53803
;WIDTH:0.490344
G1 X112.166 Y105.048 E.02888
;WIDTH:0.48298
G1 X111.223 Y105.321 E.0352
;WIDTH:0.449999
G1 X110.344 Y105.757 E.03255
G1 X109.567 Y106.357 E.03255
G1 X108.923 Y107.097 E.03255
G1 X108.435 Y107.948 E.03255
G1 X108.122 Y108.878 E.03255
G1 X107.997 Y109.851 E.03255
G1 X108.064 Y110.83 E.03255
G1 X108.321 Y111.777 E.03255
G1 X108.757 Y112.656 E.03255
G1 X109.357 Y113.432 E.03255
G1 X110.097 Y114.077 E.03255
G1 X110.948 Y114.565 E.03255
;WIDTH:0.487828
G1 X111.255 Y114.688 E.012
;WIDTH:0.525656
G1 X111.562 Y114.811 E.01302
;WIDTH:0.563484
G1 X111.832 Y114.919 E.01234
G1 E-4.5
;WIPE_START
G1 X111.766 Y114.949 E-.01729
G1 X111.662 Y114.964 E-.02486
G1 X111.268 Y114.977 E-.09367
G1 X110.874 Y114.991 E-.09367
G1 X109.84 Y114.991 E-.24551
;WIPE_END
G1 E-.025
M205 X8 Y8
G1 X102.402 Y113.282 Z1 F7200
G1 X74.07 Y106.773 Z1
G1 Z.6
G1 E5 F2400
M205 X10 Y10
;WIDTH:0.449999
G1 F2700
G1 X74.264 Y106.607 E.00846
G1 X74.601 Y106.491 E.01183
G1 X99.271 Y106.491 E.81836
G1 X99.736 Y106.607 E.01589
G1 X100.062 Y106.886 E.01421
G1 X100.22 Y107.202 E.01172
G1 X100.259 Y107.479 E.00927
G1 X100.259 Y112.521 E.16728
G1 X100.22 Y112.798 E.00927
G1 X100.062 Y113.114 E.01172
G1 X99.736 Y113.393 E.01421
G1 X99.399 Y113.509 E.01183
G1 X74.729 Y113.509 E.81836
G1 X74.264 Y113.393 E.01589
G1 X73.938 Y113.114 E.01421
G1 X73.78 Y112.798 E.01172
G1 X73.741 Y112.521 E.00927
G1 X73.741 Y107.479 E.16728
G1 X73.78 Y107.202 E.00927
G1 X73.938 Y106.886 E.01172
G1 X74.04 Y106.799 E.00442
M205 X8 Y8
G1 X74.329 Y107.075 F7200
M205 X10 Y10
G1 F2700
G1 X74.455 Y106.966 E.00553
G1 X74.729 Y106.898 E.00934
G1 X99.271 Y106.898 E.81413
G1 X99.545 Y106.966 E.00934
G1 X99.736 Y107.13 E.00836
G1 X99.852 Y107.362 E.00861
G1 X99.852 Y108.916 E.05155
G1 X99.852 Y112.521 E.11959
G1 X99.829 Y112.684 E.00545
G1 X99.736 Y112.87 E.00689
G1 X99.545 Y113.034 E.00836
G1 X99.271 Y113.102 E.00934
G1 X74.729 Y113.102 E.81413
G1 X74.455 Y113.034 E.00934
G1 X74.264 Y112.87 E.00836
G1 X74.148 Y112.638 E.00861
G1 X74.148 Y107.479 E.17113
G1 X74.171 Y107.316 E.00545
G1 X74.264 Y107.13 E.00689
G1 X74.298 Y107.101 E.00149
M205 X8 Y8
G1 X74.578 Y107.365 F7200
M205 X10 Y10
;TYPE:Outer wall
;WIDTH:0.419999
G1 F2400
G1 X74.729 Y107.29 E.00518
G1 X99.271 Y107.29 E.75413
G1 X99.422 Y107.365 E.00518
M73 P14 R23
G1 X99.46 Y107.479 E.00366
G1 X99.46 Y112.521 E.15495
G1 X99.422 Y112.635 E.00366
G1 X99.271 Y112.71 E.00518
G1 X74.729 Y112.71 E.75413
G1 X74.578 Y112.635 E.00518
G1 X74.54 Y112.521 E.00366
G1 X74.54 Y107.479 E.15495
G1 X74.565 Y107.403 E.00243
G1 E-4.5 F2700
;WIPE_START
G1 F2400
G1 X74.729 Y107.29 E-.04725
G1 X76.53 Y107.29 E-.42775
;WIPE_END
G1 E-.025 F2700
M205 X8 Y8
G1 X84.017 Y108.768 Z1 F7200
G1 X114.443 Y114.776 Z1
G1 Z.6
G1 E5 F2400
M205 X10 Y10
;TYPE:Inner wall
;WIDTH:0.48298
G1 F2700
G1 X114.777 Y114.679 E.01247
;WIDTH:0.449999
G1 X115.656 Y114.243 E.03255
G1 X116.432 Y113.643 E.03255
G1 X117.077 Y112.903 E.03255
G1 X117.565 Y112.052 E.03255
G1 X117.878 Y111.122 E.03255
G1 X117.994 Y110.342 E.02615
G1 X117.993 Y109.949 E.01303
G1 X117.936 Y109.17 E.02592
G1 X117.679 Y108.223 E.03255
G1 X117.243 Y107.344 E.03255
G1 X116.643 Y106.567 E.03255
G1 X115.903 Y105.923 E.03255
G1 X115.052 Y105.435 E.03255
;WIDTH:0.487827
G1 X114.745 Y105.312 E.012
;WIDTH:0.525655
G1 X114.438 Y105.189 E.01302
;WIDTH:0.563482
G1 X114.13 Y105.066 E.01404
G1 X114.234 Y105.051 E.00444
;WIDTH:0.533861
G1 X114.338 Y105.036 E.00419
;WIDTH:0.504239
G1 X114.732 Y105.023 E.01483
;WIDTH:0.477119
G1 X115.126 Y105.009 E.01395
;WIDTH:0.449999
G1 X126.74 Y105.009 E.38527
G1 X126.315 Y105.591 E.02393
G1 X125.905 Y106.29 E.02686
G1 X125.46 Y107.293 E.03639
G1 X125.22 Y108.104 E.02808
G1 X125.068 Y108.902 E.02696
G1 X125.007 Y109.531 E.02093
G1 X125.039 Y110.863 E.0442
G1 X125.162 Y111.636 E.02596
G1 X125.465 Y112.72 E.03735
G1 X125.793 Y113.489 E.02772
G1 X126.332 Y114.441 E.03629
G1 X126.74 Y114.991 E.02273
G1 X114.625 Y114.991 E.40189
;WIDTH:0.490344
G1 X113.764 Y114.971 E.0314
G1 X113.834 Y114.952 E.00264
;WIDTH:0.48298
G1 X114.405 Y114.787 E.0213
G1 E-4.5
;WIPE_START
G1 X114.777 Y114.679 E-.09208
G1 X115.656 Y114.243 E-.23304
G1 X116.155 Y113.857 E-.14987
;WIPE_END
G1 E-.025
M205 X8 Y8
G1 X123.72 Y114.871 Z1 F7200
G1 X127.644 Y115.396 Z1
G1 Z.6
G1 E5 F2400
M205 X10 Y10
;WIDTH:0.449999
G1 F2700
G1 X64.602 Y115.398 E2.09122
G1 X64.602 Y104.602 E.35812
M73 P14 R22
G1 X127.649 Y104.602 E2.09138
G1 X127.106 Y105.2 E.0268
G1 X126.664 Y105.801 E.02474
G1 X126.277 Y106.455 E.02521
G1 X125.843 Y107.433 E.0355
G1 X125.619 Y108.182 E.02595
G1 X125.473 Y108.942 E.02566
G1 X125.412 Y109.57 E.02093
G1 X125.442 Y110.802 E.0409
G1 X125.554 Y111.526 E.02429
G1 X125.85 Y112.584 E.03645
G1 X126.147 Y113.288 E.02535
G1 X126.675 Y114.219 E.0355
G1 X127.142 Y114.844 E.02589
G1 X127.617 Y115.367 E.02344
G1 E-4.5
;WIPE_START
G1 X125.617 Y115.368 E-.475
;WIPE_END
G1 E-.025
M205 X8 Y8
G1 X128.731 Y115.79 Z1 F7200
G1 Z.6
G1 E5 F2400
M205 X10 Y10
;TYPE:Outer wall
;WIDTH:0.419999
G1 X64.21 Y115.79 E1.98254
G1 X64.21 Y104.21 E.35582
G1 X128.692 Y104.214 E1.98134
G1 X127.903 Y104.9 E.03212
G1 X127.421 Y105.434 E.0221
G1 X127 Y106.002 E.02173
G1 X126.635 Y106.613 E.02187
G1 X126.212 Y107.569 E.03211
G1 X126.004 Y108.258 E.02211
G1 X125.863 Y108.98 E.02261
G1 X125.802 Y109.608 E.01939
G1 X125.829 Y110.745 E.03493
G1 X125.932 Y111.42 E.021
G1 X126.221 Y112.454 E.03298
G1 X126.489 Y113.095 E.02133
G1 X127.004 Y114.004 E.03211
G1 X127.432 Y114.581 E.02208
G1 X127.909 Y115.105 E.02176
G1 X128.419 Y115.567 E.02116
G1 X128.698 Y115.767 E.01055
G1 E-4.5 F2700
;WIPE_START
G1 F2400
G1 X126.698 Y115.767 E-.475
;WIPE_END
G1 E-.025 F2700
M205 X8 Y8
G1 X119.113 Y114.921 Z1 F7200
G1 X114.321 Y114.386 Z1
G1 Z.6
G1 E5 F2400
M205 X10 Y10
;TYPE:Inner wall
;WIDTH:0.449999
G1 F2700
G1 X113.731 Y114.541 E.02024
G1 X112.831 Y114.597 E.02991
G1 X111.938 Y114.475 E.02991
G1 X111.085 Y114.182 E.02991
G1 X110.306 Y113.728 E.02991
G1 X109.63 Y113.131 E.02991
G1 X109.084 Y112.413 E.02991
G1 X108.689 Y111.603 E.02991
G1 X108.459 Y110.731 E.02991
G1 X108.403 Y109.831 E.02991
G1 X108.525 Y108.938 E.02991
G1 X108.818 Y108.085 E.02991
G1 X109.272 Y107.306 E.02991
G1 X109.869 Y106.63 E.02991
G1 X110.587 Y106.084 E.02991
G1 X111.397 Y105.689 E.02991
G1 X112.269 Y105.459 E.02991
G1 X113.169 Y105.403 E.02991
G1 X114.062 Y105.525 E.02991
G1 X114.915 Y105.818 E.02991
G1 X115.694 Y106.272 E.02991
G1 X116.37 Y106.869 E.02991
G1 X116.916 Y107.587 E.02991
G1 X117.311 Y108.397 E.02991
G1 X117.541 Y109.269 E.02991
G1 X117.591 Y110.283 E.03367
G1 X117.475 Y111.062 E.02615
G1 X117.182 Y111.915 E.02991
G1 X116.728 Y112.694 E.02991
G1 X116.131 Y113.37 E.02991
G1 X115.413 Y113.916 E.02991
G1 X114.603 Y114.311 E.02991
G1 X114.36 Y114.375 E.00834
M205 X8 Y8
G1 X114.223 Y114.011 F7200
M205 X10 Y10
;TYPE:Outer wall
;WIDTH:0.419999
G1 F2400
G1 X113.636 Y114.161 E.01861
G1 X112.812 Y114.205 E.02535
G1 X111.995 Y114.087 E.02535
G1 X111.217 Y113.813 E.02535
G1 X110.507 Y113.392 E.02535
G1 X109.894 Y112.84 E.02535
G1 X109.399 Y112.18 E.02535
G1 X109.043 Y111.435 E.02535
G1 X108.839 Y110.636 E.02535
G1 X108.795 Y109.812 E.02535
G1 X108.913 Y108.995 E.02535
G1 X109.187 Y108.217 E.02535
G1 X109.608 Y107.507 E.02535
G1 X110.16 Y106.894 E.02535
G1 X110.82 Y106.399 E.02535
G1 X111.565 Y106.043 E.02535
G1 X112.364 Y105.839 E.02535
G1 X113.188 Y105.795 E.02535
G1 X114.005 Y105.913 E.02535
G1 X114.783 Y106.187 E.02535
G1 X115.493 Y106.608 E.02535
G1 X116.106 Y107.16 E.02535
G1 X116.601 Y107.82 E.02535
G1 X116.957 Y108.565 E.02535
G1 X117.161 Y109.364 E.02535
G1 X117.203 Y110.225 E.02648
G1 X117.087 Y111.005 E.02422
G1 X116.813 Y111.783 E.02535
G1 X116.392 Y112.493 E.02535
G1 X115.84 Y113.106 E.02535
G1 X115.18 Y113.601 E.02535
G1 X114.435 Y113.957 E.02535
G1 X114.261 Y114.001 E.00552
G1 E-4.5 F2700
;WIPE_START
G1 F2400
G1 X113.636 Y114.161 E-.15332
G1 X112.812 Y114.205 E-.19597
G1 X112.288 Y114.13 E-.12571
;WIPE_END
G1 E-.025 F2700
M205 X8 Y8
G1 X111.87 Y114.934 Z1 F7200
G1 Z.6
G1 E5 F2400
M205 X10 Y10
;TYPE:Inner wall
;WIDTH:0.563484
G1 F2700
G1 X112.197 Y114.955 E.0139
;WIDTH:0.521551
G1 X112.524 Y114.976 E.01278
;WIDTH:0.479618
G1 X112.851 Y114.997 E.01166
;WIDTH:0.464014
G1 X113.308 Y114.984 E.01568
;WIDTH:0.490344
G1 X113.764 Y114.971 E.01666
G1 E-4.5
;WIPE_START
G1 X113.308 Y114.984 E-.1144
G1 X112.851 Y114.997 E-.1144
G1 X112.524 Y114.976 E-.08207
G1 X112.197 Y114.955 E-.08207
M73 P15 R22
G1 X111.87 Y114.934 E-.08207
;WIPE_END
G1 E-.025
M205 X8 Y8
G1 X113.574 Y107.494 Z1 F7200
G1 X114.13 Y105.066 Z1
G1 Z.6
G1 E5 F2400
M205 X10 Y10
;WIDTH:0.563482
G1 F2700
G1 X113.803 Y105.045 E.0139
;WIDTH:0.521549
G1 X113.476 Y105.024 E.01278
;WIDTH:0.479616
G1 X113.149 Y105.003 E.01166
;WIDTH:0.464013
G1 X112.692 Y105.016 E.01568
;WIDTH:0.490344
G1 X112.236 Y105.029 E.01666
G1 E-4.5
;WIPE_START
G1 X112.692 Y105.016 E-.1144
G1 X113.149 Y105.003 E-.1144
G1 X113.476 Y105.024 E-.08207
G1 X113.803 Y105.045 E-.08207
G1 X114.13 Y105.066 E-.08207
;WIPE_END
G1 E-.025
M205 X8 Y8
G1 X115.692 Y105.375 Z1 F7200
G1 Z.6
G1 E5 F2400
M205 X10 Y10
;TYPE:Internal solid infill
;WIDTH:0.38292
G1 F3600
G1 X116.246 Y105.823 E.01974
G1 X116.983 Y106.541 E.0285
G1 X117.357 Y106.974 E.01586
M205 X8 Y8
G1 X122.9 Y105.111 F7200
M205 X10 Y10
;WIDTH:0.453876
G1 F3600
G1 X125.145 Y107.355 E.10628
G1 X125.012 Y107.804 E.01567
G1 X122.521 Y105.313 E.11797
G1 X121.94 Y105.313 E.01946
G1 X124.897 Y108.27 E.14003
G1 X124.802 Y108.756 E.01658
G1 X121.359 Y105.313 E.16305
G1 X120.778 Y105.313 E.01946
G1 X124.752 Y109.287 E.18821
G1 X124.715 Y109.685 E.01338
G1 X124.719 Y109.835 E.00504
G1 X120.196 Y105.313 E.21417
G1 X119.615 Y105.313 E.01946
G1 X124.735 Y110.433 E.24246
G1 X124.744 Y110.761 E.01101
G1 X124.786 Y111.065 E.01026
G1 X119.034 Y105.313 E.27241
G1 X118.453 Y105.313 E.01946
G1 X124.912 Y111.773 E.30592
G1 X125.129 Y112.57 E.02768
G1 X117.872 Y105.313 E.34369
G1 X117.291 Y105.313 E.01946
G1 X125.5 Y113.523 E.38881
G1 X125.543 Y113.625 E.0037
G1 X126.056 Y114.532 E.0349
G1 X126.179 Y114.706 E.00714
G1 X126.102 Y114.706 E.00258
G1 X116.709 Y105.313 E.44484
G1 X116.128 Y105.313 E.01946
G1 X125.521 Y114.706 E.44484
G1 X124.94 Y114.706 E.01946
G1 X117.567 Y107.333 E.34917
G1 X117.939 Y108.105 E.02868
G1 X118.031 Y108.379 E.00969
G1 X124.359 Y114.706 E.29965
G1 X123.778 Y114.706 E.01946
G1 X118.222 Y109.151 E.26309
G1 X118.266 Y109.776 E.02099
G1 X123.196 Y114.706 E.23348
G1 X122.615 Y114.706 E.01946
G1 X118.277 Y110.368 E.20544
G1 X118.203 Y110.875 E.01715
G1 X122.034 Y114.706 E.18144
G1 X121.453 Y114.706 E.01946
G1 X118.11 Y111.363 E.1583
G1 X117.96 Y111.794 E.01529
G1 X121.055 Y114.889 E.14656
M205 X8 Y8
G1 X125.388 Y113.092 F7200
M205 X10 Y10
;TYPE:Gap infill
;WIDTH:0.109587
G1 F2400
G1 X125.319 Y112.988 E.00068
;WIDTH:0.145226
G1 X125.249 Y112.883 E.00105
;WIDTH:0.163046
G1 X125.179 Y112.779 E.00123
M205 X8 Y8
G1 X117.545 Y107.021 F7200
M205 X10 Y10
;WIDTH:0.145373
G1 F2400
G1 X117.371 Y107.175 E.00195
M205 X8 Y8
G1 X118.121 Y113.637 F7200
M205 X10 Y10
;TYPE:Internal solid infill
;WIDTH:0.596332
G1 F3600
G1 X118.052 Y113.637 E.00312
G1 X118.017 Y113.696 E.00312
G1 X118.052 Y113.756 E.00312
G1 X118.121 Y113.756 E.00312
G1 X118.136 Y113.731 E.00132
M205 X8 Y8
G1 X117.024 Y114.177 F7200
M205 X10 Y10
;WIDTH:0.449999
G1 F3600
G1 X119.246 Y114.177 E.0737
G1 X118.001 Y112.932 E.05841
G1 X117.629 Y113.521 E.02312
G1 X117.051 Y114.147 E.02827
M205 X8 Y8
G1 X115.876 Y114.584 F7200
M205 X10 Y10
G1 F3600
G1 X120.229 Y114.584 E.14438
G1 X117.907 Y112.262 E.10894
G1 X117.829 Y112.44 E.00646
G1 X117.274 Y113.321 E.03453
G1 X116.558 Y114.077 E.03453
G1 X115.909 Y114.561 E.02686
G1 E-4.5 F2700
;WIPE_START
G1 F3600
G1 X116.558 Y114.077 E-.19233
G1 X117.274 Y113.321 E-.24725
G1 X117.354 Y113.195 E-.03542
;WIPE_END
G1 E-.025 F2700
M205 X8 Y8
G1 X109.722 Y113.266 Z1 F7200
G1 X108.819 Y113.275 Z1
G1 Z.6
G1 E5 F2400
M205 X10 Y10
;WIDTH:0.38292
G1 F3600
G1 X109.154 Y113.649 E.01393
G1 X109.729 Y114.196 E.02198
G1 X110.202 Y114.576 E.01682
M205 X8 Y8
G1 X102.761 Y114.584 F7200
M205 X10 Y10
;WIDTH:0.449999
G1 F3600
G1 X100.666 Y112.489 E.09826
G1 X100.597 Y112.946 E.01533
G1 X100.357 Y113.391 E.01677
G1 X99.965 Y113.727 E.01714
;WIDTH:0.471703
G1 X99.808 Y113.812 E.00621
;WIDTH:0.515111
G1 X99.652 Y113.897 E.00683
;WIDTH:0.580068
G1 X99.496 Y113.981 E.00777
G1 X75.769 Y113.981 E1.03858
G1 X76.306 Y114.519 E.03326
G1 X99.66 Y114.528 E1.02224
;WIDTH:0.542996
G1 X99.867 Y114.547 E.00847
;WIDTH:0.505797
G1 X100.074 Y114.565 E.00784
;WIDTH:0.452921
G1 X100.281 Y114.584 E.00695
G1 X102.721 Y114.584 E.0815
M205 X8 Y8
G1 X101.614 Y114.109 F7200
M205 X10 Y10
;WIDTH:0.585549
G1 F3600
G1 X100.903 Y113.397 E.04452
G1 X100.749 Y113.666 E.01368
G1 X100.236 Y114.109 E.02998
G1 X101.574 Y114.109 E.05917
M205 X8 Y8
G1 X108.479 Y107.061 F7200
M205 X10 Y10
;WIDTH:0.449999
G1 F3600
G1 X108.74 Y106.664 E.01574
G1 X109.442 Y105.923 E.03387
G1 X110.121 Y105.416 E.0281
G1 X106.834 Y105.416 E.10901
G1 X108.451 Y107.033 E.07584
M205 X8 Y8
G1 X108.413 Y106.391 F7200
M205 X10 Y10
;WIDTH:0.490926
G1 F3600
G1 X108.928 Y105.844 E.02742
G1 X107.867 Y105.844 E.03876
G1 X108.385 Y106.362 E.02677
M205 X8 Y8
G1 X106.008 Y105.111 F7200
M205 X10 Y10
;WIDTH:0.4537
G1 F3600
G1 X108.367 Y107.47 E.11166
G1 X108.167 Y107.85 E.0144
G1 X105.611 Y105.294 E.12101
G1 X105.03 Y105.294 E.01945
G1 X108.014 Y108.278 E.14127
G1 X107.87 Y108.715 E.0154
G1 X104.449 Y105.294 E.16196
G1 X103.868 Y105.294 E.01945
G1 X107.789 Y109.215 E.18563
G1 X107.72 Y109.727 E.01729
G1 X103.287 Y105.294 E.20987
G1 X102.706 Y105.294 E.01945
G1 X107.736 Y110.325 E.23814
G1 X107.756 Y110.724 E.01337
G1 X107.819 Y110.988 E.0091
G1 X102.125 Y105.294 E.26954
G1 X101.544 Y105.294 E.01945
G1 X108.015 Y111.765 E.30631
G1 X108.402 Y112.615 E.03128
G1 X108.626 Y112.957 E.01367
G1 X100.963 Y105.294 E.36274
G1 X100.382 Y105.294 E.01945
G1 X109.775 Y114.687 E.44464
G1 X109.194 Y114.687 E.01945
G1 X99.801 Y105.294 E.44464
G1 X99.22 Y105.294 E.01945
G1 X108.613 Y114.687 E.44464
G1 X108.032 Y114.687 E.01945
G1 X98.475 Y105.13 E.45242
M205 X8 Y8
G1 X98.63 Y105.866 F7200
M205 X10 Y10
G1 F3600
G1 X97.909 Y105.145 E.03413
M205 X8 Y8
G1 X100.361 Y107.597 F7200
M205 X10 Y10
G1 F3600
G1 X107.451 Y114.687 E.33565
G1 X106.87 Y114.687 E.01945
G1 X100.544 Y108.361 E.29948
G1 X100.544 Y108.942 E.01945
G1 X106.289 Y114.687 E.27198
G1 X105.709 Y114.687 E.01945
G1 X100.544 Y109.523 E.24448
G1 X100.544 Y110.104 E.01945
M73 P16 R22
G1 X105.128 Y114.687 E.21697
G1 X104.547 Y114.687 E.01945
G1 X100.544 Y110.684 E.18947
G1 X100.544 Y111.265 E.01945
G1 X103.966 Y114.687 E.16197
G1 X103.535 Y114.687 E.01441
G1 X103.516 Y114.706 E.00089
G1 X103.404 Y114.706 E.00377
G1 X100.361 Y111.663 E.14404
M205 X8 Y8
G1 X108.832 Y113.098 F7200
M205 X10 Y10
;TYPE:Gap infill
;WIDTH:0.117642
G1 F2400
G1 X108.648 Y113.269 E.00153
G1 E-4.5 F2700
;WIPE_START
G1 F2400
G1 X108.832 Y113.098 E-.475
;WIPE_END
G1 E-.025 F2700
M205 X8 Y8
G1 X115.615 Y109.599 Z1 F7200
G1 X123.727 Y105.416 Z1
G1 Z.6
G1 E5 F2400
M205 X10 Y10
;TYPE:Internal solid infill
;WIDTH:0.449999
G1 F3600
G1 X125.202 Y106.892 E.06923
G1 X125.6 Y105.995 E.03255
G1 X125.965 Y105.416 E.02271
G1 X123.767 Y105.416 E.07294
M205 X8 Y8
G1 X124.623 Y105.788 F7200
M205 X10 Y10
;WIDTH:0.378419
G1 F3600
G1 X125.082 Y106.247 E.01776
G1 X125.291 Y105.788 E.01379
G1 X124.663 Y105.788 E.01717
M205 X8 Y8
G1 X74.27 Y105.786 F7200
M205 X10 Y10
;WIDTH:0.375265
G1 F3600
G1 X73.185 Y105.786 E.02938
G1 X73.578 Y106.178 E.01503
G1 X73.981 Y105.885 E.01351
G1 X74.232 Y105.799 E.00719
M205 X8 Y8
G1 X98.135 Y106.021 F7200
M205 X10 Y10
;WIDTH:0.58092
G1 F3600
G1 X97.596 Y105.482 E.03342
G1 X74.34 Y105.472 E1.01955
;WIDTH:0.542995
G1 X74.133 Y105.453 E.00847
;WIDTH:0.505797
G1 X73.926 Y105.435 E.00784
;WIDTH:0.450947
G1 X73.719 Y105.416 E.00691
G1 X72.293 Y105.416 E.04741
G1 X73.579 Y106.702 E.06048
G1 X74.035 Y106.273 E.02085
;WIDTH:0.471704
G1 X74.192 Y106.188 E.00621
;WIDTH:0.515112
G1 X74.348 Y106.103 E.00683
;WIDTH:0.579944
G1 X74.504 Y106.019 E.00777
G1 X98.095 Y106.021 E1.03237
M205 X8 Y8
G1 X98.481 Y106.139 F7200
M205 X10 Y10
;WIDTH:0.401755
G1 F3600
G1 X98.544 Y106.118 E.00192
;WIDTH:0.439423
G1 X98.606 Y106.098 E.00212
;WIDTH:0.477092
G1 X98.669 Y106.078 E.00232
;WIDTH:0.495926
G1 X98.731 Y106.058 E.00242
M205 X8 Y8
G1 X73.664 Y107.308 F7200
M205 X10 Y10
;WIDTH:0.453015
G1 F3600
G1 X71.65 Y105.294 E.09519
G1 X71.07 Y105.294 E.01938
G1 X73.456 Y107.68 E.11275
G1 X73.456 Y108.26 E.01938
G1 X70.49 Y105.294 E.14016
G1 X69.91 Y105.294 E.01938
G1 X73.456 Y108.84 E.16756
G1 X73.456 Y109.42 E.01938
G1 X69.33 Y105.294 E.19497
G1 X68.75 Y105.294 E.01938
G1 X73.456 Y110 E.22238
G1 X73.456 Y110.58 E.01938
G1 X68.17 Y105.294 E.24979
G1 X67.59 Y105.294 E.01938
G1 X73.456 Y111.16 E.2772
G1 X73.456 Y111.74 E.01938
G1 X67.01 Y105.294 E.30461
G1 X66.43 Y105.294 E.01938
G1 X73.639 Y112.503 E.34067
M205 X8 Y8
G1 X74.747 Y113.611 F7200
M205 X10 Y10
G1 F3600
G1 X75.823 Y114.687 E.05085
G1 X75.326 Y114.687 E.01662
G1 X75.307 Y114.706 E.00089
G1 X75.262 Y114.706 E.0015
G1 X65.851 Y105.294 E.4448
G1 X65.294 Y105.294 E.01859
G1 X65.294 Y105.318 E.00079
G1 X74.682 Y114.706 E.44368
G1 X74.102 Y114.706 E.01938
G1 X65.294 Y105.898 E.41627
G1 X65.294 Y106.478 E.01938
G1 X73.522 Y114.706 E.38887
G1 X72.942 Y114.706 E.01938
G1 X65.294 Y107.058 E.36146
G1 X65.294 Y107.638 E.01938
G1 X72.362 Y114.706 E.33405
G1 X71.783 Y114.706 E.01938
G1 X65.294 Y108.217 E.30664
G1 X65.294 Y108.797 E.01938
G1 X71.203 Y114.706 E.27923
G1 X70.623 Y114.706 E.01938
G1 X65.294 Y109.377 E.25182
G1 X65.294 Y109.957 E.01938
G1 X70.043 Y114.706 E.22441
G1 X69.463 Y114.706 E.01938
G1 X65.294 Y110.537 E.197
G1 X65.294 Y111.117 E.01938
G1 X68.883 Y114.706 E.1696
G1 X68.303 Y114.706 E.01938
G1 X65.294 Y111.697 E.14219
G1 X65.294 Y112.277 E.01938
G1 X67.723 Y114.706 E.11478
G1 X67.143 Y114.706 E.01938
G1 X65.294 Y112.857 E.08737
G1 X65.294 Y113.437 E.01938
G1 X66.563 Y114.706 E.05996
G1 X65.983 Y114.706 E.01938
G1 X65.111 Y113.834 E.04121
M205 X8 Y8
G1 X65.417 Y114.567 F7200
M205 X10 Y10
;WIDTH:0.405698
G1 F3600
G1 X65.349 Y114.606 E.00232
G1 X65.419 Y114.641 E.00233
G1 E-4.5 F2700
;WIPE_START
G1 F3600
G1 X65.349 Y114.606 E-.23778
G1 X65.417 Y114.567 E-.23722
;WIPE_END
G1 E-.025 F2700
M205 X8 Y8
G1 X73.049 Y114.61 Z1 F7200
G1 X139.26 Y114.991 Z1
G1 Z.6
G1 E5 F2400
M205 X10 Y10
;TYPE:Inner wall
;WIDTH:0.449999
G1 F2700
G1 X139.685 Y114.409 E.02393
G1 X140.085 Y113.732 E.02607
G1 X140.425 Y112.997 E.02686
G1 X140.772 Y111.947 E.03669
G1 X140.972 Y110.794 E.03881
G1 X141.008 Y109.949 E.02808
G1 X140.961 Y109.137 E.02696
G1 X140.839 Y108.367 E.02587
G1 X140.544 Y107.301 E.03668
G1 X140.069 Y106.231 E.03885
G1 X139.614 Y105.486 E.02893
G1 X139.26 Y105.009 E.01973
G1 X154.991 Y105.009 E.52183
G1 X154.991 Y114.991 E.33111
G1 X139.3 Y114.991 E.52051
G1 E-4.5
;WIPE_START
G1 X139.685 Y114.409 E-.16587
G1 X140.085 Y113.732 E-.18664
G1 X140.301 Y113.264 E-.12249
;WIPE_END
G1 E-.025
M205 X8 Y8
G1 X138.351 Y115.398 Z1 F7200
G1 Z.6
G1 E5 F2400
M205 X10 Y10
G1 F2700
G1 X138.894 Y114.8 E.0268
G1 X139.336 Y114.199 E.02474
G1 X139.717 Y113.558 E.02474
G1 X140.038 Y112.869 E.02521
G1 X140.376 Y111.848 E.03569
G1 X140.566 Y110.751 E.03692
G1 X140.601 Y109.97 E.02595
G1 X140.558 Y109.198 E.02566
G1 X140.446 Y108.476 E.02423
G1 X140.159 Y107.439 E.03569
G1 X139.708 Y106.42 E.03694
G1 X139.288 Y105.729 E.02684
G1 X138.858 Y105.156 E.02377
G1 X138.356 Y104.604 E.02477
G1 X155.398 Y104.602 E.56532
G1 X155.398 Y115.398 E.35812
G1 X138.391 Y115.398 E.56415
G1 E-4.5
;WIPE_START
M73 P17 R22
G1 X138.894 Y114.8 E-.18559
G1 X139.336 Y114.199 E-.17711
G1 X139.578 Y113.793 E-.1123
;WIPE_END
G1 E-.025
M205 X8 Y8
G1 X137.308 Y115.786 Z1 F7200
G1 Z.6
G1 E5 F2400
M205 X10 Y10
;TYPE:Outer wall
;WIDTH:0.419999
G1 X138.097 Y115.1 E.03211
G1 X138.579 Y114.566 E.0221
G1 X139 Y113.998 E.02173
G1 X139.363 Y113.391 E.02174
G1 X139.666 Y112.746 E.02187
G1 X139.994 Y111.752 E.03217
G1 X140.175 Y110.709 E.03254
G1 X140.21 Y109.99 E.02211
G1 X140.171 Y109.255 E.02261
G1 X140.068 Y108.58 E.02099
G1 X139.789 Y107.571 E.03217
G1 X139.36 Y106.603 E.03255
G1 X138.973 Y105.963 E.02297
G1 X138.568 Y105.419 E.02085
G1 X138.091 Y104.895 E.02176
G1 X137.581 Y104.433 E.02116
G1 X137.269 Y104.21 E.01178
G1 X155.79 Y104.21 E.56909
G1 X155.79 Y115.79 E.35582
G1 X137.348 Y115.786 E.56666
G1 E-4.5 F2700
;WIPE_START
G1 F2400
G1 X138.097 Y115.1 E-.24114
G1 X138.579 Y114.566 E-.1708
G1 X138.737 Y114.353 E-.06306
;WIPE_END
G1 E-.025 F2700
M205 X8 Y8
G1 X140.035 Y114.584 Z1 F7200
G1 Z.6
G1 E5 F2400
M205 X10 Y10
;TYPE:Internal solid infill
;WIDTH:0.449999
G1 F3600
G1 X143.22 Y114.584 E.10566
G1 X141.045 Y112.409 E.10201
G1 X140.757 Y113.262 E.02986
G1 X140.398 Y114.011 E.02755
G1 X140.056 Y114.55 E.02118
M205 X8 Y8
G1 X140.769 Y114.177 F7200
M205 X10 Y10
G1 F3600
G1 X142.237 Y114.177 E.04868
G1 X141.221 Y113.16 E.04768
G1 X141.022 Y113.651 E.01756
G1 X140.787 Y114.141 E.01802
M205 X8 Y8
G1 X141.373 Y113.775 F7200
M205 X10 Y10
;WIDTH:0.36859
G1 F3600
G1 X141.312 Y113.81 E.00187
G1 X141.373 Y113.845 E.00187
M205 X8 Y8
G1 X153.719 Y105.455 F7200
M205 X10 Y10
;WIDTH:0.526986
G1 F3600
G1 X154.545 Y106.281 E.0461
G1 X154.545 Y105.455 E.0326
G1 X153.759 Y105.455 E.03102
M205 X8 Y8
G1 X154.889 Y107.199 F7200
M205 X10 Y10
;WIDTH:0.452466
G1 F3600
G1 X152.984 Y105.294 E.08992
G1 X152.405 Y105.294 E.01933
G1 X154.706 Y107.595 E.10861
G1 X154.706 Y108.174 E.01933
G1 X151.826 Y105.294 E.13594
G1 X151.246 Y105.294 E.01933
G1 X154.706 Y108.754 E.16328
G1 X154.706 Y109.333 E.01933
G1 X150.667 Y105.294 E.19061
G1 X150.088 Y105.294 E.01933
G1 X154.706 Y109.912 E.21795
G1 X154.706 Y110.491 E.01933
G1 X149.509 Y105.294 E.24528
G1 X148.93 Y105.294 E.01933
G1 X154.706 Y111.07 E.27262
G1 X154.706 Y111.65 E.01933
G1 X148.35 Y105.294 E.29995
G1 X147.771 Y105.294 E.01933
G1 X154.706 Y112.229 E.32729
G1 X154.706 Y112.808 E.01933
G1 X147.192 Y105.294 E.35462
G1 X146.613 Y105.294 E.01933
G1 X154.706 Y113.387 E.38196
G1 X154.706 Y113.966 E.01933
G1 X146.034 Y105.294 E.40929
G1 X145.455 Y105.294 E.01933
G1 X154.706 Y114.545 E.43663
G1 X154.706 Y114.706 E.00535
G1 X154.287 Y114.706 E.01398
G1 X144.875 Y105.294 E.4442
G1 X144.296 Y105.294 E.01933
G1 X153.708 Y114.706 E.4442
G1 X153.129 Y114.706 E.01933
G1 X143.717 Y105.294 E.4442
G1 X143.138 Y105.294 E.01933
G1 X152.55 Y114.706 E.4442
G1 X151.97 Y114.706 E.01933
G1 X142.559 Y105.294 E.4442
G1 X141.979 Y105.294 E.01933
G1 X151.391 Y114.706 E.4442
G1 X150.812 Y114.706 E.01933
G1 X141.4 Y105.294 E.4442
G1 X140.821 Y105.294 E.01933
G1 X150.233 Y114.706 E.4442
G1 X149.654 Y114.706 E.01933
G1 X140.242 Y105.294 E.4442
G1 X139.823 Y105.294 E.01398
G1 X140.09 Y105.721 E.0168
G1 X149.074 Y114.706 E.42405
G1 X148.495 Y114.706 E.01933
G1 X140.652 Y106.863 E.37016
G1 X140.836 Y107.29 E.01553
G1 X140.96 Y107.749 E.01587
G1 X147.916 Y114.706 E.32832
G1 X147.337 Y114.706 E.01933
G1 X141.157 Y108.526 E.29166
G1 X141.253 Y109.201 E.02276
G1 X146.758 Y114.706 E.25979
G1 X146.179 Y114.706 E.01933
G1 X141.285 Y109.812 E.23096
G1 X141.294 Y110 E.00628
G1 X141.272 Y110.379 E.01266
G1 X145.599 Y114.706 E.20421
G1 X145.02 Y114.706 E.01933
G1 X141.238 Y110.924 E.17849
G1 X141.148 Y111.413 E.01659
G1 X144.441 Y114.706 E.15542
G1 X143.862 Y114.706 E.01933
G1 X140.901 Y111.745 E.13976
M205 X8 Y8
G1 X140.589 Y106.658 F7200
M205 X10 Y10
;TYPE:Gap infill
;WIDTH:0.197671
G1 F2400
G1 X140.505 Y106.534 E.00189
;WIDTH:0.15531
G1 X140.421 Y106.41 E.00137
;WIDTH:0.134129
G1 X140.337 Y106.286 E.00111
; stop printing object 05_probe_bridge.stl id:0 copy 0
;TIME_ELAPSED:287.377716

;LAYER_CHANGE
;:0.8
;HEIGHT:0.2
;BEFORE_LAYER_CHANGE
;0.8
G92 E0
;TIME_ELAPSED:323.025452
G1 E-4.5 F2700
;WIPE_START
G1 F2400
G1 X140.421 Y106.41 E-.475
;WIPE_END
G1 E-.025 F2700
;_SET_FAN_SPEED_CHANGING_LAYER
; OBJECT_ID: 15
; printing object 05_probe_bridge.stl id:0 copy 0
M205 X8 Y8
G17
G3 Z1 I-.348 J-1.166 P1  F7200
G1 X111.87 Y114.934 Z1
G1 Z.8
G1 E5 F2400
M205 X10 Y10
;TYPE:Inner wall
;WIDTH:0.563486
G1 F2700
G1 X111.766 Y114.949 E.00444
;WIDTH:0.533863
G1 X111.662 Y114.964 E.00419
;WIDTH:0.50424
G1 X111.268 Y114.977 E.01483
;WIDTH:0.47712
G1 X110.874 Y114.991 E.01395
;WIDTH:0.449999
G1 X65.009 Y114.991 E1.52142
G1 X65.009 Y105.009 E.33111
G1 X111.375 Y105.009 E1.53803
;WIDTH:0.490344
M73 P18 R22
G1 X112.166 Y105.048 E.02888
;WIDTH:0.48298
G1 X111.223 Y105.321 E.0352
;WIDTH:0.449999
M73 P18 R21
G1 X110.344 Y105.757 E.03255
G1 X109.567 Y106.357 E.03255
G1 X108.923 Y107.097 E.03255
G1 X108.435 Y107.948 E.03255
G1 X108.122 Y108.878 E.03255
G1 X107.997 Y109.851 E.03255
G1 X108.064 Y110.83 E.03255
G1 X108.321 Y111.777 E.03255
G1 X108.757 Y112.656 E.03255
G1 X109.357 Y113.433 E.03255
G1 X110.097 Y114.077 E.03255
G1 X110.948 Y114.565 E.03255
;WIDTH:0.487828
G1 X111.255 Y114.688 E.012
;WIDTH:0.525657
G1 X111.562 Y114.811 E.01302
;WIDTH:0.563486
G1 X111.832 Y114.919 E.01234
G1 E-4.5
;WIPE_START
G1 X111.766 Y114.949 E-.01729
G1 X111.662 Y114.964 E-.02486
G1 X111.268 Y114.977 E-.09367
G1 X110.874 Y114.991 E-.09367
G1 X109.84 Y114.991 E-.24551
;WIPE_END
G1 E-.025
M205 X8 Y8
G1 X102.402 Y113.282 Z1.2 F7200
G1 X74.07 Y106.773 Z1.2
G1 Z.8
G1 E5 F2400
M205 X10 Y10
;WIDTH:0.449999
G1 F2700
G1 X74.264 Y106.607 E.00846
G1 X74.601 Y106.491 E.01183
G1 X99.271 Y106.491 E.81836
G1 X99.736 Y106.607 E.01589
G1 X100.062 Y106.886 E.01421
G1 X100.22 Y107.202 E.01172
G1 X100.259 Y107.479 E.00927
G1 X100.259 Y112.521 E.16728
G1 X100.22 Y112.798 E.00927
G1 X100.062 Y113.114 E.01172
G1 X99.736 Y113.393 E.01421
G1 X99.399 Y113.509 E.01183
G1 X74.729 Y113.509 E.81836
G1 X74.264 Y113.393 E.01589
G1 X73.938 Y113.114 E.01421
G1 X73.78 Y112.798 E.01172
G1 X73.741 Y112.521 E.00927
G1 X73.741 Y107.479 E.16728
G1 X73.78 Y107.202 E.00927
G1 X73.938 Y106.886 E.01172
G1 X74.04 Y106.799 E.00442
M205 X8 Y8
G1 X74.329 Y107.075 F7200
M205 X10 Y10
G1 F2700
G1 X74.455 Y106.966 E.00553
G1 X74.729 Y106.898 E.00934
G1 X99.271 Y106.898 E.81413
G1 X99.545 Y106.966 E.00934
G1 X99.736 Y107.13 E.00836
G1 X99.852 Y107.362 E.00861
G1 X99.852 Y108.916 E.05155
G1 X99.852 Y112.521 E.11959
G1 X99.829 Y112.684 E.00545
G1 X99.736 Y112.87 E.00689
G1 X99.545 Y113.034 E.00836
G1 X99.271 Y113.102 E.00934
G1 X74.729 Y113.102 E.81413
G1 X74.455 Y113.034 E.00934
G1 X74.264 Y112.87 E.00836
G1 X74.148 Y112.638 E.00861
G1 X74.148 Y107.479 E.17113
G1 X74.171 Y107.316 E.00545
G1 X74.264 Y107.13 E.00689
G1 X74.298 Y107.101 E.00149
M205 X8 Y8
G1 X74.578 Y107.365 F7200
M205 X10 Y10
;TYPE:Outer wall
;WIDTH:0.419999
G1 F2400
G1 X74.729 Y107.29 E.00518
G1 X99.271 Y107.29 E.75413
G1 X99.422 Y107.365 E.00518
G1 X99.46 Y107.479 E.00366
G1 X99.46 Y112.521 E.15495
G1 X99.422 Y112.635 E.00366
G1 X99.271 Y112.71 E.00518
G1 X74.729 Y112.71 E.75413
G1 X74.578 Y112.635 E.00518
G1 X74.54 Y112.521 E.00366
G1 X74.54 Y107.479 E.15495
G1 X74.565 Y107.403 E.00243
G1 E-4.5 F2700
;WIPE_START
G1 F2400
G1 X74.729 Y107.29 E-.04725
G1 X76.53 Y107.29 E-.42775
;WIPE_END
G1 E-.025 F2700
M205 X8 Y8
G1 X84.017 Y108.769 Z1.2 F7200
G1 X114.434 Y114.779 Z1.2
G1 Z.8
G1 E5 F2400
M205 X10 Y10
;TYPE:Inner wall
;WIDTH:0.48298
G1 F2700
G1 X114.777 Y114.679 E.01282
;WIDTH:0.449999
G1 X115.656 Y114.243 E.03255
G1 X116.433 Y113.643 E.03255
G1 X117.077 Y112.903 E.03255
G1 X117.565 Y112.052 E.03255
G1 X117.878 Y111.122 E.03255
G1 X117.994 Y110.342 E.02615
G1 X117.987 Y109.827 E.01708
G1 X117.936 Y109.17 E.02187
G1 X117.679 Y108.223 E.03255
G1 X117.243 Y107.344 E.03255
G1 X116.643 Y106.567 E.03255
G1 X115.903 Y105.923 E.03255
G1 X115.052 Y105.435 E.03255
;WIDTH:0.487827
G1 X114.745 Y105.312 E.012
;WIDTH:0.525655
G1 X114.438 Y105.189 E.01302
;WIDTH:0.563482
G1 X114.13 Y105.066 E.01404
G1 X114.234 Y105.051 E.00444
;WIDTH:0.533861
G1 X114.338 Y105.036 E.00419
;WIDTH:0.504239
G1 X114.732 Y105.023 E.01483
;WIDTH:0.477119
G1 X115.126 Y105.009 E.01395
;WIDTH:0.449999
G1 X126.757 Y105.009 E.38582
G1 X126.515 Y105.303 E.01262
G1 X126.094 Y105.949 E.0256
G1 X125.586 Y106.967 E.03772
G1 X125.317 Y107.745 E.02732
G1 X125.07 Y108.844 E.03736
G1 X124.999 Y109.977 E.03766
G1 X125.011 Y110.515 E.01783
G1 X125.086 Y111.223 E.02363
G1 X125.244 Y111.993 E.02607
G1 X125.476 Y112.743 E.02607
G1 X125.793 Y113.489 E.02686
G1 X126.332 Y114.441 E.03629
G1 X126.74 Y114.991 E.02273
G1 X114.625 Y114.991 E.40189
;WIDTH:0.490344
G1 X113.764 Y114.971 E.0314
G1 X113.834 Y114.952 E.00264
;WIDTH:0.48298
G1 X114.395 Y114.79 E.02094
G1 E-4.5
;WIPE_START
G1 X114.777 Y114.679 E-.09444
G1 X115.656 Y114.243 E-.23304
G1 X116.147 Y113.863 E-.14752
;WIPE_END
G1 E-.025
M205 X8 Y8
G1 X123.713 Y114.872 Z1.2 F7200
G1 X127.644 Y115.396 Z1.2
G1 Z.8
G1 E5 F2400
M205 X10 Y10
;WIDTH:0.449999
G1 F2700
G1 X64.602 Y115.398 E2.09122
G1 X64.602 Y104.602 E.35812
G1 X127.649 Y104.602 E2.09139
G1 X126.872 Y105.5 E.0394
G1 X126.458 Y106.131 E.02502
G1 X125.963 Y107.124 E.03682
G1 X125.714 Y107.834 E.02496
G1 X125.479 Y108.881 E.03559
G1 X125.406 Y109.655 E.02579
G1 X125.416 Y110.475 E.02718
G1 X125.485 Y111.144 E.02231
G1 X125.633 Y111.875 E.02475
G1 X125.853 Y112.588 E.02475
G1 X126.147 Y113.288 E.0252
G1 X126.675 Y114.219 E.0355
G1 X127.142 Y114.844 E.02588
G1 X127.617 Y115.367 E.02344
G1 E-4.5
;WIPE_START
G1 X125.617 Y115.368 E-.475
;WIPE_END
G1 E-.025
M205 X8 Y8
G1 X128.731 Y115.79 Z1.2 F7200
G1 Z.8
G1 E5 F2400
M205 X10 Y10
;TYPE:Outer wall
;WIDTH:0.419999
G1 X64.21 Y115.79 E1.98254
G1 X64.21 Y104.21 E.35582
M73 P19 R21
G1 X128.692 Y104.214 E1.98134
G1 X127.901 Y104.902 E.03219
G1 X127.186 Y105.736 E.03376
G1 X126.809 Y106.306 E.021
G1 X126.325 Y107.277 E.03333
G1 X126.097 Y107.92 E.02098
G1 X125.868 Y108.941 E.03214
G1 X125.798 Y109.655 E.02205
G1 X125.807 Y110.436 E.024
G1 X125.87 Y111.067 E.01948
G1 X126.009 Y111.761 E.02174
G1 X126.215 Y112.438 E.02174
G1 X126.488 Y113.095 E.02187
G1 X127.004 Y114.004 E.03211
G1 X127.432 Y114.581 E.02208
G1 X127.909 Y115.105 E.02176
G1 X128.419 Y115.567 E.02116
G1 X128.698 Y115.767 E.01055
G1 E-4.5 F2700
;WIPE_START
G1 F2400
G1 X126.698 Y115.767 E-.475
;WIPE_END
G1 E-.025 F2700
M205 X8 Y8
G1 X119.113 Y114.923 Z1.2 F7200
G1 X114.312 Y114.388 Z1.2
G1 Z.8
G1 E5 F2400
M205 X10 Y10
;TYPE:Inner wall
;WIDTH:0.449999
G1 F2700
G1 X113.731 Y114.541 E.01991
G1 X112.831 Y114.597 E.02991
G1 X111.938 Y114.475 E.02991
G1 X111.085 Y114.182 E.02991
G1 X110.306 Y113.728 E.02991
G1 X109.63 Y113.131 E.02991
G1 X109.084 Y112.413 E.02991
G1 X108.689 Y111.603 E.02991
G1 X108.459 Y110.731 E.02991
G1 X108.403 Y109.831 E.02991
G1 X108.525 Y108.938 E.02991
G1 X108.818 Y108.085 E.02991
G1 X109.272 Y107.306 E.02991
G1 X109.869 Y106.63 E.02991
G1 X110.587 Y106.084 E.02991
G1 X111.397 Y105.689 E.02991
G1 X112.269 Y105.459 E.02991
G1 X113.169 Y105.403 E.02991
G1 X114.062 Y105.525 E.02991
G1 X114.915 Y105.818 E.02991
G1 X115.694 Y106.272 E.02991
G1 X116.37 Y106.869 E.02991
G1 X116.916 Y107.587 E.02991
G1 X117.311 Y108.397 E.02991
G1 X117.541 Y109.269 E.02991
G1 X117.591 Y110.283 E.03367
G1 X117.475 Y111.062 E.02615
G1 X117.182 Y111.915 E.02991
G1 X116.728 Y112.694 E.02991
G1 X116.131 Y113.37 E.02991
G1 X115.413 Y113.916 E.02991
G1 X114.603 Y114.311 E.02991
G1 X114.35 Y114.378 E.00867
M205 X8 Y8
G1 X114.213 Y114.014 F7200
M205 X10 Y10
;TYPE:Outer wall
;WIDTH:0.419999
G1 F2400
G1 X113.636 Y114.161 E.0183
G1 X112.812 Y114.205 E.02535
G1 X111.995 Y114.087 E.02535
G1 X111.217 Y113.813 E.02535
G1 X110.507 Y113.392 E.02535
G1 X109.894 Y112.84 E.02535
G1 X109.399 Y112.18 E.02535
G1 X109.043 Y111.435 E.02535
G1 X108.839 Y110.636 E.02535
G1 X108.795 Y109.812 E.02535
G1 X108.913 Y108.995 E.02535
G1 X109.187 Y108.217 E.02535
G1 X109.608 Y107.507 E.02535
G1 X110.16 Y106.894 E.02535
G1 X110.82 Y106.399 E.02535
G1 X111.565 Y106.043 E.02535
G1 X112.364 Y105.839 E.02535
G1 X113.188 Y105.795 E.02535
G1 X114.005 Y105.913 E.02535
G1 X114.783 Y106.187 E.02535
G1 X115.493 Y106.608 E.02535
G1 X116.106 Y107.16 E.02535
G1 X116.601 Y107.82 E.02535
G1 X116.957 Y108.565 E.02535
G1 X117.161 Y109.364 E.02535
G1 X117.203 Y110.225 E.02648
G1 X117.087 Y111.005 E.02422
G1 X116.813 Y111.783 E.02535
G1 X116.392 Y112.493 E.02535
G1 X115.84 Y113.106 E.02535
G1 X115.18 Y113.601 E.02535
G1 X114.435 Y113.957 E.02535
G1 X114.252 Y114.004 E.00582
G1 E-4.5 F2700
;WIPE_START
G1 F2400
G1 X113.636 Y114.161 E-.15096
G1 X112.812 Y114.205 E-.19597
G1 X112.278 Y114.128 E-.12808
;WIPE_END
G1 E-.025 F2700
M205 X8 Y8
G1 X113.807 Y106.65 Z1.2 F7200
G1 X114.13 Y105.066 Z1.2
G1 Z.8
G1 E5 F2400
M205 X10 Y10
;TYPE:Inner wall
;WIDTH:0.563482
G1 F2700
G1 X113.803 Y105.045 E.0139
;WIDTH:0.521549
G1 X113.476 Y105.024 E.01278
;WIDTH:0.479616
G1 X113.149 Y105.003 E.01166
;WIDTH:0.464013
G1 X112.692 Y105.016 E.01568
;WIDTH:0.490344
G1 X112.236 Y105.029 E.01666
G1 E-4.5
;WIPE_START
G1 X112.692 Y105.016 E-.1144
G1 X113.149 Y105.003 E-.1144
G1 X113.476 Y105.024 E-.08207
G1 X113.803 Y105.045 E-.08207
G1 X114.13 Y105.066 E-.08207
;WIPE_END
G1 E-.025
M205 X8 Y8
G1 X112.426 Y112.506 Z1.2 F7200
G1 X111.87 Y114.934 Z1.2
G1 Z.8
G1 E5 F2400
M205 X10 Y10
;WIDTH:0.563486
G1 F2700
G1 X112.197 Y114.955 E.0139
;WIDTH:0.521552
G1 X112.524 Y114.976 E.01278
;WIDTH:0.479618
G1 X112.851 Y114.997 E.01166
;WIDTH:0.464014
G1 X113.308 Y114.984 E.01568
;WIDTH:0.490344
G1 X113.764 Y114.971 E.01666
G1 E-4.5
;WIPE_START
G1 X113.308 Y114.984 E-.1144
G1 X112.851 Y114.997 E-.1144
G1 X112.524 Y114.976 E-.08207
G1 X112.197 Y114.955 E-.08207
G1 X111.87 Y114.934 E-.08207
;WIPE_END
G1 E-.025
M205 X8 Y8
G1 X115.692 Y114.631 Z1.2 F7200
G1 Z.8
G1 E5 F2400
M205 X10 Y10
;TYPE:Internal solid infill
;WIDTH:0.38292
G1 F3600
G1 X116.454 Y113.987 E.02764
G1 X117.171 Y113.251 E.02847
G1 X117.33 Y113.059 E.00691
M205 X8 Y8
G1 X122.897 Y114.889 F7200
M205 X10 Y10
;WIDTH:0.453876
G1 F3600
G1 X125.144 Y112.643 E.10639
G1 X125.011 Y112.194 E.01566
G1 X122.518 Y114.687 E.11807
G1 X121.937 Y114.687 E.01946
G1 X124.896 Y111.728 E.14012
G1 X124.802 Y111.241 E.01663
G1 X121.356 Y114.687 E.16322
G1 X120.775 Y114.687 E.01946
G1 X124.75 Y110.712 E.18827
G1 X124.714 Y110.166 E.01831
G1 X120.193 Y114.687 E.2141
G1 X119.612 Y114.687 E.01946
G1 X124.721 Y109.578 E.24194
G1 X124.779 Y108.939 E.02151
G1 X119.031 Y114.687 E.27223
G1 X118.45 Y114.687 E.01946
G1 X124.931 Y108.206 E.30692
G1 X125.08 Y107.539 E.0229
G1 X125.118 Y107.438 E.00359
G1 X117.869 Y114.687 E.34329
G1 X117.288 Y114.687 E.01946
G1 X125.526 Y106.448 E.39018
G1 X125.841 Y105.818 E.02359
G1 X126.181 Y105.294 E.02091
G1 X126.099 Y105.294 E.00272
G1 X116.706 Y114.687 E.44484
G1 X116.125 Y114.687 E.01946
G1 X125.518 Y105.294 E.44484
G1 X124.937 Y105.294 E.01946
G1 X117.532 Y112.699 E.35069
G1 X117.729 Y112.37 E.01284
G1 X117.832 Y112.152 E.00809
G1 X118.019 Y111.631 E.01852
G1 X124.356 Y105.294 E.30012
G1 X123.775 Y105.294 E.01946
G1 X118.201 Y110.867 E.26394
G1 X118.287 Y110.201 E.02251
G1 X123.193 Y105.294 E.23237
G1 X122.612 Y105.294 E.01946
G1 X118.257 Y109.65 E.20627
G1 X118.231 Y109.188 E.01549
G1 X118.213 Y109.112 E.00261
G1 X122.031 Y105.294 E.18083
G1 X121.45 Y105.294 E.01946
G1 X118.098 Y108.646 E.15876
G1 X117.97 Y108.193 E.01578
G1 X121.052 Y105.111 E.14595
M205 X8 Y8
G1 X117.51 Y113.012 F7200
M205 X10 Y10
;TYPE:Gap infill
;WIDTH:0.145373
G1 F2400
G1 X117.34 Y112.861 E.0019
M205 X8 Y8
G1 X123.724 Y114.584 F7200
M205 X10 Y10
;TYPE:Internal solid infill
;WIDTH:0.449999
G1 F3600
G1 X125.946 Y114.584 E.07371
G1 X125.439 Y113.689 E.0341
G1 X125.196 Y113.112 E.02079
G1 X123.752 Y114.555 E.06774
M205 X8 Y8
G1 X124.619 Y114.213 F7200
M205 X10 Y10
;WIDTH:0.37743
G1 F3600
G1 X125.309 Y114.213 E.01883
G1 X125.067 Y113.765 E.01389
G1 X124.647 Y114.185 E.01619
M205 X8 Y8
G1 X115.832 Y105.416 F7200
M205 X10 Y10
;WIDTH:0.449999
G1 F3600
G1 X116.321 Y105.726 E.0192
G1 X117.077 Y106.442 E.03453
G1 X117.692 Y107.306 E.03519
G1 X117.901 Y107.741 E.01601
G1 X120.226 Y105.416 E.10904
G1 X115.872 Y105.416 E.14441
M205 X8 Y8
G1 X117.016 Y105.823 F7200
M205 X10 Y10
G1 F3600
G1 X117.435 Y106.237 E.01954
G1 X118.013 Y107.054 E.03318
G1 X119.243 Y105.823 E.05771
G1 X117.056 Y105.823 E.07256
M205 X8 Y8
G1 X118.111 Y106.246 F7200
M205 X10 Y10
;WIDTH:0.602402
G1 F3600
G1 X118.041 Y106.246 E.00319
G1 X118.006 Y106.307 E.00319
G1 X118.041 Y106.367 E.00319
G1 X118.111 Y106.367 E.00319
G1 X118.126 Y106.341 E.00136
G1 E-4.5 F2700
;WIPE_START
G1 F3600
G1 X118.111 Y106.367 E-.04591
G1 X118.041 Y106.367 E-.10727
G1 X118.006 Y106.307 E-.10727
G1 X118.041 Y106.246 E-.10727
G1 X118.111 Y106.246 E-.10727
;WIPE_END
G1 E-.025 F2700
M205 X8 Y8
G1 X110.49 Y106.653 Z1.2 F7200
G1 X108.79 Y106.744 Z1.2
G1 Z.8
M73 P20 R21
G1 E5 F2400
M205 X10 Y10
;WIDTH:0.38292
G1 F3600
G1 X109.52 Y105.994 E.02899
G1 X110.197 Y105.414 E.02468
M205 X8 Y8
G1 X102.761 Y105.416 F7200
M205 X10 Y10
;WIDTH:0.449999
G1 F3600
G1 X99.982 Y105.416 E.09219
;WIDTH:0.471704
G1 X99.8 Y105.438 E.00638
;WIDTH:0.515112
G1 X99.619 Y105.46 E.00702
;WIDTH:0.580141
G1 X99.438 Y105.481 E.00799
G1 X76.417 Y105.481 E1.00777
G1 X76.303 Y105.484 E.00499
G1 X75.769 Y106.019 E.0331
G1 X99.271 Y106.019 E1.02888
;WIDTH:0.55852
G1 X99.475 Y106.089 E.00904
;WIDTH:0.515112
G1 X99.678 Y106.16 E.00828
;WIDTH:0.452003
G1 X99.881 Y106.23 E.00717
G1 X100.357 Y106.609 E.02028
G1 X100.597 Y107.054 E.01685
G1 X100.689 Y107.488 E.01479
G1 X102.733 Y105.445 E.09634
M205 X8 Y8
G1 X101.614 Y105.891 F7200
M205 X10 Y10
;WIDTH:0.585549
G1 F3600
G1 X100.232 Y105.891 E.06112
G1 X100.666 Y106.249 E.02485
G1 X100.831 Y106.46 E.01188
G1 X100.903 Y106.603 E.00705
G1 X101.586 Y105.919 E.04275
M205 X8 Y8
G1 X108.478 Y112.94 F7200
M205 X10 Y10
;WIDTH:0.449999
G1 F3600
G1 X106.834 Y114.584 E.07709
G1 X110.168 Y114.584 E.11057
G1 X109.679 Y114.274 E.0192
G1 X108.923 Y113.558 E.03453
G1 X108.501 Y112.973 E.02394
M205 X8 Y8
G1 X108.423 Y113.596 F7200
M205 X10 Y10
;WIDTH:0.486174
G1 F3600
G1 X107.861 Y114.159 E.02874
G1 X108.939 Y114.159 E.03894
G1 X108.57 Y113.8 E.0186
G1 X108.447 Y113.628 E.00762
M205 X8 Y8
G1 X106.008 Y114.889 F7200
M205 X10 Y10
;WIDTH:0.4537
G1 F3600
G1 X108.363 Y112.534 E.11149
G1 X108.177 Y112.14 E.0146
G1 X105.611 Y114.706 E.12149
G1 X105.03 Y114.706 E.01945
G1 X108.003 Y111.732 E.14076
G1 X107.885 Y111.269 E.016
G1 X104.449 Y114.706 E.16269
G1 X103.868 Y114.706 E.01945
G1 X107.774 Y110.799 E.18492
G1 X107.756 Y110.724 E.00261
G1 X107.733 Y110.26 E.01555
G1 X103.287 Y114.706 E.21048
G1 X102.706 Y114.706 E.01945
G1 X107.726 Y109.686 E.23763
G1 X107.816 Y109.015 E.02268
G1 X102.125 Y114.706 E.26941
G1 X101.544 Y114.706 E.01945
G1 X108.037 Y108.213 E.30738
G1 X108.168 Y107.848 E.01296
G1 X108.271 Y107.63 E.00809
G1 X108.618 Y107.051 E.02258
G1 X100.963 Y114.706 E.36236
G1 X100.382 Y114.706 E.01945
G1 X109.775 Y105.313 E.44464
G1 X109.194 Y105.313 E.01945
G1 X99.801 Y114.706 E.44464
G1 X99.22 Y114.706 E.01945
G1 X108.613 Y105.313 E.44464
G1 X108.032 Y105.313 E.01945
G1 X98.639 Y114.706 E.44464
G1 X98.595 Y114.706 E.00149
G1 X98.576 Y114.687 E.00089
G1 X98.077 Y114.687 E.01669
G1 X98.63 Y114.134 E.02618
M205 X8 Y8
G1 X100.361 Y112.403 F7200
M205 X10 Y10
G1 F3600
G1 X107.451 Y105.313 E.33565
G1 X106.87 Y105.313 E.01945
G1 X100.544 Y111.639 E.29948
G1 X100.544 Y111.058 E.01945
G1 X106.289 Y105.313 E.27198
G1 X105.709 Y105.313 E.01945
G1 X100.544 Y110.477 E.24448
G1 X100.544 Y109.896 E.01945
G1 X105.128 Y105.313 E.21697
G1 X104.547 Y105.313 E.01945
G1 X100.544 Y109.316 E.18947
G1 X100.544 Y108.735 E.01945
G1 X103.966 Y105.313 E.16197
G1 X103.535 Y105.313 E.01441
G1 X103.516 Y105.294 E.00089
G1 X103.404 Y105.294 E.00377
G1 X100.361 Y108.337 E.14404
M205 X8 Y8
G1 X108.811 Y106.907 F7200
M205 X10 Y10
;TYPE:Gap infill
;WIDTH:0.10245
G1 F2400
G1 X108.631 Y106.748 E.00117
G1 E-4.5 F2700
;WIPE_START
G1 F2400
G1 X108.811 Y106.907 E-.475
;WIPE_END
G1 E-.025 F2700
M205 X8 Y8
G1 X101.345 Y108.491 Z1.2 F7200
G1 X74.37 Y114.214 Z1.2
G1 Z.8
G1 E5 F2400
M205 X10 Y10
;TYPE:Internal solid infill
;WIDTH:0.375266
G1 F3600
G1 X74.029 Y114.129 E.00953
G1 X73.694 Y113.922 E.01065
G1 X73.578 Y113.822 E.00417
G1 X73.185 Y114.214 E.01503
G1 X74.33 Y114.214 E.03102
M205 X8 Y8
G1 X98.134 Y113.981 F7200
M205 X10 Y10
;WIDTH:0.580224
G1 F3600
G1 X74.729 Y113.981 E1.02475
;WIDTH:0.55852
G1 X74.525 Y113.911 E.00904
;WIDTH:0.515112
G1 X74.322 Y113.84 E.00828
;WIDTH:0.451042
G1 X74.119 Y113.77 E.00716
G1 X73.643 Y113.391 E.02023
G1 X73.579 Y113.298 E.00376
G1 X72.293 Y114.584 E.06049
G1 X74.018 Y114.584 E.0574
;WIDTH:0.471704
G1 X74.2 Y114.562 E.00638
;WIDTH:0.515112
G1 X74.381 Y114.54 E.00702
;WIDTH:0.579893
G1 X74.562 Y114.519 E.00799
G1 X97.485 Y114.519 E1.00302
G1 X97.599 Y114.516 E.00499
G1 X98.105 Y114.01 E.03133
M205 X8 Y8
G1 X98.455 Y113.864 F7200
M205 X10 Y10
;WIDTH:0.407549
G1 F3600
G1 X98.547 Y113.891 E.00285
;WIDTH:0.456806
G1 X98.639 Y113.918 E.00323
;WIDTH:0.481435
G1 X98.731 Y113.945 E.00342
M205 X8 Y8
G1 X73.664 Y112.692 F7200
M205 X10 Y10
;WIDTH:0.453015
G1 F3600
G1 X71.65 Y114.706 E.09519
G1 X71.07 Y114.706 E.01938
G1 X73.456 Y112.32 E.11275
G1 X73.456 Y111.74 E.01938
G1 X70.49 Y114.706 E.14016
G1 X69.91 Y114.706 E.01938
G1 X73.456 Y111.16 E.16756
G1 X73.456 Y110.58 E.01938
G1 X69.33 Y114.706 E.19497
G1 X68.75 Y114.706 E.01938
G1 X73.456 Y110 E.22238
G1 X73.456 Y109.42 E.01938
G1 X68.17 Y114.706 E.24979
G1 X67.59 Y114.706 E.01938
G1 X73.456 Y108.84 E.2772
G1 X73.456 Y108.26 E.01938
G1 X67.01 Y114.706 E.30461
G1 X66.43 Y114.706 E.01938
G1 X73.639 Y107.497 E.34067
M205 X8 Y8
G1 X74.747 Y106.389 F7200
M205 X10 Y10
G1 F3600
G1 X75.823 Y105.313 E.05085
G1 X75.243 Y105.313 E.01938
G1 X65.851 Y114.706 E.4439
G1 X65.294 Y114.706 E.01859
G1 X65.294 Y114.682 E.00079
G1 X74.663 Y105.313 E.44279
G1 X74.083 Y105.313 E.01938
G1 X65.294 Y114.102 E.41538
G1 X65.294 Y113.522 E.01938
G1 X73.504 Y105.313 E.38797
G1 X72.924 Y105.313 E.01938
G1 X65.294 Y112.942 E.36056
G1 X65.294 Y112.362 E.01938
G1 X72.344 Y105.313 E.33316
G1 X71.764 Y105.313 E.01938
G1 X65.294 Y111.783 E.30575
G1 X65.294 Y111.203 E.01938
M73 P21 R21
G1 X71.184 Y105.313 E.27834
G1 X70.604 Y105.313 E.01938
G1 X65.294 Y110.623 E.25093
G1 X65.294 Y110.043 E.01938
G1 X70.024 Y105.313 E.22352
G1 X69.444 Y105.313 E.01938
G1 X65.294 Y109.463 E.19611
G1 X65.294 Y108.883 E.01938
G1 X68.864 Y105.313 E.1687
G1 X68.284 Y105.313 E.01938
G1 X65.294 Y108.303 E.14129
G1 X65.294 Y107.723 E.01938
G1 X67.704 Y105.313 E.11389
G1 X67.124 Y105.313 E.01938
G1 X65.294 Y107.143 E.08648
G1 X65.294 Y106.563 E.01938
G1 X66.544 Y105.313 E.05907
G1 X66.115 Y105.313 E.01434
G1 X66.096 Y105.294 E.00089
G1 X65.983 Y105.294 E.00378
G1 X65.111 Y106.166 E.04121
M205 X8 Y8
G1 X65.417 Y105.355 F7200
M205 X10 Y10
;WIDTH:0.405696
G1 F3600
G1 X65.349 Y105.394 E.00232
G1 X65.419 Y105.429 E.00233
G1 E-4.5 F2700
;WIPE_START
G1 F3600
G1 X65.349 Y105.394 E-.23778
G1 X65.417 Y105.355 E-.23722
;WIPE_END
G1 E-.025 F2700
M205 X8 Y8
G1 X72.985 Y106.343 Z1.2 F7200
G1 X139.243 Y114.991 Z1.2
G1 Z.8
G1 E5 F2400
M205 X10 Y10
;TYPE:Inner wall
;WIDTH:0.449999
G1 F2700
G1 X139.485 Y114.697 E.01262
G1 X139.906 Y114.051 E.0256
G1 X140.413 Y113.034 E.03768
G1 X140.678 Y112.275 E.02669
G1 X140.871 Y111.473 E.02733
G1 X140.974 Y110.737 E.02468
G1 X141.008 Y109.952 E.02607
G1 X140.965 Y109.167 E.02607
G1 X140.845 Y108.39 E.02606
G1 X140.649 Y107.629 E.02609
G1 X140.38 Y106.891 E.02606
G1 X140.04 Y106.182 E.02607
G1 X139.631 Y105.511 E.02607
G1 X139.26 Y105.009 E.02071
G1 X154.991 Y105.009 E.52184
G1 X154.991 Y114.991 E.33111
G1 X139.283 Y114.991 E.52106
G1 E-4.5
;WIPE_START
G1 X139.485 Y114.697 E-.0846
G1 X139.906 Y114.051 E-.18328
G1 X140.296 Y113.27 E-.20712
;WIPE_END
G1 E-.025
M205 X8 Y8
G1 X138.351 Y115.398 Z1.2 F7200
G1 Z.8
G1 E5 F2400
M205 X10 Y10
G1 F2700
G1 X139.128 Y114.5 E.0394
G1 X139.542 Y113.869 E.02502
G1 X140.037 Y112.876 E.0368
G1 X140.283 Y112.177 E.02458
G1 X140.468 Y111.414 E.02604
G1 X140.568 Y110.717 E.02338
G1 X140.601 Y109.972 E.02474
G1 X140.562 Y109.227 E.02475
G1 X140.45 Y108.489 E.02474
G1 X140.266 Y107.766 E.02476
G1 X140.012 Y107.065 E.02474
G1 X139.69 Y106.392 E.02474
G1 X139.305 Y105.753 E.02475
G1 X138.858 Y105.156 E.02474
G1 X138.356 Y104.604 E.02477
G1 X155.398 Y104.602 E.56532
G1 X155.398 Y115.398 E.35812
G1 X138.391 Y115.398 E.56416
G1 E-4.5
;WIPE_START
G1 X139.128 Y114.5 E-.27597
G1 X139.542 Y113.869 E-.17915
G1 X139.579 Y113.794 E-.01988
;WIPE_END
G1 E-.025
M205 X8 Y8
G1 X137.308 Y115.786 Z1.2 F7200
G1 Z.8
G1 E5 F2400
M205 X10 Y10
;TYPE:Outer wall
;WIDTH:0.419999
G1 X138.099 Y115.098 E.03219
G1 X138.814 Y114.264 E.03376
G1 X139.191 Y113.694 E.021
G1 X139.675 Y112.723 E.03333
G1 X139.902 Y112.084 E.02086
G1 X140.08 Y111.357 E.02297
G1 X140.176 Y110.697 E.02049
G1 X140.21 Y109.991 E.02174
G1 X140.174 Y109.284 E.02174
G1 X140.069 Y108.585 E.02173
G1 X139.897 Y107.898 E.02176
G1 X139.657 Y107.232 E.02173
G1 X139.354 Y106.593 E.02174
G1 X138.99 Y105.987 E.02174
G1 X138.568 Y105.419 E.02173
G1 X138.091 Y104.895 E.02176
G1 X137.581 Y104.433 E.02116
G1 X137.269 Y104.21 E.01178
G1 X155.79 Y104.21 E.56909
G1 X155.79 Y115.79 E.35582
G1 X137.348 Y115.786 E.56666
G1 E-4.5 F2700
;WIPE_START
G1 F2400
G1 X138.099 Y115.098 E-.24175
G1 X138.738 Y114.352 E-.23325
;WIPE_END
G1 E-.025 F2700
M205 X8 Y8
G1 X139.851 Y106.801 Z1.2 F7200
G1 X140.055 Y105.416 Z1.2
G1 Z.8
G1 E5 F2400
M205 X10 Y10
;TYPE:Internal solid infill
;WIDTH:0.449999
G1 F3600
G1 X140.445 Y106.077 E.02546
G1 X140.748 Y106.717 E.02347
G1 X141.056 Y107.581 E.03042
G1 X143.22 Y105.416 E.10153
G1 X140.095 Y105.416 E.10367
M205 X8 Y8
G1 X140.767 Y105.823 F7200
M205 X10 Y10
G1 F3600
G1 X141.023 Y106.346 E.01929
G1 X141.225 Y106.835 E.01756
G1 X142.237 Y105.823 E.04745
G1 X140.807 Y105.823 E.04743
M205 X8 Y8
G1 X141.374 Y106.154 F7200
M205 X10 Y10
;WIDTH:0.36775
G1 F3600
G1 X141.313 Y106.189 E.00186
G1 X141.374 Y106.224 E.00186
M205 X8 Y8
G1 X153.719 Y114.545 F7200
M205 X10 Y10
;WIDTH:0.526985
G1 F3600
G1 X154.545 Y114.545 E.0326
G1 X154.545 Y113.719 E.0326
G1 X153.747 Y114.517 E.04452
M205 X8 Y8
G1 X154.889 Y112.801 F7200
M205 X10 Y10
;WIDTH:0.452466
G1 F3600
G1 X152.984 Y114.706 E.08992
G1 X152.405 Y114.706 E.01933
G1 X154.706 Y112.405 E.1086
G1 X154.706 Y111.826 E.01933
G1 X151.826 Y114.706 E.13594
G1 X151.246 Y114.706 E.01933
G1 X154.706 Y111.246 E.16328
G1 X154.706 Y110.667 E.01933
G1 X150.667 Y114.706 E.19061
G1 X150.088 Y114.706 E.01933
G1 X154.706 Y110.088 E.21795
G1 X154.706 Y109.509 E.01933
G1 X149.509 Y114.706 E.24528
G1 X148.93 Y114.706 E.01933
G1 X154.706 Y108.93 E.27262
M73 P21 R20
G1 X154.706 Y108.35 E.01933
G1 X148.35 Y114.706 E.29995
G1 X147.771 Y114.706 E.01933
G1 X154.706 Y107.771 E.32729
G1 X154.706 Y107.192 E.01933
G1 X147.192 Y114.706 E.35462
G1 X146.613 Y114.706 E.01933
G1 X154.706 Y106.613 E.38196
G1 X154.706 Y106.034 E.01933
G1 X146.034 Y114.706 E.40929
G1 X145.455 Y114.706 E.01933
G1 X154.706 Y105.455 E.43663
G1 X154.706 Y105.294 E.00535
G1 X154.287 Y105.294 E.01398
G1 X144.875 Y114.706 E.4442
G1 X144.296 Y114.706 E.01933
G1 X153.708 Y105.294 E.4442
G1 X153.129 Y105.294 E.01933
G1 X143.717 Y114.706 E.4442
G1 X143.138 Y114.706 E.01933
G1 X152.55 Y105.294 E.4442
G1 X151.97 Y105.294 E.01933
M73 P22 R20
G1 X142.559 Y114.706 E.4442
G1 X141.979 Y114.706 E.01933
G1 X151.391 Y105.294 E.4442
G1 X150.812 Y105.294 E.01933
G1 X141.4 Y114.706 E.4442
G1 X140.821 Y114.706 E.01933
G1 X150.233 Y105.294 E.4442
G1 X149.654 Y105.294 E.01933
G1 X140.242 Y114.706 E.4442
G1 X139.819 Y114.706 E.0141
G1 X140.109 Y114.26 E.01775
G1 X149.074 Y105.294 E.42314
G1 X148.495 Y105.294 E.01933
G1 X140.681 Y113.108 E.3688
G1 X140.919 Y112.462 E.02299
G1 X140.975 Y112.235 E.0078
G1 X147.916 Y105.294 E.32758
G1 X147.337 Y105.294 E.01933
G1 X141.159 Y111.472 E.2916
G1 X141.252 Y110.8 E.02268
G1 X146.758 Y105.294 E.25983
G1 X146.179 Y105.294 E.01933
G1 X141.285 Y110.187 E.23094
G1 X141.276 Y109.617 E.01902
G1 X145.599 Y105.294 E.20404
G1 X145.02 Y105.294 E.01933
G1 X141.235 Y109.079 E.17864
G1 X141.164 Y108.572 E.01711
G1 X144.441 Y105.294 E.15468
G1 X143.862 Y105.294 E.01933
G1 X140.908 Y108.248 E.13941
M205 X8 Y8
G1 X140.619 Y113.312 F7200
M205 X10 Y10
;TYPE:Gap infill
;WIDTH:0.201239
G1 F2400
G1 X140.517 Y113.453 E.00225
;WIDTH:0.157451
G1 X140.415 Y113.595 E.00163
;WIDTH:0.135558
G1 X140.313 Y113.737 E.00132
; stop printing object 05_probe_bridge.stl id:0 copy 0
;TIME_ELAPSED:358.673187

;LAYER_CHANGE
;:1
;HEIGHT:0.2
;BEFORE_LAYER_CHANGE
;1
G92 E0

G1 E-4.5 F2700
;WIPE_START
G1 F2400
G1 X140.415 Y113.595 E-.475
;WIPE_END
G1 E-.025 F2700
;_SET_FAN_SPEED_CHANGING_LAYER
; OBJECT_ID: 15
; printing object 05_probe_bridge.stl id:0 copy 0
M205 X8 Y8
G17
G3 Z1.2 I-.057 J-1.216 P1  F7200
G1 X111.87 Y114.934 Z1.2
G1 Z1
G1 E5 F2400
M205 X10 Y10
;TYPE:Inner wall
;WIDTH:0.563484
G1 F2700
G1 X111.766 Y114.949 E.00444
;WIDTH:0.533862
G1 X111.662 Y114.964 E.00419
;WIDTH:0.504239
G1 X111.268 Y114.977 E.01483
;WIDTH:0.477119
G1 X110.874 Y114.991 E.01395
;WIDTH:0.449999
G1 X65.009 Y114.991 E1.52142
G1 X65.009 Y105.009 E.33111
G1 X111.375 Y105.009 E1.53803
;WIDTH:0.49034
G1 X112.166 Y105.048 E.02888
;WIDTH:0.482977
G1 X111.223 Y105.321 E.0352
;WIDTH:0.449999
G1 X110.344 Y105.757 E.03255
G1 X109.568 Y106.357 E.03255
G1 X108.923 Y107.097 E.03255
G1 X108.435 Y107.948 E.03255
G1 X108.122 Y108.878 E.03255
G1 X107.997 Y109.851 E.03255
G1 X108.064 Y110.83 E.03255
G1 X108.321 Y111.777 E.03255
G1 X108.757 Y112.656 E.03255
G1 X109.357 Y113.432 E.03255
G1 X110.097 Y114.077 E.03255
G1 X110.948 Y114.565 E.03255
;WIDTH:0.487828
G1 X111.255 Y114.688 E.012
;WIDTH:0.525656
G1 X111.562 Y114.811 E.01302
;WIDTH:0.563484
G1 X111.832 Y114.919 E.01234
G1 E-4.5
;WIPE_START
G1 X111.766 Y114.949 E-.01729
G1 X111.662 Y114.964 E-.02486
G1 X111.268 Y114.977 E-.09367
G1 X110.874 Y114.991 E-.09367
G1 X109.84 Y114.991 E-.24551
;WIPE_END
G1 E-.025
M205 X8 Y8
G1 X102.402 Y113.282 Z1.4 F7200
G1 X74.07 Y106.773 Z1.4
G1 Z1
G1 E5 F2400
M205 X10 Y10
;WIDTH:0.449999
G1 F2700
G1 X74.264 Y106.607 E.00846
G1 X74.601 Y106.491 E.01183
G1 X99.271 Y106.491 E.81836
G1 X99.736 Y106.607 E.01589
G1 X100.062 Y106.886 E.01421
G1 X100.22 Y107.202 E.01172
G1 X100.259 Y107.479 E.00927
G1 X100.259 Y112.521 E.16728
G1 X100.22 Y112.798 E.00927
G1 X100.062 Y113.114 E.01172
G1 X99.736 Y113.393 E.01421
G1 X99.399 Y113.509 E.01183
G1 X74.729 Y113.509 E.81836
G1 X74.264 Y113.393 E.01589
G1 X73.938 Y113.114 E.01421
G1 X73.78 Y112.798 E.01172
G1 X73.741 Y112.521 E.00927
G1 X73.741 Y107.479 E.16728
G1 X73.78 Y107.202 E.00927
G1 X73.938 Y106.886 E.01172
G1 X74.04 Y106.799 E.00442
M205 X8 Y8
G1 X74.329 Y107.075 F7200
M205 X10 Y10
G1 F2700
G1 X74.455 Y106.966 E.00553
G1 X74.729 Y106.898 E.00934
G1 X99.271 Y106.898 E.81413
G1 X99.545 Y106.966 E.00934
G1 X99.736 Y107.13 E.00836
G1 X99.852 Y107.362 E.00861
G1 X99.852 Y112.521 E.17113
G1 X99.829 Y112.684 E.00545
G1 X99.736 Y112.87 E.00689
G1 X99.545 Y113.034 E.00836
G1 X99.271 Y113.102 E.00934
G1 X74.729 Y113.102 E.81413
G1 X74.455 Y113.034 E.00934
G1 X74.264 Y112.87 E.00836
G1 X74.148 Y112.638 E.00861
G1 X74.148 Y107.479 E.17113
G1 X74.171 Y107.316 E.00545
G1 X74.264 Y107.13 E.00689
G1 X74.298 Y107.101 E.00149
M205 X8 Y8
G1 X74.578 Y107.365 F7200
M205 X10 Y10
;TYPE:Outer wall
;WIDTH:0.419999
G1 F2400
G1 X74.729 Y107.29 E.00518
G1 X99.271 Y107.29 E.75413
G1 X99.422 Y107.365 E.00518
G1 X99.46 Y107.479 E.00366
G1 X99.46 Y112.521 E.15495
G1 X99.422 Y112.635 E.00366
G1 X99.334 Y112.71 E.00356
G1 X74.729 Y112.71 E.75607
G1 X74.578 Y112.635 E.00518
G1 X74.54 Y112.521 E.00366
G1 X74.54 Y107.479 E.15495
G1 X74.565 Y107.403 E.00243
G1 E-4.5 F2700
;WIPE_START
G1 F2400
G1 X74.729 Y107.29 E-.04725
G1 X76.53 Y107.29 E-.42775
;WIPE_END
G1 E-.025 F2700
M205 X8 Y8
G1 X84.017 Y108.77 Z1.4 F7200
G1 X114.424 Y114.782 Z1.4
G1 Z1
G1 E5 F2400
M205 X10 Y10
;TYPE:Inner wall
;WIDTH:0.482977
G1 F2700
G1 X114.777 Y114.679 E.0132
;WIDTH:0.449999
G1 X115.656 Y114.243 E.03255
G1 X116.432 Y113.643 E.03255
G1 X117.077 Y112.903 E.03255
G1 X117.565 Y112.052 E.03255
M73 P23 R20
G1 X117.878 Y111.122 E.03255
G1 X117.994 Y110.342 E.02615
G1 X117.988 Y109.85 E.01632
G1 X117.936 Y109.17 E.02264
G1 X117.679 Y108.223 E.03255
G1 X117.243 Y107.344 E.03255
G1 X116.643 Y106.568 E.03255
G1 X115.903 Y105.923 E.03255
G1 X115.052 Y105.435 E.03255
;WIDTH:0.487827
G1 X114.745 Y105.312 E.012
;WIDTH:0.525655
G1 X114.438 Y105.189 E.01302
;WIDTH:0.563482
G1 X114.13 Y105.066 E.01404
G1 X114.234 Y105.051 E.00444
;WIDTH:0.533861
G1 X114.338 Y105.036 E.00419
;WIDTH:0.504239
G1 X114.732 Y105.023 E.01483
;WIDTH:0.477119
G1 X115.126 Y105.009 E.01395
;WIDTH:0.449999
G1 X126.74 Y105.009 E.38527
G1 X126.315 Y105.591 E.02393
G1 X125.905 Y106.29 E.02686
G1 X125.46 Y107.293 E.03639
G1 X125.219 Y108.106 E.02815
G1 X125.063 Y108.947 E.02837
G1 X125.001 Y109.959 E.03363
G1 X125.009 Y110.507 E.01819
G1 X125.086 Y111.223 E.02387
G1 X125.244 Y111.993 E.02607
G1 X125.476 Y112.743 E.02607
G1 X125.795 Y113.493 E.02701
G1 X126.364 Y114.485 E.03795
G1 X126.74 Y114.991 E.0209
G1 X114.625 Y114.991 E.40188
;WIDTH:0.49034
G1 X113.764 Y114.971 E.0314
G1 X113.834 Y114.952 E.00264
;WIDTH:0.482977
G1 X114.385 Y114.793 E.02057
G1 E-4.5
;WIPE_START
G1 X114.777 Y114.679 E-.09691
G1 X115.656 Y114.243 E-.23304
G1 X116.139 Y113.869 E-.14504
;WIPE_END
G1 E-.025
M205 X8 Y8
G1 X123.705 Y114.874 Z1.4 F7200
G1 X127.644 Y115.396 Z1.4
G1 Z1
G1 E5 F2400
M205 X10 Y10
;WIDTH:0.449999
G1 F2700
G1 X64.602 Y115.398 E2.09122
G1 X64.602 Y104.602 E.35812
G1 X127.649 Y104.602 E2.09138
G1 X127.106 Y105.2 E.0268
G1 X126.664 Y105.801 E.02474
G1 X126.277 Y106.455 E.02521
G1 X125.843 Y107.433 E.0355
G1 X125.619 Y108.184 E.02599
G1 X125.468 Y108.986 E.02709
G1 X125.408 Y109.957 E.03227
G1 X125.414 Y110.467 E.01691
G1 X125.485 Y111.144 E.02257
G1 X125.633 Y111.875 E.02475
G1 X125.853 Y112.588 E.02475
G1 X126.149 Y113.29 E.02529
G1 X126.706 Y114.263 E.03718
G1 X127.142 Y114.844 E.02411
G1 X127.617 Y115.367 E.02344
G1 E-4.5
;WIPE_START
G1 X125.617 Y115.368 E-.475
;WIPE_END
G1 E-.025
M205 X8 Y8
G1 X128.731 Y115.79 Z1.4 F7200
G1 Z1
G1 E5 F2400
M205 X10 Y10
;TYPE:Outer wall
;WIDTH:0.419999
G1 X64.21 Y115.79 E1.98254
G1 X64.21 Y104.21 E.35582
G1 X128.692 Y104.214 E1.98134
G1 X127.903 Y104.9 E.03211
G1 X127.421 Y105.434 E.0221
G1 X127 Y106.002 E.02173
G1 X126.635 Y106.613 E.02187
G1 X126.212 Y107.569 E.03211
G1 X126.004 Y108.258 E.02212
G1 X125.858 Y109.024 E.02395
G1 X125.798 Y109.656 E.01952
G1 X125.804 Y110.428 E.0237
G1 X125.87 Y111.067 E.01975
G1 X126.009 Y111.761 E.02174
G1 X126.215 Y112.438 E.02174
G1 X126.489 Y113.096 E.0219
G1 X127.034 Y114.047 E.03368
G1 X127.432 Y114.581 E.02048
G1 X127.909 Y115.105 E.02176
G1 X128.419 Y115.567 E.02116
G1 X128.698 Y115.767 E.01055
G1 E-4.5 F2700
;WIPE_START
G1 F2400
G1 X126.698 Y115.767 E-.475
;WIPE_END
G1 E-.025 F2700
M205 X8 Y8
G1 X119.112 Y114.925 Z1.4 F7200
G1 X114.301 Y114.391 Z1.4
G1 Z1
G1 E5 F2400
M205 X10 Y10
;TYPE:Inner wall
;WIDTH:0.449999
G1 F2700
G1 X113.731 Y114.541 E.01957
G1 X112.831 Y114.597 E.02991
G1 X111.938 Y114.475 E.02991
G1 X111.085 Y114.182 E.02991
G1 X110.306 Y113.728 E.02991
G1 X109.63 Y113.131 E.02991
G1 X109.084 Y112.413 E.02991
G1 X108.689 Y111.603 E.02991
G1 X108.459 Y110.731 E.02991
G1 X108.403 Y109.831 E.02991
G1 X108.525 Y108.938 E.02991
G1 X108.818 Y108.085 E.02991
G1 X109.272 Y107.306 E.02991
G1 X109.869 Y106.63 E.02991
G1 X110.587 Y106.084 E.02991
G1 X111.397 Y105.689 E.02991
G1 X112.269 Y105.459 E.02991
G1 X113.169 Y105.403 E.02991
G1 X114.062 Y105.525 E.02991
G1 X114.915 Y105.818 E.02991
G1 X115.694 Y106.272 E.02991
G1 X116.37 Y106.869 E.02991
G1 X116.916 Y107.587 E.02991
G1 X117.311 Y108.397 E.02991
G1 X117.541 Y109.269 E.02991
G1 X117.591 Y110.283 E.03367
G1 X117.475 Y111.062 E.02615
G1 X117.182 Y111.915 E.02991
G1 X116.728 Y112.694 E.02991
G1 X116.131 Y113.37 E.02991
G1 X115.413 Y113.916 E.02991
G1 X114.603 Y114.311 E.02991
G1 X114.34 Y114.381 E.00902
M205 X8 Y8
G1 X114.203 Y114.016 F7200
M205 X10 Y10
;TYPE:Outer wall
;WIDTH:0.419999
G1 F2400
G1 X113.636 Y114.161 E.01798
G1 X112.812 Y114.205 E.02535
G1 X111.995 Y114.087 E.02535
G1 X111.217 Y113.813 E.02535
G1 X110.507 Y113.392 E.02535
G1 X109.894 Y112.84 E.02535
G1 X109.399 Y112.18 E.02535
G1 X109.043 Y111.435 E.02535
G1 X108.839 Y110.636 E.02535
G1 X108.795 Y109.812 E.02535
G1 X108.913 Y108.995 E.02535
G1 X109.187 Y108.217 E.02535
G1 X109.608 Y107.507 E.02535
G1 X110.16 Y106.894 E.02535
G1 X110.82 Y106.399 E.02535
G1 X111.565 Y106.043 E.02535
G1 X112.364 Y105.839 E.02536
G1 X113.188 Y105.795 E.02535
G1 X114.005 Y105.913 E.02535
G1 X114.783 Y106.187 E.02535
G1 X115.493 Y106.608 E.02535
G1 X116.106 Y107.16 E.02535
G1 X116.601 Y107.82 E.02535
G1 X116.957 Y108.565 E.02535
G1 X117.161 Y109.364 E.02535
G1 X117.203 Y110.225 E.02648
G1 X117.087 Y111.005 E.02422
G1 X116.813 Y111.783 E.02535
G1 X116.392 Y112.493 E.02535
G1 X115.84 Y113.106 E.02535
G1 X115.18 Y113.601 E.02535
G1 X114.435 Y113.957 E.02535
G1 X114.242 Y114.006 E.00614
G1 E-4.5 F2700
;WIPE_START
G1 F2400
G1 X113.636 Y114.161 E-.14849
G1 X112.812 Y114.205 E-.19596
G1 X112.268 Y114.127 E-.13055
;WIPE_END
G1 E-.025 F2700
M205 X8 Y8
G1 X111.87 Y114.934 Z1.4 F7200
G1 Z1
G1 E5 F2400
M205 X10 Y10
;TYPE:Inner wall
;WIDTH:0.563484
G1 F2700
G1 X112.197 Y114.955 E.0139
;WIDTH:0.52155
G1 X112.524 Y114.976 E.01278
;WIDTH:0.479616
G1 X112.851 Y114.997 E.01166
;WIDTH:0.464011
G1 X113.308 Y114.984 E.01568
;WIDTH:0.49034
G1 X113.764 Y114.971 E.01666
G1 E-4.5
;WIPE_START
G1 X113.308 Y114.984 E-.1144
G1 X112.851 Y114.997 E-.1144
G1 X112.524 Y114.976 E-.08207
G1 X112.197 Y114.955 E-.08207
G1 X111.87 Y114.934 E-.08207
;WIPE_END
G1 E-.025
M205 X8 Y8
G1 X113.574 Y107.494 Z1.4 F7200
G1 X114.13 Y105.066 Z1.4
G1 Z1
G1 E5 F2400
M205 X10 Y10
;WIDTH:0.563482
G1 F2700
G1 X113.803 Y105.045 E.0139
;WIDTH:0.521549
G1 X113.476 Y105.024 E.01278
;WIDTH:0.479616
G1 X113.149 Y105.003 E.01166
;WIDTH:0.464011
G1 X112.692 Y105.016 E.01568
;WIDTH:0.49034
G1 X112.236 Y105.029 E.01666
G1 E-4.5
;WIPE_START
G1 X112.692 Y105.016 E-.1144
G1 X113.149 Y105.003 E-.1144
G1 X113.476 Y105.024 E-.08207
G1 X113.803 Y105.045 E-.08207
G1 X114.13 Y105.066 E-.08207
;WIPE_END
G1 E-.025
M205 X8 Y8
G1 X117.717 Y105.294 Z1.4 F7200
G1 Z1
G1 E5 F2400
M205 X10 Y10
;TYPE:Sparse infill
;WIDTH:0.45
G1 F3000
G1 X116.089 Y105.294 E.05401
G1 X115.771 Y105.511 E.01278
G1 X116.053 Y105.68 E.01093
G1 X116.247 Y105.824 E.00801
G1 X116.837 Y106.359 E.02642
G1 X117 Y106.538 E.00801
G1 X117.474 Y107.178 E.02642
G1 X117.598 Y107.385 E.00801
G1 X117.939 Y108.105 E.02642
G1 X118.02 Y108.332 E.00802
G1 X118.231 Y109.188 E.02923
G1 X118.288 Y110.138 E.03157
G1 X118.282 Y110.335 E.00654
G1 X118.159 Y111.168 E.02794
G1 X118.033 Y111.592 E.01469
G1 X118.153 Y111.826 E.00872
G1 X118.22 Y112.481 E.02185
G1 X118.108 Y113.136 E.02205
G1 X117.881 Y113.791 E.023
G1 X117.524 Y114.446 E.02476
G1 X117.303 Y114.706 E.0113
G1 X123.394 Y114.706 E.20204
G1 X123.349 Y114.446 E.00874
G1 X123.122 Y113.791 E.023
G1 X122.765 Y113.136 E.02476
G1 X122.208 Y112.481 E.02853
G1 X121.36 Y111.826 E.03555
G1 X120.398 Y111.171 E.0386
G1 X120.081 Y110.843 E.01513
G1 X119.912 Y110.515 E.01223
G1 X119.845 Y109.86 E.02185
G1 X119.957 Y109.205 E.02205
G1 X120.184 Y108.55 E.023
G1 X120.541 Y107.895 E.02476
G1 X121.098 Y107.24 E.02853
G1 X121.946 Y106.584 E.03555
G1 X122.908 Y105.929 E.0386
G1 X123.225 Y105.602 E.01513
M73 P24 R20
G1 X123.384 Y105.294 E.01148
G1 X126.178 Y105.294 E.09267
G1 X125.877 Y105.767 E.01861
G1 X125.639 Y105.929 E.00953
G1 X125.322 Y106.257 E.01513
G1 X125.153 Y106.584 E.01223
G1 X125.086 Y107.24 E.02185
G1 X125.12 Y107.438 E.00668
G1 X124.94 Y108.048 E.0211
G1 X124.798 Y108.783 E.02482
G1 X124.775 Y109.026 E.00809
G1 E-4.5 F2700
;WIPE_START
G1 F3000
G1 X124.798 Y108.783 E-.05793
G1 X124.94 Y108.048 E-.17772
G1 X125.12 Y107.438 E-.15108
G1 X125.086 Y107.24 E-.04786
G1 X125.103 Y107.07 E-.04042
;WIPE_END
G1 E-.025 F2700
M205 X8 Y8
G1 X117.477 Y106.771 Z1.4 F7200
G1 X79.825 Y105.294 Z1.4
G1 Z1
G1 E5 F2400
M205 X10 Y10
G1 F3000
G1 X81.454 Y105.294 E.05401
G1 X81.295 Y105.602 E.01148
G1 X80.978 Y105.929 E.01513
G1 X80.571 Y106.206 E.0163
G1 X83.441 Y106.206 E.09519
G1 X83.709 Y105.929 E.01278
G1 X84.641 Y105.294 E.03742
G1 X91.936 Y105.294 E.24199
G1 X91.778 Y105.602 E.01148
G1 X91.46 Y105.929 E.01513
G1 X91.054 Y106.206 E.0163
G1 X93.924 Y106.206 E.09519
G1 X94.192 Y105.929 E.01278
G1 X95.124 Y105.294 E.03742
G1 X96.752 Y105.294 E.05401
M205 X8 Y8
G1 X99.14 Y106.206 F7200
M205 X10 Y10
G1 F3000
G1 X99.281 Y106.206 E.00469
G1 X99.87 Y106.353 E.02014
G1 X100.29 Y106.713 E.01833
G1 X100.436 Y107.005 E.01086
G1 X100.981 Y106.584 E.02284
G1 X101.943 Y105.929 E.0386
G1 X102.26 Y105.602 E.01513
G1 X102.419 Y105.294 E.01148
G1 X105.606 Y105.294 E.10573
G1 X104.674 Y105.929 E.03742
G1 X104.357 Y106.257 E.01513
G1 X104.188 Y106.584 E.01223
G1 X104.121 Y107.24 E.02185
G1 X104.233 Y107.895 E.02205
G1 X104.46 Y108.55 E.023
G1 X104.818 Y109.205 E.02476
G1 X105.375 Y109.86 E.02853
G1 X106.223 Y110.515 E.03555
G1 X107.184 Y111.171 E.0386
G1 X107.502 Y111.498 E.01513
G1 X107.671 Y111.826 E.01223
G1 X107.738 Y112.481 E.02185
G1 X107.625 Y113.136 E.02205
G1 X107.398 Y113.791 E.023
G1 X107.041 Y114.446 E.02476
G1 X106.82 Y114.706 E.0113
G1 X102.428 Y114.706 E.14568
G1 X102.384 Y114.446 E.00874
G1 X102.157 Y113.791 E.023
G1 X101.8 Y113.136 E.02476
G1 X101.243 Y112.481 E.02853
G1 X100.544 Y111.941 E.02928
G1 X100.544 Y112.527 E.01944
G1 X100.494 Y112.88 E.01181
G1 X100.29 Y113.287 E.01512
G1 X99.873 Y113.644 E.0182
G1 X99.494 Y113.775 E.01329
G1 X99.275 Y113.794 E.0073
G1 X96.914 Y113.794 E.07831
G1 X96.558 Y114.446 E.02465
G1 X96.338 Y114.706 E.0113
G1 X91.946 Y114.706 E.14568
G1 X91.901 Y114.446 E.00874
G1 X91.675 Y113.794 E.0229
G1 X86.432 Y113.794 E.17395
G1 X86.076 Y114.446 E.02465
G1 X85.855 Y114.706 E.0113
G1 X81.463 Y114.706 E.14568
G1 X81.419 Y114.446 E.00874
G1 X81.193 Y113.794 E.0229
G1 X75.949 Y113.794 E.17395
G1 X75.593 Y114.446 E.02465
G1 X75.372 Y114.706 E.0113
G1 X70.981 Y114.706 E.14568
G1 X70.936 Y114.446 E.00874
G1 X70.709 Y113.791 E.023
G1 X70.352 Y113.136 E.02476
G1 X69.795 Y112.481 E.02853
G1 X68.947 Y111.826 E.03555
G1 X67.985 Y111.171 E.0386
G1 X67.668 Y110.843 E.01513
G1 X67.499 Y110.515 E.01223
G1 X67.432 Y109.86 E.02185
G1 X67.544 Y109.205 E.02205
G1 X67.771 Y108.55 E.023
G1 X68.128 Y107.895 E.02476
G1 X68.685 Y107.24 E.02853
G1 X69.533 Y106.584 E.03555
G1 X70.495 Y105.929 E.0386
G1 X70.812 Y105.602 E.01513
G1 X70.971 Y105.294 E.01148
G1 X74.159 Y105.294 E.10573
G1 X73.226 Y105.929 E.03742
G1 X72.909 Y106.257 E.01513
G1 X72.74 Y106.584 E.01223
G1 X72.673 Y107.24 E.02185
G1 X72.785 Y107.895 E.02205
G1 X73.012 Y108.55 E.023
G1 X73.37 Y109.205 E.02476
G1 X73.456 Y109.306 E.00442
G1 X73.456 Y107.678 E.05401
M205 X8 Y8
G1 X65.294 Y109.584 F7200
M205 X10 Y10
G1 F3000
G1 X65.294 Y111.212 E.05401
G1 X65.571 Y111.498 E.0132
G1 X65.74 Y111.826 E.01223
G1 X65.807 Y112.481 E.02185
G1 X65.695 Y113.136 E.02205
G1 X65.468 Y113.791 E.023
G1 X65.294 Y114.11 E.01204
G1 X65.294 Y114.706 E.01978
G1 X66.326 Y114.706 E.03424
G1 E-5 F2700
M205 X8 Y8
G1 X73.959 Y114.736 Z1.4 F7200
G1 X139.26 Y114.991 Z1.4
G1 Z1
G1 E5 F2400
M205 X10 Y10
;TYPE:Inner wall
;WIDTH:0.449999
G1 F2700
G1 X139.685 Y114.409 E.02393
G1 X140.085 Y113.732 E.02607
G1 X140.425 Y112.997 E.02686
G1 X140.772 Y111.947 E.03669
G1 X140.972 Y110.794 E.0388
G1 X141.008 Y109.952 E.02799
G1 X140.965 Y109.167 E.02607
G1 X140.839 Y108.367 E.02686
G1 X140.544 Y107.301 E.03669
G1 X140.069 Y106.23 E.03888
G1 X139.601 Y105.467 E.02969
G1 X139.26 Y105.009 E.01893
G1 X154.991 Y105.009 E.52183
G1 X154.991 Y114.991 E.33111
G1 X139.3 Y114.991 E.52051
G1 E-4.5
;WIPE_START
G1 X139.685 Y114.409 E-.16587
G1 X140.085 Y113.732 E-.18665
G1 X140.301 Y113.264 E-.12249
;WIPE_END
G1 E-.025
M205 X8 Y8
G1 X138.351 Y115.398 Z1.4 F7200
G1 Z1
G1 E5 F2400
M205 X10 Y10
G1 F2700
G1 X138.894 Y114.8 E.0268
G1 X139.336 Y114.199 E.02474
G1 X139.717 Y113.558 E.02475
G1 X140.038 Y112.869 E.02521
G1 X140.376 Y111.848 E.03569
G1 X140.566 Y110.751 E.03691
G1 X140.601 Y109.972 E.02589
G1 X140.562 Y109.227 E.02475
G1 X140.446 Y108.476 E.02521
G1 X140.159 Y107.439 E.03569
G1 X139.708 Y106.42 E.03696
G1 X139.274 Y105.71 E.02759
G1 X138.858 Y105.156 E.02299
G1 X138.356 Y104.604 E.02477
G1 X155.398 Y104.602 E.56532
G1 X155.398 Y115.398 E.35812
G1 X138.391 Y115.398 E.56415
G1 E-4.5
;WIPE_START
G1 X138.894 Y114.8 E-.1856
G1 X139.336 Y114.199 E-.17711
G1 X139.578 Y113.793 E-.1123
;WIPE_END
G1 E-.025
M205 X8 Y8
G1 X137.308 Y115.786 Z1.4 F7200
G1 Z1
G1 E5 F2400
M205 X10 Y10
;TYPE:Outer wall
;WIDTH:0.419999
G1 X138.097 Y115.1 E.03212
G1 X138.579 Y114.566 E.0221
G1 X139 Y113.998 E.02173
G1 X139.363 Y113.391 E.02174
G1 X139.666 Y112.746 E.02187
G1 X139.994 Y111.752 E.03217
G1 X140.175 Y110.709 E.03254
G1 X140.21 Y109.991 E.02209
G1 X140.174 Y109.284 E.02174
G1 X140.068 Y108.58 E.02187
G1 X139.789 Y107.571 E.03217
G1 X139.36 Y106.602 E.03255
G1 X138.96 Y105.944 E.02367
G1 X138.568 Y105.419 E.02014
G1 X138.091 Y104.895 E.02176
G1 X137.581 Y104.433 E.02116
G1 X137.269 Y104.21 E.01178
G1 X155.79 Y104.21 E.56909
G1 X155.79 Y115.79 E.35582
G1 X137.348 Y115.786 E.56666
G1 E-4.5 F2700
;WIPE_START
G1 F2400
G1 X138.097 Y115.1 E-.24114
G1 X138.579 Y114.566 E-.1708
G1 X138.737 Y114.353 E-.06306
;WIPE_END
G1 E-.025 F2700
M205 X8 Y8
G1 X142.731 Y114.706 Z1.4 F7200
G1 Z1
G1 E5 F2400
M205 X10 Y10
;TYPE:Sparse infill
;WIDTH:0.45
G1 F3000
G1 X144.359 Y114.706 E.05401
G1 X144.314 Y114.446 E.00874
G1 X144.087 Y113.791 E.023
G1 X143.73 Y113.136 E.02476
G1 X143.173 Y112.481 E.02853
G1 X142.325 Y111.826 E.03555
G1 X141.363 Y111.171 E.0386
G1 X141.22 Y111.023 E.00683
G1 X141.242 Y110.902 E.00408
G1 X141.294 Y110 E.02995
G1 X141.259 Y109.246 E.02506
G1 X141.158 Y108.533 E.02386
G1 X141.507 Y107.895 E.02414
G1 X142.064 Y107.24 E.02853
G1 X142.912 Y106.584 E.03555
G1 X143.873 Y105.929 E.0386
G1 X144.191 Y105.602 E.01513
G1 X144.349 Y105.294 E.01148
G1 X147.537 Y105.294 E.10573
G1 X146.605 Y105.929 E.03742
G1 X146.287 Y106.257 E.01513
G1 X146.118 Y106.584 E.01223
G1 X146.051 Y107.24 E.02185
G1 X146.164 Y107.895 E.02205
G1 X146.39 Y108.55 E.023
G1 X146.748 Y109.205 E.02476
G1 X147.305 Y109.86 E.02853
G1 X148.153 Y110.515 E.03555
G1 X149.115 Y111.171 E.0386
G1 X149.432 Y111.498 E.01513
G1 X149.601 Y111.826 E.01223
G1 X149.668 Y112.481 E.02185
G1 X149.556 Y113.136 E.02205
G1 X149.329 Y113.791 E.023
G1 X148.971 Y114.446 E.02476
G1 X148.751 Y114.706 E.0113
G1 X154.706 Y114.706 E.19755
G1 X154.706 Y114.183 E.01734
G1 X154.57 Y113.791 E.01377
G1 X154.213 Y113.136 E.02476
G1 X153.656 Y112.481 E.02853
G1 X152.808 Y111.826 E.03555
G1 X151.846 Y111.171 E.0386
G1 X151.529 Y110.843 E.01513
G1 X151.359 Y110.515 E.01223
G1 X151.293 Y109.86 E.02185
G1 X151.405 Y109.205 E.02205
G1 X151.632 Y108.55 E.023
G1 X151.989 Y107.895 E.02476
G1 X152.546 Y107.24 E.02853
G1 X153.394 Y106.584 E.03555
G1 X154.356 Y105.929 E.0386
G1 X154.673 Y105.602 E.01513
G1 X154.706 Y105.538 E.00236
G1 X154.706 Y107.167 E.05401
; stop printing object 05_probe_bridge.stl id:0 copy 0
;TIME_ELAPSED:402.324860

;LAYER_CHANGE
;:1.2
;HEIGHT:0.2
;BEFORE_LAYER_CHANGE
;1.2
G92 E0

G1 E-4.5 F2700
;WIPE_START
G1 F3000
G1 X154.706 Y105.538 E-.38673
G1 X154.673 Y105.602 E-.01688
G1 X154.464 Y105.818 E-.07139
;WIPE_END
G1 E-.025 F2700
;_SET_FAN_SPEED_CHANGING_LAYER
; OBJECT_ID: 15
; printing object 05_probe_bridge.stl id:0 copy 0
M205 X8 Y8
G17
G3 Z1.4 I-.255 J-1.19 P1  F7200
G1 X111.87 Y114.934 Z1.4
M73 P25 R20
G1 Z1.2
G1 E5 F2400
M205 X10 Y10
;TYPE:Inner wall
;WIDTH:0.563484
G1 F2700
G1 X111.766 Y114.949 E.00444
;WIDTH:0.533862
G1 X111.662 Y114.964 E.00419
;WIDTH:0.50424
G1 X111.268 Y114.977 E.01483
;WIDTH:0.47712
G1 X110.874 Y114.991 E.01395
;WIDTH:0.449999
G1 X65.009 Y114.991 E1.52142
G1 X65.009 Y105.009 E.33111
G1 X111.375 Y105.009 E1.53803
;WIDTH:0.49034
G1 X112.166 Y105.048 E.02888
;WIDTH:0.482977
G1 X111.223 Y105.321 E.0352
;WIDTH:0.449999
G1 X110.344 Y105.757 E.03255
G1 X109.567 Y106.357 E.03255
G1 X108.923 Y107.097 E.03255
G1 X108.435 Y107.948 E.03255
G1 X108.122 Y108.878 E.03255
G1 X107.997 Y109.851 E.03255
G1 X108.064 Y110.83 E.03255
G1 X108.321 Y111.777 E.03255
G1 X108.757 Y112.656 E.03255
G1 X109.357 Y113.433 E.03255
G1 X110.097 Y114.077 E.03255
G1 X110.948 Y114.565 E.03255
;WIDTH:0.487828
G1 X111.255 Y114.688 E.012
;WIDTH:0.525656
G1 X111.562 Y114.811 E.01302
;WIDTH:0.563484
G1 X111.832 Y114.919 E.01234
G1 E-4.5
;WIPE_START
G1 X111.766 Y114.949 E-.01729
G1 X111.662 Y114.964 E-.02486
G1 X111.268 Y114.977 E-.09367
G1 X110.874 Y114.991 E-.09367
G1 X109.84 Y114.991 E-.24551
;WIPE_END
G1 E-.025
M205 X8 Y8
G1 X102.402 Y113.282 Z1.6 F7200
G1 X74.07 Y106.773 Z1.6
G1 Z1.2
G1 E5 F2400
M205 X10 Y10
;WIDTH:0.449999
G1 F2700
G1 X74.264 Y106.607 E.00846
G1 X74.601 Y106.491 E.01183
G1 X99.271 Y106.491 E.81836
G1 X99.736 Y106.607 E.01589
G1 X100.062 Y106.886 E.01421
G1 X100.22 Y107.202 E.01172
G1 X100.259 Y107.479 E.00927
G1 X100.259 Y112.521 E.16728
G1 X100.22 Y112.798 E.00927
G1 X100.062 Y113.114 E.01172
G1 X99.736 Y113.393 E.01421
G1 X99.399 Y113.509 E.01183
G1 X74.729 Y113.509 E.81836
G1 X74.264 Y113.393 E.01589
G1 X73.938 Y113.114 E.01421
G1 X73.78 Y112.798 E.01172
G1 X73.741 Y112.521 E.00927
G1 X73.741 Y107.479 E.16728
G1 X73.78 Y107.202 E.00927
G1 X73.938 Y106.886 E.01172
G1 X74.04 Y106.799 E.00442
M205 X8 Y8
G1 X74.329 Y107.075 F7200
M205 X10 Y10
G1 F2700
G1 X74.455 Y106.966 E.00553
G1 X74.729 Y106.898 E.00934
G1 X99.271 Y106.898 E.81413
G1 X99.545 Y106.966 E.00934
G1 X99.736 Y107.13 E.00836
G1 X99.852 Y107.362 E.00861
G1 X99.852 Y108.916 E.05155
G1 X99.852 Y112.521 E.11959
G1 X99.829 Y112.684 E.00545
G1 X99.736 Y112.87 E.00689
G1 X99.545 Y113.034 E.00836
G1 X99.271 Y113.102 E.00934
G1 X74.729 Y113.102 E.81413
G1 X74.455 Y113.034 E.00934
M73 P25 R19
G1 X74.264 Y112.87 E.00836
G1 X74.148 Y112.638 E.00861
G1 X74.148 Y107.479 E.17113
G1 X74.171 Y107.316 E.00545
G1 X74.264 Y107.13 E.00689
G1 X74.298 Y107.101 E.00149
M205 X8 Y8
G1 X74.578 Y107.365 F7200
M205 X10 Y10
;TYPE:Outer wall
;WIDTH:0.419999
G1 F2400
G1 X74.729 Y107.29 E.00518
G1 X99.271 Y107.29 E.75413
G1 X99.422 Y107.365 E.00518
G1 X99.46 Y107.479 E.00366
G1 X99.46 Y112.521 E.15495
G1 X99.422 Y112.635 E.00366
G1 X99.271 Y112.71 E.00518
G1 X74.729 Y112.71 E.75413
G1 X74.578 Y112.635 E.00518
G1 X74.54 Y112.521 E.00366
G1 X74.54 Y107.479 E.15495
G1 X74.565 Y107.403 E.00243
G1 E-4.5 F2700
;WIPE_START
G1 F2400
G1 X74.729 Y107.29 E-.04725
G1 X76.53 Y107.29 E-.42775
;WIPE_END
G1 E-.025 F2700
M205 X8 Y8
G1 X84.017 Y108.771 Z1.6 F7200
G1 X114.413 Y114.785 Z1.6
G1 Z1.2
G1 E5 F2400
M205 X10 Y10
;TYPE:Inner wall
;WIDTH:0.482977
G1 F2700
G1 X114.777 Y114.679 E.01359
;WIDTH:0.449999
G1 X115.656 Y114.243 E.03255
G1 X116.433 Y113.643 E.03255
G1 X117.077 Y112.903 E.03255
G1 X117.565 Y112.052 E.03255
G1 X117.878 Y111.122 E.03255
G1 X117.973 Y110.48 E.02152
G1 X117.993 Y109.952 E.01755
G1 X117.936 Y109.17 E.026
G1 X117.679 Y108.223 E.03255
G1 X117.243 Y107.344 E.03255
G1 X116.643 Y106.567 E.03255
G1 X115.903 Y105.923 E.03255
G1 X115.052 Y105.435 E.03255
;WIDTH:0.487828
G1 X114.745 Y105.312 E.012
;WIDTH:0.525656
G1 X114.438 Y105.189 E.01302
;WIDTH:0.563484
G1 X114.13 Y105.066 E.01404
G1 X114.234 Y105.051 E.00444
;WIDTH:0.533862
G1 X114.338 Y105.036 E.00419
;WIDTH:0.50424
G1 X114.732 Y105.023 E.01483
;WIDTH:0.47712
G1 X115.126 Y105.009 E.01395
;WIDTH:0.449999
G1 X126.739 Y105.009 E.38521
G1 X126.315 Y105.591 E.02389
G1 X125.905 Y106.29 E.02686
G1 X125.46 Y107.294 E.03643
G1 X125.216 Y108.125 E.02874
G1 X125.027 Y109.212 E.0366
G1 X124.992 Y110.055 E.02797
G1 X125.043 Y110.898 E.02803
G1 X125.161 Y111.633 E.02469
G1 X125.454 Y112.691 E.03643
G1 X125.793 Y113.489 E.02873
G1 X126.332 Y114.441 E.03629
G1 X126.74 Y114.991 E.02273
G1 X114.625 Y114.991 E.40189
;WIDTH:0.49034
G1 X113.764 Y114.971 E.0314
G1 X113.834 Y114.952 E.00264
;WIDTH:0.482977
G1 X114.375 Y114.796 E.02018
G1 E-4.5
;WIPE_START
G1 X114.777 Y114.679 E-.09949
G1 X115.656 Y114.243 E-.23304
G1 X116.131 Y113.876 E-.14247
;WIPE_END
G1 E-.025
M205 X8 Y8
G1 X123.697 Y114.875 Z1.6 F7200
G1 X127.644 Y115.396 Z1.6
G1 Z1.2
G1 E5 F2400
M205 X10 Y10
;WIDTH:0.449999
G1 F2700
G1 X64.602 Y115.398 E2.09122
G1 X64.602 Y104.602 E.35812
G1 X127.649 Y104.602 E2.09138
G1 X127.066 Y105.251 E.02893
M73 P26 R19
G1 X126.664 Y105.801 E.0226
G1 X126.277 Y106.455 E.0252
G1 X125.843 Y107.433 E.03551
G1 X125.617 Y108.194 E.02634
G1 X125.433 Y109.253 E.03563
G1 X125.399 Y110.032 E.02588
G1 X125.446 Y110.837 E.02676
G1 X125.554 Y111.524 E.02307
G1 X125.839 Y112.556 E.03551
G1 X126.147 Y113.288 E.02634
G1 X126.675 Y114.219 E.0355
G1 X127.142 Y114.844 E.02589
G1 X127.617 Y115.367 E.02344
G1 E-4.5
;WIPE_START
G1 X125.617 Y115.368 E-.475
;WIPE_END
G1 E-.025
M205 X8 Y8
G1 X128.731 Y115.79 Z1.6 F7200
G1 Z1.2
G1 E5 F2400
M205 X10 Y10
;TYPE:Outer wall
;WIDTH:0.419999
G1 X64.21 Y115.79 E1.98254
G1 X64.21 Y104.21 E.35582
G1 X128.692 Y104.214 E1.98134
G1 X127.903 Y104.9 E.03213
G1 X127.382 Y105.484 E.02403
G1 X127 Y106.002 E.01978
G1 X126.635 Y106.613 E.02187
G1 X126.212 Y107.569 E.03211
G1 X126.003 Y108.262 E.02223
G1 X125.824 Y109.292 E.03215
G1 X125.79 Y110.01 E.02209
G1 X125.834 Y110.779 E.02365
G1 X125.932 Y111.42 E.01992
G1 X126.21 Y112.427 E.03211
G1 X126.488 Y113.095 E.02222
G1 X127.004 Y114.004 E.03211
G1 X127.432 Y114.581 E.02208
G1 X127.909 Y115.105 E.02176
G1 X128.419 Y115.567 E.02116
G1 X128.698 Y115.767 E.01055
G1 E-4.5 F2700
;WIPE_START
G1 F2400
G1 X126.698 Y115.767 E-.475
;WIPE_END
G1 E-.025 F2700
M205 X8 Y8
G1 X119.112 Y114.927 Z1.6 F7200
G1 X114.291 Y114.394 Z1.6
G1 Z1.2
G1 E5 F2400
M205 X10 Y10
;TYPE:Inner wall
;WIDTH:0.449999
G1 F2700
G1 X113.731 Y114.541 E.01921
G1 X112.831 Y114.597 E.02991
G1 X111.938 Y114.475 E.02991
G1 X111.085 Y114.182 E.02991
G1 X110.306 Y113.728 E.02991
G1 X109.63 Y113.131 E.02991
G1 X109.084 Y112.413 E.02991
G1 X108.689 Y111.603 E.02991
G1 X108.459 Y110.731 E.02991
G1 X108.403 Y109.831 E.02991
G1 X108.525 Y108.938 E.02991
G1 X108.818 Y108.085 E.02991
G1 X109.272 Y107.306 E.02991
G1 X109.869 Y106.63 E.02991
G1 X110.587 Y106.084 E.02991
G1 X111.397 Y105.689 E.02991
G1 X112.269 Y105.459 E.02991
G1 X113.169 Y105.403 E.02991
G1 X114.062 Y105.525 E.02991
G1 X114.915 Y105.818 E.02991
G1 X115.694 Y106.272 E.02991
G1 X116.37 Y106.869 E.02991
G1 X116.916 Y107.587 E.02991
G1 X117.311 Y108.397 E.02991
G1 X117.541 Y109.269 E.02991
G1 X117.587 Y109.972 E.02336
G1 X117.57 Y110.421 E.01491
G1 X117.475 Y111.062 E.02152
G1 X117.182 Y111.915 E.02991
G1 X116.728 Y112.694 E.02991
G1 X116.131 Y113.37 E.02991
G1 X115.413 Y113.916 E.02991
G1 X114.603 Y114.311 E.02991
G1 X114.33 Y114.383 E.00938
M205 X8 Y8
G1 X114.192 Y114.019 F7200
M205 X10 Y10
;TYPE:Outer wall
;WIDTH:0.419999
G1 F2400
G1 X113.636 Y114.161 E.01765
G1 X112.812 Y114.205 E.02535
G1 X111.995 Y114.087 E.02535
G1 X111.217 Y113.813 E.02535
G1 X110.507 Y113.392 E.02535
G1 X109.894 Y112.84 E.02535
G1 X109.399 Y112.18 E.02535
G1 X109.043 Y111.435 E.02535
G1 X108.839 Y110.636 E.02535
G1 X108.795 Y109.812 E.02535
G1 X108.913 Y108.995 E.02535
G1 X109.187 Y108.217 E.02535
G1 X109.608 Y107.507 E.02535
G1 X110.16 Y106.894 E.02535
G1 X110.82 Y106.399 E.02535
G1 X111.565 Y106.043 E.02535
G1 X112.364 Y105.839 E.02536
G1 X113.188 Y105.795 E.02535
G1 X114.005 Y105.913 E.02535
G1 X114.783 Y106.187 E.02535
G1 X115.493 Y106.608 E.02535
G1 X116.106 Y107.16 E.02535
G1 X116.601 Y107.82 E.02535
G1 X116.957 Y108.565 E.02535
G1 X117.161 Y109.364 E.02535
G1 X117.195 Y109.991 E.01929
G1 X117.183 Y110.363 E.01145
G1 X117.087 Y111.005 E.01993
G1 X116.813 Y111.783 E.02535
G1 X116.392 Y112.493 E.02535
G1 X115.84 Y113.106 E.02535
G1 X115.18 Y113.601 E.02535
G1 X114.435 Y113.957 E.02535
G1 X114.231 Y114.009 E.00648
G1 E-4.5 F2700
;WIPE_START
G1 F2400
G1 X113.636 Y114.161 E-.14591
G1 X112.812 Y114.205 E-.19597
G1 X112.257 Y114.125 E-.13313
;WIPE_END
G1 E-.025 F2700
M205 X8 Y8
G1 X111.87 Y114.934 Z1.6 F7200
G1 Z1.2
G1 E5 F2400
M205 X10 Y10
;TYPE:Inner wall
;WIDTH:0.563484
G1 F2700
G1 X112.197 Y114.955 E.0139
;WIDTH:0.52155
G1 X112.524 Y114.976 E.01278
;WIDTH:0.479616
G1 X112.851 Y114.997 E.01166
;WIDTH:0.464011
G1 X113.308 Y114.984 E.01568
;WIDTH:0.49034
G1 X113.764 Y114.971 E.01666
G1 E-4.5
;WIPE_START
G1 X113.308 Y114.984 E-.1144
G1 X112.851 Y114.997 E-.1144
G1 X112.524 Y114.976 E-.08207
G1 X112.197 Y114.955 E-.08207
G1 X111.87 Y114.934 E-.08207
;WIPE_END
G1 E-.025
M205 X8 Y8
G1 X113.574 Y107.494 Z1.6 F7200
G1 X114.13 Y105.066 Z1.6
G1 Z1.2
G1 E5 F2400
M205 X10 Y10
;WIDTH:0.563484
G1 F2700
G1 X113.803 Y105.045 E.0139
;WIDTH:0.52155
G1 X113.476 Y105.024 E.01278
;WIDTH:0.479616
G1 X113.149 Y105.003 E.01166
;WIDTH:0.464011
G1 X112.692 Y105.016 E.01568
;WIDTH:0.49034
G1 X112.236 Y105.029 E.01666
G1 E-4.5
;WIPE_START
G1 X112.692 Y105.016 E-.1144
G1 X113.149 Y105.003 E-.1144
G1 X113.476 Y105.024 E-.08207
G1 X113.803 Y105.045 E-.08207
G1 X114.13 Y105.066 E-.08207
;WIPE_END
G1 E-.025
M205 X8 Y8
G1 X118.255 Y109.535 Z1.6 F7200
G1 Z1.2
G1 E5 F2400
M205 X10 Y10
;TYPE:Sparse infill
;WIDTH:0.45
G1 F3000
G1 X118.289 Y110.214 E.02255
G1 X118.161 Y111.154 E.03146
G1 X118.473 Y111.498 E.0154
G1 X118.541 Y111.826 E.0111
G1 X118.452 Y112.481 E.02193
G1 X118.248 Y113.136 E.02276
G1 X117.956 Y113.791 E.02379
G1 X117.537 Y114.446 E.02581
G1 X117.28 Y114.706 E.0121
G1 X123.57 Y114.706 E.20864
G1 X123.489 Y114.446 E.00902
G1 X123.198 Y113.791 E.02379
G1 X122.778 Y113.136 E.02581
G1 X122.131 Y112.481 E.03055
G1 X121.094 Y111.826 E.04067
G1 X119.873 Y111.171 E.04598
G1 X119.592 Y110.843 E.01432
G1 X119.524 Y110.515 E.0111
G1 X119.613 Y109.86 E.02193
G1 X119.817 Y109.205 E.02276
G1 X120.108 Y108.55 E.02379
G1 X120.528 Y107.895 E.02581
G1 X121.175 Y107.24 E.03055
G1 X122.212 Y106.584 E.04067
G1 X123.433 Y105.929 E.04598
G1 X123.714 Y105.602 E.01432
G1 X123.778 Y105.294 E.01042
G1 X126.177 Y105.294 E.0796
G1 X126.103 Y105.399 E.00428
G1 X125.114 Y105.929 E.0372
G1 X124.833 Y106.257 E.01432
G1 X124.765 Y106.584 E.0111
G1 X124.855 Y107.24 E.02193
G1 X125.022 Y107.777 E.01868
G1 X124.936 Y108.072 E.01017
G1 X124.758 Y109.099 E.03458
G1 X124.741 Y109.378 E.00926
G1 E-4.5 F2700
;WIPE_START
G1 F3000
G1 X124.758 Y109.099 E-.06632
G1 X124.936 Y108.072 E-.24759
G1 X125.022 Y107.777 E-.07281
G1 X124.911 Y107.422 E-.08827
;WIPE_END
G1 E-.025 F2700
M205 X8 Y8
G1 X117.288 Y107.059 Z1.6 F7200
G1 X80.219 Y105.294 Z1.6
G1 Z1.2
G1 E5 F2400
M205 X10 Y10
G1 F3000
G1 X81.847 Y105.294 E.05401
G1 X81.784 Y105.602 E.01042
G1 X81.503 Y105.929 E.01432
G1 X80.987 Y106.206 E.01942
G1 X82.946 Y106.206 E.065
G1 X83.184 Y105.929 E.01209
G1 X84.368 Y105.294 E.04457
G1 X92.33 Y105.294 E.26412
G1 X92.266 Y105.602 E.01042
G1 X91.985 Y105.929 E.01432
G1 X91.47 Y106.206 E.01942
G1 X93.429 Y106.206 E.065
G1 X93.666 Y105.929 E.01209
G1 X94.85 Y105.294 E.04457
G1 X96.479 Y105.294 E.05401
M205 X8 Y8
G1 X99.218 Y106.206 F7200
M205 X10 Y10
G1 F3000
G1 X99.281 Y106.206 E.00212
G1 X99.87 Y106.353 E.02014
G1 X100.29 Y106.713 E.01833
G1 X100.471 Y107.075 E.01343
G1 X101.247 Y106.584 E.03044
G1 X102.468 Y105.929 E.04598
G1 X102.749 Y105.602 E.01432
G1 X102.813 Y105.294 E.01042
G1 X105.333 Y105.294 E.08361
G1 X104.149 Y105.929 E.04457
G1 X103.868 Y106.257 E.01432
G1 X103.8 Y106.584 E.0111
G1 X103.889 Y107.24 E.02193
G1 X104.093 Y107.895 E.02276
G1 X104.385 Y108.55 E.02379
G1 X104.804 Y109.205 E.02581
G1 X105.452 Y109.86 E.03055
G1 X106.488 Y110.515 E.04067
G1 X107.709 Y111.171 E.04598
G1 X107.92 Y111.417 E.01075
G1 X107.98 Y111.667 E.00855
G1 X108.052 Y111.869 E.00712
G1 X107.969 Y112.481 E.02047
G1 X107.765 Y113.136 E.02276
G1 X107.474 Y113.791 E.02379
G1 X107.054 Y114.446 E.02581
G1 X106.798 Y114.706 E.0121
G1 X102.605 Y114.706 E.13908
G1 X102.524 Y114.446 E.00902
G1 X102.233 Y113.791 E.02379
G1 X101.813 Y113.136 E.02581
G1 X101.166 Y112.481 E.03055
G1 X100.544 Y112.088 E.02439
G1 X100.544 Y112.527 E.01457
G1 X100.494 Y112.88 E.01181
G1 X100.29 Y113.287 E.01512
G1 X99.873 Y113.644 E.0182
G1 X99.494 Y113.775 E.01329
G1 X99.275 Y113.794 E.0073
G1 X96.989 Y113.794 E.07582
G1 X96.571 Y114.446 E.0257
G1 X96.315 Y114.706 E.0121
G1 X92.122 Y114.706 E.13908
G1 X92.042 Y114.446 E.00902
G1 X91.751 Y113.794 E.02368
G1 X86.507 Y113.794 E.17397
G1 X86.089 Y114.446 E.0257
G1 X85.832 Y114.706 E.0121
G1 X81.64 Y114.706 E.13908
G1 X81.559 Y114.446 E.00902
G1 X81.269 Y113.794 E.02368
G1 X76.024 Y113.794 E.17397
G1 X75.606 Y114.446 E.0257
M73 P27 R19
G1 X75.35 Y114.706 E.0121
G1 X71.157 Y114.706 E.13908
G1 X71.076 Y114.446 E.00902
G1 X70.785 Y113.791 E.02379
G1 X70.365 Y113.136 E.02581
G1 X69.718 Y112.481 E.03055
G1 X68.681 Y111.826 E.04067
G1 X67.46 Y111.171 E.04598
G1 X67.179 Y110.843 E.01432
G1 X67.111 Y110.515 E.0111
G1 X67.2 Y109.86 E.02193
G1 X67.404 Y109.205 E.02276
G1 X67.695 Y108.55 E.02379
G1 X68.115 Y107.895 E.02581
G1 X68.762 Y107.24 E.03055
G1 X69.799 Y106.584 E.04067
G1 X71.02 Y105.929 E.04598
G1 X71.301 Y105.602 E.01432
G1 X71.365 Y105.294 E.01042
G1 X73.885 Y105.294 E.08361
G1 X72.701 Y105.929 E.04457
G1 X72.42 Y106.257 E.01432
G1 X72.352 Y106.584 E.0111
G1 X72.442 Y107.24 E.02193
G1 X72.645 Y107.895 E.02276
G1 X72.937 Y108.55 E.02379
G1 X73.357 Y109.205 E.02581
G1 X73.456 Y109.306 E.00469
G1 X73.456 Y107.677 E.05401
M205 X8 Y8
G1 X65.294 Y109.282 F7200
M205 X10 Y10
G1 F3000
G1 X65.294 Y110.91 E.05401
G1 X65.779 Y111.171 E.01825
G1 X66.06 Y111.498 E.01432
G1 X66.128 Y111.826 E.0111
G1 X66.038 Y112.481 E.02193
G1 X65.835 Y113.136 E.02276
G1 X65.543 Y113.791 E.02379
G1 X65.294 Y114.18 E.01533
G1 X65.294 Y114.706 E.01744
G1 X66.397 Y114.706 E.03658
G1 E-5 F2700
M205 X8 Y8
G1 X74.029 Y114.736 Z1.6 F7200
G1 X139.261 Y114.991 Z1.6
G1 Z1.2
G1 E5 F2400
M205 X10 Y10
;TYPE:Inner wall
;WIDTH:0.449999
G1 F2700
G1 X139.685 Y114.409 E.02389
G1 X140.085 Y113.732 E.02607
G1 X140.425 Y112.997 E.02686
G1 X140.772 Y111.947 E.03669
G1 X140.972 Y110.794 E.0388
G1 X141.008 Y109.952 E.02799
G1 X140.965 Y109.167 E.02607
G1 X140.843 Y108.385 E.02626
G1 X140.628 Y107.567 E.02805
G1 X140.38 Y106.891 E.02389
G1 X140.04 Y106.182 E.02607
G1 X139.631 Y105.511 E.02607
G1 X139.26 Y105.009 E.02071
G1 X154.991 Y105.009 E.52184
G1 X154.991 Y114.991 E.33111
G1 X139.301 Y114.991 E.52045
G1 E-4.5
;WIPE_START
G1 X139.685 Y114.409 E-.16562
G1 X140.085 Y113.732 E-.18664
G1 X140.302 Y113.263 E-.12274
;WIPE_END
G1 E-.025
M205 X8 Y8
G1 X138.351 Y115.398 Z1.6 F7200
G1 Z1.2
G1 E5 F2400
M205 X10 Y10
G1 F2700
G1 X138.934 Y114.749 E.02893
G1 X139.336 Y114.199 E.0226
G1 X139.717 Y113.558 E.02474
G1 X140.038 Y112.869 E.02521
G1 X140.376 Y111.848 E.03569
G1 X140.566 Y110.751 E.03691
G1 X140.601 Y109.972 E.02589
G1 X140.562 Y109.227 E.02475
G1 X140.449 Y108.486 E.02485
G1 X140.245 Y107.705 E.02678
G1 X140.012 Y107.065 E.0226
G1 X139.69 Y106.392 E.02474
G1 X139.305 Y105.753 E.02474
G1 X138.858 Y105.156 E.02474
G1 X138.356 Y104.604 E.02477
G1 X155.398 Y104.602 E.56532
G1 X155.398 Y115.398 E.35812
G1 X138.391 Y115.398 E.56415
G1 E-4.5
;WIPE_START
G1 X138.934 Y114.749 E-.20092
G1 X139.336 Y114.199 E-.16179
G1 X139.578 Y113.793 E-.11229
;WIPE_END
G1 E-.025
M205 X8 Y8
G1 X137.308 Y115.786 Z1.6 F7200
G1 Z1.2
G1 E5 F2400
M205 X10 Y10
;TYPE:Outer wall
;WIDTH:0.419999
G1 X138.097 Y115.1 E.03213
G1 X138.618 Y114.516 E.02403
G1 X139 Y113.998 E.01978
G1 X139.363 Y113.391 E.02174
G1 X139.666 Y112.746 E.02187
G1 X139.994 Y111.752 E.03217
G1 X140.175 Y110.709 E.03254
G1 X140.21 Y109.991 E.02209
G1 X140.174 Y109.284 E.02174
G1 X140.069 Y108.583 E.02177
G1 X139.877 Y107.838 E.02367
G1 X139.657 Y107.232 E.01978
G1 X139.354 Y106.593 E.02174
G1 X138.99 Y105.987 E.02174
G1 X138.568 Y105.419 E.02173
G1 X138.091 Y104.895 E.02176
G1 X137.581 Y104.433 E.02116
G1 X137.269 Y104.21 E.01178
G1 X155.79 Y104.21 E.56909
G1 X155.79 Y115.79 E.35582
G1 X137.348 Y115.786 E.56666
G1 E-4.5 F2700
;WIPE_START
G1 F2400
G1 X138.097 Y115.1 E-.24127
G1 X138.618 Y114.516 E-.18572
G1 X138.738 Y114.354 E-.04801
;WIPE_END
G1 E-.025 F2700
M205 X8 Y8
G1 X142.907 Y114.706 Z1.6 F7200
G1 Z1.2
G1 E5 F2400
M205 X10 Y10
;TYPE:Sparse infill
;WIDTH:0.45
G1 F3000
G1 X144.535 Y114.706 E.05401
G1 X144.455 Y114.446 E.00902
G1 X144.163 Y113.791 E.02379
G1 X143.743 Y113.136 E.02581
G1 X143.096 Y112.481 E.03055
G1 X142.06 Y111.826 E.04067
G1 X141.161 Y111.344 E.03383
G1 X141.242 Y110.902 E.0149
G1 X141.293 Y110.059 E.028
G1 X141.259 Y109.246 E.027
G1 X141.145 Y108.439 E.02703
G1 X141.494 Y107.895 E.02145
G1 X142.141 Y107.24 E.03055
G1 X143.177 Y106.584 E.04067
G1 X144.399 Y105.929 E.04598
G1 X144.68 Y105.602 E.01432
G1 X144.743 Y105.294 E.01042
G1 X147.263 Y105.294 E.08361
G1 X146.079 Y105.929 E.04457
G1 X145.798 Y106.257 E.01432
G1 X145.731 Y106.584 E.0111
G1 X145.82 Y107.24 E.02193
G1 X146.023 Y107.895 E.02276
G1 X146.315 Y108.55 E.02379
G1 X146.735 Y109.205 E.02581
G1 X147.382 Y109.86 E.03055
G1 X148.418 Y110.515 E.04067
G1 X149.64 Y111.171 E.04598
G1 X149.921 Y111.498 E.01432
G1 X149.989 Y111.826 E.0111
G1 X149.899 Y112.481 E.02193
G1 X149.696 Y113.136 E.02276
G1 X149.404 Y113.791 E.02379
G1 X148.984 Y114.446 E.02581
G1 X148.728 Y114.706 E.0121
G1 X154.706 Y114.706 E.1983
G1 X154.706 Y113.927 E.02585
G1 X154.646 Y113.791 E.00492
G1 X154.226 Y113.136 E.02581
G1 X153.579 Y112.481 E.03055
G1 X152.542 Y111.826 E.04067
G1 X151.321 Y111.171 E.04598
G1 X151.04 Y110.843 E.01432
G1 X150.972 Y110.515 E.0111
G1 X151.061 Y109.86 E.02193
G1 X151.265 Y109.205 E.02276
G1 X151.556 Y108.55 E.02379
G1 X151.976 Y107.895 E.02581
G1 X152.623 Y107.24 E.03055
G1 X153.66 Y106.584 E.04067
G1 X154.706 Y106.023 E.03938
G1 X154.706 Y105.294 E.02419
G1 X153.807 Y105.294 E.02983
; stop printing object 05_probe_bridge.stl id:0 copy 0
;TIME_ELAPSED:446.262360

;LAYER_CHANGE
;:1.4
;HEIGHT:0.2
;BEFORE_LAYER_CHANGE
;1.4
G92 E0

G1 E-4.5 F2700
;WIPE_START
G1 F3000
G1 X154.706 Y105.294 E-.21356
G1 X154.706 Y106.023 E-.17316
G1 X154.378 Y106.199 E-.08827
;WIPE_END
G1 E-.025 F2700
;_SET_FAN_SPEED_CHANGING_LAYER
; OBJECT_ID: 15
; printing object 05_probe_bridge.stl id:0 copy 0
M205 X8 Y8
G17
G3 Z1.6 I-.245 J-1.192 P1  F7200
G1 X111.87 Y114.934 Z1.6
G1 Z1.4
G1 E5 F2400
M205 X10 Y10
;TYPE:Inner wall
;WIDTH:0.563484
G1 F2700
G1 X111.766 Y114.949 E.00444
;WIDTH:0.533862
G1 X111.662 Y114.964 E.00419
;WIDTH:0.50424
G1 X111.268 Y114.977 E.01483
;WIDTH:0.47712
G1 X110.874 Y114.991 E.01395
;WIDTH:0.449999
G1 X65.009 Y114.991 E1.52142
G1 X65.009 Y105.009 E.33111
G1 X111.375 Y105.009 E1.53803
;WIDTH:0.490344
G1 X112.166 Y105.048 E.02888
;WIDTH:0.48298
G1 X111.223 Y105.321 E.0352
;WIDTH:0.449999
G1 X110.344 Y105.757 E.03255
G1 X109.567 Y106.357 E.03255
G1 X108.923 Y107.097 E.03255
G1 X108.435 Y107.948 E.03255
G1 X108.122 Y108.878 E.03255
G1 X107.997 Y109.851 E.03255
G1 X108.064 Y110.83 E.03255
G1 X108.321 Y111.777 E.03255
G1 X108.757 Y112.656 E.03255
G1 X109.357 Y113.432 E.03255
G1 X110.097 Y114.077 E.03255
G1 X110.948 Y114.565 E.03255
;WIDTH:0.487828
G1 X111.255 Y114.688 E.012
;WIDTH:0.525656
G1 X111.562 Y114.811 E.01302
;WIDTH:0.563484
G1 X111.832 Y114.919 E.01234
G1 E-4.5
;WIPE_START
G1 X111.766 Y114.949 E-.01729
G1 X111.662 Y114.964 E-.02486
G1 X111.268 Y114.977 E-.09367
G1 X110.874 Y114.991 E-.09367
G1 X109.84 Y114.991 E-.24551
;WIPE_END
G1 E-.025
M205 X8 Y8
G1 X102.402 Y113.282 Z1.8 F7200
G1 X74.07 Y106.773 Z1.8
M73 P28 R19
G1 Z1.4
G1 E5 F2400
M205 X10 Y10
;WIDTH:0.449999
G1 F2700
G1 X74.264 Y106.607 E.00846
G1 X74.601 Y106.491 E.01183
G1 X99.271 Y106.491 E.81836
G1 X99.736 Y106.607 E.01589
G1 X100.062 Y106.886 E.01421
G1 X100.22 Y107.202 E.01172
G1 X100.259 Y107.479 E.00927
G1 X100.259 Y112.521 E.16728
G1 X100.22 Y112.798 E.00927
G1 X100.062 Y113.114 E.01172
G1 X99.736 Y113.393 E.01421
G1 X99.399 Y113.509 E.01183
G1 X74.729 Y113.509 E.81836
G1 X74.264 Y113.393 E.01589
G1 X73.938 Y113.114 E.01421
G1 X73.78 Y112.798 E.01172
G1 X73.741 Y112.521 E.00927
G1 X73.741 Y107.479 E.16728
G1 X73.78 Y107.202 E.00927
G1 X73.938 Y106.886 E.01172
G1 X74.04 Y106.799 E.00442
M205 X8 Y8
G1 X74.329 Y107.075 F7200
M205 X10 Y10
G1 F2700
G1 X74.455 Y106.966 E.00553
G1 X74.729 Y106.898 E.00934
G1 X99.271 Y106.898 E.81413
G1 X99.545 Y106.966 E.00934
G1 X99.736 Y107.13 E.00836
G1 X99.852 Y107.362 E.00861
G1 X99.852 Y108.916 E.05155
G1 X99.852 Y112.521 E.11959
G1 X99.829 Y112.684 E.00545
G1 X99.736 Y112.87 E.00689
G1 X99.545 Y113.034 E.00836
G1 X99.271 Y113.102 E.00934
G1 X74.729 Y113.102 E.81413
G1 X74.455 Y113.034 E.00934
G1 X74.264 Y112.87 E.00836
G1 X74.148 Y112.638 E.00861
G1 X74.148 Y107.479 E.17113
G1 X74.171 Y107.316 E.00545
G1 X74.264 Y107.13 E.00689
G1 X74.298 Y107.101 E.00149
M205 X8 Y8
G1 X74.578 Y107.365 F7200
M205 X10 Y10
;TYPE:Outer wall
;WIDTH:0.419999
G1 F2400
G1 X74.729 Y107.29 E.00518
G1 X99.271 Y107.29 E.75413
G1 X99.422 Y107.365 E.00518
G1 X99.46 Y107.479 E.00366
G1 X99.46 Y112.521 E.15495
G1 X99.422 Y112.635 E.00366
G1 X99.271 Y112.71 E.00518
G1 X74.729 Y112.71 E.75413
G1 X74.578 Y112.635 E.00518
G1 X74.54 Y112.521 E.00366
G1 X74.54 Y107.479 E.15495
G1 X74.565 Y107.403 E.00243
G1 E-4.5 F2700
;WIPE_START
G1 F2400
G1 X74.729 Y107.29 E-.04725
G1 X76.53 Y107.29 E-.42775
;WIPE_END
G1 E-.025 F2700
M205 X8 Y8
G1 X84.017 Y108.772 Z1.8 F7200
G1 X114.402 Y114.788 Z1.8
G1 Z1.4
G1 E5 F2400
M205 X10 Y10
;TYPE:Inner wall
;WIDTH:0.48298
G1 F2700
G1 X114.777 Y114.679 E.01399
;WIDTH:0.449999
G1 X115.656 Y114.243 E.03255
G1 X116.432 Y113.643 E.03255
G1 X117.077 Y112.903 E.03255
G1 X117.565 Y112.052 E.03255
G1 X117.878 Y111.122 E.03255
G1 X117.988 Y110.383 E.02478
G1 X117.994 Y109.967 E.01381
G1 X117.936 Y109.17 E.02651
G1 X117.679 Y108.223 E.03255
G1 X117.243 Y107.344 E.03255
G1 X116.643 Y106.568 E.03255
G1 X115.903 Y105.923 E.03255
G1 X115.052 Y105.435 E.03255
;WIDTH:0.487828
G1 X114.745 Y105.312 E.012
;WIDTH:0.525656
G1 X114.438 Y105.189 E.01302
;WIDTH:0.563484
G1 X114.13 Y105.066 E.01404
G1 X114.234 Y105.051 E.00444
;WIDTH:0.533862
G1 X114.338 Y105.036 E.00419
;WIDTH:0.50424
G1 X114.732 Y105.023 E.01483
;WIDTH:0.47712
G1 X115.126 Y105.009 E.01395
;WIDTH:0.449999
G1 X126.76 Y105.009 E.38592
G1 X126.494 Y105.332 E.01387
G1 X126.107 Y105.924 E.02349
G1 X125.74 Y106.62 E.02609
G1 X125.444 Y107.348 E.02606
G1 X125.219 Y108.108 E.02631
G1 X125.062 Y108.948 E.02835
G1 X125.007 Y109.524 E.01917
G1 X125.045 Y110.91 E.046
G1 X125.161 Y111.633 E.02429
G1 X125.454 Y112.692 E.03644
G1 X125.796 Y113.494 E.02893
G1 X126.378 Y114.505 E.03869
G1 X126.74 Y114.991 E.02009
G1 X114.625 Y114.991 E.40188
;WIDTH:0.490344
G1 X113.764 Y114.971 E.0314
G1 X113.834 Y114.952 E.00264
;WIDTH:0.48298
G1 X114.364 Y114.799 E.01978
G1 E-4.5
;WIPE_START
G1 X114.777 Y114.679 E-.10215
G1 X115.656 Y114.243 E-.23304
G1 X116.122 Y113.883 E-.13981
;WIPE_END
G1 E-.025
M205 X8 Y8
G1 X123.689 Y114.877 Z1.8 F7200
G1 X127.644 Y115.396 Z1.8
G1 Z1.4
G1 E5 F2400
M205 X10 Y10
;WIDTH:0.449999
G1 F2700
G1 X64.602 Y115.398 E2.09122
G1 X64.602 Y104.602 E.35812
G1 X127.649 Y104.602 E2.09139
G1 X126.852 Y105.529 E.04056
G1 X126.466 Y106.116 E.02332
G1 X126.116 Y106.776 E.02476
G1 X125.833 Y107.466 E.02474
G1 X125.619 Y108.185 E.02489
G1 X125.467 Y108.988 E.0271
G1 X125.413 Y109.563 E.01916
G1 X125.447 Y110.849 E.04269
G1 X125.554 Y111.524 E.02268
G1 X125.839 Y112.556 E.03552
G1 X126.149 Y113.291 E.02646
G1 X126.719 Y114.282 E.03793
G1 X127.142 Y114.844 E.02332
G1 X127.617 Y115.367 E.02344
G1 E-4.5
;WIPE_START
G1 X125.617 Y115.368 E-.475
;WIPE_END
G1 E-.025
M205 X8 Y8
G1 X128.731 Y115.79 Z1.8 F7200
G1 Z1.4
G1 E5 F2400
M205 X10 Y10
;TYPE:Outer wall
;WIDTH:0.419999
G1 X64.21 Y115.79 E1.98254
G1 X64.21 Y104.21 E.35582
G1 X128.692 Y104.214 E1.98134
G1 X127.901 Y104.902 E.0322
M73 P29 R19
G1 X127.166 Y105.765 E.03482
G1 X126.811 Y106.301 E.01977
G1 X126.478 Y106.926 E.02176
G1 X126.209 Y107.58 E.02173
G1 X126.004 Y108.259 E.02178
G1 X125.858 Y109.026 E.024
G1 X125.807 Y109.924 E.02764
G1 X125.835 Y110.79 E.02665
G1 X125.932 Y111.42 E.01957
G1 X126.21 Y112.427 E.03211
G1 X126.489 Y113.096 E.02226
G1 X127.047 Y114.066 E.03438
G1 X127.432 Y114.581 E.01977
G1 X127.909 Y115.105 E.02176
G1 X128.419 Y115.567 E.02116
G1 X128.698 Y115.767 E.01055
G1 E-4.5 F2700
;WIPE_START
G1 F2400
G1 X126.698 Y115.767 E-.475
;WIPE_END
G1 E-.025 F2700
M205 X8 Y8
G1 X119.112 Y114.93 Z1.8 F7200
G1 X114.28 Y114.396 Z1.8
G1 Z1.4
G1 E5 F2400
M205 X10 Y10
;TYPE:Inner wall
;WIDTH:0.449999
G1 F2700
G1 X113.731 Y114.541 E.01883
G1 X112.831 Y114.597 E.02991
G1 X111.938 Y114.475 E.02991
G1 X111.085 Y114.182 E.02991
G1 X110.306 Y113.728 E.02991
G1 X109.63 Y113.131 E.02991
G1 X109.084 Y112.413 E.02991
G1 X108.689 Y111.603 E.02991
G1 X108.459 Y110.731 E.02991
G1 X108.403 Y109.831 E.02991
G1 X108.525 Y108.938 E.02991
G1 X108.818 Y108.085 E.02991
G1 X109.272 Y107.306 E.02991
G1 X109.869 Y106.63 E.02991
G1 X110.587 Y106.084 E.02991
G1 X111.397 Y105.689 E.02991
G1 X112.269 Y105.459 E.02991
G1 X113.169 Y105.403 E.02991
G1 X114.062 Y105.525 E.02991
G1 X114.915 Y105.818 E.02991
G1 X115.694 Y106.272 E.02991
G1 X116.37 Y106.869 E.02991
G1 X116.916 Y107.587 E.02991
G1 X117.311 Y108.397 E.02991
G1 X117.541 Y109.269 E.02991
G1 X117.588 Y109.987 E.02387
G1 X117.585 Y110.324 E.01116
G1 X117.475 Y111.062 E.02478
G1 X117.182 Y111.915 E.02991
G1 X116.728 Y112.694 E.02991
G1 X116.131 Y113.37 E.02991
G1 X115.413 Y113.916 E.02991
G1 X114.603 Y114.311 E.02991
G1 X114.319 Y114.386 E.00975
M205 X8 Y8
G1 X114.182 Y114.022 F7200
M205 X10 Y10
;TYPE:Outer wall
;WIDTH:0.419999
G1 F2400
G1 X113.636 Y114.161 E.0173
G1 X112.812 Y114.205 E.02535
G1 X111.995 Y114.087 E.02535
G1 X111.217 Y113.813 E.02535
G1 X110.507 Y113.392 E.02535
G1 X109.894 Y112.84 E.02535
G1 X109.399 Y112.18 E.02535
G1 X109.043 Y111.435 E.02535
G1 X108.839 Y110.636 E.02535
G1 X108.795 Y109.812 E.02535
G1 X108.913 Y108.995 E.02535
G1 X109.187 Y108.217 E.02535
G1 X109.608 Y107.507 E.02535
G1 X110.16 Y106.894 E.02535
G1 X110.82 Y106.399 E.02535
G1 X111.565 Y106.043 E.02535
G1 X112.364 Y105.839 E.02535
G1 X113.188 Y105.795 E.02535
G1 X114.005 Y105.913 E.02535
G1 X114.783 Y106.187 E.02535
G1 X115.493 Y106.608 E.02535
G1 X116.106 Y107.16 E.02535
G1 X116.601 Y107.82 E.02535
G1 X116.957 Y108.565 E.02535
G1 X117.161 Y109.364 E.02535
G1 X117.197 Y110.266 E.02773
G1 X117.087 Y111.005 E.02295
G1 X116.813 Y111.783 E.02535
G1 X116.392 Y112.493 E.02535
G1 X115.84 Y113.106 E.02535
G1 X115.18 Y113.601 E.02535
G1 X114.435 Y113.957 E.02535
G1 X114.22 Y114.012 E.00682
G1 E-4.5 F2700
;WIPE_START
G1 F2400
M73 P29 R18
G1 X113.636 Y114.161 E-.14324
G1 X112.812 Y114.205 E-.19597
G1 X112.246 Y114.124 E-.13579
;WIPE_END
G1 E-.025 F2700
M205 X8 Y8
G1 X111.87 Y114.934 Z1.8 F7200
G1 Z1.4
G1 E5 F2400
M205 X10 Y10
;TYPE:Inner wall
;WIDTH:0.563484
G1 F2700
G1 X112.197 Y114.955 E.0139
;WIDTH:0.521551
G1 X112.524 Y114.976 E.01278
;WIDTH:0.479618
G1 X112.851 Y114.997 E.01166
;WIDTH:0.464014
G1 X113.308 Y114.984 E.01568
;WIDTH:0.490344
G1 X113.764 Y114.971 E.01666
G1 E-4.5
;WIPE_START
G1 X113.308 Y114.984 E-.1144
G1 X112.851 Y114.997 E-.1144
G1 X112.524 Y114.976 E-.08207
G1 X112.197 Y114.955 E-.08207
G1 X111.87 Y114.934 E-.08207
;WIPE_END
G1 E-.025
M205 X8 Y8
G1 X113.574 Y107.494 Z1.8 F7200
G1 X114.13 Y105.066 Z1.8
G1 Z1.4
G1 E5 F2400
M205 X10 Y10
;WIDTH:0.563484
G1 F2700
G1 X113.803 Y105.045 E.0139
;WIDTH:0.52155
G1 X113.476 Y105.024 E.01278
;WIDTH:0.479616
G1 X113.149 Y105.003 E.01166
;WIDTH:0.464013
G1 X112.692 Y105.016 E.01568
;WIDTH:0.490344
G1 X112.236 Y105.029 E.01666
G1 E-4.5
;WIPE_START
G1 X112.692 Y105.016 E-.1144
G1 X113.149 Y105.003 E-.1144
G1 X113.476 Y105.024 E-.08207
G1 X113.803 Y105.045 E-.08207
G1 X114.13 Y105.066 E-.08207
;WIPE_END
G1 E-.025
M205 X8 Y8
G1 X106.493 Y105.294 Z1.8 F7200
G1 Z1.4
G1 E5 F2400
M205 X10 Y10
;TYPE:Sparse infill
;WIDTH:0.45
G1 F3000
G1 X104.865 Y105.294 E.05401
G1 X104.619 Y105.374 E.00857
G1 X103.964 Y105.485 E.02204
G1 X103.636 Y105.437 E.01098
G1 X103.462 Y105.294 E.00749
G1 X94.382 Y105.294 E.30119
G1 X94.136 Y105.374 E.00857
G1 X93.481 Y105.485 E.02204
G1 X93.154 Y105.437 E.01098
G1 X92.979 Y105.294 E.00749
G1 X83.899 Y105.294 E.30119
G1 X83.654 Y105.374 E.00857
G1 X82.998 Y105.485 E.02204
G1 X82.671 Y105.437 E.01098
G1 X82.496 Y105.294 E.00749
G1 X73.417 Y105.294 E.30119
G1 X73.171 Y105.374 E.00857
G1 X72.516 Y105.485 E.02204
G1 X72.188 Y105.437 E.01098
G1 X72.014 Y105.294 E.00749
G1 X70.385 Y105.294 E.05401
M205 X8 Y8
G1 X73.456 Y107.677 F7200
M205 X10 Y10
G1 F3000
G1 X73.456 Y109.305 E.05401
G1 X73.171 Y109.02 E.01338
G1 X72.516 Y107.958 E.04138
G1 X71.861 Y106.69 E.04736
G1 X71.533 Y106.421 E.01405
G1 X71.206 Y106.373 E.01098
G1 X70.55 Y106.484 E.02204
G1 X69.895 Y106.698 E.02286
G1 X69.24 Y106.996 E.02388
G1 X68.585 Y107.423 E.02593
G1 X67.93 Y108.08 E.03078
G1 X67.275 Y109.141 E.04138
G1 X66.619 Y110.41 E.04736
G1 X66.292 Y110.679 E.01405
G1 X65.964 Y110.727 E.01098
G1 X65.294 Y110.611 E.02256
G1 X65.294 Y114.276 E.12159
G1 X65.964 Y113.2 E.04207
G1 X66.619 Y111.931 E.04736
G1 X66.947 Y111.662 E.01405
G1 X67.275 Y111.614 E.01098
G1 X67.93 Y111.725 E.02204
G1 X68.585 Y111.939 E.02286
G1 X69.24 Y112.238 E.02388
G1 X69.895 Y112.664 E.02593
G1 X70.55 Y113.321 E.03078
G1 X71.206 Y114.383 E.04138
G1 X71.372 Y114.706 E.01206
G1 X75.348 Y114.706 E.13188
G1 X75.792 Y114.261 E.02084
G1 X76.08 Y113.794 E.0182
G1 X81.325 Y113.794 E.17398
G1 X81.688 Y114.383 E.02295
G1 X81.855 Y114.706 E.01206
G1 X85.831 Y114.706 E.13188
G1 X86.274 Y114.261 E.02084
G1 X86.563 Y113.794 E.0182
G1 X91.807 Y113.794 E.17398
G1 X92.171 Y114.383 E.02295
G1 X92.338 Y114.706 E.01206
G1 X96.313 Y114.706 E.13188
G1 X96.757 Y114.261 E.02084
G1 X97.045 Y113.794 E.0182
G1 X99.275 Y113.794 E.07397
G1 X99.494 Y113.775 E.0073
G1 X99.873 Y113.644 E.01329
G1 X100.29 Y113.287 E.0182
G1 X100.494 Y112.88 E.01512
G1 X100.544 Y112.527 E.01181
G1 X100.544 Y112.172 E.01178
G1 X100.688 Y112.238 E.00524
G1 X101.343 Y112.664 E.02593
G1 X101.998 Y113.321 E.03078
G1 X102.653 Y114.383 E.04138
G1 X102.82 Y114.706 E.01206
G1 X106.796 Y114.706 E.13188
G1 X107.24 Y114.261 E.02084
G1 X107.895 Y113.2 E.04138
G1 X108.304 Y112.408 E.02957
G1 X108.061 Y111.895 E.0188
G1 X107.98 Y111.667 E.00803
G1 X107.755 Y110.703 E.03285
G1 X107.24 Y110.616 E.01735
G1 X106.584 Y110.402 E.02286
G1 X105.929 Y110.103 E.02388
G1 X105.274 Y109.677 E.02593
G1 X104.619 Y109.02 E.03078
G1 X103.964 Y107.958 E.04138
G1 X103.309 Y106.69 E.04736
G1 X102.981 Y106.421 E.01405
G1 X102.653 Y106.373 E.01098
G1 X101.998 Y106.484 E.02204
G1 X101.343 Y106.698 E.02286
G1 X100.688 Y106.996 E.02388
G1 X100.494 Y107.123 E.00767
G1 X100.29 Y106.713 E.01519
G1 X99.87 Y106.353 E.01833
G1 X99.271 Y106.206 E.02048
M205 X8 Y8
G1 X122.803 Y105.297 F7200
M205 X10 Y10
G1 F3000
G1 X124.431 Y105.298 E.05401
G1 X124.601 Y105.437 E.00731
G1 X124.929 Y105.485 E.01098
G1 X125.584 Y105.374 E.02204
G1 X125.817 Y105.298 E.00813
G1 X126.172 Y105.298 E.01177
G1 X125.857 Y105.787 E.01929
G1 X125.528 Y106.402 E.02312
G1 X125.172 Y107.262 E.03087
G1 X124.955 Y108 E.02553
G1 X124.274 Y106.69 E.04898
G1 X123.946 Y106.421 E.01405
G1 X123.619 Y106.373 E.01098
G1 X122.963 Y106.484 E.02204
G1 X122.308 Y106.698 E.02286
G1 X121.653 Y106.996 E.02388
G1 X120.998 Y107.423 E.02593
G1 X120.343 Y108.08 E.03078
G1 X119.688 Y109.141 E.04138
G1 X119.032 Y110.41 E.04736
G1 X118.705 Y110.679 E.01405
G1 X118.377 Y110.727 E.01098
G1 X118.228 Y110.701 E.00501
G1 X118.159 Y111.168 E.01564
G1 X118.101 Y111.402 E.00801
G1 X117.832 Y112.152 E.02642
G1 X117.729 Y112.37 E.00801
G1 X117.32 Y113.053 E.02642
G1 X117.176 Y113.247 E.00801
G1 X116.641 Y113.837 E.02642
G1 X116.462 Y114 E.00801
G1 X115.822 Y114.474 E.02642
G1 X115.522 Y114.642 E.01143
G1 X115.536 Y114.706 E.00216
G1 X117.279 Y114.706 E.05781
G1 X117.722 Y114.261 E.02084
G1 X118.377 Y113.2 E.04138
G1 X119.032 Y111.931 E.04736
G1 X119.36 Y111.662 E.01405
G1 X119.688 Y111.614 E.01098
G1 X120.343 Y111.725 E.02204
G1 X120.998 Y111.939 E.02286
G1 X121.653 Y112.238 E.02388
G1 X122.308 Y112.664 E.02593
G1 X122.963 Y113.321 E.03078
G1 X123.619 Y114.383 E.04138
G1 X123.785 Y114.706 E.01206
G1 X125.414 Y114.706 E.05401
G1 E-5 F2700
M205 X8 Y8
G1 X133.045 Y114.863 Z1.8 F7200
G1 X139.26 Y114.991 Z1.8
G1 Z1.4
G1 E5 F2400
M205 X10 Y10
;TYPE:Inner wall
;WIDTH:0.449999
G1 F2700
G1 X139.685 Y114.409 E.02393
G1 X140.085 Y113.732 E.02607
G1 X140.425 Y112.997 E.02686
G1 X140.772 Y111.947 E.03669
G1 X140.972 Y110.794 E.0388
G1 X141.008 Y109.952 E.02799
G1 X140.965 Y109.167 E.02607
G1 X140.839 Y108.367 E.02686
G1 X140.544 Y107.301 E.03669
G1 X140.068 Y106.229 E.03891
G1 X139.587 Y105.447 E.03045
G1 X139.26 Y105.009 E.01814
G1 X154.991 Y105.009 E.52183
G1 X154.991 Y114.991 E.33111
G1 X139.3 Y114.991 E.52051
G1 E-4.5
;WIPE_START
G1 X139.685 Y114.409 E-.16587
G1 X140.085 Y113.732 E-.18664
G1 X140.301 Y113.264 E-.12249
;WIPE_END
G1 E-.025
M205 X8 Y8
G1 X138.351 Y115.398 Z1.8 F7200
G1 Z1.4
G1 E5 F2400
M205 X10 Y10
G1 F2700
G1 X138.894 Y114.8 E.0268
G1 X139.336 Y114.199 E.02474
G1 X139.717 Y113.558 E.02474
G1 X140.038 Y112.869 E.02521
G1 X140.376 Y111.848 E.03569
G1 X140.566 Y110.751 E.03691
G1 X140.601 Y109.972 E.02589
G1 X140.562 Y109.227 E.02475
G1 X140.446 Y108.476 E.02521
G1 X140.159 Y107.439 E.03569
G1 X139.708 Y106.419 E.03698
G1 X139.261 Y105.691 E.02835
G1 X138.858 Y105.156 E.02221
G1 X138.356 Y104.604 E.02477
G1 X155.398 Y104.602 E.56532
G1 X155.398 Y115.398 E.35812
G1 X138.391 Y115.398 E.56415
M73 P30 R18
G1 E-4.5
;WIPE_START
G1 X138.894 Y114.8 E-.1856
G1 X139.336 Y114.199 E-.1771
G1 X139.578 Y113.793 E-.1123
;WIPE_END
G1 E-.025
M205 X8 Y8
G1 X137.308 Y115.786 Z1.8 F7200
G1 Z1.4
G1 E5 F2400
M205 X10 Y10
;TYPE:Outer wall
;WIDTH:0.419999
G1 X138.097 Y115.1 E.03211
G1 X138.579 Y114.566 E.0221
G1 X139 Y113.998 E.02173
G1 X139.363 Y113.391 E.02174
G1 X139.666 Y112.746 E.02187
G1 X139.994 Y111.752 E.03217
G1 X140.175 Y110.709 E.03254
G1 X140.21 Y109.991 E.02209
G1 X140.174 Y109.284 E.02174
G1 X140.068 Y108.58 E.02187
G1 X139.789 Y107.571 E.03217
G1 X139.36 Y106.602 E.03256
G1 X138.946 Y105.925 E.02437
G1 X138.568 Y105.419 E.01943
G1 X138.091 Y104.895 E.02176
G1 X137.581 Y104.433 E.02116
G1 X137.269 Y104.21 E.01178
G1 X155.79 Y104.21 E.56909
G1 X155.79 Y115.79 E.35582
G1 X137.348 Y115.786 E.56666
G1 E-4.5 F2700
;WIPE_START
G1 F2400
G1 X138.097 Y115.1 E-.24114
G1 X138.579 Y114.566 E-.1708
G1 X138.737 Y114.353 E-.06306
;WIPE_END
G1 E-.025 F2700
M205 X8 Y8
G1 X142.44 Y107.679 Z1.8 F7200
G1 X143.764 Y105.294 Z1.8
G1 Z1.4
G1 E5 F2400
M205 X10 Y10
;TYPE:Sparse infill
;WIDTH:0.45
G1 F3000
G1 X145.392 Y105.294 E.05401
G1 X145.567 Y105.437 E.00749
G1 X145.894 Y105.485 E.01098
G1 X146.549 Y105.374 E.02204
G1 X146.795 Y105.294 E.00857
G1 X154.706 Y105.294 E.26242
G1 X154.706 Y106.434 E.03782
G1 X154.411 Y106.484 E.00991
G1 X153.756 Y106.698 E.02286
G1 X153.101 Y106.996 E.02388
G1 X152.446 Y107.423 E.02593
G1 X151.791 Y108.08 E.03078
G1 X151.135 Y109.141 E.04138
G1 X150.48 Y110.41 E.04736
G1 X150.153 Y110.679 E.01405
G1 X149.825 Y110.727 E.01098
G1 X149.17 Y110.616 E.02204
G1 X148.515 Y110.402 E.02286
G1 X147.86 Y110.103 E.02388
G1 X147.204 Y109.677 E.02593
G1 X146.549 Y109.02 E.03078
G1 X145.894 Y107.958 E.04138
G1 X145.239 Y106.69 E.04736
G1 X144.911 Y106.421 E.01405
G1 X144.584 Y106.373 E.01098
G1 X143.929 Y106.484 E.02204
G1 X143.273 Y106.698 E.02286
G1 X142.618 Y106.996 E.02388
G1 X141.963 Y107.423 E.02593
G1 X141.308 Y108.08 E.03078
G1 X141.127 Y108.373 E.01143
G1 X141.259 Y109.246 E.02927
G1 X141.294 Y110 E.02506
G1 X141.242 Y110.902 E.02995
G1 X141.097 Y111.69 E.02658
G1 X141.308 Y111.725 E.0071
G1 X141.963 Y111.939 E.02286
G1 X142.618 Y112.238 E.02388
G1 X143.273 Y112.664 E.02593
G1 X143.929 Y113.321 E.03078
G1 X144.584 Y114.383 E.04138
G1 X144.751 Y114.706 E.01206
G1 X148.726 Y114.706 E.13188
G1 X149.17 Y114.261 E.02084
G1 X149.825 Y113.2 E.04138
G1 X150.48 Y111.931 E.04736
G1 X150.808 Y111.662 E.01405
G1 X151.135 Y111.614 E.01098
G1 X151.791 Y111.725 E.02204
G1 X152.446 Y111.939 E.02286
G1 X153.101 Y112.238 E.02388
G1 X153.756 Y112.664 E.02593
G1 X154.411 Y113.321 E.03078
G1 X154.706 Y113.799 E.01861
G1 X154.706 Y112.17 E.05401
; stop printing object 05_probe_bridge.stl id:0 copy 0
;TIME_ELAPSED:488.729401

;LAYER_CHANGE
;:1.6
;HEIGHT:0.2
;BEFORE_LAYER_CHANGE
;1.6
G92 E0

G1 E-4.5 F2700
;WIPE_START
G1 F3000
G1 X154.706 Y113.799 E-.38673
G1 X154.511 Y113.482 E-.08827
;WIPE_END
G1 E-.025 F2700
;_SET_FAN_SPEED_CHANGING_LAYER
; OBJECT_ID: 15
; printing object 05_probe_bridge.stl id:0 copy 0
M205 X8 Y8
G17
G3 Z1.8 I-.043 J-1.216 P1  F7200
G1 X112.163 Y114.963 Z1.8
G1 Z1.6
G1 E5 F2400
M205 X10 Y10
;TYPE:Inner wall
;WIDTH:0.505614
G1 F2700
G1 X111.769 Y114.977 E.01487
;WIDTH:0.477807
G1 X111.375 Y114.991 E.01398
;WIDTH:0.449999
G1 X65.009 Y114.991 E1.53803
G1 X65.009 Y105.009 E.33111
G1 X110.874 Y105.009 E1.52142
;WIDTH:0.489307
G1 X111.197 Y105.029 E.01176
;WIDTH:0.528615
G1 X111.519 Y105.048 E.01279
;WIDTH:0.567922
G1 X111.842 Y105.068 E.01383
G1 X111.761 Y105.103 E.0038
;WIDTH:0.541217
G1 X111.679 Y105.139 E.0036
;WIDTH:0.514512
G1 X111.226 Y105.328 E.01888
;WIDTH:0.482256
G1 X110.773 Y105.517 E.01758
;WIDTH:0.449999
G1 X109.941 Y106.038 E.03255
G1 X109.227 Y106.711 E.03255
G1 X108.658 Y107.51 E.03255
G1 X108.255 Y108.405 E.03255
G1 X108.036 Y109.361 E.03255
G1 X107.997 Y110.149 E.02615
G1 X108.031 Y110.51 E.01205
G1 X108.169 Y111.31 E.02691
G1 X108.517 Y112.227 E.03255
G1 X109.038 Y113.059 E.03255
G1 X109.711 Y113.773 E.03255
G1 X110.51 Y114.342 E.03255
G1 X111.405 Y114.745 E.03255
;WIDTH:0.477807
G1 X111.784 Y114.854 E.01398
;WIDTH:0.505614
G1 X112.125 Y114.952 E.01336
G1 E-4.5
;WIPE_START
G1 X111.769 Y114.977 E-.0847
G1 X111.375 Y114.991 E-.09368
G1 X110.126 Y114.991 E-.29663
;WIPE_END
G1 E-.025
M205 X8 Y8
G1 X102.684 Y113.295 Z2 F7200
G1 X74.07 Y106.773 Z2
G1 Z1.6
G1 E5 F2400
M205 X10 Y10
;WIDTH:0.449999
G1 F2700
G1 X74.264 Y106.607 E.00846
G1 X74.601 Y106.491 E.01183
G1 X99.271 Y106.491 E.81836
G1 X99.736 Y106.607 E.01589
G1 X100.062 Y106.886 E.01421
G1 X100.22 Y107.202 E.01172
G1 X100.259 Y107.479 E.00927
G1 X100.259 Y112.521 E.16728
G1 X100.22 Y112.798 E.00927
G1 X100.062 Y113.114 E.01172
G1 X99.736 Y113.393 E.01421
G1 X99.399 Y113.509 E.01183
G1 X74.729 Y113.509 E.81836
G1 X74.264 Y113.393 E.01589
G1 X73.938 Y113.114 E.01421
G1 X73.78 Y112.798 E.01172
G1 X73.741 Y112.521 E.00927
G1 X73.741 Y107.479 E.16728
G1 X73.78 Y107.202 E.00927
G1 X73.938 Y106.886 E.01172
G1 X74.04 Y106.799 E.00442
M205 X8 Y8
G1 X74.329 Y107.075 F7200
M205 X10 Y10
G1 F2700
G1 X74.455 Y106.966 E.00553
G1 X74.729 Y106.898 E.00934
G1 X99.271 Y106.898 E.81413
G1 X99.545 Y106.966 E.00934
G1 X99.736 Y107.13 E.00836
G1 X99.852 Y107.362 E.00861
G1 X99.852 Y112.521 E.17113
G1 X99.829 Y112.684 E.00545
G1 X99.736 Y112.87 E.00689
G1 X99.545 Y113.034 E.00836
G1 X99.271 Y113.102 E.00934
G1 X74.729 Y113.102 E.81413
G1 X74.455 Y113.034 E.00934
G1 X74.264 Y112.87 E.00836
G1 X74.148 Y112.638 E.00861
G1 X74.148 Y107.479 E.17113
G1 X74.171 Y107.316 E.00545
G1 X74.264 Y107.13 E.00689
G1 X74.298 Y107.101 E.00149
M205 X8 Y8
G1 X74.578 Y107.365 F7200
M205 X10 Y10
;TYPE:Outer wall
;WIDTH:0.419999
G1 F2400
G1 X74.729 Y107.29 E.00518
G1 X99.271 Y107.29 E.75413
G1 X99.422 Y107.365 E.00518
G1 X99.46 Y107.479 E.00366
G1 X99.46 Y112.521 E.15495
G1 X99.422 Y112.635 E.00366
G1 X99.271 Y112.71 E.00518
G1 X74.729 Y112.71 E.75413
G1 X74.578 Y112.635 E.00518
G1 X74.54 Y112.521 E.00366
G1 X74.54 Y107.479 E.15495
G1 X74.565 Y107.403 E.00243
M73 P31 R18
G1 E-4.5 F2700
;WIPE_START
G1 F2400
G1 X74.729 Y107.29 E-.04725
G1 X76.53 Y107.29 E-.42775
;WIPE_END
G1 E-.025 F2700
M205 X8 Y8
G1 X84.017 Y108.77 Z2 F7200
G1 X114.484 Y114.793 Z2
G1 Z1.6
G1 E5 F2400
M205 X10 Y10
;TYPE:Inner wall
;WIDTH:0.514512
G1 F2700
G1 X114.774 Y114.672 E.01207
;WIDTH:0.482256
G1 X115.227 Y114.483 E.01758
;WIDTH:0.449999
G1 X116.059 Y113.962 E.03255
G1 X116.773 Y113.289 E.03255
G1 X117.342 Y112.49 E.03255
G1 X117.745 Y111.595 E.03255
G1 X117.964 Y110.639 E.03255
G1 X117.994 Y109.658 E.03255
G1 X117.831 Y108.69 E.03255
G1 X117.483 Y107.773 E.03255
G1 X116.962 Y106.941 E.03255
G1 X116.289 Y106.227 E.03255
G1 X115.49 Y105.658 E.03255
G1 X114.595 Y105.255 E.03255
;WIDTH:0.477809
G1 X114.216 Y105.146 E.01398
;WIDTH:0.505618
G1 X113.837 Y105.037 E.01487
G1 X114.231 Y105.023 E.01487
;WIDTH:0.477809
G1 X114.625 Y105.009 E.01398
;WIDTH:0.449999
G1 X126.74 Y105.009 E.40189
G1 X126.315 Y105.591 E.02393
G1 X125.905 Y106.29 E.02686
G1 X125.46 Y107.293 E.0364
G1 X125.219 Y108.109 E.02824
G1 X125.061 Y108.959 E.02867
G1 X125.012 Y109.473 E.01713
G1 X125.007 Y109.911 E.01452
G1 X125.046 Y110.922 E.03357
G1 X125.161 Y111.633 E.02389
G1 X125.454 Y112.691 E.03643
G1 X125.793 Y113.489 E.02873
G1 X126.332 Y114.441 E.03629
G1 X126.74 Y114.991 E.02273
G1 X115.126 Y114.991 E.38527
;WIDTH:0.489307
G1 X114.803 Y114.971 E.01176
;WIDTH:0.528615
G1 X114.481 Y114.952 E.01279
;WIDTH:0.567922
G1 X114.158 Y114.932 E.01383
G1 X114.239 Y114.897 E.00379
;WIDTH:0.541217
G1 X114.321 Y114.861 E.0036
;WIDTH:0.514512
G1 X114.447 Y114.808 E.00527
G1 E-4.5
;WIPE_START
G1 X114.774 Y114.672 E-.08411
G1 X115.227 Y114.483 E-.11666
G1 X116.059 Y113.962 E-.23304
G1 X116.185 Y113.843 E-.04119
;WIPE_END
G1 E-.025
M205 X8 Y8
G1 X123.748 Y114.868 Z2 F7200
G1 X127.644 Y115.396 Z2
G1 Z1.6
G1 E5 F2400
M205 X10 Y10
;WIDTH:0.449999
G1 F2700
G1 X64.602 Y115.398 E2.09122
G1 X64.602 Y104.602 E.35812
G1 X127.649 Y104.602 E2.09138
G1 X127.106 Y105.2 E.0268
G1 X126.664 Y105.801 E.02474
G1 X126.277 Y106.455 E.02521
G1 X125.843 Y107.433 E.0355
G1 X125.619 Y108.185 E.02605
G1 X125.466 Y109 E.0275
G1 X125.414 Y109.898 E.02982
G1 X125.449 Y110.861 E.03197
G1 X125.554 Y111.524 E.02229
G1 X125.839 Y112.556 E.03551
G1 X126.147 Y113.288 E.02634
G1 X126.675 Y114.219 E.0355
G1 X127.142 Y114.844 E.02589
G1 X127.617 Y115.367 E.02344
G1 E-4.5
;WIPE_START
G1 X125.617 Y115.368 E-.475
;WIPE_END
G1 E-.025
M205 X8 Y8
G1 X128.731 Y115.79 Z2 F7200
G1 Z1.6
G1 E5 F2400
M205 X10 Y10
;TYPE:Outer wall
;WIDTH:0.419999
G1 X64.21 Y115.79 E1.98254
G1 X64.21 Y104.21 E.35582
G1 X128.692 Y104.214 E1.98134
G1 X127.903 Y104.9 E.03211
G1 X127.421 Y105.434 E.0221
G1 X127 Y106.002 E.02173
G1 X126.635 Y106.613 E.02187
G1 X126.212 Y107.569 E.03211
G1 X126.004 Y108.259 E.02214
G1 X125.856 Y109.037 E.02435
G1 X125.806 Y109.885 E.0261
G1 X125.836 Y110.802 E.02818
G1 X125.932 Y111.42 E.01921
G1 X126.21 Y112.427 E.03211
G1 X126.488 Y113.095 E.02222
G1 X127.004 Y114.004 E.03211
G1 X127.432 Y114.581 E.02208
G1 X127.909 Y115.105 E.02176
G1 X128.419 Y115.567 E.02116
G1 X128.698 Y115.767 E.01055
G1 E-4.5 F2700
;WIPE_START
G1 F2400
G1 X126.698 Y115.767 E-.475
;WIPE_END
G1 E-.025 F2700
M205 X8 Y8
G1 X119.112 Y114.93 Z2 F7200
G1 X114.303 Y114.399 Z2
G1 Z1.6
G1 E5 F2400
M205 X10 Y10
;TYPE:Inner wall
;WIDTH:0.449999
G1 F2700
G1 X114.173 Y114.448 E.00462
G1 X113.283 Y114.591 E.02991
G1 X112.381 Y114.558 E.02991
G1 X111.504 Y114.35 E.02991
G1 X110.684 Y113.974 E.02991
G1 X109.953 Y113.446 E.02991
G1 X109.34 Y112.786 E.02991
G1 X108.867 Y112.018 E.02991
G1 X108.552 Y111.173 E.02991
G1 X108.403 Y110.169 E.03367
G1 X108.442 Y109.381 E.02615
G1 X108.65 Y108.504 E.02991
G1 X109.026 Y107.684 E.02991
G1 X109.554 Y106.953 E.02991
G1 X110.214 Y106.34 E.02991
G1 X110.982 Y105.867 E.02991
G1 X111.827 Y105.552 E.02991
G1 X112.717 Y105.409 E.02991
G1 X113.619 Y105.442 E.02991
G1 X114.496 Y105.65 E.02991
G1 X115.316 Y106.026 E.02991
G1 X116.047 Y106.554 E.02991
G1 X116.66 Y107.214 E.02991
G1 X117.133 Y107.982 E.02991
G1 X117.448 Y108.827 E.02991
G1 X117.591 Y109.717 E.02991
G1 X117.558 Y110.619 E.02991
G1 X117.35 Y111.496 E.02991
G1 X116.974 Y112.316 E.02991
G1 X116.446 Y113.047 E.02991
G1 X115.786 Y113.66 E.02991
G1 X115.018 Y114.133 E.02991
G1 X114.341 Y114.385 E.02396
M205 X8 Y8
G1 X114.167 Y114.033 F7200
M205 X10 Y10
;TYPE:Outer wall
;WIDTH:0.419999
G1 F2400
G1 X114.041 Y114.078 E.00413
G1 X113.225 Y114.203 E.02535
G1 X112.401 Y114.166 E.02535
G1 X111.599 Y113.969 E.02535
G1 X110.852 Y113.62 E.02535
G1 X110.187 Y113.131 E.02535
G1 X109.63 Y112.522 E.02535
G1 X109.203 Y111.816 E.02535
G1 X108.922 Y111.041 E.02535
G1 X108.795 Y110.188 E.02648
G1 X108.834 Y109.401 E.02422
G1 X109.031 Y108.599 E.02535
G1 X109.38 Y107.852 E.02535
G1 X109.869 Y107.187 E.02535
G1 X110.478 Y106.63 E.02535
G1 X111.184 Y106.203 E.02535
G1 X111.959 Y105.922 E.02535
G1 X112.775 Y105.797 E.02535
G1 X113.599 Y105.834 E.02535
G1 X114.401 Y106.031 E.02535
G1 X115.148 Y106.38 E.02535
G1 X115.813 Y106.869 E.02535
G1 X116.37 Y107.478 E.02535
G1 X116.797 Y108.184 E.02535
G1 X117.078 Y108.959 E.02535
G1 X117.203 Y109.775 E.02535
G1 X117.166 Y110.599 E.02535
G1 X116.969 Y111.401 E.02535
G1 X116.62 Y112.148 E.02535
G1 X116.131 Y112.813 E.02535
G1 X115.522 Y113.37 E.02535
G1 X114.816 Y113.797 E.02535
G1 X114.205 Y114.019 E.01999
G1 E-4.5 F2700
;WIPE_START
G1 F2400
G1 X114.041 Y114.078 E-.04146
G1 X113.225 Y114.203 E-.19597
G1 X112.401 Y114.166 E-.19597
G1 X112.231 Y114.124 E-.0416
;WIPE_END
G1 E-.025 F2700
M205 X8 Y8
G1 X112.163 Y114.963 Z2 F7200
G1 Z1.6
G1 E5 F2400
M205 X10 Y10
;TYPE:Inner wall
;WIDTH:0.505614
G1 F2700
G1 X112.361 Y114.978 E.00747
;WIDTH:0.476388
G1 X113.342 Y114.992 E.03466
;WIDTH:0.487426
G1 X113.614 Y114.972 E.00988
;WIDTH:0.527674
G1 X113.886 Y114.952 E.01077
;WIDTH:0.567922
G1 X114.158 Y114.932 E.01167
G1 E-4.5
;WIPE_START
G1 X113.886 Y114.952 E-.06485
G1 X113.614 Y114.972 E-.06485
G1 X113.342 Y114.992 E-.06485
G1 X112.361 Y114.978 E-.23334
G1 X112.163 Y114.963 E-.04712
;WIPE_END
G1 E-.025
M205 X8 Y8
G1 X113.432 Y107.437 Z2 F7200
G1 X113.837 Y105.037 Z2
G1 Z1.6
G1 E5 F2400
M205 X10 Y10
;WIDTH:0.505618
G1 F2700
G1 X113.639 Y105.022 E.00747
;WIDTH:0.47639
G1 X112.658 Y105.008 E.03466
;WIDTH:0.487425
G1 X112.386 Y105.028 E.00988
;WIDTH:0.527674
G1 X112.114 Y105.048 E.01077
;WIDTH:0.567922
G1 X111.842 Y105.068 E.01167
G1 E-4.5
;WIPE_START
G1 X112.114 Y105.048 E-.06485
G1 X112.386 Y105.028 E-.06485
G1 X112.658 Y105.008 E-.06485
G1 X113.639 Y105.022 E-.23334
G1 X113.837 Y105.037 E-.04712
;WIPE_END
G1 E-.025
M205 X8 Y8
G1 X125.435 Y106.668 Z2 F7200
G1 Z1.6
M73 P32 R18
G1 E5 F2400
M205 X10 Y10
;TYPE:Sparse infill
;WIDTH:0.45
G1 F3000
G1 X125.172 Y107.261 E.02149
G1 X124.939 Y108.052 E.02737
G1 X124.91 Y108.205 E.00516
G1 X124.274 Y107.253 E.03799
G1 X123.946 Y106.936 E.01511
G1 X123.619 Y106.773 E.01213
G1 X122.963 Y106.719 E.02181
G1 X122.308 Y106.84 E.0221
G1 X121.653 Y107.074 E.02307
G1 X120.998 Y107.438 E.02486
G1 X120.343 Y108.003 E.02872
G1 X119.688 Y108.867 E.03597
G1 X119.032 Y109.847 E.0391
G1 X118.705 Y110.164 E.01511
G1 X118.377 Y110.326 E.01213
G1 X118.262 Y110.336 E.00384
G1 X118.241 Y110.751 E.01378
G1 X118.02 Y111.668 E.03128
G1 X117.939 Y111.895 E.00802
G1 X117.598 Y112.615 E.02642
G1 X117.474 Y112.822 E.00801
G1 X117 Y113.462 E.02642
G1 X116.837 Y113.641 E.00801
G1 X116.247 Y114.176 E.02642
G1 X116.053 Y114.32 E.00801
G1 X115.508 Y114.646 E.02107
G1 X115.525 Y114.706 E.00206
G1 X117.296 Y114.706 E.05874
G1 X117.722 Y114.338 E.01869
G1 X118.377 Y113.474 E.03597
G1 X119.032 Y112.494 E.0391
G1 X119.36 Y112.177 E.01511
G1 X119.688 Y112.015 E.01213
G1 X120.343 Y111.961 E.02181
G1 X120.998 Y112.082 E.0221
G1 X121.653 Y112.315 E.02307
G1 X122.308 Y112.679 E.02486
G1 X122.963 Y113.245 E.02872
G1 X123.619 Y114.109 E.03597
G1 X124.018 Y114.706 E.02383
G1 X125.646 Y114.706 E.05401
G1 E-4.5 F2700
;WIPE_START
G1 F3000
G1 X124.018 Y114.706 E-.38673
G1 X123.811 Y114.397 E-.08827
;WIPE_END
G1 E-.025 F2700
M205 X8 Y8
G1 X116.572 Y111.979 Z2 F7200
G1 X99.324 Y106.217 Z2
G1 Z1.6
G1 E5 F2400
M205 X10 Y10
G1 F3000
G1 X99.87 Y106.353 E.01867
G1 X100.29 Y106.713 E.01833
G1 X100.494 Y107.12 E.01512
G1 X100.502 Y107.177 E.0019
G1 X100.688 Y107.074 E.00706
G1 X101.343 Y106.84 E.02307
G1 X101.998 Y106.719 E.0221
G1 X102.653 Y106.773 E.02181
G1 X102.981 Y106.936 E.01213
G1 X103.309 Y107.253 E.01511
G1 X103.964 Y108.232 E.0391
G1 X104.619 Y109.096 E.03597
G1 X105.274 Y109.662 E.02872
G1 X105.929 Y110.026 E.02486
G1 X106.584 Y110.259 E.02307
G1 X107.24 Y110.381 E.0221
G1 X107.729 Y110.34 E.0163
G1 X107.841 Y111.167 E.02769
G1 X107.899 Y111.402 E.00803
G1 X108.168 Y112.152 E.02642
G1 X108.271 Y112.37 E.00801
G1 X108.442 Y112.655 E.01103
G1 X107.895 Y113.474 E.03266
G1 X107.24 Y114.338 E.03597
G1 X106.813 Y114.706 E.01869
G1 X103.053 Y114.706 E.12474
G1 X102.653 Y114.109 E.02383
G1 X101.998 Y113.245 E.03597
G1 X101.343 Y112.679 E.02872
G1 X100.688 Y112.315 E.02486
G1 X100.544 Y112.264 E.00506
G1 X100.544 Y112.527 E.00874
G1 X100.494 Y112.88 E.01181
G1 X100.29 Y113.287 E.01512
G1 X99.873 Y113.644 E.0182
G1 X99.494 Y113.775 E.01329
G1 X99.275 Y113.794 E.0073
G1 X97.169 Y113.794 E.06986
G1 X96.757 Y114.338 E.02263
G1 X96.331 Y114.706 E.01869
G1 X92.57 Y114.706 E.12474
G1 X92.171 Y114.109 E.02383
G1 X91.932 Y113.794 E.01309
G1 X86.687 Y113.794 E.17401
G1 X86.274 Y114.338 E.02263
G1 X85.848 Y114.706 E.01869
G1 X82.088 Y114.706 E.12474
G1 X81.688 Y114.109 E.02383
G1 X81.45 Y113.794 E.01309
G1 X76.204 Y113.794 E.17401
G1 X75.792 Y114.338 E.02263
G1 X75.365 Y114.706 E.01869
G1 X71.605 Y114.706 E.12474
G1 X71.206 Y114.109 E.02383
G1 X70.55 Y113.245 E.03597
G1 X69.895 Y112.679 E.02872
G1 X69.24 Y112.315 E.02486
G1 X68.585 Y112.082 E.02307
G1 X67.93 Y111.961 E.0221
G1 X67.275 Y112.015 E.02181
G1 X66.947 Y112.177 E.01213
G1 X66.619 Y112.494 E.01511
G1 X65.964 Y113.474 E.0391
G1 X65.294 Y114.351 E.03661
G1 X65.294 Y110.378 E.13179
G1 X65.964 Y110.326 E.0223
G1 X66.292 Y110.164 E.01213
G1 X66.619 Y109.847 E.01511
G1 X67.275 Y108.867 E.0391
G1 X67.93 Y108.003 E.03597
G1 X68.585 Y107.438 E.02872
G1 X69.24 Y107.074 E.02486
G1 X69.895 Y106.84 E.02307
G1 X70.55 Y106.719 E.0221
G1 X71.206 Y106.773 E.02181
G1 X71.533 Y106.936 E.01213
G1 X71.861 Y107.253 E.01511
G1 X72.516 Y108.232 E.0391
G1 X73.171 Y109.096 E.03597
G1 X73.456 Y109.342 E.01248
G1 X73.456 Y107.714 E.05401
G1 E-5 F2700
M205 X8 Y8
G1 X81.042 Y108.553 Z2 F7200
G1 X139.26 Y114.991 Z2
G1 Z1.6
G1 E5 F2400
M205 X10 Y10
;TYPE:Inner wall
;WIDTH:0.449999
G1 F2700
G1 X139.685 Y114.409 E.02392
G1 X140.089 Y113.725 E.02634
G1 X140.449 Y112.936 E.02876
G1 X140.679 Y112.271 E.02336
G1 X140.879 Y111.426 E.02878
G1 X140.974 Y110.737 E.02309
G1 X141.008 Y109.943 E.02634
G1 X140.954 Y109.078 E.02876
G1 X140.843 Y108.383 E.02336
G1 X140.621 Y107.544 E.02878
G1 X140.38 Y106.891 E.02309
G1 X140.04 Y106.182 E.02607
G1 X139.631 Y105.511 E.02607
G1 X139.26 Y105.009 E.02071
G1 X154.991 Y105.009 E.52184
G1 X154.991 Y114.991 E.33111
G1 X139.3 Y114.991 E.52051
G1 E-4.5
;WIPE_START
G1 X139.685 Y114.409 E-.16586
G1 X140.089 Y113.725 E-.18858
G1 X140.3 Y113.263 E-.12056
;WIPE_END
G1 E-.025
M205 X8 Y8
G1 X138.351 Y115.398 Z2 F7200
G1 Z1.6
G1 E5 F2400
M205 X10 Y10
G1 F2700
G1 X138.894 Y114.8 E.0268
G1 X139.336 Y114.199 E.02474
G1 X139.719 Y113.554 E.02491
G1 X140.065 Y112.8 E.0275
G1 X140.283 Y112.175 E.02197
G1 X140.476 Y111.368 E.02752
G1 X140.568 Y110.717 E.02182
G1 X140.601 Y109.967 E.0249
G1 X140.551 Y109.139 E.0275
G1 X140.449 Y108.485 E.02197
G1 X140.238 Y107.682 E.02752
G1 X140.012 Y107.065 E.02182
G1 X139.69 Y106.392 E.02474
G1 X139.305 Y105.753 E.02474
G1 X138.858 Y105.156 E.02474
G1 X138.356 Y104.604 E.02477
G1 X155.398 Y104.602 E.56532
G1 X155.398 Y115.398 E.35812
G1 X138.391 Y115.398 E.56415
G1 E-4.5
;WIPE_START
G1 X138.894 Y114.8 E-.18559
G1 X139.336 Y114.199 E-.1771
G1 X139.577 Y113.793 E-.1123
;WIPE_END
G1 E-.025
M205 X8 Y8
G1 X137.308 Y115.786 Z2 F7200
G1 Z1.6
G1 E5 F2400
M205 X10 Y10
;TYPE:Outer wall
;WIDTH:0.419999
G1 X138.097 Y115.1 E.03211
G1 X138.579 Y114.566 E.0221
G1 X139 Y113.998 E.02173
G1 X139.364 Y113.389 E.02179
G1 X139.696 Y112.67 E.02435
G1 X139.902 Y112.083 E.01912
G1 X140.088 Y111.312 E.02437
G1 X140.176 Y110.697 E.01907
G1 X140.21 Y109.989 E.02179
G1 X140.164 Y109.198 E.02435
G1 X140.069 Y108.583 E.01912
G1 X139.869 Y107.816 E.02437
G1 X139.657 Y107.232 E.01907
G1 X139.354 Y106.593 E.02174
G1 X138.99 Y105.987 E.02174
G1 X138.568 Y105.419 E.02173
G1 X138.091 Y104.895 E.02176
G1 X137.581 Y104.433 E.02116
G1 X137.269 Y104.21 E.01178
G1 X155.79 Y104.21 E.56909
G1 X155.79 Y115.79 E.35582
G1 X137.348 Y115.786 E.56666
G1 E-4.5 F2700
;WIPE_START
G1 F2400
G1 X138.097 Y115.1 E-.24114
G1 X138.579 Y114.566 E-.1708
G1 X138.737 Y114.353 E-.06306
;WIPE_END
G1 E-.025 F2700
M205 X8 Y8
G1 X146.368 Y114.528 Z2 F7200
G1 X154.15 Y114.706 Z2
G1 Z1.6
G1 E5 F2400
M205 X10 Y10
;TYPE:Sparse infill
;WIDTH:0.45
G1 F3000
G1 X154.706 Y114.706 E.01843
G1 X154.706 Y113.633 E.03558
G1 X154.411 Y113.245 E.01617
G1 X153.756 Y112.679 E.02872
G1 X153.101 Y112.315 E.02486
G1 X152.446 Y112.082 E.02307
G1 X151.791 Y111.961 E.0221
G1 X151.135 Y112.015 E.02181
G1 X150.808 Y112.177 E.01213
G1 X150.48 Y112.494 E.01511
G1 X149.825 Y113.474 E.0391
G1 X149.17 Y114.338 E.03597
G1 X148.744 Y114.706 E.01869
G1 X144.983 Y114.706 E.12474
G1 X144.584 Y114.109 E.02383
G1 X143.929 Y113.245 E.03597
G1 X143.273 Y112.679 E.02872
G1 X142.618 Y112.315 E.02486
G1 X141.963 Y112.082 E.02307
G1 X141.308 Y111.961 E.0221
G1 X141.036 Y111.983 E.00906
G1 X141.16 Y111.471 E.01749
G1 X141.259 Y110.754 E.02399
G1 X141.294 Y110 E.02506
G1 X141.248 Y109.15 E.02822
G1 X141.144 Y108.435 E.02395
G1 X141.103 Y108.274 E.00553
G1 X141.308 Y108.003 E.01127
G1 X141.963 Y107.438 E.02872
G1 X142.618 Y107.074 E.02486
G1 X143.273 Y106.84 E.02307
G1 X143.929 Y106.719 E.0221
G1 X144.584 Y106.773 E.02181
G1 X144.911 Y106.936 E.01213
G1 X145.239 Y107.253 E.01511
G1 X145.894 Y108.232 E.0391
G1 X146.549 Y109.096 E.03597
G1 X147.204 Y109.662 E.02872
G1 X147.86 Y110.026 E.02486
G1 X148.515 Y110.259 E.02307
G1 X149.17 Y110.381 E.0221
G1 X149.825 Y110.326 E.02181
G1 X150.153 Y110.164 E.01213
G1 X150.48 Y109.847 E.01511
G1 X151.135 Y108.867 E.0391
G1 X151.791 Y108.003 E.03597
G1 X152.446 Y107.438 E.02872
G1 X153.101 Y107.074 E.02486
G1 X153.756 Y106.84 E.02307
G1 X154.411 Y106.719 E.0221
G1 X154.706 Y106.744 E.00981
G1 X154.706 Y105.294 E.04808
G1 X154.527 Y105.294 E.00593
; stop printing object 05_probe_bridge.stl id:0 copy 0
;TIME_ELAPSED:530.699097

;LAYER_CHANGE
;:1.8
;HEIGHT:0.2
;BEFORE_LAYER_CHANGE
;1.8
G92 E0

G1 E-4.5 F2700
;WIPE_START
G1 F3000
G1 X154.706 Y105.294 E-.04248
G1 X154.706 Y106.744 E-.34424
G1 X154.411 Y106.719 E-.07021
G1 X154.336 Y106.733 E-.01806
;WIPE_END
G1 E-.025 F2700
;_SET_FAN_SPEED_CHANGING_LAYER
; OBJECT_ID: 15
; printing object 05_probe_bridge.stl id:0 copy 0
M205 X8 Y8
G17
G3 Z2 I-.233 J-1.194 P1  F7200
G1 X112.163 Y114.963 Z2
M73 P32 R17
G1 Z1.8
M73 P33 R17
G1 E5 F2400
M205 X10 Y10
;TYPE:Inner wall
;WIDTH:0.505614
G1 F2700
G1 X111.769 Y114.977 E.01487
;WIDTH:0.477807
G1 X111.375 Y114.991 E.01398
;WIDTH:0.449999
G1 X65.009 Y114.991 E1.53803
G1 X65.009 Y105.009 E.33111
G1 X110.874 Y105.009 E1.52142
;WIDTH:0.489307
G1 X111.197 Y105.029 E.01176
;WIDTH:0.528615
G1 X111.519 Y105.048 E.01279
;WIDTH:0.567922
G1 X111.842 Y105.068 E.01383
G1 X111.761 Y105.103 E.0038
;WIDTH:0.541217
G1 X111.679 Y105.139 E.0036
;WIDTH:0.514511
G1 X111.226 Y105.328 E.01888
;WIDTH:0.482255
G1 X110.773 Y105.517 E.01758
;WIDTH:0.449999
G1 X109.941 Y106.038 E.03255
G1 X109.227 Y106.711 E.03255
G1 X108.658 Y107.51 E.03255
G1 X108.255 Y108.405 E.03255
G1 X108.036 Y109.361 E.03255
G1 X107.997 Y110.149 E.02615
G1 X108.031 Y110.51 E.01204
G1 X108.169 Y111.31 E.02691
G1 X108.517 Y112.227 E.03255
G1 X109.038 Y113.059 E.03255
G1 X109.711 Y113.773 E.03255
G1 X110.51 Y114.342 E.03255
G1 X111.405 Y114.745 E.03255
;WIDTH:0.477807
G1 X111.784 Y114.854 E.01398
;WIDTH:0.505614
G1 X112.125 Y114.952 E.01336
G1 E-4.5
;WIPE_START
G1 X111.769 Y114.977 E-.0847
G1 X111.375 Y114.991 E-.09368
G1 X110.126 Y114.991 E-.29663
;WIPE_END
G1 E-.025
M205 X8 Y8
G1 X102.684 Y113.295 Z2.2 F7200
G1 X74.07 Y106.773 Z2.2
G1 Z1.8
G1 E5 F2400
M205 X10 Y10
;WIDTH:0.449999
G1 F2700
G1 X74.264 Y106.607 E.00846
G1 X74.601 Y106.491 E.01183
G1 X99.271 Y106.491 E.81836
G1 X99.736 Y106.607 E.01589
G1 X100.062 Y106.886 E.01421
G1 X100.22 Y107.202 E.01172
G1 X100.259 Y107.479 E.00927
G1 X100.259 Y112.521 E.16728
G1 X100.22 Y112.798 E.00927
G1 X100.062 Y113.114 E.01172
G1 X99.736 Y113.393 E.01421
G1 X99.399 Y113.509 E.01183
G1 X74.729 Y113.509 E.81836
G1 X74.264 Y113.393 E.01589
G1 X73.938 Y113.114 E.01421
G1 X73.78 Y112.798 E.01172
G1 X73.741 Y112.521 E.00927
G1 X73.741 Y107.479 E.16728
G1 X73.78 Y107.202 E.00927
G1 X73.938 Y106.886 E.01172
G1 X74.04 Y106.799 E.00442
M205 X8 Y8
G1 X74.329 Y107.075 F7200
M205 X10 Y10
G1 F2700
G1 X74.455 Y106.966 E.00553
G1 X74.729 Y106.898 E.00934
G1 X99.271 Y106.898 E.81413
G1 X99.545 Y106.966 E.00934
G1 X99.736 Y107.13 E.00836
G1 X99.852 Y107.362 E.00861
G1 X99.852 Y112.521 E.17113
G1 X99.829 Y112.684 E.00545
G1 X99.736 Y112.87 E.00689
G1 X99.545 Y113.034 E.00836
G1 X99.271 Y113.102 E.00934
G1 X74.729 Y113.102 E.81413
G1 X74.455 Y113.034 E.00934
G1 X74.264 Y112.87 E.00836
G1 X74.148 Y112.638 E.00861
G1 X74.148 Y107.479 E.17113
G1 X74.171 Y107.316 E.00545
G1 X74.264 Y107.13 E.00689
G1 X74.298 Y107.101 E.00149
M205 X8 Y8
G1 X74.578 Y107.365 F7200
M205 X10 Y10
;TYPE:Outer wall
;WIDTH:0.419999
G1 F2400
G1 X74.729 Y107.29 E.00518
G1 X99.271 Y107.29 E.75413
G1 X99.422 Y107.365 E.00518
G1 X99.46 Y107.479 E.00366
G1 X99.46 Y112.521 E.15495
G1 X99.422 Y112.635 E.00366
G1 X99.271 Y112.71 E.00518
G1 X74.729 Y112.71 E.75413
G1 X74.578 Y112.635 E.00518
G1 X74.54 Y112.521 E.00366
G1 X74.54 Y107.479 E.15495
G1 X74.565 Y107.403 E.00243
G1 E-4.5 F2700
;WIPE_START
G1 F2400
G1 X74.729 Y107.29 E-.04725
G1 X76.53 Y107.29 E-.42775
;WIPE_END
G1 E-.025 F2700
M205 X8 Y8
G1 X84.017 Y108.771 Z2.2 F7200
G1 X114.473 Y114.798 Z2.2
G1 Z1.8
G1 E5 F2400
M205 X10 Y10
;TYPE:Inner wall
;WIDTH:0.514512
G1 F2700
G1 X114.774 Y114.672 E.01252
;WIDTH:0.482256
G1 X115.227 Y114.483 E.01758
;WIDTH:0.449999
G1 X116.059 Y113.962 E.03255
G1 X116.773 Y113.289 E.03255
G1 X117.342 Y112.49 E.03255
G1 X117.745 Y111.595 E.03255
G1 X117.964 Y110.639 E.03255
G1 X117.994 Y109.658 E.03255
G1 X117.831 Y108.69 E.03255
G1 X117.483 Y107.773 E.03255
G1 X116.962 Y106.941 E.03255
G1 X116.289 Y106.227 E.03255
G1 X115.49 Y105.658 E.03255
G1 X114.595 Y105.255 E.03255
;WIDTH:0.477809
G1 X114.216 Y105.146 E.01398
;WIDTH:0.505618
G1 X113.837 Y105.037 E.01487
G1 X114.231 Y105.023 E.01487
;WIDTH:0.477809
G1 X114.625 Y105.009 E.01398
;WIDTH:0.449999
G1 X126.74 Y105.009 E.40189
G1 X126.315 Y105.591 E.02392
G1 X125.905 Y106.29 E.02686
G1 X125.46 Y107.293 E.0364
G1 X125.218 Y108.11 E.02827
G1 X125.059 Y108.974 E.02913
G1 X125.007 Y109.908 E.03103
G1 X125.048 Y110.934 E.03407
G1 X125.164 Y111.641 E.02377
G1 X125.492 Y112.788 E.03959
G1 X125.793 Y113.489 E.02529
G1 X126.332 Y114.441 E.03629
G1 X126.74 Y114.991 E.02273
G1 X115.126 Y114.991 E.38527
;WIDTH:0.489307
G1 X114.803 Y114.971 E.01176
;WIDTH:0.528615
G1 X114.481 Y114.952 E.01279
;WIDTH:0.567922
G1 X114.158 Y114.932 E.01383
G1 X114.239 Y114.897 E.00379
;WIDTH:0.541217
G1 X114.321 Y114.861 E.0036
;WIDTH:0.514512
G1 X114.436 Y114.813 E.00482
G1 E-4.5
;WIPE_START
G1 X114.774 Y114.672 E-.08689
G1 X115.227 Y114.483 E-.11666
G1 X116.059 Y113.962 E-.23304
G1 X116.177 Y113.851 E-.03841
;WIPE_END
G1 E-.025
M205 X8 Y8
G1 X123.741 Y114.87 Z2.2 F7200
G1 X127.644 Y115.396 Z2.2
G1 Z1.8
G1 E5 F2400
M205 X10 Y10
;WIDTH:0.449999
G1 F2700
G1 X64.602 Y115.398 E2.09122
G1 X64.602 Y104.602 E.35812
G1 X127.649 Y104.602 E2.09138
G1 X127.106 Y105.2 E.0268
M73 P34 R17
G1 X126.664 Y105.801 E.02474
G1 X126.277 Y106.455 E.02521
G1 X125.843 Y107.433 E.0355
G1 X125.618 Y108.186 E.02607
G1 X125.465 Y109.012 E.02787
G1 X125.414 Y109.894 E.02931
G1 X125.45 Y110.873 E.03248
G1 X125.555 Y111.529 E.02206
G1 X125.876 Y112.651 E.03869
G1 X126.147 Y113.288 E.02298
G1 X126.675 Y114.219 E.0355
G1 X127.142 Y114.844 E.02588
G1 X127.617 Y115.367 E.02344
G1 E-4.5
;WIPE_START
G1 X125.617 Y115.368 E-.475
;WIPE_END
G1 E-.025
M205 X8 Y8
G1 X128.731 Y115.79 Z2.2 F7200
G1 Z1.8
G1 E5 F2400
M205 X10 Y10
;TYPE:Outer wall
;WIDTH:0.419999
G1 X64.21 Y115.79 E1.98254
G1 X64.21 Y104.21 E.35582
G1 X128.692 Y104.214 E1.98134
G1 X127.903 Y104.9 E.03211
G1 X127.421 Y105.434 E.0221
G1 X127 Y106.002 E.02173
G1 X126.635 Y106.613 E.02187
G1 X126.212 Y107.569 E.03211
G1 X126.004 Y108.259 E.02215
G1 X125.855 Y109.049 E.0247
G1 X125.806 Y109.881 E.02562
G1 X125.838 Y110.813 E.02866
G1 X125.932 Y111.421 E.01891
G1 X126.246 Y112.519 E.03508
G1 X126.489 Y113.095 E.01919
G1 X127.004 Y114.004 E.03211
G1 X127.432 Y114.581 E.02208
G1 X127.909 Y115.105 E.02176
G1 X128.419 Y115.567 E.02116
G1 X128.698 Y115.767 E.01055
G1 E-4.5 F2700
;WIPE_START
G1 F2400
G1 X126.698 Y115.767 E-.475
;WIPE_END
G1 E-.025 F2700
M205 X8 Y8
G1 X119.111 Y114.933 Z2.2 F7200
G1 X114.292 Y114.403 Z2.2
G1 Z1.8
G1 E5 F2400
M205 X10 Y10
;TYPE:Inner wall
;WIDTH:0.449999
G1 F2700
G1 X114.173 Y114.448 E.00423
G1 X113.283 Y114.591 E.02991
G1 X112.381 Y114.558 E.02991
G1 X111.504 Y114.35 E.02991
G1 X110.684 Y113.974 E.02991
G1 X109.953 Y113.446 E.02991
G1 X109.34 Y112.786 E.02991
G1 X108.867 Y112.018 E.02991
G1 X108.552 Y111.173 E.02991
G1 X108.403 Y110.169 E.03367
G1 X108.442 Y109.381 E.02615
G1 X108.65 Y108.504 E.02991
G1 X109.026 Y107.684 E.02991
G1 X109.554 Y106.953 E.02991
G1 X110.214 Y106.34 E.02991
G1 X110.982 Y105.867 E.02991
G1 X111.827 Y105.552 E.02991
G1 X112.717 Y105.409 E.02991
G1 X113.619 Y105.442 E.02991
G1 X114.496 Y105.65 E.02991
G1 X115.316 Y106.026 E.02991
G1 X116.047 Y106.554 E.02991
G1 X116.66 Y107.214 E.02991
G1 X117.133 Y107.982 E.02991
G1 X117.448 Y108.827 E.02991
G1 X117.591 Y109.717 E.02991
G1 X117.558 Y110.619 E.02991
G1 X117.35 Y111.496 E.02991
G1 X116.974 Y112.316 E.02991
G1 X116.446 Y113.047 E.02991
G1 X115.786 Y113.66 E.02991
G1 X115.018 Y114.133 E.02991
G1 X114.33 Y114.389 E.02435
M205 X8 Y8
G1 X114.156 Y114.037 F7200
M205 X10 Y10
;TYPE:Outer wall
;WIDTH:0.419999
G1 F2400
G1 X114.041 Y114.078 E.00377
G1 X113.225 Y114.203 E.02535
G1 X112.401 Y114.166 E.02535
G1 X111.599 Y113.969 E.02535
G1 X110.852 Y113.62 E.02535
G1 X110.187 Y113.131 E.02535
G1 X109.63 Y112.522 E.02535
G1 X109.203 Y111.816 E.02535
G1 X108.922 Y111.041 E.02535
G1 X108.795 Y110.188 E.02648
G1 X108.834 Y109.401 E.02422
G1 X109.031 Y108.599 E.02535
G1 X109.38 Y107.852 E.02535
G1 X109.869 Y107.187 E.02535
G1 X110.478 Y106.63 E.02535
G1 X111.184 Y106.203 E.02535
G1 X111.959 Y105.922 E.02535
G1 X112.775 Y105.797 E.02535
G1 X113.599 Y105.834 E.02535
G1 X114.401 Y106.031 E.02535
G1 X115.148 Y106.38 E.02535
G1 X115.813 Y106.869 E.02535
G1 X116.37 Y107.478 E.02535
G1 X116.797 Y108.184 E.02535
G1 X117.078 Y108.959 E.02535
G1 X117.203 Y109.775 E.02535
G1 X117.166 Y110.599 E.02535
G1 X116.969 Y111.401 E.02535
G1 X116.62 Y112.148 E.02535
G1 X116.131 Y112.813 E.02535
G1 X115.522 Y113.37 E.02535
G1 X114.816 Y113.797 E.02535
G1 X114.194 Y114.023 E.02035
G1 E-4.5 F2700
;WIPE_START
G1 F2400
G1 X114.041 Y114.078 E-.03866
G1 X113.225 Y114.203 E-.19597
G1 X112.401 Y114.166 E-.19597
G1 X112.219 Y114.122 E-.04441
;WIPE_END
G1 E-.025 F2700
M205 X8 Y8
G1 X112.163 Y114.963 Z2.2 F7200
G1 Z1.8
G1 E5 F2400
M205 X10 Y10
;TYPE:Inner wall
;WIDTH:0.505614
G1 F2700
G1 X112.361 Y114.978 E.00747
;WIDTH:0.476388
G1 X113.342 Y114.992 E.03466
;WIDTH:0.487425
G1 X113.614 Y114.972 E.00988
;WIDTH:0.527674
G1 X113.886 Y114.952 E.01077
;WIDTH:0.567922
G1 X114.158 Y114.932 E.01167
G1 E-4.5
;WIPE_START
G1 X113.886 Y114.952 E-.06485
G1 X113.614 Y114.972 E-.06485
G1 X113.342 Y114.992 E-.06485
G1 X112.361 Y114.978 E-.23334
G1 X112.163 Y114.963 E-.04712
;WIPE_END
G1 E-.025
M205 X8 Y8
G1 X113.432 Y107.437 Z2.2 F7200
G1 X113.837 Y105.037 Z2.2
G1 Z1.8
G1 E5 F2400
M205 X10 Y10
;WIDTH:0.505618
G1 F2700
G1 X113.639 Y105.022 E.00747
;WIDTH:0.47639
G1 X112.658 Y105.008 E.03466
;WIDTH:0.487425
G1 X112.386 Y105.028 E.00988
;WIDTH:0.527674
G1 X112.114 Y105.048 E.01077
;WIDTH:0.567922
G1 X111.842 Y105.068 E.01167
G1 E-4.5
;WIPE_START
G1 X112.114 Y105.048 E-.06485
G1 X112.386 Y105.028 E-.06485
G1 X112.658 Y105.008 E-.06485
G1 X113.639 Y105.022 E-.23334
G1 X113.837 Y105.037 E-.04712
;WIPE_END
G1 E-.025
M205 X8 Y8
G1 X125.362 Y106.833 Z2.2 F7200
G1 Z1.8
G1 E5 F2400
M205 X10 Y10
;TYPE:Sparse infill
;WIDTH:0.45
G1 F3000
G1 X125.172 Y107.261 E.01551
G1 X124.939 Y108.053 E.02741
G1 X124.879 Y108.382 E.01109
G1 X124.274 Y107.606 E.03263
G1 X123.619 Y107.08 E.02788
G1 X122.963 Y106.921 E.02236
G1 X122.308 Y106.963 E.02178
G1 X121.653 Y107.135 E.02246
G1 X120.998 Y107.437 E.02394
G1 X120.343 Y107.922 E.02704
G1 X119.688 Y108.653 E.03255
G1 X119.032 Y109.493 E.03535
G1 X118.377 Y110.02 E.02788
G1 X118.277 Y110.044 E.00342
G1 X118.241 Y110.753 E.02354
G1 X118.02 Y111.668 E.03121
G1 X117.939 Y111.895 E.00802
G1 X117.598 Y112.615 E.02642
G1 X117.474 Y112.822 E.00801
G1 X117 Y113.462 E.02642
G1 X116.837 Y113.641 E.00801
G1 X116.247 Y114.176 E.02642
G1 X116.053 Y114.32 E.00801
G1 X115.508 Y114.646 E.02107
G1 X115.525 Y114.706 E.00206
G1 X117.334 Y114.706 E.06001
G1 X117.722 Y114.419 E.01601
G1 X118.377 Y113.688 E.03255
G1 X119.032 Y112.848 E.03535
G1 X119.688 Y112.321 E.02788
G1 X120.343 Y112.163 E.02236
G1 X120.998 Y112.205 E.02178
G1 X121.653 Y112.376 E.02246
G1 X122.308 Y112.679 E.02394
G1 X122.963 Y113.164 E.02704
G1 X123.619 Y113.894 E.03255
G1 X124.251 Y114.706 E.03414
G1 X125.88 Y114.706 E.05401
G1 E-4.5 F2700
;WIPE_START
G1 F3000
G1 X124.251 Y114.706 E-.38673
G1 X124.023 Y114.413 E-.08827
;WIPE_END
G1 E-.025 F2700
M205 X8 Y8
G1 X116.779 Y112.008 Z2.2 F7200
G1 X99.364 Y106.227 Z2.2
G1 Z1.8
G1 E5 F2400
M205 X10 Y10
G1 F3000
G1 X99.87 Y106.353 E.0173
G1 X100.29 Y106.713 E.01833
G1 X100.494 Y107.12 E.01512
G1 X100.508 Y107.218 E.00326
G1 X100.688 Y107.135 E.00659
G1 X101.343 Y106.963 E.02246
G1 X101.998 Y106.921 E.02178
G1 X102.653 Y107.08 E.02236
G1 X103.309 Y107.606 E.02788
G1 X103.964 Y108.447 E.03535
G1 X104.619 Y109.177 E.03255
G1 X105.274 Y109.662 E.02704
G1 X105.929 Y109.965 E.02394
G1 X106.584 Y110.136 E.02246
G1 X107.24 Y110.178 E.02178
G1 X107.717 Y110.063 E.01631
G1 X107.71 Y110.201 E.00459
G1 X107.841 Y111.167 E.03235
G1 X107.899 Y111.402 E.00803
G1 X108.168 Y112.152 E.02642
G1 X108.271 Y112.37 E.00801
G1 X108.555 Y112.844 E.01831
G1 X107.895 Y113.688 E.03555
G1 X107.24 Y114.419 E.03255
G1 X106.852 Y114.706 E.01601
G1 X103.286 Y114.706 E.11827
G1 X102.653 Y113.894 E.03414
G1 X101.998 Y113.164 E.03255
G1 X101.343 Y112.679 E.02704
G1 X100.688 Y112.376 E.02394
G1 X100.544 Y112.338 E.00493
G1 X100.544 Y112.527 E.00627
G1 X100.494 Y112.88 E.01181
G1 X100.29 Y113.287 E.01512
G1 X99.873 Y113.644 E.0182
G1 X99.494 Y113.775 E.01329
G1 X99.275 Y113.794 E.0073
G1 X97.317 Y113.794 E.06495
G1 X96.757 Y114.419 E.02783
G1 X96.369 Y114.706 E.01601
G1 X92.804 Y114.706 E.11827
G1 X92.081 Y113.794 E.03859
G1 X86.834 Y113.794 E.17404
G1 X86.274 Y114.419 E.02783
G1 X85.886 Y114.706 E.01601
G1 X82.321 Y114.706 E.11827
G1 X81.598 Y113.794 E.03859
G1 X76.352 Y113.794 E.17404
G1 X75.792 Y114.419 E.02783
G1 X75.404 Y114.706 E.01601
G1 X71.838 Y114.706 E.11827
G1 X71.206 Y113.894 E.03414
G1 X70.55 Y113.164 E.03255
G1 X69.895 Y112.679 E.02704
G1 X69.24 Y112.376 E.02394
G1 X68.585 Y112.205 E.02246
G1 X67.93 Y112.163 E.02178
G1 X67.275 Y112.321 E.02236
G1 X66.619 Y112.848 E.02788
G1 X65.964 Y113.688 E.03535
G1 X65.294 Y114.43 E.03316
G1 X65.294 Y110.177 E.14106
G1 X65.964 Y110.02 E.02284
G1 X66.619 Y109.493 E.02788
G1 X67.275 Y108.653 E.03535
G1 X67.93 Y107.922 E.03255
G1 X68.585 Y107.437 E.02704
G1 X69.24 Y107.135 E.02394
G1 X69.895 Y106.963 E.02246
G1 X70.55 Y106.921 E.02178
G1 X71.206 Y107.08 E.02236
G1 X71.861 Y107.606 E.02788
G1 X72.516 Y108.447 E.03535
G1 X73.171 Y109.177 E.03255
G1 X73.456 Y109.388 E.01176
G1 X73.456 Y107.76 E.05401
G1 E-5 F2700
M205 X8 Y8
G1 X81.043 Y108.594 Z2.2 F7200
G1 X139.26 Y114.991 Z2.2
G1 Z1.8
M73 P35 R17
G1 E5 F2400
M205 X10 Y10
;TYPE:Inner wall
;WIDTH:0.449999
G1 F2700
G1 X139.685 Y114.409 E.02392
G1 X140.085 Y113.732 E.02607
G1 X140.425 Y112.997 E.02686
G1 X140.77 Y111.952 E.03652
G1 X140.941 Y111.026 E.03121
G1 X140.995 Y110.165 E.02865
G1 X140.952 Y109.066 E.03646
G1 X140.845 Y108.39 E.0227
G1 X140.649 Y107.629 E.02608
G1 X140.38 Y106.891 E.02606
G1 X140.04 Y106.182 E.02607
G1 X139.631 Y105.511 E.02607
G1 X139.26 Y105.009 E.02071
G1 X154.991 Y105.009 E.52184
G1 X154.991 Y114.991 E.33111
G1 X139.3 Y114.991 E.52051
G1 E-4.5
;WIPE_START
G1 X139.685 Y114.409 E-.16586
G1 X140.085 Y113.732 E-.18665
G1 X140.301 Y113.264 E-.12249
;WIPE_END
G1 E-.025
M205 X8 Y8
G1 X138.351 Y115.398 Z2.2 F7200
G1 Z1.8
G1 E5 F2400
M205 X10 Y10
G1 F2700
G1 X138.894 Y114.8 E.0268
G1 X139.336 Y114.199 E.02474
G1 X139.717 Y113.558 E.02475
G1 X140.038 Y112.869 E.02521
G1 X140.375 Y111.851 E.03558
G1 X140.535 Y110.988 E.02911
G1 X140.588 Y110.178 E.02693
G1 X140.55 Y109.127 E.03487
G1 X140.45 Y108.489 E.02143
G1 X140.266 Y107.766 E.02476
G1 X140.012 Y107.065 E.02474
G1 X139.69 Y106.392 E.02474
G1 X139.305 Y105.753 E.02475
G1 X138.858 Y105.156 E.02474
G1 X138.356 Y104.604 E.02477
G1 X155.398 Y104.602 E.56532
G1 X155.398 Y115.398 E.35812
G1 X138.391 Y115.398 E.56415
G1 E-4.5
;WIPE_START
G1 X138.894 Y114.8 E-.18559
G1 X139.336 Y114.199 E-.1771
G1 X139.578 Y113.793 E-.1123
;WIPE_END
G1 E-.025
M205 X8 Y8
G1 X137.308 Y115.786 Z2.2 F7200
G1 Z1.8
G1 E5 F2400
M205 X10 Y10
;TYPE:Outer wall
;WIDTH:0.419999
G1 X138.097 Y115.1 E.03211
G1 X138.579 Y114.566 E.0221
G1 X139 Y113.998 E.02173
G1 X139.363 Y113.391 E.02174
G1 X139.666 Y112.746 E.02187
G1 X139.994 Y111.753 E.03214
G1 X140.145 Y110.951 E.02508
G1 X140.197 Y110.191 E.02342
G1 X140.162 Y109.187 E.03088
G1 X140.069 Y108.585 E.01872
G1 X139.897 Y107.898 E.02175
G1 X139.657 Y107.232 E.02173
G1 X139.354 Y106.593 E.02174
G1 X138.99 Y105.987 E.02174
G1 X138.568 Y105.419 E.02173
G1 X138.091 Y104.895 E.02176
G1 X137.581 Y104.433 E.02116
G1 X137.269 Y104.21 E.01178
G1 X155.79 Y104.21 E.56909
G1 X155.79 Y115.79 E.35582
G1 X137.348 Y115.786 E.56666
G1 E-4.5 F2700
;WIPE_START
G1 F2400
G1 X138.097 Y115.1 E-.24114
G1 X138.579 Y114.566 E-.1708
G1 X138.737 Y114.353 E-.06307
;WIPE_END
G1 E-.025 F2700
M205 X8 Y8
G1 X146.368 Y114.526 Z2.2 F7200
G1 X154.291 Y114.706 Z2.2
G1 Z1.8
G1 E5 F2400
M205 X10 Y10
;TYPE:Sparse infill
;WIDTH:0.45
G1 F3000
G1 X154.706 Y114.706 E.01375
G1 X154.706 Y113.492 E.04026
G1 X154.411 Y113.164 E.01464
G1 X153.756 Y112.679 E.02704
G1 X153.101 Y112.376 E.02394
G1 X152.446 Y112.205 E.02246
G1 X151.791 Y112.163 E.02178
G1 X151.135 Y112.321 E.02236
G1 X150.48 Y112.848 E.02788
G1 X149.825 Y113.688 E.03535
G1 X149.17 Y114.419 E.03255
G1 X148.782 Y114.706 E.01601
G1 X145.217 Y114.706 E.11827
G1 X144.584 Y113.894 E.03414
G1 X143.929 Y113.164 E.03255
G1 X143.273 Y112.679 E.02704
G1 X142.618 Y112.376 E.02394
G1 X141.963 Y112.205 E.02246
G1 X141.308 Y112.163 E.02178
G1 X140.965 Y112.246 E.01171
G1 X141.061 Y111.948 E.01039
G1 X141.224 Y111.056 E.03006
G1 X141.285 Y110.307 E.02493
G1 X141.235 Y109.027 E.04249
G1 X141.084 Y108.172 E.0288
G1 X141.308 Y107.922 E.01114
G1 X141.963 Y107.437 E.02704
G1 X142.618 Y107.135 E.02394
G1 X143.273 Y106.963 E.02246
G1 X143.929 Y106.921 E.02178
G1 X144.584 Y107.08 E.02236
G1 X145.239 Y107.606 E.02788
G1 X145.894 Y108.447 E.03535
G1 X146.549 Y109.177 E.03255
G1 X147.204 Y109.662 E.02704
G1 X147.86 Y109.965 E.02394
G1 X148.515 Y110.136 E.02246
G1 X149.17 Y110.178 E.02178
G1 X149.825 Y110.02 E.02236
G1 X150.48 Y109.493 E.02788
G1 X151.135 Y108.653 E.03535
G1 X151.791 Y107.922 E.03255
G1 X152.446 Y107.437 E.02704
G1 X153.101 Y107.135 E.02394
G1 X153.756 Y106.963 E.02246
G1 X154.411 Y106.921 E.02178
G1 X154.706 Y106.993 E.01006
G1 X154.706 Y105.364 E.05401
; stop printing object 05_probe_bridge.stl id:0 copy 0
;TIME_ELAPSED:572.471863

;LAYER_CHANGE
;:2
;HEIGHT:0.2
;BEFORE_LAYER_CHANGE
;2
G92 E0

G1 E-4.5 F2700
;WIPE_START
G1 F3000
G1 X154.706 Y106.993 E-.38673
G1 X154.411 Y106.921 E-.072
G1 X154.343 Y106.926 E-.01628
;WIPE_END
G1 E-.025 F2700
;_SET_FAN_SPEED_CHANGING_LAYER
; OBJECT_ID: 15
; printing object 05_probe_bridge.stl id:0 copy 0
M205 X8 Y8
G17
G3 Z2.2 I-.225 J-1.196 P1  F7200
G1 X111.87 Y114.934 Z2.2
G1 Z2
G1 E5 F2400
M205 X10 Y10
;TYPE:Inner wall
;WIDTH:0.563484
G1 F2700
G1 X111.766 Y114.949 E.00444
;WIDTH:0.533862
G1 X111.662 Y114.964 E.00419
;WIDTH:0.504239
G1 X111.268 Y114.977 E.01483
;WIDTH:0.477119
G1 X110.874 Y114.991 E.01395
;WIDTH:0.449999
G1 X65.009 Y114.991 E1.52142
G1 X65.009 Y105.009 E.33111
G1 X111.375 Y105.009 E1.53803
;WIDTH:0.490344
G1 X112.166 Y105.048 E.02888
;WIDTH:0.48298
G1 X111.223 Y105.321 E.0352
;WIDTH:0.449999
G1 X110.344 Y105.757 E.03255
G1 X109.567 Y106.357 E.03255
G1 X108.923 Y107.097 E.03255
G1 X108.435 Y107.948 E.03255
G1 X108.122 Y108.878 E.03255
G1 X107.997 Y109.851 E.03255
G1 X108.064 Y110.83 E.03255
G1 X108.321 Y111.777 E.03255
G1 X108.757 Y112.656 E.03255
G1 X109.357 Y113.432 E.03255
G1 X110.097 Y114.077 E.03255
G1 X110.948 Y114.565 E.03255
;WIDTH:0.487828
G1 X111.255 Y114.688 E.012
;WIDTH:0.525656
G1 X111.562 Y114.811 E.01302
;WIDTH:0.563484
G1 X111.832 Y114.919 E.01234
G1 E-4.5
;WIPE_START
G1 X111.766 Y114.949 E-.01729
G1 X111.662 Y114.964 E-.02486
G1 X111.268 Y114.977 E-.09367
G1 X110.874 Y114.991 E-.09367
G1 X109.84 Y114.991 E-.24551
;WIPE_END
G1 E-.025
M205 X8 Y8
G1 X102.402 Y113.282 Z2.4 F7200
G1 X74.07 Y106.773 Z2.4
G1 Z2
G1 E5 F2400
M205 X10 Y10
;WIDTH:0.449999
G1 F2700
G1 X74.264 Y106.607 E.00846
G1 X74.601 Y106.491 E.01183
G1 X99.271 Y106.491 E.81836
G1 X99.736 Y106.607 E.01589
G1 X100.062 Y106.886 E.01421
G1 X100.22 Y107.202 E.01172
G1 X100.259 Y107.479 E.00927
G1 X100.259 Y112.521 E.16728
G1 X100.22 Y112.798 E.00927
G1 X100.062 Y113.114 E.01172
G1 X99.736 Y113.393 E.01421
G1 X99.399 Y113.509 E.01183
G1 X74.729 Y113.509 E.81836
G1 X74.264 Y113.393 E.01589
G1 X73.938 Y113.114 E.01421
G1 X73.78 Y112.798 E.01172
G1 X73.741 Y112.521 E.00927
G1 X73.741 Y107.479 E.16728
G1 X73.78 Y107.202 E.00927
G1 X73.938 Y106.886 E.01172
G1 X74.04 Y106.799 E.00442
M205 X8 Y8
G1 X74.329 Y107.075 F7200
M205 X10 Y10
G1 F2700
G1 X74.455 Y106.966 E.00553
G1 X74.729 Y106.898 E.00934
G1 X99.271 Y106.898 E.81413
G1 X99.545 Y106.966 E.00934
M73 P36 R17
G1 X99.736 Y107.13 E.00836
G1 X99.852 Y107.362 E.00861
G1 X99.852 Y108.916 E.05155
G1 X99.852 Y112.521 E.11959
G1 X99.829 Y112.684 E.00545
G1 X99.736 Y112.87 E.00689
G1 X99.545 Y113.034 E.00836
G1 X99.271 Y113.102 E.00934
G1 X74.729 Y113.102 E.81413
G1 X74.455 Y113.034 E.00934
G1 X74.264 Y112.87 E.00836
G1 X74.148 Y112.638 E.00861
G1 X74.148 Y107.479 E.17113
G1 X74.171 Y107.316 E.00545
G1 X74.264 Y107.13 E.00689
G1 X74.298 Y107.101 E.00149
M205 X8 Y8
G1 X74.578 Y107.365 F7200
M205 X10 Y10
;TYPE:Outer wall
;WIDTH:0.419999
G1 F2400
G1 X74.729 Y107.29 E.00518
G1 X99.271 Y107.29 E.75413
G1 X99.422 Y107.365 E.00518
G1 X99.46 Y107.479 E.00366
G1 X99.46 Y112.521 E.15495
G1 X99.422 Y112.635 E.00366
G1 X99.271 Y112.71 E.00518
G1 X74.729 Y112.71 E.75413
G1 X74.578 Y112.635 E.00518
G1 X74.54 Y112.521 E.00366
G1 X74.54 Y107.479 E.15495
G1 X74.565 Y107.403 E.00243
G1 E-4.5 F2700
;WIPE_START
G1 F2400
G1 X74.729 Y107.29 E-.04725
G1 X76.53 Y107.29 E-.42775
;WIPE_END
G1 E-.025 F2700
M205 X8 Y8
G1 X84.016 Y108.776 Z2.4 F7200
G1 X114.361 Y114.8 Z2.4
G1 Z2
G1 E5 F2400
M205 X10 Y10
;TYPE:Inner wall
;WIDTH:0.48298
G1 F2700
G1 X114.777 Y114.679 E.01552
;WIDTH:0.449999
G1 X115.656 Y114.243 E.03255
G1 X116.433 Y113.643 E.03255
G1 X117.077 Y112.903 E.03255
G1 X117.565 Y112.052 E.03255
G1 X117.878 Y111.122 E.03255
G1 X117.981 Y110.429 E.02323
G1 X117.995 Y109.979 E.01493
G1 X117.936 Y109.17 E.02692
G1 X117.679 Y108.223 E.03255
G1 X117.243 Y107.344 E.03255
G1 X116.643 Y106.568 E.03255
G1 X115.903 Y105.923 E.03255
G1 X115.052 Y105.435 E.03255
;WIDTH:0.487827
G1 X114.745 Y105.312 E.012
;WIDTH:0.525655
G1 X114.438 Y105.189 E.01302
;WIDTH:0.563482
G1 X114.13 Y105.066 E.01404
G1 X114.234 Y105.051 E.00444
;WIDTH:0.533861
G1 X114.338 Y105.036 E.00419
;WIDTH:0.504239
G1 X114.732 Y105.023 E.01483
;WIDTH:0.477119
G1 X115.126 Y105.009 E.01395
;WIDTH:0.449999
G1 X126.763 Y105.009 E.38602
G1 X126.474 Y105.361 E.01512
G1 X126.107 Y105.924 E.0223
G1 X125.74 Y106.62 E.02608
G1 X125.444 Y107.348 E.02606
G1 X125.218 Y108.111 E.0264
G1 X125.058 Y108.986 E.02949
G1 X125.008 Y109.518 E.01774
G1 X125.049 Y110.946 E.04738
G1 X125.161 Y111.633 E.0231
G1 X125.454 Y112.692 E.03645
G1 X125.798 Y113.497 E.02902
G1 X126.399 Y114.535 E.03981
G1 X126.74 Y114.991 E.01888
G1 X114.625 Y114.991 E.40187
;WIDTH:0.490344
G1 X113.764 Y114.971 E.0314
G1 X113.834 Y114.952 E.00264
;WIDTH:0.48298
G1 X114.323 Y114.811 E.01825
G1 E-4.5
;WIPE_START
G1 X114.777 Y114.679 E-.11228
G1 X115.656 Y114.243 E-.23304
G1 X116.088 Y113.909 E-.12968
;WIPE_END
G1 E-.025
M205 X8 Y8
G1 X123.658 Y114.883 Z2.4 F7200
G1 X127.644 Y115.396 Z2.4
G1 Z2
G1 E5 F2400
M205 X10 Y10
;WIDTH:0.449999
G1 F2700
G1 X64.602 Y115.398 E2.09122
G1 X64.602 Y104.602 E.35812
G1 X127.649 Y104.602 E2.09139
G1 X126.831 Y105.558 E.04174
G1 X126.466 Y106.116 E.02214
G1 X126.116 Y106.776 E.02476
G1 X125.833 Y107.466 E.02474
G1 X125.618 Y108.186 E.02494
G1 X125.463 Y109.024 E.02824
G1 X125.415 Y109.913 E.02954
G1 X125.452 Y110.884 E.03225
G1 X125.554 Y111.524 E.02151
G1 X125.839 Y112.556 E.03552
G1 X126.15 Y113.293 E.02651
G1 X126.74 Y114.312 E.03905
G1 X127.142 Y114.844 E.02214
G1 X127.617 Y115.367 E.02344
G1 E-4.5
;WIPE_START
G1 X125.617 Y115.368 E-.475
;WIPE_END
G1 E-.025
M205 X8 Y8
G1 X128.731 Y115.79 Z2.4 F7200
G1 Z2
G1 E5 F2400
M205 X10 Y10
;TYPE:Outer wall
;WIDTH:0.419999
G1 X64.21 Y115.79 E1.98254
G1 X64.21 Y104.21 E.35582
M73 P36 R16
G1 X128.692 Y104.214 E1.98134
G1 X127.901 Y104.902 E.03221
G1 X127.146 Y105.793 E.03587
G1 X126.811 Y106.301 E.0187
G1 X126.478 Y106.926 E.02175
G1 X126.209 Y107.58 E.02173
G1 X126.004 Y108.259 E.0218
G1 X125.853 Y109.06 E.02505
G1 X125.807 Y109.899 E.02583
G1 X125.839 Y110.825 E.02845
G1 X125.932 Y111.42 E.0185
G1 X126.21 Y112.427 E.03211
G1 X126.489 Y113.096 E.02228
G1 X127.067 Y114.094 E.03543
G1 X127.432 Y114.581 E.0187
G1 X127.909 Y115.105 E.02176
G1 X128.419 Y115.567 E.02116
G1 X128.698 Y115.767 E.01055
G1 E-4.5 F2700
;WIPE_START
G1 F2400
G1 X126.698 Y115.767 E-.475
;WIPE_END
G1 E-.025 F2700
M205 X8 Y8
G1 X119.111 Y114.939 Z2.4 F7200
G1 X114.239 Y114.407 Z2.4
G1 Z2
G1 E5 F2400
M205 X10 Y10
;TYPE:Inner wall
;WIDTH:0.449999
G1 F2700
G1 X113.731 Y114.541 E.01742
G1 X112.831 Y114.597 E.02991
G1 X111.938 Y114.475 E.02991
G1 X111.085 Y114.182 E.02991
G1 X110.306 Y113.728 E.02991
G1 X109.63 Y113.131 E.02991
G1 X109.084 Y112.413 E.02991
M73 P37 R16
G1 X108.689 Y111.603 E.02991
G1 X108.459 Y110.731 E.02991
G1 X108.403 Y109.831 E.02991
G1 X108.525 Y108.938 E.02991
G1 X108.818 Y108.085 E.02991
G1 X109.272 Y107.306 E.02991
G1 X109.869 Y106.63 E.02991
G1 X110.587 Y106.084 E.02991
G1 X111.397 Y105.689 E.02991
G1 X112.269 Y105.459 E.02991
G1 X113.169 Y105.403 E.02991
G1 X114.062 Y105.525 E.02991
G1 X114.915 Y105.818 E.02991
G1 X115.694 Y106.272 E.02991
G1 X116.37 Y106.869 E.02991
G1 X116.916 Y107.587 E.02991
G1 X117.311 Y108.397 E.02991
G1 X117.541 Y109.269 E.02991
G1 X117.588 Y109.999 E.02428
G1 X117.578 Y110.37 E.01228
G1 X117.475 Y111.062 E.02323
G1 X117.182 Y111.915 E.02991
G1 X116.728 Y112.694 E.02991
G1 X116.131 Y113.37 E.02991
G1 X115.413 Y113.916 E.02991
G1 X114.603 Y114.311 E.02991
G1 X114.278 Y114.397 E.01117
M205 X8 Y8
G1 X114.14 Y114.032 F7200
M205 X10 Y10
;TYPE:Outer wall
;WIDTH:0.419999
G1 F2400
G1 X113.636 Y114.161 E.01599
G1 X112.812 Y114.205 E.02535
G1 X111.995 Y114.087 E.02535
G1 X111.217 Y113.813 E.02535
G1 X110.507 Y113.392 E.02535
G1 X109.894 Y112.84 E.02535
G1 X109.399 Y112.18 E.02535
G1 X109.043 Y111.435 E.02535
G1 X108.839 Y110.636 E.02535
G1 X108.795 Y109.812 E.02535
G1 X108.913 Y108.995 E.02535
G1 X109.187 Y108.217 E.02535
G1 X109.608 Y107.507 E.02535
G1 X110.16 Y106.894 E.02535
G1 X110.82 Y106.399 E.02535
G1 X111.565 Y106.043 E.02535
G1 X112.364 Y105.839 E.02535
G1 X113.188 Y105.795 E.02535
G1 X114.005 Y105.913 E.02535
G1 X114.783 Y106.187 E.02535
G1 X115.493 Y106.608 E.02535
G1 X116.106 Y107.16 E.02535
G1 X116.601 Y107.82 E.02535
G1 X116.957 Y108.565 E.02535
G1 X117.161 Y109.364 E.02535
G1 X117.197 Y110.019 E.02014
G1 X117.19 Y110.312 E.00901
G1 X117.087 Y111.005 E.02152
G1 X116.813 Y111.783 E.02535
G1 X116.392 Y112.493 E.02535
G1 X115.84 Y113.106 E.02535
G1 X115.18 Y113.601 E.02535
G1 X114.435 Y113.957 E.02535
G1 X114.179 Y114.022 E.00813
G1 E-4.5 F2700
;WIPE_START
G1 F2400
G1 X113.636 Y114.161 E-.1331
G1 X112.812 Y114.205 E-.19597
G1 X112.204 Y114.117 E-.14593
;WIPE_END
G1 E-.025 F2700
M205 X8 Y8
G1 X111.87 Y114.934 Z2.4 F7200
G1 Z2
G1 E5 F2400
M205 X10 Y10
;TYPE:Inner wall
;WIDTH:0.563484
G1 F2700
G1 X112.197 Y114.955 E.0139
;WIDTH:0.521551
G1 X112.524 Y114.976 E.01278
;WIDTH:0.479618
G1 X112.851 Y114.997 E.01166
;WIDTH:0.464014
G1 X113.308 Y114.984 E.01568
;WIDTH:0.490344
G1 X113.764 Y114.971 E.01666
G1 E-4.5
;WIPE_START
G1 X113.308 Y114.984 E-.1144
G1 X112.851 Y114.997 E-.1144
G1 X112.524 Y114.976 E-.08207
G1 X112.197 Y114.955 E-.08207
G1 X111.87 Y114.934 E-.08207
;WIPE_END
G1 E-.025
M205 X8 Y8
G1 X113.574 Y107.494 Z2.4 F7200
G1 X114.13 Y105.066 Z2.4
G1 Z2
G1 E5 F2400
M205 X10 Y10
;WIDTH:0.563482
G1 F2700
G1 X113.803 Y105.045 E.0139
;WIDTH:0.521549
G1 X113.476 Y105.024 E.01278
;WIDTH:0.479616
G1 X113.149 Y105.003 E.01166
;WIDTH:0.464013
G1 X112.692 Y105.016 E.01568
;WIDTH:0.490344
G1 X112.236 Y105.029 E.01666
G1 E-4.5
;WIPE_START
G1 X112.692 Y105.016 E-.1144
G1 X113.149 Y105.003 E-.1144
G1 X113.476 Y105.024 E-.08207
G1 X113.803 Y105.045 E-.08207
G1 X114.13 Y105.066 E-.08207
;WIPE_END
G1 E-.025
M205 X8 Y8
G1 X125.29 Y106.977 Z2.4 F7200
G1 Z2
G1 E5 F2400
M205 X10 Y10
;TYPE:Sparse infill
;WIDTH:0.45
G1 F3000
G1 X125.172 Y107.262 E.01022
G1 X124.939 Y108.054 E.02741
G1 X124.848 Y108.54 E.01638
G1 X124.274 Y107.881 E.02897
G1 X123.619 Y107.332 E.02835
G1 X122.963 Y107.097 E.02309
G1 X122.308 Y107.069 E.02175
G1 X121.653 Y107.18 E.02204
G1 X120.998 Y107.424 E.02318
G1 X120.343 Y107.836 E.02568
G1 X119.688 Y108.467 E.03016
G1 X119.032 Y109.219 E.03308
G1 X118.377 Y109.767 E.02835
G1 X118.269 Y109.806 E.00383
G1 X118.289 Y110.157 E.01164
G1 X118.277 Y110.371 E.00713
G1 X118.159 Y111.168 E.02671
G1 X118.101 Y111.402 E.00801
G1 X117.832 Y112.152 E.02642
G1 X117.729 Y112.37 E.00801
G1 X117.32 Y113.053 E.02642
G1 X117.176 Y113.247 E.00801
G1 X116.641 Y113.837 E.02642
G1 X116.462 Y114 E.00801
G1 X115.822 Y114.474 E.02642
G1 X115.522 Y114.642 E.01143
G1 X115.536 Y114.706 E.00216
G1 X117.403 Y114.706 E.06192
G1 X117.722 Y114.505 E.01252
G1 X118.377 Y113.874 E.03016
G1 X119.032 Y113.122 E.03308
G1 X119.688 Y112.574 E.02835
G1 X120.343 Y112.338 E.02309
G1 X120.998 Y112.311 E.02175
G1 X121.653 Y112.422 E.02204
G1 X122.308 Y112.665 E.02318
G1 X122.963 Y113.078 E.02568
G1 X123.619 Y113.708 E.03016
G1 X124.274 Y114.46 E.03308
G1 X124.568 Y114.706 E.01271
G1 X126.177 Y114.706 E.0534
G1 X126.167 Y114.691 E.00061
G1 E-4.5 F2700
;WIPE_START
G1 F3000
G1 X126.177 Y114.706 E-.00437
G1 X124.568 Y114.706 E-.38235
G1 X124.283 Y114.467 E-.08827
;WIPE_END
G1 E-.025 F2700
M205 X8 Y8
G1 X117.036 Y112.07 Z2.4 F7200
G1 X99.392 Y106.234 Z2.4
G1 Z2
G1 E5 F2400
M205 X10 Y10
G1 F3000
G1 X99.87 Y106.353 E.01636
G1 X100.29 Y106.713 E.01833
G1 X100.494 Y107.12 E.01512
G1 X100.512 Y107.246 E.0042
G1 X100.688 Y107.18 E.00623
G1 X101.343 Y107.069 E.02204
G1 X101.998 Y107.097 E.02175
G1 X102.653 Y107.332 E.02309
G1 X103.309 Y107.881 E.02835
G1 X103.964 Y108.633 E.03308
G1 X104.619 Y109.263 E.03016
G1 X105.274 Y109.676 E.02568
G1 X105.929 Y109.919 E.02318
G1 X106.584 Y110.03 E.02204
G1 X107.24 Y110.003 E.02175
G1 X107.712 Y109.833 E.01666
G1 X107.756 Y110.724 E.02958
G1 X107.98 Y111.667 E.03218
G1 X108.061 Y111.895 E.00803
G1 X108.402 Y112.615 E.02642
G1 X108.672 Y113.02 E.01614
G1 X108.55 Y113.122 E.00531
G1 X107.895 Y113.874 E.03308
G1 X107.24 Y114.505 E.03016
G1 X106.92 Y114.706 E.01252
G1 X103.602 Y114.706 E.11006
G1 X103.309 Y114.46 E.01271
G1 X102.653 Y113.708 E.03308
G1 X101.998 Y113.078 E.03016
G1 X101.343 Y112.665 E.02568
G1 X100.688 Y112.422 E.02318
G1 X100.544 Y112.397 E.00484
G1 X100.544 Y112.527 E.00431
G1 X100.494 Y112.88 E.01181
G1 X100.29 Y113.287 E.01512
G1 X99.873 Y113.644 E.0182
G1 X99.494 Y113.775 E.01329
G1 X99.275 Y113.794 E.0073
G1 X97.482 Y113.794 E.05948
G1 X96.757 Y114.505 E.03368
G1 X96.437 Y114.706 E.01252
G1 X93.12 Y114.706 E.11006
G1 X92.826 Y114.46 E.01271
G1 X92.246 Y113.794 E.02929
G1 X86.999 Y113.794 E.17403
G1 X86.274 Y114.505 E.03368
G1 X85.955 Y114.706 E.01252
G1 X82.637 Y114.706 E.11006
G1 X82.343 Y114.46 E.01271
G1 X81.763 Y113.794 E.02929
G1 X76.517 Y113.794 E.17403
G1 X75.792 Y114.505 E.03368
G1 X75.472 Y114.706 E.01252
G1 X72.154 Y114.706 E.11006
G1 X71.861 Y114.46 E.01271
G1 X71.206 Y113.708 E.03308
G1 X70.55 Y113.078 E.03016
G1 X69.895 Y112.665 E.02568
G1 X69.24 Y112.422 E.02318
G1 X68.585 Y112.311 E.02204
G1 X67.93 Y112.338 E.02175
G1 X67.275 Y112.574 E.02309
G1 X66.619 Y113.122 E.02835
G1 X65.964 Y113.874 E.03308
G1 X65.294 Y114.514 E.03074
G1 X65.294 Y110.003 E.14963
G1 X65.964 Y109.767 E.02357
G1 X66.619 Y109.219 E.02835
G1 X67.275 Y108.467 E.03308
G1 X67.93 Y107.836 E.03016
G1 X68.585 Y107.424 E.02568
G1 X69.24 Y107.18 E.02318
G1 X69.895 Y107.069 E.02204
G1 X70.55 Y107.097 E.02175
G1 X71.206 Y107.332 E.02309
G1 X71.861 Y107.881 E.02835
G1 X72.516 Y108.633 E.03308
G1 X73.171 Y109.263 E.03016
G1 X73.456 Y109.443 E.01117
G1 X73.456 Y107.814 E.05401
G1 E-5 F2700
M205 X8 Y8
G1 X81.043 Y108.642 Z2.4 F7200
G1 X139.237 Y114.991 Z2.4
G1 Z2
G1 E5 F2400
M205 X10 Y10
;TYPE:Inner wall
;WIDTH:0.449999
G1 F2700
G1 X139.526 Y114.639 E.01512
G1 X139.905 Y114.054 E.0231
G1 X140.402 Y113.066 E.03668
G1 X140.772 Y111.947 E.0391
G1 X140.972 Y110.794 E.0388
G1 X141.008 Y109.952 E.02799
G1 X140.961 Y109.143 E.02686
G1 X140.772 Y108.053 E.03669
G1 X140.405 Y106.942 E.03882
G1 X140.034 Y106.174 E.0283
G1 X139.566 Y105.418 E.02949
G1 X139.26 Y105.009 E.01694
G1 X154.991 Y105.009 E.52182
G1 X154.991 Y114.991 E.33111
G1 X139.277 Y114.991 E.52126
G1 E-4.5
;WIPE_START
G1 X139.526 Y114.639 E-.10249
G1 X139.905 Y114.054 E-.16538
G1 X140.297 Y113.275 E-.20714
;WIPE_END
G1 E-.025
M205 X8 Y8
G1 X138.351 Y115.398 Z2.4 F7200
G1 Z2
G1 E5 F2400
M205 X10 Y10
G1 F2700
G1 X139.169 Y114.441 E.04176
G1 X139.541 Y113.871 E.02259
G1 X140.025 Y112.91 E.03569
G1 X140.376 Y111.848 E.03711
G1 X140.566 Y110.751 E.03692
G1 X140.601 Y109.972 E.02589
G1 X140.56 Y109.213 E.02521
G1 X140.376 Y108.153 E.03569
G1 X140.027 Y107.096 E.03692
G1 X139.687 Y106.387 E.02608
G1 X139.24 Y105.662 E.02824
G1 X138.858 Y105.156 E.02104
G1 X138.356 Y104.604 E.02477
G1 X155.398 Y104.602 E.56532
G1 X155.398 Y115.398 E.35812
G1 X138.391 Y115.398 E.56416
G1 E-4.5
;WIPE_START
G1 X139.169 Y114.441 E-.29288
G1 X139.541 Y113.871 E-.16172
G1 X139.58 Y113.794 E-.0204
;WIPE_END
G1 E-.025
M205 X8 Y8
G1 X137.308 Y115.786 Z2.4 F7200
G1 Z2
G1 E5 F2400
M205 X10 Y10
;TYPE:Outer wall
;WIDTH:0.419999
G1 X138.099 Y115.098 E.03221
G1 X138.854 Y114.207 E.03588
G1 X139.191 Y113.695 E.01884
G1 X139.662 Y112.76 E.03217
G1 X139.994 Y111.752 E.0326
G1 X140.175 Y110.709 E.03254
G1 X140.21 Y109.991 E.02209
G1 X140.173 Y109.28 E.02188
G1 X139.994 Y108.248 E.03217
G1 X139.662 Y107.243 E.03254
G1 X139.353 Y106.591 E.02215
G1 X138.926 Y105.897 E.02505
G1 X138.568 Y105.419 E.01836
G1 X138.091 Y104.895 E.02176
G1 X137.581 Y104.433 E.02116
G1 X137.269 Y104.21 E.01178
G1 X155.79 Y104.21 E.56909
G1 X155.79 Y115.79 E.35582
G1 X137.348 Y115.786 E.56666
G1 E-4.5 F2700
;WIPE_START
G1 F2400
M73 P38 R16
G1 X138.099 Y115.098 E-.24187
G1 X138.734 Y114.349 E-.23313
;WIPE_END
G1 E-.025 F2700
M205 X8 Y8
G1 X146.364 Y114.522 Z2.4 F7200
G1 X154.422 Y114.706 Z2.4
G1 Z2
G1 E5 F2400
M205 X10 Y10
;TYPE:Sparse infill
;WIDTH:0.45
G1 F3000
G1 X154.706 Y114.706 E.00941
G1 X154.706 Y113.361 E.04461
G1 X154.411 Y113.078 E.01356
G1 X153.756 Y112.665 E.02568
G1 X153.101 Y112.422 E.02318
G1 X152.446 Y112.311 E.02204
G1 X151.791 Y112.338 E.02175
G1 X151.135 Y112.574 E.02309
G1 X150.48 Y113.122 E.02835
G1 X149.825 Y113.874 E.03308
G1 X149.17 Y114.505 E.03016
G1 X148.85 Y114.706 E.01252
G1 X145.533 Y114.706 E.11006
G1 X145.239 Y114.46 E.01271
G1 X144.584 Y113.708 E.03308
G1 X143.929 Y113.078 E.03016
G1 X143.273 Y112.665 E.02568
G1 X142.618 Y112.422 E.02318
G1 X141.963 Y112.311 E.02204
G1 X141.308 Y112.338 E.02175
G1 X140.888 Y112.489 E.0148
G1 X141.021 Y112.101 E.01362
G1 X141.242 Y110.902 E.04045
G1 X141.294 Y110 E.02996
G1 X141.242 Y109.099 E.02995
G1 X141.054 Y108.08 E.03435
G1 X141.308 Y107.836 E.01167
G1 X141.963 Y107.424 E.02568
G1 X142.618 Y107.18 E.02318
G1 X143.273 Y107.069 E.02204
G1 X143.929 Y107.097 E.02175
G1 X144.584 Y107.332 E.02309
G1 X145.239 Y107.881 E.02835
G1 X145.894 Y108.633 E.03308
G1 X146.549 Y109.263 E.03016
G1 X147.204 Y109.676 E.02568
G1 X147.86 Y109.919 E.02318
G1 X148.515 Y110.03 E.02204
G1 X149.17 Y110.003 E.02175
G1 X149.825 Y109.767 E.02309
G1 X150.48 Y109.219 E.02835
G1 X151.135 Y108.467 E.03308
G1 X151.791 Y107.836 E.03016
G1 X152.446 Y107.424 E.02568
G1 X153.101 Y107.18 E.02318
G1 X153.756 Y107.069 E.02204
G1 X154.411 Y107.097 E.02175
G1 X154.706 Y107.203 E.01039
G1 X154.706 Y105.575 E.05401
; stop printing object 05_probe_bridge.stl id:0 copy 0
;TIME_ELAPSED:614.143127

;LAYER_CHANGE
;:2.2
;HEIGHT:0.2
;BEFORE_LAYER_CHANGE
;2.2
G92 E0

G1 E-4.5 F2700
;WIPE_START
G1 F3000
G1 X154.706 Y107.203 E-.38673
G1 X154.411 Y107.097 E-.07435
G1 X154.353 Y107.095 E-.01392
;WIPE_END
G1 E-.025 F2700
;_SET_FAN_SPEED_CHANGING_LAYER
; OBJECT_ID: 15
; printing object 05_probe_bridge.stl id:0 copy 0
M205 X8 Y8
G17
G3 Z2.4 I-.221 J-1.197 P1  F7200
G1 X111.87 Y114.934 Z2.4
G1 Z2.2
G1 E5 F2400
M205 X10 Y10
;TYPE:Inner wall
;WIDTH:0.563484
G1 F2700
G1 X111.766 Y114.949 E.00444
;WIDTH:0.533862
G1 X111.662 Y114.964 E.00419
;WIDTH:0.504239
G1 X111.268 Y114.977 E.01483
;WIDTH:0.477119
G1 X110.874 Y114.991 E.01395
;WIDTH:0.449999
G1 X65.009 Y114.991 E1.52142
G1 X65.009 Y105.009 E.33111
G1 X111.375 Y105.009 E1.53803
;WIDTH:0.490344
G1 X112.166 Y105.048 E.02888
;WIDTH:0.48298
G1 X111.223 Y105.321 E.0352
;WIDTH:0.449999
G1 X110.344 Y105.757 E.03255
G1 X109.567 Y106.357 E.03255
G1 X108.923 Y107.097 E.03255
G1 X108.435 Y107.948 E.03255
G1 X108.122 Y108.878 E.03255
G1 X107.997 Y109.851 E.03255
G1 X108.064 Y110.83 E.03255
G1 X108.321 Y111.777 E.03255
G1 X108.757 Y112.656 E.03255
G1 X109.357 Y113.433 E.03255
G1 X110.097 Y114.077 E.03255
G1 X110.948 Y114.565 E.03255
;WIDTH:0.487828
G1 X111.255 Y114.688 E.012
;WIDTH:0.525656
G1 X111.562 Y114.811 E.01302
;WIDTH:0.563484
G1 X111.832 Y114.919 E.01234
G1 E-4.5
;WIPE_START
G1 X111.766 Y114.949 E-.01729
G1 X111.662 Y114.964 E-.02486
G1 X111.268 Y114.977 E-.09367
G1 X110.874 Y114.991 E-.09367
G1 X109.84 Y114.991 E-.2455
;WIPE_END
G1 E-.025
M205 X8 Y8
G1 X102.402 Y113.282 Z2.6 F7200
G1 X74.07 Y106.773 Z2.6
G1 Z2.2
G1 E5 F2400
M205 X10 Y10
;WIDTH:0.449999
G1 F2700
G1 X74.264 Y106.607 E.00846
G1 X74.601 Y106.491 E.01183
G1 X99.271 Y106.491 E.81836
G1 X99.736 Y106.607 E.01589
G1 X100.062 Y106.886 E.01421
G1 X100.22 Y107.202 E.01172
G1 X100.259 Y107.479 E.00927
G1 X100.259 Y112.521 E.16728
G1 X100.22 Y112.798 E.00927
G1 X100.062 Y113.114 E.01172
G1 X99.736 Y113.393 E.01421
G1 X99.399 Y113.509 E.01183
G1 X74.729 Y113.509 E.81836
G1 X74.264 Y113.393 E.01589
G1 X73.938 Y113.114 E.01421
G1 X73.78 Y112.798 E.01172
G1 X73.741 Y112.521 E.00927
G1 X73.741 Y107.479 E.16728
G1 X73.78 Y107.202 E.00927
G1 X73.938 Y106.886 E.01172
G1 X74.04 Y106.799 E.00442
M205 X8 Y8
G1 X74.329 Y107.075 F7200
M205 X10 Y10
G1 F2700
G1 X74.455 Y106.966 E.00553
G1 X74.729 Y106.898 E.00934
G1 X99.271 Y106.898 E.81413
G1 X99.545 Y106.966 E.00934
G1 X99.736 Y107.13 E.00836
G1 X99.852 Y107.362 E.00861
G1 X99.852 Y112.521 E.17113
G1 X99.829 Y112.684 E.00545
G1 X99.736 Y112.87 E.00689
G1 X99.545 Y113.034 E.00836
G1 X99.271 Y113.102 E.00934
G1 X74.729 Y113.102 E.81413
G1 X74.455 Y113.034 E.00934
G1 X74.264 Y112.87 E.00836
G1 X74.148 Y112.638 E.00861
G1 X74.148 Y107.479 E.17113
G1 X74.171 Y107.316 E.00545
G1 X74.264 Y107.13 E.00689
G1 X74.298 Y107.101 E.00149
M205 X8 Y8
G1 X74.578 Y107.365 F7200
M205 X10 Y10
;TYPE:Outer wall
;WIDTH:0.419999
G1 F2400
G1 X74.729 Y107.29 E.00518
G1 X99.271 Y107.29 E.75413
G1 X99.422 Y107.365 E.00518
G1 X99.46 Y107.479 E.00366
G1 X99.46 Y112.521 E.15495
G1 X99.342 Y112.71 E.00683
G1 X74.729 Y112.71 E.75631
G1 X74.578 Y112.635 E.00518
G1 X74.54 Y112.521 E.00366
G1 X74.54 Y107.479 E.15495
G1 X74.565 Y107.403 E.00243
G1 E-4.5 F2700
;WIPE_START
G1 F2400
G1 X74.729 Y107.29 E-.04725
G1 X76.53 Y107.29 E-.42775
;WIPE_END
G1 E-.025 F2700
M205 X8 Y8
G1 X84.016 Y108.777 Z2.6 F7200
G1 X114.35 Y114.803 Z2.6
G1 Z2.2
G1 E5 F2400
M205 X10 Y10
;TYPE:Inner wall
;WIDTH:0.48298
G1 F2700
G1 X114.777 Y114.679 E.01596
;WIDTH:0.449999
G1 X115.656 Y114.243 E.03255
G1 X116.433 Y113.643 E.03255
G1 X117.077 Y112.903 E.03255
G1 X117.565 Y112.052 E.03255
G1 X117.878 Y111.122 E.03255
G1 X117.994 Y110.342 E.02615
G1 X117.987 Y109.827 E.01708
G1 X117.936 Y109.17 E.02188
G1 X117.679 Y108.223 E.03255
G1 X117.243 Y107.344 E.03255
G1 X116.643 Y106.567 E.03255
G1 X115.903 Y105.923 E.03255
G1 X115.052 Y105.435 E.03255
;WIDTH:0.487828
G1 X114.745 Y105.312 E.012
;WIDTH:0.525656
G1 X114.438 Y105.189 E.01302
;WIDTH:0.563484
G1 X114.13 Y105.066 E.01404
G1 X114.234 Y105.051 E.00444
;WIDTH:0.533862
G1 X114.338 Y105.036 E.00419
;WIDTH:0.50424
G1 X114.732 Y105.023 E.01483
;WIDTH:0.47712
G1 X115.126 Y105.009 E.01395
;WIDTH:0.449999
G1 X126.742 Y105.009 E.38533
G1 X126.107 Y105.924 E.03696
G1 X125.74 Y106.62 E.02608
G1 X125.444 Y107.348 E.02606
G1 X125.218 Y108.112 E.02642
G1 X125.056 Y108.998 E.02989
G1 X124.999 Y109.655 E.02189
G1 X125.002 Y110.415 E.02519
G1 X125.161 Y111.633 E.04076
G1 X125.454 Y112.69 E.03638
G1 X125.781 Y113.467 E.02798
G1 X126.17 Y114.179 E.02688
G1 X126.742 Y114.991 E.03296
G1 X114.625 Y114.991 E.40194
;WIDTH:0.490344
G1 X113.764 Y114.971 E.0314
G1 X113.834 Y114.952 E.00264
;WIDTH:0.48298
G1 X114.311 Y114.814 E.01781
G1 E-4.5
;WIPE_START
G1 X114.777 Y114.679 E-.11521
G1 X115.656 Y114.243 E-.23304
G1 X116.078 Y113.917 E-.12674
;WIPE_END
G1 E-.025
M205 X8 Y8
G1 X123.649 Y114.885 Z2.6 F7200
G1 X127.644 Y115.396 Z2.6
G1 Z2.2
G1 E5 F2400
M205 X10 Y10
;WIDTH:0.449999
G1 F2700
M73 P39 R16
G1 X64.602 Y115.398 E2.09122
G1 X64.602 Y104.602 E.35812
G1 X127.649 Y104.602 E2.09138
G1 X127.098 Y105.211 E.02726
G1 X126.482 Y106.086 E.03548
G1 X126.116 Y106.776 E.02591
G1 X125.833 Y107.466 E.02474
G1 X125.618 Y108.187 E.02495
G1 X125.462 Y109.036 E.02864
G1 X125.406 Y109.655 E.02064
G1 X125.408 Y110.386 E.02423
G1 X125.554 Y111.524 E.03808
G1 X125.839 Y112.556 E.03549
G1 X126.14 Y113.276 E.02588
G1 X126.503 Y113.944 E.02523
G1 X127.118 Y114.818 E.03546
G1 X127.617 Y115.367 E.02461
G1 E-4.5
;WIPE_START
G1 X125.617 Y115.368 E-.475
;WIPE_END
G1 E-.025
M205 X8 Y8
G1 X128.731 Y115.79 Z2.6 F7200
G1 Z2.2
G1 E5 F2400
M205 X10 Y10
;TYPE:Outer wall
;WIDTH:0.419999
G1 X64.21 Y115.79 E1.98254
G1 X64.21 Y104.21 E.35582
G1 X128.692 Y104.214 E1.98134
G1 X127.903 Y104.9 E.03211
G1 X127.418 Y105.437 E.02223
G1 X126.817 Y106.291 E.03209
G1 X126.478 Y106.926 E.02211
G1 X126.209 Y107.58 E.02173
G1 X126.004 Y108.259 E.0218
G1 X125.852 Y109.072 E.02542
G1 X125.798 Y109.655 E.018
G1 X125.798 Y110.345 E.02118
G1 X125.932 Y111.42 E.03329
G1 X126.21 Y112.427 E.03211
G1 X126.486 Y113.091 E.02208
G1 X126.823 Y113.718 E.02189
G1 X127.425 Y114.572 E.03209
G1 X127.909 Y115.105 E.02211
G1 X128.419 Y115.567 E.02116
G1 X128.698 Y115.767 E.01055
G1 E-4.5 F2700
;WIPE_START
G1 F2400
G1 X126.698 Y115.767 E-.475
;WIPE_END
G1 E-.025 F2700
M205 X8 Y8
G1 X119.11 Y114.942 Z2.6 F7200
G1 X114.227 Y114.41 Z2.6
G1 Z2.2
G1 E5 F2400
M205 X10 Y10
;TYPE:Inner wall
;WIDTH:0.449999
G1 F2700
G1 X113.731 Y114.541 E.01701
G1 X112.831 Y114.597 E.02991
G1 X111.938 Y114.475 E.02991
G1 X111.085 Y114.182 E.02991
G1 X110.306 Y113.728 E.02991
G1 X109.63 Y113.131 E.02991
G1 X109.084 Y112.413 E.02991
G1 X108.689 Y111.603 E.02991
G1 X108.459 Y110.731 E.02991
G1 X108.403 Y109.831 E.02991
G1 X108.525 Y108.938 E.02991
G1 X108.818 Y108.085 E.02991
G1 X109.272 Y107.306 E.02991
G1 X109.869 Y106.63 E.02991
G1 X110.587 Y106.084 E.02991
G1 X111.397 Y105.689 E.02991
G1 X112.269 Y105.459 E.02991
G1 X113.169 Y105.403 E.02991
G1 X114.062 Y105.525 E.02991
G1 X114.915 Y105.818 E.02991
G1 X115.694 Y106.272 E.02991
G1 X116.37 Y106.869 E.02991
G1 X116.916 Y107.587 E.02991
G1 X117.311 Y108.397 E.02991
G1 X117.541 Y109.269 E.02991
G1 X117.581 Y109.847 E.01924
G1 X117.585 Y110.32 E.01567
G1 X117.475 Y111.062 E.02491
G1 X117.182 Y111.915 E.02991
G1 X116.728 Y112.694 E.02991
G1 X116.131 Y113.37 E.02991
G1 X115.413 Y113.916 E.02991
G1 X114.603 Y114.311 E.02991
G1 X114.266 Y114.4 E.01158
M205 X8 Y8
G1 X114.128 Y114.035 F7200
M205 X10 Y10
;TYPE:Outer wall
;WIDTH:0.419999
G1 F2400
G1 X113.636 Y114.161 E.01561
G1 X112.812 Y114.205 E.02535
G1 X111.995 Y114.087 E.02535
G1 X111.217 Y113.813 E.02535
G1 X110.507 Y113.392 E.02535
G1 X109.894 Y112.84 E.02535
G1 X109.399 Y112.18 E.02535
G1 X109.043 Y111.435 E.02535
G1 X108.839 Y110.636 E.02535
G1 X108.795 Y109.812 E.02535
G1 X108.913 Y108.995 E.02535
G1 X109.187 Y108.217 E.02535
G1 X109.608 Y107.507 E.02535
G1 X110.16 Y106.894 E.02535
G1 X110.82 Y106.399 E.02535
G1 X111.565 Y106.043 E.02535
G1 X112.364 Y105.839 E.02535
G1 X113.188 Y105.795 E.02535
G1 X114.005 Y105.913 E.02535
G1 X114.783 Y106.187 E.02535
G1 X115.493 Y106.608 E.02535
G1 X116.106 Y107.16 E.02535
G1 X116.601 Y107.82 E.02535
G1 X116.957 Y108.565 E.02535
G1 X117.161 Y109.364 E.02535
G1 X117.198 Y110.262 E.02762
G1 X117.087 Y111.005 E.02307
G1 X116.813 Y111.783 E.02535
G1 X116.392 Y112.493 E.02535
G1 X115.84 Y113.106 E.02535
G1 X115.18 Y113.601 E.02535
G1 X114.435 Y113.957 E.02535
G1 X114.167 Y114.025 E.00851
G1 E-4.5 F2700
;WIPE_START
G1 F2400
G1 X113.636 Y114.161 E-.13016
G1 X112.812 Y114.205 E-.19597
G1 X112.191 Y114.116 E-.14887
;WIPE_END
G1 E-.025 F2700
M205 X8 Y8
G1 X113.79 Y106.653 Z2.6 F7200
G1 X114.13 Y105.066 Z2.6
G1 Z2.2
G1 E5 F2400
M205 X10 Y10
;TYPE:Inner wall
;WIDTH:0.563484
G1 F2700
G1 X113.803 Y105.045 E.0139
;WIDTH:0.52155
G1 X113.476 Y105.024 E.01278
;WIDTH:0.479616
G1 X113.149 Y105.003 E.01166
;WIDTH:0.464013
G1 X112.692 Y105.016 E.01568
;WIDTH:0.490344
G1 X112.236 Y105.029 E.01666
G1 E-4.5
;WIPE_START
G1 X112.692 Y105.016 E-.1144
G1 X113.149 Y105.003 E-.1144
G1 X113.476 Y105.024 E-.08207
G1 X113.803 Y105.045 E-.08207
G1 X114.13 Y105.066 E-.08207
;WIPE_END
G1 E-.025
M205 X8 Y8
G1 X112.426 Y112.506 Z2.6 F7200
G1 X111.87 Y114.934 Z2.6
G1 Z2.2
G1 E5 F2400
M205 X10 Y10
;WIDTH:0.563484
G1 F2700
G1 X112.197 Y114.955 E.0139
;WIDTH:0.521551
G1 X112.524 Y114.976 E.01278
;WIDTH:0.479618
G1 X112.851 Y114.997 E.01166
;WIDTH:0.464014
G1 X113.308 Y114.984 E.01568
;WIDTH:0.490344
G1 X113.764 Y114.971 E.01666
G1 E-4.5
;WIPE_START
G1 X113.308 Y114.984 E-.1144
G1 X112.851 Y114.997 E-.1144
G1 X112.524 Y114.976 E-.08207
G1 X112.197 Y114.955 E-.08207
G1 X111.87 Y114.934 E-.08207
;WIPE_END
G1 E-.025
M205 X8 Y8
G1 X115.888 Y114.706 Z2.6 F7200
G1 Z2.2
G1 E5 F2400
M205 X10 Y10
;TYPE:Sparse infill
;WIDTH:0.45
G1 F3000
G1 X117.516 Y114.706 E.05401
G1 X117.722 Y114.597 E.00773
G1 X118.377 Y114.047 E.02838
G1 X119.032 Y113.356 E.03157
G1 X119.688 Y112.791 E.02871
G1 X120.343 Y112.493 E.02388
G1 X120.998 Y112.401 E.02194
G1 X121.653 Y112.454 E.0218
G1 X122.308 Y112.639 E.02258
G1 X122.963 Y112.985 E.02458
G1 X123.619 Y113.536 E.02838
G1 X124.274 Y114.226 E.03157
G1 X124.83 Y114.706 E.02437
G1 X126.195 Y114.706 E.04529
G1 X125.857 Y114.214 E.0198
G1 X125.528 Y113.598 E.02316
G1 X125.164 Y112.709 E.03187
G1 X124.851 Y111.531 E.04044
G1 X124.717 Y110.434 E.03665
G1 X124.72 Y109.54 E.02966
G1 X124.82 Y108.69 E.02838
G1 X124.274 Y108.115 E.02631
G1 X123.619 Y107.55 E.02871
G1 X122.963 Y107.251 E.02388
G1 X122.308 Y107.16 E.02194
G1 X121.653 Y107.213 E.0218
G1 X120.998 Y107.398 E.02258
G1 X120.343 Y107.744 E.02458
G1 X119.688 Y108.294 E.02838
G1 X119.032 Y108.985 E.03157
G1 X118.377 Y109.55 E.02871
G1 X118.257 Y109.605 E.00438
G1 X118.234 Y109.204 E.01333
G1 X118.02 Y108.332 E.02977
G1 X117.901 Y108.026 E.01091
G1 E-4.5 F2700
;WIPE_START
G1 F3000
G1 X118.02 Y108.332 E-.07812
G1 X118.234 Y109.204 E-.21312
G1 X118.257 Y109.605 E-.09542
G1 X118.377 Y109.55 E-.03134
G1 X118.559 Y109.393 E-.05701
;WIPE_END
G1 E-.025 F2700
M205 X8 Y8
G1 X111.028 Y108.152 Z2.6 F7200
G1 X99.408 Y106.237 Z2.6
G1 Z2.2
G1 E5 F2400
M205 X10 Y10
G1 F3000
G1 X99.87 Y106.353 E.01583
G1 X100.29 Y106.713 E.01833
G1 X100.494 Y107.12 E.01512
G1 X100.514 Y107.262 E.00474
G1 X100.688 Y107.213 E.006
G1 X101.343 Y107.16 E.0218
G1 X101.998 Y107.251 E.02194
G1 X102.653 Y107.55 E.02388
G1 X103.309 Y108.115 E.02871
G1 X103.964 Y108.805 E.03157
G1 X104.619 Y109.356 E.02838
G1 X105.274 Y109.702 E.02458
G1 X105.929 Y109.887 E.02258
G1 X106.584 Y109.94 E.0218
G1 X107.24 Y109.848 E.02194
G1 X107.734 Y109.623 E.01803
G1 X107.71 Y109.799 E.00589
G1 X107.756 Y110.724 E.0307
G1 X107.98 Y111.667 E.03218
G1 X108.061 Y111.895 E.00803
G1 X108.402 Y112.615 E.02642
G1 X108.526 Y112.822 E.00801
G1 X108.777 Y113.161 E.01397
G1 X108.55 Y113.356 E.00995
G1 X107.895 Y114.047 E.03157
G1 X107.24 Y114.597 E.02838
G1 X107.034 Y114.706 E.00773
G1 X103.865 Y114.706 E.10512
G1 X103.309 Y114.226 E.02437
G1 X102.653 Y113.536 E.03157
G1 X101.998 Y112.985 E.02838
G1 X101.343 Y112.639 E.02458
M73 P40 R16
G1 X100.688 Y112.454 E.02258
G1 X100.544 Y112.442 E.00479
G1 X100.494 Y112.88 E.0146
G1 X100.29 Y113.287 E.01512
G1 X99.873 Y113.644 E.0182
G1 X99.494 Y113.775 E.01329
G1 X99.275 Y113.794 E.0073
G1 X97.652 Y113.794 E.05384
G1 X97.412 Y114.047 E.01155
G1 X96.757 Y114.597 E.02838
G1 X96.551 Y114.706 E.00773
G1 X93.382 Y114.706 E.10512
G1 X92.826 Y114.226 E.02437
G1 X92.416 Y113.794 E.01975
G1 X87.169 Y113.794 E.17405
G1 X86.929 Y114.047 E.01155
G1 X86.274 Y114.597 E.02838
G1 X86.068 Y114.706 E.00773
G1 X82.899 Y114.706 E.10512
G1 X82.343 Y114.226 E.02437
G1 X81.933 Y113.794 E.01975
G1 X76.687 Y113.794 E.17405
G1 X76.447 Y114.047 E.01155
G1 X75.792 Y114.597 E.02838
G1 X75.586 Y114.706 E.00773
G1 X72.417 Y114.706 E.10512
G1 X71.861 Y114.226 E.02437
G1 X71.206 Y113.536 E.03157
G1 X70.55 Y112.985 E.02838
G1 X69.895 Y112.639 E.02458
G1 X69.24 Y112.454 E.02258
G1 X68.585 Y112.401 E.0218
G1 X67.93 Y112.493 E.02194
G1 X67.275 Y112.791 E.02388
G1 X66.619 Y113.356 E.02871
G1 X65.964 Y114.047 E.03157
G1 X65.294 Y114.605 E.02893
G1 X65.294 Y109.851 E.15771
G1 X65.964 Y109.55 E.02436
G1 X66.619 Y108.985 E.02871
G1 X67.275 Y108.294 E.03157
G1 X67.93 Y107.744 E.02838
G1 X68.585 Y107.398 E.02458
G1 X69.24 Y107.213 E.02258
G1 X69.895 Y107.16 E.0218
G1 X70.55 Y107.251 E.02194
G1 X71.206 Y107.55 E.02388
G1 X71.861 Y108.115 E.02871
G1 X72.516 Y108.805 E.03157
G1 X73.171 Y109.356 E.02838
G1 X73.456 Y109.506 E.01069
G1 X73.456 Y107.878 E.05401
G1 E-5 F2700
M205 X8 Y8
G1 X81.044 Y108.698 Z2.6 F7200
G1 X139.258 Y114.991 Z2.6
G1 Z2.2
G1 E5 F2400
M205 X10 Y10
;TYPE:Inner wall
;WIDTH:0.449999
G1 F2700
G1 X139.905 Y114.054 E.03776
G1 X140.402 Y113.066 E.03668
G1 X140.77 Y111.951 E.03895
G1 X140.944 Y111.002 E.032
G1 X141.001 Y110.345 E.02189
G1 X140.993 Y109.534 E.02688
G1 X140.859 Y108.445 E.03641
G1 X140.641 Y107.606 E.02875
G1 X140.246 Y106.582 E.03641
G1 X139.83 Y105.821 E.02875
G1 X139.258 Y105.009 E.03296
G1 X154.991 Y105.009 E.52189
G1 X154.991 Y114.991 E.33111
G1 X139.298 Y114.991 E.52056
G1 E-4.5
;WIPE_START
G1 X139.905 Y114.054 E-.26508
G1 X140.302 Y113.265 E-.20992
;WIPE_END
G1 E-.025
M205 X8 Y8
G1 X138.351 Y115.398 Z2.6 F7200
G1 Z2.2
G1 E5 F2400
M205 X10 Y10
G1 F2700
G1 X138.902 Y114.789 E.02726
G1 X139.522 Y113.909 E.03568
G1 X140.025 Y112.91 E.03711
G1 X140.375 Y111.851 E.03701
G1 X140.538 Y110.964 E.0299
G1 X140.594 Y110.345 E.02064
G1 X140.589 Y109.584 E.02523
G1 X140.458 Y108.522 E.03549
G1 X140.261 Y107.753 E.02636
G1 X139.876 Y106.754 E.03549
G1 X139.497 Y106.056 E.02636
G1 X138.882 Y105.182 E.03546
G1 X138.356 Y104.604 E.02593
G1 X155.398 Y104.602 E.56532
G1 X155.398 Y115.398 E.35812
G1 X138.391 Y115.398 E.56415
G1 E-4.5
;WIPE_START
M73 P40 R15
G1 X138.902 Y114.789 E-.18894
G1 X139.522 Y113.909 E-.25544
G1 X139.58 Y113.794 E-.03062
;WIPE_END
G1 E-.025
M205 X8 Y8
G1 X137.308 Y115.786 Z2.6 F7200
G1 Z2.2
G1 E5 F2400
M205 X10 Y10
;TYPE:Outer wall
;WIDTH:0.419999
G1 X138.097 Y115.1 E.03212
G1 X138.582 Y114.563 E.02223
G1 X139.185 Y113.707 E.03216
G1 X139.662 Y112.76 E.0326
G1 X139.994 Y111.753 E.03256
G1 X140.148 Y110.928 E.0258
G1 X140.202 Y110.345 E.018
G1 X140.2 Y109.632 E.02189
G1 X140.072 Y108.596 E.03209
G1 X139.895 Y107.894 E.02224
G1 X139.519 Y106.919 E.03209
G1 X139.177 Y106.282 E.02224
G1 X138.575 Y105.428 E.03209
G1 X138.091 Y104.895 E.02211
G1 X137.581 Y104.433 E.02116
G1 X137.269 Y104.21 E.01178
G1 X155.79 Y104.21 E.56909
G1 X155.79 Y115.79 E.35582
G1 X137.348 Y115.786 E.56666
G1 E-4.5 F2700
;WIPE_START
G1 F2400
G1 X138.097 Y115.1 E-.24115
G1 X138.582 Y114.563 E-.17184
G1 X138.732 Y114.349 E-.062
;WIPE_END
G1 E-.025 F2700
M205 X8 Y8
G1 X146.363 Y114.521 Z2.6 F7200
G1 X154.551 Y114.706 Z2.6
G1 Z2.2
G1 E5 F2400
M205 X10 Y10
;TYPE:Sparse infill
;WIDTH:0.45
G1 F3000
G1 X154.706 Y114.706 E.00515
G1 X154.706 Y113.233 E.04887
G1 X154.411 Y112.985 E.01276
G1 X153.756 Y112.639 E.02458
G1 X153.101 Y112.454 E.02258
G1 X152.446 Y112.401 E.0218
G1 X151.791 Y112.493 E.02194
G1 X151.135 Y112.791 E.02388
G1 X150.48 Y113.356 E.02871
G1 X149.825 Y114.047 E.03157
G1 X149.17 Y114.597 E.02838
G1 X148.964 Y114.706 E.00773
G1 X145.795 Y114.706 E.10512
G1 X145.239 Y114.226 E.02437
G1 X144.584 Y113.536 E.03157
G1 X143.929 Y112.985 E.02838
G1 X143.273 Y112.639 E.02458
G1 X142.618 Y112.454 E.02258
G1 X141.963 Y112.401 E.0218
G1 X141.308 Y112.493 E.02194
G1 X140.809 Y112.72 E.01818
G1 X141.021 Y112.101 E.02169
G1 X141.227 Y111.032 E.03611
G1 X141.286 Y110.348 E.02278
G1 X141.286 Y109.651 E.02314
G1 X141.149 Y108.47 E.03943
G1 X141.027 Y107.98 E.01674
G1 X141.308 Y107.744 E.0122
G1 X141.963 Y107.398 E.02458
G1 X142.618 Y107.213 E.02258
G1 X143.273 Y107.16 E.0218
G1 X143.929 Y107.251 E.02194
G1 X144.584 Y107.55 E.02388
G1 X145.239 Y108.115 E.02871
G1 X145.894 Y108.805 E.03157
G1 X146.549 Y109.356 E.02838
G1 X147.204 Y109.702 E.02458
G1 X147.86 Y109.887 E.02258
G1 X148.515 Y109.94 E.0218
G1 X149.17 Y109.848 E.02194
G1 X149.825 Y109.55 E.02388
G1 X150.48 Y108.985 E.02871
G1 X151.135 Y108.294 E.03157
G1 X151.791 Y107.744 E.02838
G1 X152.446 Y107.398 E.02458
G1 X153.101 Y107.213 E.02258
G1 X153.756 Y107.16 E.0218
G1 X154.411 Y107.251 E.02194
G1 X154.706 Y107.385 E.01074
G1 X154.706 Y105.757 E.05401
; stop printing object 05_probe_bridge.stl id:0 copy 0
;TIME_ELAPSED:655.794800

;LAYER_CHANGE
;:2.4
;HEIGHT:0.2
;BEFORE_LAYER_CHANGE
;2.4
G92 E0

G1 E-4.5 F2700
;WIPE_START
G1 F3000
G1 X154.706 Y107.385 E-.38673
G1 X154.411 Y107.251 E-.07689
G1 X154.364 Y107.245 E-.01139
;WIPE_END
G1 E-.025 F2700
;_SET_FAN_SPEED_CHANGING_LAYER
; OBJECT_ID: 15
; printing object 05_probe_bridge.stl id:0 copy 0
M205 X8 Y8
G17
G3 Z2.6 I-.219 J-1.197 P1  F7200
G1 X112.115 Y114.959 Z2.6
G1 Z2.4
G1 E5 F2400
M205 X10 Y10
;TYPE:Inner wall
;WIDTH:0.513838
G1 F2700
G1 X111.914 Y114.975 E.00777
;WIDTH:0.481469
G1 X111.125 Y114.991 E.02818
;WIDTH:0.449999
G1 X65.009 Y114.991 E1.52976
G1 X65.009 Y105.009 E.33111
G1 X111.125 Y105.009 E1.52976
;WIDTH:0.487173
G1 X111.582 Y105.028 E.01654
;WIDTH:0.524346
G1 X112.038 Y105.046 E.01792
G1 X111.921 Y105.086 E.00485
;WIDTH:0.50101
G1 X111.458 Y105.25 E.01833
;WIDTH:0.475505
G1 X110.995 Y105.414 E.01731
;WIDTH:0.449999
G1 X110.139 Y105.893 E.03255
G1 X109.393 Y106.53 E.03255
G1 X108.785 Y107.3 E.03255
G1 X108.339 Y108.174 E.03255
G1 X108.111 Y108.929 E.02615
G1 X108.055 Y109.299 E.01244
G1 X107.996 Y110.097 E.02652
G1 X108.111 Y111.071 E.03255
G1 X108.414 Y112.005 E.03255
G1 X108.893 Y112.861 E.03255
G1 X109.53 Y113.607 E.03255
G1 X110.3 Y114.215 E.03255
G1 X111.174 Y114.661 E.03255
;WIDTH:0.481919
G1 X111.645 Y114.81 E.01766
;WIDTH:0.513838
G1 X112.077 Y114.947 E.01741
G1 E-4.5
;WIPE_START
G1 X111.914 Y114.975 E-.03945
G1 X111.125 Y114.991 E-.18727
G1 X110.08 Y114.991 E-.24828
;WIPE_END
G1 E-.025
M205 X8 Y8
G1 X102.639 Y113.293 Z2.8 F7200
G1 X74.07 Y106.773 Z2.8
M73 P41 R15
G1 Z2.4
G1 E5 F2400
M205 X10 Y10
;WIDTH:0.449999
G1 F2700
G1 X74.264 Y106.607 E.00846
G1 X74.601 Y106.491 E.01183
G1 X99.271 Y106.491 E.81836
G1 X99.736 Y106.607 E.01589
G1 X100.062 Y106.886 E.01421
G1 X100.22 Y107.202 E.01172
G1 X100.259 Y107.479 E.00927
G1 X100.259 Y112.521 E.16728
G1 X100.22 Y112.798 E.00927
G1 X100.062 Y113.114 E.01172
G1 X99.736 Y113.393 E.01421
G1 X99.399 Y113.509 E.01183
G1 X74.729 Y113.509 E.81836
G1 X74.264 Y113.393 E.01589
G1 X73.938 Y113.114 E.01421
G1 X73.78 Y112.798 E.01172
G1 X73.741 Y112.521 E.00927
G1 X73.741 Y107.479 E.16728
G1 X73.78 Y107.202 E.00927
G1 X73.938 Y106.886 E.01172
G1 X74.04 Y106.799 E.00442
M205 X8 Y8
G1 X74.329 Y107.075 F7200
M205 X10 Y10
G1 F2700
G1 X74.455 Y106.966 E.00553
G1 X74.729 Y106.898 E.00934
G1 X99.271 Y106.898 E.81413
G1 X99.545 Y106.966 E.00934
G1 X99.736 Y107.13 E.00836
G1 X99.852 Y107.362 E.00861
G1 X99.852 Y112.521 E.17113
G1 X99.829 Y112.684 E.00545
G1 X99.736 Y112.87 E.00689
G1 X99.545 Y113.034 E.00836
G1 X99.271 Y113.102 E.00934
G1 X74.729 Y113.102 E.81413
G1 X74.455 Y113.034 E.00934
G1 X74.264 Y112.87 E.00836
G1 X74.148 Y112.638 E.00861
G1 X74.148 Y107.479 E.17113
G1 X74.171 Y107.316 E.00545
G1 X74.264 Y107.13 E.00689
G1 X74.298 Y107.101 E.00149
M205 X8 Y8
G1 X74.578 Y107.365 F7200
M205 X10 Y10
;TYPE:Outer wall
;WIDTH:0.419999
G1 F2400
G1 X74.729 Y107.29 E.00518
G1 X99.271 Y107.29 E.75413
G1 X99.422 Y107.365 E.00518
G1 X99.46 Y107.479 E.00366
G1 X99.46 Y112.521 E.15495
G1 X99.422 Y112.635 E.00366
G1 X99.271 Y112.71 E.00518
G1 X74.729 Y112.71 E.75413
G1 X74.578 Y112.635 E.00518
G1 X74.54 Y112.521 E.00366
G1 X74.54 Y107.479 E.15495
G1 X74.565 Y107.403 E.00243
G1 E-4.5 F2700
;WIPE_START
G1 F2400
G1 X74.729 Y107.29 E-.04725
G1 X76.53 Y107.29 E-.42775
;WIPE_END
G1 E-.025 F2700
M205 X8 Y8
G1 X84.016 Y108.776 Z2.8 F7200
G1 X114.387 Y114.805 Z2.8
G1 Z2.4
G1 E5 F2400
M205 X10 Y10
;TYPE:Inner wall
;WIDTH:0.501008
G1 F2700
G1 X114.542 Y114.75 E.00613
;WIDTH:0.475504
G1 X115.005 Y114.586 E.01731
;WIDTH:0.449999
G1 X115.861 Y114.107 E.03255
G1 X116.607 Y113.47 E.03255
G1 X117.215 Y112.7 E.03255
G1 X117.661 Y111.826 E.03255
G1 X117.927 Y110.881 E.03255
G1 X118.004 Y110.097 E.02615
G1 X117.973 Y109.585 E.01702
G1 X117.889 Y108.929 E.02193
G1 X117.586 Y107.995 E.03255
G1 X117.107 Y107.139 E.03255
G1 X116.47 Y106.393 E.03255
G1 X115.7 Y105.785 E.03255
G1 X114.826 Y105.339 E.03255
;WIDTH:0.481413
G1 X114.35 Y105.19 E.01783
;WIDTH:0.512826
G1 X113.874 Y105.041 E.01911
G1 X114.086 Y105.024 E.00817
;WIDTH:0.479258
G1 X114.875 Y105.009 E.02804
;WIDTH:0.449999
G1 X126.742 Y105.009 E.39366
G1 X126.107 Y105.924 E.03697
G1 X125.74 Y106.62 E.02608
G1 X125.444 Y107.348 E.02606
G1 X125.218 Y108.112 E.02645
G1 X125.047 Y109.098 E.03318
G1 X124.999 Y109.655 E.01856
G1 X125.002 Y110.419 E.02534
G1 X125.161 Y111.633 E.04061
G1 X125.454 Y112.69 E.03638
G1 X125.781 Y113.467 E.02798
G1 X126.17 Y114.179 E.02688
G1 X126.742 Y114.991 E.03296
G1 X114.875 Y114.991 E.39366
;WIDTH:0.487172
G1 X114.418 Y114.972 E.01654
;WIDTH:0.524344
G1 X113.962 Y114.954 E.01792
G1 X114.079 Y114.914 E.00485
;WIDTH:0.501008
G1 X114.349 Y114.818 E.01071
G1 E-4.5
;WIPE_START
G1 X114.542 Y114.75 E-.04849
G1 X115.005 Y114.586 E-.11662
G1 X115.861 Y114.107 E-.23303
G1 X116.107 Y113.897 E-.07685
;WIPE_END
G1 E-.025
M205 X8 Y8
G1 X123.676 Y114.881 Z2.8 F7200
G1 X127.644 Y115.396 Z2.8
G1 Z2.4
G1 E5 F2400
M205 X10 Y10
;WIDTH:0.449999
G1 F2700
G1 X64.602 Y115.398 E2.09122
G1 X64.602 Y104.602 E.35812
G1 X127.649 Y104.602 E2.09138
G1 X127.098 Y105.211 E.02726
G1 X126.482 Y106.086 E.03548
G1 X126.116 Y106.776 E.02591
G1 X125.833 Y107.466 E.02474
G1 X125.618 Y108.187 E.02496
G1 X125.452 Y109.135 E.03194
G1 X125.406 Y109.655 E.01731
G1 X125.408 Y110.388 E.02432
G1 X125.554 Y111.524 E.03799
G1 X125.839 Y112.556 E.03549
G1 X126.14 Y113.276 E.02588
G1 X126.503 Y113.944 E.02523
G1 X127.118 Y114.818 E.03546
G1 X127.617 Y115.367 E.02461
G1 E-4.5
;WIPE_START
G1 X125.617 Y115.368 E-.475
;WIPE_END
G1 E-.025
M205 X8 Y8
G1 X128.731 Y115.79 Z2.8 F7200
G1 Z2.4
G1 E5 F2400
M205 X10 Y10
;TYPE:Outer wall
;WIDTH:0.419999
G1 X64.21 Y115.79 E1.98254
G1 X64.21 Y104.21 E.35582
G1 X128.692 Y104.214 E1.98134
G1 X127.903 Y104.9 E.03212
M73 P42 R15
G1 X127.418 Y105.437 E.02223
G1 X126.817 Y106.291 E.03209
G1 X126.478 Y106.926 E.02211
G1 X126.209 Y107.58 E.02173
G1 X126.004 Y108.259 E.0218
G1 X125.851 Y109.084 E.02577
G1 X125.798 Y109.655 E.01764
G1 X125.798 Y110.349 E.02131
G1 X125.932 Y111.42 E.03317
G1 X126.21 Y112.427 E.03211
G1 X126.486 Y113.091 E.02208
G1 X126.823 Y113.718 E.02189
G1 X127.425 Y114.572 E.03209
G1 X127.909 Y115.105 E.02211
G1 X128.419 Y115.567 E.02116
G1 X128.698 Y115.767 E.01055
G1 E-4.5 F2700
;WIPE_START
G1 F2400
G1 X126.698 Y115.767 E-.475
;WIPE_END
G1 E-.025 F2700
M205 X8 Y8
G1 X119.111 Y114.941 Z2.8 F7200
G1 X114.235 Y114.411 Z2.8
G1 Z2.4
G1 E5 F2400
M205 X10 Y10
;TYPE:Inner wall
;WIDTH:0.449999
G1 F2700
G1 X113.953 Y114.5 E.00979
G1 X113.057 Y114.599 E.02991
G1 X112.159 Y114.522 E.02991
G1 X111.292 Y114.271 E.02991
G1 X110.492 Y113.856 E.02991
G1 X109.788 Y113.292 E.02991
G1 X109.207 Y112.603 E.02991
G1 X108.773 Y111.813 E.02991
G1 X108.5 Y110.953 E.02991
G1 X108.401 Y110.057 E.02991
G1 X108.5 Y109.047 E.03367
G1 X108.729 Y108.292 E.02615
G1 X109.144 Y107.492 E.02991
G1 X109.708 Y106.788 E.02991
G1 X110.397 Y106.207 E.02991
G1 X111.187 Y105.773 E.02991
G1 X112.047 Y105.5 E.02991
G1 X112.863 Y105.403 E.02727
G1 X113.835 Y105.477 E.03234
G1 X114.708 Y105.729 E.03011
G1 X115.508 Y106.144 E.02991
G1 X116.212 Y106.708 E.02991
G1 X116.793 Y107.397 E.02991
G1 X117.227 Y108.187 E.02991
G1 X117.5 Y109.047 E.02991
G1 X117.599 Y110.057 E.03367
G1 X117.522 Y110.841 E.02615
G1 X117.271 Y111.708 E.02991
G1 X116.856 Y112.508 E.02991
G1 X116.292 Y113.212 E.02991
G1 X115.603 Y113.793 E.02991
G1 X114.813 Y114.227 E.02991
G1 X114.273 Y114.399 E.01879
M205 X8 Y8
G1 X114.117 Y114.039 F7200
M205 X10 Y10
;TYPE:Outer wall
;WIDTH:0.419999
G1 F2400
G1 X113.839 Y114.125 E.00893
G1 X113.018 Y114.209 E.02535
G1 X112.197 Y114.132 E.02535
G1 X111.406 Y113.896 E.02535
G1 X110.677 Y113.51 E.02535
G1 X110.037 Y112.989 E.02535
G1 X109.511 Y112.354 E.02535
G1 X109.118 Y111.628 E.02535
G1 X108.875 Y110.839 E.02535
G1 X108.791 Y110.018 E.02535
G1 X108.875 Y109.161 E.02648
G1 X109.104 Y108.406 E.02422
G1 X109.49 Y107.677 E.02535
G1 X110.011 Y107.037 E.02535
G1 X110.646 Y106.511 E.02535
G1 X111.372 Y106.118 E.02535
G1 X112.161 Y105.875 E.02535
G1 X112.905 Y105.793 E.023
G1 X113.801 Y105.868 E.02764
G1 X114.594 Y106.104 E.02542
G1 X115.323 Y106.49 E.02535
G1 X115.963 Y107.011 E.02535
G1 X116.489 Y107.646 E.02535
G1 X116.882 Y108.372 E.02535
G1 X117.125 Y109.161 E.02535
G1 X117.209 Y110.018 E.02648
G1 X117.132 Y110.803 E.02422
G1 X116.896 Y111.594 E.02535
G1 X116.51 Y112.323 E.02535
G1 X115.989 Y112.963 E.02535
G1 X115.354 Y113.489 E.02535
G1 X114.628 Y113.882 E.02535
G1 X114.155 Y114.027 E.0152
G1 E-4.5 F2700
;WIPE_START
G1 F2400
G1 X113.839 Y114.125 E-.0785
G1 X113.018 Y114.209 E-.19597
G1 X112.197 Y114.132 E-.19597
G1 X112.179 Y114.126 E-.00455
;WIPE_END
G1 E-.025 F2700
M205 X8 Y8
G1 X112.115 Y114.959 Z2.8 F7200
G1 Z2.4
G1 E5 F2400
M205 X10 Y10
;TYPE:Inner wall
;WIDTH:0.513838
G1 F2700
G1 X112.606 Y114.978 E.01883
;WIDTH:0.475109
G1 X113.096 Y114.998 E.01728
;WIDTH:0.480362
G1 X113.529 Y114.976 E.01545
;WIDTH:0.524344
G1 X113.962 Y114.954 E.017
G1 E-4.5
;WIPE_START
G1 X113.529 Y114.976 E-.11137
G1 X113.096 Y114.998 E-.11137
G1 X112.606 Y114.978 E-.12613
G1 X112.115 Y114.959 E-.12613
;WIPE_END
G1 E-.025
M205 X8 Y8
G1 X113.448 Y107.444 Z2.8 F7200
G1 X113.874 Y105.041 Z2.8
G1 Z2.4
G1 E5 F2400
M205 X10 Y10
;WIDTH:0.512826
G1 F2700
G1 X113.347 Y105.022 E.02017
;WIDTH:0.475921
G1 X112.821 Y105.004 E.01859
;WIDTH:0.481681
G1 X112.43 Y105.025 E.01401
;WIDTH:0.524346
G1 X112.038 Y105.046 E.01537
G1 E-4.5
;WIPE_START
G1 X112.43 Y105.025 E-.10129
G1 X112.821 Y105.004 E-.10129
G1 X113.347 Y105.022 E-.13621
G1 X113.874 Y105.041 E-.13621
;WIPE_END
G1 E-.025
M205 X8 Y8
G1 X117.838 Y107.861 Z2.8 F7200
G1 Z2.4
G1 E5 F2400
M205 X10 Y10
;TYPE:Sparse infill
;WIDTH:0.45
G1 F3000
G1 X117.932 Y108.088 E.00816
G1 X118.163 Y108.849 E.0264
G1 X118.208 Y109.064 E.00726
G1 X118.242 Y109.43 E.0122
G1 X118.377 Y109.356 E.00512
G1 X119.032 Y108.772 E.02911
G1 X119.688 Y108.127 E.03051
G1 X120.343 Y107.644 E.027
G1 X120.998 Y107.36 E.02368
G1 X121.653 Y107.232 E.02214
G1 X122.308 Y107.236 E.02173
G1 X122.963 Y107.388 E.02231
G1 X123.619 Y107.743 E.02472
G1 X124.274 Y108.327 E.02911
G1 X124.793 Y108.839 E.02417
G1 X124.719 Y109.541 E.02342
G1 X124.718 Y110.44 E.02982
G1 X124.851 Y111.531 E.03646
G1 X125.164 Y112.709 E.04044
G1 X125.528 Y113.598 E.03187
G1 X125.857 Y114.214 E.02316
G1 X126.195 Y114.706 E.0198
G1 X125.129 Y114.706 E.03537
G1 X124.929 Y114.598 E.00754
G1 X124.274 Y114.014 E.02911
G1 X123.619 Y113.368 E.03051
G1 X122.963 Y112.885 E.027
G1 X122.308 Y112.602 E.02368
G1 X121.653 Y112.474 E.02214
G1 X120.998 Y112.477 E.02173
G1 X120.343 Y112.63 E.02231
G1 X119.688 Y112.985 E.02472
G1 X119.032 Y113.569 E.02911
G1 X118.377 Y114.214 E.03051
G1 X117.702 Y114.706 E.02772
G1 X116.073 Y114.706 E.05401
G1 E-4.5 F2700
;WIPE_START
G1 F3000
G1 X117.702 Y114.706 E-.38673
G1 X118.002 Y114.487 E-.08827
;WIPE_END
G1 E-.025 F2700
M205 X8 Y8
G1 X111.026 Y111.392 Z2.8 F7200
G1 X99.412 Y106.238 Z2.8
G1 Z2.4
G1 E5 F2400
M205 X10 Y10
G1 F3000
G1 X99.87 Y106.353 E.01568
G1 X100.29 Y106.713 E.01833
G1 X100.494 Y107.12 E.01512
G1 X100.515 Y107.266 E.00488
G1 X100.688 Y107.232 E.00586
G1 X101.343 Y107.236 E.02173
G1 X101.998 Y107.388 E.02231
G1 X102.653 Y107.743 E.02472
G1 X103.309 Y108.327 E.02911
G1 X103.964 Y108.973 E.03051
G1 X104.619 Y109.456 E.027
G1 X105.274 Y109.739 E.02368
G1 X105.929 Y109.867 E.02214
G1 X106.584 Y109.864 E.02173
G1 X107.24 Y109.711 E.02231
G1 X107.758 Y109.43 E.01956
G1 X107.706 Y110 E.01898
G1 X107.79 Y110.913 E.03041
G1 X107.837 Y111.15 E.00802
G1 X108.068 Y111.912 E.02642
G1 X108.16 Y112.135 E.00801
G1 X108.536 Y112.838 E.02642
G1 X108.67 Y113.038 E.00801
G1 X108.87 Y113.283 E.01049
G1 X108.55 Y113.569 E.01425
G1 X107.895 Y114.214 E.03051
G1 X107.219 Y114.706 E.02772
G1 X104.164 Y114.706 E.10136
G1 X103.964 Y114.598 E.00754
G1 X103.309 Y114.014 E.02911
G1 X102.653 Y113.368 E.03051
G1 X101.998 Y112.885 E.027
G1 X101.343 Y112.602 E.02368
G1 X100.688 Y112.474 E.02214
G1 X100.544 Y112.474 E.00477
G1 X100.494 Y112.88 E.01355
G1 X100.29 Y113.287 E.01512
G1 X99.873 Y113.644 E.0182
G1 X99.494 Y113.775 E.01329
G1 X99.275 Y113.794 E.0073
G1 X97.838 Y113.794 E.04766
G1 X97.412 Y114.214 E.01985
G1 X96.736 Y114.706 E.02772
G1 X93.681 Y114.706 E.10136
G1 X93.481 Y114.598 E.00754
G1 X92.603 Y113.794 E.03948
G1 X87.356 Y113.794 E.17406
G1 X86.929 Y114.214 E.01985
G1 X86.254 Y114.706 E.02772
G1 X83.198 Y114.706 E.10136
G1 X82.998 Y114.598 E.00754
G1 X82.12 Y113.794 E.03948
G1 X76.873 Y113.794 E.17406
G1 X76.447 Y114.214 E.01985
G1 X75.771 Y114.706 E.02772
G1 X72.716 Y114.706 E.10136
G1 X72.516 Y114.598 E.00754
G1 X71.861 Y114.014 E.02911
G1 X71.206 Y113.368 E.03051
G1 X70.55 Y112.885 E.027
G1 X69.895 Y112.602 E.02368
G1 X69.24 Y112.474 E.02214
G1 X68.585 Y112.477 E.02173
G1 X67.93 Y112.63 E.02231
G1 X67.275 Y112.985 E.02472
G1 X66.619 Y113.569 E.02911
G1 X65.964 Y114.214 E.03051
G1 X65.294 Y114.704 E.02753
G1 X65.294 Y109.715 E.16548
G1 X65.964 Y109.356 E.02521
G1 X66.619 Y108.772 E.02911
G1 X67.275 Y108.127 E.03051
G1 X67.93 Y107.644 E.027
G1 X68.585 Y107.36 E.02368
G1 X69.24 Y107.232 E.02214
G1 X69.895 Y107.236 E.02173
G1 X70.55 Y107.388 E.02231
G1 X71.206 Y107.743 E.02472
G1 X71.861 Y108.327 E.02911
G1 X72.516 Y108.973 E.03051
G1 X73.171 Y109.456 E.027
G1 X73.456 Y109.579 E.0103
G1 X73.456 Y107.951 E.05401
G1 E-5 F2700
M205 X8 Y8
G1 X81.045 Y108.763 Z2.8 F7200
G1 X139.26 Y114.991 Z2.8
G1 Z2.4
G1 E5 F2400
M205 X10 Y10
;TYPE:Inner wall
;WIDTH:0.449999
G1 F2700
G1 X139.685 Y114.409 E.02392
G1 X140.085 Y113.732 E.02607
G1 X140.425 Y112.997 E.02686
G1 X140.772 Y111.947 E.03669
G1 X140.972 Y110.794 E.0388
G1 X141.008 Y109.952 E.02799
G1 X140.961 Y109.143 E.02686
G1 X140.772 Y108.053 E.03669
G1 X140.405 Y106.942 E.03882
G1 X140.034 Y106.173 E.02834
G1 X139.603 Y105.473 E.02724
G1 X139.26 Y105.009 E.01915
G1 X154.991 Y105.009 E.52182
G1 X154.991 Y114.991 E.33111
G1 X139.3 Y114.991 E.52051
G1 E-4.5
;WIPE_START
G1 X139.685 Y114.409 E-.16586
G1 X140.085 Y113.732 E-.18665
G1 X140.301 Y113.264 E-.12249
;WIPE_END
G1 E-.025
M205 X8 Y8
G1 X138.351 Y115.398 Z2.8 F7200
G1 Z2.4
G1 E5 F2400
M205 X10 Y10
G1 F2700
G1 X138.894 Y114.8 E.0268
G1 X139.336 Y114.199 E.02474
G1 X139.717 Y113.558 E.02475
G1 X140.038 Y112.869 E.02521
G1 X140.376 Y111.848 E.0357
G1 X140.566 Y110.751 E.03691
G1 X140.601 Y109.972 E.02589
G1 X140.56 Y109.213 E.02521
G1 X140.376 Y108.153 E.03569
G1 X140.027 Y107.096 E.03692
G1 X139.687 Y106.386 E.0261
G1 X139.226 Y105.642 E.02901
G1 X138.858 Y105.156 E.02024
G1 X138.356 Y104.604 E.02477
G1 X155.398 Y104.602 E.56532
G1 X155.398 Y115.398 E.35812
G1 X138.391 Y115.398 E.56415
G1 E-4.5
;WIPE_START
G1 X138.894 Y114.8 E-.18559
M73 P43 R15
G1 X139.336 Y114.199 E-.1771
G1 X139.578 Y113.793 E-.1123
;WIPE_END
G1 E-.025
M205 X8 Y8
G1 X137.308 Y115.786 Z2.8 F7200
G1 Z2.4
G1 E5 F2400
M205 X10 Y10
;TYPE:Outer wall
;WIDTH:0.419999
G1 X138.097 Y115.1 E.03212
G1 X138.579 Y114.566 E.0221
G1 X139 Y113.998 E.02173
G1 X139.363 Y113.391 E.02174
G1 X139.666 Y112.746 E.02187
G1 X139.994 Y111.752 E.03218
G1 X140.175 Y110.709 E.03254
G1 X140.21 Y109.991 E.02209
G1 X140.173 Y109.28 E.02188
G1 X139.994 Y108.248 E.03217
G1 X139.662 Y107.243 E.03253
G1 X139.353 Y106.591 E.02215
G1 X138.913 Y105.878 E.02577
G1 X138.568 Y105.419 E.01764
G1 X138.091 Y104.895 E.02176
G1 X137.581 Y104.433 E.02116
G1 X137.269 Y104.21 E.01178
G1 X155.79 Y104.21 E.56909
G1 X155.79 Y115.79 E.35582
G1 X137.348 Y115.786 E.56666
G1 E-4.5 F2700
;WIPE_START
G1 F2400
G1 X138.097 Y115.1 E-.24114
G1 X138.579 Y114.566 E-.1708
G1 X138.737 Y114.353 E-.06306
;WIPE_END
G1 E-.025 F2700
M205 X8 Y8
G1 X146.368 Y114.522 Z2.8 F7200
G1 X154.681 Y114.706 Z2.8
G1 Z2.4
G1 E5 F2400
M205 X10 Y10
;TYPE:Sparse infill
;WIDTH:0.45
G1 F3000
G1 X154.706 Y114.706 E.00083
G1 X154.706 Y113.102 E.05319
G1 X154.411 Y112.885 E.01214
G1 X153.756 Y112.602 E.02368
G1 X153.101 Y112.474 E.02214
G1 X152.446 Y112.477 E.02173
G1 X151.791 Y112.63 E.02231
G1 X151.135 Y112.985 E.02472
G1 X150.48 Y113.569 E.02911
G1 X149.825 Y114.214 E.03051
G1 X149.149 Y114.706 E.02772
G1 X146.094 Y114.706 E.10136
G1 X145.894 Y114.598 E.00754
G1 X145.239 Y114.014 E.02911
G1 X144.584 Y113.368 E.03051
G1 X143.929 Y112.885 E.027
G1 X143.273 Y112.602 E.02368
G1 X142.618 Y112.474 E.02214
G1 X141.963 Y112.477 E.02173
G1 X141.308 Y112.63 E.02231
G1 X140.737 Y112.939 E.02155
G1 X141.021 Y112.1 E.02938
G1 X141.242 Y110.902 E.04044
G1 X141.294 Y110 E.02996
G1 X141.242 Y109.098 E.02995
G1 X141.009 Y107.864 E.04167
G1 X141.308 Y107.644 E.01232
G1 X141.963 Y107.36 E.02368
G1 X142.618 Y107.232 E.02214
G1 X143.273 Y107.236 E.02173
G1 X143.929 Y107.388 E.02231
G1 X144.584 Y107.743 E.02472
G1 X145.239 Y108.327 E.02911
G1 X145.894 Y108.973 E.03051
G1 X146.549 Y109.456 E.027
G1 X147.204 Y109.739 E.02368
G1 X147.86 Y109.867 E.02214
G1 X148.515 Y109.864 E.02173
G1 X149.17 Y109.711 E.02231
G1 X149.825 Y109.356 E.02472
G1 X150.48 Y108.772 E.02911
G1 X151.135 Y108.127 E.03051
G1 X151.791 Y107.644 E.027
G1 X152.446 Y107.36 E.02368
G1 X153.101 Y107.232 E.02214
G1 X153.756 Y107.236 E.02173
G1 X154.411 Y107.388 E.02231
G1 X154.706 Y107.548 E.01112
G1 X154.706 Y105.92 E.05401
; stop printing object 05_probe_bridge.stl id:0 copy 0
;TIME_ELAPSED:697.112915

;LAYER_CHANGE
;:2.6
;HEIGHT:0.2
;BEFORE_LAYER_CHANGE
;2.6
G92 E0

G1 E-4.5 F2700
;WIPE_START
G1 F3000
G1 X154.706 Y107.548 E-.38673
G1 X154.411 Y107.388 E-.0796
G1 X154.376 Y107.38 E-.00868
;WIPE_END
G1 E-.025 F2700
;_SET_FAN_SPEED_CHANGING_LAYER
; OBJECT_ID: 15
; printing object 05_probe_bridge.stl id:0 copy 0
M205 X8 Y8
G17
G3 Z2.8 I-.215 J-1.198 P1  F7200
G1 X112.115 Y114.959 Z2.8
G1 Z2.6
G1 E5 F2400
M205 X10 Y10
;TYPE:Inner wall
;WIDTH:0.51384
G1 F2700
G1 X111.914 Y114.975 E.00777
;WIDTH:0.48147
G1 X111.125 Y114.991 E.02818
;WIDTH:0.449999
G1 X65.009 Y114.991 E1.52976
G1 X65.009 Y105.009 E.33111
G1 X111.125 Y105.009 E1.52976
;WIDTH:0.487173
G1 X111.582 Y105.028 E.01654
;WIDTH:0.524346
G1 X112.038 Y105.046 E.01792
G1 X111.921 Y105.086 E.00485
;WIDTH:0.50101
G1 X111.458 Y105.25 E.01833
;WIDTH:0.475505
G1 X110.995 Y105.414 E.01731
;WIDTH:0.449999
G1 X110.139 Y105.893 E.03255
G1 X109.393 Y106.53 E.03255
G1 X108.785 Y107.3 E.03255
G1 X108.339 Y108.174 E.03255
G1 X108.111 Y108.929 E.02615
G1 X108.055 Y109.299 E.01244
G1 X107.996 Y110.097 E.02652
G1 X108.111 Y111.071 E.03255
G1 X108.414 Y112.005 E.03255
G1 X108.893 Y112.861 E.03255
G1 X109.53 Y113.607 E.03255
G1 X110.3 Y114.215 E.03255
G1 X111.174 Y114.661 E.03255
;WIDTH:0.48192
G1 X111.645 Y114.81 E.01766
;WIDTH:0.51384
G1 X112.077 Y114.947 E.01741
G1 E-4.5
;WIPE_START
G1 X111.914 Y114.975 E-.03945
G1 X111.125 Y114.991 E-.18727
G1 X110.08 Y114.991 E-.24827
;WIPE_END
G1 E-.025
M205 X8 Y8
G1 X102.639 Y113.293 Z3 F7200
G1 X74.07 Y106.773 Z3
G1 Z2.6
G1 E5 F2400
M205 X10 Y10
;WIDTH:0.449999
G1 F2700
G1 X74.264 Y106.607 E.00846
G1 X74.601 Y106.491 E.01183
G1 X99.271 Y106.491 E.81836
G1 X99.736 Y106.607 E.01589
G1 X100.062 Y106.886 E.01421
G1 X100.22 Y107.202 E.01172
G1 X100.259 Y107.479 E.00927
G1 X100.259 Y112.521 E.16728
G1 X100.22 Y112.798 E.00927
G1 X100.062 Y113.114 E.01172
G1 X99.736 Y113.393 E.01421
G1 X99.399 Y113.509 E.01183
G1 X74.729 Y113.509 E.81836
G1 X74.264 Y113.393 E.01589
G1 X73.938 Y113.114 E.01421
G1 X73.78 Y112.798 E.01172
G1 X73.741 Y112.521 E.00927
G1 X73.741 Y107.479 E.16728
G1 X73.78 Y107.202 E.00927
G1 X73.938 Y106.886 E.01172
G1 X74.04 Y106.799 E.00442
M205 X8 Y8
G1 X74.329 Y107.075 F7200
M205 X10 Y10
G1 F2700
G1 X74.455 Y106.966 E.00553
G1 X74.729 Y106.898 E.00934
G1 X99.271 Y106.898 E.81413
G1 X99.545 Y106.966 E.00934
G1 X99.736 Y107.13 E.00836
G1 X99.852 Y107.362 E.00861
G1 X99.852 Y112.521 E.17113
G1 X99.829 Y112.684 E.00545
G1 X99.736 Y112.87 E.00689
G1 X99.545 Y113.034 E.00836
G1 X99.271 Y113.102 E.00934
G1 X74.729 Y113.102 E.81413
G1 X74.455 Y113.034 E.00934
G1 X74.264 Y112.87 E.00836
G1 X74.148 Y112.638 E.00861
G1 X74.148 Y107.479 E.17113
G1 X74.171 Y107.316 E.00545
G1 X74.264 Y107.13 E.00689
G1 X74.298 Y107.101 E.00149
M205 X8 Y8
G1 X74.578 Y107.365 F7200
M205 X10 Y10
;TYPE:Outer wall
;WIDTH:0.419999
G1 F2400
G1 X74.729 Y107.29 E.00518
G1 X99.271 Y107.29 E.75413
G1 X99.422 Y107.365 E.00518
G1 X99.46 Y107.479 E.00366
G1 X99.46 Y112.521 E.15495
G1 X99.342 Y112.71 E.00683
G1 X74.729 Y112.71 E.75631
G1 X74.578 Y112.635 E.00518
G1 X74.54 Y112.521 E.00366
G1 X74.54 Y107.479 E.15495
G1 X74.565 Y107.403 E.00243
G1 E-4.5 F2700
;WIPE_START
G1 F2400
G1 X74.729 Y107.29 E-.04725
G1 X76.53 Y107.29 E-.42775
;WIPE_END
G1 E-.025 F2700
M205 X8 Y8
G1 X84.016 Y108.777 Z3 F7200
G1 X114.375 Y114.809 Z3
G1 Z2.6
M73 P44 R15
G1 E5 F2400
M205 X10 Y10
;TYPE:Inner wall
;WIDTH:0.501008
G1 F2700
G1 X114.542 Y114.75 E.0066
;WIDTH:0.475504
G1 X115.005 Y114.586 E.01731
;WIDTH:0.449999
G1 X115.861 Y114.107 E.03255
G1 X116.607 Y113.47 E.03255
G1 X117.215 Y112.7 E.03255
G1 X117.661 Y111.826 E.03255
G1 X117.927 Y110.881 E.03255
G1 X118.004 Y110.097 E.02615
G1 X117.973 Y109.588 E.01693
G1 X117.889 Y108.929 E.02203
G1 X117.586 Y107.995 E.03255
G1 X117.107 Y107.139 E.03255
G1 X116.47 Y106.393 E.03255
G1 X115.7 Y105.785 E.03255
G1 X114.826 Y105.339 E.03255
;WIDTH:0.481376
G1 X114.349 Y105.19 E.01784
;WIDTH:0.512752
G1 X113.873 Y105.041 E.01912
G1 X114.086 Y105.024 E.0082
;WIDTH:0.479089
G1 X114.875 Y105.009 E.02802
;WIDTH:0.449999
G1 X126.742 Y105.009 E.39366
G1 X126.107 Y105.924 E.03697
G1 X125.74 Y106.62 E.02608
G1 X125.444 Y107.348 E.02606
G1 X125.218 Y108.113 E.02647
G1 X125.047 Y109.096 E.03308
G1 X125 Y109.679 E.01943
G1 X125.039 Y110.857 E.03908
G1 X125.227 Y111.938 E.03638
G1 X125.476 Y112.743 E.02799
G1 X125.793 Y113.489 E.02686
G1 X126.332 Y114.441 E.03629
G1 X126.74 Y114.991 E.02273
G1 X114.875 Y114.991 E.39361
;WIDTH:0.487172
G1 X114.418 Y114.972 E.01654
;WIDTH:0.524344
G1 X113.962 Y114.954 E.01792
G1 X114.079 Y114.914 E.00485
;WIDTH:0.501008
G1 X114.337 Y114.822 E.01024
G1 E-4.5
;WIPE_START
G1 X114.542 Y114.75 E-.05149
G1 X115.005 Y114.586 E-.11662
G1 X115.861 Y114.107 E-.23303
G1 X116.097 Y113.905 E-.07385
;WIPE_END
G1 E-.025
M205 X8 Y8
G1 X123.667 Y114.883 Z3 F7200
G1 X127.644 Y115.396 Z3
G1 Z2.6
G1 E5 F2400
M205 X10 Y10
;WIDTH:0.449999
G1 F2700
M73 P44 R14
G1 X64.602 Y115.398 E2.09122
G1 X64.602 Y104.602 E.35812
G1 X127.649 Y104.602 E2.09138
G1 X127.098 Y105.211 E.02726
G1 X126.482 Y106.086 E.03548
G1 X126.116 Y106.776 E.02591
G1 X125.833 Y107.466 E.02474
G1 X125.618 Y108.188 E.02498
G1 X125.452 Y109.133 E.03184
G1 X125.41 Y109.794 E.02199
G1 X125.44 Y110.787 E.03296
G1 X125.623 Y111.842 E.03549
G1 X125.853 Y112.588 E.02589
G1 X126.147 Y113.288 E.02521
G1 X126.675 Y114.219 E.0355
G1 X127.142 Y114.844 E.02588
G1 X127.617 Y115.367 E.02344
G1 E-4.5
;WIPE_START
G1 X125.617 Y115.368 E-.475
;WIPE_END
G1 E-.025
M205 X8 Y8
G1 X128.731 Y115.79 Z3 F7200
G1 Z2.6
G1 E5 F2400
M205 X10 Y10
;TYPE:Outer wall
;WIDTH:0.419999
G1 X64.21 Y115.79 E1.98254
G1 X64.21 Y104.21 E.35582
G1 X128.692 Y104.214 E1.98134
G1 X127.903 Y104.9 E.03211
G1 X127.418 Y105.437 E.02223
G1 X126.817 Y106.291 E.03209
G1 X126.478 Y106.926 E.02211
G1 X126.209 Y107.58 E.02173
G1 X126.004 Y108.259 E.02181
G1 X125.842 Y109.169 E.02839
G1 X125.802 Y109.785 E.01897
G1 X125.827 Y110.72 E.02876
G1 X126.005 Y111.75 E.03211
G1 X126.215 Y112.438 E.02209
G1 X126.488 Y113.095 E.02187
G1 X127.004 Y114.004 E.03211
G1 X127.432 Y114.581 E.02208
G1 X127.909 Y115.105 E.02176
G1 X128.419 Y115.567 E.02116
G1 X128.698 Y115.767 E.01055
G1 E-4.5 F2700
;WIPE_START
G1 F2400
G1 X126.698 Y115.767 E-.475
;WIPE_END
G1 E-.025 F2700
M205 X8 Y8
G1 X119.11 Y114.945 Z3 F7200
G1 X114.222 Y114.414 Z3
G1 Z2.6
G1 E5 F2400
M205 X10 Y10
;TYPE:Inner wall
;WIDTH:0.449999
G1 F2700
G1 X113.953 Y114.5 E.00937
G1 X113.057 Y114.599 E.02991
G1 X112.159 Y114.522 E.02991
G1 X111.292 Y114.271 E.02991
G1 X110.492 Y113.856 E.02991
G1 X109.788 Y113.292 E.02991
G1 X109.207 Y112.603 E.02991
G1 X108.773 Y111.813 E.02991
G1 X108.5 Y110.953 E.02991
G1 X108.401 Y110.057 E.02991
G1 X108.5 Y109.047 E.03367
G1 X108.729 Y108.292 E.02615
G1 X109.144 Y107.492 E.02991
G1 X109.708 Y106.788 E.02991
G1 X110.397 Y106.207 E.02991
G1 X111.187 Y105.773 E.02991
G1 X112.047 Y105.5 E.02991
G1 X112.856 Y105.403 E.02704
G1 X113.835 Y105.477 E.03256
G1 X114.708 Y105.729 E.03013
G1 X115.508 Y106.144 E.02991
G1 X116.212 Y106.708 E.02991
G1 X116.793 Y107.397 E.02991
G1 X117.227 Y108.187 E.02991
G1 X117.5 Y109.047 E.02991
G1 X117.599 Y110.057 E.03367
G1 X117.522 Y110.841 E.02615
G1 X117.271 Y111.708 E.02991
G1 X116.856 Y112.508 E.02991
G1 X116.292 Y113.212 E.02991
G1 X115.603 Y113.793 E.02991
G1 X114.813 Y114.227 E.02991
G1 X114.261 Y114.402 E.01921
M205 X8 Y8
G1 X114.105 Y114.043 F7200
M205 X10 Y10
;TYPE:Outer wall
;WIDTH:0.419999
G1 F2400
G1 X113.839 Y114.125 E.00854
G1 X113.018 Y114.209 E.02535
G1 X112.197 Y114.132 E.02535
G1 X111.406 Y113.896 E.02535
G1 X110.677 Y113.51 E.02535
G1 X110.037 Y112.989 E.02535
G1 X109.511 Y112.354 E.02535
G1 X109.118 Y111.628 E.02535
G1 X108.875 Y110.839 E.02535
G1 X108.791 Y110.018 E.02535
G1 X108.875 Y109.161 E.02648
G1 X109.104 Y108.406 E.02422
G1 X109.49 Y107.677 E.02535
G1 X110.011 Y107.037 E.02535
G1 X110.646 Y106.511 E.02535
G1 X111.372 Y106.118 E.02535
G1 X112.161 Y105.875 E.02535
G1 X112.898 Y105.793 E.02279
G1 X113.801 Y105.868 E.02784
G1 X114.594 Y106.104 E.02542
G1 X115.323 Y106.49 E.02535
G1 X115.963 Y107.011 E.02535
G1 X116.489 Y107.646 E.02535
G1 X116.882 Y108.372 E.02535
G1 X117.125 Y109.161 E.02535
G1 X117.209 Y110.018 E.02648
G1 X117.132 Y110.803 E.02422
G1 X116.896 Y111.594 E.02535
G1 X116.51 Y112.323 E.02535
G1 X115.989 Y112.963 E.02535
G1 X115.354 Y113.489 E.02535
G1 X114.628 Y113.882 E.02535
G1 X114.143 Y114.031 E.01559
G1 E-4.5 F2700
;WIPE_START
G1 F2400
G1 X113.839 Y114.125 E-.07549
G1 X113.018 Y114.209 E-.19597
G1 X112.197 Y114.132 E-.19597
G1 X112.166 Y114.123 E-.00756
;WIPE_END
G1 E-.025 F2700
M205 X8 Y8
G1 X112.115 Y114.959 Z3 F7200
G1 Z2.6
G1 E5 F2400
M205 X10 Y10
;TYPE:Inner wall
;WIDTH:0.51384
G1 F2700
G1 X112.606 Y114.978 E.01883
;WIDTH:0.47511
G1 X113.096 Y114.998 E.01728
;WIDTH:0.480362
G1 X113.529 Y114.976 E.01545
;WIDTH:0.524344
G1 X113.962 Y114.954 E.017
G1 E-4.5
;WIPE_START
G1 X113.529 Y114.976 E-.11137
G1 X113.096 Y114.998 E-.11137
G1 X112.606 Y114.978 E-.12613
G1 X112.115 Y114.959 E-.12613
;WIPE_END
G1 E-.025
M205 X8 Y8
G1 X113.447 Y107.444 Z3 F7200
G1 X113.873 Y105.041 Z3
G1 Z2.6
G1 E5 F2400
M205 X10 Y10
;WIDTH:0.512752
G1 F2700
G1 X113.343 Y105.022 E.02029
;WIDTH:0.476004
G1 X112.813 Y105.004 E.0187
;WIDTH:0.481801
G1 X112.426 Y105.025 E.01388
;WIDTH:0.524346
G1 X112.038 Y105.046 E.01523
G1 E-4.5
;WIPE_START
G1 X112.426 Y105.025 E-.1004
G1 X112.813 Y105.004 E-.1004
G1 X113.343 Y105.022 E-.1371
G1 X113.873 Y105.041 E-.1371
;WIPE_END
G1 E-.025
M205 X8 Y8
G1 X117.763 Y107.721 Z3 F7200
G1 Z2.6
G1 E5 F2400
M205 X10 Y10
;TYPE:Sparse infill
;WIDTH:0.45
G1 F3000
G1 X117.932 Y108.088 E.01341
G1 X118.163 Y108.85 E.02641
G1 X118.228 Y109.271 E.01416
G1 X118.377 Y109.177 E.00586
G1 X119.688 Y107.958 E.05938
G1 X120.343 Y107.535 E.02587
G1 X120.998 Y107.311 E.02296
G1 X121.653 Y107.239 E.02186
G1 X122.308 Y107.3 E.02182
G1 X122.963 Y107.511 E.02284
G1 X123.619 Y107.922 E.02566
G1 X124.77 Y108.993 E.05217
G1 X124.715 Y109.627 E.02111
G1 X124.748 Y110.838 E.04019
G1 X124.97 Y112.071 E.04154
G1 X125.172 Y112.738 E.02314
G1 X125.478 Y113.493 E.02701
G1 X126.056 Y114.531 E.03942
G1 X126.179 Y114.706 E.00708
G1 X125.386 Y114.706 E.0263
G1 X124.929 Y114.419 E.01792
G1 X123.619 Y113.199 E.05938
G1 X122.963 Y112.776 E.02587
M73 P45 R14
G1 X122.308 Y112.553 E.02296
G1 X121.653 Y112.481 E.02186
G1 X120.998 Y112.541 E.02182
G1 X120.343 Y112.752 E.02284
G1 X119.688 Y113.164 E.02566
G1 X118.377 Y114.383 E.05938
G1 X117.877 Y114.706 E.01974
G1 X116.249 Y114.706 E.05401
G1 E-4.5 F2700
;WIPE_START
G1 F3000
G1 X117.877 Y114.706 E-.38673
G1 X118.19 Y114.504 E-.08827
;WIPE_END
G1 E-.025 F2700
M205 X8 Y8
G1 X111.204 Y111.43 Z3 F7200
G1 X99.404 Y106.237 Z3
G1 Z2.6
G1 E5 F2400
M205 X10 Y10
G1 F3000
G1 X99.87 Y106.353 E.01594
G1 X100.29 Y106.713 E.01833
G1 X100.494 Y107.12 E.01512
G1 X100.514 Y107.259 E.00463
G1 X100.688 Y107.239 E.00582
G1 X101.343 Y107.3 E.02182
G1 X101.998 Y107.511 E.02284
G1 X102.653 Y107.922 E.02566
G1 X103.964 Y109.142 E.05938
G1 X104.619 Y109.565 E.02587
G1 X105.274 Y109.788 E.02296
G1 X105.929 Y109.86 E.02186
G1 X106.584 Y109.8 E.02182
G1 X107.24 Y109.589 E.02284
G1 X107.774 Y109.253 E.02094
G1 X107.706 Y110 E.02488
G1 X107.79 Y110.913 E.03041
G1 X107.837 Y111.15 E.00802
G1 X108.068 Y111.912 E.02642
G1 X108.16 Y112.135 E.00801
G1 X108.536 Y112.838 E.02642
G1 X108.67 Y113.038 E.00801
G1 X108.959 Y113.391 E.01513
G1 X107.895 Y114.383 E.04827
G1 X107.395 Y114.706 E.01974
G1 X104.421 Y114.706 E.09864
G1 X103.964 Y114.419 E.01792
G1 X102.653 Y113.199 E.05938
G1 X101.998 Y112.776 E.02587
G1 X101.343 Y112.553 E.02296
G1 X100.688 Y112.481 E.02186
G1 X100.544 Y112.494 E.00479
G1 X100.494 Y112.88 E.0129
G1 X100.29 Y113.287 E.01512
G1 X99.873 Y113.644 E.0182
G1 X99.494 Y113.775 E.01329
G1 X99.275 Y113.794 E.0073
G1 X98.042 Y113.794 E.0409
G1 X97.412 Y114.383 E.02861
G1 X96.912 Y114.706 E.01974
G1 X93.939 Y114.706 E.09864
G1 X93.481 Y114.419 E.01792
G1 X92.807 Y113.794 E.03049
G1 X87.559 Y113.794 E.17407
G1 X86.929 Y114.383 E.02861
G1 X86.43 Y114.706 E.01974
G1 X83.456 Y114.706 E.09864
G1 X82.998 Y114.419 E.01792
G1 X82.324 Y113.794 E.03049
G1 X77.077 Y113.794 E.17407
G1 X76.447 Y114.383 E.02861
G1 X75.947 Y114.706 E.01974
G1 X72.973 Y114.706 E.09864
G1 X72.516 Y114.419 E.01792
G1 X71.206 Y113.199 E.05938
G1 X70.55 Y112.776 E.02587
G1 X69.895 Y112.553 E.02296
G1 X69.24 Y112.481 E.02186
G1 X68.585 Y112.541 E.02182
G1 X67.93 Y112.752 E.02284
G1 X67.275 Y113.164 E.02566
G1 X65.964 Y114.383 E.05938
G1 X65.464 Y114.706 E.01974
G1 X65.294 Y114.706 E.00565
G1 X65.294 Y109.594 E.16959
G1 X65.964 Y109.177 E.02617
G1 X67.275 Y107.958 E.05938
G1 X67.93 Y107.535 E.02587
G1 X68.585 Y107.311 E.02296
G1 X69.24 Y107.239 E.02186
G1 X69.895 Y107.3 E.02182
G1 X70.55 Y107.511 E.02284
G1 X71.206 Y107.922 E.02566
G1 X72.516 Y109.142 E.05938
G1 X73.171 Y109.565 E.02587
G1 X73.456 Y109.662 E.00998
G1 X73.456 Y108.034 E.05401
G1 E-5 F2700
M205 X8 Y8
G1 X81.046 Y108.836 Z3 F7200
G1 X139.258 Y114.991 Z3
G1 Z2.6
G1 E5 F2400
M205 X10 Y10
;TYPE:Inner wall
;WIDTH:0.449999
G1 F2700
G1 X139.905 Y114.054 E.03776
G1 X140.402 Y113.066 E.03668
G1 X140.771 Y111.951 E.03898
G1 X140.947 Y110.978 E.03278
G1 X141.001 Y110.345 E.02109
G1 X140.993 Y109.534 E.02688
G1 X140.858 Y108.437 E.03667
G1 X140.544 Y107.301 E.0391
G1 X140.07 Y106.232 E.0388
G1 X139.631 Y105.511 E.02799
G1 X139.26 Y105.009 E.02071
G1 X154.991 Y105.009 E.52184
G1 X154.991 Y114.991 E.33111
G1 X139.298 Y114.991 E.52056
G1 E-4.5
;WIPE_START
G1 X139.905 Y114.054 E-.26508
G1 X140.302 Y113.265 E-.20992
;WIPE_END
G1 E-.025
M205 X8 Y8
G1 X138.351 Y115.398 Z3 F7200
G1 Z2.6
G1 E5 F2400
M205 X10 Y10
G1 F2700
G1 X138.902 Y114.789 E.02726
G1 X139.522 Y113.909 E.03568
G1 X140.025 Y112.91 E.03711
G1 X140.375 Y111.85 E.03702
G1 X140.541 Y110.941 E.03067
G1 X140.594 Y110.345 E.01985
G1 X140.589 Y109.584 E.02523
G1 X140.458 Y108.517 E.03568
G1 X140.159 Y107.439 E.03711
G1 X139.708 Y106.421 E.03692
G1 X139.305 Y105.753 E.02589
G1 X138.858 Y105.156 E.02474
G1 X138.356 Y104.604 E.02477
G1 X155.398 Y104.602 E.56532
G1 X155.398 Y115.398 E.35812
G1 X138.391 Y115.398 E.56415
G1 E-4.5
;WIPE_START
G1 X138.902 Y114.789 E-.18895
G1 X139.522 Y113.909 E-.25544
G1 X139.58 Y113.794 E-.03061
;WIPE_END
G1 E-.025
M205 X8 Y8
G1 X137.308 Y115.786 Z3 F7200
G1 Z2.6
G1 E5 F2400
M205 X10 Y10
;TYPE:Outer wall
;WIDTH:0.419999
G1 X138.097 Y115.1 E.03212
G1 X138.582 Y114.563 E.02223
G1 X139.185 Y113.707 E.03216
G1 X139.662 Y112.76 E.03259
G1 X139.994 Y111.753 E.03257
G1 X140.151 Y110.905 E.02651
G1 X140.202 Y110.345 E.01729
G1 X140.2 Y109.632 E.02189
G1 X140.072 Y108.593 E.03216
G1 X139.789 Y107.571 E.0326
G1 X139.36 Y106.603 E.03254
G1 X138.99 Y105.987 E.02209
G1 X138.568 Y105.419 E.02173
G1 X138.091 Y104.895 E.02176
G1 X137.581 Y104.433 E.02116
G1 X137.269 Y104.21 E.01178
G1 X155.79 Y104.21 E.56909
G1 X155.79 Y115.79 E.35582
G1 X137.348 Y115.786 E.56666
G1 E-4.5 F2700
;WIPE_START
G1 F2400
G1 X138.097 Y115.1 E-.24115
G1 X138.582 Y114.563 E-.17185
G1 X138.732 Y114.349 E-.062
;WIPE_END
G1 E-.025 F2700
M205 X8 Y8
G1 X139.885 Y114.586 Z3 F7200
G1 Z2.6
G1 E5 F2400
M205 X10 Y10
;TYPE:Sparse infill
;WIDTH:0.45
G1 F3000
G1 X140.157 Y114.187 E.01604
G1 X140.661 Y113.159 E.03798
G1 X141.308 Y112.752 E.02535
G1 X141.963 Y112.541 E.02284
G1 X142.618 Y112.481 E.02182
G1 X143.273 Y112.553 E.02186
G1 X143.929 Y112.776 E.02296
G1 X144.584 Y113.199 E.02587
G1 X145.894 Y114.419 E.05938
G1 X146.352 Y114.706 E.01792
G1 X149.325 Y114.706 E.09864
G1 X149.825 Y114.383 E.01974
G1 X151.135 Y113.164 E.05938
G1 X151.791 Y112.752 E.02566
G1 X152.446 Y112.541 E.02284
G1 X153.101 Y112.481 E.02182
G1 X153.756 Y112.553 E.02186
G1 X154.411 Y112.776 E.02296
G1 X154.706 Y112.966 E.01163
G1 X154.706 Y107.696 E.17483
G1 X154.411 Y107.511 E.01154
G1 X153.756 Y107.3 E.02284
G1 X153.101 Y107.239 E.02182
G1 X152.446 Y107.311 E.02186
G1 X151.791 Y107.535 E.02296
G1 X151.135 Y107.958 E.02587
G1 X149.825 Y109.177 E.05938
G1 X149.17 Y109.589 E.02566
G1 X148.515 Y109.8 E.02284
G1 X147.86 Y109.86 E.02182
G1 X147.204 Y109.788 E.02186
G1 X146.549 Y109.565 E.02296
G1 X145.894 Y109.142 E.02587
G1 X144.584 Y107.922 E.05938
G1 X143.929 Y107.511 E.02566
G1 X143.273 Y107.3 E.02284
G1 X142.618 Y107.239 E.02182
G1 X141.963 Y107.311 E.02186
G1 X141.308 Y107.535 E.02296
G1 X140.961 Y107.759 E.01371
G1 X140.776 Y107.122 E.02202
G1 X140.378 Y106.243 E.03198
; stop printing object 05_probe_bridge.stl id:0 copy 0
;TIME_ELAPSED:737.928772

;LAYER_CHANGE
;:2.8
;HEIGHT:0.2
;BEFORE_LAYER_CHANGE
;2.8
G92 E0

G1 E-4.5 F2700
;WIPE_START
G1 F3000
G1 X140.776 Y107.122 E-.22895
G1 X140.961 Y107.759 E-.15767
G1 X141.273 Y107.557 E-.08839
;WIPE_END
G1 E-.025 F2700
;_SET_FAN_SPEED_CHANGING_LAYER
; OBJECT_ID: 15
; printing object 05_probe_bridge.stl id:0 copy 0
M205 X8 Y8
G17
G3 Z3 I-.299 J-1.18 P1  F7200
G1 X112.116 Y114.959 Z3
G1 Z2.8
G1 E5 F2400
M205 X10 Y10
;TYPE:Inner wall
;WIDTH:0.51384
G1 F2700
G1 X111.914 Y114.975 E.00777
;WIDTH:0.481471
G1 X111.125 Y114.991 E.02818
;WIDTH:0.449999
G1 X65.009 Y114.991 E1.52976
G1 X65.009 Y105.009 E.33111
G1 X111.125 Y105.009 E1.52976
;WIDTH:0.487171
G1 X111.582 Y105.028 E.01654
;WIDTH:0.524342
M73 P46 R14
G1 X112.038 Y105.046 E.01792
G1 X111.921 Y105.086 E.00485
;WIDTH:0.501008
G1 X111.458 Y105.25 E.01833
;WIDTH:0.475504
G1 X110.995 Y105.414 E.01731
;WIDTH:0.449999
G1 X110.139 Y105.893 E.03255
G1 X109.393 Y106.53 E.03255
G1 X108.785 Y107.3 E.03255
G1 X108.339 Y108.174 E.03255
G1 X108.111 Y108.929 E.02615
G1 X108.055 Y109.299 E.01244
G1 X107.996 Y110.097 E.02652
G1 X108.111 Y111.071 E.03255
G1 X108.414 Y112.005 E.03255
G1 X108.893 Y112.861 E.03255
G1 X109.53 Y113.607 E.03255
G1 X110.3 Y114.215 E.03255
G1 X111.174 Y114.661 E.03255
;WIDTH:0.48192
G1 X111.645 Y114.81 E.01766
;WIDTH:0.51384
G1 X112.077 Y114.947 E.01741
G1 E-4.5
;WIPE_START
G1 X111.914 Y114.975 E-.03945
G1 X111.125 Y114.991 E-.18727
G1 X110.08 Y114.991 E-.24828
;WIPE_END
G1 E-.025
M205 X8 Y8
G1 X102.639 Y113.293 Z3.2 F7200
G1 X74.07 Y106.773 Z3.2
G1 Z2.8
G1 E5 F2400
M205 X10 Y10
;WIDTH:0.449999
G1 F2700
G1 X74.264 Y106.607 E.00846
G1 X74.601 Y106.491 E.01183
G1 X99.271 Y106.491 E.81836
G1 X99.736 Y106.607 E.01589
G1 X100.062 Y106.886 E.01421
G1 X100.22 Y107.202 E.01172
G1 X100.259 Y107.479 E.00927
G1 X100.259 Y112.521 E.16728
G1 X100.22 Y112.798 E.00927
G1 X100.062 Y113.114 E.01172
G1 X99.736 Y113.393 E.01421
G1 X99.399 Y113.509 E.01183
G1 X74.729 Y113.509 E.81836
G1 X74.264 Y113.393 E.01589
G1 X73.938 Y113.114 E.01421
G1 X73.78 Y112.798 E.01172
G1 X73.741 Y112.521 E.00927
G1 X73.741 Y107.479 E.16728
G1 X73.78 Y107.202 E.00927
G1 X73.938 Y106.886 E.01172
G1 X74.04 Y106.799 E.00442
M205 X8 Y8
G1 X74.329 Y107.075 F7200
M205 X10 Y10
G1 F2700
G1 X74.455 Y106.966 E.00553
G1 X74.729 Y106.898 E.00934
G1 X99.271 Y106.898 E.81413
G1 X99.545 Y106.966 E.00934
G1 X99.736 Y107.13 E.00836
G1 X99.852 Y107.362 E.00861
G1 X99.852 Y112.521 E.17113
G1 X99.829 Y112.684 E.00545
G1 X99.736 Y112.87 E.00689
G1 X99.545 Y113.034 E.00836
G1 X99.271 Y113.102 E.00934
G1 X74.729 Y113.102 E.81413
G1 X74.455 Y113.034 E.00934
G1 X74.264 Y112.87 E.00836
G1 X74.148 Y112.638 E.00861
G1 X74.148 Y107.479 E.17113
G1 X74.171 Y107.316 E.00545
G1 X74.264 Y107.13 E.00689
G1 X74.298 Y107.101 E.00149
M205 X8 Y8
G1 X74.578 Y107.365 F7200
M205 X10 Y10
;TYPE:Outer wall
;WIDTH:0.419999
G1 F2400
G1 X74.729 Y107.29 E.00518
G1 X99.271 Y107.29 E.75413
G1 X99.422 Y107.365 E.00518
G1 X99.46 Y107.479 E.00366
G1 X99.46 Y112.521 E.15495
G1 X99.342 Y112.71 E.00683
G1 X74.729 Y112.71 E.75631
G1 X74.578 Y112.635 E.00518
G1 X74.54 Y112.521 E.00366
G1 X74.54 Y107.479 E.15495
G1 X74.565 Y107.403 E.00243
G1 E-4.5 F2700
;WIPE_START
G1 F2400
G1 X74.729 Y107.29 E-.04725
G1 X76.53 Y107.29 E-.42775
;WIPE_END
G1 E-.025 F2700
M205 X8 Y8
G1 X84.015 Y108.779 Z3.2 F7200
G1 X114.363 Y114.813 Z3.2
G1 Z2.8
G1 E5 F2400
M205 X10 Y10
;TYPE:Inner wall
;WIDTH:0.501008
G1 F2700
G1 X114.542 Y114.75 E.00708
;WIDTH:0.475504
G1 X115.005 Y114.586 E.01731
;WIDTH:0.449999
G1 X115.861 Y114.107 E.03255
G1 X116.607 Y113.47 E.03255
G1 X117.215 Y112.7 E.03255
G1 X117.661 Y111.826 E.03255
G1 X117.927 Y110.881 E.03255
G1 X118.004 Y110.097 E.02615
G1 X117.974 Y109.591 E.01683
G1 X117.889 Y108.929 E.02213
G1 X117.586 Y107.995 E.03255
G1 X117.107 Y107.139 E.03255
G1 X116.47 Y106.393 E.03255
G1 X115.7 Y105.785 E.03255
G1 X114.826 Y105.339 E.03255
;WIDTH:0.48134
G1 X114.349 Y105.19 E.01785
;WIDTH:0.51268
G1 X113.872 Y105.04 E.01913
G1 X114.086 Y105.024 E.00823
;WIDTH:0.478924
G1 X114.875 Y105.009 E.02801
;WIDTH:0.449999
G1 X126.74 Y105.009 E.39361
G1 X126.315 Y105.591 E.02393
G1 X125.905 Y106.29 E.02686
G1 X125.46 Y107.293 E.03641
G1 X125.218 Y108.114 E.0284
G1 X125.047 Y109.093 E.03297
G1 X125 Y109.679 E.01951
G1 X125.039 Y110.857 E.03908
G1 X125.227 Y111.938 E.03638
G1 X125.476 Y112.743 E.02799
G1 X125.781 Y113.467 E.02606
G1 X126.17 Y114.179 E.02688
G1 X126.742 Y114.991 E.03295
G1 X114.875 Y114.991 E.39366
;WIDTH:0.487172
G1 X114.418 Y114.972 E.01654
;WIDTH:0.524344
G1 X113.962 Y114.954 E.01792
G1 X114.079 Y114.914 E.00485
;WIDTH:0.501008
G1 X114.325 Y114.827 E.00976
G1 E-4.5
;WIPE_START
G1 X114.542 Y114.75 E-.05452
G1 X115.005 Y114.586 E-.11662
G1 X115.861 Y114.107 E-.23304
G1 X116.088 Y113.914 E-.07083
;WIPE_END
G1 E-.025
M205 X8 Y8
G1 X123.658 Y114.885 Z3.2 F7200
G1 X127.644 Y115.396 Z3.2
G1 Z2.8
G1 E5 F2400
M205 X10 Y10
;WIDTH:0.449999
G1 F2700
G1 X64.602 Y115.398 E2.09122
G1 X64.602 Y104.602 E.35812
G1 X127.649 Y104.602 E2.09138
G1 X127.106 Y105.2 E.0268
G1 X126.664 Y105.801 E.02474
G1 X126.277 Y106.455 E.02521
G1 X125.843 Y107.433 E.03551
G1 X125.618 Y108.188 E.02613
G1 X125.452 Y109.13 E.03174
G1 X125.41 Y109.794 E.02207
G1 X125.44 Y110.787 E.03296
G1 X125.623 Y111.842 E.03549
G1 X125.853 Y112.588 E.02589
G1 X126.14 Y113.276 E.02474
G1 X126.503 Y113.944 E.02523
G1 X127.118 Y114.818 E.03546
G1 X127.617 Y115.367 E.0246
G1 E-4.5
;WIPE_START
G1 X125.617 Y115.368 E-.475
;WIPE_END
G1 E-.025
M205 X8 Y8
G1 X128.731 Y115.79 Z3.2 F7200
G1 Z2.8
G1 E5 F2400
M205 X10 Y10
;TYPE:Outer wall
;WIDTH:0.419999
G1 X64.21 Y115.79 E1.98254
G1 X64.21 Y104.21 E.35582
M73 P47 R14
G1 X128.692 Y104.214 E1.98134
G1 X127.903 Y104.9 E.03211
G1 X127.421 Y105.434 E.0221
G1 X127 Y106.002 E.02173
G1 X126.635 Y106.613 E.02187
G1 X126.212 Y107.569 E.03211
G1 X126.004 Y108.259 E.02216
G1 X125.842 Y109.166 E.02829
G1 X125.802 Y109.785 E.01906
G1 X125.827 Y110.72 E.02876
G1 X126.005 Y111.75 E.03211
G1 X126.215 Y112.438 E.02209
G1 X126.486 Y113.091 E.02173
G1 X126.823 Y113.718 E.0219
G1 X127.425 Y114.572 E.03209
G1 X127.909 Y115.105 E.02211
G1 X128.419 Y115.567 E.02116
G1 X128.698 Y115.767 E.01055
G1 E-4.5 F2700
;WIPE_START
G1 F2400
G1 X126.698 Y115.767 E-.475
;WIPE_END
G1 E-.025 F2700
M205 X8 Y8
G1 X119.11 Y114.948 Z3.2 F7200
G1 X114.21 Y114.418 Z3.2
G1 Z2.8
G1 E5 F2400
M205 X10 Y10
;TYPE:Inner wall
;WIDTH:0.449999
G1 F2700
G1 X113.953 Y114.5 E.00895
G1 X113.057 Y114.599 E.02991
G1 X112.159 Y114.522 E.02991
G1 X111.293 Y114.271 E.02991
G1 X110.492 Y113.856 E.02991
G1 X109.788 Y113.292 E.02991
G1 X109.207 Y112.603 E.02991
G1 X108.773 Y111.813 E.02991
G1 X108.5 Y110.953 E.02991
G1 X108.401 Y110.057 E.02991
G1 X108.5 Y109.047 E.03367
G1 X108.729 Y108.292 E.02615
G1 X109.144 Y107.492 E.02991
G1 X109.708 Y106.788 E.02991
G1 X110.397 Y106.207 E.02991
G1 X111.187 Y105.773 E.02991
G1 X112.047 Y105.5 E.02991
G1 X112.849 Y105.403 E.02681
G1 X113.834 Y105.477 E.03277
G1 X114.708 Y105.729 E.03014
G1 X115.508 Y106.144 E.02991
G1 X116.212 Y106.708 E.02991
G1 X116.793 Y107.397 E.02991
G1 X117.227 Y108.187 E.02991
G1 X117.5 Y109.047 E.02991
G1 X117.599 Y110.057 E.03367
G1 X117.522 Y110.841 E.02615
G1 X117.271 Y111.708 E.02991
G1 X116.856 Y112.508 E.02991
G1 X116.292 Y113.212 E.02991
G1 X115.603 Y113.793 E.02991
G1 X114.813 Y114.227 E.02991
G1 X114.248 Y114.406 E.01963
M205 X8 Y8
G1 X114.093 Y114.047 F7200
M205 X10 Y10
;TYPE:Outer wall
;WIDTH:0.419999
G1 F2400
G1 X113.839 Y114.125 E.00815
G1 X113.018 Y114.209 E.02535
G1 X112.197 Y114.132 E.02535
G1 X111.406 Y113.896 E.02535
G1 X110.677 Y113.51 E.02535
G1 X110.037 Y112.989 E.02535
G1 X109.511 Y112.354 E.02535
G1 X109.118 Y111.628 E.02535
G1 X108.875 Y110.839 E.02535
G1 X108.791 Y110.018 E.02535
G1 X108.875 Y109.161 E.02648
G1 X109.104 Y108.406 E.02422
G1 X109.49 Y107.677 E.02535
G1 X110.011 Y107.037 E.02535
G1 X110.646 Y106.511 E.02535
G1 X111.372 Y106.118 E.02535
G1 X112.161 Y105.875 E.02535
G1 X112.891 Y105.793 E.02259
G1 X113.801 Y105.868 E.02804
G1 X114.594 Y106.104 E.02542
G1 X115.323 Y106.49 E.02535
G1 X115.963 Y107.011 E.02535
G1 X116.489 Y107.646 E.02535
G1 X116.882 Y108.372 E.02535
G1 X117.125 Y109.161 E.02535
G1 X117.209 Y110.018 E.02648
G1 X117.132 Y110.803 E.02422
G1 X116.896 Y111.594 E.02535
G1 X116.51 Y112.323 E.02535
G1 X115.989 Y112.963 E.02535
G1 X115.354 Y113.489 E.02535
G1 X114.628 Y113.882 E.02535
G1 X114.131 Y114.035 E.01598
G1 E-4.5 F2700
;WIPE_START
G1 F2400
G1 X113.839 Y114.125 E-.07246
G1 X113.018 Y114.209 E-.19597
G1 X112.197 Y114.132 E-.19597
G1 X112.154 Y114.119 E-.0106
;WIPE_END
G1 E-.025 F2700
M205 X8 Y8
G1 X112.116 Y114.959 Z3.2 F7200
G1 Z2.8
G1 E5 F2400
M205 X10 Y10
;TYPE:Inner wall
;WIDTH:0.51384
G1 F2700
G1 X112.606 Y114.978 E.01883
;WIDTH:0.47511
G1 X113.096 Y114.998 E.01728
;WIDTH:0.480362
G1 X113.529 Y114.976 E.01545
;WIDTH:0.524344
G1 X113.962 Y114.954 E.017
G1 E-4.5
;WIPE_START
G1 X113.529 Y114.976 E-.11137
G1 X113.096 Y114.998 E-.11137
G1 X112.606 Y114.978 E-.12613
G1 X112.116 Y114.959 E-.12613
;WIPE_END
G1 E-.025
M205 X8 Y8
G1 X113.446 Y107.443 Z3.2 F7200
G1 X113.872 Y105.04 Z3.2
G1 Z2.8
G1 E5 F2400
M205 X10 Y10
;WIDTH:0.51268
G1 F2700
G1 X113.339 Y105.022 E.02041
;WIDTH:0.476089
G1 X112.806 Y105.004 E.01882
;WIDTH:0.48192
G1 X112.422 Y105.025 E.01375
;WIDTH:0.524342
G1 X112.038 Y105.046 E.01508
G1 E-4.5
;WIPE_START
G1 X112.422 Y105.025 E-.0995
G1 X112.806 Y105.004 E-.0995
G1 X113.339 Y105.022 E-.138
G1 X113.872 Y105.04 E-.138
;WIPE_END
G1 E-.025
M205 X8 Y8
G1 X117.693 Y107.591 Z3.2 F7200
G1 Z2.8
G1 E5 F2400
M205 X10 Y10
;TYPE:Sparse infill
;WIDTH:0.45
G1 F3000
G1 X117.84 Y107.865 E.01029
G1 X117.932 Y108.088 E.00801
G1 X118.163 Y108.849 E.02639
G1 X118.213 Y109.125 E.00931
G1 X118.377 Y109.007 E.0067
G1 X119.032 Y108.369 E.03033
G1 X119.688 Y107.781 E.0292
G1 X120.343 Y107.415 E.02491
G1 X120.998 Y107.25 E.02241
G1 X121.653 Y107.235 E.02174
G1 X122.308 Y107.351 E.02207
G1 X122.963 Y107.622 E.02352
G1 X123.619 Y108.092 E.02675
G1 X124.274 Y108.73 E.03033
G1 X124.755 Y109.162 E.02146
G1 X124.715 Y109.627 E.01549
G1 X124.748 Y110.838 E.04019
G1 X124.97 Y112.071 E.04155
G1 X125.212 Y112.849 E.02703
G1 X125.528 Y113.598 E.02698
G1 X125.857 Y114.214 E.02314
G1 X126.195 Y114.706 E.0198
G1 X125.566 Y114.706 E.02086
G1 X124.929 Y114.249 E.02602
G1 X124.274 Y113.611 E.03033
G1 X123.619 Y113.023 E.0292
G1 X122.963 Y112.656 E.02491
G1 X122.308 Y112.492 E.02241
G1 X121.653 Y112.476 E.02174
G1 X120.998 Y112.592 E.02207
G1 X120.343 Y112.864 E.02352
G1 X119.688 Y113.334 E.02675
G1 X119.032 Y113.972 E.03033
G1 X118.377 Y114.56 E.0292
G1 X118.116 Y114.706 E.00993
G1 X116.488 Y114.706 E.05401
G1 E-4.5 F2700
;WIPE_START
G1 F3000
G1 X118.116 Y114.706 E-.38673
G1 X118.377 Y114.56 E-.07112
G1 X118.431 Y114.511 E-.01715
;WIPE_END
G1 E-.025 F2700
M205 X8 Y8
G1 X111.431 Y111.469 Z3.2 F7200
G1 X99.385 Y106.232 Z3.2
G1 Z2.8
G1 E5 F2400
M205 X10 Y10
G1 F3000
G1 X99.87 Y106.353 E.0166
G1 X100.29 Y106.713 E.01833
G1 X100.494 Y107.12 E.01512
G1 X100.511 Y107.239 E.00397
G1 X100.688 Y107.235 E.00588
G1 X101.343 Y107.351 E.02207
G1 X101.998 Y107.622 E.02352
G1 X102.653 Y108.092 E.02675
G1 X103.309 Y108.73 E.03033
G1 X103.964 Y109.318 E.0292
G1 X104.619 Y109.685 E.02491
G1 X105.274 Y109.85 E.02241
G1 X105.929 Y109.865 E.02174
G1 X106.584 Y109.749 E.02207
G1 X107.24 Y109.477 E.02352
G1 X107.791 Y109.082 E.0225
G1 X107.706 Y110 E.03058
G1 X107.79 Y110.913 E.03041
G1 X107.837 Y111.15 E.00802
G1 X108.068 Y111.912 E.02642
G1 X108.16 Y112.135 E.00801
G1 X108.536 Y112.838 E.02642
G1 X108.67 Y113.038 E.00801
G1 X109.042 Y113.492 E.01947
G1 X108.55 Y113.972 E.0228
G1 X107.895 Y114.56 E.0292
G1 X107.633 Y114.706 E.00993
G1 X104.601 Y114.706 E.10059
G1 X103.964 Y114.249 E.02602
G1 X103.309 Y113.611 E.03033
G1 X102.653 Y113.023 E.0292
G1 X101.998 Y112.656 E.02491
G1 X101.343 Y112.492 E.02241
G1 X100.688 Y112.476 E.02174
G1 X100.544 Y112.502 E.00484
G1 X100.494 Y112.88 E.01265
G1 X100.29 Y113.287 E.01512
G1 X99.873 Y113.644 E.0182
G1 X99.494 Y113.775 E.01329
G1 X99.275 Y113.794 E.0073
G1 X98.249 Y113.794 E.03402
G1 X97.412 Y114.56 E.03764
G1 X97.151 Y114.706 E.00993
G1 X94.118 Y114.706 E.10059
G1 X93.481 Y114.249 E.02602
G1 X93.014 Y113.794 E.02162
G1 X87.767 Y113.794 E.17406
G1 X86.929 Y114.56 E.03764
G1 X86.668 Y114.706 E.00993
G1 X83.636 Y114.706 E.10059
G1 X82.998 Y114.249 E.02602
G1 X82.532 Y113.794 E.02162
G1 X77.284 Y113.794 E.17406
G1 X76.447 Y114.56 E.03764
G1 X76.186 Y114.706 E.00993
G1 X73.153 Y114.706 E.10059
G1 X72.516 Y114.249 E.02602
G1 X71.861 Y113.611 E.03033
G1 X71.206 Y113.023 E.0292
G1 X70.55 Y112.656 E.02491
G1 X69.895 Y112.492 E.02241
G1 X69.24 Y112.476 E.02174
G1 X68.585 Y112.592 E.02207
G1 X67.93 Y112.864 E.02352
G1 X67.275 Y113.334 E.02675
G1 X66.619 Y113.972 E.03033
G1 X65.964 Y114.56 E.0292
G1 X65.703 Y114.706 E.00993
G1 X65.294 Y114.706 E.01356
G1 X65.294 Y109.484 E.17323
G1 X65.964 Y109.007 E.02727
G1 X66.619 Y108.369 E.03033
G1 X67.275 Y107.781 E.0292
G1 X67.93 Y107.415 E.02491
G1 X68.585 Y107.25 E.02241
G1 X69.24 Y107.235 E.02174
G1 X69.895 Y107.351 E.02207
G1 X70.55 Y107.622 E.02352
G1 X71.206 Y108.092 E.02675
G1 X71.861 Y108.73 E.03033
G1 X72.516 Y109.318 E.0292
G1 X73.171 Y109.685 E.02491
G1 X73.456 Y109.757 E.00974
G1 X73.456 Y108.128 E.05401
G1 E-5 F2700
M205 X8 Y8
G1 X81.047 Y108.92 Z3.2 F7200
G1 X139.26 Y114.991 Z3.2
G1 Z2.8
G1 E5 F2400
M205 X10 Y10
;TYPE:Inner wall
;WIDTH:0.449999
G1 F2700
G1 X139.685 Y114.409 E.02393
G1 X140.091 Y113.72 E.0265
G1 X140.475 Y112.868 E.031
G1 X140.68 Y112.265 E.02113
G1 X140.891 Y111.355 E.031
G1 X140.974 Y110.737 E.0207
M73 P47 R13
G1 X141.007 Y109.938 E.0265
G1 X140.945 Y109.006 E.031
G1 X140.839 Y108.367 E.02149
G1 X140.544 Y107.301 E.03668
G1 X140.068 Y106.228 E.03892
G1 X139.589 Y105.453 E.03023
G1 X139.26 Y105.009 E.01833
G1 X154.991 Y105.009 E.52182
G1 X154.991 Y114.991 E.33111
G1 X139.3 Y114.991 E.52051
G1 E-4.5
;WIPE_START
G1 X139.685 Y114.409 E-.16587
G1 X140.091 Y113.72 E-.18973
G1 X140.298 Y113.262 E-.1194
;WIPE_END
G1 E-.025
M205 X8 Y8
G1 X138.351 Y115.398 Z3.2 F7200
G1 Z2.8
G1 E5 F2400
M205 X10 Y10
G1 F2700
G1 X138.894 Y114.8 E.0268
G1 X139.336 Y114.199 E.02474
G1 X139.72 Y113.551 E.02499
G1 X140.091 Y112.734 E.02977
M73 P48 R13
G1 X140.284 Y112.172 E.01972
G1 X140.488 Y111.298 E.02976
G1 X140.568 Y110.717 E.01947
G1 X140.601 Y109.964 E.02499
G1 X140.542 Y109.069 E.02977
G1 X140.446 Y108.476 E.01993
G1 X140.159 Y107.439 E.03569
G1 X139.707 Y106.418 E.03703
G1 X139.213 Y105.623 E.03105
G1 X138.858 Y105.156 E.01946
G1 X138.356 Y104.604 E.02477
G1 X155.398 Y104.602 E.56532
G1 X155.398 Y115.398 E.35812
G1 X138.391 Y115.398 E.56415
G1 E-4.5
;WIPE_START
G1 X138.894 Y114.8 E-.1856
G1 X139.336 Y114.199 E-.17711
G1 X139.577 Y113.793 E-.1123
;WIPE_END
G1 E-.025
M205 X8 Y8
G1 X137.308 Y115.786 Z3.2 F7200
G1 Z2.8
G1 E5 F2400
M205 X10 Y10
;TYPE:Outer wall
;WIDTH:0.419999
G1 X138.097 Y115.1 E.03212
G1 X138.579 Y114.566 E.0221
G1 X139 Y113.998 E.02173
G1 X139.364 Y113.388 E.02181
G1 X139.721 Y112.605 E.02647
G1 X139.903 Y112.082 E.01701
G1 X140.1 Y111.243 E.02646
G1 X140.176 Y110.697 E.01694
G1 X140.21 Y109.988 E.02181
G1 X140.155 Y109.129 E.02647
G1 X140.068 Y108.58 E.01707
G1 X139.789 Y107.571 E.03217
G1 X139.36 Y106.602 E.03257
G1 X138.899 Y105.859 E.02686
G1 X138.567 Y105.419 E.01693
G1 X138.091 Y104.895 E.02175
G1 X137.581 Y104.433 E.02116
G1 X137.269 Y104.21 E.01178
G1 X155.79 Y104.21 E.56909
G1 X155.79 Y115.79 E.35582
G1 X137.348 Y115.786 E.56666
G1 E-4.5 F2700
;WIPE_START
G1 F2400
G1 X138.097 Y115.1 E-.24114
G1 X138.579 Y114.566 E-.1708
G1 X138.737 Y114.353 E-.06306
;WIPE_END
G1 E-.025 F2700
M205 X8 Y8
G1 X140.019 Y114.706 Z3.2 F7200
G1 Z2.8
G1 E5 F2400
M205 X10 Y10
;TYPE:Sparse infill
;WIDTH:0.45
G1 F3000
G1 X139.822 Y114.706 E.00652
G1 X139.928 Y114.558 E.00604
G1 X140.348 Y113.842 E.02751
G1 X140.523 Y113.46 E.01393
G1 X140.653 Y113.334 E.00603
G1 X141.308 Y112.864 E.02675
G1 X141.963 Y112.592 E.02352
G1 X142.618 Y112.476 E.02207
G1 X143.273 Y112.492 E.02174
G1 X143.929 Y112.656 E.02241
G1 X144.584 Y113.023 E.02491
G1 X145.239 Y113.611 E.0292
G1 X145.894 Y114.249 E.03033
G1 X146.531 Y114.706 E.02602
G1 X149.564 Y114.706 E.10059
G1 X149.825 Y114.56 E.00993
G1 X150.48 Y113.972 E.0292
G1 X151.135 Y113.334 E.03033
G1 X151.791 Y112.864 E.02675
G1 X152.446 Y112.592 E.02352
G1 X153.101 Y112.476 E.02207
G1 X153.756 Y112.492 E.02174
G1 X154.411 Y112.656 E.02241
G1 X154.706 Y112.821 E.0112
G1 X154.706 Y107.834 E.16544
G1 X154.411 Y107.622 E.01203
G1 X153.756 Y107.351 E.02352
G1 X153.101 Y107.235 E.02207
G1 X152.446 Y107.25 E.02174
G1 X151.791 Y107.415 E.02241
G1 X151.135 Y107.781 E.02491
G1 X150.48 Y108.369 E.0292
G1 X149.825 Y109.007 E.03033
G1 X149.17 Y109.477 E.02675
G1 X148.515 Y109.749 E.02352
G1 X147.86 Y109.865 E.02207
G1 X147.204 Y109.85 E.02174
G1 X146.549 Y109.685 E.02241
G1 X145.894 Y109.318 E.02491
G1 X145.239 Y108.73 E.0292
G1 X144.584 Y108.092 E.03033
G1 X143.929 Y107.622 E.02675
G1 X143.273 Y107.351 E.02352
G1 X142.618 Y107.235 E.02207
G1 X141.963 Y107.25 E.02174
G1 X141.308 Y107.415 E.02241
G1 X140.927 Y107.628 E.01448
G1 X140.836 Y107.29 E.0116
G1 X140.323 Y106.12 E.0424
; stop printing object 05_probe_bridge.stl id:0 copy 0
;TIME_ELAPSED:778.753601

;LAYER_CHANGE
;:3
;HEIGHT:0.2
;BEFORE_LAYER_CHANGE
;3
G92 E0

G1 E-4.5 F2700
;WIPE_START
G1 F3000
G1 X140.836 Y107.29 E-.30357
G1 X140.927 Y107.628 E-.08302
G1 X141.252 Y107.446 E-.08842
;WIPE_END
G1 E-.025 F2700
;_SET_FAN_SPEED_CHANGING_LAYER
; OBJECT_ID: 15
; printing object 05_probe_bridge.stl id:0 copy 0
M205 X8 Y8
G17
G3 Z3.2 I-.304 J-1.178 P1  F7200
G1 X112.116 Y114.959 Z3.2
G1 Z3
G1 E5 F2400
M205 X10 Y10
;TYPE:Inner wall
;WIDTH:0.513838
G1 F2700
G1 X111.914 Y114.975 E.00777
;WIDTH:0.481469
G1 X111.125 Y114.991 E.02818
;WIDTH:0.449999
G1 X65.009 Y114.991 E1.52976
G1 X65.009 Y105.009 E.33111
G1 X111.125 Y105.009 E1.52976
;WIDTH:0.487173
G1 X111.582 Y105.028 E.01654
;WIDTH:0.524346
G1 X112.038 Y105.046 E.01792
G1 X111.921 Y105.086 E.00485
;WIDTH:0.501011
G1 X111.458 Y105.25 E.01833
;WIDTH:0.475505
G1 X110.995 Y105.414 E.01731
;WIDTH:0.449999
G1 X110.139 Y105.893 E.03255
G1 X109.393 Y106.53 E.03255
G1 X108.785 Y107.3 E.03255
G1 X108.339 Y108.174 E.03255
G1 X108.111 Y108.929 E.02615
G1 X108.055 Y109.299 E.01244
G1 X107.996 Y110.097 E.02652
G1 X108.111 Y111.071 E.03255
G1 X108.414 Y112.005 E.03255
G1 X108.893 Y112.861 E.03255
G1 X109.53 Y113.607 E.03255
G1 X110.3 Y114.215 E.03255
G1 X111.174 Y114.661 E.03255
;WIDTH:0.481919
G1 X111.645 Y114.81 E.01766
;WIDTH:0.513838
G1 X112.077 Y114.947 E.01741
G1 E-4.5
;WIPE_START
G1 X111.914 Y114.975 E-.03945
G1 X111.125 Y114.991 E-.18727
G1 X110.08 Y114.991 E-.24827
;WIPE_END
G1 E-.025
M205 X8 Y8
G1 X114.351 Y114.818 Z3.4 F7200
G1 Z3
G1 E5 F2400
M205 X10 Y10
;WIDTH:0.501008
G1 F2700
G1 X114.542 Y114.75 E.00755
;WIDTH:0.475504
G1 X115.005 Y114.586 E.01731
;WIDTH:0.449999
G1 X115.861 Y114.107 E.03255
G1 X116.607 Y113.47 E.03255
G1 X117.215 Y112.7 E.03255
G1 X117.661 Y111.826 E.03255
G1 X117.927 Y110.881 E.03255
G1 X118.004 Y110.097 E.02615
G1 X117.974 Y109.594 E.01672
G1 X117.889 Y108.929 E.02224
G1 X117.586 Y107.995 E.03255
G1 X117.107 Y107.139 E.03255
G1 X116.47 Y106.393 E.03255
G1 X115.7 Y105.785 E.03255
G1 X114.826 Y105.339 E.03255
;WIDTH:0.481304
G1 X114.348 Y105.19 E.01787
;WIDTH:0.512608
G1 X113.871 Y105.04 E.01914
G1 X114.086 Y105.024 E.00826
;WIDTH:0.478759
G1 X114.875 Y105.009 E.028
;WIDTH:0.449999
G1 X126.74 Y105.009 E.39361
G1 X126.315 Y105.591 E.02393
G1 X125.905 Y106.29 E.02686
G1 X125.46 Y107.293 E.03641
G1 X125.218 Y108.115 E.02842
G1 X125.046 Y109.091 E.03287
G1 X125.003 Y109.804 E.02371
G1 X125.034 Y110.825 E.03386
G1 X125.116 Y111.395 E.0191
G1 X125.244 Y111.993 E.02029
G1 X125.476 Y112.743 E.02607
G1 X125.781 Y113.467 E.02606
G1 X126.152 Y114.152 E.0258
G1 X126.432 Y114.579 E.01695
G1 X126.74 Y114.991 E.01706
G1 X114.875 Y114.991 E.39359
;WIDTH:0.487172
G1 X114.418 Y114.972 E.01654
;WIDTH:0.524344
G1 X113.962 Y114.954 E.01792
G1 X114.079 Y114.914 E.00485
;WIDTH:0.501008
G1 X114.313 Y114.831 E.00928
G1 E-4.5
;WIPE_START
G1 X114.542 Y114.75 E-.05755
G1 X115.005 Y114.586 E-.11662
G1 X115.861 Y114.107 E-.23303
G1 X116.078 Y113.922 E-.0678
;WIPE_END
G1 E-.025
M205 X8 Y8
G1 X123.649 Y114.887 Z3.4 F7200
G1 X127.644 Y115.396 Z3.4
G1 Z3
G1 E5 F2400
M205 X10 Y10
;WIDTH:0.449999
G1 F2700
G1 X64.602 Y115.398 E2.09122
G1 X64.602 Y104.602 E.35812
G1 X127.649 Y104.602 E2.09138
G1 X127.106 Y105.2 E.0268
G1 X126.664 Y105.801 E.02474
G1 X126.277 Y106.455 E.02521
G1 X125.843 Y107.433 E.03551
G1 X125.618 Y108.189 E.02615
G1 X125.452 Y109.128 E.03163
G1 X125.41 Y109.794 E.02216
M73 P49 R13
G1 X125.437 Y110.768 E.03233
G1 X125.514 Y111.312 E.01822
G1 X125.633 Y111.875 E.01907
G1 X125.853 Y112.588 E.02474
G1 X126.14 Y113.276 E.02474
G1 X126.492 Y113.928 E.0246
G1 X126.794 Y114.387 E.01821
G1 X127.142 Y114.844 E.01907
G1 X127.617 Y115.367 E.02344
G1 E-4.5
;WIPE_START
G1 X125.617 Y115.368 E-.475
;WIPE_END
G1 E-.025
M205 X8 Y8
G1 X128.731 Y115.79 Z3.4 F7200
G1 Z3
G1 E5 F2400
M205 X10 Y10
;TYPE:Outer wall
;WIDTH:0.419999
G1 X64.21 Y115.79 E1.98254
G1 X64.21 Y104.21 E.35582
G1 X128.692 Y104.214 E1.98134
G1 X127.903 Y104.9 E.03211
G1 X127.421 Y105.434 E.0221
G1 X127 Y106.002 E.02173
G1 X126.635 Y106.613 E.02187
G1 X126.212 Y107.569 E.03211
G1 X126.004 Y108.26 E.02217
G1 X125.842 Y109.163 E.0282
G1 X125.802 Y109.785 E.01915
G1 X125.826 Y110.714 E.02857
G1 X125.898 Y111.233 E.01609
G1 X126.009 Y111.761 E.01658
G1 X126.215 Y112.438 E.02174
G1 X126.486 Y113.091 E.02173
G1 X126.82 Y113.713 E.0217
G1 X127.107 Y114.151 E.01608
G1 X127.433 Y114.581 E.01657
G1 X127.909 Y115.105 E.02175
G1 X128.419 Y115.567 E.02116
G1 X128.698 Y115.767 E.01055
G1 E-4.5 F2700
;WIPE_START
G1 F2400
G1 X126.698 Y115.767 E-.475
;WIPE_END
G1 E-.025 F2700
M205 X8 Y8
G1 X119.11 Y114.951 Z3.4 F7200
G1 X114.198 Y114.422 Z3.4
G1 Z3
G1 E5 F2400
M205 X10 Y10
;TYPE:Inner wall
;WIDTH:0.449999
G1 F2700
G1 X113.953 Y114.5 E.00852
G1 X113.057 Y114.599 E.02991
G1 X112.159 Y114.522 E.02991
G1 X111.292 Y114.271 E.02991
G1 X110.492 Y113.856 E.02991
G1 X109.788 Y113.292 E.02991
G1 X109.207 Y112.603 E.02991
G1 X108.773 Y111.813 E.02991
G1 X108.5 Y110.953 E.02991
G1 X108.401 Y110.057 E.02991
G1 X108.5 Y109.047 E.03367
G1 X108.729 Y108.292 E.02615
G1 X109.144 Y107.492 E.02991
G1 X109.708 Y106.788 E.02991
G1 X110.397 Y106.207 E.02991
G1 X111.187 Y105.773 E.02991
G1 X112.047 Y105.5 E.02991
G1 X112.842 Y105.404 E.02657
G1 X113.834 Y105.477 E.03299
G1 X114.708 Y105.729 E.03016
G1 X115.508 Y106.144 E.02991
G1 X116.212 Y106.708 E.02991
G1 X116.793 Y107.397 E.02991
G1 X117.227 Y108.187 E.02991
G1 X117.5 Y109.047 E.02991
G1 X117.599 Y110.057 E.03367
G1 X117.522 Y110.841 E.02615
G1 X117.271 Y111.708 E.02991
G1 X116.856 Y112.508 E.02991
G1 X116.292 Y113.212 E.02991
G1 X115.603 Y113.793 E.02991
G1 X114.813 Y114.227 E.02991
G1 X114.236 Y114.41 E.02006
M205 X8 Y8
G1 X114.08 Y114.05 F7200
M205 X10 Y10
;TYPE:Outer wall
;WIDTH:0.419999
G1 F2400
G1 X113.839 Y114.125 E.00775
G1 X113.018 Y114.209 E.02535
G1 X112.197 Y114.132 E.02535
G1 X111.406 Y113.896 E.02535
G1 X110.677 Y113.51 E.02535
G1 X110.037 Y112.989 E.02535
G1 X109.511 Y112.354 E.02535
G1 X109.118 Y111.628 E.02535
G1 X108.875 Y110.839 E.02535
G1 X108.791 Y110.018 E.02535
G1 X108.875 Y109.161 E.02648
G1 X109.104 Y108.406 E.02422
G1 X109.49 Y107.677 E.02535
G1 X110.011 Y107.037 E.02535
G1 X110.646 Y106.511 E.02535
G1 X111.372 Y106.118 E.02535
G1 X112.161 Y105.875 E.02535
G1 X112.885 Y105.793 E.02238
G1 X113.801 Y105.868 E.02824
G1 X114.594 Y106.104 E.02543
G1 X115.323 Y106.49 E.02535
G1 X115.963 Y107.011 E.02535
G1 X116.489 Y107.646 E.02535
G1 X116.882 Y108.372 E.02535
G1 X117.125 Y109.161 E.02535
G1 X117.209 Y110.018 E.02648
G1 X117.132 Y110.803 E.02422
G1 X116.896 Y111.594 E.02535
G1 X116.51 Y112.323 E.02535
G1 X115.989 Y112.963 E.02535
G1 X115.354 Y113.489 E.02535
G1 X114.628 Y113.882 E.02535
G1 X114.119 Y114.039 E.01637
G1 E-4.5 F2700
;WIPE_START
G1 F2400
G1 X113.839 Y114.125 E-.06941
G1 X113.018 Y114.209 E-.19597
G1 X112.197 Y114.132 E-.19597
G1 X112.142 Y114.115 E-.01364
;WIPE_END
G1 E-.025 F2700
M205 X8 Y8
G1 X113.571 Y106.618 Z3.4 F7200
G1 X113.871 Y105.04 Z3.4
G1 Z3
G1 E5 F2400
M205 X10 Y10
;TYPE:Inner wall
;WIDTH:0.512608
G1 F2700
G1 X113.335 Y105.022 E.02053
;WIDTH:0.476177
G1 X112.799 Y105.004 E.01894
;WIDTH:0.482046
G1 X112.419 Y105.025 E.01363
;WIDTH:0.524346
G1 X112.038 Y105.046 E.01494
G1 E-4.5
;WIPE_START
G1 X112.419 Y105.025 E-.09859
G1 X112.799 Y105.004 E-.09859
G1 X113.335 Y105.022 E-.13891
G1 X113.871 Y105.04 E-.13891
;WIPE_END
G1 E-.025
M205 X8 Y8
G1 X112.541 Y112.556 Z3.4 F7200
G1 X112.116 Y114.959 Z3.4
G1 Z3
G1 E5 F2400
M205 X10 Y10
;WIDTH:0.513838
G1 F2700
G1 X112.606 Y114.978 E.01883
;WIDTH:0.475109
G1 X113.096 Y114.998 E.01728
;WIDTH:0.480362
G1 X113.529 Y114.976 E.01545
;WIDTH:0.524344
G1 X113.962 Y114.954 E.017
G1 E-4.5
;WIPE_START
G1 X113.529 Y114.976 E-.11137
G1 X113.096 Y114.998 E-.11137
G1 X112.606 Y114.978 E-.12613
G1 X112.116 Y114.959 E-.12613
;WIPE_END
G1 E-.025
M205 X8 Y8
G1 X104.654 Y113.353 Z3.4 F7200
G1 X74.07 Y106.773 Z3.4
G1 Z3
G1 E5 F2400
M205 X10 Y10
;WIDTH:0.449999
G1 F2700
G1 X74.264 Y106.607 E.00846
G1 X74.601 Y106.491 E.01183
G1 X99.271 Y106.491 E.81836
G1 X99.736 Y106.607 E.01589
G1 X100.062 Y106.886 E.01421
G1 X100.22 Y107.202 E.01172
G1 X100.259 Y107.479 E.00927
G1 X100.259 Y112.521 E.16728
G1 X100.22 Y112.798 E.00927
G1 X100.062 Y113.114 E.01172
G1 X99.736 Y113.393 E.01421
G1 X99.399 Y113.509 E.01183
G1 X74.729 Y113.509 E.81836
G1 X74.264 Y113.393 E.01589
G1 X73.938 Y113.114 E.01421
G1 X73.78 Y112.798 E.01172
G1 X73.741 Y112.521 E.00927
G1 X73.741 Y107.479 E.16728
G1 X73.78 Y107.202 E.00927
G1 X73.938 Y106.886 E.01172
G1 X74.04 Y106.799 E.00442
M205 X8 Y8
G1 X74.329 Y107.075 F7200
M205 X10 Y10
G1 F2700
G1 X74.455 Y106.966 E.00553
G1 X74.729 Y106.898 E.00934
G1 X99.271 Y106.898 E.81413
G1 X99.545 Y106.966 E.00934
G1 X99.736 Y107.13 E.00836
G1 X99.852 Y107.362 E.00861
G1 X99.852 Y112.521 E.17113
G1 X99.829 Y112.684 E.00545
G1 X99.736 Y112.87 E.00689
G1 X99.545 Y113.034 E.00836
G1 X99.271 Y113.102 E.00934
G1 X74.729 Y113.102 E.81413
G1 X74.455 Y113.034 E.00934
G1 X74.264 Y112.87 E.00836
G1 X74.148 Y112.638 E.00861
G1 X74.148 Y107.479 E.17113
G1 X74.171 Y107.316 E.00545
G1 X74.264 Y107.13 E.00689
G1 X74.298 Y107.101 E.00149
M205 X8 Y8
G1 X74.578 Y107.365 F7200
M205 X10 Y10
;TYPE:Outer wall
;WIDTH:0.419999
G1 F2400
G1 X74.729 Y107.29 E.00518
G1 X99.271 Y107.29 E.75413
G1 X99.422 Y107.365 E.00518
G1 X99.46 Y107.479 E.00366
G1 X99.46 Y112.521 E.15495
G1 X99.422 Y112.635 E.00366
G1 X99.271 Y112.71 E.00518
G1 X74.729 Y112.71 E.75413
G1 X74.578 Y112.635 E.00518
G1 X74.54 Y112.521 E.00366
G1 X74.54 Y107.479 E.15495
G1 X74.565 Y107.403 E.00243
G1 E-4.5 F2700
;WIPE_START
G1 F2400
G1 X74.729 Y107.29 E-.04725
G1 X76.53 Y107.29 E-.42775
;WIPE_END
G1 E-.025 F2700
M205 X8 Y8
G1 X73.456 Y108.236 Z3.4 F7200
G1 Z3
G1 E5 F2400
M205 X10 Y10
;TYPE:Sparse infill
;WIDTH:0.45
G1 F3000
M73 P50 R13
G1 X73.456 Y109.864 E.05401
G1 X73.171 Y109.819 E.00957
G1 X72.516 Y109.508 E.02405
G1 X71.861 Y108.939 E.02879
G1 X71.206 Y108.26 E.03132
G1 X70.55 Y107.724 E.02807
G1 X69.895 Y107.391 E.02438
G1 X69.24 Y107.218 E.02248
G1 X68.585 Y107.177 E.02178
G1 X67.93 Y107.281 E.02201
G1 X67.275 Y107.591 E.02405
G1 X66.619 Y108.16 E.02879
G1 X65.964 Y108.84 E.03132
G1 X65.294 Y109.383 E.02862
G1 X65.294 Y114.706 E.17656
G1 X66.015 Y114.706 E.02391
G1 X66.619 Y114.181 E.02657
G1 X67.275 Y113.501 E.03132
G1 X67.93 Y112.965 E.02807
G1 X68.585 Y112.632 E.02438
G1 X69.24 Y112.459 E.02248
G1 X69.895 Y112.418 E.02178
G1 X70.55 Y112.522 E.02201
G1 X71.206 Y112.833 E.02405
G1 X71.861 Y113.402 E.02879
G1 X72.516 Y114.081 E.03132
G1 X73.171 Y114.617 E.02807
G1 X73.346 Y114.706 E.00651
G1 X76.497 Y114.706 E.10454
G1 X77.102 Y114.181 E.02657
G1 X77.475 Y113.794 E.01781
G1 X82.722 Y113.794 E.17405
G1 X82.998 Y114.081 E.01324
G1 X83.654 Y114.617 E.02807
G1 X83.829 Y114.706 E.00651
G1 X86.98 Y114.706 E.10454
G1 X87.585 Y114.181 E.02657
G1 X87.957 Y113.794 E.01781
G1 X93.204 Y113.794 E.17405
G1 X93.481 Y114.081 E.01324
G1 X94.136 Y114.617 E.02807
G1 X94.311 Y114.706 E.00651
G1 X97.463 Y114.706 E.10454
G1 X98.067 Y114.181 E.02657
G1 X98.44 Y113.794 E.01781
G1 X99.275 Y113.794 E.0277
G1 X99.494 Y113.775 E.0073
G1 X99.873 Y113.644 E.01329
G1 X100.29 Y113.287 E.0182
G1 X100.494 Y112.88 E.01512
G1 X100.544 Y112.497 E.0128
G1 X100.688 Y112.459 E.00493
G1 X101.343 Y112.418 E.02178
G1 X101.998 Y112.522 E.02201
G1 X102.653 Y112.833 E.02405
G1 X103.309 Y113.402 E.02879
G1 X103.964 Y114.081 E.03132
G1 X104.619 Y114.617 E.02807
G1 X104.794 Y114.706 E.00651
G1 X107.945 Y114.706 E.10454
G1 X108.55 Y114.181 E.02657
G1 X109.121 Y113.588 E.0273
G1 X108.67 Y113.038 E.02358
G1 X108.536 Y112.838 E.00801
G1 X108.16 Y112.135 E.02642
G1 X108.068 Y111.912 E.00801
G1 X107.837 Y111.15 E.02642
G1 X107.79 Y110.913 E.00802
G1 X107.706 Y110 E.03041
G1 X107.79 Y109.087 E.03042
G1 X107.828 Y108.895 E.0065
G1 X107.24 Y109.376 E.02521
G1 X106.584 Y109.709 E.02438
G1 X105.929 Y109.882 E.02248
G1 X105.274 Y109.923 E.02178
G1 X104.619 Y109.819 E.02201
G1 X103.964 Y109.508 E.02405
G1 X103.309 Y108.939 E.02879
G1 X102.653 Y108.26 E.03132
G1 X101.998 Y107.724 E.02807
G1 X101.343 Y107.391 E.02438
G1 X100.688 Y107.218 E.02248
G1 X100.506 Y107.206 E.00604
G1 X100.494 Y107.12 E.00288
G1 X100.29 Y106.713 E.01512
G1 X99.87 Y106.353 E.01833
G1 X99.353 Y106.224 E.01769
G1 E-4.5 F2700
;WIPE_START
G1 F3000
G1 X99.87 Y106.353 E-.12663
G1 X100.29 Y106.713 E-.13122
G1 X100.494 Y107.12 E-.10826
G1 X100.506 Y107.206 E-.02062
G1 X100.688 Y107.218 E-.04328
G1 X100.871 Y107.266 E-.045
;WIPE_END
G1 E-.025 F2700
M205 X8 Y8
G1 X108.503 Y107.359 Z3.4 F7200
G1 X117.629 Y107.471 Z3.4
G1 Z3
G1 E5 F2400
M205 X10 Y10
G1 F3000
G1 X117.84 Y107.865 E.01482
G1 X117.932 Y108.088 E.00801
G1 X118.194 Y108.99 E.03117
G1 X118.377 Y108.84 E.00787
G1 X119.032 Y108.16 E.03132
G1 X119.688 Y107.591 E.02879
G1 X120.343 Y107.281 E.02405
G1 X120.998 Y107.177 E.02201
G1 X121.653 Y107.218 E.02178
G1 X122.308 Y107.391 E.02248
G1 X122.963 Y107.724 E.02438
G1 X123.619 Y108.26 E.02807
G1 X124.274 Y108.939 E.03132
G1 X124.739 Y109.344 E.02045
G1 X124.715 Y109.628 E.00945
G1 X124.748 Y110.837 E.04014
G1 X124.836 Y111.45 E.02055
G1 X124.97 Y112.072 E.02111
G1 X125.172 Y112.738 E.02309
G1 X125.478 Y113.492 E.02698
G1 X125.857 Y114.213 E.02701
G1 X126.181 Y114.706 E.01957
G1 X125.759 Y114.706 E.01399
G1 X125.584 Y114.617 E.00651
G1 X124.929 Y114.081 E.02807
G1 X124.274 Y113.402 E.03132
G1 X123.619 Y112.833 E.02879
G1 X122.963 Y112.522 E.02405
G1 X122.308 Y112.418 E.02201
G1 X121.653 Y112.459 E.02178
G1 X120.998 Y112.632 E.02248
G1 X120.343 Y112.965 E.02438
G1 X119.688 Y113.501 E.02807
G1 X119.032 Y114.181 E.03132
G1 X118.428 Y114.706 E.02657
G1 X116.799 Y114.706 E.05401
G1 E-5 F2700
M205 X8 Y8
G1 X124.431 Y114.803 Z3.4 F7200
G1 X139.26 Y114.991 Z3.4
G1 Z3
G1 E5 F2400
M205 X10 Y10
;TYPE:Inner wall
;WIDTH:0.449999
G1 F2700
G1 X139.685 Y114.409 E.02393
G1 X140.085 Y113.732 E.02607
G1 X140.425 Y112.997 E.02686
G1 X140.767 Y111.961 E.03621
G1 X140.893 Y111.343 E.02091
G1 X140.974 Y110.737 E.02029
G1 X141.008 Y109.952 E.02607
G1 X140.966 Y109.175 E.02579
G1 X140.884 Y108.605 E.0191
G1 X140.756 Y108.007 E.02029
G1 X140.514 Y107.235 E.02686
G1 X140.068 Y106.228 E.03652
G1 X139.582 Y105.443 E.03063
G1 X139.26 Y105.009 E.01792
G1 X154.991 Y105.009 E.52181
G1 X154.991 Y114.991 E.33111
G1 X139.3 Y114.991 E.52051
G1 E-4.5
;WIPE_START
G1 X139.685 Y114.409 E-.16587
G1 X140.085 Y113.732 E-.18664
G1 X140.301 Y113.264 E-.12249
;WIPE_END
G1 E-.025
M205 X8 Y8
G1 X138.351 Y115.398 Z3.4 F7200
G1 Z3
G1 E5 F2400
M205 X10 Y10
G1 F2700
G1 X138.894 Y114.8 E.0268
G1 X139.336 Y114.199 E.02474
G1 X139.717 Y113.558 E.02474
G1 X140.038 Y112.869 E.02521
G1 X140.373 Y111.856 E.0354
G1 X140.49 Y111.286 E.0193
G1 X140.568 Y110.717 E.01907
G1 X140.601 Y109.972 E.02474
G1 X140.563 Y109.232 E.02458
G1 X140.486 Y108.688 E.01822
G1 X140.367 Y108.125 E.01907
G1 X140.142 Y107.4 E.0252
G1 X139.707 Y106.418 E.03562
G1 X139.206 Y105.613 E.03144
G1 X138.858 Y105.156 E.01907
G1 X138.356 Y104.604 E.02476
G1 X155.398 Y104.602 E.56532
G1 X155.398 Y115.398 E.35812
G1 X138.391 Y115.398 E.56415
G1 E-4.5
;WIPE_START
G1 X138.894 Y114.8 E-.1856
G1 X139.336 Y114.199 E-.17711
G1 X139.578 Y113.793 E-.1123
;WIPE_END
G1 E-.025
M205 X8 Y8
G1 X137.308 Y115.786 Z3.4 F7200
G1 Z3
G1 E5 F2400
M205 X10 Y10
;TYPE:Outer wall
;WIDTH:0.419999
G1 X138.097 Y115.1 E.03211
G1 X138.579 Y114.566 E.0221
G1 X139 Y113.998 E.02173
G1 X139.363 Y113.391 E.02174
G1 X139.666 Y112.746 E.02187
G1 X139.993 Y111.755 E.03208
G1 X140.102 Y111.232 E.01641
G1 X140.176 Y110.697 E.01658
G1 X140.21 Y109.991 E.02174
G1 X140.174 Y109.286 E.02169
G1 X140.102 Y108.767 E.01609
G1 X139.991 Y108.239 E.01658
G1 X139.783 Y107.558 E.02187
G1 X139.36 Y106.602 E.03214
G1 X138.893 Y105.849 E.02721
G1 X138.567 Y105.419 E.01657
G1 X138.091 Y104.895 E.02175
G1 X137.581 Y104.433 E.02116
G1 X137.269 Y104.21 E.01178
G1 X155.79 Y104.21 E.56909
G1 X155.79 Y115.79 E.35582
G1 X137.348 Y115.786 E.56666
G1 E-4.5 F2700
;WIPE_START
G1 F2400
G1 X138.097 Y115.1 E-.24114
G1 X138.579 Y114.566 E-.1708
G1 X138.737 Y114.353 E-.06307
;WIPE_END
G1 E-.025 F2700
M205 X8 Y8
G1 X140.397 Y114.706 Z3.4 F7200
G1 Z3
G1 E5 F2400
M205 X10 Y10
;TYPE:Sparse infill
;WIDTH:0.45
G1 F3000
G1 X139.822 Y114.706 E.01905
G1 X140.286 Y113.961 E.02911
G1 X140.362 Y113.802 E.00584
G1 X140.653 Y113.501 E.01389
G1 X141.308 Y112.965 E.02807
G1 X141.963 Y112.632 E.02438
G1 X142.618 Y112.459 E.02248
G1 X143.273 Y112.418 E.02178
G1 X143.929 Y112.522 E.02201
G1 X144.584 Y112.833 E.02405
G1 X145.239 Y113.402 E.02879
G1 X145.894 Y114.081 E.03132
G1 X146.549 Y114.617 E.02807
G1 X146.724 Y114.706 E.00651
G1 X149.876 Y114.706 E.10454
G1 X150.48 Y114.181 E.02657
G1 X151.135 Y113.501 E.03132
G1 X151.791 Y112.965 E.02807
G1 X152.446 Y112.632 E.02438
G1 X153.101 Y112.459 E.02248
G1 X153.756 Y112.418 E.02178
G1 X154.411 Y112.522 E.02201
G1 X154.706 Y112.662 E.01081
G1 X154.706 Y107.965 E.1558
G1 X154.411 Y107.724 E.01262
G1 X153.756 Y107.391 E.02438
G1 X153.101 Y107.218 E.02248
G1 X152.446 Y107.177 E.02178
G1 X151.791 Y107.281 E.02201
G1 X151.135 Y107.591 E.02405
G1 X150.48 Y108.16 E.02879
G1 X149.825 Y108.84 E.03132
G1 X149.17 Y109.376 E.02807
G1 X148.515 Y109.709 E.02438
G1 X147.86 Y109.882 E.02248
G1 X147.204 Y109.923 E.02178
G1 X146.549 Y109.819 E.02201
G1 X145.894 Y109.508 E.02405
G1 X145.239 Y108.939 E.02879
G1 X144.584 Y108.26 E.03132
G1 X143.929 Y107.724 E.02807
G1 X143.273 Y107.391 E.02438
G1 X142.618 Y107.218 E.02248
G1 X141.963 Y107.177 E.02178
G1 X141.308 Y107.281 E.02201
G1 X140.893 Y107.477 E.01522
G1 X140.828 Y107.261 E.0075
G1 X140.354 Y106.17 E.03945
G1 X140.242 Y105.989 E.00706
; stop printing object 05_probe_bridge.stl id:0 copy 0
;TIME_ELAPSED:818.964600

;LAYER_CHANGE
;:3.2
;HEIGHT:0.2
;BEFORE_LAYER_CHANGE
;3.2
G92 E0

G1 E-4.5 F2700
;WIPE_START
G1 F3000
G1 X140.354 Y106.17 E-.05052
G1 X140.828 Y107.261 E-.28248
G1 X140.893 Y107.477 E-.05373
G1 X141.229 Y107.318 E-.08827
;WIPE_END
G1 E-.025 F2700
;_SET_FAN_SPEED_CHANGING_LAYER
; OBJECT_ID: 15
; printing object 05_probe_bridge.stl id:0 copy 0
M205 X8 Y8
G17
G3 Z3.4 I-.31 J-1.177 P1  F7200
G1 X112.163 Y114.963 Z3.4
G1 Z3.2
G1 E5 F2400
M205 X10 Y10
;TYPE:Inner wall
;WIDTH:0.505614
G1 F2700
G1 X111.769 Y114.977 E.01487
;WIDTH:0.477807
G1 X111.375 Y114.991 E.01398
;WIDTH:0.449999
G1 X65.009 Y114.991 E1.53803
G1 X65.009 Y105.009 E.33111
M73 P51 R13
G1 X110.874 Y105.009 E1.52142
;WIDTH:0.489307
G1 X111.197 Y105.029 E.01176
;WIDTH:0.528615
G1 X111.519 Y105.048 E.01279
;WIDTH:0.567922
G1 X111.842 Y105.068 E.01383
G1 X111.761 Y105.103 E.00379
;WIDTH:0.541217
G1 X111.679 Y105.139 E.0036
;WIDTH:0.514512
G1 X111.226 Y105.328 E.01888
;WIDTH:0.482256
G1 X110.773 Y105.517 E.01758
;WIDTH:0.449999
G1 X109.941 Y106.038 E.03255
G1 X109.227 Y106.711 E.03255
G1 X108.658 Y107.51 E.03255
G1 X108.255 Y108.405 E.03255
G1 X108.036 Y109.361 E.03255
G1 X107.997 Y110.149 E.02615
G1 X108.031 Y110.51 E.01205
G1 X108.169 Y111.31 E.02691
G1 X108.517 Y112.227 E.03255
G1 X109.038 Y113.059 E.03255
G1 X109.711 Y113.773 E.03255
G1 X110.51 Y114.342 E.03255
G1 X111.405 Y114.745 E.03255
;WIDTH:0.477807
G1 X111.784 Y114.854 E.01398
;WIDTH:0.505614
G1 X112.125 Y114.952 E.01336
G1 E-4.5
;WIPE_START
G1 X111.769 Y114.977 E-.0847
G1 X111.375 Y114.991 E-.09368
G1 X110.126 Y114.991 E-.29663
;WIPE_END
G1 E-.025
M205 X8 Y8
G1 X102.684 Y113.295 Z3.6 F7200
G1 X74.07 Y106.773 Z3.6
G1 Z3.2
G1 E5 F2400
M205 X10 Y10
;WIDTH:0.449999
G1 F2700
G1 X74.264 Y106.607 E.00846
G1 X74.601 Y106.491 E.01183
G1 X99.271 Y106.491 E.81836
G1 X99.736 Y106.607 E.01589
G1 X100.062 Y106.886 E.01421
G1 X100.22 Y107.202 E.01172
G1 X100.259 Y107.479 E.00927
G1 X100.259 Y112.521 E.16728
G1 X100.22 Y112.798 E.00927
G1 X100.062 Y113.114 E.01172
G1 X99.736 Y113.393 E.01421
G1 X99.399 Y113.509 E.01183
G1 X74.729 Y113.509 E.81836
G1 X74.264 Y113.393 E.01589
G1 X73.938 Y113.114 E.01421
G1 X73.78 Y112.798 E.01172
G1 X73.741 Y112.521 E.00927
G1 X73.741 Y107.479 E.16728
G1 X73.78 Y107.202 E.00927
G1 X73.938 Y106.886 E.01172
G1 X74.04 Y106.799 E.00442
M205 X8 Y8
G1 X74.329 Y107.075 F7200
M205 X10 Y10
G1 F2700
G1 X74.455 Y106.966 E.00553
G1 X74.729 Y106.898 E.00934
G1 X99.271 Y106.898 E.81413
G1 X99.545 Y106.966 E.00934
G1 X99.736 Y107.13 E.00836
G1 X99.852 Y107.362 E.00861
G1 X99.852 Y112.521 E.17113
G1 X99.829 Y112.684 E.00545
G1 X99.736 Y112.87 E.00689
G1 X99.545 Y113.034 E.00836
G1 X99.271 Y113.102 E.00934
G1 X74.729 Y113.102 E.81413
G1 X74.455 Y113.034 E.00934
G1 X74.264 Y112.87 E.00836
G1 X74.148 Y112.638 E.00861
G1 X74.148 Y107.479 E.17113
G1 X74.171 Y107.316 E.00545
G1 X74.264 Y107.13 E.00689
G1 X74.298 Y107.101 E.00149
M205 X8 Y8
G1 X74.578 Y107.365 F7200
M205 X10 Y10
;TYPE:Outer wall
;WIDTH:0.419999
G1 F2400
G1 X74.729 Y107.29 E.00518
G1 X99.271 Y107.29 E.75413
G1 X99.422 Y107.365 E.00518
G1 X99.46 Y107.479 E.00366
G1 X99.46 Y112.521 E.15495
G1 X99.422 Y112.635 E.00366
G1 X99.271 Y112.71 E.00518
G1 X74.729 Y112.71 E.75413
G1 X74.578 Y112.635 E.00518
G1 X74.54 Y112.521 E.00366
G1 X74.54 Y107.479 E.15495
G1 X74.565 Y107.403 E.00243
G1 E-4.5 F2700
;WIPE_START
G1 F2400
G1 X74.729 Y107.29 E-.04725
G1 X76.53 Y107.29 E-.42775
;WIPE_END
G1 E-.025 F2700
M205 X8 Y8
G1 X84.015 Y108.781 Z3.6 F7200
G1 X114.393 Y114.831 Z3.6
G1 Z3.2
G1 E5 F2400
M205 X10 Y10
;TYPE:Inner wall
;WIDTH:0.514512
G1 F2700
G1 X114.774 Y114.672 E.01587
;WIDTH:0.482256
G1 X115.227 Y114.483 E.01758
;WIDTH:0.449999
G1 X116.059 Y113.962 E.03255
G1 X116.773 Y113.289 E.03255
G1 X117.342 Y112.49 E.03255
G1 X117.745 Y111.595 E.03255
G1 X117.964 Y110.639 E.03255
G1 X118.004 Y109.798 E.02793
G1 X117.927 Y109.206 E.0198
G1 X117.831 Y108.69 E.0174
G1 X117.483 Y107.773 E.03255
G1 X116.962 Y106.941 E.03255
G1 X116.289 Y106.227 E.03255
G1 X115.49 Y105.658 E.03255
G1 X114.595 Y105.255 E.03255
;WIDTH:0.477808
G1 X114.216 Y105.146 E.01398
;WIDTH:0.505616
G1 X113.837 Y105.037 E.01487
G1 X114.231 Y105.023 E.01487
;WIDTH:0.477808
G1 X114.625 Y105.009 E.01398
;WIDTH:0.449999
M73 P51 R12
G1 X126.74 Y105.009 E.40189
G1 X126.315 Y105.591 E.02393
G1 X125.905 Y106.29 E.02686
G1 X125.46 Y107.292 E.03637
G1 X125.222 Y108.094 E.02774
G1 X125.105 Y108.669 E.01948
G1 X125.023 Y109.312 E.02151
G1 X124.993 Y110.063 E.02492
G1 X125.058 Y111.018 E.03176
G1 X125.161 Y111.633 E.02068
G1 X125.454 Y112.691 E.03643
G1 X125.793 Y113.489 E.02873
G1 X126.332 Y114.441 E.03629
G1 X126.74 Y114.991 E.02273
G1 X115.126 Y114.991 E.38527
;WIDTH:0.489307
G1 X114.803 Y114.971 E.01176
;WIDTH:0.528615
G1 X114.481 Y114.952 E.01279
;WIDTH:0.567922
G1 X114.158 Y114.932 E.01383
G1 X114.239 Y114.897 E.00379
;WIDTH:0.541217
G1 X114.321 Y114.861 E.0036
;WIDTH:0.514512
G1 X114.356 Y114.847 E.00147
G1 E-4.5
;WIPE_START
G1 X114.774 Y114.672 E-.10758
G1 X115.227 Y114.483 E-.11666
G1 X116.059 Y113.962 E-.23304
G1 X116.113 Y113.911 E-.01772
;WIPE_END
G1 E-.025
M205 X8 Y8
G1 X123.683 Y114.886 Z3.6 F7200
G1 X127.644 Y115.396 Z3.6
G1 Z3.2
G1 E5 F2400
M205 X10 Y10
;WIDTH:0.449999
G1 F2700
G1 X64.602 Y115.398 E2.09122
G1 X64.602 Y104.602 E.35812
G1 X127.649 Y104.602 E2.09138
G1 X127.106 Y105.2 E.0268
G1 X126.664 Y105.801 E.02474
G1 X126.277 Y106.455 E.02521
G1 X125.843 Y107.433 E.03549
G1 X125.62 Y108.176 E.02575
G1 X125.508 Y108.725 E.0186
G1 X125.43 Y109.332 E.0203
G1 X125.399 Y110.037 E.0234
G1 X125.461 Y110.955 E.03052
G1 X125.554 Y111.525 E.01914
G1 X125.839 Y112.556 E.03551
G1 X126.147 Y113.288 E.02634
G1 X126.675 Y114.219 E.0355
G1 X127.142 Y114.844 E.02589
G1 X127.617 Y115.367 E.02344
G1 E-4.5
;WIPE_START
G1 X125.617 Y115.368 E-.475
;WIPE_END
G1 E-.025
M205 X8 Y8
G1 X128.731 Y115.79 Z3.6 F7200
G1 Z3.2
G1 E5 F2400
M205 X10 Y10
;TYPE:Outer wall
;WIDTH:0.419999
G1 X64.21 Y115.79 E1.98254
G1 X64.21 Y104.21 E.35582
M73 P52 R12
G1 X128.692 Y104.214 E1.98134
G1 X127.903 Y104.9 E.03211
G1 X127.421 Y105.434 E.0221
G1 X127 Y106.002 E.02173
G1 X126.635 Y106.613 E.02187
G1 X126.212 Y107.569 E.03211
G1 X126.004 Y108.256 E.02205
G1 X125.896 Y108.78 E.01644
G1 X125.822 Y109.352 E.01773
G1 X125.79 Y110.012 E.02031
G1 X125.848 Y110.894 E.02717
G1 X125.932 Y111.42 E.01636
G1 X126.21 Y112.427 E.03211
G1 X126.488 Y113.095 E.02222
G1 X127.004 Y114.004 E.03211
G1 X127.432 Y114.581 E.02208
G1 X127.909 Y115.105 E.02176
G1 X128.419 Y115.567 E.02116
G1 X128.698 Y115.767 E.01055
G1 E-4.5 F2700
;WIPE_START
G1 F2400
G1 X126.698 Y115.767 E-.475
;WIPE_END
G1 E-.025 F2700
M205 X8 Y8
G1 X119.109 Y114.957 Z3.6 F7200
G1 X114.21 Y114.434 Z3.6
G1 Z3.2
G1 E5 F2400
M205 X10 Y10
;TYPE:Inner wall
;WIDTH:0.449999
G1 F2700
G1 X114.173 Y114.448 E.00132
G1 X113.283 Y114.591 E.02991
G1 X112.381 Y114.558 E.02991
G1 X111.504 Y114.35 E.02991
G1 X110.684 Y113.974 E.02991
G1 X109.953 Y113.446 E.02991
G1 X109.34 Y112.786 E.02991
G1 X108.867 Y112.018 E.02991
G1 X108.552 Y111.173 E.02991
G1 X108.403 Y110.169 E.03367
G1 X108.442 Y109.381 E.02615
G1 X108.65 Y108.504 E.02991
G1 X109.026 Y107.684 E.02991
G1 X109.554 Y106.953 E.02991
G1 X110.214 Y106.34 E.02991
G1 X110.982 Y105.867 E.02991
G1 X111.827 Y105.552 E.02991
G1 X112.82 Y105.406 E.03329
G1 X113.624 Y105.442 E.02671
G1 X114.496 Y105.65 E.02972
G1 X115.316 Y106.026 E.02991
G1 X116.047 Y106.554 E.02991
G1 X116.66 Y107.214 E.02991
G1 X117.133 Y107.982 E.02991
G1 X117.448 Y108.827 E.02991
G1 X117.584 Y109.669 E.02828
G1 X117.558 Y110.619 E.03151
G1 X117.35 Y111.496 E.02991
G1 X116.974 Y112.316 E.02991
G1 X116.446 Y113.047 E.02991
G1 X115.786 Y113.66 E.02991
G1 X115.018 Y114.133 E.02991
G1 X114.248 Y114.42 E.02726
M205 X8 Y8
G1 X114.074 Y114.067 F7200
M205 X10 Y10
;TYPE:Outer wall
;WIDTH:0.419999
G1 F2400
G1 X114.041 Y114.078 E.00108
G1 X113.225 Y114.203 E.02535
G1 X112.401 Y114.166 E.02535
G1 X111.599 Y113.969 E.02535
G1 X110.852 Y113.62 E.02535
G1 X110.187 Y113.131 E.02535
G1 X109.63 Y112.522 E.02535
G1 X109.203 Y111.816 E.02535
G1 X108.922 Y111.041 E.02535
G1 X108.795 Y110.188 E.02648
G1 X108.834 Y109.401 E.02422
G1 X109.031 Y108.599 E.02535
G1 X109.38 Y107.852 E.02535
G1 X109.869 Y107.187 E.02535
G1 X110.478 Y106.63 E.02535
G1 X111.184 Y106.203 E.02535
G1 X111.959 Y105.922 E.02535
G1 X112.873 Y105.794 E.02833
G1 X113.601 Y105.834 E.02242
G1 X114.401 Y106.031 E.0253
G1 X115.148 Y106.38 E.02535
G1 X115.813 Y106.869 E.02535
G1 X116.37 Y107.478 E.02535
G1 X116.797 Y108.184 E.02535
G1 X117.078 Y108.959 E.02535
G1 X117.196 Y109.726 E.02385
G1 X117.166 Y110.599 E.02683
G1 X116.969 Y111.401 E.02535
G1 X116.62 Y112.148 E.02535
G1 X116.131 Y112.813 E.02535
G1 X115.522 Y113.37 E.02535
G1 X114.816 Y113.797 E.02535
G1 X114.111 Y114.053 E.02305
G1 E-4.5 F2700
;WIPE_START
G1 F2400
G1 X114.041 Y114.078 E-.01782
G1 X113.225 Y114.203 E-.19597
G1 X112.401 Y114.166 E-.19597
G1 X112.134 Y114.101 E-.06524
;WIPE_END
G1 E-.025 F2700
M205 X8 Y8
G1 X112.163 Y114.963 Z3.6 F7200
G1 Z3.2
G1 E5 F2400
M205 X10 Y10
;TYPE:Inner wall
;WIDTH:0.505614
G1 F2700
G1 X112.361 Y114.978 E.00747
;WIDTH:0.476388
G1 X113.342 Y114.992 E.03466
;WIDTH:0.487425
G1 X113.614 Y114.972 E.00988
;WIDTH:0.527674
G1 X113.886 Y114.952 E.01077
;WIDTH:0.567922
G1 X114.158 Y114.932 E.01167
G1 E-4.5
;WIPE_START
G1 X113.886 Y114.952 E-.06485
G1 X113.614 Y114.972 E-.06485
G1 X113.342 Y114.992 E-.06485
G1 X112.361 Y114.978 E-.23334
G1 X112.163 Y114.963 E-.04712
;WIPE_END
G1 E-.025
M205 X8 Y8
G1 X113.432 Y107.437 Z3.6 F7200
G1 X113.837 Y105.037 Z3.6
G1 Z3.2
G1 E5 F2400
M205 X10 Y10
;WIDTH:0.505616
G1 F2700
G1 X113.649 Y105.023 E.00709
;WIDTH:0.476936
G1 X112.766 Y105.006 E.03124
;WIDTH:0.48464
G1 X112.458 Y105.026 E.01111
;WIDTH:0.526281
G1 X112.15 Y105.047 E.01216
;WIDTH:0.567922
G1 X111.842 Y105.068 E.01321
G1 E-4.5
;WIPE_START
G1 X112.15 Y105.047 E-.07342
G1 X112.458 Y105.026 E-.07342
G1 X112.766 Y105.006 E-.07342
G1 X113.649 Y105.023 E-.21002
G1 X113.837 Y105.037 E-.04472
;WIPE_END
G1 E-.025
M205 X8 Y8
G1 X117.569 Y107.362 Z3.6 F7200
G1 Z3.2
G1 E5 F2400
M205 X10 Y10
;TYPE:Sparse infill
;WIDTH:0.45
G1 F3000
G1 X117.729 Y107.63 E.01036
G1 X117.832 Y107.848 E.00801
G1 X118.101 Y108.598 E.02642
G1 X118.164 Y108.869 E.00922
G1 X118.377 Y108.669 E.00968
G1 X119.032 Y107.932 E.03272
G1 X119.688 Y107.38 E.02843
G1 X120.343 Y107.13 E.02325
G1 X120.998 Y107.089 E.02178
G1 X121.653 Y107.188 E.02198
G1 X122.308 Y107.419 E.02305
G1 X122.963 Y107.818 E.02544
G1 X123.619 Y108.43 E.02975
G1 X124.274 Y109.168 E.03272
G1 X124.727 Y109.55 E.01967
G1 X124.706 Y110.007 E.01516
G1 X124.77 Y111.013 E.03344
G1 X124.857 Y111.571 E.01876
G1 X125.164 Y112.709 E.0391
G1 X125.543 Y113.625 E.03286
G1 X126.056 Y114.532 E.03458
G1 X126.179 Y114.706 E.00707
G1 X125.884 Y114.706 E.00978
G1 X125.584 Y114.523 E.01166
G1 X124.929 Y113.911 E.02975
G1 X124.274 Y113.173 E.03272
G1 X123.619 Y112.621 E.02843
G1 X122.963 Y112.372 E.02325
G1 X122.308 Y112.33 E.02178
G1 X121.653 Y112.43 E.02198
G1 X120.998 Y112.661 E.02305
G1 X120.343 Y113.059 E.02544
G1 X119.688 Y113.672 E.02975
G1 X119.032 Y114.409 E.03272
G1 X118.68 Y114.706 E.01528
G1 X117.052 Y114.706 E.05401
G1 E-4.5 F2700
;WIPE_START
G1 F3000
G1 X118.68 Y114.706 E-.38673
G1 X118.964 Y114.466 E-.08827
;WIPE_END
G1 E-.025 F2700
M205 X8 Y8
G1 X111.927 Y111.511 Z3.6 F7200
G1 X99.307 Y106.212 Z3.6
G1 Z3.2
G1 E5 F2400
M205 X10 Y10
G1 F3000
G1 X99.87 Y106.353 E.01925
G1 X100.29 Y106.713 E.01833
G1 X100.499 Y107.16 E.01638
G1 X100.688 Y107.188 E.00632
G1 X101.343 Y107.419 E.02305
G1 X101.998 Y107.818 E.02544
G1 X102.653 Y108.43 E.02975
G1 X103.309 Y109.168 E.03272
G1 X103.964 Y109.72 E.02843
G1 X104.619 Y109.969 E.02325
G1 X105.274 Y110.011 E.02178
G1 X105.929 Y109.911 E.02198
G1 X106.584 Y109.68 E.02305
G1 X107.24 Y109.282 E.02544
G1 X107.902 Y108.661 E.03012
G1 X107.756 Y109.277 E.02098
G1 X107.71 Y110.201 E.0307
G1 X107.841 Y111.167 E.03235
G1 X107.899 Y111.402 E.00803
G1 X108.168 Y112.152 E.02642
G1 X108.271 Y112.37 E.00801
G1 X108.68 Y113.053 E.02642
G1 X108.824 Y113.247 E.00801
G1 X109.207 Y113.67 E.01891
G1 X108.55 Y114.409 E.03281
G1 X108.198 Y114.706 E.01528
G1 X104.919 Y114.706 E.10875
G1 X104.619 Y114.523 E.01166
G1 X103.964 Y113.911 E.02975
G1 X103.309 Y113.173 E.03272
G1 X102.653 Y112.621 E.02843
G1 X101.998 Y112.372 E.02325
G1 X101.343 Y112.33 E.02178
G1 X100.688 Y112.43 E.02198
G1 X100.544 Y112.48 E.00506
G1 X100.494 Y112.88 E.01335
G1 X100.29 Y113.287 E.01512
G1 X99.873 Y113.644 E.0182
G1 X99.494 Y113.775 E.01329
G1 X99.275 Y113.794 E.0073
G1 X98.614 Y113.794 E.02194
G1 X98.067 Y114.409 E.02729
G1 X97.715 Y114.706 E.01528
G1 X94.437 Y114.706 E.10875
G1 X94.136 Y114.523 E.01166
G1 X93.481 Y113.911 E.02975
G1 X93.378 Y113.794 E.00517
G1 X88.131 Y113.794 E.17404
G1 X87.585 Y114.409 E.02729
G1 X87.232 Y114.706 E.01528
G1 X83.954 Y114.706 E.10875
G1 X83.654 Y114.523 E.01166
G1 X82.998 Y113.911 E.02975
G1 X82.895 Y113.794 E.00517
G1 X77.648 Y113.794 E.17404
G1 X77.102 Y114.409 E.02729
G1 X76.75 Y114.706 E.01528
G1 X73.471 Y114.706 E.10875
G1 X73.171 Y114.523 E.01166
G1 X72.516 Y113.911 E.02975
G1 X71.861 Y113.173 E.03272
G1 X71.206 Y112.621 E.02843
G1 X70.55 Y112.372 E.02325
G1 X69.895 Y112.33 E.02178
G1 X69.24 Y112.43 E.02198
G1 X68.585 Y112.661 E.02305
G1 X67.93 Y113.059 E.02544
G1 X67.275 Y113.672 E.02975
G1 X66.619 Y114.409 E.03272
G1 X66.267 Y114.706 E.01528
G1 X65.294 Y114.706 E.03228
G1 X65.294 Y109.291 E.17962
G1 X65.964 Y108.669 E.03032
G1 X66.619 Y107.932 E.03272
G1 X67.275 Y107.38 E.02843
G1 X67.93 Y107.13 E.02325
G1 X68.585 Y107.089 E.02178
G1 X69.24 Y107.188 E.02198
G1 X69.895 Y107.419 E.02305
G1 X70.55 Y107.818 E.02544
G1 X71.206 Y108.43 E.02975
G1 X71.861 Y109.168 E.03272
G1 X72.516 Y109.72 E.02843
G1 X73.171 Y109.969 E.02325
G1 X73.456 Y109.987 E.00947
G1 X73.456 Y108.359 E.05401
G1 E-5 F2700
M205 X8 Y8
G1 X81.05 Y109.124 Z3.6 F7200
G1 X139.26 Y114.991 Z3.6
G1 Z3.2
G1 E5 F2400
M205 X10 Y10
;TYPE:Inner wall
;WIDTH:0.449999
G1 F2700
G1 X139.685 Y114.409 E.02393
G1 X140.085 Y113.732 E.02607
G1 X140.425 Y112.997 E.02686
G1 X140.767 Y111.96 E.03622
G1 X140.895 Y111.331 E.02131
G1 X140.974 Y110.737 E.01989
G1 X141.007 Y109.937 E.02655
G1 X140.942 Y108.982 E.03176
G1 X140.839 Y108.367 E.02068
G1 X140.544 Y107.301 E.03668
G1 X140.07 Y106.232 E.0388
G1 X139.631 Y105.511 E.02799
G1 X139.26 Y105.009 E.02071
G1 X154.991 Y105.009 E.52184
G1 X154.991 Y114.991 E.33111
G1 X139.3 Y114.991 E.52051
G1 E-4.5
;WIPE_START
G1 X139.685 Y114.409 E-.16587
G1 X140.085 Y113.732 E-.18664
G1 X140.301 Y113.264 E-.12249
;WIPE_END
G1 E-.025
M205 X8 Y8
G1 X138.351 Y115.398 Z3.6 F7200
G1 Z3.2
M73 P53 R12
G1 E5 F2400
M205 X10 Y10
G1 F2700
G1 X138.894 Y114.8 E.0268
G1 X139.336 Y114.199 E.02474
G1 X139.717 Y113.558 E.02474
G1 X140.038 Y112.869 E.02521
G1 X140.373 Y111.856 E.0354
G1 X140.492 Y111.275 E.01968
G1 X140.568 Y110.717 E.01868
G1 X140.601 Y109.963 E.02502
G1 X140.539 Y109.045 E.03052
G1 X140.446 Y108.476 E.01914
G1 X140.159 Y107.439 E.03569
G1 X139.708 Y106.421 E.03692
G1 X139.305 Y105.753 E.02589
G1 X138.858 Y105.156 E.02474
G1 X138.356 Y104.604 E.02477
G1 X155.398 Y104.602 E.56532
G1 X155.398 Y115.398 E.35812
G1 X138.391 Y115.398 E.56415
G1 E-4.5
;WIPE_START
G1 X138.894 Y114.8 E-.1856
G1 X139.336 Y114.199 E-.17711
G1 X139.578 Y113.793 E-.1123
;WIPE_END
G1 E-.025
M205 X8 Y8
G1 X137.308 Y115.786 Z3.6 F7200
G1 Z3.2
G1 E5 F2400
M205 X10 Y10
;TYPE:Outer wall
;WIDTH:0.419999
G1 X138.097 Y115.1 E.03211
G1 X138.579 Y114.566 E.0221
G1 X139 Y113.998 E.02173
G1 X139.363 Y113.391 E.02174
G1 X139.666 Y112.746 E.02187
G1 X139.993 Y111.755 E.03208
G1 X140.104 Y111.22 E.01677
G1 X140.176 Y110.697 E.01623
G1 X140.21 Y109.988 E.02182
G1 X140.152 Y109.106 E.02717
G1 X140.068 Y108.58 E.01636
G1 X139.789 Y107.571 E.03217
G1 X139.36 Y106.603 E.03254
G1 X138.99 Y105.987 E.02209
G1 X138.568 Y105.419 E.02173
G1 X138.091 Y104.895 E.02176
G1 X137.581 Y104.433 E.02116
G1 X137.269 Y104.21 E.01178
G1 X155.79 Y104.21 E.56909
G1 X155.79 Y115.79 E.35582
G1 X137.348 Y115.786 E.56666
G1 E-4.5 F2700
;WIPE_START
G1 F2400
G1 X138.097 Y115.1 E-.24114
G1 X138.579 Y114.566 E-.1708
G1 X138.737 Y114.353 E-.06306
;WIPE_END
G1 E-.025 F2700
M205 X8 Y8
G1 X141.016 Y114.706 Z3.6 F7200
G1 Z3.2
G1 E5 F2400
M205 X10 Y10
;TYPE:Sparse infill
;WIDTH:0.45
G1 F3000
G1 X139.822 Y114.706 E.03959
G1 X140.058 Y114.341 E.01442
G1 X140.653 Y113.672 E.0297
G1 X141.308 Y113.059 E.02975
G1 X141.963 Y112.661 E.02544
G1 X142.618 Y112.43 E.02305
G1 X143.273 Y112.33 E.02198
G1 X143.929 Y112.372 E.02178
G1 X144.584 Y112.621 E.02325
G1 X145.239 Y113.173 E.02843
G1 X145.894 Y113.911 E.03272
G1 X146.549 Y114.523 E.02975
G1 X146.85 Y114.706 E.01166
G1 X150.128 Y114.706 E.10875
G1 X150.48 Y114.409 E.01528
G1 X151.135 Y113.672 E.03272
G1 X151.791 Y113.059 E.02975
G1 X152.446 Y112.661 E.02544
G1 X153.101 Y112.43 E.02305
G1 X153.756 Y112.33 E.02198
G1 X154.411 Y112.372 E.02178
G1 X154.706 Y112.484 E.01046
G1 X154.706 Y108.093 E.14564
G1 X154.411 Y107.818 E.01338
G1 X153.756 Y107.419 E.02544
G1 X153.101 Y107.188 E.02305
G1 X152.446 Y107.089 E.02198
G1 X151.791 Y107.13 E.02178
G1 X151.135 Y107.38 E.02325
G1 X150.48 Y107.932 E.02843
G1 X149.825 Y108.669 E.03272
G1 X149.17 Y109.282 E.02975
G1 X148.515 Y109.68 E.02544
G1 X147.86 Y109.911 E.02305
G1 X147.204 Y110.011 E.02198
G1 X146.549 Y109.969 E.02178
G1 X145.894 Y109.72 E.02325
G1 X145.239 Y109.168 E.02843
G1 X144.584 Y108.43 E.03272
G1 X143.929 Y107.818 E.02975
G1 X143.273 Y107.419 E.02544
G1 X142.618 Y107.188 E.02305
G1 X141.963 Y107.089 E.02198
G1 X141.308 Y107.13 E.02178
G1 X140.841 Y107.308 E.01657
G1 X140.776 Y107.122 E.00656
G1 X140.286 Y106.04 E.03938
G1 X140.161 Y105.831 E.00807
; stop printing object 05_probe_bridge.stl id:0 copy 0
;TIME_ELAPSED:859.866150

;LAYER_CHANGE
;:3.4
;HEIGHT:0.2
;BEFORE_LAYER_CHANGE
;3.4
G92 E0

G1 E-4.5 F2700
;WIPE_START
G1 F3000
G1 X140.286 Y106.04 E-.0578
G1 X140.776 Y107.122 E-.28197
G1 X140.841 Y107.308 E-.04694
G1 X141.189 Y107.176 E-.08829
;WIPE_END
G1 E-.025 F2700
;_SET_FAN_SPEED_CHANGING_LAYER
; OBJECT_ID: 15
; printing object 05_probe_bridge.stl id:0 copy 0
M205 X8 Y8
G17
G3 Z3.6 I-.315 J-1.175 P1  F7200
G1 X112.163 Y114.963 Z3.6
G1 Z3.4
G1 E5 F2400
M205 X10 Y10
;TYPE:Inner wall
;WIDTH:0.505614
G1 F2700
G1 X111.769 Y114.977 E.01487
;WIDTH:0.477807
G1 X111.375 Y114.991 E.01398
;WIDTH:0.449999
G1 X65.009 Y114.991 E1.53803
G1 X65.009 Y105.009 E.33111
G1 X110.874 Y105.009 E1.52142
;WIDTH:0.489306
G1 X111.197 Y105.029 E.01176
;WIDTH:0.528613
G1 X111.519 Y105.048 E.01279
;WIDTH:0.56792
G1 X111.842 Y105.068 E.01383
G1 X111.761 Y105.103 E.0038
;WIDTH:0.541216
G1 X111.679 Y105.139 E.0036
;WIDTH:0.514511
G1 X111.226 Y105.328 E.01888
;WIDTH:0.482255
G1 X110.773 Y105.517 E.01758
;WIDTH:0.449999
G1 X109.941 Y106.038 E.03255
G1 X109.227 Y106.711 E.03255
G1 X108.658 Y107.51 E.03255
G1 X108.255 Y108.405 E.03255
G1 X108.036 Y109.361 E.03255
G1 X107.997 Y110.149 E.02615
G1 X108.031 Y110.51 E.01204
G1 X108.169 Y111.31 E.02691
G1 X108.517 Y112.227 E.03255
G1 X109.038 Y113.059 E.03255
G1 X109.711 Y113.773 E.03255
G1 X110.51 Y114.342 E.03255
G1 X111.405 Y114.745 E.03255
;WIDTH:0.477807
G1 X111.784 Y114.854 E.01398
;WIDTH:0.505614
G1 X112.125 Y114.952 E.01336
G1 E-4.5
;WIPE_START
G1 X111.769 Y114.977 E-.0847
G1 X111.375 Y114.991 E-.09368
G1 X110.126 Y114.991 E-.29663
;WIPE_END
G1 E-.025
M205 X8 Y8
G1 X114.381 Y114.836 Z3.8 F7200
G1 Z3.4
G1 E5 F2400
M205 X10 Y10
;WIDTH:0.514512
G1 F2700
G1 X114.774 Y114.672 E.01636
;WIDTH:0.482256
G1 X115.227 Y114.483 E.01758
;WIDTH:0.449999
G1 X116.059 Y113.962 E.03255
G1 X116.773 Y113.289 E.03255
G1 X117.342 Y112.49 E.03255
G1 X117.745 Y111.595 E.03255
G1 X117.954 Y110.742 E.02914
G1 X117.987 Y110.173 E.01891
G1 X117.994 Y109.658 E.01708
G1 X117.831 Y108.69 E.03255
G1 X117.483 Y107.773 E.03255
G1 X116.962 Y106.941 E.03255
G1 X116.289 Y106.227 E.03255
G1 X115.49 Y105.658 E.03255
G1 X114.595 Y105.255 E.03255
;WIDTH:0.477809
G1 X114.216 Y105.146 E.01398
;WIDTH:0.505618
G1 X113.837 Y105.037 E.01487
G1 X114.231 Y105.023 E.01487
;WIDTH:0.477809
G1 X114.625 Y105.009 E.01398
;WIDTH:0.449999
G1 X126.74 Y105.009 E.40189
G1 X126.315 Y105.591 E.02392
G1 X125.905 Y106.29 E.02686
G1 X125.46 Y107.292 E.03639
G1 X125.22 Y108.101 E.02799
G1 X125.063 Y108.963 E.02907
G1 X124.999 Y109.803 E.02792
G1 X125.009 Y110.491 E.02283
G1 X125.064 Y111.056 E.01884
G1 X125.244 Y111.993 E.03165
G1 X125.476 Y112.743 E.02606
G1 X125.793 Y113.489 E.02686
G1 X126.332 Y114.441 E.03629
G1 X126.74 Y114.991 E.02273
G1 X115.126 Y114.991 E.38527
;WIDTH:0.489307
G1 X114.803 Y114.971 E.01176
;WIDTH:0.528615
G1 X114.481 Y114.952 E.01279
;WIDTH:0.567922
G1 X114.158 Y114.932 E.01383
G1 X114.239 Y114.897 E.00379
;WIDTH:0.541217
G1 X114.321 Y114.861 E.0036
;WIDTH:0.514512
G1 X114.344 Y114.851 E.00098
G1 E-4.5
;WIPE_START
G1 X114.774 Y114.672 E-.11059
G1 X115.227 Y114.483 E-.11666
G1 X116.059 Y113.962 E-.23304
G1 X116.104 Y113.919 E-.01471
;WIPE_END
G1 E-.025
M205 X8 Y8
G1 X123.675 Y114.888 Z3.8 F7200
G1 X127.644 Y115.396 Z3.8
G1 Z3.4
G1 E5 F2400
M205 X10 Y10
;WIDTH:0.449999
G1 F2700
G1 X64.602 Y115.398 E2.09122
G1 X64.602 Y104.602 E.35812
G1 X127.649 Y104.602 E2.09138
G1 X127.106 Y105.2 E.0268
M73 P54 R12
G1 X126.664 Y105.801 E.02474
G1 X126.277 Y106.455 E.02521
G1 X125.843 Y107.433 E.0355
G1 X125.619 Y108.181 E.02589
G1 X125.468 Y109.003 E.02775
G1 X125.406 Y109.803 E.0266
G1 X125.414 Y110.454 E.0216
G1 X125.465 Y110.982 E.0176
G1 X125.633 Y111.875 E.03015
G1 X125.853 Y112.588 E.02474
G1 X126.147 Y113.288 E.02521
G1 X126.675 Y114.219 E.0355
G1 X127.142 Y114.844 E.02589
G1 X127.617 Y115.367 E.02344
G1 E-4.5
;WIPE_START
G1 X125.617 Y115.368 E-.475
;WIPE_END
G1 E-.025
M205 X8 Y8
G1 X128.731 Y115.79 Z3.8 F7200
G1 Z3.4
G1 E5 F2400
M205 X10 Y10
;TYPE:Outer wall
;WIDTH:0.419999
G1 X64.21 Y115.79 E1.98254
G1 X64.21 Y104.21 E.35582
G1 X128.692 Y104.214 E1.98133
G1 X127.903 Y104.9 E.03211
G1 X127.421 Y105.434 E.0221
G1 X127 Y106.002 E.02173
G1 X126.635 Y106.613 E.02187
G1 X126.212 Y107.569 E.03211
G1 X126.004 Y108.257 E.02209
G1 X125.858 Y109.042 E.02452
G1 X125.798 Y109.803 E.02346
G1 X125.799 Y110.362 E.01718
G1 X125.85 Y110.911 E.01693
G1 X126.009 Y111.761 E.02658
G1 X126.215 Y112.438 E.02173
G1 X126.488 Y113.095 E.02187
G1 X127.004 Y114.004 E.03211
G1 X127.432 Y114.581 E.02208
G1 X127.909 Y115.105 E.02176
G1 X128.419 Y115.567 E.02116
G1 X128.698 Y115.767 E.01055
G1 E-4.5 F2700
;WIPE_START
G1 F2400
G1 X126.698 Y115.767 E-.475
;WIPE_END
G1 E-.025 F2700
M205 X8 Y8
G1 X119.107 Y114.975 Z3.8 F7200
G1 X114.124 Y114.456 Z3.8
G1 Z3.4
G1 E5 F2400
M205 X10 Y10
;TYPE:Inner wall
;WIDTH:0.449999
G1 F2700
G1 X113.283 Y114.591 E.02826
G1 X112.381 Y114.558 E.02991
G1 X111.504 Y114.35 E.02991
G1 X110.684 Y113.974 E.02991
G1 X109.953 Y113.446 E.02991
G1 X109.34 Y112.786 E.02991
G1 X108.867 Y112.018 E.02991
G1 X108.552 Y111.173 E.02991
G1 X108.403 Y110.197 E.03273
G1 X108.442 Y109.381 E.0271
G1 X108.65 Y108.504 E.02991
G1 X109.026 Y107.684 E.02991
G1 X109.554 Y106.953 E.02991
G1 X110.214 Y106.34 E.02991
G1 X110.982 Y105.867 E.02991
G1 X111.827 Y105.552 E.02991
G1 X112.813 Y105.406 E.03306
G1 X113.624 Y105.442 E.02692
G1 X114.496 Y105.65 E.02973
G1 X115.316 Y106.026 E.02991
G1 X116.047 Y106.554 E.02991
G1 X116.66 Y107.214 E.02991
G1 X117.133 Y107.982 E.02991
G1 X117.448 Y108.827 E.02991
G1 X117.591 Y109.717 E.02991
G1 X117.561 Y110.562 E.02804
G1 X117.35 Y111.496 E.03175
G1 X116.974 Y112.316 E.02991
G1 X116.446 Y113.047 E.02991
G1 X115.786 Y113.66 E.02991
G1 X115.018 Y114.133 E.02991
G1 X114.173 Y114.448 E.02991
G1 X114.163 Y114.449 E.00032
M205 X8 Y8
G1 X114.062 Y114.071 F7200
M205 X10 Y10
;TYPE:Outer wall
;WIDTH:0.419999
G1 F2400
G1 X114.041 Y114.078 E.00068
G1 X113.225 Y114.203 E.02535
G1 X112.401 Y114.166 E.02535
G1 X111.599 Y113.969 E.02535
G1 X110.852 Y113.62 E.02535
G1 X110.187 Y113.131 E.02535
G1 X109.63 Y112.522 E.02535
G1 X109.203 Y111.816 E.02535
G1 X108.922 Y111.041 E.02535
G1 X108.795 Y110.197 E.0262
G1 X108.834 Y109.401 E.02451
G1 X109.031 Y108.599 E.02535
G1 X109.38 Y107.852 E.02535
G1 X109.869 Y107.187 E.02535
G1 X110.478 Y106.63 E.02535
G1 X111.184 Y106.203 E.02535
G1 X111.959 Y105.922 E.02535
G1 X112.866 Y105.794 E.02813
G1 X113.601 Y105.834 E.02262
G1 X114.401 Y106.031 E.0253
G1 X115.148 Y106.38 E.02535
G1 X115.813 Y106.869 E.02535
G1 X116.37 Y107.478 E.02535
G1 X116.797 Y108.184 E.02535
G1 X117.078 Y108.959 E.02535
G1 X117.203 Y109.775 E.02535
G1 X117.169 Y110.543 E.02362
G1 X116.969 Y111.401 E.02706
G1 X116.62 Y112.148 E.02535
G1 X116.131 Y112.813 E.02535
G1 X115.522 Y113.37 E.02535
G1 X114.816 Y113.797 E.02535
G1 X114.099 Y114.057 E.02344
G1 E-4.5 F2700
;WIPE_START
G1 F2400
G1 X114.041 Y114.078 E-.01479
G1 X113.225 Y114.203 E-.19597
G1 X112.401 Y114.166 E-.19597
G1 X112.122 Y114.098 E-.06828
;WIPE_END
G1 E-.025 F2700
M205 X8 Y8
G1 X113.541 Y106.598 Z3.8 F7200
G1 X113.837 Y105.037 Z3.8
G1 Z3.4
G1 E5 F2400
M205 X10 Y10
;TYPE:Inner wall
;WIDTH:0.505618
G1 F2700
G1 X113.649 Y105.023 E.00712
;WIDTH:0.47689
G1 X112.759 Y105.006 E.03147
;WIDTH:0.484819
G1 X112.453 Y105.027 E.01103
;WIDTH:0.52637
G1 X112.148 Y105.047 E.01207
;WIDTH:0.56792
G1 X111.842 Y105.068 E.0131
G1 E-4.5
;WIPE_START
G1 X112.148 Y105.047 E-.07284
G1 X112.453 Y105.027 E-.07284
G1 X112.759 Y105.006 E-.07284
G1 X113.649 Y105.023 E-.21159
G1 X113.837 Y105.037 E-.04491
;WIPE_END
G1 E-.025
M205 X8 Y8
G1 X112.568 Y112.563 Z3.8 F7200
G1 X112.163 Y114.963 Z3.8
G1 Z3.4
G1 E5 F2400
M205 X10 Y10
;WIDTH:0.505614
G1 F2700
G1 X112.361 Y114.978 E.00747
;WIDTH:0.476388
G1 X113.342 Y114.992 E.03466
;WIDTH:0.487426
G1 X113.614 Y114.972 E.00988
;WIDTH:0.527674
G1 X113.886 Y114.952 E.01077
;WIDTH:0.567922
G1 X114.158 Y114.932 E.01167
G1 E-4.5
;WIPE_START
G1 X113.886 Y114.952 E-.06485
G1 X113.614 Y114.972 E-.06485
G1 X113.342 Y114.992 E-.06485
G1 X112.361 Y114.978 E-.23334
G1 X112.163 Y114.963 E-.04712
;WIPE_END
G1 E-.025
M205 X8 Y8
G1 X104.701 Y113.359 Z3.8 F7200
G1 X74.07 Y106.773 Z3.8
G1 Z3.4
G1 E5 F2400
M205 X10 Y10
;WIDTH:0.449999
G1 F2700
G1 X74.264 Y106.607 E.00846
G1 X74.601 Y106.491 E.01183
G1 X99.271 Y106.491 E.81836
G1 X99.736 Y106.607 E.01589
G1 X100.062 Y106.886 E.01421
G1 X100.22 Y107.202 E.01172
G1 X100.259 Y107.479 E.00927
G1 X100.259 Y112.521 E.16728
G1 X100.22 Y112.798 E.00927
G1 X100.062 Y113.114 E.01172
G1 X99.736 Y113.393 E.01421
G1 X99.399 Y113.509 E.01183
G1 X74.729 Y113.509 E.81836
G1 X74.264 Y113.393 E.01589
G1 X73.938 Y113.114 E.01421
G1 X73.78 Y112.798 E.01172
G1 X73.741 Y112.521 E.00927
G1 X73.741 Y107.479 E.16728
G1 X73.78 Y107.202 E.00927
G1 X73.938 Y106.886 E.01172
G1 X74.04 Y106.799 E.00442
M205 X8 Y8
G1 X74.329 Y107.075 F7200
M205 X10 Y10
G1 F2700
G1 X74.455 Y106.966 E.00553
G1 X74.729 Y106.898 E.00934
G1 X99.271 Y106.898 E.81413
G1 X99.545 Y106.966 E.00934
G1 X99.736 Y107.13 E.00836
G1 X99.852 Y107.362 E.00861
G1 X99.852 Y112.521 E.17113
G1 X99.829 Y112.684 E.00545
G1 X99.736 Y112.87 E.00689
G1 X99.545 Y113.034 E.00836
G1 X99.271 Y113.102 E.00934
G1 X74.729 Y113.102 E.81413
G1 X74.455 Y113.034 E.00934
G1 X74.264 Y112.87 E.00836
G1 X74.148 Y112.638 E.00861
G1 X74.148 Y107.479 E.17113
G1 X74.171 Y107.316 E.00545
G1 X74.264 Y107.13 E.00689
G1 X74.298 Y107.101 E.00149
M205 X8 Y8
G1 X74.578 Y107.365 F7200
M205 X10 Y10
;TYPE:Outer wall
;WIDTH:0.419999
G1 F2400
G1 X74.729 Y107.29 E.00518
G1 X99.271 Y107.29 E.75413
G1 X99.422 Y107.365 E.00518
G1 X99.46 Y107.479 E.00366
G1 X99.46 Y112.521 E.15495
G1 X99.422 Y112.635 E.00366
G1 X99.271 Y112.71 E.00518
G1 X74.729 Y112.71 E.75413
G1 X74.578 Y112.635 E.00518
G1 X74.54 Y112.521 E.00366
G1 X74.54 Y107.479 E.15495
G1 X74.565 Y107.403 E.00243
M73 P55 R12
G1 E-4.5 F2700
;WIPE_START
G1 F2400
G1 X74.729 Y107.29 E-.04725
G1 X76.53 Y107.29 E-.42775
;WIPE_END
G1 E-.025 F2700
M205 X8 Y8
G1 X73.456 Y108.5 Z3.8 F7200
G1 Z3.4
G1 E5 F2400
M205 X10 Y10
;TYPE:Sparse infill
;WIDTH:0.45
G1 F3000
G1 X73.456 Y110.128 E.05401
G1 X73.171 Y110.14 E.00946
G1 X72.516 Y109.964 E.02251
G1 X71.861 Y109.432 E.028
G1 X71.206 Y108.613 E.03479
G1 X70.55 Y107.905 E.03199
G1 X69.895 Y107.436 E.02674
G1 X69.24 Y107.145 E.02377
G1 X68.585 Y106.987 E.02236
G1 X67.93 Y106.96 E.02175
G1 X67.275 Y107.136 E.02251
G1 X66.619 Y107.668 E.028
G1 X65.964 Y108.487 E.03479
G1 X65.294 Y109.205 E.03259
G1 X65.294 Y114.706 E.18246
G1 X66.579 Y114.706 E.04262
G1 X67.275 Y113.854 E.03648
G1 X67.93 Y113.146 E.03199
G1 X68.585 Y112.677 E.02674
G1 X69.24 Y112.387 E.02377
G1 X69.895 Y112.228 E.02236
G1 X70.55 Y112.201 E.02175
G1 X71.206 Y112.377 E.02251
G1 X71.861 Y112.909 E.028
G1 X72.516 Y113.728 E.03479
G1 X73.171 Y114.436 E.03199
G1 X73.548 Y114.706 E.01537
G1 X77.062 Y114.706 E.11656
G1 X77.813 Y113.794 E.03918
G1 X83.059 Y113.794 E.17404
G1 X83.654 Y114.436 E.02901
G1 X84.03 Y114.706 E.01537
G1 X87.544 Y114.706 E.11656
G1 X88.295 Y113.794 E.03918
G1 X93.542 Y113.794 E.17404
G1 X94.136 Y114.436 E.02901
G1 X94.513 Y114.706 E.01537
G1 X98.027 Y114.706 E.11656
G1 X98.778 Y113.794 E.03918
G1 X99.275 Y113.794 E.01649
G1 X99.494 Y113.775 E.0073
G1 X99.873 Y113.644 E.01329
G1 X100.29 Y113.287 E.0182
G1 X100.494 Y112.88 E.01512
G1 X100.544 Y112.45 E.01434
G1 X100.688 Y112.387 E.00522
G1 X101.343 Y112.228 E.02236
G1 X101.998 Y112.201 E.02175
G1 X102.653 Y112.377 E.02251
G1 X103.309 Y112.909 E.028
G1 X103.964 Y113.728 E.03479
G1 X104.619 Y114.436 E.03199
G1 X104.996 Y114.706 E.01537
G1 X108.51 Y114.706 E.11656
G1 X108.55 Y114.673 E.00172
G1 X109.291 Y113.762 E.03896
G1 X108.824 Y113.247 E.02303
G1 X108.68 Y113.053 E.00801
G1 X108.271 Y112.37 E.02642
G1 X108.168 Y112.152 E.00801
G1 X107.899 Y111.402 E.02642
G1 X107.841 Y111.167 E.00803
G1 X107.71 Y110.201 E.03235
G1 X107.756 Y109.277 E.0307
G1 X107.964 Y108.401 E.02986
G1 X107.24 Y109.195 E.03565
G1 X106.584 Y109.664 E.02674
G1 X105.929 Y109.955 E.02377
G1 X105.274 Y110.113 E.02236
G1 X104.619 Y110.14 E.02175
G1 X103.964 Y109.964 E.02251
G1 X103.309 Y109.432 E.028
G1 X102.653 Y108.613 E.03479
G1 X101.998 Y107.905 E.03199
G1 X101.343 Y107.436 E.02674
G1 X100.688 Y107.145 E.02377
G1 X100.481 Y107.095 E.00706
G1 X100.29 Y106.713 E.01418
G1 X99.87 Y106.353 E.01833
G1 X99.24 Y106.206 E.02146
G1 E-4.5 F2700
;WIPE_START
G1 F3000
G1 X99.87 Y106.353 E-.15368
G1 X100.29 Y106.713 E-.13122
G1 X100.481 Y107.095 E-.10155
G1 X100.688 Y107.145 E-.05052
G1 X100.834 Y107.21 E-.03802
;WIPE_END
G1 E-.025 F2700
M205 X8 Y8
G1 X108.467 Y107.23 Z3.8 F7200
G1 X117.504 Y107.254 Z3.8
G1 Z3.4
G1 E5 F2400
M205 X10 Y10
G1 F3000
G1 X117.729 Y107.63 E.01453
G1 X117.832 Y107.848 E.00801
G1 X118.101 Y108.598 E.02642
G1 X118.138 Y108.746 E.00506
G1 X118.377 Y108.487 E.0117
G1 X119.032 Y107.668 E.03479
G1 X119.688 Y107.136 E.028
G1 X120.343 Y106.96 E.02251
G1 X120.998 Y106.987 E.02175
G1 X121.653 Y107.145 E.02236
G1 X122.308 Y107.436 E.02377
G1 X122.963 Y107.905 E.02674
G1 X123.619 Y108.613 E.03199
G1 X124.274 Y109.432 E.03479
G1 X124.715 Y109.79 E.01884
G1 X124.719 Y110.457 E.02214
G1 X124.783 Y111.104 E.02157
G1 X124.938 Y111.942 E.02825
G1 X125.172 Y112.739 E.02754
G1 X125.543 Y113.625 E.03187
G1 X126.056 Y114.532 E.03457
G1 X126.179 Y114.706 E.00707
G1 X125.961 Y114.706 E.00725
G1 X125.584 Y114.436 E.01537
G1 X124.929 Y113.728 E.03199
G1 X124.274 Y112.909 E.03479
G1 X123.619 Y112.377 E.028
M73 P55 R11
G1 X122.963 Y112.201 E.02251
G1 X122.308 Y112.228 E.02175
G1 X121.653 Y112.387 E.02236
G1 X120.998 Y112.677 E.02377
G1 X120.343 Y113.146 E.02674
G1 X119.688 Y113.854 E.03199
G1 X118.992 Y114.706 E.03648
G1 X117.364 Y114.706 E.05401
G1 E-5 F2700
M205 X8 Y8
G1 X124.996 Y114.805 Z3.8 F7200
G1 X139.26 Y114.991 Z3.8
G1 Z3.4
G1 E5 F2400
M205 X10 Y10
;TYPE:Inner wall
;WIDTH:0.449999
G1 F2700
G1 X139.685 Y114.409 E.02392
G1 X140.085 Y113.732 E.02607
G1 X140.425 Y112.997 E.02686
G1 X140.767 Y111.96 E.03623
G1 X140.897 Y111.319 E.0217
G1 X140.974 Y110.737 E.01949
G1 X141.008 Y109.952 E.02607
G1 X140.966 Y109.174 E.02583
G1 X140.874 Y108.556 E.02072
G1 X140.651 Y107.635 E.03142
G1 X140.441 Y107.048 E.02071
G1 X140.039 Y106.182 E.03165
G1 X139.631 Y105.511 E.02606
G1 X139.26 Y105.009 E.02071
G1 X154.991 Y105.009 E.52184
G1 X154.991 Y114.991 E.33111
G1 X139.3 Y114.991 E.52051
G1 E-4.5
;WIPE_START
G1 X139.685 Y114.409 E-.16586
G1 X140.085 Y113.732 E-.18665
G1 X140.301 Y113.264 E-.12249
;WIPE_END
G1 E-.025
M205 X8 Y8
G1 X138.351 Y115.398 Z3.8 F7200
G1 Z3.4
G1 E5 F2400
M205 X10 Y10
G1 F2700
G1 X138.894 Y114.8 E.0268
G1 X139.336 Y114.199 E.02474
G1 X139.717 Y113.558 E.02475
G1 X140.038 Y112.869 E.02521
G1 X140.373 Y111.856 E.03541
G1 X140.494 Y111.263 E.02007
G1 X140.568 Y110.717 E.01829
G1 X140.601 Y109.972 E.02474
G1 X140.563 Y109.231 E.02461
G1 X140.478 Y108.65 E.01948
G1 X140.267 Y107.77 E.03001
G1 X140.071 Y107.217 E.01947
G1 X139.69 Y106.391 E.03015
G1 X139.305 Y105.753 E.02474
G1 X138.858 Y105.156 E.02474
G1 X138.356 Y104.604 E.02477
G1 X155.398 Y104.602 E.56532
G1 X155.398 Y115.398 E.35812
G1 X138.391 Y115.398 E.56415
G1 E-4.5
;WIPE_START
G1 X138.894 Y114.8 E-.18559
G1 X139.336 Y114.199 E-.1771
G1 X139.578 Y113.793 E-.1123
;WIPE_END
G1 E-.025
M205 X8 Y8
G1 X137.308 Y115.786 Z3.8 F7200
G1 Z3.4
G1 E5 F2400
M205 X10 Y10
;TYPE:Outer wall
;WIDTH:0.419999
G1 X138.097 Y115.1 E.03211
G1 X138.579 Y114.566 E.0221
G1 X139 Y113.998 E.02173
G1 X139.363 Y113.391 E.02174
G1 X139.666 Y112.746 E.02187
G1 X139.994 Y111.755 E.03209
G1 X140.106 Y111.209 E.01712
G1 X140.176 Y110.697 E.01587
G1 X140.21 Y109.991 E.02174
G1 X140.174 Y109.286 E.0217
G1 X140.097 Y108.74 E.01694
G1 X139.897 Y107.899 E.02654
G1 X139.714 Y107.379 E.01693
G1 X139.354 Y106.593 E.02658
G1 X138.99 Y105.987 E.02173
G1 X138.568 Y105.419 E.02173
G1 X138.091 Y104.895 E.02176
G1 X137.581 Y104.433 E.02116
G1 X137.269 Y104.21 E.01178
G1 X155.79 Y104.21 E.56909
G1 X155.79 Y115.79 E.35582
G1 X137.348 Y115.786 E.56666
G1 E-4.5 F2700
;WIPE_START
G1 F2400
G1 X138.097 Y115.1 E-.24114
G1 X138.579 Y114.566 E-.1708
G1 X138.737 Y114.353 E-.06307
;WIPE_END
G1 E-.025 F2700
M205 X8 Y8
G1 X141.586 Y114.706 Z3.8 F7200
G1 Z3.4
G1 E5 F2400
M205 X10 Y10
;TYPE:Sparse infill
;WIDTH:0.45
G1 F3000
G1 X139.957 Y114.706 E.05401
G1 X140.653 Y113.854 E.03648
G1 X141.308 Y113.146 E.03199
G1 X141.963 Y112.677 E.02674
G1 X142.618 Y112.387 E.02377
G1 X143.273 Y112.228 E.02236
G1 X143.929 Y112.201 E.02175
G1 X144.584 Y112.377 E.02251
G1 X145.239 Y112.909 E.028
G1 X145.894 Y113.728 E.03479
G1 X146.549 Y114.436 E.03199
G1 X146.926 Y114.706 E.01537
G1 X150.44 Y114.706 E.11656
G1 X151.135 Y113.854 E.03648
G1 X151.791 Y113.146 E.03199
G1 X152.446 Y112.677 E.02674
G1 X153.101 Y112.387 E.02377
G1 X153.756 Y112.228 E.02236
G1 X154.411 Y112.201 E.02175
G1 X154.706 Y112.28 E.01012
G1 X154.706 Y108.223 E.13457
G1 X154.411 Y107.905 E.01439
G1 X153.756 Y107.436 E.02674
G1 X153.101 Y107.145 E.02377
G1 X152.446 Y106.987 E.02236
G1 X151.791 Y106.96 E.02175
G1 X151.135 Y107.136 E.02251
G1 X150.48 Y107.668 E.028
G1 X149.825 Y108.487 E.03479
G1 X149.17 Y109.195 E.03199
G1 X148.515 Y109.664 E.02674
G1 X147.86 Y109.955 E.02377
G1 X147.204 Y110.113 E.02236
G1 X146.549 Y110.14 E.02175
G1 X145.894 Y109.964 E.02251
G1 X145.239 Y109.432 E.028
G1 X144.584 Y108.613 E.03479
G1 X143.929 Y107.905 E.03199
G1 X143.273 Y107.436 E.02674
G1 X142.618 Y107.145 E.02377
G1 X141.963 Y106.987 E.02236
G1 X141.308 Y106.96 E.02175
G1 X140.764 Y107.106 E.01868
G1 X140.702 Y106.932 E.00612
G1 X140.348 Y106.158 E.02825
G1 X140.048 Y105.647 E.01964
; stop printing object 05_probe_bridge.stl id:0 copy 0
;TIME_ELAPSED:900.354553

;LAYER_CHANGE
;:3.6
;HEIGHT:0.2
;BEFORE_LAYER_CHANGE
;3.6
G92 E0

G1 E-4.5 F2700
;WIPE_START
G1 F3000
G1 X140.348 Y106.158 E-.14064
G1 X140.702 Y106.932 E-.20227
G1 X140.764 Y107.106 E-.04382
G1 X141.123 Y107.009 E-.08827
;WIPE_END
G1 E-.025 F2700
;_SET_FAN_SPEED_CHANGING_LAYER
; OBJECT_ID: 15
; printing object 05_probe_bridge.stl id:0 copy 0
M205 X8 Y8
G17
G3 Z3.8 I-.322 J-1.174 P1  F7200
G1 X112.163 Y114.963 Z3.8
G1 Z3.6
G1 E5 F2400
M205 X10 Y10
;TYPE:Inner wall
;WIDTH:0.505614
G1 F2700
G1 X111.769 Y114.977 E.01487
;WIDTH:0.477807
G1 X111.375 Y114.991 E.01398
;WIDTH:0.449999
G1 X65.009 Y114.991 E1.53803
G1 X65.009 Y105.009 E.33111
M73 P56 R11
G1 X110.874 Y105.009 E1.52142
;WIDTH:0.489307
G1 X111.197 Y105.029 E.01176
;WIDTH:0.528615
G1 X111.519 Y105.048 E.01279
;WIDTH:0.567922
G1 X111.842 Y105.068 E.01383
G1 X111.761 Y105.103 E.0038
;WIDTH:0.541217
G1 X111.679 Y105.139 E.0036
;WIDTH:0.514512
G1 X111.226 Y105.328 E.01888
;WIDTH:0.482256
G1 X110.773 Y105.517 E.01758
;WIDTH:0.449999
G1 X109.941 Y106.038 E.03255
G1 X109.227 Y106.711 E.03255
G1 X108.658 Y107.51 E.03255
G1 X108.255 Y108.405 E.03255
G1 X108.036 Y109.361 E.03255
G1 X107.997 Y110.149 E.02615
G1 X108.031 Y110.51 E.01205
G1 X108.169 Y111.31 E.02691
G1 X108.517 Y112.227 E.03255
G1 X109.038 Y113.059 E.03255
G1 X109.711 Y113.773 E.03255
G1 X110.51 Y114.342 E.03255
G1 X111.405 Y114.745 E.03255
;WIDTH:0.477807
G1 X111.784 Y114.854 E.01398
;WIDTH:0.505614
G1 X112.125 Y114.952 E.01336
G1 E-4.5
;WIPE_START
G1 X111.769 Y114.977 E-.0847
G1 X111.375 Y114.991 E-.09368
G1 X110.126 Y114.991 E-.29663
;WIPE_END
G1 E-.025
M205 X8 Y8
G1 X102.684 Y113.295 Z4 F7200
G1 X74.07 Y106.773 Z4
G1 Z3.6
G1 E5 F2400
M205 X10 Y10
;WIDTH:0.449999
G1 F2700
G1 X74.264 Y106.607 E.00846
G1 X74.601 Y106.491 E.01183
G1 X99.271 Y106.491 E.81836
G1 X99.736 Y106.607 E.01589
G1 X100.062 Y106.886 E.01421
G1 X100.22 Y107.202 E.01172
G1 X100.259 Y107.479 E.00927
G1 X100.259 Y112.521 E.16728
G1 X100.22 Y112.798 E.00927
G1 X100.062 Y113.114 E.01172
G1 X99.736 Y113.393 E.01421
G1 X99.399 Y113.509 E.01183
G1 X74.729 Y113.509 E.81836
G1 X74.264 Y113.393 E.01589
G1 X73.938 Y113.114 E.01421
G1 X73.78 Y112.798 E.01172
G1 X73.741 Y112.521 E.00927
G1 X73.741 Y107.479 E.16728
G1 X73.78 Y107.202 E.00927
G1 X73.938 Y106.886 E.01172
G1 X74.04 Y106.799 E.00442
M205 X8 Y8
G1 X74.329 Y107.075 F7200
M205 X10 Y10
G1 F2700
G1 X74.455 Y106.966 E.00553
G1 X74.729 Y106.898 E.00934
G1 X99.271 Y106.898 E.81413
G1 X99.545 Y106.966 E.00934
G1 X99.736 Y107.13 E.00836
G1 X99.852 Y107.362 E.00861
G1 X99.852 Y112.521 E.17113
G1 X99.829 Y112.684 E.00545
G1 X99.736 Y112.87 E.00689
G1 X99.545 Y113.034 E.00836
G1 X99.271 Y113.102 E.00934
G1 X74.729 Y113.102 E.81413
G1 X74.455 Y113.034 E.00934
G1 X74.264 Y112.87 E.00836
G1 X74.148 Y112.638 E.00861
G1 X74.148 Y107.479 E.17113
G1 X74.171 Y107.316 E.00545
G1 X74.264 Y107.13 E.00689
G1 X74.298 Y107.101 E.00149
M205 X8 Y8
G1 X74.578 Y107.365 F7200
M205 X10 Y10
;TYPE:Outer wall
;WIDTH:0.419999
G1 F2400
G1 X74.729 Y107.29 E.00518
G1 X99.271 Y107.29 E.75413
G1 X99.422 Y107.365 E.00518
G1 X99.46 Y107.479 E.00366
G1 X99.46 Y112.521 E.15495
G1 X99.422 Y112.635 E.00366
G1 X99.271 Y112.71 E.00518
G1 X74.729 Y112.71 E.75413
G1 X74.578 Y112.635 E.00518
G1 X74.54 Y112.521 E.00366
G1 X74.54 Y107.479 E.15495
G1 X74.565 Y107.403 E.00243
G1 E-4.5 F2700
;WIPE_START
G1 F2400
G1 X74.729 Y107.29 E-.04725
G1 X76.53 Y107.29 E-.42775
;WIPE_END
G1 E-.025 F2700
M205 X8 Y8
G1 X84.014 Y108.784 Z4 F7200
G1 X114.37 Y114.841 Z4
G1 Z3.6
G1 E5 F2400
M205 X10 Y10
;TYPE:Inner wall
;WIDTH:0.514512
G1 F2700
G1 X114.774 Y114.672 E.01684
;WIDTH:0.482256
G1 X115.227 Y114.483 E.01758
;WIDTH:0.449999
G1 X116.059 Y113.962 E.03255
G1 X116.773 Y113.289 E.03255
G1 X117.342 Y112.49 E.03255
G1 X117.745 Y111.595 E.03255
G1 X117.964 Y110.639 E.03255
G1 X118.004 Y109.798 E.02793
G1 X117.928 Y109.213 E.01957
G1 X117.831 Y108.69 E.01763
G1 X117.483 Y107.773 E.03255
G1 X116.962 Y106.941 E.03255
G1 X116.289 Y106.227 E.03255
G1 X115.49 Y105.658 E.03255
G1 X114.595 Y105.255 E.03255
;WIDTH:0.477809
G1 X114.216 Y105.146 E.01398
;WIDTH:0.505618
G1 X113.837 Y105.037 E.01487
G1 X114.231 Y105.023 E.01487
;WIDTH:0.477809
G1 X114.625 Y105.009 E.01398
;WIDTH:0.449999
G1 X126.74 Y105.009 E.40187
G1 X126.404 Y105.463 E.01874
G1 X125.905 Y106.29 E.03203
G1 X125.46 Y107.292 E.03637
G1 X125.222 Y108.095 E.02779
G1 X125.101 Y108.693 E.02025
G1 X125.023 Y109.312 E.0207
G1 X124.993 Y110.065 E.02497
G1 X125.066 Y111.068 E.03338
G1 X125.244 Y111.993 E.03124
G1 X125.476 Y112.743 E.02606
G1 X125.781 Y113.467 E.02606
G1 X126.153 Y114.153 E.02587
G1 X126.753 Y114.991 E.03418
G1 X115.126 Y114.991 E.38569
;WIDTH:0.489307
G1 X114.803 Y114.971 E.01176
;WIDTH:0.528615
G1 X114.481 Y114.952 E.01279
;WIDTH:0.567922
G1 X114.158 Y114.932 E.01383
G1 X114.239 Y114.897 E.00379
;WIDTH:0.541217
G1 X114.321 Y114.861 E.0036
;WIDTH:0.514512
G1 X114.333 Y114.856 E.0005
G1 E-4.5
;WIPE_START
G1 X114.774 Y114.672 E-.11359
G1 X115.227 Y114.483 E-.11666
G1 X116.059 Y113.962 E-.23304
G1 X116.095 Y113.928 E-.01171
;WIPE_END
G1 E-.025
M205 X8 Y8
G1 X123.666 Y114.889 Z4 F7200
G1 X127.672 Y115.398 Z4
G1 Z3.6
G1 E5 F2400
M205 X10 Y10
;WIDTH:0.449999
G1 F2700
G1 X64.602 Y115.398 E2.09215
G1 X64.602 Y104.602 E.35812
G1 X127.649 Y104.602 E2.09138
G1 X127.108 Y105.197 E.02667
G1 X126.75 Y105.677 E.01986
G1 X126.277 Y106.455 E.03021
G1 X125.843 Y107.433 E.03548
G1 X125.62 Y108.177 E.02577
G1 X125.504 Y108.749 E.01936
G1 X125.43 Y109.332 E.01951
G1 X125.399 Y110.038 E.02342
G1 X125.466 Y110.994 E.03179
G1 X125.633 Y111.875 E.02975
G1 X125.853 Y112.588 E.02474
G1 X126.14 Y113.276 E.02474
G1 X126.493 Y113.929 E.02464
G1 X126.824 Y114.428 E.01986
G1 X127.344 Y115.078 E.02761
G1 X127.644 Y115.37 E.01388
G1 E-4.5
;WIPE_START
G1 X125.644 Y115.371 E-.475
;WIPE_END
M73 P57 R11
G1 E-.025
M205 X8 Y8
G1 X128.731 Y115.79 Z4 F7200
G1 Z3.6
G1 E5 F2400
M205 X10 Y10
;TYPE:Outer wall
;WIDTH:0.419999
G1 X64.21 Y115.79 E1.98254
G1 X64.21 Y104.21 E.35582
G1 X128.692 Y104.214 E1.98133
G1 X127.903 Y104.9 E.03211
G1 X127.421 Y105.432 E.02206
G1 X127.084 Y105.883 E.01729
G1 X126.635 Y106.614 E.02636
G1 X126.212 Y107.569 E.0321
G1 X126.004 Y108.256 E.02205
G1 X125.892 Y108.802 E.01714
G1 X125.822 Y109.352 E.01701
G1 X125.79 Y110.012 E.02032
G1 X125.852 Y110.922 E.02803
G1 X126.009 Y111.761 E.02623
G1 X126.215 Y112.438 E.02173
G1 X126.486 Y113.091 E.02173
G1 X126.82 Y113.714 E.02172
G1 X127.13 Y114.183 E.01729
G1 X127.667 Y114.852 E.02636
G1 X128.415 Y115.564 E.03173
G1 X128.698 Y115.767 E.01069
G1 E-4.5 F2700
;WIPE_START
G1 F2400
G1 X126.698 Y115.767 E-.475
;WIPE_END
G1 E-.025 F2700
M205 X8 Y8
G1 X119.107 Y114.977 Z4 F7200
G1 X114.111 Y114.458 Z4
G1 Z3.6
G1 E5 F2400
M205 X10 Y10
;TYPE:Inner wall
;WIDTH:0.449999
G1 F2700
G1 X113.283 Y114.591 E.02784
G1 X112.381 Y114.558 E.02991
G1 X111.504 Y114.35 E.02991
G1 X110.684 Y113.974 E.02991
G1 X109.953 Y113.446 E.02991
G1 X109.34 Y112.786 E.02991
G1 X108.867 Y112.018 E.02991
G1 X108.552 Y111.173 E.02991
G1 X108.403 Y110.169 E.03367
G1 X108.442 Y109.381 E.02615
G1 X108.65 Y108.504 E.02991
G1 X109.026 Y107.684 E.02991
G1 X109.554 Y106.953 E.02991
G1 X110.214 Y106.34 E.02991
G1 X110.982 Y105.867 E.02991
G1 X111.827 Y105.552 E.02991
G1 X112.806 Y105.406 E.03283
G1 X113.624 Y105.442 E.02714
G1 X114.496 Y105.65 E.02975
G1 X115.316 Y106.026 E.02991
G1 X116.047 Y106.554 E.02991
G1 X116.66 Y107.214 E.02991
G1 X117.133 Y107.982 E.02991
G1 X117.448 Y108.827 E.02991
G1 X117.584 Y109.669 E.02828
G1 X117.558 Y110.619 E.03151
G1 X117.35 Y111.496 E.02991
G1 X116.974 Y112.316 E.02991
G1 X116.446 Y113.047 E.02991
G1 X115.786 Y113.66 E.02991
G1 X115.018 Y114.133 E.02991
G1 X114.173 Y114.448 E.02991
G1 X114.151 Y114.451 E.00074
M205 X8 Y8
G1 X114.05 Y114.075 F7200
M205 X10 Y10
;TYPE:Outer wall
;WIDTH:0.419999
G1 F2400
G1 X114.041 Y114.078 E.00029
G1 X113.225 Y114.203 E.02535
G1 X112.401 Y114.166 E.02535
G1 X111.599 Y113.969 E.02535
G1 X110.852 Y113.62 E.02535
G1 X110.187 Y113.131 E.02535
G1 X109.63 Y112.522 E.02535
G1 X109.203 Y111.816 E.02535
G1 X108.922 Y111.041 E.02535
G1 X108.795 Y110.188 E.02648
G1 X108.834 Y109.401 E.02422
G1 X109.031 Y108.599 E.02535
G1 X109.38 Y107.852 E.02535
G1 X109.869 Y107.187 E.02535
G1 X110.478 Y106.63 E.02535
G1 X111.184 Y106.203 E.02535
G1 X111.959 Y105.922 E.02535
G1 X112.859 Y105.795 E.02792
G1 X113.601 Y105.834 E.02282
G1 X114.401 Y106.031 E.02531
G1 X115.148 Y106.38 E.02535
G1 X115.813 Y106.869 E.02535
G1 X116.37 Y107.478 E.02535
G1 X116.797 Y108.184 E.02535
G1 X117.078 Y108.959 E.02535
G1 X117.196 Y109.727 E.02385
G1 X117.166 Y110.599 E.02683
G1 X116.969 Y111.401 E.02535
G1 X116.62 Y112.148 E.02535
G1 X116.131 Y112.813 E.02535
G1 X115.522 Y113.37 E.02535
G1 X114.816 Y113.797 E.02535
G1 X114.087 Y114.062 E.02383
G1 E-4.5 F2700
;WIPE_START
G1 F2400
G1 X114.041 Y114.078 E-.01177
G1 X113.225 Y114.203 E-.19597
G1 X112.401 Y114.166 E-.19597
G1 X112.109 Y114.095 E-.0713
;WIPE_END
G1 E-.025 F2700
M205 X8 Y8
G1 X112.163 Y114.963 Z4 F7200
G1 Z3.6
G1 E5 F2400
M205 X10 Y10
;TYPE:Inner wall
;WIDTH:0.505614
G1 F2700
G1 X112.361 Y114.978 E.00747
;WIDTH:0.476388
G1 X113.342 Y114.992 E.03466
;WIDTH:0.487426
G1 X113.614 Y114.972 E.00988
;WIDTH:0.527674
G1 X113.886 Y114.952 E.01077
;WIDTH:0.567922
G1 X114.158 Y114.932 E.01167
G1 E-4.5
;WIPE_START
G1 X113.886 Y114.952 E-.06485
G1 X113.614 Y114.972 E-.06485
G1 X113.342 Y114.992 E-.06485
G1 X112.361 Y114.978 E-.23334
G1 X112.163 Y114.963 E-.04712
;WIPE_END
G1 E-.025
M205 X8 Y8
G1 X113.432 Y107.437 Z4 F7200
G1 X113.837 Y105.037 Z4
G1 Z3.6
G1 E5 F2400
M205 X10 Y10
;WIDTH:0.505618
G1 F2700
G1 X113.648 Y105.023 E.00715
;WIDTH:0.476846
G1 X112.751 Y105.006 E.0317
;WIDTH:0.485002
G1 X112.448 Y105.027 E.01095
;WIDTH:0.526462
G1 X112.145 Y105.047 E.01197
;WIDTH:0.567922
G1 X111.842 Y105.068 E.013
G1 E-4.5
;WIPE_START
G1 X112.145 Y105.047 E-.07225
G1 X112.448 Y105.027 E-.07225
G1 X112.751 Y105.006 E-.07225
G1 X113.648 Y105.023 E-.21315
G1 X113.837 Y105.037 E-.04509
;WIPE_END
G1 E-.025
M205 X8 Y8
G1 X117.439 Y107.146 Z4 F7200
G1 Z3.6
G1 E5 F2400
M205 X10 Y10
;TYPE:Sparse infill
;WIDTH:0.45
G1 F3000
G1 X117.729 Y107.63 E.01871
G1 X117.832 Y107.848 E.00801
G1 X118.107 Y108.624 E.02729
G1 X118.377 Y108.28 E.0145
G1 X119.032 Y107.336 E.03813
G1 X119.36 Y107.017 E.01515
G1 X119.688 Y106.843 E.01232
G1 X120.343 Y106.763 E.02189
G1 X120.998 Y106.867 E.022
G1 X121.653 Y107.088 E.02293
G1 X122.308 Y107.439 E.02466
G1 X122.963 Y107.987 E.02834
G1 X123.619 Y108.82 E.03514
G1 X124.274 Y109.764 E.03813
G1 X124.601 Y110.082 E.01515
G1 X124.715 Y110.143 E.00429
G1 X124.785 Y111.116 E.03234
G1 X124.939 Y111.943 E.02791
G1 X125.172 Y112.738 E.0275
G1 X125.528 Y113.598 E.03088
G1 X125.913 Y114.307 E.02676
G1 X126.179 Y114.706 E.01589
G1 X126.005 Y114.706 E.00579
G1 X125.584 Y114.354 E.01819
G1 X124.929 Y113.521 E.03514
G1 X124.274 Y112.577 E.03813
G1 X123.946 Y112.259 E.01515
G1 X123.619 Y112.084 E.01232
G1 X122.963 Y112.005 E.02189
G1 X122.308 Y112.108 E.022
G1 X121.653 Y112.329 E.02293
G1 X120.998 Y112.68 E.02466
G1 X120.343 Y113.228 E.02834
G1 X119.688 Y114.061 E.03514
G1 X119.24 Y114.706 E.02604
G1 X117.612 Y114.706 E.05401
G1 E-4.5 F2700
;WIPE_START
G1 F3000
G1 X119.24 Y114.706 E-.38673
G1 X119.452 Y114.4 E-.08827
;WIPE_END
G1 E-.025 F2700
M205 X8 Y8
G1 X112.374 Y111.545 Z4 F7200
G1 X99.137 Y106.206 Z4
G1 Z3.6
G1 E5 F2400
M205 X10 Y10
G1 F3000
G1 X99.281 Y106.206 E.0048
G1 X99.87 Y106.353 E.02014
G1 X100.29 Y106.713 E.01833
G1 X100.435 Y107.002 E.01074
G1 X100.688 Y107.088 E.00886
G1 X101.343 Y107.439 E.02466
G1 X101.998 Y107.987 E.02834
G1 X102.653 Y108.82 E.03514
G1 X103.309 Y109.764 E.03813
G1 X103.636 Y110.082 E.01515
G1 X103.964 Y110.257 E.01232
G1 X104.619 Y110.336 E.02189
G1 X105.274 Y110.233 E.022
G1 X105.929 Y110.012 E.02293
G1 X106.584 Y109.661 E.02466
G1 X107.24 Y109.113 E.02834
G1 X107.895 Y108.28 E.03514
G1 X108.158 Y107.901 E.01532
G1 X108.402 Y107.385 E.01893
G1 X108.526 Y107.178 E.00801
G1 X109.014 Y106.523 E.02707
M205 X8 Y8
G1 X108.386 Y112.562 F7200
M205 X10 Y10
G1 F3000
G1 X108.68 Y113.053 E.01901
G1 X108.824 Y113.247 E.00801
G1 X109.372 Y113.849 E.02699
G1 X109.205 Y114.061 E.00895
G1 X108.758 Y114.706 E.02604
G1 X105.039 Y114.706 E.12334
G1 X104.619 Y114.354 E.01819
G1 X103.964 Y113.521 E.03514
G1 X103.309 Y112.577 E.03813
G1 X102.981 Y112.259 E.01515
G1 X102.653 Y112.084 E.01232
G1 X101.998 Y112.005 E.02189
G1 X101.343 Y112.108 E.022
G1 X100.688 Y112.329 E.02293
G1 X100.544 Y112.406 E.00541
G1 X100.544 Y112.527 E.00402
G1 X100.494 Y112.88 E.01181
G1 X100.29 Y113.287 E.01512
G1 X99.873 Y113.644 E.0182
G1 X99.494 Y113.775 E.01329
G1 X98.932 Y113.794 E.01865
G1 X98.722 Y114.061 E.01126
G1 X98.275 Y114.706 E.02604
G1 X94.557 Y114.706 E.12334
G1 X94.136 Y114.354 E.01819
G1 X93.696 Y113.794 E.02363
G1 X88.45 Y113.794 E.17402
G1 X88.24 Y114.061 E.01126
G1 X87.792 Y114.706 E.02604
G1 X84.074 Y114.706 E.12334
G1 X83.654 Y114.354 E.01819
G1 X83.213 Y113.794 E.02363
G1 X77.967 Y113.794 E.17402
G1 X77.757 Y114.061 E.01126
G1 X77.31 Y114.706 E.02604
G1 X73.591 Y114.706 E.12334
G1 X73.171 Y114.354 E.01819
G1 X72.516 Y113.521 E.03514
G1 X71.861 Y112.577 E.03813
G1 X71.533 Y112.259 E.01515
G1 X71.206 Y112.084 E.01232
G1 X70.55 Y112.005 E.02189
G1 X69.895 Y112.108 E.022
G1 X69.24 Y112.329 E.02293
G1 X68.585 Y112.68 E.02466
G1 X67.93 Y113.228 E.02834
G1 X67.275 Y114.061 E.03514
G1 X66.827 Y114.706 E.02604
G1 X65.294 Y114.706 E.05085
G1 X65.294 Y109.125 E.18512
G1 X65.964 Y108.28 E.03578
G1 X66.619 Y107.336 E.03813
G1 X66.947 Y107.017 E.01515
G1 X67.275 Y106.843 E.01232
G1 X67.93 Y106.763 E.02189
G1 X68.585 Y106.867 E.022
G1 X69.24 Y107.088 E.02293
G1 X69.895 Y107.439 E.02466
G1 X70.55 Y107.987 E.02834
G1 X71.206 Y108.82 E.03514
G1 X71.861 Y109.764 E.03813
G1 X72.188 Y110.082 E.01515
G1 X72.516 Y110.257 E.01232
G1 X73.171 Y110.336 E.02189
G1 X73.456 Y110.291 E.00957
G1 X73.456 Y108.663 E.05401
G1 E-5 F2700
M205 X8 Y8
G1 X81.053 Y109.393 Z4 F7200
G1 X139.26 Y114.991 Z4
G1 Z3.6
G1 E5 F2400
M205 X10 Y10
;TYPE:Inner wall
;WIDTH:0.449999
G1 F2700
G1 X139.596 Y114.537 E.01874
G1 X140.085 Y113.732 E.03124
G1 X140.425 Y112.997 E.02685
G1 X140.767 Y111.96 E.03624
G1 X140.899 Y111.307 E.0221
G1 X140.974 Y110.737 E.01908
G1 X141.008 Y109.952 E.02607
G1 X140.966 Y109.173 E.02586
G1 X140.872 Y108.544 E.02111
G1 X140.651 Y107.635 E.03103
G1 X140.437 Y107.036 E.0211
G1 X140.031 Y106.168 E.03178
G1 X139.561 Y105.413 E.02951
G1 X139.247 Y105.009 E.01697
G1 X154.991 Y105.009 E.52225
G1 X154.991 Y114.991 E.33111
M73 P58 R11
G1 X139.3 Y114.991 E.52049
G1 E-4.5
;WIPE_START
G1 X139.596 Y114.537 E-.12873
G1 X140.085 Y113.732 E-.2237
G1 X140.302 Y113.263 E-.12257
;WIPE_END
G1 E-.025
M205 X8 Y8
G1 X138.351 Y115.398 Z4 F7200
G1 Z3.6
G1 E5 F2400
M205 X10 Y10
G1 F2700
G1 X138.892 Y114.803 E.02667
G1 X139.25 Y114.323 E.01986
G1 X139.717 Y113.558 E.02975
G1 X140.038 Y112.869 E.0252
G1 X140.373 Y111.856 E.03542
G1 X140.496 Y111.251 E.02046
G1 X140.568 Y110.717 E.01789
G1 X140.601 Y109.972 E.02474
G1 X140.563 Y109.23 E.02462
G1 X140.476 Y108.638 E.01987
G1 X140.267 Y107.77 E.02962
G1 X140.067 Y107.205 E.01986
G1 X139.685 Y106.383 E.03006
G1 X139.176 Y105.572 E.03178
G1 X138.656 Y104.922 E.02761
G1 X138.328 Y104.602 E.01521
G1 X155.398 Y104.602 E.56625
G1 X155.398 Y115.398 E.35812
G1 X138.391 Y115.398 E.56415
G1 E-4.5
;WIPE_START
G1 X138.892 Y114.803 E-.18469
G1 X139.25 Y114.323 E-.14217
G1 X139.575 Y113.791 E-.14814
;WIPE_END
G1 E-.025
M205 X8 Y8
G1 X137.308 Y115.786 Z4 F7200
G1 Z3.6
G1 E5 F2400
M205 X10 Y10
;TYPE:Outer wall
;WIDTH:0.419999
G1 X138.097 Y115.1 E.03211
G1 X138.579 Y114.568 E.02206
G1 X138.916 Y114.117 E.01729
G1 X139.363 Y113.39 E.02622
G1 X139.666 Y112.746 E.02187
G1 X139.994 Y111.755 E.03209
G1 X140.108 Y111.198 E.01748
G1 X140.176 Y110.697 E.01551
G1 X140.21 Y109.991 E.02174
G1 X140.174 Y109.285 E.0217
G1 X140.095 Y108.728 E.01729
G1 X139.897 Y107.899 E.02619
G1 X139.71 Y107.369 E.01729
G1 X139.352 Y106.59 E.02631
G1 X138.87 Y105.817 E.02802
G1 X138.333 Y105.148 E.02636
G1 X137.585 Y104.436 E.03173
G1 X137.269 Y104.21 E.01192
G1 X155.79 Y104.21 E.56909
G1 X155.79 Y115.79 E.35582
G1 X137.348 Y115.786 E.56666
G1 E-4.5 F2700
;WIPE_START
G1 F2400
G1 X138.097 Y115.1 E-.24114
G1 X138.579 Y114.568 E-.1705
G1 X138.739 Y114.354 E-.06337
;WIPE_END
G1 E-.025 F2700
M205 X8 Y8
G1 X140.44 Y113.639 Z4 F7200
G1 Z3.6
G1 E5 F2400
M205 X10 Y10
;TYPE:Sparse infill
;WIDTH:0.45
G1 F3000
G1 X140.278 Y113.975 E.01238
G1 X139.815 Y114.706 E.0287
G1 X140.205 Y114.706 E.01294
G1 X140.653 Y114.061 E.02604
G1 X141.308 Y113.228 E.03514
G1 X141.963 Y112.68 E.02834
G1 X142.618 Y112.329 E.02466
G1 X143.273 Y112.108 E.02293
G1 X143.929 Y112.005 E.022
G1 X144.584 Y112.084 E.02189
G1 X144.911 Y112.259 E.01232
G1 X145.239 Y112.577 E.01515
G1 X145.894 Y113.521 E.03813
G1 X146.549 Y114.354 E.03514
G1 X146.97 Y114.706 E.01819
G1 X150.688 Y114.706 E.12334
G1 X151.135 Y114.061 E.02604
G1 X151.791 Y113.228 E.03514
G1 X152.446 Y112.68 E.02834
G1 X153.101 Y112.329 E.02466
G1 X153.756 Y112.108 E.02293
G1 X154.411 Y112.005 E.022
G1 X154.706 Y112.04 E.00984
G1 X154.706 Y108.361 E.12204
G1 X154.411 Y107.987 E.0158
G1 X153.756 Y107.439 E.02834
G1 X153.101 Y107.088 E.02466
G1 X152.446 Y106.867 E.02293
G1 X151.791 Y106.763 E.022
G1 X151.135 Y106.843 E.02189
G1 X150.808 Y107.017 E.01232
G1 X150.48 Y107.336 E.01515
G1 X149.825 Y108.28 E.03813
G1 X149.17 Y109.113 E.03514
G1 X148.515 Y109.661 E.02834
G1 X147.86 Y110.012 E.02466
G1 X147.204 Y110.233 E.02293
G1 X146.549 Y110.336 E.022
G1 X145.894 Y110.257 E.02189
G1 X145.567 Y110.082 E.01232
G1 X145.239 Y109.764 E.01515
G1 X144.584 Y108.82 E.03813
G1 X143.929 Y107.987 E.03514
G1 X143.273 Y107.439 E.02834
G1 X142.618 Y107.088 E.02466
G1 X141.963 Y106.867 E.02293
G1 X141.308 Y106.763 E.022
G1 X140.661 Y106.842 E.02161
G1 X140.348 Y106.156 E.02501
G1 X139.888 Y105.412 E.029
; stop printing object 05_probe_bridge.stl id:0 copy 0
;TIME_ELAPSED:941.702271

;LAYER_CHANGE
;:3.8
;HEIGHT:0.2
;BEFORE_LAYER_CHANGE
;3.8
G92 E0

G1 E-4.5 F2700
;WIPE_START
G1 F3000
G1 X140.348 Y106.156 E-.20766
G1 X140.661 Y106.842 E-.17906
G1 X141.03 Y106.797 E-.08827
;WIPE_END
G1 E-.025 F2700
;_SET_FAN_SPEED_CHANGING_LAYER
; OBJECT_ID: 15
; printing object 05_probe_bridge.stl id:0 copy 0
M205 X8 Y8
G17
G3 Z4 I-.331 J-1.171 P1  F7200
G1 X112.163 Y114.963 Z4
G1 Z3.8
G1 E5 F2400
M205 X10 Y10
;TYPE:Inner wall
;WIDTH:0.505614
G1 F2700
G1 X111.769 Y114.977 E.01487
;WIDTH:0.477807
G1 X111.375 Y114.991 E.01398
;WIDTH:0.449999
G1 X65.009 Y114.991 E1.53803
G1 X65.009 Y105.009 E.33111
G1 X110.874 Y105.009 E1.52142
;WIDTH:0.489307
G1 X111.197 Y105.029 E.01176
;WIDTH:0.528615
G1 X111.519 Y105.048 E.01279
;WIDTH:0.567922
G1 X111.842 Y105.068 E.01383
G1 X111.761 Y105.103 E.0038
;WIDTH:0.541217
G1 X111.679 Y105.139 E.0036
;WIDTH:0.514512
G1 X111.226 Y105.328 E.01888
;WIDTH:0.482256
G1 X110.773 Y105.517 E.01758
;WIDTH:0.449999
G1 X109.941 Y106.038 E.03255
G1 X109.227 Y106.711 E.03255
G1 X108.658 Y107.51 E.03255
G1 X108.255 Y108.405 E.03255
G1 X108.036 Y109.361 E.03255
G1 X107.997 Y110.149 E.02615
G1 X108.031 Y110.51 E.01205
G1 X108.169 Y111.31 E.02691
G1 X108.517 Y112.227 E.03255
G1 X109.038 Y113.059 E.03255
G1 X109.711 Y113.773 E.03255
G1 X110.51 Y114.342 E.03255
G1 X111.405 Y114.745 E.03255
;WIDTH:0.477807
G1 X111.784 Y114.854 E.01398
;WIDTH:0.505614
G1 X112.125 Y114.952 E.01336
G1 E-4.5
;WIPE_START
G1 X111.769 Y114.977 E-.0847
G1 X111.375 Y114.991 E-.09368
G1 X110.126 Y114.991 E-.29663
;WIPE_END
G1 E-.025
M205 X8 Y8
G1 X102.684 Y113.295 Z4.2 F7200
G1 X74.07 Y106.773 Z4.2
G1 Z3.8
G1 E5 F2400
M205 X10 Y10
;WIDTH:0.449999
G1 F2700
G1 X74.264 Y106.607 E.00846
G1 X74.601 Y106.491 E.01183
G1 X99.271 Y106.491 E.81836
G1 X99.736 Y106.607 E.01589
G1 X100.062 Y106.886 E.01421
G1 X100.22 Y107.202 E.01172
G1 X100.259 Y107.479 E.00927
G1 X100.259 Y112.521 E.16728
G1 X100.22 Y112.798 E.00927
G1 X100.062 Y113.114 E.01172
G1 X99.736 Y113.393 E.01421
G1 X99.399 Y113.509 E.01183
G1 X74.729 Y113.509 E.81836
G1 X74.264 Y113.393 E.01589
G1 X73.938 Y113.114 E.01421
G1 X73.78 Y112.798 E.01172
G1 X73.741 Y112.521 E.00927
G1 X73.741 Y107.479 E.16728
G1 X73.78 Y107.202 E.00927
G1 X73.938 Y106.886 E.01172
G1 X74.04 Y106.799 E.00442
M205 X8 Y8
G1 X74.329 Y107.075 F7200
M205 X10 Y10
G1 F2700
G1 X74.455 Y106.966 E.00553
G1 X74.729 Y106.898 E.00934
G1 X99.271 Y106.898 E.81413
G1 X99.545 Y106.966 E.00934
G1 X99.736 Y107.13 E.00836
G1 X99.852 Y107.362 E.00861
G1 X99.852 Y108.91 E.05132
G1 X99.852 Y112.521 E.11981
G1 X99.829 Y112.684 E.00545
G1 X99.736 Y112.87 E.00689
G1 X99.545 Y113.034 E.00836
G1 X99.271 Y113.102 E.00934
G1 X74.729 Y113.102 E.81413
G1 X74.455 Y113.034 E.00934
M73 P59 R11
G1 X74.264 Y112.87 E.00836
G1 X74.148 Y112.638 E.00861
G1 X74.148 Y107.479 E.17113
G1 X74.171 Y107.316 E.00545
G1 X74.264 Y107.13 E.00689
G1 X74.298 Y107.101 E.00149
M205 X8 Y8
G1 X74.578 Y107.365 F7200
M205 X10 Y10
;TYPE:Outer wall
;WIDTH:0.419999
G1 F2400
G1 X74.729 Y107.29 E.00518
G1 X99.271 Y107.29 E.75413
G1 X99.422 Y107.365 E.00518
M73 P59 R10
G1 X99.46 Y107.479 E.00366
G1 X99.46 Y112.521 E.15495
G1 X99.422 Y112.635 E.00366
G1 X99.271 Y112.71 E.00518
G1 X74.729 Y112.71 E.75413
G1 X74.578 Y112.635 E.00518
G1 X74.54 Y112.521 E.00366
G1 X74.54 Y107.479 E.15495
G1 X74.565 Y107.403 E.00243
G1 E-4.5 F2700
;WIPE_START
G1 F2400
G1 X74.729 Y107.29 E-.04725
G1 X76.53 Y107.29 E-.42775
;WIPE_END
G1 E-.025 F2700
M205 X8 Y8
G1 X84.014 Y108.785 Z4.2 F7200
G1 X114.358 Y114.846 Z4.2
G1 Z3.8
G1 E5 F2400
M205 X10 Y10
;TYPE:Inner wall
;WIDTH:0.514512
G1 F2700
G1 X114.774 Y114.672 E.01732
;WIDTH:0.482256
G1 X115.227 Y114.483 E.01758
;WIDTH:0.449999
G1 X116.059 Y113.962 E.03255
G1 X116.773 Y113.289 E.03255
G1 X117.342 Y112.49 E.03255
G1 X117.745 Y111.595 E.03255
G1 X117.964 Y110.639 E.03255
G1 X118.003 Y109.851 E.02615
G1 X117.959 Y109.426 E.01416
G1 X117.831 Y108.69 E.02479
G1 X117.483 Y107.773 E.03255
G1 X116.962 Y106.941 E.03255
G1 X116.289 Y106.227 E.03255
G1 X115.49 Y105.658 E.03255
G1 X114.595 Y105.255 E.03255
;WIDTH:0.477809
G1 X114.216 Y105.146 E.01398
;WIDTH:0.505618
G1 X113.837 Y105.037 E.01487
G1 X114.231 Y105.023 E.01487
;WIDTH:0.477809
G1 X114.625 Y105.009 E.01398
;WIDTH:0.449999
G1 X126.74 Y105.009 E.40187
G1 X126.397 Y105.473 E.01915
G1 X125.905 Y106.29 E.03163
G1 X125.46 Y107.293 E.03641
G1 X125.217 Y108.118 E.02851
G1 X125.057 Y109.005 E.0299
G1 X124.993 Y110.066 E.03525
G1 X125.067 Y111.08 E.03375
G1 X125.244 Y111.993 E.03084
G1 X125.476 Y112.743 E.02606
G1 X125.793 Y113.489 E.02686
G1 X126.332 Y114.441 E.03629
G1 X126.74 Y114.991 E.02273
G1 X115.126 Y114.991 E.38527
;WIDTH:0.489307
G1 X114.803 Y114.971 E.01176
;WIDTH:0.528615
G1 X114.481 Y114.952 E.01279
;WIDTH:0.567922
G1 X114.158 Y114.932 E.01383
G1 X114.239 Y114.897 E.00379
;WIDTH:0.541217
G1 X114.321 Y114.861 E.0036
;WIDTH:0.514512
G1 X114.321 Y114.861 E.00002
G1 E-4.5
;WIPE_START
G1 X114.774 Y114.672 E-.11656
G1 X115.227 Y114.483 E-.11666
G1 X116.059 Y113.962 E-.23304
G1 X116.086 Y113.937 E-.00874
;WIPE_END
G1 E-.025
M205 X8 Y8
G1 X123.658 Y114.893 Z4.2 F7200
G1 X127.644 Y115.396 Z4.2
G1 Z3.8
G1 E5 F2400
M205 X10 Y10
;WIDTH:0.449999
G1 F2700
G1 X64.602 Y115.398 E2.09122
G1 X64.602 Y104.602 E.35812
G1 X127.649 Y104.602 E2.09138
G1 X127.108 Y105.197 E.02668
G1 X126.744 Y105.687 E.02024
G1 X126.277 Y106.455 E.02981
G1 X125.843 Y107.433 E.0355
G1 X125.618 Y108.19 E.0262
G1 X125.435 Y109.379 E.03988
G1 X125.399 Y110.039 E.02192
G1 X125.468 Y111.006 E.03216
G1 X125.633 Y111.875 E.02935
G1 X125.853 Y112.588 E.02474
G1 X126.147 Y113.288 E.02521
G1 X126.675 Y114.219 E.0355
G1 X127.142 Y114.844 E.02589
G1 X127.617 Y115.367 E.02344
G1 E-4.5
;WIPE_START
G1 X125.617 Y115.368 E-.475
;WIPE_END
G1 E-.025
M205 X8 Y8
G1 X128.731 Y115.79 Z4.2 F7200
G1 Z3.8
G1 E5 F2400
M205 X10 Y10
;TYPE:Outer wall
;WIDTH:0.419999
G1 X64.21 Y115.79 E1.98254
G1 X64.21 Y104.21 E.35582
G1 X128.691 Y104.214 E1.98133
G1 X127.903 Y104.9 E.03211
G1 X127.421 Y105.433 E.02206
G1 X127.077 Y105.892 E.01764
G1 X126.635 Y106.614 E.026
G1 X126.212 Y107.569 E.0321
G1 X126.003 Y108.26 E.02218
G1 X125.826 Y109.403 E.03552
G1 X125.79 Y110.013 E.01878
G1 X125.853 Y110.934 E.02837
G1 X126.009 Y111.761 E.02587
G1 X126.215 Y112.438 E.02173
G1 X126.488 Y113.095 E.02187
G1 X127.004 Y114.004 E.03211
G1 X127.432 Y114.581 E.02208
G1 X127.909 Y115.105 E.02176
G1 X128.419 Y115.567 E.02116
G1 X128.698 Y115.767 E.01055
G1 E-4.5 F2700
;WIPE_START
G1 F2400
G1 X126.698 Y115.767 E-.475
;WIPE_END
G1 E-.025 F2700
M205 X8 Y8
G1 X119.106 Y114.979 Z4.2 F7200
G1 X114.099 Y114.46 Z4.2
G1 Z3.8
G1 E5 F2400
M205 X10 Y10
;TYPE:Inner wall
;WIDTH:0.449999
G1 F2700
G1 X113.283 Y114.591 E.02742
G1 X112.381 Y114.558 E.02991
G1 X111.504 Y114.35 E.02991
G1 X110.684 Y113.974 E.02991
G1 X109.953 Y113.446 E.02991
G1 X109.34 Y112.786 E.02991
G1 X108.867 Y112.018 E.02991
G1 X108.552 Y111.173 E.02991
G1 X108.403 Y110.169 E.03367
G1 X108.442 Y109.381 E.02615
G1 X108.65 Y108.504 E.02991
G1 X109.026 Y107.684 E.02991
G1 X109.554 Y106.953 E.02991
G1 X110.214 Y106.34 E.02991
G1 X110.982 Y105.867 E.02991
G1 X111.827 Y105.552 E.02991
G1 X112.799 Y105.406 E.0326
G1 X113.623 Y105.442 E.02736
G1 X114.496 Y105.65 E.02976
G1 X115.316 Y106.026 E.02991
G1 X116.047 Y106.554 E.02991
G1 X116.66 Y107.214 E.02991
G1 X117.133 Y107.982 E.02991
G1 X117.448 Y108.827 E.02991
G1 X117.597 Y109.831 E.03367
G1 X117.558 Y110.619 E.02615
G1 X117.35 Y111.496 E.02991
G1 X116.974 Y112.316 E.02991
G1 X116.446 Y113.047 E.02991
G1 X115.786 Y113.66 E.02991
G1 X115.018 Y114.133 E.02991
G1 X114.173 Y114.448 E.02991
G1 X114.138 Y114.453 E.00116
M205 X8 Y8
G1 X114.037 Y114.079 F7200
M205 X10 Y10
;TYPE:Outer wall
;WIDTH:0.419999
G1 F2400
G1 X113.225 Y114.203 E.02525
G1 X112.401 Y114.166 E.02535
G1 X111.599 Y113.969 E.02535
G1 X110.852 Y113.62 E.02535
G1 X110.187 Y113.131 E.02535
G1 X109.63 Y112.522 E.02535
G1 X109.203 Y111.816 E.02535
G1 X108.922 Y111.041 E.02535
G1 X108.795 Y110.188 E.02648
G1 X108.834 Y109.401 E.02422
G1 X109.031 Y108.599 E.02535
G1 X109.38 Y107.852 E.02535
G1 X109.869 Y107.187 E.02535
G1 X110.478 Y106.63 E.02535
G1 X111.184 Y106.203 E.02535
G1 X111.959 Y105.922 E.02535
G1 X112.852 Y105.795 E.02772
G1 X113.601 Y105.834 E.02303
G1 X114.401 Y106.031 E.02531
G1 X115.148 Y106.38 E.02535
G1 X115.813 Y106.869 E.02535
G1 X116.37 Y107.478 E.02535
G1 X116.797 Y108.184 E.02535
G1 X117.078 Y108.959 E.02535
G1 X117.205 Y109.812 E.02648
G1 X117.166 Y110.599 E.02422
G1 X116.969 Y111.401 E.02535
G1 X116.62 Y112.148 E.02535
G1 X116.131 Y112.813 E.02535
G1 X115.522 Y113.37 E.02535
G1 X114.816 Y113.797 E.02535
G1 X114.075 Y114.066 E.02423
G1 E-4.5 F2700
;WIPE_START
M73 P60 R10
G1 F2400
G1 X113.225 Y114.203 E-.20451
G1 X112.401 Y114.166 E-.19597
G1 X112.096 Y114.091 E-.07453
;WIPE_END
G1 E-.025 F2700
M205 X8 Y8
G1 X113.537 Y106.596 Z4.2 F7200
G1 X113.837 Y105.037 Z4.2
G1 Z3.8
G1 E5 F2400
M205 X10 Y10
;TYPE:Inner wall
;WIDTH:0.505618
G1 F2700
G1 X113.647 Y105.023 E.00718
;WIDTH:0.476802
G1 X112.744 Y105.006 E.03193
;WIDTH:0.485186
G1 X112.443 Y105.027 E.01086
;WIDTH:0.526554
G1 X112.143 Y105.047 E.01188
;WIDTH:0.567922
G1 X111.842 Y105.068 E.01289
G1 E-4.5
;WIPE_START
G1 X112.143 Y105.047 E-.07166
G1 X112.443 Y105.027 E-.07166
G1 X112.744 Y105.006 E-.07167
G1 X113.647 Y105.023 E-.21473
G1 X113.837 Y105.037 E-.04527
;WIPE_END
G1 E-.025
M205 X8 Y8
G1 X112.568 Y112.563 Z4.2 F7200
G1 X112.163 Y114.963 Z4.2
G1 Z3.8
G1 E5 F2400
M205 X10 Y10
;WIDTH:0.505614
G1 F2700
G1 X112.361 Y114.978 E.00747
;WIDTH:0.476388
G1 X113.342 Y114.992 E.03466
;WIDTH:0.487426
G1 X113.614 Y114.972 E.00988
;WIDTH:0.527674
G1 X113.886 Y114.952 E.01077
;WIDTH:0.567922
G1 X114.158 Y114.932 E.01167
G1 E-4.5
;WIPE_START
G1 X113.886 Y114.952 E-.06485
G1 X113.614 Y114.972 E-.06485
G1 X113.342 Y114.992 E-.06485
G1 X112.361 Y114.978 E-.23334
G1 X112.163 Y114.963 E-.04712
;WIPE_END
G1 E-.025
M205 X8 Y8
G1 X108.446 Y112.662 Z4.2 F7200
G1 Z3.8
G1 E5 F2400
M205 X10 Y10
;TYPE:Sparse infill
;WIDTH:0.45
G1 F3000
G1 X108.68 Y113.053 E.01515
G1 X108.824 Y113.247 E.00801
G1 X109.458 Y113.927 E.03083
G1 X109.205 Y114.318 E.01546
G1 X108.99 Y114.706 E.0147
G1 X105.06 Y114.706 E.13036
G1 X104.619 Y114.277 E.02042
G1 X103.964 Y113.264 E.04001
G1 X103.309 Y112.083 E.0448
G1 X102.981 Y111.793 E.01451
G1 X102.653 Y111.708 E.01122
G1 X101.998 Y111.777 E.02185
G1 X101.343 Y111.97 E.02266
G1 X100.688 Y112.255 E.0237
G1 X100.544 Y112.346 E.00564
G1 X100.544 Y112.527 E.00602
G1 X100.494 Y112.88 E.01181
G1 X100.29 Y113.287 E.01512
G1 X99.873 Y113.644 E.0182
G1 X99.494 Y113.775 E.01329
G1 X99.062 Y113.794 E.01437
G1 X98.722 Y114.318 E.02071
G1 X98.507 Y114.706 E.0147
G1 X94.578 Y114.706 E.13036
G1 X94.136 Y114.277 E.02042
G1 X93.824 Y113.794 E.01906
G1 X88.579 Y113.794 E.17399
G1 X88.24 Y114.318 E.02071
G1 X88.025 Y114.706 E.0147
G1 X84.095 Y114.706 E.13036
G1 X83.654 Y114.277 E.02042
G1 X83.341 Y113.794 E.01906
G1 X78.096 Y113.794 E.17399
G1 X77.757 Y114.318 E.02071
G1 X77.542 Y114.706 E.0147
G1 X73.612 Y114.706 E.13036
G1 X73.171 Y114.277 E.02042
G1 X72.516 Y113.264 E.04001
G1 X71.861 Y112.083 E.0448
G1 X71.533 Y111.793 E.01451
G1 X71.206 Y111.708 E.01122
G1 X70.55 Y111.777 E.02185
G1 X69.895 Y111.97 E.02266
G1 X69.24 Y112.255 E.0237
G1 X68.585 Y112.668 E.0257
G1 X67.93 Y113.306 E.03032
G1 X67.275 Y114.318 E.04001
G1 X67.06 Y114.706 E.0147
G1 X65.431 Y114.706 E.05401
M205 X8 Y8
G1 X73.456 Y108.852 F7200
M205 X10 Y10
G1 F3000
G1 X73.456 Y110.48 E.05401
G1 X73.171 Y110.564 E.00985
G1 X72.516 Y110.633 E.02185
G1 X72.188 Y110.548 E.01122
G1 X71.861 Y110.258 E.01451
G1 X71.206 Y109.077 E.0448
G1 X70.55 Y108.064 E.04001
G1 X69.895 Y107.427 E.03032
G1 X69.24 Y107.014 E.0257
G1 X68.585 Y106.729 E.0237
G1 X67.93 Y106.536 E.02266
G1 X67.275 Y106.467 E.02185
G1 X66.947 Y106.552 E.01122
G1 X66.619 Y106.842 E.01451
G1 X65.964 Y108.023 E.0448
G1 X65.294 Y109.05 E.04068
G1 X65.294 Y105.318 E.12378
G1 X65.964 Y105.392 E.02236
G1 X66.306 Y105.294 E.0118
G1 X75.695 Y105.294 E.31144
G1 X75.792 Y105.323 E.00335
G1 X76.447 Y105.392 E.02185
G1 X76.789 Y105.294 E.0118
G1 X86.177 Y105.294 E.31144
G1 X86.274 Y105.323 E.00335
G1 X86.929 Y105.392 E.02185
G1 X87.271 Y105.294 E.0118
G1 X96.66 Y105.294 E.31144
G1 X96.757 Y105.323 E.00335
G1 X97.412 Y105.392 E.02185
G1 X97.754 Y105.294 E.0118
G1 X107.143 Y105.294 E.31144
G1 X107.24 Y105.323 E.00335
G1 X107.895 Y105.392 E.02185
G1 X108.237 Y105.294 E.0118
G1 X110.475 Y105.294 E.07425
G1 X110.492 Y105.354 E.00206
G1 X109.947 Y105.68 E.02107
G1 X109.753 Y105.824 E.00801
G1 X109.163 Y106.359 E.02642
G1 X109.022 Y106.514 E.00694
G1 X108.877 Y106.552 E.00496
G1 X108.55 Y106.842 E.01451
G1 X107.895 Y108.023 E.0448
G1 X107.24 Y109.035 E.04001
G1 X106.584 Y109.673 E.03032
G1 X105.929 Y110.086 E.0257
G1 X105.274 Y110.371 E.0237
G1 X104.619 Y110.564 E.02266
G1 X103.964 Y110.633 E.02185
G1 X103.636 Y110.548 E.01122
G1 X103.309 Y110.258 E.01451
G1 X102.653 Y109.077 E.0448
G1 X101.998 Y108.064 E.04001
G1 X101.343 Y107.427 E.03032
G1 X100.688 Y107.014 E.0257
G1 X100.372 Y106.876 E.01144
G1 X100.29 Y106.713 E.00607
G1 X99.87 Y106.353 E.01833
G1 X99.281 Y106.206 E.02014
G1 X98.996 Y106.206 E.00948
G1 E-4.5 F2700
;WIPE_START
G1 F3000
G1 X99.281 Y106.206 E-.06786
G1 X99.87 Y106.353 E-.14418
G1 X100.29 Y106.713 E-.13122
G1 X100.372 Y106.876 E-.04347
G1 X100.688 Y107.014 E-.08187
G1 X100.711 Y107.028 E-.0064
;WIPE_END
G1 E-.025 F2700
M205 X8 Y8
G1 X107.676 Y110.149 Z4.2 F7200
G1 X117.844 Y114.706 Z4.2
G1 Z3.8
G1 E5 F2400
M205 X10 Y10
G1 F3000
G1 X119.473 Y114.706 E.05401
G1 X119.688 Y114.318 E.0147
G1 X120.343 Y113.306 E.04001
G1 X120.998 Y112.668 E.03032
G1 X121.653 Y112.255 E.0257
G1 X122.308 Y111.97 E.0237
G1 X122.963 Y111.777 E.02266
G1 X123.619 Y111.708 E.02185
G1 X123.946 Y111.793 E.01122
G1 X124.274 Y112.083 E.01451
G1 X124.929 Y113.264 E.0448
G1 X125.584 Y114.277 E.04001
G1 X126.025 Y114.706 E.02042
G1 X124.397 Y114.706 E.05401
M205 X8 Y8
G1 X124.775 Y108.961 F7200
M205 X10 Y10
G1 F3000
G1 X124.706 Y110.006 E.03474
G1 X124.747 Y110.586 E.01928
G1 X124.601 Y110.548 E.00501
G1 X124.274 Y110.258 E.01451
G1 X123.619 Y109.077 E.0448
G1 X122.963 Y108.064 E.04001
G1 X122.308 Y107.427 E.03032
G1 X121.653 Y107.014 E.0257
G1 X120.998 Y106.729 E.0237
G1 X120.343 Y106.536 E.02266
G1 X119.688 Y106.467 E.02185
G1 X119.36 Y106.552 E.01122
G1 X119.032 Y106.842 E.01451
G1 X118.377 Y108.023 E.0448
G1 X118.067 Y108.503 E.01897
G1 X117.832 Y107.848 E.02307
G1 X117.729 Y107.63 E.00801
G1 X117.32 Y106.947 E.02642
G1 X117.176 Y106.753 E.00801
G1 X116.641 Y106.163 E.02642
G1 X116.462 Y106 E.00801
G1 X115.822 Y105.526 E.02642
G1 X115.522 Y105.358 E.01143
G1 X115.536 Y105.294 E.00216
G1 X117.625 Y105.294 E.06931
G1 X117.722 Y105.323 E.00335
G1 X118.377 Y105.392 E.02185
G1 X118.719 Y105.294 E.0118
G1 X120.348 Y105.294 E.05401
G1 E-5 F2700
M205 X8 Y8
G1 X127.139 Y108.776 Z4.2 F7200
G1 X139.26 Y114.991 Z4.2
G1 Z3.8
G1 E5 F2400
M205 X10 Y10
;TYPE:Inner wall
;WIDTH:0.449999
G1 F2700
G1 X139.603 Y114.527 E.01915
G1 X140.085 Y113.732 E.03084
G1 X140.425 Y112.997 E.02685
G1 X140.768 Y111.957 E.03635
G1 X140.907 Y111.244 E.02408
G1 X141.011 Y110.015 E.04092
G1 X140.966 Y109.173 E.02799
G1 X140.864 Y108.508 E.02231
G1 X140.546 Y107.306 E.04123
G1 X140.07 Y106.232 E.03899
G1 X139.631 Y105.511 E.02799
G1 X139.26 Y105.009 E.02071
G1 X154.991 Y105.009 E.52184
G1 X154.991 Y114.991 E.33111
G1 X139.3 Y114.991 E.52049
G1 E-4.5
;WIPE_START
G1 X139.603 Y114.527 E-.13166
G1 X140.085 Y113.732 E-.22078
G1 X140.302 Y113.263 E-.12256
;WIPE_END
G1 E-.025
M205 X8 Y8
G1 X138.351 Y115.398 Z4.2 F7200
G1 Z3.8
G1 E5 F2400
M205 X10 Y10
G1 F2700
G1 X138.892 Y114.803 E.02668
G1 X139.256 Y114.313 E.02024
G1 X139.717 Y113.558 E.02935
G1 X140.038 Y112.869 E.0252
G1 X140.374 Y111.854 E.03546
G1 X140.501 Y111.21 E.0218
G1 X140.603 Y110.009 E.03996
G1 X140.562 Y109.23 E.02589
G1 X140.47 Y108.612 E.02073
G1 X140.161 Y107.442 E.04015
G1 X139.708 Y106.421 E.03702
G1 X139.305 Y105.753 E.02589
G1 X138.858 Y105.156 E.02474
G1 X138.356 Y104.604 E.02477
G1 X155.398 Y104.602 E.56532
G1 X155.398 Y115.398 E.35812
G1 X138.391 Y115.398 E.56415
G1 E-4.5
;WIPE_START
G1 X138.892 Y114.803 E-.18478
G1 X139.256 Y114.313 E-.14492
G1 X139.575 Y113.791 E-.14531
;WIPE_END
G1 E-.025
M205 X8 Y8
G1 X137.308 Y115.786 Z4.2 F7200
G1 Z3.8
G1 E5 F2400
M205 X10 Y10
;TYPE:Outer wall
;WIDTH:0.419999
G1 X138.097 Y115.1 E.03211
G1 X138.579 Y114.567 E.02206
G1 X138.923 Y114.108 E.01764
G1 X139.363 Y113.39 E.02587
G1 X139.666 Y112.746 E.02187
G1 X139.994 Y111.755 E.0321
G1 X140.111 Y111.176 E.01813
G1 X140.21 Y110.003 E.03618
G1 X140.174 Y109.285 E.02209
G1 X140.091 Y108.712 E.01779
G1 X139.79 Y107.572 E.03624
G1 X139.36 Y106.603 E.03257
G1 X138.99 Y105.987 E.02209
G1 X138.568 Y105.419 E.02173
G1 X138.091 Y104.895 E.02176
G1 X137.581 Y104.433 E.02116
G1 X137.269 Y104.21 E.01178
G1 X155.79 Y104.21 E.56909
G1 X155.79 Y115.79 E.35582
M73 P61 R10
G1 X137.348 Y115.786 E.56666
G1 E-4.5 F2700
;WIPE_START
G1 F2400
G1 X138.097 Y115.1 E-.24114
G1 X138.579 Y114.567 E-.17052
G1 X138.738 Y114.354 E-.06334
;WIPE_END
G1 E-.025 F2700
M205 X8 Y8
G1 X140.339 Y113.848 Z4.2 F7200
G1 Z3.8
G1 E5 F2400
M205 X10 Y10
;TYPE:Sparse infill
;WIDTH:0.45
G1 F3000
G1 X140.278 Y113.974 E.00462
G1 X139.815 Y114.706 E.02874
G1 X140.438 Y114.706 E.02066
G1 X140.653 Y114.318 E.0147
G1 X141.308 Y113.306 E.04001
G1 X141.963 Y112.668 E.03032
G1 X142.618 Y112.255 E.0257
G1 X143.273 Y111.97 E.0237
G1 X143.929 Y111.777 E.02266
G1 X144.584 Y111.708 E.02185
G1 X144.911 Y111.793 E.01122
G1 X145.239 Y112.083 E.01451
G1 X145.894 Y113.264 E.0448
G1 X146.549 Y114.277 E.04001
G1 X146.991 Y114.706 E.02042
G1 X150.92 Y114.706 E.13036
G1 X151.135 Y114.318 E.0147
G1 X151.791 Y113.306 E.04001
G1 X152.446 Y112.668 E.03032
G1 X153.101 Y112.255 E.0257
G1 X153.756 Y111.97 E.0237
G1 X154.411 Y111.777 E.02266
G1 X154.706 Y111.746 E.00983
G1 X154.706 Y108.52 E.10702
G1 X154.411 Y108.064 E.01799
G1 X153.756 Y107.427 E.03032
G1 X153.101 Y107.014 E.0257
G1 X152.446 Y106.729 E.0237
G1 X151.791 Y106.536 E.02266
G1 X151.135 Y106.467 E.02185
G1 X150.808 Y106.552 E.01122
G1 X150.48 Y106.842 E.01451
G1 X149.825 Y108.023 E.0448
G1 X149.17 Y109.035 E.04001
G1 X148.515 Y109.673 E.03032
G1 X147.86 Y110.086 E.0257
G1 X147.204 Y110.371 E.0237
G1 X146.549 Y110.564 E.02266
G1 X145.894 Y110.633 E.02185
G1 X145.567 Y110.548 E.01122
G1 X145.239 Y110.258 E.01451
G1 X144.584 Y109.077 E.0448
G1 X143.929 Y108.064 E.04001
G1 X143.273 Y107.427 E.03032
G1 X142.618 Y107.014 E.0257
G1 X141.963 Y106.729 E.0237
G1 X141.308 Y106.536 E.02266
G1 X140.653 Y106.467 E.02185
G1 X140.498 Y106.507 E.00532
G1 X140.286 Y106.04 E.01701
G1 X139.822 Y105.294 E.02914
G1 X149.073 Y105.294 E.30687
G1 X149.17 Y105.323 E.00335
G1 X149.825 Y105.392 E.02185
G1 X150.167 Y105.294 E.0118
G1 X151.795 Y105.294 E.05401
; stop printing object 05_probe_bridge.stl id:0 copy 0
;TIME_ELAPSED:985.806274

;LAYER_CHANGE
;:4
;HEIGHT:0.2
;BEFORE_LAYER_CHANGE
;4
G92 E0

G1 E-4.5 F2700
;WIPE_START
G1 F3000
G1 X150.167 Y105.294 E-.38673
G1 X149.825 Y105.392 E-.08445
G1 X149.809 Y105.39 E-.00382
;WIPE_END
G1 E-.025 F2700
;_SET_FAN_SPEED_CHANGING_LAYER
; OBJECT_ID: 15
; printing object 05_probe_bridge.stl id:0 copy 0
M205 X8 Y8
G17
G3 Z4.2 I-.3 J-1.179 P1  F7200
G1 X112.163 Y114.963 Z4.2
G1 Z4
G1 E5 F2400
M205 X10 Y10
;TYPE:Inner wall
;WIDTH:0.505614
G1 F2700
G1 X111.769 Y114.977 E.01487
;WIDTH:0.477807
G1 X111.375 Y114.991 E.01398
;WIDTH:0.449999
G1 X65.009 Y114.991 E1.53803
G1 X65.009 Y105.009 E.33111
G1 X110.874 Y105.009 E1.52142
;WIDTH:0.489307
G1 X111.197 Y105.029 E.01176
;WIDTH:0.528615
G1 X111.519 Y105.048 E.01279
;WIDTH:0.567922
G1 X111.842 Y105.068 E.01383
G1 X111.761 Y105.103 E.0038
;WIDTH:0.541217
G1 X111.679 Y105.139 E.0036
;WIDTH:0.514512
G1 X111.226 Y105.328 E.01888
;WIDTH:0.482256
G1 X110.773 Y105.517 E.01758
;WIDTH:0.449999
G1 X109.941 Y106.038 E.03255
G1 X109.227 Y106.711 E.03255
G1 X108.658 Y107.51 E.03255
G1 X108.255 Y108.405 E.03255
G1 X108.036 Y109.361 E.03255
G1 X107.997 Y110.149 E.02615
G1 X108.031 Y110.51 E.01205
G1 X108.169 Y111.31 E.02691
G1 X108.517 Y112.227 E.03255
G1 X109.038 Y113.059 E.03255
G1 X109.711 Y113.773 E.03255
G1 X110.51 Y114.342 E.03255
G1 X111.405 Y114.745 E.03255
;WIDTH:0.477807
G1 X111.784 Y114.854 E.01398
;WIDTH:0.505614
G1 X112.125 Y114.952 E.01336
G1 E-4.5
;WIPE_START
G1 X111.769 Y114.977 E-.0847
G1 X111.375 Y114.991 E-.09368
G1 X110.126 Y114.991 E-.29662
;WIPE_END
G1 E-.025
M205 X8 Y8
G1 X102.684 Y113.295 Z4.4 F7200
G1 X74.07 Y106.773 Z4.4
G1 Z4
G1 E5 F2400
M205 X10 Y10
;WIDTH:0.449999
G1 F2700
G1 X74.264 Y106.607 E.00846
G1 X74.601 Y106.491 E.01183
G1 X99.271 Y106.491 E.81836
G1 X99.736 Y106.607 E.01589
G1 X100.062 Y106.886 E.01421
G1 X100.22 Y107.202 E.01172
G1 X100.259 Y107.479 E.00927
G1 X100.259 Y112.521 E.16728
G1 X100.22 Y112.798 E.00927
G1 X100.062 Y113.114 E.01172
G1 X99.736 Y113.393 E.01421
G1 X99.399 Y113.509 E.01183
G1 X74.729 Y113.509 E.81836
G1 X74.264 Y113.393 E.01589
G1 X73.938 Y113.114 E.01421
G1 X73.78 Y112.798 E.01172
G1 X73.741 Y112.521 E.00927
G1 X73.741 Y107.479 E.16728
G1 X73.78 Y107.202 E.00927
G1 X73.938 Y106.886 E.01172
G1 X74.04 Y106.799 E.00442
M205 X8 Y8
G1 X74.329 Y107.075 F7200
M205 X10 Y10
G1 F2700
G1 X74.455 Y106.966 E.00553
G1 X74.729 Y106.898 E.00934
G1 X99.271 Y106.898 E.81413
G1 X99.545 Y106.966 E.00934
G1 X99.736 Y107.13 E.00836
G1 X99.852 Y107.362 E.00861
G1 X99.852 Y108.91 E.05132
G1 X99.852 Y112.521 E.11981
G1 X99.829 Y112.684 E.00545
G1 X99.736 Y112.87 E.00689
G1 X99.545 Y113.034 E.00836
G1 X99.271 Y113.102 E.00934
G1 X74.729 Y113.102 E.81413
G1 X74.455 Y113.034 E.00934
G1 X74.264 Y112.87 E.00836
G1 X74.148 Y112.638 E.00861
G1 X74.148 Y107.479 E.17113
G1 X74.171 Y107.316 E.00545
G1 X74.264 Y107.13 E.00689
G1 X74.298 Y107.101 E.00149
M205 X8 Y8
G1 X74.578 Y107.365 F7200
M205 X10 Y10
;TYPE:Outer wall
;WIDTH:0.419999
G1 F2400
G1 X74.729 Y107.29 E.00518
G1 X99.271 Y107.29 E.75413
G1 X99.422 Y107.365 E.00518
G1 X99.46 Y107.479 E.00366
G1 X99.46 Y112.521 E.15495
G1 X99.422 Y112.635 E.00366
G1 X99.271 Y112.71 E.00518
G1 X74.729 Y112.71 E.75413
G1 X74.578 Y112.635 E.00518
G1 X74.54 Y112.521 E.00366
G1 X74.54 Y107.479 E.15495
G1 X74.565 Y107.403 E.00243
G1 E-4.5 F2700
;WIPE_START
G1 F2400
G1 X74.729 Y107.29 E-.04725
G1 X76.53 Y107.29 E-.42775
;WIPE_END
G1 E-.025 F2700
M205 X8 Y8
G1 X84.014 Y108.786 Z4.4 F7200
G1 X114.347 Y114.85 Z4.4
G1 Z4
G1 E5 F2400
M205 X10 Y10
;TYPE:Inner wall
;WIDTH:0.514512
G1 F2700
G1 X114.774 Y114.672 E.0178
;WIDTH:0.482256
G1 X115.227 Y114.483 E.01758
;WIDTH:0.449999
G1 X116.059 Y113.962 E.03255
G1 X116.773 Y113.289 E.03255
G1 X117.342 Y112.49 E.03255
G1 X117.745 Y111.595 E.03255
G1 X117.964 Y110.639 E.03255
G1 X118.003 Y109.851 E.02615
G1 X117.962 Y109.442 E.01365
G1 X117.831 Y108.69 E.0253
G1 X117.483 Y107.773 E.03255
G1 X116.962 Y106.941 E.03255
G1 X116.289 Y106.227 E.03255
G1 X115.49 Y105.658 E.03255
G1 X114.595 Y105.255 E.03255
;WIDTH:0.477809
G1 X114.216 Y105.146 E.01398
;WIDTH:0.505618
G1 X113.837 Y105.037 E.01487
G1 X114.231 Y105.023 E.01487
;WIDTH:0.477809
G1 X114.625 Y105.009 E.01398
;WIDTH:0.449999
G1 X126.74 Y105.009 E.40187
G1 X126.39 Y105.483 E.01956
G1 X125.905 Y106.29 E.03122
G1 X125.46 Y107.293 E.03641
G1 X125.217 Y108.118 E.02853
G1 X125.055 Y109.017 E.03028
G1 X124.993 Y110.066 E.03487
G1 X125.069 Y111.093 E.03414
G1 X125.244 Y111.993 E.03043
G1 X125.476 Y112.743 E.02606
G1 X125.781 Y113.467 E.02606
G1 X126.153 Y114.154 E.02591
G1 X126.752 Y114.991 E.03412
G1 X115.126 Y114.991 E.38566
;WIDTH:0.489307
M73 P62 R10
G1 X114.803 Y114.971 E.01176
;WIDTH:0.528615
G1 X114.481 Y114.952 E.01279
;WIDTH:0.567922
G1 X114.158 Y114.932 E.01383
G1 X114.239 Y114.897 E.0038
;WIDTH:0.541217
G1 X114.31 Y114.866 E.00312
G1 E-4.5
;WIPE_START
G1 X114.774 Y114.672 E-.1195
G1 X115.227 Y114.483 E-.11666
G1 X116.059 Y113.962 E-.23304
G1 X116.077 Y113.945 E-.0058
;WIPE_END
G1 E-.025
M205 X8 Y8
G1 X123.65 Y114.894 Z4.4 F7200
G1 X127.672 Y115.398 Z4.4
G1 Z4
G1 E5 F2400
M205 X10 Y10
;WIDTH:0.449999
G1 F2700
G1 X64.602 Y115.398 E2.09215
G1 X64.602 Y104.602 E.35812
G1 X127.649 Y104.602 E2.09138
G1 X127.108 Y105.197 E.02669
G1 X126.737 Y105.696 E.02063
G1 X126.277 Y106.455 E.02942
G1 X125.843 Y107.433 E.0355
G1 X125.618 Y108.191 E.02622
G1 X125.434 Y109.375 E.03976
G1 X125.399 Y110.039 E.02205
G1 X125.469 Y111.018 E.03254
G1 X125.633 Y111.875 E.02896
G1 X125.853 Y112.588 E.02474
G1 X126.14 Y113.276 E.02474
G1 X126.493 Y113.93 E.02466
G1 X126.838 Y114.447 E.02063
G1 X127.345 Y115.079 E.02685
G1 X127.644 Y115.37 E.01385
G1 E-4.5
;WIPE_START
G1 X125.644 Y115.371 E-.475
;WIPE_END
G1 E-.025
M205 X8 Y8
G1 X128.731 Y115.79 Z4.4 F7200
G1 Z4
G1 E5 F2400
M205 X10 Y10
;TYPE:Outer wall
;WIDTH:0.419999
G1 X64.21 Y115.79 E1.98254
G1 X64.21 Y104.21 E.35582
G1 X128.692 Y104.214 E1.98133
G1 X127.903 Y104.9 E.03211
G1 X127.421 Y105.433 E.02207
G1 X127.071 Y105.902 E.01799
G1 X126.635 Y106.614 E.02564
G1 X126.212 Y107.569 E.0321
G1 X126.003 Y108.26 E.02219
G1 X125.826 Y109.399 E.03541
G1 X125.79 Y110.013 E.01889
G1 X125.854 Y110.945 E.02872
G1 X126.009 Y111.761 E.02551
G1 X126.215 Y112.438 E.02173
G1 X126.486 Y113.091 E.02173
G1 X126.82 Y113.714 E.02172
G1 X127.144 Y114.202 E.01799
G1 X127.667 Y114.852 E.02565
G1 X128.415 Y115.564 E.03173
G1 X128.698 Y115.767 E.01069
G1 E-4.5 F2700
;WIPE_START
G1 F2400
G1 X126.698 Y115.767 E-.475
;WIPE_END
G1 E-.025 F2700
M205 X8 Y8
G1 X119.106 Y114.981 Z4.4 F7200
G1 X114.086 Y114.462 Z4.4
G1 Z4
G1 E5 F2400
M205 X10 Y10
;TYPE:Inner wall
;WIDTH:0.449999
G1 F2700
G1 X113.283 Y114.591 E.027
G1 X112.381 Y114.558 E.02991
G1 X111.504 Y114.35 E.02991
G1 X110.684 Y113.974 E.02991
G1 X109.953 Y113.446 E.02991
G1 X109.34 Y112.786 E.02991
G1 X108.867 Y112.018 E.02991
G1 X108.552 Y111.173 E.02991
G1 X108.403 Y110.169 E.03367
G1 X108.442 Y109.381 E.02615
G1 X108.65 Y108.504 E.02991
G1 X109.026 Y107.684 E.02991
G1 X109.554 Y106.953 E.02991
G1 X110.214 Y106.34 E.02991
G1 X110.982 Y105.867 E.02991
G1 X111.827 Y105.552 E.02991
G1 X112.792 Y105.407 E.03237
G1 X113.623 Y105.442 E.02758
G1 X114.496 Y105.65 E.02978
G1 X115.316 Y106.026 E.02991
G1 X116.047 Y106.554 E.02991
G1 X116.66 Y107.214 E.02991
G1 X117.133 Y107.982 E.02991
G1 X117.448 Y108.827 E.02991
G1 X117.597 Y109.831 E.03367
G1 X117.558 Y110.619 E.02615
G1 X117.35 Y111.496 E.02991
G1 X116.974 Y112.316 E.02991
G1 X116.446 Y113.047 E.02991
G1 X115.786 Y113.66 E.02991
G1 X115.018 Y114.133 E.02991
G1 X114.173 Y114.448 E.02991
G1 X114.126 Y114.455 E.00158
M205 X8 Y8
G1 X114.025 Y114.081 F7200
M205 X10 Y10
;TYPE:Outer wall
;WIDTH:0.419999
G1 F2400
G1 X113.225 Y114.203 E.02486
G1 X112.401 Y114.166 E.02535
G1 X111.599 Y113.969 E.02536
G1 X110.852 Y113.62 E.02535
G1 X110.187 Y113.131 E.02535
G1 X109.63 Y112.522 E.02535
G1 X109.203 Y111.816 E.02535
G1 X108.922 Y111.041 E.02535
G1 X108.795 Y110.188 E.02648
G1 X108.834 Y109.401 E.02422
G1 X109.031 Y108.599 E.02535
G1 X109.38 Y107.852 E.02535
G1 X109.869 Y107.187 E.02535
G1 X110.478 Y106.63 E.02535
G1 X111.184 Y106.203 E.02535
G1 X111.959 Y105.922 E.02535
G1 X112.846 Y105.795 E.02751
G1 X113.601 Y105.834 E.02323
G1 X114.401 Y106.031 E.02531
G1 X115.148 Y106.38 E.02535
G1 X115.813 Y106.869 E.02535
G1 X116.37 Y107.478 E.02535
G1 X116.797 Y108.184 E.02535
G1 X117.078 Y108.959 E.02535
G1 X117.205 Y109.812 E.02648
G1 X117.166 Y110.599 E.02422
G1 X116.969 Y111.401 E.02535
G1 X116.62 Y112.148 E.02535
G1 X116.131 Y112.813 E.02535
G1 X115.522 Y113.37 E.02535
G1 X114.816 Y113.797 E.02535
G1 X114.063 Y114.07 E.02461
G1 E-4.5 F2700
;WIPE_START
G1 F2400
G1 X113.225 Y114.203 E-.20158
G1 X112.401 Y114.166 E-.19597
G1 X112.084 Y114.088 E-.07745
;WIPE_END
G1 E-.025 F2700
M205 X8 Y8
G1 X113.535 Y106.595 Z4.4 F7200
G1 X113.837 Y105.037 Z4.4
G1 Z4
M73 P62 R9
G1 E5 F2400
M205 X10 Y10
;TYPE:Inner wall
;WIDTH:0.505618
G1 F2700
G1 X113.646 Y105.023 E.00721
;WIDTH:0.47676
G1 X112.737 Y105.006 E.03216
;WIDTH:0.48537
G1 X112.438 Y105.027 E.01078
;WIDTH:0.526646
G1 X112.14 Y105.047 E.01178
;WIDTH:0.567922
G1 X111.842 Y105.068 E.01279
G1 E-4.5
;WIPE_START
G1 X112.14 Y105.047 E-.07108
G1 X112.438 Y105.027 E-.07108
G1 X112.737 Y105.006 E-.07108
G1 X113.646 Y105.023 E-.21632
G1 X113.837 Y105.037 E-.04545
;WIPE_END
G1 E-.025
M205 X8 Y8
G1 X112.568 Y112.563 Z4.4 F7200
G1 X112.163 Y114.963 Z4.4
G1 Z4
G1 E5 F2400
M205 X10 Y10
;WIDTH:0.505614
G1 F2700
G1 X112.361 Y114.978 E.00747
;WIDTH:0.476388
G1 X113.342 Y114.992 E.03466
;WIDTH:0.487425
G1 X113.614 Y114.972 E.00988
;WIDTH:0.527674
G1 X113.886 Y114.952 E.01077
;WIDTH:0.567922
G1 X114.158 Y114.932 E.01167
G1 E-4.5
;WIPE_START
G1 X113.886 Y114.952 E-.06485
G1 X113.614 Y114.972 E-.06485
G1 X113.342 Y114.992 E-.06485
G1 X112.361 Y114.978 E-.23334
G1 X112.163 Y114.963 E-.04712
;WIPE_END
G1 E-.025
M205 X8 Y8
G1 X118.277 Y110.018 Z4.4 F7200
G1 Z4
G1 E5 F2400
M205 X10 Y10
;TYPE:Sparse infill
;WIDTH:0.45
G1 F3000
G1 X118.289 Y109.78 E.0079
G1 X118.159 Y108.833 E.03173
G1 X118.036 Y108.417 E.01437
G1 X118.28 Y107.895 E.01913
G1 X118.504 Y107.24 E.02297
G1 X118.638 Y106.584 E.02218
G1 X118.614 Y106.257 E.0109
G1 X118.363 Y105.929 E.01369
G1 X117.078 Y105.294 E.04753
G1 X115.536 Y105.294 E.05117
G1 X115.522 Y105.358 E.00216
G1 X115.54 Y105.367 E.00069
M205 X8 Y8
G1 X110.46 Y105.373 F7200
M205 X10 Y10
G1 F3000
G1 X110.492 Y105.354 E.00123
G1 X110.475 Y105.294 E.00206
G1 X108.946 Y105.294 E.05073
G1 X108.969 Y105.602 E.01023
G1 X109.22 Y105.929 E.01369
G1 X109.49 Y106.063 E.00999
G1 X109.163 Y106.359 E.01464
G1 X109 Y106.538 E.00801
G1 X108.526 Y107.178 E.02642
G1 X108.402 Y107.385 E.00801
G1 X108.061 Y108.105 E.02642
G1 X107.98 Y108.333 E.00803
G1 X107.756 Y109.277 E.03218
G1 X107.71 Y110.201 E.0307
G1 X107.841 Y111.167 E.03235
G1 X107.899 Y111.402 E.00803
G1 X108.168 Y112.152 E.02642
G1 X108.271 Y112.37 E.00801
G1 X108.68 Y113.053 E.02642
G1 X108.824 Y113.247 E.00801
G1 X109.359 Y113.837 E.02642
G1 X109.519 Y113.982 E.00716
G1 X109.303 Y114.446 E.01698
G1 X109.214 Y114.706 E.0091
G1 X105.064 Y114.706 E.13766
G1 X104.8 Y114.446 E.01229
G1 X104.367 Y113.791 E.02605
G1 X104.061 Y113.136 E.02398
G1 X103.837 Y112.481 E.02297
G1 X103.703 Y111.826 E.02218
G1 X103.727 Y111.498 E.0109
G1 X103.978 Y111.171 E.01369
G1 X105.303 Y110.515 E.04903
G1 X105.912 Y110.188 E.02293
G1 X106.391 Y109.86 E.01926
G1 X107.059 Y109.205 E.03102
G1 X107.492 Y108.55 E.02605
G1 X107.797 Y107.895 E.02398
G1 X108.021 Y107.24 E.02297
G1 X108.156 Y106.584 E.02218
G1 X108.131 Y106.257 E.0109
G1 X107.88 Y105.929 E.01369
G1 X106.596 Y105.294 E.04753
M73 P63 R9
G1 X98.463 Y105.294 E.26978
G1 X98.486 Y105.602 E.01023
G1 X98.737 Y105.929 E.01369
G1 X99.312 Y106.213 E.02128
G1 X99.87 Y106.353 E.0191
G1 X100.272 Y106.698 E.01756
G1 X100.671 Y106.912 E.01501
G1 X101.15 Y107.24 E.01926
G1 X101.817 Y107.895 E.03102
G1 X102.25 Y108.55 E.02605
G1 X102.556 Y109.205 E.02398
G1 X102.78 Y109.86 E.02297
G1 X102.914 Y110.515 E.02218
G1 X102.89 Y110.843 E.0109
G1 X102.639 Y111.171 E.01369
G1 X101.314 Y111.826 E.04903
G1 X100.705 Y112.153 E.02293
G1 X100.544 Y112.263 E.00647
G1 X100.544 Y112.527 E.00876
G1 X100.494 Y112.88 E.01181
G1 X100.29 Y113.287 E.01512
G1 X99.873 Y113.644 E.0182
G1 X99.494 Y113.775 E.01329
G1 X99.124 Y113.794 E.0123
G1 X98.82 Y114.446 E.02387
G1 X98.731 Y114.706 E.0091
G1 X94.581 Y114.706 E.13766
G1 X94.317 Y114.446 E.01229
G1 X93.886 Y113.794 E.02593
G1 X88.642 Y113.794 E.17397
G1 X88.338 Y114.446 E.02387
G1 X88.249 Y114.706 E.0091
G1 X84.099 Y114.706 E.13766
G1 X83.834 Y114.446 E.01229
G1 X83.404 Y113.794 E.02593
G1 X78.159 Y113.794 E.17397
G1 X77.855 Y114.446 E.02387
G1 X77.766 Y114.706 E.0091
G1 X73.616 Y114.706 E.13766
G1 X73.352 Y114.446 E.01229
G1 X72.919 Y113.791 E.02605
G1 X72.614 Y113.136 E.02398
G1 X72.389 Y112.481 E.02297
G1 X72.255 Y111.826 E.02218
G1 X72.279 Y111.498 E.0109
G1 X72.53 Y111.171 E.01369
G1 X73.456 Y110.713 E.03425
G1 X73.456 Y112.341 E.05401
M205 X8 Y8
G1 X73.52 Y105.294 F7200
M205 X10 Y10
G1 F3000
G1 X75.148 Y105.294 E.05401
G1 X76.432 Y105.929 E.04753
G1 X76.644 Y106.206 E.01156
G1 X78.331 Y106.206 E.05596
G1 X77.772 Y105.929 E.02071
G1 X77.521 Y105.602 E.01369
G1 X77.498 Y105.294 E.01023
G1 X85.631 Y105.294 E.26978
G1 X86.915 Y105.929 E.04753
G1 X87.127 Y106.206 E.01156
G1 X88.814 Y106.206 E.05596
G1 X88.254 Y105.929 E.02071
G1 X88.003 Y105.602 E.01369
G1 X87.98 Y105.294 E.01023
G1 X96.113 Y105.294 E.26978
G1 X97.398 Y105.929 E.04753
G1 X97.61 Y106.206 E.01156
G1 X95.981 Y106.206 E.05401
M205 X8 Y8
G1 X121.057 Y105.294 F7200
M205 X10 Y10
G1 F3000
G1 X119.428 Y105.294 E.05401
G1 X119.451 Y105.602 E.01023
G1 X119.702 Y105.929 E.01369
G1 X121.027 Y106.584 E.04903
G1 X121.636 Y106.912 E.02293
G1 X122.115 Y107.24 E.01926
G1 X122.783 Y107.895 E.03102
G1 X123.216 Y108.55 E.02605
G1 X123.521 Y109.205 E.02398
G1 X123.745 Y109.86 E.02297
G1 X123.88 Y110.515 E.02218
G1 X123.855 Y110.843 E.0109
G1 X123.604 Y111.171 E.01369
G1 X122.279 Y111.826 E.04903
G1 X121.67 Y112.153 E.02293
G1 X121.191 Y112.481 E.01926
G1 X120.524 Y113.136 E.03102
G1 X120.091 Y113.791 E.02605
G1 X119.785 Y114.446 E.02398
G1 X119.696 Y114.706 E.0091
G1 X126.029 Y114.706 E.21007
G1 X125.765 Y114.446 E.01229
G1 X125.332 Y113.791 E.02605
G1 X125.027 Y113.136 E.02398
G1 X124.802 Y112.481 E.02297
G1 X124.668 Y111.826 E.02218
G1 X124.693 Y111.498 E.0109
G1 X124.823 Y111.328 E.00713
G1 X124.788 Y111.141 E.00631
G1 X124.706 Y110.006 E.03772
G1 X124.725 Y109.706 E.00998
G1 E-4.5 F2700
;WIPE_START
G1 F3000
G1 X124.706 Y110.006 E-.07144
G1 X124.788 Y111.141 E-.27009
G1 X124.823 Y111.328 E-.04519
G1 X124.693 Y111.498 E-.05101
G1 X124.681 Y111.655 E-.03726
;WIPE_END
G1 E-.025 F2700
M205 X8 Y8
G1 X117.059 Y112.049 Z4.4 F7200
G1 X65.655 Y114.706 Z4.4
G1 Z4
G1 E5 F2400
M205 X10 Y10
G1 F3000
G1 X67.283 Y114.706 E.05401
G1 X67.372 Y114.446 E.0091
G1 X67.678 Y113.791 E.02398
G1 X68.111 Y113.136 E.02605
G1 X68.778 Y112.481 E.03102
G1 X69.257 Y112.153 E.01926
G1 X69.866 Y111.826 E.02293
G1 X71.191 Y111.171 E.04903
G1 X71.442 Y110.843 E.01369
G1 X71.466 Y110.515 E.0109
G1 X71.332 Y109.86 E.02218
G1 X71.108 Y109.205 E.02297
G1 X70.802 Y108.55 E.02398
G1 X70.37 Y107.895 E.02605
G1 X69.702 Y107.24 E.03102
G1 X69.223 Y106.912 E.01926
G1 X68.614 Y106.584 E.02293
G1 X67.289 Y105.929 E.04903
G1 X67.038 Y105.602 E.01369
G1 X67.015 Y105.294 E.01023
G1 X65.294 Y105.294 E.05709
G1 X65.294 Y105.605 E.01031
G1 X65.95 Y105.929 E.02426
G1 X66.201 Y106.257 E.01369
G1 X66.225 Y106.584 E.0109
G1 X66.091 Y107.24 E.02218
G1 X65.867 Y107.895 E.02297
G1 X65.561 Y108.55 E.02398
G1 X65.294 Y108.954 E.01607
G1 X65.294 Y110.582 E.05401
G1 E-5 F2700
M205 X8 Y8
G1 X72.913 Y111.036 Z4.4 F7200
G1 X139.26 Y114.991 Z4.4
G1 Z4
G1 E5 F2400
M205 X10 Y10
;TYPE:Inner wall
;WIDTH:0.449999
G1 F2700
G1 X139.61 Y114.517 E.01956
G1 X140.085 Y113.732 E.03043
G1 X140.425 Y112.997 E.02685
G1 X140.769 Y111.956 E.03636
G1 X140.909 Y111.232 E.02448
G1 X141.011 Y110.014 E.04053
G1 X140.965 Y109.167 E.02816
G1 X140.839 Y108.367 E.02686
G1 X140.544 Y107.301 E.03669
G1 X140.067 Y106.226 E.039
G1 X139.547 Y105.393 E.03259
G1 X139.248 Y105.009 E.01614
G1 X154.991 Y105.009 E.52222
G1 X154.991 Y114.991 E.33111
G1 X139.3 Y114.991 E.5205
G1 E-4.5
;WIPE_START
G1 X139.61 Y114.517 E-.13459
G1 X140.085 Y113.732 E-.21786
G1 X140.302 Y113.264 E-.12255
;WIPE_END
G1 E-.025
M205 X8 Y8
G1 X138.351 Y115.398 Z4.4 F7200
G1 Z4
G1 E5 F2400
M205 X10 Y10
G1 F2700
G1 X138.892 Y114.803 E.02669
G1 X139.263 Y114.304 E.02063
G1 X139.717 Y113.558 E.02896
G1 X140.038 Y112.869 E.0252
G1 X140.374 Y111.854 E.03547
G1 X140.503 Y111.198 E.02219
G1 X140.603 Y110.009 E.03957
G1 X140.562 Y109.227 E.02599
G1 X140.446 Y108.476 E.02521
G1 X140.159 Y107.439 E.03569
G1 X139.706 Y106.417 E.03709
G1 X139.162 Y105.553 E.03387
G1 X138.655 Y104.921 E.02685
G1 X138.328 Y104.602 E.01518
G1 X155.398 Y104.602 E.56625
G1 X155.398 Y115.398 E.35812
G1 X138.391 Y115.398 E.56415
G1 E-4.5
;WIPE_START
G1 X138.892 Y114.803 E-.18487
G1 X139.263 Y114.304 E-.14767
G1 X139.575 Y113.791 E-.14246
;WIPE_END
G1 E-.025
M205 X8 Y8
G1 X137.308 Y115.786 Z4.4 F7200
G1 Z4
G1 E5 F2400
M205 X10 Y10
;TYPE:Outer wall
;WIDTH:0.419999
G1 X138.097 Y115.1 E.03211
G1 X138.579 Y114.567 E.02207
G1 X138.929 Y114.098 E.01799
G1 X139.363 Y113.39 E.02551
G1 X139.666 Y112.746 E.02187
G1 X139.994 Y111.755 E.0321
G1 X140.113 Y111.165 E.01848
G1 X140.21 Y110.003 E.03583
G1 X140.174 Y109.284 E.02212
G1 X140.068 Y108.58 E.02187
G1 X139.789 Y107.571 E.03217
G1 X139.359 Y106.602 E.03258
G1 X138.856 Y105.798 E.02913
G1 X138.333 Y105.148 E.02565
G1 X137.585 Y104.436 E.03173
G1 X137.269 Y104.21 E.01192
G1 X155.79 Y104.21 E.56909
G1 X155.79 Y115.79 E.35582
G1 X137.348 Y115.786 E.56666
G1 E-4.5 F2700
;WIPE_START
G1 F2400
G1 X138.097 Y115.1 E-.24114
G1 X138.579 Y114.567 E-.17055
G1 X138.738 Y114.354 E-.06331
;WIPE_END
G1 E-.025 F2700
M205 X8 Y8
G1 X140.233 Y114.046 Z4.4 F7200
G1 Z4
G1 E5 F2400
M205 X10 Y10
;TYPE:Sparse infill
;WIDTH:0.45
G1 F3000
G1 X139.815 Y114.706 E.02592
G1 X140.662 Y114.706 E.02809
G1 X140.751 Y114.446 E.0091
G1 X141.056 Y113.791 E.02398
G1 X141.489 Y113.136 E.02605
G1 X142.156 Y112.481 E.03102
G1 X142.636 Y112.153 E.01926
G1 X143.244 Y111.826 E.02293
G1 X144.569 Y111.171 E.04903
G1 X144.82 Y110.843 E.01369
G1 X144.845 Y110.515 E.0109
G1 X144.711 Y109.86 E.02218
G1 X144.486 Y109.205 E.02297
G1 X144.181 Y108.55 E.02398
G1 X143.748 Y107.895 E.02605
G1 X143.081 Y107.24 E.03102
G1 X142.601 Y106.912 E.01926
G1 X141.992 Y106.584 E.02293
G1 X140.667 Y105.929 E.04903
G1 X140.416 Y105.602 E.01369
G1 X140.393 Y105.294 E.01023
G1 X148.526 Y105.294 E.26978
G1 X149.811 Y105.929 E.04753
G1 X150.062 Y106.257 E.01369
G1 X150.086 Y106.584 E.0109
G1 X149.952 Y107.24 E.02218
G1 X149.727 Y107.895 E.02297
G1 X149.422 Y108.55 E.02398
G1 X148.989 Y109.205 E.02605
G1 X148.322 Y109.86 E.03102
G1 X147.842 Y110.188 E.01926
G1 X147.234 Y110.515 E.02293
G1 X145.909 Y111.171 E.04903
G1 X145.658 Y111.498 E.01369
G1 X145.633 Y111.826 E.0109
G1 X145.767 Y112.481 E.02218
G1 X145.992 Y113.136 E.02297
G1 X146.297 Y113.791 E.02398
G1 X146.73 Y114.446 E.02605
G1 X146.994 Y114.706 E.01229
G1 X151.144 Y114.706 E.13766
G1 X151.233 Y114.446 E.0091
M73 P64 R9
G1 X151.539 Y113.791 E.02398
G1 X151.971 Y113.136 E.02605
G1 X152.639 Y112.481 E.03102
G1 X153.118 Y112.153 E.01926
G1 X153.727 Y111.826 E.02293
G1 X154.706 Y111.342 E.03623
G1 X154.706 Y108.641 E.08958
G1 X154.663 Y108.55 E.00334
G1 X154.23 Y107.895 E.02605
G1 X153.563 Y107.24 E.03102
G1 X153.084 Y106.912 E.01926
G1 X152.475 Y106.584 E.02293
G1 X151.15 Y105.929 E.04903
G1 X150.899 Y105.602 E.01369
G1 X150.876 Y105.294 E.01023
G1 X152.504 Y105.294 E.05401
; stop printing object 05_probe_bridge.stl id:0 copy 0
;TIME_ELAPSED:1031.432007

;LAYER_CHANGE
;:4.2
;HEIGHT:0.2
;BEFORE_LAYER_CHANGE
;4.2
G92 E0

G1 E-4.5 F2700
;WIPE_START
G1 F3000
G1 X150.876 Y105.294 E-.38673
G1 X150.899 Y105.602 E-.07324
G1 X150.938 Y105.652 E-.01504
;WIPE_END
G1 E-.025 F2700
;_SET_FAN_SPEED_CHANGING_LAYER
; OBJECT_ID: 15
; printing object 05_probe_bridge.stl id:0 copy 0
M205 X8 Y8
G17
G3 Z4.4 I-.284 J-1.183 P1  F7200
G1 X112.163 Y114.963 Z4.4
G1 Z4.2
G1 E5 F2400
M205 X10 Y10
;TYPE:Inner wall
;WIDTH:0.505614
G1 F2700
G1 X111.769 Y114.977 E.01487
;WIDTH:0.477807
G1 X111.375 Y114.991 E.01398
;WIDTH:0.449999
G1 X65.009 Y114.991 E1.53803
G1 X65.009 Y105.009 E.33111
G1 X110.874 Y105.009 E1.52142
;WIDTH:0.489307
G1 X111.197 Y105.029 E.01176
;WIDTH:0.528615
G1 X111.519 Y105.048 E.01279
;WIDTH:0.567922
G1 X111.842 Y105.068 E.01383
G1 X111.761 Y105.103 E.0038
;WIDTH:0.541217
G1 X111.679 Y105.139 E.0036
;WIDTH:0.514512
G1 X111.226 Y105.328 E.01888
;WIDTH:0.482256
G1 X110.773 Y105.517 E.01758
;WIDTH:0.449999
G1 X109.941 Y106.038 E.03255
G1 X109.227 Y106.711 E.03255
G1 X108.658 Y107.51 E.03255
G1 X108.255 Y108.405 E.03255
G1 X108.036 Y109.361 E.03255
G1 X107.997 Y110.149 E.02615
G1 X108.031 Y110.51 E.01205
G1 X108.169 Y111.31 E.02691
G1 X108.517 Y112.227 E.03255
G1 X109.038 Y113.059 E.03255
G1 X109.711 Y113.773 E.03255
G1 X110.51 Y114.342 E.03255
G1 X111.405 Y114.745 E.03255
;WIDTH:0.477807
G1 X111.784 Y114.854 E.01398
;WIDTH:0.505614
G1 X112.125 Y114.952 E.01336
G1 E-4.5
;WIPE_START
G1 X111.769 Y114.977 E-.0847
G1 X111.375 Y114.991 E-.09368
G1 X110.126 Y114.991 E-.29663
;WIPE_END
G1 E-.025
M205 X8 Y8
G1 X102.684 Y113.295 Z4.6 F7200
G1 X74.07 Y106.773 Z4.6
G1 Z4.2
G1 E5 F2400
M205 X10 Y10
;WIDTH:0.449999
G1 F2700
G1 X74.264 Y106.607 E.00846
G1 X74.601 Y106.491 E.01183
G1 X99.271 Y106.491 E.81836
G1 X99.736 Y106.607 E.01589
G1 X100.062 Y106.886 E.01421
G1 X100.22 Y107.202 E.01172
G1 X100.259 Y107.479 E.00927
G1 X100.259 Y112.521 E.16728
G1 X100.22 Y112.798 E.00927
G1 X100.062 Y113.114 E.01172
G1 X99.736 Y113.393 E.01421
G1 X99.399 Y113.509 E.01183
G1 X74.729 Y113.509 E.81836
G1 X74.264 Y113.393 E.01589
G1 X73.938 Y113.114 E.01421
G1 X73.78 Y112.798 E.01172
G1 X73.741 Y112.521 E.00927
G1 X73.741 Y107.479 E.16728
G1 X73.78 Y107.202 E.00927
G1 X73.938 Y106.886 E.01172
G1 X74.04 Y106.799 E.00442
M205 X8 Y8
G1 X74.329 Y107.075 F7200
M205 X10 Y10
G1 F2700
G1 X74.455 Y106.966 E.00553
G1 X74.729 Y106.898 E.00934
G1 X99.271 Y106.898 E.81413
G1 X99.545 Y106.966 E.00934
G1 X99.736 Y107.13 E.00836
G1 X99.852 Y107.362 E.00861
G1 X99.852 Y108.91 E.05132
G1 X99.852 Y112.521 E.11981
G1 X99.829 Y112.684 E.00545
G1 X99.736 Y112.87 E.00689
G1 X99.545 Y113.034 E.00836
G1 X99.271 Y113.102 E.00934
G1 X74.729 Y113.102 E.81413
G1 X74.455 Y113.034 E.00934
G1 X74.264 Y112.87 E.00836
G1 X74.148 Y112.638 E.00861
G1 X74.148 Y107.479 E.17113
G1 X74.171 Y107.316 E.00545
G1 X74.264 Y107.13 E.00689
G1 X74.298 Y107.101 E.00149
M205 X8 Y8
G1 X74.578 Y107.365 F7200
M205 X10 Y10
;TYPE:Outer wall
;WIDTH:0.419999
G1 F2400
G1 X74.729 Y107.29 E.00518
G1 X99.271 Y107.29 E.75413
G1 X99.422 Y107.365 E.00518
G1 X99.46 Y107.479 E.00366
G1 X99.46 Y112.521 E.15495
G1 X99.422 Y112.635 E.00366
G1 X99.271 Y112.71 E.00518
G1 X74.729 Y112.71 E.75413
G1 X74.578 Y112.635 E.00518
G1 X74.54 Y112.521 E.00366
G1 X74.54 Y107.479 E.15495
G1 X74.565 Y107.403 E.00243
G1 E-4.5 F2700
;WIPE_START
G1 F2400
G1 X74.729 Y107.29 E-.04725
G1 X76.53 Y107.29 E-.42775
;WIPE_END
G1 E-.025 F2700
M205 X8 Y8
G1 X84.014 Y108.788 Z4.6 F7200
G1 X114.335 Y114.855 Z4.6
G1 Z4.2
G1 E5 F2400
M205 X10 Y10
;TYPE:Inner wall
;WIDTH:0.514512
G1 F2700
G1 X114.774 Y114.672 E.01827
;WIDTH:0.482256
G1 X115.227 Y114.483 E.01758
;WIDTH:0.449999
G1 X116.059 Y113.962 E.03255
G1 X116.773 Y113.289 E.03255
G1 X117.342 Y112.49 E.03255
G1 X117.745 Y111.595 E.03255
G1 X117.964 Y110.639 E.03255
G1 X118.003 Y109.851 E.02615
G1 X117.964 Y109.457 E.01313
G1 X117.831 Y108.69 E.02582
G1 X117.483 Y107.773 E.03255
G1 X116.962 Y106.941 E.03255
G1 X116.289 Y106.227 E.03255
G1 X115.49 Y105.658 E.03255
G1 X114.595 Y105.255 E.03255
;WIDTH:0.477808
G1 X114.216 Y105.146 E.01398
;WIDTH:0.505616
G1 X113.837 Y105.037 E.01487
G1 X114.231 Y105.023 E.01487
;WIDTH:0.477808
G1 X114.625 Y105.009 E.01398
;WIDTH:0.449999
G1 X126.74 Y105.009 E.40189
G1 X126.315 Y105.591 E.02393
G1 X125.907 Y106.284 E.02667
G1 X125.486 Y107.237 E.03454
G1 X125.217 Y108.119 E.0306
G1 X125.028 Y109.348 E.04124
G1 X124.992 Y110.048 E.02327
G1 X125.043 Y110.887 E.02788
G1 X125.14 Y111.517 E.02113
G1 X125.452 Y112.686 E.04014
G1 X125.781 Y113.467 E.02813
G1 X126.154 Y114.155 E.02593
G1 X126.752 Y114.991 E.03409
G1 X115.126 Y114.991 E.38564
;WIDTH:0.489307
G1 X114.803 Y114.971 E.01176
;WIDTH:0.528615
G1 X114.481 Y114.952 E.01279
;WIDTH:0.567922
G1 X114.158 Y114.932 E.01383
G1 X114.239 Y114.897 E.00379
;WIDTH:0.541217
G1 X114.299 Y114.871 E.00262
G1 E-4.5
;WIPE_START
G1 X114.774 Y114.672 E-.1224
G1 X115.227 Y114.483 E-.11666
G1 X116.059 Y113.962 E-.23304
G1 X116.068 Y113.954 E-.0029
;WIPE_END
G1 E-.025
M205 X8 Y8
G1 X123.642 Y114.896 Z4.6 F7200
G1 X127.672 Y115.398 Z4.6
G1 Z4.2
G1 E5 F2400
M205 X10 Y10
;WIDTH:0.449999
G1 F2700
G1 X64.602 Y115.398 E2.09215
G1 X64.602 Y104.602 E.35812
M73 P65 R9
G1 X127.644 Y104.604 E2.09122
G1 X127.106 Y105.2 E.02666
G1 X126.664 Y105.801 E.02474
G1 X126.278 Y106.451 E.02509
G1 X125.874 Y107.359 E.03295
G1 X125.618 Y108.191 E.02889
G1 X125.434 Y109.372 E.03964
G1 X125.399 Y110.028 E.02181
G1 X125.446 Y110.829 E.02662
G1 X125.534 Y111.412 E.01954
G1 X125.838 Y112.553 E.03919
G1 X126.14 Y113.276 E.02598
G1 X126.493 Y113.93 E.02467
G1 X126.845 Y114.457 E.02102
G1 X127.345 Y115.079 E.02645
G1 X127.644 Y115.37 E.01384
G1 E-4.5
;WIPE_START
G1 X125.644 Y115.371 E-.475
;WIPE_END
G1 E-.025
M205 X8 Y8
G1 X128.731 Y115.79 Z4.6 F7200
G1 Z4.2
G1 E5 F2400
M205 X10 Y10
;TYPE:Outer wall
;WIDTH:0.419999
G1 X64.21 Y115.79 E1.98254
G1 X64.21 Y104.21 E.35582
G1 X128.717 Y104.21 E1.98212
G1 X128.419 Y104.433 E.01143
G1 X127.896 Y104.908 E.02174
G1 X127.421 Y105.434 E.02176
G1 X127 Y106.002 E.02173
G1 X126.636 Y106.612 E.02184
G1 X126.248 Y107.476 E.02909
G1 X126.003 Y108.26 E.02523
G1 X125.825 Y109.395 E.03529
G1 X125.79 Y110.009 E.01891
G1 X125.834 Y110.774 E.02353
G1 X125.913 Y111.311 E.01668
G1 X126.21 Y112.426 E.03547
G1 X126.486 Y113.091 E.02211
G1 X126.82 Y113.714 E.02173
G1 X127.151 Y114.212 E.01836
G1 X127.667 Y114.852 E.02527
G1 X128.415 Y115.564 E.03175
G1 X128.698 Y115.767 E.01069
G1 E-4.5 F2700
;WIPE_START
G1 F2400
G1 X126.698 Y115.767 E-.475
;WIPE_END
G1 E-.025 F2700
M205 X8 Y8
G1 X119.106 Y114.983 Z4.6 F7200
G1 X114.074 Y114.464 Z4.6
G1 Z4.2
G1 E5 F2400
M205 X10 Y10
;TYPE:Inner wall
;WIDTH:0.449999
G1 F2700
G1 X113.283 Y114.591 E.02659
G1 X112.381 Y114.558 E.02991
G1 X111.504 Y114.35 E.02991
G1 X110.684 Y113.974 E.02991
G1 X109.953 Y113.446 E.02991
G1 X109.34 Y112.786 E.02991
G1 X108.867 Y112.018 E.02991
G1 X108.552 Y111.173 E.02991
G1 X108.403 Y110.169 E.03367
G1 X108.442 Y109.381 E.02615
G1 X108.65 Y108.504 E.02991
G1 X109.026 Y107.684 E.02991
G1 X109.554 Y106.953 E.02991
G1 X110.214 Y106.34 E.02991
G1 X110.982 Y105.867 E.02991
G1 X111.827 Y105.552 E.02991
G1 X112.785 Y105.407 E.03213
G1 X113.622 Y105.442 E.0278
G1 X114.496 Y105.65 E.02979
G1 X115.316 Y106.026 E.02991
G1 X116.047 Y106.554 E.02991
G1 X116.66 Y107.214 E.02991
G1 X117.133 Y107.982 E.02991
G1 X117.448 Y108.827 E.02991
G1 X117.561 Y109.517 E.02319
G1 X117.587 Y110.028 E.01699
G1 X117.558 Y110.619 E.0196
G1 X117.35 Y111.496 E.02991
G1 X116.974 Y112.316 E.02991
G1 X116.446 Y113.047 E.02991
G1 X115.786 Y113.66 E.02991
G1 X115.018 Y114.133 E.02991
G1 X114.173 Y114.448 E.02991
G1 X114.113 Y114.457 E.00199
M205 X8 Y8
G1 X114.013 Y114.083 F7200
M205 X10 Y10
;TYPE:Outer wall
;WIDTH:0.419999
G1 F2400
G1 X113.225 Y114.203 E.02449
G1 X112.401 Y114.166 E.02535
G1 X111.599 Y113.969 E.02535
G1 X110.852 Y113.62 E.02535
G1 X110.187 Y113.131 E.02535
G1 X109.63 Y112.522 E.02535
G1 X109.203 Y111.816 E.02535
G1 X108.922 Y111.041 E.02535
G1 X108.795 Y110.188 E.02648
G1 X108.834 Y109.401 E.02422
G1 X109.031 Y108.599 E.02535
G1 X109.38 Y107.852 E.02535
G1 X109.869 Y107.187 E.02535
G1 X110.478 Y106.63 E.02535
G1 X111.184 Y106.203 E.02535
G1 X111.959 Y105.922 E.02535
G1 X112.839 Y105.795 E.02731
G1 X113.601 Y105.834 E.02343
G1 X114.401 Y106.031 E.02532
G1 X115.148 Y106.38 E.02535
G1 X115.813 Y106.869 E.02535
G1 X116.37 Y107.478 E.02535
G1 X116.797 Y108.184 E.02535
G1 X117.078 Y108.959 E.02535
G1 X117.173 Y109.574 E.01912
G1 X117.195 Y110.009 E.01337
G1 X117.166 Y110.599 E.01816
G1 X116.969 Y111.401 E.02535
G1 X116.62 Y112.148 E.02535
G1 X116.131 Y112.813 E.02535
G1 X115.522 Y113.37 E.02535
G1 X114.816 Y113.797 E.02535
G1 X114.052 Y114.074 E.02499
G1 E-4.5 F2700
;WIPE_START
G1 F2400
G1 X113.225 Y114.203 E-.1987
G1 X112.401 Y114.166 E-.19597
G1 X112.072 Y114.086 E-.08033
;WIPE_END
G1 E-.025 F2700
M205 X8 Y8
G1 X113.533 Y106.594 Z4.6 F7200
G1 X113.837 Y105.037 Z4.6
G1 Z4.2
G1 E5 F2400
M205 X10 Y10
;TYPE:Inner wall
;WIDTH:0.505616
G1 F2700
G1 X113.646 Y105.023 E.00723
;WIDTH:0.47672
G1 X112.729 Y105.006 E.0324
;WIDTH:0.485556
G1 X112.433 Y105.027 E.01069
;WIDTH:0.526739
G1 X112.138 Y105.048 E.01169
;WIDTH:0.567922
G1 X111.842 Y105.068 E.01268
G1 E-4.5
;WIPE_START
G1 X112.138 Y105.048 E-.07049
G1 X112.433 Y105.027 E-.07049
G1 X112.729 Y105.006 E-.07049
G1 X113.646 Y105.023 E-.21791
G1 X113.837 Y105.037 E-.04562
;WIPE_END
G1 E-.025
M205 X8 Y8
G1 X112.568 Y112.563 Z4.6 F7200
G1 X112.163 Y114.963 Z4.6
G1 Z4.2
G1 E5 F2400
M205 X10 Y10
;WIDTH:0.505614
G1 F2700
G1 X112.361 Y114.978 E.00747
;WIDTH:0.476386
G1 X113.342 Y114.992 E.03466
;WIDTH:0.487426
G1 X113.614 Y114.972 E.00988
;WIDTH:0.527674
G1 X113.886 Y114.952 E.01077
;WIDTH:0.567922
G1 X114.158 Y114.932 E.01167
G1 E-4.5
;WIPE_START
G1 X113.886 Y114.952 E-.06485
G1 X113.614 Y114.972 E-.06485
G1 X113.342 Y114.992 E-.06485
G1 X112.361 Y114.978 E-.23334
G1 X112.163 Y114.963 E-.04712
;WIPE_END
G1 E-.025
M205 X8 Y8
G1 X108.538 Y112.815 Z4.6 F7200
G1 Z4.2
G1 E5 F2400
M205 X10 Y10
;TYPE:Sparse infill
;WIDTH:0.45
G1 F3000
G1 X108.68 Y113.053 E.00921
G1 X108.824 Y113.247 E.00801
G1 X109.359 Y113.837 E.02642
G1 X109.595 Y114.042 E.01037
G1 X109.447 Y114.446 E.01428
G1 X109.396 Y114.706 E.00878
G1 X105.044 Y114.706 E.14436
G1 X104.816 Y114.446 E.01145
G1 X104.446 Y113.791 E.02496
G1 X104.206 Y113.136 E.02315
G1 X104.076 Y112.481 E.02216
G1 X104.117 Y111.826 E.02177
G1 X104.273 Y111.498 E.01203
G1 X104.588 Y111.171 E.01508
G1 X105.587 Y110.515 E.03964
G1 X106.468 Y109.86 E.03641
G1 X107.042 Y109.205 E.02891
G1 X107.413 Y108.55 E.02496
G1 X107.653 Y107.895 E.02315
G1 X107.782 Y107.24 E.02216
G1 X107.742 Y106.584 E.02177
G1 X107.586 Y106.257 E.01203
G1 X107.271 Y105.929 E.01508
G1 X106.302 Y105.294 E.03842
G1 X109.368 Y105.294 E.10169
G1 X109.514 Y105.602 E.0113
G1 X109.74 Y105.836 E.0108
G1 X109.163 Y106.359 E.02583
G1 X109 Y106.538 E.00801
G1 X108.638 Y107.027 E.02018
G1 E-4.5 F2700
;WIPE_START
G1 F3000
G1 X109 Y106.538 E-.14446
G1 X109.163 Y106.359 E-.05736
G1 X109.74 Y105.836 E-.1849
G1 X109.514 Y105.602 E-.07731
G1 X109.494 Y105.56 E-.01096
;WIPE_END
G1 E-.025 F2700
M205 X8 Y8
G1 X116.343 Y108.928 Z4.6 F7200
G1 X118.284 Y109.883 Z4.6
G1 Z4.2
G1 E5 F2400
M205 X10 Y10
G1 F3000
G1 X118.289 Y109.781 E.00337
G1 X118.159 Y108.833 E.03177
G1 X118.101 Y108.598 E.00803
G1 X117.99 Y108.29 E.01085
G1 X118.135 Y107.895 E.01396
G1 X118.265 Y107.24 E.02216
G1 X118.224 Y106.584 E.02177
G1 X118.068 Y106.257 E.01203
G1 X117.753 Y105.929 E.01508
G1 X116.785 Y105.294 E.03842
G1 X119.85 Y105.294 E.10169
G1 X119.996 Y105.602 E.0113
G1 X120.312 Y105.929 E.01508
G1 X121.311 Y106.584 E.03964
G1 X122.192 Y107.24 E.03641
G1 X122.766 Y107.895 E.02891
G1 X123.136 Y108.55 E.02496
G1 X123.377 Y109.205 E.02315
G1 X123.506 Y109.86 E.02216
G1 X123.466 Y110.515 E.02177
G1 X123.31 Y110.843 E.01203
G1 X122.995 Y111.171 E.01508
G1 X121.995 Y111.826 E.03964
G1 X121.115 Y112.481 E.03641
G1 X120.54 Y113.136 E.02891
G1 X120.17 Y113.791 E.02496
G1 X119.93 Y114.446 E.02315
G1 X119.878 Y114.706 E.00878
G1 X126.009 Y114.706 E.20337
G1 X125.781 Y114.446 E.01145
G1 X125.411 Y113.791 E.02496
G1 X125.171 Y113.136 E.02315
G1 X125.041 Y112.481 E.02216
G1 X125.053 Y112.285 E.0065
G1 X124.836 Y111.448 E.02871
G1 X124.74 Y110.691 E.02529
G1 E-4.5 F2700
;WIPE_START
G1 F3000
G1 X124.836 Y111.448 E-.18104
G1 X125.053 Y112.285 E-.20558
G1 X125.041 Y112.481 E-.04652
G1 X125.075 Y112.654 E-.04185
;WIPE_END
G1 E-.025 F2700
M205 X8 Y8
G1 X117.519 Y111.581 Z4.6 F7200
G1 X73.226 Y105.294 Z4.6
G1 Z4.2
G1 E5 F2400
M205 X10 Y10
G1 F3000
M73 P66 R9
G1 X74.854 Y105.294 E.05401
G1 X75.823 Y105.929 E.03842
G1 X76.089 Y106.206 E.01274
G1 X78.803 Y106.206 E.09003
G1 X78.381 Y105.929 E.01674
G1 X78.066 Y105.602 E.01508
G1 X77.92 Y105.294 E.0113
G1 X85.337 Y105.294 E.24604
G1 X86.305 Y105.929 E.03842
G1 X86.572 Y106.206 E.01274
G1 X89.286 Y106.206 E.09003
G1 X88.864 Y105.929 E.01674
G1 X88.549 Y105.602 E.01508
G1 X88.402 Y105.294 E.0113
G1 X90.031 Y105.294 E.05401
M205 X8 Y8
G1 X95.426 Y106.206 F7200
M205 X10 Y10
G1 F3000
G1 X97.054 Y106.206 E.05401
G1 X96.788 Y105.929 E.01274
G1 X95.819 Y105.294 E.03842
G1 X98.885 Y105.294 E.10169
G1 X99.031 Y105.602 E.0113
G1 X99.346 Y105.929 E.01508
G1 X100.346 Y106.584 E.03964
G1 X101.226 Y107.24 E.03641
G1 X101.801 Y107.895 E.02891
G1 X102.171 Y108.55 E.02496
G1 X102.411 Y109.205 E.02315
G1 X102.541 Y109.86 E.02216
G1 X102.5 Y110.515 E.02177
G1 X102.345 Y110.843 E.01203
G1 X102.029 Y111.171 E.01508
G1 X101.03 Y111.826 E.03964
G1 X100.544 Y112.187 E.02009
G1 X100.544 Y112.527 E.01128
G1 X100.494 Y112.88 E.01181
G1 X100.29 Y113.287 E.01512
G1 X99.873 Y113.644 E.0182
G1 X99.494 Y113.775 E.01329
G1 X99.203 Y113.794 E.00967
G1 X98.965 Y114.446 E.02304
G1 X98.913 Y114.706 E.00878
G1 X94.561 Y114.706 E.14436
G1 X94.333 Y114.446 E.01145
G1 X93.965 Y113.794 E.02485
G1 X88.721 Y113.794 E.17395
G1 X88.482 Y114.446 E.02304
G1 X88.43 Y114.706 E.00878
G1 X84.079 Y114.706 E.14436
G1 X83.851 Y114.446 E.01145
G1 X83.482 Y113.794 E.02485
G1 X78.238 Y113.794 E.17395
G1 X77.999 Y114.446 E.02304
G1 X77.948 Y114.706 E.00878
G1 X73.596 Y114.706 E.14436
G1 X73.368 Y114.446 E.01145
G1 X72.998 Y113.791 E.02496
G1 X72.758 Y113.136 E.02315
G1 X72.628 Y112.481 E.02216
G1 X72.669 Y111.826 E.02177
G1 X72.825 Y111.498 E.01203
G1 X73.14 Y111.171 E.01508
G1 X73.456 Y110.963 E.01253
G1 X73.465 Y112.591 E.05399
M205 X8 Y8
G1 X65.837 Y114.706 F7200
M205 X10 Y10
G1 F3000
G1 X67.465 Y114.706 E.05401
G1 X67.517 Y114.446 E.00878
G1 X67.757 Y113.791 E.02315
G1 X68.127 Y113.136 E.02496
G1 X68.702 Y112.481 E.02891
G1 X69.582 Y111.826 E.03641
G1 X70.582 Y111.171 E.03964
G1 X70.897 Y110.843 E.01508
G1 X71.053 Y110.515 E.01203
G1 X71.093 Y109.86 E.02177
G1 X70.963 Y109.205 E.02216
G1 X70.723 Y108.55 E.02315
G1 X70.353 Y107.895 E.02496
G1 X69.779 Y107.24 E.02891
G1 X68.898 Y106.584 E.03641
G1 X67.899 Y105.929 E.03964
G1 X67.583 Y105.602 E.01508
G1 X67.437 Y105.294 E.0113
G1 X65.294 Y105.294 E.07109
G1 X65.294 Y105.899 E.02006
G1 X65.655 Y106.257 E.01687
G1 X65.811 Y106.584 E.01203
G1 X65.852 Y107.24 E.02177
G1 X65.722 Y107.895 E.02216
G1 X65.482 Y108.55 E.02315
G1 X65.294 Y108.883 E.01268
G1 X65.294 Y110.511 E.05401
G1 E-5 F2700
M205 X8 Y8
G1 X72.913 Y110.972 Z4.6 F7200
G1 X139.26 Y114.991 Z4.6
G1 Z4.2
G1 E5 F2400
M205 X10 Y10
;TYPE:Inner wall
;WIDTH:0.449999
G1 F2700
G1 X139.685 Y114.409 E.02393
G1 X140.085 Y113.732 E.02607
G1 X140.415 Y113.024 E.02592
G1 X140.645 Y112.373 E.02289
G1 X140.905 Y111.295 E.03678
G1 X141.011 Y110.014 E.04266
G1 X140.965 Y109.167 E.02814
G1 X140.845 Y108.39 E.02606
G1 X140.651 Y107.633 E.02593
G1 X140.423 Y107.001 E.02227
G1 X140.03 Y106.167 E.0306
G1 X139.54 Y105.383 E.03067
G1 X139.248 Y105.009 E.01572
G1 X154.991 Y105.009 E.5222
G1 X154.991 Y114.991 E.33111
G1 X139.3 Y114.991 E.52051
G1 E-4.5
;WIPE_START
G1 X139.685 Y114.409 E-.16587
G1 X140.085 Y113.732 E-.18664
G1 X140.303 Y113.265 E-.12249
;WIPE_END
G1 E-.025
M205 X8 Y8
G1 X138.351 Y115.398 Z4.6 F7200
G1 Z4.2
G1 E5 F2400
M205 X10 Y10
G1 F2700
G1 X138.894 Y114.8 E.0268
G1 X139.336 Y114.199 E.02474
G1 X139.717 Y113.558 E.02474
G1 X140.033 Y112.885 E.02465
G1 X140.249 Y112.278 E.02139
G1 X140.502 Y111.231 E.03574
G1 X140.603 Y110.009 E.04067
G1 X140.562 Y109.227 E.02598
G1 X140.45 Y108.489 E.02474
G1 X140.267 Y107.769 E.02467
G1 X140.054 Y107.172 E.02102
G1 X139.685 Y106.383 E.02889
G1 X139.155 Y105.543 E.03295
G1 X138.655 Y104.921 E.02645
G1 X138.328 Y104.602 E.01517
G1 X155.398 Y104.602 E.56625
G1 X155.398 Y115.398 E.35812
M73 P66 R8
G1 X138.391 Y115.398 E.56415
G1 E-4.5
;WIPE_START
G1 X138.894 Y114.8 E-.1856
G1 X139.336 Y114.199 E-.17711
G1 X139.578 Y113.793 E-.1123
;WIPE_END
G1 E-.025
M205 X8 Y8
G1 X137.308 Y115.786 Z4.6 F7200
G1 Z4.2
G1 E5 F2400
M205 X10 Y10
;TYPE:Outer wall
;WIDTH:0.419999
G1 X138.097 Y115.1 E.03211
G1 X138.579 Y114.566 E.0221
G1 X139 Y113.998 E.02173
G1 X139.363 Y113.391 E.02174
G1 X139.664 Y112.751 E.02171
G1 X139.868 Y112.186 E.01847
G1 X140.113 Y111.168 E.03218
G1 X140.21 Y110.003 E.03592
G1 X140.174 Y109.284 E.02212
G1 X140.069 Y108.585 E.02173
G1 X139.897 Y107.899 E.02173
G1 X139.697 Y107.336 E.01836
G1 X139.352 Y106.59 E.02524
G1 X138.849 Y105.788 E.0291
G1 X138.333 Y105.148 E.02527
G1 X137.585 Y104.436 E.03175
G1 X137.269 Y104.21 E.01192
G1 X155.79 Y104.21 E.56909
G1 X155.79 Y115.79 E.35582
G1 X137.348 Y115.786 E.56666
G1 E-4.5 F2700
;WIPE_START
G1 F2400
G1 X138.097 Y115.1 E-.24114
G1 X138.579 Y114.566 E-.1708
G1 X138.737 Y114.353 E-.06307
;WIPE_END
G1 E-.025 F2700
M205 X8 Y8
G1 X139.98 Y106.822 Z4.6 F7200
G1 X140.145 Y105.828 Z4.6
G1 Z4.2
G1 E5 F2400
M205 X10 Y10
;TYPE:Sparse infill
;WIDTH:0.45
G1 F3000
G1 X139.814 Y105.294 E.02081
G1 X140.815 Y105.294 E.0332
G1 X140.962 Y105.602 E.0113
G1 X141.277 Y105.929 E.01508
G1 X142.276 Y106.584 E.03964
G1 X143.157 Y107.24 E.03641
G1 X143.731 Y107.895 E.02891
G1 X144.102 Y108.55 E.02496
G1 X144.342 Y109.205 E.02315
G1 X144.472 Y109.86 E.02216
G1 X144.431 Y110.515 E.02177
G1 X144.275 Y110.843 E.01203
G1 X143.96 Y111.171 E.01508
G1 X142.96 Y111.826 E.03964
G1 X142.08 Y112.481 E.03641
G1 X141.505 Y113.136 E.02891
G1 X141.135 Y113.791 E.02496
G1 X140.895 Y114.446 E.02315
G1 X140.843 Y114.706 E.00878
G1 X146.974 Y114.706 E.20337
G1 X146.747 Y114.446 E.01145
G1 X146.376 Y113.791 E.02496
G1 X146.136 Y113.136 E.02315
G1 X146.006 Y112.481 E.02216
G1 X146.047 Y111.826 E.02177
G1 X146.203 Y111.498 E.01203
G1 X146.518 Y111.171 E.01508
G1 X147.517 Y110.515 E.03964
G1 X148.398 Y109.86 E.03641
G1 X148.973 Y109.205 E.02891
G1 X149.343 Y108.55 E.02496
G1 X149.583 Y107.895 E.02315
G1 X149.713 Y107.24 E.02216
G1 X149.672 Y106.584 E.02177
G1 X149.516 Y106.257 E.01203
G1 X149.201 Y105.929 E.01508
G1 X148.232 Y105.294 E.03842
G1 X151.298 Y105.294 E.10169
G1 X151.444 Y105.602 E.0113
G1 X151.759 Y105.929 E.01508
G1 X152.759 Y106.584 E.03964
G1 X153.639 Y107.24 E.03641
G1 X154.214 Y107.895 E.02891
G1 X154.584 Y108.55 E.02496
G1 X154.706 Y108.882 E.01173
G1 X154.706 Y110.897 E.06684
G1 X154.442 Y111.171 E.01261
G1 X153.443 Y111.826 E.03964
G1 X152.563 Y112.481 E.03641
G1 X151.988 Y113.136 E.02891
G1 X151.618 Y113.791 E.02496
G1 X151.378 Y114.446 E.02315
G1 X151.326 Y114.706 E.00878
G1 X152.954 Y114.706 E.05401
; stop printing object 05_probe_bridge.stl id:0 copy 0
;TIME_ELAPSED:1076.934448

;LAYER_CHANGE
;:4.4
;HEIGHT:0.2
;BEFORE_LAYER_CHANGE
;4.4
G92 E0

G1 E-4.5 F2700
;WIPE_START
G1 F3000
G1 X151.326 Y114.706 E-.38673
G1 X151.378 Y114.446 E-.06285
G1 X151.414 Y114.346 E-.02543
;WIPE_END
G1 E-.025 F2700
;_SET_FAN_SPEED_CHANGING_LAYER
; OBJECT_ID: 15
; printing object 05_probe_bridge.stl id:0 copy 0
M205 X8 Y8
G17
G3 Z4.6 I-.019 J-1.217 P1  F7200
G1 X112.163 Y114.963 Z4.6
G1 Z4.4
G1 E5 F2400
M205 X10 Y10
;TYPE:Inner wall
;WIDTH:0.505614
G1 F2700
G1 X111.769 Y114.977 E.01487
;WIDTH:0.477807
G1 X111.375 Y114.991 E.01398
;WIDTH:0.449999
G1 X65.009 Y114.991 E1.53803
G1 X65.009 Y105.009 E.33111
M73 P67 R8
G1 X110.874 Y105.009 E1.52142
;WIDTH:0.489307
G1 X111.197 Y105.029 E.01176
;WIDTH:0.528615
G1 X111.519 Y105.048 E.01279
;WIDTH:0.567922
G1 X111.842 Y105.068 E.01383
G1 X111.761 Y105.103 E.0038
;WIDTH:0.541217
G1 X111.679 Y105.139 E.0036
;WIDTH:0.514512
G1 X111.226 Y105.328 E.01888
;WIDTH:0.482256
G1 X110.773 Y105.517 E.01758
;WIDTH:0.449999
G1 X109.941 Y106.038 E.03255
G1 X109.227 Y106.711 E.03255
G1 X108.658 Y107.51 E.03255
G1 X108.255 Y108.405 E.03255
G1 X108.036 Y109.361 E.03255
G1 X107.997 Y110.149 E.02615
G1 X108.031 Y110.51 E.01205
G1 X108.169 Y111.31 E.02691
G1 X108.517 Y112.227 E.03255
G1 X109.038 Y113.059 E.03255
G1 X109.711 Y113.773 E.03255
G1 X110.51 Y114.342 E.03255
G1 X111.405 Y114.745 E.03255
;WIDTH:0.477807
G1 X111.784 Y114.854 E.01398
;WIDTH:0.505614
G1 X112.125 Y114.952 E.01336
G1 E-4.5
;WIPE_START
G1 X111.769 Y114.977 E-.0847
G1 X111.375 Y114.991 E-.09368
G1 X110.126 Y114.991 E-.29663
;WIPE_END
G1 E-.025
M205 X8 Y8
G1 X102.684 Y113.295 Z4.8 F7200
G1 X74.07 Y106.773 Z4.8
G1 Z4.4
G1 E5 F2400
M205 X10 Y10
;WIDTH:0.449999
G1 F2700
G1 X74.264 Y106.607 E.00846
G1 X74.601 Y106.491 E.01183
G1 X99.271 Y106.491 E.81836
G1 X99.736 Y106.607 E.01589
G1 X100.062 Y106.886 E.01421
G1 X100.22 Y107.202 E.01172
G1 X100.259 Y107.479 E.00927
G1 X100.259 Y112.521 E.16728
G1 X100.22 Y112.798 E.00927
G1 X100.062 Y113.114 E.01172
G1 X99.736 Y113.393 E.01421
G1 X99.399 Y113.509 E.01183
G1 X74.729 Y113.509 E.81836
G1 X74.264 Y113.393 E.01589
G1 X73.938 Y113.114 E.01421
G1 X73.78 Y112.798 E.01172
G1 X73.741 Y112.521 E.00927
G1 X73.741 Y107.479 E.16728
G1 X73.78 Y107.202 E.00927
G1 X73.938 Y106.886 E.01172
G1 X74.04 Y106.799 E.00442
M205 X8 Y8
G1 X74.329 Y107.075 F7200
M205 X10 Y10
G1 F2700
G1 X74.455 Y106.966 E.00553
G1 X74.729 Y106.898 E.00934
G1 X99.271 Y106.898 E.81413
G1 X99.545 Y106.966 E.00934
G1 X99.736 Y107.13 E.00836
G1 X99.852 Y107.362 E.00861
G1 X99.852 Y108.91 E.05132
G1 X99.852 Y112.521 E.11981
G1 X99.829 Y112.684 E.00545
G1 X99.736 Y112.87 E.00689
G1 X99.545 Y113.034 E.00836
G1 X99.271 Y113.102 E.00934
G1 X74.729 Y113.102 E.81413
G1 X74.455 Y113.034 E.00934
G1 X74.264 Y112.87 E.00836
G1 X74.148 Y112.638 E.00861
G1 X74.148 Y107.479 E.17113
G1 X74.171 Y107.316 E.00545
G1 X74.264 Y107.13 E.00689
G1 X74.298 Y107.101 E.00149
M205 X8 Y8
G1 X74.578 Y107.365 F7200
M205 X10 Y10
;TYPE:Outer wall
;WIDTH:0.419999
G1 F2400
G1 X74.729 Y107.29 E.00518
G1 X99.271 Y107.29 E.75413
G1 X99.422 Y107.365 E.00518
G1 X99.46 Y107.479 E.00366
G1 X99.46 Y112.521 E.15495
G1 X99.422 Y112.635 E.00366
G1 X99.271 Y112.71 E.00518
G1 X74.729 Y112.71 E.75413
G1 X74.578 Y112.635 E.00518
G1 X74.54 Y112.521 E.00366
G1 X74.54 Y107.479 E.15495
G1 X74.565 Y107.403 E.00243
G1 E-4.5 F2700
;WIPE_START
G1 F2400
G1 X74.729 Y107.29 E-.04725
G1 X76.53 Y107.29 E-.42775
;WIPE_END
G1 E-.025 F2700
M205 X8 Y8
G1 X84.013 Y108.789 Z4.8 F7200
G1 X114.324 Y114.86 Z4.8
G1 Z4.4
G1 E5 F2400
M205 X10 Y10
;TYPE:Inner wall
;WIDTH:0.514512
G1 F2700
G1 X114.774 Y114.672 E.01873
;WIDTH:0.482256
G1 X115.227 Y114.483 E.01758
;WIDTH:0.449999
G1 X116.059 Y113.962 E.03255
G1 X116.773 Y113.289 E.03255
G1 X117.342 Y112.49 E.03255
G1 X117.745 Y111.595 E.03255
G1 X117.964 Y110.639 E.03255
G1 X118.003 Y109.851 E.02615
G1 X117.966 Y109.473 E.01262
G1 X117.831 Y108.69 E.02634
G1 X117.483 Y107.773 E.03255
G1 X116.962 Y106.941 E.03255
G1 X116.289 Y106.227 E.03255
G1 X115.49 Y105.658 E.03255
G1 X114.595 Y105.255 E.03255
;WIDTH:0.477809
G1 X114.216 Y105.146 E.01398
;WIDTH:0.505618
G1 X113.837 Y105.037 E.01487
G1 X114.231 Y105.023 E.01487
;WIDTH:0.477809
G1 X114.625 Y105.009 E.01398
;WIDTH:0.449999
G1 X126.74 Y105.009 E.40188
G1 X126.375 Y105.504 E.02039
G1 X125.905 Y106.289 E.03038
G1 X125.46 Y107.293 E.03643
G1 X125.217 Y108.12 E.02858
G1 X125.027 Y109.344 E.04111
G1 X124.993 Y110.067 E.024
G1 X125.072 Y111.117 E.03493
G1 X125.244 Y111.993 E.02959
G1 X125.476 Y112.743 E.02607
G1 X125.781 Y113.467 E.02606
G1 X126.154 Y114.155 E.02595
G1 X126.751 Y114.991 E.03406
G1 X115.126 Y114.991 E.38562
;WIDTH:0.489307
G1 X114.803 Y114.971 E.01176
;WIDTH:0.528615
G1 X114.481 Y114.952 E.01279
;WIDTH:0.567922
G1 X114.158 Y114.932 E.01383
G1 X114.239 Y114.897 E.00379
;WIDTH:0.541217
G1 X114.288 Y114.876 E.00213
G1 E-4.5
;WIPE_START
G1 X114.774 Y114.672 E-.12525
G1 X115.227 Y114.483 E-.11666
G1 X116.059 Y113.962 E-.23304
G1 X116.059 Y113.962 E-.00006
;WIPE_END
G1 E-.025
M205 X8 Y8
G1 X123.634 Y114.898 Z4.8 F7200
G1 X127.672 Y115.398 Z4.8
G1 Z4.4
G1 E5 F2400
M205 X10 Y10
;WIDTH:0.449999
G1 F2700
G1 X64.602 Y115.398 E2.09215
G1 X64.602 Y104.602 E.35812
G1 X127.644 Y104.604 E2.09122
G1 X127.107 Y105.198 E.02658
G1 X126.723 Y105.716 E.02141
G1 X126.277 Y106.454 E.0286
G1 X125.843 Y107.433 E.03551
G1 X125.617 Y108.191 E.02624
G1 X125.434 Y109.368 E.0395
G1 X125.399 Y110.039 E.0223
G1 X125.472 Y111.042 E.03333
G1 X125.633 Y111.875 E.02814
G1 X125.853 Y112.588 E.02475
G1 X126.14 Y113.276 E.02474
G1 X126.494 Y113.931 E.02468
G1 X126.852 Y114.467 E.02141
G1 X127.345 Y115.079 E.02607
G1 X127.644 Y115.37 E.01383
G1 E-4.5
;WIPE_START
G1 X125.644 Y115.371 E-.475
;WIPE_END
G1 E-.025
M205 X8 Y8
G1 X128.731 Y115.79 Z4.8 F7200
G1 Z4.4
G1 E5 F2400
M205 X10 Y10
;TYPE:Outer wall
;WIDTH:0.419999
G1 X64.21 Y115.79 E1.98254
M73 P68 R8
G1 X64.21 Y104.21 E.35582
G1 X128.717 Y104.21 E1.98212
G1 X128.419 Y104.433 E.01143
G1 X127.896 Y104.908 E.02174
G1 X127.421 Y105.433 E.02173
G1 X127.057 Y105.921 E.01871
G1 X126.635 Y106.613 E.02491
G1 X126.212 Y107.569 E.03212
G1 X126.003 Y108.26 E.0222
G1 X125.825 Y109.391 E.03516
G1 X125.79 Y110.013 E.01913
G1 X125.857 Y110.969 E.02945
G1 X126.008 Y111.761 E.02478
G1 X126.215 Y112.438 E.02174
G1 X126.486 Y113.091 E.02173
G1 X126.82 Y113.714 E.02173
G1 X127.157 Y114.221 E.01871
G1 X127.667 Y114.852 E.02491
G1 X128.415 Y115.564 E.03175
G1 X128.698 Y115.767 E.01069
G1 E-4.5 F2700
;WIPE_START
G1 F2400
G1 X126.698 Y115.767 E-.475
;WIPE_END
G1 E-.025 F2700
M205 X8 Y8
G1 X119.106 Y114.985 Z4.8 F7200
G1 X114.062 Y114.465 Z4.8
G1 Z4.4
G1 E5 F2400
M205 X10 Y10
;TYPE:Inner wall
;WIDTH:0.449999
G1 F2700
G1 X113.283 Y114.591 E.02619
G1 X112.381 Y114.558 E.02991
G1 X111.504 Y114.35 E.02991
G1 X110.684 Y113.974 E.02991
G1 X109.953 Y113.446 E.02991
G1 X109.34 Y112.786 E.02991
G1 X108.867 Y112.018 E.02991
G1 X108.552 Y111.173 E.02991
G1 X108.403 Y110.169 E.03367
G1 X108.442 Y109.381 E.02615
G1 X108.65 Y108.504 E.02991
G1 X109.026 Y107.684 E.02991
G1 X109.554 Y106.953 E.02991
G1 X110.214 Y106.34 E.02991
G1 X110.982 Y105.867 E.02991
G1 X111.827 Y105.552 E.02991
G1 X112.778 Y105.407 E.0319
G1 X113.622 Y105.442 E.02802
G1 X114.496 Y105.65 E.0298
G1 X115.316 Y106.026 E.02991
G1 X116.047 Y106.554 E.02991
G1 X116.66 Y107.214 E.02991
G1 X117.133 Y107.982 E.02991
G1 X117.448 Y108.827 E.02991
G1 X117.597 Y109.831 E.03367
G1 X117.558 Y110.619 E.02615
G1 X117.35 Y111.496 E.02991
G1 X116.974 Y112.316 E.02991
G1 X116.446 Y113.047 E.02991
G1 X115.786 Y113.66 E.02991
G1 X115.018 Y114.133 E.02991
G1 X114.173 Y114.448 E.02991
G1 X114.102 Y114.459 E.00239
M205 X8 Y8
G1 X114.001 Y114.085 F7200
M205 X10 Y10
;TYPE:Outer wall
;WIDTH:0.419999
G1 F2400
G1 X113.225 Y114.203 E.02411
G1 X112.401 Y114.166 E.02535
G1 X111.599 Y113.969 E.02535
G1 X110.852 Y113.62 E.02535
G1 X110.187 Y113.131 E.02535
G1 X109.63 Y112.522 E.02535
G1 X109.203 Y111.816 E.02535
G1 X108.922 Y111.041 E.02535
G1 X108.795 Y110.188 E.02648
G1 X108.834 Y109.401 E.02422
G1 X109.031 Y108.599 E.02535
G1 X109.38 Y107.852 E.02535
G1 X109.869 Y107.187 E.02535
G1 X110.478 Y106.63 E.02535
G1 X111.184 Y106.203 E.02535
G1 X111.959 Y105.922 E.02535
G1 X112.832 Y105.795 E.0271
G1 X113.6 Y105.834 E.02363
G1 X114.401 Y106.031 E.02532
G1 X115.148 Y106.38 E.02535
G1 X115.813 Y106.869 E.02535
G1 X116.37 Y107.478 E.02535
G1 X116.797 Y108.184 E.02535
G1 X117.078 Y108.959 E.02535
G1 X117.176 Y109.59 E.0196
G1 X117.191 Y110.096 E.01556
G1 X117.166 Y110.599 E.01549
G1 X116.969 Y111.401 E.02535
G1 X116.62 Y112.148 E.02535
G1 X116.131 Y112.813 E.02535
G1 X115.522 Y113.37 E.02535
G1 X114.816 Y113.797 E.02535
G1 X114.041 Y114.078 E.02535
G1 X114.04 Y114.079 E.00001
G1 E-4.5 F2700
;WIPE_START
G1 F2400
G1 X113.225 Y114.203 E-.19587
G1 X112.401 Y114.166 E-.19597
G1 X112.061 Y114.083 E-.08316
;WIPE_END
G1 E-.025 F2700
M205 X8 Y8
G1 X113.531 Y106.593 Z4.8 F7200
G1 X113.837 Y105.037 Z4.8
G1 Z4.4
G1 E5 F2400
M205 X10 Y10
;TYPE:Inner wall
;WIDTH:0.505618
G1 F2700
G1 X113.645 Y105.022 E.00726
;WIDTH:0.47668
G1 X112.722 Y105.006 E.03263
;WIDTH:0.485746
G1 X112.429 Y105.027 E.01061
;WIDTH:0.526834
G1 X112.135 Y105.048 E.01159
;WIDTH:0.567922
G1 X111.842 Y105.068 E.01258
G1 E-4.5
;WIPE_START
G1 X112.135 Y105.048 E-.0699
G1 X112.429 Y105.027 E-.0699
G1 X112.722 Y105.006 E-.0699
G1 X113.645 Y105.022 E-.21951
G1 X113.837 Y105.037 E-.04579
;WIPE_END
G1 E-.025
M205 X8 Y8
G1 X112.568 Y112.563 Z4.8 F7200
G1 X112.163 Y114.963 Z4.8
G1 Z4.4
G1 E5 F2400
M205 X10 Y10
;WIDTH:0.505614
G1 F2700
G1 X112.361 Y114.978 E.00747
;WIDTH:0.476388
G1 X113.342 Y114.992 E.03466
;WIDTH:0.487425
G1 X113.614 Y114.972 E.00988
;WIDTH:0.527674
G1 X113.886 Y114.952 E.01077
;WIDTH:0.567922
G1 X114.158 Y114.932 E.01167
G1 E-4.5
;WIPE_START
G1 X113.886 Y114.952 E-.06485
G1 X113.614 Y114.972 E-.06485
G1 X113.342 Y114.992 E-.06485
G1 X112.361 Y114.978 E-.23334
G1 X112.163 Y114.963 E-.04712
;WIPE_END
G1 E-.025
M205 X8 Y8
G1 X108.584 Y112.892 Z4.8 F7200
G1 Z4.4
G1 E5 F2400
M205 X10 Y10
;TYPE:Sparse infill
;WIDTH:0.45
G1 F3000
G1 X108.824 Y113.247 E.01423
G1 X109.359 Y113.837 E.02642
G1 X109.667 Y114.095 E.01333
G1 X109.572 Y114.446 E.01206
G1 X109.552 Y114.706 E.00864
G1 X105.013 Y114.706 E.15059
G1 X104.817 Y114.446 E.01078
G1 X104.508 Y113.791 E.02403
G1 X104.331 Y113.136 E.02252
G1 X104.281 Y112.481 E.0218
G1 X104.431 Y111.826 E.02229
G1 X104.954 Y111.171 E.02781
G1 X105.806 Y110.515 E.03565
G1 X106.548 Y109.86 E.03284
G1 X107.041 Y109.205 E.0272
G1 X107.35 Y108.55 E.02403
G1 X107.528 Y107.895 E.02252
G1 X107.577 Y107.24 E.0218
G1 X107.428 Y106.584 E.02229
G1 X106.905 Y105.929 E.02781
G1 X106.079 Y105.294 E.03456
G1 X109.688 Y105.294 E.11973
G1 X109.98 Y105.66 E.01554
G1 X109.753 Y105.824 E.00931
G1 X109.163 Y106.359 E.02642
G1 X109 Y106.538 E.00801
G1 X108.816 Y106.787 E.01027
G1 E-4.5 F2700
;WIPE_START
G1 F3000
G1 X109 Y106.538 E-.07354
G1 X109.163 Y106.359 E-.05736
G1 X109.753 Y105.824 E-.18913
G1 X109.98 Y105.66 E-.06665
G1 X109.748 Y105.37 E-.08831
;WIPE_END
G1 E-.025 F2700
M205 X8 Y8
G1 X116.543 Y108.846 Z4.8 F7200
G1 X118.283 Y109.736 Z4.8
G1 Z4.4
G1 E5 F2400
M205 X10 Y10
G1 F3000
G1 X118.159 Y108.833 E.03025
G1 X118.101 Y108.598 E.00803
G1 X117.941 Y108.151 E.01574
G1 X118.01 Y107.895 E.00881
G1 X118.06 Y107.24 E.0218
G1 X117.91 Y106.584 E.02229
G1 X117.387 Y105.929 E.02781
G1 X116.561 Y105.294 E.03456
G1 X120.171 Y105.294 E.11973
G1 X120.678 Y105.929 E.02696
G1 X121.53 Y106.584 E.03565
G1 X122.272 Y107.24 E.03284
G1 X122.765 Y107.895 E.0272
G1 X123.074 Y108.55 E.02403
G1 X123.251 Y109.205 E.02252
G1 X123.301 Y109.86 E.0218
G1 X123.152 Y110.515 E.02229
G1 X122.628 Y111.171 E.02781
G1 X121.777 Y111.826 E.03565
G1 X121.034 Y112.481 E.03284
G1 X120.541 Y113.136 E.0272
G1 X120.232 Y113.791 E.02403
G1 X120.055 Y114.446 E.02252
G1 X120.035 Y114.706 E.00864
G1 X125.978 Y114.706 E.19713
G1 X125.782 Y114.446 E.01078
G1 X125.474 Y113.791 E.02403
G1 X125.296 Y113.136 E.02252
G1 X125.287 Y113.015 E.00401
G1 X125.172 Y112.738 E.00995
G1 X124.939 Y111.947 E.02737
G1 X124.846 Y111.452 E.01669
G1 E-4.5 F2700
;WIPE_START
G1 F3000
G1 X124.939 Y111.947 E-.11952
G1 X125.172 Y112.738 E-.19597
G1 X125.287 Y113.015 E-.07123
G1 X125.296 Y113.136 E-.0287
G1 X125.362 Y113.378 E-.05957
;WIPE_END
G1 E-.025 F2700
M205 X8 Y8
G1 X117.819 Y112.213 Z4.8 F7200
G1 X73.003 Y105.294 Z4.8
G1 Z4.4
G1 E5 F2400
M205 X10 Y10
G1 F3000
G1 X74.631 Y105.294 E.05401
G1 X75.457 Y105.929 E.03456
G1 X75.678 Y106.206 E.01175
G1 X79.107 Y106.206 E.11376
G1 X78.747 Y105.929 E.01505
G1 X78.24 Y105.294 E.02696
G1 X85.114 Y105.294 E.228
G1 X85.939 Y105.929 E.03456
G1 X86.16 Y106.206 E.01175
G1 X89.59 Y106.206 E.11376
G1 X89.23 Y105.929 E.01505
G1 X88.723 Y105.294 E.02696
G1 X90.351 Y105.294 E.05401
M205 X8 Y8
G1 X95.015 Y106.206 F7200
M205 X10 Y10
G1 F3000
G1 X96.643 Y106.206 E.05401
G1 X96.422 Y105.929 E.01175
G1 X95.596 Y105.294 E.03456
G1 X99.205 Y105.294 E.11973
G1 X99.713 Y105.929 E.02696
G1 X100.564 Y106.584 E.03565
G1 X101.307 Y107.24 E.03284
G1 X101.8 Y107.895 E.0272
G1 X102.109 Y108.55 E.02403
G1 X102.286 Y109.205 E.02252
G1 X102.336 Y109.86 E.0218
G1 X102.186 Y110.515 E.02229
G1 X101.663 Y111.171 E.02781
G1 X100.811 Y111.826 E.03565
G1 X100.544 Y112.062 E.01183
G1 X100.544 Y112.527 E.01545
G1 X100.494 Y112.88 E.01181
G1 X100.29 Y113.287 E.01512
G1 X99.873 Y113.644 E.0182
G1 X99.494 Y113.775 E.01329
G1 X99.266 Y113.794 E.00759
G1 X99.09 Y114.446 E.02242
G1 X99.07 Y114.706 E.00864
G1 X94.53 Y114.706 E.15059
G1 X94.335 Y114.446 E.01078
G1 X94.027 Y113.794 E.02392
G1 X88.784 Y113.794 E.17394
G1 X88.607 Y114.446 E.02242
G1 X88.587 Y114.706 E.00864
G1 X84.047 Y114.706 E.15059
G1 X83.852 Y114.446 E.01078
G1 X83.544 Y113.794 E.02392
G1 X78.301 Y113.794 E.17394
G1 X78.124 Y114.446 E.02242
G1 X78.105 Y114.706 E.00864
G1 X73.565 Y114.706 E.15059
G1 X73.369 Y114.446 E.01078
G1 X73.06 Y113.791 E.02403
G1 X72.883 Y113.136 E.02252
G1 X72.833 Y112.481 E.0218
G1 X72.983 Y111.826 E.02229
G1 X73.456 Y111.233 E.02514
G1 X73.456 Y112.527 E.04292
G1 X73.503 Y112.858 E.01109
M205 X8 Y8
M73 P69 R8
G1 X65.994 Y114.706 F7200
M205 X10 Y10
G1 F3000
G1 X67.622 Y114.706 E.05401
G1 X67.642 Y114.446 E.00864
G1 X67.819 Y113.791 E.02252
G1 X68.128 Y113.136 E.02403
G1 X68.621 Y112.481 E.0272
G1 X69.364 Y111.826 E.03284
G1 X70.215 Y111.171 E.03565
G1 X70.739 Y110.515 E.02781
G1 X70.888 Y109.86 E.02229
G1 X70.838 Y109.205 E.0218
G1 X70.661 Y108.55 E.02252
G1 X70.352 Y107.895 E.02403
G1 X69.859 Y107.24 E.0272
G1 X69.117 Y106.584 E.03284
G1 X68.265 Y105.929 E.03565
G1 X67.758 Y105.294 E.02696
G1 X65.294 Y105.294 E.08172
G1 X65.294 Y106.33 E.03436
G1 X65.497 Y106.584 E.0108
G1 X65.647 Y107.24 E.02229
G1 X65.597 Y107.895 E.0218
G1 X65.42 Y108.55 E.02252
G1 X65.294 Y108.816 E.00976
G1 X65.294 Y110.444 E.05401
G1 E-5 F2700
M205 X8 Y8
G1 X72.912 Y110.913 Z4.8 F7200
G1 X139.26 Y114.991 Z4.8
G1 Z4.4
G1 E5 F2400
M205 X10 Y10
;TYPE:Inner wall
;WIDTH:0.449999
G1 F2700
G1 X139.625 Y114.496 E.02039
G1 X140.085 Y113.732 E.02959
G1 X140.425 Y112.997 E.02686
G1 X140.769 Y111.956 E.03637
G1 X140.913 Y111.208 E.02528
G1 X141.011 Y110.013 E.03975
G1 X140.965 Y109.167 E.02813
G1 X140.839 Y108.367 E.02686
G1 X140.544 Y107.301 E.03669
G1 X140.067 Y106.226 E.03902
G1 X139.533 Y105.373 E.03338
G1 X139.249 Y105.009 E.01531
G1 X154.991 Y105.009 E.52219
G1 X154.991 Y114.991 E.33111
G1 X139.3 Y114.991 E.5205
G1 E-4.5
;WIPE_START
G1 X139.625 Y114.496 E-.14054
G1 X140.085 Y113.732 E-.21185
G1 X140.302 Y113.264 E-.12261
;WIPE_END
G1 E-.025
M205 X8 Y8
G1 X138.351 Y115.398 Z4.8 F7200
G1 Z4.4
G1 E5 F2400
M205 X10 Y10
G1 F2700
G1 X138.893 Y114.802 E.02672
G1 X139.277 Y114.284 E.02141
G1 X139.717 Y113.558 E.02814
G1 X140.038 Y112.869 E.02521
G1 X140.374 Y111.854 E.03548
G1 X140.507 Y111.174 E.02298
G1 X140.603 Y110.009 E.0388
G1 X140.562 Y109.227 E.02598
G1 X140.446 Y108.476 E.02521
G1 X140.159 Y107.439 E.03569
G1 X139.706 Y106.416 E.0371
G1 X139.148 Y105.533 E.03466
G1 X138.655 Y104.921 E.02607
G1 X138.328 Y104.602 E.01515
G1 X155.398 Y104.602 E.56625
G1 X155.398 Y115.398 E.35812
G1 X138.391 Y115.398 E.56415
G1 E-4.5
;WIPE_START
G1 X138.893 Y114.802 E-.18503
G1 X139.277 Y114.284 E-.15327
G1 X139.576 Y113.792 E-.1367
;WIPE_END
G1 E-.025
M205 X8 Y8
G1 X137.308 Y115.786 Z4.8 F7200
G1 Z4.4
G1 E5 F2400
M205 X10 Y10
;TYPE:Outer wall
;WIDTH:0.419999
G1 X138.097 Y115.1 E.03211
G1 X138.579 Y114.567 E.02207
G1 X138.943 Y114.079 E.01871
G1 X139.363 Y113.391 E.02478
G1 X139.666 Y112.746 E.02188
G1 X139.994 Y111.754 E.0321
G1 X140.117 Y111.142 E.01919
G1 X140.21 Y110.003 E.03512
G1 X140.174 Y109.284 E.02212
G1 X140.068 Y108.58 E.02187
G1 X139.789 Y107.571 E.03217
G1 X139.359 Y106.602 E.03259
G1 X138.843 Y105.779 E.02985
G1 X138.333 Y105.148 E.02491
G1 X137.585 Y104.436 E.03175
G1 X137.269 Y104.21 E.01192
G1 X155.79 Y104.21 E.56909
G1 X155.79 Y115.79 E.35582
G1 X137.348 Y115.786 E.56666
G1 E-4.5 F2700
;WIPE_START
G1 F2400
G1 X138.097 Y115.1 E-.24114
G1 X138.579 Y114.567 E-.17061
G1 X138.738 Y114.354 E-.06325
;WIPE_END
G1 E-.025 F2700
M205 X8 Y8
G1 X139.801 Y106.796 Z4.8 F7200
G1 X139.975 Y105.555 Z4.8
G1 Z4.4
G1 E5 F2400
M205 X10 Y10
;TYPE:Sparse infill
;WIDTH:0.45
G1 F3000
G1 X139.814 Y105.294 E.01017
G1 X141.136 Y105.294 E.04384
G1 X141.643 Y105.929 E.02696
G1 X142.495 Y106.584 E.03565
G1 X143.237 Y107.24 E.03284
G1 X143.73 Y107.895 E.0272
G1 X144.039 Y108.55 E.02403
G1 X144.217 Y109.205 E.02252
G1 X144.266 Y109.86 E.0218
G1 X144.117 Y110.515 E.02229
G1 X143.594 Y111.171 E.02781
G1 X142.742 Y111.826 E.03565
G1 X141.999 Y112.481 E.03284
G1 X141.506 Y113.136 E.0272
G1 X141.197 Y113.791 E.02403
G1 X141.02 Y114.446 E.02252
G1 X141 Y114.706 E.00864
G1 X146.943 Y114.706 E.19713
G1 X146.748 Y114.446 E.01078
G1 X146.439 Y113.791 E.02403
G1 X146.261 Y113.136 E.02252
G1 X146.212 Y112.481 E.0218
G1 X146.361 Y111.826 E.02229
G1 X146.884 Y111.171 E.02781
G1 X147.736 Y110.515 E.03565
G1 X148.478 Y109.86 E.03284
G1 X148.972 Y109.205 E.0272
G1 X149.281 Y108.55 E.02403
G1 X149.458 Y107.895 E.02252
G1 X149.508 Y107.24 E.0218
G1 X149.358 Y106.584 E.02229
G1 X148.835 Y105.929 E.02781
G1 X148.009 Y105.294 E.03456
G1 X151.619 Y105.294 E.11973
G1 X152.126 Y105.929 E.02696
G1 X152.977 Y106.584 E.03565
G1 X153.72 Y107.24 E.03284
G1 X154.213 Y107.895 E.0272
G1 X154.522 Y108.55 E.02403
G1 X154.699 Y109.205 E.02252
G1 X154.706 Y110.049 E.02799
G1 X154.599 Y110.515 E.01587
G1 X154.076 Y111.171 E.02781
G1 X153.224 Y111.826 E.03565
G1 X152.482 Y112.481 E.03284
G1 X151.989 Y113.136 E.0272
G1 X151.68 Y113.791 E.02403
G1 X151.503 Y114.446 E.02252
G1 X151.483 Y114.706 E.00864
G1 X153.111 Y114.706 E.05401
; stop printing object 05_probe_bridge.stl id:0 copy 0
;TIME_ELAPSED:1122.115967

;LAYER_CHANGE
;:4.6
;HEIGHT:0.2
;BEFORE_LAYER_CHANGE
;4.6
G92 E0

G1 E-4.5 F2700
;WIPE_START
G1 F3000
G1 X151.483 Y114.706 E-.38673
G1 X151.503 Y114.446 E-.06183
G1 X151.532 Y114.339 E-.02645
;WIPE_END
G1 E-.025 F2700
;_SET_FAN_SPEED_CHANGING_LAYER
; OBJECT_ID: 15
; printing object 05_probe_bridge.stl id:0 copy 0
M205 X8 Y8
G17
G3 Z4.8 I-.019 J-1.217 P1  F7200
G1 X112.163 Y114.963 Z4.8
G1 Z4.6
G1 E5 F2400
M205 X10 Y10
;TYPE:Inner wall
;WIDTH:0.505614
G1 F2700
G1 X111.769 Y114.977 E.01487
;WIDTH:0.477807
G1 X111.375 Y114.991 E.01398
;WIDTH:0.449999
G1 X65.009 Y114.991 E1.53803
G1 X65.009 Y105.009 E.33111
G1 X110.874 Y105.009 E1.52142
;WIDTH:0.489307
G1 X111.197 Y105.029 E.01176
;WIDTH:0.528615
G1 X111.519 Y105.048 E.01279
;WIDTH:0.567922
G1 X111.842 Y105.068 E.01383
G1 X111.761 Y105.103 E.0038
;WIDTH:0.541217
G1 X111.679 Y105.139 E.0036
;WIDTH:0.514512
G1 X111.226 Y105.328 E.01888
;WIDTH:0.482256
G1 X110.773 Y105.517 E.01758
;WIDTH:0.449999
G1 X109.941 Y106.038 E.03255
G1 X109.227 Y106.711 E.03255
G1 X108.658 Y107.51 E.03255
G1 X108.255 Y108.405 E.03255
G1 X108.036 Y109.361 E.03255
G1 X107.997 Y110.149 E.02615
G1 X108.031 Y110.51 E.01205
G1 X108.169 Y111.31 E.02691
G1 X108.517 Y112.227 E.03255
G1 X109.038 Y113.059 E.03255
G1 X109.711 Y113.773 E.03255
G1 X110.51 Y114.342 E.03255
G1 X111.405 Y114.745 E.03255
;WIDTH:0.477807
G1 X111.784 Y114.854 E.01398
;WIDTH:0.505614
G1 X112.125 Y114.952 E.01336
G1 E-4.5
;WIPE_START
G1 X111.769 Y114.977 E-.0847
G1 X111.375 Y114.991 E-.09368
G1 X110.126 Y114.991 E-.29663
;WIPE_END
G1 E-.025
M205 X8 Y8
G1 X102.684 Y113.295 Z5 F7200
G1 X74.07 Y106.773 Z5
G1 Z4.6
G1 E5 F2400
M205 X10 Y10
;WIDTH:0.449999
G1 F2700
M73 P70 R8
G1 X74.264 Y106.607 E.00846
G1 X74.601 Y106.491 E.01183
G1 X99.271 Y106.491 E.81836
G1 X99.736 Y106.607 E.01589
G1 X100.062 Y106.886 E.01421
G1 X100.22 Y107.202 E.01172
G1 X100.259 Y107.479 E.00927
G1 X100.259 Y112.521 E.16728
G1 X100.22 Y112.798 E.00927
G1 X100.062 Y113.114 E.01172
G1 X99.736 Y113.393 E.01421
G1 X99.399 Y113.509 E.01183
G1 X74.729 Y113.509 E.81836
G1 X74.264 Y113.393 E.01589
G1 X73.938 Y113.114 E.01421
G1 X73.78 Y112.798 E.01172
G1 X73.741 Y112.521 E.00927
G1 X73.741 Y107.479 E.16728
G1 X73.78 Y107.202 E.00927
G1 X73.938 Y106.886 E.01172
G1 X74.04 Y106.799 E.00442
M205 X8 Y8
G1 X74.329 Y107.075 F7200
M205 X10 Y10
G1 F2700
G1 X74.455 Y106.966 E.00553
G1 X74.729 Y106.898 E.00934
G1 X99.271 Y106.898 E.81413
G1 X99.545 Y106.966 E.00934
G1 X99.736 Y107.13 E.00836
G1 X99.852 Y107.362 E.00861
G1 X99.852 Y108.91 E.05132
G1 X99.852 Y112.521 E.11981
G1 X99.829 Y112.684 E.00545
G1 X99.736 Y112.87 E.00689
G1 X99.545 Y113.034 E.00836
G1 X99.271 Y113.102 E.00934
G1 X74.729 Y113.102 E.81413
G1 X74.455 Y113.034 E.00934
G1 X74.264 Y112.87 E.00836
G1 X74.148 Y112.638 E.00861
G1 X74.148 Y107.479 E.17113
G1 X74.171 Y107.316 E.00545
G1 X74.264 Y107.13 E.00689
G1 X74.298 Y107.101 E.00149
M205 X8 Y8
G1 X74.578 Y107.365 F7200
M205 X10 Y10
;TYPE:Outer wall
;WIDTH:0.419999
G1 F2400
G1 X74.729 Y107.29 E.00518
G1 X99.271 Y107.29 E.75413
M73 P70 R7
G1 X99.422 Y107.365 E.00518
G1 X99.46 Y107.479 E.00366
G1 X99.46 Y112.521 E.15495
G1 X99.422 Y112.635 E.00366
G1 X99.271 Y112.71 E.00518
G1 X74.729 Y112.71 E.75413
G1 X74.578 Y112.635 E.00518
G1 X74.54 Y112.521 E.00366
G1 X74.54 Y107.479 E.15495
G1 X74.565 Y107.403 E.00243
G1 E-4.5 F2700
;WIPE_START
G1 F2400
G1 X74.729 Y107.29 E-.04725
G1 X76.53 Y107.29 E-.42775
;WIPE_END
G1 E-.025 F2700
M205 X8 Y8
G1 X84.013 Y108.789 Z5 F7200
G1 X114.321 Y114.861 Z5
G1 Z4.6
G1 E5 F2400
M205 X10 Y10
;TYPE:Inner wall
;WIDTH:0.514512
G1 F2700
G1 X114.774 Y114.672 E.01888
;WIDTH:0.482256
G1 X115.227 Y114.483 E.01758
;WIDTH:0.449999
G1 X116.059 Y113.962 E.03255
G1 X116.773 Y113.289 E.03255
G1 X117.342 Y112.49 E.03255
G1 X117.745 Y111.595 E.03255
G1 X117.964 Y110.639 E.03255
G1 X118.003 Y109.851 E.02615
G1 X117.968 Y109.488 E.0121
G1 X117.831 Y108.69 E.02686
G1 X117.483 Y107.773 E.03255
G1 X116.962 Y106.941 E.03255
G1 X116.289 Y106.227 E.03255
G1 X115.49 Y105.658 E.03255
G1 X114.595 Y105.255 E.03255
;WIDTH:0.477809
G1 X114.216 Y105.146 E.01398
;WIDTH:0.505618
G1 X113.837 Y105.037 E.01487
G1 X114.231 Y105.023 E.01487
;WIDTH:0.477809
G1 X114.625 Y105.009 E.01398
;WIDTH:0.449999
G1 X126.74 Y105.009 E.40189
G1 X126.315 Y105.591 E.02393
G1 X125.905 Y106.29 E.02686
G1 X125.46 Y107.293 E.03642
G1 X125.217 Y108.12 E.0286
G1 X125.027 Y109.341 E.04098
G1 X124.992 Y110.048 E.02349
G1 X125.041 Y110.871 E.02733
G1 X125.161 Y111.633 E.0256
G1 X125.454 Y112.69 E.03639
G1 X125.781 Y113.467 E.02798
G1 X126.154 Y114.156 E.02597
G1 X126.751 Y114.991 E.03403
G1 X115.126 Y114.991 E.38561
;WIDTH:0.489307
G1 X114.803 Y114.971 E.01176
;WIDTH:0.528615
G1 X114.481 Y114.952 E.01279
;WIDTH:0.567922
G1 X114.158 Y114.932 E.01383
G1 X114.239 Y114.897 E.0038
;WIDTH:0.541217
G1 X114.284 Y114.877 E.00198
G1 E-4.5
;WIPE_START
G1 X114.774 Y114.672 E-.12616
G1 X115.227 Y114.483 E-.11666
G1 X116.056 Y113.964 E-.23219
;WIPE_END
G1 E-.025
M205 X8 Y8
G1 X123.631 Y114.899 Z5 F7200
G1 X127.672 Y115.398 Z5
G1 Z4.6
G1 E5 F2400
M205 X10 Y10
;WIDTH:0.449999
G1 F2700
G1 X64.602 Y115.398 E2.09215
G1 X64.602 Y104.602 E.35812
G1 X127.644 Y104.604 E2.09122
G1 X127.106 Y105.2 E.02666
G1 X126.664 Y105.801 E.02474
G1 X126.277 Y106.455 E.02521
G1 X125.843 Y107.433 E.03551
G1 X125.617 Y108.192 E.02626
G1 X125.433 Y109.364 E.03937
G1 X125.399 Y110.028 E.02206
G1 X125.444 Y110.811 E.026
G1 X125.554 Y111.524 E.02395
G1 X125.839 Y112.556 E.0355
G1 X126.14 Y113.276 E.02588
G1 X126.494 Y113.931 E.02469
G1 X126.859 Y114.477 E.0218
G1 X127.345 Y115.08 E.02569
G1 X127.644 Y115.37 E.01381
G1 E-4.5
;WIPE_START
G1 X125.644 Y115.371 E-.475
;WIPE_END
G1 E-.025
M205 X8 Y8
G1 X128.731 Y115.79 Z5 F7200
G1 Z4.6
G1 E5 F2400
M205 X10 Y10
;TYPE:Outer wall
;WIDTH:0.419999
G1 X64.21 Y115.79 E1.98254
G1 X64.21 Y104.21 E.35582
G1 X128.717 Y104.21 E1.98212
G1 X128.419 Y104.433 E.01143
M73 P71 R7
G1 X127.896 Y104.908 E.02174
G1 X127.421 Y105.434 E.02176
G1 X127 Y106.002 E.02173
G1 X126.635 Y106.613 E.02187
G1 X126.212 Y107.569 E.03211
G1 X126.003 Y108.261 E.0222
G1 X125.825 Y109.387 E.03504
G1 X125.79 Y110.009 E.01915
G1 X125.831 Y110.753 E.0229
G1 X125.932 Y111.42 E.02071
G1 X126.21 Y112.427 E.03211
G1 X126.486 Y113.091 E.02208
G1 X126.82 Y113.714 E.02174
G1 X127.164 Y114.231 E.01907
G1 X127.667 Y114.852 E.02456
G1 X128.415 Y115.564 E.03175
G1 X128.698 Y115.767 E.01069
G1 E-4.5 F2700
;WIPE_START
G1 F2400
G1 X126.698 Y115.767 E-.475
;WIPE_END
G1 E-.025 F2700
M205 X8 Y8
G1 X119.106 Y114.987 Z5 F7200
G1 X114.05 Y114.467 Z5
G1 Z4.6
G1 E5 F2400
M205 X10 Y10
;TYPE:Inner wall
;WIDTH:0.449999
G1 F2700
G1 X113.283 Y114.591 E.0258
G1 X112.381 Y114.558 E.02991
G1 X111.504 Y114.35 E.02991
G1 X110.684 Y113.974 E.02991
G1 X109.953 Y113.446 E.02991
G1 X109.34 Y112.786 E.02991
G1 X108.867 Y112.018 E.02991
G1 X108.552 Y111.173 E.02991
G1 X108.403 Y110.169 E.03367
G1 X108.442 Y109.381 E.02615
G1 X108.65 Y108.504 E.02991
G1 X109.026 Y107.684 E.02991
G1 X109.554 Y106.953 E.02991
G1 X110.214 Y106.34 E.02991
G1 X110.982 Y105.867 E.02991
G1 X111.827 Y105.552 E.02991
G1 X112.771 Y105.407 E.03167
G1 X113.621 Y105.442 E.02824
G1 X114.496 Y105.65 E.02982
G1 X115.316 Y106.026 E.02991
G1 X116.047 Y106.554 E.02991
G1 X116.66 Y107.214 E.02991
G1 X117.133 Y107.982 E.02991
G1 X117.448 Y108.827 E.02991
G1 X117.566 Y109.548 E.02422
G1 X117.587 Y110.028 E.01595
G1 X117.558 Y110.619 E.0196
G1 X117.35 Y111.496 E.02991
G1 X116.974 Y112.316 E.02991
G1 X116.446 Y113.047 E.02991
G1 X115.786 Y113.66 E.02991
G1 X115.018 Y114.133 E.02991
G1 X114.173 Y114.448 E.02991
G1 X114.09 Y114.461 E.00279
M205 X8 Y8
G1 X113.989 Y114.086 F7200
M205 X10 Y10
;TYPE:Outer wall
;WIDTH:0.419999
G1 F2400
G1 X113.225 Y114.203 E.02375
G1 X112.401 Y114.166 E.02535
G1 X111.599 Y113.969 E.02535
G1 X110.852 Y113.62 E.02535
G1 X110.187 Y113.131 E.02535
G1 X109.63 Y112.522 E.02535
G1 X109.203 Y111.816 E.02535
G1 X108.922 Y111.041 E.02535
G1 X108.795 Y110.188 E.02648
G1 X108.834 Y109.401 E.02422
G1 X109.031 Y108.599 E.02535
G1 X109.38 Y107.852 E.02535
G1 X109.869 Y107.187 E.02535
G1 X110.478 Y106.63 E.02535
G1 X111.184 Y106.203 E.02535
G1 X111.959 Y105.922 E.02535
G1 X112.826 Y105.795 E.0269
G1 X113.6 Y105.834 E.02383
G1 X114.401 Y106.031 E.02533
G1 X115.148 Y106.38 E.02535
G1 X115.813 Y106.869 E.02535
G1 X116.37 Y107.478 E.02535
G1 X116.797 Y108.184 E.02535
G1 X117.078 Y108.959 E.02535
G1 X117.178 Y109.605 E.02009
G1 X117.195 Y110.009 E.01242
G1 X117.166 Y110.599 E.01816
G1 X116.969 Y111.401 E.02535
G1 X116.62 Y112.148 E.02535
G1 X116.131 Y112.813 E.02535
G1 X115.522 Y113.37 E.02535
G1 X114.816 Y113.797 E.02535
G1 X114.041 Y114.078 E.02535
G1 X114.029 Y114.08 E.00038
G1 E-4.5 F2700
;WIPE_START
G1 F2400
G1 X113.225 Y114.203 E-.19306
G1 X112.401 Y114.166 E-.19597
G1 X112.049 Y114.08 E-.08598
;WIPE_END
G1 E-.025 F2700
M205 X8 Y8
G1 X113.529 Y106.592 Z5 F7200
G1 X113.837 Y105.037 Z5
G1 Z4.6
G1 E5 F2400
M205 X10 Y10
;TYPE:Inner wall
;WIDTH:0.505618
G1 F2700
G1 X113.644 Y105.022 E.00729
;WIDTH:0.476642
G1 X112.714 Y105.007 E.03287
;WIDTH:0.485936
G1 X112.424 Y105.027 E.01052
;WIDTH:0.526929
G1 X112.133 Y105.048 E.0115
;WIDTH:0.567922
G1 X111.842 Y105.068 E.01247
G1 E-4.5
;WIPE_START
G1 X112.133 Y105.048 E-.06931
G1 X112.424 Y105.027 E-.06931
G1 X112.714 Y105.007 E-.06931
G1 X113.644 Y105.022 E-.22111
G1 X113.837 Y105.037 E-.04596
;WIPE_END
G1 E-.025
M205 X8 Y8
G1 X112.568 Y112.563 Z5 F7200
G1 X112.163 Y114.963 Z5
G1 Z4.6
G1 E5 F2400
M205 X10 Y10
;WIDTH:0.505614
G1 F2700
G1 X112.361 Y114.978 E.00747
;WIDTH:0.476386
G1 X113.342 Y114.992 E.03466
;WIDTH:0.487426
G1 X113.614 Y114.972 E.00988
;WIDTH:0.527674
G1 X113.886 Y114.952 E.01077
;WIDTH:0.567922
G1 X114.158 Y114.932 E.01167
G1 E-4.5
;WIPE_START
G1 X113.886 Y114.952 E-.06485
G1 X113.614 Y114.972 E-.06485
G1 X113.342 Y114.992 E-.06485
G1 X112.361 Y114.978 E-.23334
G1 X112.163 Y114.963 E-.04712
;WIPE_END
G1 E-.025
M205 X8 Y8
G1 X108.626 Y112.963 Z5 F7200
G1 Z4.6
G1 E5 F2400
M205 X10 Y10
;TYPE:Sparse infill
;WIDTH:0.45
G1 F3000
G1 X108.824 Y113.247 E.01149
G1 X109.359 Y113.837 E.02642
G1 X109.734 Y114.145 E.01608
G1 X109.68 Y114.446 E.01016
G1 X109.688 Y114.706 E.00861
G1 X104.971 Y114.706 E.15646
G1 X104.805 Y114.446 E.01023
G1 X104.556 Y113.791 E.02325
G1 X104.438 Y113.136 E.02208
G1 X104.459 Y112.481 E.02174
G1 X104.688 Y111.826 E.02301
G1 X105.234 Y111.171 E.02831
G1 X105.994 Y110.515 E.03327
G1 X106.634 Y109.86 E.03037
G1 X107.053 Y109.205 E.02581
G1 X107.303 Y108.55 E.02325
G1 X107.42 Y107.895 E.02208
G1 X107.399 Y107.24 E.02174
G1 X107.171 Y106.584 E.02301
G1 X106.624 Y105.929 E.02831
G1 X105.888 Y105.294 E.03225
G1 X109.946 Y105.294 E.13461
G1 X110.161 Y105.552 E.01114
G1 X109.947 Y105.68 E.00828
G1 X109.753 Y105.824 E.00801
G1 X109.163 Y106.359 E.02642
G1 X108.941 Y106.618 E.01129
G1 E-4.5 F2700
;WIPE_START
G1 F3000
G1 X109.163 Y106.359 E-.08084
G1 X109.753 Y105.824 E-.18913
G1 X109.947 Y105.68 E-.05736
G1 X110.161 Y105.552 E-.05931
G1 X109.946 Y105.294 E-.07978
G1 X109.91 Y105.294 E-.00857
;WIPE_END
G1 E-.025 F2700
M205 X8 Y8
G1 X116.703 Y108.774 Z5 F7200
G1 X118.26 Y109.571 Z5
G1 Z4.6
G1 E5 F2400
M205 X10 Y10
G1 F3000
G1 X118.159 Y108.833 E.02473
G1 X118.101 Y108.598 E.00803
G1 X117.885 Y107.995 E.02125
G1 X117.903 Y107.895 E.00337
G1 X117.882 Y107.24 E.02174
G1 X117.653 Y106.584 E.02301
G1 X117.107 Y105.929 E.02831
G1 X116.37 Y105.294 E.03225
G1 X120.428 Y105.294 E.13461
G1 X120.958 Y105.929 E.02744
G1 X121.718 Y106.584 E.03327
G1 X122.357 Y107.24 E.03037
G1 X122.777 Y107.895 E.02581
G1 X123.027 Y108.55 E.02325
G1 X123.144 Y109.205 E.02208
G1 X123.123 Y109.86 E.02174
G1 X122.895 Y110.515 E.02301
G1 X122.348 Y111.171 E.02831
G1 X121.588 Y111.826 E.03327
G1 X120.949 Y112.481 E.03037
G1 X120.529 Y113.136 E.02581
G1 X120.28 Y113.791 E.02325
G1 X120.162 Y114.446 E.02208
G1 X120.171 Y114.706 E.00861
G1 X125.937 Y114.706 E.19127
G1 X125.77 Y114.446 E.01023
G1 X125.521 Y113.791 E.02325
G1 X125.454 Y113.417 E.01261
G1 X125.164 Y112.709 E.02538
G1 X124.94 Y111.876 E.02864
G1 E-4.5 F2700
;WIPE_START
G1 F3000
G1 X125.164 Y112.709 E-.20502
G1 X125.454 Y113.417 E-.1817
G1 X125.519 Y113.783 E-.08827
;WIPE_END
G1 E-.025 F2700
M205 X8 Y8
G1 X118.161 Y111.757 Z5 F7200
G1 X98.001 Y106.206 Z5
G1 Z4.6
G1 E5 F2400
M205 X10 Y10
G1 F3000
G1 X96.372 Y106.206 E.05401
G1 X96.141 Y105.929 E.01196
G1 X95.405 Y105.294 E.03225
G1 X99.463 Y105.294 E.13461
G1 X99.993 Y105.929 E.02744
G1 X100.753 Y106.584 E.03327
G1 X101.392 Y107.24 E.03037
G1 X101.812 Y107.895 E.02581
G1 X102.061 Y108.55 E.02325
G1 X102.179 Y109.205 E.02208
G1 X102.158 Y109.86 E.02174
G1 X101.93 Y110.515 E.02301
G1 X101.383 Y111.171 E.02831
G1 X100.544 Y111.907 E.03702
G1 X100.544 Y112.527 E.02059
G1 X100.494 Y112.88 E.01181
G1 X100.29 Y113.287 E.01512
G1 X99.873 Y113.644 E.0182
G1 X99.494 Y113.775 E.01329
G1 X99.315 Y113.791 E.00598
G1 X99.197 Y114.446 E.0221
G1 X99.205 Y114.706 E.00861
G1 X94.489 Y114.706 E.15646
G1 X94.322 Y114.446 E.01023
G1 X94.074 Y113.794 E.02315
G1 X88.831 Y113.794 E.17392
G1 X88.715 Y114.446 E.02198
G1 X88.723 Y114.706 E.00861
G1 X84.006 Y114.706 E.15646
G1 X83.84 Y114.446 E.01023
G1 X83.592 Y113.794 E.02315
G1 X78.349 Y113.794 E.17392
G1 X78.232 Y114.446 E.02198
G1 X78.24 Y114.706 E.00861
G1 X73.524 Y114.706 E.15646
G1 X73.357 Y114.446 E.01023
G1 X73.108 Y113.791 E.02325
G1 X72.991 Y113.136 E.02208
G1 X73.011 Y112.481 E.02174
G1 X73.24 Y111.826 E.02301
G1 X73.456 Y111.567 E.01119
G1 X73.456 Y109.938 E.05401
M205 X8 Y8
G1 X72.812 Y105.294 F7200
M205 X10 Y10
G1 F3000
G1 X74.44 Y105.294 E.05401
G1 X75.176 Y105.929 E.03225
G1 X75.407 Y106.206 E.01196
G1 X79.349 Y106.206 E.13075
G1 X79.028 Y105.929 E.01405
G1 X78.498 Y105.294 E.02744
G1 X84.923 Y105.294 E.21312
G1 X85.659 Y105.929 E.03225
G1 X85.89 Y106.206 E.01196
G1 X89.831 Y106.206 E.13075
G1 X89.511 Y105.929 E.01405
G1 X88.98 Y105.294 E.02744
G1 X90.609 Y105.294 E.05401
G1 E-4.5 F2700
;WIPE_START
G1 F3000
G1 X88.98 Y105.294 E-.38673
G1 X89.219 Y105.579 E-.08827
;WIPE_END
G1 E-.025 F2700
M205 X8 Y8
G1 X81.736 Y107.082 Z5 F7200
G1 X65.294 Y110.384 Z5
G1 Z4.6
G1 E5 F2400
M205 X10 Y10
G1 F3000
G1 X65.294 Y108.755 E.05401
G1 X65.372 Y108.55 E.00729
G1 X65.49 Y107.895 E.02208
G1 X65.469 Y107.24 E.02174
G1 X65.294 Y106.739 E.0176
G1 X65.294 Y105.294 E.04791
G1 X68.015 Y105.294 E.09026
G1 X68.545 Y105.929 E.02744
G1 X69.305 Y106.584 E.03327
G1 X69.944 Y107.24 E.03037
G1 X70.364 Y107.895 E.02581
G1 X70.614 Y108.55 E.02325
G1 X70.731 Y109.205 E.02208
G1 X70.71 Y109.86 E.02174
G1 X70.482 Y110.515 E.02301
G1 X69.935 Y111.171 E.02831
G1 X69.175 Y111.826 E.03327
G1 X68.536 Y112.481 E.03037
G1 X68.116 Y113.136 E.02581
G1 X67.867 Y113.791 E.02325
G1 X67.749 Y114.446 E.02208
G1 X67.758 Y114.706 E.00861
G1 X66.129 Y114.706 E.05401
G1 E-5 F2700
M205 X8 Y8
G1 X73.762 Y114.736 Z5 F7200
G1 X139.26 Y114.991 Z5
G1 Z4.6
G1 E5 F2400
M205 X10 Y10
;TYPE:Inner wall
;WIDTH:0.449999
G1 F2700
G1 X139.632 Y114.486 E.0208
G1 X140.085 Y113.732 E.02918
G1 X140.425 Y112.997 E.02686
G1 X140.769 Y111.956 E.03638
M73 P72 R7
G1 X140.915 Y111.195 E.02569
G1 X141.011 Y110.013 E.03935
G1 X140.965 Y109.17 E.028
G1 X140.861 Y108.483 E.02306
G1 X140.65 Y107.632 E.02908
G1 X140.414 Y106.978 E.02306
G1 X140.04 Y106.182 E.02918
G1 X139.631 Y105.511 E.02607
G1 X139.26 Y105.009 E.02071
G1 X154.991 Y105.009 E.52184
G1 X154.991 Y114.991 E.33111
G1 X139.3 Y114.991 E.5205
G1 E-4.5
;WIPE_START
G1 X139.632 Y114.486 E-.14349
G1 X140.085 Y113.732 E-.20891
G1 X140.302 Y113.264 E-.1226
;WIPE_END
G1 E-.025
M205 X8 Y8
G1 X138.351 Y115.398 Z5 F7200
G1 Z4.6
G1 E5 F2400
M205 X10 Y10
G1 F2700
G1 X138.893 Y114.802 E.02673
G1 X139.284 Y114.274 E.0218
G1 X139.717 Y113.558 E.02775
G1 X140.038 Y112.869 E.02521
G1 X140.374 Y111.854 E.03548
G1 X140.509 Y111.162 E.02337
G1 X140.603 Y110.008 E.03841
G1 X140.562 Y109.229 E.0259
G1 X140.466 Y108.579 E.0218
G1 X140.266 Y107.768 E.0277
G1 X140.045 Y107.149 E.0218
G1 X139.69 Y106.392 E.02775
G1 X139.305 Y105.753 E.02475
G1 X138.858 Y105.156 E.02474
G1 X138.356 Y104.604 E.02477
G1 X155.398 Y104.602 E.56532
G1 X155.398 Y115.398 E.35812
G1 X138.391 Y115.398 E.56415
G1 E-4.5
;WIPE_START
G1 X138.893 Y114.802 E-.1851
G1 X139.284 Y114.274 E-.15605
G1 X139.576 Y113.792 E-.13385
;WIPE_END
G1 E-.025
M205 X8 Y8
G1 X137.308 Y115.786 Z5 F7200
G1 Z4.6
G1 E5 F2400
M205 X10 Y10
;TYPE:Outer wall
;WIDTH:0.419999
G1 X138.097 Y115.1 E.03211
G1 X138.579 Y114.567 E.02208
G1 X138.95 Y114.07 E.01906
G1 X139.363 Y113.391 E.02442
G1 X139.666 Y112.746 E.02188
G1 X139.994 Y111.754 E.0321
G1 X140.119 Y111.131 E.01955
G1 X140.21 Y110.003 E.03476
G1 X140.174 Y109.285 E.02209
G1 X140.085 Y108.671 E.01906
G1 X139.897 Y107.899 E.02442
G1 X139.689 Y107.314 E.01906
G1 X139.354 Y106.593 E.02442
G1 X138.99 Y105.987 E.02174
G1 X138.568 Y105.419 E.02173
G1 X138.091 Y104.895 E.02176
G1 X137.581 Y104.433 E.02116
G1 X137.269 Y104.21 E.01178
G1 X155.79 Y104.21 E.56909
G1 X155.79 Y115.79 E.35582
G1 X137.348 Y115.786 E.56666
G1 E-4.5 F2700
;WIPE_START
G1 F2400
G1 X138.097 Y115.1 E-.24114
G1 X138.579 Y114.567 E-.17063
G1 X138.738 Y114.354 E-.06323
;WIPE_END
G1 E-.025 F2700
M205 X8 Y8
G1 X139.677 Y106.779 Z5 F7200
G1 X139.855 Y105.341 Z5
G1 Z4.6
G1 E5 F2400
M205 X10 Y10
;TYPE:Sparse infill
;WIDTH:0.45
G1 F3000
G1 X139.822 Y105.294 E.00189
G1 X141.393 Y105.294 E.05212
G1 X141.924 Y105.929 E.02744
G1 X142.683 Y106.584 E.03327
G1 X143.323 Y107.24 E.03037
G1 X143.743 Y107.895 E.02581
G1 X143.992 Y108.55 E.02325
G1 X144.109 Y109.205 E.02208
G1 X144.088 Y109.86 E.02174
G1 X143.86 Y110.515 E.02301
G1 X143.313 Y111.171 E.02831
G1 X142.554 Y111.826 E.03327
G1 X141.914 Y112.481 E.03037
G1 X141.494 Y113.136 E.02581
G1 X141.245 Y113.791 E.02325
G1 X141.128 Y114.446 E.02208
G1 X141.136 Y114.706 E.00861
G1 X146.902 Y114.706 E.19127
G1 X146.735 Y114.446 E.01023
G1 X146.486 Y113.791 E.02325
G1 X146.369 Y113.136 E.02208
G1 X146.39 Y112.481 E.02174
G1 X146.618 Y111.826 E.02301
G1 X147.165 Y111.171 E.02831
G1 X147.924 Y110.515 E.03327
G1 X148.564 Y109.86 E.03037
G1 X148.984 Y109.205 E.02581
G1 X149.233 Y108.55 E.02325
G1 X149.35 Y107.895 E.02208
G1 X149.33 Y107.24 E.02174
G1 X149.101 Y106.584 E.02301
G1 X148.554 Y105.929 E.02831
G1 X147.818 Y105.294 E.03225
G1 X151.876 Y105.294 E.13461
G1 X152.406 Y105.929 E.02744
G1 X153.166 Y106.584 E.03327
G1 X153.805 Y107.24 E.03037
G1 X154.225 Y107.895 E.02581
G1 X154.474 Y108.55 E.02325
G1 X154.592 Y109.205 E.02208
G1 X154.571 Y109.86 E.02174
G1 X154.343 Y110.515 E.02301
G1 X153.796 Y111.171 E.02831
G1 X153.036 Y111.826 E.03327
G1 X152.397 Y112.481 E.03037
G1 X151.977 Y113.136 E.02581
G1 X151.727 Y113.791 E.02325
G1 X151.61 Y114.446 E.02208
G1 X151.618 Y114.706 E.00861
G1 X153.247 Y114.706 E.05401
; stop printing object 05_probe_bridge.stl id:0 copy 0
;TIME_ELAPSED:1167.855713

;LAYER_CHANGE
;:4.8
;HEIGHT:0.2
;BEFORE_LAYER_CHANGE
;4.8
G92 E0

G1 E-4.5 F2700
;WIPE_START
G1 F3000
G1 X151.618 Y114.706 E-.38673
G1 X151.61 Y114.446 E-.06168
G1 X151.63 Y114.336 E-.02659
;WIPE_END
G1 E-.025 F2700
;_SET_FAN_SPEED_CHANGING_LAYER
; OBJECT_ID: 15
; printing object 05_probe_bridge.stl id:0 copy 0
M205 X8 Y8
G17
G3 Z5 I-.019 J-1.217 P1  F7200
G1 X112.163 Y114.963 Z5
G1 Z4.8
G1 E5 F2400
M205 X10 Y10
;TYPE:Inner wall
;WIDTH:0.50562
G1 F2700
G1 X111.769 Y114.977 E.01487
;WIDTH:0.47781
G1 X111.375 Y114.991 E.01398
;WIDTH:0.449999
G1 X65.009 Y114.991 E1.53803
G1 X65.009 Y105.009 E.33111
G1 X110.874 Y105.009 E1.52142
;WIDTH:0.489307
G1 X111.197 Y105.029 E.01176
;WIDTH:0.528615
G1 X111.519 Y105.048 E.01279
;WIDTH:0.567922
G1 X111.842 Y105.068 E.01383
G1 X111.761 Y105.103 E.0038
;WIDTH:0.541217
G1 X111.679 Y105.139 E.0036
;WIDTH:0.514512
G1 X111.226 Y105.328 E.01888
;WIDTH:0.482256
G1 X110.773 Y105.517 E.01758
;WIDTH:0.449999
G1 X109.941 Y106.038 E.03255
G1 X109.227 Y106.711 E.03255
G1 X108.658 Y107.51 E.03255
G1 X108.255 Y108.405 E.03255
G1 X108.036 Y109.361 E.03255
G1 X107.997 Y110.149 E.02615
G1 X108.031 Y110.51 E.01205
G1 X108.169 Y111.31 E.02691
G1 X108.517 Y112.227 E.03255
G1 X109.038 Y113.059 E.03255
G1 X109.711 Y113.773 E.03255
G1 X110.51 Y114.342 E.03255
G1 X111.405 Y114.745 E.03255
;WIDTH:0.47781
G1 X111.784 Y114.854 E.01398
;WIDTH:0.50562
G1 X112.125 Y114.952 E.01336
G1 E-4.5
;WIPE_START
G1 X111.769 Y114.977 E-.08469
G1 X111.375 Y114.991 E-.09367
G1 X110.126 Y114.991 E-.29663
;WIPE_END
G1 E-.025
M205 X8 Y8
G1 X102.684 Y113.295 Z5.2 F7200
G1 X74.07 Y106.773 Z5.2
G1 Z4.8
G1 E5 F2400
M205 X10 Y10
;WIDTH:0.449999
G1 F2700
G1 X74.264 Y106.607 E.00846
G1 X74.601 Y106.491 E.01183
G1 X99.271 Y106.491 E.81836
G1 X99.736 Y106.607 E.01589
G1 X100.062 Y106.886 E.01421
G1 X100.22 Y107.202 E.01172
G1 X100.259 Y107.479 E.00927
G1 X100.259 Y112.521 E.16728
G1 X100.22 Y112.798 E.00927
G1 X100.062 Y113.114 E.01172
G1 X99.736 Y113.393 E.01421
G1 X99.399 Y113.509 E.01183
G1 X74.729 Y113.509 E.81836
G1 X74.264 Y113.393 E.01589
G1 X73.938 Y113.114 E.01421
G1 X73.78 Y112.798 E.01172
G1 X73.741 Y112.521 E.00927
G1 X73.741 Y107.479 E.16728
G1 X73.78 Y107.202 E.00927
G1 X73.938 Y106.886 E.01172
G1 X74.04 Y106.799 E.00442
M205 X8 Y8
G1 X74.329 Y107.075 F7200
M205 X10 Y10
G1 F2700
G1 X74.455 Y106.966 E.00553
G1 X74.729 Y106.898 E.00934
G1 X99.271 Y106.898 E.81413
G1 X99.545 Y106.966 E.00934
G1 X99.736 Y107.13 E.00836
G1 X99.852 Y107.362 E.00861
M73 P73 R7
G1 X99.852 Y108.91 E.05132
G1 X99.852 Y112.521 E.11981
G1 X99.829 Y112.684 E.00545
G1 X99.736 Y112.87 E.00689
G1 X99.545 Y113.034 E.00836
G1 X99.271 Y113.102 E.00934
G1 X74.729 Y113.102 E.81413
G1 X74.455 Y113.034 E.00934
G1 X74.264 Y112.87 E.00836
G1 X74.148 Y112.638 E.00861
G1 X74.148 Y107.479 E.17113
G1 X74.171 Y107.316 E.00545
G1 X74.264 Y107.13 E.00689
G1 X74.298 Y107.101 E.00149
M205 X8 Y8
G1 X74.578 Y107.365 F7200
M205 X10 Y10
;TYPE:Outer wall
;WIDTH:0.419999
G1 F2400
G1 X74.729 Y107.29 E.00518
G1 X99.271 Y107.29 E.75413
G1 X99.422 Y107.365 E.00518
G1 X99.46 Y107.479 E.00366
G1 X99.46 Y112.521 E.15495
G1 X99.422 Y112.635 E.00366
G1 X99.271 Y112.71 E.00518
G1 X74.729 Y112.71 E.75413
G1 X74.578 Y112.635 E.00518
G1 X74.54 Y112.521 E.00366
G1 X74.54 Y107.479 E.15495
G1 X74.565 Y107.403 E.00243
G1 E-4.5 F2700
;WIPE_START
G1 F2400
G1 X74.729 Y107.29 E-.04725
G1 X76.53 Y107.29 E-.42775
;WIPE_END
G1 E-.025 F2700
M205 X8 Y8
G1 X84.013 Y108.79 Z5.2 F7200
G1 X114.313 Y114.864 Z5.2
G1 Z4.8
G1 E5 F2400
M205 X10 Y10
;TYPE:Inner wall
;WIDTH:0.541217
G1 F2700
G1 X114.321 Y114.861 E.00033
;WIDTH:0.514512
G1 X114.774 Y114.672 E.01888
;WIDTH:0.482256
G1 X115.227 Y114.483 E.01758
;WIDTH:0.449999
G1 X116.059 Y113.962 E.03255
G1 X116.773 Y113.289 E.03255
G1 X117.342 Y112.49 E.03255
G1 X117.745 Y111.595 E.03255
G1 X117.964 Y110.639 E.03255
G1 X118.003 Y109.851 E.02615
G1 X117.971 Y109.504 E.01157
G1 X117.831 Y108.69 E.02739
G1 X117.483 Y107.773 E.03255
G1 X116.962 Y106.941 E.03255
G1 X116.289 Y106.227 E.03255
G1 X115.49 Y105.658 E.03255
G1 X114.595 Y105.255 E.03255
;WIDTH:0.47781
G1 X114.216 Y105.146 E.01398
;WIDTH:0.50562
G1 X113.837 Y105.037 E.01487
G1 X114.231 Y105.023 E.01487
;WIDTH:0.47781
G1 X114.625 Y105.009 E.01398
;WIDTH:0.449999
G1 X126.74 Y105.009 E.40188
G1 X126.361 Y105.524 E.02121
G1 X125.906 Y106.286 E.02943
G1 X125.473 Y107.271 E.03571
G1 X125.217 Y108.121 E.02943
G1 X125.027 Y109.338 E.04085
G1 X124.991 Y110.005 E.02216
G1 X125.075 Y111.142 E.03783
G1 X125.244 Y111.993 E.02877
G1 X125.476 Y112.743 E.02607
G1 X125.781 Y113.467 E.02606
G1 X126.155 Y114.156 E.02599
G1 X126.75 Y114.991 E.034
G1 X115.126 Y114.991 E.38559
;WIDTH:0.489307
G1 X114.803 Y114.971 E.01176
;WIDTH:0.528615
G1 X114.481 Y114.952 E.01279
;WIDTH:0.567922
G1 X114.158 Y114.932 E.01383
G1 X114.239 Y114.897 E.00379
;WIDTH:0.541217
G1 X114.277 Y114.88 E.00165
G1 E-4.5
;WIPE_START
G1 X114.321 Y114.861 E-.0114
G1 X114.774 Y114.672 E-.11666
G1 X115.227 Y114.483 E-.11666
G1 X116.049 Y113.968 E-.23028
;WIPE_END
G1 E-.025
M205 X8 Y8
G1 X123.624 Y114.9 Z5.2 F7200
G1 X127.672 Y115.398 Z5.2
G1 Z4.8
G1 E5 F2400
M205 X10 Y10
;WIDTH:0.449999
G1 F2700
G1 X64.602 Y115.398 E2.09215
G1 X64.602 Y104.602 E.35812
G1 X127.644 Y104.604 E2.09122
G1 X127.107 Y105.199 E.0266
G1 X126.709 Y105.736 E.02218
G1 X126.278 Y106.452 E.02773
G1 X125.861 Y107.392 E.0341
G1 X125.617 Y108.192 E.02774
G1 X125.433 Y109.361 E.03924
G1 X125.398 Y110.003 E.02133
G1 X125.475 Y111.065 E.03535
G1 X125.633 Y111.875 E.02735
G1 X125.853 Y112.588 E.02475
G1 X126.14 Y113.276 E.02474
G1 X126.494 Y113.931 E.0247
G1 X126.866 Y114.487 E.02218
G1 X127.346 Y115.08 E.02531
G1 X127.644 Y115.37 E.01379
G1 E-4.5
;WIPE_START
G1 X125.644 Y115.371 E-.475
;WIPE_END
G1 E-.025
M205 X8 Y8
G1 X128.731 Y115.79 Z5.2 F7200
G1 Z4.8
G1 E5 F2400
M205 X10 Y10
;TYPE:Outer wall
;WIDTH:0.419999
G1 X64.21 Y115.79 E1.98254
G1 X64.21 Y104.21 E.35582
G1 X128.717 Y104.21 E1.98212
G1 X128.419 Y104.433 E.01143
G1 X127.896 Y104.908 E.02174
G1 X127.421 Y105.433 E.02174
G1 X127.044 Y105.94 E.01942
G1 X126.636 Y106.613 E.02418
G1 X126.236 Y107.509 E.03016
G1 X126.003 Y108.261 E.02418
G1 X125.824 Y109.383 E.03491
G1 X125.79 Y110.013 E.01939
G1 X125.86 Y110.992 E.03016
G1 X126.008 Y111.761 E.02406
G1 X126.215 Y112.438 E.02174
G1 X126.486 Y113.091 E.02173
G1 X126.821 Y113.714 E.02174
G1 X127.171 Y114.24 E.01942
G1 X127.667 Y114.852 E.0242
G1 X128.415 Y115.564 E.03175
G1 X128.698 Y115.767 E.01069
G1 E-4.5 F2700
;WIPE_START
G1 F2400
G1 X126.698 Y115.767 E-.475
;WIPE_END
G1 E-.025 F2700
M205 X8 Y8
G1 X119.106 Y114.989 Z5.2 F7200
G1 X114.039 Y114.469 Z5.2
G1 Z4.8
G1 E5 F2400
M205 X10 Y10
;TYPE:Inner wall
;WIDTH:0.449999
G1 F2700
G1 X113.283 Y114.591 E.02541
G1 X112.381 Y114.558 E.02991
M73 P73 R6
G1 X111.504 Y114.35 E.02991
G1 X110.684 Y113.974 E.02991
G1 X109.953 Y113.446 E.02991
G1 X109.34 Y112.786 E.02991
G1 X108.867 Y112.018 E.02991
G1 X108.552 Y111.173 E.02991
G1 X108.403 Y110.169 E.03367
G1 X108.442 Y109.381 E.02615
G1 X108.65 Y108.504 E.02991
G1 X109.026 Y107.684 E.02991
G1 X109.554 Y106.953 E.02991
G1 X110.214 Y106.34 E.02991
G1 X110.982 Y105.867 E.02991
G1 X111.827 Y105.552 E.02991
G1 X112.764 Y105.407 E.03143
G1 X113.621 Y105.442 E.02846
G1 X114.496 Y105.65 E.02983
G1 X115.316 Y106.026 E.02991
G1 X116.047 Y106.554 E.02991
G1 X116.66 Y107.214 E.02991
G1 X117.133 Y107.982 E.02991
G1 X117.448 Y108.827 E.02991
G1 X117.597 Y109.831 E.03367
G1 X117.558 Y110.619 E.02615
G1 X117.35 Y111.496 E.02991
G1 X116.974 Y112.316 E.02991
G1 X116.446 Y113.047 E.02991
G1 X115.786 Y113.66 E.02991
G1 X115.018 Y114.133 E.02991
G1 X114.173 Y114.448 E.02991
G1 X114.078 Y114.463 E.00317
M205 X8 Y8
G1 X113.978 Y114.088 F7200
M205 X10 Y10
;TYPE:Outer wall
;WIDTH:0.419999
G1 F2400
G1 X113.225 Y114.203 E.02339
G1 X112.401 Y114.166 E.02535
M73 P74 R6
G1 X111.599 Y113.969 E.02535
G1 X110.852 Y113.62 E.02535
G1 X110.187 Y113.131 E.02535
G1 X109.63 Y112.522 E.02535
G1 X109.203 Y111.816 E.02535
G1 X108.922 Y111.041 E.02535
G1 X108.795 Y110.188 E.02648
G1 X108.834 Y109.401 E.02422
G1 X109.031 Y108.599 E.02535
G1 X109.38 Y107.852 E.02535
G1 X109.869 Y107.187 E.02535
G1 X110.478 Y106.63 E.02535
G1 X111.184 Y106.203 E.02535
G1 X111.959 Y105.922 E.02535
G1 X112.819 Y105.796 E.02669
G1 X113.6 Y105.834 E.02404
G1 X114.401 Y106.031 E.02533
G1 X115.148 Y106.38 E.02535
G1 X115.813 Y106.869 E.02535
G1 X116.37 Y107.478 E.02535
G1 X116.797 Y108.184 E.02535
G1 X117.078 Y108.959 E.02535
G1 X117.18 Y109.621 E.02057
G1 X117.191 Y110.102 E.01477
G1 X117.165 Y110.61 E.01562
G1 X116.969 Y111.401 E.02504
G1 X116.62 Y112.148 E.02535
G1 X116.131 Y112.813 E.02535
G1 X115.522 Y113.37 E.02535
G1 X114.816 Y113.797 E.02535
G1 X114.041 Y114.078 E.02535
G1 X114.017 Y114.082 E.00073
G1 E-4.5 F2700
;WIPE_START
G1 F2400
G1 X113.225 Y114.203 E-.19031
G1 X112.401 Y114.166 E-.19597
G1 X112.038 Y114.077 E-.08872
;WIPE_END
G1 E-.025 F2700
M205 X8 Y8
G1 X111.872 Y106.446 Z5.2 F7200
G1 X111.842 Y105.068 Z5.2
G1 Z4.8
G1 E5 F2400
M205 X10 Y10
;TYPE:Inner wall
;WIDTH:0.567922
G1 F2700
G1 X112.13 Y105.048 E.01236
;WIDTH:0.527025
G1 X112.419 Y105.027 E.0114
;WIDTH:0.486128
G1 X112.707 Y105.007 E.01044
;WIDTH:0.476608
G1 X113.643 Y105.022 E.0331
;WIDTH:0.50562
G1 X113.837 Y105.037 E.00731
G1 E-4.5
;WIPE_START
G1 X113.643 Y105.022 E-.04612
G1 X112.707 Y105.007 E-.22272
G1 X112.419 Y105.027 E-.06872
G1 X112.13 Y105.048 E-.06872
G1 X111.842 Y105.068 E-.06872
;WIPE_END
G1 E-.025
M205 X8 Y8
G1 X112.09 Y112.697 Z5.2 F7200
G1 X112.163 Y114.963 Z5.2
G1 Z4.8
G1 E5 F2400
M205 X10 Y10
G1 F2700
G1 X112.361 Y114.978 E.00747
;WIDTH:0.476394
G1 X113.342 Y114.992 E.03466
;WIDTH:0.487426
G1 X113.614 Y114.972 E.00988
;WIDTH:0.527674
G1 X113.886 Y114.952 E.01077
;WIDTH:0.567922
G1 X114.158 Y114.932 E.01167
G1 E-4.5
;WIPE_START
G1 X113.886 Y114.952 E-.06485
G1 X113.614 Y114.972 E-.06485
G1 X113.342 Y114.992 E-.06485
G1 X112.361 Y114.978 E-.23334
G1 X112.163 Y114.963 E-.04712
;WIPE_END
G1 E-.025
M205 X8 Y8
G1 X108.665 Y113.028 Z5.2 F7200
G1 Z4.8
G1 E5 F2400
M205 X10 Y10
;TYPE:Sparse infill
;WIDTH:0.45
G1 F3000
G1 X108.824 Y113.247 E.00898
G1 X109.359 Y113.837 E.02642
G1 X109.538 Y114 E.00801
G1 X109.795 Y114.19 E.0106
G1 X109.772 Y114.446 E.00854
G1 X109.805 Y114.706 E.00868
G1 X104.92 Y114.706 E.16205
G1 X104.78 Y114.446 E.00978
G1 X104.589 Y113.791 E.02264
G1 X104.53 Y113.136 E.02182
G1 X104.616 Y112.481 E.02192
G1 X104.908 Y111.826 E.0238
G1 X105.472 Y111.171 E.02867
G1 X106.167 Y110.515 E.0317
G1 X106.725 Y109.86 E.02855
G1 X107.078 Y109.205 E.02468
G1 X107.269 Y108.55 E.02264
G1 X107.328 Y107.895 E.02182
G1 X107.243 Y107.24 E.02192
G1 X106.951 Y106.584 E.0238
G1 X106.387 Y105.929 E.02867
G1 X105.712 Y105.294 E.03073
G1 X107.341 Y105.294 E.05401
M205 X8 Y8
G1 X97.771 Y106.206 F7200
M205 X10 Y10
G1 F3000
G1 X96.142 Y106.206 E.05401
G1 X95.904 Y105.929 E.01211
G1 X95.23 Y105.294 E.03073
G1 X99.684 Y105.294 E.14774
G1 X100.23 Y105.929 E.02779
G1 X100.926 Y106.584 E.0317
G1 X101.484 Y107.24 E.02855
G1 X101.837 Y107.895 E.02468
G1 X102.028 Y108.55 E.02264
G1 X102.087 Y109.205 E.02182
G1 X102.002 Y109.86 E.02192
G1 X101.709 Y110.515 E.0238
G1 X101.146 Y111.171 E.02867
G1 X100.544 Y111.737 E.0274
G1 X100.544 Y112.527 E.02622
G1 X100.494 Y112.88 E.01181
G1 X100.29 Y113.287 E.01512
G1 X99.873 Y113.644 E.0182
G1 X99.494 Y113.775 E.01329
G1 X99.349 Y113.788 E.00484
G1 X99.289 Y114.446 E.02194
G1 X99.323 Y114.706 E.00868
G1 X94.438 Y114.706 E.16205
G1 X94.298 Y114.446 E.00978
G1 X94.108 Y113.794 E.02254
G1 X88.865 Y113.794 E.1739
G1 X88.806 Y114.446 E.02172
G1 X88.84 Y114.706 E.00868
G1 X83.955 Y114.706 E.16205
G1 X83.815 Y114.446 E.00978
G1 X83.625 Y113.794 E.02254
G1 X78.383 Y113.794 E.1739
G1 X78.324 Y114.446 E.02172
G1 X78.358 Y114.706 E.00868
G1 X73.472 Y114.706 E.16205
G1 X73.333 Y114.446 E.00978
G1 X73.142 Y113.791 E.02264
G1 X73.083 Y113.136 E.02182
G1 X73.168 Y112.481 E.02192
G1 X73.456 Y111.835 E.02347
G1 X73.456 Y110.206 E.05401
M205 X8 Y8
G1 X72.636 Y105.294 F7200
M205 X10 Y10
G1 F3000
G1 X74.265 Y105.294 E.05401
G1 X74.939 Y105.929 E.03073
G1 X75.177 Y106.206 E.01211
G1 X79.559 Y106.206 E.14535
G1 X79.265 Y105.929 E.01339
G1 X78.719 Y105.294 E.02779
G1 X84.747 Y105.294 E.19998
G1 X85.422 Y105.929 E.03073
G1 X85.66 Y106.206 E.01211
G1 X90.041 Y106.206 E.14535
G1 X89.748 Y105.929 E.01339
G1 X89.201 Y105.294 E.02779
G1 X90.829 Y105.294 E.05401
G1 E-4.5 F2700
;WIPE_START
G1 F3000
G1 X89.201 Y105.294 E-.38673
G1 X89.444 Y105.576 E-.08827
;WIPE_END
G1 E-.025 F2700
M205 X8 Y8
G1 X81.955 Y107.05 Z5.2 F7200
G1 X65.294 Y110.331 Z5.2
G1 Z4.8
G1 E5 F2400
M205 X10 Y10
G1 F3000
G1 X65.294 Y108.702 E.05401
G1 X65.339 Y108.55 E.00527
G1 X65.398 Y107.895 E.02182
G1 X65.312 Y107.24 E.02192
G1 X65.294 Y107.198 E.00149
G1 X65.294 Y105.294 E.06317
G1 X68.236 Y105.294 E.09758
G1 X68.782 Y105.929 E.02779
G1 X69.478 Y106.584 E.0317
G1 X70.036 Y107.24 E.02855
G1 X70.389 Y107.895 E.02468
G1 X70.58 Y108.55 E.02264
G1 X70.639 Y109.205 E.02182
G1 X70.554 Y109.86 E.02192
G1 X70.262 Y110.515 E.0238
G1 X69.698 Y111.171 E.02867
G1 X69.002 Y111.826 E.0317
G1 X68.444 Y112.481 E.02855
G1 X68.091 Y113.136 E.02468
G1 X67.9 Y113.791 E.02264
G1 X67.841 Y114.446 E.02182
G1 X67.875 Y114.706 E.00868
G1 X66.247 Y114.706 E.05401
G1 E-4.5 F2700
;WIPE_START
G1 F3000
G1 X67.875 Y114.706 E-.38673
G1 X67.841 Y114.446 E-.06217
G1 X67.851 Y114.337 E-.02611
;WIPE_END
G1 E-.025 F2700
M205 X8 Y8
G1 X75.446 Y113.582 Z5.2 F7200
G1 X118.227 Y109.329 Z5.2
G1 Z4.8
G1 E5 F2400
M205 X10 Y10
G1 F3000
G1 X118.159 Y108.833 E.01661
G1 X118.101 Y108.598 E.00803
G1 X117.794 Y107.767 E.02936
G1 X117.725 Y107.24 E.01766
G1 X117.433 Y106.584 E.0238
G1 X116.869 Y105.929 E.02867
G1 X116.195 Y105.294 E.03073
G1 X120.649 Y105.294 E.14774
G1 X121.196 Y105.929 E.02779
G1 X121.891 Y106.584 E.0317
G1 X122.449 Y107.24 E.02855
G1 X122.802 Y107.895 E.02468
G1 X122.993 Y108.55 E.02264
G1 X123.052 Y109.205 E.02182
G1 X122.967 Y109.86 E.02192
G1 X122.675 Y110.515 E.0238
G1 X122.111 Y111.171 E.02867
G1 X121.415 Y111.826 E.0317
G1 X120.857 Y112.481 E.02855
G1 X120.504 Y113.136 E.02468
G1 X120.313 Y113.791 E.02264
G1 X120.254 Y114.446 E.02182
G1 X120.288 Y114.704 E.00862
G1 X125.883 Y114.702 E.18561
G1 X125.746 Y114.446 E.00962
G1 X125.555 Y113.791 E.02264
G1 X125.539 Y113.618 E.00576
G1 X125.172 Y112.738 E.03162
G1 X124.981 Y112.091 E.02239
G1 E-5 F2700
M205 X8 Y8
G1 X132.461 Y113.61 Z5.2 F7200
G1 X139.26 Y114.991 Z5.2
G1 Z4.8
G1 E5 F2400
M205 X10 Y10
;TYPE:Inner wall
;WIDTH:0.449999
G1 F2700
G1 X139.639 Y114.476 E.02121
G1 X140.085 Y113.732 E.02877
G1 X140.425 Y112.997 E.02686
G1 X140.772 Y111.947 E.03669
G1 X140.972 Y110.793 E.03884
G1 X141.007 Y109.931 E.02862
G1 X140.925 Y108.858 E.03571
G1 X140.75 Y107.988 E.02943
G1 X140.41 Y106.967 E.03571
G1 X140.029 Y106.165 E.02943
G1 X139.519 Y105.353 E.03181
G1 X139.25 Y105.009 E.01448
G1 X154.991 Y105.009 E.52215
G1 X154.991 Y114.991 E.33111
G1 X139.3 Y114.991 E.5205
G1 E-4.5
;WIPE_START
G1 X139.639 Y114.476 E-.14645
G1 X140.085 Y113.732 E-.20597
G1 X140.302 Y113.264 E-.12258
;WIPE_END
G1 E-.025
M205 X8 Y8
G1 X138.351 Y115.398 Z5.2 F7200
G1 Z4.8
G1 E5 F2400
M205 X10 Y10
G1 F2700
G1 X138.893 Y114.801 E.02674
G1 X139.291 Y114.264 E.02218
G1 X139.717 Y113.558 E.02735
G1 X140.038 Y112.869 E.02521
G1 X140.376 Y111.848 E.03569
G1 X140.566 Y110.751 E.03693
G1 X140.601 Y109.96 E.02627
G1 X140.525 Y108.935 E.0341
G1 X140.363 Y108.114 E.02773
G1 X140.04 Y107.138 E.0341
G1 X139.684 Y106.382 E.02773
G1 X139.134 Y105.513 E.0341
G1 X138.654 Y104.92 E.02531
G1 X138.328 Y104.602 E.01512
G1 X155.398 Y104.602 E.56625
G1 X155.398 Y115.398 E.35812
G1 X138.391 Y115.398 E.56415
G1 E-4.5
;WIPE_START
G1 X138.893 Y114.801 E-.18518
G1 X139.291 Y114.264 E-.15883
G1 X139.576 Y113.792 E-.13099
;WIPE_END
G1 E-.025
M205 X8 Y8
G1 X137.308 Y115.786 Z5.2 F7200
G1 Z4.8
G1 E5 F2400
M205 X10 Y10
;TYPE:Outer wall
;WIDTH:0.419999
M73 P75 R6
G1 X138.097 Y115.1 E.03211
G1 X138.579 Y114.567 E.02208
G1 X138.956 Y114.06 E.01942
G1 X139.363 Y113.391 E.02406
G1 X139.666 Y112.746 E.02188
G1 X139.994 Y111.752 E.03217
G1 X140.175 Y110.709 E.03254
G1 X140.21 Y109.987 E.0222
G1 X140.14 Y109.008 E.03015
G1 X139.99 Y108.236 E.02418
G1 X139.685 Y107.303 E.03016
G1 X139.352 Y106.59 E.02418
G1 X138.829 Y105.76 E.03016
G1 X138.333 Y105.148 E.0242
G1 X137.585 Y104.436 E.03175
G1 X137.269 Y104.21 E.01192
G1 X155.79 Y104.21 E.56909
G1 X155.79 Y115.79 E.35582
G1 X137.348 Y115.786 E.56666
G1 E-4.5 F2700
;WIPE_START
G1 F2400
G1 X138.097 Y115.1 E-.24114
G1 X138.579 Y114.567 E-.17066
G1 X138.738 Y114.353 E-.06321
;WIPE_END
G1 E-.025 F2700
M205 X8 Y8
G1 X139.779 Y106.792 Z5.2 F7200
G1 X139.986 Y105.294 Z5.2
G1 Z4.8
G1 E5 F2400
M205 X10 Y10
;TYPE:Sparse infill
;WIDTH:0.45
G1 F3000
G1 X141.614 Y105.294 E.05401
G1 X142.161 Y105.929 E.02779
G1 X142.856 Y106.584 E.0317
G1 X143.414 Y107.24 E.02855
G1 X143.767 Y107.895 E.02468
G1 X143.958 Y108.55 E.02264
G1 X144.017 Y109.205 E.02182
G1 X143.932 Y109.86 E.02192
G1 X143.64 Y110.515 E.0238
G1 X143.076 Y111.171 E.02867
G1 X142.38 Y111.826 E.0317
G1 X141.822 Y112.481 E.02855
G1 X141.47 Y113.136 E.02468
G1 X141.278 Y113.791 E.02264
G1 X141.219 Y114.446 E.02182
G1 X141.253 Y114.706 E.00868
G1 X146.851 Y114.706 E.18568
G1 X146.711 Y114.446 E.00978
G1 X146.52 Y113.791 E.02264
G1 X146.461 Y113.136 E.02182
G1 X146.546 Y112.481 E.02192
G1 X146.838 Y111.826 E.0238
G1 X147.402 Y111.171 E.02867
G1 X148.098 Y110.515 E.0317
G1 X148.656 Y109.86 E.02855
G1 X149.008 Y109.205 E.02468
G1 X149.199 Y108.55 E.02264
G1 X149.259 Y107.895 E.02182
G1 X149.173 Y107.24 E.02192
G1 X148.881 Y106.584 E.0238
G1 X148.317 Y105.929 E.02867
G1 X147.643 Y105.294 E.03073
G1 X152.097 Y105.294 E.14774
G1 X152.643 Y105.929 E.02779
G1 X153.339 Y106.584 E.0317
G1 X153.897 Y107.24 E.02855
G1 X154.25 Y107.895 E.02468
G1 X154.441 Y108.55 E.02264
G1 X154.5 Y109.205 E.02182
G1 X154.415 Y109.86 E.02192
G1 X154.122 Y110.515 E.0238
G1 X153.559 Y111.171 E.02867
G1 X152.863 Y111.826 E.0317
G1 X152.305 Y112.481 E.02855
G1 X151.952 Y113.136 E.02468
G1 X151.761 Y113.791 E.02264
G1 X151.702 Y114.446 E.02182
G1 X151.736 Y114.706 E.00868
G1 X153.364 Y114.706 E.05401
; stop printing object 05_probe_bridge.stl id:0 copy 0
;TIME_ELAPSED:1212.168213

;LAYER_CHANGE
;:5
;HEIGHT:0.2
;BEFORE_LAYER_CHANGE
;5
G92 E0

G1 E-4.5 F2700
;WIPE_START
G1 F3000
G1 X151.736 Y114.706 E-.38673
G1 X151.702 Y114.446 E-.06217
G1 X151.712 Y114.337 E-.02611
;WIPE_END
G1 E-.025 F2700
;_SET_FAN_SPEED_CHANGING_LAYER
; OBJECT_ID: 15
; printing object 05_probe_bridge.stl id:0 copy 0
M205 X8 Y8
G17
G3 Z5.2 I-.019 J-1.217 P1  F7200
G1 X112.163 Y114.963 Z5.2
G1 Z5
G1 E5 F2400
M205 X10 Y10
;TYPE:Inner wall
;WIDTH:0.505616
G1 F2700
G1 X111.769 Y114.977 E.01487
;WIDTH:0.477808
G1 X111.375 Y114.991 E.01398
;WIDTH:0.449999
G1 X65.009 Y114.991 E1.53803
G1 X65.009 Y105.009 E.33111
G1 X110.874 Y105.009 E1.52142
;WIDTH:0.489307
G1 X111.197 Y105.029 E.01176
;WIDTH:0.528615
G1 X111.519 Y105.048 E.01279
;WIDTH:0.567922
G1 X111.842 Y105.068 E.01383
G1 X111.761 Y105.103 E.0038
;WIDTH:0.541217
G1 X111.679 Y105.139 E.0036
;WIDTH:0.514512
G1 X111.226 Y105.328 E.01888
;WIDTH:0.482256
G1 X110.773 Y105.517 E.01758
;WIDTH:0.449999
G1 X109.941 Y106.038 E.03255
G1 X109.227 Y106.711 E.03255
G1 X108.658 Y107.51 E.03255
G1 X108.255 Y108.405 E.03255
G1 X108.036 Y109.361 E.03255
G1 X107.997 Y110.149 E.02615
G1 X108.031 Y110.51 E.01205
G1 X108.169 Y111.31 E.02691
G1 X108.517 Y112.227 E.03255
G1 X109.038 Y113.059 E.03255
G1 X109.711 Y113.773 E.03255
G1 X110.51 Y114.342 E.03255
G1 X111.405 Y114.745 E.03255
;WIDTH:0.477808
G1 X111.784 Y114.854 E.01398
;WIDTH:0.505616
G1 X112.125 Y114.952 E.01336
G1 E-4.5
;WIPE_START
G1 X111.769 Y114.977 E-.0847
G1 X111.375 Y114.991 E-.09367
G1 X110.126 Y114.991 E-.29663
;WIPE_END
G1 E-.025
M205 X8 Y8
G1 X102.684 Y113.295 Z5.4 F7200
G1 X74.07 Y106.773 Z5.4
G1 Z5
G1 E5 F2400
M205 X10 Y10
;WIDTH:0.449999
G1 F2700
G1 X74.264 Y106.607 E.00846
G1 X74.601 Y106.491 E.01183
G1 X99.271 Y106.491 E.81836
G1 X99.736 Y106.607 E.01589
G1 X100.062 Y106.886 E.01421
G1 X100.22 Y107.202 E.01172
G1 X100.259 Y107.479 E.00927
G1 X100.259 Y112.521 E.16728
G1 X100.22 Y112.798 E.00927
G1 X100.062 Y113.114 E.01172
G1 X99.736 Y113.393 E.01421
G1 X99.399 Y113.509 E.01183
G1 X74.729 Y113.509 E.81836
G1 X74.264 Y113.393 E.01589
G1 X73.938 Y113.114 E.01421
G1 X73.78 Y112.798 E.01172
G1 X73.741 Y112.521 E.00927
G1 X73.741 Y107.479 E.16728
G1 X73.78 Y107.202 E.00927
G1 X73.938 Y106.886 E.01172
G1 X74.04 Y106.799 E.00442
M205 X8 Y8
G1 X74.329 Y107.075 F7200
M205 X10 Y10
G1 F2700
G1 X74.455 Y106.966 E.00553
G1 X74.729 Y106.898 E.00934
G1 X99.271 Y106.898 E.81413
G1 X99.545 Y106.966 E.00934
G1 X99.736 Y107.13 E.00836
G1 X99.852 Y107.362 E.00861
G1 X99.852 Y108.91 E.05132
G1 X99.852 Y112.521 E.11981
G1 X99.829 Y112.684 E.00545
G1 X99.736 Y112.87 E.00689
G1 X99.545 Y113.034 E.00836
G1 X99.271 Y113.102 E.00934
G1 X74.729 Y113.102 E.81413
G1 X74.455 Y113.034 E.00934
G1 X74.264 Y112.87 E.00836
G1 X74.148 Y112.638 E.00861
G1 X74.148 Y107.479 E.17113
G1 X74.171 Y107.316 E.00545
G1 X74.264 Y107.13 E.00689
G1 X74.298 Y107.101 E.00149
M205 X8 Y8
G1 X74.578 Y107.365 F7200
M205 X10 Y10
;TYPE:Outer wall
;WIDTH:0.419999
G1 F2400
G1 X74.729 Y107.29 E.00518
G1 X99.271 Y107.29 E.75413
G1 X99.422 Y107.365 E.00518
G1 X99.46 Y107.479 E.00366
G1 X99.46 Y112.521 E.15495
G1 X99.422 Y112.635 E.00366
G1 X99.271 Y112.71 E.00518
G1 X74.729 Y112.71 E.75413
G1 X74.578 Y112.635 E.00518
G1 X74.54 Y112.521 E.00366
G1 X74.54 Y107.479 E.15495
G1 X74.565 Y107.403 E.00243
G1 E-4.5 F2700
;WIPE_START
G1 F2400
G1 X74.729 Y107.29 E-.04725
G1 X76.53 Y107.29 E-.42775
;WIPE_END
G1 E-.025 F2700
M205 X8 Y8
G1 X84.013 Y108.791 Z5.4 F7200
G1 X114.303 Y114.869 Z5.4
G1 Z5
G1 E5 F2400
M205 X10 Y10
;TYPE:Inner wall
;WIDTH:0.541217
G1 F2700
G1 X114.321 Y114.861 E.00077
;WIDTH:0.514512
G1 X114.774 Y114.672 E.01888
;WIDTH:0.482256
G1 X115.227 Y114.483 E.01758
;WIDTH:0.449999
G1 X116.059 Y113.962 E.03255
G1 X116.773 Y113.289 E.03255
M73 P76 R6
G1 X117.342 Y112.49 E.03255
G1 X117.745 Y111.595 E.03255
G1 X117.964 Y110.639 E.03255
G1 X117.993 Y110.048 E.0196
G1 X117.973 Y109.52 E.01755
G1 X117.831 Y108.69 E.02792
G1 X117.483 Y107.773 E.03255
G1 X116.962 Y106.941 E.03255
G1 X116.289 Y106.227 E.03255
G1 X115.49 Y105.658 E.03255
G1 X114.595 Y105.255 E.03255
;WIDTH:0.477806
G1 X114.216 Y105.146 E.01398
;WIDTH:0.505612
G1 X113.837 Y105.037 E.01487
G1 X114.231 Y105.023 E.01487
;WIDTH:0.477806
G1 X114.625 Y105.009 E.01398
;WIDTH:0.449999
G1 X126.74 Y105.009 E.40189
G1 X126.315 Y105.591 E.02393
G1 X125.905 Y106.29 E.02686
G1 X125.46 Y107.293 E.03643
G1 X125.216 Y108.122 E.02864
G1 X125.026 Y109.334 E.04071
G1 X124.992 Y110.048 E.02372
G1 X125.042 Y110.88 E.02762
G1 X125.149 Y111.565 E.02303
G1 X125.453 Y112.688 E.03856
G1 X125.781 Y113.467 E.02807
G1 X126.155 Y114.157 E.02601
G1 X126.749 Y114.991 E.03398
G1 X115.126 Y114.991 E.38557
;WIDTH:0.489307
G1 X114.803 Y114.971 E.01176
;WIDTH:0.528615
G1 X114.481 Y114.952 E.01279
;WIDTH:0.567922
G1 X114.158 Y114.932 E.01383
G1 X114.239 Y114.897 E.0038
;WIDTH:0.541217
G1 X114.267 Y114.885 E.0012
G1 E-4.5
;WIPE_START
G1 X114.321 Y114.861 E-.01403
G1 X114.774 Y114.672 E-.11666
G1 X115.227 Y114.483 E-.11666
G1 X116.04 Y113.974 E-.22766
;WIPE_END
G1 E-.025
M205 X8 Y8
G1 X123.616 Y114.901 Z5.4 F7200
G1 X127.672 Y115.398 Z5.4
G1 Z5
G1 E5 F2400
M205 X10 Y10
;WIDTH:0.449999
G1 F2700
G1 X64.602 Y115.398 E2.09215
G1 X64.602 Y104.602 E.35812
G1 X127.644 Y104.604 E2.09122
G1 X127.106 Y105.2 E.02666
G1 X126.664 Y105.801 E.02474
G1 X126.277 Y106.455 E.02521
G1 X125.843 Y107.433 E.03551
G1 X125.617 Y108.193 E.02628
G1 X125.433 Y109.357 E.03909
G1 X125.399 Y110.028 E.02232
G1 X125.445 Y110.821 E.02633
G1 X125.542 Y111.459 E.02142
G1 X125.839 Y112.554 E.03763
G1 X126.14 Y113.276 E.02594
G1 X126.494 Y113.931 E.02471
G1 X126.873 Y114.497 E.02257
G1 X127.346 Y115.081 E.02493
G1 X127.644 Y115.37 E.01377
G1 E-4.5
;WIPE_START
G1 X125.644 Y115.371 E-.475
;WIPE_END
G1 E-.025
M205 X8 Y8
G1 X128.731 Y115.79 Z5.4 F7200
G1 Z5
G1 E5 F2400
M205 X10 Y10
;TYPE:Outer wall
;WIDTH:0.419999
G1 X64.21 Y115.79 E1.98254
G1 X64.21 Y104.21 E.35582
G1 X128.717 Y104.21 E1.98212
G1 X128.419 Y104.433 E.01143
G1 X127.896 Y104.908 E.02173
G1 X127.421 Y105.434 E.02176
G1 X127 Y106.002 E.02173
G1 X126.635 Y106.613 E.02187
G1 X126.212 Y107.569 E.03211
G1 X126.003 Y108.261 E.02221
G1 X125.824 Y109.378 E.03477
G1 X125.79 Y110.009 E.01942
G1 X125.833 Y110.764 E.02324
G1 X125.921 Y111.357 E.0184
G1 X126.21 Y112.427 E.03406
G1 X126.486 Y113.091 E.0221
G1 X126.821 Y113.714 E.02174
G1 X127.177 Y114.25 E.01977
G1 X127.667 Y114.852 E.02384
G1 X128.415 Y115.564 E.03174
G1 X128.698 Y115.767 E.01069
G1 E-4.5 F2700
;WIPE_START
G1 F2400
G1 X126.698 Y115.767 E-.475
;WIPE_END
G1 E-.025 F2700
M205 X8 Y8
G1 X119.105 Y114.991 Z5.4 F7200
G1 X114.028 Y114.471 Z5.4
G1 Z5
G1 E5 F2400
M205 X10 Y10
;TYPE:Inner wall
;WIDTH:0.449999
G1 F2700
G1 X113.283 Y114.591 E.02504
G1 X112.381 Y114.558 E.02991
G1 X111.504 Y114.35 E.02991
G1 X110.684 Y113.974 E.02991
G1 X109.953 Y113.446 E.02991
G1 X109.34 Y112.786 E.02991
G1 X108.867 Y112.018 E.02991
G1 X108.552 Y111.173 E.02991
G1 X108.403 Y110.169 E.03367
G1 X108.442 Y109.381 E.02615
G1 X108.65 Y108.504 E.02991
G1 X109.026 Y107.684 E.02991
G1 X109.554 Y106.953 E.02991
G1 X110.214 Y106.34 E.02991
G1 X110.982 Y105.867 E.02991
G1 X111.827 Y105.552 E.02991
G1 X112.757 Y105.408 E.0312
G1 X113.621 Y105.442 E.02868
G1 X114.496 Y105.65 E.02984
G1 X115.316 Y106.026 E.02991
G1 X116.047 Y106.554 E.02991
G1 X116.66 Y107.214 E.02991
G1 X117.133 Y107.982 E.02991
G1 X117.448 Y108.827 E.02991
G1 X117.57 Y109.579 E.02528
G1 X117.587 Y110.028 E.01491
G1 X117.558 Y110.619 E.0196
G1 X117.35 Y111.496 E.02991
G1 X116.974 Y112.316 E.02991
G1 X116.446 Y113.047 E.02991
G1 X115.786 Y113.66 E.02991
G1 X115.018 Y114.133 E.02991
G1 X114.173 Y114.448 E.02991
G1 X114.067 Y114.465 E.00354
M205 X8 Y8
G1 X113.966 Y114.09 F7200
M205 X10 Y10
;TYPE:Outer wall
;WIDTH:0.419999
G1 F2400
G1 X113.225 Y114.203 E.02305
G1 X112.401 Y114.166 E.02535
G1 X111.599 Y113.969 E.02535
G1 X110.852 Y113.62 E.02535
G1 X110.187 Y113.131 E.02535
G1 X109.63 Y112.522 E.02535
G1 X109.203 Y111.816 E.02535
G1 X108.922 Y111.041 E.02535
G1 X108.795 Y110.188 E.02648
G1 X108.834 Y109.401 E.02422
G1 X109.031 Y108.599 E.02535
G1 X109.38 Y107.852 E.02535
G1 X109.869 Y107.187 E.02535
G1 X110.478 Y106.63 E.02535
G1 X111.184 Y106.203 E.02535
G1 X111.959 Y105.922 E.02535
G1 X112.812 Y105.796 E.02649
G1 X113.6 Y105.834 E.02424
G1 X114.401 Y106.031 E.02534
G1 X115.148 Y106.38 E.02535
G1 X115.813 Y106.869 E.02535
G1 X116.37 Y107.478 E.02535
G1 X116.797 Y108.184 E.02535
G1 X117.078 Y108.959 E.02535
G1 X117.183 Y109.637 E.02106
G1 X117.195 Y110.009 E.01145
G1 X117.166 Y110.599 E.01815
G1 X116.969 Y111.401 E.02535
G1 X116.62 Y112.148 E.02535
G1 X116.131 Y112.813 E.02535
G1 X115.522 Y113.37 E.02535
G1 X114.816 Y113.797 E.02535
G1 X114.041 Y114.078 E.02535
G1 X114.006 Y114.084 E.00108
G1 E-4.5 F2700
;WIPE_START
G1 F2400
G1 X113.225 Y114.203 E-.18765
G1 X112.401 Y114.166 E-.19597
G1 X112.027 Y114.074 E-.09138
;WIPE_END
G1 E-.025 F2700
M205 X8 Y8
G1 X113.526 Y106.591 Z5.4 F7200
G1 X113.837 Y105.037 Z5.4
G1 Z5
G1 E5 F2400
M205 X10 Y10
;TYPE:Inner wall
;WIDTH:0.505612
G1 F2700
G1 X113.643 Y105.022 E.00734
;WIDTH:0.476564
G1 X112.699 Y105.007 E.03334
;WIDTH:0.486322
G1 X112.414 Y105.027 E.01035
;WIDTH:0.527122
G1 X112.128 Y105.048 E.0113
;WIDTH:0.567922
G1 X111.842 Y105.068 E.01226
G1 E-4.5
;WIPE_START
G1 X112.128 Y105.048 E-.06813
G1 X112.414 Y105.027 E-.06813
G1 X112.699 Y105.007 E-.06813
G1 X113.643 Y105.022 E-.22433
G1 X113.837 Y105.037 E-.04628
;WIPE_END
G1 E-.025
M205 X8 Y8
G1 X112.568 Y112.563 Z5.4 F7200
G1 X112.163 Y114.963 Z5.4
G1 Z5
G1 E5 F2400
M205 X10 Y10
;WIDTH:0.505616
G1 F2700
G1 X112.361 Y114.978 E.00747
;WIDTH:0.476392
G1 X113.342 Y114.992 E.03466
;WIDTH:0.487426
G1 X113.614 Y114.972 E.00988
;WIDTH:0.527674
G1 X113.886 Y114.952 E.01077
;WIDTH:0.567922
G1 X114.158 Y114.932 E.01167
G1 E-4.5
;WIPE_START
G1 X113.886 Y114.952 E-.06485
G1 X113.614 Y114.972 E-.06485
G1 X113.342 Y114.992 E-.06485
G1 X112.361 Y114.978 E-.23334
G1 X112.163 Y114.963 E-.04712
;WIPE_END
G1 E-.025
M205 X8 Y8
G1 X108.704 Y113.085 Z5.4 F7200
G1 Z5
G1 E5 F2400
M205 X10 Y10
;TYPE:Sparse infill
;WIDTH:0.45
G1 F3000
G1 X108.824 Y113.247 E.0067
G1 X109.359 Y113.837 E.02642
G1 X109.538 Y114 E.00801
G1 X109.85 Y114.231 E.01289
G1 X109.849 Y114.446 E.00714
G1 X109.907 Y114.706 E.00882
G1 X104.859 Y114.706 E.16746
G1 X104.744 Y114.446 E.00942
G1 X104.61 Y113.791 E.02218
G1 X104.608 Y113.136 E.02173
G1 X104.754 Y112.481 E.02227
G1 X105.104 Y111.826 E.02463
G1 X105.685 Y111.171 E.02906
G1 X106.335 Y110.515 E.0306
G1 X106.824 Y109.86 E.02713
G1 X107.114 Y109.205 E.02377
G1 X107.248 Y108.55 E.02218
G1 X107.25 Y107.895 E.02173
G1 X107.104 Y107.24 E.02227
G1 X106.755 Y106.584 E.02463
G1 X106.173 Y105.929 E.02906
G1 X105.543 Y105.294 E.02967
G1 X107.172 Y105.294 E.05401
M205 X8 Y8
G1 X97.564 Y106.206 F7200
M205 X10 Y10
G1 F3000
M73 P77 R6
G1 X95.936 Y106.206 E.05401
G1 X95.69 Y105.929 E.01227
G1 X95.061 Y105.294 E.02967
G1 X99.88 Y105.294 E.15987
G1 X100.444 Y105.929 E.02817
G1 X101.094 Y106.584 E.0306
G1 X101.583 Y107.24 E.02713
G1 X101.873 Y107.895 E.02377
G1 X102.007 Y108.55 E.02218
G1 X102.009 Y109.205 E.02173
G1 X101.863 Y109.86 E.02227
G1 X101.513 Y110.515 E.02463
G1 X100.932 Y111.171 E.02906
G1 X100.544 Y111.562 E.01826
G1 X100.544 Y112.527 E.03204
G1 X100.494 Y112.88 E.01181
G1 X100.29 Y113.287 E.01512
G1 X99.873 Y113.644 E.0182
G1 X99.494 Y113.775 E.01329
G1 X99.37 Y113.786 E.00414
G1 X99.367 Y114.446 E.02191
G1 X99.425 Y114.706 E.00882
G1 X94.376 Y114.706 E.16746
G1 X94.262 Y114.446 E.00942
G1 X94.128 Y113.794 E.02208
G1 X88.886 Y113.794 E.17388
G1 X88.884 Y114.446 E.02164
G1 X88.942 Y114.706 E.00882
G1 X83.894 Y114.706 E.16746
G1 X83.779 Y114.446 E.00942
G1 X83.646 Y113.794 E.02208
G1 X78.404 Y113.794 E.17388
G1 X78.402 Y114.446 E.02164
G1 X78.459 Y114.706 E.00882
G1 X73.411 Y114.706 E.16746
G1 X73.296 Y114.446 E.00942
G1 X73.162 Y113.791 E.02218
G1 X73.16 Y113.136 E.02173
G1 X73.306 Y112.481 E.02227
G1 X73.456 Y112.2 E.01054
G1 X73.456 Y110.572 E.05401
M205 X8 Y8
G1 X72.467 Y105.294 F7200
M205 X10 Y10
G1 F3000
G1 X74.096 Y105.294 E.05401
G1 X74.725 Y105.929 E.02967
G1 X74.971 Y106.206 E.01227
G1 X79.753 Y106.206 E.15864
G1 X79.479 Y105.929 E.01292
G1 X78.915 Y105.294 E.02817
G1 X84.578 Y105.294 E.18786
G1 X85.208 Y105.929 E.02967
G1 X85.454 Y106.206 E.01227
G1 X90.236 Y106.206 E.15864
G1 X89.961 Y105.929 E.01292
G1 X89.398 Y105.294 E.02817
G1 X91.026 Y105.294 E.05401
G1 E-4.5 F2700
;WIPE_START
G1 F3000
G1 X89.398 Y105.294 E-.38673
G1 X89.644 Y105.572 E-.08827
;WIPE_END
G1 E-.025 F2700
M205 X8 Y8
G1 X82.151 Y107.025 Z5.4 F7200
G1 X65.294 Y110.294 Z5.4
G1 Z5
G1 E5 F2400
M205 X10 Y10
G1 F3000
G1 X65.294 Y108.666 E.05401
G1 X65.318 Y108.55 E.00393
G1 X65.32 Y107.895 E.02173
G1 X65.294 Y107.779 E.00393
G1 X65.294 Y105.294 E.08243
G1 X68.432 Y105.294 E.1041
G1 X68.996 Y105.929 E.02817
G1 X69.646 Y106.584 E.0306
G1 X70.135 Y107.24 E.02713
G1 X70.425 Y107.895 E.02377
G1 X70.559 Y108.55 E.02218
G1 X70.561 Y109.205 E.02173
G1 X70.415 Y109.86 E.02227
G1 X70.066 Y110.515 E.02463
G1 X69.484 Y111.171 E.02906
G1 X68.834 Y111.826 E.0306
G1 X68.345 Y112.481 E.02713
G1 X68.055 Y113.136 E.02377
G1 X67.921 Y113.791 E.02218
G1 X67.919 Y114.446 E.02173
G1 X67.977 Y114.706 E.00882
G1 X66.349 Y114.706 E.05401
G1 E-4.5 F2700
;WIPE_START
G1 F3000
G1 X67.977 Y114.706 E-.38673
G1 X67.919 Y114.446 E-.06316
G1 X67.919 Y114.341 E-.02511
;WIPE_END
G1 E-.025 F2700
M205 X8 Y8
G1 X75.509 Y113.535 Z5.4 F7200
G1 X118.183 Y109.009 Z5.4
G1 Z5
G1 E5 F2400
M205 X10 Y10
G1 F3000
G1 X118.101 Y108.598 E.0139
G1 X117.832 Y107.848 E.02642
G1 X117.641 Y107.483 E.01366
G1 X117.587 Y107.24 E.00828
G1 X117.237 Y106.584 E.02463
G1 X116.656 Y105.929 E.02906
G1 X116.026 Y105.294 E.02967
G1 X120.845 Y105.294 E.15987
G1 X121.409 Y105.929 E.02817
G1 X122.059 Y106.584 E.0306
G1 X122.548 Y107.24 E.02713
G1 X122.838 Y107.895 E.02377
G1 X122.972 Y108.55 E.02218
G1 X122.974 Y109.205 E.02173
G1 X122.828 Y109.86 E.02227
G1 X122.479 Y110.515 E.02463
G1 X121.897 Y111.171 E.02906
G1 X121.247 Y111.826 E.0306
G1 X120.758 Y112.481 E.02713
G1 X120.468 Y113.136 E.02377
G1 X120.334 Y113.791 E.02218
G1 X120.332 Y114.446 E.02173
G1 X120.39 Y114.706 E.00882
G1 X125.824 Y114.706 E.18027
G1 X125.709 Y114.446 E.00942
G1 X125.575 Y113.791 E.02218
G1 X125.575 Y113.686 E.0035
G1 X125.162 Y112.703 E.03538
G1 X125.019 Y112.16 E.01862
G1 E-5 F2700
M205 X8 Y8
G1 X132.505 Y113.648 Z5.4 F7200
G1 X139.26 Y114.991 Z5.4
G1 Z5
G1 E5 F2400
M205 X10 Y10
;TYPE:Inner wall
;WIDTH:0.449999
G1 F2700
G1 X139.685 Y114.409 E.02393
G1 X140.085 Y113.732 E.02607
G1 X140.425 Y112.997 E.02686
G1 X140.772 Y111.947 E.03669
G1 X140.972 Y110.794 E.0388
G1 X141.008 Y109.952 E.02799
G1 X140.965 Y109.169 E.02599
G1 X140.851 Y108.435 E.02466
G1 X140.545 Y107.304 E.03886
G1 X140.067 Y106.225 E.03914
G1 X139.512 Y105.343 E.03455
G1 X139.251 Y105.009 E.01407
G1 X154.991 Y105.009 E.52213
G1 X154.991 Y114.991 E.33111
G1 X139.3 Y114.991 E.52051
G1 E-4.5
;WIPE_START
G1 X139.685 Y114.409 E-.16587
G1 X140.085 Y113.732 E-.18664
G1 X140.301 Y113.264 E-.12249
;WIPE_END
G1 E-.025
M205 X8 Y8
G1 X138.351 Y115.398 Z5.4 F7200
G1 Z5
G1 E5 F2400
M205 X10 Y10
G1 F2700
G1 X138.894 Y114.8 E.0268
G1 X139.336 Y114.199 E.02474
G1 X139.717 Y113.558 E.02474
G1 X140.038 Y112.869 E.02521
G1 X140.376 Y111.848 E.03569
G1 X140.566 Y110.751 E.03692
G1 X140.601 Y109.972 E.02589
G1 X140.562 Y109.228 E.0247
G1 X140.458 Y108.541 E.02305
G1 X140.16 Y107.44 E.03783
G1 X139.706 Y106.416 E.03717
G1 X139.127 Y105.503 E.03584
G1 X138.654 Y104.919 E.02493
G1 X138.328 Y104.602 E.0151
G1 X155.398 Y104.602 E.56625
G1 X155.398 Y115.398 E.35812
M73 P77 R5
G1 X138.391 Y115.398 E.56415
G1 E-4.5
;WIPE_START
G1 X138.894 Y114.8 E-.1856
G1 X139.336 Y114.199 E-.17711
G1 X139.578 Y113.793 E-.1123
;WIPE_END
G1 E-.025
M205 X8 Y8
G1 X137.308 Y115.786 Z5.4 F7200
G1 Z5
G1 E5 F2400
M205 X10 Y10
;TYPE:Outer wall
;WIDTH:0.419999
G1 X138.097 Y115.1 E.03212
G1 X138.579 Y114.566 E.0221
G1 X139 Y113.998 E.02173
G1 X139.363 Y113.391 E.02174
G1 X139.666 Y112.746 E.02187
G1 X139.994 Y111.752 E.03217
G1 X140.175 Y110.709 E.03254
G1 X140.21 Y109.991 E.02209
G1 X140.174 Y109.285 E.02173
G1 X140.079 Y108.643 E.01992
G1 X139.789 Y107.572 E.03412
G1 X139.359 Y106.601 E.03261
G1 X138.823 Y105.75 E.03092
G1 X138.333 Y105.148 E.02384
G1 X137.585 Y104.436 E.03174
G1 X137.269 Y104.21 E.01192
G1 X155.79 Y104.21 E.56909
G1 X155.79 Y115.79 E.35582
G1 X137.348 Y115.786 E.56666
G1 E-4.5 F2700
;WIPE_START
G1 F2400
G1 X138.097 Y115.1 E-.24114
G1 X138.579 Y114.566 E-.1708
G1 X138.737 Y114.353 E-.06306
;WIPE_END
G1 E-.025 F2700
M205 X8 Y8
G1 X139.94 Y106.816 Z5.4 F7200
G1 X140.182 Y105.294 Z5.4
G1 Z5
G1 E5 F2400
M205 X10 Y10
;TYPE:Sparse infill
;WIDTH:0.45
G1 F3000
G1 X141.811 Y105.294 E.05401
G1 X142.374 Y105.929 E.02817
G1 X143.024 Y106.584 E.0306
G1 X143.513 Y107.24 E.02713
G1 X143.803 Y107.895 E.02377
G1 X143.937 Y108.55 E.02218
G1 X143.939 Y109.205 E.02173
G1 X143.793 Y109.86 E.02227
G1 X143.444 Y110.515 E.02463
G1 X142.862 Y111.171 E.02906
G1 X142.213 Y111.826 E.0306
G1 X141.723 Y112.481 E.02713
G1 X141.433 Y113.136 E.02377
G1 X141.299 Y113.791 E.02218
G1 X141.297 Y114.446 E.02173
G1 X141.355 Y114.706 E.00882
G1 X146.789 Y114.706 E.18027
G1 X146.675 Y114.446 E.00942
G1 X146.541 Y113.791 E.02218
G1 X146.539 Y113.136 E.02173
G1 X146.685 Y112.481 E.02227
G1 X147.034 Y111.826 E.02463
G1 X147.616 Y111.171 E.02906
G1 X148.265 Y110.515 E.0306
G1 X148.755 Y109.86 E.02713
G1 X149.045 Y109.205 E.02377
G1 X149.179 Y108.55 E.02218
G1 X149.181 Y107.895 E.02173
G1 X149.035 Y107.24 E.02227
G1 X148.685 Y106.584 E.02463
G1 X148.104 Y105.929 E.02906
G1 X147.474 Y105.294 E.02967
G1 X152.293 Y105.294 E.15987
G1 X152.857 Y105.929 E.02817
G1 X153.507 Y106.584 E.0306
G1 X153.996 Y107.24 E.02713
G1 X154.286 Y107.895 E.02377
G1 X154.42 Y108.55 E.02218
G1 X154.422 Y109.205 E.02173
G1 X154.276 Y109.86 E.02227
M73 P78 R5
G1 X153.927 Y110.515 E.02463
G1 X153.345 Y111.171 E.02906
G1 X152.695 Y111.826 E.0306
G1 X152.206 Y112.481 E.02713
G1 X151.916 Y113.136 E.02377
G1 X151.782 Y113.791 E.02218
G1 X151.78 Y114.446 E.02173
G1 X151.838 Y114.706 E.00882
G1 X153.466 Y114.706 E.05401
; stop printing object 05_probe_bridge.stl id:0 copy 0
;TIME_ELAPSED:1256.507080

;LAYER_CHANGE
;:5.2
;HEIGHT:0.2
;BEFORE_LAYER_CHANGE
;5.2
G92 E0

G1 E-4.5 F2700
;WIPE_START
G1 F3000
G1 X151.838 Y114.706 E-.38673
G1 X151.78 Y114.446 E-.06316
G1 X151.78 Y114.341 E-.02511
;WIPE_END
G1 E-.025 F2700
;_SET_FAN_SPEED_CHANGING_LAYER
; OBJECT_ID: 15
; printing object 05_probe_bridge.stl id:0 copy 0
M205 X8 Y8
G17
G3 Z5.4 I-.019 J-1.217 P1  F7200
G1 X112.163 Y114.963 Z5.4
G1 Z5.2
G1 E5 F2400
M205 X10 Y10
;TYPE:Inner wall
;WIDTH:0.505616
G1 F2700
G1 X111.769 Y114.977 E.01487
;WIDTH:0.477808
G1 X111.375 Y114.991 E.01398
;WIDTH:0.449999
G1 X65.009 Y114.991 E1.53803
G1 X65.009 Y105.009 E.33111
G1 X110.874 Y105.009 E1.52142
;WIDTH:0.489307
G1 X111.197 Y105.029 E.01176
;WIDTH:0.528615
G1 X111.519 Y105.048 E.01279
;WIDTH:0.567922
G1 X111.842 Y105.068 E.01383
G1 X111.761 Y105.103 E.0038
;WIDTH:0.541217
G1 X111.679 Y105.139 E.0036
;WIDTH:0.514511
G1 X111.226 Y105.328 E.01888
;WIDTH:0.482255
G1 X110.773 Y105.517 E.01758
;WIDTH:0.449999
G1 X109.941 Y106.038 E.03255
G1 X109.227 Y106.711 E.03255
G1 X108.658 Y107.51 E.03255
G1 X108.256 Y108.405 E.03255
G1 X108.036 Y109.361 E.03255
G1 X107.997 Y110.149 E.02615
G1 X108.031 Y110.51 E.01204
G1 X108.169 Y111.31 E.02691
G1 X108.517 Y112.227 E.03255
G1 X109.038 Y113.059 E.03255
G1 X109.711 Y113.773 E.03255
G1 X110.51 Y114.342 E.03255
G1 X111.405 Y114.745 E.03255
;WIDTH:0.477808
G1 X111.784 Y114.854 E.01398
;WIDTH:0.505616
G1 X112.125 Y114.952 E.01336
G1 E-4.5
;WIPE_START
G1 X111.769 Y114.977 E-.0847
G1 X111.375 Y114.991 E-.09367
G1 X110.126 Y114.991 E-.29663
;WIPE_END
G1 E-.025
M205 X8 Y8
G1 X102.684 Y113.295 Z5.6 F7200
G1 X74.07 Y106.773 Z5.6
G1 Z5.2
G1 E5 F2400
M205 X10 Y10
;WIDTH:0.449999
G1 F2700
G1 X74.264 Y106.607 E.00846
G1 X74.601 Y106.491 E.01183
G1 X99.271 Y106.491 E.81836
G1 X99.736 Y106.607 E.01589
G1 X100.062 Y106.886 E.01421
G1 X100.22 Y107.202 E.01172
G1 X100.259 Y107.479 E.00927
G1 X100.259 Y112.521 E.16728
G1 X100.22 Y112.798 E.00927
G1 X100.062 Y113.114 E.01172
G1 X99.736 Y113.393 E.01421
G1 X99.399 Y113.509 E.01183
G1 X74.729 Y113.509 E.81836
G1 X74.264 Y113.393 E.01589
G1 X73.938 Y113.114 E.01421
G1 X73.78 Y112.798 E.01172
G1 X73.741 Y112.521 E.00927
G1 X73.741 Y107.479 E.16728
G1 X73.78 Y107.202 E.00927
G1 X73.938 Y106.886 E.01172
G1 X74.04 Y106.799 E.00442
M205 X8 Y8
G1 X74.329 Y107.075 F7200
M205 X10 Y10
G1 F2700
G1 X74.455 Y106.966 E.00553
G1 X74.729 Y106.898 E.00934
G1 X99.271 Y106.898 E.81413
G1 X99.545 Y106.966 E.00934
G1 X99.736 Y107.13 E.00836
G1 X99.852 Y107.362 E.00861
G1 X99.852 Y108.91 E.05132
G1 X99.852 Y112.521 E.11981
G1 X99.829 Y112.684 E.00545
G1 X99.736 Y112.87 E.00689
G1 X99.545 Y113.034 E.00836
G1 X99.271 Y113.102 E.00934
G1 X74.729 Y113.102 E.81413
G1 X74.455 Y113.034 E.00934
G1 X74.264 Y112.87 E.00836
G1 X74.148 Y112.638 E.00861
G1 X74.148 Y107.479 E.17113
G1 X74.171 Y107.316 E.00545
G1 X74.264 Y107.13 E.00689
G1 X74.298 Y107.101 E.00149
M205 X8 Y8
G1 X74.578 Y107.365 F7200
M205 X10 Y10
;TYPE:Outer wall
;WIDTH:0.419999
G1 F2400
G1 X74.729 Y107.29 E.00518
G1 X99.271 Y107.29 E.75413
G1 X99.422 Y107.365 E.00518
G1 X99.46 Y107.479 E.00366
G1 X99.46 Y112.521 E.15495
G1 X99.422 Y112.635 E.00366
G1 X99.271 Y112.71 E.00518
G1 X74.729 Y112.71 E.75413
G1 X74.578 Y112.635 E.00518
G1 X74.54 Y112.521 E.00366
G1 X74.54 Y107.479 E.15495
G1 X74.565 Y107.403 E.00243
G1 E-4.5 F2700
;WIPE_START
G1 F2400
G1 X74.729 Y107.29 E-.04725
G1 X76.53 Y107.29 E-.42775
;WIPE_END
G1 E-.025 F2700
M205 X8 Y8
G1 X84.013 Y108.793 Z5.6 F7200
G1 X114.293 Y114.873 Z5.6
G1 Z5.2
G1 E5 F2400
M205 X10 Y10
;TYPE:Inner wall
;WIDTH:0.541217
G1 F2700
G1 X114.321 Y114.861 E.00121
;WIDTH:0.514512
G1 X114.774 Y114.672 E.01888
;WIDTH:0.482256
G1 X115.227 Y114.483 E.01758
;WIDTH:0.449999
G1 X116.059 Y113.962 E.03255
G1 X116.773 Y113.289 E.03255
G1 X117.342 Y112.49 E.03255
G1 X117.744 Y111.595 E.03255
G1 X117.964 Y110.639 E.03255
G1 X117.994 Y109.658 E.03255
G1 X117.831 Y108.69 E.03255
G1 X117.483 Y107.773 E.03255
G1 X116.962 Y106.941 E.03255
G1 X116.289 Y106.227 E.03255
G1 X115.49 Y105.658 E.03255
G1 X114.595 Y105.255 E.03255
;WIDTH:0.477807
G1 X114.216 Y105.146 E.01398
;WIDTH:0.505614
G1 X113.837 Y105.037 E.01487
G1 X114.231 Y105.023 E.01487
;WIDTH:0.477807
G1 X114.625 Y105.009 E.01398
;WIDTH:0.449999
G1 X126.74 Y105.009 E.40188
G1 X126.347 Y105.545 E.02204
G1 X125.905 Y106.29 E.02873
G1 X125.46 Y107.292 E.03638
G1 X125.221 Y108.099 E.02793
G1 X125.079 Y108.841 E.02506
G1 X124.991 Y110.005 E.0387
G1 X125.078 Y111.167 E.03865
G1 X125.244 Y111.993 E.02794
G1 X125.476 Y112.743 E.02607
G1 X125.781 Y113.467 E.02606
G1 X126.155 Y114.157 E.02602
G1 X126.749 Y114.991 E.03395
G1 X115.126 Y114.991 E.38555
;WIDTH:0.489307
G1 X114.803 Y114.971 E.01176
;WIDTH:0.528615
G1 X114.481 Y114.952 E.01279
;WIDTH:0.567922
G1 X114.158 Y114.932 E.01383
G1 X114.239 Y114.897 E.0038
;WIDTH:0.541217
G1 X114.257 Y114.889 E.00077
G1 E-4.5
;WIPE_START
G1 X114.321 Y114.861 E-.01656
G1 X114.774 Y114.672 E-.11666
G1 X115.227 Y114.483 E-.11666
G1 X116.031 Y113.98 E-.22513
;WIPE_END
G1 E-.025
M205 X8 Y8
G1 X123.607 Y114.903 Z5.6 F7200
G1 X127.672 Y115.398 Z5.6
G1 Z5.2
G1 E5 F2400
M205 X10 Y10
;WIDTH:0.449999
G1 F2700
G1 X64.602 Y115.398 E2.09215
G1 X64.602 Y104.602 E.35812
G1 X127.644 Y104.604 E2.09122
G1 X127.106 Y105.199 E.02662
M73 P79 R5
G1 X126.695 Y105.756 E.02297
G1 X126.277 Y106.454 E.02701
G1 X125.843 Y107.433 E.0355
G1 X125.62 Y108.179 E.02586
G1 X125.485 Y108.873 E.02344
G1 X125.398 Y110.003 E.03758
G1 X125.478 Y111.089 E.03615
G1 X125.633 Y111.875 E.02655
G1 X125.853 Y112.588 E.02475
G1 X126.14 Y113.276 E.02474
G1 X126.494 Y113.932 E.02472
G1 X126.88 Y114.507 E.02297
G1 X127.347 Y115.081 E.02455
G1 X127.644 Y115.37 E.01375
G1 E-4.5
;WIPE_START
G1 X125.644 Y115.371 E-.475
;WIPE_END
G1 E-.025
M205 X8 Y8
G1 X128.731 Y115.79 Z5.6 F7200
G1 Z5.2
G1 E5 F2400
M205 X10 Y10
;TYPE:Outer wall
;WIDTH:0.419999
G1 X64.21 Y115.79 E1.98254
G1 X64.21 Y104.21 E.35582
G1 X128.717 Y104.21 E1.98212
G1 X128.419 Y104.433 E.01143
G1 X127.896 Y104.908 E.02173
G1 X127.421 Y105.433 E.02175
G1 X127.03 Y105.959 E.02013
G1 X126.635 Y106.613 E.02348
G1 X126.212 Y107.569 E.03211
G1 X126.004 Y108.257 E.02208
G1 X125.875 Y108.904 E.02027
G1 X125.79 Y110.001 E.03381
G1 X125.863 Y111.015 E.03124
G1 X126.009 Y111.761 E.02335
G1 X126.215 Y112.438 E.02174
G1 X126.486 Y113.091 E.02173
G1 X126.821 Y113.714 E.02174
G1 X127.184 Y114.259 E.02013
G1 X127.667 Y114.852 E.02348
G1 X128.415 Y115.564 E.03174
G1 X128.698 Y115.767 E.01069
G1 E-4.5 F2700
;WIPE_START
G1 F2400
G1 X126.698 Y115.767 E-.475
;WIPE_END
G1 E-.025 F2700
M205 X8 Y8
G1 X119.105 Y114.992 Z5.6 F7200
G1 X114.017 Y114.473 Z5.6
G1 Z5.2
G1 E5 F2400
M205 X10 Y10
;TYPE:Inner wall
;WIDTH:0.449999
G1 F2700
G1 X113.283 Y114.591 E.02468
G1 X112.381 Y114.558 E.02991
G1 X111.504 Y114.35 E.02991
G1 X110.684 Y113.974 E.02991
G1 X109.953 Y113.446 E.02991
G1 X109.34 Y112.786 E.02991
G1 X108.867 Y112.018 E.02991
G1 X108.552 Y111.173 E.02991
G1 X108.403 Y110.169 E.03367
G1 X108.442 Y109.381 E.02615
G1 X108.65 Y108.504 E.02991
G1 X109.026 Y107.684 E.02991
G1 X109.554 Y106.953 E.02991
G1 X110.214 Y106.34 E.02991
G1 X110.982 Y105.867 E.02991
G1 X111.827 Y105.552 E.02991
G1 X112.75 Y105.408 E.03097
G1 X113.62 Y105.442 E.0289
G1 X114.496 Y105.65 E.02986
G1 X115.316 Y106.026 E.02991
G1 X116.047 Y106.554 E.02991
G1 X116.66 Y107.214 E.02991
G1 X117.133 Y107.982 E.02991
G1 X117.448 Y108.827 E.02991
G1 X117.591 Y109.717 E.02991
G1 X117.558 Y110.619 E.02991
G1 X117.35 Y111.496 E.02991
G1 X116.974 Y112.316 E.02991
G1 X116.446 Y113.047 E.02991
G1 X115.786 Y113.66 E.02991
G1 X115.018 Y114.133 E.02991
G1 X114.173 Y114.448 E.02991
G1 X114.057 Y114.466 E.0039
M205 X8 Y8
G1 X113.956 Y114.091 F7200
M205 X10 Y10
;TYPE:Outer wall
;WIDTH:0.419999
G1 F2400
G1 X113.225 Y114.203 E.02272
G1 X112.401 Y114.166 E.02535
G1 X111.599 Y113.969 E.02535
G1 X110.852 Y113.62 E.02535
G1 X110.187 Y113.131 E.02535
G1 X109.63 Y112.522 E.02535
G1 X109.203 Y111.816 E.02535
G1 X108.922 Y111.041 E.02535
G1 X108.795 Y110.188 E.02648
G1 X108.834 Y109.401 E.02422
G1 X109.031 Y108.599 E.02536
G1 X109.38 Y107.852 E.02535
G1 X109.869 Y107.187 E.02535
G1 X110.478 Y106.63 E.02535
G1 X111.184 Y106.203 E.02535
G1 X111.959 Y105.922 E.02535
G1 X112.805 Y105.796 E.02628
G1 X113.6 Y105.834 E.02444
G1 X114.401 Y106.031 E.02534
G1 X115.148 Y106.38 E.02535
G1 X115.813 Y106.869 E.02535
G1 X116.37 Y107.478 E.02535
G1 X116.797 Y108.184 E.02535
G1 X117.078 Y108.959 E.02535
G1 X117.203 Y109.775 E.02535
G1 X117.166 Y110.599 E.02535
G1 X116.969 Y111.401 E.02536
G1 X116.62 Y112.148 E.02535
G1 X116.131 Y112.813 E.02535
G1 X115.522 Y113.37 E.02535
G1 X114.816 Y113.797 E.02535
G1 X114.041 Y114.078 E.02535
G1 X113.995 Y114.085 E.00141
G1 E-4.5 F2700
;WIPE_START
G1 F2400
G1 X113.225 Y114.203 E-.18508
G1 X112.401 Y114.166 E-.19597
G1 X112.017 Y114.072 E-.09395
;WIPE_END
G1 E-.025 F2700
M205 X8 Y8
G1 X113.524 Y106.59 Z5.6 F7200
G1 X113.837 Y105.037 Z5.6
G1 Z5.2
G1 E5 F2400
M205 X10 Y10
;TYPE:Inner wall
;WIDTH:0.505614
G1 F2700
G1 X113.642 Y105.022 E.00736
;WIDTH:0.47653
G1 X112.692 Y105.007 E.03358
;WIDTH:0.486517
G1 X112.409 Y105.027 E.01027
;WIDTH:0.52722
G1 X112.125 Y105.048 E.01121
;WIDTH:0.567922
G1 X111.842 Y105.068 E.01215
G1 E-4.5
;WIPE_START
G1 X112.125 Y105.048 E-.06753
G1 X112.409 Y105.027 E-.06753
G1 X112.692 Y105.007 E-.06753
G1 X113.642 Y105.022 E-.22595
G1 X113.837 Y105.037 E-.04644
;WIPE_END
G1 E-.025
M205 X8 Y8
G1 X112.568 Y112.563 Z5.6 F7200
G1 X112.163 Y114.963 Z5.6
G1 Z5.2
G1 E5 F2400
M205 X10 Y10
;WIDTH:0.505616
G1 F2700
G1 X112.361 Y114.978 E.00747
;WIDTH:0.47639
G1 X113.342 Y114.992 E.03466
;WIDTH:0.487426
G1 X113.614 Y114.972 E.00988
;WIDTH:0.527674
G1 X113.886 Y114.952 E.01077
;WIDTH:0.567922
G1 X114.158 Y114.932 E.01167
G1 E-4.5
;WIPE_START
G1 X113.886 Y114.952 E-.06485
G1 X113.614 Y114.972 E-.06485
G1 X113.342 Y114.992 E-.06485
G1 X112.361 Y114.978 E-.23334
G1 X112.163 Y114.963 E-.04712
;WIPE_END
G1 E-.025
M205 X8 Y8
G1 X122.013 Y114.299 Z5.6 F7200
G1 Z5.2
G1 E5 F2400
M205 X10 Y10
;TYPE:Sparse infill
;WIDTH:0.45
G1 F3000
G1 X120.385 Y114.299 E.05401
G1 X120.343 Y113.791 E.0169
G1 X120.42 Y113.136 E.02188
G1 X120.65 Y112.481 E.02303
G1 X121.079 Y111.826 E.02598
G1 X122.299 Y110.515 E.05939
G1 X122.704 Y109.86 E.02556
G1 X122.909 Y109.205 E.02277
G1 X122.964 Y108.55 E.02181
G1 X122.886 Y107.895 E.02188
G1 X122.656 Y107.24 E.02303
G1 X122.227 Y106.584 E.02598
G1 X121.401 Y105.701 E.04011
G1 X119.773 Y105.701 E.05401
M205 X8 Y8
G1 X116.059 Y105.618 F7200
M205 X10 Y10
;TYPE:Internal solid infill
;WIDTH:0.38292
G1 F3600
G1 X116.489 Y105.955 E.01513
G1 X117.213 Y106.717 E.02913
G1 X117.773 Y107.602 E.02901
G1 X118.149 Y108.578 E.02899
G1 X118.35 Y109.755 E.03308
G1 X118.297 Y110.783 E.02852
G1 X118.071 Y111.677 E.02554
G1 X117.646 Y112.636 E.02907
G1 X117.042 Y113.492 E.02901
G1 X116.275 Y114.221 E.02931
G1 X116.078 Y114.387 E.00716
;WIDTH:0.403485
G1 X116.036 Y114.443 E.00206
;WIDTH:0.444613
G1 X115.994 Y114.5 E.00229
;WIDTH:0.485742
G1 X115.952 Y114.556 E.00253
G1 X116.027 Y114.585 E.00292
;WIDTH:0.444613
G1 X116.102 Y114.615 E.00265
;WIDTH:0.383417
G1 X116.177 Y114.645 E.00224
G1 X125.803 Y114.645 E.26708
G1 X125.973 Y114.594 E.00492
G1 X125.927 Y114.433 E.00466
G1 X125.476 Y113.63 E.02553
G1 X125.117 Y112.766 E.02598
G1 X124.883 Y111.973 E.02295
G1 X124.738 Y111.227 E.02106
G1 X124.645 Y109.998 E.0342
G1 X124.754 Y108.672 E.03691
G1 X124.91 Y107.919 E.02134
G1 X125.115 Y107.239 E.01971
G1 X125.659 Y106.015 E.03718
G1 X125.931 Y105.574 E.01435
;WIDTH:0.395827
G1 X125.955 Y105.491 E.00248
;WIDTH:0.41288
G1 X125.979 Y105.409 E.0026
G1 X125.804 Y105.355 E.0055
;WIDTH:0.38292
G1 X116.155 Y105.355 E.26735
;WIDTH:0.400845
G1 X116.083 Y105.382 E.00224
;WIDTH:0.436695
G1 X116.011 Y105.409 E.00246
;WIDTH:0.472545
G1 X115.939 Y105.436 E.00269
G1 X115.972 Y105.486 E.00207
;WIDTH:0.436695
G1 X116.004 Y105.535 E.0019
;WIDTH:0.41877
G1 X116.037 Y105.585 E.00181
M205 X8 Y8
G1 X96.671 Y105.355 F7200
M205 X10 Y10
;WIDTH:0.38292
G1 F3600
G1 X109.823 Y105.355 E.36438
;WIDTH:0.403485
G1 X109.898 Y105.385 E.00238
;WIDTH:0.444614
G1 X109.973 Y105.415 E.00265
;WIDTH:0.485744
G1 X110.048 Y105.444 E.00292
G1 X109.997 Y105.508 E.00295
;WIDTH:0.444614
G1 X109.945 Y105.571 E.00267
;WIDTH:0.383084
G1 X109.133 Y106.316 E.03054
G1 X108.489 Y107.141 E.02902
G1 X108.018 Y108.076 E.02902
G1 X107.699 Y109.252 E.03377
G1 X107.65 Y110.19 E.02604
G1 X107.779 Y111.171 E.02742
G1 X108.117 Y112.163 E.02904
G1 X108.633 Y113.074 E.02902
G1 X109.316 Y113.867 E.02902
G1 X109.941 Y114.382 E.02244
;WIDTH:0.400845
G1 X109.981 Y114.442 E.00212
;WIDTH:0.436695
G1 X110.021 Y114.503 E.00233
;WIDTH:0.472545
G1 X110.061 Y114.564 E.00254
G1 X109.989 Y114.591 E.00269
;WIDTH:0.436695
G1 X109.917 Y114.618 E.00246
;WIDTH:0.38311
G1 X109.845 Y114.645 E.00213
G1 X95.423 Y114.645 E.3998
G1 E-4.5 F2700
;WIPE_START
G1 F3600
G1 X97.423 Y114.645 E-.475
;WIPE_END
G1 E-.025 F2700
M205 X8 Y8
G1 X95.636 Y107.225 Z5.6 F7200
G1 X95.376 Y106.145 Z5.6
G1 Z5.2
G1 E5 F2400
M205 X10 Y10
;WIDTH:0.38292
G1 F3600
G1 X99.271 Y106.145 E.10793
G1 X99.867 Y106.289 E.01697
G1 X100.317 Y106.656 E.01609
G1 X100.552 Y107.102 E.01398
G1 X100.605 Y107.479 E.01053
G1 X100.605 Y112.521 E.13972
G1 X100.542 Y112.919 E.01114
G1 X100.317 Y113.344 E.01334
G1 X99.925 Y113.681 E.01432
G1 X99.438 Y113.855 E.01432
G1 X97.426 Y113.855 E.05575
M205 X8 Y8
G1 X82.025 Y113.794 F7200
M205 X10 Y10
;TYPE:Sparse infill
;WIDTH:0.45
G1 F3000
G1 X83.654 Y113.794 E.05401
G1 X83.731 Y114.446 E.02179
M73 P80 R5
G1 X83.822 Y114.706 E.00912
G1 X89.03 Y114.706 E.17277
G1 X88.949 Y114.446 E.00902
G1 X88.895 Y113.794 E.02171
G1 X94.136 Y113.794 E.17387
G1 X94.214 Y114.446 E.02179
G1 X94.305 Y114.706 E.00912
G1 X95.042 Y114.706 E.02447
G1 X94.99 Y114.299 E.01361
G1 X104.679 Y114.299 E.32139
G1 X104.619 Y113.791 E.01696
G1 X104.673 Y113.136 E.02181
G1 X104.878 Y112.481 E.02277
G1 X105.284 Y111.826 E.02556
G1 X106.503 Y110.515 E.05939
G1 X106.932 Y109.86 E.02598
G1 X107.162 Y109.205 E.02303
G1 X107.24 Y108.55 E.02188
G1 X107.185 Y107.895 E.02181
G1 X106.98 Y107.24 E.02277
G1 X106.575 Y106.584 E.02556
G1 X105.756 Y105.701 E.03994
G1 X100.436 Y105.701 E.17647
G1 X101.262 Y106.584 E.04011
G1 X101.691 Y107.24 E.02598
G1 X101.921 Y107.895 E.02303
G1 X101.998 Y108.55 E.02188
G1 X101.944 Y109.205 E.02181
G1 X101.739 Y109.86 E.02277
G1 X101.333 Y110.515 E.02556
G1 X100.951 Y110.93 E.01871
G1 X100.951 Y107.444 E.11564
G1 X100.887 Y106.997 E.01496
G1 X100.617 Y106.457 E.02004
G1 X100.062 Y105.982 E.02424
G1 X99.332 Y105.799 E.02499
G1 X95.365 Y105.799 E.13157
G1 X94.891 Y105.294 E.02297
G1 X89.578 Y105.294 E.17624
G1 X90.424 Y106.206 E.04125
G1 X85.261 Y106.206 E.17128
G1 X84.409 Y105.294 E.04139
G1 X79.096 Y105.294 E.17624
G1 X79.941 Y106.206 E.04125
G1 X78.313 Y106.206 E.05401
M205 X8 Y8
G1 X76.43 Y106.145 F7200
M205 X10 Y10
;TYPE:Internal solid infill
;WIDTH:0.38292
G1 F3600
G1 X74.729 Y106.145 E.04714
G1 X74.476 Y106.171 E.00702
G1 X74.075 Y106.319 E.01185
G1 X73.683 Y106.656 E.01432
G1 X73.448 Y107.102 E.01398
G1 X73.395 Y107.479 E.01053
G1 X73.395 Y112.521 E.13972
G1 X73.458 Y112.919 E.01114
G1 X73.683 Y113.344 E.01334
G1 X74.075 Y113.681 E.01432
G1 X74.709 Y113.855 E.01822
G1 X78.913 Y113.855 E.11647
M205 X8 Y8
G1 X77.635 Y114.3 F7200
M205 X10 Y10
;TYPE:Sparse infill
;WIDTH:0.45
G1 F3000
G1 X77.68 Y114.654 E.01184
G1 X77.481 Y114.706 E.00681
G1 X78.548 Y114.706 E.03537
G1 X78.466 Y114.446 E.00902
G1 X78.446 Y114.201 E.00816
G1 X74.668 Y114.201 E.12531
G1 X73.938 Y114.018 E.02499
G1 X73.383 Y113.543 E.02424
G1 X73.219 Y113.215 E.01217
G1 X73.171 Y113.791 E.01919
G1 X73.231 Y114.299 E.01696
G1 X67.972 Y114.299 E.17446
G1 X67.929 Y113.791 E.0169
G1 X68.007 Y113.136 E.02188
G1 X68.237 Y112.481 E.02303
G1 X68.666 Y111.826 E.02598
G1 X69.886 Y110.515 E.05939
G1 X70.291 Y109.86 E.02556
G1 X70.496 Y109.205 E.02277
G1 X70.551 Y108.55 E.02181
G1 X70.473 Y107.895 E.02188
G1 X70.243 Y107.24 E.02303
G1 X69.814 Y106.584 E.02598
G1 X68.988 Y105.701 E.04011
G1 X67.36 Y105.701 E.05401
M205 X8 Y8
G1 X76.95 Y114.645 F7200
M205 X10 Y10
;TYPE:Internal solid infill
;WIDTH:0.38292
G1 F3600
G1 X65.498 Y114.645 E.31731
G1 X65.355 Y114.615 E.00403
G1 X65.355 Y105.498 E.25261
G1 X65.385 Y105.355 E.00403
G1 X78.393 Y105.355 E.36039
G1 E-4.5 F2700
;WIPE_START
G1 F3600
G1 X76.393 Y105.355 E-.475
;WIPE_END
G1 E-.025 F2700
M205 X8 Y8
G1 X83.937 Y106.511 Z5.6 F7200
G1 X139.26 Y114.991 Z5.6
G1 Z5.2
G1 E5 F2400
M205 X10 Y10
;TYPE:Inner wall
;WIDTH:0.449999
G1 F2700
G1 X139.653 Y114.455 E.02204
G1 X140.085 Y113.732 E.02794
G1 X140.417 Y113.02 E.02607
G1 X140.677 Y112.278 E.02606
G1 X140.864 Y111.514 E.02609
G1 X140.974 Y110.737 E.02606
G1 X141.008 Y109.952 E.02607
G1 X140.965 Y109.169 E.026
G1 X140.855 Y108.446 E.02425
G1 X140.65 Y107.631 E.0279
G1 X140.401 Y106.943 E.02425
G1 X140.028 Y106.164 E.02865
G1 X139.505 Y105.333 E.03257
G1 X139.251 Y105.009 E.01366
G1 X154.991 Y105.009 E.52211
G1 X154.991 Y114.991 E.33111
G1 X139.3 Y114.991 E.5205
G1 E-4.5
;WIPE_START
G1 X139.653 Y114.455 E-.15239
G1 X140.085 Y113.732 E-.20006
G1 X140.303 Y113.264 E-.12255
;WIPE_END
G1 E-.025
M205 X8 Y8
G1 X138.351 Y115.398 Z5.6 F7200
G1 Z5.2
G1 E5 F2400
M205 X10 Y10
G1 F2700
G1 X138.894 Y114.801 E.02676
G1 X139.305 Y114.244 E.02297
G1 X139.717 Y113.558 E.02655
G1 X140.034 Y112.883 E.02475
G1 X140.282 Y112.18 E.02474
G1 X140.461 Y111.455 E.02476
G1 X140.568 Y110.717 E.02474
G1 X140.601 Y109.972 E.02474
G1 X140.562 Y109.228 E.02471
G1 X140.459 Y108.543 E.02297
G1 X140.266 Y107.767 E.02653
G1 X140.032 Y107.116 E.02297
G1 X139.684 Y106.381 E.02696
G1 X139.12 Y105.493 E.03488
G1 X138.653 Y104.919 E.02455
G1 X138.328 Y104.602 E.01507
G1 X155.398 Y104.602 E.56625
G1 X155.398 Y115.398 E.35812
G1 X138.391 Y115.398 E.56415
G1 E-4.5
;WIPE_START
G1 X138.894 Y114.801 E-.18532
G1 X139.305 Y114.244 E-.16442
G1 X139.577 Y113.792 E-.12526
;WIPE_END
G1 E-.025
M205 X8 Y8
G1 X137.308 Y115.786 Z5.6 F7200
G1 Z5.2
G1 E5 F2400
M205 X10 Y10
;TYPE:Outer wall
;WIDTH:0.419999
G1 X138.097 Y115.1 E.03211
G1 X138.579 Y114.567 E.02209
G1 X138.97 Y114.041 E.02013
G1 X139.363 Y113.391 E.02335
G1 X139.665 Y112.751 E.02174
G1 X139.902 Y112.084 E.02173
G1 X140.073 Y111.397 E.02176
G1 X140.176 Y110.697 E.02173
G1 X140.21 Y109.991 E.02174
G1 X140.174 Y109.285 E.02173
G1 X140.079 Y108.636 E.02013
G1 X139.897 Y107.898 E.02336
G1 X139.676 Y107.281 E.02013
G1 X139.352 Y106.59 E.02347
G1 X138.816 Y105.741 E.03086
G1 X138.333 Y105.148 E.02348
G1 X137.585 Y104.436 E.03174
G1 X137.269 Y104.21 E.01192
G1 X155.79 Y104.21 E.56909
G1 X155.79 Y115.79 E.35582
G1 X137.348 Y115.786 E.56666
G1 E-4.5 F2700
;WIPE_START
G1 F2400
G1 X138.097 Y115.1 E-.24114
G1 X138.579 Y114.567 E-.1707
G1 X138.738 Y114.353 E-.06316
;WIPE_END
G1 E-.025 F2700
M205 X8 Y8
G1 X140.457 Y106.917 Z5.6 F7200
G1 X140.738 Y105.701 Z5.6
G1 Z5.2
G1 E5 F2400
M205 X10 Y10
;TYPE:Sparse infill
;WIDTH:0.45
G1 F3000
G1 X142.367 Y105.701 E.05401
G1 X143.193 Y106.584 E.04011
G1 X143.622 Y107.24 E.02598
G1 X143.851 Y107.895 E.02303
G1 X143.929 Y108.55 E.02188
G1 X143.875 Y109.205 E.02181
G1 X143.669 Y109.86 E.02277
G1 X143.264 Y110.515 E.02556
G1 X142.044 Y111.826 E.05939
G1 X141.615 Y112.481 E.02598
G1 X141.385 Y113.136 E.02303
G1 X141.308 Y113.791 E.02188
G1 X141.35 Y114.299 E.0169
G1 X146.609 Y114.299 E.17446
G1 X146.549 Y113.791 E.01696
G1 X146.603 Y113.136 E.02181
G1 X146.809 Y112.481 E.02277
G1 X147.214 Y111.826 E.02556
G1 X148.434 Y110.515 E.05939
G1 X148.863 Y109.86 E.02598
G1 X149.093 Y109.205 E.02303
G1 X149.17 Y108.55 E.02188
G1 X149.116 Y107.895 E.02181
G1 X148.911 Y107.24 E.02277
G1 X148.505 Y106.584 E.02556
G1 X147.687 Y105.701 E.03994
G1 X152.849 Y105.701 E.17125
G1 X153.675 Y106.584 E.04011
G1 X154.104 Y107.24 E.02598
G1 X154.299 Y107.795 E.01951
G1 X154.299 Y109.391 E.05296
G1 X154.152 Y109.86 E.0163
G1 X153.747 Y110.515 E.02556
G1 X152.527 Y111.826 E.05939
G1 X152.098 Y112.481 E.02598
G1 X151.868 Y113.136 E.02303
G1 X151.79 Y113.791 E.02188
G1 X151.832 Y114.299 E.0169
G1 X153.461 Y114.299 E.05401
M205 X8 Y8
G1 X140.013 Y105.404 F7200
M205 X10 Y10
;TYPE:Internal solid infill
;WIDTH:0.383317
G1 F3600
G1 X140.059 Y105.572 E.00483
G1 X140.393 Y106.112 E.01761
G1 X140.711 Y106.798 E.02098
G1 X140.967 Y107.517 E.02115
G1 X141.202 Y108.478 E.02743
G1 X141.306 Y109.236 E.02122
G1 X141.355 Y109.986 E.02086
G1 X141.316 Y110.753 E.02131
G1 X141.193 Y111.562 E.0227
G1 X141.036 Y112.248 E.01952
G1 X140.697 Y113.245 E.0292
G1 X140.396 Y113.879 E.01947
G1 X140.066 Y114.426 E.01772
;WIDTH:0.396003
G1 X140.042 Y114.509 E.00247
;WIDTH:0.413263
G1 X140.019 Y114.591 E.00259
G1 X140.194 Y114.645 E.00552
;WIDTH:0.38292
G1 X154.502 Y114.645 E.39643
G1 X154.645 Y114.615 E.00403
G1 X154.645 Y105.498 E.25261
G1 X154.615 Y105.355 E.00403
G1 X140.18 Y105.355 E.39993
G1 X140.051 Y105.393 E.00373
; stop printing object 05_probe_bridge.stl id:0 copy 0
;TIME_ELAPSED:1304.886353

;LAYER_CHANGE
;:5.4
;HEIGHT:0.2
;BEFORE_LAYER_CHANGE
;5.4
G92 E0
;TIME_ELAPSED:1342.194336
M73 P81 R5
G1 E-4.5 F2700
;WIPE_START
G1 F3600
G1 X140.18 Y105.355 E-.03195
G1 X142.046 Y105.355 E-.44305
;WIPE_END
G1 E-.025 F2700
;_SET_FAN_SPEED_CHANGING_LAYER
; OBJECT_ID: 15
; printing object 05_probe_bridge.stl id:0 copy 0
M205 X8 Y8
G17
G3 Z5.6 I-.372 J-1.159 P1  F7200
G1 X112.163 Y114.963 Z5.6
G1 Z5.4
G1 E5 F2400
M205 X10 Y10
;TYPE:Inner wall
;WIDTH:0.505614
G1 F2700
G1 X111.769 Y114.977 E.01487
;WIDTH:0.477807
G1 X111.375 Y114.991 E.01398
;WIDTH:0.449999
G1 X65.009 Y114.991 E1.53803
G1 X65.009 Y105.009 E.33111
G1 X110.874 Y105.009 E1.52142
;WIDTH:0.489307
G1 X111.197 Y105.029 E.01176
;WIDTH:0.528615
G1 X111.519 Y105.048 E.01279
;WIDTH:0.567922
G1 X111.842 Y105.068 E.01383
G1 X111.761 Y105.103 E.0038
;WIDTH:0.541217
G1 X111.679 Y105.139 E.0036
;WIDTH:0.514511
G1 X111.226 Y105.328 E.01888
;WIDTH:0.482255
G1 X110.773 Y105.517 E.01758
;WIDTH:0.449999
G1 X109.941 Y106.038 E.03255
G1 X109.227 Y106.711 E.03255
G1 X108.658 Y107.51 E.03255
G1 X108.255 Y108.405 E.03255
G1 X108.036 Y109.361 E.03255
G1 X107.997 Y110.149 E.02615
G1 X108.031 Y110.51 E.01205
G1 X108.169 Y111.31 E.02691
G1 X108.517 Y112.227 E.03255
G1 X109.038 Y113.059 E.03255
G1 X109.711 Y113.773 E.03255
G1 X110.51 Y114.342 E.03255
G1 X111.405 Y114.745 E.03255
;WIDTH:0.477807
G1 X111.784 Y114.854 E.01398
;WIDTH:0.505614
G1 X112.125 Y114.952 E.01336
G1 E-4.5
;WIPE_START
G1 X111.769 Y114.977 E-.0847
G1 X111.375 Y114.991 E-.09368
G1 X110.126 Y114.991 E-.29662
;WIPE_END
G1 E-.025
M205 X8 Y8
G1 X102.684 Y113.295 Z5.8 F7200
G1 X74.07 Y106.773 Z5.8
G1 Z5.4
G1 E5 F2400
M205 X10 Y10
;WIDTH:0.449999
G1 F2700
G1 X74.264 Y106.607 E.00846
G1 X74.601 Y106.491 E.01183
G1 X99.271 Y106.491 E.81836
G1 X99.736 Y106.607 E.01589
G1 X100.062 Y106.886 E.01421
G1 X100.22 Y107.202 E.01172
G1 X100.259 Y107.479 E.00927
G1 X100.259 Y112.521 E.16728
G1 X100.22 Y112.798 E.00927
M73 P81 R4
G1 X100.062 Y113.114 E.01172
G1 X99.736 Y113.393 E.01421
G1 X99.399 Y113.509 E.01183
G1 X74.729 Y113.509 E.81836
G1 X74.264 Y113.393 E.01589
G1 X73.938 Y113.114 E.01421
G1 X73.78 Y112.798 E.01172
G1 X73.741 Y112.521 E.00927
G1 X73.741 Y107.479 E.16728
G1 X73.78 Y107.202 E.00927
G1 X73.938 Y106.886 E.01172
G1 X74.04 Y106.799 E.00442
M205 X8 Y8
G1 X74.329 Y107.075 F7200
M205 X10 Y10
G1 F2700
G1 X74.455 Y106.966 E.00553
G1 X74.729 Y106.898 E.00934
G1 X99.271 Y106.898 E.81413
G1 X99.545 Y106.966 E.00934
G1 X99.736 Y107.13 E.00836
G1 X99.852 Y107.362 E.00861
G1 X99.852 Y108.91 E.05132
G1 X99.852 Y112.521 E.11981
G1 X99.829 Y112.684 E.00545
G1 X99.736 Y112.87 E.00689
G1 X99.545 Y113.034 E.00836
G1 X99.271 Y113.102 E.00934
G1 X74.729 Y113.102 E.81413
G1 X74.455 Y113.034 E.00934
G1 X74.264 Y112.87 E.00836
G1 X74.148 Y112.638 E.00861
G1 X74.148 Y107.479 E.17113
G1 X74.171 Y107.316 E.00545
G1 X74.264 Y107.13 E.00689
G1 X74.298 Y107.101 E.00149
M205 X8 Y8
G1 X74.578 Y107.365 F7200
M205 X10 Y10
;TYPE:Outer wall
;WIDTH:0.419999
G1 F2400
G1 X74.729 Y107.29 E.00518
G1 X99.271 Y107.29 E.75413
G1 X99.422 Y107.365 E.00518
G1 X99.46 Y107.479 E.00366
G1 X99.46 Y112.521 E.15495
G1 X99.422 Y112.635 E.00366
G1 X99.271 Y112.71 E.00518
G1 X74.729 Y112.71 E.75413
G1 X74.578 Y112.635 E.00518
G1 X74.54 Y112.521 E.00366
G1 X74.54 Y107.479 E.15495
G1 X74.565 Y107.403 E.00243
G1 E-4.5 F2700
;WIPE_START
G1 F2400
G1 X74.729 Y107.29 E-.04725
G1 X76.53 Y107.29 E-.42775
;WIPE_END
G1 E-.025 F2700
M205 X8 Y8
G1 X84.012 Y108.794 Z5.8 F7200
G1 X114.284 Y114.877 Z5.8
G1 Z5.4
G1 E5 F2400
M205 X10 Y10
;TYPE:Inner wall
;WIDTH:0.541217
G1 F2700
G1 X114.321 Y114.861 E.00162
;WIDTH:0.514512
G1 X114.774 Y114.672 E.01888
;WIDTH:0.482256
G1 X115.227 Y114.483 E.01758
;WIDTH:0.449999
G1 X116.059 Y113.962 E.03255
G1 X116.773 Y113.289 E.03255
G1 X117.342 Y112.49 E.03255
G1 X117.745 Y111.595 E.03255
G1 X117.964 Y110.639 E.03255
G1 X117.994 Y109.658 E.03255
G1 X117.831 Y108.69 E.03255
G1 X117.483 Y107.773 E.03255
G1 X116.962 Y106.941 E.03255
G1 X116.289 Y106.227 E.03255
G1 X115.49 Y105.658 E.03255
G1 X114.595 Y105.255 E.03255
;WIDTH:0.477809
G1 X114.216 Y105.146 E.01398
;WIDTH:0.505618
G1 X113.837 Y105.037 E.01487
G1 X114.231 Y105.023 E.01487
;WIDTH:0.477809
G1 X114.625 Y105.009 E.01398
;WIDTH:0.449999
G1 X126.74 Y105.009 E.40188
G1 X126.34 Y105.555 E.02246
G1 X125.905 Y106.29 E.02832
G1 X125.46 Y107.292 E.03638
G1 X125.221 Y108.1 E.02794
G1 X125.077 Y108.854 E.02546
G1 X124.991 Y110.005 E.03829
G1 X125.08 Y111.179 E.03907
G1 X125.244 Y111.993 E.02753
G1 X125.476 Y112.743 E.02607
G1 X125.781 Y113.467 E.02606
G1 X126.156 Y114.157 E.02604
G1 X126.748 Y114.991 E.03392
G1 X115.126 Y114.991 E.38553
;WIDTH:0.489307
G1 X114.803 Y114.971 E.01176
;WIDTH:0.528615
G1 X114.481 Y114.952 E.01279
;WIDTH:0.567922
G1 X114.158 Y114.932 E.01383
G1 X114.239 Y114.897 E.0038
;WIDTH:0.541217
G1 X114.247 Y114.893 E.00035
G1 E-4.5
;WIPE_START
G1 X114.321 Y114.861 E-.01899
G1 X114.774 Y114.672 E-.11666
G1 X115.227 Y114.483 E-.11666
G1 X116.022 Y113.985 E-.22269
;WIPE_END
G1 E-.025
M205 X8 Y8
G1 X123.599 Y114.904 Z5.8 F7200
G1 X127.672 Y115.398 Z5.8
G1 Z5.4
G1 E5 F2400
M205 X10 Y10
;WIDTH:0.449999
G1 F2700
G1 X64.602 Y115.398 E2.09215
G1 X64.602 Y104.602 E.35812
G1 X127.644 Y104.604 E2.09122
G1 X127.106 Y105.199 E.02663
M73 P82 R4
G1 X126.688 Y105.766 E.02336
G1 X126.277 Y106.455 E.02661
G1 X125.843 Y107.433 E.0355
G1 X125.62 Y108.18 E.02587
G1 X125.483 Y108.885 E.02383
G1 X125.398 Y110.003 E.03718
G1 X125.48 Y111.101 E.03655
G1 X125.633 Y111.875 E.02615
G1 X125.853 Y112.588 E.02475
G1 X126.14 Y113.276 E.02474
G1 X126.494 Y113.932 E.02473
G1 X126.887 Y114.516 E.02336
G1 X127.347 Y115.082 E.02418
G1 X127.644 Y115.37 E.01373
G1 E-4.5
;WIPE_START
G1 X125.644 Y115.371 E-.475
;WIPE_END
G1 E-.025
M205 X8 Y8
G1 X128.731 Y115.79 Z5.8 F7200
G1 Z5.4
G1 E5 F2400
M205 X10 Y10
;TYPE:Outer wall
;WIDTH:0.419999
G1 X64.21 Y115.79 E1.98254
G1 X64.21 Y104.21 E.35582
G1 X128.717 Y104.21 E1.98212
G1 X128.419 Y104.433 E.01143
G1 X127.896 Y104.908 E.02173
G1 X127.421 Y105.433 E.02175
G1 X127.024 Y105.969 E.02049
G1 X126.635 Y106.613 E.02313
G1 X126.212 Y107.569 E.03211
G1 X126.004 Y108.257 E.02208
G1 X125.873 Y108.915 E.02063
G1 X125.79 Y110.001 E.03345
G1 X125.865 Y111.026 E.0316
G1 X126.009 Y111.761 E.02299
G1 X126.215 Y112.438 E.02174
G1 X126.486 Y113.091 E.02173
G1 X126.821 Y113.714 E.02175
G1 X127.191 Y114.269 E.02049
G1 X127.667 Y114.852 E.02313
G1 X128.415 Y115.564 E.03174
G1 X128.698 Y115.767 E.01069
G1 E-4.5 F2700
;WIPE_START
G1 F2400
G1 X126.698 Y115.767 E-.475
;WIPE_END
G1 E-.025 F2700
M205 X8 Y8
G1 X119.105 Y114.994 Z5.8 F7200
G1 X114.007 Y114.474 Z5.8
G1 Z5.4
G1 E5 F2400
M205 X10 Y10
;TYPE:Inner wall
;WIDTH:0.449999
G1 F2700
G1 X113.283 Y114.591 E.02434
G1 X112.381 Y114.558 E.02991
G1 X111.504 Y114.35 E.02991
G1 X110.684 Y113.974 E.02991
G1 X109.953 Y113.446 E.02991
G1 X109.34 Y112.786 E.02991
G1 X108.867 Y112.018 E.02991
G1 X108.552 Y111.173 E.02991
G1 X108.403 Y110.169 E.03367
G1 X108.442 Y109.381 E.02615
G1 X108.65 Y108.504 E.02991
G1 X109.026 Y107.684 E.02991
G1 X109.554 Y106.953 E.02991
G1 X110.214 Y106.34 E.02991
G1 X110.982 Y105.867 E.02991
G1 X111.827 Y105.552 E.02991
G1 X112.742 Y105.408 E.03073
G1 X113.62 Y105.442 E.02913
G1 X114.496 Y105.65 E.02987
G1 X115.316 Y106.026 E.02991
G1 X116.047 Y106.554 E.02991
G1 X116.66 Y107.214 E.02991
G1 X117.133 Y107.982 E.02991
G1 X117.448 Y108.827 E.02991
G1 X117.591 Y109.717 E.02991
G1 X117.558 Y110.619 E.02991
G1 X117.35 Y111.496 E.02991
G1 X116.974 Y112.316 E.02991
G1 X116.446 Y113.047 E.02991
G1 X115.786 Y113.66 E.02991
G1 X115.018 Y114.133 E.02991
G1 X114.173 Y114.448 E.02991
G1 X114.046 Y114.468 E.00425
M205 X8 Y8
G1 X113.945 Y114.093 F7200
M205 X10 Y10
;TYPE:Outer wall
;WIDTH:0.419999
G1 F2400
G1 X113.225 Y114.203 E.0224
G1 X112.401 Y114.166 E.02535
G1 X111.599 Y113.969 E.02535
G1 X110.852 Y113.62 E.02535
G1 X110.187 Y113.131 E.02535
G1 X109.63 Y112.522 E.02535
G1 X109.203 Y111.816 E.02535
G1 X108.922 Y111.041 E.02535
G1 X108.795 Y110.188 E.02648
G1 X108.834 Y109.401 E.02422
G1 X109.031 Y108.599 E.02535
G1 X109.38 Y107.852 E.02535
G1 X109.869 Y107.187 E.02535
G1 X110.478 Y106.63 E.02535
G1 X111.184 Y106.203 E.02535
G1 X111.959 Y105.922 E.02535
G1 X112.799 Y105.796 E.02607
G1 X113.6 Y105.834 E.02464
G1 X114.401 Y106.031 E.02534
G1 X115.148 Y106.38 E.02535
G1 X115.813 Y106.869 E.02536
G1 X116.37 Y107.478 E.02535
G1 X116.797 Y108.184 E.02535
G1 X117.078 Y108.959 E.02535
G1 X117.203 Y109.775 E.02535
G1 X117.166 Y110.599 E.02535
G1 X116.969 Y111.401 E.02536
G1 X116.62 Y112.148 E.02535
G1 X116.131 Y112.813 E.02535
G1 X115.522 Y113.37 E.02535
G1 X114.816 Y113.797 E.02535
G1 X114.041 Y114.078 E.02535
G1 X113.985 Y114.087 E.00173
G1 E-4.5 F2700
;WIPE_START
G1 F2400
G1 X113.225 Y114.203 E-.18261
G1 X112.401 Y114.166 E-.19597
G1 X112.006 Y114.069 E-.09643
;WIPE_END
G1 E-.025 F2700
M205 X8 Y8
G1 X113.522 Y106.589 Z5.8 F7200
G1 X113.837 Y105.037 Z5.8
G1 Z5.4
G1 E5 F2400
M205 X10 Y10
;TYPE:Inner wall
;WIDTH:0.505618
G1 F2700
G1 X113.641 Y105.022 E.00739
;WIDTH:0.4765
G1 X112.684 Y105.007 E.03382
;WIDTH:0.486716
G1 X112.404 Y105.028 E.01018
;WIDTH:0.527319
G1 X112.123 Y105.048 E.01111
;WIDTH:0.567922
G1 X111.842 Y105.068 E.01204
G1 E-4.5
;WIPE_START
G1 X112.123 Y105.048 E-.06694
G1 X112.404 Y105.028 E-.06694
G1 X112.684 Y105.007 E-.06694
G1 X113.641 Y105.022 E-.22759
G1 X113.837 Y105.037 E-.0466
;WIPE_END
G1 E-.025
M205 X8 Y8
G1 X112.568 Y112.563 Z5.8 F7200
G1 X112.163 Y114.963 Z5.8
G1 Z5.4
G1 E5 F2400
M205 X10 Y10
;WIDTH:0.505614
G1 F2700
G1 X112.361 Y114.978 E.00747
;WIDTH:0.476386
G1 X113.342 Y114.992 E.03466
;WIDTH:0.487425
G1 X113.614 Y114.972 E.00988
;WIDTH:0.527674
G1 X113.886 Y114.952 E.01077
;WIDTH:0.567922
G1 X114.158 Y114.932 E.01167
G1 E-4.5
;WIPE_START
G1 X113.886 Y114.952 E-.06485
G1 X113.614 Y114.972 E-.06485
G1 X113.342 Y114.992 E-.06485
G1 X112.361 Y114.978 E-.23333
G1 X112.163 Y114.963 E-.04712
;WIPE_END
G1 E-.025
M205 X8 Y8
G1 X108.035 Y114.887 Z5.8 F7200
G1 Z5.4
G1 E5 F2400
M204 S250
M205 X10 Y10
;TYPE:Internal Bridge
;WIDTH:0.398951
;HEIGHT:0.389872
G1 F4500
G1 X110.014 Y114.373 E.10416
G1 X109.551 Y114.029 E.02937
G1 X107.012 Y114.69 E.13363
G1 X105.227 Y114.69 E.09089
G1 X109.178 Y113.662 E.20793
G1 X108.838 Y113.287 E.02581
G1 X103.443 Y114.69 E.28393
G1 X101.658 Y114.69 E.09089
G1 X108.566 Y112.894 E.36351
G1 X108.325 Y112.493 E.02383
G1 X99.874 Y114.69 E.44476
G1 X98.089 Y114.69 E.09089
G1 X108.125 Y112.081 E.52812
G1 X107.973 Y111.656 E.02296
G1 X96.305 Y114.69 E.61404
G1 X95.467 Y114.69 E.04266
G1 X95.455 Y114.596 E.00482
G1 X97.519 Y114.059 E.10861
G1 X97.483 Y113.919 E.00735
G1 X97.902 Y113.81 E.02205
G1 X99.276 Y113.81 E.06998
G1 X99.498 Y113.791 E.01135
G1 X99.882 Y113.659 E.02067
G1 X100.303 Y113.298 E.02828
G1 X100.367 Y113.17 E.00729
G1 X107.839 Y111.227 E.39319
G1 X107.772 Y110.781 E.02299
G1 X100.542 Y112.66 E.38049
G1 X100.56 Y112.528 E.00679
G1 X100.56 Y112.192 E.01715
G1 X107.712 Y110.333 E.37633
G1 X107.694 Y110.201 E.00674
G1 X107.71 Y109.869 E.01695
G1 X100.56 Y111.728 E.37626
G1 X100.56 Y111.264 E.02363
G1 X107.734 Y109.399 E.37748
G1 X107.74 Y109.274 E.00638
G1 X107.826 Y108.911 E.01899
G1 X100.56 Y110.8 E.38233
G1 X100.56 Y110.336 E.02363
G1 X107.943 Y108.417 E.3885
G1 X108.046 Y108.098 E.01706
G1 X108.139 Y107.902 E.01105
M73 P83 R4
G1 X100.56 Y109.872 E.39882
G1 X100.56 Y109.408 E.02363
G1 X108.39 Y107.373 E.41201
G1 X108.512 Y107.169 E.01215
G1 X108.78 Y106.808 E.02287
G1 X100.56 Y108.944 E.43254
G1 X100.56 Y108.481 E.02363
G1 X109.306 Y106.207 E.46021
G1 X109.742 Y105.812 E.03002
G1 X109.938 Y105.667 E.01238
G1 X110.195 Y105.512 E.01531
G1 X100.56 Y108.017 E.50703
G1 X100.56 Y107.553 E.02363
G1 X109.187 Y105.31 E.45396
G1 X107.402 Y105.31 E.09089
G1 X100.504 Y107.104 E.36303
G1 X100.294 Y106.694 E.02343
G1 X105.618 Y105.31 E.28017
G1 X103.833 Y105.31 E.09089
G1 X99.879 Y106.339 E.20812
G1 X99.283 Y106.19 E.03124
G1 X98.667 Y106.19 E.03138
G1 X102.049 Y105.31 E.17795
G1 X100.264 Y105.31 E.09089
G1 X96.883 Y106.19 E.17795
G1 X95.459 Y106.19 E.07252
G1 X95.442 Y106.123 E.00352
G1 X95.518 Y106.08 E.00445
G1 X99.241 Y105.113 E.19593
M205 X8 Y8
M204 S500
G1 X95.592 Y105.481 F7200
M205 X10 Y10
;TYPE:Internal solid infill
;WIDTH:0.580224
;HEIGHT:0.2
G1 F3600
M106 S255
G1 X78.863 Y105.481 E.73242
G1 X78.856 Y105.659 E.0078
G1 X78.671 Y105.829 E.01099
G1 X77.94 Y106.019 E.03307
G1 X94.934 Y106.019 E.74406
G1 X94.952 Y105.881 E.00606
G1 X95.056 Y105.778 E.00644
G1 X95.557 Y105.501 E.02504
G1 E-4.5 F2700
;WIPE_START
G1 F3600
G1 X95.056 Y105.778 E-.13582
G1 X94.952 Y105.881 E-.03491
G1 X94.934 Y106.019 E-.03288
G1 X93.791 Y106.019 E-.27139
;WIPE_END
G1 E-.025 F2700
M205 X8 Y8
G1 X95.724 Y113.402 Z5.8 F7200
G1 X95.876 Y113.981 Z5.8
G1 Z5.4
G1 E5 F2400
M205 X10 Y10
;WIDTH:0.580223
G1 F3600
G1 X79.384 Y113.981 E.72208
G1 X79.377 Y114.159 E.0078
G1 X79.192 Y114.329 E.01099
G1 X78.461 Y114.519 E.03307
G1 X94.953 Y114.519 E.72208
G1 X94.959 Y114.341 E.0078
G1 X95.145 Y114.171 E.01099
G1 X95.837 Y113.991 E.03132
M205 X8 Y8
G1 X74.58 Y114.887 F7200
M204 S250
M205 X10 Y10
;TYPE:Internal Bridge
;WIDTH:0.397899
;HEIGHT:0.389872
G1 F4500
G1 X78.723 Y113.81 E.21687
G1 X76.943 Y113.81 E.0902
G1 X73.562 Y114.69 E.17701
G1 X71.781 Y114.69 E.0902
G1 X75.163 Y113.81 E.17701
G1 X74.717 Y113.81 E.02261
G1 X74.122 Y113.662 E.03105
G1 X74.083 Y113.628 E.0026
G1 X70.001 Y114.69 E.21368
G1 X68.221 Y114.69 E.0902
G1 X73.683 Y113.27 E.28593
G1 X73.487 Y112.858 E.02311
G1 X66.44 Y114.69 E.36885
G1 X65.31 Y114.69 E.05724
G1 X65.31 Y114.52 E.00857
G1 X73.44 Y112.407 E.42553
G1 X73.44 Y111.945 E.02345
G1 X65.31 Y114.058 E.42553
G1 X65.31 Y113.595 E.02345
G1 X73.44 Y111.482 E.42553
G1 X73.44 Y111.019 E.02345
G1 X65.31 Y113.132 E.42553
G1 X65.31 Y112.669 E.02345
G1 X73.44 Y110.556 E.42553
G1 X73.44 Y110.093 E.02345
G1 X65.31 Y112.207 E.42553
G1 X65.31 Y111.744 E.02345
G1 X73.44 Y109.631 E.42553
G1 X73.44 Y109.168 E.02345
G1 X65.31 Y111.281 E.42553
G1 X65.31 Y110.818 E.02345
G1 X73.44 Y108.705 E.42553
G1 X73.44 Y108.242 E.02345
G1 X65.31 Y110.355 E.42553
G1 X65.31 Y109.893 E.02345
G1 X73.44 Y107.779 E.42553
G1 X73.44 Y107.472 E.0156
G1 X73.462 Y107.311 E.00823
G1 X65.31 Y109.43 E.42673
G1 X65.31 Y108.967 E.02345
G1 X73.648 Y106.8 E.43646
G1 X73.697 Y106.702 E.00551
G1 X74.118 Y106.341 E.02813
G1 X74.502 Y106.209 E.02056
G1 X74.724 Y106.19 E.01129
G1 X75.995 Y106.19 E.0644
G1 X76.338 Y106.1 E.01795
G1 X76.297 Y105.941 E.00834
G1 X78.361 Y105.404 E.10804
G1 X78.349 Y105.31 E.0048
G1 X77.597 Y105.31 E.03811
G1 X65.31 Y108.504 E.64314
G1 X65.31 Y108.041 E.02345
G1 X75.816 Y105.31 E.54995
G1 X74.036 Y105.31 E.0902
G1 X65.31 Y107.579 E.45676
G1 X65.31 Y107.116 E.02345
G1 X72.256 Y105.31 E.36356
G1 X70.475 Y105.31 E.0902
G1 X65.31 Y106.653 E.27037
G1 X65.31 Y106.19 E.02345
G1 X68.695 Y105.31 E.17717
G1 X66.915 Y105.31 E.0902
G1 X65.113 Y105.779 E.09434
G1 E-4.5 F2700
;WIPE_START
G1 F4500
G1 X66.915 Y105.31 E-.44225
G1 X67.053 Y105.31 E-.03275
;WIPE_END
G1 E-.025 F2700
M205 X8 Y8
M204 S500
G1 X74.584 Y106.548 Z5.8 F7200
G1 X125.34 Y114.887 Z5.8
G1 Z5.4
G1 E5 F2400
M204 S250
M205 X10 Y10
;WIDTH:0.396242
G1 F4500
G1 X126.004 Y114.467 E.03945
G1 X125.771 Y114.087 E.02242
G1 X124.819 Y114.689 E.0566
M73 P84 R4
G1 X123.985 Y114.689 E.04189
G1 X125.56 Y113.692 E.09364
G1 X125.378 Y113.279 E.02268
G1 X123.152 Y114.689 E.13243
G1 X122.318 Y114.689 E.04189
G1 X125.205 Y112.86 E.17171
G1 X125.062 Y112.423 E.02313
G1 X121.484 Y114.689 E.2128
G1 X120.651 Y114.689 E.04189
G1 X124.931 Y111.977 E.25458
G1 X124.837 Y111.508 E.02403
G1 X119.817 Y114.689 E.29861
G1 X118.983 Y114.689 E.04189
G1 X124.767 Y111.024 E.34405
G1 X124.729 Y110.521 E.02539
G1 X118.149 Y114.689 E.39134
G1 X117.316 Y114.689 E.04189
G1 X124.69 Y110.017 E.43863
G1 X124.733 Y109.461 E.028
G1 X116.482 Y114.689 E.49079
G1 X115.648 Y114.689 E.04189
G1 X124.778 Y108.904 E.54306
G1 X124.796 Y108.682 E.01121
G1 X124.872 Y108.316 E.01876
G1 X117.258 Y113.141 E.45291
G1 X117.488 Y112.831 E.01938
G1 X117.613 Y112.623 E.01222
G1 X117.771 Y112.288 E.01863
G1 X125.025 Y107.692 E.43143
G1 X125.157 Y107.255 E.02295
G1 X125.265 Y107.011 E.0134
G1 X118.059 Y111.577 E.42862
G1 X118.213 Y110.951 E.03236
G1 X125.592 Y106.276 E.4389
G1 X125.702 Y106.028 E.01362
G1 X126.045 Y105.46 E.03334
G1 X118.273 Y110.385 E.4623
G1 X118.301 Y109.839 E.02749
G1 X125.448 Y105.311 E.42506
G1 X124.614 Y105.311 E.04189
G1 X118.247 Y109.344 E.37867
G1 X118.18 Y108.859 E.02462
G1 X123.78 Y105.311 E.33311
G1 X122.946 Y105.311 E.04189
G1 X118.052 Y108.412 E.29114
G1 X117.897 Y107.981 E.02298
G1 X122.113 Y105.311 E.25072
G1 X121.279 Y105.311 E.04189
G1 X117.713 Y107.57 E.21213
G1 X117.483 Y107.187 E.02243
G1 X120.445 Y105.311 E.17619
G1 X119.611 Y105.311 E.04189
G1 X117.241 Y106.813 E.14101
G1 X116.944 Y106.472 E.02268
G1 X118.778 Y105.311 E.10907
G1 X117.944 Y105.311 E.04189
G1 X116.638 Y106.138 E.07767
G1 X116.274 Y105.84 E.02363
G1 X117.11 Y105.311 E.04975
G1 X116.277 Y105.311 E.04189
G1 X115.709 Y105.67 E.03374
G1 E-4.5 F2700
;WIPE_START
G1 F4500
G1 X116.277 Y105.311 E-.15949
G1 X117.11 Y105.311 E-.19801
G1 X116.692 Y105.575 E-.1175
;WIPE_END
G1 E-.025 F2700
M205 X8 Y8
M204 S500
G1 X123.736 Y108.514 Z5.8 F7200
G1 X139.26 Y114.991 Z5.8
G1 Z5.4
G1 E5 F2400
M205 X10 Y10
;TYPE:Inner wall
;WIDTH:0.449999
;HEIGHT:0.2
G1 F2700
M106 S255
G1 X139.66 Y114.445 E.02246
G1 X140.085 Y113.732 E.02753
G1 X140.425 Y112.997 E.02686
G1 X140.772 Y111.947 E.03669
G1 X140.972 Y110.793 E.03884
G1 X141.007 Y109.93 E.02867
G1 X140.92 Y108.821 E.03689
G1 X140.75 Y107.986 E.02825
G1 X140.396 Y106.932 E.03689
G1 X140.028 Y106.164 E.02825
G1 X139.498 Y105.323 E.03295
G1 X139.252 Y105.009 E.01325
G1 X154.991 Y105.009 E.52209
G1 X154.991 Y114.991 E.33111
G1 X139.3 Y114.991 E.52051
G1 E-4.5
;WIPE_START
G1 X139.66 Y114.445 E-.15537
G1 X140.085 Y113.732 E-.19709
G1 X140.302 Y113.264 E-.12254
;WIPE_END
G1 E-.025
M205 X8 Y8
G1 X138.351 Y115.398 Z5.8 F7200
G1 Z5.4
G1 E5 F2400
M205 X10 Y10
G1 F2700
G1 X138.894 Y114.801 E.02677
G1 X139.312 Y114.234 E.02336
G1 X139.717 Y113.558 E.02615
G1 X140.038 Y112.869 E.02521
G1 X140.376 Y111.848 E.03569
G1 X140.566 Y110.751 E.03693
G1 X140.601 Y109.959 E.0263
G1 X140.52 Y108.899 E.03527
G1 X140.363 Y108.113 E.02657
G1 X140.027 Y107.104 E.03527
G1 X139.684 Y106.381 E.02657
G1 X139.113 Y105.484 E.03527
G1 X138.653 Y104.918 E.02418
G1 X138.328 Y104.602 E.01505
G1 X155.398 Y104.602 E.56625
G1 X155.398 Y115.398 E.35812
G1 X138.391 Y115.398 E.56415
G1 E-4.5
;WIPE_START
G1 X138.894 Y114.801 E-.18538
G1 X139.312 Y114.234 E-.16723
G1 X139.577 Y113.792 E-.12239
;WIPE_END
G1 E-.025
M205 X8 Y8
G1 X137.308 Y115.786 Z5.8 F7200
G1 Z5.4
G1 E5 F2400
M205 X10 Y10
;TYPE:Outer wall
;WIDTH:0.419999
G1 X138.097 Y115.1 E.03211
G1 X138.579 Y114.567 E.02209
G1 X138.976 Y114.031 E.02049
G1 X139.363 Y113.391 E.02299
G1 X139.666 Y112.746 E.02187
G1 X139.994 Y111.752 E.03217
G1 X140.175 Y110.709 E.03254
G1 X140.21 Y109.987 E.02221
G1 X140.135 Y108.974 E.03122
G1 X139.99 Y108.235 E.02311
G1 X139.672 Y107.271 E.03122
G1 X139.352 Y106.59 E.02311
G1 X138.809 Y105.731 E.03122
G1 X138.333 Y105.148 E.02313
G1 X137.585 Y104.436 E.03174
G1 X137.269 Y104.21 E.01192
G1 X155.79 Y104.21 E.56909
G1 X155.79 Y115.79 E.35582
G1 X137.348 Y115.786 E.56666
G1 E-4.5 F2700
;WIPE_START
G1 F2400
G1 X138.097 Y115.1 E-.24114
G1 X138.579 Y114.567 E-.17073
G1 X138.738 Y114.353 E-.06313
;WIPE_END
G1 E-.025 F2700
M205 X8 Y8
G1 X146.365 Y114.621 Z5.8 F7200
G1 X153.957 Y114.887 Z5.8
G1 Z5.4
G1 E5 F2400
M204 S250
M205 X10 Y10
;TYPE:Internal Bridge
;WIDTH:0.392721
;HEIGHT:0.389872
G1 F4500
G1 X154.689 Y114.208 E.04934
G1 X154.689 Y113.604 E.0298
G1 X153.519 Y114.689 E.0788
G1 X152.868 Y114.689 E.03213
G1 X154.689 Y113 E.12262
G1 X154.689 Y112.396 E.0298
G1 X152.217 Y114.689 E.16644
G1 X151.566 Y114.689 E.03213
G1 X154.689 Y111.792 E.21027
G1 X154.689 Y111.188 E.0298
M73 P85 R4
G1 X150.915 Y114.689 E.25409
G1 X150.264 Y114.689 E.03213
G1 X154.689 Y110.585 E.29791
G1 X154.689 Y109.981 E.0298
G1 X149.613 Y114.689 E.34174
G1 X148.962 Y114.689 E.03213
G1 X154.689 Y109.377 E.38556
G1 X154.689 Y108.773 E.0298
G1 X148.311 Y114.689 E.42939
G1 X147.66 Y114.689 E.03213
G1 X154.689 Y108.169 E.47321
G1 X154.689 Y107.566 E.0298
G1 X147.008 Y114.689 E.51703
G1 X146.357 Y114.689 E.03213
M73 P85 R3
G1 X154.689 Y106.962 E.56086
G1 X154.689 Y106.358 E.0298
G1 X145.706 Y114.689 E.60468
G1 X145.055 Y114.689 E.03213
G1 X154.689 Y105.754 E.6485
G1 X154.689 Y105.311 E.02189
G1 X154.517 Y105.311 E.00853
G1 X144.404 Y114.689 E.68069
G1 X143.753 Y114.689 E.03213
G1 X153.866 Y105.311 E.68069
G1 X153.215 Y105.311 E.03213
G1 X143.102 Y114.689 E.68069
G1 X142.451 Y114.689 E.03213
G1 X152.564 Y105.311 E.68069
G1 X151.913 Y105.311 E.03213
G1 X141.8 Y114.689 E.68069
G1 X141.149 Y114.689 E.03213
G1 X151.261 Y105.311 E.68069
G1 X150.61 Y105.311 E.03213
G1 X140.498 Y114.689 E.68069
G1 X139.855 Y114.689 E.03174
G1 X149.959 Y105.311 E.68041
G1 X149.308 Y105.311 E.03213
G1 X140.564 Y113.42 E.58858
G1 X140.654 Y113.234 E.01023
G1 X140.902 Y112.504 E.03805
G1 X148.657 Y105.311 E.52204
G1 X148.006 Y105.311 E.03213
G1 X141.111 Y111.706 E.46417
G1 X141.245 Y110.978 E.03656
G1 X147.355 Y105.311 E.4113
G1 X146.704 Y105.311 E.03213
G1 X141.292 Y110.331 E.36433
G1 X141.311 Y110 E.01636
G1 X141.292 Y109.726 E.01351
G1 X146.053 Y105.311 E.32049
G1 X145.402 Y105.311 E.03213
G1 X141.253 Y109.159 E.2793
G1 X141.236 Y108.912 E.01224
G1 X141.179 Y108.623 E.0145
G1 X144.751 Y105.311 E.24042
G1 X144.1 Y105.311 E.03214
G1 X141.08 Y108.112 E.20331
G1 X141.038 Y107.898 E.01075
G1 X140.949 Y107.629 E.01399
G1 X143.449 Y105.311 E.16823
G1 X142.797 Y105.311 E.03214
G1 X140.798 Y107.166 E.13462
G1 X140.725 Y106.943 E.01155
G1 X140.624 Y106.723 E.01196
G1 X142.146 Y105.311 E.10246
G1 X141.495 Y105.311 E.03214
G1 X140.431 Y106.299 E.07165
G1 X140.358 Y106.139 E.00864
G1 X140.21 Y105.899 E.01391
G1 X140.844 Y105.312 E.04267
G1 X140.192 Y105.312 E.03214
G1 X139.825 Y105.653 E.02474
; stop printing object 05_probe_bridge.stl id:0 copy 0
;TIME_ELAPSED:1379.502319

;LAYER_CHANGE
;:5.6
;HEIGHT:0.2
;BEFORE_LAYER_CHANGE
;5.6
G92 E0
;TIME_ELAPSED:1415.266602
G1 E-4.5 F2700
;WIPE_START
G1 F4500
G1 X140.192 Y105.312 E-.11907
G1 X140.844 Y105.312 E-.15467
G1 X140.222 Y105.888 E-.20126
;WIPE_END
G1 E-.025 F2700
;_SET_FAN_SPEED_CHANGING_LAYER
; OBJECT_ID: 15
; printing object 05_probe_bridge.stl id:0 copy 0
M205 X8 Y8
M204 S500
G17
G3 Z5.8 I-.375 J-1.158 P1  F7200
G1 X112.163 Y114.963 Z5.8
G1 Z5.6
G1 E5 F2400
M205 X10 Y10
;TYPE:Inner wall
;WIDTH:0.505614
G1 F2700
G1 X111.769 Y114.977 E.01487
;WIDTH:0.477807
G1 X111.375 Y114.991 E.01398
;WIDTH:0.449999
G1 X65.009 Y114.991 E1.53803
G1 X65.009 Y105.009 E.33111
G1 X110.874 Y105.009 E1.52142
;WIDTH:0.489307
G1 X111.197 Y105.029 E.01176
;WIDTH:0.528615
G1 X111.519 Y105.048 E.01279
;WIDTH:0.567922
G1 X111.842 Y105.068 E.01383
G1 X111.761 Y105.103 E.00379
;WIDTH:0.541218
G1 X111.679 Y105.139 E.0036
;WIDTH:0.514513
G1 X111.226 Y105.328 E.01888
;WIDTH:0.482256
G1 X110.773 Y105.517 E.01758
;WIDTH:0.449999
G1 X109.941 Y106.038 E.03255
G1 X109.227 Y106.711 E.03255
G1 X108.658 Y107.51 E.03255
G1 X108.255 Y108.405 E.03255
G1 X108.036 Y109.361 E.03255
G1 X107.997 Y110.149 E.02615
G1 X108.031 Y110.51 E.01205
G1 X108.169 Y111.31 E.02691
G1 X108.517 Y112.227 E.03255
G1 X109.038 Y113.059 E.03255
G1 X109.711 Y113.773 E.03255
G1 X110.51 Y114.342 E.03255
G1 X111.405 Y114.745 E.03255
;WIDTH:0.477807
G1 X111.784 Y114.854 E.01398
;WIDTH:0.505614
G1 X112.125 Y114.952 E.01336
G1 E-4.5
;WIPE_START
G1 X111.769 Y114.977 E-.0847
G1 X111.375 Y114.991 E-.09368
G1 X110.126 Y114.991 E-.29662
;WIPE_END
G1 E-.025
M205 X8 Y8
G1 X102.684 Y113.295 Z6 F7200
G1 X74.07 Y106.773 Z6
G1 Z5.6
G1 E5 F2400
M205 X10 Y10
;WIDTH:0.449999
G1 F2700
G1 X74.264 Y106.607 E.00846
G1 X74.601 Y106.491 E.01183
G1 X99.271 Y106.491 E.81836
G1 X99.736 Y106.607 E.01589
M73 P86 R3
G1 X100.062 Y106.886 E.01421
G1 X100.22 Y107.202 E.01172
G1 X100.259 Y107.479 E.00927
G1 X100.259 Y112.521 E.16728
G1 X100.22 Y112.798 E.00927
G1 X100.062 Y113.114 E.01172
G1 X99.736 Y113.393 E.01421
G1 X99.399 Y113.509 E.01183
G1 X74.729 Y113.509 E.81836
G1 X74.264 Y113.393 E.01589
G1 X73.938 Y113.114 E.01421
G1 X73.78 Y112.798 E.01172
G1 X73.741 Y112.521 E.00927
G1 X73.741 Y107.479 E.16728
G1 X73.78 Y107.202 E.00927
G1 X73.938 Y106.886 E.01172
G1 X74.04 Y106.799 E.00442
M205 X8 Y8
G1 X74.329 Y107.075 F7200
M205 X10 Y10
G1 F2700
G1 X74.455 Y106.966 E.00553
G1 X74.729 Y106.898 E.00934
G1 X99.271 Y106.898 E.81413
G1 X99.545 Y106.966 E.00934
G1 X99.736 Y107.13 E.00836
G1 X99.852 Y107.362 E.00861
G1 X99.852 Y108.91 E.05132
G1 X99.852 Y112.521 E.11981
G1 X99.829 Y112.684 E.00545
G1 X99.736 Y112.87 E.00689
G1 X99.545 Y113.034 E.00836
G1 X99.271 Y113.102 E.00934
G1 X74.729 Y113.102 E.81413
G1 X74.455 Y113.034 E.00934
G1 X74.264 Y112.87 E.00836
G1 X74.148 Y112.638 E.00861
G1 X74.148 Y107.479 E.17113
G1 X74.171 Y107.316 E.00545
G1 X74.264 Y107.13 E.00689
G1 X74.298 Y107.101 E.00149
M205 X8 Y8
G1 X74.578 Y107.365 F7200
M205 X10 Y10
;TYPE:Outer wall
;WIDTH:0.419999
G1 F2400
G1 X74.729 Y107.29 E.00518
G1 X99.271 Y107.29 E.75413
G1 X99.422 Y107.365 E.00518
G1 X99.46 Y107.479 E.00366
G1 X99.46 Y112.521 E.15495
G1 X99.422 Y112.635 E.00366
G1 X99.271 Y112.71 E.00518
G1 X74.729 Y112.71 E.75413
G1 X74.578 Y112.635 E.00518
G1 X74.54 Y112.521 E.00366
G1 X74.54 Y107.479 E.15495
G1 X74.565 Y107.403 E.00243
G1 E-4.5 F2700
;WIPE_START
G1 F2400
G1 X74.729 Y107.29 E-.04725
G1 X76.53 Y107.29 E-.42775
;WIPE_END
G1 E-.025 F2700
M205 X8 Y8
G1 X84.012 Y108.795 Z6 F7200
G1 X114.275 Y114.881 Z6
G1 Z5.6
G1 E5 F2400
M205 X10 Y10
;TYPE:Inner wall
;WIDTH:0.541217
G1 F2700
G1 X114.321 Y114.861 E.00202
;WIDTH:0.514512
G1 X114.774 Y114.672 E.01888
;WIDTH:0.482256
G1 X115.227 Y114.483 E.01758
;WIDTH:0.449999
G1 X116.059 Y113.962 E.03255
G1 X116.773 Y113.289 E.03255
G1 X117.342 Y112.49 E.03255
G1 X117.745 Y111.595 E.03255
G1 X117.964 Y110.639 E.03255
G1 X117.994 Y109.658 E.03255
G1 X117.831 Y108.69 E.03255
G1 X117.483 Y107.773 E.03255
G1 X116.962 Y106.941 E.03255
G1 X116.289 Y106.227 E.03255
G1 X115.49 Y105.658 E.03255
G1 X114.595 Y105.255 E.03255
;WIDTH:0.477809
G1 X114.216 Y105.146 E.01398
;WIDTH:0.505618
G1 X113.837 Y105.037 E.01487
G1 X114.231 Y105.023 E.01487
;WIDTH:0.477809
G1 X114.625 Y105.009 E.01398
;WIDTH:0.449999
G1 X126.74 Y105.009 E.40188
G1 X126.333 Y105.565 E.02288
G1 X125.905 Y106.288 E.02786
G1 X125.471 Y107.264 E.03541
G1 X125.22 Y108.1 E.02897
G1 X125.075 Y108.866 E.02586
G1 X124.991 Y110.005 E.03788
G1 X125.082 Y111.192 E.03949
G1 X125.244 Y111.993 E.02711
G1 X125.476 Y112.743 E.02607
G1 X125.793 Y113.489 E.02686
G1 X126.332 Y114.441 E.03629
G1 X126.74 Y114.991 E.02273
G1 X115.126 Y114.991 E.38527
;WIDTH:0.489307
G1 X114.803 Y114.971 E.01176
;WIDTH:0.528615
G1 X114.481 Y114.952 E.01279
;WIDTH:0.567922
G1 X114.158 Y114.932 E.01383
G1 X114.238 Y114.897 E.00375
G1 E-4.5
;WIPE_START
G1 X114.321 Y114.861 E-.02131
G1 X114.774 Y114.672 E-.11666
G1 X115.227 Y114.483 E-.11666
G1 X116.014 Y113.99 E-.22037
;WIPE_END
G1 E-.025
M205 X8 Y8
G1 X123.591 Y114.906 Z6 F7200
G1 X127.644 Y115.396 Z6
G1 Z5.6
G1 E5 F2400
M205 X10 Y10
;WIDTH:0.449999
G1 F2700
G1 X64.602 Y115.398 E2.09122
G1 X64.602 Y104.602 E.35812
G1 X127.644 Y104.604 E2.09122
G1 X127.106 Y105.199 E.02663
G1 X126.681 Y105.776 E.02375
G1 X126.277 Y106.454 E.02618
G1 X125.854 Y107.405 E.03453
G1 X125.62 Y108.18 E.02686
G1 X125.481 Y108.897 E.02423
G1 X125.398 Y110.003 E.03678
G1 X125.481 Y111.113 E.03695
G1 X125.633 Y111.875 E.02575
G1 X125.853 Y112.588 E.02475
G1 X126.147 Y113.288 E.02521
G1 X126.675 Y114.219 E.0355
G1 X127.142 Y114.844 E.02589
G1 X127.617 Y115.367 E.02344
G1 E-4.5
;WIPE_START
G1 X125.617 Y115.368 E-.475
;WIPE_END
G1 E-.025
M205 X8 Y8
G1 X128.731 Y115.79 Z6 F7200
G1 Z5.6
G1 E5 F2400
M205 X10 Y10
;TYPE:Outer wall
;WIDTH:0.419999
G1 X64.21 Y115.79 E1.98254
G1 X64.21 Y104.21 E.35582
G1 X128.717 Y104.21 E1.98212
G1 X128.419 Y104.433 E.01143
M73 P87 R3
G1 X127.896 Y104.908 E.02173
G1 X127.421 Y105.433 E.02175
G1 X127.017 Y105.978 E.02084
G1 X126.635 Y106.613 E.02276
G1 X126.222 Y107.542 E.03123
G1 X126.004 Y108.257 E.02298
G1 X125.871 Y108.927 E.02098
G1 X125.791 Y109.985 E.03262
G1 X125.866 Y111.038 E.03243
G1 X126.009 Y111.761 E.02264
G1 X126.215 Y112.438 E.02174
G1 X126.488 Y113.095 E.02187
G1 X127.004 Y114.004 E.03211
G1 X127.432 Y114.581 E.02208
G1 X127.909 Y115.105 E.02176
G1 X128.419 Y115.567 E.02116
G1 X128.698 Y115.767 E.01055
G1 E-4.5 F2700
;WIPE_START
G1 F2400
G1 X126.698 Y115.767 E-.475
;WIPE_END
G1 E-.025 F2700
M205 X8 Y8
G1 X119.105 Y114.995 Z6 F7200
G1 X113.997 Y114.476 Z6
G1 Z5.6
G1 E5 F2400
M205 X10 Y10
;TYPE:Inner wall
;WIDTH:0.449999
G1 F2700
G1 X113.283 Y114.591 E.02401
G1 X112.381 Y114.558 E.02991
G1 X111.504 Y114.35 E.02991
G1 X110.684 Y113.974 E.02991
G1 X109.953 Y113.446 E.02991
G1 X109.34 Y112.786 E.02991
G1 X108.867 Y112.018 E.02991
G1 X108.552 Y111.173 E.02991
G1 X108.403 Y110.169 E.03367
G1 X108.442 Y109.381 E.02615
G1 X108.65 Y108.504 E.02991
G1 X109.026 Y107.684 E.02991
G1 X109.554 Y106.953 E.02991
G1 X110.214 Y106.34 E.02991
G1 X110.982 Y105.867 E.02991
G1 X111.827 Y105.552 E.02991
G1 X112.735 Y105.408 E.0305
G1 X113.619 Y105.442 E.02935
G1 X114.496 Y105.65 E.02988
G1 X115.316 Y106.026 E.02991
G1 X116.047 Y106.554 E.02991
G1 X116.66 Y107.214 E.02991
G1 X117.133 Y107.982 E.02991
G1 X117.448 Y108.827 E.02991
G1 X117.591 Y109.717 E.02991
G1 X117.558 Y110.619 E.02991
G1 X117.35 Y111.496 E.02991
G1 X116.974 Y112.316 E.02991
G1 X116.446 Y113.047 E.02991
G1 X115.786 Y113.66 E.02991
G1 X115.018 Y114.133 E.02991
G1 X114.173 Y114.448 E.02991
G1 X114.037 Y114.47 E.00458
M205 X8 Y8
G1 X113.936 Y114.095 F7200
M205 X10 Y10
;TYPE:Outer wall
;WIDTH:0.419999
G1 F2400
G1 X113.225 Y114.203 E.02209
G1 X112.401 Y114.166 E.02535
G1 X111.599 Y113.969 E.02535
G1 X110.852 Y113.62 E.02535
G1 X110.187 Y113.131 E.02535
G1 X109.63 Y112.522 E.02535
G1 X109.203 Y111.816 E.02535
G1 X108.922 Y111.041 E.02535
G1 X108.795 Y110.188 E.02648
G1 X108.834 Y109.401 E.02422
G1 X109.031 Y108.599 E.02535
G1 X109.38 Y107.852 E.02535
G1 X109.869 Y107.187 E.02535
G1 X110.478 Y106.63 E.02535
G1 X111.184 Y106.203 E.02535
G1 X111.959 Y105.922 E.02535
G1 X112.792 Y105.796 E.02587
G1 X113.6 Y105.834 E.02485
G1 X114.401 Y106.031 E.02535
G1 X115.148 Y106.38 E.02535
G1 X115.813 Y106.869 E.02535
G1 X116.37 Y107.478 E.02535
G1 X116.797 Y108.184 E.02535
G1 X117.078 Y108.959 E.02535
G1 X117.203 Y109.775 E.02535
G1 X117.166 Y110.599 E.02535
G1 X116.969 Y111.401 E.02535
G1 X116.62 Y112.148 E.02535
G1 X116.131 Y112.813 E.02535
G1 X115.522 Y113.37 E.02535
G1 X114.816 Y113.797 E.02535
G1 X114.041 Y114.078 E.02535
G1 X113.975 Y114.088 E.00203
G1 E-4.5 F2700
;WIPE_START
G1 F2400
G1 X113.225 Y114.203 E-.18025
G1 X112.401 Y114.166 E-.19597
G1 X111.997 Y114.067 E-.09878
;WIPE_END
G1 E-.025 F2700
M205 X8 Y8
G1 X113.521 Y106.588 Z6 F7200
G1 X113.837 Y105.037 Z6
G1 Z5.6
G1 E5 F2400
M205 X10 Y10
;TYPE:Inner wall
;WIDTH:0.505618
G1 F2700
G1 X113.641 Y105.022 E.00741
;WIDTH:0.476468
G1 X112.677 Y105.007 E.03406
;WIDTH:0.486916
G1 X112.399 Y105.028 E.01009
;WIDTH:0.527419
G1 X112.12 Y105.048 E.01102
;WIDTH:0.567922
G1 X111.842 Y105.068 E.01194
G1 E-4.5
;WIPE_START
G1 X112.12 Y105.048 E-.06634
G1 X112.399 Y105.028 E-.06634
G1 X112.677 Y105.007 E-.06634
G1 X113.641 Y105.022 E-.22922
G1 X113.837 Y105.037 E-.04675
;WIPE_END
G1 E-.025
M205 X8 Y8
G1 X112.568 Y112.563 Z6 F7200
G1 X112.163 Y114.963 Z6
G1 Z5.6
G1 E5 F2400
M205 X10 Y10
;WIDTH:0.505614
G1 F2700
G1 X112.361 Y114.978 E.00747
;WIDTH:0.476388
G1 X113.342 Y114.992 E.03466
;WIDTH:0.487425
G1 X113.614 Y114.972 E.00988
;WIDTH:0.527674
G1 X113.886 Y114.952 E.01077
;WIDTH:0.567922
G1 X114.158 Y114.932 E.01167
G1 E-4.5
;WIPE_START
G1 X113.886 Y114.952 E-.06485
G1 X113.614 Y114.972 E-.06485
G1 X113.342 Y114.992 E-.06485
G1 X112.361 Y114.978 E-.23334
G1 X112.163 Y114.963 E-.04712
;WIPE_END
G1 E-.025
M205 X8 Y8
G1 X115.693 Y114.627 Z6 F7200
G1 Z5.6
G1 E5 F2400
M205 X10 Y10
;TYPE:Internal solid infill
;WIDTH:0.38292
G1 F3600
G1 X116.073 Y114.326 E.01342
G1 X116.82 Y113.63 E.02831
G1 X117.355 Y113.026 E.02236
M205 X8 Y8
G1 X122.9 Y114.889 F7200
M205 X10 Y10
;WIDTH:0.453876
G1 F3600
G1 X125.145 Y112.645 E.10628
G1 X125.012 Y112.196 E.01567
G1 X122.521 Y114.687 E.11797
G1 X121.94 Y114.687 E.01946
G1 X124.897 Y111.73 E.14003
G1 X124.802 Y111.244 E.01658
G1 X121.359 Y114.687 E.16305
G1 X120.778 Y114.687 E.01946
G1 X124.76 Y110.705 E.18858
G1 X124.718 Y110.165 E.01812
G1 X120.196 Y114.687 E.21413
G1 X119.615 Y114.687 E.01946
G1 X124.741 Y109.561 E.24276
G1 X124.792 Y108.929 E.02123
G1 X119.034 Y114.687 E.27268
G1 X118.453 Y114.687 E.01946
G1 X124.907 Y108.233 E.30565
G1 X124.971 Y107.924 E.01055
G1 X125.12 Y107.439 E.01701
G1 X117.872 Y114.687 E.34327
G1 X117.291 Y114.687 E.01946
G1 X125.534 Y106.443 E.39042
G1 X125.715 Y106.037 E.0149
G1 X126.177 Y105.294 E.02928
G1 X126.102 Y105.294 E.00251
G1 X116.709 Y114.687 E.44484
G1 X116.128 Y114.687 E.01946
G1 X125.521 Y105.294 E.44484
G1 X124.94 Y105.294 E.01946
G1 X117.567 Y112.667 E.34917
G1 X117.939 Y111.895 E.02868
G1 X118.031 Y111.621 E.00968
G1 X124.359 Y105.294 E.29966
G1 X123.778 Y105.294 E.01946
G1 X118.221 Y110.851 E.26317
G1 X118.264 Y110.226 E.02098
G1 X123.196 Y105.294 E.23357
G1 X122.615 Y105.294 E.01946
G1 X118.272 Y109.638 E.2057
G1 X118.201 Y109.128 E.01724
G1 X122.034 Y105.294 E.18155
G1 X121.453 Y105.294 E.01946
G1 X118.11 Y108.637 E.1583
G1 X117.96 Y108.206 E.01529
G1 X121.055 Y105.111 E.14656
M205 X8 Y8
G1 X125.4 Y106.897 F7200
M205 X10 Y10
;TYPE:Gap infill
;WIDTH:0.11
G1 F2400
G1 X125.323 Y107.008 E.00074
;WIDTH:0.14646
G1 X125.247 Y107.119 E.00114
;WIDTH:0.164691
G1 X125.171 Y107.23 E.00134
M205 X8 Y8
G1 X117.545 Y112.979 F7200
M205 X10 Y10
;WIDTH:0.145372
G1 F2400
G1 X117.371 Y112.825 E.00195
M205 X8 Y8
G1 X123.727 Y114.584 F7200
M205 X10 Y10
;TYPE:Internal solid infill
;WIDTH:0.449999
G1 F3600
G1 X125.946 Y114.584 E.07361
G1 X125.439 Y113.689 E.0341
G1 X125.197 Y113.114 E.02072
G1 X123.755 Y114.555 E.06764
M205 X8 Y8
G1 X124.621 Y114.213 F7200
M205 X10 Y10
;WIDTH:0.376708
G1 F3600
G1 X125.31 Y114.213 E.01875
G1 X125.068 Y113.766 E.01383
G1 X124.649 Y114.185 E.01611
M205 X8 Y8
G1 X115.88 Y105.416 F7200
M205 X10 Y10
;WIDTH:0.449999
G1 F3600
G1 X116.724 Y106.072 E.03545
G1 X117.406 Y106.859 E.03453
G1 X117.832 Y107.564 E.02732
G1 X117.907 Y107.738 E.00631
G1 X120.229 Y105.416 E.10894
G1 X115.92 Y105.416 E.14292
M205 X8 Y8
G1 X117.047 Y105.823 F7200
M205 X10 Y10
G1 F3600
G1 X117.713 Y106.592 E.03374
G1 X118.006 Y107.063 E.01839
G1 X119.246 Y105.823 E.05815
G1 X117.087 Y105.823 E.07161
M205 X8 Y8
G1 X118.127 Y106.242 F7200
M205 X10 Y10
;WIDTH:0.591234
G1 F3600
G1 X118.058 Y106.242 E.00306
G1 X118.024 Y106.301 E.00306
G1 X118.058 Y106.36 E.00306
G1 X118.127 Y106.36 E.00306
G1 X118.141 Y106.336 E.00128
G1 E-4.5 F2700
;WIPE_START
G1 F3600
G1 X118.127 Y106.36 E-.04478
G1 X118.058 Y106.36 E-.10755
G1 X118.024 Y106.301 E-.10755
G1 X118.058 Y106.242 E-.10755
G1 X118.127 Y106.242 E-.10755
;WIPE_END
G1 E-.025 F2700
M205 X8 Y8
G1 X110.505 Y106.638 Z6 F7200
G1 X108.819 Y106.725 Z6
G1 Z5.6
G1 E5 F2400
M205 X10 Y10
;WIDTH:0.38292
G1 F3600
G1 X109.155 Y106.35 E.01396
G1 X109.907 Y105.65 E.02845
G1 X110.199 Y105.419 E.01032
M205 X8 Y8
G1 X102.761 Y105.416 F7200
M205 X10 Y10
;WIDTH:0.449999
G1 F3600
G1 X99.982 Y105.416 E.09219
;WIDTH:0.471704
G1 X99.8 Y105.438 E.00638
;WIDTH:0.515112
G1 X99.619 Y105.46 E.00702
;WIDTH:0.580141
G1 X99.438 Y105.481 E.00799
G1 X76.417 Y105.481 E1.00777
G1 X76.303 Y105.484 E.00499
G1 X75.769 Y106.019 E.0331
G1 X99.271 Y106.019 E1.02888
;WIDTH:0.55852
G1 X99.475 Y106.089 E.00904
;WIDTH:0.515112
G1 X99.678 Y106.16 E.00828
;WIDTH:0.452003
G1 X99.881 Y106.23 E.00717
G1 X100.357 Y106.609 E.02028
G1 X100.597 Y107.054 E.01685
G1 X100.689 Y107.488 E.01479
G1 X102.733 Y105.445 E.09634
M205 X8 Y8
G1 X101.614 Y105.891 F7200
M205 X10 Y10
;WIDTH:0.585549
G1 F3600
G1 X100.232 Y105.891 E.06112
G1 X100.666 Y106.249 E.02485
G1 X100.831 Y106.46 E.01188
G1 X100.903 Y106.603 E.00705
G1 X101.586 Y105.919 E.04275
M205 X8 Y8
G1 X108.479 Y112.939 F7200
M205 X10 Y10
;WIDTH:0.449999
G1 F3600
G1 X106.834 Y114.584 E.07717
G1 X110.12 Y114.584 E.10898
G1 X109.292 Y113.94 E.03478
G1 X108.716 Y113.306 E.02842
G1 X108.501 Y112.972 E.01317
M205 X8 Y8
G1 X108.42 Y113.619 F7200
M205 X10 Y10
;WIDTH:0.489539
G1 F3600
G1 X107.865 Y114.157 E.02814
G1 X108.908 Y114.157 E.03795
G1 X108.447 Y113.649 E.02497
M205 X8 Y8
M73 P88 R3
G1 X106.008 Y114.889 F7200
M205 X10 Y10
;WIDTH:0.4537
G1 F3600
G1 X108.367 Y112.53 E.11166
G1 X108.167 Y112.15 E.0144
G1 X105.611 Y114.706 E.12101
G1 X105.03 Y114.706 E.01945
G1 X108.014 Y111.722 E.14127
G1 X107.87 Y111.285 E.0154
G1 X104.449 Y114.706 E.16196
G1 X103.868 Y114.706 E.01945
G1 X107.789 Y110.785 E.18563
G1 X107.72 Y110.273 E.01729
G1 X103.287 Y114.706 E.20987
G1 X102.706 Y114.706 E.01945
G1 X107.736 Y109.675 E.23814
G1 X107.756 Y109.277 E.01337
G1 X107.819 Y109.012 E.0091
G1 X102.125 Y114.706 E.26954
G1 X101.544 Y114.706 E.01945
G1 X108.015 Y108.235 E.30631
G1 X108.402 Y107.385 E.03128
G1 X108.626 Y107.043 E.01367
G1 X100.963 Y114.706 E.36274
G1 X100.382 Y114.706 E.01945
G1 X109.775 Y105.313 E.44464
G1 X109.194 Y105.313 E.01945
G1 X99.801 Y114.706 E.44464
G1 X99.22 Y114.706 E.01945
G1 X108.613 Y105.313 E.44464
G1 X108.032 Y105.313 E.01945
G1 X98.639 Y114.706 E.44464
G1 X98.595 Y114.706 E.00149
G1 X98.576 Y114.687 E.00089
G1 X98.077 Y114.687 E.01669
G1 X98.63 Y114.134 E.02618
M205 X8 Y8
G1 X100.361 Y112.403 F7200
M205 X10 Y10
G1 F3600
G1 X107.451 Y105.313 E.33565
G1 X106.87 Y105.313 E.01945
G1 X100.544 Y111.639 E.29948
G1 X100.544 Y111.058 E.01945
G1 X106.289 Y105.313 E.27198
G1 X105.709 Y105.313 E.01945
G1 X100.544 Y110.477 E.24448
G1 X100.544 Y109.896 E.01945
G1 X105.128 Y105.313 E.21697
G1 X104.547 Y105.313 E.01945
G1 X100.544 Y109.316 E.18947
G1 X100.544 Y108.735 E.01945
G1 X103.966 Y105.313 E.16197
G1 X103.535 Y105.313 E.01441
G1 X103.516 Y105.294 E.00089
G1 X103.404 Y105.294 E.00377
G1 X100.361 Y108.337 E.14404
M205 X8 Y8
G1 X108.832 Y106.902 F7200
M205 X10 Y10
;TYPE:Gap infill
;WIDTH:0.11765
G1 F2400
G1 X108.648 Y106.731 E.00153
G1 E-4.5 F2700
;WIPE_START
G1 F2400
G1 X108.832 Y106.902 E-.475
;WIPE_END
G1 E-.025 F2700
M205 X8 Y8
G1 X101.366 Y108.486 Z6 F7200
G1 X74.37 Y114.214 Z6
G1 Z5.6
G1 E5 F2400
M205 X10 Y10
;TYPE:Internal solid infill
;WIDTH:0.375266
G1 F3600
G1 X74.029 Y114.129 E.00953
G1 X73.694 Y113.922 E.01065
G1 X73.578 Y113.822 E.00417
G1 X73.185 Y114.214 E.01503
G1 X74.33 Y114.214 E.03102
M205 X8 Y8
G1 X98.134 Y113.981 F7200
M205 X10 Y10
;WIDTH:0.580223
G1 F3600
G1 X74.729 Y113.981 E1.02475
;WIDTH:0.55852
G1 X74.525 Y113.911 E.00904
;WIDTH:0.515112
G1 X74.322 Y113.84 E.00828
;WIDTH:0.451042
G1 X74.119 Y113.77 E.00716
G1 X73.643 Y113.391 E.02023
G1 X73.579 Y113.298 E.00376
G1 X72.293 Y114.584 E.06049
G1 X74.018 Y114.584 E.0574
;WIDTH:0.471704
G1 X74.2 Y114.562 E.00638
;WIDTH:0.515112
G1 X74.381 Y114.54 E.00703
;WIDTH:0.579893
G1 X74.562 Y114.519 E.00799
G1 X97.485 Y114.519 E1.00302
G1 X97.599 Y114.516 E.00499
G1 X98.105 Y114.01 E.03133
M205 X8 Y8
G1 X98.455 Y113.864 F7200
M205 X10 Y10
;WIDTH:0.407549
G1 F3600
G1 X98.547 Y113.891 E.00285
;WIDTH:0.456806
G1 X98.639 Y113.918 E.00323
;WIDTH:0.481435
G1 X98.731 Y113.945 E.00342
M205 X8 Y8
G1 X73.664 Y112.692 F7200
M205 X10 Y10
;WIDTH:0.453015
G1 F3600
G1 X71.65 Y114.706 E.09519
G1 X71.07 Y114.706 E.01938
G1 X73.456 Y112.32 E.11275
G1 X73.456 Y111.74 E.01938
G1 X70.49 Y114.706 E.14016
G1 X69.91 Y114.706 E.01938
G1 X73.456 Y111.16 E.16756
G1 X73.456 Y110.58 E.01938
G1 X69.33 Y114.706 E.19497
G1 X68.75 Y114.706 E.01938
G1 X73.456 Y110 E.22238
G1 X73.456 Y109.42 E.01938
G1 X68.17 Y114.706 E.24979
G1 X67.59 Y114.706 E.01938
G1 X73.456 Y108.84 E.2772
G1 X73.456 Y108.26 E.01938
G1 X67.01 Y114.706 E.30461
G1 X66.43 Y114.706 E.01938
G1 X73.639 Y107.497 E.34067
M205 X8 Y8
G1 X74.747 Y106.389 F7200
M205 X10 Y10
G1 F3600
G1 X75.823 Y105.313 E.05085
G1 X75.243 Y105.313 E.01938
G1 X65.851 Y114.706 E.4439
G1 X65.294 Y114.706 E.01859
G1 X65.294 Y114.682 E.00079
G1 X74.663 Y105.313 E.44279
G1 X74.083 Y105.313 E.01938
G1 X65.294 Y114.102 E.41538
G1 X65.294 Y113.522 E.01938
G1 X73.504 Y105.313 E.38797
G1 X72.924 Y105.313 E.01938
G1 X65.294 Y112.942 E.36056
G1 X65.294 Y112.362 E.01938
G1 X72.344 Y105.313 E.33316
G1 X71.764 Y105.313 E.01938
G1 X65.294 Y111.783 E.30575
G1 X65.294 Y111.203 E.01938
G1 X71.184 Y105.313 E.27834
G1 X70.604 Y105.313 E.01938
G1 X65.294 Y110.623 E.25093
M73 P88 R2
G1 X65.294 Y110.043 E.01938
G1 X70.024 Y105.313 E.22352
G1 X69.444 Y105.313 E.01938
G1 X65.294 Y109.463 E.19611
G1 X65.294 Y108.883 E.01938
G1 X68.864 Y105.313 E.1687
G1 X68.284 Y105.313 E.01938
G1 X65.294 Y108.303 E.14129
G1 X65.294 Y107.723 E.01938
G1 X67.704 Y105.313 E.11389
G1 X67.124 Y105.313 E.01938
G1 X65.294 Y107.143 E.08648
G1 X65.294 Y106.563 E.01938
G1 X66.544 Y105.313 E.05907
G1 X66.115 Y105.313 E.01434
G1 X66.096 Y105.294 E.00089
G1 X65.983 Y105.294 E.00378
G1 X65.111 Y106.166 E.04121
M205 X8 Y8
G1 X65.417 Y105.355 F7200
M205 X10 Y10
;WIDTH:0.405696
G1 F3600
G1 X65.349 Y105.394 E.00232
G1 X65.419 Y105.429 E.00233
G1 E-4.5 F2700
;WIPE_START
G1 F3600
G1 X65.349 Y105.394 E-.23778
G1 X65.417 Y105.355 E-.23722
;WIPE_END
G1 E-.025 F2700
M205 X8 Y8
G1 X72.985 Y106.342 Z6 F7200
G1 X139.26 Y114.991 Z6
G1 Z5.6
M73 P89 R2
G1 E5 F2400
M205 X10 Y10
;TYPE:Inner wall
;WIDTH:0.449999
G1 F2700
G1 X139.667 Y114.435 E.02288
G1 X140.085 Y113.732 E.02711
G1 X140.425 Y112.997 E.02686
G1 X140.772 Y111.947 E.03669
G1 X140.972 Y110.795 E.0388
G1 X141.008 Y109.952 E.02799
G1 X140.965 Y109.168 E.02603
G1 X140.85 Y108.422 E.02505
G1 X140.649 Y107.63 E.0271
G1 X140.391 Y106.92 E.02505
G1 X140.04 Y106.182 E.02711
G1 X139.631 Y105.511 E.02607
G1 X139.26 Y105.009 E.02071
G1 X154.991 Y105.009 E.52184
G1 X154.991 Y114.991 E.33111
G1 X139.3 Y114.991 E.52051
G1 E-4.5
;WIPE_START
G1 X139.667 Y114.435 E-.15836
G1 X140.085 Y113.732 E-.19412
G1 X140.302 Y113.264 E-.12253
;WIPE_END
G1 E-.025
M205 X8 Y8
G1 X138.351 Y115.398 Z6 F7200
G1 Z5.6
G1 E5 F2400
M205 X10 Y10
G1 F2700
G1 X138.894 Y114.801 E.02677
G1 X139.319 Y114.224 E.02375
G1 X139.717 Y113.558 E.02575
G1 X140.038 Y112.869 E.02521
G1 X140.376 Y111.848 E.03569
G1 X140.566 Y110.751 E.03692
G1 X140.601 Y109.972 E.02589
G1 X140.562 Y109.227 E.02472
G1 X140.455 Y108.519 E.02375
G1 X140.266 Y107.767 E.02575
G1 X140.023 Y107.093 E.02375
G1 X139.69 Y106.392 E.02575
G1 X139.305 Y105.753 E.02475
G1 X138.858 Y105.156 E.02474
G1 X138.356 Y104.604 E.02477
G1 X155.398 Y104.602 E.56532
G1 X155.398 Y115.398 E.35812
G1 X138.391 Y115.398 E.56415
G1 E-4.5
;WIPE_START
G1 X138.894 Y114.801 E-.18544
G1 X139.319 Y114.224 E-.17004
G1 X139.577 Y113.792 E-.11951
;WIPE_END
G1 E-.025
M205 X8 Y8
G1 X137.308 Y115.786 Z6 F7200
G1 Z5.6
G1 E5 F2400
M205 X10 Y10
;TYPE:Outer wall
;WIDTH:0.419999
G1 X138.097 Y115.1 E.03211
G1 X138.579 Y114.567 E.02209
G1 X138.983 Y114.022 E.02084
G1 X139.363 Y113.391 E.02264
G1 X139.666 Y112.746 E.02187
G1 X139.994 Y111.752 E.03217
G1 X140.175 Y110.709 E.03254
G1 X140.21 Y109.991 E.02209
G1 X140.174 Y109.284 E.02173
G1 X140.075 Y108.613 E.02084
G1 X139.897 Y107.898 E.02265
G1 X139.668 Y107.26 E.02084
G1 X139.354 Y106.593 E.02264
G1 X138.99 Y105.987 E.02174
G1 X138.568 Y105.419 E.02173
G1 X138.091 Y104.895 E.02176
G1 X137.581 Y104.433 E.02116
G1 X137.269 Y104.21 E.01178
G1 X155.79 Y104.21 E.56909
G1 X155.79 Y115.79 E.35582
G1 X137.348 Y115.786 E.56666
G1 E-4.5 F2700
;WIPE_START
G1 F2400
G1 X138.097 Y115.1 E-.24114
G1 X138.579 Y114.567 E-.17075
G1 X138.737 Y114.353 E-.06312
;WIPE_END
G1 E-.025 F2700
M205 X8 Y8
G1 X139.85 Y106.802 Z6 F7200
G1 X140.055 Y105.416 Z6
G1 Z5.6
G1 E5 F2400
M205 X10 Y10
;TYPE:Internal solid infill
;WIDTH:0.449999
G1 F3600
G1 X140.446 Y106.081 E.02558
G1 X140.804 Y106.854 E.02828
G1 X141.042 Y107.594 E.02578
G1 X143.22 Y105.416 E.10218
G1 X140.095 Y105.416 E.10367
M205 X8 Y8
G1 X140.767 Y105.823 F7200
M205 X10 Y10
G1 F3600
G1 X141.017 Y106.344 E.01917
G1 X141.227 Y106.834 E.01766
G1 X142.237 Y105.823 E.04741
G1 X140.807 Y105.823 E.04744
M205 X8 Y8
G1 X141.371 Y106.155 F7200
M205 X10 Y10
;WIDTH:0.370202
G1 F3600
G1 X141.31 Y106.19 E.00189
G1 X141.372 Y106.225 E.00189
M205 X8 Y8
G1 X153.719 Y114.545 F7200
M205 X10 Y10
;WIDTH:0.526986
G1 F3600
G1 X154.545 Y114.545 E.0326
G1 X154.545 Y113.719 E.0326
G1 X153.747 Y114.517 E.04452
M205 X8 Y8
G1 X154.889 Y112.801 F7200
M205 X10 Y10
;WIDTH:0.452466
G1 F3600
G1 X152.984 Y114.706 E.08992
G1 X152.405 Y114.706 E.01933
G1 X154.706 Y112.405 E.1086
G1 X154.706 Y111.826 E.01933
G1 X151.826 Y114.706 E.13594
G1 X151.246 Y114.706 E.01933
G1 X154.706 Y111.246 E.16328
G1 X154.706 Y110.667 E.01933
G1 X150.667 Y114.706 E.19061
G1 X150.088 Y114.706 E.01933
G1 X154.706 Y110.088 E.21795
G1 X154.706 Y109.509 E.01933
G1 X149.509 Y114.706 E.24528
G1 X148.93 Y114.706 E.01933
G1 X154.706 Y108.93 E.27262
G1 X154.706 Y108.35 E.01933
G1 X148.35 Y114.706 E.29995
G1 X147.771 Y114.706 E.01933
G1 X154.706 Y107.771 E.32729
G1 X154.706 Y107.192 E.01933
G1 X147.192 Y114.706 E.35462
G1 X146.613 Y114.706 E.01933
G1 X154.706 Y106.613 E.38196
G1 X154.706 Y106.034 E.01933
G1 X146.034 Y114.706 E.40929
G1 X145.455 Y114.706 E.01933
G1 X154.706 Y105.455 E.43663
G1 X154.706 Y105.294 E.00535
G1 X154.287 Y105.294 E.01398
G1 X144.875 Y114.706 E.4442
G1 X144.296 Y114.706 E.01933
G1 X153.708 Y105.294 E.4442
G1 X153.129 Y105.294 E.01933
G1 X143.717 Y114.706 E.4442
G1 X143.138 Y114.706 E.01933
G1 X152.55 Y105.294 E.4442
G1 X151.97 Y105.294 E.01933
G1 X142.559 Y114.706 E.4442
G1 X141.979 Y114.706 E.01933
G1 X151.391 Y105.294 E.4442
G1 X150.812 Y105.294 E.01933
G1 X141.4 Y114.706 E.4442
G1 X140.821 Y114.706 E.01933
G1 X150.233 Y105.294 E.4442
G1 X149.654 Y105.294 E.01933
G1 X140.242 Y114.706 E.4442
G1 X139.823 Y114.706 E.01398
G1 X140.101 Y114.268 E.01732
G1 X149.074 Y105.294 E.42352
G1 X148.495 Y105.294 E.01933
G1 X140.69 Y113.1 E.36839
G1 X140.963 Y112.248 E.02985
G1 X147.916 Y105.294 E.32818
G1 X147.337 Y105.294 E.01933
G1 X141.136 Y111.495 E.29266
G1 X141.251 Y110.801 E.02348
M73 P90 R2
G1 X146.758 Y105.294 E.25989
G1 X146.179 Y105.294 E.01933
G1 X141.285 Y110.187 E.23094
G1 X141.294 Y110 E.00627
G1 X141.274 Y109.62 E.0127
G1 X145.599 Y105.294 E.20415
G1 X145.02 Y105.294 E.01933
G1 X141.239 Y109.075 E.17846
G1 X141.161 Y108.574 E.01694
G1 X144.441 Y105.294 E.15479
G1 X143.862 Y105.294 E.01933
G1 X140.911 Y108.245 E.13925
M205 X8 Y8
G1 X140.623 Y113.303 F7200
M205 X10 Y10
;TYPE:Gap infill
;WIDTH:0.20427
G1 F2400
G1 X140.526 Y113.442 E.00223
;WIDTH:0.15927
G1 X140.429 Y113.58 E.0016
;WIDTH:0.13677
G1 X140.332 Y113.719 E.00129
; stop printing object 05_probe_bridge.stl id:0 copy 0
;TIME_ELAPSED:1451.031006

;LAYER_CHANGE
;:5.8
;HEIGHT:0.2
;BEFORE_LAYER_CHANGE
;5.8
G92 E0
;TIME_ELAPSED:1486.999756
G1 E-4.5 F2700
;WIPE_START
G1 F2400
G1 X140.429 Y113.58 E-.475
;WIPE_END
G1 E-.025 F2700
;_SET_FAN_SPEED_CHANGING_LAYER
; OBJECT_ID: 15
; printing object 05_probe_bridge.stl id:0 copy 0
M205 X8 Y8
G17
G3 Z6 I-.059 J-1.216 P1  F7200
G1 X112.163 Y114.963 Z6
G1 Z5.8
G1 E5 F2400
M205 X10 Y10
;TYPE:Inner wall
;WIDTH:0.505618
G1 F2700
G1 X111.769 Y114.977 E.01487
;WIDTH:0.477809
G1 X111.375 Y114.991 E.01398
;WIDTH:0.449999
G1 X65.009 Y114.991 E1.53803
G1 X65.009 Y105.009 E.33111
G1 X110.874 Y105.009 E1.52142
;WIDTH:0.489307
G1 X111.197 Y105.029 E.01176
;WIDTH:0.528615
G1 X111.519 Y105.048 E.01279
;WIDTH:0.567922
G1 X111.842 Y105.068 E.01383
G1 X111.761 Y105.103 E.0038
;WIDTH:0.541217
G1 X111.679 Y105.139 E.0036
;WIDTH:0.514512
G1 X111.226 Y105.328 E.01888
;WIDTH:0.482256
G1 X110.773 Y105.517 E.01758
;WIDTH:0.449999
G1 X109.941 Y106.038 E.03255
G1 X109.227 Y106.711 E.03255
G1 X108.658 Y107.51 E.03255
G1 X108.255 Y108.405 E.03255
G1 X108.036 Y109.361 E.03255
G1 X107.997 Y110.149 E.02615
G1 X108.031 Y110.51 E.01205
G1 X108.169 Y111.31 E.02691
G1 X108.517 Y112.227 E.03255
G1 X109.038 Y113.059 E.03255
G1 X109.711 Y113.773 E.03255
G1 X110.51 Y114.342 E.03255
G1 X111.405 Y114.745 E.03255
;WIDTH:0.477809
G1 X111.784 Y114.854 E.01398
;WIDTH:0.505618
G1 X112.125 Y114.952 E.01336
G1 E-4.5
;WIPE_START
G1 X111.769 Y114.977 E-.0847
G1 X111.375 Y114.991 E-.09367
G1 X110.126 Y114.991 E-.29663
;WIPE_END
G1 E-.025
M205 X8 Y8
G1 X102.684 Y113.295 Z6.2 F7200
G1 X74.07 Y106.773 Z6.2
G1 Z5.8
G1 E5 F2400
M205 X10 Y10
;WIDTH:0.449999
G1 F2700
G1 X74.264 Y106.607 E.00846
G1 X74.601 Y106.491 E.01183
G1 X99.271 Y106.491 E.81836
G1 X99.736 Y106.607 E.01589
G1 X100.062 Y106.886 E.01421
G1 X100.22 Y107.202 E.01172
G1 X100.259 Y107.479 E.00927
G1 X100.259 Y112.521 E.16728
G1 X100.22 Y112.798 E.00927
G1 X100.062 Y113.114 E.01172
G1 X99.736 Y113.393 E.01421
G1 X99.399 Y113.509 E.01183
G1 X74.729 Y113.509 E.81836
G1 X74.264 Y113.393 E.01589
G1 X73.938 Y113.114 E.01421
G1 X73.78 Y112.798 E.01172
G1 X73.741 Y112.521 E.00927
G1 X73.741 Y107.479 E.16728
G1 X73.78 Y107.202 E.00927
G1 X73.938 Y106.886 E.01172
G1 X74.04 Y106.799 E.00442
M205 X8 Y8
G1 X74.329 Y107.075 F7200
M205 X10 Y10
G1 F2700
G1 X74.455 Y106.966 E.00553
G1 X74.729 Y106.898 E.00934
G1 X99.271 Y106.898 E.81413
G1 X99.545 Y106.966 E.00934
G1 X99.736 Y107.13 E.00836
G1 X99.852 Y107.362 E.00861
G1 X99.852 Y108.91 E.05132
G1 X99.852 Y112.521 E.11981
G1 X99.829 Y112.684 E.00545
G1 X99.736 Y112.87 E.00689
G1 X99.545 Y113.034 E.00836
G1 X99.271 Y113.102 E.00934
G1 X74.729 Y113.102 E.81413
G1 X74.455 Y113.034 E.00934
G1 X74.264 Y112.87 E.00836
G1 X74.148 Y112.638 E.00861
G1 X74.148 Y107.479 E.17113
G1 X74.171 Y107.316 E.00545
G1 X74.264 Y107.13 E.00689
G1 X74.298 Y107.101 E.00149
M205 X8 Y8
G1 X74.578 Y107.365 F7200
M205 X10 Y10
;TYPE:Outer wall
;WIDTH:0.419999
G1 F2400
G1 X74.729 Y107.29 E.00518
G1 X99.271 Y107.29 E.75413
G1 X99.422 Y107.365 E.00518
G1 X99.46 Y107.479 E.00366
G1 X99.46 Y112.521 E.15495
G1 X99.422 Y112.635 E.00366
G1 X99.271 Y112.71 E.00518
G1 X74.729 Y112.71 E.75413
G1 X74.578 Y112.635 E.00518
G1 X74.54 Y112.521 E.00366
G1 X74.54 Y107.479 E.15495
G1 X74.565 Y107.403 E.00243
G1 E-4.5 F2700
;WIPE_START
G1 F2400
G1 X74.729 Y107.29 E-.04725
G1 X76.53 Y107.29 E-.42775
;WIPE_END
G1 E-.025 F2700
M205 X8 Y8
G1 X84.012 Y108.796 Z6.2 F7200
G1 X114.267 Y114.885 Z6.2
G1 Z5.8
G1 E5 F2400
M205 X10 Y10
;TYPE:Inner wall
;WIDTH:0.541217
G1 F2700
G1 X114.321 Y114.861 E.0024
;WIDTH:0.514512
G1 X114.774 Y114.672 E.01888
;WIDTH:0.482256
G1 X115.227 Y114.483 E.01758
;WIDTH:0.449999
G1 X116.059 Y113.962 E.03255
G1 X116.773 Y113.289 E.03255
G1 X117.342 Y112.49 E.03255
G1 X117.745 Y111.595 E.03255
G1 X117.964 Y110.639 E.03255
G1 X117.994 Y109.658 E.03255
G1 X117.831 Y108.69 E.03255
G1 X117.483 Y107.773 E.03255
G1 X116.962 Y106.941 E.03255
G1 X116.289 Y106.227 E.03255
G1 X115.49 Y105.658 E.03255
G1 X114.595 Y105.255 E.03255
;WIDTH:0.477809
G1 X114.216 Y105.146 E.01398
;WIDTH:0.505618
G1 X113.837 Y105.037 E.01487
G1 X114.231 Y105.023 E.01487
;WIDTH:0.477809
G1 X114.625 Y105.009 E.01398
;WIDTH:0.449999
G1 X126.74 Y105.009 E.40189
G1 X126.325 Y105.576 E.0233
G1 X125.905 Y106.29 E.02749
G1 X125.46 Y107.292 E.03639
G1 X125.22 Y108.101 E.02797
G1 X125.073 Y108.878 E.02626
G1 X124.991 Y110.005 E.03747
G1 X125.083 Y111.204 E.0399
G1 X125.251 Y112.015 E.02746
G1 X125.588 Y113.04 E.0358
G1 X125.96 Y113.818 E.0286
G1 X126.369 Y114.489 E.02607
G1 X126.74 Y114.991 E.02071
G1 X115.126 Y114.991 E.38527
;WIDTH:0.489307
G1 X114.803 Y114.971 E.01176
;WIDTH:0.528615
G1 X114.481 Y114.952 E.01279
;WIDTH:0.567922
G1 X114.158 Y114.932 E.01383
G1 X114.23 Y114.901 E.00335
G1 E-4.5
;WIPE_START
G1 X114.321 Y114.861 E-.02352
G1 X114.774 Y114.672 E-.11666
G1 X115.227 Y114.483 E-.11666
G1 X116.006 Y113.995 E-.21817
;WIPE_END
G1 E-.025
M205 X8 Y8
G1 X123.584 Y114.908 Z6.2 F7200
G1 X127.644 Y115.396 Z6.2
G1 Z5.8
G1 E5 F2400
M205 X10 Y10
;WIDTH:0.449999
G1 F2700
G1 X64.602 Y115.398 E2.09122
G1 X64.602 Y104.602 E.35812
M73 P91 R2
G1 X127.644 Y104.604 E2.09122
G1 X127.106 Y105.2 E.02664
G1 X126.674 Y105.786 E.02414
G1 X126.277 Y106.455 E.02581
G1 X125.843 Y107.433 E.0355
G1 X125.62 Y108.18 E.02588
G1 X125.479 Y108.909 E.02462
G1 X125.398 Y110.003 E.03638
G1 X125.483 Y111.125 E.03735
G1 X125.637 Y111.887 E.02579
G1 X125.967 Y112.887 E.03492
G1 X126.31 Y113.608 E.02649
G1 X126.695 Y114.247 E.02475
G1 X127.142 Y114.844 E.02474
G1 X127.617 Y115.367 E.02344
G1 E-4.5
;WIPE_START
G1 X125.617 Y115.368 E-.475
;WIPE_END
G1 E-.025
M205 X8 Y8
G1 X128.731 Y115.79 Z6.2 F7200
G1 Z5.8
G1 E5 F2400
M205 X10 Y10
;TYPE:Outer wall
;WIDTH:0.419999
G1 X64.21 Y115.79 E1.98254
G1 X64.21 Y104.21 E.35582
G1 X128.717 Y104.21 E1.98212
G1 X128.419 Y104.433 E.01143
G1 X127.896 Y104.908 E.02173
G1 X127.421 Y105.433 E.02175
G1 X127.01 Y105.988 E.0212
G1 X126.635 Y106.613 E.02241
G1 X126.212 Y107.569 E.03211
G1 X126.004 Y108.257 E.02209
G1 X125.87 Y108.938 E.02134
G1 X125.791 Y109.986 E.03227
G1 X125.867 Y111.05 E.03278
G1 X126.01 Y111.765 E.02241
G1 X126.331 Y112.741 E.03158
G1 X126.646 Y113.407 E.02263
G1 X127.01 Y114.013 E.02174
G1 X127.432 Y114.581 E.02173
G1 X127.909 Y115.105 E.02176
G1 X128.419 Y115.567 E.02116
G1 X128.698 Y115.767 E.01055
G1 E-4.5 F2700
;WIPE_START
G1 F2400
G1 X126.698 Y115.767 E-.475
;WIPE_END
G1 E-.025 F2700
M205 X8 Y8
G1 X119.105 Y114.997 Z6.2 F7200
G1 X113.988 Y114.477 Z6.2
G1 Z5.8
G1 E5 F2400
M205 X10 Y10
;TYPE:Inner wall
;WIDTH:0.449999
G1 F2700
G1 X113.283 Y114.591 E.02369
G1 X112.381 Y114.558 E.02991
G1 X111.504 Y114.35 E.02991
G1 X110.684 Y113.974 E.02991
G1 X109.953 Y113.446 E.02991
G1 X109.34 Y112.786 E.02991
G1 X108.867 Y112.018 E.02991
G1 X108.552 Y111.173 E.02991
G1 X108.403 Y110.169 E.03367
G1 X108.442 Y109.381 E.02615
G1 X108.65 Y108.504 E.02991
G1 X109.026 Y107.684 E.02991
G1 X109.554 Y106.953 E.02991
G1 X110.214 Y106.34 E.02991
G1 X110.982 Y105.867 E.02991
G1 X111.827 Y105.552 E.02991
G1 X112.728 Y105.409 E.03026
G1 X113.619 Y105.442 E.02957
G1 X114.496 Y105.65 E.02989
G1 X115.316 Y106.026 E.02991
G1 X116.047 Y106.554 E.02991
G1 X116.66 Y107.214 E.02991
G1 X117.133 Y107.982 E.02991
G1 X117.448 Y108.827 E.02991
G1 X117.591 Y109.717 E.02991
G1 X117.558 Y110.619 E.02991
G1 X117.35 Y111.496 E.02991
G1 X116.974 Y112.316 E.02991
G1 X116.446 Y113.047 E.02991
G1 X115.786 Y113.66 E.02991
G1 X115.018 Y114.133 E.02991
G1 X114.173 Y114.448 E.02991
G1 X114.027 Y114.471 E.00489
M205 X8 Y8
G1 X113.926 Y114.096 F7200
M205 X10 Y10
;TYPE:Outer wall
;WIDTH:0.419999
G1 F2400
G1 X113.225 Y114.203 E.0218
G1 X112.401 Y114.166 E.02535
G1 X111.599 Y113.969 E.02535
G1 X110.852 Y113.62 E.02535
G1 X110.187 Y113.131 E.02536
G1 X109.63 Y112.522 E.02535
G1 X109.203 Y111.816 E.02535
G1 X108.922 Y111.041 E.02535
G1 X108.795 Y110.188 E.02648
G1 X108.834 Y109.401 E.02422
G1 X109.031 Y108.599 E.02535
G1 X109.38 Y107.852 E.02535
G1 X109.869 Y107.187 E.02535
G1 X110.478 Y106.63 E.02535
G1 X111.184 Y106.203 E.02535
G1 X111.959 Y105.922 E.02535
G1 X112.785 Y105.797 E.02566
G1 X113.6 Y105.834 E.02505
G1 X114.401 Y106.031 E.02535
G1 X115.148 Y106.38 E.02535
G1 X115.813 Y106.869 E.02535
G1 X116.37 Y107.478 E.02535
G1 X116.797 Y108.184 E.02535
G1 X117.078 Y108.959 E.02535
G1 X117.203 Y109.775 E.02535
G1 X117.166 Y110.599 E.02535
G1 X116.969 Y111.401 E.02535
G1 X116.62 Y112.148 E.02535
G1 X116.131 Y112.813 E.02535
G1 X115.522 Y113.37 E.02535
G1 X114.816 Y113.797 E.02535
G1 X114.041 Y114.078 E.02535
G1 X113.966 Y114.09 E.00232
G1 E-4.5 F2700
;WIPE_START
G1 F2400
G1 X113.225 Y114.203 E-.17801
G1 X112.401 Y114.166 E-.19597
G1 X111.988 Y114.065 E-.10102
;WIPE_END
G1 E-.025 F2700
M205 X8 Y8
G1 X113.519 Y106.588 Z6.2 F7200
G1 X113.837 Y105.037 Z6.2
G1 Z5.8
G1 E5 F2400
M205 X10 Y10
;TYPE:Inner wall
;WIDTH:0.505618
G1 F2700
G1 X113.64 Y105.022 E.00744
;WIDTH:0.476436
G1 X112.669 Y105.008 E.0343
;WIDTH:0.487118
G1 X112.394 Y105.028 E.01001
;WIDTH:0.52752
G1 X112.118 Y105.048 E.01092
;WIDTH:0.567922
G1 X111.842 Y105.068 E.01183
G1 E-4.5
;WIPE_START
G1 X112.118 Y105.048 E-.06575
G1 X112.394 Y105.028 E-.06575
G1 X112.669 Y105.008 E-.06575
G1 X113.64 Y105.022 E-.23086
G1 X113.837 Y105.037 E-.0469
;WIPE_END
G1 E-.025
M205 X8 Y8
G1 X112.568 Y112.563 Z6.2 F7200
G1 X112.163 Y114.963 Z6.2
G1 Z5.8
G1 E5 F2400
M205 X10 Y10
;WIDTH:0.505618
G1 F2700
G1 X112.361 Y114.978 E.00747
;WIDTH:0.47639
G1 X113.342 Y114.992 E.03466
;WIDTH:0.487426
G1 X113.614 Y114.972 E.00988
;WIDTH:0.527674
G1 X113.886 Y114.952 E.01077
;WIDTH:0.567922
G1 X114.158 Y114.932 E.01167
G1 E-4.5
;WIPE_START
G1 X113.886 Y114.952 E-.06485
G1 X113.614 Y114.972 E-.06485
G1 X113.342 Y114.992 E-.06485
G1 X112.361 Y114.978 E-.23334
G1 X112.163 Y114.963 E-.04712
;WIPE_END
G1 E-.025
M205 X8 Y8
G1 X115.85 Y114.584 Z6.2 F7200
G1 Z5.8
G1 E5 F2400
M205 X10 Y10
;TYPE:Internal solid infill
;WIDTH:0.449999
G1 F3600
G1 X120.226 Y114.584 E.14515
G1 X117.896 Y112.254 E.10927
G1 X117.588 Y112.868 E.02279
G1 X116.928 Y113.724 E.03583
G1 X116.141 Y114.406 E.03455
G1 X115.884 Y114.563 E.00999
M205 X8 Y8
G1 X117.027 Y114.177 F7200
M205 X10 Y10
G1 F3600
G1 X119.243 Y114.177 E.0735
G1 X118.007 Y112.941 E.05797
G1 X117.697 Y113.398 E.01833
G1 X117.262 Y113.958 E.02352
G1 X117.057 Y114.149 E.00931
M205 X8 Y8
G1 X118.113 Y113.634 F7200
M205 X10 Y10
;WIDTH:0.600938
G1 F3600
G1 X118.043 Y113.634 E.00317
G1 X118.008 Y113.694 E.00317
G1 X118.043 Y113.755 E.00317
G1 X118.113 Y113.755 E.00317
G1 X118.128 Y113.729 E.00135
G1 E-4.5 F2700
;WIPE_START
G1 F3600
G1 X118.113 Y113.755 E-.04577
G1 X118.043 Y113.755 E-.10731
G1 X118.008 Y113.694 E-.10731
G1 X118.043 Y113.634 E-.10731
G1 X118.113 Y113.634 E-.10731
;WIPE_END
G1 E-.025 F2700
M205 X8 Y8
G1 X115.967 Y106.309 Z6.2 F7200
G1 X115.692 Y105.369 Z6.2
G1 Z5.8
G1 E5 F2400
M205 X10 Y10
;WIDTH:0.38292
G1 F3600
G1 X116.621 Y106.172 E.03401
G1 X117.172 Y106.75 E.02214
G1 X117.33 Y106.941 E.00686
M205 X8 Y8
G1 X122.897 Y105.111 F7200
M205 X10 Y10
;WIDTH:0.453876
G1 F3600
G1 X125.143 Y107.357 E.10637
G1 X125.008 Y107.803 E.0156
G1 X122.518 Y105.313 E.11791
G1 X121.937 Y105.313 E.01946
G1 X124.898 Y108.274 E.14024
G1 X124.804 Y108.761 E.01661
G1 X121.356 Y105.313 E.16332
G1 X120.775 Y105.313 E.01946
G1 X124.762 Y109.3 E.18882
G1 X124.719 Y109.838 E.01809
G1 X120.193 Y105.313 E.21432
G1 X119.612 Y105.313 E.01946
G1 X124.736 Y110.437 E.24266
G1 X124.78 Y111.062 E.02099
G1 X119.031 Y105.313 E.27227
G1 X118.45 Y105.313 E.01946
G1 X124.915 Y111.778 E.30616
G1 X124.979 Y112.099 E.01098
M73 P92 R2
G1 X125.138 Y112.582 E.01701
G1 X117.869 Y105.313 E.34424
G1 X117.288 Y105.313 E.01946
G1 X125.512 Y113.538 E.3895
G1 X125.658 Y113.855 E.01169
G1 X126.072 Y114.558 E.02732
G1 X126.178 Y114.706 E.0061
G1 X126.099 Y114.706 E.00263
G1 X116.706 Y105.313 E.44484
G1 X116.125 Y105.313 E.01946
G1 X125.518 Y114.706 E.44484
G1 X124.937 Y114.706 E.01946
G1 X117.532 Y107.301 E.35069
G1 X117.729 Y107.63 E.01284
G1 X117.832 Y107.848 E.00809
G1 X118.019 Y108.369 E.01852
G1 X124.356 Y114.706 E.30012
G1 X123.775 Y114.706 E.01946
G1 X118.201 Y109.133 E.26395
G1 X118.287 Y109.8 E.02252
G1 X123.193 Y114.706 E.23236
G1 X122.612 Y114.706 E.01946
G1 X118.258 Y110.351 E.20623
G1 X118.234 Y110.799 E.01501
G1 X118.212 Y110.887 E.00304
G1 X122.031 Y114.706 E.18086
G1 X121.45 Y114.706 E.01946
G1 X118.097 Y111.353 E.15877
G1 X117.97 Y111.807 E.01579
G1 X121.052 Y114.889 E.14595
M205 X8 Y8
G1 X125.383 Y113.062 F7200
M205 X10 Y10
;TYPE:Gap infill
;WIDTH:0.0916181
G1 F2400
G1 X125.353 Y113.053 E.00013
G1 X125.186 Y112.793 E.00123
M205 X8 Y8
G1 X117.51 Y106.988 F7200
M205 X10 Y10
;WIDTH:0.145372
G1 F2400
G1 X117.34 Y107.139 E.0019
M205 X8 Y8
G1 X123.724 Y105.416 F7200
M205 X10 Y10
;TYPE:Internal solid infill
;WIDTH:0.449999
G1 F3600
G1 X125.201 Y106.894 E.06933
G1 X125.601 Y105.993 E.0327
G1 X125.965 Y105.416 E.02263
G1 X123.764 Y105.416 E.07303
M205 X8 Y8
G1 X124.621 Y105.788 F7200
M205 X10 Y10
;WIDTH:0.37924
G1 F3600
G1 X125.081 Y106.248 E.01784
G1 X125.29 Y105.788 E.01386
G1 X124.661 Y105.788 E.01725
G1 E-4.5 F2700
;WIPE_START
G1 F3600
G1 X125.29 Y105.788 E-.16741
G1 X125.081 Y106.248 E-.13446
G1 X124.621 Y105.788 E-.17312
;WIPE_END
G1 E-.025 F2700
M205 X8 Y8
G1 X117.012 Y106.383 Z6.2 F7200
G1 X108.469 Y107.051 Z6.2
G1 Z5.8
G1 E5 F2400
M205 X10 Y10
;WIDTH:0.449999
G1 F3600
G1 X109.072 Y106.276 E.03257
G1 X109.859 Y105.594 E.03453
G1 X110.15 Y105.416 E.01132
G1 X106.834 Y105.416 E.10998
G1 X108.441 Y107.023 E.07538
M205 X8 Y8
G1 X108.429 Y106.406 F7200
M205 X10 Y10
;WIDTH:0.49119
G1 F3600
G1 X108.807 Y105.94 E.02193
G1 X108.917 Y105.844 E.00534
G1 X107.867 Y105.844 E.03838
G1 X108.401 Y106.378 E.02758
M205 X8 Y8
G1 X106.008 Y105.111 F7200
M205 X10 Y10
;WIDTH:0.4537
G1 F3600
G1 X108.363 Y107.466 E.11149
G1 X108.177 Y107.86 E.0146
G1 X105.611 Y105.294 E.12149
G1 X105.03 Y105.294 E.01945
G1 X108.003 Y108.268 E.14076
G1 X107.885 Y108.731 E.016
G1 X104.449 Y105.294 E.16269
G1 X103.868 Y105.294 E.01945
G1 X107.774 Y109.201 E.18492
G1 X107.756 Y109.276 E.00261
G1 X107.733 Y109.74 E.01555
G1 X103.287 Y105.294 E.21049
G1 X102.706 Y105.294 E.01945
G1 X107.726 Y110.314 E.23763
G1 X107.816 Y110.985 E.02268
G1 X102.125 Y105.294 E.26941
G1 X101.544 Y105.294 E.01945
G1 X108.037 Y111.787 E.30738
G1 X108.168 Y112.152 E.01296
G1 X108.271 Y112.37 E.00808
G1 X108.618 Y112.949 E.02258
G1 X100.963 Y105.294 E.36236
G1 X100.382 Y105.294 E.01945
G1 X109.775 Y114.687 E.44464
G1 X109.194 Y114.687 E.01945
G1 X99.801 Y105.294 E.44464
G1 X99.22 Y105.294 E.01945
G1 X108.613 Y114.687 E.44464
G1 X108.032 Y114.687 E.01945
G1 X98.475 Y105.13 E.45242
M205 X8 Y8
G1 X98.63 Y105.866 F7200
M205 X10 Y10
M73 P92 R1
G1 F3600
G1 X97.909 Y105.145 E.03413
M205 X8 Y8
G1 X100.361 Y107.597 F7200
M205 X10 Y10
G1 F3600
G1 X107.451 Y114.687 E.33565
G1 X106.87 Y114.687 E.01945
G1 X100.544 Y108.361 E.29948
G1 X100.544 Y108.942 E.01945
G1 X106.289 Y114.687 E.27198
G1 X105.709 Y114.687 E.01945
G1 X100.544 Y109.523 E.24448
G1 X100.544 Y110.104 E.01945
G1 X105.128 Y114.687 E.21697
G1 X104.547 Y114.687 E.01945
G1 X100.544 Y110.684 E.18947
G1 X100.544 Y111.265 E.01945
G1 X103.966 Y114.687 E.16197
G1 X103.535 Y114.687 E.01441
G1 X103.516 Y114.706 E.00089
G1 X103.404 Y114.706 E.00377
G1 X100.361 Y111.663 E.14404
M205 X8 Y8
G1 X108.811 Y113.093 F7200
M205 X10 Y10
;TYPE:Gap infill
;WIDTH:0.101313
G1 F2400
G1 X108.631 Y113.252 E.00114
M205 X8 Y8
G1 X108.798 Y113.256 F7200
M205 X10 Y10
;TYPE:Internal solid infill
;WIDTH:0.38292
G1 F3600
G1 X109.353 Y113.848 E.02248
G1 X110.197 Y114.586 E.03106
M205 X8 Y8
G1 X102.761 Y114.584 F7200
M205 X10 Y10
;WIDTH:0.449999
G1 F3600
G1 X100.666 Y112.489 E.09826
G1 X100.597 Y112.946 E.01533
G1 X100.357 Y113.391 E.01677
G1 X99.965 Y113.727 E.01714
;WIDTH:0.471703
G1 X99.808 Y113.812 E.00621
;WIDTH:0.515111
G1 X99.652 Y113.897 E.00683
;WIDTH:0.580068
G1 X99.496 Y113.981 E.00777
G1 X75.769 Y113.981 E1.03858
G1 X76.306 Y114.519 E.03326
G1 X99.66 Y114.528 E1.02224
;WIDTH:0.542996
G1 X99.867 Y114.547 E.00847
;WIDTH:0.505797
G1 X100.074 Y114.565 E.00784
;WIDTH:0.452921
G1 X100.281 Y114.584 E.00695
G1 X102.721 Y114.584 E.0815
M205 X8 Y8
G1 X101.614 Y114.109 F7200
M205 X10 Y10
;WIDTH:0.585549
G1 F3600
G1 X100.903 Y113.397 E.04452
G1 X100.749 Y113.666 E.01368
G1 X100.236 Y114.109 E.02998
G1 X101.574 Y114.109 E.05917
G1 E-4.5 F2700
;WIPE_START
G1 F3600
G1 X100.236 Y114.109 E-.3178
G1 X100.737 Y113.676 E-.1572
;WIPE_END
G1 E-.025 F2700
M205 X8 Y8
G1 X93.423 Y111.496 Z6.2 F7200
G1 X74.27 Y105.786 Z6.2
G1 Z5.8
G1 E5 F2400
M205 X10 Y10
;WIDTH:0.375265
G1 F3600
G1 X73.185 Y105.786 E.02938
G1 X73.578 Y106.178 E.01503
G1 X73.981 Y105.885 E.01351
G1 X74.232 Y105.799 E.00719
M205 X8 Y8
G1 X98.135 Y106.021 F7200
M205 X10 Y10
;WIDTH:0.58092
G1 F3600
G1 X97.596 Y105.482 E.03342
G1 X74.34 Y105.472 E1.01955
;WIDTH:0.542995
G1 X74.133 Y105.453 E.00847
;WIDTH:0.505797
G1 X73.926 Y105.435 E.00784
;WIDTH:0.450947
G1 X73.719 Y105.416 E.00691
G1 X72.293 Y105.416 E.04741
G1 X73.579 Y106.702 E.06048
G1 X74.035 Y106.273 E.02085
;WIDTH:0.471704
G1 X74.192 Y106.188 E.00621
;WIDTH:0.515112
G1 X74.348 Y106.103 E.00683
;WIDTH:0.579944
G1 X74.504 Y106.019 E.00777
G1 X98.095 Y106.021 E1.03237
M205 X8 Y8
G1 X98.481 Y106.139 F7200
M205 X10 Y10
;WIDTH:0.401755
M73 P93 R1
G1 F3600
G1 X98.544 Y106.118 E.00192
;WIDTH:0.439424
G1 X98.606 Y106.098 E.00212
;WIDTH:0.477093
G1 X98.669 Y106.078 E.00232
;WIDTH:0.495927
G1 X98.731 Y106.058 E.00242
M205 X8 Y8
G1 X73.664 Y107.308 F7200
M205 X10 Y10
;WIDTH:0.453015
G1 F3600
G1 X71.65 Y105.294 E.09519
G1 X71.07 Y105.294 E.01938
G1 X73.456 Y107.68 E.11275
G1 X73.456 Y108.26 E.01938
G1 X70.49 Y105.294 E.14016
G1 X69.91 Y105.294 E.01938
G1 X73.456 Y108.84 E.16756
G1 X73.456 Y109.42 E.01938
G1 X69.33 Y105.294 E.19497
G1 X68.75 Y105.294 E.01938
G1 X73.456 Y110 E.22238
G1 X73.456 Y110.58 E.01938
G1 X68.17 Y105.294 E.24979
G1 X67.59 Y105.294 E.01938
G1 X73.456 Y111.16 E.2772
G1 X73.456 Y111.74 E.01938
G1 X67.01 Y105.294 E.30461
G1 X66.43 Y105.294 E.01938
G1 X73.639 Y112.503 E.34067
M205 X8 Y8
G1 X74.747 Y113.611 F7200
M205 X10 Y10
G1 F3600
G1 X75.823 Y114.687 E.05085
G1 X75.326 Y114.687 E.01662
G1 X75.307 Y114.706 E.00089
G1 X75.262 Y114.706 E.0015
G1 X65.851 Y105.294 E.4448
G1 X65.294 Y105.294 E.01859
G1 X65.294 Y105.318 E.00079
G1 X74.682 Y114.706 E.44368
G1 X74.102 Y114.706 E.01938
G1 X65.294 Y105.898 E.41627
G1 X65.294 Y106.478 E.01938
G1 X73.522 Y114.706 E.38887
G1 X72.942 Y114.706 E.01938
G1 X65.294 Y107.058 E.36146
G1 X65.294 Y107.638 E.01938
G1 X72.362 Y114.706 E.33405
G1 X71.783 Y114.706 E.01938
G1 X65.294 Y108.217 E.30664
G1 X65.294 Y108.797 E.01938
G1 X71.203 Y114.706 E.27923
G1 X70.623 Y114.706 E.01938
G1 X65.294 Y109.377 E.25182
G1 X65.294 Y109.957 E.01938
G1 X70.043 Y114.706 E.22441
G1 X69.463 Y114.706 E.01938
G1 X65.294 Y110.537 E.197
G1 X65.294 Y111.117 E.01938
G1 X68.883 Y114.706 E.1696
G1 X68.303 Y114.706 E.01938
G1 X65.294 Y111.697 E.14219
G1 X65.294 Y112.277 E.01938
G1 X67.723 Y114.706 E.11478
G1 X67.143 Y114.706 E.01938
G1 X65.294 Y112.857 E.08737
G1 X65.294 Y113.437 E.01938
G1 X66.563 Y114.706 E.05996
G1 X65.983 Y114.706 E.01938
G1 X65.111 Y113.834 E.04121
M205 X8 Y8
G1 X65.417 Y114.567 F7200
M205 X10 Y10
;WIDTH:0.405698
G1 F3600
G1 X65.349 Y114.606 E.00232
G1 X65.419 Y114.641 E.00233
G1 E-4.5 F2700
;WIPE_START
G1 F3600
G1 X65.349 Y114.606 E-.23778
G1 X65.417 Y114.567 E-.23722
;WIPE_END
G1 E-.025 F2700
M205 X8 Y8
G1 X73.049 Y114.61 Z6.2 F7200
G1 X139.26 Y114.991 Z6.2
G1 Z5.8
G1 E5 F2400
M205 X10 Y10
;TYPE:Inner wall
;WIDTH:0.449999
G1 F2700
G1 X139.675 Y114.424 E.0233
G1 X140.085 Y113.732 E.0267
G1 X140.417 Y113.02 E.02607
G1 X140.677 Y112.278 E.02606
G1 X140.864 Y111.514 E.02609
G1 X140.974 Y110.737 E.02606
G1 X141.008 Y109.952 E.02607
G1 X140.965 Y109.167 E.02605
G1 X140.848 Y108.409 E.02545
G1 X140.649 Y107.629 E.02669
G1 X140.387 Y106.908 E.02545
G1 X140.04 Y106.182 E.0267
G1 X139.631 Y105.511 E.02607
G1 X139.26 Y105.009 E.02071
G1 X154.991 Y105.009 E.52184
G1 X154.991 Y114.991 E.33111
G1 X139.3 Y114.991 E.52051
G1 E-4.5
;WIPE_START
G1 X139.675 Y114.424 E-.16135
G1 X140.085 Y113.732 E-.19113
G1 X140.303 Y113.265 E-.12251
;WIPE_END
G1 E-.025
M205 X8 Y8
G1 X138.351 Y115.398 Z6.2 F7200
G1 Z5.8
G1 E5 F2400
M205 X10 Y10
G1 F2700
G1 X138.894 Y114.8 E.02678
G1 X139.326 Y114.214 E.02414
G1 X139.717 Y113.558 E.02535
G1 X140.034 Y112.883 E.02475
G1 X140.282 Y112.18 E.02474
G1 X140.461 Y111.455 E.02476
G1 X140.568 Y110.717 E.02474
G1 X140.601 Y109.972 E.02475
G1 X140.562 Y109.227 E.02473
G1 X140.453 Y108.507 E.02414
G1 X140.266 Y107.766 E.02535
G1 X140.019 Y107.082 E.02414
G1 X139.69 Y106.392 E.02535
G1 X139.305 Y105.753 E.02475
G1 X138.858 Y105.156 E.02474
G1 X138.356 Y104.604 E.02477
G1 X155.398 Y104.602 E.56532
G1 X155.398 Y115.398 E.35812
G1 X138.391 Y115.398 E.56415
G1 E-4.5
;WIPE_START
G1 X138.894 Y114.8 E-.18551
G1 X139.326 Y114.214 E-.17286
G1 X139.577 Y113.793 E-.11663
;WIPE_END
G1 E-.025
M205 X8 Y8
G1 X137.308 Y115.786 Z6.2 F7200
G1 Z5.8
G1 E5 F2400
M205 X10 Y10
;TYPE:Outer wall
;WIDTH:0.419999
G1 X138.097 Y115.1 E.03212
G1 X138.579 Y114.567 E.02209
G1 X138.99 Y114.012 E.0212
G1 X139.363 Y113.391 E.02228
G1 X139.665 Y112.751 E.02174
G1 X139.902 Y112.084 E.02173
G1 X140.073 Y111.397 E.02176
G1 X140.176 Y110.697 E.02173
G1 X140.21 Y109.991 E.02174
G1 X140.174 Y109.284 E.02174
G1 X140.073 Y108.602 E.0212
G1 X139.897 Y107.898 E.02229
G1 X139.664 Y107.249 E.0212
G1 X139.354 Y106.593 E.02228
G1 X138.99 Y105.987 E.02174
G1 X138.568 Y105.419 E.02173
G1 X138.091 Y104.895 E.02176
G1 X137.581 Y104.433 E.02116
G1 X137.269 Y104.21 E.01178
G1 X155.79 Y104.21 E.56909
G1 X155.79 Y115.79 E.35582
G1 X137.348 Y115.786 E.56666
G1 E-4.5 F2700
;WIPE_START
G1 F2400
G1 X138.097 Y115.1 E-.24114
G1 X138.579 Y114.567 E-.17077
G1 X138.737 Y114.353 E-.06309
;WIPE_END
G1 E-.025 F2700
M205 X8 Y8
G1 X140.031 Y114.584 Z6.2 F7200
G1 Z5.8
G1 E5 F2400
M205 X10 Y10
;TYPE:Internal solid infill
;WIDTH:0.449999
G1 F3600
G1 X143.22 Y114.584 E.10578
G1 X141.056 Y112.419 E.10154
G1 X140.755 Y113.266 E.02982
G1 X140.453 Y113.906 E.02347
G1 X140.053 Y114.55 E.02515
M205 X8 Y8
G1 X140.766 Y114.177 F7200
M205 X10 Y10
G1 F3600
G1 X142.237 Y114.177 E.04881
G1 X141.226 Y113.165 E.04747
G1 X141.023 Y113.654 E.01757
G1 X140.787 Y114.143 E.018
M205 X8 Y8
G1 X141.374 Y113.775 F7200
M205 X10 Y10
;WIDTH:0.36793
G1 F3600
G1 X141.313 Y113.811 E.00186
G1 X141.374 Y113.845 E.00186
M205 X8 Y8
G1 X153.719 Y105.455 F7200
M205 X10 Y10
;WIDTH:0.526879
G1 F3600
G1 X154.545 Y106.281 E.04608
G1 X154.545 Y105.455 E.03258
G1 X153.759 Y105.455 E.031
M205 X8 Y8
G1 X154.889 Y107.199 F7200
M205 X10 Y10
;WIDTH:0.452466
M73 P94 R1
G1 F3600
G1 X152.984 Y105.294 E.0899
G1 X152.405 Y105.294 E.01933
G1 X154.706 Y107.595 E.10859
G1 X154.706 Y108.174 E.01933
G1 X151.826 Y105.294 E.13592
G1 X151.247 Y105.294 E.01933
G1 X154.706 Y108.753 E.16326
G1 X154.706 Y109.332 E.01933
G1 X150.668 Y105.294 E.19059
G1 X150.088 Y105.294 E.01933
G1 X154.706 Y109.912 E.21793
G1 X154.706 Y110.491 E.01933
G1 X149.509 Y105.294 E.24526
G1 X148.93 Y105.294 E.01933
G1 X154.706 Y111.07 E.2726
G1 X154.706 Y111.649 E.01933
G1 X148.351 Y105.294 E.29994
G1 X147.772 Y105.294 E.01933
G1 X154.706 Y112.228 E.32727
G1 X154.706 Y112.808 E.01933
G1 X147.192 Y105.294 E.35461
G1 X146.613 Y105.294 E.01933
G1 X154.706 Y113.387 E.38194
G1 X154.706 Y113.966 E.01933
G1 X146.034 Y105.294 E.40928
G1 X145.455 Y105.294 E.01933
G1 X154.706 Y114.545 E.43661
G1 X154.706 Y114.706 E.00537
G1 X154.287 Y114.706 E.01396
G1 X144.876 Y105.294 E.4442
G1 X144.297 Y105.294 E.01933
G1 X153.708 Y114.706 E.4442
G1 X153.129 Y114.706 E.01933
G1 X143.717 Y105.294 E.4442
G1 X143.138 Y105.294 E.01933
G1 X152.55 Y114.706 E.4442
G1 X151.971 Y114.706 E.01933
G1 X142.559 Y105.294 E.4442
G1 X141.98 Y105.294 E.01933
G1 X151.392 Y114.706 E.4442
G1 X150.812 Y114.706 E.01933
G1 X141.401 Y105.294 E.4442
G1 X140.821 Y105.294 E.01933
G1 X150.233 Y114.706 E.4442
G1 X149.654 Y114.706 E.01933
G1 X140.242 Y105.294 E.4442
G1 X139.822 Y105.294 E.01402
G1 X140.096 Y105.727 E.01711
G1 X149.075 Y114.706 E.42375
G1 X148.496 Y114.706 E.01933
G1 X140.684 Y106.895 E.36867
G1 X140.919 Y107.537 E.02283
G1 X140.976 Y107.765 E.00784
G1 X147.916 Y114.706 E.32758
G1 X147.337 Y114.706 E.01933
G1 X141.158 Y108.526 E.29165
G1 X141.252 Y109.2 E.02271
G1 X146.758 Y114.706 E.25986
G1 X146.179 Y114.706 E.01933
G1 X141.285 Y109.812 E.23096
G1 X141.276 Y110.382 E.01902
G1 X145.6 Y114.706 E.20405
G1 X145.021 Y114.706 E.01933
G1 X141.235 Y110.921 E.17865
G1 X141.164 Y111.428 E.01711
G1 X144.441 Y114.706 E.1547
G1 X143.862 Y114.706 E.01933
G1 X140.908 Y111.752 E.13942
M205 X8 Y8
G1 X140.623 Y106.69 F7200
M205 X10 Y10
;TYPE:Gap infill
;WIDTH:0.198109
G1 F2400
G1 X140.531 Y106.558 E.00204
;WIDTH:0.155573
G1 X140.438 Y106.426 E.00148
;WIDTH:0.134305
G1 X140.345 Y106.294 E.0012
; stop printing object 05_probe_bridge.stl id:0 copy 0
;TIME_ELAPSED:1522.968384

;LAYER_CHANGE
;:6
;HEIGHT:0.2
;BEFORE_LAYER_CHANGE
;6
G92 E0
;TIME_ELAPSED:1564.041260
G1 E-4.5 F2700
;WIPE_START
G1 F2400
G1 X140.438 Y106.426 E-.475
;WIPE_END
G1 E-.025 F2700
;_SET_FAN_SPEED_CHANGING_LAYER
; OBJECT_ID: 15
; printing object 05_probe_bridge.stl id:0 copy 0
M205 X8 Y8
G17
G3 Z6.2 I-.76 J-.95 P1  F7200
G1 X128.731 Y115.79 Z6.2
G1 Z6
G1 E5 F2400
M205 X10 Y10
;TYPE:Outer wall
;WIDTH:0.419999
G1 X64.21 Y115.79 E1.98254
G1 X64.21 Y104.21 E.35582
G1 X128.717 Y104.21 E1.98212
G1 X128.419 Y104.433 E.01143
G1 X127.896 Y104.908 E.02173
G1 X127.421 Y105.434 E.02176
G1 X127 Y106.002 E.02173
G1 X126.635 Y106.613 E.02187
G1 X126.212 Y107.569 E.03211
G1 X126.004 Y108.257 E.02209
G1 X125.868 Y108.949 E.02168
G1 X125.791 Y109.986 E.03193
G1 X125.87 Y111.067 E.03331
G1 X126.009 Y111.761 E.02174
G1 X126.217 Y112.442 E.02187
G1 X126.64 Y113.397 E.03211
G1 X127.01 Y114.013 E.02209
G1 X127.429 Y114.576 E.02155
G1 X127.909 Y115.105 E.02194
G1 X128.419 Y115.567 E.02116
G1 X128.698 Y115.767 E.01055
G1 E-4.5 F2700
;WIPE_START
G1 F2400
G1 X126.698 Y115.767 E-.475
;WIPE_END
G1 E-.025 F2700
M205 X8 Y8
G1 X119.13 Y114.778 Z6.4 F7200
G1 X113.918 Y114.097 Z6.4
G1 Z6
G1 E5 F2400
M205 X10 Y10
G1 X113.225 Y114.203 E.02153
G1 X112.401 Y114.166 E.02535
G1 X111.599 Y113.969 E.02535
G1 X110.852 Y113.62 E.02535
G1 X110.187 Y113.131 E.02535
G1 X109.63 Y112.522 E.02535
G1 X109.203 Y111.816 E.02535
G1 X108.922 Y111.041 E.02535
G1 X108.795 Y110.188 E.02648
G1 X108.834 Y109.401 E.02422
G1 X109.031 Y108.599 E.02535
G1 X109.38 Y107.852 E.02535
G1 X109.869 Y107.187 E.02535
G1 X110.478 Y106.63 E.02535
G1 X111.184 Y106.203 E.02535
G1 X111.959 Y105.922 E.02535
G1 X112.778 Y105.797 E.02546
G1 X113.599 Y105.834 E.02525
G1 X114.401 Y106.031 E.02535
G1 X115.148 Y106.38 E.02535
G1 X115.813 Y106.869 E.02535
G1 X116.37 Y107.478 E.02535
G1 X116.797 Y108.184 E.02535
G1 X117.078 Y108.959 E.02535
G1 X117.203 Y109.775 E.02535
G1 X117.166 Y110.599 E.02535
G1 X116.969 Y111.401 E.02535
G1 X116.62 Y112.148 E.02535
G1 X116.131 Y112.813 E.02535
G1 X115.522 Y113.37 E.02535
G1 X114.816 Y113.797 E.02535
G1 X114.041 Y114.078 E.02535
G1 X113.957 Y114.091 E.0026
G1 E-4.5 F2700
;WIPE_START
G1 F2400
G1 X113.225 Y114.203 E-.17591
G1 X112.401 Y114.166 E-.19597
G1 X111.979 Y114.063 E-.10312
;WIPE_END
G1 E-.025 F2700
M205 X8 Y8
G1 X104.466 Y112.717 Z6.4 F7200
G1 X74.578 Y107.365 Z6.4
M73 P95 R1
G1 Z6
G1 E5 F2400
M205 X10 Y10
G1 X74.729 Y107.29 E.00518
G1 X99.271 Y107.29 E.75413
G1 X99.422 Y107.365 E.00518
G1 X99.46 Y107.479 E.00366
G1 X99.46 Y112.521 E.15495
G1 X99.422 Y112.635 E.00366
G1 X99.271 Y112.71 E.00518
G1 X74.729 Y112.71 E.75413
G1 X74.578 Y112.635 E.00518
G1 X74.54 Y112.521 E.00366
G1 X74.54 Y107.479 E.15495
G1 X74.565 Y107.403 E.00243
G1 E-4.5 F2700
;WIPE_START
G1 F2400
G1 X74.729 Y107.29 E-.04725
G1 X76.53 Y107.29 E-.42775
;WIPE_END
G1 E-.025 F2700
M205 X8 Y8
G1 X127.635 Y115.677 Z6.4 F7200
G1 Z6
G1 E5 F2400
M205 X10 Y10
;TYPE:Top surface
;WIDTH:0.421579
G1 X127.866 Y115.446 E.01008
G1 X127.595 Y115.181 E.01168
G1 X127.269 Y115.507 E.01424
G1 X126.733 Y115.507 E.01652
G1 X127.341 Y114.899 E.02654
G1 X127.099 Y114.606 E.01173
G1 X126.198 Y115.507 E.03931
G1 X125.662 Y115.507 E.01652
G1 X126.871 Y114.298 E.05276
G1 X126.658 Y113.976 E.01192
G1 X125.127 Y115.507 E.06682
G1 X124.591 Y115.507 E.01652
G1 X126.459 Y113.64 E.08148
G1 X126.28 Y113.283 E.01232
G1 X124.056 Y115.507 E.09706
G1 X123.52 Y115.507 E.01652
G1 X126.116 Y112.912 E.11325
G1 X125.952 Y112.54 E.01254
G1 X122.985 Y115.507 E.12949
G1 X122.449 Y115.507 E.01652
G1 X125.827 Y112.129 E.1474
G1 X125.71 Y111.711 E.0134
G1 X121.914 Y115.507 E.16564
G1 X121.378 Y115.507 E.01652
G1 X125.622 Y111.263 E.18519
G1 X125.585 Y111.073 E.00598
G1 X125.564 Y110.786 E.00888
G1 X120.843 Y115.507 E.20603
G1 X120.307 Y115.507 E.01652
G1 X125.528 Y110.287 E.22781
G1 X125.507 Y110.002 E.00882
G1 X125.525 Y109.754 E.00767
G1 X119.772 Y115.507 E.25106
G1 X119.236 Y115.507 E.01652
G1 X125.567 Y109.176 E.27627
G1 X125.586 Y108.922 E.00785
G1 X125.659 Y108.549 E.01173
G1 X118.701 Y115.507 E.30363
G1 X118.165 Y115.507 E.01652
G1 X125.838 Y107.834 E.33483
G1 X125.956 Y107.449 E.01243
G1 X126.169 Y106.968 E.01622
G1 X117.63 Y115.507 E.37262
G1 X117.094 Y115.507 E.01652
G1 X126.792 Y105.81 E.42317
G1 X127.196 Y105.262 E.02102
G1 X127.689 Y104.715 E.0227
G1 X127.933 Y104.493 E.01018
G1 X127.573 Y104.493 E.01109
G1 X116.559 Y115.507 E.48063
G1 X116.023 Y115.507 E.01652
G1 X127.038 Y104.493 E.48063
G1 X126.502 Y104.493 E.01652
G1 X115.488 Y115.507 E.48063
G1 X114.952 Y115.507 E.01652
G1 X125.967 Y104.493 E.48063
G1 X125.431 Y104.493 E.01652
G1 X114.417 Y115.507 E.48063
G1 X113.881 Y115.507 E.01652
G1 X124.896 Y104.493 E.48063
G1 X124.36 Y104.493 E.01652
G1 X117.134 Y111.719 E.31533
G1 X116.833 Y112.341 E.02133
G1 X116.303 Y113.044 E.02717
G1 X115.645 Y113.63 E.02717
G1 X114.886 Y114.076 E.02717
G1 X114.717 Y114.136 E.00552
G1 X113.346 Y115.507 E.05986
G1 X112.81 Y115.507 E.01652
G1 X113.934 Y114.383 E.04905
G1 X113.309 Y114.473 E.01949
G1 X112.275 Y115.507 E.04513
G1 X111.739 Y115.507 E.01652
G1 X112.782 Y114.465 E.0455
G1 X112.28 Y114.431 E.01553
G1 X111.204 Y115.507 E.04696
G1 X110.668 Y115.507 E.01652
G1 X111.855 Y114.321 E.05177
G1 X111.433 Y114.207 E.01348
G1 X110.133 Y115.507 E.05673
G1 X109.597 Y115.507 E.01652
G1 X111.072 Y114.033 E.06434
G1 X110.711 Y113.858 E.01237
G1 X109.062 Y115.507 E.07196
G1 X108.526 Y115.507 E.01652
G1 X110.397 Y113.636 E.08166
G1 X110.092 Y113.406 E.0118
G1 X107.991 Y115.507 E.09171
G1 X107.455 Y115.507 E.01652
G1 X109.816 Y113.146 E.10303
G1 X109.564 Y112.863 E.0117
G1 X106.92 Y115.507 E.11539
G1 X106.384 Y115.507 E.01652
G1 X109.324 Y112.567 E.12829
G1 X109.126 Y112.23 E.01207
G1 X105.849 Y115.507 E.14301
G1 X105.313 Y115.507 E.01652
G1 X108.928 Y111.893 E.15772
G1 X108.788 Y111.497 E.01295
G1 X104.778 Y115.507 E.175
G1 X104.242 Y115.507 E.01652
G1 X108.65 Y111.1 E.19233
G1 X108.574 Y110.639 E.01439
G1 X103.707 Y115.507 E.21242
G1 X103.171 Y115.507 E.01652
G1 X108.514 Y110.165 E.23313
G1 X108.541 Y109.602 E.0174
G1 X102.636 Y115.507 E.2577
G1 X102.1 Y115.507 E.01652
G1 X108.884 Y108.724 E.29602
G1 E-4.5 F2700
;WIPE_START
G1 F2400
G1 X107.47 Y110.138 E-.475
;WIPE_END
G1 E-.025 F2700
M205 X8 Y8
G1 X115.058 Y110.957 Z6.4 F7200
G1 X117.136 Y111.182 Z6.4
G1 Z6
G1 E5 F2400
M205 X10 Y10
G1 X123.825 Y104.493 E.29189
G1 X123.289 Y104.493 E.01652
M73 P96 R1
G1 X117.461 Y110.321 E.25432
G1 X117.484 Y109.762 E.01726
G1 X122.754 Y104.493 E.22993
G1 X122.218 Y104.493 E.01652
G1 X117.413 Y109.298 E.20968
G1 X117.336 Y108.84 E.01434
G1 X121.683 Y104.493 E.18968
G1 X121.147 Y104.493 E.01652
G1 X117.192 Y108.448 E.17259
G1 X117.048 Y108.056 E.01287
G1 X120.612 Y104.493 E.1555
G1 X120.076 Y104.493 E.01652
G1 X116.847 Y107.722 E.14092
G1 X116.644 Y107.39 E.01202
G1 X119.541 Y104.493 E.12642
G1 X119.005 Y104.493 E.01652
G1 X116.402 Y107.096 E.11358
G1 X116.145 Y106.817 E.01169
G1 X118.47 Y104.493 E.10142
G1 X117.934 Y104.493 E.01652
G1 X115.868 Y106.559 E.09016
G1 X115.558 Y106.333 E.01183
G1 X117.399 Y104.493 E.08031
G1 X116.863 Y104.493 E.01652
G1 X115.243 Y106.113 E.07069
G1 X114.877 Y105.943 E.01245
G1 X116.328 Y104.493 E.06329
G1 X115.792 Y104.493 E.01652
G1 X114.511 Y105.774 E.0559
G1 X114.086 Y105.664 E.01356
G1 X115.257 Y104.493 E.05109
G1 X114.721 Y104.493 E.01652
G1 X113.654 Y105.559 E.04655
G1 X113.146 Y105.532 E.0157
G1 X114.186 Y104.493 E.04535
G1 X113.65 Y104.493 E.01652
G1 X112.606 Y105.536 E.04554
G1 X111.978 Y105.629 E.0196
G1 X113.115 Y104.493 E.0496
G1 X112.579 Y104.493 E.01652
G1 X111.156 Y105.916 E.06211
G1 X111.046 Y105.956 E.0036
G1 X110.294 Y106.415 E.02718
G1 X109.647 Y107.012 E.02717
G1 X109.128 Y107.723 E.02717
G1 X108.938 Y108.133 E.01394
G1 X101.565 Y115.507 E.32177
G1 X101.029 Y115.507 E.01652
G1 X112.044 Y104.493 E.48063
G1 X111.508 Y104.493 E.01652
G1 X100.494 Y115.507 E.48063
G1 X99.958 Y115.507 E.01652
G1 X110.973 Y104.493 E.48063
G1 X110.437 Y104.493 E.01652
M73 P96 R0
G1 X99.423 Y115.507 E.48063
G1 X98.887 Y115.507 E.01652
G1 X109.901 Y104.493 E.48063
G1 X109.366 Y104.493 E.01652
G1 X98.352 Y115.507 E.48063
G1 X97.816 Y115.507 E.01652
G1 X108.83 Y104.493 E.48063
G1 X108.295 Y104.493 E.01652
G1 X97.281 Y115.507 E.48063
G1 X96.745 Y115.507 E.01652
G1 X107.759 Y104.493 E.48063
G1 X107.224 Y104.493 E.01652
G1 X99.743 Y111.974 E.32646
G1 X99.743 Y111.438 E.01652
G1 X106.688 Y104.493 E.30309
G1 X106.153 Y104.493 E.01652
G1 X99.743 Y110.903 E.27972
G1 X99.743 Y110.367 E.01652
G1 X105.617 Y104.493 E.25635
G1 X105.082 Y104.493 E.01652
G1 X99.743 Y109.832 E.23298
G1 X99.743 Y109.296 E.01652
G1 X104.546 Y104.493 E.20962
G1 X104.011 Y104.493 E.01652
G1 X99.743 Y108.761 E.18625
G1 X99.743 Y108.225 E.01652
G1 X103.475 Y104.493 E.16288
G1 X102.94 Y104.493 E.01652
G1 X99.743 Y107.69 E.13951
G1 X99.725 Y107.344 E.01067
G1 X99.667 Y107.23 E.00395
G1 X102.404 Y104.493 E.11944
G1 X101.869 Y104.493 E.01652
G1 X99.34 Y107.022 E.11035
G1 X99.283 Y107.007 E.00182
G1 X98.819 Y107.007 E.01432
G1 X101.333 Y104.493 E.10972
G1 X100.798 Y104.493 E.01652
G1 X98.283 Y107.007 E.10972
G1 X97.748 Y107.007 E.01652
G1 X100.262 Y104.493 E.10972
G1 X99.727 Y104.493 E.01652
G1 X97.212 Y107.007 E.10972
G1 X96.677 Y107.007 E.01652
G1 X99.191 Y104.493 E.10972
G1 X98.656 Y104.493 E.01652
G1 X96.141 Y107.007 E.10972
G1 X95.606 Y107.007 E.01652
G1 X98.12 Y104.493 E.10972
G1 X97.585 Y104.493 E.01652
G1 X95.07 Y107.007 E.10972
G1 X94.535 Y107.007 E.01652
G1 X97.049 Y104.493 E.10972
G1 X96.514 Y104.493 E.01652
G1 X93.999 Y107.007 E.10972
G1 X93.464 Y107.007 E.01652
G1 X95.978 Y104.493 E.10972
G1 X95.443 Y104.493 E.01652
G1 X92.928 Y107.007 E.10972
G1 X92.393 Y107.007 E.01652
G1 X94.907 Y104.493 E.10972
G1 X94.372 Y104.493 E.01652
G1 X91.857 Y107.007 E.10972
G1 X91.322 Y107.007 E.01652
G1 X93.836 Y104.493 E.10972
G1 X93.301 Y104.493 E.01652
G1 X90.786 Y107.007 E.10972
G1 X90.251 Y107.007 E.01652
G1 X92.765 Y104.493 E.10972
G1 X92.23 Y104.493 E.01652
G1 X89.715 Y107.007 E.10972
G1 X89.18 Y107.007 E.01652
G1 X91.694 Y104.493 E.10972
G1 X91.159 Y104.493 E.01652
G1 X88.644 Y107.007 E.10972
G1 X88.109 Y107.007 E.01652
G1 X90.623 Y104.493 E.10972
G1 X90.088 Y104.493 E.01652
G1 X87.573 Y107.007 E.10972
G1 X87.038 Y107.007 E.01652
G1 X89.552 Y104.493 E.10972
G1 X89.017 Y104.493 E.01652
G1 X86.502 Y107.007 E.10972
G1 X85.967 Y107.007 E.01652
G1 X88.481 Y104.493 E.10972
G1 X87.946 Y104.493 E.01652
G1 X85.431 Y107.007 E.10972
G1 X84.896 Y107.007 E.01652
G1 X87.41 Y104.493 E.10972
G1 X86.875 Y104.493 E.01652
G1 X84.36 Y107.007 E.10972
G1 X83.825 Y107.007 E.01652
G1 X86.339 Y104.493 E.10972
G1 X85.804 Y104.493 E.01652
G1 X83.289 Y107.007 E.10972
G1 X82.754 Y107.007 E.01652
G1 X85.268 Y104.493 E.10972
G1 X84.733 Y104.493 E.01652
G1 X82.218 Y107.007 E.10972
G1 X81.683 Y107.007 E.01652
G1 X84.197 Y104.493 E.10972
G1 X83.662 Y104.493 E.01652
G1 X81.147 Y107.007 E.10972
M73 P97 R0
G1 X80.612 Y107.007 E.01652
G1 X83.126 Y104.493 E.10972
G1 X82.591 Y104.493 E.01652
G1 X80.076 Y107.007 E.10972
G1 X79.541 Y107.007 E.01652
G1 X82.055 Y104.493 E.10972
G1 X81.52 Y104.493 E.01652
G1 X79.005 Y107.007 E.10972
G1 X78.47 Y107.007 E.01652
G1 X80.984 Y104.493 E.10972
G1 X80.449 Y104.493 E.01652
G1 X77.934 Y107.007 E.10972
G1 X77.399 Y107.007 E.01652
G1 X79.913 Y104.493 E.10972
G1 X79.378 Y104.493 E.01652
G1 X76.863 Y107.007 E.10972
G1 X76.328 Y107.007 E.01652
G1 X78.842 Y104.493 E.10972
G1 X78.307 Y104.493 E.01652
G1 X75.792 Y107.007 E.10972
G1 X75.257 Y107.007 E.01652
G1 X77.941 Y104.323 E.11713
G1 E-4.5 F2700
;WIPE_START
G1 F2400
G1 X76.527 Y105.737 E-.475
;WIPE_END
G1 E-.025 F2700
M205 X8 Y8
G1 X83.328 Y109.202 Z6.4 F7200
G1 X96.04 Y115.677 Z6.4
G1 Z6
G1 E5 F2400
M205 X10 Y10
G1 X98.724 Y112.993 E.11713
G1 X98.188 Y112.993 E.01652
G1 X95.674 Y115.507 E.10972
G1 X95.139 Y115.507 E.01652
G1 X97.653 Y112.993 E.10972
G1 X97.117 Y112.993 E.01652
G1 X94.603 Y115.507 E.10972
G1 X94.068 Y115.507 E.01652
G1 X96.582 Y112.993 E.10972
G1 X96.046 Y112.993 E.01652
G1 X93.532 Y115.507 E.10972
G1 X92.997 Y115.507 E.01652
G1 X95.511 Y112.993 E.10972
G1 X94.975 Y112.993 E.01652
G1 X92.461 Y115.507 E.10972
G1 X91.926 Y115.507 E.01652
G1 X94.44 Y112.993 E.10972
G1 X93.904 Y112.993 E.01652
G1 X91.39 Y115.507 E.10972
G1 X90.854 Y115.507 E.01652
G1 X93.369 Y112.993 E.10972
G1 X92.833 Y112.993 E.01652
G1 X90.319 Y115.507 E.10972
G1 X89.783 Y115.507 E.01652
G1 X92.298 Y112.993 E.10972
G1 X91.762 Y112.993 E.01652
G1 X89.248 Y115.507 E.10972
G1 X88.712 Y115.507 E.01652
G1 X91.227 Y112.993 E.10972
G1 X90.691 Y112.993 E.01652
G1 X88.177 Y115.507 E.10972
G1 X87.641 Y115.507 E.01652
G1 X90.156 Y112.993 E.10972
G1 X89.62 Y112.993 E.01652
G1 X87.106 Y115.507 E.10972
G1 X86.57 Y115.507 E.01652
G1 X89.085 Y112.993 E.10972
G1 X88.549 Y112.993 E.01652
G1 X86.035 Y115.507 E.10972
G1 X85.499 Y115.507 E.01652
G1 X88.014 Y112.993 E.10972
G1 X87.478 Y112.993 E.01652
G1 X84.964 Y115.507 E.10972
G1 X84.428 Y115.507 E.01652
G1 X86.943 Y112.993 E.10972
G1 X86.407 Y112.993 E.01652
G1 X83.893 Y115.507 E.10972
G1 X83.357 Y115.507 E.01652
G1 X85.872 Y112.993 E.10972
G1 X85.336 Y112.993 E.01652
G1 X82.822 Y115.507 E.10972
G1 X82.286 Y115.507 E.01652
G1 X84.801 Y112.993 E.10972
G1 X84.265 Y112.993 E.01652
G1 X81.751 Y115.507 E.10972
G1 X81.215 Y115.507 E.01652
G1 X83.73 Y112.993 E.10972
G1 X83.194 Y112.993 E.01652
G1 X80.68 Y115.507 E.10972
G1 X80.144 Y115.507 E.01652
G1 X82.659 Y112.993 E.10972
G1 X82.123 Y112.993 E.01652
G1 X79.609 Y115.507 E.10972
G1 X79.073 Y115.507 E.01652
G1 X81.588 Y112.993 E.10972
G1 X81.052 Y112.993 E.01652
G1 X78.538 Y115.507 E.10972
G1 X78.002 Y115.507 E.01652
G1 X80.517 Y112.993 E.10972
G1 X79.981 Y112.993 E.01652
G1 X77.467 Y115.507 E.10972
G1 X76.931 Y115.507 E.01652
G1 X79.446 Y112.993 E.10972
G1 X78.91 Y112.993 E.01652
G1 X76.396 Y115.507 E.10972
G1 X75.86 Y115.507 E.01652
G1 X78.375 Y112.993 E.10972
G1 X77.839 Y112.993 E.01652
G1 X75.325 Y115.507 E.10972
G1 X74.789 Y115.507 E.01652
G1 X77.304 Y112.993 E.10972
G1 X76.768 Y112.993 E.01652
G1 X74.254 Y115.507 E.10972
G1 X73.718 Y115.507 E.01652
G1 X76.233 Y112.993 E.10972
G1 X75.697 Y112.993 E.01652
G1 X73.183 Y115.507 E.10972
G1 X72.647 Y115.507 E.01652
G1 X75.162 Y112.993 E.10972
G1 X74.717 Y112.993 E.01373
G1 X74.644 Y112.975 E.00231
G1 X72.112 Y115.507 E.11051
G1 X71.576 Y115.507 E.01652
G1 X74.326 Y112.757 E.12
G1 X74.275 Y112.656 E.00351
G1 X74.257 Y112.291 E.01127
G1 X71.041 Y115.507 E.14035
G1 X70.505 Y115.507 E.01652
G1 X74.257 Y111.755 E.16372
G1 X74.257 Y111.22 E.01652
G1 X69.97 Y115.507 E.18709
G1 X69.434 Y115.507 E.01652
G1 X74.257 Y110.684 E.21046
G1 X74.257 Y110.149 E.01652
G1 X68.899 Y115.507 E.23382
G1 X68.363 Y115.507 E.01652
G1 X74.257 Y109.613 E.25719
G1 X74.257 Y109.078 E.01652
G1 X67.828 Y115.507 E.28056
G1 X67.292 Y115.507 E.01652
G1 X74.257 Y108.542 E.30393
G1 X74.257 Y108.007 E.01652
G1 X66.757 Y115.507 E.3273
G1 X66.221 Y115.507 E.01652
G1 X77.236 Y104.493 E.48064
G1 X76.7 Y104.493 E.01652
G1 X65.686 Y115.507 E.48063
G1 X65.15 Y115.507 E.01652
G1 X76.165 Y104.493 E.48063
G1 X75.629 Y104.493 E.01652
G1 X64.615 Y115.507 E.48063
G1 X64.493 Y115.507 E.00376
G1 X64.493 Y115.094 E.01276
G1 X75.094 Y104.493 E.46259
G1 X74.558 Y104.493 E.01652
G1 X64.493 Y114.558 E.43922
G1 X64.493 Y114.023 E.01652
G1 X74.023 Y104.493 E.41585
G1 X73.487 Y104.493 E.01652
M73 P98 R0
G1 X64.493 Y113.487 E.39249
G1 X64.493 Y112.952 E.01652
G1 X72.952 Y104.493 E.36912
G1 X72.416 Y104.493 E.01652
G1 X64.493 Y112.416 E.34575
G1 X64.493 Y111.881 E.01652
G1 X71.881 Y104.493 E.32238
G1 X71.345 Y104.493 E.01652
G1 X64.493 Y111.345 E.29902
G1 X64.493 Y110.81 E.01652
G1 X70.81 Y104.493 E.27565
G1 X70.274 Y104.493 E.01652
G1 X64.493 Y110.274 E.25228
G1 X64.493 Y109.739 E.01652
G1 X69.739 Y104.493 E.22891
G1 X69.203 Y104.493 E.01652
G1 X64.493 Y109.203 E.20554
G1 X64.493 Y108.668 E.01652
G1 X68.668 Y104.493 E.18218
G1 X68.132 Y104.493 E.01652
G1 X64.493 Y108.132 E.15881
G1 X64.493 Y107.597 E.01652
G1 X67.597 Y104.493 E.13544
G1 X67.061 Y104.493 E.01652
G1 X64.493 Y107.061 E.11207
G1 X64.493 Y106.526 E.01652
G1 X66.526 Y104.493 E.08871
G1 X65.99 Y104.493 E.01652
G1 X64.493 Y105.99 E.06534
G1 X64.493 Y105.455 E.01652
G1 X65.455 Y104.493 E.04197
G1 X64.919 Y104.493 E.01652
G1 X64.323 Y105.089 E.02601
G1 E-4.5 F2700
;WIPE_START
G1 F2400
G1 X64.919 Y104.493 E-.20018
G1 X65.455 Y104.493 E-.12718
G1 X65.015 Y104.932 E-.14764
;WIPE_END
G1 E-.025 F2700
M205 X8 Y8
G1 X72.622 Y105.558 Z6.4 F7200
G1 X108.855 Y108.537 Z6.4
G1 Z6
G1 E5 F2400
M205 X10 Y10
;TYPE:Gap infill
;WIDTH:0.0879055
G1 X108.827 Y108.544 E.00011
G1 X108.78 Y108.62 E.00033
G1 E-4.5 F2700
;WIPE_START
G1 F2400
G1 X108.827 Y108.544 E-.35699
G1 X108.855 Y108.537 E-.11801
;WIPE_END
G1 E-.025 F2700
M205 X8 Y8
G1 X116.486 Y108.357 Z6.4 F7200
G1 X125.824 Y108.137 Z6.4
G1 Z6
G1 E5 F2400
M205 X10 Y10
;WIDTH:0.11743
G1 X125.7 Y108.357 E.00153
G1 E-4.5 F2700
;WIPE_START
G1 F2400
G1 X125.824 Y108.137 E-.475
;WIPE_END
G1 E-.025 F2700
M205 X8 Y8
G1 X126.557 Y106.34 Z6.4 F7200
G1 Z6
G1 E5 F2400
M205 X10 Y10
;WIDTH:0.112534
G1 X126.423 Y106.513 E.00124
;WIDTH:0.137775
G1 X126.419 Y106.518 E.00004
;WIDTH:0.159999
G1 X126.328 Y106.651 E.00154
;WIDTH:0.181345
G1 X126.236 Y106.785 E.00183
G1 E-4.5 F2700
;WIPE_START
G1 F2400
G1 X126.328 Y106.651 E-.475
;WIPE_END
G1 E-.025 F2700
M205 X8 Y8
G1 X132.195 Y111.532 Z6.4 F7200
G1 X137.308 Y115.786 Z6.4
G1 Z6
G1 E5 F2400
M205 X10 Y10
;TYPE:Outer wall
;WIDTH:0.419999
G1 X138.097 Y115.1 E.03212
G1 X138.579 Y114.566 E.0221
G1 X139 Y113.998 E.02173
G1 X139.363 Y113.391 E.02174
G1 X139.665 Y112.751 E.02174
G1 X139.903 Y112.08 E.02187
G1 X140.131 Y111.064 E.03199
G1 X140.211 Y110 E.03277
G1 X140.133 Y108.95 E.03236
G1 X139.99 Y108.235 E.0224
G1 X139.664 Y107.248 E.03193
G1 X139.354 Y106.593 E.02227
G1 X138.99 Y105.987 E.02174
G1 X138.571 Y105.424 E.02155
G1 X138.091 Y104.895 E.02194
G1 X137.581 Y104.433 E.02116
G1 X137.269 Y104.21 E.01178
G1 X155.79 Y104.21 E.56909
G1 X155.79 Y115.79 E.35582
G1 X137.348 Y115.786 E.56666
G1 E-4.5 F2700
;WIPE_START
G1 F2400
G1 X138.097 Y115.1 E-.24114
G1 X138.579 Y114.566 E-.17079
G1 X138.737 Y114.353 E-.06306
;WIPE_END
G1 E-.025 F2700
M205 X8 Y8
G1 X146.366 Y114.604 Z6.4 F7200
G1 X155.677 Y114.91 Z6.4
G1 Z6
G1 E5 F2400
M205 X10 Y10
;TYPE:Top surface
;WIDTH:0.422268
G1 X155.08 Y115.507 E.02612
G1 X154.543 Y115.507 E.01658
G1 X155.507 Y114.543 E.04215
G1 X155.507 Y114.007 E.01658
G1 X154.007 Y115.507 E.0656
G1 X153.47 Y115.507 E.01658
G1 X155.507 Y113.47 E.08906
G1 X155.507 Y112.934 E.01658
G1 X152.934 Y115.507 E.11251
G1 X152.397 Y115.507 E.01658
G1 X155.507 Y112.397 E.13596
G1 X155.507 Y111.861 E.01658
G1 X151.861 Y115.507 E.15942
G1 X151.324 Y115.507 E.01658
G1 X155.507 Y111.324 E.18287
G1 X155.507 Y110.788 E.01658
G1 X150.788 Y115.507 E.20632
G1 X150.251 Y115.507 E.01658
G1 X155.507 Y110.251 E.22977
G1 X155.507 Y109.715 E.01658
G1 X149.715 Y115.507 E.25323
G1 X149.178 Y115.507 E.01658
G1 X155.507 Y109.178 E.27668
G1 X155.507 Y108.642 E.01658
G1 X148.642 Y115.507 E.30013
G1 X148.105 Y115.507 E.01658
G1 X155.507 Y108.105 E.32359
G1 X155.507 Y107.569 E.01658
G1 X147.569 Y115.507 E.34704
G1 X147.032 Y115.507 E.01658
G1 X155.507 Y107.032 E.37049
G1 X155.507 Y106.496 E.01658
G1 X146.496 Y115.507 E.39394
G1 X145.959 Y115.507 E.01658
G1 X155.507 Y105.959 E.4174
G1 X155.507 Y105.423 E.01658
G1 X145.423 Y115.507 E.44085
G1 X144.886 Y115.507 E.01658
G1 X155.507 Y104.886 E.4643
G1 X155.507 Y104.493 E.01217
G1 X155.364 Y104.493 E.00442
G1 X144.35 Y115.507 E.48151
G1 X143.813 Y115.507 E.01658
M73 P99 R0
G1 X154.828 Y104.493 E.48151
G1 X154.291 Y104.493 E.01658
G1 X143.277 Y115.507 E.48151
G1 X142.74 Y115.507 E.01658
G1 X153.755 Y104.493 E.48151
G1 X153.218 Y104.493 E.01658
G1 X142.204 Y115.507 E.48151
G1 X141.668 Y115.507 E.01658
G1 X152.682 Y104.493 E.48151
G1 X152.145 Y104.493 E.01658
G1 X141.131 Y115.507 E.48151
G1 X140.595 Y115.507 E.01658
G1 X151.609 Y104.493 E.48151
G1 X151.073 Y104.493 E.01658
G1 X140.058 Y115.507 E.48151
G1 X139.522 Y115.507 E.01658
G1 X150.536 Y104.493 E.48151
G1 X150 Y104.493 E.01658
G1 X138.985 Y115.507 E.48151
G1 X138.449 Y115.507 E.01658
G1 X149.463 Y104.493 E.48151
G1 X148.927 Y104.493 E.01658
G1 X139.15 Y114.27 E.42741
G1 X139.599 Y113.548 E.02627
G1 X139.839 Y113.044 E.01728
G1 X148.39 Y104.493 E.37381
G1 X147.854 Y104.493 E.01658
G1 X140.168 Y112.179 E.336
G1 X140.322 Y111.488 E.02189
G1 X147.317 Y104.493 E.30579
G1 X146.781 Y104.493 E.01658
G1 X140.431 Y110.842 E.27757
G1 X140.474 Y110.263 E.01794
G1 X146.244 Y104.493 E.25226
G1 X145.708 Y104.493 E.01658
G1 X140.473 Y109.727 E.22883
G1 X140.437 Y109.227 E.0155
G1 X145.171 Y104.493 E.20696
G1 X144.635 Y104.493 E.01658
G1 X140.379 Y108.749 E.18605
G1 X140.29 Y108.301 E.01411
G1 X144.098 Y104.493 E.16648
G1 X143.562 Y104.493 E.01658
G1 X140.172 Y107.883 E.1482
G1 X140.039 Y107.48 E.01313
G1 X143.025 Y104.493 E.13057
G1 X142.489 Y104.493 E.01658
G1 X139.897 Y107.085 E.1133
G1 X139.726 Y106.719 E.01247
G1 X141.952 Y104.493 E.09732
G1 X141.416 Y104.493 E.01658
G1 X139.544 Y106.364 E.08181
G1 X139.343 Y106.029 E.01209
G1 X140.879 Y104.493 E.06715
G1 X140.343 Y104.493 E.01658
G1 X139.132 Y105.704 E.05295
G1 X138.903 Y105.397 E.01185
G1 X139.806 Y104.493 E.03952
G1 X139.27 Y104.493 E.01658
G1 X138.661 Y105.102 E.02662
G1 X138.406 Y104.82 E.01174
G1 X138.733 Y104.493 E.01431
G1 X138.197 Y104.493 E.01658
G1 X138.015 Y104.675 E.00796
G1 E-4.5 F2700
;WIPE_START
G1 F2400
G1 X138.197 Y104.493 E-.06113
G1 X138.733 Y104.493 E-.12741
G1 X138.406 Y104.82 E-.10995
G1 X138.661 Y105.102 E-.09021
G1 X138.918 Y104.845 E-.0863
;WIPE_END
G1 E-.025 F2700
M205 X8 Y8
G1 X139.033 Y112.476 Z6.4 F7200
G1 X139.062 Y114.445 Z6.4
G1 Z6
G1 E5 F2400
M205 X10 Y10
;TYPE:Gap infill
;WIDTH:0.260166
G1 X138.804 Y114.745 E.00701
;WIDTH:0.218301
G1 X138.164 Y115.402 E.01311
;WIDTH:0.229408
G1 X138.138 Y115.444 E.00075
;WIDTH:0.267433
G1 X138.112 Y115.486 E.00091
G1 X138.268 Y115.601 E.00354
; stop printing object 05_probe_bridge.stl id:0 copy 0
;TIME_ELAPSED:1605.114258

G1 E-4.5 F2700
;WIPE_START
G1 F2400
G1 X138.112 Y115.486 E-.37825
G1 X138.138 Y115.444 E-.09675
;WIPE_END
G1 E-.025 F2700
M106 S0
;TYPE:Custom
;filament end gcode
G91 ;Relative positionning
G1 E-2 F2700 ;Retract a bit 
G1 E-2 Z1 F2400 ;Retract and raise Z 
G1 X5 Y5 F3000 ;Wipe out 
G1 Z10 ;Raise Z more 
G90 ;Absolute positionning  
G1 X0 Y0 ;Present print 
M106 S0 ;Turn-off fan 
M104 S0 ;Turn-off hotend 
M140 S0 ;Turn-off bed  
M84 X Y E ;Disable all steppers but Z 
M73 P100 R0
;TIME_ELAPSED:1605.114248

; EXECUTABLE_BLOCK_END

; filament used [mm] = 1353.81
; filament used [cm3] = 3.26
; filament used [g] = 4.04
; filament cost = 0.08
; total filament cost = 0.08
; total layers count = 30
; estimated printing time (normal mode) = 26m 50s

; CONFIG_BLOCK_START
; accel_to_decel_enable = 1
; accel_to_decel_factor = 50%
; acceleration_limit_mess = [[0.5,1.0,100,6000,210],[1.0,1.5,80,5500,200],[1.5,2.0,60,5000,190]]
; acceleration_limit_mess_enable = 0
; activate_air_filtration = 0
; activate_chamber_layer = 1
; activate_chamber_temp_control = 0
; adaptive_bed_mesh_margin = 0
; additional_cooling_fan_speed = 80
; ai_infill = 0
; align_infill_direction_to_model = 0
; alternate_extra_wall = 0
; arc_tolerance = 12
; automatic_extrusion_widths = 0
; auxiliary_fan = 0
; bbl_calib_mark_logo = 1
; bbl_use_printhost = 0
; bed_custom_model = 
; bed_custom_texture = 
; bed_exclude_area = 0x0
; bed_mesh_max = 99999,99999
; bed_mesh_min = -99999,-99999
; bed_mesh_probe_distance = 50,50
; bed_temperature_mode = use_first_material
; before_layer_change_gcode = ;BEFORE_LAYER_CHANGE\n;[layer_z]\nG92 E0\n
; belt_Z_offset = 0
; best_object_pos = 0.5,0.5
; bottom_shell_layers = 4
; bottom_shell_thickness = 0
; bottom_solid_infill_flow_ratio = 1
; bottom_surface_pattern = monotonic
; bridge_acceleration = 50%
; bridge_angle = 0
; bridge_density = 100%
; bridge_flow = 0.95
; bridge_no_support = 0
; bridge_speed = 50
; brim_ears_detection_length = 1
; brim_ears_max_angle = 125
; brim_object_gap = 0.2
; brim_type = auto_brim
; brim_width = 5
; chamber_temperature = 0
; change_extrusion_role_gcode = 
; change_filament_gcode = 
; close_fan_the_first_x_layers = 1
; color_bed_exclude_area = 
; complete_print_exhaust_fan_speed = 80
; cool_cds_fan_start_at_height = 0.5
; cool_plate_temp = 60
; cool_plate_temp_initial_layer = 60
; cool_special_cds_fan_speed = 100
; cooling_perimeter_transition_distance = 0
; cooling_slowdown_logic = uniform_cooling
; cooling_tube_length = 5
; cooling_tube_retraction = 91.5
; counterbore_hole_bridging = none
; creality_flush_time = 86
; curr_bed_type = Cool Plate
; customized_plate_temp = 60
; customized_plate_temp_initial_layer = 60
; default_acceleration = 500
; default_filament_colour = #F2754E
; default_filament_profile = "CR-PLA @Creality Ender-3 V2 0.4 nozzle"
; default_filament_type = PLA
; default_flush_multiplier = 1.3
; default_jerk = 10
; default_print_profile = 0.20mm Standard @Creality Ender-3 V2 0.4 nozzle
; deretraction_speed = 40
; detect_narrow_internal_solid_infill = 1
; detect_overhang_wall = 1
; detect_thin_wall = 1
; disable_m73 = 0
; dithering_local_z_mode = 0
; dithering_step_painted_zones_only = 0
; dithering_z_step_size = 0
; dont_filter_internal_bridges = disabled
; dont_slow_down_outer_wall = 0
; draft_shield = disabled
; during_print_exhaust_fan_speed = 60
; elefant_foot_compensation = 0.15
; elefant_foot_compensation_layers = 1
; embedding_wall_into_infill = 0
; emit_machine_limits_to_gcode = 1
; enable_arc_fitting = 0
; enable_filament_ramming = 0
; enable_long_retraction_when_cut = 0
; enable_overhang_bridge_fan = 1
; enable_overhang_speed = 1
; enable_pressure_advance = 0
; enable_prime_tower = 0
; enable_special_area_additional_cooling_fan = 0
; enable_support = 1
; enforce_support_layers = 0
; eng_plate_temp = 60
; eng_plate_temp_initial_layer = 60
; ensure_vertical_shell_thickness = ensure_all
; epoxy_resin_plate_temp = 0
; epoxy_resin_plate_temp_initial_layer = 0
; exclude_object = 0
; external_infill_margin = 0
; extra_loading_move = -2
; extra_perimeters_on_overhangs = 0
; extruder_clearance_height_to_lid = 250
; extruder_clearance_height_to_rod = 35
; extruder_clearance_radius = 60
; extruder_colour = #FCE94F
; extruder_offset = 0x0
; fan_cooling_layer_time = 100
; fan_kickstart = 0
; fan_max_speed = 100
; fan_min_speed = 100
; fan_speedup_overhangs = 1
; fan_speedup_time = 0
; filament_adhesiveness_category = 100
; filament_can_change = 1
; filament_colour = #F2754E
; filament_cooling_final_speed = 3.4
; filament_cooling_initial_speed = 2.2
; filament_cooling_moves = 4
; filament_cost = 20
; filament_density = 1.24
; filament_diameter = 1.75
; filament_end_gcode = ";filament end gcode"
; filament_flow_ratio = 0.98
; filament_ids = 04001
; filament_is_support = 0
; filament_load_time = 0
; filament_loading_speed = 28
; filament_loading_speed_start = 3
; filament_max_volumetric_speed = 10
; filament_minimal_purge_on_wipe_tower = 15
; filament_multitool_ramming = 0
; filament_multitool_ramming_flow = 10
; filament_multitool_ramming_volume = 10
; filament_notes = ""
; filament_ramming_parameters = "120 100 6.6 6.8 7.2 7.6 7.9 8.2 8.7 9.4 9.9 10.0| 0.05 6.6 0.45 6.8 0.95 7.8 1.45 8.3 1.95 9.7 2.45 10 2.95 7.6 3.45 7.6 3.95 7.6 4.45 7.6 4.95 7.6"
; filament_retraction_length = 5
; filament_retraction_minimum_travel = 1
; filament_retraction_speed = 45
; filament_settings_id = "CR-PLA @Creality Ender-3 V2 0.4 nozzle"
; filament_shrink = 100%
; filament_shrinkage_compensation_z = 100%
; filament_soluble = 0
; filament_stamping_distance = 0
; filament_stamping_loading_speed = 0
; filament_start_gcode = ";filament start gcode\n"
; filament_toolchange_delay = 0
; filament_type = PLA
; filament_unload_time = 0
; filament_unloading_speed = 90
; filament_unloading_speed_start = 100
; filament_vendor = Creality
; filename_format = {input_filename_base}_{filament_type[initial_tool]}_{print_time}.gcode
; fill_multiline = 1
; filter_out_gap_fill = 0
; first_layer_print_sequence = 0
; flush_box_first_clean_length = 90
; flush_box_need_clean_length = 70
; flush_box_need_clean_length_max = 100
; flush_into_infill = 0
; flush_into_objects = 0
; flush_into_skeleton = 0
; flush_into_support = 1
; flush_multiplier = 1
; flush_volumes_changed = 0
; flush_volumes_matrix = 0,280,280,280,280,0,280,280,280,280,0,280,280,280,280,0
; flush_volumes_vector = 140,140,140,140,140,140,140,140
; full_fan_speed_layer = 0
; fuzzy_skin = none
; fuzzy_skin_first_layer = 0
; fuzzy_skin_mode = displacement
; fuzzy_skin_noise_type = classic
; fuzzy_skin_octaves = 4
; fuzzy_skin_persistence = 0.5
; fuzzy_skin_point_distance = 0.8
; fuzzy_skin_scale = 1
; fuzzy_skin_thickness = 0.3
; gap_fill_target = everywhere
; gap_infill_speed = 40
; gcode_add_line_number = 0
; gcode_comments = 0
; gcode_flavor = marlin
; gcode_label_objects = 1
; has_scarf_joint_seam = 0
; head_wrap_detect_zone = 
; high_current_on_filament_swap = 0
; hole_to_polyhole = 0
; hole_to_polyhole_threshold = 0.01
; hole_to_polyhole_twisted = 1
; host_type = octoprint
; hot_plate_temp = 60
; hot_plate_temp_initial_layer = 60
; idle_temperature = 0
; ignore_inner_color = 0
; independent_support_layer_height = 1
; infill_anchor = 400%
; infill_anchor_max = 20
; infill_combination = 0
; infill_combination_max_layer_height = 100%
; infill_direction = 45
; infill_jerk = 10
; infill_lock_depth = 1
; infill_overhang_angle = 45
; infill_rotate_step = 0
; infill_shift_step = 0.4
; infill_wall_overlap = 30%
; inherits_group = ;;
; initial_layer_acceleration = 500
; initial_layer_infill_speed = 20
; initial_layer_jerk = 8
; initial_layer_line_width = 0.5
; initial_layer_min_bead_width = 85%
; initial_layer_print_height = 0.2
; initial_layer_speed = 15
; initial_layer_travel_acceleration = 0
; initial_layer_travel_speed = 50%
; inner_wall_acceleration = 500
; inner_wall_jerk = 10
; inner_wall_line_width = 0.45
; inner_wall_speed = 45
; interface_shells = 0
; interlocking_beam = 0
; interlocking_beam_layer_count = 2
; interlocking_beam_width = 0.8
; interlocking_boundary_avoidance = 2
; interlocking_depth = 2
; interlocking_orientation = 22.5
; internal_bridge_flow = 1
; internal_bridge_speed = 150%
; internal_solid_infill_acceleration = 100%
; internal_solid_infill_line_width = 0.45
; internal_solid_infill_pattern = monotonic
; internal_solid_infill_speed = 60
; ironing_angle = -1
; ironing_flow = 15%
; ironing_pattern = zig-zag
; ironing_spacing = 0.1
; ironing_speed = 20
; ironing_support_layer = 0
; ironing_type = no ironing
; is_infill_first = 0
; lateral_lattice_angle_1 = -45
; lateral_lattice_angle_2 = 45
; layer_change_gcode = 
; layer_height = 0.2
; line_width = 0.45
; locked_skeleton_infill_pattern = zig-zag2
; locked_skin_infill_pattern = cross-zag
; long_retractions_when_cut = 0
; machine_LED_light_exist = 0
; machine_end_gcode = G91 ;Relative positionning\nG1 E-2 F2700 ;Retract a bit \nG1 E-2 Z1 F2400 ;Retract and raise Z \nG1 X5 Y5 F3000 ;Wipe out \nG1 Z10 ;Raise Z more \nG90 ;Absolute positionning  \nG1 X0 Y0 ;Present print \nM106 S0 ;Turn-off fan \nM104 S0 ;Turn-off hotend \nM140 S0 ;Turn-off bed  \nM84 X Y E ;Disable all steppers but Z 
; machine_is_belt = 0
; machine_load_filament_time = 0
; machine_max_acceleration_e = 5000,5000
; machine_max_acceleration_extruding = 500,500
; machine_max_acceleration_retracting = 500,1000
; machine_max_acceleration_travel = 500,500
; machine_max_acceleration_x = 500,500
; machine_max_acceleration_y = 500,500
; machine_max_acceleration_z = 500,500
; machine_max_jerk_e = 5,5
; machine_max_jerk_x = 10,8
; machine_max_jerk_y = 10,8
; machine_max_jerk_z = 0.4,0.4
; machine_max_speed_e = 50,60
; machine_max_speed_x = 500,500
; machine_max_speed_y = 500,500
; machine_max_speed_z = 10,10
; machine_min_extruding_rate = 0,0
; machine_min_travel_rate = 0,0
; machine_pause_gcode = M25 ;pause print
; machine_platform_motion_enable = 0
; machine_ptc_exist = 0
; machine_start_gcode = M220 S100 ;Reset Feedrate\nM221 S100 ;Reset Flowrate\n\nM140 S[bed_temperature_initial_layer_single] ;Set final bed temp  \nG28 ;Home\nG92 E0 ;Reset Extruder\nG1 Z2.0 F3000 ;Move Z Axis up\nM104 S[nozzle_temperature_initial_layer] ;Set final nozzle temp  \nG1 X10.1 Y20 Z0.28 F5000.0 ;Move to start position\nM190 S[bed_temperature_initial_layer_single] ;Wait for bed temp to stabilize  \nM109 S[nozzle_temperature_initial_layer] ;Wait for nozzle temp to stabilize  \nG1 X10.1 Y145.0 Z0.28 F1500.0 E15 ;Draw the first line\nG1 X10.4 Y145.0 Z0.28 F5000.0 ;Move to side a little\nG1 X10.4 Y20 Z0.28 F1500.0 E30 ;Draw the second line\nG92 E0  ;Reset Extruder\nG1 E-1.0000 F1800 ;Retract a bit\nG1 Z2.0 F3000 ;Move Z Axis up\nG1 E0.0000 F1800
; machine_tool_change_time = 0
; machine_unload_filament_time = 0
; make_overhang_printable = 0
; make_overhang_printable_angle = 55
; make_overhang_printable_hole_size = 0
; manual_filament_change = 0
; material_flow_dependent_temperature = 0
; material_flow_temp_graph = [[3.0,210],[10.0,220],[12.0,230]]
; max_bridge_length = 10
; max_layer_height = 0.2
; max_travel_detour_distance = 0
; max_volumetric_extrusion_rate_slope = 0
; max_volumetric_extrusion_rate_slope_segment_length = 3
; min_bead_width = 85%
; min_feature_size = 25%
; min_layer_height = 0.08
; min_length_factor = 0.5
; min_skirt_length = 0
; min_width_top_surface = 300%
; minimum_sparse_infill_area = 10
; minimum_support_area = 5
; mixed_color_layer_height_a = 0
; mixed_color_layer_height_b = 0
; mixed_filament_advanced_dithering = 0
; mixed_filament_definitions = 
; mixed_filament_gradient_mode = 0
; mixed_filament_height_lower_bound = 0.04
; mixed_filament_height_upper_bound = 0.16
; mixed_filament_pointillism_line_gap = 0
; mixed_filament_pointillism_pixel_size = 0
; mixed_filament_surface_indentation = 0
; mmu_segmented_region_interlocking_depth = 0
; mmu_segmented_region_max_width = 0
; msao_recovery_enable = 0
; msao_safe_accel = 200
; msao_safe_velocity = 50
; multicolor_method = 0
; notes = 
; nozzle_diameter = 0.4
; nozzle_height = 2.5
; nozzle_hrc = 0
; nozzle_temperature = 205
; nozzle_temperature_initial_layer = 205
; nozzle_temperature_range_high = 240
; nozzle_temperature_range_low = 190
; nozzle_type = brass
; nozzle_volume = 0
; only_one_wall_first_layer = 0
; only_one_wall_top = 1
; ooze_prevention = 0
; other_layers_print_sequence = 0
; other_layers_print_sequence_nums = 0
; outer_wall_acceleration = 500
; outer_wall_jerk = 10
; outer_wall_line_width = 0.42
; outer_wall_speed = 40
; overhang_1_4_speed = 0
; overhang_2_4_speed = 30
; overhang_3_4_speed = 20
; overhang_4_4_speed = 10
; overhang_fan_speed = 100
; overhang_fan_threshold = 50%
; overhang_optimization = 0
; overhang_reverse = 0
; overhang_reverse_internal_only = 0
; overhang_reverse_threshold = 50%
; overhang_speed_classic = 0
; overhang_totally_speed = 10
; parking_pos_retraction = 92
; pellet_modded_printer = 0
; post_process = 
; precise_outer_wall = 0
; precise_z_height = 0
; preferred_orientation = 0
; preheat_steps = 1
; preheat_time = 30
; pressure_advance = 0.04
; prime_tower_brim_width = 3
; prime_tower_enable_framework = 0
; prime_tower_enhance_type = chamfer
; prime_tower_position_type = Middle Upper
; prime_tower_rib_wall = 1
; prime_tower_skip_points = 1
; prime_tower_width = 60
; prime_volume = 45
; print_compatible_printers = "Creality Ender-3 V2 0.4 nozzle"
; print_flow_ratio = 1
; print_order = default
; print_sequence = by layer
; print_settings_id = 0.20mm SmartSoil Low Material @Creality Ender-3 V2 0.4 nozzle
; printable_area = 0x0,220x0,220x220,0x220
; printable_height = 250
; printer_model = Creality Ender-3 V2
; printer_notes = 
; printer_settings_id = Creality Ender-3 V2 0.4 nozzle
; printer_structure = i3
; printer_technology = FFF
; printer_variant = 0.4
; printhost_authorization_type = key
; printhost_ssl_ignore_revoke = 0
; printing_by_object_gcode = 
; purge_in_prime_tower = 0
; raft_contact_distance = 0.1
; raft_expansion = 1.5
; raft_first_layer_density = 90%
; raft_first_layer_expansion = 2
; raft_layers = 0
; reduce_crossing_wall = 0
; reduce_fan_stop_start_freq = 1
; reduce_infill_retraction = 1
; required_nozzle_HRC = 0
; resolution = 0.012
; retract_before_wipe = 90%
; retract_length_toolchange = 0
; retract_lift_above = 0
; retract_lift_below = 0
; retract_lift_enforce = All Surfaces
; retract_restart_extra = 0
; retract_restart_extra_toolchange = 0
; retract_when_changing_layer = 1
; retraction_distances_when_cut = 18
; retraction_length = 5
; retraction_minimum_travel = 2
; retraction_speed = 50
; role_based_wipe_speed = 1
; rotate_solid_infill_direction = 1
; scan_first_layer = 0
; scarf_angle_threshold = 155
; scarf_joint_flow_ratio = 1
; scarf_joint_speed = 100%
; scarf_overhang_threshold = 40%
; seam_gap = 10%
; seam_position = aligned
; seam_slope_conditional = 0
; seam_slope_entire_loop = 0
; seam_slope_inner_walls = 0
; seam_slope_min_length = 20
; seam_slope_start_height = 0
; seam_slope_steps = 10
; seam_slope_type = none
; silent_mode = 0
; single_extruder_multi_material = 1
; single_extruder_multi_material_priming = 0
; skeleton_infill_density = 25%
; skeleton_infill_line_width = 100%
; skin_infill_density = 25%
; skin_infill_depth = 2
; skin_infill_line_width = 100%
; skirt_distance = 5
; skirt_height = 2
; skirt_loops = 2
; skirt_speed = 50
; skirt_type = combined
; slice_closing_radius = 0.049
; slicing_mode = regular
; slow_down_for_layer_cooling = 1
; slow_down_layer_time = 8
; slow_down_layers = 0
; slow_down_min_speed = 10
; slowdown_for_curled_perimeters = 0
; small_area_infill_flow_compensation = 0
; small_area_infill_flow_compensation_model = 0,0;"\n0.2,0.4444";"\n0.4,0.6145";"\n0.6,0.7059";"\n0.8,0.7619";"\n1.5,0.8571";"\n2,0.8889";"\n3,0.9231";"\n5,0.9520";"\n10,1"
; small_perimeter_speed = 40%
; small_perimeter_threshold = 0
; smart_cooling_zones = 0
; smooth_coefficient = 80
; smooth_speed_discontinuity_area = 0
; solid_infill_direction = 45
; solid_infill_filament = 0
; sparse_infill_acceleration = 100%
; sparse_infill_density = 10%
; sparse_infill_filament = 0
; sparse_infill_line_width = 0.45
; sparse_infill_pattern = gyroid
; sparse_infill_speed = 50
; speed_limit_to_height = [[100,150,100,6000,210],[150,200,80,5500,200],[200,250,60,5000,190]]
; speed_limit_to_height_enable = 0
; spiral_mode = 0
; spiral_mode_max_xy_smoothing = 200%
; spiral_mode_smooth = 0
; staggered_inner_seams = 0
; standby_temperature_delta = -5
; start_end_points = 30x-3,54x245
; support_air_filtration = 0
; support_angle = 0
; support_base_pattern = rectilinear
; support_base_pattern_spacing = 2.5
; support_base_pattern_tree = default
; support_bottom_interface_spacing = 0.5
; support_bottom_z_distance = 0.2
; support_chamber_temp_control = 0
; support_critical_regions_only = 0
; support_expansion = 0
; support_filament = 0
; support_interface_bottom_layers = 2
; support_interface_filament = 0
; support_interface_loop_pattern = 0
; support_interface_min_area = 0.25
; support_interface_not_for_body = 1
; support_interface_pattern = auto
; support_interface_spacing = 0.5
; support_interface_speed = 50
; support_interface_top_layers = 2
; support_ironing = 0
; support_ironing_flow = 10%
; support_ironing_pattern = zig-zag
; support_ironing_spacing = 0.2
; support_line_width = 0.42
; support_material_interface_fan_speed = -1
; support_multi_bed_types = 1
; support_object_first_layer_gap = 0.2
; support_object_xy_distance = 0.35
; support_on_build_plate_only = 1
; support_remove_small_overhang = 1
; support_speed = 50
; support_style = default
; support_threshold_angle = 30
; support_top_z_distance = 0.2
; support_type = normal(auto)
; support_xy_overrides_z = xy_overrides_z
; symmetric_infill_y_axis = 0
; temperature_vitrification = 60
; template_custom_gcode = 
; textured_plate_temp = 60
; textured_plate_temp_initial_layer = 60
; thick_bridges = 0
; thick_internal_bridges = 1
; thumbnails = 48x48/PNG, 300x300/PNG
; thumbnails_format = PNG
; time_cost = 0
; time_lapse_gcode = 
; timelapse_type = 0
; top_bottom_infill_wall_overlap = 25%
; top_shell_layers = 4
; top_shell_thickness = 0.8
; top_solid_infill_flow_ratio = 1
; top_surface_acceleration = 500
; top_surface_jerk = 10
; top_surface_line_width = 0.42
; top_surface_pattern = monotonic
; top_surface_speed = 40
; tpms_end_infill_density = 15%
; tpms_gradual_direction = gradualdir_x
; tpms_start_infill_density = 8%
; transmittance_matrix = 0.8,0.8,0.8,0.8,0.8,0.8,0.8,0.8,0.8,0.8,0.8,0.8,0.8,0.8,0.8,0.8
; travel_acceleration = 500
; travel_jerk = 8
; travel_short_distance_acceleration = 0
; travel_short_distance_threshold = 1.5
; travel_slope = 3
; travel_speed = 120
; travel_speed_z = 0
; tree_hybrid_cross_height = 0
; tree_support_adaptive_layer_height = 1
; tree_support_angle_slow = 25
; tree_support_auto_brim = 1
; tree_support_branch_angle = 45
; tree_support_branch_angle_organic = 40
; tree_support_branch_diameter = 2
; tree_support_branch_diameter_angle = 5
; tree_support_branch_diameter_double_wall = 3
; tree_support_branch_diameter_organic = 2
; tree_support_branch_distance = 5
; tree_support_branch_distance_organic = 1
; tree_support_brim_width = 3
; tree_support_organic_validate_repair = 0
; tree_support_tip_diameter = 0.8
; tree_support_top_rate = 30%
; tree_support_wall_count = 0
; tree_support_wall_count_tree = 0
; use_firmware_retraction = 0
; use_relative_e_distances = 1
; wall_direction = auto
; wall_distribution_count = 1
; wall_filament = 0
; wall_generator = arachne
; wall_loops = 3
; wall_sequence = inner wall/outer wall
; wall_transition_angle = 10
; wall_transition_filter_deviation = 25%
; wall_transition_length = 100%
; wipe = 1
; wipe_before_external_loop = 0
; wipe_distance = 2
; wipe_on_loops = 0
; wipe_speed = 80%
; wipe_tower_bridging = 10
; wipe_tower_cone_angle = 0
; wipe_tower_extra_flow = 100%
; wipe_tower_extra_spacing = 100%
; wipe_tower_filament = 0
; wipe_tower_max_purge_speed = 90
; wipe_tower_no_sparse_layers = 0
; wipe_tower_rotation_angle = 0
; wipe_tower_x = 0.000
; wipe_tower_y = 0.000
; wiping_volumes_extruders = 70,70,70,70,70,70,70,70,70,70
; xy_contour_compensation = 0
; xy_hole_compensation = 0
; z_direction_outwall_speed_continuous = 0
; z_hop = 0.4
; z_hop_types = Auto Lift
; z_offset = 0
; first_layer_bed_temperature = 60
; bed_shape = 0x0,220x0,220x220,0x220
; first_layer_temperature = 205
; first_layer_height = 0.200
; all_surface_with_shell = 1
; should_enable_preview_lod = 0
; CONFIG_BLOCK_END


; gcode_lines = 25272
