#pragma once
#include <Arduino.h>
const uint16_t SCREEN_ASSET[] PROGMEM = {
0x0000, 0x0000, 0x0000, 0x0000, 0x0000, 0x0000, 0x0000, 0x0000, 0x0000, 0x0000, 0x0000, 0x0000, 0x0000, 0x0000, 0x0000, 0x0000,
0x0000, 0x0000, 0x0000, 0x0000, 0x0000, 0x0000, 0x0000, 0x0000, 0x0000, 0x0000, 0x0000, 0x0000, 0x0000, 0x0000, 0x0000, 0x0000,
0x0000, 0x0000, 0x0000, 0x0000, 0x0000, 0x0000, 0x0000, 0x0000, 0x0000, 0x0000, 0x0000, 0x0000, 0x0000, 0x0000, 0x0000, 0x0000,
0x0000, 0x0000, 0x0000, 0x0000, 0x0000, 0x0000, 0x0000, 0x0000, 0x0000, 0x0000, 0x0000, 0x0000, 0x0000, 0x0000, 0x0000, 0x0000,
0x0000, 0x0000, 0x0000, 0x0000, 0x0000, 0x0000, 0x0000, 0x0000, 0x0000, 0x0000, 0x0000, 0x0000, 0x0000, 0x0000, 0x0000, 0x0000,
0x0000, 0x0000, 0x0000, 0x0000, 0x0000, 0x0000, 0x0000, 0x0000, 0x0000, 0x0000, 0x0000, 0x0000, 0x0000, 0x0000, 0x0000, 0x0000,
0x0000, 0x0000, 0x0000, 0x0000, 0x0000, 0x0000, 0x0000, 0x0000, 0x0000, 0x0000, 0x0000, 0x0000, 0x0000, 0x0000, 0x0000, 0x0000,
0x0000, 0x0000, 0x0000, 0x0000, 0x0000, 0x0000, 0x0000, 0x0000, 0x0000, 0x0000, 0x0000, 0x0000, 0x0000, 0x0000, 0x0000, 0x0000,
0x0000, 0x0000, 0x0000, 0x0000, 0x0000, 0x0000, 0x0000, 0x0000, 0x0000, 0x0000, 0x0000, 0x0000, 0x0000, 0x0000, 0x0000, 0x0000,
0x0000, 0x0000, 0x0000, 0x0000, 0x0000, 0x0000, 0x0000, 0x0000, 0x0000, 0x0000, 0x0000, 0x0000, 0x0000, 0x0000, 0x0000, 0x0000,
0x0000, 0x0000, 0x0000, 0x0000, 0x0000, 0x0000, 0x0000, 0x0000, 0x0000, 0x0000, 0x0000, 0x0000, 0x0000, 0x0000, 0x0000, 0x0000,
0x0000, 0x0000, 0x0000, 0x0000, 0x0000, 0x0000, 0x0000, 0x0000, 0x0000, 0x0000, 0x0000, 0x0000, 0x0000, 0x0000, 0x0000, 0x0000,
0x0000, 0x0000, 0x0000, 0x0000, 0x0000, 0x0000, 0x0000, 0x0000, 0x0000, 0x0000, 0x0000, 0x0000, 0x0000, 0x0000, 0x0000, 0x0000,
0x0000, 0x0000, 0x0000, 0x0000, 0x0000, 0x0000, 0x0000, 0x0000, 0x0000, 0x0000, 0x0000, 0x0000, 0x0000, 0x0000, 0x0000, 0x0000,
0x0000, 0x0000, 0x0000, 0x0000, 0x0000, 0x0000, 0x0000, 0x0000, 0x0000, 0x0000, 0x0000, 0x0000, 0x0000, 0x0000, 0x0000, 0x0000,
0x0000, 0x0000, 0x0000, 0x0000, 0x0000, 0x0000, 0x0000, 0x0000, 0x0000, 0x0000, 0x0000, 0x0000, 0x0000, 0x0000, 0x0000, 0x0000,
0x0000, 0x0000, 0x0000, 0x0000, 0x0000, 0x0000, 0x0000, 0x0000, 0x0000, 0x0000, 0x0000, 0x0000, 0x0000, 0x0000, 0x0000, 0x0000,
0x0000, 0x0000, 0x0000, 0x0000, 0x0000, 0x0000, 0x0000, 0x0000, 0x0000, 0x0000, 0x0000, 0x0000, 0x0000, 0x0000, 0x0000, 0x0000,
0x0000, 0x0000, 0x0000, 0x0000, 0x0000, 0x0000, 0x0000, 0x0000, 0x0000, 0x0000, 0x0000, 0x0000, 0x0000, 0x0000, 0x0000, 0x0000,
0x0000, 0x0000, 0x0000, 0x0000, 0x0000, 0x0000, 0x0000, 0x0000, 0x0000, 0x0000, 0x0000, 0x0000, 0x0000, 0x0000, 0x0000, 0x0000,
0x0000, 0x0000, 0x0000, 0x0000, 0x0000, 0x0000, 0x0000, 0x0000, 0x0000, 0x0000, 0x0000, 0x0000, 0x0000, 0x0000, 0x0000, 0x0000,
0x0000, 0x0000, 0x0000, 0x0000, 0x0000, 0x0000, 0x0000, 0x0000, 0x0000, 0x0000, 0x0000, 0x0000, 0x0000, 0x0000, 0x0000, 0x0000,
0x0000, 0x0000, 0x0000, 0x0000, 0x0000, 0x0000, 0x0000, 0x0000, 0x0000, 0x0000, 0x0000, 0x0000, 0x0000, 0x0000, 0x0000, 0x0000,
0x0000, 0x0000, 0x0000, 0x0000, 0x0000, 0x0000, 0x0000, 0x0000, 0x0000, 0x0000, 0x0000, 0x0000, 0x0000, 0x0000, 0x0000, 0x0000,
0x0000, 0x0000, 0x0000, 0x0000, 0x0000, 0x0000, 0x0000, 0x0000, 0x0000, 0x0000, 0x0000, 0x0000, 0x0000, 0x0000, 0x0000, 0x0000,
0x0000, 0x0000, 0x0000, 0x0000, 0x0000, 0x0000, 0x0000, 0x0000, 0x0000, 0x0000, 0x0000, 0x0000, 0x0000, 0x0000, 0x0000, 0x0000,
0x0000, 0x0000, 0x0000, 0x0000, 0x0000, 0x0000, 0x0000, 0x0000, 0x0000, 0x0000, 0x0000, 0x0000, 0x0000, 0x0000, 0x0000, 0x0000,
0x0000, 0x0000, 0x0000, 0x0000, 0x0000, 0x0000, 0x0000, 0x0000, 0x0000, 0x0000, 0x0000, 0x0000, 0x0000, 0x0000, 0x0000, 0x0000,
0x0000, 0x0000, 0x0000, 0x0000, 0x0000, 0x0000, 0x0000, 0x0000, 0x0000, 0x0000, 0x0000, 0x0000, 0x0000, 0x0000, 0x0000, 0x0000,
0x0000, 0x0000, 0x0000, 0x0000, 0x0000, 0x0000, 0x0000, 0x0000, 0x0000, 0x0000, 0x0000, 0x0000, 0x0000, 0x0000, 0x0000, 0x0000,
0x0000, 0x0000, 0x0000, 0x0000, 0x0000, 0x0000, 0x0000, 0x0000, 0x0000, 0x0000, 0x0000, 0x0000, 0x0000, 0x0000, 0x0000, 0x0000,
0x0000, 0x0000, 0x0000, 0x0000, 0x0000, 0x0000, 0x0000, 0x0000, 0x0000, 0x0000, 0x0000, 0x0000, 0x0000, 0x0000, 0x0000, 0x0000,
0x0000, 0x0000, 0x0000, 0x0000, 0x0000, 0x0000, 0x0000, 0x0000, 0x0000, 0x0000, 0x0000, 0x0000, 0x0000, 0x0000, 0x0000, 0x0000,
0x0000, 0x0000, 0x0000, 0x0000, 0x0000, 0x0000, 0x0000, 0x0000, 0x0000, 0x0000, 0x0000, 0x0000, 0x0000, 0x0000, 0x0000, 0x0000,
0x0000, 0x0000, 0x0000, 0x0000, 0x0000, 0x0000, 0x0000, 0x0000, 0x0000, 0x0000, 0x0000, 0x0000, 0x0000, 0x0000, 0x0000, 0x0000,
0x0000, 0x0000, 0x0000, 0x0000, 0x0000, 0x0000, 0x0000, 0x0000, 0x0000, 0x0000, 0x0000, 0x0000, 0x0000, 0x0000, 0x0000, 0x0000,
0x0000, 0x0000, 0x0000, 0x0000, 0x0000, 0x0000, 0x0000, 0x0000, 0x0000, 0x0000, 0x0000, 0x0000, 0x0000, 0x0000, 0x0000, 0x0000,
0x0000, 0x0000, 0x0000, 0x0000, 0x0000, 0x0000, 0x0000, 0x0000, 0x0000, 0x0000, 0x0000, 0x0000, 0x0000, 0x0000, 0x0000, 0x0000,
0x0000, 0x0000, 0x0000, 0x0000, 0x0000, 0x0000, 0x0000, 0x0000, 0x0000, 0x0000, 0x0000, 0x0000, 0x0000, 0x0000, 0x0000, 0x0000,
0x0000, 0x0000, 0x0000, 0x0000, 0x0000, 0x0000, 0x0000, 0x0000, 0x0000, 0x0000, 0x0000, 0x0000, 0x0000, 0x0000, 0x0000, 0x0000,
0x0000, 0x0000, 0x0000, 0x0000, 0x0000, 0x0000, 0x0000, 0x0000, 0x0000, 0x0000, 0x0000, 0x0000, 0x0000, 0x0000, 0x0000, 0x0000,
0x0000, 0x0000, 0x0000, 0x0000, 0x0000, 0x0000, 0x0000, 0x0000, 0x0000, 0x0000, 0x0000, 0x0000, 0x0000, 0x0000, 0x0000, 0x0000,
0x0000, 0x0000, 0x0000, 0x0000, 0x0000, 0x0000, 0x0000, 0x0000, 0x0000, 0x0000, 0x0000, 0x0000, 0x0000, 0x0000, 0x0000, 0x0000,
0x0000, 0x0000, 0x0000, 0x0000, 0x0000, 0x0000, 0x0000, 0x0000, 0x0000, 0x0000, 0x0000, 0x0000, 0x0000, 0x0000, 0x0000, 0x0000,
0x0000, 0x0000, 0x0000, 0x0000, 0x0000, 0x0000, 0x0000, 0x0000, 0x0000, 0x0000, 0x0000, 0x0000, 0x0000, 0x0000, 0x0000, 0x0000,
0x0000, 0x0000, 0x0000, 0x0000, 0x0000, 0x0000, 0x0000, 0x0000, 0x0000, 0x0000, 0x0000, 0x0000, 0x0000, 0x0000, 0x0000, 0x0000,
0x0000, 0x0000, 0x0000, 0x0000, 0x0000, 0x0000, 0x0000, 0x0000, 0x0000, 0x0000, 0x0000, 0x0000, 0x0000, 0x0000, 0x0000, 0x0000,
0x0000, 0x0000, 0x0000, 0x0000, 0x0000, 0x0000, 0x0000, 0x0000, 0x0000, 0x0000, 0x0000, 0x0000, 0x0000, 0x0000, 0x0000, 0x0000,
0x0000, 0x0000, 0x0000, 0x0000, 0x0000, 0x0000, 0x0000, 0x0000, 0x0000, 0x0000, 0x0000, 0x0000, 0x0000, 0x0000, 0x0000, 0x0000,
0x0000, 0x0000, 0x0000, 0x0000, 0x0000, 0x0000, 0x0000, 0x0000, 0x0000, 0x0000, 0x0000, 0x0000, 0x0000, 0x0000, 0x0000, 0x0000,
0x0000, 0x0000, 0x0000, 0x0000, 0x0000, 0x0000, 0x0000, 0x0000, 0x0000, 0x0000, 0x0000, 0x0000, 0x0000, 0x0000, 0x0000, 0x0000,
0x0000, 0x0000, 0x0000, 0x0000, 0x0000, 0x0000, 0x0000, 0x0000, 0x0000, 0x0000, 0x0000, 0x0000, 0x0000, 0x0000, 0x0000, 0x0000,
0x0000, 0x0000, 0x0000, 0x0000, 0x0000, 0x0000, 0x0000, 0x0000, 0x0000, 0x0000, 0x0000, 0x0000, 0x0000, 0x0000, 0x0000, 0x0000,
0x0000, 0x0000, 0x0000, 0x0000, 0x0000, 0x0000, 0x0000, 0x0000, 0x0000, 0x0000, 0x0000, 0x0000, 0x0000, 0x0000, 0x0000, 0x0000,
0x0000, 0x0000, 0x0000, 0x0000, 0x0000, 0x0000, 0x0000, 0x0000, 0x0000, 0x0000, 0x0000, 0x0000, 0x0000, 0x0000, 0x0000, 0x0000,
0x0000, 0x0000, 0x0000, 0x0000, 0x0000, 0x0000, 0x0000, 0x0000, 0x0000, 0x0000, 0x0000, 0x0000, 0x0000, 0x0000, 0x0000, 0x0000,
0x0000, 0x0000, 0x0000, 0x0000, 0x0000, 0x0000, 0x0000, 0x0000, 0x0000, 0x0000, 0x0000, 0x0000, 0x0000, 0x0000, 0x0000, 0x0000,
0x0000, 0x0000, 0x0000, 0x0000, 0x0000, 0x0000, 0x0000, 0x0000, 0x0000, 0x0000, 0x0000, 0x0000, 0x0000, 0x0000, 0x0000, 0x0000,
0x0000, 0x0000, 0x0000, 0x0000, 0x0000, 0x0000, 0x0000, 0x0000, 0x0000, 0x0000, 0x0000, 0x0000, 0x0000, 0x0000, 0x0000, 0x0000,
0x0000, 0x0000, 0x0000, 0x0000, 0x0000, 0x0000, 0x0000, 0x0000, 0x0000, 0x0000, 0x0000, 0x0000, 0x0000, 0x0000, 0x0000, 0x0000,
0x0000, 0x0000, 0x0000, 0x0000, 0x0000, 0x0000, 0x0000, 0x0000, 0x0000, 0x0000, 0x0000, 0x0000, 0x0000, 0x0000, 0x0000, 0x0000,
0x0000, 0x0000, 0x0000, 0x0000, 0x0000, 0x0000, 0x0000, 0x0000, 0x0000, 0x0000, 0x0000, 0x0000, 0x0000, 0x0000, 0x0000, 0x0000,
0x0000, 0x0000, 0x0000, 0x0000, 0x0000, 0x0000, 0x0000, 0x0000, 0x0000, 0x0000, 0x0000, 0x0000, 0x0000, 0x0000, 0x0000, 0x0000,
0x0000, 0x0000, 0x0000, 0x0000, 0x0000, 0x0000, 0x0000, 0x0000, 0x0000, 0x0000, 0x0000, 0x0000, 0x0000, 0x0000, 0x0000, 0x0000,
0x0000, 0x0000, 0x0000, 0x0000, 0x0000, 0x0000, 0x0000, 0x0000, 0x0000, 0x0000, 0x0000, 0x0000, 0x0000, 0x0000, 0x0000, 0x0000,
0x0000, 0x0000, 0x0000, 0x0000, 0x0000, 0x0000, 0x0000, 0x0000, 0x0000, 0x0000, 0x0000, 0x0000, 0x0000, 0x0000, 0x0000, 0x0000,
0x0000, 0x0000, 0x0000, 0x0000, 0x0000, 0x0000, 0x0000, 0x0000, 0x0000, 0x0000, 0x0000, 0x0000, 0x0000, 0x0000, 0x0000, 0x0000,
0x0000, 0x0000, 0x0000, 0x0000, 0x0000, 0x0000, 0x0000, 0x0000, 0x0000, 0x0000, 0x0000, 0x0000, 0x0000, 0x0000, 0x0000, 0x0000,
0x0000, 0x0000, 0x0000, 0x0000, 0x0000, 0x0000, 0x0000, 0x0000, 0x0000, 0x0000, 0x0000, 0x0000, 0x0000, 0x0000, 0x0000, 0x0000,
0x0000, 0x0000, 0x0000, 0x0000, 0x0000, 0x0000, 0x0000, 0x0000, 0x0000, 0x0000, 0x0000, 0x0000, 0x0000, 0x0000, 0x0000, 0x0000,
0x0000, 0x0000, 0x0000, 0x0000, 0x0000, 0x0000, 0x0000, 0x0000, 0x0000, 0x0000, 0x0000, 0x0000, 0x0000, 0x0000, 0x0000, 0x0000,
0x0000, 0x0000, 0x0000, 0x0000, 0x0000, 0x0000, 0x0000, 0x0000, 0x0000, 0x0000, 0x0000, 0x0000, 0x0000, 0x0000, 0x0000, 0x0000,
0x0000, 0x0000, 0x0000, 0x0000, 0x0000, 0x0000, 0x0000, 0x0000, 0x0000, 0x0000, 0x0000, 0x0000, 0x0000, 0x0000, 0x0000, 0x0000,
0x0000, 0x0000, 0x0000, 0x0000, 0x0000, 0x0000, 0x0000, 0x0000, 0x0000, 0x0000, 0x0000, 0x0000, 0x0000, 0x0000, 0x0000, 0x0000,
0x0000, 0x0000, 0x0000, 0x0000, 0x0000, 0x0000, 0x0000, 0x0000, 0x0000, 0x0000, 0x0000, 0x0000, 0x0000, 0x0000, 0x0000, 0x0000,
0x0000, 0x0000, 0x0000, 0x0000, 0x0000, 0x0000, 0x0000, 0x0000, 0x0000, 0x0000, 0x0000, 0x0000, 0x0000, 0x0000, 0x0000, 0x0000,
0x0000, 0x0000, 0x0000, 0x0000, 0x0000, 0x0000, 0x0000, 0x0000, 0x0000, 0x0000, 0x0000, 0x0000, 0x0000, 0x0000, 0x0000, 0x0000,
0x0000, 0x0000, 0x0000, 0x0000, 0x0000, 0x0000, 0x0000, 0x0000, 0x0000, 0x0000, 0x0000, 0x0000, 0x0000, 0x0000, 0x0000, 0x0000,
0x0000, 0x0000, 0x0000, 0x0000, 0x0000, 0x0000, 0x0000, 0x0000, 0x0000, 0x0000, 0x0000, 0x0000, 0x0000, 0x0000, 0x0000, 0x0000,
0x0000, 0x0000, 0x0000, 0x0000, 0x0000, 0x0000, 0x0000, 0x0000, 0x0000, 0x0000, 0x0000, 0x0000, 0x0000, 0x0000, 0x0000, 0x0000,
0x0000, 0x0000, 0x0000, 0x0000, 0x0000, 0x0000, 0x0000, 0x0000, 0x0000, 0x0000, 0x0000, 0x0000, 0x0000, 0x0000, 0x0000, 0x0000,
0x0000, 0x0000, 0x0000, 0x0000, 0x0000, 0x0000, 0x0000, 0x0000, 0x0000, 0x0000, 0x0000, 0x0000, 0x0000, 0x0000, 0x0000, 0x0000,
0x0000, 0x0000, 0x0000, 0x0000, 0x0000, 0x0000, 0x0000, 0x0000, 0x0000, 0x0000, 0x0000, 0x0000, 0x0000, 0x0000, 0x0000, 0x0000,
0x0000, 0x0000, 0x0000, 0x0000, 0x0000, 0x0000, 0x0000, 0x0000, 0x0000, 0x0000, 0x0000, 0x0000, 0x0000, 0x0000, 0x0000, 0x0000,
0x0000, 0x0000, 0x0000, 0x0000, 0x0000, 0x0000, 0x0000, 0x0000, 0x0000, 0x0000, 0x0000, 0x0000, 0x0000, 0x0000, 0x0000, 0x0000,
0x0000, 0x0000, 0x0000, 0x0000, 0x0000, 0x0000, 0x0000, 0x0000, 0x0000, 0x0000, 0x0000, 0x0000, 0x0000, 0x0000, 0x0000, 0x0000,
0x0000, 0x0000, 0x0000, 0x0000, 0x0000, 0x0000, 0x0000, 0x0000, 0x0000, 0x0000, 0x0000, 0x0000, 0x0000, 0x0000, 0x0000, 0x0000,
0x0000, 0x0000, 0x0000, 0x0000, 0x0000, 0x0000, 0x0000, 0x0000, 0x0000, 0x0000, 0x0000, 0x0000, 0x0000, 0x0000, 0x0000, 0x0000,
0x0000, 0x0000, 0x0000, 0x0000, 0x0000, 0x0000, 0x0000, 0x0000, 0x0000, 0x0000, 0x0000, 0x0000, 0x0000, 0x0000, 0x0000, 0x0000,
0x0000, 0x0000, 0x0000, 0x0000, 0x0000, 0x0000, 0x0000, 0x0000, 0x0000, 0x0000, 0x0000, 0x0000, 0x0000, 0x0000, 0x0000, 0x0000,
0x0000, 0x0000, 0x0000, 0x0000, 0x0000, 0x0000, 0x0000, 0x0000, 0x0000, 0x0000, 0x0000, 0x0000, 0x0000, 0x0000, 0x0000, 0x0000,
0x0000, 0x0000, 0x0000, 0x0000, 0x0000, 0x0000, 0x0000, 0x0000, 0x0000, 0x0000, 0x0000, 0x0000, 0x0000, 0x0000, 0x0000, 0x0000,
0x0000, 0x0000, 0x0000, 0x0000, 0x0000, 0x0000, 0x0000, 0x0000, 0x0000, 0x0000, 0x0000, 0x0000, 0x0000, 0x0000, 0x0000, 0x0000,
0x0000, 0x0000, 0x0000, 0x0000, 0x0000, 0x0000, 0x0000, 0x0000, 0x0000, 0x0000, 0x0000, 0x0000, 0x0000, 0x0000, 0x0000, 0x0000,
0x0000, 0x0000, 0x0000, 0x0000, 0x0000, 0x0000, 0x0000, 0x0000, 0x0000, 0x0000, 0x0000, 0x0000, 0x0000, 0x0000, 0x0000, 0x0000,
0x0000, 0x0000, 0x0000, 0x0000, 0x0000, 0x0000, 0x0000, 0x0000, 0x0000, 0x0000, 0x0000, 0x0000, 0x0000, 0x0000, 0x0000, 0x0000,
0x0000, 0x0000, 0x0000, 0x0000, 0x0000, 0x0000, 0x0000, 0x0000, 0x0000, 0x0000, 0x0000, 0x0000, 0x0000, 0x0000, 0x0000, 0x0000,
0x0000, 0x0000, 0x0000, 0x0000, 0x0000, 0x0000, 0x0000, 0x0000, 0x0000, 0x0000, 0x0000, 0x0000, 0x0000, 0x0000, 0x0000, 0x0000,
0x0000, 0x0000, 0x0000, 0x0000, 0x0000, 0x0000, 0x0000, 0x0000, 0x0000, 0x0000, 0x0000, 0x0000, 0x0000, 0x0000, 0x0000, 0x0000,
0x0000, 0x0000, 0x0000, 0x0000, 0x0000, 0x0000, 0x0000, 0x0000, 0x0000, 0x0000, 0x0000, 0x0000, 0x0000, 0x0000, 0x0000, 0x0000,
0x0000, 0x0000, 0x0000, 0x0000, 0x0000, 0x0000, 0x0000, 0x0000, 0x0000, 0x0000, 0x0000, 0x0000, 0x0000, 0x0000, 0x0000, 0x0000,
0x0000, 0x0000, 0x0000, 0x0000, 0x0000, 0x0000, 0x0000, 0x0000, 0x0000, 0x0000, 0x0000, 0x0000, 0x0000, 0x0000, 0x0000, 0x0000,
0x0000, 0x0000, 0x0000, 0x0000, 0x0000, 0x0000, 0x0000, 0x0000, 0x0000, 0x0000, 0x0000, 0x0000, 0x0000, 0x0000, 0x0000, 0x0000,
0x0000, 0x0000, 0x0000, 0x0000, 0x0000, 0x0000, 0x0000, 0x0000, 0x0000, 0x0000, 0x0000, 0x0000, 0x0000, 0x0000, 0x0000, 0x0000,
0x0000, 0x0000, 0x0000, 0x0000, 0x0000, 0x0000, 0x0000, 0x0000, 0x0000, 0x0000, 0x0000, 0x0000, 0x0000, 0x0000, 0x0000, 0x0000,
0x0000, 0x0000, 0x0000, 0x0000, 0x0000, 0x0000, 0x0000, 0x0000, 0x0000, 0x0000, 0x0000, 0x0000, 0x0000, 0x0000, 0x0000, 0x0000,
0x0000, 0x0000, 0x0000, 0x0000, 0x0000, 0x0000, 0x0000, 0x0000, 0x0000, 0x0000, 0x0000, 0x0000, 0x0000, 0x0000, 0x0000, 0x0000,
0x0000, 0x0000, 0x0000, 0x0000, 0x0000, 0x0000, 0x0000, 0x0000, 0x0000, 0x0000, 0x0000, 0x0000, 0x0000, 0x0000, 0x0000, 0x0000,
0x0000, 0x0000, 0x0000, 0x0000, 0x0000, 0x0000, 0x0000, 0x0000, 0x0000, 0x0000, 0x0000, 0x0000, 0x0000, 0x0000, 0x0000, 0x0000,
0x0000, 0x0000, 0x0000, 0x0000, 0x0000, 0x0000, 0x0000, 0x0000, 0x0000, 0x0000, 0x0000, 0x0000, 0x0000, 0x0000, 0x0000, 0x0000,
0x0000, 0x0000, 0x0000, 0x0000, 0x0000, 0x0000, 0x0000, 0x0000, 0x0000, 0x0000, 0x0000, 0x0000, 0x0000, 0x0000, 0x0000, 0x0000,
0x0000, 0x0000, 0x0000, 0x0000, 0x0000, 0x0000, 0x0000, 0x0000, 0x0000, 0x0000, 0x0000, 0x0000, 0x0000, 0x0000, 0x0000, 0x0000,
0x0000, 0x0000, 0x0000, 0x0000, 0x0000, 0x0000, 0x0000, 0x0000, 0x0000, 0x0000, 0x0000, 0x0000, 0x0000, 0x0000, 0x0000, 0x0000,
0x0000, 0x0000, 0x0000, 0x0000, 0x0000, 0x0000, 0x0000, 0x0000, 0x0000, 0x0000, 0x0000, 0x0000, 0x0000, 0x0000, 0x0000, 0x0000,
0x0000, 0x0000, 0x0000, 0x0000, 0x0000, 0x0000, 0x0000, 0x0000, 0x0000, 0x0000, 0x0000, 0x0000, 0x0000, 0x0000, 0x0000, 0x0000,
0x0000, 0x0000, 0x0000, 0x0000, 0x0000, 0x0000, 0x0000, 0x0000, 0x0000, 0x0000, 0x0000, 0x0000, 0x0000, 0x0000, 0x0000, 0x0000,
0x0000, 0x0000, 0x0000, 0x0000, 0x0000, 0x0000, 0x0000, 0x0000, 0x0000, 0x0000, 0x0000, 0x0000, 0x0000, 0x0000, 0x0000, 0x0000,
0x0000, 0x0000, 0x0000, 0x0000, 0x0000, 0x0000, 0x0000, 0x0000, 0x0000, 0x0000, 0x0000, 0x0000, 0x0000, 0x0000, 0x0000, 0x0000,
0x0000, 0x0000, 0x0000, 0x0000, 0x0000, 0x0000, 0x0000, 0x0000, 0x0000, 0x0000, 0x0000, 0x0000, 0x0000, 0x0000, 0x0000, 0x0000,
0x0000, 0x0000, 0x0000, 0x0000, 0x0000, 0x0000, 0x0000, 0x0000, 0x0000, 0x0000, 0x0000, 0x0000, 0x0000, 0x0000, 0x0000, 0x0000,
0x0000, 0x0000, 0x0000, 0x0000, 0x0000, 0x0000, 0x0000, 0x0000, 0x0000, 0x0000, 0x0000, 0x0000, 0x0000, 0x0000, 0x0000, 0x0000,
0x0000, 0x0000, 0x0000, 0x0000, 0x0000, 0x0000, 0x0000, 0x0000, 0x0000, 0x0000, 0x0000, 0x0000, 0x0000, 0x0000, 0x0000, 0x0000,
0x0000, 0x0000, 0x0000, 0x0000, 0x0000, 0x0000, 0x0000, 0x0000, 0x0000, 0x0000, 0x0000, 0x0000, 0x0000, 0x0000, 0x0000, 0x0000,
0x0000, 0x0000, 0x0000, 0x0000, 0x0000, 0x0000, 0x0000, 0x0000, 0x0000, 0x0000, 0x0000, 0x0000, 0x0000, 0x0000, 0x0000, 0x0000,
0x0000, 0x0000, 0x0000, 0x0000, 0x0000, 0x0000, 0x0000, 0x0000, 0x0000, 0x0000, 0x0000, 0x0000, 0x0000, 0x0000, 0x0000, 0x0000,
0x0000, 0x0000, 0x0000, 0x0000, 0x0000, 0x0000, 0x0000, 0x0000, 0x0000, 0x0000, 0x0000, 0x0000, 0x0000, 0x0000, 0x0000, 0x0000,
0x0000, 0x0000, 0x0000, 0x0000, 0x0000, 0x0000, 0x0000, 0x0000, 0x0000, 0x0000, 0x0000, 0x0000, 0x0000, 0x0000, 0x0000, 0x0000,
0x0000, 0x0000, 0x0000, 0x0000, 0x0000, 0x0000, 0x0000, 0x0000, 0x0000, 0x0000, 0x0000, 0x0000, 0x0000, 0x0000, 0x0000, 0x0000,
0x0000, 0x0000, 0x0000, 0x0000, 0x0000, 0x0000, 0x0000, 0x0000, 0x0000, 0x0000, 0x0000, 0x0000, 0x0000, 0x0000, 0x0000, 0x0000,
0x0000, 0x0000, 0x0000, 0x0000, 0x0000, 0x0000, 0x0000, 0x0000, 0x0000, 0x0000, 0x0000, 0x0000, 0x0000, 0x0000, 0x0000, 0x0000,
0x0000, 0x0000, 0x0000, 0x0000, 0x0000, 0x0000, 0x0000, 0x0000, 0x0000, 0x0000, 0x0000, 0x0000, 0x0000, 0x0000, 0x0000, 0x0000,
0x0000, 0x0000, 0x0000, 0x0000, 0x0000, 0x0000, 0x0000, 0x0000, 0x0000, 0x0000, 0x0000, 0x0000, 0x0000, 0x0000, 0x0000, 0x0000,
0x0000, 0x0000, 0x0000, 0x0000, 0x0000, 0x0000, 0x0000, 0x0000, 0x0000, 0x0000, 0x0000, 0x0000, 0x0000, 0x0000, 0x0000, 0x0000,
0x0000, 0x0000, 0x0000, 0x0000, 0x0000, 0x0000, 0x0000, 0x0000, 0x0000, 0x0000, 0x0000, 0x0000, 0x0000, 0x0000, 0x0000, 0x0000,
0x0000, 0x0000, 0x0000, 0x0000, 0x0000, 0x0000, 0x0000, 0x0000, 0x0000, 0x0000, 0x0000, 0x0000, 0x0000, 0x0000, 0x0000, 0x0000,
0x0000, 0x0000, 0x0000, 0x0000, 0x0000, 0x0000, 0x0000, 0x0000, 0x0000, 0x0000, 0x0000, 0x0000, 0x0000, 0x0000, 0x0000, 0x0000,
0x0000, 0x0000, 0x0000, 0x0000, 0x0000, 0x0000, 0x0000, 0x0000, 0x0000, 0x0000, 0x0000, 0x0000, 0x0000, 0x0000, 0x0000, 0x0000,
0x0000, 0x0000, 0x0000, 0x0000, 0x0000, 0x0000, 0x0000, 0x0000, 0x0000, 0x0000, 0x0000, 0x0000, 0x0000, 0x0000, 0x0000, 0x0000,
0x0000, 0x0000, 0x0000, 0x0000, 0x0000, 0x0000, 0x0000, 0x0000, 0x0000, 0x0000, 0x0000, 0x0000, 0x0000, 0x0000, 0x0000, 0x0000,
0x0000, 0x0000, 0x0000, 0x0000, 0x0000, 0x0000, 0x0000, 0x0000, 0x0000, 0x0000, 0x0000, 0x0000, 0x0000, 0x0000, 0x0000, 0x0000,
0x0000, 0x0000, 0x0000, 0x0000, 0x0000, 0x0000, 0x0000, 0x0000, 0x0000, 0x0000, 0x0000, 0x0000, 0x0000, 0x0000, 0x0000, 0x0000,
0x0000, 0x0000, 0x0000, 0x0000, 0x0000, 0x0000, 0x0000, 0x0000, 0x0000, 0x0000, 0x0000, 0x0000, 0x0000, 0x0000, 0x0000, 0x0000,
0x0000, 0x0000, 0x0000, 0x0000, 0x0000, 0x0000, 0x0000, 0x0000, 0x0000, 0x0000, 0x0000, 0x0000, 0x0000, 0x0000, 0x0000, 0x0000,
0x0000, 0x0000, 0x0000, 0x0000, 0x0000, 0x0000, 0x0000, 0x0000, 0x0000, 0x0000, 0x0000, 0x0000, 0x0000, 0x0000, 0x0000, 0x0000,
0x0000, 0x0000, 0x0000, 0x0000, 0x0000, 0x0000, 0x0000, 0x0000, 0x0000, 0x0000, 0x0000, 0x0000, 0x0000, 0x0000, 0x0000, 0x0000,
0x0000, 0x0000, 0x0000, 0x0000, 0x0000, 0x0000, 0x0000, 0x0000, 0x0000, 0x0000, 0x0000, 0x0000, 0x0000, 0x0000, 0x0000, 0x0000,
0x0000, 0x0000, 0x0000, 0x0000, 0x0000, 0x0000, 0x0000, 0x0000, 0x0000, 0x0000, 0x0000, 0x0000, 0x0000, 0x0000, 0x0000, 0x0000,
0x0000, 0x0000, 0x0000, 0x0000, 0x0000, 0x0000, 0x0000, 0x0000, 0x0000, 0x0000, 0x0000, 0x0000, 0x0000, 0x0000, 0x0000, 0x0000,
0x0000, 0x0000, 0x0000, 0x0000, 0x0000, 0x0000, 0x0000, 0x0000, 0x0000, 0x0000, 0x0000, 0x0000, 0x0000, 0x0000, 0x0000, 0x0000,
0x0000, 0x0000, 0x0000, 0x0000, 0x0000, 0x0000, 0x0000, 0x0000, 0x0000, 0x0000, 0x0000, 0x0000, 0x0000, 0x0000, 0x0000, 0x0000,
0x0000, 0x0000, 0x0000, 0x0000, 0x0000, 0x0000, 0x0000, 0x0000, 0x0000, 0x0000, 0x0000, 0x0000, 0x0000, 0x0000, 0x0000, 0x0000,
0x0000, 0x0000, 0x0000, 0x0000, 0x0000, 0x0000, 0x0000, 0x0000, 0x0000, 0x0000, 0x0000, 0x0000, 0x0000, 0x0000, 0x0000, 0x0000,
0x0000, 0x0000, 0x0000, 0x0000, 0x0000, 0x0000, 0x0000, 0x0000, 0x0000, 0x0000, 0x0000, 0x0000, 0x0000, 0x0000, 0x0000, 0x0000,
0x0000, 0x0000, 0x0000, 0x0000, 0x0000, 0x0000, 0x0000, 0x0000, 0x0000, 0x0000, 0x0000, 0x0000, 0x0000, 0x0000, 0x0000, 0x0000,
0x0000, 0x0000, 0x0000, 0x0000, 0x0000, 0x0000, 0x0000, 0x0000, 0x0000, 0x0000, 0x0000, 0x0000, 0x0000, 0x0000, 0x0000, 0x0000,
0x0000, 0x0000, 0x0000, 0x0000, 0x0000, 0x0000, 0x0000, 0x0000, 0x0000, 0x0000, 0x0000, 0x0000, 0x0000, 0x0000, 0x0000, 0x0000,
0x0000, 0x0000, 0x0000, 0x0000, 0x0000, 0x0000, 0x0000, 0x0000, 0x0000, 0x0000, 0x0000, 0x0000, 0x0000, 0x0000, 0x0000, 0x0000,
0x0000, 0x0000, 0x0000, 0x0000, 0x0000, 0x0000, 0x0000, 0x0000, 0x0000, 0x0000, 0x0000, 0x0000, 0x0000, 0x0000, 0x0000, 0x0000,
0x0000, 0x0000, 0x0000, 0x0000, 0x0000, 0x0000, 0x0000, 0x0000, 0x0000, 0x0000, 0x0000, 0x0000, 0x0000, 0x0000, 0x0000, 0x0000,
0x0000, 0x0000, 0x0000, 0x0000, 0x0000, 0x0000, 0x0000, 0x0000, 0x0000, 0x0000, 0x0000, 0x0000, 0x0000, 0x0000, 0x0000, 0x0000,
0x0000, 0x0000, 0x0000, 0x0000, 0x0000, 0x0000, 0x0000, 0x0000, 0x0000, 0x0000, 0x0000, 0x0000, 0x1a06, 0x5591, 0x6ed5, 0x66d4,
0x5570, 0x19e5, 0x0000, 0x0000, 0x0000, 0x5e32, 0x6f56, 0x0061, 0x0000, 0x0000, 0x0000, 0x0000, 0x0000, 0x0000, 0x0000, 0x6693,
0x6f35, 0x0000, 0x0000, 0x0000, 0x0000, 0x0000, 0x2226, 0x7776, 0x3beb, 0x0000, 0x0000, 0x0000, 0x0000, 0x0000, 0x5e12, 0x7776,
0x7776, 0x7776, 0x7776, 0x6f15, 0x55b1, 0x19c5, 0x0000, 0x0000, 0x55b1, 0x6f35, 0x7776, 0x7776, 0x7776, 0x7776, 0x7776, 0x7776,
0x7776, 0x3bec, 0x0000, 0x0000, 0x0000, 0x0000, 0x0000, 0x0000, 0x0000, 0x1a06, 0x5591, 0x6ed5, 0x66d4, 0x5570, 0x19e5, 0x0000,
0x0000, 0x0000, 0x0000, 0x0000, 0x2267, 0x4d30, 0x66b4, 0x66b4, 0x4d2f, 0x2206, 0x0000, 0x0000, 0x0000, 0x0000, 0x5df2, 0x3bec,
0x0000, 0x0000, 0x5df2, 0x3bab, 0x0000, 0x0000, 0x0000, 0x0000, 0x0000, 0x0000, 0x0000, 0x0000, 0x0000, 0x0000, 0x0000, 0x0000,
0x0000, 0x0000, 0x0000, 0x0000, 0x0000, 0x0000, 0x0000, 0x0000, 0x0000, 0x0000, 0x0000, 0x0000, 0x0000, 0x0000, 0x0000, 0x0000,
0x0000, 0x0000, 0x0000, 0x0000, 0x0000, 0x0000, 0x0000, 0x0000, 0x0000, 0x0000, 0x0000, 0x0000, 0x0000, 0x0000, 0x0000, 0x0000,
0x0000, 0x0000, 0x0000, 0x0000, 0x0000, 0x0000, 0x0000, 0x0000, 0x0000, 0x0000, 0x0000, 0x0000, 0x0000, 0x0000, 0x0000, 0x0000,
0x0000, 0x0000, 0x0000, 0x0000, 0x0000, 0x0000, 0x0000, 0x0000, 0x0000, 0x0000, 0x0000, 0x0000, 0x0000, 0x0000, 0x0000, 0x0000,
0x0000, 0x0000, 0x0000, 0x0000, 0x0000, 0x0000, 0x0000, 0x0000, 0x0000, 0x0000, 0x0000, 0x0000, 0x0000, 0x0000, 0x0000, 0x0000,
0x0000, 0x0000, 0x0000, 0x0000, 0x0000, 0x0000, 0x0000, 0x0000, 0x0000, 0x0000, 0x0000, 0x0000, 0x0000, 0x0000, 0x0000, 0x0000,
0x0000, 0x0000, 0x0000, 0x0000, 0x0000, 0x0000, 0x0000, 0x0000, 0x0000, 0x0000, 0x0000, 0x0000, 0x0000, 0x0000, 0x0000, 0x0000,
0x0000, 0x0000, 0x0000, 0x0000, 0x0000, 0x0000, 0x0000, 0x0000, 0x0000, 0x0000, 0x0000, 0x0000, 0x0000, 0x0000, 0x0000, 0x0000,
0x0000, 0x0000, 0x0000, 0x0000, 0x0000, 0x0000, 0x0000, 0x0000, 0x0000, 0x0000, 0x0000, 0x0000, 0x0000, 0x0000, 0x0000, 0x0000,
0x0000, 0x0000, 0x0000, 0x0000, 0x0000, 0x0000, 0x0000, 0x0000, 0x0000, 0x0000, 0x0000, 0x0000, 0x0000, 0x0000, 0x0000, 0x0000,
0x0000, 0x0000, 0x0000, 0x0000, 0x0000, 0x0000, 0x0000, 0x0000, 0x0000, 0x0000, 0x0000, 0x0000, 0x0000, 0x0000, 0x0000, 0x0000,
0x0000, 0x0000, 0x0000, 0x0000, 0x0000, 0x0000, 0x0000, 0x0000, 0x0000, 0x0000, 0x0000, 0x0000, 0x0000, 0x0000, 0x0000, 0x0000,
0x0000, 0x0000, 0x0000, 0x0000, 0x0000, 0x0000, 0x0000, 0x0000, 0x0000, 0x0000, 0x0000, 0x0000, 0x0000, 0x0000, 0x0000, 0x0000,
0x0000, 0x0000, 0x0000, 0x0000, 0x0000, 0x0000, 0x0000, 0x0000, 0x0000, 0x0000, 0x0000, 0x2206, 0x6f35, 0x2b09, 0x08e2, 0x0903,
0x336a, 0x6f35, 0x2287, 0x0000, 0x0000, 0x55b1, 0x6f15, 0x2aa8, 0x0000, 0x0000, 0x0000, 0x0000, 0x0000, 0x0000, 0x1184, 0x6f15,
0x66b4, 0x0000, 0x0000, 0x0000, 0x0000, 0x0000, 0x4cee, 0x4cef, 0x66b4, 0x0000, 0x0000, 0x0000, 0x0000, 0x0000, 0x5591, 0x334a,
0x0041, 0x0041, 0x0041, 0x08c2, 0x338a, 0x6f15, 0x08c2, 0x0000, 0x1103, 0x0881, 0x0061, 0x0061, 0x5591, 0x338a, 0x0061, 0x0061,
0x08a1, 0x0881, 0x0000, 0x0000, 0x0000, 0x0000, 0x0000, 0x0000, 0x2206, 0x6f35, 0x2b09, 0x08e2, 0x0903, 0x336a, 0x6f35, 0x2287,
0x0000, 0x0000, 0x0000, 0x444d, 0x6ef5, 0x2b09, 0x1123, 0x1123, 0x3329, 0x6ef5, 0x3bcb, 0x0000, 0x0000, 0x0000, 0x5590, 0x336a,
0x0000, 0x0000, 0x5590, 0x334a, 0x0000, 0x0000, 0x0000, 0x0000, 0x0000, 0x0000, 0x0000, 0x0000, 0x0000, 0x0000, 0x0000, 0x0000,
0x0000, 0x0000, 0x0000, 0x0000, 0x0000, 0x0000, 0x0000, 0x0000, 0x0000, 0x0000, 0x0000, 0x0000, 0x0000, 0x0000, 0x0000, 0x0000,
0x0000, 0x0000, 0x0000, 0x0000, 0x0000, 0x0000, 0x0000, 0x0000, 0x0000, 0x0000, 0x0000, 0x0000, 0x0000, 0x0000, 0x0000, 0x0000,
0x0000, 0x0000, 0x0000, 0x0000, 0x0000, 0x0000, 0x0000, 0x0000, 0x0000, 0x0000, 0x0000, 0x0000, 0x0000, 0x0000, 0x0000, 0x0000,
0x0000, 0x0000, 0x0000, 0x0000, 0x0000, 0x0000, 0x0000, 0x0000, 0x0000, 0x0000, 0x0000, 0x0000, 0x0000, 0x0000, 0x0000, 0x0000,
0x0000, 0x0000, 0x0000, 0x0000, 0x0000, 0x0000, 0x0000, 0x0000, 0x0000, 0x0000, 0x0000, 0x0000, 0x0000, 0x0000, 0x0000, 0x0000,
0x0000, 0x1081, 0x6ac6, 0x0000, 0x0020, 0x0820, 0x0000, 0x0000, 0x0000, 0x0020, 0x0000, 0x0000, 0x0000, 0x3963, 0x0000, 0x0000,
0x0000, 0x1081, 0x3142, 0x20c1, 0x8ba8, 0x0000, 0x0000, 0x0000, 0x0000, 0x0000, 0x0000, 0x0000, 0x0000, 0x0000, 0x0000, 0x0000,
0x0000, 0x0000, 0x0000, 0x0000, 0x0000, 0x0000, 0x0000, 0x0000, 0x41c3, 0x6265, 0x0000, 0x0000, 0x0000, 0x0020, 0x0000, 0x0000,
0x0000, 0x8ba8, 0x0000, 0x0000, 0x0000, 0x0000, 0x0000, 0x0000, 0x0000, 0x0000, 0x0000, 0x0000, 0x0000, 0x0000, 0x0000, 0x0000,
0x0000, 0x0000, 0x0000, 0x0000, 0x0000, 0x0000, 0x0000, 0x0000, 0x0000, 0x0000, 0x0000, 0x0000, 0x0000, 0x0000, 0x0000, 0x0000,
0x0000, 0x0000, 0x0000, 0x0000, 0x0000, 0x0000, 0x0000, 0x0000, 0x0000, 0x0000, 0x0000, 0x0000, 0x0000, 0x0000, 0x0000, 0x0000,
0x0000, 0x0000, 0x0000, 0x0000, 0x0000, 0x0000, 0x0000, 0x0000, 0x0000, 0x0000, 0x0000, 0x0000, 0x0000, 0x0000, 0x0000, 0x0000,
0x0000, 0x0000, 0x0000, 0x0000, 0x0000, 0x0000, 0x0000, 0x0000, 0x0000, 0x0000, 0x0000, 0x0000, 0x0000, 0x0000, 0x0000, 0x0000,
0x0000, 0x0000, 0x0000, 0x0000, 0x0000, 0x0000, 0x0000, 0x0000, 0x0000, 0x0000, 0x0000, 0x4d2f, 0x3beb, 0x0000, 0x0000, 0x0000,
0x0000, 0x3bab, 0x5e33, 0x0000, 0x0000, 0x5570, 0x4d2f, 0x55b1, 0x0000, 0x0000, 0x0000, 0x0000, 0x0000, 0x0000, 0x448d, 0x4d2f,
0x6694, 0x0000, 0x0000, 0x0000, 0x0000, 0x0881, 0x6f15, 0x08a2, 0x5e53, 0x2226, 0x0000, 0x0000, 0x0000, 0x0000, 0x5570, 0x2b09,
0x0000, 0x0000, 0x0000, 0x0000, 0x0000, 0x5e53, 0x2aa8, 0x0000, 0x0000, 0x0000, 0x0000, 0x0000, 0x5570, 0x3329, 0x0000, 0x0000,
0x0000, 0x0000, 0x0000, 0x0000, 0x0000, 0x0000, 0x0000, 0x0000, 0x4d2f, 0x3beb, 0x0000, 0x0000, 0x0000, 0x0000, 0x3bab, 0x5e33,
0x0000, 0x0000, 0x2226, 0x6f15, 0x1103, 0x0000, 0x0000, 0x0000, 0x0000, 0x1164, 0x6f56, 0x1984, 0x0000, 0x0000, 0x5570, 0x3329,
0x0000, 0x0000, 0x5570, 0x3329, 0x0000, 0x0000, 0x0000, 0x0000, 0x0000, 0x0000, 0x0000, 0x0000, 0x0000, 0x0000, 0x0000, 0x0000,
0x0000, 0x0000, 0x0000, 0x0000, 0x0000, 0x0000, 0x0000, 0x0000, 0x0000, 0x0000, 0x0000, 0x0000, 0x0000, 0x0000, 0x0000, 0x0000,
0x0000, 0x0000, 0x0000, 0x0000, 0x0000, 0x0000, 0x0000, 0x0000, 0x0000, 0x0000, 0x0000, 0x0000, 0x0000, 0x0000, 0x0000, 0x0000,
0x0000, 0x0000, 0x0000, 0x0000, 0x0000, 0x0000, 0x0000, 0x0000, 0x0000, 0x0000, 0x0000, 0x0000, 0x0000, 0x0000, 0x0000, 0x0000,
0x0000, 0x0000, 0x0000, 0x0000, 0x0000, 0x0000, 0x0000, 0x0000, 0x0000, 0x0000, 0x0000, 0x0000, 0x0000, 0x0000, 0x0000, 0x0000,
0x0000, 0x0000, 0x0000, 0x0000, 0x0000, 0x0000, 0x0000, 0x0000, 0x0000, 0x0000, 0x0000, 0x0000, 0x0000, 0x0000, 0x0000, 0x0000,
0x0000, 0x5225, 0x8387, 0x0000, 0x2922, 0xb48a, 0xac69, 0xac69, 0xbceb, 0x93c8, 0x0000, 0x0000, 0x0000, 0x8367, 0x93c8, 0x0000,
0x0000, 0x6aa6, 0x6aa6, 0x18a1, 0xa449, 0x0000, 0x0000, 0x0000, 0x0000, 0x0000, 0x0000, 0xac8a, 0xc50b, 0xbcea, 0xbcea, 0xbcea,
0xbcea, 0xbcea, 0xc50b, 0xa449, 0x0000, 0x0000, 0x0000, 0x0000, 0x8b88, 0x8347, 0xb4aa, 0xe5ed, 0xac8a, 0xb4aa, 0x6ac6, 0xa429,
0x0000, 0xc52b, 0x0000, 0x0000, 0x0000, 0x0000, 0x0000, 0x0000, 0x0000, 0x0000, 0x0000, 0x0000, 0x0000, 0xd56c, 0xddac, 0xf64e,
0x0820, 0x0000, 0x0000, 0x0000, 0x0000, 0x0000, 0x0000, 0x0000, 0x41a3, 0xac49, 0x0000, 0x0840, 0x8ba8, 0xcd4b, 0xddac, 0xc4eb,
0x41a3, 0x0000, 0x0000, 0x0000, 0x0000, 0x0000, 0x0000, 0x0000, 0x0000, 0x0000, 0x0000, 0x0000, 0x0000, 0x0000, 0x0000, 0x0000,
0x0000, 0x0000, 0x0000, 0x0000, 0x0000, 0x0000, 0x0000, 0x0000, 0x0000, 0x0000, 0x0000, 0x0000, 0x0000, 0x0000, 0x0000, 0x0000,
0x0000, 0x0000, 0x0000, 0x0000, 0x0000, 0x0000, 0x0000, 0x0000, 0x0000, 0x0000, 0x0000, 0x0000, 0x0000, 0x0000, 0x0000, 0x0000,
0x0000, 0x0000, 0x0000, 0x0000, 0x0000, 0x0000, 0x0000, 0x0000, 0x0000, 0x0000, 0x0000, 0x5590, 0x338a, 0x0000, 0x0000, 0x0000,
0x0000, 0x0061, 0x08a2, 0x0000, 0x0000, 0x5570, 0x2b09, 0x66d4, 0x1164, 0x0000, 0x0000, 0x0000, 0x0000, 0x0881, 0x6f35, 0x2ac8,
0x6694, 0x0000, 0x0000, 0x0000, 0x0000, 0x3329, 0x4d2f, 0x0000, 0x336a, 0x4d0f, 0x0000, 0x0000, 0x0000, 0x0000, 0x5570, 0x2b09,
0x0000, 0x0000, 0x0000, 0x0000, 0x0000, 0x6673, 0x2aa8, 0x0000, 0x0000, 0x0000, 0x0000, 0x0000, 0x5570, 0x3329, 0x0000, 0x0000,
0x0000, 0x0000, 0x0000, 0x0000, 0x0000, 0x0000, 0x0000, 0x0000, 0x5590, 0x338a, 0x0000, 0x0000, 0x0000, 0x0000, 0x0061, 0x08a2,
0x0000, 0x0000, 0x5df2, 0x3bcb, 0x0000, 0x0000, 0x0000, 0x0000, 0x0000, 0x0000, 0x446d, 0x5550, 0x0000, 0x0000, 0x5570, 0x3329,
0x0000, 0x0000, 0x5570, 0x3329, 0x0000, 0x0000, 0x0000, 0x0000, 0x0000, 0x0000, 0x0000, 0x0000, 0x0000, 0x0000, 0x0000, 0x0000,
0x0000, 0x0000, 0x0000, 0x0000, 0x0000, 0x0000, 0x0000, 0x0000, 0x0000, 0x0000, 0x0000, 0x0000, 0x0000, 0x0000, 0x0000, 0x0000,
0x0000, 0x0000, 0x0000, 0x0000, 0x0000, 0x0000, 0x0000, 0x0000, 0x0000, 0x0000, 0x0000, 0x0000, 0x0000, 0x0000, 0x0000, 0x0000,
0x0000, 0x0000, 0x0000, 0x0000, 0x0000, 0x0000, 0x0000, 0x0000, 0x0000, 0x0000, 0x0000, 0x0000, 0x0000, 0x0000, 0x0000, 0x0000,
0x0000, 0x0000, 0x0000, 0x0000, 0x0000, 0x0000, 0x0000, 0x0000, 0x0000, 0x0000, 0x0000, 0x0000, 0x0000, 0x0000, 0x0000, 0x0000,
0x0000, 0x0000, 0x0000, 0x0000, 0x0000, 0x0000, 0x0000, 0x0000, 0x0000, 0x0000, 0x0000, 0x0000, 0x0000, 0x0000, 0x0000, 0x0000,
0x0000, 0xb48a, 0x41a3, 0x2902, 0x0000, 0x0000, 0x0000, 0x0000, 0x5a45, 0x6aa6, 0x0000, 0x0000, 0x0000, 0x0000, 0xa449, 0x62a5,
0x0820, 0xcd2b, 0xbcca, 0xc50b, 0xe5cd, 0xbcca, 0xbcea, 0x7b27, 0x0000, 0x0000, 0x0000, 0x0840, 0x0000, 0x0000, 0x0000, 0x0000,
0x0000, 0x0000, 0x0000, 0x0840, 0x0000, 0x0000, 0x0000, 0x0000, 0xc52b, 0x0020, 0x0860, 0xb4aa, 0x0000, 0x0000, 0x2902, 0x9be8,
0x0000, 0xc50b, 0x0000, 0x0000, 0x0000, 0x0000, 0x0000, 0x0000, 0x0000, 0x0000, 0x0000, 0x0000, 0x0000, 0x0000, 0x1061, 0xf62d,
0x0000, 0x0000, 0x0000, 0x0000, 0x0000, 0x0000, 0x0000, 0x0000, 0xa429, 0x49e4, 0x0000, 0xb48a, 0x8ba8, 0x0000, 0x0000, 0x41a3,
0xe5ed, 0x18c1, 0x0000, 0x0000, 0x0000, 0x0000, 0x0000, 0x0000, 0x0000, 0x0000, 0x0000, 0x0000, 0x0000, 0x0000, 0x0000, 0x0000,
0x0000, 0x0000, 0x0000, 0x0000, 0x0000, 0x0000, 0x0000, 0x0000, 0x0000, 0x0000, 0x0000, 0x0000, 0x0000, 0x0000, 0x0000, 0x0000,
0x0000, 0x0000, 0x0000, 0x0000, 0x0000, 0x0000, 0x0000, 0x0000, 0x0000, 0x0000, 0x0000, 0x0000, 0x0000, 0x0000, 0x0000, 0x0000,
0x0000, 0x0000, 0x0000, 0x0000, 0x0000, 0x0000, 0x0000, 0x0000, 0x0000, 0x0000, 0x0000, 0x2b29, 0x66d4, 0x1a06, 0x0000, 0x0000,
0x0000, 0x0000, 0x0000, 0x0000, 0x0000, 0x5570, 0x2ae8, 0x3beb, 0x44ae, 0x0000, 0x0000, 0x0000, 0x0000, 0x336a, 0x4d30, 0x19a5,
0x6694, 0x0000, 0x0000, 0x0000, 0x0000, 0x5e32, 0x2247, 0x0000, 0x08a2, 0x6f35, 0x08a2, 0x0000, 0x0000, 0x0000, 0x5570, 0x2b09,
0x0000, 0x0000, 0x0000, 0x08a1, 0x3c0c, 0x6f35, 0x08e2, 0x0000, 0x0000, 0x0000, 0x0000, 0x0000, 0x5570, 0x3329, 0x0000, 0x0000,
0x0000, 0x0000, 0x0000, 0x0000, 0x0000, 0x0000, 0x0000, 0x0000, 0x2b29, 0x66d4, 0x1a06, 0x0000, 0x0000, 0x0000, 0x0000, 0x0000,
0x0000, 0x0020, 0x6f56, 0x1164, 0x0000, 0x0000, 0x0000, 0x0000, 0x0000, 0x0000, 0x2267, 0x66d4, 0x0000, 0x0000, 0x5570, 0x3329,
0x0000, 0x0000, 0x5570, 0x3329, 0x0000, 0x0000, 0x0000, 0x0000, 0x0000, 0x0000, 0x0000, 0x0000, 0x0000, 0x0000, 0x0000, 0x0000,
0x0000, 0x0000, 0x0000, 0x0000, 0x0000, 0x0000, 0x0000, 0x0000, 0x0000, 0x0000, 0x0000, 0x0000, 0x0000, 0x0000, 0x0000, 0x0000,
0x0000, 0x0000, 0x0000, 0x0000, 0x0000, 0x0000, 0x0000, 0x0000, 0x0000, 0x0000, 0x0000, 0x0000, 0x0000, 0x0000, 0x0000, 0x0000,
0x0000, 0x0000, 0x0000, 0x0000, 0x0000, 0x0000, 0x0000, 0x0000, 0x0000, 0x0000, 0x0000, 0x0000, 0x0000, 0x0000, 0x0000, 0x0000,
0x0000, 0x0000, 0x0000, 0x0000, 0x0000, 0x0000, 0x0000, 0x0000, 0x0000, 0x0000, 0x0000, 0x0000, 0x0000, 0x0000, 0x0000, 0x0000,
0x0000, 0x0000, 0x0000, 0x0000, 0x0000, 0x0000, 0x0000, 0x0000, 0x0000, 0x0000, 0x0000, 0x0000, 0x0000, 0x0000, 0x0000, 0x0000,
0x3163, 0xbcca, 0x41c3, 0x8b88, 0xac69, 0xa449, 0xa449, 0xa449, 0xcd4b, 0xc4eb, 0xac8a, 0x41c4, 0x0000, 0x0000, 0x1081, 0x3983,
0x49e4, 0x7306, 0x0000, 0x18a1, 0xa429, 0x0000, 0x0000, 0x0000, 0x0000, 0x0000, 0x0000, 0x0000, 0x0000, 0x0000, 0x0000, 0x0000,
0x0000, 0x0000, 0x0000, 0x0000, 0x0000, 0x0000, 0x0000, 0x41c3, 0x93e8, 0x0000, 0x3963, 0x8ba8, 0x0000, 0x0000, 0x2902, 0x9be8,
0x0000, 0xc50b, 0x0000, 0x0000, 0x0000, 0x0000, 0x0000, 0x0000, 0x0000, 0x0000, 0x0000, 0x0000, 0x0000, 0x0000, 0x1061, 0xee0d,
0x0000, 0x0000, 0x0000, 0x0000, 0x0000, 0x0000, 0x0000, 0x1061, 0xd58c, 0x0000, 0x0000, 0x3163, 0x0840, 0x0000, 0x0000, 0x0000,
0xbcea, 0x41c3, 0x0000, 0x0000, 0x0000, 0x0000, 0x0000, 0x0000, 0x0000, 0x0000, 0x0000, 0x0000, 0x0000, 0x0000, 0x0000, 0x0000,
0x0000, 0x0000, 0x0000, 0x0000, 0x0000, 0x0000, 0x0000, 0x0000, 0x0000, 0x0000, 0x0000, 0x0000, 0x0000, 0x0000, 0x0000, 0x0000,
0x0000, 0x0000, 0x0000, 0x0000, 0x0000, 0x0000, 0x0000, 0x0000, 0x0000, 0x0000, 0x0000, 0x0000, 0x0000, 0x0000, 0x0000, 0x0000,
0x0000, 0x0000, 0x0000, 0x0000, 0x0000, 0x0000, 0x0000, 0x0000, 0x0000, 0x0000, 0x0000, 0x0000, 0x336a, 0x6f15, 0x6694, 0x4cee,
0x2ac8, 0x0081, 0x0000, 0x0000, 0x0000, 0x5570, 0x2ae8, 0x08c2, 0x6f15, 0x08a1, 0x0000, 0x0000, 0x0000, 0x6693, 0x1a06, 0x19a5,
0x6694, 0x0000, 0x0000, 0x0000, 0x1984, 0x66d4, 0x0020, 0x0000, 0x0000, 0x4d2f, 0x336a, 0x0000, 0x0000, 0x0000, 0x5570, 0x7776,
0x7776, 0x7776, 0x7776, 0x7776, 0x66d4, 0x2267, 0x0000, 0x0000, 0x0000, 0x0000, 0x0000, 0x0000, 0x5570, 0x3329, 0x0000, 0x0000,
0x0000, 0x0000, 0x0000, 0x0000, 0x0000, 0x0000, 0x0000, 0x0000, 0x0000, 0x336a, 0x6f15, 0x6694, 0x4cee, 0x2ac8, 0x0081, 0x0000,
0x0000, 0x1123, 0x7776, 0x0061, 0x0000, 0x0000, 0x0000, 0x0000, 0x0000, 0x0000, 0x1143, 0x7776, 0x0061, 0x0000, 0x5570, 0x3329,
0x0000, 0x0000, 0x5570, 0x3329, 0x0000, 0x0000, 0x0000, 0x0000, 0x0000, 0x0000, 0x0000, 0x0000, 0x0000, 0x0000, 0x0000, 0x0000,
0x0000, 0x0000, 0x0000, 0x0000, 0x0000, 0x0000, 0x0000, 0x0000, 0x0000, 0x0000, 0x0000, 0x0000, 0x0000, 0x0000, 0x0000, 0x0000,
0x0000, 0x0000, 0x0000, 0x0000, 0x0000, 0x0000, 0x0000, 0x0000, 0x0000, 0x0000, 0x0000, 0x0000, 0x0000, 0x0000, 0x0000, 0x0000,
0x0000, 0x0000, 0x0000, 0x0000, 0x0000, 0x0000, 0x0000, 0x0000, 0x0000, 0x0000, 0x0000, 0x0000, 0x0000, 0x0000, 0x0000, 0x0000,
0x0000, 0x0000, 0x0000, 0x0000, 0x0000, 0x0000, 0x0000, 0x0000, 0x0000, 0x0000, 0x0000, 0x0000, 0x0000, 0x0000, 0x0000, 0x0000,
0x0000, 0x0000, 0x0000, 0x0000, 0x0000, 0x0000, 0x0000, 0x0000, 0x0000, 0x0000, 0x0000, 0x0000, 0x0000, 0x0000, 0x0000, 0x0820,
0xc52b, 0xac69, 0x41a3, 0x7b06, 0x0020, 0x6265, 0x2902, 0x0000, 0x0000, 0x0000, 0x0020, 0x0020, 0x0000, 0x0000, 0x0000, 0x0000,
0x0840, 0x0000, 0x0000, 0x18a1, 0xa429, 0x0000, 0x0000, 0x0020, 0x0000, 0x0840, 0xcd4b, 0xc50b, 0xc50b, 0xc50b, 0xc50b, 0xc50b,
0xc50b, 0xc50b, 0xc50b, 0xc50b, 0xcd4b, 0x1081, 0x0000, 0xcd2b, 0x8347, 0x0000, 0x7b27, 0xbcca, 0xac69, 0xdd8c, 0x2902, 0x9be8,
0x0000, 0xc50b, 0x0000, 0x0000, 0x0000, 0x0000, 0x0000, 0x0000, 0x0000, 0x0000, 0x0000, 0x0000, 0x0000, 0x0000, 0x1061, 0xee0d,
0x0000, 0x0000, 0x0000, 0x0000, 0x0000, 0x0000, 0x0000, 0x6ac6, 0x7b47, 0x0000, 0x0000, 0x0000, 0x0000, 0x0000, 0x0000, 0x41c4,
0xcd4b, 0x0840, 0x0000, 0x0000, 0x0000, 0x0000, 0x0000, 0x0000, 0x0000, 0x0000, 0x0000, 0x0000, 0x0000, 0x0000, 0x0000, 0x0000,
0x0000, 0x0000, 0x0000, 0x0000, 0x0000, 0x0000, 0x0000, 0x0000, 0x0000, 0x0000, 0x0000, 0x0000, 0x0000, 0x0000, 0x0000, 0x0000,
0x0000, 0x0000, 0x0000, 0x0000, 0x0000, 0x0000, 0x0000, 0x0000, 0x0000, 0x0000, 0x0000, 0x0000, 0x0000, 0x0000, 0x0000, 0x0000,
0x0000, 0x0000, 0x0000, 0x0000, 0x0000, 0x0000, 0x0000, 0x0000, 0x0000, 0x0000, 0x0000, 0x0000, 0x0000, 0x0020, 0x19c5, 0x33ab,
0x5dd1, 0x6ef5, 0x2206, 0x0000, 0x0000, 0x5570, 0x2ae8, 0x0000, 0x4cef, 0x338a, 0x0000, 0x0000, 0x2247, 0x5e33, 0x0000, 0x19a5,
0x6694, 0x0000, 0x0000, 0x0000, 0x448d, 0x3c0c, 0x0000, 0x0000, 0x0000, 0x2247, 0x6653, 0x0000, 0x0000, 0x0000, 0x5570, 0x334a,
0x0041, 0x0041, 0x08c2, 0x446d, 0x33ab, 0x0000, 0x0000, 0x0000, 0x0000, 0x0000, 0x0000, 0x0000, 0x5570, 0x3329, 0x0000, 0x0000,
0x0000, 0x0000, 0x0000, 0x0000, 0x0000, 0x0000, 0x0000, 0x0000, 0x0000, 0x0000, 0x0020, 0x19c5, 0x33ab, 0x5dd1, 0x6ef5, 0x2206,
0x0000, 0x1123, 0x7776, 0x0061, 0x0000, 0x0000, 0x0000, 0x0000, 0x0000, 0x0000, 0x1143, 0x7776, 0x0081, 0x0000, 0x5570, 0x3329,
0x0000, 0x0000, 0x5570, 0x3329, 0x0000, 0x0000, 0x0000, 0x0000, 0x0000, 0x0000, 0x0000, 0x0000, 0x0000, 0x0000, 0x0000, 0x0000,
0x0000, 0x0000, 0x0000, 0x0000, 0x0000, 0x0000, 0x0000, 0x0000, 0x0000, 0x0000, 0x0000, 0x0000, 0x0000, 0x0000, 0x0000, 0x0000,
0x0000, 0x0000, 0x0000, 0x0000, 0x0000, 0x0000, 0x0000, 0x0000, 0x0000, 0x0000, 0x0000, 0x0000, 0x0000, 0x0000, 0x0000, 0x0000,
0x0000, 0x0000, 0x0000, 0x0000, 0x0000, 0x0000, 0x0000, 0x0000, 0x0000, 0x0000, 0x0000, 0x0000, 0x0000, 0x0000, 0x0000, 0x0000,
0x0000, 0x0000, 0x0000, 0x0000, 0x0000, 0x0000, 0x0000, 0x0000, 0x0000, 0x0000, 0x0000, 0x0000, 0x0000, 0x0000, 0x0000, 0x0000,
0x0000, 0x0000, 0x0000, 0x0000, 0x0000, 0x0000, 0x0000, 0x0000, 0x0000, 0x0000, 0x0000, 0x0000, 0x0000, 0x0000, 0x0000, 0x8347,
0x8ba8, 0xac69, 0x41a3, 0x7306, 0x0840, 0xddac, 0xac69, 0xa449, 0xa449, 0xac49, 0x8367, 0x0000, 0x1060, 0x3163, 0x3163, 0x2902,
0x93c8, 0xbcca, 0xc50b, 0xdd8c, 0xc52b, 0xd58c, 0xb4aa, 0xbcea, 0x2922, 0x0000, 0x0840, 0x0000, 0x0000, 0x0000, 0x0000, 0xc52b,
0x0840, 0x0000, 0x0000, 0x0000, 0x0840, 0x0000, 0x62a5, 0xb4aa, 0x8347, 0x0840, 0xc50b, 0x0020, 0x0820, 0xb48a, 0x2902, 0x9be8,
0x0000, 0xc50b, 0x0000, 0x0000, 0x0000, 0x0000, 0x0000, 0x0000, 0x0000, 0x0000, 0x0000, 0x0000, 0x0000, 0x0000, 0x1061, 0xee0d,
0x0000, 0x0000, 0x0000, 0x0000, 0x0000, 0x0000, 0x0000, 0xcd4b, 0x20c1, 0x0000, 0x0000, 0x0000, 0x1081, 0xddcc, 0xee0d, 0xd56b,
0x2922, 0x0000, 0x0000, 0x0000, 0x0000, 0x0000, 0x0000, 0x0000, 0x0000, 0x0000, 0x0000, 0x0000, 0x0000, 0x0000, 0x0000, 0x0000,
0x0000, 0x0000, 0x0000, 0x0000, 0x0000, 0x0000, 0x0000, 0x0000, 0x0000, 0x0000, 0x0000, 0x0000, 0x0000, 0x0000, 0x0000, 0x0000,
0x0000, 0x0000, 0x0000, 0x0000, 0x0000, 0x0000, 0x0000, 0x0000, 0x0000, 0x0000, 0x0000, 0x0000, 0x0000, 0x0000, 0x0000, 0x0000,
0x0000, 0x0000, 0x0000, 0x0000, 0x0000, 0x0000, 0x0000, 0x0000, 0x0000, 0x0000, 0x0000, 0x0000, 0x0000, 0x0000, 0x0000, 0x0000,
0x0000, 0x33ab, 0x66d4, 0x0000, 0x0000, 0x5570, 0x2ae8, 0x0000, 0x19c5, 0x66b4, 0x0020, 0x0000, 0x5570, 0x2b09, 0x0000, 0x19a5,
0x6694, 0x0000, 0x0000, 0x0041, 0x6f15, 0x7776, 0x7776, 0x7776, 0x7776, 0x7776, 0x7776, 0x19c5, 0x0000, 0x0000, 0x5570, 0x2b09,
0x0000, 0x0000, 0x0000, 0x0020, 0x5e12, 0x19c5, 0x0000, 0x0000, 0x0000, 0x0000, 0x0000, 0x0000, 0x5570, 0x3329, 0x0000, 0x0000,
0x0000, 0x0000, 0x0000, 0x0000, 0x0000, 0x0000, 0x0000, 0x0000, 0x0000, 0x0000, 0x0000, 0x0000, 0x0000, 0x0000, 0x33ab, 0x66d4,
0x0000, 0x0020, 0x6f56, 0x1164, 0x0000, 0x0000, 0x0000, 0x0000, 0x0000, 0x0000, 0x2267, 0x66d4, 0x0000, 0x0000, 0x5570, 0x3329,
0x0000, 0x0000, 0x5570, 0x3329, 0x0000, 0x0000, 0x0000, 0x0000, 0x0000, 0x0000, 0x0000, 0x0000, 0x0000, 0x0000, 0x0000, 0x0000,
0x0000, 0x0000, 0x0000, 0x0000, 0x0000, 0x0000, 0x0000, 0x0000, 0x0000, 0x0000, 0x0000, 0x0000, 0x0000, 0x0000, 0x0000, 0x0000,
0x0000, 0x0000, 0x0000, 0x0000, 0x0000, 0x0000, 0x0000, 0x0000, 0x0000, 0x0000, 0x0000, 0x0000, 0x0000, 0x0000, 0x0000, 0x0000,
0x0000, 0x0000, 0x0000, 0x0000, 0x0000, 0x0000, 0x0000, 0x0000, 0x0000, 0x0000, 0x0000, 0x0000, 0x0000, 0x0000, 0x0000, 0x0000,
0x0000, 0x0000, 0x0000, 0x0000, 0x0000, 0x0000, 0x0000, 0x0000, 0x0000, 0x0000, 0x0000, 0x0000, 0x0000, 0x0000, 0x0000, 0x0000,
0x0000, 0x0000, 0x0000, 0x0000, 0x0000, 0x0000, 0x0000, 0x0000, 0x0000, 0x0000, 0x0000, 0x0000, 0x0000, 0x0000, 0x0000, 0x41a3,
0x18c1, 0xac69, 0x41a3, 0x7306, 0x9be8, 0x41c4, 0x0000, 0xc50b, 0x0000, 0x0000, 0x0840, 0x0000, 0x18c1, 0x72e6, 0x8ba8, 0x8ba8,
0x0000, 0x0000, 0x5a65, 0x6285, 0x3983, 0x7b27, 0x0000, 0x0000, 0x0000, 0x0000, 0x0000, 0x0000, 0x6285, 0x1081, 0x0000, 0xc52b,
0x0840, 0x0000, 0x6ac6, 0x0000, 0x0000, 0x0000, 0x8367, 0x49e4, 0x8347, 0x8347, 0x93c8, 0x5204, 0x3163, 0x8367, 0x2902, 0x9be8,
0x0000, 0xc50b, 0x0000, 0x0000, 0x0000, 0x0000, 0x0000, 0x0000, 0x0000, 0x0000, 0x0000, 0x0000, 0x0000, 0x0000, 0x1061, 0xee0d,
0x0000, 0x0000, 0x0000, 0x0000, 0x0000, 0x0000, 0x3983, 0xb48a, 0x0000, 0x0000, 0x0000, 0x0000, 0x0000, 0x0820, 0x1060, 0x5224,
0xddac, 0x20e2, 0x0000, 0x0000, 0x0000, 0x0000, 0x0000, 0x0000, 0x0000, 0x0000, 0x0000, 0x0000, 0x0000, 0x0000, 0x0000, 0x0000,
0x0000, 0x0000, 0x0000, 0x0000, 0x0000, 0x0000, 0x0000, 0x0000, 0x0000, 0x0000, 0x0000, 0x0000, 0x0000, 0x0000, 0x0000, 0x0000,
0x0000, 0x0000, 0x0000, 0x0000, 0x0000, 0x0000, 0x0000, 0x0000, 0x0000, 0x0000, 0x0000, 0x0000, 0x0000, 0x0000, 0x0000, 0x0000,
0x0000, 0x0000, 0x0000, 0x0000, 0x0000, 0x0000, 0x0000, 0x0000, 0x0000, 0x0000, 0x0061, 0x3bec, 0x08a2, 0x0000, 0x0000, 0x0000,
0x0000, 0x08c2, 0x7776, 0x08e2, 0x0000, 0x5570, 0x2ae8, 0x0000, 0x0000, 0x5df2, 0x2287, 0x1123, 0x6ef5, 0x0041, 0x0000, 0x19a5,
0x6694, 0x0000, 0x0000, 0x2ae8, 0x5e53, 0x0041, 0x0041, 0x0041, 0x0041, 0x0041, 0x448d, 0x44ae, 0x0000, 0x0000, 0x5570, 0x2b09,
0x0000, 0x0000, 0x0000, 0x0000, 0x2ac8, 0x55b1, 0x0000, 0x0000, 0x0000, 0x0000, 0x0000, 0x0000, 0x5570, 0x3329, 0x0000, 0x0000,
0x0000, 0x0000, 0x0000, 0x0000, 0x0000, 0x0000, 0x0000, 0x0061, 0x3bec, 0x08a2, 0x0000, 0x0000, 0x0000, 0x0000, 0x08c2, 0x7776,
0x08e2, 0x0000, 0x5e12, 0x3bcb, 0x0000, 0x0000, 0x0000, 0x0000, 0x0000, 0x0000, 0x446d, 0x5550, 0x0000, 0x0000, 0x5570, 0x3329,
0x0000, 0x0000, 0x5570, 0x3329, 0x0000, 0x0000, 0x0000, 0x0000, 0x0000, 0x0000, 0x0000, 0x0000, 0x0000, 0x0000, 0x0000, 0x0000,
0x0000, 0x0000, 0x0000, 0x0000, 0x0000, 0x0000, 0x0000, 0x0000, 0x0000, 0x0000, 0x0000, 0x0000, 0x0000, 0x0000, 0x0000, 0x0000,
0x0000, 0x0000, 0x0000, 0x0000, 0x0000, 0x0000, 0x0000, 0x0000, 0x0000, 0x0000, 0x0000, 0x0000, 0x0000, 0x0000, 0x0000, 0x0000,
0x0000, 0x0000, 0x0000, 0x0000, 0x0000, 0x0000, 0x0000, 0x0000, 0x0000, 0x0000, 0x0000, 0x0000, 0x0000, 0x0000, 0x0000, 0x0000,
0x0000, 0x0000, 0x0000, 0x0000, 0x0000, 0x0000, 0x0000, 0x0000, 0x0000, 0x0000, 0x0000, 0x0000, 0x0000, 0x0000, 0x0000, 0x0000,
0x0000, 0x0000, 0x0000, 0x0000, 0x0000, 0x0000, 0x0000, 0x0000, 0x0000, 0x0000, 0x0000, 0x0000, 0x0000, 0x0000, 0x0000, 0x0000,
0x1081, 0xac69, 0x41a3, 0x7306, 0x41a3, 0x0000, 0x0000, 0xbcea, 0x0000, 0x0000, 0x0020, 0x0020, 0x0000, 0x0000, 0x3963, 0x8b87,
0x0000, 0x0000, 0xb4aa, 0x18a1, 0x3983, 0x7b27, 0x0000, 0x3983, 0x18a1, 0x0000, 0x0000, 0x1060, 0xd58c, 0x0020, 0x0000, 0xc52b,
0x0840, 0x0000, 0xac8a, 0x3983, 0x0000, 0x0000, 0x0000, 0x41a3, 0x8387, 0xc4eb, 0x1061, 0xbcca, 0xb4aa, 0x41c4, 0x2902, 0x9be8,
0x0000, 0xc50b, 0x0000, 0x0000, 0x0000, 0x0000, 0x0000, 0x0000, 0x0000, 0x0000, 0x0000, 0x0000, 0x0000, 0x0000, 0x1061, 0xee0d,
0x0000, 0x0000, 0x0000, 0x0000, 0x0000, 0x0000, 0x9c08, 0x5224, 0x0000, 0x0000, 0x0000, 0x0000, 0x0000, 0x0000, 0x0000, 0x0000,
0x8347, 0x8387, 0x0000, 0x0000, 0x0000, 0x0000, 0x0000, 0x0000, 0x0000, 0x0000, 0x0000, 0x0000, 0x0000, 0x0000, 0x0000, 0x0000,
0x0000, 0x0000, 0x0000, 0x0000, 0x0000, 0x0000, 0x0000, 0x0000, 0x0000, 0x0000, 0x0000, 0x0000, 0x0000, 0x0000, 0x0000, 0x0000,
0x0000, 0x0000, 0x0000, 0x0000, 0x0000, 0x0000, 0x0000, 0x0000, 0x0000, 0x0000, 0x0000, 0x0000, 0x0000, 0x0000, 0x0000, 0x0000,
0x0000, 0x0000, 0x0000, 0x0000, 0x0000, 0x0000, 0x0000, 0x0000, 0x0000, 0x0000, 0x0020, 0x6f15, 0x2ae9, 0x0000, 0x0000, 0x0000,
0x0000, 0x19e5, 0x6f56, 0x0020, 0x0000, 0x5570, 0x2ae8, 0x0000, 0x0000, 0x2ac8, 0x55b1, 0x444d, 0x3c0c, 0x0000, 0x0000, 0x19a5,
0x6694, 0x0000, 0x0000, 0x55d1, 0x33ab, 0x0000, 0x0000, 0x0000, 0x0000, 0x0000, 0x19c5, 0x6f35, 0x0061, 0x0000, 0x5570, 0x2b09,
0x0000, 0x0000, 0x0000, 0x0000, 0x0040, 0x6f15, 0x1184, 0x0000, 0x0000, 0x0000, 0x0000, 0x0000, 0x5570, 0x3329, 0x0000, 0x0000,
0x0000, 0x0000, 0x0000, 0x0000, 0x0000, 0x0000, 0x0000, 0x0020, 0x6f15, 0x2ae9, 0x0000, 0x0000, 0x0000, 0x0000, 0x19e5, 0x6f56,
0x0020, 0x0000, 0x2247, 0x6f15, 0x1103, 0x0000, 0x0000, 0x0000, 0x0000, 0x1164, 0x6f56, 0x19a5, 0x0000, 0x0000, 0x5570, 0x3329,
0x0000, 0x0000, 0x5570, 0x3329, 0x0000, 0x0000, 0x0000, 0x0000, 0x0000, 0x0000, 0x0000, 0x0000, 0x0000, 0x0000, 0x0000, 0x0000,
0x0000, 0x0000, 0x0000, 0x0000, 0x0000, 0x0000, 0x0000, 0x0000, 0x0000, 0x0000, 0x0000, 0x0000, 0x0000, 0x0000, 0x0000, 0x0000,
0x0000, 0x0000, 0x0000, 0x0000, 0x0000, 0x0000, 0x0000, 0x0000, 0x0000, 0x0000, 0x0000, 0x0000, 0x0000, 0x0000, 0x0000, 0x0000,
0x0000, 0x0000, 0x0000, 0x0000, 0x0000, 0x0000, 0x0000, 0x0000, 0x0000, 0x0000, 0x0000, 0x0000, 0x0000, 0x0000, 0x0000, 0x0000,
0x0000, 0x0000, 0x0000, 0x0000, 0x0000, 0x0000, 0x0000, 0x0000, 0x0000, 0x0000, 0x0000, 0x0000, 0x0000, 0x0000, 0x0000, 0x0000,
0x0000, 0x0000, 0x0000, 0x0000, 0x0000, 0x0000, 0x0000, 0x0000, 0x0000, 0x0000, 0x0000, 0x0000, 0x0000, 0x0000, 0x0000, 0x0000,
0x1081, 0xac69, 0x41a3, 0x7b27, 0xbcca, 0xac69, 0xbceb, 0xf64e, 0xbcca, 0xac69, 0xb4aa, 0x5204, 0x0000, 0x0000, 0x3963, 0x8b87,
0x0820, 0x93e8, 0x62a5, 0x0000, 0x3983, 0x7b27, 0x0000, 0x8ba8, 0x3142, 0x0000, 0x0000, 0x6aa6, 0x7b47, 0x0000, 0x0000, 0xc52b,
0x0840, 0x0000, 0x3963, 0xb4aa, 0x0000, 0x0000, 0x0000, 0x41a3, 0x8347, 0x0820, 0x0000, 0x1081, 0xd58c, 0x0000, 0x2922, 0x9be8,
0x0000, 0xc50b, 0x0000, 0x0000, 0x0000, 0x0000, 0x0000, 0x0000, 0x0000, 0x0000, 0x0000, 0x0000, 0x0000, 0x0000, 0x1061, 0xee0d,
0x0000, 0x0000, 0x0000, 0x0000, 0x0000, 0x0860, 0xdd8c, 0x0020, 0x0000, 0x0000, 0x20e2, 0x6ae6, 0x0000, 0x0000, 0x0000, 0x0000,
0x7b27, 0x93a8, 0x0000, 0x0000, 0x0000, 0x0000, 0x0000, 0x0000, 0x0000, 0x0000, 0x0000, 0x0000, 0x0000, 0x0000, 0x0000, 0x0000,
0x0000, 0x0000, 0x0000, 0x0000, 0x0000, 0x0000, 0x0000, 0x0000, 0x0000, 0x0000, 0x0000, 0x0000, 0x0000, 0x0000, 0x0000, 0x0000,
0x0000, 0x0000, 0x0000, 0x0000, 0x0000, 0x0000, 0x0000, 0x0000, 0x0000, 0x0000, 0x0000, 0x0000, 0x0000, 0x0000, 0x0000, 0x0000,
0x0000, 0x0000, 0x0000, 0x0000, 0x0000, 0x0000, 0x0000, 0x0000, 0x0000, 0x0000, 0x0000, 0x336a, 0x6f35, 0x334a, 0x1103, 0x08a2,
0x2267, 0x6693, 0x444d, 0x0000, 0x0000, 0x5590, 0x2ae9, 0x0000, 0x0000, 0x0020, 0x6ef5, 0x6f35, 0x08e2, 0x0000, 0x0000, 0x19e5,
0x66b4, 0x0000, 0x1123, 0x7776, 0x1143, 0x0000, 0x0000, 0x0000, 0x0000, 0x0000, 0x0000, 0x66d4, 0x2b09, 0x0000, 0x5591, 0x3329,
0x0000, 0x0000, 0x0000, 0x0000, 0x0000, 0x4cce, 0x4cce, 0x0000, 0x0000, 0x0000, 0x0000, 0x0000, 0x5591, 0x334a, 0x0000, 0x0000,
0x0000, 0x0000, 0x0000, 0x0000, 0x0000, 0x0000, 0x0000, 0x0000, 0x336a, 0x6f35, 0x334a, 0x1103, 0x08a2, 0x2267, 0x6693, 0x444d,
0x0000, 0x0000, 0x0000, 0x448d, 0x6ef5, 0x2b09, 0x1123, 0x1123, 0x2b09, 0x6ef5, 0x3bcb, 0x0000, 0x0000, 0x0000, 0x5590, 0x336a,
0x0000, 0x0000, 0x5591, 0x338a, 0x0061, 0x0061, 0x0061, 0x0061, 0x08c2, 0x1164, 0x0000, 0x0000, 0x0000, 0x0000, 0x0000, 0x0000,
0x0000, 0x0000, 0x0000, 0x0000, 0x0000, 0x0000, 0x0000, 0x0000, 0x0000, 0x0000, 0x0000, 0x0000, 0x0000, 0x0000, 0x0000, 0x0000,
0x0000, 0x0000, 0x0000, 0x0000, 0x0000, 0x0000, 0x0000, 0x0000, 0x0000, 0x0000, 0x0000, 0x0000, 0x0000, 0x0000, 0x0000, 0x0000,
0x0000, 0x0000, 0x0000, 0x0000, 0x0000, 0x0000, 0x0000, 0x0000, 0x0000, 0x0000, 0x0000, 0x0000, 0x0000, 0x0000, 0x0000, 0x0000,
0x0000, 0x0000, 0x0000, 0x0000, 0x0000, 0x0000, 0x0000, 0x0000, 0x0000, 0x0000, 0x0000, 0x0000, 0x0000, 0x0000, 0x0000, 0x0000,
0x0000, 0x0000, 0x0000, 0x0000, 0x0000, 0x0000, 0x0000, 0x0000, 0x0000, 0x0000, 0x0000, 0x0000, 0x0000, 0x0000, 0x0000, 0x0000,
0x1081, 0xac69, 0x41a3, 0x7b06, 0x0000, 0x0000, 0x9c08, 0x8ba8, 0x8ba8, 0x0000, 0x0000, 0x0000, 0x0000, 0x0000, 0x3983, 0x8b87,
0xac49, 0x5224, 0x0000, 0x0000, 0x18c1, 0xd56c, 0xbcca, 0xbcea, 0x0840, 0x0000, 0x1081, 0xd58c, 0x18c1, 0x0000, 0x0000, 0xc52b,
0x0840, 0x0000, 0x0000, 0xbceb, 0x3142, 0x0000, 0x0000, 0x41a3, 0x8347, 0x0000, 0x0000, 0x6aa6, 0x72e6, 0x0000, 0x20c1, 0x6285,
0x0000, 0xc50b, 0x0000, 0x0000, 0x0000, 0x0000, 0x0000, 0x0000, 0x0000, 0x0000, 0x0000, 0x0000, 0x0000, 0x0000, 0x1081, 0xee0d,
0x0000, 0x0000, 0x0000, 0x0000, 0x0000, 0x62a5, 0x8387, 0x0000, 0x0000, 0x0000, 0x1081, 0xe5ed, 0x6ac6, 0x1081, 0x0000, 0x3163,
0xddcc, 0x41a3, 0x0000, 0x0000, 0x0000, 0x0000, 0x0000, 0x0000, 0x0000, 0x0000, 0x0000, 0x0000, 0x0000, 0x0000, 0x0000, 0x0000,
0x0000, 0x0000, 0x0000, 0x0000, 0x0000, 0x0000, 0x0000, 0x0000, 0x0000, 0x0000, 0x0000, 0x0000, 0x0000, 0x0000, 0x0000, 0x0000,
0x0000, 0x0000, 0x0000, 0x0000, 0x0000, 0x0000, 0x0000, 0x0000, 0x0000, 0x0000, 0x0000, 0x0000, 0x0000, 0x0000, 0x0000, 0x0000,
0x0000, 0x0000, 0x0000, 0x0000, 0x0000, 0x0000, 0x0000, 0x0000, 0x0000, 0x0000, 0x0000, 0x0000, 0x2246, 0x5570, 0x66b4, 0x6f15,
0x5e12, 0x334a, 0x0020, 0x0000, 0x0000, 0x5df2, 0x336a, 0x0000, 0x0000, 0x0000, 0x44ae, 0x5590, 0x0000, 0x0000, 0x0000, 0x2267,
0x6f15, 0x0000, 0x3c2c, 0x66b4, 0x0000, 0x0000, 0x0000, 0x0000, 0x0000, 0x0000, 0x0000, 0x4cce, 0x5df2, 0x0000, 0x5df2, 0x33ab,
0x0000, 0x0000, 0x0000, 0x0000, 0x0000, 0x2ac8, 0x6f56, 0x08e2, 0x0000, 0x0000, 0x0000, 0x0000, 0x5e32, 0x3bab, 0x0000, 0x0000,
0x0000, 0x0000, 0x0000, 0x0000, 0x0000, 0x0000, 0x0000, 0x0000, 0x0000, 0x2246, 0x5570, 0x66b4, 0x6f15, 0x5e12, 0x334a, 0x0020,
0x0000, 0x0000, 0x0000, 0x0000, 0x2287, 0x5550, 0x66d4, 0x66b4, 0x4d2f, 0x2206, 0x0000, 0x0000, 0x0000, 0x0000, 0x5df2, 0x3bec,
0x0000, 0x0000, 0x5e12, 0x7776, 0x7776, 0x7776, 0x7776, 0x7776, 0x6f56, 0x6693, 0x0000, 0x0000, 0x0000, 0x0000, 0x0000, 0x0000,
0x0000, 0x0000, 0x0000, 0x0000, 0x0000, 0x0000, 0x0000, 0x0000, 0x0000, 0x0000, 0x0000, 0x0000, 0x0000, 0x0000, 0x0000, 0x0000,
0x0000, 0x0000, 0x0000, 0x0000, 0x0000, 0x0000, 0x0000, 0x0000, 0x0000, 0x0000, 0x0000, 0x0000, 0x0000, 0x0000, 0x0000, 0x0000,
0x0000, 0x0000, 0x0000, 0x0000, 0x0000, 0x0000, 0x0000, 0x0000, 0x0000, 0x0000, 0x0000, 0x0000, 0x0000, 0x0000, 0x0000, 0x0000,
0x0000, 0x0000, 0x0000, 0x0000, 0x0000, 0x0000, 0x0000, 0x0000, 0x0000, 0x0000, 0x0000, 0x0000, 0x0000, 0x0000, 0x0000, 0x0000,
0x0000, 0x0000, 0x0000, 0x0000, 0x0000, 0x0000, 0x0000, 0x0000, 0x0000, 0x0000, 0x0000, 0x0000, 0x0000, 0x0000, 0x0000, 0x0000,
0x1081, 0xac69, 0x3163, 0x5a45, 0x0000, 0x41a3, 0xb4aa, 0x0000, 0x9be8, 0x6285, 0x0000, 0x0000, 0x0000, 0x5245, 0xbcea, 0xc50b,
0x41a3, 0x0000, 0x0000, 0x0000, 0x0000, 0x0000, 0x0000, 0x0000, 0x0000, 0x0000, 0xb4aa, 0x6ac6, 0x0000, 0x0000, 0x0000, 0xc52b,
0x0840, 0x0000, 0x0000, 0x6265, 0x9c08, 0x0000, 0x0000, 0x41a3, 0x8347, 0x0000, 0x2922, 0xbcea, 0x0020, 0x0000, 0x0000, 0x0000,
0x0000, 0xc50b, 0x0000, 0x0000, 0x0000, 0x0000, 0x0000, 0x0000, 0x0000, 0x0000, 0x0000, 0x0000, 0x0000, 0x0000, 0x20e2, 0xf64e,
0x0000, 0x0000, 0x0000, 0x0000, 0x0000, 0xc52b, 0x2102, 0x0000, 0x0000, 0x0000, 0x0000, 0x20e2, 0xac69, 0xddac, 0xddac, 0xc50b,
0x4a04, 0x0000, 0x0000, 0x0000, 0x0000, 0x0000, 0x0000, 0x0000, 0x0000, 0x0000, 0x0000, 0x0000, 0x0000, 0x0000, 0x0000, 0x0000,
0x0000, 0x0000, 0x0000, 0x0000, 0x0000, 0x0000, 0x0000, 0x0000, 0x0000, 0x0000, 0x0000, 0x0000, 0x0000, 0x0000, 0x0000, 0x0000,
0x0000, 0x0000, 0x0000, 0x0000, 0x0000, 0x0000, 0x0000, 0x0000, 0x0000, 0x0000, 0x0000, 0x0000, 0x0000, 0x0000, 0x0000, 0x0000,
0x0000, 0x0000, 0x0000, 0x0000, 0x0000, 0x0000, 0x0000, 0x0000, 0x0000, 0x0000, 0x0000, 0x0000, 0x0000, 0x0000, 0x0000, 0x0000,
0x0000, 0x0000, 0x0000, 0x0000, 0x0000, 0x0000, 0x0000, 0x0000, 0x0000, 0x0000, 0x0000, 0x0000, 0x0000, 0x0000, 0x0000, 0x0000,
0x0000, 0x0000, 0x0000, 0x0000, 0x0000, 0x0000, 0x0000, 0x0000, 0x0000, 0x0000, 0x0000, 0x0000, 0x0000, 0x0000, 0x0000, 0x0000,
0x0000, 0x0000, 0x0000, 0x0000, 0x0000, 0x0000, 0x0000, 0x0000, 0x0000, 0x0000, 0x0000, 0x0000, 0x0000, 0x0000, 0x0000, 0x0000,
0x0000, 0x0000, 0x0000, 0x0000, 0x0000, 0x0000, 0x0000, 0x0000, 0x0000, 0x0000, 0x0000, 0x0000, 0x0000, 0x0000, 0x0000, 0x0000,
0x0000, 0x0000, 0x0000, 0x0000, 0x0000, 0x0000, 0x0000, 0x0000, 0x0000, 0x0000, 0x0000, 0x0000, 0x0000, 0x0000, 0x0000, 0x0000,
0x0000, 0x0000, 0x0020, 0x0000, 0x0000, 0x0000, 0x0000, 0x0000, 0x0000, 0x0000, 0x0000, 0x0000, 0x0000, 0x0000, 0x0000, 0x0000,
0x0000, 0x0000, 0x0000, 0x0000, 0x0000, 0x0000, 0x0000, 0x0000, 0x0000, 0x0000, 0x0000, 0x0000, 0x0000, 0x0000, 0x0000, 0x0000,
0x0000, 0x0000, 0x0000, 0x0000, 0x0000, 0x0000, 0x0000, 0x0000, 0x0000, 0x0000, 0x0000, 0x0000, 0x0000, 0x0000, 0x0000, 0x0000,
0x0000, 0x0000, 0x0000, 0x0000, 0x0000, 0x0000, 0x0000, 0x0000, 0x0000, 0x0000, 0x0000, 0x0000, 0x0000, 0x0000, 0x0000, 0x0000,
0x0000, 0x0000, 0x0000, 0x0000, 0x0000, 0x0000, 0x0000, 0x0000, 0x0000, 0x0000, 0x0000, 0x0000, 0x0000, 0x0000, 0x0000, 0x0000,
0x0000, 0x0000, 0x0000, 0x0000, 0x0000, 0x0000, 0x0000, 0x0000, 0x0000, 0x0000, 0x0000, 0x0000, 0x0000, 0x0000, 0x0000, 0x0000,
0x18a1, 0xac69, 0x0000, 0x20e2, 0x8387, 0xbcea, 0x1081, 0x0000, 0x0820, 0xac69, 0x9c09, 0x20c1, 0x41c4, 0xac8a, 0x0820, 0x1081,
0x8ba8, 0xbcea, 0xc50b, 0xc50b, 0xc50b, 0xc52b, 0xcd4b, 0xd58c, 0x6ac6, 0x1061, 0x93a8, 0x0000, 0x0840, 0x18a1, 0x0020, 0xcd4b,
0x0820, 0x0000, 0x0000, 0x0840, 0x93e8, 0x0000, 0x0000, 0x41a3, 0x8367, 0x2922, 0xc52b, 0x2902, 0x0000, 0x0000, 0x0020, 0x0840,
0x0020, 0xc50b, 0x0000, 0x0000, 0x0000, 0x0000, 0x0000, 0x0000, 0x0000, 0x0000, 0x0000, 0x0000, 0x0000, 0x0000, 0x0000, 0x0000,
0x0000, 0x0000, 0x0000, 0x0000, 0x3143, 0xbcca, 0x0000, 0x0000, 0x0000, 0x0000, 0x0000, 0x0000, 0x0000, 0x0000, 0x0000, 0x0000,
0x0000, 0x0000, 0x0000, 0x0000, 0x0000, 0x0000, 0x0000, 0x0000, 0x0000, 0x0000, 0x0000, 0x0000, 0x0000, 0x0000, 0x0000, 0x0000,
0x0000, 0x0000, 0x0000, 0x0000, 0x0000, 0x0000, 0x0000, 0x0000, 0x0000, 0x0000, 0x0000, 0x0000, 0x0000, 0x0000, 0x0000, 0x0000,
0x0000, 0x0000, 0x0000, 0x0000, 0x0000, 0x0000, 0x0000, 0x0000, 0x0000, 0x0000, 0x0000, 0x0000, 0x0000, 0x0000, 0x0000, 0x0000,
0x0000, 0x0000, 0x0000, 0x0000, 0x0000, 0x0000, 0x0000, 0x0000, 0x0000, 0x0000, 0x0000, 0x0000, 0x0000, 0x0000, 0x0000, 0x0000,
0x0000, 0x0000, 0x0000, 0x0000, 0x0000, 0x0000, 0x0000, 0x0000, 0x0000, 0x0000, 0x0000, 0x0000, 0x0000, 0x0000, 0x0000, 0x0000,
0x0000, 0x0000, 0x0000, 0x0000, 0x0000, 0x0000, 0x0000, 0x0000, 0x0000, 0x0000, 0x0000, 0x0000, 0x0000, 0x0000, 0x0000, 0x0000,
0x0000, 0x0000, 0x0000, 0x0000, 0x0000, 0x0000, 0x0000, 0x0000, 0x0000, 0x0000, 0x0000, 0x0000, 0x0000, 0x0000, 0x0000, 0x0000,
0x0000, 0x0000, 0x0000, 0x0000, 0x0000, 0x0000, 0x0000, 0x0000, 0x0000, 0x0000, 0x0000, 0x0000, 0x0000, 0x0000, 0x0000, 0x0000,
0x0000, 0x0000, 0x0000, 0x0000, 0x0000, 0x0000, 0x0000, 0x0000, 0x0000, 0x0000, 0x0000, 0x0000, 0x0000, 0x0000, 0x0000, 0x0000,
0x0000, 0x0000, 0x0000, 0x0000, 0x0000, 0x0000, 0x0000, 0x0000, 0x0000, 0x0000, 0x0000, 0x0000, 0x0000, 0x0000, 0x0000, 0x0000,
0x0000, 0x0000, 0x0000, 0x0000, 0x0000, 0x0000, 0x0000, 0x0000, 0x0000, 0x0000, 0x0000, 0x0000, 0x0000, 0x0000, 0x0000, 0x0000,
0x0000, 0x0000, 0x0000, 0x0000, 0x0000, 0x0000, 0x0000, 0x0000, 0x0000, 0x0000, 0x0000, 0x0000, 0x0000, 0x0000, 0x0000, 0x0000,
0x0000, 0x0000, 0x0000, 0x0000, 0x0000, 0x0000, 0x0000, 0x0000, 0x0000, 0x0000, 0x0000, 0x0000, 0x0000, 0x0000, 0x0000, 0x0000,
0x0000, 0x0000, 0x0000, 0x0000, 0x0000, 0x0000, 0x0000, 0x0000, 0x0000, 0x0000, 0x0000, 0x0000, 0x0000, 0x0000, 0x0000, 0x0000,
0x0000, 0x0000, 0x0000, 0x0000, 0x0000, 0x0000, 0x0000, 0x0000, 0x0000, 0x0000, 0x0000, 0x0000, 0x0000, 0x0000, 0x0000, 0x0000,
0x18c1, 0x9be8, 0x0000, 0x72e6, 0x6285, 0x0020, 0x0000, 0x0000, 0x0000, 0x0000, 0x62a5, 0x41c4, 0x0000, 0x0840, 0x0000, 0x0000,
0x0000, 0x0000, 0x0000, 0x0000, 0x0000, 0x0000, 0x0000, 0x0000, 0x0000, 0x0000, 0x0000, 0x0000, 0x18c1, 0xbcca, 0xc50b, 0x9be8,
0x0000, 0x0000, 0x0000, 0x0000, 0x0000, 0x0000, 0x0000, 0x41a3, 0x7306, 0x8ba8, 0x2102, 0x0000, 0x0000, 0x0000, 0x1081, 0xb4aa,
0xbcca, 0x62a5, 0x0000, 0x0000, 0x0000, 0x0000, 0x0000, 0x0000, 0x0000, 0x0000, 0x0000, 0x0000, 0x0000, 0x0000, 0x0000, 0x0000,
0x0000, 0x0000, 0x0000, 0x0000, 0x8367, 0x5245, 0x0000, 0x0000, 0x0000, 0x0000, 0x0000, 0x0000, 0x0000, 0x0000, 0x0000, 0x0000,
0x0000, 0x0000, 0x0000, 0x0000, 0x0000, 0x0000, 0x0000, 0x0000, 0x0000, 0x0000, 0x0000, 0x0000, 0x0000, 0x0000, 0x0000, 0x0000,
0x0000, 0x0000, 0x0000, 0x0000, 0x0000, 0x0000, 0x0000, 0x0000, 0x0000, 0x0000, 0x0000, 0x0000, 0x0000, 0x0000, 0x0000, 0x0000,
0x0000, 0x0000, 0x0000, 0x0000, 0x0000, 0x0000, 0x0000, 0x0000, 0x0000, 0x0000, 0x0000, 0x0000, 0x0000, 0x0000, 0x0000, 0x0000,
0x0000, 0x0000, 0x0000, 0x0000, 0x0000, 0x0000, 0x0000, 0x0000, 0x0000, 0x0000, 0x0000, 0x0000, 0x0000, 0x0000, 0x0000, 0x0000,
0x0000, 0x0000, 0x0000, 0x0000, 0x0000, 0x0000, 0x0000, 0x0000, 0x0000, 0x0000, 0x0000, 0x0000, 0x0000, 0x0000, 0x0000, 0x0000,
0x0000, 0x0000, 0x0000, 0x0000, 0x0000, 0x0000, 0x0000, 0x0000, 0x0000, 0x0000, 0x0000, 0x0000, 0x0000, 0x0000, 0x0000, 0x0000,
0x0000, 0x0000, 0x0000, 0x0000, 0x0000, 0x0000, 0x0000, 0x0000, 0x0000, 0x0000, 0x0000, 0x0000, 0x0000, 0x0000, 0x0000, 0x0000,
0x0000, 0x0000, 0x0000, 0x0000, 0x0000, 0x0000, 0x0000, 0x0000, 0x0000, 0x0000, 0x0000, 0x0000, 0x0000, 0x0000, 0x0000, 0x0000,
0x0000, 0x0000, 0x0000, 0x0000, 0x0000, 0x0000, 0x0000, 0x0000, 0x0000, 0x0000, 0x0000, 0x0000, 0x0000, 0x0000, 0x0000, 0x0000,
0x0000, 0x0000, 0x0000, 0x0000, 0x0000, 0x0000, 0x0000, 0x0000, 0x0000, 0x0000, 0x0000, 0x0000, 0x0000, 0x0000, 0x0000, 0x0000,
0x0000, 0x0000, 0x0000, 0x0000, 0x0000, 0x0000, 0x0000, 0x0000, 0x0000, 0x0000, 0x0000, 0x0000, 0x0000, 0x0000, 0x0000, 0x0000,
0x0000, 0x0000, 0x0000, 0x0000, 0x0000, 0x0000, 0x0000, 0x0000, 0x0000, 0x0000, 0x0000, 0x0000, 0x0000, 0x0000, 0x0000, 0x0000,
0x0000, 0x0000, 0x0000, 0x0000, 0x0000, 0x0000, 0x0000, 0x0000, 0x0000, 0x0000, 0x0000, 0x0000, 0x0000, 0x0000, 0x0000, 0x0000,
0x0000, 0x0000, 0x0000, 0x0000, 0x0000, 0x0000, 0x0000, 0x0000, 0x0000, 0x0000, 0x0000, 0x0000, 0x0000, 0x0000, 0x0000, 0x0000,
0x0000, 0x0000, 0x0000, 0x0000, 0x0000, 0x0000, 0x0000, 0x0000, 0x0000, 0x0000, 0x0000, 0x0000, 0x0000, 0x0000, 0x0000, 0x0000,
0x0000, 0x0000, 0x0000, 0x0000, 0x0000, 0x0000, 0x0000, 0x0000, 0x0000, 0x0000, 0x0000, 0x0000, 0x0000, 0x0000, 0x0000, 0x0000,
0x0000, 0x0000, 0x0000, 0x0000, 0x0000, 0x0000, 0x0000, 0x0000, 0x0000, 0x0000, 0x0000, 0x0000, 0x0000, 0x0000, 0x0000, 0x0000,
0x0000, 0x0000, 0x0000, 0x0000, 0x0000, 0x0000, 0x0000, 0x0000, 0x0000, 0x0000, 0x0000, 0x0000, 0x0000, 0x0000, 0x0000, 0x0000,
0x0000, 0x0000, 0x0000, 0x0000, 0x0000, 0x0000, 0x0000, 0x0000, 0x0000, 0x0000, 0x0000, 0x0000, 0x0000, 0x0000, 0x0000, 0x0000,
0x0000, 0x0000, 0x0000, 0x0000, 0x0000, 0x0000, 0x0000, 0x0000, 0x0000, 0x0000, 0x0000, 0x0000, 0x0000, 0x0000, 0x0000, 0x0000,
0x0000, 0x0000, 0x0000, 0x0000, 0x0000, 0x0000, 0x0000, 0x0000, 0x0000, 0x0000, 0x0000, 0x0000, 0x0000, 0x0000, 0x0000, 0x0000,
0x0000, 0x0000, 0x0000, 0x0000, 0x0000, 0x0000, 0x0000, 0x0000, 0x0000, 0x0000, 0x0000, 0x0000, 0x0000, 0x0000, 0x0000, 0x0000,
0x0000, 0x0000, 0x0000, 0x0000, 0x0000, 0x0000, 0x0000, 0x0000, 0x0000, 0x0000, 0x0000, 0x0000, 0x0000, 0x0000, 0x0000, 0x0000,
0x0000, 0x0000, 0x0000, 0x0000, 0x0000, 0x0000, 0x0000, 0x0000, 0x0000, 0x0000, 0x0000, 0x0000, 0x0000, 0x0000, 0x0000, 0x0000,
0x0000, 0x0000, 0x0000, 0x0000, 0x0000, 0x0000, 0x0000, 0x0000, 0x0000, 0x0000, 0x0000, 0x0000, 0x0000, 0x0000, 0x0000, 0x0000,
0x0000, 0x0000, 0x0000, 0x0000, 0x0000, 0x0000, 0x0000, 0x0000, 0x0000, 0x0000, 0x0000, 0x0000, 0x0000, 0x0000, 0x0000, 0x0000,
0x0000, 0x0000, 0x0000, 0x0000, 0x0000, 0x0000, 0x0000, 0x0000, 0x0000, 0x0000, 0x0000, 0x0000, 0x0000, 0x0000, 0x0000, 0x0000,
0x0000, 0x0000, 0x0000, 0x0000, 0x0000, 0x0000, 0x0000, 0x0000, 0x0000, 0x0000, 0x0000, 0x0000, 0x0000, 0x0000, 0x0000, 0x0000,
0x0000, 0x0000, 0x0000, 0x0000, 0x0000, 0x0000, 0x0000, 0x0000, 0x0000, 0x0000, 0x0000, 0x0000, 0x0000, 0x0000, 0x0000, 0x0000,
0x0000, 0x0000, 0x0000, 0x0000, 0x0000, 0x0000, 0x0000, 0x0000, 0x0000, 0x0000, 0x0000, 0x0000, 0x0000, 0x0000, 0x0000, 0x0000,
0x0000, 0x0000, 0x0000, 0x0000, 0x0000, 0x0000, 0x0000, 0x0000, 0x0000, 0x0000, 0x0000, 0x0000, 0x0000, 0x0000, 0x0000, 0x0000,
0x0000, 0x0000, 0x0000, 0x0000, 0x0000, 0x0000, 0x0000, 0x0000, 0x0000, 0x0000, 0x0000, 0x0000, 0x0000, 0x0000, 0x0000, 0x0000,
0x0000, 0x0000, 0x0000, 0x0000, 0x0000, 0x0000, 0x0000, 0x0000, 0x0000, 0x0000, 0x0000, 0x0000, 0x0000, 0x0000, 0x0000, 0x0000,
0x0000, 0x0000, 0x0000, 0x0000, 0x0000, 0x0000, 0x0000, 0x0000, 0x0000, 0x0000, 0x0000, 0x0000, 0x0000, 0x0000, 0x0000, 0x0000,
0x0000, 0x0000, 0x0000, 0x0000, 0x0000, 0x0000, 0x0000, 0x0000, 0x0000, 0x0000, 0x0000, 0x0000, 0x0000, 0x0000, 0x0000, 0x0000,
0x0000, 0x0000, 0x0000, 0x0000, 0x0000, 0x0000, 0x0000, 0x0000, 0x0000, 0x0000, 0x0000, 0x0000, 0x0000, 0x0000, 0x0000, 0x0000,
0x0000, 0x0000, 0x0000, 0x0000, 0x0000, 0x0000, 0x0000, 0x0000, 0x0000, 0x0000, 0x0000, 0x0000, 0x0000, 0x0000, 0x0000, 0x0000,
0x0000, 0x0000, 0x0000, 0x0000, 0x0000, 0x0000, 0x0000, 0x0000, 0x0000, 0x0000, 0x0000, 0x0000, 0x0000, 0x0000, 0x0000, 0x0000,
0x0000, 0x0000, 0x0000, 0x0000, 0x0000, 0x0000, 0x0000, 0x0000, 0x0000, 0x0000, 0x0000, 0x0000, 0x0000, 0x0000, 0x0000, 0x0000,
0x0000, 0x0000, 0x0000, 0x0000, 0x0000, 0x0000, 0x0000, 0x0000, 0x0000, 0x0000, 0x0000, 0x0000, 0x0000, 0x0000, 0x0000, 0x0000,
0x0000, 0x0000, 0x0000, 0x0000, 0x0000, 0x0000, 0x0000, 0x0000, 0x0000, 0x0000, 0x0000, 0x0000, 0x0000, 0x0000, 0x0000, 0x0000,
0x0000, 0x0000, 0x0000, 0x0000, 0x0000, 0x0000, 0x0000, 0x0000, 0x0000, 0x0000, 0x0000, 0x0000, 0x0000, 0x0000, 0x0000, 0x0000,
0x0000, 0x0000, 0x0000, 0x0000, 0x0000, 0x0000, 0x0000, 0x0000, 0x0000, 0x0000, 0x0000, 0x0000, 0x0000, 0x0000, 0x0000, 0x0000,
0x0000, 0x0000, 0x0000, 0x0000, 0x0000, 0x0000, 0x0000, 0x0000, 0x0000, 0x0000, 0x0000, 0x0000, 0x0000, 0x0000, 0x0000, 0x0000,
0x0000, 0x0000, 0x0000, 0x0000, 0x0000, 0x0000, 0x0000, 0x0000, 0x0000, 0x0000, 0x0000, 0x0000, 0x0000, 0x0000, 0x0000, 0x0000,
0x0000, 0x0000, 0x0000, 0x0000, 0x0000, 0x0000, 0x0000, 0x0000, 0x0000, 0x0000, 0x0000, 0x0000, 0x0000, 0x0000, 0x0000, 0x0000,
0x0000, 0x0000, 0x0000, 0x0000, 0x0000, 0x0000, 0x0000, 0x0000, 0x0000, 0x0000, 0x0000, 0x0000, 0x0000, 0x0000, 0x0000, 0x0000,
0x0000, 0x0000, 0x0000, 0x0000, 0x0000, 0x0000, 0x0000, 0x0000, 0x0000, 0x0000, 0x0000, 0x0000, 0x0000, 0x0000, 0x0000, 0x0000,
0x0000, 0x0000, 0x0000, 0x0000, 0x0000, 0x0000, 0x0000, 0x0000, 0x0000, 0x0000, 0x0000, 0x0000, 0x0000, 0x0000, 0x0000, 0x0000,
0x0000, 0x0000, 0x0000, 0x0000, 0x0000, 0x0000, 0x0000, 0x0000, 0x0000, 0x0000, 0x0000, 0x0000, 0x0000, 0x0000, 0x0000, 0x0000,
0x0000, 0x0000, 0x0000, 0x0000, 0x0000, 0x0000, 0x0000, 0x0000, 0x0000, 0x0000, 0x0000, 0x0000, 0x0000, 0x0000, 0x0000, 0x0000,
0x0000, 0x0000, 0x0000, 0x0000, 0x0000, 0x0000, 0x0000, 0x0000, 0x0000, 0x0000, 0x0000, 0x0000, 0x0000, 0x0000, 0x0000, 0x0000,
0x0000, 0x0000, 0x0000, 0x0000, 0x0000, 0x0000, 0x0000, 0x0000, 0x0000, 0x0000, 0x0000, 0x0000, 0x0000, 0x0000, 0x0000, 0x0000,
0x0000, 0x0000, 0x0000, 0x0000, 0x0000, 0x0000, 0x0000, 0x0000, 0x0000, 0x0000, 0x0000, 0x0000, 0x0000, 0x0000, 0x0000, 0x0000,
0x0000, 0x0000, 0x0000, 0x0000, 0x0000, 0x0000, 0x0000, 0x0000, 0x0000, 0x0000, 0x0000, 0x0000, 0x0000, 0x0000, 0x0000, 0x0000,
0x0000, 0x0000, 0x0000, 0x0000, 0x0000, 0x0000, 0x0000, 0x0000, 0x0000, 0x0000, 0x0000, 0x0000, 0x0000, 0x0000, 0x0000, 0x0000,
0x0000, 0x0000, 0x0000, 0x0000, 0x0000, 0x0000, 0x0000, 0x0000, 0x0000, 0x0000, 0x0000, 0x0000, 0x0000, 0x0000, 0x0000, 0x0000,
0x0000, 0x0000, 0x0000, 0x0000, 0x0000, 0x0000, 0x0000, 0x0000, 0x0000, 0x0000, 0x0000, 0x0000, 0x0000, 0x0000, 0x0000, 0x0000,
0x0000, 0x0000, 0x0000, 0x0000, 0x0000, 0x0000, 0x0000, 0x0000, 0x0000, 0x0000, 0x0000, 0x0000, 0x0000, 0x0000, 0x0000, 0x0000,
0x0000, 0x0000, 0x0000, 0x0000, 0x0000, 0x0000, 0x0000, 0x0000, 0x0000, 0x0000, 0x0000, 0x0000, 0x0000, 0x0000, 0x0000, 0x0000,
0x0000, 0x0000, 0x0000, 0x0000, 0x0000, 0x0000, 0x0000, 0x0000, 0x0000, 0x0000, 0x0000, 0x0000, 0x0000, 0x0000, 0x0000, 0x0000,
0x0000, 0x0000, 0x0000, 0x0000, 0x0000, 0x0000, 0x0000, 0x0000, 0x0000, 0x0000, 0x0000, 0x0000, 0x0000, 0x0000, 0x0000, 0x0000,
0x0000, 0x0000, 0x0000, 0x0000, 0x0000, 0x0000, 0x0000, 0x0000, 0x0000, 0x0000, 0x0000, 0x0000, 0x0000, 0x0000, 0x0000, 0x0000,
0x0000, 0x0000, 0x0000, 0x0000, 0x0000, 0x0000, 0x0000, 0x0000, 0x0000, 0x0000, 0x0000, 0x0000, 0x0000, 0x0000, 0x0000, 0x0000,
0x0000, 0x0000, 0x0000, 0x0000, 0x0000, 0x0000, 0x0000, 0x0000, 0x0000, 0x0000, 0x0000, 0x0000, 0x0000, 0x0000, 0x0000, 0x0000,
0x0000, 0x0000, 0x0000, 0x0000, 0x0000, 0x0000, 0x0000, 0x0000, 0x0000, 0x0000, 0x0000, 0x0000, 0x0000, 0x0000, 0x0000, 0x0000,
0x0000, 0x0000, 0x0000, 0x0000, 0x0000, 0x0000, 0x0000, 0x0000, 0x0000, 0x0000, 0x0000, 0x0000, 0x0000, 0x0000, 0x0000, 0x0000,
0x0000, 0x0000, 0x0000, 0x0000, 0x0000, 0x0000, 0x0000, 0x0000, 0x0000, 0x0000, 0x0000, 0x0000, 0x0000, 0x0000, 0x0000, 0x0000,
0x0000, 0x0000, 0x0000, 0x0000, 0x0000, 0x0000, 0x0000, 0x0000, 0x0000, 0x0000, 0x0000, 0x0000, 0x0000, 0x0000, 0x0000, 0x0000,
0x0000, 0x0000, 0x0000, 0x0000, 0x0000, 0x0000, 0x0000, 0x0000, 0x0000, 0x0000, 0x0000, 0x0000, 0x0000, 0x0000, 0x0000, 0x0000,
0x0000, 0x0000, 0x0000, 0x0000, 0x0000, 0x0000, 0x0000, 0x0000, 0x0000, 0x0000, 0x0000, 0x0000, 0x0000, 0x0000, 0x0000, 0x0000,
0x0000, 0x0000, 0x0000, 0x0000, 0x0000, 0x0000, 0x0000, 0x0000, 0x0000, 0x0000, 0x0000, 0x0000, 0x0000, 0x0000, 0x0000, 0x0000,
0x0000, 0x0000, 0x0000, 0x0000, 0x0000, 0x0000, 0x0000, 0x0000, 0x0000, 0x0000, 0x0000, 0x0000, 0x0000, 0x0000, 0x0000, 0x0000,
0x0000, 0x0000, 0x0000, 0x0000, 0x0000, 0x0000, 0x0000, 0x0000, 0x0000, 0x0000, 0x0000, 0x0000, 0x0000, 0x0000, 0x0000, 0x0000,
0x0000, 0x0000, 0x0000, 0x0000, 0x0000, 0x0000, 0x0000, 0x0000, 0x0000, 0x0000, 0x0000, 0x0000, 0x0000, 0x0000, 0x0000, 0x0000,
0x0000, 0x0000, 0x0000, 0x0000, 0x0000, 0x0000, 0x0000, 0x0000, 0x0000, 0x0000, 0x0000, 0x0000, 0x0000, 0x0000, 0x0000, 0x0000,
0x0000, 0x0000, 0x0000, 0x0000, 0x0000, 0x0000, 0x0000, 0x0000, 0x0000, 0x0000, 0x0000, 0x0000, 0x0000, 0x0000, 0x0000, 0x0000,
0x0000, 0x0000, 0x0000, 0x0000, 0x0000, 0x0000, 0x0000, 0x0000, 0x0000, 0x0000, 0x0000, 0x0000, 0x0000, 0x0000, 0x0000, 0x0000,
0x0000, 0x0000, 0x0000, 0x0000, 0x0000, 0x0000, 0x0000, 0x0000, 0x0000, 0x0000, 0x0000, 0x0000, 0x0000, 0x0000, 0x0000, 0x0000,
0x0000, 0x0000, 0x0000, 0x0000, 0x0000, 0x0000, 0x0000, 0x0000, 0x0000, 0x0000, 0x0000, 0x0000, 0x0000, 0x0000, 0x0000, 0x0000,
0x0000, 0x0000, 0x0000, 0x0000, 0x0000, 0x0000, 0x0000, 0x0000, 0x0000, 0x0000, 0x0000, 0x0000, 0x0000, 0x0000, 0x0000, 0x0000,
0x0000, 0x0000, 0x0000, 0x0000, 0x0000, 0x0000, 0x0000, 0x0000, 0x0000, 0x0000, 0x0000, 0x0000, 0x0000, 0x0000, 0x0000, 0x0000,
0x0000, 0x0000, 0x0000, 0x0000, 0x0000, 0x0000, 0x0000, 0x0000, 0x0000, 0x0000, 0x0000, 0x0000, 0x0000, 0x0000, 0x0000, 0x0000,
0x0000, 0x0000, 0x0000, 0x0000, 0x0000, 0x0000, 0x0000, 0x0000, 0x0000, 0x0000, 0x0000, 0x0000, 0x0000, 0x0000, 0x0000, 0x0000,
0x0000, 0x0000, 0x0000, 0x0000, 0x0000, 0x0000, 0x0000, 0x0000, 0x0000, 0x0000, 0x0000, 0x0000, 0x0000, 0x0000, 0x0000, 0x0000,
0x0000, 0x0000, 0x0000, 0x0000, 0x0000, 0x0000, 0x0000, 0x0000, 0x0000, 0x0000, 0x0000, 0x0000, 0x0000, 0x0000, 0x0000, 0x0000,
0x0000, 0x0000, 0x0000, 0x0000, 0x0000, 0x0000, 0x0000, 0x0000, 0x0000, 0x0000, 0x0000, 0x0000, 0x0000, 0x0000, 0x0000, 0x0000,
0x0000, 0x0000, 0x0000, 0x0000, 0x0000, 0x0000, 0x0000, 0x0000, 0x0000, 0x0000, 0x0000, 0x0000, 0x0000, 0x0000, 0x0000, 0x0000,
0x0000, 0x0000, 0x0000, 0x0000, 0x0000, 0x0000, 0x0000, 0x0000, 0x0000, 0x0000, 0x0000, 0x0000, 0x0000, 0x0000, 0x0000, 0x0000,
0x0000, 0x0000, 0x0000, 0x0000, 0x0000, 0x0000, 0x0000, 0x0000, 0x0000, 0x0000, 0x0000, 0x0000, 0x0000, 0x0000, 0x0000, 0x0000,
0x0000, 0x0000, 0x0000, 0x0000, 0x0000, 0x0000, 0x0000, 0x0000, 0x0000, 0x0000, 0x0000, 0x0000, 0x0000, 0x0000, 0x0000, 0x0000,
0x0000, 0x0000, 0x0000, 0x0000, 0x0000, 0x0000, 0x0000, 0x0000, 0x0000, 0x0000, 0x0000, 0x0000, 0x0000, 0x0000, 0x0000, 0x0000,
0x0000, 0x0000, 0x0000, 0x0000, 0x0000, 0x0000, 0x0000, 0x0000, 0x0000, 0x0000, 0x0000, 0x0000, 0x0000, 0x0000, 0x0000, 0x0000,
0x0000, 0x0000, 0x0000, 0x0000, 0x0000, 0x0000, 0x0000, 0x0000, 0x0000, 0x0000, 0x0000, 0x0000, 0x0000, 0x0000, 0x0000, 0x0000,
0x0000, 0x0000, 0x0000, 0x0000, 0x0000, 0x0000, 0x0000, 0x0000, 0x0000, 0x0000, 0x0000, 0x0000, 0x0000, 0x0000, 0x0000, 0x0000,
0x0000, 0x0000, 0x0000, 0x0000, 0x0000, 0x0000, 0x0000, 0x0000, 0x0000, 0x0000, 0x0000, 0x0000, 0x0000, 0x0000, 0x0000, 0x0000,
0x0000, 0x0000, 0x0000, 0x0000, 0x0000, 0x0000, 0x0000, 0x0000, 0x0000, 0x0000, 0x0000, 0x0000, 0x0000, 0x0000, 0x0000, 0x0000,
0x0000, 0x0000, 0x0000, 0x0000, 0x0000, 0x0000, 0x0000, 0x0000, 0x0000, 0x0000, 0x0000, 0x0000, 0x0000, 0x0000, 0x0000, 0x0000,
0x0000, 0x0000, 0x0000, 0x0000, 0x0000, 0x0000, 0x0000, 0x0000, 0x0000, 0x0000, 0x0000, 0x0000, 0x0000, 0x0000, 0x0000, 0x0000,
0x0000, 0x0000, 0x0000, 0x0000, 0x0000, 0x0000, 0x0000, 0x0000, 0x0000, 0x0000, 0x0000, 0x0000, 0x0000, 0x0000, 0x0000, 0x0000,
0x0000, 0x0000, 0x0000, 0x0000, 0x0000, 0x0000, 0x0000, 0x0000, 0x0000, 0x0000, 0x0000, 0x0000, 0x0000, 0x0000, 0x0000, 0x0000,
0x0000, 0x0000, 0x0000, 0x0000, 0x0000, 0x0000, 0x0000, 0x0000, 0x0000, 0x0000, 0x0000, 0x0000, 0x0000, 0x0000, 0x0000, 0x0000,
0x0000, 0x0000, 0x0000, 0x0000, 0x0000, 0x0000, 0x0000, 0x0000, 0x0000, 0x0000, 0x0000, 0x0000, 0x0000, 0x0000, 0x0000, 0x0000,
0x0000, 0x0000, 0x0000, 0x0000, 0x0000, 0x0000, 0x0000, 0x0000, 0x0000, 0x0000, 0x0000, 0x0000, 0x0000, 0x0000, 0x0000, 0x0000,
0x0000, 0x0000, 0x0000, 0x0000, 0x0000, 0x0000, 0x0000, 0x0000, 0x0000, 0x0000, 0x0000, 0x0000, 0x0000, 0x0000, 0x0000, 0x0000,
0x0000, 0x0000, 0x0000, 0x0000, 0x0000, 0x0000, 0x0000, 0x0000, 0x0000, 0x0000, 0x0000, 0x0000, 0x0000, 0x0000, 0x0000, 0x0000,
0x0000, 0x0000, 0x0000, 0x0000, 0x0000, 0x0000, 0x0000, 0x0000, 0x0000, 0x0000, 0x0000, 0x0000, 0x0000, 0x0000, 0x0000, 0x0000,
0x0000, 0x0000, 0x0000, 0x0000, 0x0000, 0x0000, 0x0000, 0x0000, 0x0000, 0x0000, 0x0000, 0x0000, 0x0000, 0x0000, 0x0000, 0x0000,
0x0000, 0x0000, 0x0000, 0x0000, 0x0000, 0x0000, 0x0000, 0x0000, 0x0000, 0x0000, 0x0000, 0x0000, 0x0000, 0x0000, 0x0000, 0x0000,
0x0000, 0x0000, 0x0000, 0x0000, 0x0000, 0x0000, 0x0000, 0x0000, 0x0000, 0x0000, 0x0000, 0x0000, 0x0000, 0x0000, 0x0000, 0x0000,
0x0000, 0x0000, 0x0000, 0x0000, 0x0000, 0x0000, 0x0000, 0x0000, 0x0000, 0x0000, 0x0000, 0x0000, 0x0000, 0x0000, 0x0000, 0x0000,
0x0000, 0x0000, 0x0000, 0x0000, 0x0000, 0x0000, 0x0000, 0x0000, 0x0000, 0x0000, 0x0000, 0x0000, 0x0000, 0x0000, 0x0000, 0x0000,
0x0000, 0x0000, 0x0000, 0x0000, 0x0000, 0x0000, 0x0000, 0x0000, 0x0000, 0x0000, 0x0000, 0x0000, 0x0000, 0x0000, 0x0000, 0x0000,
0x0000, 0x0000, 0x0000, 0x0000, 0x0000, 0x0000, 0x0000, 0x0000, 0x0000, 0x0000, 0x0000, 0x0000, 0x0000, 0x0000, 0x0000, 0x0000,
0x0000, 0x0000, 0x0000, 0x0000, 0x0000, 0x0000, 0x0000, 0x0000, 0x0000, 0x0000, 0x0000, 0x0000, 0x0000, 0x0000, 0x0000, 0x0000,
0x0000, 0x0000, 0x0000, 0x0000, 0x0000, 0x0000, 0x0000, 0x0000, 0x0000, 0x0000, 0x0000, 0x0000, 0x0000, 0x0000, 0x0000, 0x0000,
0x0000, 0x0000, 0x0000, 0x0000, 0x0000, 0x0000, 0x0000, 0x0000, 0x0000, 0x0000, 0x0000, 0x0000, 0x0000, 0x0000, 0x0000, 0x0000,
0x0000, 0x0000, 0x0000, 0x0000, 0x0000, 0x0000, 0x0000, 0x0000, 0x0000, 0x0000, 0x0000, 0x0000, 0x0000, 0x0000, 0x0000, 0x0000,
0x0000, 0x0000, 0x0000, 0x0000, 0x0000, 0x0000, 0x0000, 0x0000, 0x0000, 0x0000, 0x0000, 0x0000, 0x0000, 0x0000, 0x0000, 0x0000,
0x0000, 0x0000, 0x0000, 0x0000, 0x0000, 0x0000, 0x0000, 0x0000, 0x0000, 0x0000, 0x0000, 0x0000, 0x0000, 0x0000, 0x0000, 0x0000,
0x0000, 0x0000, 0x0000, 0x0000, 0x0000, 0x0000, 0x0000, 0x0000, 0x0000, 0x0000, 0x0000, 0x0000, 0x0000, 0x0000, 0x0000, 0x0000,
0x0000, 0x0000, 0x0000, 0x0000, 0x0000, 0x0000, 0x0000, 0x0000, 0x0000, 0x0000, 0x0000, 0x0000, 0x0000, 0x0000, 0x0000, 0x0000,
0x0000, 0x0000, 0x0000, 0x0000, 0x0000, 0x0000, 0x0000, 0x0000, 0x0000, 0x0000, 0x0000, 0x0000, 0x0000, 0x0000, 0x0000, 0x0000,
0x0000, 0x0000, 0x0000, 0x0000, 0x0000, 0x0000, 0x0000, 0x0000, 0x0000, 0x0000, 0x0000, 0x0000, 0x0000, 0x0000, 0x0000, 0x0000,
0x0000, 0x0000, 0x0000, 0x0000, 0x0000, 0x0000, 0x0000, 0x0000, 0x0000, 0x0000, 0x0000, 0x0000, 0x0000, 0x0000, 0x0000, 0x0000,
0x0000, 0x0000, 0x0000, 0x0000, 0x0000, 0x0000, 0x0000, 0x0000, 0x0000, 0x0000, 0x0000, 0x0000, 0x0000, 0x0000, 0x0000, 0x0000,
0x0000, 0x0000, 0x0000, 0x0000, 0x0000, 0x0000, 0x0000, 0x0000, 0x0000, 0x0000, 0x0000, 0x0000, 0x0000, 0x0000, 0x0000, 0x0000,
0x0000, 0x0000, 0x0000, 0x0000, 0x0000, 0x0000, 0x0000, 0x0000, 0x0000, 0x0000, 0x0000, 0x0000, 0x0000, 0x0000, 0x0000, 0x0000,
0x0000, 0x0000, 0x0000, 0x0000, 0x0000, 0x0000, 0x0000, 0x0000, 0x0000, 0x0000, 0x0000, 0x0000, 0x0000, 0x0000, 0x0000, 0x0000,
0x0000, 0x0000, 0x0000, 0x0000, 0x0000, 0x0000, 0x0000, 0x0000, 0x0000, 0x0000, 0x0000, 0x0000, 0x0000, 0x0000, 0x0000, 0x0000,
0x0000, 0x0000, 0x0000, 0x0000, 0x0000, 0x0000, 0x0000, 0x0000, 0x0000, 0x0000, 0x0000, 0x0000, 0x0000, 0x0000, 0x0000, 0x0000,
0x0000, 0x0000, 0x0000, 0x0000, 0x0000, 0x0000, 0x0000, 0x0000, 0x0000, 0x0000, 0x0000, 0x0000, 0x0000, 0x0000, 0x0000, 0x0000,
0x0000, 0x0000, 0x0000, 0x0000, 0x0000, 0x0000, 0x0000, 0x0000, 0x0000, 0x0000, 0x0000, 0x0000, 0x0000, 0x0000, 0x0000, 0x0000,
0x0000, 0x0000, 0x0000, 0x0000, 0x0000, 0x0000, 0x0000, 0x0000, 0x0000, 0x0000, 0x0000, 0x0000, 0x0000, 0x0000, 0x0000, 0x0000,
0x0000, 0x0000, 0x0000, 0x0000, 0x0000, 0x0000, 0x0000, 0x0000, 0x0000, 0x0000, 0x0000, 0x0000, 0x0000, 0x0000, 0x0000, 0x0000,
0x0000, 0x0000, 0x0000, 0x0000, 0x0000, 0x0000, 0x0000, 0x0000, 0x0000, 0x0000, 0x0000, 0x0000, 0x0000, 0x0000, 0x0000, 0x0000,
0x0000, 0x0000, 0x0000, 0x0000, 0x0000, 0x0000, 0x0000, 0x0000, 0x0000, 0x0000, 0x0000, 0x0000, 0x0000, 0x0000, 0x0000, 0x0000,
0x0000, 0x0000, 0x0000, 0x0000, 0x0000, 0x0000, 0x0000, 0x0000, 0x0000, 0x0000, 0x0000, 0x0000, 0x0000, 0x0000, 0x0000, 0x0000,
0x0000, 0x0000, 0x0000, 0x0000, 0x0000, 0x0000, 0x0000, 0x0000, 0x0000, 0x0000, 0x0000, 0x0000, 0x0000, 0x0000, 0x0000, 0x0000,
0x0000, 0x0000, 0x0000, 0x0000, 0x0000, 0x0000, 0x0000, 0x0000, 0x0000, 0x0000, 0x0000, 0x0000, 0x0000, 0x0000, 0x0000, 0x0000,
0x0000, 0x0000, 0x0000, 0x0000, 0x0000, 0x0000, 0x0000, 0x0000, 0x0000, 0x0000, 0x0000, 0x0000, 0x0000, 0x0000, 0x0000, 0x0000,
0x0000, 0x0000, 0x0000, 0x0000, 0x0000, 0x0000, 0x0000, 0x0000, 0x0000, 0x0000, 0x0000, 0x0000, 0x0000, 0x0000, 0x0000, 0x0000,
0x0000, 0x0000, 0x0000, 0x0000, 0x0000, 0x0000, 0x0000, 0x0000, 0x0000, 0x0000, 0x0000, 0x0000, 0x0000, 0x0000, 0x0000, 0x0000,
0x0000, 0x0000, 0x0000, 0x0000, 0x0000, 0x0000, 0x0000, 0x0000, 0x0000, 0x0000, 0x0000, 0x0000, 0x0000, 0x0000, 0x0000, 0x0000,
0x0000, 0x0000, 0x0000, 0x0000, 0x0000, 0x0000, 0x0000, 0x0000, 0x0000, 0x0000, 0x0000, 0x0000, 0x0000, 0x0000, 0x0000, 0x0000,
0x0000, 0x0000, 0x0000, 0x0000, 0x0000, 0x0000, 0x0000, 0x0000, 0x0000, 0x0000, 0x0000, 0x0000, 0x0000, 0x0000, 0x0000, 0x0000,
0x0000, 0x0000, 0x0000, 0x0000, 0x0000, 0x0000, 0x0000, 0x0000, 0x0000, 0x0000, 0x0000, 0x0000, 0x0000, 0x0000, 0x0000, 0x0000,
0x0000, 0x0000, 0x0000, 0x0000, 0x0000, 0x0000, 0x0000, 0x0000, 0x0000, 0x0000, 0x0000, 0x0000, 0x0000, 0x0000, 0x0000, 0x0000,
0x0000, 0x0000, 0x0000, 0x0000, 0x0000, 0x0000, 0x0000, 0x0000, 0x0000, 0x0000, 0x0000, 0x0000, 0x0000, 0x0000, 0x0000, 0x0000,
0x0000, 0x0000, 0x0000, 0x0000, 0x0000, 0x0000, 0x0000, 0x0000, 0x0000, 0x0000, 0x0000, 0x0000, 0x0000, 0x0000, 0x0000, 0x0000,
0x0000, 0x0000, 0x0000, 0x0000, 0x0000, 0x0000, 0x0000, 0x0000, 0x0000, 0x0000, 0x0000, 0x0000, 0x0000, 0x0000, 0x0000, 0x0000,
0x0000, 0x0000, 0x0000, 0x0000, 0x0000, 0x0000, 0x0000, 0x0000, 0x0000, 0x0000, 0x0000, 0x0000, 0x0000, 0x0000, 0x0000, 0x0000,
0x0000, 0x0000, 0x0000, 0x0000, 0x0000, 0x0000, 0x0000, 0x0000, 0x0000, 0x0000, 0x0000, 0x0000, 0x0000, 0x0000, 0x0000, 0x0000,
0x0000, 0x0000, 0x0000, 0x0000, 0x0000, 0x0000, 0x0000, 0x0000, 0x0000, 0x0000, 0x0000, 0x0000, 0x0000, 0x0000, 0x0000, 0x0000,
0x0000, 0x0000, 0x0000, 0x0000, 0x0000, 0x0000, 0x0000, 0x0000, 0x0000, 0x0000, 0x0000, 0x0000, 0x0000, 0x0000, 0x0000, 0x0000,
0x0000, 0x0000, 0x0000, 0x0000, 0x0000, 0x0000, 0x0000, 0x0000, 0x0000, 0x0000, 0x0000, 0x0000, 0x0000, 0x0000, 0x0000, 0x0000,
0x0000, 0x0000, 0x0000, 0x0000, 0x0000, 0x0000, 0x0000, 0x0000, 0x0000, 0x0000, 0x0000, 0x0000, 0x0000, 0x0000, 0x0000, 0x0000,
0x0000, 0x0000, 0x0000, 0x0000, 0x0000, 0x0000, 0x0000, 0x0000, 0x0000, 0x0000, 0x0000, 0x0000, 0x0000, 0x0000, 0x0000, 0x0000,
0x0000, 0x0000, 0x0000, 0x0000, 0x0000, 0x0000, 0x0000, 0x0000, 0x0000, 0x0000, 0x0000, 0x0000, 0x0000, 0x0000, 0x0000, 0x0000,
0x0000, 0x0000, 0x0000, 0x0000, 0x0000, 0x0000, 0x0000, 0x0000, 0x0000, 0x0000, 0x0000, 0x0000, 0x0000, 0x0000, 0x0000, 0x0000,
0x0000, 0x0000, 0x0000, 0x0000, 0x0000, 0x0000, 0x0000, 0x0000, 0x0000, 0x0000, 0x0000, 0x0000, 0x0000, 0x0000, 0x0000, 0x0000,
0x0000, 0x0000, 0x0000, 0x0000, 0x0000, 0x0000, 0x0000, 0x0000, 0x0000, 0x0000, 0x0000, 0x0000, 0x0000, 0x0000, 0x0000, 0x0000,
0x0000, 0x0000, 0x0000, 0x0000, 0x0000, 0x0000, 0x0000, 0x0000, 0x0000, 0x0000, 0x0000, 0x0000, 0x0000, 0x0000, 0x0000, 0x0000,
0x0000, 0x0000, 0x0000, 0x0000, 0x0000, 0x0000, 0x0000, 0x0000, 0x0000, 0x0000, 0x530c, 0x530c, 0x530c, 0x530c, 0x530c, 0x530c,
0x530c, 0x530c, 0x530c, 0x530c, 0x530c, 0x530c, 0x530c, 0x530c, 0x530c, 0x530c, 0x530c, 0x530c, 0x530c, 0x530c, 0x530c, 0x530c,
0x530c, 0x530c, 0x530c, 0x530c, 0x530c, 0x530c, 0x530c, 0x530c, 0x530c, 0x530c, 0x530c, 0x530c, 0x530c, 0x530c, 0x530c, 0x530c,
0x530c, 0x530c, 0x530c, 0x530c, 0x530c, 0x530c, 0x530c, 0x530c, 0x530c, 0x530c, 0x530c, 0x530c, 0x530c, 0x530c, 0x530c, 0x530c,
0x530c, 0x530c, 0x530c, 0x530c, 0x530c, 0x530c, 0x530c, 0x530c, 0x530c, 0x530c, 0x530c, 0x530c, 0x530c, 0x530c, 0x530c, 0x530c,
0x530c, 0x530c, 0x530c, 0x530c, 0x530c, 0x530c, 0x530c, 0x530c, 0x530c, 0x530c, 0x530c, 0x530c, 0x530c, 0x530c, 0x530c, 0x530c,
0x530c, 0x530c, 0x530c, 0x530c, 0x530c, 0x530c, 0x530c, 0x530c, 0x530c, 0x530c, 0x530c, 0x530c, 0x530c, 0x530c, 0x530c, 0x530c,
0x530c, 0x530c, 0x530c, 0x530c, 0x530c, 0x530c, 0x530c, 0x530c, 0x530c, 0x530c, 0x530c, 0x530c, 0x530c, 0x530c, 0x530c, 0x530c,
0x530c, 0x530c, 0x530c, 0x530c, 0x530c, 0x530c, 0x530c, 0x530c, 0x530c, 0x530c, 0x530c, 0x530c, 0x530c, 0x530c, 0x530c, 0x530c,
0x530c, 0x530c, 0x530c, 0x530c, 0x530c, 0x530c, 0x530c, 0x530c, 0x530c, 0x530c, 0x530c, 0x530c, 0x530c, 0x530c, 0x530c, 0x530c,
0x530c, 0x530c, 0x530c, 0x530c, 0x530c, 0x530c, 0x530c, 0x530c, 0x530c, 0x530c, 0x530c, 0x530c, 0x530c, 0x530c, 0x530c, 0x530c,
0x530c, 0x530c, 0x530c, 0x530c, 0x530c, 0x530c, 0x530c, 0x530c, 0x530c, 0x530c, 0x530c, 0x530c, 0x530c, 0x530c, 0x530c, 0x530c,
0x530c, 0x530c, 0x530c, 0x530c, 0x530c, 0x530c, 0x530c, 0x530c, 0x530c, 0x530c, 0x530c, 0x530c, 0x530c, 0x530c, 0x530c, 0x530c,
0x530c, 0x530c, 0x530c, 0x530c, 0x530c, 0x530c, 0x530c, 0x530c, 0x530c, 0x530c, 0x530c, 0x530c, 0x530c, 0x530c, 0x530c, 0x530c,
0x530c, 0x530c, 0x530c, 0x530c, 0x530c, 0x530c, 0x530c, 0x530c, 0x530c, 0x530c, 0x530c, 0x530c, 0x530c, 0x530c, 0x530c, 0x530c,
0x530c, 0x530c, 0x530c, 0x530c, 0x530c, 0x530c, 0x530c, 0x530c, 0x530c, 0x530c, 0x530c, 0x530c, 0x530c, 0x530c, 0x530c, 0x530c,
0x530c, 0x530c, 0x530c, 0x530c, 0x530c, 0x530c, 0x530c, 0x530c, 0x530c, 0x530c, 0x530c, 0x530c, 0x530c, 0x530c, 0x530c, 0x530c,
0x530c, 0x530c, 0x530c, 0x530c, 0x530c, 0x530c, 0x530c, 0x530c, 0x530c, 0x530c, 0x530c, 0x530c, 0x530c, 0x530c, 0x530c, 0x530c,
0x530c, 0x530c, 0x530c, 0x530c, 0x530c, 0x530c, 0x530c, 0x530c, 0x530c, 0x530c, 0x530c, 0x530c, 0x530c, 0x530c, 0x530c, 0x530c,
0x530c, 0x530c, 0x530c, 0x530c, 0x530c, 0x530c, 0x530c, 0x0000, 0x0000, 0x0000, 0x0000, 0x0000, 0x0000, 0x0000, 0x0000, 0x0000,
0x0000, 0x0000, 0x0000, 0x0000, 0x0000, 0x0000, 0x0000, 0x0000, 0x0000, 0x0000, 0x0000, 0x0000, 0x0000, 0x0000, 0x0000, 0x0000,
0x0000, 0x0000, 0x0000, 0x0000, 0x0000, 0x0000, 0x0000, 0x0000, 0x0000, 0x0000, 0x0000, 0x0000, 0x0000, 0x0000, 0x0000, 0x0000,
0x0000, 0x0000, 0x0000, 0x0000, 0x0000, 0x0000, 0x0000, 0x0000, 0x0000, 0x0000, 0x0000, 0x0000, 0x0000, 0x0000, 0x0000, 0x0000,
0x0000, 0x0000, 0x0000, 0x0000, 0x0000, 0x0000, 0x0000, 0x0000, 0x0000, 0x0000, 0x0000, 0x0000, 0x0000, 0x0000, 0x0000, 0x0000,
0x0000, 0x0000, 0x0000, 0x0000, 0x0000, 0x0000, 0x0000, 0x0000, 0x0000, 0x0000, 0x0000, 0x0000, 0x0000, 0x0000, 0x0000, 0x0000,
0x0000, 0x0000, 0x0000, 0x0000, 0x0000, 0x0000, 0x0000, 0x0000, 0x0000, 0x0000, 0x0000, 0x0000, 0x0000, 0x0000, 0x0000, 0x0000,
0x0000, 0x0000, 0x0000, 0x0000, 0x0000, 0x0000, 0x0000, 0x0000, 0x0000, 0x0000, 0x0000, 0x0000, 0x0000, 0x0000, 0x0000, 0x0000,
0x0000, 0x0000, 0x0000, 0x0000, 0x0000, 0x0000, 0x0000, 0x0000, 0x0000, 0x0000, 0x0000, 0x0000, 0x0000, 0x0000, 0x0000, 0x0000,
0x0000, 0x0000, 0x0000, 0x0000, 0x0000, 0x0000, 0x0000, 0x0000, 0x0000, 0x0000, 0x0000, 0x0000, 0x0000, 0x0000, 0x0000, 0x0000,
0x0000, 0x0000, 0x0000, 0x0000, 0x0000, 0x0000, 0x0000, 0x0000, 0x0000, 0x0000, 0x0000, 0x0000, 0x0000, 0x0000, 0x0000, 0x0000,
0x0000, 0x0000, 0x0000, 0x0000, 0x0000, 0x0000, 0x0000, 0x0000, 0x0000, 0x0000, 0x0000, 0x0000, 0x0000, 0x0000, 0x0000, 0x0000,
0x0000, 0x0000, 0x0000, 0x0000, 0x0000, 0x0000, 0x0000, 0x0000, 0x0000, 0x0000, 0x0000, 0x0000, 0x0000, 0x0000, 0x0000, 0x0000,
0x0000, 0x0000, 0x0000, 0x0000, 0x0000, 0x0000, 0x0000, 0x0000, 0x0000, 0x0000, 0x0000, 0x0000, 0x0000, 0x0000, 0x0000, 0x0000,
0x0000, 0x0000, 0x0000, 0x0000, 0x0000, 0x0000, 0x0000, 0x0000, 0x0000, 0x0000, 0x0000, 0x0000, 0x0000, 0x0000, 0x0000, 0x0000,
0x0000, 0x0000, 0x0000, 0x0000, 0x0000, 0x0000, 0x0000, 0x0000, 0x0000, 0x0000, 0x0000, 0x0000, 0x0000, 0x0000, 0x0000, 0x0000,
0x0000, 0x0000, 0x0000, 0x0000, 0x0000, 0x0000, 0x0000, 0x0000, 0x0000, 0x0000, 0x0000, 0x0000, 0x0000, 0x0000, 0x0000, 0x0000,
0x0000, 0x0000, 0x0000, 0x0000, 0x0000, 0x0000, 0x0000, 0x0000, 0x0000, 0x0000, 0x0000, 0x0000, 0x0000, 0x0000, 0x0000, 0x0000,
0x0000, 0x0000, 0x0000, 0x0000, 0x0000, 0x0000, 0x0000, 0x0000, 0x0000, 0x0000, 0x0000, 0x0000, 0x0000, 0x0000, 0x0000, 0x0000,
0x0000, 0x0000, 0x0000, 0x0000, 0x0000, 0x0000, 0x0000, 0x0000, 0x0000, 0x0000, 0x0000, 0x0000, 0x0000, 0x0000, 0x0000, 0x0000,
0x0000, 0x0000, 0x0000, 0x0000, 0x0000, 0x0000, 0x0000, 0x0000, 0x0000, 0x0000, 0x0000, 0x0000, 0x0000, 0x0000, 0x0000, 0x0000,
0x0000, 0x0000, 0x0000, 0x0000, 0x0000, 0x0000, 0x0000, 0x0000, 0x0000, 0x0000, 0x0000, 0x0000, 0x0000, 0x0000, 0x0000, 0x0000,
0x0000, 0x0000, 0x0000, 0x0000, 0x0000, 0x0000, 0x0000, 0x0000, 0x0000, 0x0000, 0x0000, 0x0000, 0x0000, 0x0000, 0x0000, 0x0000,
0x0000, 0x0000, 0x0000, 0x0000, 0x0000, 0x0000, 0x0000, 0x0000, 0x0000, 0x0000, 0x0000, 0x0000, 0x0000, 0x0000, 0x0000, 0x0000,
0x0000, 0x0000, 0x0000, 0x0000, 0x0000, 0x0000, 0x0000, 0x0000, 0x0000, 0x0000, 0x0000, 0x0000, 0x0000, 0x0000, 0x0000, 0x0000,
0x0000, 0x0000, 0x0000, 0x0000, 0x0000, 0x0000, 0x0000, 0x0000, 0x0000, 0x0000, 0x0000, 0x0000, 0x0000, 0x0000, 0x0000, 0x0000,
0x0000, 0x0000, 0x0000, 0x0000, 0x0000, 0x0000, 0x0000, 0x0000, 0x0000, 0x0000, 0x0000, 0x0000, 0x0000, 0x0000, 0x0000, 0x0000,
0x0000, 0x0000, 0x0000, 0x0000, 0x0000, 0x0000, 0x0000, 0x0000, 0x0000, 0x0000, 0x0000, 0x0000, 0x0000, 0x0000, 0x0000, 0x0000,
0x0000, 0x0000, 0x0000, 0x0000, 0x0000, 0x0000, 0x0000, 0x0000, 0x0000, 0x0000, 0x0000, 0x0000, 0x0000, 0x0000, 0x0000, 0x0000,
0x0000, 0x0000, 0x0000, 0x0000, 0x0000, 0x0000, 0x0000, 0x0000, 0x0000, 0x0000, 0x0000, 0x0000, 0x0000, 0x0000, 0x0000, 0x0000,
0x0000, 0x0000, 0x0000, 0x0000, 0x0000, 0x0000, 0x0000, 0x0000, 0x0000, 0x0000, 0x0000, 0x0000, 0x0000, 0x0000, 0x0000, 0x0000,
0x0000, 0x0000, 0x0000, 0x0000, 0x0000, 0x0000, 0x0000, 0x0000, 0x0000, 0x0000, 0x0000, 0x0000, 0x0000, 0x0000, 0x0000, 0x0000,
0x0000, 0x0000, 0x0000, 0x0000, 0x0000, 0x0000, 0x0000, 0x0000, 0x0000, 0x0000, 0x0000, 0x0000, 0x0000, 0x0000, 0x0000, 0x0000,
0x0000, 0x0000, 0x0000, 0x0000, 0x0000, 0x0000, 0x0000, 0x0000, 0x0000, 0x0000, 0x0000, 0x0000, 0x0000, 0x0000, 0x0000, 0x0000,
0x0000, 0x0000, 0x0000, 0x0000, 0x0000, 0x0000, 0x0000, 0x0000, 0x0000, 0x0000, 0x0000, 0x0000, 0x0000, 0x0000, 0x0000, 0x0000,
0x0000, 0x0000, 0x0000, 0x0000, 0x0000, 0x0000, 0x0000, 0x0000, 0x0000, 0x0000, 0x0000, 0x0000, 0x0000, 0x0000, 0x0000, 0x0000,
0x0000, 0x0000, 0x0000, 0x0000, 0x0000, 0x0000, 0x0000, 0x0000, 0x0000, 0x0000, 0x0000, 0x0000, 0x0000, 0x0000, 0x0000, 0x0000,
0x0000, 0x0000, 0x0000, 0x0000, 0x0000, 0x0000, 0x0000, 0x0000, 0x0000, 0x0000, 0x0000, 0x0000, 0x0000, 0x0000, 0x0000, 0x0000,
0x0000, 0x0000, 0x0000, 0x0000, 0x0000, 0x0000, 0x0000, 0x0000, 0x0000, 0x0000, 0x0000, 0x0000, 0x0000, 0x0000, 0x0000, 0x0000,
0x0000, 0x0000, 0x0000, 0x0000, 0x0000, 0x0000, 0x0000, 0x0000, 0x0000, 0x0000, 0x0000, 0x0000, 0x0000, 0x0000, 0x0000, 0x0000,
0x0000, 0x0000, 0x0000, 0x0000, 0x0000, 0x0000, 0x0000, 0x0000, 0x0000, 0x0000, 0x0000, 0x0000, 0x0000, 0x0000, 0x0000, 0x0000,
0x0000, 0x0000, 0x0000, 0x0000, 0x0000, 0x0000, 0x0000, 0x0000, 0x0000, 0x0000, 0x0000, 0x0000, 0x0000, 0x0000, 0x0000, 0x0000,
0x0000, 0x0000, 0x0000, 0x0000, 0x0000, 0x0000, 0x0000, 0x0000, 0x0000, 0x0000, 0x0000, 0x0000, 0x0000, 0x0000, 0x0000, 0x0000,
0x0000, 0x0000, 0x0000, 0x0000, 0x0000, 0x0000, 0x0000, 0x0000, 0x0000, 0x0000, 0x0000, 0x0000, 0x0000, 0x0000, 0x0000, 0x0000,
0x0000, 0x0000, 0x0000, 0x0000, 0x0000, 0x0000, 0x0000, 0x0000, 0x0000, 0x0000, 0x0000, 0x0000, 0x0000, 0x0000, 0x0000, 0x0000,
0x0000, 0x0000, 0x0000, 0x0000, 0x0000, 0x0000, 0x0000, 0x0000, 0x0000, 0x0000, 0x0000, 0x0000, 0x0000, 0x0000, 0x0000, 0x0000,
0x0000, 0x0000, 0x0000, 0x0000, 0x0000, 0x0000, 0x0000, 0x0000, 0x0000, 0x0000, 0x0000, 0x0000, 0x0000, 0x0000, 0x0000, 0x0000,
0x0000, 0x0000, 0x0000, 0x0000, 0x0000, 0x0000, 0x0000, 0x0000, 0x0000, 0x0000, 0x0000, 0x0000, 0x0000, 0x0000, 0x0000, 0x0000,
0x0000, 0x0000, 0x0000, 0x0000, 0x0000, 0x0000, 0x0000, 0x0000, 0x0000, 0x0000, 0x0000, 0x0000, 0x0000, 0x0000, 0x0000, 0x0000,
0x0000, 0x0000, 0x0000, 0x0000, 0x0000, 0x0000, 0x0000, 0x0000, 0x0000, 0x0000, 0x0000, 0x0000, 0x0000, 0x0000, 0x0000, 0x0000,
0x0000, 0x0000, 0x0000, 0x0000, 0x0000, 0x0000, 0x0000, 0x0000, 0x0000, 0x0000, 0x0000, 0x0000, 0x0000, 0x0000, 0x0000, 0x0000,
0x0000, 0x0000, 0x0000, 0x0000, 0x0000, 0x0000, 0x0000, 0x0000, 0x0000, 0x0000, 0x0000, 0x0000, 0x0000, 0x0000, 0x0000, 0x0000,
0x0000, 0x0000, 0x0000, 0x0000, 0x0000, 0x0000, 0x0000, 0x0000, 0x0000, 0x0000, 0x0000, 0x0000, 0x0000, 0x0000, 0x0000, 0x0000,
0x0000, 0x0000, 0x0000, 0x0000, 0x0000, 0x0000, 0x0000, 0x0000, 0x0000, 0x0000, 0x0000, 0x0000, 0x0000, 0x0000, 0x0000, 0x0000,
0x0000, 0x0000, 0x0000, 0x0000, 0x0000, 0x0000, 0x0000, 0x0000, 0x0000, 0x0000, 0x0000, 0x0000, 0x0000, 0x0000, 0x0000, 0x0000,
0x0000, 0x0000, 0x0000, 0x0000, 0x0000, 0x0000, 0x0000, 0x0000, 0x0000, 0x0000, 0x0000, 0x0000, 0x0000, 0x0000, 0x0000, 0x0000,
0x0000, 0x0000, 0x0000, 0x0000, 0x0000, 0x0000, 0x0000, 0x0000, 0x0000, 0x0000, 0x0000, 0x0000, 0x0000, 0x0000, 0x0000, 0x0000,
0x0000, 0x0000, 0x0000, 0x0000, 0x0000, 0x0000, 0x0000, 0x0000, 0x0000, 0x0000, 0x0000, 0x0000, 0x0000, 0x0000, 0x0000, 0x0000,
0x0000, 0x0000, 0x0000, 0x0000, 0x0000, 0x0000, 0x0000, 0x0000, 0x0000, 0x0000, 0x0000, 0x0000, 0x0000, 0x0000, 0x0000, 0x0000,
0x0000, 0x0000, 0x0000, 0x0000, 0x0000, 0x0000, 0x0000, 0x0000, 0x0000, 0x0000, 0x0000, 0x0000, 0x0000, 0x0000, 0x0000, 0x0000,
0x0000, 0x0000, 0x0000, 0x0000, 0x0000, 0x0000, 0x0000, 0x0000, 0x0000, 0x0000, 0x0000, 0x0000, 0x0000, 0x0000, 0x0000, 0x0000,
0x0000, 0x0000, 0x0000, 0x0000, 0x0000, 0x0000, 0x0000, 0x0000, 0x0000, 0x0000, 0x0000, 0x0000, 0x0000, 0x0000, 0x0000, 0x0000,
0x0000, 0x0000, 0x0000, 0x0000, 0x0000, 0x0000, 0x0000, 0x0000, 0x0000, 0x0000, 0x0000, 0x0000, 0x0000, 0x0000, 0x0000, 0x0000,
0x0000, 0x0000, 0x0000, 0x0000, 0x0000, 0x0000, 0x0000, 0x0000, 0x0000, 0x0000, 0x0000, 0x0000, 0x0000, 0x0000, 0x0000, 0x0000,
0x0000, 0x0000, 0x0000, 0x0000, 0x0000, 0x0000, 0x0000, 0x0000, 0x0000, 0x0000, 0x0000, 0x0000, 0x0000, 0x0000, 0x0000, 0x0000,
0x0000, 0x0000, 0x0000, 0x0000, 0x0000, 0x0000, 0x0000, 0x0000, 0x0000, 0x0000, 0x0000, 0x0000, 0x0000, 0x0000, 0x0000, 0x0000,
0x0000, 0x0000, 0x0000, 0x0000, 0x0000, 0x0000, 0x0000, 0x0000, 0x0000, 0x0000, 0x0000, 0x0000, 0x0000, 0x0000, 0x0000, 0x0000,
0x0000, 0x0000, 0x0000, 0x0000, 0x0000, 0x0000, 0x0000, 0x0000, 0x0000, 0x0000, 0x0000, 0x0000, 0x0000, 0x0000, 0x0000, 0x0000,
0x0000, 0x0000, 0x0000, 0x0000, 0x0000, 0x0000, 0x0000, 0x0000, 0x0000, 0x0000, 0x0000, 0x0000, 0x0000, 0x0000, 0x0000, 0x0000,
0x0000, 0x0000, 0x0000, 0x0000, 0x0000, 0x0000, 0x0000, 0x0000, 0x0000, 0x0000, 0x0000, 0x0000, 0x0000, 0x0000, 0x0000, 0x0000,
0x0000, 0x0000, 0x0000, 0x0000, 0x0000, 0x0000, 0x0000, 0x0000, 0x0000, 0x0000, 0x0000, 0x0000, 0x0000, 0x0000, 0x0000, 0x0000,
0x0000, 0x0000, 0x0000, 0x0000, 0x0000, 0x0000, 0x0000, 0x0000, 0x0000, 0x0000, 0x0000, 0x0000, 0x0000, 0x0000, 0x0000, 0x0000,
0x0000, 0x0000, 0x0000, 0x0000, 0x0000, 0x0000, 0x0000, 0x0000, 0x0000, 0x0000, 0x0000, 0x0000, 0x0000, 0x0000, 0x0000, 0x0000,
0x0000, 0x0000, 0x0000, 0x0000, 0x0000, 0x0000, 0x0000, 0x0000, 0x0000, 0x0000, 0x0000, 0x0000, 0x0000, 0x0000, 0x0000, 0x0000,
0x0000, 0x0000, 0x0000, 0x0000, 0x0000, 0x0000, 0x0000, 0x0000, 0x0000, 0x0000, 0x0000, 0x0000, 0x0000, 0x0000, 0x0000, 0x0000,
0x0000, 0x0000, 0x0000, 0x0000, 0x0000, 0x0000, 0x0000, 0x0000, 0x0000, 0x0000, 0x0000, 0x0000, 0x0000, 0x0000, 0x0000, 0x0000,
0x0000, 0x0000, 0x0000, 0x0000, 0x0000, 0x0000, 0x0000, 0x0000, 0x0000, 0x0000, 0x0000, 0x0000, 0x0000, 0x0000, 0x0000, 0x0000,
0x0000, 0x0000, 0x0000, 0x0000, 0x0000, 0x0000, 0x0000, 0x0000, 0x0000, 0x0000, 0x0000, 0x0000, 0x0000, 0x0000, 0x0000, 0x0000,
0x0000, 0x0000, 0x0000, 0x0000, 0x0000, 0x0000, 0x0000, 0x0000, 0x0000, 0x0000, 0x0000, 0x0000, 0x0000, 0x0000, 0x0000, 0x0000,
0x0000, 0x0000, 0x0000, 0x0000, 0x0000, 0x0000, 0x0000, 0x0000, 0x0000, 0x0000, 0x0000, 0x0000, 0x0000, 0x0000, 0x0000, 0x0000,
0x0000, 0x0000, 0x0000, 0x0000, 0x0000, 0x0000, 0x0000, 0x0000, 0x0000, 0x0000, 0x0000, 0x0000, 0x0000, 0x0000, 0x0000, 0x0000,
0x0000, 0x0000, 0x0000, 0x0000, 0x0000, 0x0000, 0x0000, 0x0000, 0x0000, 0x0000, 0x0000, 0x0000, 0x0000, 0x0000, 0x0000, 0x0000,
0x0000, 0x0000, 0x0000, 0x0000, 0x0000, 0x0000, 0x0000, 0x0000, 0x0000, 0x0000, 0x0000, 0x0000, 0x0000, 0x0000, 0x0000, 0x0000,
0x0000, 0x0000, 0x0000, 0x0000, 0x0000, 0x0000, 0x0000, 0x0000, 0x0000, 0x0000, 0x0000, 0x0000, 0x0000, 0x0000, 0x0000, 0x0000,
0x0000, 0x0000, 0x0000, 0x0000, 0x0000, 0x0000, 0x0000, 0x0000, 0x0000, 0x0000, 0x0000, 0x0000, 0x0000, 0x0000, 0x0000, 0x0000,
0x0000, 0x0000, 0x0000, 0x0000, 0x0000, 0x0000, 0x0000, 0x0000, 0x0000, 0x0000, 0x0000, 0x0000, 0x0000, 0x0000, 0x0000, 0x0000,
0x0000, 0x0000, 0x0000, 0x0000, 0x0000, 0x0000, 0x0000, 0x0000, 0x0000, 0x0000, 0x0000, 0x0000, 0x0000, 0x0000, 0x0000, 0x0000,
0x0000, 0x0000, 0x0000, 0x0000, 0x0000, 0x0000, 0x0000, 0x0000, 0x0000, 0x0000, 0x0000, 0x0000, 0x0000, 0x0000, 0x0000, 0x0000,
0x0000, 0x0000, 0x0000, 0x0000, 0x0000, 0x0000, 0x0000, 0x0000, 0x0000, 0x0000, 0x0000, 0x0000, 0x0000, 0x0000, 0x0000, 0x0000,
0x0000, 0x0000, 0x0000, 0x0000, 0x0000, 0x0000, 0x0000, 0x0000, 0x0000, 0x0000, 0x0000, 0x0000, 0x0000, 0x0000, 0x0000, 0x0000,
0x0000, 0x0000, 0x0000, 0x0000, 0x0000, 0x0000, 0x0000, 0x0000, 0x0000, 0x0000, 0x0000, 0x0000, 0x0000, 0x0000, 0x0000, 0x0000,
0x0000, 0x0000, 0x0000, 0x0000, 0x0000, 0x0000, 0x0000, 0x0000, 0x0000, 0x0000, 0x0000, 0x0000, 0x0000, 0x0000, 0x0000, 0x0000,
0x0000, 0x0000, 0x0000, 0x0000, 0x0000, 0x0000, 0x0000, 0x0000, 0x0000, 0x0000, 0x0000, 0x0000, 0x0000, 0x0000, 0x0000, 0x0000,
0x0000, 0x0000, 0x0000, 0x0000, 0x0000, 0x0000, 0x0000, 0x0000, 0x0000, 0x0000, 0x0000, 0x0000, 0x0000, 0x0000, 0x0000, 0x0000,
0x0000, 0x0000, 0x0000, 0x0000, 0x0000, 0x0000, 0x0000, 0x0000, 0x0000, 0x0000, 0x0000, 0x0000, 0x0000, 0x0000, 0x0000, 0x0000,
0x0000, 0x0000, 0x0000, 0x0000, 0x0000, 0x0000, 0x0000, 0x0000, 0x0000, 0x0000, 0x0000, 0x0000, 0x0000, 0x0000, 0x0000, 0x0000,
0x0000, 0x0000, 0x0000, 0x0000, 0x0000, 0x0000, 0x0000, 0x0000, 0x0000, 0x0000, 0x0000, 0x0000, 0x0000, 0x0000, 0x0000, 0x0000,
0x0000, 0x0000, 0x0000, 0x0000, 0x0000, 0x0000, 0x0000, 0x0000, 0x0000, 0x0000, 0x0000, 0x0000, 0x0000, 0x0000, 0x0000, 0x0000,
0x0000, 0x0000, 0x0000, 0x0000, 0x0000, 0x0000, 0x0000, 0x0000, 0x0000, 0x0000, 0x0000, 0x0000, 0x0000, 0x0000, 0x0000, 0x0000,
0x0000, 0x0000, 0x0000, 0x0000, 0x0000, 0x0000, 0x0000, 0x0000, 0x0000, 0x0000, 0x0000, 0x0000, 0x0000, 0x0000, 0x0000, 0x0000,
0x0000, 0x0000, 0x0000, 0x0000, 0x0000, 0x0000, 0x0000, 0x0000, 0x0000, 0x0000, 0x0000, 0x0000, 0x0000, 0x0000, 0x0000, 0x0000,
0x0000, 0x0000, 0x0000, 0x0000, 0x0000, 0x0000, 0x0000, 0x0000, 0x0000, 0x0000, 0x0000, 0x0000, 0x0000, 0x0000, 0x0000, 0x0000,
0x0000, 0x0000, 0x0000, 0x0000, 0x0000, 0x0000, 0x0000, 0x0000, 0x0000, 0x0000, 0x0000, 0x0000, 0x0000, 0x0000, 0x0000, 0x0000,
0x0000, 0x0000, 0x0000, 0x0000, 0x0000, 0x0000, 0x0000, 0x0000, 0x0000, 0x0000, 0x0000, 0x0000, 0x0000, 0x0000, 0x0000, 0x0000,
0x0000, 0x0000, 0x0000, 0x0000, 0x0000, 0x0000, 0x0000, 0x0000, 0x0000, 0x0000, 0x0000, 0x0000, 0x0000, 0x0000, 0x0000, 0x0000,
0x0000, 0x0000, 0x0000, 0x0000, 0x0000, 0x0000, 0x0000, 0x0000, 0x0000, 0x0000, 0x0000, 0x0000, 0x0000, 0x0000, 0x0000, 0x0000,
0x0000, 0x0000, 0x0000, 0x0000, 0x0000, 0x0000, 0x0000, 0x0000, 0x0000, 0x0000, 0x0000, 0x0000, 0x0000, 0x0000, 0x0000, 0x0000,
0x0000, 0x0000, 0x0000, 0x0000, 0x0000, 0x0000, 0x0000, 0x0000, 0x0000, 0x0000, 0x0000, 0x0000, 0x0000, 0x0000, 0x0000, 0x0000,
0x0000, 0x0000, 0x0000, 0x0000, 0x0000, 0x0000, 0x0000, 0x0000, 0x0000, 0x0000, 0x0000, 0x0000, 0x0000, 0x0000, 0x0000, 0x0000,
0x0000, 0x0000, 0x0000, 0x0000, 0x0000, 0x0000, 0x0000, 0x0000, 0x0000, 0x0000, 0x0000, 0x0000, 0x0000, 0x0000, 0x0000, 0x0000,
0x0000, 0x0000, 0x0000, 0x0000, 0x0000, 0x0000, 0x0000, 0x0000, 0x0000, 0x0000, 0x0000, 0x0000, 0x0000, 0x0000, 0x0000, 0x0000,
0x0000, 0x0000, 0x0000, 0x0000, 0x0000, 0x0000, 0x0000, 0x0000, 0x0000, 0x0000, 0x0000, 0x0000, 0x0000, 0x0000, 0x0000, 0x0000,
0x0000, 0x0000, 0x0000, 0x0000, 0x0000, 0x0000, 0x0000, 0x0000, 0x0000, 0x0000, 0x0000, 0x0000, 0x0000, 0x0000, 0x0000, 0x0000,
0x0000, 0x0000, 0x0000, 0x0000, 0x0000, 0x0000, 0x0000, 0x0000, 0x0000, 0x0000, 0x0000, 0x0000, 0x0000, 0x0000, 0x0000, 0x0000,
0x0000, 0x0000, 0x0000, 0x0000, 0x0000, 0x0000, 0x0000, 0x0000, 0x0000, 0x0000, 0x0000, 0x0000, 0x0000, 0x0000, 0x0000, 0x0000,
0x0000, 0x0000, 0x0000, 0x0000, 0x0000, 0x0000, 0x0000, 0x0000, 0x0000, 0x0000, 0x0000, 0x0000, 0x0000, 0x0000, 0x0000, 0x0000,
0x0000, 0x0000, 0x0000, 0x0000, 0x0000, 0x0000, 0x0000, 0x0000, 0x0000, 0x0000, 0x0000, 0x0000, 0x0000, 0x0000, 0x0000, 0x0000,
0x0000, 0x0000, 0x0000, 0x0000, 0x0000, 0x0000, 0x0000, 0x0000, 0x0000, 0x0000, 0x0000, 0x0000, 0x0000, 0x0000, 0x0000, 0x0000,
0x0000, 0x0000, 0x0000, 0x0000, 0x0000, 0x0000, 0x0000, 0x0000, 0x0000, 0x0000, 0x0000, 0x0000, 0x0000, 0x0000, 0x0000, 0x0000,
0x0000, 0x0000, 0x0000, 0x0000, 0x0000, 0x0000, 0x0000, 0x0000, 0x0000, 0x0000, 0x0000, 0x0000, 0x0000, 0x0000, 0x0000, 0x0000,
0x0000, 0x0000, 0x0000, 0x0000, 0x0000, 0x0000, 0x0000, 0x0000, 0x0000, 0x0000, 0x0000, 0x0000, 0x0000, 0x0000, 0x0000, 0x0000,
0x0000, 0x0000, 0x0000, 0x0000, 0x0000, 0x0000, 0x0000, 0x0000, 0x0000, 0x0000, 0x0000, 0x0000, 0x0000, 0x0000, 0x0000, 0x0000,
0x0000, 0x0000, 0x0000, 0x0000, 0x0000, 0x0000, 0x0000, 0x0000, 0x0000, 0x0000, 0x0000, 0x0000, 0x0000, 0x0000, 0x0000, 0x0000,
0x0000, 0x0000, 0x0000, 0x0000, 0x0000, 0x0000, 0x0000, 0x0000, 0x0000, 0x0000, 0x0000, 0x0000, 0x0000, 0x0000, 0x0000, 0x0000,
0x0000, 0x0000, 0x0000, 0x0000, 0x0000, 0x0000, 0x0000, 0x0000, 0x0000, 0x0000, 0x0000, 0x0000, 0x0000, 0x0000, 0x0000, 0x0000,
0x0000, 0x0000, 0x0000, 0x0000, 0x0000, 0x0000, 0x0000, 0x0000, 0x0000, 0x0000, 0x0000, 0x0000, 0x0000, 0x0000, 0x0000, 0x0000,
0x0000, 0x0000, 0x0000, 0x0000, 0x0000, 0x0000, 0x0000, 0x0000, 0x0000, 0x0000, 0x0000, 0x0000, 0x0000, 0x0000, 0x0000, 0x0000,
0x0000, 0x0000, 0x0000, 0x0000, 0x0000, 0x0000, 0x0000, 0x0000, 0x0000, 0x0000, 0x0000, 0x0000, 0x0000, 0x0000, 0x0000, 0x0000,
0x0000, 0x0000, 0x0000, 0x0000, 0x0000, 0x0000, 0x0000, 0x0000, 0x0000, 0x0000, 0x0000, 0x0000, 0x0000, 0x0000, 0x0000, 0x0000,
0x0000, 0x0000, 0x0000, 0x0000, 0x0000, 0x0000, 0x0000, 0x0000, 0x0000, 0x0000, 0x0000, 0x0000, 0x0000, 0x0000, 0x0000, 0x0000,
0x0000, 0x0000, 0x0000, 0x0000, 0x0000, 0x0000, 0x0000, 0x0000, 0x0000, 0x0000, 0x0000, 0x0000, 0x0000, 0x0000, 0x0000, 0x0000,
0x0000, 0x0000, 0x0000, 0x0000, 0x0000, 0x0000, 0x0000, 0x0000, 0x0000, 0x0000, 0x0000, 0x0000, 0x0000, 0x0000, 0x0000, 0x0000,
0x0000, 0x0000, 0x0000, 0x0000, 0x0000, 0x0000, 0x0000, 0x0000, 0x0000, 0x0000, 0x0000, 0x0000, 0x0000, 0x0000, 0x0000, 0x0000,
0x0000, 0x0000, 0x0000, 0x0000, 0x0000, 0x0000, 0x0000, 0x0000, 0x0000, 0x0000, 0x0000, 0x0000, 0x0000, 0x0000, 0x0000, 0x0000,
0x0000, 0x0000, 0x0000, 0x0000, 0x0000, 0x0000, 0x0000, 0x0000, 0x0000, 0x0000, 0x0000, 0x0000, 0x0000, 0x0000, 0x0000, 0x0000,
0x0000, 0x0000, 0x0000, 0x0000, 0x0000, 0x0000, 0x0000, 0x0000, 0x0000, 0x0000, 0x0000, 0x0000, 0x0000, 0x0000, 0x0000, 0x0000,
0x0000, 0x0000, 0x0000, 0x0000, 0x0000, 0x0000, 0x0000, 0x0000, 0x0000, 0x0000, 0x0000, 0x0000, 0x0000, 0x0000, 0x0000, 0x0000,
0x0000, 0x0000, 0x0000, 0x0000, 0x0000, 0x0000, 0x0000, 0x0000, 0x0000, 0x0000, 0x0000, 0x0000, 0x0000, 0x0000, 0x0000, 0x0000,
0x0000, 0x0000, 0x0000, 0x0000, 0x0000, 0x0000, 0x0000, 0x0000, 0x0000, 0x0000, 0x0000, 0x0000, 0x0000, 0x0000, 0x0000, 0x0000,
0x0000, 0x0000, 0x0000, 0x0000, 0x0000, 0x0000, 0x0000, 0x0000, 0x0000, 0x0000, 0x0000, 0x0000, 0x0000, 0x0000, 0x0000, 0x0000,
0x0000, 0x0000, 0x0000, 0x0000, 0x0000, 0x0000, 0x0000, 0x0000, 0x0000, 0x0000, 0x0000, 0x0000, 0x0000, 0x0000, 0x0000, 0x0000,
0x0000, 0x0000, 0x0000, 0x0000, 0x0000, 0x0000, 0x0000, 0x0000, 0x0000, 0x0000, 0x0000, 0x0000, 0x0000, 0x0000, 0x0000, 0x0000,
0x0000, 0x0000, 0x0000, 0x0000, 0x0000, 0x0000, 0x0000, 0x0000, 0x0000, 0x0000, 0x0000, 0x0000, 0x0000, 0x0000, 0x0000, 0x0000,
0x0000, 0x0000, 0x0000, 0x0000, 0x0000, 0x0000, 0x0000, 0x0000, 0x0000, 0x0000, 0x0000, 0x0000, 0x0000, 0x0000, 0x0000, 0x0000,
0x0000, 0x0000, 0x0000, 0x0000, 0x0000, 0x0000, 0x0000, 0x0000, 0x0000, 0x0000, 0x0000, 0x0000, 0x0000, 0x0000, 0x0000, 0x0000,
0x0000, 0x0000, 0x0000, 0x0000, 0x0000, 0x0000, 0x0000, 0x0000, 0x0000, 0x0000, 0x0000, 0x0000, 0x0000, 0x0000, 0x0000, 0x0000,
0x0000, 0x0000, 0x0000, 0x0000, 0x0000, 0x0000, 0x0000, 0x0000, 0x0000, 0x0000, 0x0000, 0x0000, 0x0000, 0x0000, 0x0000, 0x0000,
0x0000, 0x0000, 0x0000, 0x0000, 0x0000, 0x0000, 0x0000, 0x0000, 0x0000, 0x0000, 0x0000, 0x0000, 0x0000, 0x0000, 0x0000, 0x0000,
0x0000, 0x0000, 0x0000, 0x0000, 0x0000, 0x0000, 0x0000, 0x0000, 0x0000, 0x0000, 0x0000, 0x0000, 0x0000, 0x0000, 0x0000, 0x0000,
0x0000, 0x0000, 0x0000, 0x0000, 0x0000, 0x0000, 0x0000, 0x0000, 0x0000, 0x0000, 0x0000, 0x0000, 0x0000, 0x0000, 0x0000, 0x0000,
0x0000, 0x0000, 0x0000, 0x0000, 0x0000, 0x0000, 0x0000, 0x0000, 0x0000, 0x0000, 0x0000, 0x0000, 0x0000, 0x0000, 0x0000, 0x0000,
0x0000, 0x0000, 0x0000, 0x0000, 0x0000, 0x0000, 0x0000, 0x0000, 0x0000, 0x0000, 0x0000, 0x0000, 0x0000, 0x0000, 0x0000, 0x0000,
0x0000, 0x0000, 0x0000, 0x0000, 0x0000, 0x0000, 0x0000, 0x0000, 0x0000, 0x0000, 0x0000, 0x0000, 0x0000, 0x0000, 0x0000, 0x0000,
0x0000, 0x0000, 0x0000, 0x0000, 0x0000, 0x0000, 0x0000, 0x0000, 0x0000, 0x0000, 0x0000, 0x0000, 0x0000, 0x0000, 0x0000, 0x0000,
0x0000, 0x0000, 0x0000, 0x0000, 0x0000, 0x0000, 0x0000, 0x0000, 0x0000, 0x0000, 0x0000, 0x0000, 0x0000, 0x0000, 0x0000, 0x0000,
0x0000, 0x0000, 0x0000, 0x0000, 0x0000, 0x0000, 0x0000, 0x0000, 0x0000, 0x0000, 0x0000, 0x0000, 0x0000, 0x0000, 0x0000, 0x0000,
0x0000, 0x0000, 0x0000, 0x0000, 0x0000, 0x0000, 0x0000, 0x0000, 0x0000, 0x0000, 0x0000, 0x0000, 0x0000, 0x0000, 0x0000, 0x0000,
0x0000, 0x0000, 0x0000, 0x0000, 0x0000, 0x0000, 0x0000, 0x0000, 0x0000, 0x0000, 0x0000, 0x0000, 0x0000, 0x0000, 0x0000, 0x0000,
0x0000, 0x0000, 0x0000, 0x0000, 0x0000, 0x0000, 0x0000, 0x0000, 0x0000, 0x0000, 0x0000, 0x0000, 0x0000, 0x0000, 0x0000, 0x0000,
0x0000, 0x0000, 0x0000, 0x0000, 0x0000, 0x0000, 0x0000, 0x0000, 0x0000, 0x0000, 0x0000, 0x0000, 0x0000, 0x0000, 0x0000, 0x0000,
0x0000, 0x0000, 0x0000, 0x0000, 0x0000, 0x0000, 0x0000, 0x0000, 0x0000, 0x0000, 0x0000, 0x0000, 0x0000, 0x0000, 0x0000, 0x0000,
0x0000, 0x0000, 0x0000, 0x0000, 0x0000, 0x0000, 0x0000, 0x0000, 0x0000, 0x0000, 0x0000, 0x0000, 0x0000, 0x0000, 0x0000, 0x0000,
0x0000, 0x0000, 0x0000, 0x0000, 0x0000, 0x0000, 0x0000, 0x0000, 0x0000, 0x0000, 0x0000, 0x0000, 0x0000, 0x0000, 0x0000, 0x0000,
0x0000, 0x0000, 0x0000, 0x0000, 0x0000, 0x0000, 0x0000, 0x0000, 0x0000, 0x0000, 0x0000, 0x0000, 0x0000, 0x0000, 0x0000, 0x0000,
0x0000, 0x0000, 0x0000, 0x0000, 0x0000, 0x0000, 0x0000, 0x0000, 0x0000, 0x0000, 0x0000, 0x0000, 0x0000, 0x0000, 0x0000, 0x0000,
0x0000, 0x0000, 0x0000, 0x0000, 0x0000, 0x0000, 0x0000, 0x0000, 0x0000, 0x0000, 0x0000, 0x0000, 0x0000, 0x0000, 0x0000, 0x0000,
0x0000, 0x0000, 0x0000, 0x0000, 0x0000, 0x0000, 0x0000, 0x0000, 0x0000, 0x0000, 0x0000, 0x0000, 0x0000, 0x0000, 0x0000, 0x0000,
0x0000, 0x0000, 0x0000, 0x0000, 0x0000, 0x0000, 0x0000, 0x0000, 0x0000, 0x0000, 0x0000, 0x0000, 0x0000, 0x0000, 0x0000, 0x0000,
0x0000, 0x0000, 0x0000, 0x0000, 0x0000, 0x0000, 0x0000, 0x0000, 0x0000, 0x0000, 0x0000, 0x0000, 0x0000, 0x0000, 0x0000, 0x0000,
0x0000, 0x0000, 0x0000, 0x0000, 0x0000, 0x0000, 0x0000, 0x0000, 0x0000, 0x0000, 0x0000, 0x0000, 0x0000, 0x0000, 0x0000, 0x0000,
0x0000, 0x0000, 0x0000, 0x0000, 0x0000, 0x0000, 0x0000, 0x0000, 0x0000, 0x0000, 0x0000, 0x0000, 0x0000, 0x0000, 0x0000, 0x0000,
0x0000, 0x0000, 0x0000, 0x0000, 0x0000, 0x0000, 0x0000, 0x0000, 0x0000, 0x0000, 0x0000, 0x0000, 0x0000, 0x0000, 0x0000, 0x0000,
0x0000, 0x0000, 0x0000, 0x0000, 0x0000, 0x2104, 0x3186, 0x0000, 0x0000, 0x0000, 0x0000, 0x0000, 0x0000, 0x0000, 0x0000, 0x0000,
0x0000, 0x0000, 0x31a6, 0x528a, 0x0000, 0x0000, 0x0000, 0x0000, 0x0841, 0x528a, 0x2965, 0x0000, 0x0000, 0x0000, 0x0000, 0x0000,
0x0000, 0x0000, 0x0000, 0x0000, 0x0000, 0x0000, 0x0000, 0x0000, 0x0000, 0x0000, 0x0000, 0x0000, 0x0000, 0x0000, 0x0000, 0x0000,
0x0000, 0x0000, 0x0000, 0x0000, 0x0000, 0x0000, 0x0000, 0x0000, 0x0000, 0x0000, 0x0000, 0x0000, 0x0000, 0x0000, 0x0000, 0x0000,
0x0000, 0x0000, 0x0000, 0x0000, 0x0000, 0x0000, 0x0000, 0x0000, 0x0000, 0x0000, 0x0000, 0x0000, 0x0000, 0x0000, 0x0000, 0x0000,
0x0000, 0x0000, 0x0000, 0x0000, 0x0000, 0x0000, 0x0000, 0x0000, 0x0000, 0x0000, 0x0000, 0x0000, 0x0000, 0x0000, 0x0000, 0x0000,
0x0000, 0x0000, 0x0000, 0x0000, 0x0000, 0x0000, 0x0000, 0x0000, 0x0000, 0x0000, 0x0000, 0x0000, 0x0000, 0x0000, 0x0000, 0x0000,
0x0000, 0x0000, 0x0000, 0x0000, 0x0000, 0x0000, 0x0000, 0x0000, 0x0000, 0x0000, 0x0000, 0x0000, 0x0000, 0x0000, 0x0000, 0x0000,
0x0000, 0x0000, 0x0000, 0x0000, 0x0000, 0x0000, 0x0000, 0x0000, 0x0000, 0x0000, 0x0000, 0x0000, 0x0000, 0x0000, 0x0000, 0x0000,
0x0000, 0x0000, 0x0000, 0x0000, 0x0000, 0x0000, 0x0000, 0x0000, 0xbed9, 0xbed9, 0xbed9, 0xbed9, 0xbed9, 0xbed9, 0xbed9, 0xbed9,
0xbed9, 0xbed9, 0xbed9, 0xbed9, 0xbed9, 0xbed9, 0xbed9, 0xbed9, 0xbed9, 0xbed9, 0xbed9, 0xbed9, 0xbed9, 0xbed9, 0xbed9, 0xbed9,
0xbed9, 0xbed9, 0xbed9, 0xbed9, 0xbed9, 0xbed9, 0xbed9, 0xbed9, 0xbed9, 0xbed9, 0xbed9, 0xbed9, 0xbed9, 0xbed9, 0xbed9, 0xbed9,
0xbed9, 0xbed9, 0xbed9, 0xbed9, 0xbed9, 0xbed9, 0xbed9, 0xbed9, 0xbed9, 0xbed9, 0xbed9, 0xbed9, 0xbed9, 0xbed9, 0xbed9, 0xbed9,
0xbed9, 0xbed9, 0xbed9, 0xbed9, 0xbed9, 0xbed9, 0xbed9, 0xbed9, 0xbed9, 0xbed9, 0xbed9, 0xbed9, 0xbed9, 0xbed9, 0xbed9, 0xbed9,
0xbed9, 0xbed9, 0xbed9, 0xbed9, 0xbed9, 0xbed9, 0xbed9, 0xbed9, 0xbed9, 0xbed9, 0xbed9, 0xbed9, 0xbed9, 0xbed9, 0xbed9, 0xbed9,
0xbed9, 0xbed9, 0xbed9, 0xbed9, 0xbed9, 0xbed9, 0xbed9, 0xbed9, 0xbed9, 0xbed9, 0xbed9, 0xbed9, 0xbed9, 0xbed9, 0xbed9, 0xbed9,
0xbed9, 0xbed9, 0xbed9, 0xbed9, 0xbed9, 0xbed9, 0xbed9, 0xbed9, 0xbed9, 0xbed9, 0xbed9, 0xbed9, 0xbed9, 0xbed9, 0xbed9, 0xbed9,
0xbed9, 0xbed9, 0xbed9, 0xbed9, 0xbed9, 0xbed9, 0xbed9, 0xbed9, 0xbed9, 0xbed9, 0xbed9, 0xbed9, 0xbed9, 0xbed9, 0xbed9, 0xbed9,
0xbed9, 0xbed9, 0xbed9, 0xbed9, 0x0000, 0x0000, 0x0000, 0x0000, 0x0000, 0x0000, 0x530c, 0x0000, 0x0000, 0x0000, 0x0000, 0x0000,
0x0000, 0x0000, 0x0000, 0x0000, 0x0000, 0x0000, 0x0000, 0x0000, 0x0000, 0x0000, 0x0000, 0x0000, 0x0000, 0x0000, 0x0000, 0x1082,
0x2945, 0x528a, 0x7bcf, 0xa514, 0xdedb, 0xffff, 0xf79e, 0x2124, 0x0000, 0x0000, 0x0000, 0x0000, 0x0000, 0x0000, 0x0000, 0x0000,
0x0000, 0x0000, 0x9cd3, 0xef7d, 0x0000, 0x0000, 0x0000, 0x0000, 0x0861, 0xffff, 0x7bcf, 0x0000, 0x0000, 0x0000, 0x0000, 0x0000,
0x0000, 0x0000, 0x0000, 0x0000, 0x0000, 0x0000, 0x0000, 0x0000, 0x0000, 0x0000, 0x0000, 0x0000, 0x0000, 0x0000, 0x0000, 0x0000,
0x0000, 0x0000, 0x0000, 0x0000, 0x0000, 0x0000, 0x0000, 0x0000, 0x0000, 0x0000, 0x0000, 0x0000, 0x0000, 0x0000, 0x0000, 0x0000,
0x0000, 0x0000, 0x0000, 0x0000, 0x0000, 0x0000, 0x0000, 0x0000, 0x0000, 0x0000, 0x0000, 0x0000, 0x0000, 0x0000, 0x0000, 0x0000,
0x0000, 0x0000, 0x0000, 0x0000, 0x0000, 0x0000, 0x0000, 0x0000, 0x0000, 0x0000, 0x0000, 0x0000, 0x0000, 0x0000, 0x0000, 0x0000,
0x0000, 0x0000, 0x0000, 0x0000, 0x0000, 0x0000, 0x0000, 0x0000, 0x0000, 0x0000, 0x0000, 0x0000, 0x0000, 0x0000, 0x0000, 0x0000,
0x0000, 0x0000, 0x0000, 0x0000, 0x0000, 0x0000, 0x0000, 0x0000, 0x0000, 0x0000, 0x0000, 0x0000, 0x0000, 0x0000, 0x0000, 0x0000,
0x0000, 0x0000, 0x0000, 0x0000, 0x0000, 0x0000, 0x0000, 0x0000, 0x0000, 0x0000, 0x0000, 0x0000, 0x0000, 0x0000, 0x0000, 0x0000,
0x0000, 0x0000, 0x0000, 0x0000, 0x0000, 0x0000, 0x0000, 0x0000, 0xbed9, 0xbed9, 0xbed9, 0xbed9, 0xbed9, 0xbed9, 0xbed9, 0xbed9,
0xbed9, 0xbed9, 0xbed9, 0xbed9, 0xbed9, 0xbed9, 0xbed9, 0xbed9, 0xbed9, 0xbed9, 0xbed9, 0xbed9, 0xbed9, 0xbed9, 0xbed9, 0xbed9,
0xbed9, 0xbed9, 0xbed9, 0xbed9, 0xbed9, 0xbed9, 0xbed9, 0xbed9, 0xbed9, 0xbed9, 0xbed9, 0xbed9, 0xbed9, 0xbed9, 0xbed9, 0xbed9,
0xbed9, 0xbed9, 0xbed9, 0xbed9, 0xbed9, 0xbed9, 0xbed9, 0xbed9, 0xbed9, 0xbed9, 0xbed9, 0xbed9, 0xbed9, 0xbed9, 0xbed9, 0xbed9,
0xbed9, 0xbed9, 0xbed9, 0xbed9, 0xbed9, 0xbed9, 0xbed9, 0xbed9, 0xbed9, 0xbed9, 0xbed9, 0xbed9, 0xbed9, 0xbed9, 0xbed9, 0xbed9,
0xbed9, 0xbed9, 0xbed9, 0xbed9, 0xbed9, 0xbed9, 0xbed9, 0xbed9, 0xbed9, 0xbed9, 0xbed9, 0xbed9, 0xbed9, 0xbed9, 0xbed9, 0xbed9,
0xbed9, 0xbed9, 0xbed9, 0xbed9, 0xbed9, 0xbed9, 0xbed9, 0xbed9, 0xbed9, 0xbed9, 0xbed9, 0xbed9, 0xbed9, 0xbed9, 0xbed9, 0xbed9,
0xbed9, 0xbed9, 0xbed9, 0xbed9, 0xbed9, 0xbed9, 0xbed9, 0xbed9, 0xbed9, 0xbed9, 0xbed9, 0xbed9, 0xbed9, 0xbed9, 0xbed9, 0xbed9,
0xbed9, 0xbed9, 0xbed9, 0xbed9, 0xbed9, 0xbed9, 0xbed9, 0xbed9, 0xbed9, 0xbed9, 0xbed9, 0xbed9, 0xbed9, 0xbed9, 0xbed9, 0xbed9,
0xbed9, 0xbed9, 0xbed9, 0xbed9, 0x0000, 0x0000, 0x0000, 0x0000, 0x0000, 0x0000, 0x530c, 0x0000, 0x0000, 0x0000, 0x0000, 0x0000,
0x0000, 0x0000, 0x0000, 0x0000, 0x0000, 0x0000, 0x0000, 0x8c51, 0xbdd7, 0xbdd7, 0xc618, 0xce59, 0xd69a, 0xe71c, 0xffdf, 0xffff,
0xffff, 0xffff, 0xdefb, 0xb5b6, 0x8c51, 0x5aeb, 0x2945, 0x0000, 0x0000, 0x0000, 0x0000, 0x0000, 0x1082, 0x0841, 0x0000, 0x0000,
0x0000, 0x0000, 0x8c51, 0xe71c, 0x0000, 0x0000, 0x0000, 0x0000, 0x0000, 0xffff, 0x6b6d, 0x0000, 0x0000, 0x0000, 0x0000, 0x0841,
0x1082, 0x0000, 0x0000, 0x0000, 0x0000, 0x0000, 0x0000, 0x0000, 0x0000, 0x0000, 0x0000, 0x0000, 0x0000, 0x0000, 0x0000, 0x0000,
0x0000, 0x0000, 0x0000, 0x0000, 0x0000, 0x0000, 0x0000, 0x0000, 0x0000, 0x0000, 0x0000, 0x0000, 0x0000, 0x0000, 0x0000, 0x0000,
0x0000, 0x0000, 0x0000, 0x0000, 0x0000, 0x0000, 0x0000, 0x0000, 0x0000, 0x0000, 0x0000, 0x0000, 0x0000, 0x0000, 0x0000, 0x0000,
0x0000, 0x0000, 0x0000, 0x0000, 0x0000, 0x0000, 0x0000, 0x0000, 0x0000, 0x0000, 0x0000, 0x0000, 0x0000, 0x0000, 0x0000, 0x0000,
0x0000, 0x0000, 0x0000, 0x0000, 0x0000, 0x0000, 0x0000, 0x0000, 0x0000, 0x0000, 0x0000, 0x0000, 0x0000, 0x0000, 0x0000, 0x0000,
0x0000, 0x0000, 0x0000, 0x0000, 0x0000, 0x0000, 0x0000, 0x0000, 0x0000, 0x0000, 0x0000, 0x0000, 0x0000, 0x0000, 0x0000, 0x0000,
0x0000, 0x0000, 0x0000, 0x0000, 0x0000, 0x0000, 0x0000, 0x0000, 0x0000, 0x0000, 0x0000, 0x0000, 0x0000, 0x0000, 0x0000, 0x0000,
0x0000, 0x0000, 0x0000, 0x0000, 0x0000, 0x0000, 0x0000, 0x0000, 0xbed9, 0xbed9, 0xbed9, 0xbed9, 0xbed9, 0xbed9, 0xbed9, 0xbed9,
0xbed9, 0xbed9, 0xbed9, 0xbed9, 0xbed9, 0xbed9, 0xbed9, 0xbed9, 0xbed9, 0xbed9, 0xbed9, 0xbed9, 0xbed9, 0xbed9, 0xbed9, 0xbed9,
0xbed9, 0xbed9, 0xbed9, 0xbed9, 0xbed9, 0xbed9, 0xbed9, 0xbed9, 0xbed9, 0xbed9, 0xbed9, 0xbed9, 0xbed9, 0xbed9, 0xbed9, 0xbed9,
0xbed9, 0xbed9, 0xbed9, 0xbed9, 0xbed9, 0xbed9, 0xbed9, 0xbed9, 0xbed9, 0xbed9, 0xbed9, 0xbed9, 0xbed9, 0xbed9, 0xbed9, 0xbed9,
0xbed9, 0xbed9, 0xbed9, 0xbed9, 0xbed9, 0xbed9, 0xbed9, 0xbed9, 0xbed9, 0xbed9, 0xbed9, 0xbed9, 0xbed9, 0xbed9, 0xbed9, 0xbed9,
0xbed9, 0xbed9, 0xbed9, 0xbed9, 0xbed9, 0xbed9, 0xbed9, 0xbed9, 0xbed9, 0xbed9, 0xbed9, 0xbed9, 0xbed9, 0xbed9, 0xbed9, 0xbed9,
0xbed9, 0xbed9, 0xbed9, 0xbed9, 0xbed9, 0xbed9, 0xbed9, 0xbed9, 0xbed9, 0xbed9, 0xbed9, 0xbed9, 0xbed9, 0xbed9, 0xbed9, 0xbed9,
0xbed9, 0xbed9, 0xbed9, 0xbed9, 0xbed9, 0xbed9, 0xbed9, 0xbed9, 0xbed9, 0xbed9, 0xbed9, 0xbed9, 0xbed9, 0xbed9, 0xbed9, 0xbed9,
0xbed9, 0xbed9, 0xbed9, 0xbed9, 0xbed9, 0xbed9, 0xbed9, 0xbed9, 0xbed9, 0xbed9, 0xbed9, 0xbed9, 0xbed9, 0xbed9, 0xbed9, 0xbed9,
0xbed9, 0xbed9, 0xbed9, 0xbed9, 0x0000, 0x0000, 0x0000, 0x0000, 0x0000, 0x0000, 0x530c, 0x0000, 0x0000, 0x0000, 0x0000, 0x0000,
0x0000, 0x0000, 0x0000, 0x0000, 0x0000, 0x0000, 0x0000, 0x4a49, 0x9cd3, 0x8c71, 0x8c51, 0x7bcf, 0x6b6d, 0x630c, 0x9cd3, 0xffff,
0x2104, 0x0020, 0x0000, 0x0000, 0x738e, 0x6b6d, 0x0000, 0x0000, 0x0000, 0x0000, 0x0000, 0x0000, 0xad55, 0xffff, 0xffff, 0xffff,
0xffff, 0xffff, 0xffff, 0xffff, 0xffff, 0xffff, 0xffff, 0xffff, 0xffff, 0xffff, 0xffff, 0xffff, 0xffff, 0xffff, 0xffff, 0xffff,
0x9492, 0x0000, 0x0000, 0x0000, 0x0000, 0x0000, 0x0000, 0x0000, 0x0000, 0x0000, 0x0000, 0x0000, 0x0000, 0x0000, 0x0000, 0x0000,
0x0000, 0x0000, 0x0000, 0x0000, 0x0000, 0x0000, 0x0000, 0x0000, 0x0000, 0x0000, 0x0000, 0x0000, 0x0000, 0x0000, 0x0000, 0x0000,
0x0000, 0x0000, 0x0000, 0x0000, 0x0000, 0x0000, 0x0000, 0x0000, 0x0000, 0x0000, 0x0000, 0x0000, 0x0000, 0x0000, 0x0000, 0x0000,
0x0000, 0x0000, 0x0000, 0x0000, 0x0000, 0x0000, 0x0000, 0x0000, 0x0000, 0x0000, 0x0000, 0x0000, 0x0000, 0x0000, 0x0000, 0x0000,
0x0000, 0x0000, 0x0000, 0x0000, 0x0000, 0x0000, 0x0000, 0x0000, 0x0000, 0x0000, 0x0000, 0x0000, 0x0000, 0x0000, 0x0000, 0x0000,
0x0000, 0x0000, 0x0000, 0x0000, 0x0000, 0x0000, 0x0000, 0x0000, 0x0000, 0x0000, 0x0000, 0x0000, 0x0000, 0x0000, 0x0000, 0x0000,
0x0000, 0x0000, 0x0000, 0x0000, 0x0000, 0x0000, 0x0000, 0x0000, 0x0000, 0x0000, 0x0000, 0x0000, 0x0000, 0x0000, 0x0000, 0x0000,
0x0000, 0x0000, 0x0000, 0x0000, 0x0000, 0x0000, 0x0000, 0x0000, 0xbed9, 0xbed9, 0xbed9, 0xbed9, 0xbed9, 0xbed9, 0xbed9, 0xbed9,
0xbed9, 0xbed9, 0xbed9, 0xbed9, 0xbed9, 0xbed9, 0xbed9, 0xbed9, 0xbed9, 0xbed9, 0xbed9, 0xbed9, 0xbed9, 0xbed9, 0xbed9, 0xbed9,
0xbed9, 0xbed9, 0xbed9, 0xbed9, 0xbed9, 0xbed9, 0xbed9, 0xbed9, 0xbed9, 0xbed9, 0xbed9, 0xbed9, 0xbed9, 0xbed9, 0xbed9, 0xbed9,
0xbed9, 0xbed9, 0xbed9, 0xbed9, 0xbed9, 0xbed9, 0xbed9, 0xbed9, 0xbed9, 0xbed9, 0xbed9, 0xbed9, 0xbed9, 0xbed9, 0xbed9, 0xbed9,
0xbed9, 0xbed9, 0xbed9, 0xbed9, 0xbed9, 0xbed9, 0xbed9, 0xbed9, 0xbed9, 0xbed9, 0xbed9, 0xbed9, 0xbed9, 0xbed9, 0xbed9, 0xbed9,
0xbed9, 0xbed9, 0xbed9, 0xbed9, 0xbed9, 0xbed9, 0xbed9, 0xbed9, 0xbed9, 0xbed9, 0xbed9, 0xbed9, 0xbed9, 0xbed9, 0xbed9, 0xbed9,
0xbed9, 0xbed9, 0xbed9, 0xbed9, 0xbed9, 0xbed9, 0xbed9, 0xbed9, 0xbed9, 0xbed9, 0xbed9, 0xbed9, 0xbed9, 0xbed9, 0xbed9, 0xbed9,
0xbed9, 0xbed9, 0xbed9, 0xbed9, 0xbed9, 0xbed9, 0xbed9, 0xbed9, 0xbed9, 0xbed9, 0xbed9, 0xbed9, 0xbed9, 0xbed9, 0xbed9, 0xbed9,
0xbed9, 0xbed9, 0xbed9, 0xbed9, 0xbed9, 0xbed9, 0xbed9, 0xbed9, 0xbed9, 0xbed9, 0xbed9, 0xbed9, 0xbed9, 0xbed9, 0xbed9, 0xbed9,
0xbed9, 0xbed9, 0xbed9, 0xbed9, 0x0000, 0x0000, 0x0000, 0x0000, 0x0000, 0x0000, 0x530c, 0x0000, 0x0000, 0x0000, 0x0000, 0x0000,
0x0000, 0x0000, 0x0000, 0x0000, 0x0000, 0x0000, 0x0000, 0x0000, 0x0000, 0xad55, 0xad55, 0x0000, 0x0000, 0x0000, 0x630c, 0xffff,
0x0000, 0x0000, 0x0000, 0x0861, 0xef7d, 0x8c71, 0x0000, 0x0000, 0x0000, 0x0000, 0x0000, 0x0000, 0x39e7, 0x4a69, 0x4228, 0x4208,
0x4208, 0x4208, 0xa534, 0xef5d, 0x4208, 0x4208, 0x4208, 0x4208, 0x4208, 0xffff, 0x9492, 0x4208, 0x4208, 0x4208, 0x4228, 0x4a69,
0x31a6, 0x0000, 0x0000, 0x0000, 0x0000, 0x0000, 0x0000, 0x0000, 0x0000, 0x0000, 0x0000, 0x0000, 0x0000, 0x0000, 0x0000, 0x0000,
0x0000, 0x0000, 0x0000, 0x0000, 0x0000, 0x0000, 0x0000, 0x0000, 0x0000, 0x0000, 0x0000, 0x0000, 0x0000, 0x0000, 0x0000, 0x0000,
0x0000, 0x0000, 0x0000, 0x0000, 0x0000, 0x0000, 0x0000, 0x0000, 0x0000, 0x0000, 0x0000, 0x0000, 0x0000, 0x0000, 0x0000, 0x0000,
0x0000, 0x0000, 0x0000, 0x0000, 0x0000, 0x0000, 0x0000, 0x0000, 0x0000, 0x0000, 0x0000, 0x0000, 0x0000, 0x0000, 0x0000, 0x0000,
0x0000, 0x0000, 0x0000, 0x0000, 0x0000, 0x0000, 0x0000, 0x0000, 0x0000, 0x0000, 0x0000, 0x0000, 0x0000, 0x0000, 0x0000, 0x0000,
0x0000, 0x0000, 0x0000, 0x0000, 0x0000, 0x0000, 0x0000, 0x0000, 0x0000, 0x0000, 0x0000, 0x0000, 0x0000, 0x0000, 0x0000, 0x0000,
0x0000, 0x0000, 0x0000, 0x0000, 0x0000, 0x0000, 0x0000, 0x0000, 0x0000, 0x0000, 0x0000, 0x0000, 0x0000, 0x0000, 0x0000, 0x0000,
0x0000, 0x0000, 0x0000, 0x0000, 0x0000, 0x0000, 0x0000, 0x0000, 0xbed9, 0xbed9, 0xbed9, 0xbed9, 0xbed9, 0xbed9, 0xbed9, 0xbed9,
0xbed9, 0xbed9, 0xbed9, 0xbed9, 0xbed9, 0xbed9, 0xbed9, 0xbed9, 0xbed9, 0xbed9, 0xbed9, 0xbed9, 0xbed9, 0xbed9, 0xbed9, 0xbed9,
0xbed9, 0xbed9, 0xbed9, 0xbed9, 0xbed9, 0xbed9, 0xbed9, 0xbed9, 0xbed9, 0xbed9, 0xbed9, 0xbed9, 0xbed9, 0xbed9, 0xbed9, 0xbed9,
0xbed9, 0xbed9, 0xbed9, 0xbed9, 0xbed9, 0xbed9, 0xbed9, 0xbed9, 0xbed9, 0xbed9, 0xbed9, 0xbed9, 0xbed9, 0xbed9, 0xbed9, 0xbed9,
0xbed9, 0xbed9, 0xbed9, 0xbed9, 0xbed9, 0xbed9, 0xbed9, 0xbed9, 0xbed9, 0xbed9, 0xbed9, 0xbed9, 0xbed9, 0xbed9, 0xbed9, 0xbed9,
0xbed9, 0xbed9, 0xbed9, 0xbed9, 0xbed9, 0xbed9, 0xbed9, 0xbed9, 0xbed9, 0xbed9, 0xbed9, 0xbed9, 0xbed9, 0xbed9, 0xbed9, 0xbed9,
0xbed9, 0xbed9, 0xbed9, 0xbed9, 0xbed9, 0xbed9, 0xbed9, 0xbed9, 0xbed9, 0xbed9, 0xbed9, 0xbed9, 0xbed9, 0xbed9, 0xbed9, 0xbed9,
0xbed9, 0xbed9, 0xbed9, 0xbed9, 0xbed9, 0xbed9, 0xbed9, 0xbed9, 0xbed9, 0xbed9, 0xbed9, 0xbed9, 0xbed9, 0xbed9, 0xbed9, 0xbed9,
0xbed9, 0xbed9, 0xbed9, 0xbed9, 0xbed9, 0xbed9, 0xbed9, 0xbed9, 0xbed9, 0xbed9, 0xbed9, 0xbed9, 0xbed9, 0xbed9, 0xbed9, 0xbed9,
0xbed9, 0xbed9, 0xbed9, 0xbed9, 0x0000, 0x0000, 0x0000, 0x0000, 0x0000, 0x0000, 0x530c, 0x0000, 0x0000, 0x0000, 0x0000, 0x0000,
0x0000, 0x0000, 0x0000, 0x0000, 0x0000, 0x0000, 0x0000, 0x0000, 0x0000, 0x4a49, 0xffff, 0x4208, 0x0000, 0x0000, 0x630c, 0xffff,
0x0000, 0x0000, 0x0000, 0x7bef, 0xef5d, 0x0861, 0x0000, 0x0000, 0x0000, 0x0000, 0x0000, 0x0000, 0x0000, 0x0000, 0x0000, 0x0000,
0x0000, 0x0000, 0x8c51, 0xe73c, 0x0000, 0x0000, 0x0000, 0x0000, 0x0020, 0xffff, 0x738e, 0x0000, 0x0000, 0x0000, 0x0000, 0x0000,
0x0000, 0x0000, 0x0000, 0x0000, 0x0000, 0x0000, 0x0000, 0x0000, 0x0000, 0x0000, 0x0000, 0x0000, 0x0000, 0x0000, 0x0000, 0x0000,
0x0000, 0x0000, 0x0000, 0x0000, 0x0000, 0x0000, 0x0000, 0x0000, 0x0000, 0x0000, 0x0000, 0x0000, 0x0000, 0x0000, 0x0000, 0x0000,
0x0000, 0x0000, 0x0000, 0x0000, 0x0000, 0x0000, 0x0000, 0x0000, 0x0000, 0x0000, 0x0000, 0x0000, 0x0000, 0x0000, 0x0000, 0x0000,
0x0000, 0x0000, 0x0000, 0x0000, 0x0000, 0x0000, 0x0000, 0x0000, 0x0000, 0x0000, 0x0000, 0x0000, 0x0000, 0x0000, 0x0000, 0x0000,
0x0000, 0x0000, 0x0000, 0x0000, 0x0000, 0x0000, 0x0000, 0x0000, 0x0000, 0x0000, 0x0000, 0x0000, 0x0000, 0x0000, 0x0000, 0x0000,
0x0000, 0x0000, 0x0000, 0x0000, 0x0000, 0x0000, 0x0000, 0x0000, 0x0000, 0x0000, 0x0000, 0x0000, 0x0000, 0x0000, 0x0000, 0x0000,
0x0000, 0x0000, 0x0000, 0x0000, 0x0000, 0x0000, 0x0000, 0x0000, 0x0000, 0x0000, 0x0000, 0x0000, 0x0000, 0x0000, 0x0000, 0x0000,
0x0000, 0x0000, 0x0000, 0x0000, 0x0000, 0x0000, 0x0000, 0x0000, 0xbed9, 0xbed9, 0xbed9, 0xbed9, 0xbed9, 0xbed9, 0xbed9, 0xbed9,
0xbed9, 0xbed9, 0xbed9, 0xbed9, 0xbed9, 0xbed9, 0xbed9, 0xbed9, 0xbed9, 0xbed9, 0xbed9, 0xbed9, 0xbed9, 0xbed9, 0xbed9, 0xbed9,
0xbed9, 0xbed9, 0xbed9, 0xbed9, 0xbed9, 0xbed9, 0xbed9, 0xbed9, 0xbed9, 0xbed9, 0xbed9, 0xbed9, 0xbed9, 0xbed9, 0xbed9, 0xbed9,
0xbed9, 0xbed9, 0xbed9, 0xbed9, 0xbed9, 0xbed9, 0xbed9, 0xbed9, 0xbed9, 0xbed9, 0xbed9, 0xbed9, 0xbed9, 0xbed9, 0xbed9, 0xbed9,
0xbed9, 0xbed9, 0xbed9, 0xbed9, 0xbed9, 0xbed9, 0xbed9, 0xbed9, 0xbed9, 0xbed9, 0xbed9, 0xbed9, 0xbed9, 0xbed9, 0xbed9, 0xbed9,
0xbed9, 0xb6d9, 0xbed9, 0xbed9, 0xbed9, 0xbed9, 0xbed9, 0xbed9, 0xbed9, 0xbed9, 0xbed9, 0xbed9, 0xbed9, 0xbed9, 0xbed9, 0xbed9,
0xbed9, 0xbed9, 0xbed9, 0xbed9, 0xbed9, 0xbed9, 0xbed9, 0xbed9, 0xbed9, 0xbed9, 0xbed9, 0xbed9, 0xbed9, 0xbed9, 0xbed9, 0xbed9,
0xbed9, 0xbed9, 0xbed9, 0xbed9, 0xbed9, 0xbed9, 0xbed9, 0xbed9, 0xbed9, 0xbed9, 0xbed9, 0xbed9, 0xbed9, 0xbed9, 0xbed9, 0xbed9,
0xbed9, 0xbed9, 0xbed9, 0xbed9, 0xbed9, 0xbed9, 0xbed9, 0xbed9, 0xbed9, 0xbed9, 0xbed9, 0xbed9, 0xbed9, 0xbed9, 0xbed9, 0xbed9,
0xbed9, 0xbed9, 0xbed9, 0xbed9, 0x0000, 0x0000, 0x0000, 0x0000, 0x0000, 0x0000, 0x530c, 0x0000, 0x0000, 0x0000, 0x0000, 0x0000,
0x0000, 0x0000, 0x0000, 0x0000, 0x0000, 0x2124, 0x4228, 0x39c7, 0x31a6, 0x31a6, 0xce79, 0xce59, 0x31a6, 0x31a6, 0x8430, 0xffff,
0x31a6, 0x31a6, 0x4228, 0xf7be, 0x9492, 0x31a6, 0x31a6, 0x39c7, 0x4228, 0x18c3, 0x0000, 0x0000, 0x0000, 0x0000, 0x0000, 0x0000,
0xc638, 0xa514, 0x4a49, 0x73ae, 0x0000, 0x0000, 0x0000, 0x0000, 0x0020, 0x7bcf, 0x39e7, 0x0000, 0x0000, 0x0000, 0x0000, 0x0000,
0x0000, 0x0000, 0x0000, 0x0000, 0x0000, 0x0000, 0x0000, 0x0000, 0x0000, 0x0000, 0x0000, 0x0000, 0x0000, 0x0000, 0x0000, 0x0000,
0x0000, 0x0000, 0x0000, 0x0000, 0x0000, 0x0000, 0x0000, 0x0000, 0x0000, 0x0000, 0x0000, 0x0000, 0x0000, 0x0000, 0x0000, 0x0000,
0x0000, 0x0000, 0x0000, 0x0000, 0x0000, 0x0000, 0x0000, 0x0000, 0x0000, 0x0000, 0x0000, 0x0000, 0x0000, 0x0000, 0x0000, 0x0000,
0x0000, 0x0000, 0x0000, 0x0000, 0x0000, 0x0000, 0x0000, 0x0000, 0x0000, 0x0000, 0x0000, 0x0000, 0x0000, 0x0000, 0x0000, 0x0000,
0x0000, 0x0000, 0x0000, 0x0000, 0x0000, 0x0000, 0x0000, 0x0000, 0x0000, 0x0000, 0x0000, 0x0000, 0x0000, 0x0000, 0x0000, 0x0000,
0x0000, 0x0000, 0x0000, 0x0000, 0x0000, 0x0000, 0x0000, 0x0000, 0x0000, 0x0000, 0x0000, 0x0000, 0x0000, 0x0000, 0x0000, 0x0000,
0x0000, 0x0000, 0x0000, 0x0000, 0x0000, 0x0000, 0x0000, 0x0000, 0x0000, 0x0000, 0x0000, 0x0000, 0x0000, 0x0000, 0x0000, 0x0000,
0x0000, 0x0000, 0x0000, 0x0000, 0x0000, 0x0000, 0x0000, 0x0000, 0xbed9, 0xbed9, 0xbed9, 0xbed9, 0xbed9, 0xbed9, 0xbed9, 0xbed9,
0xbed9, 0xbed9, 0xbed9, 0xbed9, 0xbed9, 0xbed9, 0xbed9, 0xbed9, 0xbed9, 0xbed9, 0xbed9, 0xbed9, 0xbed9, 0xbed9, 0xbed9, 0xbed9,
0xbed9, 0xbed9, 0xbed9, 0xbed9, 0xbed9, 0xbed9, 0xbed9, 0xbed9, 0xbed9, 0xbed9, 0xbed9, 0xbed9, 0xbed9, 0xbed9, 0xbed9, 0xbed9,
0xbed9, 0xbed9, 0xbed9, 0xbed9, 0xbed9, 0xbed9, 0xbed9, 0xbed9, 0xbed9, 0xbed9, 0xbed9, 0xbed9, 0xbed9, 0xbed9, 0xbed9, 0xbed9,
0xbed9, 0xbed9, 0xbed9, 0xbed9, 0xbed9, 0xbed9, 0xbed9, 0xbed9, 0xbed9, 0xbed9, 0xbed9, 0xbed9, 0xbed9, 0xbed9, 0xbed9, 0xb6b9,
0xbed9, 0xbed9, 0xbed9, 0xb6d9, 0xb6d9, 0xbed9, 0xbed9, 0xbed9, 0xbed9, 0xbed9, 0xbed9, 0xbed9, 0xbed9, 0xbed9, 0xbed9, 0xbed9,
0xbed9, 0xbed9, 0xbed9, 0xbed9, 0xbed9, 0xbed9, 0xbed9, 0xbed9, 0xbed9, 0xbed9, 0xbed9, 0xbed9, 0xbed9, 0xbed9, 0xbed9, 0xbed9,
0xbed9, 0xbed9, 0xbed9, 0xbed9, 0xbed9, 0xbed9, 0xbed9, 0xbed9, 0xbed9, 0xbed9, 0xbed9, 0xbed9, 0xbed9, 0xbed9, 0xbed9, 0xbed9,
0xbed9, 0xbed9, 0xbed9, 0xbed9, 0xbed9, 0xbed9, 0xbed9, 0xbed9, 0xbed9, 0xbed9, 0xbed9, 0xbed9, 0xbed9, 0xbed9, 0xbed9, 0xbed9,
0xbed9, 0xbed9, 0xbed9, 0xbed9, 0x0000, 0x0000, 0x0000, 0x0000, 0x0000, 0x0000, 0x530c, 0x0000, 0x0000, 0x0000, 0x0000, 0x0000,
0x0000, 0x0000, 0x0000, 0x0000, 0x0000, 0x6b6d, 0xffff, 0xffff, 0xffff, 0xffff, 0xffff, 0xffff, 0xffff, 0xffff, 0xffff, 0xffff,
0xffff, 0xffff, 0xffff, 0xffff, 0xffff, 0xffff, 0xffff, 0xffff, 0xffff, 0x4a69, 0x0000, 0x0000, 0x0000, 0x0000, 0x0000, 0x0000,
0xce59, 0xad55, 0x0000, 0x0000, 0x0000, 0x0000, 0x0000, 0x0000, 0x0841, 0x0000, 0x0000, 0x0000, 0x0000, 0x0000, 0x0000, 0x0020,
0x0000, 0x0000, 0x0000, 0x0000, 0x0000, 0x0000, 0x0000, 0x0000, 0x0000, 0x0000, 0x0000, 0x0000, 0x0000, 0x0000, 0x0000, 0x0000,
0x0000, 0x0000, 0x0000, 0x0000, 0x0000, 0x0000, 0x0000, 0x0000, 0x0000, 0x0000, 0x0000, 0x0000, 0x0000, 0x0000, 0x0000, 0x0000,
0x0000, 0x0000, 0x0000, 0x0000, 0x0000, 0x0000, 0x0000, 0x0000, 0x0000, 0x0000, 0x0000, 0x0000, 0x0000, 0x0000, 0x0000, 0x0000,
0x0000, 0x0000, 0x0000, 0x0000, 0x0000, 0x0000, 0x0000, 0x0000, 0x0000, 0x0000, 0x0000, 0x0000, 0x0000, 0x0000, 0x0000, 0x0000,
0x0000, 0x0000, 0x0000, 0x0000, 0x0000, 0x0000, 0x0000, 0x0000, 0x0000, 0x0000, 0x0000, 0x0000, 0x0000, 0x0000, 0x0000, 0x0000,
0x0000, 0x0000, 0x0000, 0x0000, 0x0000, 0x0000, 0x0000, 0x0000, 0x0000, 0x0000, 0x0000, 0x0000, 0x0000, 0x0000, 0x0000, 0x0000,
0x0000, 0x0000, 0x0000, 0x0000, 0x0000, 0x0000, 0x0000, 0x0000, 0x0000, 0x0000, 0x0000, 0x0000, 0x0000, 0x0000, 0x0000, 0x0000,
0x0000, 0x0000, 0x0000, 0x0000, 0x0000, 0x0000, 0x0000, 0x0000, 0xbed9, 0xbed9, 0xbed9, 0xbed9, 0xbed9, 0xbed9, 0xbed9, 0xbed9,
0xbed9, 0xbed9, 0xbed9, 0xbed9, 0xbed9, 0xbed9, 0xbed9, 0xbed9, 0xbed9, 0xbed9, 0xbed9, 0xbed9, 0xbed9, 0xbed9, 0xbed9, 0xbed9,
0xbed9, 0xbed9, 0xbed9, 0xbed9, 0xbed9, 0xbed9, 0xbed9, 0xbed9, 0xbed9, 0xbed9, 0xbed9, 0xbed9, 0xbed9, 0xbed9, 0xbed9, 0xbed9,
0xbed9, 0xbed9, 0xbed9, 0xbed9, 0xbed9, 0xbed9, 0xbed9, 0xbed9, 0xbed9, 0xbed9, 0xbed9, 0xbed9, 0xbed9, 0xbed9, 0xbed9, 0xbed9,
0xbed9, 0xbed9, 0xbed9, 0xbed9, 0xbed9, 0xbed9, 0xbed9, 0xbed9, 0xbed9, 0xbed9, 0xbed9, 0xbed9, 0xbed9, 0xbed9, 0xb6b9, 0xbefa,
0xbed9, 0xaeb8, 0xb6d9, 0xbeda, 0xbeda, 0xb6b9, 0xb6d9, 0xbed9, 0xbed9, 0xbed9, 0xbed9, 0xbed9, 0xbed9, 0xbed9, 0xbed9, 0xbed9,
0xbed9, 0xbed9, 0xbed9, 0xbed9, 0xbed9, 0xbed9, 0xbed9, 0xbed9, 0xbed9, 0xbed9, 0xbed9, 0xbed9, 0xbed9, 0xbed9, 0xbed9, 0xbed9,
0xbed9, 0xbed9, 0xbed9, 0xbed9, 0xbed9, 0xbed9, 0xbed9, 0xbed9, 0xbed9, 0xbed9, 0xbed9, 0xbed9, 0xbed9, 0xbed9, 0xbed9, 0xbed9,
0xbed9, 0xbed9, 0xbed9, 0xbed9, 0xbed9, 0xbed9, 0xbed9, 0xbed9, 0xbed9, 0xbed9, 0xbed9, 0xbed9, 0xbed9, 0xbed9, 0xbed9, 0xbed9,
0xbed9, 0xbed9, 0xbed9, 0xbed9, 0x0000, 0x0000, 0x0000, 0x0000, 0x0000, 0x0000, 0x530c, 0x0000, 0x0000, 0x0000, 0x0000, 0x0000,
0x0000, 0x0000, 0x0000, 0x0000, 0x0000, 0x0861, 0x0861, 0x0000, 0x0000, 0x0000, 0x0000, 0x0000, 0x630c, 0xf79e, 0xad55, 0xf7be,
0xad55, 0xd69a, 0x2945, 0x0000, 0x0000, 0x0000, 0x0000, 0x0020, 0x0861, 0x0841, 0x0000, 0x0000, 0x0841, 0x0841, 0x0000, 0x0000,
0xd69a, 0x9cf3, 0x0000, 0x0000, 0x0000, 0x0020, 0x0020, 0x0000, 0xef7d, 0xffff, 0xffff, 0xffff, 0xffff, 0xffff, 0xffff, 0xd6ba,
0x0000, 0x0000, 0x0000, 0x0000, 0x0000, 0x0000, 0x0000, 0x0000, 0x0000, 0x0000, 0x0000, 0x0000, 0x0000, 0x0000, 0x0000, 0x0000,
0x0000, 0x0000, 0x0000, 0x0000, 0x0000, 0x0000, 0x0000, 0x0000, 0x0000, 0x0000, 0x0000, 0x0000, 0x0000, 0x0000, 0x0000, 0x0000,
0x0000, 0x0000, 0x0000, 0x0000, 0x0000, 0x0000, 0x0000, 0x0000, 0x0000, 0x0000, 0x0000, 0x0000, 0x0000, 0x0000, 0x0000, 0x0000,
0x0000, 0x0000, 0x0000, 0x0000, 0x0000, 0x0000, 0x0000, 0x0000, 0x0000, 0x0000, 0x0000, 0x0000, 0x0000, 0x0000, 0x0000, 0x0000,
0x0000, 0x0000, 0x0000, 0x0000, 0x0000, 0x0000, 0x0000, 0x0000, 0x0000, 0x0000, 0x0000, 0x0000, 0x0000, 0x0000, 0x0000, 0x0000,
0x0000, 0x0000, 0x0000, 0x0000, 0x0000, 0x0000, 0x0000, 0x0000, 0x0000, 0x0000, 0x0000, 0x0000, 0x0000, 0x0000, 0x0000, 0x0000,
0x0000, 0x0000, 0x0000, 0x0000, 0x0000, 0x0000, 0x0000, 0x0000, 0x0000, 0x0000, 0x0000, 0x0000, 0x0000, 0x0000, 0x0000, 0x0000,
0x0000, 0x0000, 0x0000, 0x0000, 0x0000, 0x0000, 0x0000, 0x0000, 0xbed9, 0xbed9, 0xbed9, 0xbed9, 0xbed9, 0xbed9, 0xbed9, 0xbed9,
0xbed9, 0xbed9, 0xbed9, 0xbed9, 0xbed9, 0xbed9, 0xbed9, 0xbed9, 0xbed9, 0xbed9, 0xbed9, 0xbed9, 0xbed9, 0xbed9, 0xbed9, 0xbed9,
0xbed9, 0xbed9, 0xbed9, 0xbed9, 0xbed9, 0xbed9, 0xbed9, 0xbed9, 0xbed9, 0xbed9, 0xbed9, 0xbed9, 0xbed9, 0xbed9, 0xbed9, 0xbed9,
0xbed9, 0xbed9, 0xbed9, 0xbed9, 0xbed9, 0xbed9, 0xbed9, 0xbed9, 0xbed9, 0xbed9, 0xbed9, 0xbed9, 0xbed9, 0xbed9, 0xbed9, 0xbed9,
0xbed9, 0xbed9, 0xbed9, 0xbed9, 0xbed9, 0xbed9, 0xbed9, 0xbed9, 0xbed9, 0xbed9, 0xbed9, 0xbed9, 0xbed9, 0xb6d9, 0xbeda, 0x9e55,
0x654c, 0x550a, 0x5d6c, 0x7e11, 0xaeb7, 0xbeda, 0xbeda, 0xb6d9, 0xbed9, 0xbed9, 0xbed9, 0xbed9, 0xbed9, 0xbed9, 0xbed9, 0xbed9,
0xbed9, 0xbed9, 0xbed9, 0xbed9, 0xbed9, 0xbed9, 0xbed9, 0xbed9, 0xbed9, 0xbed9, 0xbed9, 0xbed9, 0xbed9, 0xbed9, 0xbed9, 0xbed9,
0xbed9, 0xbed9, 0xbed9, 0xbed9, 0xbed9, 0xbed9, 0xbed9, 0xbed9, 0xbed9, 0xbed9, 0xbed9, 0xbed9, 0xbed9, 0xbed9, 0xbed9, 0xbed9,
0xbed9, 0xbed9, 0xbed9, 0xbed9, 0xbed9, 0xbed9, 0xbed9, 0xbed9, 0xbed9, 0xbed9, 0xbed9, 0xbed9, 0xbed9, 0xbed9, 0xbed9, 0xbed9,
0xbed9, 0xbed9, 0xbed9, 0xbed9, 0x0000, 0x0000, 0x0000, 0x0000, 0x0000, 0x0000, 0x530c, 0x0000, 0x0000, 0x0000, 0x0000, 0x0000,
0x0000, 0x0000, 0x0000, 0x0000, 0x0000, 0x0000, 0x0000, 0x0000, 0x0000, 0x0000, 0x0861, 0x9cd3, 0xf7be, 0x4228, 0x632c, 0xffff,
0x0000, 0x8c71, 0xf79e, 0x6b6d, 0x0020, 0x0000, 0x0000, 0x0000, 0x0000, 0x0000, 0x0000, 0x0000, 0x630c, 0xffff, 0xffff, 0xffff,
0xffff, 0xffff, 0xffff, 0xffff, 0xffff, 0xffff, 0x4228, 0x0000, 0xdefb, 0xb596, 0x4208, 0x4208, 0x4208, 0x4208, 0xc618, 0xce59,
0x0000, 0x0000, 0x0000, 0x0000, 0x0000, 0x0000, 0x0000, 0x0000, 0x0000, 0x0000, 0x0000, 0x0000, 0x0000, 0x0000, 0x0000, 0x0000,
0x0000, 0x0000, 0x0000, 0x0000, 0x0000, 0x0000, 0x0000, 0x0000, 0x0000, 0x0000, 0x0000, 0x0000, 0x0000, 0x0000, 0x0000, 0x0000,
0x0000, 0x0000, 0x0000, 0x0000, 0x0000, 0x0000, 0x0000, 0x0000, 0x0000, 0x0000, 0x0000, 0x0000, 0x0000, 0x0000, 0x0000, 0x0000,
0x0000, 0x0000, 0x0000, 0x0000, 0x0000, 0x0000, 0x0000, 0x0000, 0x0000, 0x0000, 0x0000, 0x0000, 0x0000, 0x0000, 0x0000, 0x0000,
0x0000, 0x0000, 0x0000, 0x0000, 0x0000, 0x0000, 0x0000, 0x0000, 0x0000, 0x0000, 0x0000, 0x0000, 0x0000, 0x0000, 0x0000, 0x0000,
0x0000, 0x0000, 0x0000, 0x0000, 0x0000, 0x0000, 0x0000, 0x0000, 0x0000, 0x0000, 0x0000, 0x0000, 0x0000, 0x0000, 0x0000, 0x0000,
0x0000, 0x0000, 0x0000, 0x0000, 0x0000, 0x0000, 0x0000, 0x0000, 0x0000, 0x0000, 0x0000, 0x0000, 0x0000, 0x0000, 0x0000, 0x0000,
0x0000, 0x0000, 0x0000, 0x0000, 0x0000, 0x0000, 0x0000, 0x0000, 0xbed9, 0xbed9, 0xbed9, 0xbed9, 0xbed9, 0xbed9, 0xbed9, 0xbed9,
0xbed9, 0xbed9, 0xbed9, 0xbed9, 0xbed9, 0xbed9, 0xbed9, 0xbed9, 0xbed9, 0xbed9, 0xbed9, 0xbed9, 0xbed9, 0xbed9, 0xbed9, 0xbed9,
0xbed9, 0xbed9, 0xbed9, 0xbed9, 0xbed9, 0xbed9, 0xbed9, 0xbed9, 0xbed9, 0xbed9, 0xbed9, 0xbed9, 0xbed9, 0xbed9, 0xbed9, 0xbed9,
0xbed9, 0xbed9, 0xbed9, 0xbed9, 0xbed9, 0xbed9, 0xbed9, 0xbed9, 0xbed9, 0xbed9, 0xbed9, 0xbed9, 0xbed9, 0xbed9, 0xbed9, 0xbed9,
0xbed9, 0xbed9, 0xbed9, 0xbed9, 0xbed9, 0xbed9, 0xbed9, 0xbed9, 0xbed9, 0xbed9, 0xbed9, 0xbed9, 0xb6b9, 0xbeda, 0xa656, 0x44a9,
0x3c88, 0x44a8, 0x4488, 0x44a8, 0x554b, 0x8631, 0xaeb8, 0xbeda, 0xbed9, 0xb6d9, 0xbed9, 0xbed9, 0xbed9, 0xbed9, 0xbed9, 0xbed9,
0xbed9, 0xbed9, 0xbed9, 0xbed9, 0xbed9, 0xbed9, 0xbed9, 0xbed9, 0xbed9, 0xbed9, 0xbed9, 0xbed9, 0xbed9, 0xbed9, 0xbed9, 0xbed9,
0xbed9, 0xbed9, 0xbed9, 0xbed9, 0xbed9, 0xbed9, 0xbed9, 0xbed9, 0xbed9, 0xbed9, 0xbed9, 0xbed9, 0xbed9, 0xbed9, 0xbed9, 0xbed9,
0xbed9, 0xbed9, 0xbed9, 0xbed9, 0xbed9, 0xbed9, 0xbed9, 0xbed9, 0xbed9, 0xbed9, 0xbed9, 0xbed9, 0xbed9, 0xbed9, 0xbed9, 0xbed9,
0xbed9, 0xbed9, 0xbed9, 0xbed9, 0x0000, 0x0000, 0x0000, 0x0000, 0x0000, 0x0000, 0x530c, 0x0000, 0x0000, 0x0000, 0x0000, 0x0000,
0x0000, 0x0000, 0x0000, 0x0000, 0x0000, 0x0000, 0x0000, 0x0000, 0x0020, 0x630c, 0xe73c, 0xd6ba, 0x3186, 0x0000, 0x6b6d, 0xffff,
0x0020, 0x0000, 0x4a69, 0xe73c, 0xd6ba, 0x52aa, 0x0020, 0x0000, 0x0000, 0x0000, 0x0000, 0x0000, 0x2945, 0x528a, 0x4228, 0x4208,
0xef7d, 0x9cf3, 0x4208, 0x4208, 0x7bcf, 0xffff, 0x39c7, 0x0000, 0xdefb, 0x9492, 0x0000, 0x0000, 0x0000, 0x0000, 0xad55, 0xce59,
0x0000, 0x0000, 0x0000, 0x0000, 0x0000, 0x0000, 0x0000, 0x0000, 0x0000, 0x0000, 0x0000, 0x0000, 0x0000, 0x0000, 0x0000, 0x0000,
0x0000, 0x0000, 0x0000, 0x0000, 0x0000, 0x0000, 0x0000, 0x0000, 0x0000, 0x0000, 0x0000, 0x0000, 0x0000, 0x0000, 0x0000, 0x0000,
0x0000, 0x0000, 0x0000, 0x0000, 0x0000, 0x0000, 0x0000, 0x0000, 0x0000, 0x0000, 0x0000, 0x0000, 0x0000, 0x0000, 0x0000, 0x0000,
0x0000, 0x0000, 0x0000, 0x0000, 0x0000, 0x0000, 0x0000, 0x0000, 0x0000, 0x0000, 0x0000, 0x0000, 0x0000, 0x0000, 0x0000, 0x0000,
0x0000, 0x0000, 0x0000, 0x0000, 0x0000, 0x0000, 0x0000, 0x0000, 0x0000, 0x0000, 0x0000, 0x0000, 0x0000, 0x0000, 0x0000, 0x0000,
0x0000, 0x0000, 0x0000, 0x0000, 0x0000, 0x0000, 0x0000, 0x0000, 0x0000, 0x0000, 0x0000, 0x0000, 0x0000, 0x0000, 0x0000, 0x0000,
0x0000, 0x0000, 0x0000, 0x0000, 0x0000, 0x0000, 0x0000, 0x0000, 0x0000, 0x0000, 0x0000, 0x0000, 0x0000, 0x0000, 0x0000, 0x0000,
0x0000, 0x0000, 0x0000, 0x0000, 0x0000, 0x0000, 0x0000, 0x0000, 0xbed9, 0xbed9, 0xbed9, 0xbed9, 0xbed9, 0xbed9, 0xbed9, 0xbed9,
0xbed9, 0xbed9, 0xbed9, 0xbed9, 0xbed9, 0xbed9, 0xbed9, 0xbed9, 0xbed9, 0xbed9, 0xbed9, 0xbed9, 0xbed9, 0xbed9, 0xbed9, 0xbed9,
0xbed9, 0xbed9, 0xbed9, 0xbed9, 0xbed9, 0xbed9, 0xbed9, 0xbed9, 0xbed9, 0xbed9, 0xbed9, 0xbed9, 0xbed9, 0xbed9, 0xbed9, 0xbed9,
0xbed9, 0xbed9, 0xbed9, 0xbed9, 0xbed9, 0xbed9, 0xbed9, 0xbed9, 0xbed9, 0xbed9, 0xbed9, 0xbed9, 0xbed9, 0xbed9, 0xbed9, 0xbed9,
0xbed9, 0xb6d9, 0xb6d9, 0xbed9, 0xbed9, 0xbed9, 0xbed9, 0xbed9, 0xbed9, 0xbed9, 0xbed9, 0xbed9, 0xbed9, 0xbeb9, 0x5d0c, 0x4488,
0x4ca9, 0x44a9, 0x44a9, 0x44a9, 0x4488, 0x44c8, 0x556b, 0x7df1, 0xb6b9, 0xbeda, 0xb6d9, 0xbed9, 0xbed9, 0xbed9, 0xbed9, 0xbed9,
0xbed9, 0xbed9, 0xbed9, 0xbed9, 0xbed9, 0xbed9, 0xbed9, 0xbed9, 0xbed9, 0xbed9, 0xbed9, 0xbed9, 0xbed9, 0xbed9, 0xbed9, 0xbed9,
0xbed9, 0xbed9, 0xbed9, 0xbed9, 0xbed9, 0xbed9, 0xbed9, 0xbed9, 0xbed9, 0xbed9, 0xbed9, 0xbed9, 0xbed9, 0xbed9, 0xbed9, 0xbed9,
0xbed9, 0xbed9, 0xbed9, 0xbed9, 0xbed9, 0xbed9, 0xbed9, 0xbed9, 0xbed9, 0xbed9, 0xbed9, 0xbed9, 0xbed9, 0xbed9, 0xbed9, 0xbed9,
0xbed9, 0xbed9, 0xbed9, 0xbed9, 0x0000, 0x0000, 0x0000, 0x0000, 0x0000, 0x0000, 0x530c, 0x0000, 0x0000, 0x0000, 0x0000, 0x0000,
0x0000, 0x0000, 0x0000, 0x0000, 0x0000, 0x0000, 0x18c3, 0x73ae, 0xe71c, 0xf7be, 0x7bef, 0x0841, 0x0000, 0x0000, 0x2945, 0x5acb,
0x0020, 0x0000, 0x0000, 0x0861, 0x8430, 0xf7be, 0xe71c, 0x7bef, 0x2945, 0x0000, 0x0000, 0x0000, 0x0000, 0x0000, 0x0000, 0x0000,
0xffdf, 0x6b4d, 0x0000, 0x0000, 0x4a69, 0xffff, 0x2965, 0x0000, 0xdedb, 0x9492, 0x0000, 0x0000, 0x0000, 0x0000, 0xad55, 0xc638,
0x0000, 0x0000, 0x0000, 0x0000, 0x0000, 0x0000, 0x0000, 0x0000, 0x0000, 0x0000, 0x0000, 0x0000, 0x0000, 0x0000, 0x0000, 0x0000,
0x0000, 0x0000, 0x0000, 0x0000, 0x0000, 0x0000, 0x0000, 0x0000, 0x0000, 0x0000, 0x0000, 0x0000, 0x0000, 0x0000, 0x0000, 0x0000,
0x0000, 0x0000, 0x0000, 0x0000, 0x0000, 0x0000, 0x0000, 0x0000, 0x0000, 0x0000, 0x0000, 0x0000, 0x0000, 0x0000, 0x0000, 0x0000,
0x0000, 0x0000, 0x0000, 0x0000, 0x0000, 0x0000, 0x0000, 0x0000, 0x0000, 0x0000, 0x0000, 0x0000, 0x0000, 0x0000, 0x0000, 0x0000,
0x0000, 0x0000, 0x0000, 0x0000, 0x0000, 0x0000, 0x0000, 0x0000, 0x0000, 0x0000, 0x0000, 0x0000, 0x0000, 0x0000, 0x0000, 0x0000,
0x0000, 0x0000, 0x0000, 0x0000, 0x0000, 0x0000, 0x0000, 0x0000, 0x0000, 0x0000, 0x0000, 0x0000, 0x0000, 0x0000, 0x0000, 0x0000,
0x0000, 0x0000, 0x0000, 0x0000, 0x0000, 0x0000, 0x0000, 0x0000, 0x0000, 0x0000, 0x0000, 0x0000, 0x0000, 0x0000, 0x0000, 0x0000,
0x0000, 0x0000, 0x0000, 0x0000, 0x0000, 0x0000, 0x0000, 0x0000, 0xbed9, 0xbed9, 0xbed9, 0xbed9, 0xbed9, 0xbed9, 0xbed9, 0xbed9,
0xbed9, 0xbed9, 0xbed9, 0xbed9, 0xbed9, 0xbed9, 0xbed9, 0xbed9, 0xbed9, 0xbed9, 0xbed9, 0xbed9, 0xbed9, 0xbed9, 0xbed9, 0xbed9,
0xbed9, 0xbed9, 0xbed9, 0xbed9, 0xbed9, 0xbed9, 0xbed9, 0xbed9, 0xbed9, 0xbed9, 0xbed9, 0xbed9, 0xbed9, 0xbed9, 0xbed9, 0xbed9,
0xbed9, 0xbed9, 0xbed9, 0xbed9, 0xbed9, 0xbed9, 0xbed9, 0xbed9, 0xbed9, 0xbed9, 0xbed9, 0xbed9, 0xbed9, 0xbed9, 0xb6d9, 0xb6b9,
0xb6b9, 0xbed9, 0xbeda, 0xbed9, 0xb6b9, 0xb6b9, 0xbed9, 0xbed9, 0xbed9, 0xbed9, 0xbed9, 0xb6b9, 0xbefa, 0x9e35, 0x4488, 0x44a9,
0x44a9, 0x44a9, 0x44a9, 0x44a9, 0x44a9, 0x44a9, 0x44a8, 0x4509, 0x65cd, 0xae97, 0xbeda, 0xb6d9, 0xbed9, 0xbed9, 0xbed9, 0xbed9,
0xbed9, 0xbed9, 0xbed9, 0xbed9, 0xbed9, 0xbed9, 0xbed9, 0xbed9, 0xbed9, 0xbed9, 0xbed9, 0xbed9, 0xbed9, 0xbed9, 0xbed9, 0xbed9,
0xbed9, 0xbed9, 0xbed9, 0xbed9, 0xbed9, 0xbed9, 0xbed9, 0xbed9, 0xbed9, 0xbed9, 0xbed9, 0xbed9, 0xbed9, 0xbed9, 0xbed9, 0xbed9,
0xbed9, 0xbed9, 0xbed9, 0xbed9, 0xbed9, 0xbed9, 0xbed9, 0xbed9, 0xbed9, 0xbed9, 0xbed9, 0xbed9, 0xbed9, 0xbed9, 0xbed9, 0xbed9,
0xbed9, 0xbed9, 0xbed9, 0xbed9, 0x0000, 0x0000, 0x0000, 0x0000, 0x0000, 0x0000, 0x530c, 0x0000, 0x0000, 0x0000, 0x0000, 0x0000,
0x0000, 0x0000, 0x0000, 0x0000, 0x0000, 0x94b2, 0xffff, 0xf7be, 0xd6ba, 0xffff, 0xffff, 0xffff, 0xffff, 0xffff, 0xffff, 0xffff,
0xffff, 0xffff, 0xffff, 0xffff, 0xffff, 0xffff, 0xd69a, 0xf79e, 0xffff, 0xce59, 0x0020, 0x0000, 0x0000, 0x0000, 0x0000, 0x10a2,
0xffff, 0x52aa, 0x0000, 0x0000, 0x52aa, 0xffff, 0x2124, 0x0000, 0xdedb, 0x9492, 0x0000, 0x0000, 0x0000, 0x0000, 0xad55, 0xc638,
0x0000, 0x0000, 0x0000, 0x0000, 0x0000, 0x0000, 0x0000, 0x0000, 0x0000, 0x0000, 0x0000, 0x0000, 0x0000, 0x0000, 0x0000, 0x0000,
0x0000, 0x0000, 0x0000, 0x0000, 0x0000, 0x0000, 0x0000, 0x0000, 0x0000, 0x0000, 0x0000, 0x0000, 0x0000, 0x0000, 0x0000, 0x0000,
0x0000, 0x0000, 0x0000, 0x0000, 0x0000, 0x0000, 0x0000, 0x0000, 0x0000, 0x0000, 0x0000, 0x0000, 0x0000, 0x0000, 0x0000, 0x0000,
0x0000, 0x0000, 0x0000, 0x0000, 0x0000, 0x0000, 0x0000, 0x0000, 0x0000, 0x0000, 0x0000, 0x0000, 0x0000, 0x0000, 0x0000, 0x0000,
0x0000, 0x0000, 0x0000, 0x0000, 0x0000, 0x0000, 0x0000, 0x0000, 0x0000, 0x0000, 0x0000, 0x0000, 0x0000, 0x0000, 0x0000, 0x0000,
0x0000, 0x0000, 0x0000, 0x0000, 0x0000, 0x0000, 0x0000, 0x0000, 0x0000, 0x0000, 0x0000, 0x0000, 0x0000, 0x0000, 0x0000, 0x0000,
0x0000, 0x0000, 0x0000, 0x0000, 0x0000, 0x0000, 0x0000, 0x0000, 0x0000, 0x0000, 0x0000, 0x0000, 0x0000, 0x0000, 0x0000, 0x0000,
0x0000, 0x0000, 0x0000, 0x0000, 0x0000, 0x0000, 0x0000, 0x0000, 0xbed9, 0xbed9, 0xbed9, 0xbed9, 0xbed9, 0xbed9, 0xbed9, 0xbed9,
0xbed9, 0xbed9, 0xbed9, 0xbed9, 0xbed9, 0xbed9, 0xbed9, 0xbed9, 0xbed9, 0xbed9, 0xbed9, 0xbed9, 0xbed9, 0xbed9, 0xbed9, 0xbed9,
0xbed9, 0xbed9, 0xbed9, 0xbed9, 0xbed9, 0xbed9, 0xbed9, 0xbed9, 0xbed9, 0xbed9, 0xbed9, 0xbed9, 0xbed9, 0xbed9, 0xbed9, 0xbed9,
0xbed9, 0xbed9, 0xbed9, 0xbed9, 0xbed9, 0xbed9, 0xbed9, 0xbed9, 0xbed9, 0xbed9, 0xbed9, 0xbed9, 0xbed9, 0xb6b9, 0xbeda, 0xc6fa,
0xbefa, 0xb6b8, 0xaeb8, 0xb6d8, 0xbefa, 0xbefa, 0xbed9, 0xb6b9, 0xbed9, 0xbed9, 0xbed9, 0xb6b9, 0xbefa, 0x7590, 0x3c88, 0x44a9,
0x44a9, 0x44a9, 0x44a9, 0x44a9, 0x44a9, 0x44c9, 0x4468, 0x4489, 0x44c9, 0x5d8b, 0x9e96, 0xbeda, 0xbed9, 0xbed9, 0xbed9, 0xbed9,
0xbed9, 0xbed9, 0xbed9, 0xbed9, 0xbed9, 0xbed9, 0xbed9, 0xbed9, 0xbed9, 0xbed9, 0xbed9, 0xbed9, 0xbed9, 0xbed9, 0xbed9, 0xbed9,
0xbed9, 0xbed9, 0xbed9, 0xbed9, 0xbed9, 0xbed9, 0xbed9, 0xbed9, 0xbed9, 0xbed9, 0xbed9, 0xbed9, 0xbed9, 0xbed9, 0xbed9, 0xbed9,
0xbed9, 0xbed9, 0xbed9, 0xbed9, 0xbed9, 0xbed9, 0xbed9, 0xbed9, 0xbed9, 0xbed9, 0xbed9, 0xbed9, 0xbed9, 0xbed9, 0xbed9, 0xbed9,
0xbed9, 0xbed9, 0xbed9, 0xbed9, 0x0000, 0x0000, 0x0000, 0x0000, 0x0000, 0x0000, 0x530c, 0x0000, 0x0000, 0x0000, 0x0000, 0x0000,
0x0000, 0x0000, 0x0000, 0x0000, 0x0000, 0x39e7, 0x8430, 0x10a2, 0x7bef, 0xe73c, 0x3186, 0x3186, 0x3186, 0x3186, 0x7bef, 0xffdf,
0x3186, 0x3186, 0x3186, 0x3186, 0x3186, 0xef7d, 0x73ae, 0x0861, 0x738e, 0x6b4d, 0x0000, 0x0000, 0x0000, 0x0000, 0x0000, 0x39c7,
0xffff, 0x3186, 0x0000, 0x0000, 0x5aeb, 0xffff, 0x18c3, 0x0000, 0xdedb, 0x9492, 0x0000, 0x0000, 0x0000, 0x0000, 0xad55, 0xc638,
0x0000, 0x0000, 0x0000, 0x0000, 0x0000, 0x0000, 0x0000, 0x0000, 0x0000, 0x0000, 0x0000, 0x0000, 0x0000, 0x0000, 0x0000, 0x0000,
0x0000, 0x0000, 0x0000, 0x0000, 0x0000, 0x0000, 0x0000, 0x0000, 0x0000, 0x0000, 0x0000, 0x0000, 0x0000, 0x0000, 0x0000, 0x0000,
0x0000, 0x0000, 0x0000, 0x0000, 0x0000, 0x0000, 0x0000, 0x0000, 0x0000, 0x0000, 0x0000, 0x0000, 0x0000, 0x0000, 0x0000, 0x0000,
0x0000, 0x0000, 0x0000, 0x0000, 0x0000, 0x0000, 0x0000, 0x0000, 0x0000, 0x0000, 0x0000, 0x0000, 0x0000, 0x0000, 0x0000, 0x0000,
0x0000, 0x0000, 0x0000, 0x0000, 0x0000, 0x0000, 0x0000, 0x0000, 0x0000, 0x0000, 0x0000, 0x0000, 0x0000, 0x0000, 0x0000, 0x0000,
0x0000, 0x0000, 0x0000, 0x0000, 0x0000, 0x0000, 0x0000, 0x0000, 0x0000, 0x0000, 0x0000, 0x0000, 0x0000, 0x0000, 0x0000, 0x0000,
0x0000, 0x0000, 0x0000, 0x0000, 0x0000, 0x0000, 0x0000, 0x0000, 0x0000, 0x0000, 0x0000, 0x0000, 0x0000, 0x0000, 0x0000, 0x0000,
0x0000, 0x0000, 0x0000, 0x0000, 0x0000, 0x0000, 0x0000, 0x0000, 0xbed9, 0xbed9, 0xbed9, 0xbed9, 0xbed9, 0xbed9, 0xbed9, 0xbed9,
0xbed9, 0xbed9, 0xbed9, 0xbed9, 0xbed9, 0xbed9, 0xbed9, 0xbed9, 0xbed9, 0xbed9, 0xbed9, 0xbed9, 0xbed9, 0xbed9, 0xbed9, 0xbed9,
0xbed9, 0xbed9, 0xbed9, 0xbed9, 0xbed9, 0xbed9, 0xbed9, 0xbed9, 0xbed9, 0xbed9, 0xbed9, 0xbed9, 0xbed9, 0xbed9, 0xbed9, 0xbed9,
0xbed9, 0xbed9, 0xbed9, 0xbed9, 0xbed9, 0xbed9, 0xbed9, 0xbed9, 0xbed9, 0xbed9, 0xbed9, 0xb6d9, 0xbed9, 0xbefa, 0xaeb7, 0x85d1,
0x5ccc, 0x4449, 0x4429, 0x446a, 0x5ced, 0x8e14, 0xbeda, 0xbeda, 0xb6b9, 0xbed9, 0xbed9, 0xbed9, 0xb6b9, 0x5d0c, 0x44a8, 0x44a9,
0x44a9, 0x44a9, 0x44a9, 0x4489, 0x4488, 0x44a9, 0x3c28, 0x44a9, 0x44a9, 0x44a9, 0x554a, 0x9654, 0xbeda, 0xb6d9, 0xbed9, 0xbed9,
0xbed9, 0xbed9, 0xbed9, 0xbed9, 0xbed9, 0xbed9, 0xbed9, 0xbed9, 0xbed9, 0xbed9, 0xbed9, 0xbed9, 0xbed9, 0xbed9, 0xbed9, 0xbed9,
0xbed9, 0xbed9, 0xbed9, 0xbed9, 0xbed9, 0xbed9, 0xbed9, 0xbed9, 0xbed9, 0xbed9, 0xbed9, 0xbed9, 0xbed9, 0xbed9, 0xbed9, 0xbed9,
0xbed9, 0xbed9, 0xbed9, 0xbed9, 0xbed9, 0xbed9, 0xbed9, 0xbed9, 0xbed9, 0xbed9, 0xbed9, 0xbed9, 0xbed9, 0xbed9, 0xbed9, 0xbed9,
0xbed9, 0xbed9, 0xbed9, 0xbed9, 0x0000, 0x0000, 0x0000, 0x0000, 0x0000, 0x0000, 0x530c, 0x0000, 0x0000, 0x0000, 0x0000, 0x0000,
0x0000, 0x0000, 0x0000, 0x0000, 0x0000, 0x0000, 0x0000, 0x0000, 0x7bcf, 0xdefb, 0x0000, 0x0000, 0x0000, 0x0000, 0x5acb, 0xf7be,
0x0000, 0x0000, 0x0000, 0x0000, 0x0000, 0xe73c, 0x738e, 0x0000, 0x0000, 0x0000, 0x0000, 0x0000, 0x0000, 0x0000, 0x0000, 0x6b4d,
0xffdf, 0x0841, 0x0000, 0x0000, 0x6b4d, 0xffff, 0x0861, 0x0000, 0xdedb, 0x9492, 0x0000, 0x0000, 0x0000, 0x0000, 0xad55, 0xc638,
0x0000, 0x0000, 0x0000, 0x0000, 0x0000, 0x0000, 0x0000, 0x0000, 0x0000, 0x0000, 0x0000, 0x0000, 0x0000, 0x0000, 0x0000, 0x0000,
0x0000, 0x0000, 0x0000, 0x0000, 0x0000, 0x0000, 0x0000, 0x0000, 0x0000, 0x0000, 0x0000, 0x0000, 0x0000, 0x0000, 0x0000, 0x0000,
0x0000, 0x0000, 0x0000, 0x0000, 0x0000, 0x0000, 0x0000, 0x0000, 0x0000, 0x0000, 0x0000, 0x0000, 0x0000, 0x0000, 0x0000, 0x0000,
0x0000, 0x0000, 0x0000, 0x0000, 0x0000, 0x0000, 0x0000, 0x0000, 0x0000, 0x0000, 0x0000, 0x0000, 0x0000, 0x0000, 0x0000, 0x0000,
0x0000, 0x0000, 0x0000, 0x0000, 0x0000, 0x0000, 0x0000, 0x0000, 0x0000, 0x0000, 0x0000, 0x0000, 0x0000, 0x0000, 0x0000, 0x0000,
0x0000, 0x0000, 0x0000, 0x0000, 0x0000, 0x0000, 0x0000, 0x0000, 0x0000, 0x0000, 0x0000, 0x0000, 0x0000, 0x0000, 0x0000, 0x0000,
0x0000, 0x0000, 0x0000, 0x0000, 0x0000, 0x0000, 0x0000, 0x0000, 0x0000, 0x0000, 0x0000, 0x0000, 0x0000, 0x0000, 0x0000, 0x0000,
0x0000, 0x0000, 0x0000, 0x0000, 0x0000, 0x0000, 0x0000, 0x0000, 0xbed9, 0xbed9, 0xbed9, 0xbed9, 0xbed9, 0xbed9, 0xbed9, 0xbed9,
0xbed9, 0xbed9, 0xbed9, 0xbed9, 0xbed9, 0xbed9, 0xbed9, 0xbed9, 0xbed9, 0xbed9, 0xbed9, 0xbed9, 0xbed9, 0xbed9, 0xbed9, 0xbed9,
0xbed9, 0xbed9, 0xbed9, 0xbed9, 0xbed9, 0xbed9, 0xbed9, 0xbed9, 0xbed9, 0xbed9, 0xbed9, 0xbed9, 0xbed9, 0xbed9, 0xbed9, 0xbed9,
0xbed9, 0xbed9, 0xbed9, 0xbed9, 0xbed9, 0xbed9, 0xbed9, 0xbed9, 0xbed9, 0xbed9, 0xb6b9, 0xbed9, 0xbeda, 0x8df2, 0x4449, 0x2ba6,
0x2b86, 0x33a7, 0x33a7, 0x33a7, 0x2b86, 0x2ba6, 0x54ab, 0x9e56, 0xc6fa, 0xb6b9, 0xb6b9, 0xbefa, 0xb6b8, 0x4ca9, 0x44a9, 0x44a9,
0x44a9, 0x44a9, 0x44c9, 0x3c28, 0x44a9, 0x3c28, 0x3c48, 0x44c9, 0x44a9, 0x44a9, 0x44c9, 0x3c48, 0xae57, 0xbeda, 0xb6b9, 0xbed9,
0xbed9, 0xbed9, 0xbed9, 0xbed9, 0xbed9, 0xbed9, 0xbed9, 0xbed9, 0xbed9, 0xbed9, 0xbed9, 0xbed9, 0xbed9, 0xbed9, 0xbed9, 0xbed9,
0xbed9, 0xbed9, 0xbed9, 0xbed9, 0xbed9, 0xbed9, 0xbed9, 0xbed9, 0xbed9, 0xbed9, 0xbed9, 0xbed9, 0xbed9, 0xbed9, 0xbed9, 0xbed9,
0xbed9, 0xbed9, 0xbed9, 0xbed9, 0xbed9, 0xbed9, 0xbed9, 0xbed9, 0xbed9, 0xbed9, 0xbed9, 0xbed9, 0xbed9, 0xbed9, 0xbed9, 0xbed9,
0xbed9, 0xbed9, 0xbed9, 0xbed9, 0x0000, 0x0000, 0x0000, 0x0000, 0x0000, 0x0000, 0x530c, 0x0000, 0x0000, 0x0000, 0x0000, 0x0000,
0x0000, 0x0000, 0x0000, 0x0000, 0x0000, 0x0000, 0x0000, 0x0000, 0x7bcf, 0xdefb, 0x0000, 0x0000, 0x0000, 0x0000, 0x5acb, 0xf7be,
0x0000, 0x0000, 0x0000, 0x0000, 0x0000, 0xe73c, 0x738e, 0x0000, 0x0000, 0x0000, 0x0000, 0x0000, 0x0000, 0x0000, 0x0000, 0xb596,
0xc638, 0x0000, 0x0000, 0x0000, 0x7bcf, 0xffff, 0x0000, 0x0000, 0xdedb, 0x9492, 0x0000, 0x0000, 0x0000, 0x0000, 0xad55, 0xc638,
0x0000, 0x0000, 0x0000, 0x0000, 0x0000, 0x0000, 0x0000, 0x0000, 0x0000, 0x0000, 0x0000, 0x0000, 0x0000, 0x0000, 0x0000, 0x0000,
0x0000, 0x0000, 0x0000, 0x0000, 0x0000, 0x0000, 0x0000, 0x0000, 0x0000, 0x0000, 0x0000, 0x0000, 0x0000, 0x0000, 0x0000, 0x0000,
0x0000, 0x0000, 0x0000, 0x0000, 0x0000, 0x0000, 0x0000, 0x0000, 0x0000, 0x0000, 0x0000, 0x0000, 0x0000, 0x0000, 0x0000, 0x0000,
0x0000, 0x0000, 0x0000, 0x0000, 0x0000, 0x0000, 0x0000, 0x0000, 0x0000, 0x0000, 0x0000, 0x0000, 0x0000, 0x0000, 0x0000, 0x0000,
0x0000, 0x0000, 0x0000, 0x0000, 0x0000, 0x0000, 0x0000, 0x0000, 0x0000, 0x0000, 0x0000, 0x0000, 0x0000, 0x0000, 0x0000, 0x0000,
0x0000, 0x0000, 0x0000, 0x0000, 0x0000, 0x0000, 0x0000, 0x0000, 0x0000, 0x0000, 0x0000, 0x0000, 0x0000, 0x0000, 0x0000, 0x0000,
0x0000, 0x0000, 0x0000, 0x0000, 0x0000, 0x0000, 0x0000, 0x0000, 0x0000, 0x0000, 0x0000, 0x0000, 0x0000, 0x0000, 0x0000, 0x0000,
0x0000, 0x0000, 0x0000, 0x0000, 0x0000, 0x0000, 0x0000, 0x0000, 0xbed9, 0xbed9, 0xbed9, 0xbed9, 0xbed9, 0xbed9, 0xbed9, 0xbed9,
0xbed9, 0xbed9, 0xbed9, 0xbed9, 0xbed9, 0xbed9, 0xbed9, 0xbed9, 0xbed9, 0xbed9, 0xbed9, 0xbed9, 0xbed9, 0xbed9, 0xbed9, 0xbed9,
0xbed9, 0xbed9, 0xbed9, 0xbed9, 0xbed9, 0xbed9, 0xbed9, 0xbed9, 0xbed9, 0xbed9, 0xbed9, 0xbed9, 0xbed9, 0xbed9, 0xbed9, 0xbed9,
0xbed9, 0xbed9, 0xbed9, 0xbed9, 0xbed9, 0xbed9, 0xbed9, 0xbed9, 0xbed9, 0xb6b9, 0xbeda, 0xbef9, 0x6d2e, 0x2ba6, 0x33a7, 0x33c7,
0x33c7, 0x33c7, 0x33c7, 0x33c7, 0x33c7, 0x33c7, 0x2b86, 0x33e7, 0x85b2, 0xbefa, 0xbed9, 0xae57, 0x752f, 0x44a8, 0x44a9, 0x44a9,
0x44a9, 0x44a9, 0x4468, 0x3c28, 0x44c9, 0x3c28, 0x44a9, 0x44a9, 0x44a9, 0x4cc9, 0x3c48, 0x3b69, 0xb6b9, 0xbed9, 0xbed9, 0xbed9,
0xbed9, 0xbed9, 0xbed9, 0xbed9, 0xbed9, 0xbed9, 0xbed9, 0xbed9, 0xbed9, 0xbed9, 0xbed9, 0xbed9, 0xbed9, 0xbed9, 0xbed9, 0xbed9,
0xbed9, 0xbed9, 0xbed9, 0xbed9, 0xbed9, 0xbed9, 0xbed9, 0xbed9, 0xbed9, 0xbed9, 0xbed9, 0xbed9, 0xbed9, 0xbed9, 0xbed9, 0xbed9,
0xbed9, 0xbed9, 0xbed9, 0xbed9, 0xbed9, 0xbed9, 0xbed9, 0xbed9, 0xbed9, 0xbed9, 0xbed9, 0xbed9, 0xbed9, 0xbed9, 0xbed9, 0xbed9,
0xbed9, 0xbed9, 0xbed9, 0xbed9, 0x0000, 0x0000, 0x0000, 0x0000, 0x0000, 0x0000, 0x530c, 0x0000, 0x0000, 0x0000, 0x0000, 0x0000,
0x0000, 0x0000, 0x0000, 0x0000, 0x0000, 0x0000, 0x0000, 0x0000, 0x7bcf, 0xffff, 0xffff, 0xffff, 0xffff, 0xffff, 0xffff, 0xffff,
0xffff, 0xffff, 0xffff, 0xffff, 0xffff, 0xffff, 0x738e, 0x0000, 0x0000, 0x0000, 0x0000, 0x0000, 0x0000, 0x0000, 0x18c3, 0xffff,
0x8410, 0x0000, 0x0000, 0x0000, 0x8c71, 0xef7d, 0x0000, 0x0000, 0xdedb, 0x9492, 0x0000, 0x0000, 0x0000, 0x0000, 0xad55, 0xc638,
0x0000, 0x0000, 0x0000, 0x0000, 0x0000, 0x0000, 0x0000, 0x0000, 0x0000, 0x0000, 0x0000, 0x0000, 0x0000, 0x0000, 0x0000, 0x0000,
0x0000, 0x0000, 0x0000, 0x0000, 0x0000, 0x0000, 0x0000, 0x0000, 0x0000, 0x0000, 0x0000, 0x0000, 0x0000, 0x0000, 0x0000, 0x0000,
0x0000, 0x0000, 0x0000, 0x0000, 0x0000, 0x0000, 0x0000, 0x0000, 0x0000, 0x0000, 0x0000, 0x0000, 0x0000, 0x0000, 0x0000, 0x0000,
0x0000, 0x0000, 0x0000, 0x0000, 0x0000, 0x0000, 0x0000, 0x0000, 0x0000, 0x0000, 0x0000, 0x0000, 0x0000, 0x0000, 0x0000, 0x0000,
0x0000, 0x0000, 0x0000, 0x0000, 0x0000, 0x0000, 0x0000, 0x0000, 0x0000, 0x0000, 0x0000, 0x0000, 0x0000, 0x0000, 0x0000, 0x0000,
0x0000, 0x0000, 0x0000, 0x0000, 0x0000, 0x0000, 0x0000, 0x0000, 0x0000, 0x0000, 0x0000, 0x0000, 0x0000, 0x0000, 0x0000, 0x0000,
0x0000, 0x0000, 0x0000, 0x0000, 0x0000, 0x0000, 0x0000, 0x0000, 0x0000, 0x0000, 0x0000, 0x0000, 0x0000, 0x0000, 0x0000, 0x0000,
0x0000, 0x0000, 0x0000, 0x0000, 0x0000, 0x0000, 0x0000, 0x0000, 0xbed9, 0xbed9, 0xbed9, 0xbed9, 0xbed9, 0xbed9, 0xbed9, 0xbed9,
0xbed9, 0xbed9, 0xbed9, 0xbed9, 0xbed9, 0xbed9, 0xbed9, 0xbed9, 0xbed9, 0xbed9, 0xbed9, 0xbed9, 0xbed9, 0xbed9, 0xbed9, 0xbed9,
0xbed9, 0xbed9, 0xbed9, 0xbed9, 0xbed9, 0xbed9, 0xbed9, 0xbed9, 0xbed9, 0xbed9, 0xbed9, 0xbed9, 0xbed9, 0xbed9, 0xbed9, 0xbed9,
0xbed9, 0xbed9, 0xbed9, 0xbed9, 0xbed9, 0xbed9, 0xbed9, 0xbed9, 0xb6b9, 0xbefa, 0xa677, 0x5cec, 0x2ba6, 0x33c7, 0x33c7, 0x33c7,
0x33c7, 0x33c7, 0x33c7, 0x33c7, 0x33c7, 0x33c7, 0x33c7, 0x33a7, 0x2ba6, 0x7570, 0xcf3b, 0x6d0f, 0x2ba5, 0x4cc9, 0x44a9, 0x44a9,
0x44a9, 0x44c9, 0x4448, 0x44a9, 0x3c28, 0x2b66, 0x4488, 0x44a9, 0x44a9, 0x4ce9, 0x2b85, 0x74f0, 0xc71b, 0xb6b9, 0xbed9, 0xbed9,
0xbed9, 0xbed9, 0xbed9, 0xbed9, 0xbed9, 0xbed9, 0xbed9, 0xbed9, 0xbed9, 0xbed9, 0xbed9, 0xbed9, 0xbed9, 0xbed9, 0xbed9, 0xbed9,
0xbed9, 0xbed9, 0xbed9, 0xbed9, 0xbed9, 0xbed9, 0xbed9, 0xbed9, 0xbed9, 0xbed9, 0xbed9, 0xbed9, 0xbed9, 0xbed9, 0xbed9, 0xbed9,
0xbed9, 0xbed9, 0xbed9, 0xbed9, 0xbed9, 0xbed9, 0xbed9, 0xbed9, 0xbed9, 0xbed9, 0xbed9, 0xbed9, 0xbed9, 0xbed9, 0xbed9, 0xbed9,
0xbed9, 0xbed9, 0xbed9, 0xbed9, 0x0000, 0x0000, 0x0000, 0x0000, 0x0000, 0x0000, 0x530c, 0x0000, 0x0000, 0x0000, 0x0000, 0x0000,
0x0000, 0x0000, 0x0000, 0x0000, 0x0000, 0x0000, 0x0000, 0x0000, 0x7bcf, 0xe73c, 0x2965, 0x2965, 0x2965, 0x2965, 0x7bcf, 0xffff,
0x2965, 0x2965, 0x2965, 0x2965, 0x2965, 0xef7d, 0x738e, 0x0000, 0x0000, 0x0000, 0x0000, 0x0000, 0x0000, 0x0000, 0x7bcf, 0xffff,
0x31a6, 0x0000, 0x0000, 0x0000, 0xa514, 0xdedb, 0x0000, 0x0000, 0xdedb, 0x9492, 0x0000, 0x0000, 0x0000, 0x0000, 0xad55, 0xc638,
0x0000, 0x0000, 0x0000, 0x0000, 0x0000, 0x0000, 0x0000, 0x0000, 0x0000, 0x0000, 0x0000, 0x0000, 0x0000, 0x0000, 0x0000, 0x0000,
0x0000, 0x0000, 0x0000, 0x0000, 0x0000, 0x0000, 0x0000, 0x0000, 0x0000, 0x0000, 0x0000, 0x0000, 0x0000, 0x0000, 0x0000, 0x0000,
0x0000, 0x0000, 0x0000, 0x0000, 0x0000, 0x0000, 0x0000, 0x0000, 0x0000, 0x0000, 0x0000, 0x0000, 0x0000, 0x0000, 0x0000, 0x0000,
0x0000, 0x0000, 0x0000, 0x0000, 0x0000, 0x0000, 0x0000, 0x0000, 0x0000, 0x0000, 0x0000, 0x0000, 0x0000, 0x0000, 0x0000, 0x0000,
0x0000, 0x0000, 0x0000, 0x0000, 0x0000, 0x0000, 0x0000, 0x0000, 0x0000, 0x0000, 0x0000, 0x0000, 0x0000, 0x0000, 0x0000, 0x0000,
0x0000, 0x0000, 0x0000, 0x0000, 0x0000, 0x0000, 0x0000, 0x0000, 0x0000, 0x0000, 0x0000, 0x0000, 0x0000, 0x0000, 0x0000, 0x0000,
0x0000, 0x0000, 0x0000, 0x0000, 0x0000, 0x0000, 0x0000, 0x0000, 0x0000, 0x0000, 0x0000, 0x0000, 0x0000, 0x0000, 0x0000, 0x0000,
0x0000, 0x0000, 0x0000, 0x0000, 0x0000, 0x0000, 0x0000, 0x0000, 0xbed9, 0xbed9, 0xbed9, 0xbed9, 0xbed9, 0xbed9, 0xbed9, 0xbed9,
0xbed9, 0xbed9, 0xbed9, 0xbed9, 0xbed9, 0xbed9, 0xbed9, 0xbed9, 0xbed9, 0xbed9, 0xbed9, 0xbed9, 0xbed9, 0xbed9, 0xbed9, 0xbed9,
0xbed9, 0xbed9, 0xbed9, 0xbed9, 0xbed9, 0xbed9, 0xbed9, 0xbed9, 0xbed9, 0xbed9, 0xbed9, 0xbed9, 0xbed9, 0xbed9, 0xbed9, 0xbed9,
0xbed9, 0xbed9, 0xbed9, 0xbed9, 0xbed9, 0xbed9, 0xbed9, 0xb6b9, 0xc6fa, 0xa676, 0x4449, 0x2b86, 0x33c7, 0x33c7, 0x33c7, 0x33c7,
0x33c7, 0x33c7, 0x33c7, 0x33c7, 0x33c7, 0x33c7, 0x33c7, 0x33c7, 0x33c7, 0x2b86, 0x85b2, 0x7d30, 0x33e6, 0x4cc9, 0x44a9, 0x44c9,
0x4ce9, 0x44a9, 0x33a6, 0x33a6, 0x2b66, 0x3366, 0x44a9, 0x44c9, 0x44a9, 0x44a8, 0x2b26, 0xa637, 0xbefa, 0xb6b9, 0xbed9, 0xbed9,
0xbed9, 0xbed9, 0xbed9, 0xbed9, 0xbed9, 0xbed9, 0xbed9, 0xbed9, 0xbed9, 0xbed9, 0xbed9, 0xbed9, 0xbed9, 0xbed9, 0xbed9, 0xbed9,
0xbed9, 0xbed9, 0xbed9, 0xbed9, 0xbed9, 0xbed9, 0xbed9, 0xbed9, 0xbed9, 0xbed9, 0xbed9, 0xbed9, 0xbed9, 0xbed9, 0xbed9, 0xbed9,
0xbed9, 0xbed9, 0xbed9, 0xbed9, 0xbed9, 0xbed9, 0xbed9, 0xbed9, 0xbed9, 0xbed9, 0xbed9, 0xbed9, 0xbed9, 0xbed9, 0xbed9, 0xbed9,
0xbed9, 0xbed9, 0xbed9, 0xbed9, 0x0000, 0x0000, 0x0000, 0x0000, 0x0000, 0x0000, 0x530c, 0x0000, 0x0000, 0x0000, 0x0000, 0x0000,
0x0000, 0x0000, 0x0000, 0x0000, 0x0000, 0x0000, 0x0000, 0x0000, 0x7bcf, 0xdefb, 0x0000, 0x0000, 0x0000, 0x0000, 0x5acb, 0xffff,
0x0000, 0x0000, 0x0000, 0x0000, 0x0000, 0xef5d, 0x738e, 0x0000, 0x0000, 0x0000, 0x0000, 0x0000, 0x0000, 0x0841, 0xe71c, 0xbdf7,
0x0000, 0x0000, 0x0000, 0x0000, 0xc618, 0xbdf7, 0x0000, 0x0000, 0xdedb, 0x9492, 0x0000, 0x0000, 0x0000, 0x0000, 0xad55, 0xc638,
0x0000, 0x0000, 0x0000, 0x0000, 0x0000, 0x0000, 0x0000, 0x0000, 0x0000, 0x0000, 0x0000, 0x0000, 0x0000, 0x0000, 0x0000, 0x0000,
0x0000, 0x0000, 0x0000, 0x0000, 0x0000, 0x0000, 0x0000, 0x0000, 0x0000, 0x0000, 0x0000, 0x0000, 0x0000, 0x0000, 0x0000, 0x0000,
0x0000, 0x0000, 0x0000, 0x0000, 0x0000, 0x0000, 0x0000, 0x0000, 0x0000, 0x0000, 0x0000, 0x0000, 0x0000, 0x0000, 0x0000, 0x0000,
0x0000, 0x0000, 0x0000, 0x0000, 0x0000, 0x0000, 0x0000, 0x0000, 0x0000, 0x0000, 0x0000, 0x0000, 0x0000, 0x0000, 0x0000, 0x0000,
0x0000, 0x0000, 0x0000, 0x0000, 0x0000, 0x0000, 0x0000, 0x0000, 0x0000, 0x0000, 0x0000, 0x0000, 0x0000, 0x0000, 0x0000, 0x0000,
0x0000, 0x0000, 0x0000, 0x0000, 0x0000, 0x0000, 0x0000, 0x0000, 0x0000, 0x0000, 0x0000, 0x0000, 0x0000, 0x0000, 0x0000, 0x0000,
0x0000, 0x0000, 0x0000, 0x0000, 0x0000, 0x0000, 0x0000, 0x0000, 0x0000, 0x0000, 0x0000, 0x0000, 0x0000, 0x0000, 0x0000, 0x0000,
0x0000, 0x0000, 0x0000, 0x0000, 0x0000, 0x0000, 0x0000, 0x0000, 0xbed9, 0xbed9, 0xbed9, 0xbed9, 0xbed9, 0xbed9, 0xbed9, 0xbed9,
0xbed9, 0xbed9, 0xbed9, 0xbed9, 0xbed9, 0xbed9, 0xbed9, 0xbed9, 0xbed9, 0xbed9, 0xbed9, 0xbed9, 0xbed9, 0xbed9, 0xbed9, 0xbed9,
0xbed9, 0xbed9, 0xbed9, 0xbed9, 0xbed9, 0xbed9, 0xbed9, 0xbed9, 0xbed9, 0xbed9, 0xbed9, 0xbed9, 0xbed9, 0xbed9, 0xbed9, 0xbed9,
0xbed9, 0xbed9, 0xbed9, 0xbed9, 0xbed9, 0xbed9, 0xb6b9, 0xc6fa, 0x9613, 0x3be8, 0x33a7, 0x33c7, 0x33c7, 0x33c7, 0x33c7, 0x33c7,
0x33c7, 0x33c7, 0x33c7, 0x33c7, 0x33c7, 0x33c7, 0x33c7, 0x33c7, 0x33c7, 0x33a7, 0x33e8, 0x4409, 0x3c07, 0x4ce9, 0x44c9, 0x4468,
0x33e7, 0x2b66, 0x2b66, 0x3c48, 0x44c9, 0x44a9, 0x3c07, 0x4488, 0x4ce9, 0x33e6, 0x5c4d, 0xc71b, 0xb6b9, 0xbed9, 0xbed9, 0xbed9,
0xbed9, 0xbed9, 0xbed9, 0xbed9, 0xbed9, 0xbed9, 0xbed9, 0xbed9, 0xbed9, 0xbed9, 0xbed9, 0xbed9, 0xbed9, 0xbed9, 0xbed9, 0xbed9,
0xbed9, 0xbed9, 0xbed9, 0xbed9, 0xbed9, 0xbed9, 0xbed9, 0xbed9, 0xbed9, 0xbed9, 0xbed9, 0xbed9, 0xbed9, 0xbed9, 0xbed9, 0xbed9,
0xbed9, 0xbed9, 0xbed9, 0xbed9, 0xbed9, 0xbed9, 0xbed9, 0xbed9, 0xbed9, 0xbed9, 0xbed9, 0xbed9, 0xbed9, 0xbed9, 0xbed9, 0xbed9,
0xbed9, 0xbed9, 0xbed9, 0xbed9, 0x0000, 0x0000, 0x0000, 0x0000, 0x0000, 0x0000, 0x530c, 0x0000, 0x0000, 0x0000, 0x0000, 0x0000,
0x0000, 0x0000, 0x0000, 0x0000, 0x0000, 0x0000, 0x0000, 0x0000, 0x7bcf, 0xdefb, 0x0000, 0x0000, 0x0000, 0x0000, 0x5acb, 0xffff,
0x0000, 0x0000, 0x0000, 0x0000, 0x0000, 0xef5d, 0x738e, 0x0000, 0x0000, 0x0000, 0x0000, 0x0000, 0x0000, 0x8c71, 0xffff, 0x4228,
0x0000, 0x0000, 0x0000, 0x0000, 0xef5d, 0x9cd3, 0x0000, 0x0000, 0xdedb, 0xad75, 0x39e7, 0x39e7, 0x39e7, 0x39e7, 0xc618, 0xc638,
0x0000, 0x0000, 0x0000, 0x0000, 0x0000, 0x0000, 0x0000, 0x0000, 0x0000, 0x0000, 0x0000, 0x0000, 0x0000, 0x0000, 0x0000, 0x0000,
0x0000, 0x0000, 0x0000, 0x0000, 0x0000, 0x0000, 0x0000, 0x0000, 0x0000, 0x0000, 0x0000, 0x0000, 0x0000, 0x0000, 0x0000, 0x0000,
0x0000, 0x0000, 0x0000, 0x0000, 0x0000, 0x0000, 0x0000, 0x0000, 0x0000, 0x0000, 0x0000, 0x0000, 0x0000, 0x0000, 0x0000, 0x0000,
0x0000, 0x0000, 0x0000, 0x0000, 0x0000, 0x0000, 0x0000, 0x0000, 0x0000, 0x0000, 0x0000, 0x0000, 0x0000, 0x0000, 0x0000, 0x0000,
0x0000, 0x0000, 0x0000, 0x0000, 0x0000, 0x0000, 0x0000, 0x0000, 0x0000, 0x0000, 0x0000, 0x0000, 0x0000, 0x0000, 0x0000, 0x0000,
0x0000, 0x0000, 0x0000, 0x0000, 0x0000, 0x0000, 0x0000, 0x0000, 0x0000, 0x0000, 0x0000, 0x0000, 0x0000, 0x0000, 0x0000, 0x0000,
0x0000, 0x0000, 0x0000, 0x0000, 0x0000, 0x0000, 0x0000, 0x0000, 0x0000, 0x0000, 0x0000, 0x0000, 0x0000, 0x0000, 0x0000, 0x0000,
0x0000, 0x0000, 0x0000, 0x0000, 0x0000, 0x0000, 0x0000, 0x0000, 0xbed9, 0xbed9, 0xbed9, 0xbed9, 0xbed9, 0xbed9, 0xbed9, 0xbed9,
0xbed9, 0xbed9, 0xbed9, 0xbed9, 0xbed9, 0xbed9, 0xbed9, 0xbed9, 0xbed9, 0xbed9, 0xbed9, 0xbed9, 0xbed9, 0xbed9, 0xbed9, 0xbed9,
0xbed9, 0xbed9, 0xbed9, 0xbed9, 0xbed9, 0xbed9, 0xbed9, 0xbed9, 0xbed9, 0xbed9, 0xbed9, 0xbed9, 0xbed9, 0xbed9, 0xbed9, 0xbed9,
0xbed9, 0xbed9, 0xbed9, 0xbed9, 0xbed9, 0xb6b9, 0xbefa, 0x85d1, 0x33c7, 0x33a7, 0x33c7, 0x33c7, 0x33c7, 0x33c7, 0x33c7, 0x33c7,
0x33c7, 0x33c7, 0x33c7, 0x33c7, 0x33c7, 0x33c7, 0x33c7, 0x33c7, 0x33c7, 0x33c7, 0x33c7, 0x3386, 0x3c07, 0x3c28, 0x2b86, 0x2b66,
0x3407, 0x4488, 0x44c9, 0x3c28, 0x4468, 0x44c9, 0x4489, 0x3be7, 0x44a9, 0x2325, 0x9df5, 0xbefa, 0xb6b9, 0xbed9, 0xbed9, 0xbed9,
0xbed9, 0xbed9, 0xbed9, 0xbed9, 0xbed9, 0xbed9, 0xbed9, 0xbed9, 0xbed9, 0xbed9, 0xbed9, 0xbed9, 0xbed9, 0xbed9, 0xbed9, 0xbed9,
0xbed9, 0xbed9, 0xbed9, 0xbed9, 0xbed9, 0xbed9, 0xbed9, 0xbed9, 0xbed9, 0xbed9, 0xbed9, 0xbed9, 0xbed9, 0xbed9, 0xbed9, 0xbed9,
0xbed9, 0xbed9, 0xbed9, 0xbed9, 0xbed9, 0xbed9, 0xbed9, 0xbed9, 0xbed9, 0xbed9, 0xbed9, 0xbed9, 0xbed9, 0xbed9, 0xbed9, 0xbed9,
0xbed9, 0xbed9, 0xbed9, 0xbed9, 0x0000, 0x0000, 0x0000, 0x0000, 0x0000, 0x0000, 0x530c, 0x0000, 0x0000, 0x0000, 0x0000, 0x0000,
0x0000, 0x0000, 0x0000, 0x0000, 0x0000, 0x0000, 0x0000, 0x0000, 0x7bef, 0xffff, 0xffff, 0xffff, 0xffff, 0xffff, 0xffff, 0xffff,
0xffff, 0xffff, 0xffff, 0xffff, 0xffff, 0xffff, 0x73ae, 0x0000, 0x0000, 0x0000, 0x0000, 0x0000, 0x6b4d, 0xffff, 0xa534, 0x0000,
0x4208, 0x8c71, 0x6b4d, 0x9492, 0xffff, 0x630c, 0x0000, 0x0000, 0xdefb, 0xffff, 0xffff, 0xffff, 0xffff, 0xffff, 0xffff, 0xce59,
0x0000, 0x0000, 0x0000, 0x0000, 0x0000, 0x0000, 0x0000, 0x0000, 0x0000, 0x0000, 0x0000, 0x0000, 0x0000, 0x0000, 0x0000, 0x0000,
0x0000, 0x0000, 0x0000, 0x0000, 0x0000, 0x0000, 0x0000, 0x0000, 0x0000, 0x0000, 0x0000, 0x0000, 0x0000, 0x0000, 0x0000, 0x0000,
0x0000, 0x0000, 0x0000, 0x0000, 0x0000, 0x0000, 0x0000, 0x0000, 0x0000, 0x0000, 0x0000, 0x0000, 0x0000, 0x0000, 0x0000, 0x0000,
0x0000, 0x0000, 0x0000, 0x0000, 0x0000, 0x0000, 0x0000, 0x0000, 0x0000, 0x0000, 0x0000, 0x0000, 0x0000, 0x0000, 0x0000, 0x0000,
0x0000, 0x0000, 0x0000, 0x0000, 0x0000, 0x0000, 0x0000, 0x0000, 0x0000, 0x0000, 0x0000, 0x0000, 0x0000, 0x0000, 0x0000, 0x0000,
0x0000, 0x0000, 0x0000, 0x0000, 0x0000, 0x0000, 0x0000, 0x0000, 0x0000, 0x0000, 0x0000, 0x0000, 0x0000, 0x0000, 0x0000, 0x0000,
0x0000, 0x0000, 0x0000, 0x0000, 0x0000, 0x0000, 0x0000, 0x0000, 0x0000, 0x0000, 0x0000, 0x0000, 0x0000, 0x0000, 0x0000, 0x0000,
0x0000, 0x0000, 0x0000, 0x0000, 0x0000, 0x0000, 0x0000, 0x0000, 0xbed9, 0xbed9, 0xbed9, 0xbed9, 0xbed9, 0xbed9, 0xbed9, 0xbed9,
0xbed9, 0xbed9, 0xbed9, 0xbed9, 0xbed9, 0xbed9, 0xbed9, 0xbed9, 0xbed9, 0xbed9, 0xbed9, 0xbed9, 0xbed9, 0xbed9, 0xbed9, 0xbed9,
0xbed9, 0xbed9, 0xbed9, 0xbed9, 0xbed9, 0xbed9, 0xbed9, 0xbed9, 0xbed9, 0xbed9, 0xbed9, 0xbed9, 0xbed9, 0xbed9, 0xbed9, 0xbed9,
0xbed9, 0xbed9, 0xbed9, 0xbed9, 0xb6b9, 0xc6fa, 0x85d2, 0x2ba6, 0x33a7, 0x33c7, 0x33c7, 0x33c7, 0x33c7, 0x33c7, 0x33c7, 0x33c7,
0x33c7, 0x33c7, 0x33c7, 0x33c7, 0x33c7, 0x33c7, 0x33c7, 0x33c7, 0x33c7, 0x33c7, 0x33c7, 0x33c7, 0x2b45, 0x2b86, 0x3c28, 0x44c9,
0x4cc9, 0x44a9, 0x44a9, 0x44a9, 0x3c28, 0x4488, 0x44a9, 0x4ce9, 0x2bc6, 0x53eb, 0xc71b, 0xb6b9, 0xbed9, 0xbed9, 0xbed9, 0xbed9,
0xbed9, 0xbed9, 0xbed9, 0xbed9, 0xbed9, 0xbed9, 0xbed9, 0xbed9, 0xbed9, 0xbed9, 0xbed9, 0xbed9, 0xbed9, 0xbed9, 0xbed9, 0xbed9,
0xbed9, 0xbed9, 0xbed9, 0xbed9, 0xbed9, 0xbed9, 0xbed9, 0xbed9, 0xbed9, 0xbed9, 0xbed9, 0xbed9, 0xbed9, 0xbed9, 0xbed9, 0xbed9,
0xbed9, 0xbed9, 0xbed9, 0xbed9, 0xbed9, 0xbed9, 0xbed9, 0xbed9, 0xbed9, 0xbed9, 0xbed9, 0xbed9, 0xbed9, 0xbed9, 0xbed9, 0xbed9,
0xbed9, 0xbed9, 0xbed9, 0xbed9, 0x0000, 0x0000, 0x0000, 0x0000, 0x0000, 0x0000, 0x530c, 0x0000, 0x0000, 0x0000, 0x0000, 0x0000,
0x0000, 0x0000, 0x0000, 0x0000, 0x0000, 0x0000, 0x0000, 0x0000, 0x8c71, 0xe73c, 0x31a6, 0x31a6, 0x31a6, 0x31a6, 0x31a6, 0x31a6,
0x31a6, 0x31a6, 0x31a6, 0x31a6, 0x31a6, 0xef7d, 0x8430, 0x0000, 0x0000, 0x0000, 0x0000, 0x0020, 0xce59, 0xce59, 0x0861, 0x0000,
0x2965, 0xe73c, 0xffdf, 0xef7d, 0xad75, 0x0020, 0x0000, 0x0000, 0xe73c, 0x9492, 0x0000, 0x0000, 0x0000, 0x0000, 0xad55, 0xd69a,
0x0000, 0x0000, 0x0000, 0x0000, 0x0000, 0x0000, 0x0000, 0x0000, 0x0000, 0x0000, 0x0000, 0x0000, 0x0000, 0x0000, 0x0000, 0x0000,
0x0000, 0x0000, 0x0000, 0x0000, 0x0000, 0x0000, 0x0000, 0x0000, 0x0000, 0x0000, 0x0000, 0x0000, 0x0000, 0x0000, 0x0000, 0x0000,
0x0000, 0x0000, 0x0000, 0x0000, 0x0000, 0x0000, 0x0000, 0x0000, 0x0000, 0x0000, 0x0000, 0x0000, 0x0000, 0x0000, 0x0000, 0x0000,
0x0000, 0x0000, 0x0000, 0x0000, 0x0000, 0x0000, 0x0000, 0x0000, 0x0000, 0x0000, 0x0000, 0x0000, 0x0000, 0x0000, 0x0000, 0x0000,
0x0000, 0x0000, 0x0000, 0x0000, 0x0000, 0x0000, 0x0000, 0x0000, 0x0000, 0x0000, 0x0000, 0x0000, 0x0000, 0x0000, 0x0000, 0x0000,
0x0000, 0x0000, 0x0000, 0x0000, 0x0000, 0x0000, 0x0000, 0x0000, 0x0000, 0x0000, 0x0000, 0x0000, 0x0000, 0x0000, 0x0000, 0x0000,
0x0000, 0x0000, 0x0000, 0x0000, 0x0000, 0x0000, 0x0000, 0x0000, 0x0000, 0x0000, 0x0000, 0x0000, 0x0000, 0x0000, 0x0000, 0x0000,
0x0000, 0x0000, 0x0000, 0x0000, 0x0000, 0x0000, 0x0000, 0x0000, 0xbed9, 0xbed9, 0xbed9, 0xbed9, 0xbed9, 0xbed9, 0xbed9, 0xbed9,
0xbed9, 0xbed9, 0xbed9, 0xbed9, 0xbed9, 0xbed9, 0xbed9, 0xbed9, 0xbed9, 0xbed9, 0xbed9, 0xbed9, 0xbed9, 0xbed9, 0xbed9, 0xbed9,
0xbed9, 0xbed9, 0xbed9, 0xbed9, 0xbed9, 0xbed9, 0xbed9, 0xbed9, 0xbed9, 0xbed9, 0xbed9, 0xbed9, 0xbed9, 0xbed9, 0xbed9, 0xbed9,
0xbed9, 0xbed9, 0xbed9, 0xb6b9, 0xc6fa, 0x8df2, 0x33c7, 0x33a7, 0x33c7, 0x33c7, 0x33c7, 0x33c7, 0x33c7, 0x33c7, 0x33c7, 0x33c7,
0x33c7, 0x33c7, 0x33c7, 0x33c7, 0x33c7, 0x33c7, 0x33c7, 0x33c7, 0x33c7, 0x33c7, 0x33c7, 0x33a6, 0x3386, 0x4cc9, 0x44c9, 0x44a9,
0x44a9, 0x44a9, 0x44a9, 0x44a9, 0x44a9, 0x44a9, 0x44a9, 0x44c9, 0x2b26, 0x9e16, 0xbefa, 0xb6b9, 0xbed9, 0xbed9, 0xbed9, 0xbed9,
0xbed9, 0xbed9, 0xbed9, 0xbed9, 0xbed9, 0xbed9, 0xbed9, 0xbed9, 0xbed9, 0xbed9, 0xbed9, 0xbed9, 0xbed9, 0xbed9, 0xbed9, 0xbed9,
0xbed9, 0xbed9, 0xbed9, 0xbed9, 0xbed9, 0xbed9, 0xbed9, 0xbed9, 0xbed9, 0xbed9, 0xbed9, 0xbed9, 0xbed9, 0xbed9, 0xbed9, 0xbed9,
0xbed9, 0xbed9, 0xbed9, 0xbed9, 0xbed9, 0xbed9, 0xbed9, 0xbed9, 0xbed9, 0xbed9, 0xbed9, 0xbed9, 0xbed9, 0xbed9, 0xbed9, 0xbed9,
0xbed9, 0xbed9, 0xbed9, 0xbed9, 0x0000, 0x0000, 0x0000, 0x0000, 0x0000, 0x0000, 0x530c, 0x0000, 0x0000, 0x0000, 0x0000, 0x0000,
0x0000, 0x0000, 0x0000, 0x0000, 0x0000, 0x0000, 0x0000, 0x0000, 0x4a69, 0x6b6d, 0x0000, 0x0000, 0x0000, 0x0000, 0x0000, 0x0000,
0x0000, 0x0000, 0x0000, 0x0000, 0x0000, 0x738e, 0x4a49, 0x0000, 0x0000, 0x0000, 0x0000, 0x0000, 0x0861, 0x1082, 0x0000, 0x0000,
0x0000, 0x0000, 0x0000, 0x0000, 0x0000, 0x0000, 0x0000, 0x0000, 0x73ae, 0x4228, 0x0000, 0x0000, 0x0000, 0x0000, 0x528a, 0x6b4d,
0x0000, 0x0000, 0x0000, 0x0000, 0x0000, 0x0000, 0x0000, 0x0000, 0x0000, 0x0000, 0x0000, 0x0000, 0x0000, 0x0000, 0x0000, 0x0000,
0x0000, 0x0000, 0x0000, 0x0000, 0x0000, 0x0000, 0x0000, 0x0000, 0x0000, 0x0000, 0x0000, 0x0000, 0x0000, 0x0000, 0x0000, 0x0000,
0x0000, 0x0000, 0x0000, 0x0000, 0x0000, 0x0000, 0x0000, 0x0000, 0x0000, 0x0000, 0x0000, 0x0000, 0x0000, 0x0000, 0x0000, 0x0000,
0x0000, 0x0000, 0x0000, 0x0000, 0x0000, 0x0000, 0x0000, 0x0000, 0x0000, 0x0000, 0x0000, 0x0000, 0x0000, 0x0000, 0x0000, 0x0000,
0x0000, 0x0000, 0x0000, 0x0000, 0x0000, 0x0000, 0x0000, 0x0000, 0x0000, 0x0000, 0x0000, 0x0000, 0x0000, 0x0000, 0x0000, 0x0000,
0x0000, 0x0000, 0x0000, 0x0000, 0x0000, 0x0000, 0x0000, 0x0000, 0x0000, 0x0000, 0x0000, 0x0000, 0x0000, 0x0000, 0x0000, 0x0000,
0x0000, 0x0000, 0x0000, 0x0000, 0x0000, 0x0000, 0x0000, 0x0000, 0x0000, 0x0000, 0x0000, 0x0000, 0x0000, 0x0000, 0x0000, 0x0000,
0x0000, 0x0000, 0x0000, 0x0000, 0x0000, 0x0000, 0x0000, 0x0000, 0xbed9, 0xbed9, 0xbed9, 0xbed9, 0xbed9, 0xbed9, 0xbed9, 0xbed9,
0xbed9, 0xbed9, 0xbed9, 0xbed9, 0xbed9, 0xbed9, 0xbed9, 0xbed9, 0xbed9, 0xbed9, 0xbed9, 0xbed9, 0xbed9, 0xbed9, 0xbed9, 0xbed9,
0xbed9, 0xbed9, 0xbed9, 0xbed9, 0xbed9, 0xbed9, 0xbed9, 0xbed9, 0xbed9, 0xbed9, 0xbed9, 0xbed9, 0xbed9, 0xbed9, 0xbed9, 0xbed9,
0xbed9, 0xbed9, 0xb6b9, 0xbefa, 0x9e35, 0x33e7, 0x33a7, 0x33c7, 0x33c7, 0x33c7, 0x33c7, 0x33c7, 0x33c7, 0x33c7, 0x33c7, 0x33c7,
0x33c7, 0x33c7, 0x33c7, 0x33c7, 0x33c7, 0x33c7, 0x33c7, 0x33c7, 0x33c7, 0x33c7, 0x33c7, 0x33a7, 0x3386, 0x44a9, 0x44a9, 0x44a9,
0x44a9, 0x44a9, 0x44a9, 0x44a9, 0x44a9, 0x44a9, 0x4ce9, 0x2ba6, 0x644d, 0xc71b, 0xb6b9, 0xbed9, 0xbed9, 0xbed9, 0xbed9, 0xbed9,
0xbed9, 0xbed9, 0xbed9, 0xbed9, 0xbed9, 0xbed9, 0xbed9, 0xbed9, 0xbed9, 0xbed9, 0xbed9, 0xbed9, 0xbed9, 0xbed9, 0xbed9, 0xbed9,
0xbed9, 0xbed9, 0xbed9, 0xbed9, 0xbed9, 0xbed9, 0xbed9, 0xbed9, 0xbed9, 0xbed9, 0xbed9, 0xbed9, 0xbed9, 0xbed9, 0xbed9, 0xbed9,
0xbed9, 0xbed9, 0xbed9, 0xbed9, 0xbed9, 0xbed9, 0xbed9, 0xbed9, 0xbed9, 0xbed9, 0xbed9, 0xbed9, 0xbed9, 0xbed9, 0xbed9, 0xbed9,
0xbed9, 0xbed9, 0xbed9, 0xbed9, 0x0000, 0x0000, 0x0000, 0x0000, 0x0000, 0x0000, 0x530c, 0x0000, 0x0000, 0x0000, 0x0000, 0x0000,
0x0000, 0x0000, 0x0000, 0x0000, 0x0000, 0x0000, 0x0000, 0x0000, 0x0000, 0x0000, 0x0000, 0x0000, 0x0000, 0x0000, 0x0000, 0x0000,
0x0000, 0x0000, 0x0000, 0x0000, 0x0000, 0x0000, 0x0000, 0x0000, 0x0000, 0x0000, 0x0000, 0x0000, 0x0000, 0x0000, 0x0000, 0x0000,
0x0000, 0x0000, 0x0000, 0x0000, 0x0000, 0x0000, 0x0000, 0x0000, 0x0000, 0x0000, 0x0000, 0x0000, 0x0000, 0x0000, 0x0000, 0x0000,
0x0000, 0x0000, 0x0000, 0x0000, 0x0000, 0x0000, 0x0000, 0x0000, 0x0000, 0x0000, 0x0000, 0x0000, 0x0000, 0x0000, 0x0000, 0x0000,
0x0000, 0x0000, 0x0000, 0x0000, 0x0000, 0x0000, 0x0000, 0x0000, 0x0000, 0x0000, 0x0000, 0x0000, 0x0000, 0x0000, 0x0000, 0x0000,
0x0000, 0x0000, 0x0000, 0x0000, 0x0000, 0x0000, 0x0000, 0x0000, 0x0000, 0x0000, 0x0000, 0x0000, 0x0000, 0x0000, 0x0000, 0x0000,
0x0000, 0x0000, 0x0000, 0x0000, 0x0000, 0x0000, 0x0000, 0x0000, 0x0000, 0x0000, 0x0000, 0x0000, 0x0000, 0x0000, 0x0000, 0x0000,
0x0000, 0x0000, 0x0000, 0x0000, 0x0000, 0x0000, 0x0000, 0x0000, 0x0000, 0x0000, 0x0000, 0x0000, 0x0000, 0x0000, 0x0000, 0x0000,
0x0000, 0x0000, 0x0000, 0x0000, 0x0000, 0x0000, 0x0000, 0x0000, 0x0000, 0x0000, 0x0000, 0x0000, 0x0000, 0x0000, 0x0000, 0x0000,
0x0000, 0x0000, 0x0000, 0x0000, 0x0000, 0x0000, 0x0000, 0x0000, 0x0000, 0x0000, 0x0000, 0x0000, 0x0000, 0x0000, 0x0000, 0x0000,
0x0000, 0x0000, 0x0000, 0x0000, 0x0000, 0x0000, 0x0000, 0x0000, 0xbed9, 0xbed9, 0xbed9, 0xbed9, 0xbed9, 0xbed9, 0xbed9, 0xbed9,
0xbed9, 0xbed9, 0xbed9, 0xbed9, 0xbed9, 0xbed9, 0xbed9, 0xbed9, 0xbed9, 0xbed9, 0xbed9, 0xbed9, 0xbed9, 0xbed9, 0xbed9, 0xbed9,
0xbed9, 0xbed9, 0xbed9, 0xbed9, 0xbed9, 0xbed9, 0xbed9, 0xbed9, 0xbed9, 0xbed9, 0xbed9, 0xbed9, 0xbed9, 0xbed9, 0xbed9, 0xbed9,
0xbed9, 0xb6d9, 0xbeda, 0xae97, 0x4449, 0x33a7, 0x33c7, 0x33c7, 0x33c7, 0x33c7, 0x33c7, 0x33c7, 0x33c7, 0x33c7, 0x33c7, 0x33c7,
0x33c7, 0x33c7, 0x33c7, 0x33c7, 0x33c7, 0x33c7, 0x33c7, 0x33c7, 0x33c7, 0x33c7, 0x33c7, 0x33c7, 0x2b66, 0x33c7, 0x4cc9, 0x44a9,
0x44a9, 0x44a9, 0x44a9, 0x44a9, 0x44a9, 0x44a9, 0x4488, 0x22e5, 0xa657, 0xbefa, 0xb6b9, 0xbed9, 0xbed9, 0xbed9, 0xbed9, 0xbed9,
0xbed9, 0xbed9, 0xbed9, 0xbed9, 0xbed9, 0xbed9, 0xbed9, 0xbed9, 0xbed9, 0xbed9, 0xbed9, 0xbed9, 0xbed9, 0xbed9, 0xbed9, 0xbed9,
0xbed9, 0xbed9, 0xbed9, 0xbed9, 0xbed9, 0xbed9, 0xbed9, 0xbed9, 0xbed9, 0xbed9, 0xbed9, 0xbed9, 0xbed9, 0xbed9, 0xbed9, 0xbed9,
0xbed9, 0xbed9, 0xbed9, 0xbed9, 0xbed9, 0xbed9, 0xbed9, 0xbed9, 0xbed9, 0xbed9, 0xbed9, 0xbed9, 0xbed9, 0xbed9, 0xbed9, 0xbed9,
0xbed9, 0xbed9, 0xbed9, 0xbed9, 0x0000, 0x0000, 0x0000, 0x0000, 0x0000, 0x0000, 0x530c, 0x0000, 0x0000, 0x0000, 0x0000, 0x0000,
0x0000, 0x0000, 0x0000, 0x0000, 0x0000, 0x0000, 0x0000, 0x0000, 0x0000, 0x0000, 0x0000, 0x0000, 0x0000, 0x0000, 0x0000, 0x0000,
0x0000, 0x0000, 0x0000, 0x0000, 0x0000, 0x0000, 0x0000, 0x0000, 0x0000, 0x0000, 0x0000, 0x0000, 0x0000, 0x0000, 0x0000, 0x0000,
0x0000, 0x0000, 0x0000, 0x0000, 0x0000, 0x0000, 0x0000, 0x0000, 0x0000, 0x0000, 0x0000, 0x0000, 0x0000, 0x0000, 0x0000, 0x0000,
0x0000, 0x0000, 0x0000, 0x0000, 0x0000, 0x0000, 0x0000, 0x0000, 0x0000, 0x0000, 0x0000, 0x0000, 0x0000, 0x0000, 0x0000, 0x0000,
0x0000, 0x0000, 0x0000, 0x0000, 0x0000, 0x0000, 0x0000, 0x0000, 0x0000, 0x0000, 0x0000, 0x0000, 0x0000, 0x0000, 0x0000, 0x0000,
0x0000, 0x0000, 0x0000, 0x0000, 0x0000, 0x0000, 0x0000, 0x0000, 0x0000, 0x0000, 0x0000, 0x0000, 0x0000, 0x0000, 0x0000, 0x0000,
0x0000, 0x0000, 0x0000, 0x0000, 0x0000, 0x0000, 0x0000, 0x0000, 0x0000, 0x0000, 0x0000, 0x0000, 0x0000, 0x0000, 0x0000, 0x0000,
0x0000, 0x0000, 0x0000, 0x0000, 0x0000, 0x0000, 0x0000, 0x0000, 0x0000, 0x0000, 0x0000, 0x0000, 0x0000, 0x0000, 0x0000, 0x0000,
0x0000, 0x0000, 0x0000, 0x0000, 0x0000, 0x0000, 0x0000, 0x0000, 0x0000, 0x0000, 0x0000, 0x0000, 0x0000, 0x0000, 0x0000, 0x0000,
0x0000, 0x0000, 0x0000, 0x0000, 0x0000, 0x0000, 0x0000, 0x0000, 0x0000, 0x0000, 0x0000, 0x0000, 0x0000, 0x0000, 0x0000, 0x0000,
0x0000, 0x0000, 0x0000, 0x0000, 0x0000, 0x0000, 0x0000, 0x0000, 0xbed9, 0xbed9, 0xbed9, 0xbed9, 0xbed9, 0xbed9, 0xbed9, 0xbed9,
0xbed9, 0xbed9, 0xbed9, 0xbed9, 0xbed9, 0xbed9, 0xbed9, 0xbed9, 0xbed9, 0xbed9, 0xbed9, 0xbed9, 0xbed9, 0xbed9, 0xbed9, 0xbed9,
0xbed9, 0xbed9, 0xbed9, 0xbed9, 0xbed9, 0xbed9, 0xbed9, 0xbed9, 0xbed9, 0xbed9, 0xbed9, 0xbed9, 0xbed9, 0xbed9, 0xbed9, 0xbed9,
0xb6d9, 0xbed9, 0xb6d9, 0x4c8b, 0x2b86, 0x33c8, 0x33c7, 0x33c7, 0x33c7, 0x33c7, 0x33c7, 0x33c7, 0x33c7, 0x33c7, 0x33c7, 0x33c7,
0x33c7, 0x33c7, 0x33c7, 0x33c7, 0x33c7, 0x33c7, 0x33c7, 0x33c7, 0x33c7, 0x33c7, 0x33c7, 0x33a6, 0x22e5, 0x1aa5, 0x4468, 0x44a9,
0x44a9, 0x44a9, 0x44a9, 0x44a9, 0x44a9, 0x4ce9, 0x2325, 0x5c6d, 0xc71a, 0xb6b9, 0xbed9, 0xbed9, 0xbed9, 0xbed9, 0xbed9, 0xbed9,
0xbed9, 0xbed9, 0xbed9, 0xbed9, 0xbed9, 0xbed9, 0xbed9, 0xbed9, 0xbed9, 0xbed9, 0xbed9, 0xbed9, 0xbed9, 0xbed9, 0xbed9, 0xbed9,
0xbed9, 0xbed9, 0xbed9, 0xbed9, 0xbed9, 0xbed9, 0xbed9, 0xbed9, 0xbed9, 0xbed9, 0xbed9, 0xbed9, 0xbed9, 0xbed9, 0xbed9, 0xbed9,
0xbed9, 0xbed9, 0xbed9, 0xbed9, 0xbed9, 0xbed9, 0xbed9, 0xbed9, 0xbed9, 0xbed9, 0xbed9, 0xbed9, 0xbed9, 0xbed9, 0xbed9, 0xbed9,
0xbed9, 0xbed9, 0xbed9, 0xbed9, 0x0000, 0x0000, 0x0000, 0x0000, 0x0000, 0x0000, 0x530c, 0x0000, 0x0000, 0x0000, 0x0000, 0x0000,
0x0000, 0x0000, 0x0000, 0x0000, 0x0000, 0x0000, 0x0000, 0x0000, 0x0000, 0x0000, 0x0000, 0x0000, 0x0000, 0x0000, 0x0000, 0x0000,
0x0000, 0x0000, 0x0000, 0x0000, 0x0000, 0x0000, 0x0000, 0x0000, 0x0000, 0x0000, 0x0000, 0x0000, 0x0000, 0x0000, 0x0000, 0x0000,
0x0000, 0x0000, 0x0000, 0x0000, 0x0000, 0x0000, 0x0000, 0x0000, 0x0000, 0x0000, 0x0000, 0x0000, 0x0000, 0x0000, 0x0000, 0x0000,
0x0000, 0x0000, 0x0000, 0x0000, 0x0000, 0x0000, 0x0000, 0x0000, 0x0000, 0x0000, 0x0000, 0x0000, 0x0000, 0x0000, 0x0000, 0x0000,
0x0000, 0x0000, 0x0000, 0x0000, 0x0000, 0x0000, 0x0000, 0x0000, 0x0000, 0x0000, 0x0000, 0x0000, 0x0000, 0x0000, 0x0000, 0x0000,
0x0000, 0x0000, 0x0000, 0x0000, 0x0000, 0x0000, 0x0000, 0x0000, 0x0000, 0x0000, 0x0000, 0x0000, 0x0000, 0x0000, 0x0000, 0x0000,
0x0000, 0x0000, 0x0000, 0x0000, 0x0000, 0x0000, 0x0000, 0x0000, 0x0000, 0x0000, 0x0000, 0x0000, 0x0000, 0x0000, 0x0000, 0x0000,
0x0000, 0x0000, 0x0000, 0x0000, 0x0000, 0x0000, 0x0000, 0x0000, 0x0000, 0x0000, 0x0000, 0x0000, 0x0000, 0x0000, 0x0000, 0x0000,
0x0000, 0x0000, 0x0000, 0x0000, 0x0000, 0x0000, 0x0000, 0x0000, 0x0000, 0x0000, 0x0000, 0x0000, 0x0000, 0x0000, 0x0000, 0x0000,
0x0000, 0x0000, 0x0000, 0x0000, 0x0000, 0x0000, 0x0000, 0x0000, 0x0000, 0x0000, 0x0000, 0x0000, 0x0000, 0x0000, 0x0000, 0x0000,
0x0000, 0x0000, 0x0000, 0x0000, 0x0000, 0x0000, 0x0000, 0x0000, 0xbed9, 0xbed9, 0xbed9, 0xbed9, 0xbed9, 0xbed9, 0xbed9, 0xbed9,
0xbed9, 0xbed9, 0xbed9, 0xbed9, 0xbed9, 0xbed9, 0xbed9, 0xbed9, 0xbed9, 0xbed9, 0xbed9, 0xbed9, 0xbed9, 0xbed9, 0xbed9, 0xbed9,
0xbed9, 0xbed9, 0xbed9, 0xbed9, 0xbed9, 0xbed9, 0xbed9, 0xbed9, 0xbed9, 0xbed9, 0xbed9, 0xbed9, 0xbed9, 0xbed9, 0xbed9, 0xbed9,
0xbed9, 0xbed9, 0xb6b9, 0x64ad, 0x2b86, 0x33a7, 0x33c8, 0x33c7, 0x33c7, 0x33c7, 0x33c7, 0x33c7, 0x33c7, 0x33c7, 0x33c7, 0x33c7,
0x33c7, 0x33c7, 0x33c7, 0x33c7, 0x33c7, 0x33c7, 0x33c7, 0x33c7, 0x33c7, 0x33a7, 0x4409, 0x4c2a, 0x22e4, 0x1aa5, 0x3387, 0x44c9,
0x44a9, 0x44a9, 0x44a9, 0x44a9, 0x44c9, 0x3c27, 0x2b26, 0xae98, 0xbeda, 0xb6d9, 0xbed9, 0xbed9, 0xbed9, 0xbed9, 0xbed9, 0xbed9,
0xbed9, 0xbed9, 0xbed9, 0xbed9, 0xbed9, 0xbed9, 0xbed9, 0xbed9, 0xbed9, 0xbed9, 0xbed9, 0xbed9, 0xbed9, 0xbed9, 0xbed9, 0xbed9,
0xbed9, 0xbed9, 0xbed9, 0xbed9, 0xbed9, 0xbed9, 0xbed9, 0xbed9, 0xbed9, 0xbed9, 0xbed9, 0xbed9, 0xbed9, 0xbed9, 0xbed9, 0xbed9,
0xbed9, 0xbed9, 0xbed9, 0xbed9, 0xbed9, 0xbed9, 0xbed9, 0xbed9, 0xbed9, 0xbed9, 0xbed9, 0xbed9, 0xbed9, 0xbed9, 0xbed9, 0xbed9,
0xbed9, 0xbed9, 0xbed9, 0xbed9, 0x0000, 0x0000, 0x0000, 0x0000, 0x0000, 0x0000, 0x530c, 0x0000, 0x0000, 0x0000, 0x0000, 0x0000,
0x0000, 0x0000, 0x0000, 0x0000, 0x0000, 0x0000, 0x0000, 0x0000, 0x0000, 0x0000, 0x0000, 0x0000, 0x0000, 0x0000, 0x0000, 0x0000,
0x0000, 0x0000, 0x0000, 0x0000, 0x0000, 0x0000, 0x0000, 0x0000, 0x0000, 0x0000, 0x0000, 0x0000, 0x0000, 0x0000, 0x0000, 0x0000,
0x0000, 0x0000, 0x0000, 0x0000, 0x0000, 0x0000, 0x0000, 0x0000, 0x0000, 0x0000, 0x0000, 0x0000, 0x0000, 0x0000, 0x0000, 0x0000,
0x0000, 0x0000, 0x0000, 0x0000, 0x0000, 0x0000, 0x0000, 0x0000, 0x0000, 0x0000, 0x0000, 0x0000, 0x0000, 0x0000, 0x0000, 0x0000,
0x0000, 0x0000, 0x0000, 0x0000, 0x0000, 0x0000, 0x0000, 0x0000, 0x0000, 0x0000, 0x0000, 0x0000, 0x0000, 0x0000, 0x0000, 0x0000,
0x0000, 0x0000, 0x0000, 0x0000, 0x0000, 0x0000, 0x0000, 0x0000, 0x0000, 0x0000, 0x0000, 0x0000, 0x0000, 0x0000, 0x0000, 0x0000,
0x0000, 0x0000, 0x0000, 0x0000, 0x0000, 0x0000, 0x0000, 0x0000, 0x0000, 0x0000, 0x0000, 0x0000, 0x0000, 0x0000, 0x0000, 0x0000,
0x0000, 0x0000, 0x0000, 0x0000, 0x0000, 0x0000, 0x0000, 0x0000, 0x0000, 0x0000, 0x0000, 0x0000, 0x0000, 0x0000, 0x0000, 0x0000,
0x0000, 0x0000, 0x0000, 0x0000, 0x0000, 0x0000, 0x0000, 0x0000, 0x0000, 0x0000, 0x0000, 0x0000, 0x0000, 0x0000, 0x0000, 0x0000,
0x0000, 0x0000, 0x0000, 0x0000, 0x0000, 0x0000, 0x0000, 0x0000, 0x0000, 0x0000, 0x0000, 0x0000, 0x0000, 0x0000, 0x0000, 0x0000,
0x0000, 0x0000, 0x0000, 0x0000, 0x0000, 0x0000, 0x0000, 0x0000, 0xbed9, 0xbed9, 0xbed9, 0xbed9, 0xbed9, 0xbed9, 0xbed9, 0xbed9,
0xbed9, 0xbed9, 0xbed9, 0xbed9, 0xbed9, 0xbed9, 0xbed9, 0xbed9, 0xbed9, 0xbed9, 0xbed9, 0xbed9, 0xbed9, 0xbed9, 0xbed9, 0xbed9,
0xbed9, 0xbed9, 0xbed9, 0xbed9, 0xbed9, 0xbed9, 0xbed9, 0xbed9, 0xbed9, 0xbed9, 0xbed9, 0xbed9, 0xbed9, 0xbed9, 0xbed9, 0xbed9,
0xbed9, 0xb6d9, 0xbed9, 0xbefa, 0x8dd4, 0x43e9, 0x2b86, 0x33a7, 0x33c7, 0x33c7, 0x33c7, 0x33c7, 0x33c7, 0x33c7, 0x33c7, 0x33c7,
0x33c7, 0x33c7, 0x33c7, 0x33c7, 0x33c7, 0x33c7, 0x33c7, 0x33c7, 0x33c8, 0x2b86, 0x7d51, 0x5c8c, 0x1ac4, 0x3327, 0x4beb, 0x33e7,
0x44c9, 0x44a9, 0x44a9, 0x44c9, 0x44a9, 0x1aa4, 0x7d51, 0xc71b, 0xb6b9, 0xbed9, 0xbed9, 0xbed9, 0xbed9, 0xbed9, 0xbed9, 0xbed9,
0xbed9, 0xbed9, 0xbed9, 0xbed9, 0xbed9, 0xbed9, 0xbed9, 0xbed9, 0xbed9, 0xbed9, 0xbed9, 0xbed9, 0xbed9, 0xbed9, 0xbed9, 0xbed9,
0xbed9, 0xbed9, 0xbed9, 0xbed9, 0xbed9, 0xbed9, 0xbed9, 0xbed9, 0xbed9, 0xbed9, 0xbed9, 0xbed9, 0xbed9, 0xbed9, 0xbed9, 0xbed9,
0xbed9, 0xbed9, 0xbed9, 0xbed9, 0xbed9, 0xbed9, 0xbed9, 0xbed9, 0xbed9, 0xbed9, 0xbed9, 0xbed9, 0xbed9, 0xbed9, 0xbed9, 0xbed9,
0xbed9, 0xbed9, 0xbed9, 0xbed9, 0x0000, 0x0000, 0x0000, 0x0000, 0x0000, 0x0000, 0x530c, 0x0000, 0x0000, 0x0000, 0x0000, 0x0000,
0x0000, 0x0000, 0x0000, 0x0000, 0x0000, 0x0000, 0x0000, 0x0000, 0x0000, 0x0000, 0x0000, 0x0000, 0x0000, 0x0000, 0x0000, 0x0000,
0x0000, 0x0000, 0x0000, 0x0000, 0x0000, 0x0000, 0x0000, 0x0000, 0x0000, 0x0000, 0x0000, 0x0000, 0x0000, 0x0000, 0x0000, 0x0000,
0x0000, 0x0000, 0x0000, 0x0000, 0x0000, 0x0000, 0x0000, 0x0000, 0x0000, 0x0000, 0x0000, 0x0000, 0x0000, 0x0000, 0x0000, 0x0000,
0x0000, 0x0000, 0x0000, 0x0000, 0x0000, 0x0000, 0x0000, 0x0000, 0x0000, 0x0000, 0x0000, 0x0000, 0x0000, 0x0000, 0x0000, 0x0000,
0x0000, 0x0000, 0x0000, 0x0000, 0x0000, 0x0000, 0x0000, 0x0000, 0x0000, 0x0000, 0x0000, 0x0000, 0x0000, 0x0000, 0x0000, 0x0000,
0x0000, 0x0000, 0x0000, 0x0000, 0x0000, 0x0000, 0x0000, 0x0000, 0x0000, 0x0000, 0x0000, 0x0000, 0x0000, 0x0000, 0x0000, 0x0000,
0x0000, 0x0000, 0x0000, 0x0000, 0x0000, 0x0000, 0x0000, 0x0000, 0x0000, 0x0000, 0x0000, 0x0000, 0x0000, 0x0000, 0x0000, 0x0000,
0x0000, 0x0000, 0x0000, 0x0000, 0x0000, 0x0000, 0x0000, 0x0000, 0x0000, 0x0000, 0x0000, 0x0000, 0x0000, 0x0000, 0x0000, 0x0000,
0x0000, 0x0000, 0x0000, 0x0000, 0x0000, 0x0000, 0x0000, 0x0000, 0x0000, 0x0000, 0x0000, 0x0000, 0x0000, 0x0000, 0x0000, 0x0000,
0x0000, 0x0000, 0x0000, 0x0000, 0x0000, 0x0000, 0x0000, 0x0000, 0x0000, 0x0000, 0x0000, 0x0000, 0x0000, 0x0000, 0x0000, 0x0000,
0x0000, 0x0000, 0x0000, 0x0000, 0x0000, 0x0000, 0x0000, 0x0000, 0xbed9, 0xbed9, 0xbed9, 0xbed9, 0xbed9, 0xbed9, 0xbed9, 0xbed9,
0xbed9, 0xbed9, 0xbed9, 0xbed9, 0xbed9, 0xbed9, 0xbed9, 0xbed9, 0xbed9, 0xbed9, 0xbed9, 0xbed9, 0xbed9, 0xbed9, 0xbed9, 0xbed9,
0xbed9, 0xbed9, 0xbed9, 0xbed9, 0xbed9, 0xbed9, 0xbed9, 0xbed9, 0xbed9, 0xbed9, 0xbed9, 0xbed9, 0xbed9, 0xbed9, 0xbed9, 0xbed9,
0xbed9, 0xbed9, 0xbed9, 0xb6b9, 0xbefa, 0xb6b9, 0x8552, 0x4409, 0x2b86, 0x2ba6, 0x33c7, 0x33c7, 0x33c7, 0x33c7, 0x33c7, 0x33c7,
0x33c7, 0x33c7, 0x33c7, 0x33c7, 0x33c7, 0x33c7, 0x33c7, 0x33c8, 0x2b86, 0x4c4b, 0xbed9, 0x4c29, 0x1282, 0x22e6, 0x8d93, 0x2306,
0x3c69, 0x4489, 0x44a9, 0x4468, 0x2304, 0x4c4c, 0xbefa, 0xb6b9, 0xbed9, 0xbed9, 0xbed9, 0xbed9, 0xbed9, 0xbed9, 0xbed9, 0xbed9,
0xbed9, 0xbed9, 0xbed9, 0xbed9, 0xbed9, 0xbed9, 0xbed9, 0xbed9, 0xbed9, 0xbed9, 0xbed9, 0xbed9, 0xbed9, 0xbed9, 0xbed9, 0xbed9,
0xbed9, 0xbed9, 0xbed9, 0xbed9, 0xbed9, 0xbed9, 0xbed9, 0xbed9, 0xbed9, 0xbed9, 0xbed9, 0xbed9, 0xbed9, 0xbed9, 0xbed9, 0xbed9,
0xbed9, 0xbed9, 0xbed9, 0xbed9, 0xbed9, 0xbed9, 0xbed9, 0xbed9, 0xbed9, 0xbed9, 0xbed9, 0xbed9, 0xbed9, 0xbed9, 0xbed9, 0xbed9,
0xbed9, 0xbed9, 0xbed9, 0xbed9, 0x0000, 0x0000, 0x0000, 0x0000, 0x0000, 0x0000, 0x530c, 0x0000, 0x0000, 0x0000, 0x0000, 0x0000,
0x0000, 0x0000, 0x0000, 0x0000, 0x0000, 0x0000, 0x0000, 0x0000, 0x0000, 0x0000, 0x0000, 0x0000, 0x0000, 0x0000, 0x0000, 0x0000,
0x0000, 0x0000, 0x0000, 0x0000, 0x0000, 0x0000, 0x0000, 0x0000, 0x0000, 0x0000, 0x0000, 0x0000, 0x0000, 0x0000, 0x0000, 0x0000,
0x0000, 0x0000, 0x0000, 0x0000, 0x0000, 0x0000, 0x0000, 0x0000, 0x0000, 0x0000, 0x0000, 0x0000, 0x0000, 0x0000, 0x0000, 0x0000,
0x0000, 0x0000, 0x0000, 0x0000, 0x0000, 0x0000, 0x0000, 0x0000, 0x0000, 0x0000, 0x0000, 0x0000, 0x0000, 0x0000, 0x0000, 0x0000,
0x0000, 0x0000, 0x0000, 0x0000, 0x0000, 0x0000, 0x0000, 0x0000, 0x0000, 0x0000, 0x0000, 0x0000, 0x0000, 0x0000, 0x0000, 0x0000,
0x0000, 0x0000, 0x0000, 0x0000, 0x0000, 0x0000, 0x0000, 0x0000, 0x0000, 0x0000, 0x0000, 0x0000, 0x0000, 0x0000, 0x0000, 0x0000,
0x0000, 0x0000, 0x0000, 0x0000, 0x0000, 0x0000, 0x0000, 0x0000, 0x0000, 0x0000, 0x0000, 0x0000, 0x0000, 0x0000, 0x0000, 0x0000,
0x0000, 0x0000, 0x0000, 0x0000, 0x0000, 0x0000, 0x0000, 0x0000, 0x0000, 0x0000, 0x0000, 0x0000, 0x0000, 0x0000, 0x0000, 0x0000,
0x0000, 0x0000, 0x0000, 0x0000, 0x0000, 0x0000, 0x0000, 0x0000, 0x0000, 0x0000, 0x0000, 0x0000, 0x0000, 0x0000, 0x0000, 0x0000,
0x0000, 0x0000, 0x0000, 0x0000, 0x0000, 0x0000, 0x0000, 0x0000, 0x0000, 0x0000, 0x0000, 0x0000, 0x0000, 0x0000, 0x0000, 0x0000,
0x0000, 0x0000, 0x0000, 0x0000, 0x0000, 0x0000, 0x0000, 0x0000, 0xbed9, 0xbed9, 0xbed9, 0xbed9, 0xbed9, 0xbed9, 0xbed9, 0xbed9,
0xbed9, 0xbed9, 0xbed9, 0xbed9, 0xbed9, 0xbed9, 0xbed9, 0xbed9, 0xbed9, 0xbed9, 0xbed9, 0xbed9, 0xbed9, 0xbed9, 0xbed9, 0xbed9,
0xbed9, 0xbed9, 0xbed9, 0xbed9, 0xbed9, 0xbed9, 0xbed9, 0xbed9, 0xbed9, 0xbed9, 0xbed9, 0xbed9, 0xbed9, 0xbed9, 0xbed9, 0xbed9,
0xbed9, 0xbed9, 0xbed9, 0xbed9, 0xb6b9, 0xbed9, 0xc6fa, 0xb699, 0x7d71, 0x4c2a, 0x3387, 0x2b86, 0x33a7, 0x33c7, 0x33c7, 0x33c7,
0x33c7, 0x33c7, 0x33c7, 0x33c7, 0x33c7, 0x33c7, 0x33c8, 0x2b86, 0x3be8, 0xae77, 0xbeda, 0x8d93, 0x7d31, 0x7d32, 0xbefa, 0x53eb,
0x2b67, 0x3c4a, 0x3c08, 0x2b67, 0x3be9, 0xaeb8, 0xbeda, 0xb6b9, 0xbed9, 0xbed9, 0xbed9, 0xbed9, 0xbed9, 0xbed9, 0xbed9, 0xbed9,
0xbed9, 0xbed9, 0xbed9, 0xbed9, 0xbed9, 0xbed9, 0xbed9, 0xbed9, 0xbed9, 0xbed9, 0xbed9, 0xbed9, 0xbed9, 0xbed9, 0xbed9, 0xbed9,
0xbed9, 0xbed9, 0xbed9, 0xbed9, 0xbed9, 0xbed9, 0xbed9, 0xbed9, 0xbed9, 0xbed9, 0xbed9, 0xbed9, 0xbed9, 0xbed9, 0xbed9, 0xbed9,
0xbed9, 0xbed9, 0xbed9, 0xbed9, 0xbed9, 0xbed9, 0xbed9, 0xbed9, 0xbed9, 0xbed9, 0xbed9, 0xbed9, 0xbed9, 0xbed9, 0xbed9, 0xbed9,
0xbed9, 0xbed9, 0xbed9, 0xbed9, 0x0000, 0x0000, 0x0000, 0x0000, 0x0000, 0x0000, 0x530c, 0x0000, 0x0000, 0x0000, 0x0000, 0x0000,
0x0000, 0x0000, 0x0000, 0x0000, 0x0000, 0x0000, 0x0000, 0x0000, 0x0000, 0x0000, 0x0000, 0x0000, 0x0000, 0x0000, 0x0000, 0x0000,
0x0000, 0x0000, 0x0000, 0x0000, 0x0000, 0x0000, 0x0000, 0x0000, 0x0000, 0x0000, 0x0000, 0x0000, 0x0000, 0x0000, 0x0000, 0x0000,
0x0000, 0x0000, 0x0000, 0x0000, 0x0000, 0x0000, 0x0000, 0x0000, 0x0000, 0x0000, 0x0000, 0x0000, 0x0000, 0x0000, 0x0000, 0x0000,
0x0000, 0x0000, 0x0000, 0x0000, 0x0000, 0x0000, 0x0000, 0x0000, 0x0000, 0x0000, 0x0000, 0x0000, 0x0000, 0x0000, 0x0000, 0x0000,
0x0000, 0x0000, 0x0000, 0x0000, 0x0000, 0x0000, 0x0000, 0x0000, 0x0000, 0x0000, 0x0000, 0x0000, 0x0000, 0x0000, 0x0000, 0x0000,
0x0000, 0x0000, 0x0000, 0x0000, 0x0000, 0x0000, 0x0000, 0x0000, 0x0000, 0x0000, 0x0000, 0x0000, 0x0000, 0x0000, 0x0000, 0x0000,
0x0000, 0x0000, 0x0000, 0x0000, 0x0000, 0x0000, 0x0000, 0x0000, 0x0000, 0x0000, 0x0000, 0x0000, 0x0000, 0x0000, 0x0000, 0x0000,
0x0000, 0x0000, 0x0000, 0x0000, 0x0000, 0x0000, 0x0000, 0x0000, 0x0000, 0x0000, 0x0000, 0x0000, 0x0000, 0x0000, 0x0000, 0x0000,
0x0000, 0x0000, 0x0000, 0x0000, 0x0000, 0x0000, 0x0000, 0x0000, 0x0000, 0x0000, 0x0000, 0x0000, 0x0000, 0x0000, 0x0000, 0x0000,
0x0000, 0x0000, 0x0000, 0x0000, 0x0000, 0x0000, 0x0000, 0x0000, 0x0000, 0x0000, 0x0000, 0x0000, 0x0000, 0x0000, 0x0000, 0x0000,
0x0000, 0x0000, 0x0000, 0x0000, 0x0000, 0x0000, 0x0000, 0x0000, 0xbed9, 0xbed9, 0xbed9, 0xbed9, 0xbed9, 0xbed9, 0xbed9, 0xbed9,
0xbed9, 0xbed9, 0xbed9, 0xbed9, 0xbed9, 0xbed9, 0xbed9, 0xbed9, 0xbed9, 0xbed9, 0xbed9, 0xbed9, 0xbed9, 0xbed9, 0xbed9, 0xbed9,
0xbed9, 0xbed9, 0xbed9, 0xbed9, 0xbed9, 0xbed9, 0xbed9, 0xbed9, 0xbed9, 0xbed9, 0xbed9, 0xbed9, 0xbed9, 0xbed9, 0xbed9, 0xbed9,
0xbed9, 0xbed9, 0xbed9, 0xbed9, 0xbed9, 0xbed9, 0xb6b9, 0xbed9, 0xc6fa, 0xbeda, 0x9e15, 0x6cef, 0x43e9, 0x2b86, 0x2b86, 0x33a7,
0x33c7, 0x33c7, 0x33c7, 0x33c7, 0x33c7, 0x33c7, 0x2b86, 0x440a, 0xa656, 0xbefa, 0xb6b9, 0xc71b, 0xcf3c, 0xc73b, 0xbefa, 0xa636,
0x2b06, 0x2ba7, 0x33e8, 0x3409, 0x9e35, 0xbefa, 0xb6b9, 0xb6b9, 0xb6b9, 0xb6b9, 0xb6b9, 0xb6b9, 0xb6b9, 0xb6b9, 0xb6d9, 0xbed9,
0xbed9, 0xbed9, 0xbed9, 0xbed9, 0xbed9, 0xbed9, 0xbed9, 0xbed9, 0xbed9, 0xbed9, 0xbed9, 0xbed9, 0xbed9, 0xbed9, 0xbed9, 0xbed9,
0xbed9, 0xbed9, 0xbed9, 0xbed9, 0xbed9, 0xbed9, 0xbed9, 0xbed9, 0xbed9, 0xbed9, 0xbed9, 0xbed9, 0xbed9, 0xbed9, 0xbed9, 0xbed9,
0xbed9, 0xbed9, 0xbed9, 0xbed9, 0xbed9, 0xbed9, 0xbed9, 0xbed9, 0xbed9, 0xbed9, 0xbed9, 0xbed9, 0xbed9, 0xbed9, 0xbed9, 0xbed9,
0xbed9, 0xbed9, 0xbed9, 0xbed9, 0x0000, 0x0000, 0x0000, 0x0000, 0x0000, 0x0000, 0x530c, 0x0000, 0x0000, 0x0000, 0x0000, 0x0000,
0x0000, 0x0000, 0x0000, 0x0000, 0x0000, 0x0000, 0x0000, 0x0000, 0x0000, 0x0000, 0x0000, 0x0000, 0x0000, 0x0000, 0x0000, 0x0000,
0x0000, 0x0000, 0x0000, 0x0000, 0x0000, 0x0000, 0x0000, 0x0000, 0x0000, 0x0000, 0x0000, 0x0000, 0x0000, 0x0000, 0x0000, 0x0000,
0x0000, 0x0000, 0x0000, 0x0000, 0x0000, 0x0000, 0x0000, 0x0000, 0x0000, 0x0000, 0x0000, 0x0000, 0x0000, 0x0000, 0x0000, 0x0000,
0x0000, 0x0000, 0x0000, 0x0000, 0x0000, 0x0000, 0x0000, 0x0000, 0x0000, 0x0000, 0x0000, 0x0000, 0x0000, 0x0000, 0x0000, 0x0000,
0x0000, 0x0000, 0x0000, 0x0000, 0x0000, 0x0000, 0x0000, 0x0000, 0x0000, 0x0000, 0x0000, 0x0000, 0x0000, 0x0000, 0x0000, 0x0000,
0x0000, 0x0000, 0x0000, 0x0000, 0x0000, 0x0000, 0x0000, 0x0000, 0x0000, 0x0000, 0x0000, 0x0000, 0x0000, 0x0000, 0x0000, 0x0000,
0x0000, 0x0000, 0x0000, 0x0000, 0x0000, 0x0000, 0x0000, 0x0000, 0x0000, 0x0000, 0x0000, 0x0000, 0x0000, 0x0000, 0x0000, 0x0000,
0x0000, 0x0000, 0x0000, 0x0000, 0x0000, 0x0000, 0x0000, 0x0000, 0x0000, 0x0000, 0x0000, 0x0000, 0x0000, 0x0000, 0x0000, 0x0000,
0x0000, 0x0000, 0x0000, 0x0000, 0x0000, 0x0000, 0x0000, 0x0000, 0x0000, 0x0000, 0x0000, 0x0000, 0x0000, 0x0000, 0x0000, 0x0000,
0x0000, 0x0000, 0x0000, 0x0000, 0x0000, 0x0000, 0x0000, 0x0000, 0x0000, 0x0000, 0x0000, 0x0000, 0x0000, 0x0000, 0x0000, 0x0000,
0x0000, 0x0000, 0x0000, 0x0000, 0x0000, 0x0000, 0x0000, 0x0000, 0xbed9, 0xbed9, 0xbed9, 0xbed9, 0xbed9, 0xbed9, 0xbed9, 0xbed9,
0xbed9, 0xbed9, 0xbed9, 0xbed9, 0xbed9, 0xbed9, 0xbed9, 0xbed9, 0xbed9, 0xbed9, 0xbed9, 0xbed9, 0xbed9, 0xbed9, 0xbed9, 0xbed9,
0xbed9, 0xbed9, 0xbed9, 0xbed9, 0xbed9, 0xbed9, 0xbed9, 0xbed9, 0xbed9, 0xbed9, 0xbed9, 0xbed9, 0xbed9, 0xbed9, 0xbed9, 0xbed9,
0xbed9, 0xbed9, 0xbed9, 0xbed9, 0xbed9, 0xbed9, 0xbed9, 0xb6d9, 0xb6b9, 0xbed9, 0xbefa, 0xc6fa, 0xb698, 0x95d4, 0x6cce, 0x43e9,
0x2b86, 0x2b86, 0x2b86, 0x2b86, 0x2b86, 0x33a7, 0x64ce, 0xae78, 0xbefa, 0xb6b9, 0xbed9, 0xa656, 0x95d4, 0x9df5, 0xb698, 0xbefa,
0x95d5, 0x4c0b, 0x548c, 0x8df4, 0xbeda, 0xbeb9, 0xbefa, 0xbefa, 0xbefa, 0xbefa, 0xbefa, 0xbefa, 0xbefa, 0xbefa, 0xbeda, 0xb6d9,
0xb6b9, 0xb6b9, 0xbed9, 0xbed9, 0xbed9, 0xbed9, 0xbed9, 0xbed9, 0xbed9, 0xbed9, 0xbed9, 0xbed9, 0xbed9, 0xbed9, 0xbed9, 0xbed9,
0xbed9, 0xbed9, 0xbed9, 0xbed9, 0xbed9, 0xbed9, 0xbed9, 0xbed9, 0xbed9, 0xbed9, 0xbed9, 0xbed9, 0xbed9, 0xbed9, 0xbed9, 0xbed9,
0xbed9, 0xbed9, 0xbed9, 0xbed9, 0xbed9, 0xbed9, 0xbed9, 0xbed9, 0xbed9, 0xbed9, 0xbed9, 0xbed9, 0xbed9, 0xbed9, 0xbed9, 0xbed9,
0xbed9, 0xbed9, 0xbed9, 0xbed9, 0x0000, 0x0000, 0x0000, 0x0000, 0x0000, 0x0000, 0x530c, 0x0000, 0x0000, 0x0000, 0x0000, 0x0000,
0x0000, 0x0000, 0x0000, 0x0000, 0x0000, 0x0000, 0x0000, 0x0000, 0x0000, 0x0000, 0x0000, 0x0000, 0x0000, 0x0000, 0x0000, 0x0000,
0x0000, 0x0000, 0x0000, 0x0000, 0x0000, 0x0000, 0x0000, 0x0000, 0x0000, 0x0000, 0x0000, 0x0000, 0x0000, 0x0000, 0x0000, 0x0000,
0x0000, 0x0000, 0x0000, 0x0000, 0x0000, 0x0000, 0x0000, 0x0000, 0x0000, 0x0000, 0x0000, 0x0000, 0x0000, 0x0000, 0x0000, 0x0000,
0x0000, 0x0000, 0x0000, 0x0000, 0x0000, 0x0000, 0x0000, 0x0000, 0x0000, 0x0000, 0x0000, 0x0000, 0x0000, 0x0000, 0x0000, 0x0000,
0x0000, 0x0000, 0x0000, 0x0000, 0x0000, 0x0000, 0x0000, 0x0000, 0x0000, 0x0000, 0x0000, 0x0000, 0x0000, 0x0000, 0x0000, 0x0000,
0x0000, 0x0000, 0x0000, 0x0000, 0x0000, 0x0000, 0x0000, 0x0000, 0x0000, 0x0000, 0x0000, 0x0000, 0x0000, 0x0000, 0x0000, 0x0000,
0x0000, 0x0000, 0x0000, 0x0000, 0x0000, 0x0000, 0x0000, 0x0000, 0x0000, 0x0000, 0x0000, 0x0000, 0x0000, 0x0000, 0x0000, 0x0000,
0x0000, 0x0000, 0x0000, 0x0000, 0x0000, 0x0000, 0x0000, 0x0000, 0x0000, 0x0000, 0x0000, 0x0000, 0x0000, 0x0000, 0x0000, 0x0000,
0x0000, 0x0000, 0x0000, 0x0000, 0x0000, 0x0000, 0x0000, 0x0000, 0x0000, 0x0000, 0x0000, 0x0000, 0x0000, 0x0000, 0x0000, 0x0000,
0x0000, 0x0000, 0x0000, 0x0000, 0x0000, 0x0000, 0x0000, 0x0000, 0x0000, 0x0000, 0x0000, 0x0000, 0x0000, 0x0000, 0x0000, 0x0000,
0x0000, 0x0000, 0x0000, 0x0000, 0x0000, 0x0000, 0x0000, 0x0000, 0xbed9, 0xbed9, 0xbed9, 0xbed9, 0xbed9, 0xbed9, 0xbed9, 0xbed9,
0xbed9, 0xbed9, 0xbed9, 0xbed9, 0xbed9, 0xbed9, 0xbed9, 0xbed9, 0xbed9, 0xbed9, 0xbed9, 0xbed9, 0xbed9, 0xbed9, 0xbed9, 0xbed9,
0xbed9, 0xbed9, 0xbed9, 0xbed9, 0xbed9, 0xbed9, 0xbed9, 0xbed9, 0xbed9, 0xbed9, 0xbed9, 0xbed9, 0xbed9, 0xbed9, 0xbed9, 0xbed9,
0xbed9, 0xbed9, 0xbed9, 0xbed9, 0xbed9, 0xbed9, 0xbed9, 0xbed9, 0xbed9, 0xbed9, 0xb6b9, 0xb6b9, 0xbed9, 0xbefa, 0xc6fa, 0xb698,
0x95d4, 0x7d51, 0x6cef, 0x6cef, 0x8572, 0xa636, 0xbefa, 0xc6fb, 0xbeda, 0xb6b9, 0xc6fa, 0x5c8b, 0x1aa3, 0x22c5, 0xa637, 0xbeda,
0xbefa, 0xbefa, 0xbeda, 0xbeda, 0xbefa, 0xb6d8, 0x9634, 0x6d6f, 0x5cec, 0x5cec, 0x5cec, 0x5d0d, 0x7590, 0x8e13, 0xaeb8, 0xbeda,
0xc6fa, 0xbeda, 0xbed9, 0xb6b9, 0xb6b9, 0xbed9, 0xbed9, 0xbed9, 0xbed9, 0xbed9, 0xbed9, 0xbed9, 0xbed9, 0xbed9, 0xbed9, 0xbed9,
0xbed9, 0xbed9, 0xbed9, 0xbed9, 0xbed9, 0xbed9, 0xbed9, 0xbed9, 0xbed9, 0xbed9, 0xbed9, 0xbed9, 0xbed9, 0xbed9, 0xbed9, 0xbed9,
0xbed9, 0xbed9, 0xbed9, 0xbed9, 0xbed9, 0xbed9, 0xbed9, 0xbed9, 0xbed9, 0xbed9, 0xbed9, 0xbed9, 0xbed9, 0xbed9, 0xbed9, 0xbed9,
0xbed9, 0xbed9, 0xbed9, 0xbed9, 0x0000, 0x0000, 0x0000, 0x0000, 0x0000, 0x0000, 0x530c, 0x0000, 0x0000, 0x0000, 0x0000, 0x0000,
0x0000, 0x0000, 0x0000, 0x0000, 0x8492, 0x94f4, 0x8cd3, 0x9d76, 0x9d35, 0x8cd3, 0x94f4, 0x5b2d, 0x0000, 0x0000, 0x0000, 0x0000,
0x0000, 0x0000, 0x0000, 0x0000, 0x0000, 0x0000, 0x0000, 0x0000, 0x0000, 0x0000, 0x0000, 0x0000, 0x0000, 0x0000, 0x0000, 0x0000,
0x0000, 0x0000, 0x0000, 0x0000, 0x0000, 0x0000, 0x0000, 0x0000, 0x0000, 0x0000, 0x0000, 0x0000, 0x0000, 0x0000, 0x0000, 0x0000,
0x0000, 0x0000, 0x0000, 0x0000, 0x0000, 0x0000, 0x0000, 0x0000, 0x0000, 0x0000, 0x0000, 0x0000, 0x0000, 0x0000, 0x0000, 0x0000,
0x0000, 0x0000, 0x0000, 0x0000, 0x0000, 0x0000, 0x0000, 0x0000, 0x0000, 0x0000, 0x0000, 0x0000, 0x0000, 0x0000, 0x0000, 0x0000,
0x0000, 0x0000, 0x0000, 0x0000, 0x0000, 0x0000, 0x0000, 0x0000, 0x0000, 0x0000, 0x0000, 0x0000, 0x0000, 0x0000, 0x0000, 0x0000,
0x0000, 0x0000, 0x0000, 0x0000, 0x0000, 0x0000, 0x0000, 0x0000, 0x0000, 0x0000, 0x0000, 0x0000, 0x0000, 0x0000, 0x0000, 0x0000,
0x0000, 0x0000, 0x0000, 0x0000, 0x0000, 0x0000, 0x0000, 0x0000, 0x0000, 0x0000, 0x0000, 0x0000, 0x0000, 0x0000, 0x0000, 0x0000,
0x0000, 0x0000, 0x0000, 0x0000, 0x0000, 0x0000, 0x0000, 0x0000, 0x0000, 0x0000, 0x0000, 0x0000, 0x0000, 0x0000, 0x0000, 0x0000,
0x0000, 0x0000, 0x0000, 0x0000, 0x0000, 0x0000, 0x0000, 0x0000, 0x0000, 0x0000, 0x0000, 0x0000, 0x0000, 0x0000, 0x0000, 0x0000,
0x0000, 0x0000, 0x0000, 0x0000, 0x0000, 0x0000, 0x0000, 0x0000, 0xbed9, 0xbed9, 0xbed9, 0xbed9, 0xbed9, 0xbed9, 0xbed9, 0xbed9,
0xbed9, 0xbed9, 0xbed9, 0xbed9, 0xbed9, 0xbed9, 0xbed9, 0xbed9, 0xbed9, 0xbed9, 0xbed9, 0xbed9, 0xbed9, 0xbed9, 0xbed9, 0xbed9,
0xbed9, 0xbed9, 0xbed9, 0xbed9, 0xbed9, 0xbed9, 0xbed9, 0xbed9, 0xbed9, 0xbed9, 0xbed9, 0xbed9, 0xbed9, 0xbed9, 0xbed9, 0xbed9,
0xbed9, 0xbed9, 0xbed9, 0xbed9, 0xbed9, 0xbed9, 0xbed9, 0xbed9, 0xbed9, 0xbed9, 0xbed9, 0xbed9, 0xbed9, 0xb6b9, 0xb6b9, 0xbed9,
0xbefa, 0xc6fa, 0xc71b, 0xc71b, 0xbefa, 0xbefa, 0xb6b9, 0x8e53, 0x8e52, 0xb6b9, 0xc6fa, 0x5c8b, 0x22e4, 0x22c6, 0xa636, 0xbefa,
0xb6b9, 0xb6b9, 0xbeb9, 0xbefa, 0x85f2, 0x4469, 0x33e7, 0x2bc6, 0x2ba6, 0x2bc6, 0x2bc6, 0x2bc6, 0x2bc6, 0x33e7, 0x4469, 0x5d0d,
0x7db1, 0x9e76, 0xb6b8, 0xc6fa, 0xbeda, 0xbed9, 0xb6b9, 0xb6b9, 0xbed9, 0xbed9, 0xbed9, 0xbed9, 0xbed9, 0xbed9, 0xbed9, 0xbed9,
0xbed9, 0xbed9, 0xbed9, 0xbed9, 0xbed9, 0xbed9, 0xbed9, 0xbed9, 0xbed9, 0xbed9, 0xbed9, 0xbed9, 0xbed9, 0xbed9, 0xbed9, 0xbed9,
0xbed9, 0xbed9, 0xbed9, 0xbed9, 0xbed9, 0xbed9, 0xbed9, 0xbed9, 0xbed9, 0xbed9, 0xbed9, 0xbed9, 0xbed9, 0xbed9, 0xbed9, 0xbed9,
0xbed9, 0xbed9, 0xbed9, 0xbed9, 0x0000, 0x0000, 0x0000, 0x0000, 0x0000, 0x0000, 0x530c, 0x0000, 0x0000, 0x0000, 0x0000, 0x0000,
0x0000, 0x0000, 0x0000, 0x0000, 0x0000, 0x0000, 0x0000, 0x636e, 0x39e8, 0x0000, 0x0000, 0x0000, 0x0000, 0x0000, 0x0000, 0x0000,
0x0000, 0x0000, 0x0000, 0x0000, 0x0000, 0x0000, 0x0000, 0x0000, 0x0000, 0x0000, 0x0000, 0x0000, 0x0000, 0x0000, 0x0000, 0x0000,
0x0000, 0x0000, 0x0000, 0x0000, 0x0000, 0x0000, 0x0000, 0x31a7, 0x52ec, 0x0000, 0x0000, 0x0000, 0x0000, 0x0000, 0x0000, 0x0000,
0x0000, 0x0000, 0x0000, 0x0000, 0x0000, 0x0000, 0x0000, 0x0000, 0x0000, 0x0000, 0x0000, 0x0000, 0x0000, 0x0000, 0x0000, 0x0000,
0x0000, 0x0000, 0x0000, 0x0000, 0x0000, 0x0000, 0x0000, 0x0000, 0x0000, 0x0000, 0x0000, 0x0000, 0x0000, 0x0000, 0x0000, 0x0000,
0x0000, 0x0000, 0x0000, 0x0000, 0x0000, 0x0000, 0x0000, 0x0000, 0x0000, 0x0000, 0x0000, 0x0000, 0x0000, 0x0000, 0x0000, 0x0000,
0x0000, 0x0000, 0x0000, 0x0000, 0x0000, 0x0000, 0x0000, 0x0000, 0x0000, 0x0000, 0x0000, 0x0000, 0x0000, 0x0000, 0x0000, 0x0000,
0x0000, 0x0000, 0x0000, 0x0000, 0x0000, 0x0000, 0x0000, 0x0000, 0x0000, 0x0000, 0x0000, 0x0000, 0x0000, 0x0000, 0x0000, 0x0000,
0x0000, 0x0000, 0x0000, 0x0000, 0x0000, 0x0000, 0x0000, 0x0000, 0x0000, 0x0000, 0x0000, 0x0000, 0x0000, 0x0000, 0x0000, 0x0000,
0x0000, 0x0000, 0x0000, 0x0000, 0x0000, 0x0000, 0x0000, 0x0000, 0x0000, 0x0000, 0x0000, 0x0000, 0x0000, 0x0000, 0x0000, 0x0000,
0x0000, 0x0000, 0x0000, 0x0000, 0x0000, 0x0000, 0x0000, 0x0000, 0xbed9, 0xbed9, 0xbed9, 0xbed9, 0xbed9, 0xbed9, 0xbed9, 0xbed9,
0xbed9, 0xbed9, 0xbed9, 0xbed9, 0xbed9, 0xbed9, 0xbed9, 0xbed9, 0xbed9, 0xbed9, 0xbed9, 0xbed9, 0xbed9, 0xbed9, 0xbed9, 0xbed9,
0xbed9, 0xbed9, 0xbed9, 0xbed9, 0xbed9, 0xbed9, 0xbed9, 0xbed9, 0xbed9, 0xbed9, 0xbed9, 0xbed9, 0xbed9, 0xbed9, 0xbed9, 0xbed9,
0xbed9, 0xbed9, 0xbed9, 0xbed9, 0xbed9, 0xbed9, 0xbed9, 0xbed9, 0xbed9, 0xbed9, 0xbed9, 0xbed9, 0xbed9, 0xbed9, 0xbed9, 0xb6d9,
0xb6b9, 0xb6b9, 0xb6b9, 0xb6b9, 0xbed9, 0xb6b9, 0x6d8e, 0x44c8, 0x4d09, 0x762f, 0xb6d9, 0x546a, 0x22e4, 0x22c5, 0xa636, 0xbefa,
0xb6b9, 0xbeda, 0xb6d8, 0x5d0c, 0x33c6, 0x33c7, 0x33e7, 0x3be7, 0x33e7, 0x33e7, 0x33e7, 0x3be7, 0x33e7, 0x33e7, 0x33c7, 0x2bc6,
0x2bc6, 0x3407, 0x4c8a, 0x6d6f, 0x9634, 0xb6b9, 0xc6fa, 0xbeda, 0xb6b9, 0xb6b9, 0xbed9, 0xbed9, 0xbed9, 0xbed9, 0xbed9, 0xbed9,
0xbed9, 0xbed9, 0xbed9, 0xbed9, 0xbed9, 0xbed9, 0xbed9, 0xbed9, 0xbed9, 0xbed9, 0xbed9, 0xbed9, 0xbed9, 0xbed9, 0xbed9, 0xbed9,
0xbed9, 0xbed9, 0xbed9, 0xbed9, 0xbed9, 0xbed9, 0xbed9, 0xbed9, 0xbed9, 0xbed9, 0xbed9, 0xbed9, 0xbed9, 0xbed9, 0xbed9, 0xbed9,
0xbed9, 0xbed9, 0xbed9, 0xbed9, 0x0000, 0x0000, 0x0000, 0x0000, 0x0000, 0x0000, 0x530c, 0x0000, 0x0000, 0x0000, 0x0000, 0x0000,
0x0000, 0x0000, 0x0000, 0x0000, 0x0000, 0x0000, 0x0000, 0x636e, 0x39e8, 0x0000, 0x0000, 0x0000, 0x0000, 0x0000, 0x0000, 0x0000,
0x0000, 0x0000, 0x0000, 0x0000, 0x0000, 0x0000, 0x0000, 0x0000, 0x0000, 0x0000, 0x0000, 0x0000, 0x0000, 0x0000, 0x0000, 0x0000,
0x0000, 0x0000, 0x0000, 0x0000, 0x0000, 0x0000, 0x0020, 0x31e7, 0x636e, 0x0000, 0x0020, 0x0000, 0x0000, 0x0000, 0x0000, 0x0000,
0x0000, 0x0000, 0x0000, 0x0000, 0x0000, 0x0000, 0x0000, 0x0000, 0x0000, 0x0000, 0x0000, 0x0000, 0x0000, 0x0000, 0x0000, 0x0000,
0x0000, 0x0000, 0x0000, 0x0000, 0x0000, 0x0000, 0x0000, 0x0000, 0x0000, 0x0000, 0x0000, 0x0000, 0x0000, 0x0000, 0x0000, 0x0000,
0x0000, 0x0000, 0x0000, 0x0000, 0x0000, 0x0000, 0x0000, 0x0000, 0x0000, 0x0000, 0x0000, 0x0000, 0x0000, 0x0000, 0x0000, 0x0000,
0x0000, 0x0000, 0x0000, 0x0000, 0x0000, 0x0000, 0x0000, 0x0000, 0x0000, 0x0000, 0x0000, 0x0000, 0x0000, 0x0000, 0x0000, 0x0000,
0x0000, 0x0000, 0x0000, 0x0000, 0x0000, 0x0000, 0x0000, 0x0000, 0x0000, 0x0000, 0x0000, 0x0000, 0x0000, 0x0000, 0x0000, 0x0000,
0x0000, 0x0000, 0x0000, 0x0000, 0x0000, 0x0000, 0x0000, 0x0000, 0x0000, 0x0000, 0x0000, 0x0000, 0x0000, 0x0000, 0x0000, 0x0000,
0x0000, 0x0000, 0x0000, 0x0000, 0x0000, 0x0000, 0x0000, 0x0000, 0x0000, 0x0000, 0x0000, 0x0000, 0x0000, 0x0000, 0x0000, 0x0000,
0x0000, 0x0000, 0x0000, 0x0000, 0x0000, 0x0000, 0x0000, 0x0000, 0xbed9, 0xbed9, 0xbed9, 0xbed9, 0xbed9, 0xbed9, 0xbed9, 0xbed9,
0xbed9, 0xbed9, 0xbed9, 0xbed9, 0xbed9, 0xbed9, 0xbed9, 0xbed9, 0xbed9, 0xbed9, 0xbed9, 0xbed9, 0xbed9, 0xbed9, 0xbed9, 0xbed9,
0xbed9, 0xbed9, 0xbed9, 0xbed9, 0xbed9, 0xbed9, 0xbed9, 0xbed9, 0xbed9, 0xbed9, 0xbed9, 0xbed9, 0xbed9, 0xbed9, 0xbed9, 0xbed9,
0xbed9, 0xbed9, 0xbed9, 0xbed9, 0xbed9, 0xbed9, 0xbed9, 0xbed9, 0xbed9, 0xbed9, 0xbed9, 0xbed9, 0xbed9, 0xbed9, 0xbed9, 0xbed9,
0xbed9, 0xbed9, 0xb6d9, 0xbed9, 0xb6d9, 0x6d6e, 0x44c8, 0x4cea, 0x4cc9, 0x4d49, 0x8e53, 0x5c6b, 0x1ac4, 0x22c5, 0xa636, 0xbeda,
0xbed9, 0xb6d8, 0x54eb, 0x2ba6, 0x33e7, 0x33e7, 0x33e7, 0x33e7, 0x33e7, 0x33e7, 0x33e7, 0x33e7, 0x33e7, 0x33e7, 0x33e7, 0x33e7,
0x33e7, 0x33e7, 0x33c7, 0x2bc6, 0x33e7, 0x4c8a, 0x6d4f, 0x9e55, 0xbefa, 0xbefa, 0xbed9, 0xb6b9, 0xbed9, 0xbed9, 0xbed9, 0xbed9,
0xbed9, 0xbed9, 0xbed9, 0xbed9, 0xbed9, 0xbed9, 0xbed9, 0xbed9, 0xbed9, 0xbed9, 0xbed9, 0xbed9, 0xbed9, 0xbed9, 0xbed9, 0xbed9,
0xbed9, 0xbed9, 0xbed9, 0xbed9, 0xbed9, 0xbed9, 0xbed9, 0xbed9, 0xbed9, 0xbed9, 0xbed9, 0xbed9, 0xbed9, 0xbed9, 0xbed9, 0xbed9,
0xbed9, 0xbed9, 0xbed9, 0xbed9, 0x0000, 0x0000, 0x0000, 0x0000, 0x0000, 0x0000, 0x530c, 0x0000, 0x0000, 0x0000, 0x0000, 0x0000,
0x0000, 0x0000, 0x0000, 0x0000, 0x0000, 0x0000, 0x0000, 0x636e, 0x39e8, 0x0000, 0x0000, 0x0000, 0x0000, 0x18c3, 0x7c10, 0x8472,
0x8472, 0x4a8a, 0x0000, 0x0000, 0x10c3, 0x8cb3, 0x52ec, 0x8cb3, 0x9514, 0x31a7, 0x3a08, 0x8452, 0x9514, 0x52cb, 0x0000, 0x0000,
0x1082, 0x5b2d, 0x7410, 0x636e, 0x18c3, 0x0000, 0x7c31, 0x94f4, 0x9d35, 0x8c93, 0x39e7, 0x0000, 0x18c3, 0x7c10, 0x8472, 0x8472,
0x4a8a, 0x0000, 0x0000, 0x0000, 0x0000, 0x0000, 0x0000, 0x0000, 0x0000, 0x0000, 0x0000, 0x0000, 0x0000, 0x0000, 0x0000, 0x0000,
0x0000, 0x0000, 0x0000, 0x0000, 0x0000, 0x0000, 0x0000, 0x0000, 0x0000, 0x0000, 0x0000, 0x0000, 0x0000, 0x0000, 0x0000, 0x0000,
0x0000, 0x0000, 0x0000, 0x0000, 0x0000, 0x0000, 0x0000, 0x0000, 0x0000, 0x0000, 0x0000, 0x0000, 0x0000, 0x0000, 0x0000, 0x0000,
0x0000, 0x0000, 0x0000, 0x0000, 0x0000, 0x0000, 0x0000, 0x0000, 0x0000, 0x0000, 0x0000, 0x0000, 0x0000, 0x0000, 0x0000, 0x0000,
0x0000, 0x0000, 0x0000, 0x0000, 0x0000, 0x0000, 0x0000, 0x0000, 0x0000, 0x0000, 0x0000, 0x0000, 0x0000, 0x0000, 0x0000, 0x0000,
0x0000, 0x0000, 0x0000, 0x0000, 0x0000, 0x0000, 0x0000, 0x0000, 0x0000, 0x0000, 0x0000, 0x0000, 0x0000, 0x0000, 0x0000, 0x0000,
0x0000, 0x0000, 0x0000, 0x0000, 0x0000, 0x0000, 0x0000, 0x0000, 0x0000, 0x0000, 0x0000, 0x0000, 0x0000, 0x0000, 0x0000, 0x0000,
0x0000, 0x0000, 0x0000, 0x0000, 0x0000, 0x0000, 0x0000, 0x0000, 0xbed9, 0xbed9, 0xbed9, 0xbed9, 0xbed9, 0xbed9, 0xbed9, 0xbed9,
0xbed9, 0xbed9, 0xbed9, 0xbed9, 0xbed9, 0xbed9, 0xbed9, 0xbed9, 0xbed9, 0xbed9, 0xbed9, 0xbed9, 0xbed9, 0xbed9, 0xbed9, 0xbed9,
0xbed9, 0xbed9, 0xbed9, 0xbed9, 0xbed9, 0xbed9, 0xbed9, 0xbed9, 0xbed9, 0xbed9, 0xbed9, 0xbed9, 0xbed9, 0xbed9, 0xbed9, 0xbed9,
0xbed9, 0xbed9, 0xbed9, 0xbed9, 0xbed9, 0xbed9, 0xbed9, 0xbed9, 0xbed9, 0xbed9, 0xbed9, 0xbed9, 0xbed9, 0xbed9, 0xbed9, 0xbed9,
0xb6d9, 0xb6b9, 0xb6b9, 0xbeda, 0x7db0, 0x44a8, 0x4cea, 0x4ce9, 0x4ce9, 0x4d0a, 0x5d8c, 0x4408, 0x22e4, 0x22c5, 0xa636, 0xbefa,
0xbed9, 0x5cec, 0x2ba6, 0x3be8, 0x33e7, 0x33e7, 0x33e7, 0x33e7, 0x33e7, 0x33e7, 0x33e7, 0x33e7, 0x33e7, 0x33e7, 0x33e7, 0x33e7,
0x33e7, 0x33e7, 0x33e7, 0x33e7, 0x33e7, 0x33c7, 0x2ba6, 0x3c28, 0x54cc, 0x85f3, 0xbed9, 0xc6fa, 0xbed9, 0xb6b9, 0xbed9, 0xbed9,
0xbed9, 0xbed9, 0xbed9, 0xbed9, 0xbed9, 0xbed9, 0xbed9, 0xbed9, 0xbed9, 0xbed9, 0xbed9, 0xbed9, 0xbed9, 0xbed9, 0xbed9, 0xbed9,
0xbed9, 0xbed9, 0xbed9, 0xbed9, 0xbed9, 0xbed9, 0xbed9, 0xbed9, 0xbed9, 0xbed9, 0xbed9, 0xbed9, 0xbed9, 0xbed9, 0xbed9, 0xbed9,
0xbed9, 0xbed9, 0xbed9, 0xbed9, 0x0000, 0x0000, 0x0000, 0x0000, 0x0000, 0x0000, 0x530c, 0x0000, 0x0000, 0x0000, 0x0000, 0x0000,
0x0000, 0x0000, 0x0000, 0x0000, 0x0000, 0x0000, 0x0000, 0x636e, 0x39e8, 0x0000, 0x0000, 0x0000, 0x0020, 0x8cd3, 0x2124, 0x0000,
0x0020, 0x73cf, 0x4249, 0x0000, 0x0862, 0xa597, 0x52cb, 0x0000, 0x2124, 0x9d56, 0x6baf, 0x0000, 0x0841, 0x9d55, 0x10a2, 0x0020,
0x94f4, 0x31c7, 0x0841, 0x39e8, 0x8cb3, 0x0000, 0x0000, 0x31c7, 0x636e, 0x0000, 0x0000, 0x0020, 0x8cd3, 0x2124, 0x0000, 0x0020,
0x73cf, 0x4249, 0x0000, 0x0000, 0x0000, 0x0000, 0x0000, 0x0000, 0x0000, 0x0000, 0x0000, 0x0000, 0x0000, 0x0000, 0x0000, 0x0000,
0x0000, 0x0000, 0x0000, 0x0000, 0x0000, 0x0000, 0x0000, 0x0000, 0x0000, 0x0000, 0x0000, 0x0000, 0x0000, 0x0000, 0x0000, 0x0000,
0x0000, 0x0000, 0x0000, 0x0000, 0x0000, 0x0000, 0x0000, 0x0000, 0x0000, 0x0000, 0x0000, 0x0000, 0x0000, 0x0000, 0x0000, 0x0000,
0x0000, 0x0000, 0x0000, 0x0000, 0x0000, 0x0000, 0x0000, 0x0000, 0x0000, 0x0000, 0x0000, 0x0000, 0x0000, 0x0000, 0x0000, 0x0000,
0x0000, 0x0000, 0x0000, 0x0000, 0x0000, 0x0000, 0x0000, 0x0000, 0x0000, 0x0000, 0x0000, 0x0000, 0x0000, 0x0000, 0x0000, 0x0000,
0x0000, 0x0000, 0x0000, 0x0000, 0x0000, 0x0000, 0x0000, 0x0000, 0x0000, 0x0000, 0x0000, 0x0000, 0x0000, 0x0000, 0x0000, 0x0000,
0x0000, 0x0000, 0x0000, 0x0000, 0x0000, 0x0000, 0x0000, 0x0000, 0x0000, 0x0000, 0x0000, 0x0000, 0x0000, 0x0000, 0x0000, 0x0000,
0x0000, 0x0000, 0x0000, 0x0000, 0x0000, 0x0000, 0x0000, 0x0000, 0xbed9, 0xbed9, 0xbed9, 0xbed9, 0xbed9, 0xbed9, 0xbed9, 0xbed9,
0xbed9, 0xbed9, 0xbed9, 0xbed9, 0xbed9, 0xbed9, 0xbed9, 0xbed9, 0xbed9, 0xbed9, 0xbed9, 0xbed9, 0xbed9, 0xbed9, 0xbed9, 0xbed9,
0xbed9, 0xbed9, 0xbed9, 0xbed9, 0xbed9, 0xbed9, 0xbed9, 0xbed9, 0xbed9, 0xbed9, 0xbed9, 0xbed9, 0xbed9, 0xbed9, 0xbed9, 0xbed9,
0xbed9, 0xbed9, 0xbed9, 0xbed9, 0xbed9, 0xbed9, 0xbed9, 0xbed9, 0xbed9, 0xbed9, 0xbed9, 0xbed9, 0xbed9, 0xbed9, 0xbed9, 0xb6b9,
0xbeda, 0xc6fa, 0xc71a, 0x9e55, 0x4ce9, 0x4d0a, 0x4cea, 0x4ce9, 0x4ce9, 0x4ce9, 0x554b, 0x3be7, 0x22c4, 0x22c5, 0xa636, 0xc71b,
0x7d91, 0x2bc6, 0x3be8, 0x33e7, 0x33e7, 0x33e7, 0x33e7, 0x33e7, 0x33e7, 0x33e7, 0x33e7, 0x33e7, 0x33e7, 0x33e7, 0x33e7, 0x33e7,
0x33e7, 0x33e7, 0x33e7, 0x33e7, 0x33a7, 0x3387, 0x3c08, 0x33c7, 0x2bc6, 0x33e7, 0x54cb, 0x8e13, 0xb6d9, 0xbeda, 0xb6b9, 0xbed9,
0xbed9, 0xbed9, 0xbed9, 0xbed9, 0xbed9, 0xbed9, 0xbed9, 0xbed9, 0xbed9, 0xbed9, 0xbed9, 0xbed9, 0xbed9, 0xbed9, 0xbed9, 0xbed9,
0xbed9, 0xbed9, 0xbed9, 0xbed9, 0xbed9, 0xbed9, 0xbed9, 0xbed9, 0xbed9, 0xbed9, 0xbed9, 0xbed9, 0xbed9, 0xbed9, 0xbed9, 0xbed9,
0xbed9, 0xbed9, 0xbed9, 0xbed9, 0x0000, 0x0000, 0x0000, 0x0000, 0x0000, 0x0000, 0x530c, 0x0000, 0x0000, 0x0000, 0x0000, 0x0000,
0x0000, 0x0000, 0x0000, 0x0000, 0x0000, 0x0000, 0x0000, 0x636e, 0x39e8, 0x0000, 0x0000, 0x0000, 0x31a7, 0x6b8e, 0x0000, 0x0000,
0x0000, 0x18c3, 0x8472, 0x0000, 0x0861, 0xa576, 0x0020, 0x0000, 0x0000, 0x9d35, 0x2104, 0x0000, 0x0000, 0x7c10, 0x2145, 0x0000,
0x10c3, 0x0000, 0x0000, 0x0000, 0x9515, 0x0000, 0x0000, 0x31c7, 0x636e, 0x0000, 0x0000, 0x31a7, 0x6b8e, 0x0000, 0x0000, 0x0000,
0x18c3, 0x8472, 0x0000, 0x0000, 0x0000, 0x0000, 0x0000, 0x0000, 0x0000, 0x0000, 0x0000, 0x0000, 0x0000, 0x0000, 0x0000, 0x0000,
0x0000, 0x0000, 0x0000, 0x0000, 0x0000, 0x0000, 0x0000, 0x0000, 0x0000, 0x0000, 0x0000, 0x0000, 0x0000, 0x0000, 0x0000, 0x0000,
0x0000, 0x0000, 0x0000, 0x0000, 0x0000, 0x0000, 0x0000, 0x0000, 0x0000, 0x0000, 0x0000, 0x0000, 0x0000, 0x0000, 0x0000, 0x0000,
0x0000, 0x0000, 0x0000, 0x0000, 0x0000, 0x0000, 0x0000, 0x0000, 0x0000, 0x0000, 0x0000, 0x0000, 0x0000, 0x0000, 0x0000, 0x0000,
0x0000, 0x0000, 0x0000, 0x0000, 0x0000, 0x0000, 0x0000, 0x0000, 0x0000, 0x0000, 0x0000, 0x0000, 0x0000, 0x0000, 0x0000, 0x0000,
0x0000, 0x0000, 0x0000, 0x0000, 0x0000, 0x0000, 0x0000, 0x0000, 0x0000, 0x0000, 0x0000, 0x0000, 0x0000, 0x0000, 0x0000, 0x0000,
0x0000, 0x0000, 0x0000, 0x0000, 0x0000, 0x0000, 0x0000, 0x0000, 0x0000, 0x0000, 0x0000, 0x0000, 0x0000, 0x0000, 0x0000, 0x0000,
0x0000, 0x0000, 0x0000, 0x0000, 0x0000, 0x0000, 0x0000, 0x0000, 0xbed9, 0xbed9, 0xbed9, 0xbed9, 0xbed9, 0xbed9, 0xbed9, 0xbed9,
0xbed9, 0xbed9, 0xbed9, 0xbed9, 0xbed9, 0xbed9, 0xbed9, 0xbed9, 0xbed9, 0xbed9, 0xbed9, 0xbed9, 0xbed9, 0xbed9, 0xbed9, 0xbed9,
0xbed9, 0xbed9, 0xbed9, 0xbed9, 0xbed9, 0xbed9, 0xbed9, 0xbed9, 0xbed9, 0xbed9, 0xbed9, 0xbed9, 0xbed9, 0xbed9, 0xbed9, 0xbed9,
0xbed9, 0xbed9, 0xbed9, 0xbed9, 0xbed9, 0xbed9, 0xbed9, 0xbed9, 0xbed9, 0xbed9, 0xbed9, 0xbed9, 0xbed9, 0xb6d9, 0xbeb9, 0xbeda,
0xa696, 0x75b1, 0x5d0e, 0x446a, 0x3428, 0x3c69, 0x44a9, 0x4cea, 0x4ce9, 0x4ce9, 0x4cea, 0x3bc7, 0x22e5, 0x22c5, 0xa657, 0xae97,
0x3c07, 0x33e7, 0x33e7, 0x33e7, 0x33e7, 0x33e7, 0x33e7, 0x33e7, 0x33e7, 0x33e7, 0x33e7, 0x33e7, 0x33e7, 0x33e7, 0x33c7, 0x33a7,
0x33e7, 0x33e7, 0x33e7, 0x33c7, 0x2b66, 0x33c7, 0x33e7, 0x33e7, 0x33e7, 0x33e7, 0x33c6, 0x33e7, 0x4cab, 0x9635, 0xbefa, 0xb6b9,
0xbed9, 0xbed9, 0xbed9, 0xbed9, 0xbed9, 0xbed9, 0xbed9, 0xbed9, 0xbed9, 0xbed9, 0xbed9, 0xbed9, 0xbed9, 0xbed9, 0xbed9, 0xbed9,
0xbed9, 0xbed9, 0xbed9, 0xbed9, 0xbed9, 0xbed9, 0xbed9, 0xbed9, 0xbed9, 0xbed9, 0xbed9, 0xbed9, 0xbed9, 0xbed9, 0xbed9, 0xbed9,
0xbed9, 0xbed9, 0xbed9, 0xbed9, 0x0000, 0x0000, 0x0000, 0x0000, 0x0000, 0x0000, 0x530c, 0x0000, 0x0000, 0x0000, 0x0000, 0x0000,
0x0000, 0x0000, 0x0000, 0x0000, 0x0000, 0x0000, 0x0000, 0x636e, 0x39e8, 0x0000, 0x0000, 0x0000, 0x4269, 0x52eb, 0x0000, 0x0000,
0x0000, 0x0020, 0x9d35, 0x0000, 0x0861, 0x8cb3, 0x0000, 0x0000, 0x0000, 0x9514, 0x0020, 0x0000, 0x0000, 0x73cf, 0x2145, 0x0000,
0x2145, 0x73cf, 0x73cf, 0x6baf, 0xa576, 0x0000, 0x0000, 0x31c7, 0x636e, 0x0000, 0x0000, 0x4269, 0x52eb, 0x0000, 0x0000, 0x0000,
0x0020, 0x9d35, 0x0000, 0x0000, 0x0000, 0x0000, 0x0000, 0x0000, 0x0000, 0x0000, 0x0000, 0x0000, 0x0000, 0x0000, 0x0000, 0x0000,
0x0000, 0x0000, 0x0000, 0x0000, 0x0000, 0x0000, 0x0000, 0x0000, 0x0000, 0x0000, 0x0000, 0x0000, 0x0000, 0x0000, 0x0000, 0x0000,
0x0000, 0x0000, 0x0000, 0x0000, 0x0000, 0x0000, 0x0000, 0x0000, 0x0000, 0x0000, 0x0000, 0x0000, 0x0000, 0x0000, 0x0000, 0x0000,
0x0000, 0x0000, 0x0000, 0x0000, 0x0000, 0x0000, 0x0000, 0x0000, 0x0000, 0x0000, 0x0000, 0x0000, 0x0000, 0x0000, 0x0000, 0x0000,
0x0000, 0x0000, 0x0000, 0x0000, 0x0000, 0x0000, 0x0000, 0x0000, 0x0000, 0x0000, 0x0000, 0x0000, 0x0000, 0x0000, 0x0000, 0x0000,
0x0000, 0x0000, 0x0000, 0x0000, 0x0000, 0x0000, 0x0000, 0x0000, 0x0000, 0x0000, 0x0000, 0x0000, 0x0000, 0x0000, 0x0000, 0x0000,
0x0000, 0x0000, 0x0000, 0x0000, 0x0000, 0x0000, 0x0000, 0x0000, 0x0000, 0x0000, 0x0000, 0x0000, 0x0000, 0x0000, 0x0000, 0x0000,
0x0000, 0x0000, 0x0000, 0x0000, 0x0000, 0x0000, 0x0000, 0x0000, 0xbed9, 0xbed9, 0xbed9, 0xbed9, 0xbed9, 0xbed9, 0xbed9, 0xbed9,
0xbed9, 0xbed9, 0xbed9, 0xbed9, 0xbed9, 0xbed9, 0xbed9, 0xbed9, 0xbed9, 0xbed9, 0xbed9, 0xbed9, 0xbed9, 0xbed9, 0xbed9, 0xbed9,
0xbed9, 0xbed9, 0xbed9, 0xbed9, 0xbed9, 0xbed9, 0xbed9, 0xbed9, 0xbed9, 0xbed9, 0xbed9, 0xbed9, 0xbed9, 0xbed9, 0xbed9, 0xbed9,
0xbed9, 0xbed9, 0xbed9, 0xbed9, 0xbed9, 0xbed9, 0xbed9, 0xbed9, 0xbed9, 0xbed9, 0xbed9, 0xbed9, 0xb6d9, 0xbed9, 0xbefa, 0x75b0,
0x3449, 0x23a7, 0x2387, 0x2b87, 0x2ba8, 0x2ba8, 0x2ba8, 0x3c69, 0x4ce9, 0x4cea, 0x4cc9, 0x33c6, 0x22e5, 0x1ac5, 0xae77, 0x6d4e,
0x2ba6, 0x3be7, 0x33e7, 0x33e7, 0x33e7, 0x33e7, 0x33e7, 0x33e7, 0x33e7, 0x33e7, 0x33e7, 0x33e7, 0x33e7, 0x33e7, 0x2b46, 0x33c7,
0x33e7, 0x33e7, 0x33e7, 0x2b86, 0x33e7, 0x33e7, 0x33e7, 0x33e7, 0x33e7, 0x33e7, 0x33e7, 0x33e7, 0x33c7, 0x2be6, 0x7d91, 0xc6fa,
0xb6b9, 0xbed9, 0xbed9, 0xbed9, 0xbed9, 0xbed9, 0xbed9, 0xbed9, 0xbed9, 0xbed9, 0xbed9, 0xbed9, 0xbed9, 0xbed9, 0xbed9, 0xbed9,
0xbed9, 0xbed9, 0xbed9, 0xbed9, 0xbed9, 0xbed9, 0xbed9, 0xbed9, 0xbed9, 0xbed9, 0xbed9, 0xbed9, 0xbed9, 0xbed9, 0xbed9, 0xbed9,
0xbed9, 0xbed9, 0xbed9, 0xbed9, 0x0000, 0x0000, 0x0000, 0x0000, 0x0000, 0x0000, 0x530c, 0x0000, 0x0000, 0x0000, 0x0000, 0x0000,
0x0000, 0x0000, 0x0000, 0x0000, 0x0000, 0x0000, 0x0000, 0x636e, 0x39e8, 0x0000, 0x0000, 0x0000, 0x31a7, 0x6bae, 0x0000, 0x0000,
0x0000, 0x18c3, 0x8472, 0x0000, 0x0861, 0x8cb3, 0x0000, 0x0000, 0x0000, 0x9514, 0x0020, 0x0000, 0x0000, 0x73cf, 0x2145, 0x1082,
0x8c93, 0x0841, 0x0000, 0x0000, 0x9d55, 0x0000, 0x0000, 0x31c7, 0x636e, 0x0000, 0x0000, 0x31a7, 0x6bae, 0x0000, 0x0000, 0x0000,
0x18c3, 0x8472, 0x0000, 0x0000, 0x0000, 0x0000, 0x0000, 0x0000, 0x0000, 0x0000, 0x0000, 0x0000, 0x0000, 0x0000, 0x0000, 0x0000,
0x0000, 0x0000, 0x0000, 0x0000, 0x0000, 0x0000, 0x0000, 0x0000, 0x0000, 0x0000, 0x0000, 0x0000, 0x0000, 0x0000, 0x0000, 0x0000,
0x0000, 0x0000, 0x0000, 0x0000, 0x0000, 0x0000, 0x0000, 0x0000, 0x0000, 0x0000, 0x0000, 0x0000, 0x0000, 0x0000, 0x0000, 0x0000,
0x0000, 0x0000, 0x0000, 0x0000, 0x0000, 0x0000, 0x0000, 0x0000, 0x0000, 0x0000, 0x0000, 0x0000, 0x0000, 0x0000, 0x0000, 0x0000,
0x0000, 0x0000, 0x0000, 0x0000, 0x0000, 0x0000, 0x0000, 0x0000, 0x0000, 0x0000, 0x0000, 0x0000, 0x0000, 0x0000, 0x0000, 0x0000,
0x0000, 0x0000, 0x0000, 0x0000, 0x0000, 0x0000, 0x0000, 0x0000, 0x0000, 0x0000, 0x0000, 0x0000, 0x0000, 0x0000, 0x0000, 0x0000,
0x0000, 0x0000, 0x0000, 0x0000, 0x0000, 0x0000, 0x0000, 0x0000, 0x0000, 0x0000, 0x0000, 0x0000, 0x0000, 0x0000, 0x0000, 0x0000,
0x0000, 0x0000, 0x0000, 0x0000, 0x0000, 0x0000, 0x0000, 0x0000, 0xbed9, 0xbed9, 0xbed9, 0xbed9, 0xbed9, 0xbed9, 0xbed9, 0xbed9,
0xbed9, 0xbed9, 0xbed9, 0xbed9, 0xbed9, 0xbed9, 0xbed9, 0xbed9, 0xbed9, 0xbed9, 0xbed9, 0xbed9, 0xbed9, 0xbed9, 0xbed9, 0xbed9,
0xbed9, 0xbed9, 0xbed9, 0xbed9, 0xbed9, 0xbed9, 0xbed9, 0xbed9, 0xbed9, 0xbed9, 0xbed9, 0xbed9, 0xbed9, 0xbed9, 0xbed9, 0xbed9,
0xbed9, 0xbed9, 0xbed9, 0xbed9, 0xbed9, 0xbed9, 0xbed9, 0xbed9, 0xbed9, 0xbed9, 0xbed9, 0xb6d9, 0xbed9, 0xb6b8, 0x6daf, 0x2be7,
0x2b88, 0x2ba8, 0x2ba8, 0x2ba8, 0x2ba8, 0x2ba8, 0x2ba8, 0x2b88, 0x3c28, 0x4ce9, 0x4cc9, 0x33a6, 0x22c4, 0x22e6, 0x95f4, 0x3c28,
0x33c7, 0x33e7, 0x33e7, 0x33e7, 0x33e7, 0x33e7, 0x33e7, 0x33e7, 0x33e7, 0x33e7, 0x33e7, 0x33e7, 0x33e7, 0x2b46, 0x33a7, 0x33e7,
0x33e7, 0x33e7, 0x2b66, 0x33e7, 0x33e7, 0x33e7, 0x33e7, 0x33e7, 0x33e7, 0x33e7, 0x33e7, 0x33e7, 0x33e7, 0x33c7, 0x9df5, 0xbefa,
0xb6b9, 0xbed9, 0xbed9, 0xbed9, 0xbed9, 0xbed9, 0xbed9, 0xbed9, 0xbed9, 0xbed9, 0xbed9, 0xbed9, 0xbed9, 0xbed9, 0xbed9, 0xbed9,
0xbed9, 0xbed9, 0xbed9, 0xbed9, 0xbed9, 0xbed9, 0xbed9, 0xbed9, 0xbed9, 0xbed9, 0xbed9, 0xbed9, 0xbed9, 0xbed9, 0xbed9, 0xbed9,
0xbed9, 0xbed9, 0xbed9, 0xbed9, 0x0000, 0x0000, 0x0000, 0x0000, 0x0000, 0x0000, 0x530c, 0x0000, 0x0000, 0x0000, 0x0000, 0x0000,
0x0000, 0x0000, 0x0000, 0x0000, 0x0000, 0x0000, 0x0000, 0x636e, 0x3a08, 0x0000, 0x0000, 0x0000, 0x0020, 0x94f4, 0x2124, 0x0000,
0x0020, 0x73cf, 0x4249, 0x0000, 0x0862, 0x8cb3, 0x0000, 0x0000, 0x0000, 0x9514, 0x0020, 0x0000, 0x0000, 0x73cf, 0x2965, 0x31a7,
0x73f0, 0x0000, 0x0000, 0x4aaa, 0xa5b7, 0x0000, 0x0000, 0x31a7, 0x6baf, 0x0000, 0x0020, 0x0020, 0x94f4, 0x2124, 0x0000, 0x0020,
0x73cf, 0x4249, 0x0000, 0x0000, 0x0000, 0x0000, 0x0000, 0x0000, 0x0000, 0x0000, 0x0000, 0x0000, 0x0000, 0x0000, 0x0000, 0x0000,
0x0000, 0x0000, 0x0000, 0x0000, 0x0000, 0x0000, 0x0000, 0x0000, 0x0000, 0x0000, 0x0000, 0x0000, 0x0000, 0x0000, 0x0000, 0x0000,
0x0000, 0x0000, 0x0000, 0x0000, 0x0000, 0x0000, 0x0000, 0x0000, 0x0000, 0x0000, 0x0000, 0x0000, 0x0000, 0x0000, 0x0000, 0x0000,
0x0000, 0x0000, 0x0000, 0x0000, 0x0000, 0x0000, 0x0000, 0x0000, 0x0000, 0x0000, 0x0000, 0x0000, 0x0000, 0x0000, 0x0000, 0x0000,
0x0000, 0x0000, 0x0000, 0x0000, 0x0000, 0x0000, 0x0000, 0x0000, 0x0000, 0x0000, 0x0000, 0x0000, 0x0000, 0x0000, 0x0000, 0x0000,
0x0000, 0x0000, 0x0000, 0x0000, 0x0000, 0x0000, 0x0000, 0x0000, 0x0000, 0x0000, 0x0000, 0x0000, 0x0000, 0x0000, 0x0000, 0x0000,
0x0000, 0x0000, 0x0000, 0x0000, 0x0000, 0x0000, 0x0000, 0x0000, 0x0000, 0x0000, 0x0000, 0x0000, 0x0000, 0x0000, 0x0000, 0x0000,
0x0000, 0x0000, 0x0000, 0x0000, 0x0000, 0x0000, 0x0000, 0x0000, 0xbed9, 0xbed9, 0xbed9, 0xbed9, 0xbed9, 0xbed9, 0xbed9, 0xbed9,
0xbed9, 0xbed9, 0xbed9, 0xbed9, 0xbed9, 0xbed9, 0xbed9, 0xbed9, 0xbed9, 0xbed9, 0xbed9, 0xbed9, 0xbed9, 0xbed9, 0xbed9, 0xbed9,
0xbed9, 0xbed9, 0xbed9, 0xbed9, 0xbed9, 0xbed9, 0xbed9, 0xbed9, 0xbed9, 0xbed9, 0xbed9, 0xbed9, 0xbed9, 0xbed9, 0xbed9, 0xbed9,
0xbed9, 0xbed9, 0xbed9, 0xbed9, 0xbed9, 0xbed9, 0xbed9, 0xbed9, 0xbed9, 0xbed9, 0xb6d9, 0xbed9, 0xbed9, 0x656d, 0x2bc7, 0x2ba8,
0x2bc8, 0x2ba8, 0x2ba8, 0x2ba8, 0x2ba8, 0x2ba8, 0x2ba8, 0x2ba8, 0x2b88, 0x3c08, 0x4cc9, 0x33a6, 0x22c4, 0x22e6, 0x5cac, 0x33c7,
0x33e7, 0x33e7, 0x33e7, 0x33e7, 0x33e7, 0x33e7, 0x33e7, 0x33e7, 0x33e7, 0x33e7, 0x33e7, 0x33e7, 0x3386, 0x33a7, 0x3407, 0x3407,
0x33e7, 0x2b66, 0x2b86, 0x2ba6, 0x33c7, 0x33e7, 0x33e7, 0x33e7, 0x33e7, 0x33e7, 0x33e7, 0x33e7, 0x2ba6, 0x8db3, 0xc71b, 0xb6b9,
0xbed9, 0xbed9, 0xbed9, 0xbed9, 0xbed9, 0xbed9, 0xbed9, 0xbed9, 0xbed9, 0xbed9, 0xbed9, 0xbed9, 0xbed9, 0xbed9, 0xbed9, 0xbed9,
0xbed9, 0xbed9, 0xbed9, 0xbed9, 0xbed9, 0xbed9, 0xbed9, 0xbed9, 0xbed9, 0xbed9, 0xbed9, 0xbed9, 0xbed9, 0xbed9, 0xbed9, 0xbed9,
0xbed9, 0xbed9, 0xbed9, 0xbed9, 0x0000, 0x0000, 0x0000, 0x0000, 0x0000, 0x0000, 0x530c, 0x0000, 0x0000, 0x0000, 0x0000, 0x0000,
0x0000, 0x0000, 0x0000, 0x0000, 0x0000, 0x0000, 0x0000, 0x6bcf, 0x4249, 0x0000, 0x0000, 0x0000, 0x0000, 0x18e3, 0x7c10, 0x8472,
0x8492, 0x4a8a, 0x0000, 0x0000, 0x10c3, 0x9514, 0x0000, 0x0000, 0x0000, 0x9d55, 0x0882, 0x0000, 0x0000, 0x7c10, 0x31a6, 0x0020,
0x636e, 0x7c31, 0x7c31, 0x52cb, 0x9d35, 0x0020, 0x0000, 0x1082, 0x8492, 0x8cb3, 0x3a08, 0x0000, 0x18e3, 0x7c10, 0x8472, 0x8492,
0x4a8a, 0x0000, 0x0000, 0x0000, 0x0000, 0x0000, 0x0000, 0x0000, 0x0000, 0x0000, 0x0000, 0x0000, 0x0000, 0x0000, 0x0000, 0x0000,
0x0000, 0x0000, 0x0000, 0x0000, 0x0000, 0x0000, 0x0000, 0x0000, 0x0000, 0x0000, 0x0000, 0x0000, 0x0000, 0x0000, 0x0000, 0x0000,
0x0000, 0x0000, 0x0000, 0x0000, 0x0000, 0x0000, 0x0000, 0x0000, 0x0000, 0x0000, 0x0000, 0x0000, 0x0000, 0x0000, 0x0000, 0x0000,
0x0000, 0x0000, 0x0000, 0x0000, 0x0000, 0x0000, 0x0000, 0x0000, 0x0000, 0x0000, 0x0000, 0x0000, 0x0000, 0x0000, 0x0000, 0x0000,
0x0000, 0x0000, 0x0000, 0x0000, 0x0000, 0x0000, 0x0000, 0x0000, 0x0000, 0x0000, 0x0000, 0x0000, 0x0000, 0x0000, 0x0000, 0x0000,
0x0000, 0x0000, 0x0000, 0x0000, 0x0000, 0x0000, 0x0000, 0x0000, 0x0000, 0x0000, 0x0000, 0x0000, 0x0000, 0x0000, 0x0000, 0x0000,
0x0000, 0x0000, 0x0000, 0x0000, 0x0000, 0x0000, 0x0000, 0x0000, 0x0000, 0x0000, 0x0000, 0x0000, 0x0000, 0x0000, 0x0000, 0x0000,
0x0000, 0x0000, 0x0000, 0x0000, 0x0000, 0x0000, 0x0000, 0x0000, 0xbed9, 0xbed9, 0xbed9, 0xbed9, 0xbed9, 0xbed9, 0xbed9, 0xbed9,
0xbed9, 0xbed9, 0xbed9, 0xbed9, 0xbed9, 0xbed9, 0xbed9, 0xbed9, 0xbed9, 0xbed9, 0xbed9, 0xbed9, 0xbed9, 0xbed9, 0xbed9, 0xbed9,
0xbed9, 0xbed9, 0xbed9, 0xbed9, 0xbed9, 0xbed9, 0xbed9, 0xbed9, 0xbed9, 0xbed9, 0xbed9, 0xbed9, 0xbed9, 0xbed9, 0xbed9, 0xbed9,
0xbed9, 0xbed9, 0xbed9, 0xbed9, 0xbed9, 0xbed9, 0xbed9, 0xbed9, 0xbed9, 0xb6d9, 0xbeb9, 0xbefa, 0x6daf, 0x2bc7, 0x2ba8, 0x2ba8,
0x2ba8, 0x2ba8, 0x2ba8, 0x2ba8, 0x2ba8, 0x2ba8, 0x2ba8, 0x2ba8, 0x2ba8, 0x2ba8, 0x3c28, 0x33a6, 0x22c5, 0x22c5, 0x3407, 0x33e7,
0x33e7, 0x33e7, 0x33e7, 0x33e7, 0x33e7, 0x33e7, 0x33e7, 0x33e7, 0x33e7, 0x33e7, 0x3407, 0x3387, 0x33a7, 0x33e7, 0x33a7, 0x2b86,
0x2325, 0x22a5, 0x2b46, 0x2b66, 0x33e7, 0x33e7, 0x33e7, 0x33e7, 0x33e7, 0x33e7, 0x3408, 0x2ba6, 0x750f, 0xbefa, 0xb6b9, 0xbed9,
0xbed9, 0xbed9, 0xbed9, 0xbed9, 0xbed9, 0xbed9, 0xbed9, 0xbed9, 0xbed9, 0xbed9, 0xbed9, 0xbed9, 0xbed9, 0xbed9, 0xbed9, 0xbed9,
0xbed9, 0xbed9, 0xbed9, 0xbed9, 0xbed9, 0xbed9, 0xbed9, 0xbed9, 0xbed9, 0xbed9, 0xbed9, 0xbed9, 0xbed9, 0xbed9, 0xbed9, 0xbed9,
0xbed9, 0xbed9, 0xbed9, 0xbed9, 0x0000, 0x0000, 0x0000, 0x0000, 0x0000, 0x0000, 0x530c, 0x0000, 0x0000, 0x0000, 0x0000, 0x0000,
0x0000, 0x0000, 0x0000, 0x0000, 0x0000, 0x0000, 0x0000, 0x0000, 0x0000, 0x0000, 0x0000, 0x0000, 0x0000, 0x0000, 0x0000, 0x0000,
0x0000, 0x0000, 0x0000, 0x0000, 0x0000, 0x0000, 0x0000, 0x0000, 0x0000, 0x0000, 0x0000, 0x0000, 0x0000, 0x0000, 0x0000, 0x0000,
0x0000, 0x0000, 0x0000, 0x0000, 0x0000, 0x0000, 0x0000, 0x0000, 0x0000, 0x0000, 0x0000, 0x0000, 0x0000, 0x0000, 0x0000, 0x0000,
0x0000, 0x0000, 0x0000, 0x0000, 0x0000, 0x0000, 0x0000, 0x0000, 0x0000, 0x0000, 0x0000, 0x0000, 0x0000, 0x0000, 0x0000, 0x0000,
0x0000, 0x0000, 0x0000, 0x0000, 0x0000, 0x0000, 0x0000, 0x0000, 0x0000, 0x0000, 0x0000, 0x0000, 0x0000, 0x0000, 0x0000, 0x0000,
0x0000, 0x0000, 0x0000, 0x0000, 0x0000, 0x0000, 0x0000, 0x0000, 0x0000, 0x0000, 0x0000, 0x0000, 0x0000, 0x0000, 0x0000, 0x0000,
0x0000, 0x0000, 0x0000, 0x0000, 0x0000, 0x0000, 0x0000, 0x0000, 0x0000, 0x0000, 0x0000, 0x0000, 0x0000, 0x0000, 0x0000, 0x0000,
0x0000, 0x0000, 0x0000, 0x0000, 0x0000, 0x0000, 0x0000, 0x0000, 0x0000, 0x0000, 0x0000, 0x0000, 0x0000, 0x0000, 0x0000, 0x0000,
0x0000, 0x0000, 0x0000, 0x0000, 0x0000, 0x0000, 0x0000, 0x0000, 0x0000, 0x0000, 0x0000, 0x0000, 0x0000, 0x0000, 0x0000, 0x0000,
0x0000, 0x0000, 0x0000, 0x0000, 0x0000, 0x0000, 0x0000, 0x0000, 0x0000, 0x0000, 0x0000, 0x0000, 0x0000, 0x0000, 0x0000, 0x0000,
0x0000, 0x0000, 0x0000, 0x0000, 0x0000, 0x0000, 0x0000, 0x0000, 0xbed9, 0xbed9, 0xbed9, 0xbed9, 0xbed9, 0xbed9, 0xbed9, 0xbed9,
0xbed9, 0xbed9, 0xbed9, 0xbed9, 0xbed9, 0xbed9, 0xbed9, 0xbed9, 0xbed9, 0xbed9, 0xbed9, 0xbed9, 0xbed9, 0xbed9, 0xbed9, 0xbed9,
0xbed9, 0xbed9, 0xbed9, 0xbed9, 0xbed9, 0xbed9, 0xbed9, 0xbed9, 0xbed9, 0xbed9, 0xbed9, 0xbed9, 0xbed9, 0xbed9, 0xbed9, 0xbed9,
0xbed9, 0xbed9, 0xbed9, 0xbed9, 0xbed9, 0xbed9, 0xbed9, 0xbed9, 0xbed9, 0xbed9, 0xbefa, 0x75f0, 0x2be7, 0x2ba8, 0x2ba8, 0x2ba8,
0x2ba8, 0x2ba8, 0x2ba8, 0x2ba8, 0x2ba8, 0x2ba8, 0x2ba8, 0x2ba8, 0x2ba8, 0x2ba8, 0x2ba8, 0x3386, 0x22e5, 0x2b46, 0x3c08, 0x33e7,
0x33e7, 0x33e7, 0x33e7, 0x33e7, 0x33e7, 0x33e7, 0x3407, 0x33e7, 0x33c7, 0x33a7, 0x2b46, 0x22a5, 0x2b46, 0x2b46, 0x2b46, 0x2b86,
0x33a7, 0x33a7, 0x2b66, 0x3386, 0x33c7, 0x33e7, 0x33e7, 0x33e7, 0x33e7, 0x3be8, 0x2ba6, 0x64ad, 0xbefa, 0xbed9, 0xbed9, 0xbed9,
0xbed9, 0xbed9, 0xbed9, 0xbed9, 0xbed9, 0xbed9, 0xbed9, 0xbed9, 0xbed9, 0xbed9, 0xbed9, 0xbed9, 0xbed9, 0xbed9, 0xbed9, 0xbed9,
0xbed9, 0xbed9, 0xbed9, 0xbed9, 0xbed9, 0xbed9, 0xbed9, 0xbed9, 0xbed9, 0xbed9, 0xbed9, 0xbed9, 0xbed9, 0xbed9, 0xbed9, 0xbed9,
0xbed9, 0xbed9, 0xbed9, 0xbed9, 0x0000, 0x0000, 0x0000, 0x0000, 0x0000, 0x0000, 0x530c, 0x0000, 0x0000, 0x0000, 0x0000, 0x0000,
0x0000, 0x0000, 0x0000, 0x0000, 0x0000, 0x0000, 0x0000, 0x0000, 0x0000, 0x0000, 0x0000, 0x0000, 0x0000, 0x0000, 0x0000, 0x0000,
0x0000, 0x0000, 0x0000, 0x0000, 0x0000, 0x0000, 0x0000, 0x0000, 0x0000, 0x0000, 0x0000, 0x0000, 0x0000, 0x0000, 0x0000, 0x0000,
0x0000, 0x0000, 0x0000, 0x0000, 0x0000, 0x0000, 0x0000, 0x0000, 0x0000, 0x0000, 0x0000, 0x0000, 0x0000, 0x0000, 0x0000, 0x0000,
0x0000, 0x0000, 0x0000, 0x0000, 0x0000, 0x0000, 0x0000, 0x0000, 0x0000, 0x0000, 0x0000, 0x0000, 0x0000, 0x0000, 0x0000, 0x0000,
0x0000, 0x0000, 0x0000, 0x0000, 0x0000, 0x0000, 0x0000, 0x0000, 0x0000, 0x0000, 0x0000, 0x0000, 0x0000, 0x0000, 0x0000, 0x0000,
0x0000, 0x0000, 0x0000, 0x0000, 0x0000, 0x0000, 0x0000, 0x0000, 0x0000, 0x0000, 0x0000, 0x0000, 0x0000, 0x0000, 0x0000, 0x0000,
0x0000, 0x0000, 0x0000, 0x0000, 0x0000, 0x0000, 0x0000, 0x0000, 0x0000, 0x0000, 0x0000, 0x0000, 0x0000, 0x0000, 0x0000, 0x0000,
0x0000, 0x0000, 0x0000, 0x0000, 0x0000, 0x0000, 0x0000, 0x0000, 0x0000, 0x0000, 0x0000, 0x0000, 0x0000, 0x0000, 0x0000, 0x0000,
0x0000, 0x0000, 0x0000, 0x0000, 0x0000, 0x0000, 0x0000, 0x0000, 0x0000, 0x0000, 0x0000, 0x0000, 0x0000, 0x0000, 0x0000, 0x0000,
0x0000, 0x0000, 0x0000, 0x0000, 0x0000, 0x0000, 0x0000, 0x0000, 0x0000, 0x0000, 0x0000, 0x0000, 0x0000, 0x0000, 0x0000, 0x0000,
0x0000, 0x0000, 0x0000, 0x0000, 0x0000, 0x0000, 0x0000, 0x0000, 0xbed9, 0xbed9, 0xbed9, 0xbed9, 0xbed9, 0xbed9, 0xbed9, 0xbed9,
0xbed9, 0xbed9, 0xbed9, 0xbed9, 0xbed9, 0xbed9, 0xbed9, 0xbed9, 0xbed9, 0xbed9, 0xbed9, 0xbed9, 0xbed9, 0xbed9, 0xbed9, 0xbed9,
0xbed9, 0xbed9, 0xbed9, 0xbed9, 0xbed9, 0xbed9, 0xbed9, 0xbed9, 0xbed9, 0xbed9, 0xbed9, 0xbed9, 0xbed9, 0xbed9, 0xbed9, 0xbed9,
0xbed9, 0xbed9, 0xbed9, 0xbed9, 0xbed9, 0xbed9, 0xbed9, 0xbed9, 0xbed9, 0xbed9, 0x75f0, 0x2be7, 0x2b88, 0x2ba8, 0x2ba8, 0x2ba8,
0x2ba8, 0x2ba8, 0x2ba8, 0x2ba8, 0x2ba8, 0x2ba8, 0x2ba8, 0x2ba8, 0x2ba8, 0x2ba8, 0x2ba8, 0x33c8, 0x4489, 0x3c49, 0x33e7, 0x33e7,
0x33e7, 0x3407, 0x3407, 0x33e7, 0x33a7, 0x2b86, 0x2b46, 0x2b46, 0x2325, 0x2325, 0x2b66, 0x2b46, 0x2b46, 0x33a7, 0x3407, 0x3408,
0x33e7, 0x33e7, 0x33e7, 0x33a7, 0x2b66, 0x2b66, 0x33a7, 0x33e7, 0x3be8, 0x2bc6, 0x4c4b, 0xbeb9, 0xbed9, 0xb6b9, 0xbed9, 0xbed9,
0xbed9, 0xbed9, 0xbed9, 0xbed9, 0xbed9, 0xbed9, 0xbed9, 0xbed9, 0xbed9, 0xbed9, 0xbed9, 0xbed9, 0xbed9, 0xbed9, 0xbed9, 0xbed9,
0xbed9, 0xbed9, 0xbed9, 0xbed9, 0xbed9, 0xbed9, 0xbed9, 0xbed9, 0xbed9, 0xbed9, 0xbed9, 0xbed9, 0xbed9, 0xbed9, 0xbed9, 0xbed9,
0xbed9, 0xbed9, 0xbed9, 0xbed9, 0x0000, 0x0000, 0x0000, 0x0000, 0x0000, 0x0000, 0x530c, 0x0000, 0x0000, 0x0000, 0x0000, 0x0000,
0x0000, 0x0000, 0x0000, 0x0000, 0x0000, 0x0000, 0x0000, 0x0000, 0x0000, 0x0000, 0x0000, 0x0000, 0x0000, 0x0000, 0x0000, 0x0000,
0x0000, 0x0000, 0x0000, 0x0000, 0x0000, 0x0000, 0x0000, 0x0000, 0x0000, 0x0000, 0x0000, 0x0000, 0x0000, 0x0000, 0x0000, 0x0000,
0x0000, 0x0000, 0x0000, 0x0000, 0x0000, 0x0000, 0x0000, 0x0000, 0x0000, 0x0000, 0x0000, 0x0000, 0x0000, 0x0000, 0x0000, 0x0000,
0x0000, 0x0000, 0x0000, 0x0000, 0x0000, 0x0000, 0x0000, 0x0000, 0x0000, 0x0000, 0x0000, 0x0000, 0x0000, 0x0000, 0x0000, 0x0000,
0x0000, 0x0000, 0x0000, 0x0000, 0x0000, 0x0000, 0x0000, 0x0000, 0x0000, 0x0000, 0x0000, 0x0000, 0x0000, 0x0000, 0x0000, 0x0000,
0x0000, 0x0000, 0x0000, 0x0000, 0x0000, 0x0000, 0x0000, 0x0000, 0x0000, 0x0000, 0x0000, 0x0000, 0x0000, 0x0000, 0x0000, 0x0000,
0x0000, 0x0000, 0x0000, 0x0000, 0x0000, 0x0000, 0x0000, 0x0000, 0x0000, 0x0000, 0x0000, 0x0000, 0x0000, 0x0000, 0x0000, 0x0000,
0x0000, 0x0000, 0x0000, 0x0000, 0x0000, 0x0000, 0x0000, 0x0000, 0x0000, 0x0000, 0x0000, 0x0000, 0x0000, 0x0000, 0x0000, 0x0000,
0x0000, 0x0000, 0x0000, 0x0000, 0x0000, 0x0000, 0x0000, 0x0000, 0x0000, 0x0000, 0x0000, 0x0000, 0x0000, 0x0000, 0x0000, 0x0000,
0x0000, 0x0000, 0x0000, 0x0000, 0x0000, 0x0000, 0x0000, 0x0000, 0x0000, 0x0000, 0x0000, 0x0000, 0x0000, 0x0000, 0x0000, 0x0000,
0x0000, 0x0000, 0x0000, 0x0000, 0x0000, 0x0000, 0x0000, 0x0000, 0xbed9, 0xbed9, 0xbed9, 0xbed9, 0xbed9, 0xbed9, 0xbed9, 0xbed9,
0xbed9, 0xbed9, 0xbed9, 0xbed9, 0xbed9, 0xbed9, 0xbed9, 0xbed9, 0xbed9, 0xbed9, 0xbed9, 0xbed9, 0xbed9, 0xbed9, 0xbed9, 0xbed9,
0xbed9, 0xbed9, 0xbed9, 0xbed9, 0xbed9, 0xbed9, 0xbed9, 0xbed9, 0xbed9, 0xbed9, 0xbed9, 0xbed9, 0xbed9, 0xbed9, 0xbed9, 0xbed9,
0xbed9, 0xbed9, 0xbed9, 0xbed9, 0xbed9, 0xbed9, 0xbed9, 0xb6b9, 0xbeda, 0x7df1, 0x3428, 0x2b88, 0x2ba8, 0x2ba8, 0x2ba8, 0x2ba8,
0x2ba8, 0x2ba8, 0x2ba8, 0x2ba8, 0x2ba8, 0x2ba8, 0x2ba8, 0x2ba8, 0x2ba8, 0x2ba8, 0x2ba8, 0x2b88, 0x3c49, 0x3c48, 0x33e7, 0x33c7,
0x2ba7, 0x2b46, 0x2325, 0x2305, 0x2325, 0x2b46, 0x2b86, 0x33c7, 0x33e7, 0x33e7, 0x3407, 0x3407, 0x33c7, 0x3386, 0x2b66, 0x33a7,
0x33e7, 0x33e7, 0x33e7, 0x33e7, 0x33e7, 0x33c7, 0x3386, 0x33e7, 0x2bc6, 0x4409, 0xae78, 0xbeda, 0xb6b9, 0xbed9, 0xbed9, 0xbed9,
0xbed9, 0xbed9, 0xbed9, 0xbed9, 0xbed9, 0xbed9, 0xbed9, 0xbed9, 0xbed9, 0xbed9, 0xbed9, 0xbed9, 0xbed9, 0xbed9, 0xbed9, 0xbed9,
0xbed9, 0xbed9, 0xbed9, 0xbed9, 0xbed9, 0xbed9, 0xbed9, 0xbed9, 0xbed9, 0xbed9, 0xbed9, 0xbed9, 0xbed9, 0xbed9, 0xbed9, 0xbed9,
0xbed9, 0xbed9, 0xbed9, 0xbed9, 0x0000, 0x0000, 0x0000, 0x0000, 0x0000, 0x0000, 0x530c, 0x0000, 0x0000, 0x0000, 0x0000, 0x0000,
0x0000, 0x0000, 0x0000, 0x0000, 0x0000, 0x0000, 0x0000, 0x0000, 0x0000, 0x0000, 0x0000, 0x0000, 0x0000, 0x0000, 0x0000, 0x0000,
0x0000, 0x0000, 0x0000, 0x0000, 0x0000, 0x0000, 0x0000, 0x0000, 0x0000, 0x0000, 0x0000, 0x0000, 0x0000, 0x0000, 0x0000, 0x0000,
0x0000, 0x0000, 0x0000, 0x0000, 0x0000, 0x0000, 0x0000, 0x0000, 0x0000, 0x0000, 0x0000, 0x0000, 0x0000, 0x0000, 0x0000, 0x0000,
0x0000, 0x0000, 0x0000, 0x0000, 0x0000, 0x0000, 0x0000, 0x0000, 0x0000, 0x0000, 0x0000, 0x0000, 0x0000, 0x0000, 0x0000, 0x0000,
0x0000, 0x0000, 0x0000, 0x0000, 0x0000, 0x0000, 0x0000, 0x0000, 0x0000, 0x0000, 0x0000, 0x0000, 0x0000, 0x0000, 0x0000, 0x0000,
0x0000, 0x0000, 0x0000, 0x0000, 0x0000, 0x0000, 0x0000, 0x0000, 0x0000, 0x0000, 0x0000, 0x0000, 0x0000, 0x0000, 0x0000, 0x0000,
0x0000, 0x0000, 0x0000, 0x0000, 0x0000, 0x0000, 0x0000, 0x0000, 0x0000, 0x0000, 0x0000, 0x0000, 0x0000, 0x0000, 0x0000, 0x0000,
0x0000, 0x0000, 0x0000, 0x0000, 0x0000, 0x0000, 0x0000, 0x0000, 0x0000, 0x0000, 0x0000, 0x0000, 0x0000, 0x0000, 0x0000, 0x0000,
0x0000, 0x0000, 0x0000, 0x0000, 0x0000, 0x0000, 0x0000, 0x0000, 0x0000, 0x0000, 0x0000, 0x0000, 0x0000, 0x0000, 0x0000, 0x0000,
0x0000, 0x0000, 0x0000, 0x0000, 0x0000, 0x0000, 0x0000, 0x0000, 0x0000, 0x0000, 0x0000, 0x0000, 0x0000, 0x0000, 0x0000, 0x0000,
0x0000, 0x0000, 0x0000, 0x0000, 0x0000, 0x0000, 0x0000, 0x0000, 0xbed9, 0xbed9, 0xbed9, 0xbed9, 0xbed9, 0xbed9, 0xbed9, 0xbed9,
0xbed9, 0xbed9, 0xbed9, 0xbed9, 0xbed9, 0xbed9, 0xbed9, 0xbed9, 0xbed9, 0xbed9, 0xbed9, 0xbed9, 0xbed9, 0xbed9, 0xbed9, 0xbed9,
0xbed9, 0xbed9, 0xbed9, 0xbed9, 0xbed9, 0xbed9, 0xbed9, 0xbed9, 0xbed9, 0xbed9, 0xbed9, 0xbed9, 0xbed9, 0xbed9, 0xbed9, 0xbed9,
0xbed9, 0xbed9, 0xbed9, 0xbed9, 0xbed9, 0xbed9, 0xb6b9, 0xbeda, 0x9654, 0x3448, 0x2ba8, 0x2ba8, 0x2ba8, 0x2ba8, 0x2ba8, 0x2ba8,
0x2ba8, 0x2ba8, 0x2ba8, 0x2ba8, 0x2ba8, 0x2ba8, 0x2ba8, 0x2ba8, 0x2ba8, 0x2ba8, 0x2ba8, 0x2ba8, 0x2ba7, 0x2b66, 0x2325, 0x2325,
0x2b26, 0x2b66, 0x33a7, 0x33e7, 0x33e7, 0x3407, 0x33e7, 0x33e7, 0x33e7, 0x33e7, 0x33e7, 0x33e7, 0x33e7, 0x33e7, 0x33e7, 0x33a7,
0x3387, 0x33c7, 0x33e7, 0x33e7, 0x33e7, 0x33e7, 0x3c08, 0x2ba6, 0x4c2a, 0xae78, 0xbefa, 0xb6b9, 0xbed9, 0xbed9, 0xbed9, 0xbed9,
0xbed9, 0xbed9, 0xbed9, 0xbed9, 0xbed9, 0xbed9, 0xbed9, 0xbed9, 0xbed9, 0xbed9, 0xbed9, 0xbed9, 0xbed9, 0xbed9, 0xbed9, 0xbed9,
0xbed9, 0xbed9, 0xbed9, 0xbed9, 0xbed9, 0xbed9, 0xbed9, 0xbed9, 0xbed9, 0xbed9, 0xbed9, 0xbed9, 0xbed9, 0xbed9, 0xbed9, 0xbed9,
0xbed9, 0xbed9, 0xbed9, 0xbed9, 0x0000, 0x0000, 0x0000, 0x0000, 0x0000, 0x0000, 0x530c, 0x0000, 0x0000, 0x0000, 0x0000, 0x0000,
0x0000, 0x0000, 0x0000, 0x0000, 0x0000, 0x0000, 0x0000, 0x0000, 0x0000, 0x0000, 0x0000, 0x0000, 0x0000, 0x0000, 0x0000, 0x0000,
0x0000, 0x0000, 0x0000, 0x0000, 0x0000, 0x0000, 0x0000, 0x0000, 0x0000, 0x0000, 0x0000, 0x0000, 0x0000, 0x0000, 0x0000, 0x0000,
0x0000, 0x0000, 0x0000, 0x0000, 0x0000, 0x0000, 0x0000, 0x0000, 0x0000, 0x0000, 0x0000, 0x0000, 0x0000, 0x0000, 0x0000, 0x0000,
0x0000, 0x0000, 0x0000, 0x0000, 0x0000, 0x0000, 0x0000, 0x0000, 0x0000, 0x0000, 0x0000, 0x0000, 0x0000, 0x0000, 0x0000, 0x0000,
0x0000, 0x0000, 0x0000, 0x0000, 0x0000, 0x0000, 0x0000, 0x0000, 0x0000, 0x0000, 0x0000, 0x0000, 0x0000, 0x0000, 0x0000, 0x0000,
0x0000, 0x0000, 0x0000, 0x0000, 0x0000, 0x0000, 0x0000, 0x0000, 0x0000, 0x0000, 0x0000, 0x0000, 0x0000, 0x0000, 0x0000, 0x0000,
0x0000, 0x0000, 0x0000, 0x0000, 0x0000, 0x0000, 0x0000, 0x0000, 0x0000, 0x0000, 0x0000, 0x0000, 0x0000, 0x0000, 0x0000, 0x0000,
0x0000, 0x0000, 0x0000, 0x0000, 0x0000, 0x0000, 0x0000, 0x0000, 0x0000, 0x0000, 0x0000, 0x0000, 0x0000, 0x0000, 0x0000, 0x0000,
0x0000, 0x0000, 0x0000, 0x0000, 0x0000, 0x0000, 0x0000, 0x0000, 0x0000, 0x0000, 0x0000, 0x0000, 0x0000, 0x0000, 0x0000, 0x0000,
0x0000, 0x0000, 0x0000, 0x0000, 0x0000, 0x0000, 0x0000, 0x0000, 0x0000, 0x0000, 0x0000, 0x0000, 0x0000, 0x0000, 0x0000, 0x0000,
0x0000, 0x0000, 0x0000, 0x0000, 0x0000, 0x0000, 0x0000, 0x0000, 0xbed9, 0xbed9, 0xbed9, 0xbed9, 0xbed9, 0xbed9, 0xbed9, 0xbed9,
0xbed9, 0xbed9, 0xbed9, 0xbed9, 0xbed9, 0xbed9, 0xbed9, 0xbed9, 0xbed9, 0xbed9, 0xbed9, 0xbed9, 0xbed9, 0xbed9, 0xbed9, 0xbed9,
0xbed9, 0xbed9, 0xbed9, 0xbed9, 0xbed9, 0xbed9, 0xbed9, 0xbed9, 0xbed9, 0xbed9, 0xbed9, 0xbed9, 0xbed9, 0xbed9, 0xbed9, 0xbed9,
0xbed9, 0xbed9, 0xbed9, 0xbed9, 0xbed9, 0xb6b9, 0xbeda, 0x9e76, 0x44c9, 0x2b87, 0x2ba8, 0x2ba8, 0x2ba8, 0x2ba8, 0x2ba8, 0x2ba8,
0x2ba8, 0x2ba8, 0x2ba8, 0x2ba8, 0x2ba8, 0x2ba8, 0x2ba8, 0x2ba8, 0x2ba8, 0x2ba8, 0x2ba8, 0x2ba8, 0x2b67, 0x2b26, 0x33c7, 0x33e7,
0x3407, 0x3407, 0x33e7, 0x33e7, 0x33e7, 0x33e7, 0x33e7, 0x33e7, 0x33e7, 0x33e7, 0x33e7, 0x33e7, 0x33e7, 0x33e7, 0x33e7, 0x33e7,
0x33e7, 0x33e7, 0x33e7, 0x33e7, 0x33e7, 0x33e7, 0x2ba6, 0x546b, 0xb6b9, 0xbefa, 0xb6b9, 0xbed9, 0xbed9, 0xbed9, 0xbed9, 0xbed9,
0xbed9, 0xbed9, 0xbed9, 0xbed9, 0xbed9, 0xbed9, 0xbed9, 0xbed9, 0xbed9, 0xbed9, 0xbed9, 0xbed9, 0xbed9, 0xbed9, 0xbed9, 0xbed9,
0xbed9, 0xbed9, 0xbed9, 0xbed9, 0xbed9, 0xbed9, 0xbed9, 0xbed9, 0xbed9, 0xbed9, 0xbed9, 0xbed9, 0xbed9, 0xbed9, 0xbed9, 0xbed9,
0xbed9, 0xbed9, 0xbed9, 0xbed9, 0x0000, 0x0000, 0x0000, 0x0000, 0x0000, 0x0000, 0x530c, 0x0000, 0x0000, 0x0000, 0x0000, 0x0000,
0x0000, 0x0000, 0x0000, 0x0000, 0x0000, 0x0000, 0x0000, 0x0000, 0x0000, 0x0000, 0x0000, 0x0000, 0x0000, 0x0000, 0x0000, 0x0000,
0x0000, 0x0000, 0x0000, 0x0000, 0x0000, 0x0000, 0x0000, 0x0000, 0x0000, 0x0000, 0x0000, 0x0000, 0x0000, 0x0000, 0x0000, 0x0000,
0x0000, 0x0000, 0x0000, 0x0000, 0x0000, 0x0000, 0x0000, 0x0000, 0x0000, 0x0000, 0x0000, 0x0000, 0x0000, 0x0000, 0x0000, 0x0000,
0x0000, 0x0000, 0x0000, 0x0000, 0x0000, 0x0000, 0x0000, 0x0000, 0x0000, 0x0000, 0x0000, 0x0000, 0x0000, 0x0000, 0x0000, 0x0000,
0x0000, 0x0000, 0x0000, 0x0000, 0x0000, 0x0000, 0x0000, 0x0000, 0x0000, 0x0000, 0x0000, 0x0000, 0x0000, 0x0000, 0x0000, 0x0000,
0x0000, 0x0000, 0x0000, 0x0000, 0x0000, 0x0000, 0x0000, 0x0000, 0x0000, 0x0000, 0x0000, 0x0000, 0x0000, 0x0000, 0x0000, 0x0000,
0x0000, 0x0000, 0x0000, 0x0000, 0x0000, 0x0000, 0x0000, 0x0000, 0x0000, 0x0000, 0x0000, 0x0000, 0x0000, 0x0000, 0x0000, 0x0000,
0x0000, 0x0000, 0x0000, 0x0000, 0x0000, 0x0000, 0x0000, 0x0000, 0x0000, 0x0000, 0x0000, 0x0000, 0x0000, 0x0000, 0x0000, 0x0000,
0x0000, 0x0000, 0x0000, 0x0000, 0x0000, 0x0000, 0x0000, 0x0000, 0x0000, 0x0000, 0x0000, 0x0000, 0x0000, 0x0000, 0x0000, 0x0000,
0x0000, 0x0000, 0x0000, 0x0000, 0x0000, 0x0000, 0x0000, 0x0000, 0x0000, 0x0000, 0x0000, 0x0000, 0x0000, 0x0000, 0x0000, 0x0000,
0x0000, 0x0000, 0x0000, 0x0000, 0x0000, 0x0000, 0x0000, 0x0000, 0xbed9, 0xbed9, 0xbed9, 0xbed9, 0xbed9, 0xbed9, 0xbed9, 0xbed9,
0xbed9, 0xbed9, 0xbed9, 0xbed9, 0xbed9, 0xbed9, 0xbed9, 0xbed9, 0xbed9, 0xbed9, 0xbed9, 0xbed9, 0xbed9, 0xbed9, 0xbed9, 0xbed9,
0xbed9, 0xbed9, 0xbed9, 0xbed9, 0xbed9, 0xbed9, 0xbed9, 0xbed9, 0xbed9, 0xbed9, 0xbed9, 0xbed9, 0xbed9, 0xbed9, 0xbed9, 0xbed9,
0xbed9, 0xbed9, 0xbed9, 0xbed9, 0xb6d9, 0xbed9, 0xb6d9, 0x550b, 0x2ba7, 0x2ba8, 0x2ba8, 0x2ba8, 0x2ba8, 0x2ba8, 0x2ba8, 0x2ba8,
0x2ba8, 0x2ba8, 0x2ba8, 0x2ba8, 0x2ba8, 0x2ba8, 0x2ba8, 0x2ba8, 0x2ba8, 0x2ba8, 0x2ba8, 0x2ba8, 0x2b87, 0x22e5, 0x2b86, 0x33c7,
0x33e7, 0x33e7, 0x33e7, 0x33e7, 0x33e7, 0x33e7, 0x33e7, 0x33e7, 0x33e7, 0x33e7, 0x33e7, 0x33e7, 0x33e7, 0x33e7, 0x33e7, 0x33e7,
0x33e7, 0x33e7, 0x33e7, 0x33e7, 0x33e7, 0x2ba6, 0x64ee, 0xbeda, 0xbeda, 0xb6b9, 0xbed9, 0xbed9, 0xbed9, 0xbed9, 0xbed9, 0xbed9,
0xbed9, 0xbed9, 0xbed9, 0xbed9, 0xbed9, 0xbed9, 0xbed9, 0xbed9, 0xbed9, 0xbed9, 0xbed9, 0xbed9, 0xbed9, 0xbed9, 0xbed9, 0xbed9,
0xbed9, 0xbed9, 0xbed9, 0xbed9, 0xbed9, 0xbed9, 0xbed9, 0xbed9, 0xbed9, 0xbed9, 0xbed9, 0xbed9, 0xbed9, 0xbed9, 0xbed9, 0xbed9,
0xbed9, 0xbed9, 0xbed9, 0xbed9, 0x0000, 0x0000, 0x0000, 0x0000, 0x0000, 0x0000, 0x530c, 0x0000, 0x0000, 0x0000, 0x0000, 0x0000,
0x0000, 0x0000, 0x0000, 0x0000, 0x0000, 0x0000, 0x0000, 0x0000, 0x0000, 0x0000, 0x0000, 0x0000, 0x0000, 0x0000, 0x0000, 0x0000,
0x0000, 0x0000, 0x0000, 0x0000, 0x0000, 0x0000, 0x0000, 0x0000, 0x0000, 0x0000, 0x0000, 0x0000, 0x0000, 0x0000, 0x0000, 0x0000,
0x0000, 0x0000, 0x0000, 0x0000, 0x0000, 0x0000, 0x0000, 0x0000, 0x0000, 0x0000, 0x0000, 0x0000, 0x0000, 0x0000, 0x0000, 0x0000,
0x0000, 0x0000, 0x0000, 0x0000, 0x0000, 0x0000, 0x0000, 0x0000, 0x0000, 0x0000, 0x0000, 0x0000, 0x0000, 0x0000, 0x0000, 0x0000,
0x0000, 0x0000, 0x0000, 0x0000, 0x0000, 0x0000, 0x0000, 0x0000, 0x0000, 0x0000, 0x0000, 0x0000, 0x0000, 0x0000, 0x0000, 0x0000,
0x0000, 0x0000, 0x0000, 0x0000, 0x0000, 0x0000, 0x0000, 0x0000, 0x0000, 0x0000, 0x0000, 0x0000, 0x0000, 0x0000, 0x0000, 0x0000,
0x0000, 0x0000, 0x0000, 0x0000, 0x0000, 0x0000, 0x0000, 0x0000, 0x0000, 0x0000, 0x0000, 0x0000, 0x0000, 0x0000, 0x0000, 0x0000,
0x0000, 0x0000, 0x0000, 0x0000, 0x0000, 0x0000, 0x0000, 0x0000, 0x0000, 0x0000, 0x0000, 0x0000, 0x0000, 0x0000, 0x0000, 0x0000,
0x0000, 0x0000, 0x0000, 0x0000, 0x0000, 0x0000, 0x0000, 0x0000, 0x0000, 0x0000, 0x0000, 0x0000, 0x0000, 0x0000, 0x0000, 0x0000,
0x0000, 0x0000, 0x0000, 0x0000, 0x0000, 0x0000, 0x0000, 0x0000, 0x0000, 0x0000, 0x0000, 0x0000, 0x0000, 0x0000, 0x0000, 0x0000,
0x0000, 0x0000, 0x0000, 0x0000, 0x0000, 0x0000, 0x0000, 0x0000, 0xbed9, 0xbed9, 0xbed9, 0xbed9, 0xbed9, 0xbed9, 0xbed9, 0xbed9,
0xbed9, 0xbed9, 0xbed9, 0xbed9, 0xbed9, 0xbed9, 0xbed9, 0xbed9, 0xbed9, 0xbed9, 0xbed9, 0xbed9, 0xbed9, 0xbed9, 0xbed9, 0xbed9,
0xbed9, 0xbed9, 0xbed9, 0xbed9, 0xbed9, 0xbed9, 0xbed9, 0xbed9, 0xbed9, 0xbed9, 0xbed9, 0xbed9, 0xbed9, 0xbed9, 0xbed9, 0xbed9,
0xbed9, 0xbed9, 0xbed9, 0xbed9, 0xbed9, 0xbeda, 0x6daf, 0x2bc7, 0x2ba8, 0x2ba8, 0x2ba8, 0x2ba8, 0x2ba8, 0x2ba8, 0x2ba8, 0x2ba8,
0x2ba8, 0x2ba8, 0x2ba8, 0x2ba8, 0x2ba8, 0x2ba8, 0x2ba8, 0x2ba8, 0x2ba8, 0x2ba8, 0x2ba8, 0x2ba8, 0x2b87, 0x1aa4, 0x3b89, 0x4c6a,
0x2ba6, 0x3be8, 0x33e7, 0x33e7, 0x33e7, 0x33e7, 0x33e7, 0x33e7, 0x33e7, 0x33e7, 0x33e7, 0x33e7, 0x33e7, 0x33e7, 0x33e7, 0x33e7,
0x33e7, 0x33e7, 0x33e7, 0x33e7, 0x2b86, 0x6ccf, 0xbefa, 0xbed9, 0xb6b9, 0xbed9, 0xbed9, 0xbed9, 0xbed9, 0xbed9, 0xbed9, 0xbed9,
0xbed9, 0xbed9, 0xbed9, 0xbed9, 0xbed9, 0xbed9, 0xbed9, 0xbed9, 0xbed9, 0xbed9, 0xbed9, 0xbed9, 0xbed9, 0xbed9, 0xbed9, 0xbed9,
0xbed9, 0xbed9, 0xbed9, 0xbed9, 0xbed9, 0xbed9, 0xbed9, 0xbed9, 0xbed9, 0xbed9, 0xbed9, 0xbed9, 0xbed9, 0xbed9, 0xbed9, 0xbed9,
0xbed9, 0xbed9, 0xbed9, 0xbed9, 0x0000, 0x0000, 0x0000, 0x0000, 0x0000, 0x0000, 0x530c, 0x0000, 0x0000, 0x0000, 0x0000, 0x0000,
0x0000, 0x0000, 0x0000, 0x0000, 0x0000, 0x0000, 0x0000, 0x0000, 0x0000, 0x0000, 0x0000, 0x0000, 0x0000, 0x0000, 0x0000, 0x0000,
0x0000, 0x0000, 0x0000, 0x0000, 0x0000, 0x0000, 0x0000, 0x0000, 0x0000, 0x0000, 0x0000, 0x0000, 0x0000, 0x0000, 0x0000, 0x0000,
0x0000, 0x0000, 0x0000, 0x0000, 0x0000, 0x0000, 0x0000, 0x0000, 0x0000, 0x0000, 0x0000, 0x0000, 0x0000, 0x0000, 0x0000, 0x0000,
0x0000, 0x0000, 0x0000, 0x0000, 0x0000, 0x0000, 0x0000, 0x0000, 0x0000, 0x0000, 0x0000, 0x0000, 0x0000, 0x0000, 0x0000, 0x0000,
0x0000, 0x0000, 0x0000, 0x0000, 0x0000, 0x0000, 0x0000, 0x0000, 0x0000, 0x0000, 0x0000, 0x0000, 0x0000, 0x0000, 0x0000, 0x0000,
0x0000, 0x0000, 0x0000, 0x0000, 0x0000, 0x0000, 0x0000, 0x0000, 0x0000, 0x0000, 0x0000, 0x0000, 0x0000, 0x0000, 0x0000, 0x0000,
0x0000, 0x0000, 0x0000, 0x0000, 0x0000, 0x0000, 0x0000, 0x0000, 0x0000, 0x0000, 0x0000, 0x0000, 0x0000, 0x0000, 0x0000, 0x0000,
0x0000, 0x0000, 0x0000, 0x0000, 0x0000, 0x0000, 0x0000, 0x0000, 0x0000, 0x0000, 0x0000, 0x0000, 0x0000, 0x0000, 0x0000, 0x0000,
0x0000, 0x0000, 0x0000, 0x0000, 0x0000, 0x0000, 0x0000, 0x0000, 0x0000, 0x0000, 0x0000, 0x0000, 0x0000, 0x0000, 0x0000, 0x0000,
0x0000, 0x0000, 0x0000, 0x0000, 0x0000, 0x0000, 0x0000, 0x0000, 0x0000, 0x0000, 0x0000, 0x0000, 0x0000, 0x0000, 0x0000, 0x0000,
0x0000, 0x0000, 0x0000, 0x0000, 0x0000, 0x0000, 0x0000, 0x0000, 0xbed9, 0xbed9, 0xbed9, 0xbed9, 0xbed9, 0xbed9, 0xbed9, 0xbed9,
0xbed9, 0xbed9, 0xbed9, 0xbed9, 0xbed9, 0xbed9, 0xbed9, 0xbed9, 0xbed9, 0xbed9, 0xbed9, 0xbed9, 0xbed9, 0xbed9, 0xbed9, 0xbed9,
0xbed9, 0xbed9, 0xbed9, 0xbed9, 0xbed9, 0xbed9, 0xbed9, 0xbed9, 0xbed9, 0xbed9, 0xbed9, 0xbed9, 0xbed9, 0xbed9, 0xbed9, 0xbed9,
0xbed9, 0xbed9, 0xbed9, 0xb6d9, 0xbeda, 0x8e33, 0x3428, 0x2ba8, 0x2ba8, 0x2ba8, 0x2ba8, 0x2ba8, 0x2ba8, 0x2ba8, 0x2ba8, 0x2ba8,
0x2ba8, 0x2ba8, 0x2ba8, 0x2ba8, 0x2ba8, 0x2ba8, 0x2ba8, 0x2ba8, 0x2ba8, 0x2ba8, 0x2ba8, 0x2ba8, 0x3386, 0x1a83, 0x43ca, 0xb6b9,
0x4429, 0x2ba6, 0x3be8, 0x33e7, 0x33e7, 0x33e7, 0x33e7, 0x33e7, 0x33e7, 0x33e7, 0x33e7, 0x33e7, 0x33e7, 0x33e7, 0x33e7, 0x33e7,
0x33e7, 0x33e7, 0x2bc6, 0x33c7, 0x8db3, 0xbefa, 0xbed9, 0xb6b9, 0xbed9, 0xbed9, 0xbed9, 0xbed9, 0xbed9, 0xbed9, 0xbed9, 0xbed9,
0xbed9, 0xbed9, 0xbed9, 0xbed9, 0xbed9, 0xbed9, 0xbed9, 0xbed9, 0xbed9, 0xbed9, 0xbed9, 0xbed9, 0xbed9, 0xbed9, 0xbed9, 0xbed9,
0xbed9, 0xbed9, 0xbed9, 0xbed9, 0xbed9, 0xbed9, 0xbed9, 0xbed9, 0xbed9, 0xbed9, 0xbed9, 0xbed9, 0xbed9, 0xbed9, 0xbed9, 0xbed9,
0xbed9, 0xbed9, 0xbed9, 0xbed9, 0x0000, 0x0000, 0x0000, 0x0000, 0x0000, 0x0000, 0x530c, 0x0000, 0x0000, 0x0000, 0x0000, 0x0000,
0x0000, 0x0000, 0x0000, 0x0000, 0x0000, 0x0000, 0x0000, 0x0000, 0x0000, 0x0000, 0x0000, 0x0000, 0x0000, 0x0000, 0x0000, 0x0000,
0x0000, 0x0000, 0x0000, 0x0000, 0x0000, 0x0000, 0x0000, 0x0000, 0x0000, 0x0000, 0x0000, 0x0000, 0x0000, 0x0000, 0x0000, 0x0000,
0x0000, 0x0000, 0x0000, 0x0000, 0x0000, 0x0000, 0x0000, 0x0000, 0x0000, 0x0000, 0x0000, 0x0000, 0x0000, 0x0000, 0x0000, 0x0000,
0x0000, 0x0000, 0x0000, 0x0000, 0x0000, 0x0000, 0x0000, 0x0000, 0x0000, 0x0000, 0x0000, 0x0000, 0x0000, 0x0000, 0x0000, 0x0000,
0x0000, 0x0000, 0x0000, 0x0000, 0x0000, 0x0000, 0x0000, 0x0000, 0x0000, 0x0000, 0x0000, 0x0000, 0x0000, 0x0000, 0x0000, 0x0000,
0x0000, 0x0000, 0x0000, 0x0000, 0x0000, 0x0000, 0x0000, 0x0000, 0x0000, 0x0000, 0x0000, 0x0000, 0x0000, 0x0000, 0x0000, 0x0000,
0x0000, 0x0000, 0x0000, 0x0000, 0x0000, 0x0000, 0x0000, 0x0000, 0x0000, 0x0000, 0x0000, 0x0000, 0x0000, 0x0000, 0x0000, 0x0000,
0x0000, 0x0000, 0x0000, 0x0000, 0x0000, 0x0000, 0x0000, 0x0000, 0x0000, 0x0000, 0x0000, 0x0000, 0x0000, 0x0000, 0x0000, 0x0000,
0x0000, 0x0000, 0x0000, 0x0000, 0x0000, 0x0000, 0x0000, 0x0000, 0x0000, 0x0000, 0x0000, 0x0000, 0x0000, 0x0000, 0x0000, 0x0000,
0x0000, 0x0000, 0x0000, 0x0000, 0x0000, 0x0000, 0x0000, 0x0000, 0x0000, 0x0000, 0x0000, 0x0000, 0x0000, 0x0000, 0x0000, 0x0000,
0x0000, 0x0000, 0x0000, 0x0000, 0x0000, 0x0000, 0x0000, 0x0000, 0xbed9, 0xbed9, 0xbed9, 0xbed9, 0xbed9, 0xbed9, 0xbed9, 0xbed9,
0xbed9, 0xbed9, 0xbed9, 0xbed9, 0xbed9, 0xbed9, 0xbed9, 0xbed9, 0xbed9, 0xbed9, 0xbed9, 0xbed9, 0xbed9, 0xbed9, 0xbed9, 0xbed9,
0xbed9, 0xbed9, 0xbed9, 0xbed9, 0xbed9, 0xbed9, 0xbed9, 0xbed9, 0xbed9, 0xbed9, 0xbed9, 0xbed9, 0xbed9, 0xbed9, 0xbed9, 0xbed9,
0xbed9, 0xbed9, 0xb6d9, 0xbeda, 0xaeb7, 0x4cea, 0x2b87, 0x2ba8, 0x2ba8, 0x2ba8, 0x2ba8, 0x2ba8, 0x2ba8, 0x2ba8, 0x2ba8, 0x2ba8,
0x2ba8, 0x2ba8, 0x2ba8, 0x2ba8, 0x2ba8, 0x2ba8, 0x2ba8, 0x2ba8, 0x2ba8, 0x2ba8, 0x2ba8, 0x2ba8, 0x3366, 0x1a84, 0x3ba9, 0xc71b,
0xae98, 0x5cac, 0x2ba6, 0x33e7, 0x33e7, 0x33e7, 0x33e7, 0x33e7, 0x33e7, 0x33e7, 0x33e7, 0x33e7, 0x33e7, 0x33e7, 0x33e7, 0x33e7,
0x3be8, 0x2bc6, 0x4429, 0x95f5, 0xc71b, 0xb6b9, 0xbed9, 0xbed9, 0xbed9, 0xbed9, 0xbed9, 0xbed9, 0xbed9, 0xbed9, 0xbed9, 0xbed9,
0xbed9, 0xbed9, 0xbed9, 0xbed9, 0xbed9, 0xbed9, 0xbed9, 0xbed9, 0xbed9, 0xbed9, 0xbed9, 0xbed9, 0xbed9, 0xbed9, 0xbed9, 0xbed9,
0xbed9, 0xbed9, 0xbed9, 0xbed9, 0xbed9, 0xbed9, 0xbed9, 0xbed9, 0xbed9, 0xbed9, 0xbed9, 0xbed9, 0xbed9, 0xbed9, 0xbed9, 0xbed9,
0xbed9, 0xbed9, 0xbed9, 0xbed9, 0x0000, 0x0000, 0x0000, 0x0000, 0x0000, 0x0000, 0x530c, 0x0000, 0x0000, 0x0000, 0x0000, 0x0000,
0x0000, 0x0000, 0x0000, 0x0000, 0x0000, 0x0000, 0x0000, 0x0000, 0x0000, 0x0000, 0x0000, 0x0000, 0x0000, 0x0000, 0x0000, 0x0000,
0x0000, 0x0000, 0x0000, 0x0000, 0x0000, 0x0000, 0x0000, 0x0000, 0x0000, 0x0000, 0x0000, 0x0000, 0x0000, 0x0000, 0x0000, 0x0000,
0x0000, 0x0000, 0x0000, 0x0000, 0x0000, 0x0000, 0x0000, 0x0000, 0x0000, 0x0000, 0x0000, 0x0000, 0x0000, 0x0000, 0x0000, 0x0000,
0x0000, 0x0000, 0x0000, 0x0000, 0x0000, 0x0000, 0x0000, 0x0000, 0x0000, 0x0000, 0x0000, 0x0000, 0x0000, 0x0000, 0x0000, 0x0000,
0x0000, 0x0000, 0x0000, 0x0000, 0x0000, 0x0000, 0x0000, 0x0000, 0x0000, 0x0000, 0x0000, 0x0000, 0x0000, 0x0000, 0x0000, 0x0000,
0x0000, 0x0000, 0x0000, 0x0000, 0x0000, 0x0000, 0x0000, 0x0000, 0x0000, 0x0000, 0x0000, 0x0000, 0x0000, 0x0000, 0x0000, 0x0000,
0x0000, 0x0000, 0x0000, 0x0000, 0x0000, 0x0000, 0x0000, 0x0000, 0x0000, 0x0000, 0x0000, 0x0000, 0x0000, 0x0000, 0x0000, 0x0000,
0x0000, 0x0000, 0x0000, 0x0000, 0x0000, 0x0000, 0x0000, 0x0000, 0x0000, 0x0000, 0x0000, 0x0000, 0x0000, 0x0000, 0x0000, 0x0000,
0x0000, 0x0000, 0x0000, 0x0000, 0x0000, 0x0000, 0x0000, 0x0000, 0x0000, 0x0000, 0x0000, 0x0000, 0x0000, 0x0000, 0x0000, 0x0000,
0x0000, 0x0000, 0x0000, 0x0000, 0x0000, 0x0000, 0x0000, 0x0000, 0x0000, 0x0000, 0x0000, 0x0000, 0x0000, 0x0000, 0x0000, 0x0000,
0x0000, 0x0000, 0x0000, 0x0000, 0x0000, 0x0000, 0x0000, 0x0000, 0xbed9, 0xbed9, 0xbed9, 0xbed9, 0xbed9, 0xbed9, 0xbed9, 0xbed9,
0xbed9, 0xbed9, 0xbed9, 0xbed9, 0xbed9, 0xbed9, 0xbed9, 0xbed9, 0xbed9, 0xbed9, 0xbed9, 0xbed9, 0xbed9, 0xbed9, 0xbed9, 0xbed9,
0xbed9, 0xbed9, 0xbed9, 0xbed9, 0xbed9, 0xbed9, 0xbed9, 0xbed9, 0xbed9, 0xbed9, 0xbed9, 0xbed9, 0xbed9, 0xbed9, 0xbed9, 0xbed9,
0xbed9, 0xbed9, 0xb6d9, 0xbed9, 0x6dae, 0x2bc7, 0x2ba8, 0x2ba8, 0x2ba8, 0x2ba8, 0x2ba8, 0x2ba8, 0x2ba8, 0x2ba8, 0x2ba8, 0x2ba8,
0x2ba8, 0x2ba8, 0x2ba8, 0x2ba8, 0x2ba8, 0x2ba8, 0x2ba8, 0x2ba8, 0x2ba8, 0x2ba8, 0x2ba8, 0x33c7, 0x3366, 0x1a84, 0x3b69, 0xb6b9,
0xbeda, 0xbeda, 0x750f, 0x33c7, 0x33c6, 0x3be8, 0x33e7, 0x33e7, 0x33e7, 0x33e7, 0x33e7, 0x33e7, 0x33e7, 0x33e7, 0x33e7, 0x33e7,
0x2385, 0x544b, 0xb6b9, 0xbefa, 0xb6b9, 0xbed9, 0xbed9, 0xbed9, 0xbed9, 0xbed9, 0xbed9, 0xbed9, 0xbed9, 0xbed9, 0xbed9, 0xbed9,
0xbed9, 0xbed9, 0xbed9, 0xbed9, 0xbed9, 0xbed9, 0xbed9, 0xbed9, 0xbed9, 0xbed9, 0xbed9, 0xbed9, 0xbed9, 0xbed9, 0xbed9, 0xbed9,
0xbed9, 0xbed9, 0xbed9, 0xbed9, 0xbed9, 0xbed9, 0xbed9, 0xbed9, 0xbed9, 0xbed9, 0xbed9, 0xbed9, 0xbed9, 0xbed9, 0xbed9, 0xbed9,
0xbed9, 0xbed9, 0xbed9, 0xbed9, 0x0000, 0x0000, 0x0000, 0x0000, 0x0000, 0x0000, 0x530c, 0x0000, 0x0000, 0x0000, 0x0000, 0x0000,
0x0000, 0x0000, 0x0000, 0x0000, 0x0000, 0x0000, 0x0000, 0x0000, 0x0000, 0x0000, 0x0000, 0x0000, 0x0000, 0x0000, 0x0000, 0x0000,
0x0000, 0x0000, 0x0000, 0x0000, 0x0000, 0x0000, 0x0000, 0x0000, 0x0000, 0x0000, 0x0000, 0x0000, 0x0000, 0x0000, 0x0000, 0x0000,
0x0000, 0x0000, 0x0000, 0x0000, 0x0000, 0x0000, 0x0000, 0x0000, 0x0000, 0x0000, 0x0000, 0x0000, 0x0000, 0x0000, 0x0000, 0x0000,
0x0000, 0x0000, 0x0000, 0x0000, 0x0000, 0x0000, 0x0000, 0x0000, 0x0000, 0x0000, 0x0000, 0x0000, 0x0000, 0x0000, 0x0000, 0x0000,
0x0000, 0x0000, 0x0000, 0x0000, 0x0000, 0x0000, 0x0000, 0x0000, 0x0000, 0x0000, 0x0000, 0x0000, 0x0000, 0x0000, 0x0000, 0x0000,
0x0000, 0x0000, 0x0000, 0x0000, 0x0000, 0x0000, 0x0000, 0x0000, 0x0000, 0x0000, 0x0000, 0x0000, 0x0000, 0x0000, 0x0000, 0x0000,
0x0000, 0x0000, 0x0000, 0x0000, 0x0000, 0x0000, 0x0000, 0x0000, 0x0000, 0x0000, 0x0000, 0x0000, 0x0000, 0x0000, 0x0000, 0x0000,
0x0000, 0x0000, 0x0000, 0x0000, 0x0000, 0x0000, 0x0000, 0x0000, 0x0000, 0x0000, 0x0000, 0x0000, 0x0000, 0x0000, 0x0000, 0x0000,
0x0000, 0x0000, 0x0000, 0x0000, 0x0000, 0x0000, 0x0000, 0x0000, 0x0000, 0x0000, 0x0000, 0x0000, 0x0000, 0x0000, 0x0000, 0x0000,
0x0000, 0x0000, 0x0000, 0x0000, 0x0000, 0x0000, 0x0000, 0x0000, 0x0000, 0x0000, 0x0000, 0x0000, 0x0000, 0x0000, 0x0000, 0x0000,
0x0000, 0x0000, 0x0000, 0x0000, 0x0000, 0x0000, 0x0000, 0x0000, 0xbed9, 0xbed9, 0xbed9, 0xbed9, 0xbed9, 0xbed9, 0xbed9, 0xbed9,
0xbed9, 0xbed9, 0xbed9, 0xbed9, 0xbed9, 0xbed9, 0xbed9, 0xbed9, 0xbed9, 0xbed9, 0xbed9, 0xbed9, 0xbed9, 0xbed9, 0xbed9, 0xbed9,
0xbed9, 0xbed9, 0xbed9, 0xbed9, 0xbed9, 0xbed9, 0xbed9, 0xbed9, 0xbed9, 0xbed9, 0xbed9, 0xbed9, 0xbed9, 0xbed9, 0xbed9, 0xbed9,
0xbed9, 0xb6b9, 0xbeda, 0x9634, 0x3428, 0x2ba8, 0x2ba8, 0x2ba8, 0x2ba8, 0x2ba8, 0x2ba8, 0x2ba8, 0x2ba8, 0x2ba8, 0x2ba8, 0x2ba8,
0x2ba8, 0x2ba8, 0x2ba8, 0x2ba8, 0x2ba8, 0x2ba8, 0x2ba8, 0x2ba8, 0x2ba8, 0x2ba8, 0x2ba8, 0x4429, 0x2b66, 0x1aa4, 0x3368, 0xb6b9,
0xbeb9, 0xb6d9, 0xc6fa, 0x9e15, 0x4c4a, 0x2b85, 0x33c7, 0x33e7, 0x33e7, 0x33e7, 0x33e7, 0x33e7, 0x33e7, 0x33e7, 0x33e7, 0x3be8,
0x7d51, 0xbeda, 0xbefa, 0xb6b9, 0xb6b9, 0xb6b9, 0xb6d9, 0xbed9, 0xbed9, 0xbed9, 0xbed9, 0xbed9, 0xbed9, 0xbed9, 0xbed9, 0xbed9,
0xbed9, 0xbed9, 0xbed9, 0xbed9, 0xbed9, 0xbed9, 0xbed9, 0xbed9, 0xbed9, 0xbed9, 0xbed9, 0xbed9, 0xbed9, 0xbed9, 0xbed9, 0xbed9,
0xbed9, 0xbed9, 0xbed9, 0xbed9, 0xbed9, 0xbed9, 0xbed9, 0xbed9, 0xbed9, 0xbed9, 0xbed9, 0xbed9, 0xbed9, 0xbed9, 0xbed9, 0xbed9,
0xbed9, 0xbed9, 0xbed9, 0xbed9, 0x0000, 0x0000, 0x0000, 0x0000, 0x0000, 0x0000, 0x530c, 0x0000, 0x0000, 0x0000, 0x0000, 0x0000,
0x0000, 0x0000, 0x0000, 0x0000, 0x0000, 0x0000, 0x0000, 0x0000, 0x0000, 0x0000, 0x0000, 0x0000, 0x0000, 0x0000, 0x0000, 0x0000,
0x0000, 0x0000, 0x0000, 0x0000, 0x0000, 0x0000, 0x0000, 0x0000, 0x0000, 0x0000, 0x0000, 0x0000, 0x0000, 0x0000, 0x0000, 0x0000,
0x0000, 0x0000, 0x0000, 0x0000, 0x0000, 0x0000, 0x0000, 0x0000, 0x0000, 0x0000, 0x0000, 0x0000, 0x0000, 0x0000, 0x0000, 0x0000,
0x0000, 0x0000, 0x0000, 0x0000, 0x0000, 0x0000, 0x0000, 0x0000, 0x0000, 0x0000, 0x0000, 0x0000, 0x0000, 0x0000, 0x0000, 0x0000,
0x0000, 0x0000, 0x0000, 0x0000, 0x0000, 0x0000, 0x0000, 0x0000, 0x0000, 0x0000, 0x0000, 0x0000, 0x0000, 0x0000, 0x0000, 0x0000,
0x0000, 0x0000, 0x0000, 0x0000, 0x0000, 0x0000, 0x0000, 0x0000, 0x0000, 0x0000, 0x0000, 0x0000, 0x0000, 0x0000, 0x0000, 0x0000,
0x0000, 0x0000, 0x0000, 0x0000, 0x0000, 0x0000, 0x0000, 0x0000, 0x0000, 0x0000, 0x0000, 0x0000, 0x0000, 0x0000, 0x0000, 0x0000,
0x0000, 0x0000, 0x0000, 0x0000, 0x0000, 0x0000, 0x0000, 0x0000, 0x0000, 0x0000, 0x0000, 0x0000, 0x0000, 0x0000, 0x0000, 0x0000,
0x0000, 0x0000, 0x0000, 0x0000, 0x0000, 0x0000, 0x0000, 0x0000, 0x0000, 0x0000, 0x0000, 0x0000, 0x0000, 0x0000, 0x0000, 0x0000,
0x0000, 0x0000, 0x0000, 0x0000, 0x0000, 0x0000, 0x0000, 0x0000, 0x0000, 0x0000, 0x0000, 0x0000, 0x0000, 0x0000, 0x0000, 0x0000,
0x0000, 0x0000, 0x0000, 0x0000, 0x0000, 0x0000, 0x0000, 0x0000, 0xbed9, 0xbed9, 0xbed9, 0xbed9, 0xbed9, 0xbed9, 0xbed9, 0xbed9,
0xbed9, 0xbed9, 0xbed9, 0xbed9, 0xbed9, 0xbed9, 0xbed9, 0xbed9, 0xbed9, 0xbed9, 0xbed9, 0xbed9, 0xbed9, 0xbed9, 0xbed9, 0xbed9,
0xbed9, 0xbed9, 0xbed9, 0xbed9, 0xbed9, 0xbed9, 0xbed9, 0xbed9, 0xbed9, 0xbed9, 0xbed9, 0xbed9, 0xbed9, 0xbed9, 0xbed9, 0xbed9,
0xbed9, 0xbed9, 0xb6d9, 0x5d4c, 0x2ba8, 0x2ba8, 0x2ba8, 0x2ba8, 0x2ba8, 0x2ba8, 0x2ba8, 0x2ba8, 0x2ba8, 0x2ba8, 0x2ba8, 0x2ba8,
0x2ba8, 0x2ba8, 0x2ba8, 0x2ba8, 0x2ba8, 0x2ba8, 0x2ba8, 0x2ba8, 0x2ba8, 0x2387, 0x548c, 0x6cee, 0x2325, 0x1aa4, 0x3b69, 0xb6d9,
0xbed9, 0xbed9, 0xb6b9, 0xbefa, 0xb6b9, 0x8592, 0x4449, 0x33c7, 0x33e7, 0x33e7, 0x33e7, 0x33e7, 0x33c7, 0x33a7, 0x33a7, 0x5ccd,
0x8df3, 0x9614, 0xae97, 0xbed9, 0xbefa, 0xbefa, 0xbeda, 0xb6d9, 0xb6b9, 0xbed9, 0xbed9, 0xbed9, 0xbed9, 0xbed9, 0xbed9, 0xbed9,
0xbed9, 0xbed9, 0xbed9, 0xbed9, 0xbed9, 0xbed9, 0xbed9, 0xbed9, 0xbed9, 0xbed9, 0xbed9, 0xbed9, 0xbed9, 0xbed9, 0xbed9, 0xbed9,
0xbed9, 0xbed9, 0xbed9, 0xbed9, 0xbed9, 0xbed9, 0xbed9, 0xbed9, 0xbed9, 0xbed9, 0xbed9, 0xbed9, 0xbed9, 0xbed9, 0xbed9, 0xbed9,
0xbed9, 0xbed9, 0xbed9, 0xbed9, 0x0000, 0x0000, 0x0000, 0x0000, 0x0000, 0x0000, 0x530c, 0x0000, 0x0000, 0x0000, 0x0000, 0x0000,
0x0000, 0x0000, 0x0000, 0x0000, 0x0000, 0x0000, 0x0000, 0x0000, 0x0000, 0x0000, 0x0000, 0x0000, 0x0000, 0x0000, 0x0000, 0x0000,
0x0000, 0x0000, 0x0000, 0x0000, 0x0000, 0x0000, 0x0000, 0x0000, 0x0000, 0x0000, 0x0000, 0x0000, 0x0000, 0x0000, 0x0000, 0x0000,
0x0000, 0x0000, 0x0000, 0x0000, 0x0000, 0x0000, 0x0000, 0x0000, 0x0000, 0x0000, 0x0000, 0x0000, 0x0000, 0x0000, 0x0000, 0x0000,
0x0000, 0x0000, 0x0000, 0x0000, 0x0000, 0x0000, 0x0000, 0x0000, 0x0000, 0x0000, 0x0000, 0x0000, 0x0000, 0x0000, 0x0000, 0x0000,
0x0000, 0x0000, 0x0000, 0x0000, 0x0000, 0x0000, 0x0000, 0x0000, 0x0000, 0x0000, 0x0000, 0x0000, 0x0000, 0x0000, 0x0000, 0x0000,
0x0000, 0x0000, 0x0000, 0x0000, 0x0000, 0x0000, 0x0000, 0x0000, 0x0000, 0x0000, 0x0000, 0x0000, 0x0000, 0x0000, 0x0000, 0x0000,
0x0000, 0x0000, 0x0000, 0x0000, 0x0000, 0x0000, 0x0000, 0x0000, 0x0000, 0x0000, 0x0000, 0x0000, 0x0000, 0x0000, 0x0000, 0x0000,
0x0000, 0x0000, 0x0000, 0x0000, 0x0000, 0x0000, 0x0000, 0x0000, 0x0000, 0x0000, 0x0000, 0x0000, 0x0000, 0x0000, 0x0000, 0x0000,
0x0000, 0x0000, 0x0000, 0x0000, 0x0000, 0x0000, 0x0000, 0x0000, 0x0000, 0x0000, 0x0000, 0x0000, 0x0000, 0x0000, 0x0000, 0x0000,
0x0000, 0x0000, 0x0000, 0x0000, 0x0000, 0x0000, 0x0000, 0x0000, 0x0000, 0x0000, 0x0000, 0x0000, 0x0000, 0x0000, 0x0000, 0x0000,
0x0000, 0x0000, 0x0000, 0x0000, 0x0000, 0x0000, 0x0000, 0x0000, 0xbed9, 0xbed9, 0xbed9, 0xbed9, 0xbed9, 0xbed9, 0xbed9, 0xbed9,
0xbed9, 0xbed9, 0xbed9, 0xbed9, 0xbed9, 0xbed9, 0xbed9, 0xbed9, 0xbed9, 0xbed9, 0xbed9, 0xbed9, 0xbed9, 0xbed9, 0xbed9, 0xbed9,
0xbed9, 0xbed9, 0xbed9, 0xbed9, 0xbed9, 0xbed9, 0xbed9, 0xbed9, 0xbed9, 0xbed9, 0xbed9, 0xbed9, 0xbed9, 0xbed9, 0xbed9, 0xbed9,
0xb6b9, 0xbeda, 0xa676, 0x3387, 0x2346, 0x33c8, 0x2bc8, 0x2ba8, 0x2ba8, 0x2ba8, 0x2ba8, 0x2ba8, 0x2ba8, 0x2ba8, 0x2ba8, 0x2ba8,
0x2ba8, 0x2ba8, 0x2ba8, 0x2ba8, 0x2ba8, 0x2ba8, 0x2ba8, 0x2ba8, 0x2ba8, 0x2366, 0x95f4, 0x6d0e, 0x2324, 0x1aa4, 0x3348, 0xb6b9,
0xbed9, 0xbed9, 0xb6d9, 0xb6b9, 0xbefa, 0x9674, 0x4ccb, 0x33c8, 0x33c8, 0x3387, 0x33a7, 0x33a7, 0x33c8, 0x33c8, 0x3be9, 0x33e8,
0x2bc8, 0x33e8, 0x3c2a, 0x54ac, 0x6d2f, 0x9614, 0xae98, 0xbeda, 0xbefa, 0xbed9, 0xb6b9, 0xbed9, 0xbed9, 0xbed9, 0xbed9, 0xbed9,
0xbed9, 0xbed9, 0xbed9, 0xbed9, 0xbed9, 0xbed9, 0xbed9, 0xbed9, 0xbed9, 0xbed9, 0xbed9, 0xbed9, 0xbed9, 0xbed9, 0xbed9, 0xbed9,
0xbed9, 0xbed9, 0xbed9, 0xbed9, 0xbed9, 0xbed9, 0xbed9, 0xbed9, 0xbed9, 0xbed9, 0xbed9, 0xbed9, 0xbed9, 0xbed9, 0xbed9, 0xbed9,
0xbed9, 0xbed9, 0xbed9, 0xbed9, 0x0000, 0x0000, 0x0000, 0x0000, 0x0000, 0x0000, 0x530c, 0x0000, 0x0000, 0x0000, 0x0000, 0x0000,
0x0000, 0x0000, 0x0000, 0x0000, 0x0000, 0x0000, 0x0000, 0x0000, 0x0000, 0x0000, 0x0000, 0x0000, 0x0000, 0x0000, 0x0000, 0x0000,
0x0000, 0x0000, 0x0000, 0x0000, 0x0000, 0x0000, 0x0000, 0x0000, 0x0000, 0x0000, 0x0000, 0x0000, 0x0000, 0x0000, 0x0000, 0x0000,
0x0000, 0x0000, 0x0000, 0x0000, 0x0000, 0x0000, 0x0000, 0x0000, 0x0000, 0x0000, 0x0000, 0x0000, 0x0000, 0x0000, 0x0000, 0x0000,
0x0000, 0x0000, 0x0000, 0x0000, 0x0000, 0x0000, 0x0000, 0x0000, 0x0000, 0x0000, 0x0000, 0x0000, 0x0000, 0x08e2, 0x5e32, 0x0903,
0x0000, 0x0000, 0x0000, 0x0000, 0x0000, 0x0000, 0x0000, 0x0000, 0x0000, 0x0000, 0x0000, 0x0000, 0x0000, 0x0000, 0x0000, 0x0000,
0x0881, 0x3bec, 0x0000, 0x0000, 0x0000, 0x0000, 0x0000, 0x0000, 0x0000, 0x08a1, 0x2b29, 0x0000, 0x0903, 0x5e12, 0x08e2, 0x0000,
0x0000, 0x0000, 0x0000, 0x0000, 0x0000, 0x0000, 0x0000, 0x0000, 0x0000, 0x0000, 0x0000, 0x0000, 0x0000, 0x0000, 0x0000, 0x0000,
0x0000, 0x0000, 0x0000, 0x0000, 0x0000, 0x0000, 0x0000, 0x0000, 0x0000, 0x0000, 0x0000, 0x0000, 0x0000, 0x0000, 0x0000, 0x0000,
0x0000, 0x0000, 0x0000, 0x0000, 0x0000, 0x0000, 0x0000, 0x0000, 0x0000, 0x0000, 0x0000, 0x0000, 0x0000, 0x0000, 0x0000, 0x0000,
0x0000, 0x0000, 0x0000, 0x0000, 0x0000, 0x0000, 0x0000, 0x0000, 0x0000, 0x0000, 0x0000, 0x0000, 0x0000, 0x0000, 0x0000, 0x0000,
0x0000, 0x0000, 0x0000, 0x0000, 0x0000, 0x0000, 0x0000, 0x0000, 0xbed9, 0xbed9, 0xbed9, 0xbed9, 0xbed9, 0xbed9, 0xbed9, 0xbed9,
0xbed9, 0xbed9, 0xbed9, 0xbed9, 0xbed9, 0xbed9, 0xbed9, 0xbed9, 0xbed9, 0xbed9, 0xbed9, 0xbed9, 0xbed9, 0xbed9, 0xbed9, 0xbed9,
0xbed9, 0xbed9, 0xbed9, 0xbed9, 0xbed9, 0xbed9, 0xbed9, 0xbed9, 0xbed9, 0xbed9, 0xbed9, 0xbed9, 0xbed9, 0xbed9, 0xbed9, 0xbed9,
0xbed9, 0xb6b9, 0xbeda, 0xa637, 0x542c, 0x2326, 0x2387, 0x2bc8, 0x2bc8, 0x2ba8, 0x2ba8, 0x2ba8, 0x2ba8, 0x2ba8, 0x2ba8, 0x2ba8,
0x2ba8, 0x2ba8, 0x2ba8, 0x2ba8, 0x2ba8, 0x2ba8, 0x2ba8, 0x2ba8, 0x2387, 0x4c6b, 0xc71a, 0x5cac, 0x2b45, 0x22c5, 0x2b27, 0xae98,
0xbed9, 0xb6b9, 0xbed9, 0xb6b8, 0x75d0, 0x3c48, 0x33c8, 0x3c09, 0x3c09, 0x3c09, 0x3c09, 0x3c09, 0x3c09, 0x3c09, 0x3be9, 0x3be9,
0x3c09, 0x3be9, 0x33e9, 0x33c8, 0x33c8, 0x33e8, 0x442a, 0x5cee, 0x9635, 0xbed9, 0xbefa, 0xb6b9, 0xbed9, 0xbed9, 0xbed9, 0xbed9,
0xbed9, 0xbed9, 0xbed9, 0xbed9, 0xbed9, 0xbed9, 0xbed9, 0xbed9, 0xbed9, 0xbed9, 0xbed9, 0xbed9, 0xbed9, 0xbed9, 0xbed9, 0xbed9,
0xbed9, 0xbed9, 0xbed9, 0xbed9, 0xbed9, 0xbed9, 0xbed9, 0xbed9, 0xbed9, 0xbed9, 0xbed9, 0xbed9, 0xbed9, 0xbed9, 0xbed9, 0xbed9,
0xbed9, 0xbed9, 0xbed9, 0xbed9, 0x0000, 0x0000, 0x0000, 0x0000, 0x0000, 0x0000, 0x530c, 0x0000, 0x0000, 0x0000, 0x0000, 0x0000,
0x0000, 0x0000, 0x0000, 0x0000, 0x0000, 0x0000, 0x0000, 0x0000, 0x0000, 0x0000, 0x0000, 0x0000, 0x0000, 0x0000, 0x66b4, 0x2aa8,
0x0000, 0x0000, 0x0000, 0x0000, 0x0000, 0x338a, 0x55d1, 0x0000, 0x0000, 0x0000, 0x0000, 0x0000, 0x0000, 0x0000, 0x0000, 0x08c2,
0x4cef, 0x66b4, 0x66d4, 0x448e, 0x0081, 0x0000, 0x0000, 0x0000, 0x0000, 0x0000, 0x0000, 0x2267, 0x5df1, 0x6f15, 0x66b4, 0x44ae,
0x08a2, 0x0000, 0x0000, 0x0000, 0x0000, 0x0000, 0x0000, 0x0000, 0x0000, 0x0000, 0x0000, 0x0000, 0x0000, 0x5dd1, 0x2267, 0x0000,
0x0000, 0x0000, 0x44ae, 0x6673, 0x5e53, 0x5e53, 0x5e53, 0x5e53, 0x5e53, 0x5e53, 0x6673, 0x444d, 0x0000, 0x0000, 0x0000, 0x0000,
0x2247, 0x44ae, 0x5df2, 0x55b1, 0x55b1, 0x55b1, 0x55b1, 0x2ae9, 0x2247, 0x08c2, 0x55d1, 0x0000, 0x0000, 0x2267, 0x55d1, 0x0000,
0x0000, 0x0000, 0x0000, 0x0000, 0x0000, 0x0000, 0x0000, 0x0000, 0x0000, 0x0000, 0x0000, 0x0000, 0x0000, 0x0000, 0x0000, 0x0000,
0x0000, 0x0000, 0x0000, 0x0000, 0x0000, 0x0000, 0x0000, 0x0000, 0x0000, 0x0000, 0x0000, 0x0000, 0x0000, 0x0000, 0x0000, 0x0000,
0x0000, 0x0000, 0x0000, 0x0000, 0x0000, 0x0000, 0x0000, 0x0000, 0x0000, 0x0000, 0x0000, 0x0000, 0x0000, 0x0000, 0x0000, 0x0000,
0x0000, 0x0000, 0x0000, 0x0000, 0x0000, 0x0000, 0x0000, 0x0000, 0x0000, 0x0000, 0x0000, 0x0000, 0x0000, 0x0000, 0x0000, 0x0000,
0x0000, 0x0000, 0x0000, 0x0000, 0x0000, 0x0000, 0x0000, 0x0000, 0xbed9, 0xbed9, 0xbed9, 0xbed9, 0xbed9, 0xbed9, 0xbed9, 0xbed9,
0xbed9, 0xbed9, 0xbed9, 0xbed9, 0xbed9, 0xbed9, 0xbed9, 0xbed9, 0xbed9, 0xbed9, 0xbed9, 0xbed9, 0xbed9, 0xbed9, 0xbed9, 0xbed9,
0xbed9, 0xbed9, 0xbed9, 0xbed9, 0xbed9, 0xbed9, 0xbed9, 0xbed9, 0xbed9, 0xbed9, 0xbed9, 0xbed9, 0xbed9, 0xbed9, 0xbed9, 0xbed9,
0xbed9, 0xbed9, 0xb6b9, 0xbefa, 0xc6fa, 0x8d93, 0x43ca, 0x2346, 0x2366, 0x2ba8, 0x2bc8, 0x2ba8, 0x2ba8, 0x2ba8, 0x2ba8, 0x2ba8,
0x2ba8, 0x2ba8, 0x2ba8, 0x2ba8, 0x2ba8, 0x2ba8, 0x2ba8, 0x2ba8, 0x2ba8, 0x9e36, 0xc71b, 0x546b, 0x1b03, 0x1263, 0x22e6, 0xae98,
0xbed9, 0xbed9, 0xb6b9, 0x6dce, 0x3408, 0x33e9, 0x3c09, 0x3be9, 0x3be9, 0x3be9, 0x3be9, 0x3be9, 0x3be9, 0x3be9, 0x3be9, 0x3be9,
0x3be9, 0x3c09, 0x33e8, 0x3be9, 0x3c09, 0x3be9, 0x33e8, 0x33c8, 0x33e8, 0x4c6c, 0x9615, 0xbeda, 0xb6d9, 0xbed9, 0xbed9, 0xbed9,
0xbed9, 0xbed9, 0xbed9, 0xbed9, 0xbed9, 0xbed9, 0xbed9, 0xbed9, 0xbed9, 0xbed9, 0xbed9, 0xbed9, 0xbed9, 0xbed9, 0xbed9, 0xbed9,
0xbed9, 0xbed9, 0xbed9, 0xbed9, 0xbed9, 0xbed9, 0xbed9, 0xbed9, 0xbed9, 0xbed9, 0xbed9, 0xbed9, 0xbed9, 0xbed9, 0xbed9, 0xbed9,
0xbed9, 0xbed9, 0xbed9, 0xbed9, 0x0000, 0x0000, 0x0000, 0x0000, 0x0000, 0x0000, 0x530c, 0x0000, 0x0000, 0x0000, 0x0000, 0x0000,
0x0000, 0x0000, 0x0000, 0x0000, 0x0000, 0x0000, 0x0000, 0x0000, 0x0000, 0x0000, 0x0000, 0x0000, 0x0000, 0x0000, 0x5e32, 0x2226,
0x0000, 0x0000, 0x0000, 0x0000, 0x0000, 0x2b09, 0x5550, 0x0000, 0x0000, 0x0000, 0x0000, 0x0000, 0x0000, 0x0000, 0x08a2, 0x6694,
0x338a, 0x0881, 0x08a1, 0x4d0f, 0x5590, 0x0000, 0x0000, 0x0000, 0x0000, 0x0000, 0x2aa8, 0x6ef5, 0x2226, 0x0020, 0x1164, 0x44ae,
0x5df2, 0x0000, 0x0000, 0x0000, 0x0000, 0x0000, 0x0000, 0x0000, 0x0000, 0x0000, 0x0000, 0x0000, 0x2267, 0x5550, 0x0000, 0x0000,
0x0000, 0x0000, 0x0061, 0x0020, 0x0000, 0x0000, 0x0000, 0x0000, 0x0000, 0x0000, 0x0020, 0x0061, 0x0000, 0x0000, 0x0000, 0x0000,
0x4cae, 0x1a06, 0x0061, 0x44ae, 0x1984, 0x0000, 0x0061, 0x33ab, 0x2ac8, 0x08a2, 0x55b1, 0x0000, 0x0000, 0x0000, 0x5550, 0x2267,
0x0000, 0x0000, 0x0000, 0x0000, 0x0000, 0x0000, 0x0000, 0x0000, 0x0000, 0x0000, 0x0000, 0x0000, 0x0000, 0x0000, 0x0000, 0x0000,
0x0000, 0x0000, 0x0000, 0x0000, 0x0000, 0x0000, 0x0000, 0x0000, 0x0000, 0x0000, 0x0000, 0x0000, 0x0000, 0x0000, 0x0000, 0x0000,
0x0000, 0x0000, 0x0000, 0x0000, 0x0000, 0x0000, 0x0000, 0x0000, 0x0000, 0x0000, 0x0000, 0x0000, 0x0000, 0x0000, 0x0000, 0x0000,
0x0000, 0x0000, 0x0000, 0x0000, 0x0000, 0x0000, 0x0000, 0x0000, 0x0000, 0x0000, 0x0000, 0x0000, 0x0000, 0x0000, 0x0000, 0x0000,
0x0000, 0x0000, 0x0000, 0x0000, 0x0000, 0x0000, 0x0000, 0x0000, 0xbed9, 0xbed9, 0xbed9, 0xbed9, 0xbed9, 0xbed9, 0xbed9, 0xbed9,
0xbed9, 0xbed9, 0xbed9, 0xbed9, 0xbed9, 0xbed9, 0xbed9, 0xbed9, 0xbed9, 0xbed9, 0xbed9, 0xbed9, 0xbed9, 0xbed9, 0xbed9, 0xbed9,
0xbed9, 0xbed9, 0xbed9, 0xbed9, 0xbed9, 0xbed9, 0xbed9, 0xbed9, 0xbed9, 0xbed9, 0xbed9, 0xbed9, 0xbed9, 0xbed9, 0xbed9, 0xbed9,
0xbed9, 0xbed9, 0xbed9, 0xb6b9, 0xb6b9, 0xc6fa, 0xbeda, 0x95d4, 0x5c4d, 0x3368, 0x2b87, 0x2ba8, 0x2bc8, 0x2ba8, 0x2ba8, 0x2ba8,
0x2ba8, 0x2ba8, 0x2ba8, 0x2ba8, 0x2ba8, 0x2ba8, 0x2ba8, 0x2387, 0x8592, 0xbefa, 0xbed9, 0x8db3, 0x750f, 0x6caf, 0x7511, 0xb6b9,
0xb6d9, 0xbeda, 0x8611, 0x3c48, 0x3be9, 0x3c09, 0x3be9, 0x3be9, 0x3be9, 0x3be9, 0x3be9, 0x3be9, 0x3be9, 0x3c09, 0x3be9, 0x3be9,
0x3be9, 0x3be9, 0x3388, 0x33e9, 0x3c09, 0x3be9, 0x3c09, 0x3c09, 0x3c09, 0x2ba7, 0x7571, 0xc6fa, 0xb6b9, 0xbed9, 0xbed9, 0xbed9,
0xbed9, 0xbed9, 0xbed9, 0xbed9, 0xbed9, 0xbed9, 0xbed9, 0xbed9, 0xbed9, 0xbed9, 0xbed9, 0xbed9, 0xbed9, 0xbed9, 0xbed9, 0xbed9,
0xbed9, 0xbed9, 0xbed9, 0xbed9, 0xbed9, 0xbed9, 0xbed9, 0xbed9, 0xbed9, 0xbed9, 0xbed9, 0xbed9, 0xbed9, 0xbed9, 0xbed9, 0xbed9,
0xbed9, 0xbed9, 0xbed9, 0xbed9, 0x0000, 0x0000, 0x0000, 0x0000, 0x0000, 0x0000, 0x530c, 0x0000, 0x0000, 0x0000, 0x0000, 0x0000,
0x0000, 0x0000, 0x0000, 0x0000, 0x0000, 0x0000, 0x0000, 0x0000, 0x0000, 0x0000, 0x0000, 0x0000, 0x0000, 0x0000, 0x5e12, 0x1a06,
0x0000, 0x0000, 0x0000, 0x0000, 0x0000, 0x2ae8, 0x4d2f, 0x0000, 0x0000, 0x0000, 0x0000, 0x0000, 0x0000, 0x0000, 0x3beb, 0x448e,
0x0000, 0x0000, 0x0000, 0x0881, 0x2b09, 0x0020, 0x0000, 0x0000, 0x0000, 0x0000, 0x5df2, 0x2b09, 0x0000, 0x0000, 0x0000, 0x0041,
0x7776, 0x08e2, 0x0000, 0x0000, 0x0000, 0x0000, 0x0000, 0x0000, 0x0000, 0x0000, 0x0000, 0x0000, 0x55b1, 0x19c5, 0x0000, 0x0000,
0x0000, 0x0000, 0x0000, 0x0000, 0x0000, 0x0000, 0x0000, 0x0000, 0x0000, 0x0000, 0x0000, 0x0000, 0x0000, 0x0000, 0x0000, 0x0061,
0x5e33, 0x0000, 0x0000, 0x5df2, 0x0061, 0x0000, 0x0000, 0x338a, 0x2ac8, 0x08a2, 0x55b1, 0x0000, 0x0000, 0x0000, 0x19e5, 0x55b1,
0x0000, 0x0000, 0x0000, 0x0000, 0x0000, 0x0000, 0x0000, 0x0000, 0x0000, 0x0000, 0x0000, 0x0000, 0x0000, 0x0000, 0x0000, 0x0000,
0x0000, 0x0000, 0x0000, 0x0000, 0x0000, 0x0000, 0x0000, 0x0000, 0x0000, 0x0000, 0x0000, 0x0000, 0x0000, 0x0000, 0x0000, 0x0000,
0x0000, 0x0000, 0x0000, 0x0000, 0x0000, 0x0000, 0x0000, 0x0000, 0x0000, 0x0000, 0x0000, 0x0000, 0x0000, 0x0000, 0x0000, 0x0000,
0x0000, 0x0000, 0x0000, 0x0000, 0x0000, 0x0000, 0x0000, 0x0000, 0x0000, 0x0000, 0x0000, 0x0000, 0x0000, 0x0000, 0x0000, 0x0000,
0x0000, 0x0000, 0x0000, 0x0000, 0x0000, 0x0000, 0x0000, 0x0000, 0xbed9, 0xbed9, 0xbed9, 0xbed9, 0xbed9, 0xbed9, 0xbed9, 0xbed9,
0xbed9, 0xbed9, 0xbed9, 0xbed9, 0xbed9, 0xbed9, 0xbed9, 0xbed9, 0xbed9, 0xbed9, 0xbed9, 0xbed9, 0xbed9, 0xbed9, 0xbed9, 0xbed9,
0xbed9, 0xbed9, 0xbed9, 0xbed9, 0xbed9, 0xbed9, 0xbed9, 0xbed9, 0xbed9, 0xbed9, 0xbed9, 0xbed9, 0xbed9, 0xbed9, 0xbed9, 0xbed9,
0xbed9, 0xbed9, 0xbed9, 0xbed9, 0xbed9, 0xb6b9, 0xb6b9, 0xc71b, 0xc6fa, 0x8df2, 0x3c08, 0x2326, 0x2b67, 0x2b87, 0x2ba8, 0x2ba8,
0x2bc8, 0x2ba8, 0x2ba8, 0x2ba8, 0x2ba8, 0x2ba8, 0x2ba8, 0x85b3, 0xbefa, 0xb6b9, 0xb6d9, 0xbefa, 0xc71b, 0xcf3b, 0xcf3b, 0xbefa,
0xbeda, 0x9eb5, 0x44c9, 0x33c9, 0x3c09, 0x3be9, 0x3be9, 0x3be9, 0x3be9, 0x3be9, 0x3be9, 0x3be9, 0x3c09, 0x33c8, 0x3be9, 0x3be9,
0x3c09, 0x3388, 0x33c8, 0x3c09, 0x3be9, 0x3be9, 0x3be9, 0x3c09, 0x33e8, 0x4c6b, 0xb6b9, 0xbed9, 0xb6d9, 0xbed9, 0xbed9, 0xbed9,
0xbed9, 0xbed9, 0xbed9, 0xbed9, 0xbed9, 0xbed9, 0xbed9, 0xbed9, 0xbed9, 0xbed9, 0xbed9, 0xbed9, 0xbed9, 0xbed9, 0xbed9, 0xbed9,
0xbed9, 0xbed9, 0xbed9, 0xbed9, 0xbed9, 0xbed9, 0xbed9, 0xbed9, 0xbed9, 0xbed9, 0xbed9, 0xbed9, 0xbed9, 0xbed9, 0xbed9, 0xbed9,
0xbed9, 0xbed9, 0xbed9, 0xbed9, 0x0000, 0x0000, 0x0000, 0x0000, 0x0000, 0x0000, 0x530c, 0x0000, 0x0000, 0x0000, 0x0000, 0x0000,
0x0000, 0x0000, 0x0000, 0x0000, 0x0000, 0x6f56, 0x1143, 0x44ae, 0x6673, 0x6694, 0x446d, 0x0041, 0x0000, 0x0000, 0x5e12, 0x1a06,
0x0000, 0x0000, 0x0000, 0x0000, 0x0000, 0x2ae8, 0x4d2f, 0x0000, 0x0000, 0x0000, 0x0000, 0x0000, 0x0000, 0x0000, 0x66b4, 0x1164,
0x0000, 0x0000, 0x0000, 0x0000, 0x0000, 0x0000, 0x0000, 0x0000, 0x0000, 0x0000, 0x19a5, 0x0881, 0x0000, 0x0000, 0x0000, 0x19a5,
0x6f56, 0x0041, 0x0000, 0x0000, 0x0000, 0x0000, 0x0000, 0x0000, 0x0000, 0x0000, 0x0000, 0x0881, 0x66d4, 0x0000, 0x0000, 0x0000,
0x0000, 0x0061, 0x0000, 0x0000, 0x0000, 0x0000, 0x0000, 0x0000, 0x0000, 0x0000, 0x0000, 0x0000, 0x0061, 0x0000, 0x0000, 0x3c2c,
0x5550, 0x0000, 0x0081, 0x6f35, 0x5591, 0x5591, 0x2b29, 0x338a, 0x2ac8, 0x08a2, 0x55b1, 0x0000, 0x0000, 0x0000, 0x0020, 0x66d4,
0x0061, 0x0000, 0x0000, 0x0000, 0x0000, 0x0000, 0x0000, 0x0000, 0x0000, 0x0000, 0x0000, 0x0000, 0x0000, 0x0000, 0x0000, 0x0000,
0x0000, 0x0000, 0x0000, 0x0000, 0x0000, 0x0000, 0x0000, 0x0000, 0x0000, 0x0000, 0x0000, 0x0000, 0x0000, 0x0000, 0x0000, 0x0000,
0x0000, 0x0000, 0x0000, 0x0000, 0x0000, 0x0000, 0x0000, 0x0000, 0x0000, 0x0000, 0x0000, 0x0000, 0x0000, 0x0000, 0x0000, 0x0000,
0x0000, 0x0000, 0x0000, 0x0000, 0x0000, 0x0000, 0x0000, 0x0000, 0x0000, 0x0000, 0x0000, 0x0000, 0x0000, 0x0000, 0x0000, 0x0000,
0x0000, 0x0000, 0x0000, 0x0000, 0x0000, 0x0000, 0x0000, 0x0000, 0xbed9, 0xbed9, 0xbed9, 0xbed9, 0xbed9, 0xbed9, 0xbed9, 0xbed9,
0xbed9, 0xbed9, 0xbed9, 0xbed9, 0xbed9, 0xbed9, 0xbed9, 0xbed9, 0xbed9, 0xbed9, 0xbed9, 0xbed9, 0xbed9, 0xbed9, 0xbed9, 0xbed9,
0xbed9, 0xbed9, 0xbed9, 0xbed9, 0xbed9, 0xbed9, 0xbed9, 0xbed9, 0xbed9, 0xbed9, 0xbed9, 0xbed9, 0xbed9, 0xbed9, 0xbed9, 0xbed9,
0xbed9, 0xbed9, 0xbed9, 0xbed9, 0xb6d9, 0xbeda, 0xbeda, 0xa696, 0x6d8f, 0x3c69, 0x3c09, 0x33e8, 0x33a8, 0x2b87, 0x2b67, 0x2b67,
0x2b67, 0x2b87, 0x2b87, 0x2ba7, 0x2ba8, 0x2bc8, 0x33e9, 0x95f4, 0xc6fa, 0xb6b9, 0xbed9, 0xb6b9, 0xa656, 0x9614, 0x8dd3, 0xa636,
0xb6d8, 0x5d6c, 0x33e8, 0x3c09, 0x3be9, 0x3be9, 0x3be9, 0x3c09, 0x3be9, 0x3be9, 0x3be9, 0x3be9, 0x3be9, 0x3388, 0x33e9, 0x3c09,
0x33c8, 0x3388, 0x3c09, 0x3be9, 0x3be9, 0x3be9, 0x3be9, 0x3c09, 0x33c8, 0x95f4, 0xc6fa, 0xb6b9, 0xbed9, 0xbed9, 0xbed9, 0xbed9,
0xbed9, 0xbed9, 0xbed9, 0xbed9, 0xbed9, 0xbed9, 0xbed9, 0xbed9, 0xbed9, 0xbed9, 0xbed9, 0xbed9, 0xbed9, 0xbed9, 0xbed9, 0xbed9,
0xbed9, 0xbed9, 0xbed9, 0xbed9, 0xbed9, 0xbed9, 0xbed9, 0xbed9, 0xbed9, 0xbed9, 0xbed9, 0xbed9, 0xbed9, 0xbed9, 0xbed9, 0xbed9,
0xbed9, 0xbed9, 0xbed9, 0xbed9, 0x0000, 0x0000, 0x0000, 0x0000, 0x0000, 0x0000, 0x530c, 0x0000, 0x0000, 0x0000, 0x0000, 0x0000,
0x0000, 0x0000, 0x0000, 0x0000, 0x0000, 0x6ef5, 0x5e12, 0x2287, 0x0020, 0x0061, 0x4cae, 0x4d2f, 0x0000, 0x0000, 0x5e12, 0x1a06,
0x0000, 0x0000, 0x0000, 0x0000, 0x0000, 0x2ae8, 0x4d2f, 0x0000, 0x0000, 0x0000, 0x0000, 0x0000, 0x0000, 0x0040, 0x6f35, 0x0903,
0x4d0f, 0x66d4, 0x66b4, 0x4cce, 0x08c2, 0x0000, 0x0000, 0x0000, 0x0000, 0x0000, 0x0000, 0x0000, 0x0000, 0x0000, 0x08c2, 0x5e32,
0x3beb, 0x0000, 0x0000, 0x0000, 0x0000, 0x0000, 0x0000, 0x0000, 0x0000, 0x0000, 0x0000, 0x1a06, 0x5550, 0x0000, 0x0000, 0x0000,
0x0000, 0x66d4, 0x6694, 0x6673, 0x6673, 0x6673, 0x66d4, 0x6f15, 0x6673, 0x6673, 0x6673, 0x6694, 0x6ef5, 0x0020, 0x1123, 0x6673,
0x5550, 0x0000, 0x2b09, 0x336a, 0x0000, 0x3329, 0x2ae9, 0x338a, 0x2ac8, 0x08a2, 0x55b1, 0x0000, 0x0000, 0x0000, 0x0000, 0x5590,
0x19e5, 0x0000, 0x0000, 0x0000, 0x0000, 0x0000, 0x0000, 0x0000, 0x0000, 0x0000, 0x0000, 0x0000, 0x0000, 0x0000, 0x0000, 0x0000,
0x0000, 0x0000, 0x0000, 0x0000, 0x0000, 0x0000, 0x0000, 0x0000, 0x0000, 0x0000, 0x0000, 0x0000, 0x0000, 0x0000, 0x0000, 0x0000,
0x0000, 0x0000, 0x0000, 0x0000, 0x0000, 0x0000, 0x0000, 0x0000, 0x0000, 0x0000, 0x0000, 0x0000, 0x0000, 0x0000, 0x0000, 0x0000,
0x0000, 0x0000, 0x0000, 0x0000, 0x0000, 0x0000, 0x0000, 0x0000, 0x0000, 0x0000, 0x0000, 0x0000, 0x0000, 0x0000, 0x0000, 0x0000,
0x0000, 0x0000, 0x0000, 0x0000, 0x0000, 0x0000, 0x0000, 0x0000, 0xbed9, 0xbed9, 0xbed9, 0xbed9, 0xbed9, 0xbed9, 0xbed9, 0xbed9,
0xbed9, 0xbed9, 0xbed9, 0xbed9, 0xbed9, 0xbed9, 0xbed9, 0xbed9, 0xbed9, 0xbed9, 0xbed9, 0xbed9, 0xbed9, 0xbed9, 0xbed9, 0xbed9,
0xbed9, 0xbed9, 0xbed9, 0xbed9, 0xbed9, 0xbed9, 0xbed9, 0xbed9, 0xbed9, 0xbed9, 0xbed9, 0xbed9, 0xbed9, 0xbed9, 0xbed9, 0xbed9,
0xbed9, 0xbed9, 0xb6d9, 0xbeb9, 0xbeda, 0xaed8, 0x7e11, 0x44aa, 0x33c8, 0x33c8, 0x33c8, 0x33e8, 0x33e8, 0x33e9, 0x33e8, 0x33c8,
0x3387, 0x2b87, 0x2b87, 0x2b87, 0x33c8, 0x33e8, 0x33c8, 0x33c8, 0x95d4, 0xbefa, 0xb6b9, 0xb6b9, 0x4408, 0x2b45, 0x1283, 0x542d,
0x9673, 0x3c48, 0x33e9, 0x3be9, 0x33e9, 0x33e9, 0x33e9, 0x33e9, 0x33e9, 0x3be9, 0x3be9, 0x3c09, 0x3388, 0x33a8, 0x3c09, 0x3c09,
0x33a8, 0x33c8, 0x33c8, 0x3c09, 0x3be9, 0x3be9, 0x3c09, 0x33c8, 0x64ee, 0xbefa, 0xb6b9, 0xbed9, 0xbed9, 0xbed9, 0xbed9, 0xbed9,
0xbed9, 0xbed9, 0xbed9, 0xbed9, 0xbed9, 0xbed9, 0xbed9, 0xbed9, 0xbed9, 0xbed9, 0xbed9, 0xbed9, 0xbed9, 0xbed9, 0xbed9, 0xbed9,
0xbed9, 0xbed9, 0xbed9, 0xbed9, 0xbed9, 0xbed9, 0xbed9, 0xbed9, 0xbed9, 0xbed9, 0xbed9, 0xbed9, 0xbed9, 0xbed9, 0xbed9, 0xbed9,
0xbed9, 0xbed9, 0xbed9, 0xbed9, 0x0000, 0x0000, 0x0000, 0x0000, 0x0000, 0x0000, 0x530c, 0x0000, 0x0000, 0x0000, 0x0000, 0x0000,
0x0000, 0x0000, 0x0000, 0x0000, 0x0000, 0x66d4, 0x338a, 0x0000, 0x0000, 0x0000, 0x0041, 0x6ef5, 0x1103, 0x0000, 0x5e12, 0x7776,
0x7776, 0x7776, 0x7776, 0x7776, 0x7776, 0x7776, 0x4d2f, 0x0000, 0x0000, 0x0000, 0x0000, 0x0000, 0x0000, 0x1103, 0x6ef5, 0x5df1,
0x2267, 0x0020, 0x0881, 0x3c2c, 0x5e32, 0x0020, 0x0000, 0x0000, 0x0000, 0x0000, 0x0000, 0x0000, 0x0000, 0x2247, 0x66d4, 0x3bec,
0x0000, 0x0000, 0x0000, 0x0000, 0x0000, 0x0000, 0x0000, 0x0000, 0x0000, 0x0000, 0x0000, 0x2aa8, 0x44ae, 0x0000, 0x0000, 0x0000,
0x0000, 0x0000, 0x0000, 0x0000, 0x0000, 0x0000, 0x2287, 0x446d, 0x0000, 0x0000, 0x0000, 0x0000, 0x0000, 0x0000, 0x4d0f, 0x2ae8,
0x5550, 0x0061, 0x6694, 0x1103, 0x0000, 0x446d, 0x1184, 0x338a, 0x2ac8, 0x08a2, 0x55b1, 0x0000, 0x0000, 0x0000, 0x0000, 0x4cce,
0x2287, 0x0000, 0x0000, 0x0000, 0x0000, 0x0000, 0x0000, 0x0000, 0x0000, 0x0000, 0x0000, 0x0000, 0x0000, 0x0000, 0x0000, 0x0000,
0x0000, 0x0000, 0x0000, 0x0000, 0x0000, 0x0000, 0x0000, 0x0000, 0x0000, 0x0000, 0x0000, 0x0000, 0x0000, 0x0000, 0x0000, 0x0000,
0x0000, 0x0000, 0x0000, 0x0000, 0x0000, 0x0000, 0x0000, 0x0000, 0x0000, 0x0000, 0x0000, 0x0000, 0x0000, 0x0000, 0x0000, 0x0000,
0x0000, 0x0000, 0x0000, 0x0000, 0x0000, 0x0000, 0x0000, 0x0000, 0x0000, 0x0000, 0x0000, 0x0000, 0x0000, 0x0000, 0x0000, 0x0000,
0x0000, 0x0000, 0x0000, 0x0000, 0x0000, 0x0000, 0x0000, 0x0000, 0xbed9, 0xbed9, 0xbed9, 0xbed9, 0xbed9, 0xbed9, 0xbed9, 0xbed9,
0xbed9, 0xbed9, 0xbed9, 0xbed9, 0xbed9, 0xbed9, 0xbed9, 0xbed9, 0xbed9, 0xbed9, 0xbed9, 0xbed9, 0xbed9, 0xbed9, 0xbed9, 0xbed9,
0xbed9, 0xbed9, 0xbed9, 0xbed9, 0xbed9, 0xbed9, 0xbed9, 0xbed9, 0xbed9, 0xbed9, 0xbed9, 0xbed9, 0xbed9, 0xbed9, 0xbed9, 0xbed9,
0xb6d9, 0xb6b9, 0xbeda, 0xbef9, 0x8612, 0x44aa, 0x33e8, 0x33c8, 0x33e8, 0x33e8, 0x33e8, 0x33e8, 0x33e8, 0x33e8, 0x33e8, 0x33e8,
0x33e8, 0x33e9, 0x33e8, 0x33e8, 0x33e8, 0x33e8, 0x33e8, 0x33c8, 0x33e8, 0xa656, 0xbefa, 0xb6b9, 0x4c29, 0x2b25, 0x1aa4, 0x43ea,
0x5d6c, 0x33c8, 0x3c09, 0x3c29, 0x3c69, 0x44a9, 0x44ca, 0x44ca, 0x3c69, 0x33e9, 0x33e9, 0x33e8, 0x33a8, 0x3c09, 0x3c09, 0x2b67,
0x2306, 0x33a8, 0x33c8, 0x3c09, 0x3be9, 0x3c09, 0x33e8, 0x442a, 0xae98, 0xbeda, 0xb6b9, 0xbed9, 0xbed9, 0xbed9, 0xbed9, 0xbed9,
0xbed9, 0xbed9, 0xbed9, 0xbed9, 0xbed9, 0xbed9, 0xbed9, 0xbed9, 0xbed9, 0xbed9, 0xbed9, 0xbed9, 0xbed9, 0xbed9, 0xbed9, 0xbed9,
0xbed9, 0xbed9, 0xbed9, 0xbed9, 0xbed9, 0xbed9, 0xbed9, 0xbed9, 0xbed9, 0xbed9, 0xbed9, 0xbed9, 0xbed9, 0xbed9, 0xbed9, 0xbed9,
0xbed9, 0xbed9, 0xbed9, 0xbed9, 0x0000, 0x0000, 0x0000, 0x0000, 0x0000, 0x0000, 0x530c, 0x0000, 0x0000, 0x0000, 0x0000, 0x0000,
0x0000, 0x0000, 0x0000, 0x0000, 0x0000, 0x66d4, 0x1984, 0x0000, 0x0000, 0x0000, 0x0000, 0x55b1, 0x2247, 0x0000, 0x5e12, 0x1a06,
0x0000, 0x0000, 0x0000, 0x0000, 0x0000, 0x2ae8, 0x4d2f, 0x0000, 0x0000, 0x0000, 0x0000, 0x0000, 0x0000, 0x08a2, 0x7776, 0x2ac8,
0x0000, 0x0000, 0x0000, 0x0000, 0x6673, 0x1a06, 0x0000, 0x0000, 0x0000, 0x0000, 0x0000, 0x0020, 0x446d, 0x6694, 0x19e6, 0x0000,
0x0000, 0x0000, 0x0000, 0x0000, 0x0000, 0x0000, 0x0000, 0x0000, 0x0000, 0x0000, 0x0000, 0x2aa8, 0x44ae, 0x0000, 0x0000, 0x0000,
0x0000, 0x0000, 0x0000, 0x2287, 0x2206, 0x0000, 0x2287, 0x446d, 0x0000, 0x1143, 0x334a, 0x0000, 0x0000, 0x0000, 0x1143, 0x08e2,
0x5550, 0x3c2c, 0x3c0c, 0x5550, 0x1a06, 0x5e12, 0x0020, 0x338a, 0x2ac8, 0x08a2, 0x55b1, 0x0000, 0x0000, 0x0000, 0x0000, 0x4cce,
0x2287, 0x0000, 0x0000, 0x0000, 0x0000, 0x0000, 0x0000, 0x0000, 0x0000, 0x0000, 0x0000, 0x0000, 0x0000, 0x0000, 0x0000, 0x0000,
0x0000, 0x0000, 0x0000, 0x0000, 0x0000, 0x0000, 0x0000, 0x0000, 0x0000, 0x0000, 0x0000, 0x0000, 0x0000, 0x0000, 0x0000, 0x0000,
0x0000, 0x0000, 0x0000, 0x0000, 0x0000, 0x0000, 0x0000, 0x0000, 0x0000, 0x0000, 0x0000, 0x0000, 0x0000, 0x0000, 0x0000, 0x0000,
0x0000, 0x0000, 0x0000, 0x0000, 0x0000, 0x0000, 0x0000, 0x0000, 0x0000, 0x0000, 0x0000, 0x0000, 0x0000, 0x0000, 0x0000, 0x0000,
0x0000, 0x0000, 0x0000, 0x0000, 0x0000, 0x0000, 0x0000, 0x0000, 0xbed9, 0xbed9, 0xbed9, 0xbed9, 0xbed9, 0xbed9, 0xbed9, 0xbed9,
0xbed9, 0xbed9, 0xbed9, 0xbed9, 0xbed9, 0xbed9, 0xbed9, 0xbed9, 0xbed9, 0xbed9, 0xbed9, 0xbed9, 0xbed9, 0xbed9, 0xbed9, 0xbed9,
0xbed9, 0xbed9, 0xbed9, 0xbed9, 0xbed9, 0xbed9, 0xbed9, 0xbed9, 0xbed9, 0xbed9, 0xbed9, 0xbed9, 0xbed9, 0xbed9, 0xbed9, 0xb6d9,
0xbeb9, 0xbefa, 0x9e75, 0x5d2c, 0x3c28, 0x33a8, 0x33e8, 0x33e8, 0x33e8, 0x33e8, 0x33e8, 0x33e8, 0x33e8, 0x33e8, 0x33e8, 0x33e8,
0x33e8, 0x33e8, 0x33e8, 0x33e8, 0x33e8, 0x33e8, 0x33e8, 0x33e9, 0x2bc8, 0x546c, 0xbed9, 0xbed9, 0x4c4a, 0x2b45, 0x22c5, 0x2b67,
0x4469, 0x33e8, 0x3c69, 0x44a8, 0x3c88, 0x4488, 0x44a8, 0x44c9, 0x4d0a, 0x4d2a, 0x3c69, 0x3368, 0x33e8, 0x33a8, 0x2b47, 0x2b67,
0x3388, 0x3388, 0x33c8, 0x33e9, 0x3c09, 0x3c09, 0x33c8, 0x8dd3, 0xc6fa, 0xb6b9, 0xbed9, 0xbed9, 0xbed9, 0xbed9, 0xbed9, 0xbed9,
0xbed9, 0xbed9, 0xbed9, 0xbed9, 0xbed9, 0xbed9, 0xbed9, 0xbed9, 0xbed9, 0xbed9, 0xbed9, 0xbed9, 0xbed9, 0xbed9, 0xbed9, 0xbed9,
0xbed9, 0xbed9, 0xbed9, 0xbed9, 0xbed9, 0xbed9, 0xbed9, 0xbed9, 0xbed9, 0xbed9, 0xbed9, 0xbed9, 0xbed9, 0xbed9, 0xbed9, 0xbed9,
0xbed9, 0xbed9, 0xbed9, 0xbed9, 0x0000, 0x0000, 0x0000, 0x0000, 0x0000, 0x0000, 0x530c, 0x0000, 0x0000, 0x0000, 0x0000, 0x0000,
0x0000, 0x0000, 0x0000, 0x0000, 0x0000, 0x66d4, 0x1984, 0x0000, 0x0000, 0x0000, 0x0000, 0x55b1, 0x2247, 0x0000, 0x5e12, 0x1a06,
0x0000, 0x0000, 0x0000, 0x0000, 0x0000, 0x2ae8, 0x4d2f, 0x0000, 0x0000, 0x0000, 0x0000, 0x0000, 0x0000, 0x0000, 0x6f15, 0x1164,
0x0000, 0x0000, 0x0000, 0x0000, 0x5570, 0x2ae8, 0x0000, 0x0000, 0x0000, 0x0000, 0x0000, 0x4cae, 0x5591, 0x0881, 0x0000, 0x0000,
0x0000, 0x0000, 0x0000, 0x0000, 0x0000, 0x0000, 0x0000, 0x0000, 0x0000, 0x0000, 0x0000, 0x1a06, 0x5550, 0x0000, 0x0000, 0x0000,
0x0000, 0x0000, 0x0000, 0x5e33, 0x1164, 0x0000, 0x2287, 0x446d, 0x0000, 0x0041, 0x6694, 0x08e2, 0x0000, 0x0000, 0x0000, 0x08e2,
0x5550, 0x336a, 0x0040, 0x08a2, 0x5e33, 0x4d2f, 0x0000, 0x338b, 0x2ac8, 0x08a2, 0x55b1, 0x0000, 0x0000, 0x0000, 0x0000, 0x5570,
0x19e6, 0x0000, 0x0000, 0x0000, 0x0000, 0x0000, 0x0000, 0x0000, 0x0000, 0x0000, 0x0000, 0x0000, 0x0000, 0x0000, 0x0000, 0x0000,
0x0000, 0x0000, 0x0000, 0x0000, 0x0000, 0x0000, 0x0000, 0x0000, 0x0000, 0x0000, 0x0000, 0x0000, 0x0000, 0x0000, 0x0000, 0x0000,
0x0000, 0x0000, 0x0000, 0x0000, 0x0000, 0x0000, 0x0000, 0x0000, 0x0000, 0x0000, 0x0000, 0x0000, 0x0000, 0x0000, 0x0000, 0x0000,
0x0000, 0x0000, 0x0000, 0x0000, 0x0000, 0x0000, 0x0000, 0x0000, 0x0000, 0x0000, 0x0000, 0x0000, 0x0000, 0x0000, 0x0000, 0x0000,
0x0000, 0x0000, 0x0000, 0x0000, 0x0000, 0x0000, 0x0000, 0x0000, 0xbed9, 0xbed9, 0xbed9, 0xbed9, 0xbed9, 0xbed9, 0xbed9, 0xbed9,
0xbed9, 0xbed9, 0xbed9, 0xbed9, 0xbed9, 0xbed9, 0xbed9, 0xbed9, 0xbed9, 0xbed9, 0xbed9, 0xbed9, 0xbed9, 0xbed9, 0xbed9, 0xbed9,
0xbed9, 0xbed9, 0xbed9, 0xbed9, 0xbed9, 0xbed9, 0xbed9, 0xbed9, 0xbed9, 0xbed9, 0xbed9, 0xbed9, 0xbed9, 0xbed9, 0xbed9, 0xbeda,
0xb6d8, 0x7df0, 0x3c89, 0x2ba8, 0x33c8, 0x33e8, 0x33e8, 0x33e8, 0x33e8, 0x33e8, 0x33e8, 0x33e8, 0x33e8, 0x33e8, 0x33e8, 0x33e8,
0x33e8, 0x33e8, 0x33e8, 0x33e8, 0x33e8, 0x33e8, 0x33e8, 0x33e8, 0x33e9, 0x2ba7, 0x7d51, 0xc6fa, 0x4c2a, 0x2b25, 0x22c5, 0x22e6,
0x33e8, 0x3c88, 0x3c88, 0x3c68, 0x3c68, 0x3c68, 0x3c68, 0x3c68, 0x3c68, 0x44a9, 0x4d4a, 0x44a9, 0x2b47, 0x2b67, 0x33e9, 0x3c09,
0x3c09, 0x33e9, 0x33a8, 0x2b67, 0x3be9, 0x2bc8, 0x5cce, 0xbefa, 0xb6b9, 0xbed9, 0xbed9, 0xbed9, 0xbed9, 0xbed9, 0xbed9, 0xbed9,
0xbed9, 0xbed9, 0xbed9, 0xbed9, 0xbed9, 0xbed9, 0xbed9, 0xbed9, 0xbed9, 0xbed9, 0xbed9, 0xbed9, 0xbed9, 0xbed9, 0xbed9, 0xbed9,
0xbed9, 0xbed9, 0xbed9, 0xbed9, 0xbed9, 0xbed9, 0xbed9, 0xbed9, 0xbed9, 0xbed9, 0xbed9, 0xbed9, 0xbed9, 0xbed9, 0xbed9, 0xbed9,
0xbed9, 0xbed9, 0xbed9, 0xbed9, 0x0000, 0x0000, 0x0000, 0x0000, 0x0000, 0x0000, 0x530c, 0x0000, 0x0000, 0x0000, 0x0000, 0x0000,
0x0000, 0x0000, 0x0000, 0x0000, 0x0000, 0x66d4, 0x338a, 0x0000, 0x0000, 0x0000, 0x0041, 0x6ef5, 0x1103, 0x0000, 0x5e12, 0x1a06,
0x0000, 0x0000, 0x0000, 0x0000, 0x0000, 0x2ae8, 0x4d2f, 0x0000, 0x0000, 0x0000, 0x0000, 0x0000, 0x0000, 0x0000, 0x5550, 0x2ae9,
0x0000, 0x0000, 0x0000, 0x0000, 0x66d4, 0x19c5, 0x0000, 0x0000, 0x0000, 0x0000, 0x2ac8, 0x6693, 0x0041, 0x0000, 0x0000, 0x0000,
0x0000, 0x0000, 0x0000, 0x0000, 0x0000, 0x0000, 0x0000, 0x0000, 0x0000, 0x0000, 0x0000, 0x0881, 0x66b4, 0x0000, 0x0000, 0x0000,
0x0000, 0x0000, 0x19e5, 0x55b1, 0x0000, 0x0000, 0x2287, 0x446d, 0x0000, 0x0000, 0x334a, 0x446d, 0x0000, 0x0000, 0x0000, 0x08e2,
0x5550, 0x0000, 0x0000, 0x0000, 0x448d, 0x2246, 0x0000, 0x3bcb, 0x2ac8, 0x08a2, 0x55b1, 0x0000, 0x0000, 0x0000, 0x0000, 0x66d4,
0x0881, 0x0000, 0x0000, 0x0000, 0x0000, 0x0000, 0x0000, 0x0000, 0x0000, 0x0000, 0x0000, 0x0000, 0x0000, 0x0000, 0x0000, 0x0000,
0x0000, 0x0000, 0x0000, 0x0000, 0x0000, 0x0000, 0x0000, 0x0000, 0x0000, 0x0000, 0x0000, 0x0000, 0x0000, 0x0000, 0x0000, 0x0000,
0x0000, 0x0000, 0x0000, 0x0000, 0x0000, 0x0000, 0x0000, 0x0000, 0x0000, 0x0000, 0x0000, 0x0000, 0x0000, 0x0000, 0x0000, 0x0000,
0x0000, 0x0000, 0x0000, 0x0000, 0x0000, 0x0000, 0x0000, 0x0000, 0x0000, 0x0000, 0x0000, 0x0000, 0x0000, 0x0000, 0x0000, 0x0000,
0x0000, 0x0000, 0x0000, 0x0000, 0x0000, 0x0000, 0x0000, 0x0000, 0xbed9, 0xbed9, 0xbed9, 0xbed9, 0xbed9, 0xbed9, 0xbed9, 0xbed9,
0xbed9, 0xbed9, 0xbed9, 0xbed9, 0xbed9, 0xbed9, 0xbed9, 0xbed9, 0xbed9, 0xbed9, 0xbed9, 0xbed9, 0xbed9, 0xbed9, 0xbed9, 0xbed9,
0xbed9, 0xbed9, 0xbed9, 0xbed9, 0xbed9, 0xbed9, 0xbed9, 0xbed9, 0xbed9, 0xbed9, 0xbed9, 0xbed9, 0xb6d9, 0xbed9, 0xbeda, 0x9e75,
0x552c, 0x33e8, 0x33c8, 0x33e8, 0x33e8, 0x33e8, 0x33e8, 0x33e8, 0x33e8, 0x33e8, 0x33e8, 0x33e8, 0x33e8, 0x33e8, 0x33e8, 0x33e8,
0x33e8, 0x33e8, 0x33e8, 0x33e8, 0x33e8, 0x33e8, 0x33e8, 0x33e8, 0x33e8, 0x33c8, 0x33e9, 0xa677, 0x546a, 0x2325, 0x22c5, 0x22e5,
0x3c48, 0x3c88, 0x3c88, 0x3c88, 0x3c88, 0x3c88, 0x3c88, 0x3c88, 0x3c88, 0x3c68, 0x3c68, 0x4d09, 0x4d0a, 0x3c29, 0x3c09, 0x3c09,
0x3be9, 0x3c09, 0x3c09, 0x3c09, 0x33c8, 0x4c4b, 0xae98, 0xbed9, 0xb6b9, 0xbed9, 0xbed9, 0xbed9, 0xbed9, 0xbed9, 0xbed9, 0xbed9,
0xbed9, 0xbed9, 0xbed9, 0xbed9, 0xbed9, 0xbed9, 0xbed9, 0xbed9, 0xbed9, 0xbed9, 0xbed9, 0xbed9, 0xbed9, 0xbed9, 0xbed9, 0xbed9,
0xbed9, 0xbed9, 0xbed9, 0xbed9, 0xbed9, 0xbed9, 0xbed9, 0xbed9, 0xbed9, 0xbed9, 0xbed9, 0xbed9, 0xbed9, 0xbed9, 0xbed9, 0xbed9,
0xbed9, 0xbed9, 0xbed9, 0xbed9, 0x0000, 0x0000, 0x0000, 0x0000, 0x0000, 0x0000, 0x530c, 0x0000, 0x0000, 0x0000, 0x0000, 0x0000,
0x0000, 0x0000, 0x0000, 0x0000, 0x0000, 0x66d4, 0x5e12, 0x2267, 0x0000, 0x0061, 0x4cce, 0x4d2f, 0x0000, 0x0000, 0x5e12, 0x2206,
0x0000, 0x0000, 0x0000, 0x0000, 0x0000, 0x2ae9, 0x5550, 0x0000, 0x0000, 0x0000, 0x0000, 0x0000, 0x0000, 0x0000, 0x1123, 0x66b4,
0x2226, 0x0020, 0x08c2, 0x4cae, 0x55d1, 0x0000, 0x0000, 0x2ac8, 0x0903, 0x0000, 0x6673, 0x2b09, 0x0000, 0x0000, 0x0000, 0x0000,
0x0881, 0x0061, 0x0000, 0x0000, 0x0000, 0x0000, 0x0000, 0x0000, 0x0000, 0x0000, 0x0000, 0x0000, 0x55b1, 0x19c5, 0x0000, 0x0000,
0x0000, 0x0041, 0x5e32, 0x2247, 0x0000, 0x0000, 0x2287, 0x446d, 0x0000, 0x0000, 0x0040, 0x66b4, 0x08c2, 0x0000, 0x0000, 0x08e2,
0x5550, 0x0000, 0x0000, 0x1123, 0x5df2, 0x0020, 0x0000, 0x1984, 0x1123, 0x08a2, 0x55b1, 0x0000, 0x0000, 0x0000, 0x19c5, 0x55b1,
0x0000, 0x0000, 0x0000, 0x0000, 0x0000, 0x0000, 0x0000, 0x0000, 0x0000, 0x0000, 0x0000, 0x0000, 0x0000, 0x0000, 0x0000, 0x0000,
0x0000, 0x0000, 0x0000, 0x0000, 0x0000, 0x0000, 0x0000, 0x0000, 0x0000, 0x0000, 0x0000, 0x0000, 0x0000, 0x0000, 0x0000, 0x0000,
0x0000, 0x0000, 0x0000, 0x0000, 0x0000, 0x0000, 0x0000, 0x0000, 0x0000, 0x0000, 0x0000, 0x0000, 0x0000, 0x0000, 0x0000, 0x0000,
0x0000, 0x0000, 0x0000, 0x0000, 0x0000, 0x0000, 0x0000, 0x0000, 0x0000, 0x0000, 0x0000, 0x0000, 0x0000, 0x0000, 0x0000, 0x0000,
0x0000, 0x0000, 0x0000, 0x0000, 0x0000, 0x0000, 0x0000, 0x0000, 0xbed9, 0xbed9, 0xbed9, 0xbed9, 0xbed9, 0xbed9, 0xbed9, 0xbed9,
0xbed9, 0xbed9, 0xbed9, 0xbed9, 0xbed9, 0xbed9, 0xbed9, 0xbed9, 0xbed9, 0xbed9, 0xbed9, 0xbed9, 0xbed9, 0xbed9, 0xbed9, 0xbed9,
0xbed9, 0xbed9, 0xbed9, 0xbed9, 0xbed9, 0xbed9, 0xbed9, 0xbed9, 0xbed9, 0xbed9, 0xbed9, 0xb6d9, 0xbeb9, 0xbed9, 0x8632, 0x3c69,
0x33c8, 0x33c8, 0x33e8, 0x33e8, 0x33e8, 0x33e8, 0x33e8, 0x33e8, 0x33e8, 0x33e8, 0x33e8, 0x33e8, 0x33e8, 0x33e8, 0x33e8, 0x33e8,
0x33e8, 0x33e8, 0x33e8, 0x33e8, 0x33e8, 0x33e8, 0x33e8, 0x33e8, 0x33e8, 0x33e9, 0x2ba8, 0x64ee, 0x546a, 0x2b45, 0x22c5, 0x3407,
0x4488, 0x3c68, 0x3c88, 0x3c88, 0x3c88, 0x3c88, 0x3c88, 0x3c88, 0x3c88, 0x3c88, 0x3c88, 0x3c68, 0x4ce9, 0x4d0a, 0x33a8, 0x33c8,
0x3c09, 0x3be9, 0x3be9, 0x3be9, 0x33e8, 0x9e15, 0xc6fa, 0xb6b9, 0xbed9, 0xbed9, 0xbed9, 0xbed9, 0xbed9, 0xbed9, 0xbed9, 0xbed9,
0xbed9, 0xbed9, 0xbed9, 0xbed9, 0xbed9, 0xbed9, 0xbed9, 0xbed9, 0xbed9, 0xbed9, 0xbed9, 0xbed9, 0xbed9, 0xbed9, 0xbed9, 0xbed9,
0xbed9, 0xbed9, 0xbed9, 0xbed9, 0xbed9, 0xbed9, 0xbed9, 0xbed9, 0xbed9, 0xbed9, 0xbed9, 0xbed9, 0xbed9, 0xbed9, 0xbed9, 0xbed9,
0xbed9, 0xbed9, 0xbed9, 0xbed9, 0x0000, 0x0000, 0x0000, 0x0000, 0x0000, 0x0000, 0x530c, 0x0000, 0x0000, 0x0000, 0x0000, 0x0000,
0x0000, 0x0000, 0x0000, 0x0000, 0x0000, 0x66d4, 0x1164, 0x4cce, 0x6673, 0x6694, 0x446d, 0x0041, 0x0000, 0x0000, 0x6694, 0x2267,
0x0000, 0x0000, 0x0000, 0x0000, 0x0000, 0x336a, 0x55d1, 0x0000, 0x0000, 0x0000, 0x0000, 0x0000, 0x0000, 0x0000, 0x0000, 0x1a06,
0x55b1, 0x6ef5, 0x6694, 0x446d, 0x0881, 0x0000, 0x0020, 0x7776, 0x2aa8, 0x08c2, 0x7776, 0x6f56, 0x6f56, 0x6f56, 0x6f56, 0x6f56,
0x7776, 0x2287, 0x0000, 0x0000, 0x0000, 0x0000, 0x0000, 0x0000, 0x0000, 0x0000, 0x0000, 0x0000, 0x2287, 0x4d50, 0x0000, 0x0000,
0x0000, 0x4cee, 0x448e, 0x0000, 0x0000, 0x0000, 0x2287, 0x446d, 0x0000, 0x0000, 0x0000, 0x3c2c, 0x3c0c, 0x0000, 0x0000, 0x08e2,
0x5550, 0x0000, 0x0061, 0x5e12, 0x1184, 0x0000, 0x0000, 0x0000, 0x0000, 0x08a2, 0x55b1, 0x0000, 0x0000, 0x0000, 0x5550, 0x2267,
0x0000, 0x0000, 0x0000, 0x0000, 0x0000, 0x0000, 0x0000, 0x0000, 0x0000, 0x0000, 0x0000, 0x0000, 0x0000, 0x0000, 0x0000, 0x0000,
0x0000, 0x0000, 0x0000, 0x0000, 0x0000, 0x0000, 0x0000, 0x0000, 0x0000, 0x0000, 0x0000, 0x0000, 0x0000, 0x0000, 0x0000, 0x0000,
0x0000, 0x0000, 0x0000, 0x0000, 0x0000, 0x0000, 0x0000, 0x0000, 0x0000, 0x0000, 0x0000, 0x0000, 0x0000, 0x0000, 0x0000, 0x0000,
0x0000, 0x0000, 0x0000, 0x0000, 0x0000, 0x0000, 0x0000, 0x0000, 0x0000, 0x0000, 0x0000, 0x0000, 0x0000, 0x0000, 0x0000, 0x0000,
0x0000, 0x0000, 0x0000, 0x0000, 0x0000, 0x0000, 0x0000, 0x0000, 0xbed9, 0xbed9, 0xbed9, 0xbed9, 0xbed9, 0xbed9, 0xbed9, 0xbed9,
0xbed9, 0xbed9, 0xbed9, 0xbed9, 0xbed9, 0xbed9, 0xbed9, 0xbed9, 0xbed9, 0xbed9, 0xbed9, 0xbed9, 0xbed9, 0xbed9, 0xbed9, 0xbed9,
0xbed9, 0xbed9, 0xbed9, 0xbed9, 0xbed9, 0xbed9, 0xbed9, 0xbed9, 0xbed9, 0xbed9, 0xb6d9, 0xbeda, 0xb6d8, 0x658e, 0x3428, 0x33c8,
0x33e8, 0x33e8, 0x33e8, 0x33e8, 0x33c8, 0x33e8, 0x33e8, 0x33e8, 0x33e8, 0x33e8, 0x33e8, 0x33e8, 0x33e8, 0x33e8, 0x33e8, 0x33e8,
0x33e8, 0x33e8, 0x33e8, 0x33e8, 0x33e8, 0x33e8, 0x33e8, 0x33e8, 0x33e8, 0x33e8, 0x33e8, 0x33e8, 0x3be7, 0x2b25, 0x33a6, 0x44a8,
0x3c68, 0x3c88, 0x3c88, 0x3c88, 0x3c88, 0x3c88, 0x3c88, 0x3c88, 0x3c88, 0x3c88, 0x3c88, 0x3c88, 0x3c68, 0x44e9, 0x4d0a, 0x3c09,
0x33e9, 0x3c09, 0x3c09, 0x33c8, 0x85d3, 0xc6fa, 0xb6b9, 0xbed9, 0xbed9, 0xbed9, 0xbed9, 0xbed9, 0xbed9, 0xbed9, 0xbed9, 0xbed9,
0xbed9, 0xbed9, 0xbed9, 0xbed9, 0xbed9, 0xbed9, 0xbed9, 0xbed9, 0xbed9, 0xbed9, 0xbed9, 0xbed9, 0xbed9, 0xbed9, 0xbed9, 0xbed9,
0xbed9, 0xbed9, 0xbed9, 0xbed9, 0xbed9, 0xbed9, 0xbed9, 0xbed9, 0xbed9, 0xbed9, 0xbed9, 0xbed9, 0xbed9, 0xbed9, 0xbed9, 0xbed9,
0xbed9, 0xbed9, 0xbed9, 0xbed9, 0x0000, 0x0000, 0x0000, 0x0000, 0x0000, 0x0000, 0x530c, 0x0000, 0x0000, 0x0000, 0x0000, 0x0000,
0x0000, 0x0000, 0x0000, 0x0000, 0x0000, 0x66d4, 0x08e2, 0x0000, 0x0000, 0x0000, 0x0000, 0x0000, 0x0000, 0x0000, 0x0000, 0x0000,
0x0000, 0x0000, 0x0000, 0x0000, 0x0000, 0x0000, 0x0000, 0x0000, 0x0000, 0x0000, 0x0000, 0x0000, 0x0000, 0x0000, 0x0000, 0x0000,
0x0000, 0x0000, 0x0000, 0x0000, 0x0000, 0x0000, 0x0000, 0x0000, 0x0000, 0x0000, 0x0020, 0x0000, 0x0000, 0x0000, 0x0000, 0x0000,
0x0000, 0x0000, 0x0000, 0x0000, 0x0000, 0x0000, 0x0000, 0x0000, 0x0000, 0x0000, 0x0000, 0x0000, 0x0000, 0x5df2, 0x2247, 0x0000,
0x0040, 0x44ae, 0x0040, 0x0000, 0x0903, 0x0041, 0x2ac8, 0x444d, 0x0000, 0x0000, 0x0000, 0x1123, 0x3c2c, 0x0000, 0x0000, 0x0903,
0x5550, 0x0881, 0x5591, 0x3349, 0x0000, 0x0000, 0x0000, 0x0061, 0x0020, 0x0903, 0x5591, 0x0000, 0x0000, 0x2247, 0x5dd1, 0x0000,
0x0000, 0x0000, 0x0000, 0x0000, 0x0000, 0x0000, 0x0000, 0x0000, 0x0000, 0x0000, 0x0000, 0x0000, 0x0000, 0x0000, 0x0000, 0x0000,
0x0000, 0x0000, 0x0000, 0x0000, 0x0000, 0x0000, 0x0000, 0x0000, 0x0000, 0x0000, 0x0000, 0x0000, 0x0000, 0x0000, 0x0000, 0x0000,
0x0000, 0x0000, 0x0000, 0x0000, 0x0000, 0x0000, 0x0000, 0x0000, 0x0000, 0x0000, 0x0000, 0x0000, 0x0000, 0x0000, 0x0000, 0x0000,
0x0000, 0x0000, 0x0000, 0x0000, 0x0000, 0x0000, 0x0000, 0x0000, 0x0000, 0x0000, 0x0000, 0x0000, 0x0000, 0x0000, 0x0000, 0x0000,
0x0000, 0x0000, 0x0000, 0x0000, 0x0000, 0x0000, 0x0000, 0x0000, 0xb6b9, 0xb6b9, 0xb6b9, 0xb6b9, 0xb6b9, 0xb6b9, 0xb6b9, 0xb6b9,
0xb6b9, 0xb6b9, 0xb6b9, 0xb6b9, 0xb6b9, 0xb6b9, 0xb6b9, 0xb6b9, 0xb6b9, 0xb6b9, 0xb6b9, 0xb6b9, 0xb6b9, 0xb6b9, 0xb6b9, 0xb6b9,
0xb6b9, 0xb6b9, 0xb6b9, 0xb6b9, 0xb6b9, 0xb6b9, 0xb6b9, 0xb6b9, 0xb6b9, 0xb6b9, 0xbeda, 0x9e75, 0x552b, 0x33e8, 0x33c8, 0x33e8,
0x33e8, 0x33e8, 0x33e8, 0x33c8, 0x33c8, 0x33e8, 0x33e8, 0x33e8, 0x33e8, 0x33e8, 0x33e8, 0x33c8, 0x33e8, 0x33e8, 0x33e8, 0x33e8,
0x33e8, 0x33e8, 0x33e8, 0x33e8, 0x33e8, 0x33e8, 0x33e8, 0x33e8, 0x33e8, 0x33e8, 0x33e8, 0x33e9, 0x33c7, 0x2b66, 0x3c48, 0x3c88,
0x3c88, 0x3c88, 0x3c88, 0x3c88, 0x3c88, 0x3c88, 0x3c88, 0x3c88, 0x3c88, 0x3c88, 0x3c88, 0x3c88, 0x3c88, 0x3c68, 0x44c9, 0x4d4a,
0x3c29, 0x3be9, 0x2bc7, 0x650f, 0xbefa, 0xb6b9, 0xb6b9, 0xb6b9, 0xb6b9, 0xb6b9, 0xb6b9, 0xb6b9, 0xb6b9, 0xb6b9, 0xb6b9, 0xb6b9,
0xb6b9, 0xb6b9, 0xb6b9, 0xb6b9, 0xb6b9, 0xb6b9, 0xb6b9, 0xb6b9, 0xb6b9, 0xb6b9, 0xb6b9, 0xb6b9, 0xb6b9, 0xb6b9, 0xb6b9, 0xb6b9,
0xb6b9, 0xb6b9, 0xbed9, 0xbed9, 0xbed9, 0xb6b9, 0xb6b9, 0xb6b9, 0xb6b9, 0xb6b9, 0xb6b9, 0xb6b9, 0xb6b9, 0xb6b9, 0xb6b9, 0xb6b9,
0xb6b9, 0xb6b9, 0xb6b9, 0xb6b9, 0x0000, 0x0000, 0x0000, 0x0000, 0x0000, 0x0000, 0x530c, 0x0000, 0x0000, 0x0000, 0x0000, 0x0000,
0x0000, 0x0000, 0x0000, 0x0000, 0x0000, 0x6ef5, 0x1103, 0x0000, 0x0000, 0x0000, 0x0000, 0x0000, 0x0000, 0x0000, 0x0000, 0x0000,
0x0000, 0x0000, 0x0000, 0x0000, 0x0000, 0x0000, 0x0000, 0x0000, 0x0000, 0x0000, 0x0000, 0x0000, 0x0000, 0x0000, 0x0000, 0x0000,
0x0000, 0x0000, 0x0000, 0x0000, 0x0000, 0x0000, 0x0000, 0x0000, 0x0000, 0x0000, 0x0000, 0x0000, 0x0000, 0x0000, 0x0000, 0x0000,
0x0000, 0x0000, 0x0000, 0x0000, 0x0000, 0x0000, 0x0000, 0x0000, 0x0000, 0x0000, 0x0000, 0x0000, 0x0000, 0x1103, 0x5e33, 0x08e2,
0x0000, 0x0000, 0x0000, 0x0000, 0x5550, 0x6653, 0x5e53, 0x1a06, 0x0000, 0x0000, 0x0000, 0x0000, 0x0000, 0x0000, 0x0000, 0x1123,
0x4d0f, 0x3329, 0x2ae9, 0x0000, 0x0000, 0x0000, 0x0000, 0x2aa8, 0x5df2, 0x5df2, 0x2ac8, 0x0000, 0x08e2, 0x5e32, 0x08e2, 0x0000,
0x0000, 0x0000, 0x0000, 0x0000, 0x0000, 0x0000, 0x0000, 0x0000, 0x0000, 0x0000, 0x0000, 0x0000, 0x0000, 0x0000, 0x0000, 0x0000,
0x0000, 0x0000, 0x0000, 0x0000, 0x0000, 0x0000, 0x0000, 0x0000, 0x0000, 0x0000, 0x0000, 0x0000, 0x0000, 0x0000, 0x0000, 0x0000,
0x0000, 0x0000, 0x0000, 0x0000, 0x0000, 0x0000, 0x0000, 0x0000, 0x0000, 0x0000, 0x0000, 0x0000, 0x0000, 0x0000, 0x0000, 0x0000,
0x0000, 0x0000, 0x0000, 0x0000, 0x0000, 0x0000, 0x0000, 0x0000, 0x0000, 0x0000, 0x0000, 0x0000, 0x0000, 0x0000, 0x0000, 0x0000,
0x0000, 0x0000, 0x0000, 0x0000, 0x0000, 0x0000, 0x0000, 0x0000, 0xb6b9, 0xb6b9, 0xb6b9, 0xb6b9, 0xb6b9, 0xb6b9, 0xb6b9, 0xb6b9,
0xb6b9, 0xb6b9, 0xb6b9, 0xb6b9, 0xb6b9, 0xb6b9, 0xb6b9, 0xb6b9, 0xb6b9, 0xb6b9, 0xb6b9, 0xb6b9, 0xb6b9, 0xb6b9, 0xb6b9, 0xb6b9,
0xb6b9, 0xb6b9, 0xb6b9, 0xb6b9, 0xb6b9, 0xb6b9, 0xbeb9, 0xb6b9, 0xb6b9, 0xbed9, 0x9e95, 0x4cca, 0x2bc8, 0x33e8, 0x33e8, 0x33e8,
0x33e8, 0x33e8, 0x33e8, 0x33e8, 0x33e8, 0x33e8, 0x33c8, 0x33e8, 0x33e8, 0x33e8, 0x33e8, 0x33e8, 0x33e8, 0x33e8, 0x33e8, 0x33e8,
0x33e8, 0x33e8, 0x33e8, 0x33e8, 0x33e8, 0x33e8, 0x33e8, 0x33e8, 0x33e8, 0x33e8, 0x33e8, 0x33e9, 0x33a7, 0x33a6, 0x3c88, 0x3c88,
0x3c88, 0x3c88, 0x3c88, 0x3c88, 0x3c88, 0x3c88, 0x3c88, 0x3c88, 0x3c88, 0x3c88, 0x3c88, 0x3c88, 0x3c88, 0x3c88, 0x3c68, 0x44a8,
0x554b, 0x3428, 0x5ccd, 0xb6b9, 0xb6b9, 0xb6b9, 0xb6b9, 0xb6b9, 0xb6b9, 0xb6b9, 0xb6b9, 0xb6b9, 0xb6b9, 0xb6b9, 0xb6b9, 0xb6b9,
0xb6b9, 0xb6b9, 0xb6b9, 0xb6b9, 0xb6b9, 0xb6b9, 0xb6b9, 0xb6b9, 0xb6b9, 0xb6b9, 0xb6b9, 0xb6b9, 0xb6b9, 0xb6b9, 0xb6b9, 0xb6b9,
0xb6b9, 0xb6b9, 0xb6b8, 0xb6b8, 0xb698, 0xb698, 0xb698, 0xb6b8, 0xb6b9, 0xb6b9, 0xb6b9, 0xb6b9, 0xb6b9, 0xb6b9, 0xb6b9, 0xb6b9,
0xb6b9, 0xb6b9, 0xb6b9, 0xb6b9, 0x0000, 0x0000, 0x0000, 0x0000, 0x0000, 0x0000, 0x530c, 0x0000, 0x0000, 0x0000, 0x0000, 0x0000,
0x0000, 0x0000, 0x0000, 0x0000, 0x0000, 0x5e12, 0x1123, 0x0000, 0x0000, 0x0000, 0x0000, 0x0000, 0x0000, 0x0000, 0x0000, 0x0000,
0x0000, 0x0000, 0x0000, 0x0000, 0x0000, 0x0000, 0x0000, 0x0000, 0x0000, 0x0000, 0x0000, 0x0000, 0x0000, 0x0000, 0x0000, 0x0000,
0x0000, 0x0000, 0x0000, 0x0000, 0x0000, 0x0000, 0x0000, 0x0000, 0x0000, 0x0000, 0x0000, 0x0000, 0x0000, 0x0000, 0x0000, 0x0000,
0x0000, 0x0000, 0x0000, 0x0000, 0x0000, 0x0000, 0x0000, 0x0000, 0x0000, 0x0000, 0x0000, 0x0000, 0x0000, 0x0000, 0x0000, 0x0000,
0x0000, 0x0000, 0x0000, 0x0000, 0x0000, 0x0000, 0x0000, 0x0000, 0x0000, 0x0000, 0x0000, 0x0000, 0x0000, 0x0000, 0x0000, 0x0000,
0x0000, 0x0000, 0x0000, 0x0000, 0x0000, 0x0000, 0x0000, 0x0000, 0x0000, 0x0000, 0x0000, 0x0000, 0x0000, 0x0000, 0x0000, 0x0000,
0x0000, 0x0000, 0x0000, 0x0000, 0x0000, 0x0000, 0x0000, 0x0000, 0x0000, 0x0000, 0x0000, 0x0000, 0x0000, 0x0000, 0x0000, 0x0000,
0x0000, 0x0000, 0x0000, 0x0000, 0x0000, 0x0000, 0x0000, 0x0000, 0x0000, 0x0000, 0x0000, 0x0000, 0x0000, 0x0000, 0x0000, 0x0000,
0x0000, 0x0000, 0x0000, 0x0000, 0x0000, 0x0000, 0x0000, 0x0000, 0x0000, 0x0000, 0x0000, 0x0000, 0x0000, 0x0000, 0x0000, 0x0000,
0x0000, 0x0000, 0x0000, 0x0000, 0x0000, 0x0000, 0x0000, 0x0000, 0x0000, 0x0000, 0x0000, 0x0000, 0x0000, 0x0000, 0x0000, 0x0000,
0x0000, 0x0000, 0x0000, 0x0000, 0x0000, 0x0000, 0x0000, 0x0000, 0xb6b8, 0xb6b8, 0xb6b8, 0xb6b8, 0xb6b8, 0xb6b8, 0xb6b8, 0xb6b8,
0xb6b8, 0xb6b8, 0xb6b8, 0xb6b8, 0xb6b8, 0xb6b8, 0xb6b8, 0xb6b8, 0xb6b8, 0xb6b8, 0xb6b8, 0xb6b8, 0xb6b8, 0xb6b8, 0xb6b8, 0xb6b8,
0xb6b8, 0xb6b8, 0xb6b8, 0xb6b8, 0xb698, 0xb698, 0xb698, 0xb678, 0xb698, 0x8e32, 0x44aa, 0x33c8, 0x33e8, 0x33e8, 0x33e8, 0x33e8,
0x33e8, 0x33e8, 0x33e8, 0x33e8, 0x33e8, 0x33e8, 0x33c8, 0x33e8, 0x33e8, 0x33e8, 0x33e8, 0x33e8, 0x33e8, 0x33e8, 0x33e8, 0x33e8,
0x33e8, 0x33e8, 0x33e8, 0x33e8, 0x33e8, 0x33e8, 0x33e8, 0x33e8, 0x33e8, 0x33e8, 0x33e8, 0x33e8, 0x33c7, 0x3366, 0x3c68, 0x4488,
0x3c88, 0x3c68, 0x3c88, 0x3c88, 0x3c88, 0x3c88, 0x3c88, 0x3c88, 0x3c88, 0x3c88, 0x3c88, 0x3c88, 0x3c88, 0x3c88, 0x3c88, 0x3c68,
0x44a9, 0x4509, 0x8e33, 0xc6d9, 0xb698, 0xb6b8, 0xb6b8, 0xb6b8, 0xb6b8, 0xb6b8, 0xb6b8, 0xb6b8, 0xb6b8, 0xb6b8, 0xb6b8, 0xb6b8,
0xb6b8, 0xb6b8, 0xb6b8, 0xb6b8, 0xb6b8, 0xb6b8, 0xb6b8, 0xb6b8, 0xb6b8, 0xb6b8, 0xb6b8, 0xb6b8, 0xb6b8, 0xb6b8, 0xb6b8, 0xb698,
0xb698, 0xb677, 0xb677, 0xb678, 0xb698, 0xb6b8, 0xb6b8, 0xb6b8, 0xb6b8, 0xb6b8, 0xb6b8, 0xb6b8, 0xb6b8, 0xb6b8, 0xb6b8, 0xb6b8,
0xb6b8, 0xb6b8, 0xb6b8, 0xb6b8, 0x0000, 0x0000, 0x0000, 0x0000, 0x0000, 0x0000, 0x530c, 0x0000, 0x0000, 0x0000, 0x0000, 0x0000,
0x0000, 0x0000, 0x0000, 0x0000, 0x0000, 0x0000, 0x0000, 0x0000, 0x0000, 0x0000, 0x0000, 0x0000, 0x0000, 0x0000, 0x0000, 0x0000,
0x0000, 0x0000, 0x0000, 0x0000, 0x0000, 0x0000, 0x0000, 0x0000, 0x0000, 0x0000, 0x0000, 0x0000, 0x0000, 0x0000, 0x0000, 0x0000,
0x0000, 0x0000, 0x0000, 0x0000, 0x0000, 0x0000, 0x0000, 0x0000, 0x0000, 0x0000, 0x0000, 0x0000, 0x0000, 0x0000, 0x0000, 0x0000,
0x0000, 0x0000, 0x0000, 0x0000, 0x0000, 0x0000, 0x0000, 0x0000, 0x0000, 0x0000, 0x0000, 0x0000, 0x0000, 0x0000, 0x0000, 0x0000,
0x0000, 0x0000, 0x0000, 0x0000, 0x0000, 0x0000, 0x0000, 0x0000, 0x0000, 0x0000, 0x0000, 0x0000, 0x0000, 0x0000, 0x0000, 0x0000,
0x0000, 0x0000, 0x0000, 0x0000, 0x0000, 0x0000, 0x0000, 0x0000, 0x0000, 0x0000, 0x0000, 0x0000, 0x0000, 0x0000, 0x0000, 0x0000,
0x0000, 0x0000, 0x0000, 0x0000, 0x0000, 0x0000, 0x0000, 0x0000, 0x0000, 0x0000, 0x0000, 0x0000, 0x0000, 0x0000, 0x0000, 0x0000,
0x0000, 0x0000, 0x0000, 0x0000, 0x0000, 0x0000, 0x0000, 0x0000, 0x0000, 0x0000, 0x0000, 0x0000, 0x0000, 0x0000, 0x0000, 0x0000,
0x0000, 0x0000, 0x0000, 0x0000, 0x0000, 0x0000, 0x0000, 0x0000, 0x0000, 0x0000, 0x0000, 0x0000, 0x0000, 0x0000, 0x0000, 0x0000,
0x0000, 0x0000, 0x0000, 0x0000, 0x0000, 0x0000, 0x0000, 0x0000, 0x0000, 0x0000, 0x0000, 0x0000, 0x0000, 0x0000, 0x0000, 0x0000,
0x0000, 0x0000, 0x0000, 0x0000, 0x0000, 0x0000, 0x0000, 0x0000, 0xb698, 0xb698, 0xb698, 0xb698, 0xb698, 0xb698, 0xb698, 0xb698,
0xb698, 0xb698, 0xb698, 0xb698, 0xb698, 0xb698, 0xb698, 0xb698, 0xb698, 0xb698, 0xb6b8, 0xb6b8, 0xb698, 0xb697, 0xb697, 0xb677,
0xae77, 0xae57, 0xae57, 0xae57, 0xae57, 0xae77, 0xb677, 0xb677, 0x7dd0, 0x3ca9, 0x33c8, 0x33e8, 0x33e8, 0x33e8, 0x33e8, 0x33e8,
0x33e8, 0x33e8, 0x33e8, 0x33e8, 0x33e8, 0x33e8, 0x33e8, 0x33e8, 0x33e8, 0x33e8, 0x33e8, 0x33e8, 0x33e8, 0x33e8, 0x33e8, 0x33e8,
0x33e8, 0x33e8, 0x33e8, 0x33e8, 0x33e8, 0x33e8, 0x33e8, 0x33e8, 0x33e8, 0x33e8, 0x33e8, 0x33e8, 0x33c7, 0x2b45, 0x33c7, 0x3c48,
0x3c88, 0x4488, 0x3c88, 0x3c88, 0x3c88, 0x3c88, 0x3c88, 0x3c88, 0x3c88, 0x3c88, 0x3c68, 0x3c88, 0x3c88, 0x3c88, 0x3c88, 0x3c88,
0x3c68, 0x4488, 0x4d4a, 0x9654, 0xbeb8, 0xb697, 0xb698, 0xb698, 0xb698, 0xb698, 0xb698, 0xb698, 0xb698, 0xb698, 0xb698, 0xb698,
0xb698, 0xb698, 0xb698, 0xb698, 0xb698, 0xb698, 0xb698, 0xb698, 0xb698, 0xb698, 0xb698, 0xb698, 0xb677, 0xae77, 0xae56, 0xae57,
0xae57, 0xb677, 0xb698, 0xb698, 0xb698, 0xb698, 0xb698, 0xb698, 0xb698, 0xb698, 0xb698, 0xb698, 0xb698, 0xb698, 0xb698, 0xb698,
0xb698, 0xb698, 0xb698, 0xb698, 0x0000, 0x0000, 0x0000, 0x0000, 0x0000, 0x0000, 0x530c, 0x0000, 0x0000, 0x0000, 0x0000, 0x0000,
0x0000, 0x0000, 0x0000, 0x0000, 0x0000, 0x0000, 0x0000, 0x0000, 0x0000, 0x0000, 0x0000, 0x0000, 0x0000, 0x0000, 0x0000, 0x0000,
0x0000, 0x0000, 0x0000, 0x0000, 0x0000, 0x0000, 0x0000, 0x0000, 0x0000, 0x0000, 0x0000, 0x0000, 0x0000, 0x0000, 0x0000, 0x0000,
0x0000, 0x0000, 0x0000, 0x0000, 0x0000, 0x0000, 0x0000, 0x0000, 0x0000, 0x0000, 0x0000, 0x0000, 0x0000, 0x0000, 0x0000, 0x0000,
0x0000, 0x0000, 0x0000, 0x0000, 0x0000, 0x0000, 0x0000, 0x0000, 0x0000, 0x0000, 0x0000, 0x0000, 0x0000, 0x0000, 0x0000, 0x0000,
0x0000, 0x0000, 0x0000, 0x0000, 0x0000, 0x0000, 0x0000, 0x0000, 0x0000, 0x0000, 0x0000, 0x0000, 0x0000, 0x0000, 0x0000, 0x0000,
0x0000, 0x0000, 0x0000, 0x0000, 0x0000, 0x0000, 0x0000, 0x0000, 0x0000, 0x0000, 0x0000, 0x0000, 0x0000, 0x0000, 0x0000, 0x0000,
0x0000, 0x0000, 0x0000, 0x0000, 0x0000, 0x0000, 0x0000, 0x0000, 0x0000, 0x0000, 0x0000, 0x0000, 0x0000, 0x0000, 0x0000, 0x0000,
0x0000, 0x0000, 0x0000, 0x0000, 0x0000, 0x0000, 0x0000, 0x0000, 0x0000, 0x0000, 0x0000, 0x0000, 0x0000, 0x0000, 0x0000, 0x0000,
0x0000, 0x0000, 0x0000, 0x0000, 0x0000, 0x0000, 0x0000, 0x0000, 0x0000, 0x0000, 0x0000, 0x0000, 0x0000, 0x0000, 0x0000, 0x0000,
0x0000, 0x0000, 0x0000, 0x0000, 0x0000, 0x0000, 0x0000, 0x0000, 0x0000, 0x0000, 0x0000, 0x0000, 0x0000, 0x0000, 0x0000, 0x0000,
0x0000, 0x0000, 0x0000, 0x0000, 0x0000, 0x0000, 0x0000, 0x0000, 0xb697, 0xb697, 0xb697, 0xb697, 0xb697, 0xb697, 0xb697, 0xb697,
0xb697, 0xb697, 0xb697, 0xb697, 0xb697, 0xb697, 0xb697, 0xb697, 0xb677, 0xae56, 0xae56, 0xae36, 0xae36, 0xae36, 0xae36, 0xae36,
0xae56, 0xae56, 0xb677, 0xb677, 0xb697, 0xb697, 0xb697, 0xb6b7, 0x6d2f, 0x2b87, 0x33e9, 0x33e8, 0x33e8, 0x33e8, 0x33e8, 0x33e8,
0x33e8, 0x33e8, 0x33e8, 0x33e8, 0x33e8, 0x33e8, 0x33e8, 0x33e8, 0x33e8, 0x33e8, 0x33e8, 0x33e8, 0x33e8, 0x33e8, 0x33e8, 0x33e8,
0x33e8, 0x33e8, 0x33e8, 0x33e8, 0x33e8, 0x33e8, 0x33e8, 0x33e8, 0x33e8, 0x33e8, 0x33e8, 0x33e8, 0x33c7, 0x2b66, 0x33c7, 0x33c7,
0x33a6, 0x3407, 0x3c68, 0x3c88, 0x3c88, 0x3c88, 0x3c68, 0x3c88, 0x3c88, 0x3c88, 0x3c88, 0x3c48, 0x3c48, 0x3c88, 0x3c88, 0x3c88,
0x3c88, 0x3c68, 0x3c88, 0x4d2a, 0x9654, 0xbe98, 0xb697, 0xb697, 0xb697, 0xb697, 0xb697, 0xb697, 0xb697, 0xb697, 0xb697, 0xb697,
0xb697, 0xb697, 0xb697, 0xb697, 0xb697, 0xb697, 0xb697, 0xb697, 0xb697, 0xae76, 0xae36, 0xae36, 0xae36, 0xae56, 0xae77, 0xb677,
0xb697, 0xb697, 0xb697, 0xb697, 0xb697, 0xb697, 0xb697, 0xb697, 0xb697, 0xb697, 0xb697, 0xb697, 0xb697, 0xb697, 0xb697, 0xb697,
0xb697, 0xb697, 0xb697, 0xb697, 0x0000, 0x0000, 0x0000, 0x0000, 0x0000, 0x0000, 0x530c, 0x0000, 0x0000, 0x0000, 0x0000, 0x0000,
0x0000, 0x0000, 0x0000, 0x0000, 0x0000, 0x0000, 0x0000, 0x0000, 0x0000, 0x0000, 0x0000, 0x0000, 0x0000, 0x0000, 0x0000, 0x0000,
0x0000, 0x0000, 0x0000, 0x0000, 0x0000, 0x0000, 0x0000, 0x0000, 0x0000, 0x0000, 0x0000, 0x0000, 0x0000, 0x0000, 0x0000, 0x0000,
0x0000, 0x0000, 0x0000, 0x0000, 0x0000, 0x0000, 0x0000, 0x0000, 0x0000, 0x0000, 0x0000, 0x0000, 0x0000, 0x0000, 0x0000, 0x0000,
0x0000, 0x0000, 0x0000, 0x0000, 0x0000, 0x0000, 0x0000, 0x0000, 0x0000, 0x0000, 0x0000, 0x0000, 0x0000, 0x0000, 0x0000, 0x0000,
0x0000, 0x0000, 0x0000, 0x0000, 0x0000, 0x0000, 0x0000, 0x0000, 0x0000, 0x0000, 0x0000, 0x0000, 0x0000, 0x0000, 0x0000, 0x0000,
0x0000, 0x0000, 0x0000, 0x0000, 0x0000, 0x0000, 0x0000, 0x0000, 0x0000, 0x0000, 0x0000, 0x0000, 0x0000, 0x0000, 0x0000, 0x0000,
0x0000, 0x0000, 0x0000, 0x0000, 0x0000, 0x0000, 0x0000, 0x0000, 0x0000, 0x0000, 0x0000, 0x0000, 0x0000, 0x0000, 0x0000, 0x0000,
0x0000, 0x0000, 0x0000, 0x0000, 0x0000, 0x0000, 0x0000, 0x0000, 0x0000, 0x0000, 0x0000, 0x0000, 0x0000, 0x0000, 0x0000, 0x0000,
0x0000, 0x0000, 0x0000, 0x0000, 0x0000, 0x0000, 0x0000, 0x0000, 0x0000, 0x0000, 0x0000, 0x0000, 0x0000, 0x0000, 0x0000, 0x0000,
0x0000, 0x0000, 0x0000, 0x0000, 0x0000, 0x0000, 0x0000, 0x0000, 0x0000, 0x0000, 0x0000, 0x0000, 0x0000, 0x0000, 0x0000, 0x0000,
0x0000, 0x0000, 0x0000, 0x0000, 0x0000, 0x0000, 0x0000, 0x0000, 0xb676, 0xb676, 0xb676, 0xb676, 0xb676, 0xb676, 0xb696, 0xb696,
0xb676, 0xb676, 0xae56, 0xae36, 0xae35, 0xa615, 0xa615, 0xa5f5, 0xa615, 0xa615, 0xae35, 0xae36, 0xae56, 0xb676, 0xb676, 0xb676,
0xb676, 0xb676, 0xb676, 0xb676, 0xb676, 0xb676, 0xb676, 0xb676, 0xbe97, 0x6cce, 0x2366, 0x33e9, 0x33e8, 0x33e8, 0x33e8, 0x33e8,
0x33e8, 0x33e8, 0x33e8, 0x33e8, 0x33e8, 0x33e8, 0x33e8, 0x33e8, 0x33e8, 0x33e8, 0x33e8, 0x33e8, 0x33e8, 0x33e8, 0x33e8, 0x33e8,
0x33e8, 0x33e8, 0x33e8, 0x33e8, 0x33e8, 0x33e8, 0x33e8, 0x33e8, 0x33e8, 0x33e8, 0x33c8, 0x3409, 0x3bc8, 0x6d0e, 0x44a9, 0x3c88,
0x3c68, 0x3407, 0x33c7, 0x33c7, 0x3427, 0x3c68, 0x4488, 0x3c88, 0x3c88, 0x3c88, 0x3c07, 0x33e7, 0x3c68, 0x3c88, 0x3c88, 0x3c88,
0x3c88, 0x3c88, 0x3c88, 0x3c88, 0x4d2a, 0x9613, 0xb677, 0xb676, 0xb676, 0xb676, 0xb676, 0xb676, 0xb676, 0xb676, 0xb676, 0xb676,
0xb676, 0xb676, 0xb676, 0xb676, 0xb676, 0xb676, 0xae35, 0xa615, 0xa5f5, 0xa5f5, 0xa615, 0xae56, 0xb676, 0xb676, 0xb676, 0xb676,
0xb676, 0xb676, 0xb676, 0xb676, 0xb676, 0xb676, 0xb676, 0xb676, 0xb676, 0xb676, 0xb676, 0xb676, 0xb676, 0xb676, 0xb676, 0xb676,
0xb676, 0xb676, 0xb676, 0xb676, 0x0000, 0x0000, 0x0000, 0x0000, 0x0000, 0x0000, 0x530c, 0x0000, 0x0000, 0x0000, 0x0000, 0x0000,
0x0000, 0x0000, 0x0000, 0x0000, 0x0000, 0x0000, 0x0000, 0x0000, 0x0000, 0x0000, 0x0000, 0x0000, 0x0000, 0x0000, 0x0000, 0x0000,
0x0000, 0x0000, 0x0000, 0x0000, 0x0000, 0x0000, 0x0000, 0x0000, 0x0000, 0x0000, 0x0000, 0x0000, 0x0000, 0x0000, 0x0000, 0x0000,
0x0000, 0x0000, 0x0000, 0x0000, 0x0000, 0x0000, 0x0000, 0x0000, 0x0000, 0x0000, 0x0000, 0x0000, 0x0000, 0x0000, 0x0000, 0x0000,
0x0000, 0x0000, 0x0000, 0x0000, 0x0000, 0x0000, 0x0000, 0x0000, 0x0000, 0x0000, 0x0000, 0x0000, 0x0000, 0x0000, 0x0000, 0x0000,
0x0000, 0x0000, 0x0000, 0x0000, 0x0000, 0x0000, 0x0000, 0x0000, 0x0000, 0x0000, 0x0000, 0x0000, 0x0000, 0x0000, 0x0000, 0x0000,
0x0000, 0x0000, 0x0000, 0x0000, 0x0000, 0x0000, 0x0000, 0x0000, 0x0000, 0x0000, 0x0000, 0x0000, 0x0000, 0x0000, 0x0000, 0x0000,
0x0000, 0x0000, 0x0000, 0x0000, 0x0000, 0x0000, 0x0000, 0x0000, 0x0000, 0x0000, 0x0000, 0x0000, 0x0000, 0x0000, 0x0000, 0x0000,
0x0000, 0x0000, 0x0000, 0x0000, 0x0000, 0x0000, 0x0000, 0x0000, 0x0000, 0x0000, 0x0000, 0x0000, 0x0000, 0x0000, 0x0000, 0x0000,
0x0000, 0x0000, 0x0000, 0x0000, 0x0000, 0x0000, 0x0000, 0x0000, 0x0000, 0x0000, 0x0000, 0x0000, 0x0000, 0x0000, 0x0000, 0x0000,
0x0000, 0x0000, 0x0000, 0x0000, 0x0000, 0x0000, 0x0000, 0x0000, 0x0000, 0x0000, 0x0000, 0x0000, 0x0000, 0x0000, 0x0000, 0x0000,
0x0000, 0x0000, 0x0000, 0x0000, 0x0000, 0x0000, 0x0000, 0x0000, 0xb676, 0xb676, 0xb676, 0xb656, 0xae55, 0xae35, 0xa614, 0xa5f4,
0xa5d4, 0xa5d4, 0xa5d4, 0xa5f4, 0xa615, 0xae35, 0xae35, 0xae56, 0xb676, 0xb676, 0xb676, 0xb676, 0xb676, 0xb676, 0xb676, 0xb676,
0xb676, 0xb676, 0xb676, 0xb676, 0xb676, 0xb676, 0xb676, 0xb676, 0xb676, 0xb696, 0x6cae, 0x2366, 0x33e8, 0x33e9, 0x33e8, 0x33e8,
0x33e8, 0x33e8, 0x33e8, 0x33e8, 0x33e8, 0x33e8, 0x33e8, 0x33e8, 0x33e8, 0x33e8, 0x33e8, 0x33e8, 0x33e8, 0x33e8, 0x33e8, 0x33e8,
0x33e8, 0x33e8, 0x33e8, 0x33e8, 0x33e8, 0x33e8, 0x33e8, 0x33e8, 0x33e8, 0x33e8, 0x33c8, 0x33e8, 0x43e9, 0x9e13, 0x4cca, 0x3c68,
0x3c88, 0x4488, 0x3c88, 0x3c48, 0x33e7, 0x2ba6, 0x33e7, 0x3c28, 0x3c68, 0x33e7, 0x3c27, 0x3c88, 0x3c88, 0x3c88, 0x3c68, 0x3c88,
0x3c88, 0x3c07, 0x3c48, 0x3c88, 0x3c88, 0x4d2a, 0x9e34, 0xb676, 0xae76, 0xb676, 0xb676, 0xb676, 0xb676, 0xb676, 0xb676, 0xb676,
0xb676, 0xb676, 0xae55, 0xae15, 0xa5f4, 0x9dd4, 0xa5d4, 0xa5f5, 0xae35, 0xb676, 0xb676, 0xb676, 0xb676, 0xb676, 0xb676, 0xb676,
0xb676, 0xb676, 0xb676, 0xb676, 0xb676, 0xb676, 0xb676, 0xb676, 0xb676, 0xb676, 0xb676, 0xb676, 0xb676, 0xb676, 0xb676, 0xb676,
0xb676, 0xb676, 0xb676, 0xb676, 0x0000, 0x0000, 0x0000, 0x0000, 0x0000, 0x0000, 0x530c, 0x0000, 0x0000, 0x0000, 0x0000, 0x0000,
0x0000, 0x0000, 0x0000, 0x0000, 0x0000, 0x0000, 0x0000, 0x0000, 0x0000, 0x0000, 0x0000, 0x0000, 0x0000, 0x0000, 0x0000, 0x0000,
0x0000, 0x0000, 0x0000, 0x0000, 0x0000, 0x0000, 0x0000, 0x0000, 0x0000, 0x0000, 0x0000, 0x0000, 0x0000, 0x0000, 0x0000, 0x0000,
0x0000, 0x0000, 0x0000, 0x0000, 0x0000, 0x0000, 0x0000, 0x0000, 0x0000, 0x0000, 0x0000, 0x0000, 0x0000, 0x0000, 0x0000, 0x0000,
0x0000, 0x0000, 0x0000, 0x0000, 0x0000, 0x0000, 0x0000, 0x0000, 0x0000, 0x0000, 0x0000, 0x0000, 0x0000, 0x0000, 0x0000, 0x0000,
0x0000, 0x0000, 0x0000, 0x0000, 0x0000, 0x0000, 0x0000, 0x0000, 0x0000, 0x0000, 0x0000, 0x0000, 0x0000, 0x0000, 0x0000, 0x0000,
0x0000, 0x0000, 0x0000, 0x0000, 0x0000, 0x0000, 0x0000, 0x0000, 0x0000, 0x0000, 0x0000, 0x0000, 0x0000, 0x0000, 0x0000, 0x0000,
0x0000, 0x0000, 0x0000, 0x0000, 0x0000, 0x0000, 0x0000, 0x0000, 0x0000, 0x0000, 0x0000, 0x0000, 0x0000, 0x0000, 0x0000, 0x0000,
0x0000, 0x0000, 0x0000, 0x0000, 0x0000, 0x0000, 0x0000, 0x0000, 0x0000, 0x0000, 0x0000, 0x0000, 0x0000, 0x0000, 0x0000, 0x0000,
0x0000, 0x0000, 0x0000, 0x0000, 0x0000, 0x0000, 0x0000, 0x0000, 0x0000, 0x0000, 0x0000, 0x0000, 0x0000, 0x0000, 0x0000, 0x0000,
0x0000, 0x0000, 0x0000, 0x0000, 0x0000, 0x0000, 0x0000, 0x0000, 0x0000, 0x0000, 0x0000, 0x0000, 0x0000, 0x0000, 0x0000, 0x0000,
0x0000, 0x0000, 0x0000, 0x0000, 0x0000, 0x0000, 0x0000, 0x0000, 0xa5f4, 0x9db3, 0x9db3, 0x9db3, 0x9db3, 0x9dd3, 0xa5f4, 0xa614,
0xae35, 0xae35, 0xb655, 0xb655, 0xb655, 0xb655, 0xb655, 0xb655, 0xae55, 0xae55, 0xae55, 0xae55, 0xae55, 0xae55, 0xae55, 0xae55,
0xae55, 0xae55, 0xae55, 0xae55, 0xae55, 0xae55, 0xae55, 0xb655, 0xae55, 0xae55, 0xb676, 0x8550, 0x33a8, 0x2bc8, 0x33e9, 0x33e8,
0x33e8, 0x33e8, 0x33e8, 0x33e8, 0x33e8, 0x33e8, 0x33e8, 0x33e8, 0x33e8, 0x33e8, 0x33e8, 0x33e8, 0x33e8, 0x33e8, 0x33e8, 0x33e8,
0x33e8, 0x33e8, 0x33e8, 0x33e8, 0x33e8, 0x33e8, 0x33e8, 0x33e8, 0x33e8, 0x33c8, 0x3c09, 0x3c28, 0x33c7, 0x3bc7, 0x2b46, 0x3c48,
0x3c88, 0x3c68, 0x3c88, 0x3c88, 0x4488, 0x3c88, 0x3c48, 0x33e7, 0x2b66, 0x33c7, 0x3c68, 0x3c88, 0x3c88, 0x3c88, 0x3c88, 0x3c48,
0x33c7, 0x3c07, 0x3c88, 0x3c88, 0x3c68, 0x3ca8, 0x5d6c, 0xa634, 0xb655, 0xae55, 0xae55, 0xb655, 0xb655, 0xb655, 0xb655, 0xae34,
0xa5f4, 0x9db3, 0x9d93, 0x9db3, 0xa5f4, 0xae35, 0xae55, 0xb655, 0xb655, 0xb655, 0xae55, 0xae55, 0xae55, 0xae55, 0xae55, 0xae55,
0xae55, 0xae55, 0xae55, 0xae55, 0xae55, 0xae55, 0xae55, 0xae55, 0xae55, 0xae55, 0xae55, 0xae55, 0xae55, 0xae55, 0xae55, 0xae55,
0xae55, 0xae55, 0xae55, 0xae55, 0x0000, 0x0000, 0x0000, 0x0000, 0x0000, 0x0000, 0x530c, 0x0000, 0x0000, 0x0000, 0x0000, 0x0000,
0x0000, 0x0000, 0x0000, 0x0000, 0x0000, 0x0000, 0x0000, 0x0000, 0x0000, 0x0000, 0x0000, 0x0000, 0x0000, 0x0000, 0x0000, 0x0000,
0x0000, 0x0000, 0x0000, 0x0000, 0x0000, 0x0000, 0x0000, 0x0000, 0x0000, 0x0000, 0x0000, 0x0000, 0x0000, 0x0000, 0x0000, 0x0000,
0x0000, 0x0000, 0x0000, 0x0000, 0x0000, 0x0000, 0x0000, 0x0000, 0x0000, 0x0000, 0x0000, 0x0000, 0x0000, 0x0000, 0x0000, 0x0000,
0x0000, 0x0000, 0x0000, 0x0000, 0x0000, 0x0000, 0x0000, 0x0000, 0x0000, 0x0000, 0x0000, 0x0000, 0x0000, 0x0000, 0x0000, 0x0000,
0x0000, 0x0000, 0x0000, 0x0000, 0x0000, 0x0000, 0x0000, 0x0000, 0x0000, 0x0000, 0x0000, 0x0000, 0x0000, 0x0000, 0x0000, 0x0000,
0x0000, 0x0000, 0x0000, 0x0000, 0x0000, 0x0000, 0x0000, 0x0000, 0x0000, 0x0000, 0x0000, 0x0000, 0x0000, 0x0000, 0x0000, 0x0000,
0x0000, 0x0000, 0x0000, 0x0000, 0x0000, 0x0000, 0x0000, 0x0000, 0x0000, 0x0000, 0x0000, 0x0000, 0x0000, 0x0000, 0x0000, 0x0000,
0x0000, 0x0000, 0x0000, 0x0000, 0x0000, 0x0000, 0x0000, 0x0000, 0x0000, 0x0000, 0x0000, 0x0000, 0x0000, 0x0000, 0x0000, 0x0000,
0x0000, 0x0000, 0x0000, 0x0000, 0x0000, 0x0000, 0x0000, 0x0000, 0x0000, 0x0000, 0x0000, 0x0000, 0x0000, 0x0000, 0x0000, 0x0000,
0x0000, 0x0000, 0x0000, 0x0000, 0x0000, 0x0000, 0x0000, 0x0000, 0x0000, 0x0000, 0x0000, 0x0000, 0x0000, 0x0000, 0x0000, 0x0000,
0x0000, 0x0000, 0x0000, 0x0000, 0x0000, 0x0000, 0x0000, 0x0000, 0x9db3, 0xa5d3, 0xae14, 0xae34, 0xae34, 0xb655, 0xb655, 0xb655,
0xae55, 0xae54, 0xae34, 0xae34, 0xae34, 0xae34, 0xae34, 0xae34, 0xae34, 0xae34, 0xae34, 0xae34, 0xae34, 0xae34, 0xae34, 0xae34,
0xae34, 0xae34, 0xae34, 0xae34, 0xae34, 0xae34, 0xae34, 0xae34, 0xae34, 0xae34, 0xae34, 0xb675, 0x9db2, 0x43e9, 0x2b87, 0x33e9,
0x33e8, 0x33e8, 0x33e8, 0x33e8, 0x33e8, 0x33e8, 0x33e8, 0x33e8, 0x33e8, 0x33e8, 0x33e8, 0x33e8, 0x33e8, 0x33e8, 0x33e8, 0x33e8,
0x33e8, 0x33e8, 0x33e8, 0x33e8, 0x33e8, 0x33e8, 0x33e8, 0x33e8, 0x33e8, 0x33c8, 0x4469, 0x2b86, 0x3386, 0x2b45, 0x1aa5, 0x3407,
0x4488, 0x3c68, 0x3c88, 0x3c88, 0x3c68, 0x3c88, 0x3c88, 0x44a8, 0x3c48, 0x33c7, 0x33c7, 0x33c7, 0x3407, 0x3c68, 0x3c28, 0x33e7,
0x3c68, 0x3c88, 0x3c88, 0x3c88, 0x3c88, 0x3c68, 0x44a8, 0x5d6c, 0xae34, 0xb655, 0xae54, 0xae34, 0xa5f3, 0xa5d3, 0x9d92, 0x9572,
0x9d92, 0xa5d3, 0xae14, 0xae55, 0xb655, 0xae54, 0xae34, 0xae34, 0xae34, 0xae34, 0xae34, 0xae34, 0xae34, 0xae34, 0xae34, 0xae34,
0xae34, 0xae34, 0xae34, 0xae34, 0xae34, 0xae34, 0xae34, 0xae34, 0xae34, 0xae34, 0xae34, 0xae34, 0xae34, 0xae34, 0xae34, 0xae34,
0xae34, 0xae34, 0xae34, 0xae34, 0x0000, 0x0000, 0x0000, 0x0000, 0x0000, 0x0000, 0x530c, 0x0000, 0x0000, 0x0000, 0x0000, 0x0000,
0x0000, 0x0000, 0x0000, 0x0000, 0x0000, 0x0000, 0x0000, 0x0000, 0x0000, 0x0000, 0x0000, 0x0000, 0x0000, 0x0000, 0x0000, 0x0000,
0x0000, 0x0000, 0x0000, 0x0000, 0x0000, 0x0000, 0x0000, 0x0000, 0x0000, 0x0000, 0x0000, 0x0000, 0x0000, 0x0000, 0x0000, 0x0000,
0x0000, 0x0000, 0x0000, 0x0000, 0x0000, 0x0000, 0x0000, 0x0000, 0x0000, 0x0000, 0x0000, 0x0000, 0x0000, 0x0000, 0x0000, 0x0000,
0x0000, 0x0000, 0x0000, 0x0000, 0x0000, 0x0000, 0x0000, 0x0000, 0x0000, 0x0000, 0x0000, 0x0000, 0x0000, 0x0000, 0x0000, 0x0000,
0x0000, 0x0000, 0x0000, 0x0000, 0x0000, 0x0000, 0x0000, 0x0000, 0x0000, 0x0000, 0x0000, 0x0000, 0x0000, 0x0000, 0x0000, 0x0000,
0x0000, 0x0000, 0x0000, 0x0000, 0x0000, 0x0000, 0x0000, 0x0000, 0x0000, 0x0000, 0x0000, 0x0000, 0x0000, 0x0000, 0x0000, 0x0000,
0x0000, 0x0000, 0x0000, 0x0000, 0x0000, 0x0000, 0x0000, 0x0000, 0x0000, 0x0000, 0x0000, 0x0000, 0x0000, 0x0000, 0x0000, 0x0000,
0x0000, 0x0000, 0x0000, 0x0000, 0x0000, 0x0000, 0x0000, 0x0000, 0x0000, 0x0000, 0x0000, 0x0000, 0x0000, 0x0000, 0x0000, 0x0000,
0x0000, 0x0000, 0x0000, 0x0000, 0x0000, 0x0000, 0x0000, 0x0000, 0x0000, 0x0000, 0x0000, 0x0000, 0x0000, 0x0000, 0x0000, 0x0000,
0x0000, 0x0000, 0x0000, 0x0000, 0x0000, 0x0000, 0x0000, 0x0000, 0x0000, 0x0000, 0x0000, 0x0000, 0x0000, 0x0000, 0x0000, 0x0000,
0x0000, 0x0000, 0x0000, 0x0000, 0x0000, 0x0000, 0x0000, 0x0000, 0xae54, 0xae54, 0xae34, 0xae34, 0xae34, 0xae34, 0xae34, 0xae34,
0xae34, 0xae34, 0xae34, 0xae34, 0xae34, 0xae34, 0xae34, 0xae34, 0xae34, 0xae34, 0xae34, 0xae34, 0xae34, 0xae34, 0xae34, 0xae34,
0xae34, 0xae34, 0xae34, 0xae34, 0xae34, 0xae34, 0xae34, 0xae34, 0xae34, 0xae34, 0xae34, 0xae34, 0xb675, 0xae34, 0x648c, 0x2ba7,
0x33c8, 0x33e9, 0x33e8, 0x33e8, 0x33e8, 0x33e8, 0x33e8, 0x33e8, 0x33e8, 0x33e8, 0x33e8, 0x33e8, 0x33e8, 0x33e8, 0x33e8, 0x33e8,
0x33e8, 0x33e8, 0x33e8, 0x33e8, 0x33e8, 0x33e8, 0x33e8, 0x33e8, 0x33c8, 0x3c49, 0x3407, 0x542a, 0x4428, 0x2b45, 0x22c5, 0x2b86,
0x44a8, 0x3c68, 0x3c88, 0x3c88, 0x3c88, 0x3c88, 0x3c88, 0x3c68, 0x3c88, 0x3c28, 0x3c48, 0x3c68, 0x3c27, 0x33c7, 0x2b66, 0x3c28,
0x3c68, 0x3c88, 0x3c88, 0x3c88, 0x3c88, 0x3c88, 0x3c68, 0x3ca8, 0x6dae, 0xadf3, 0x9d92, 0x9551, 0x9551, 0x9572, 0x9dd3, 0xae13,
0xae34, 0xae54, 0xae34, 0xae34, 0xae34, 0xae34, 0xae34, 0xae34, 0xae34, 0xae34, 0xae34, 0xae34, 0xae34, 0xae34, 0xae34, 0xae34,
0xae34, 0xae34, 0xae34, 0xae34, 0xae34, 0xae34, 0xae34, 0xae34, 0xae34, 0xae34, 0xae34, 0xae34, 0xae34, 0xae34, 0xae34, 0xae34,
0xae34, 0xae34, 0xae34, 0xae34, 0x0000, 0x0000, 0x0000, 0x0000, 0x0000, 0x0000, 0x530c, 0x0000, 0x0000, 0x0000, 0x0000, 0x0000,
0x0000, 0x0000, 0x0000, 0x0000, 0x0000, 0x0000, 0x0000, 0x0000, 0x0000, 0x0000, 0x0000, 0x0000, 0x0000, 0x0000, 0x0000, 0x0000,
0x0000, 0x0000, 0x0000, 0x0000, 0x0000, 0x0000, 0x0000, 0x0000, 0x0000, 0x0000, 0x0000, 0x0000, 0x0000, 0x0000, 0x0000, 0x0000,
0x0000, 0x0000, 0x0000, 0x0000, 0x0000, 0x0000, 0x0000, 0x0000, 0x0000, 0x0000, 0x0000, 0x0000, 0x0000, 0x0000, 0x0000, 0x0000,
0x0000, 0x0000, 0x0000, 0x0000, 0x0000, 0x0000, 0x0000, 0x0000, 0x0000, 0x0000, 0x0000, 0x0000, 0x0000, 0x0000, 0x0000, 0x0000,
0x0000, 0x0000, 0x0000, 0x0000, 0x0000, 0x0000, 0x0000, 0x0000, 0x0000, 0x0000, 0x0000, 0x0000, 0x0000, 0x0000, 0x0000, 0x0000,
0x0000, 0x0000, 0x0000, 0x0000, 0x0000, 0x0000, 0x0000, 0x0000, 0x0000, 0x0000, 0x0000, 0x0000, 0x0000, 0x0000, 0x0000, 0x0000,
0x0000, 0x0000, 0x0000, 0x0000, 0x0000, 0x0000, 0x0000, 0x0000, 0x0000, 0x0000, 0x0000, 0x0000, 0x0000, 0x0000, 0x0000, 0x0000,
0x0000, 0x0000, 0x0000, 0x0000, 0x0000, 0x0000, 0x0000, 0x0000, 0x0000, 0x0000, 0x0000, 0x0000, 0x0000, 0x0000, 0x0000, 0x0000,
0x0000, 0x0000, 0x0000, 0x0000, 0x0000, 0x0000, 0x0000, 0x0000, 0x0000, 0x0000, 0x0000, 0x0000, 0x0000, 0x0000, 0x0000, 0x0000,
0x0000, 0x0000, 0x0000, 0x0000, 0x0000, 0x0000, 0x0000, 0x0000, 0x0000, 0x0000, 0x0000, 0x0000, 0x0000, 0x0000, 0x0000, 0x0000,
0x0000, 0x0000, 0x0000, 0x0000, 0x0000, 0x0000, 0x0000, 0x0000, 0xae13, 0xae13, 0xae13, 0xae13, 0xae13, 0xae13, 0xae13, 0xae13,
0xae13, 0xae13, 0xae13, 0xae13, 0xae13, 0xae13, 0xae13, 0xae13, 0xae13, 0xae13, 0xae13, 0xae13, 0xae13, 0xae13, 0xae13, 0xae13,
0xae13, 0xae13, 0xae13, 0xae13, 0xae13, 0xae13, 0xae33, 0xae33, 0xae34, 0xae33, 0xae13, 0xa5f3, 0x9db2, 0x9d71, 0x9551, 0x6c6d,
0x3ba8, 0x2ba7, 0x33e8, 0x33e8, 0x33e8, 0x33e8, 0x33e8, 0x33e8, 0x33e8, 0x33e8, 0x33e8, 0x33e8, 0x33e8, 0x33e8, 0x33e8, 0x33e8,
0x33e8, 0x33e8, 0x33e8, 0x33e8, 0x33e8, 0x33e8, 0x33e8, 0x33c8, 0x3c09, 0x3c68, 0x3ba7, 0xa5f2, 0x43e8, 0x2b45, 0x22c5, 0x22e6,
0x3c68, 0x3c88, 0x3c88, 0x3c88, 0x3c88, 0x3c88, 0x3c88, 0x3c88, 0x3c88, 0x3c88, 0x33e7, 0x3c68, 0x44a8, 0x3c88, 0x33e7, 0x33e7,
0x33e7, 0x3c68, 0x3c88, 0x3c88, 0x3c88, 0x3c88, 0x3c88, 0x3c68, 0x44e9, 0x6d2d, 0x9551, 0x9db2, 0xae13, 0xae33, 0xae34, 0xae33,
0xae13, 0xae13, 0xae13, 0xae13, 0xae13, 0xae13, 0xae13, 0xae13, 0xae13, 0xae13, 0xae13, 0xae13, 0xae13, 0xae13, 0xae13, 0xae13,
0xae13, 0xae13, 0xae13, 0xae13, 0xae13, 0xae13, 0xae13, 0xae13, 0xae13, 0xae13, 0xae13, 0xae13, 0xae13, 0xae13, 0xae13, 0xae13,
0xae13, 0xae13, 0xae13, 0xae13, 0x0000, 0x0000, 0x0000, 0x0000, 0x0000, 0x0000, 0x530c, 0x0000, 0x0000, 0x0000, 0x0000, 0x0000,
0x0000, 0x0000, 0x0000, 0x0000, 0x0000, 0x0000, 0x0000, 0x0000, 0x0000, 0x0000, 0x0000, 0x0000, 0x0000, 0x0000, 0x0000, 0x0000,
0x0000, 0x0000, 0x0000, 0x0000, 0x0000, 0x0000, 0x0000, 0x0000, 0x0000, 0x0000, 0x0000, 0x0000, 0x0000, 0x0000, 0x0000, 0x0000,
0x0000, 0x0000, 0x0000, 0x0000, 0x0000, 0x0000, 0x0000, 0x0000, 0x0000, 0x0000, 0x0000, 0x0000, 0x0000, 0x0000, 0x0000, 0x0000,
0x0000, 0x0000, 0x0000, 0x0000, 0x0000, 0x0000, 0x0000, 0x0000, 0x0000, 0x0000, 0x0000, 0x0000, 0x0000, 0x0000, 0x0000, 0x0000,
0x0000, 0x0000, 0x0000, 0x0000, 0x0000, 0x0000, 0x0000, 0x0000, 0x0000, 0x0000, 0x0000, 0x0000, 0x0000, 0x0000, 0x0000, 0x0000,
0x0000, 0x0000, 0x0000, 0x0000, 0x0000, 0x0000, 0x0000, 0x0000, 0x0000, 0x0000, 0x0000, 0x0000, 0x0000, 0x0000, 0x0000, 0x0000,
0x0000, 0x0000, 0x0000, 0x0000, 0x0000, 0x0000, 0x0000, 0x0000, 0x0000, 0x0000, 0x0000, 0x0000, 0x0000, 0x0000, 0x0000, 0x0000,
0x0000, 0x0000, 0x0000, 0x0000, 0x0000, 0x0000, 0x0000, 0x0000, 0x0000, 0x0000, 0x0000, 0x0000, 0x0000, 0x0000, 0x0000, 0x0000,
0x0000, 0x0000, 0x0000, 0x0000, 0x0000, 0x0000, 0x0000, 0x0000, 0x0000, 0x0000, 0x0000, 0x0000, 0x0000, 0x0000, 0x0000, 0x0000,
0x0000, 0x0000, 0x0000, 0x0000, 0x0000, 0x0000, 0x0000, 0x0000, 0x0000, 0x0000, 0x0000, 0x0000, 0x0000, 0x0000, 0x0000, 0x0000,
0x0000, 0x0000, 0x0000, 0x0000, 0x0000, 0x0000, 0x0000, 0x0000, 0xae13, 0xae13, 0xae13, 0xae13, 0xae13, 0xae13, 0xae13, 0xae13,
0xae13, 0xae13, 0xae13, 0xae13, 0xae13, 0xae13, 0xae13, 0xae13, 0xae13, 0xae13, 0xae13, 0xae13, 0xae13, 0xae13, 0xae13, 0xae13,
0xae13, 0xae13, 0xae13, 0xae33, 0xae33, 0xae13, 0xadf2, 0xa5d2, 0x9d71, 0x9530, 0x8cef, 0x84ef, 0x8d10, 0x9551, 0x9d91, 0xadf3,
0xa5d2, 0x6c8c, 0x33a8, 0x2ba8, 0x33e8, 0x33e8, 0x33e8, 0x33e8, 0x33e8, 0x33e8, 0x33e8, 0x33e8, 0x33e8, 0x33e8, 0x33e8, 0x33e8,
0x33e8, 0x33e8, 0x33e8, 0x33e8, 0x33e8, 0x33e8, 0x33e8, 0x3be9, 0x44a9, 0x2ba6, 0x8d4f, 0xae33, 0x3be7, 0x2b45, 0x22e5, 0x22c5,
0x64cc, 0x3c88, 0x3c68, 0x3c88, 0x3c88, 0x3c88, 0x3c88, 0x3c88, 0x3c88, 0x3c88, 0x3c68, 0x3c07, 0x3c88, 0x3c88, 0x3c88, 0x3be7,
0x3c88, 0x3c88, 0x3c88, 0x3c88, 0x3c88, 0x3c88, 0x3c88, 0x3c88, 0x3c68, 0x44e9, 0x8df0, 0xb634, 0xae13, 0xae13, 0xae13, 0xae13,
0xae13, 0xae13, 0xae13, 0xae13, 0xae13, 0xae13, 0xae13, 0xae13, 0xae13, 0xae13, 0xae13, 0xae13, 0xae13, 0xae13, 0xae13, 0xae13,
0xae13, 0xae13, 0xae13, 0xae13, 0xae13, 0xae13, 0xae13, 0xae13, 0xae13, 0xae13, 0xae13, 0xae13, 0xae13, 0xae13, 0xae13, 0xae13,
0xae13, 0xae13, 0xae13, 0xae13, 0x0000, 0x0000, 0x0000, 0x0000, 0x0000, 0x0000, 0x530c, 0x0000, 0x0000, 0x0000, 0x0000, 0x0000,
0x0000, 0x0000, 0x0000, 0x0000, 0x0000, 0x0000, 0x0000, 0x0000, 0x0000, 0x0000, 0x0000, 0x0000, 0x0000, 0x0000, 0x0000, 0x0000,
0x0000, 0x0000, 0x0000, 0x0000, 0x0000, 0x0000, 0x0000, 0x0000, 0x0000, 0x0000, 0x0000, 0x0000, 0x0000, 0x0000, 0x0000, 0x0000,
0x0000, 0x0000, 0x0000, 0x0000, 0x0000, 0x0000, 0x0000, 0x0000, 0x0000, 0x0000, 0x0000, 0x0000, 0x0000, 0x0000, 0x0000, 0x0000,
0x0000, 0x0000, 0x0000, 0x0000, 0x0000, 0x0000, 0x0000, 0x0000, 0x0000, 0x0000, 0x0000, 0x0000, 0x0000, 0x0000, 0x0000, 0x0000,
0x0000, 0x0000, 0x0000, 0x0000, 0x0000, 0x0000, 0x0000, 0x0000, 0x0000, 0x0000, 0x0000, 0x0000, 0x0000, 0x0000, 0x0000, 0x0000,
0x0000, 0x0000, 0x0000, 0x0000, 0x0000, 0x0000, 0x0000, 0x0000, 0x0000, 0x0000, 0x0000, 0x0000, 0x0000, 0x0000, 0x0000, 0x0000,
0x0000, 0x0000, 0x0000, 0x0000, 0x0000, 0x0000, 0x0000, 0x0000, 0x0000, 0x0000, 0x0000, 0x0000, 0x0000, 0x0000, 0x0000, 0x0000,
0x0000, 0x0000, 0x0000, 0x0000, 0x0000, 0x0000, 0x0000, 0x0000, 0x0000, 0x0000, 0x0000, 0x0000, 0x0000, 0x0000, 0x0000, 0x0000,
0x0000, 0x0000, 0x0000, 0x0000, 0x0000, 0x0000, 0x0000, 0x0000, 0x0000, 0x0000, 0x0000, 0x0000, 0x0000, 0x0000, 0x0000, 0x0000,
0x0000, 0x0000, 0x0000, 0x0000, 0x0000, 0x0000, 0x0000, 0x0000, 0x0000, 0x0000, 0x0000, 0x0000, 0x0000, 0x0000, 0x0000, 0x0000,
0x0000, 0x0000, 0x0000, 0x0000, 0x0000, 0x0000, 0x0000, 0x0000, 0xae12, 0xae12, 0xae12, 0xae12, 0xae12, 0xae12, 0xae12, 0xae12,
0xae12, 0xae12, 0xae12, 0xae12, 0xae12, 0xae12, 0xae12, 0xae12, 0xadf2, 0xadf2, 0xadf2, 0xadf2, 0xadf2, 0xae12, 0xae12, 0xae13,
0xae12, 0xadf2, 0xa5d2, 0x9d91, 0x9530, 0x8cef, 0x84cf, 0x84cf, 0x8d0f, 0x9550, 0x9d91, 0xa5d2, 0xae12, 0xae13, 0xae13, 0xae12,
0xae12, 0xb633, 0x9570, 0x542a, 0x2b87, 0x2bc8, 0x33e8, 0x33e8, 0x33e8, 0x33e8, 0x33e8, 0x33e8, 0x33e8, 0x33e8, 0x33e8, 0x33e8,
0x33e8, 0x33e8, 0x33e8, 0x33e8, 0x33e8, 0x33c8, 0x2bc8, 0x3428, 0x4408, 0x8d4f, 0xb633, 0xa5f2, 0x43e8, 0x2b45, 0x22e5, 0x1aa4,
0x852f, 0x650b, 0x3467, 0x4488, 0x3c88, 0x3c88, 0x3c88, 0x3c88, 0x3c88, 0x3c68, 0x3c88, 0x3c28, 0x3c28, 0x3c88, 0x3c88, 0x3c48,
0x3c28, 0x3c88, 0x3c88, 0x3c88, 0x3c88, 0x3c88, 0x3c88, 0x3c88, 0x3c68, 0x3c88, 0x4d2a, 0x9df1, 0xae13, 0xadf2, 0xadf2, 0xadf2,
0xadf2, 0xadf2, 0xadf2, 0xadf2, 0xadf2, 0xadf2, 0xadf2, 0xadf2, 0xadf2, 0xadf2, 0xadf2, 0xadf2, 0xadf2, 0xadf2, 0xadf2, 0xadf2,
0xadf2, 0xadf2, 0xadf2, 0xadf2, 0xadf2, 0xadf2, 0xadf2, 0xadf2, 0xadf2, 0xadf2, 0xadf2, 0xadf2, 0xadf2, 0xae12, 0xae12, 0xae12,
0xae12, 0xadf2, 0xae12, 0xae12, 0x0000, 0x0000, 0x0000, 0x0000, 0x0000, 0x0000, 0x530c, 0x0000, 0x0000, 0x0000, 0x0000, 0x0000,
0x0000, 0x0000, 0x0000, 0x0000, 0x0000, 0x0000, 0x0000, 0x0000, 0x0000, 0x0000, 0x0000, 0x0000, 0x0000, 0x0000, 0x0000, 0x0000,
0x0000, 0x0000, 0x0000, 0x0000, 0x0000, 0x0000, 0x0000, 0x0000, 0x0000, 0x0000, 0x0000, 0x0000, 0x0000, 0x0000, 0x0000, 0x0000,
0x0000, 0x0000, 0x0000, 0x0000, 0x0000, 0x0000, 0x0000, 0x0000, 0x0000, 0x0000, 0x0000, 0x0000, 0x0000, 0x0000, 0x0000, 0x0000,
0x0000, 0x0000, 0x0000, 0x0000, 0x0000, 0x0000, 0x0000, 0x0000, 0x0000, 0x0000, 0x0000, 0x0000, 0x0000, 0x0000, 0x0000, 0x0000,
0x0000, 0x0000, 0x0000, 0x0000, 0x0000, 0x0000, 0x0000, 0x0000, 0x0000, 0x0000, 0x0000, 0x0000, 0x0000, 0x0000, 0x0000, 0x0000,
0x0000, 0x0000, 0x0000, 0x0000, 0x0000, 0x0000, 0x0000, 0x0000, 0x0000, 0x0000, 0x0000, 0x0000, 0x0000, 0x0000, 0x0000, 0x0000,
0x0000, 0x0000, 0x0000, 0x0000, 0x0000, 0x0000, 0x0000, 0x0000, 0x0000, 0x0000, 0x0000, 0x0000, 0x0000, 0x0000, 0x0000, 0x0000,
0x0000, 0x0000, 0x0000, 0x0000, 0x0000, 0x0000, 0x0000, 0x0000, 0x0000, 0x0000, 0x0000, 0x0000, 0x0000, 0x0000, 0x0000, 0x0000,
0x0000, 0x0000, 0x0000, 0x0000, 0x0000, 0x0000, 0x0000, 0x0000, 0x0000, 0x0000, 0x0000, 0x0000, 0x0000, 0x0000, 0x0000, 0x0000,
0x0000, 0x0000, 0x0000, 0x0000, 0x0000, 0x0000, 0x0000, 0x0000, 0x0000, 0x0000, 0x0000, 0x0000, 0x0000, 0x0000, 0x0000, 0x0000,
0x0000, 0x0000, 0x0000, 0x0000, 0x0000, 0x0000, 0x0000, 0x0000, 0xadf2, 0xadf2, 0xadf2, 0xadf2, 0xadf2, 0xadf2, 0xadf2, 0xadf2,
0xadf2, 0xadf2, 0xadf2, 0xadf2, 0xadf2, 0xadf2, 0xadf2, 0xadf2, 0xadf2, 0xadf2, 0xae12, 0xae12, 0xae12, 0xa5f1, 0x9d91, 0x9550,
0x8cef, 0x84ae, 0x7cae, 0x84ae, 0x8cef, 0x9570, 0xa5b1, 0xa5f2, 0xae12, 0xae12, 0xae12, 0xadf2, 0xadf2, 0xadf2, 0xadf2, 0xadf2,
0xadf2, 0xa5f2, 0xae12, 0xae12, 0x8d4f, 0x542a, 0x33a8, 0x2bc8, 0x33e9, 0x33e8, 0x33e8, 0x33e8, 0x33e8, 0x33e8, 0x33e8, 0x33e8,
0x33e8, 0x33e8, 0x33e8, 0x33e8, 0x33c8, 0x33e8, 0x6ced, 0x852e, 0xa5b1, 0xae12, 0xadf2, 0xa5f2, 0x43e7, 0x2b45, 0x2305, 0x1284,
0x7cee, 0xa5f2, 0x4488, 0x3c68, 0x3c88, 0x3c88, 0x3c88, 0x3c88, 0x3c88, 0x3c88, 0x3c88, 0x3c88, 0x3c68, 0x3c88, 0x3c68, 0x3c88,
0x3c07, 0x3c28, 0x3c88, 0x3c88, 0x3c88, 0x3c88, 0x3c88, 0x3c88, 0x3c88, 0x4468, 0x3ca9, 0x5d2b, 0xa5f1, 0xadf2, 0xadf2, 0xadf2,
0xadf2, 0xadf2, 0xadf2, 0xadf2, 0xadf2, 0xadf2, 0xadf2, 0xadf2, 0xadf2, 0xadf2, 0xadf2, 0xadf2, 0xadf2, 0xadf2, 0xadf2, 0xadf2,
0xadf2, 0xadf2, 0xadf2, 0xadf2, 0xadf2, 0xadf2, 0xadf2, 0xadf2, 0xadf2, 0xadf2, 0xadf2, 0xadf2, 0xadf2, 0xadf2, 0xadf2, 0xadf2,
0xadf2, 0xadf2, 0xadf2, 0xa5b1, 0x0000, 0x0000, 0x0000, 0x0000, 0x0000, 0x0000, 0x530c, 0x0000, 0x0000, 0x0000, 0x0000, 0x0000,
0x0000, 0x0000, 0x0000, 0x0000, 0x0000, 0x0000, 0x0000, 0x0000, 0x0000, 0x0000, 0x0000, 0x0000, 0x0000, 0x0000, 0x0000, 0x0000,
0x0000, 0x0000, 0x0000, 0x0000, 0x0000, 0x0000, 0x0000, 0x3329, 0x19e5, 0x0000, 0x0000, 0x0020, 0x0000, 0x0000, 0x0000, 0x0000,
0x0020, 0x0000, 0x0000, 0x0061, 0x3bec, 0x0040, 0x0000, 0x0000, 0x0000, 0x19c5, 0x3349, 0x0000, 0x0000, 0x0000, 0x0000, 0x0000,
0x0000, 0x0000, 0x0000, 0x0000, 0x0000, 0x0000, 0x0000, 0x0000, 0x0000, 0x0000, 0x0000, 0x0000, 0x0000, 0x0000, 0x0000, 0x0000,
0x0000, 0x0000, 0x0000, 0x0000, 0x0000, 0x0000, 0x0000, 0x0000, 0x0000, 0x0000, 0x0000, 0x0000, 0x0000, 0x0000, 0x0000, 0x0000,
0x0000, 0x0000, 0x0000, 0x1a06, 0x2ae8, 0x0020, 0x0000, 0x0000, 0x0020, 0x0020, 0x0000, 0x0000, 0x444d, 0x0000, 0x0000, 0x0000,
0x0000, 0x0000, 0x0000, 0x0000, 0x0000, 0x0000, 0x0000, 0x0000, 0x0000, 0x0000, 0x0000, 0x0000, 0x0000, 0x0000, 0x0000, 0x0000,
0x0000, 0x0000, 0x0000, 0x0000, 0x0000, 0x0000, 0x0000, 0x0000, 0x0000, 0x0000, 0x0000, 0x0000, 0x0000, 0x0000, 0x0000, 0x0000,
0x0000, 0x0000, 0x0000, 0x0000, 0x0000, 0x0000, 0x0000, 0x0000, 0x0000, 0x0000, 0x0000, 0x0000, 0x0000, 0x0000, 0x0000, 0x0000,
0x0000, 0x0000, 0x0000, 0x0000, 0x0000, 0x0000, 0x0000, 0x0000, 0x0000, 0x0000, 0x0000, 0x0000, 0x0000, 0x0000, 0x0000, 0x0000,
0x0000, 0x0000, 0x0000, 0x0000, 0x0000, 0x0000, 0x0000, 0x0000, 0xadf1, 0xadf1, 0xadf1, 0xadf1, 0xadf1, 0xadf1, 0xadf1, 0xadf1,
0xa5f1, 0xa5f1, 0xa5f1, 0xadf1, 0xadf1, 0xadf2, 0xadf2, 0xadf2, 0xadf1, 0xa5b1, 0x954f, 0x8d0f, 0x84ae, 0x7c8d, 0x7c6d, 0x84ae,
0x8d0f, 0x9d70, 0xa5b1, 0xadf1, 0xae12, 0xae12, 0xadf2, 0xadf1, 0xa5f1, 0xa5f1, 0xa5f1, 0xadf1, 0xadf1, 0xadf1, 0xadf1, 0xadf1,
0xadf1, 0xadf1, 0xa5f1, 0xa5f1, 0xae12, 0xadf2, 0x8d4f, 0x542a, 0x2b87, 0x2bc8, 0x33e8, 0x33e8, 0x33e8, 0x33e8, 0x33e8, 0x33e8,
0x33e8, 0x33e8, 0x33e8, 0x2bc8, 0x444a, 0x9590, 0xb612, 0xae12, 0xadf1, 0xa5d1, 0xadf1, 0xa5d1, 0x4408, 0x2b45, 0x2b05, 0x1284,
0x6c8c, 0xb633, 0x858f, 0x3c88, 0x3c88, 0x3c88, 0x3c88, 0x3c88, 0x3c88, 0x3c88, 0x3c88, 0x3c88, 0x3c88, 0x3c88, 0x3c88, 0x3c88,
0x3c88, 0x33e7, 0x3c68, 0x3c88, 0x3c88, 0x3c88, 0x3c68, 0x3c88, 0x4488, 0x3c88, 0x2bc6, 0x5c8b, 0xa5f1, 0xadf1, 0xa5f1, 0xadf1,
0xadf1, 0xadf1, 0xadf1, 0xadf1, 0xadf1, 0xadf1, 0xadf1, 0xadf1, 0xadf1, 0xadf1, 0xadf1, 0xadf1, 0xadf1, 0xadf1, 0xadf1, 0xadf1,
0xadf1, 0xadf1, 0xadf1, 0xadf1, 0xadf1, 0xadf1, 0xadf1, 0xadf1, 0xadf1, 0xadf1, 0xadf1, 0xadf1, 0xadf1, 0xadf1, 0xa5f1, 0xadf1,
0xadf2, 0xa5d1, 0x9d70, 0x952f, 0x0000, 0x0000, 0x0000, 0x0000, 0x0000, 0x0000, 0x530c, 0x0000, 0x0000, 0x0000, 0x0000, 0x0000,
0x0000, 0x0000, 0x0000, 0x0000, 0x0000, 0x0000, 0x0000, 0x0020, 0x6ed5, 0x4cef, 0x0000, 0x0000, 0x0000, 0x0000, 0x0000, 0x6f35,
0x1164, 0x0000, 0x0000, 0x0000, 0x0000, 0x0000, 0x0000, 0x5e32, 0x5550, 0x4d0f, 0x1164, 0x338a, 0x4d2f, 0x6f15, 0x4d2f, 0x5550,
0x5590, 0x0000, 0x0000, 0x0000, 0x3beb, 0x5dd1, 0x19a5, 0x5590, 0x4d30, 0x5dd1, 0x6673, 0x4d2f, 0x4d50, 0x4cce, 0x0000, 0x0000,
0x0000, 0x0000, 0x0000, 0x0000, 0x0000, 0x0000, 0x0000, 0x0000, 0x0000, 0x0000, 0x0000, 0x0000, 0x0000, 0x0000, 0x0000, 0x0000,
0x0000, 0x0000, 0x0000, 0x0000, 0x0000, 0x0000, 0x5550, 0x5df1, 0x55d1, 0x55d1, 0x55d1, 0x55d1, 0x55d1, 0x5df1, 0x4d0f, 0x0000,
0x0000, 0x0000, 0x0000, 0x442c, 0x3beb, 0x5590, 0x6ef5, 0x5550, 0x5591, 0x3349, 0x4cee, 0x0000, 0x5e12, 0x0000, 0x0000, 0x0000,
0x0000, 0x0000, 0x0000, 0x0000, 0x0000, 0x0000, 0x0000, 0x0000, 0x0000, 0x0000, 0x0000, 0x0000, 0x0000, 0x0000, 0x0000, 0x0000,
0x0000, 0x0000, 0x0000, 0x0000, 0x0000, 0x0000, 0x0000, 0x0000, 0x0000, 0x0000, 0x0000, 0x0000, 0x0000, 0x0000, 0x0000, 0x0000,
0x0000, 0x0000, 0x0000, 0x0000, 0x0000, 0x0000, 0x0000, 0x0000, 0x0000, 0x0000, 0x0000, 0x0000, 0x0000, 0x0000, 0x0000, 0x0000,
0x0000, 0x0000, 0x0000, 0x0000, 0x0000, 0x0000, 0x0000, 0x0000, 0x0000, 0x0000, 0x0000, 0x0000, 0x0000, 0x0000, 0x0000, 0x0000,
0x0000, 0x0000, 0x0000, 0x0000, 0x0000, 0x0000, 0x0000, 0x0000, 0xa5d1, 0xa5d1, 0xa5d1, 0xa5d1, 0xa5d1, 0xa5d1, 0xa5d1, 0xa5d1,
0xadf1, 0xadf1, 0xadf1, 0xadf1, 0xa5d1, 0x9d70, 0x952f, 0x84ce, 0x7c8d, 0x7c6d, 0x7c6d, 0x84ae, 0x8d0f, 0x9d90, 0xa5d1, 0xadf1,
0xae11, 0xadf1, 0xadf1, 0xa5d1, 0xa5d1, 0xa5d1, 0xa5d1, 0xa5d1, 0xa5d1, 0xa5d1, 0xa5d1, 0xa5d1, 0xa5d1, 0xa5d1, 0xa5d1, 0xa5d1,
0xa5d1, 0xa5d1, 0xa5d1, 0xa5d1, 0xa5d1, 0xa5d1, 0xadf1, 0xadf1, 0x850e, 0x4c2a, 0x33c8, 0x2bc8, 0x33e8, 0x33e8, 0x33e8, 0x33e8,
0x2bc8, 0x2bc8, 0x33c8, 0x644a, 0x94ed, 0x9ced, 0x94cd, 0x9ced, 0x9ced, 0x9ced, 0x9ced, 0x9ced, 0x4be8, 0x2b66, 0x2b05, 0x12a4,
0x5be9, 0xa50e, 0xa52f, 0x74cc, 0x3c88, 0x3c88, 0x3c88, 0x3c88, 0x3c88, 0x3c88, 0x3c88, 0x3c88, 0x3c88, 0x3c88, 0x3c88, 0x3c88,
0x3c88, 0x3c68, 0x3c68, 0x3c88, 0x3c88, 0x4488, 0x3c88, 0x3c68, 0x3407, 0x4be8, 0x84ed, 0xadf1, 0xadf1, 0xa5d1, 0xa5d1, 0xa5d1,
0xa5d1, 0xa5d1, 0xa5d1, 0xa5d1, 0xa5d1, 0xa5d1, 0xa5d1, 0xa5d1, 0xa5d1, 0xa5d1, 0xa5d1, 0xa5d1, 0xa5d1, 0xa5d1, 0xa5d1, 0xa5d1,
0xa5d1, 0xa5d1, 0xa5d1, 0xa5d1, 0xa5d1, 0xa5d1, 0xa5d1, 0xa5d1, 0xa5d1, 0xa5d1, 0xa5d1, 0xa5d1, 0xa5d1, 0xa5f1, 0xadf1, 0xa5d1,
0x9d4f, 0x950e, 0x84cd, 0x848d, 0x0000, 0x0000, 0x0000, 0x0000, 0x0000, 0x0000, 0x530c, 0x0000, 0x0000, 0x0000, 0x0000, 0x0000,
0x0000, 0x0000, 0x0000, 0x0000, 0x0000, 0x0000, 0x0000, 0x2247, 0x4cef, 0x6694, 0x0881, 0x0000, 0x0000, 0x0000, 0x0000, 0x66d4,
0x08e2, 0x0000, 0x0000, 0x0000, 0x0000, 0x0000, 0x334a, 0x2b09, 0x0041, 0x5570, 0x0041, 0x0000, 0x08a2, 0x5e12, 0x0000, 0x0903,
0x44ae, 0x0000, 0x0000, 0x0000, 0x0000, 0x2ae8, 0x1103, 0x0041, 0x0000, 0x19e6, 0x3bcb, 0x0000, 0x0000, 0x0061, 0x0000, 0x0000,
0x0000, 0x0000, 0x0000, 0x0000, 0x0000, 0x0000, 0x0000, 0x0000, 0x0000, 0x0000, 0x0000, 0x0000, 0x0000, 0x0000, 0x0000, 0x0000,
0x0000, 0x0000, 0x0000, 0x0000, 0x0000, 0x0000, 0x0061, 0x0000, 0x0000, 0x0000, 0x0000, 0x0000, 0x0000, 0x0000, 0x0061, 0x0000,
0x0000, 0x0000, 0x0000, 0x5e12, 0x0020, 0x0061, 0x5570, 0x0000, 0x0000, 0x1143, 0x44ae, 0x0000, 0x5df2, 0x0000, 0x0000, 0x0000,
0x0000, 0x0000, 0x0000, 0x0000, 0x0000, 0x0000, 0x0000, 0x0000, 0x0000, 0x0000, 0x0000, 0x0000, 0x0000, 0x0000, 0x0000, 0x0000,
0x0000, 0x0000, 0x0000, 0x0000, 0x0000, 0x0000, 0x0000, 0x0000, 0x0000, 0x0000, 0x0000, 0x0000, 0x0000, 0x0000, 0x0000, 0x0000,
0x0000, 0x0000, 0x0000, 0x0000, 0x0000, 0x0000, 0x0000, 0x0000, 0x0000, 0x0000, 0x0000, 0x0000, 0x0000, 0x0000, 0x0000, 0x0000,
0x0000, 0x0000, 0x0000, 0x0000, 0x0000, 0x0000, 0x0000, 0x0000, 0x0000, 0x0000, 0x0000, 0x0000, 0x0000, 0x0000, 0x0000, 0x0000,
0x0000, 0x0000, 0x0000, 0x0000, 0x0000, 0x0000, 0x0000, 0x0000, 0xa5d1, 0xa5d1, 0xa5d1, 0xa5d1, 0xadf1, 0xadf1, 0xadf1, 0xa5d0,
0xa590, 0x954f, 0x8cce, 0x7c8d, 0x744c, 0x744c, 0x7c6d, 0x84ce, 0x952f, 0xa5b0, 0xa5d1, 0xadf1, 0xadf1, 0xadf1, 0xa5d1, 0xa5d1,
0xa5d1, 0xa5d1, 0xa5d1, 0xa5d1, 0xa5d1, 0xa5d1, 0xa5d1, 0xa5d1, 0xa5d1, 0xa5d1, 0xa5d1, 0xa5d1, 0xa5d1, 0xa5d1, 0xa5d1, 0xa5d1,
0xa5d1, 0xa5d1, 0xa5d1, 0xa5d1, 0xa5d1, 0xa5d1, 0xa5d0, 0xa5d0, 0xae11, 0xae11, 0x8d0d, 0x6409, 0x4bc8, 0x3bc8, 0x3bc8, 0x3bc8,
0x4be9, 0x6c4a, 0x94ac, 0xa4cc, 0x9cac, 0x948b, 0x948b, 0x948b, 0x948b, 0x948b, 0x948b, 0x948b, 0x43e7, 0x2b66, 0x2b05, 0x12a5,
0x53a8, 0x9ccc, 0x94ac, 0x94ee, 0x648b, 0x3468, 0x3c88, 0x3c88, 0x3c88, 0x3c88, 0x3c88, 0x3c88, 0x3c88, 0x3c88, 0x3c88, 0x3c88,
0x3c88, 0x4488, 0x4488, 0x3c88, 0x3c68, 0x3447, 0x33e7, 0x5429, 0x7ced, 0xadd1, 0xadf1, 0xa5d1, 0xa5d1, 0xa5d1, 0xa5d1, 0xa5d1,
0xa5d1, 0xa5d1, 0xa5d1, 0xa5d1, 0xa5d1, 0xa5d1, 0xa5d1, 0xa5d1, 0xa5d1, 0xa5d1, 0xa5d1, 0xa5d1, 0xa5d1, 0xa5d1, 0xa5d1, 0xa5d1,
0xa5d1, 0xa5d1, 0xa5d1, 0xa5d1, 0xa5d1, 0xa5d1, 0xa5d1, 0xa5d1, 0xa5d1, 0xa5d1, 0xa5d1, 0xa5d1, 0xadf1, 0xa5d0, 0x9d6f, 0x950e,
0x8ccd, 0x7c8d, 0x84ad, 0x9d70, 0x0000, 0x0000, 0x0000, 0x0000, 0x0000, 0x0000, 0x530c, 0x0000, 0x0000, 0x0000, 0x0000, 0x0000,
0x0000, 0x0000, 0x0000, 0x0000, 0x0000, 0x0000, 0x0000, 0x5550, 0x2226, 0x3c0c, 0x336a, 0x0000, 0x0000, 0x0000, 0x0000, 0x66b4,
0x08c2, 0x0000, 0x0000, 0x0000, 0x0000, 0x19c5, 0x6f15, 0x4d2f, 0x5df2, 0x5e32, 0x4d0f, 0x0000, 0x3c2c, 0x2b09, 0x336a, 0x2287,
0x338b, 0x0000, 0x0000, 0x0000, 0x0000, 0x0000, 0x3c0c, 0x5590, 0x5570, 0x5df2, 0x6673, 0x5570, 0x5570, 0x4cce, 0x0000, 0x0000,
0x0000, 0x0000, 0x0000, 0x0000, 0x0000, 0x0000, 0x0000, 0x0000, 0x0000, 0x0000, 0x0000, 0x0000, 0x0000, 0x0000, 0x0000, 0x0000,
0x0000, 0x0000, 0x0000, 0x0000, 0x0000, 0x0000, 0x0000, 0x0000, 0x0000, 0x0000, 0x0000, 0x0000, 0x0000, 0x0000, 0x0000, 0x0000,
0x0000, 0x0000, 0x1a06, 0x448d, 0x0000, 0x19a5, 0x444d, 0x0000, 0x0020, 0x1143, 0x44ae, 0x0000, 0x5df2, 0x0000, 0x0000, 0x0000,
0x0000, 0x0000, 0x0000, 0x0000, 0x0000, 0x0000, 0x0000, 0x0000, 0x0000, 0x0000, 0x0000, 0x0000, 0x0000, 0x0000, 0x0000, 0x0000,
0x0000, 0x0000, 0x0000, 0x0000, 0x0000, 0x0000, 0x0000, 0x0000, 0x0000, 0x0000, 0x0000, 0x0000, 0x0000, 0x0000, 0x0000, 0x0000,
0x0000, 0x0000, 0x0000, 0x0000, 0x0000, 0x0000, 0x0000, 0x0000, 0x0000, 0x0000, 0x0000, 0x0000, 0x0000, 0x0000, 0x0000, 0x0000,
0x0000, 0x0000, 0x0000, 0x0000, 0x0000, 0x0000, 0x0000, 0x0000, 0x0000, 0x0000, 0x0000, 0x0000, 0x0000, 0x0000, 0x0000, 0x0000,
0x0000, 0x0000, 0x0000, 0x0000, 0x0000, 0x0000, 0x0000, 0x0000, 0xadd1, 0xadd1, 0xadd0, 0xa5b0, 0x9d6f, 0x8d0e, 0x848d, 0x744c,
0x740b, 0x744c, 0x7c6d, 0x84ce, 0x954f, 0xa5b0, 0xadd1, 0xadf1, 0xadf1, 0xa5d0, 0xa5d0, 0xa5d0, 0xa5d0, 0xa5d0, 0xa5d0, 0xa5d0,
0xa5d0, 0xa5d0, 0xa5d0, 0xa5d0, 0xa5d0, 0xa5d0, 0xa5d0, 0xa5d0, 0xa5d0, 0xa5d0, 0xa5d0, 0xa5d0, 0xa5d0, 0xa5d0, 0xa5d0, 0xa5d0,
0xa5d0, 0xa5d0, 0xa5d0, 0xa5d0, 0xa5d0, 0xa5d0, 0xa5d0, 0xa5d1, 0xa5b0, 0x9d0d, 0x9cac, 0x9c8b, 0x948b, 0x948b, 0x948b, 0x948b,
0x9c6b, 0x93ea, 0x7b68, 0x7ba9, 0x8c2a, 0x946b, 0x948b, 0x9ccc, 0x9ccc, 0x9ccc, 0x9cac, 0x948b, 0x43c7, 0x2b66, 0x2b05, 0x1284,
0x3b68, 0x8cad, 0x7c4c, 0x7c2b, 0x842b, 0x746a, 0x4468, 0x3c88, 0x3c88, 0x3c88, 0x4488, 0x4488, 0x4488, 0x3c88, 0x3c88, 0x3c88,
0x3c68, 0x3468, 0x3447, 0x3c48, 0x4c69, 0x6cab, 0x952e, 0xadd1, 0xadf1, 0xa5d0, 0xa5b0, 0xa5d0, 0xa5d0, 0xa5d0, 0xa5d0, 0xa5d0,
0xa5d0, 0xa5d0, 0xa5d0, 0xa5d0, 0xa5d0, 0xa5d0, 0xa5d0, 0xa5d0, 0xa5d0, 0xa5d0, 0xa5d0, 0xa5d0, 0xa5d0, 0xa5d0, 0xa5d0, 0xa5d0,
0xa5d0, 0xa5d0, 0xa5d0, 0xa5d0, 0xa5d0, 0xa5d0, 0xa5d0, 0xa5d0, 0xa5d0, 0xa5d0, 0xa5d0, 0xa5d0, 0x9d6f, 0x950e, 0x8ced, 0x848c,
0x7c4c, 0x8d0e, 0xadf1, 0xadf0, 0x0000, 0x0000, 0x0000, 0x0000, 0x0000, 0x0000, 0x530c, 0x0000, 0x0000, 0x0000, 0x0000, 0x0000,
0x0000, 0x0000, 0x0000, 0x0000, 0x0000, 0x0000, 0x08e2, 0x6694, 0x0000, 0x1143, 0x6653, 0x0000, 0x0000, 0x0000, 0x0000, 0x66b4,
0x08c2, 0x0000, 0x0000, 0x0000, 0x0000, 0x0000, 0x444d, 0x1984, 0x4cef, 0x0000, 0x5570, 0x3c2c, 0x3c2c, 0x0000, 0x3beb, 0x44ae,
0x08c2, 0x0000, 0x0061, 0x0020, 0x0040, 0x0041, 0x08e2, 0x0020, 0x0000, 0x0000, 0x0000, 0x0000, 0x0041, 0x6673, 0x0000, 0x0000,
0x0000, 0x0000, 0x0000, 0x0000, 0x0000, 0x0000, 0x0000, 0x0000, 0x0000, 0x0000, 0x0000, 0x0000, 0x0000, 0x0000, 0x0000, 0x0000,
0x0000, 0x0000, 0x0000, 0x0000, 0x0040, 0x5e53, 0x5df2, 0x5df2, 0x5df2, 0x5df2, 0x5df2, 0x5df2, 0x5df2, 0x5df2, 0x5df2, 0x5e33,
0x0881, 0x0000, 0x5e32, 0x3bec, 0x0000, 0x3bcb, 0x55b1, 0x4d2f, 0x6694, 0x1143, 0x44ae, 0x0000, 0x5df2, 0x0000, 0x0000, 0x0000,
0x0000, 0x0000, 0x0000, 0x0000, 0x0000, 0x0000, 0x0000, 0x0000, 0x0000, 0x0000, 0x0000, 0x0000, 0x0000, 0x0000, 0x0000, 0x0000,
0x0000, 0x0000, 0x0000, 0x0000, 0x0000, 0x0000, 0x0000, 0x0000, 0x0000, 0x0000, 0x0000, 0x0000, 0x0000, 0x0000, 0x0000, 0x0000,
0x0000, 0x0000, 0x0000, 0x0000, 0x0000, 0x0000, 0x0000, 0x0000, 0x0000, 0x0000, 0x0000, 0x0000, 0x0000, 0x0000, 0x0000, 0x0000,
0x0000, 0x0000, 0x0000, 0x0000, 0x0000, 0x0000, 0x0000, 0x0000, 0x0000, 0x0000, 0x0000, 0x0000, 0x0000, 0x0000, 0x0000, 0x0000,
0x0000, 0x0000, 0x0000, 0x0000, 0x0000, 0x0000, 0x0000, 0x0000, 0x952e, 0x8ccd, 0x7c4c, 0x740b, 0x740b, 0x742c, 0x848d, 0x8cee,
0x9d6f, 0xa5d0, 0xadf0, 0xadf0, 0xadd0, 0xa5d0, 0xa5b0, 0xa5b0, 0xa5b0, 0xa5b0, 0xa5d0, 0xa5d0, 0xa5d0, 0xa5d0, 0xa5d0, 0xa5d0,
0xa5d0, 0xa5d0, 0xa5d0, 0xa5d0, 0xa5d0, 0xa5d0, 0xa5d0, 0xa5d0, 0xa5d0, 0xa5d0, 0xa5d0, 0xa5d0, 0xa5d0, 0xa5d0, 0xa5d0, 0xa5d0,
0xa5d0, 0xa5d0, 0xa5d0, 0xa5d0, 0xa5d0, 0xa5b0, 0xa5b0, 0x9d2e, 0x948b, 0x946a, 0x948b, 0x94ab, 0x948b, 0x8c2a, 0x7b88, 0x6ac6,
0x5a05, 0x49a4, 0x4983, 0x49a4, 0x49c4, 0x5205, 0x5225, 0x5245, 0x5aa6, 0x7348, 0x7bc9, 0x8c4b, 0x4c08, 0x2b86, 0x2b25, 0x22e5,
0x4b88, 0x8c4b, 0x8c4a, 0x946a, 0x946b, 0x946b, 0x8c6a, 0x5c69, 0x3c68, 0x3c68, 0x3468, 0x3468, 0x3468, 0x3c48, 0x3c48, 0x4448,
0x5469, 0x648b, 0x7ced, 0x9d6f, 0xa5d0, 0xadf1, 0xadf0, 0xa5d0, 0xa5b0, 0xa5d0, 0xa5d0, 0xa5d0, 0xa5d0, 0xa5d0, 0xa5d0, 0xa5d0,
0xa5d0, 0xa5d0, 0xa5d0, 0xa5d0, 0xa5d0, 0xa5d0, 0xa5d0, 0xa5d0, 0xa5d0, 0xa5d0, 0xa5d0, 0xa5d0, 0xa5d0, 0xa5d0, 0xa5d0, 0xa5d0,
0xa5d0, 0xa5d0, 0xa5d0, 0xa5d0, 0xa5d0, 0xa5d0, 0xa5d0, 0xa5b0, 0xa5d0, 0xa5d0, 0x9d6f, 0x950e, 0x8ced, 0x848c, 0x742c, 0x84cd,
0xa5b0, 0xadf0, 0xa5b0, 0xa5b0, 0x0000, 0x0000, 0x0000, 0x0000, 0x0000, 0x0000, 0x530c, 0x0000, 0x0000, 0x0000, 0x0000, 0x0000,
0x0000, 0x0000, 0x0000, 0x0000, 0x0000, 0x0000, 0x3beb, 0x3bec, 0x0000, 0x0000, 0x5dd1, 0x19e5, 0x0000, 0x0000, 0x0000, 0x66b4,
0x08c2, 0x0000, 0x0000, 0x0000, 0x0000, 0x0000, 0x3bec, 0x1984, 0x4cef, 0x0000, 0x5570, 0x0020, 0x336a, 0x0020, 0x5df2, 0x0000,
0x0000, 0x0000, 0x2aa8, 0x55d1, 0x6694, 0x2226, 0x0000, 0x3beb, 0x3bcb, 0x0020, 0x444d, 0x0000, 0x2267, 0x448d, 0x0000, 0x0000,
0x0000, 0x0000, 0x0000, 0x0000, 0x0000, 0x0000, 0x0000, 0x0000, 0x2226, 0x66b4, 0x1a06, 0x0000, 0x0000, 0x0000, 0x0000, 0x0000,
0x0000, 0x0000, 0x0000, 0x0000, 0x0000, 0x0061, 0x0000, 0x0000, 0x0000, 0x0000, 0x5e12, 0x0041, 0x0000, 0x0000, 0x0000, 0x0061,
0x0000, 0x2b29, 0x5591, 0x3bec, 0x0041, 0x5df2, 0x0020, 0x0040, 0x5550, 0x1143, 0x44ae, 0x0000, 0x5df2, 0x0000, 0x0000, 0x0000,
0x0000, 0x0000, 0x0000, 0x0000, 0x0000, 0x0000, 0x0000, 0x0000, 0x0000, 0x0000, 0x0000, 0x0000, 0x0000, 0x0000, 0x0000, 0x0000,
0x0000, 0x0000, 0x0000, 0x0000, 0x0000, 0x0000, 0x0000, 0x0000, 0x0000, 0x0000, 0x0000, 0x0000, 0x0000, 0x0000, 0x0000, 0x0000,
0x0000, 0x0000, 0x0000, 0x0000, 0x0000, 0x0000, 0x0000, 0x0000, 0x0000, 0x0000, 0x0000, 0x0000, 0x0000, 0x0000, 0x0000, 0x0000,
0x0000, 0x0000, 0x0000, 0x0000, 0x0000, 0x0000, 0x0000, 0x0000, 0x0000, 0x0000, 0x0000, 0x0000, 0x0000, 0x0000, 0x0000, 0x0000,
0x0000, 0x0000, 0x0000, 0x0000, 0x0000, 0x0000, 0x0000, 0x0000, 0x740b, 0x744c, 0x7c8d, 0x952e, 0x9d8f, 0xadd0, 0xadf0, 0xadf0,
0xa5d0, 0xa5b0, 0xa5b0, 0xa5b0, 0xa5b0, 0xa5b0, 0xa5b0, 0xa5b0, 0xa5b0, 0xa5b0, 0xa5b0, 0xa5b0, 0xa5b0, 0xa5b0, 0xa5b0, 0xa5b0,
0xa5b0, 0xa5b0, 0xa5b0, 0xa5b0, 0xa5b0, 0xa5b0, 0xa5b0, 0xa5b0, 0xa5b0, 0xa5b0, 0xa5b0, 0xa5b0, 0xa5b0, 0xa5b0, 0xa5b0, 0xa5b0,
0xa5b0, 0xa5b0, 0xa5b0, 0xa5b0, 0xa5b0, 0xa5d0, 0x9d2d, 0x946a, 0x948b, 0x944a, 0x83c9, 0x7307, 0x5a65, 0x51c4, 0x4984, 0x4983,
0x49a4, 0x51c4, 0x51c4, 0x51c4, 0x49c4, 0x49a4, 0x4983, 0x4143, 0x3102, 0x28e1, 0x28e2, 0x3123, 0x49e4, 0x49c3, 0x4183, 0x5a86,
0x7ba8, 0x8c09, 0x944a, 0x948b, 0x948b, 0x948b, 0x9cab, 0x9c6b, 0x844a, 0x6c29, 0x6408, 0x5be8, 0x6408, 0x73e8, 0x844a, 0x9d6f,
0xadd0, 0xadd0, 0xadd0, 0xa5d0, 0xa5b0, 0xa5b0, 0xa5b0, 0xa5b0, 0xa5b0, 0xa5b0, 0xa5b0, 0xa5b0, 0xa5b0, 0xa5b0, 0xa5b0, 0xa5b0,
0xa5b0, 0xa5b0, 0xa5b0, 0xa5b0, 0xa5b0, 0xa5b0, 0xa5b0, 0xa5b0, 0xa5b0, 0xa5b0, 0xa5b0, 0xa5b0, 0xa5b0, 0xa5b0, 0xa5b0, 0xa5b0,
0xa5b0, 0xa5b0, 0xa5b0, 0xa5b0, 0xa5b0, 0xa5b0, 0xa5b0, 0xa5d0, 0xa58f, 0x950e, 0x8ccd, 0x84ac, 0x742b, 0x7c6c, 0x9d6f, 0xadf0,
0xa5b0, 0xa5b0, 0xa5b0, 0xa5b0, 0x0000, 0x0000, 0x0000, 0x0000, 0x0000, 0x0000, 0x530c, 0x0000, 0x0000, 0x0000, 0x0000, 0x0000,
0x0000, 0x0000, 0x0000, 0x0000, 0x0000, 0x0020, 0x66b4, 0x1123, 0x0000, 0x0000, 0x2b09, 0x4cef, 0x0000, 0x0000, 0x0000, 0x66b4,
0x08c2, 0x0000, 0x0000, 0x0000, 0x0000, 0x0000, 0x3c0c, 0x5570, 0x66b4, 0x4d0f, 0x6673, 0x08c2, 0x6ef5, 0x4d2f, 0x6ed5, 0x4d30,
0x5570, 0x0000, 0x0000, 0x0000, 0x3bec, 0x19e6, 0x2ac8, 0x2aa8, 0x2aa8, 0x1984, 0x55d1, 0x0000, 0x2287, 0x1103, 0x0000, 0x0000,
0x0000, 0x0000, 0x0000, 0x0000, 0x0000, 0x0000, 0x0000, 0x0000, 0x2ac8, 0x6f56, 0x2aa8, 0x0000, 0x0000, 0x0000, 0x0000, 0x0000,
0x0000, 0x0000, 0x0000, 0x0000, 0x0000, 0x0000, 0x0000, 0x2b09, 0x0881, 0x0000, 0x5e12, 0x0041, 0x0000, 0x334a, 0x0000, 0x0000,
0x0000, 0x3c0c, 0x2246, 0x3bec, 0x3bec, 0x446d, 0x2267, 0x19a5, 0x3bec, 0x1143, 0x44ae, 0x0000, 0x5df2, 0x0000, 0x0000, 0x0000,
0x0000, 0x0000, 0x0000, 0x0000, 0x0000, 0x0000, 0x0000, 0x0000, 0x0000, 0x0000, 0x0000, 0x0000, 0x0000, 0x0000, 0x0000, 0x0000,
0x0000, 0x0000, 0x0000, 0x0000, 0x0000, 0x0000, 0x0000, 0x0000, 0x0000, 0x0000, 0x0000, 0x0000, 0x0000, 0x0000, 0x0000, 0x0000,
0x0000, 0x0000, 0x0000, 0x0000, 0x0000, 0x0000, 0x0000, 0x0000, 0x0000, 0x0000, 0x0000, 0x0000, 0x0000, 0x0000, 0x0000, 0x0000,
0x0000, 0x0000, 0x0000, 0x0000, 0x0000, 0x0000, 0x0000, 0x0000, 0x0000, 0x0000, 0x0000, 0x0000, 0x0000, 0x0000, 0x0000, 0x0000,
0x0000, 0x0000, 0x0000, 0x0000, 0x0000, 0x0000, 0x0000, 0x0000, 0xa5af, 0xadd0, 0xadf0, 0xadd0, 0xa5d0, 0xa5b0, 0xa5af, 0xa5af,
0xa5b0, 0xa5b0, 0xa5b0, 0xa5b0, 0xa5b0, 0xa5b0, 0xa5b0, 0xa5b0, 0xa5b0, 0xa5b0, 0xa5b0, 0xa5b0, 0xa5b0, 0xa5b0, 0xa5b0, 0xa5b0,
0xa5b0, 0xa5b0, 0xa5b0, 0xa5b0, 0xa5b0, 0xa5b0, 0xa5b0, 0xa5b0, 0xa5b0, 0xa5b0, 0xa5b0, 0xa5b0, 0xa5b0, 0xa5b0, 0xa5b0, 0xa5af,
0xa5af, 0xa5af, 0xa5b0, 0xadd0, 0xadf0, 0xa5d0, 0x9d2e, 0x7b89, 0x62a6, 0x5205, 0x49a4, 0x4183, 0x4984, 0x49a4, 0x49c4, 0x49c4,
0x49c4, 0x51c4, 0x51c4, 0x49a4, 0x49a4, 0x49a4, 0x51c4, 0x51e4, 0x51c4, 0x4183, 0x3142, 0x3a65, 0x4306, 0x4306, 0x42a5, 0x28e2,
0x28c2, 0x3122, 0x3983, 0x49e4, 0x5a65, 0x6b07, 0x7368, 0x83e9, 0x8c2a, 0x9c6a, 0x9c8b, 0x9cab, 0x9c8a, 0x9cab, 0xa5af, 0xa5d0,
0xa5af, 0xa5af, 0xa58f, 0xa5af, 0xa5af, 0xa5af, 0xa5b0, 0xa5b0, 0xa5b0, 0xa5b0, 0xa5b0, 0xa5b0, 0xa5b0, 0xa5b0, 0xa5b0, 0xa5b0,
0xa5b0, 0xa5b0, 0xa5b0, 0xa5b0, 0xa5b0, 0xa5b0, 0xa5b0, 0xa5b0, 0xa5b0, 0xa5b0, 0xa5b0, 0xa5b0, 0xa5b0, 0xa5b0, 0xa5b0, 0xa5b0,
0xa5b0, 0xa5b0, 0xa5b0, 0xa5b0, 0xa5b0, 0xa5d0, 0xa58f, 0x952e, 0x8ccd, 0x8ccc, 0x7c4b, 0x740b, 0x8cee, 0xa5d0, 0xa5d0, 0xa5af,
0xa5b0, 0xa5b0, 0xa5b0, 0xa5b0, 0x0000, 0x0000, 0x0000, 0x0000, 0x0000, 0x0000, 0x530c, 0x0000, 0x0000, 0x0000, 0x0000, 0x0000,
0x0000, 0x0000, 0x0000, 0x0000, 0x0000, 0x2247, 0x7776, 0x6694, 0x6694, 0x6694, 0x66d4, 0x6f56, 0x08a2, 0x0000, 0x0000, 0x66b4,
0x08c2, 0x0000, 0x0000, 0x0000, 0x0000, 0x0000, 0x3c2c, 0x1144, 0x4cef, 0x0000, 0x5570, 0x3bec, 0x2287, 0x0000, 0x5591, 0x0000,
0x0061, 0x0000, 0x0000, 0x0000, 0x3bec, 0x19e6, 0x0020, 0x336a, 0x2aa8, 0x0000, 0x5591, 0x0000, 0x0000, 0x0000, 0x0000, 0x0000,
0x0000, 0x0000, 0x0000, 0x0000, 0x0000, 0x0000, 0x0000, 0x0000, 0x0000, 0x0041, 0x0000, 0x0000, 0x0000, 0x0000, 0x0000, 0x0000,
0x0000, 0x0000, 0x0000, 0x0000, 0x0000, 0x0000, 0x0081, 0x6693, 0x0020, 0x0000, 0x5e12, 0x0041, 0x0000, 0x5550, 0x19c5, 0x0000,
0x0000, 0x0000, 0x19e6, 0x3c0c, 0x5dd1, 0x0881, 0x5591, 0x5590, 0x2226, 0x1143, 0x44ae, 0x0000, 0x5df2, 0x0000, 0x0000, 0x0000,
0x0000, 0x0000, 0x0000, 0x0000, 0x0000, 0x0000, 0x0000, 0x0000, 0x0000, 0x0000, 0x0000, 0x0000, 0x0000, 0x0000, 0x0000, 0x0000,
0x0000, 0x0000, 0x0000, 0x0000, 0x0000, 0x0000, 0x0000, 0x0000, 0x0000, 0x0000, 0x0000, 0x0000, 0x0000, 0x0000, 0x0000, 0x0000,
0x0000, 0x0000, 0x0000, 0x0000, 0x0000, 0x0000, 0x0000, 0x0000, 0x0000, 0x0000, 0x0000, 0x0000, 0x0000, 0x0000, 0x0000, 0x0000,
0x0000, 0x0000, 0x0000, 0x0000, 0x0000, 0x0000, 0x0000, 0x0000, 0x0000, 0x0000, 0x0000, 0x0000, 0x0000, 0x0000, 0x0000, 0x0000,
0x0000, 0x0000, 0x0000, 0x0000, 0x0000, 0x0000, 0x0000, 0x0000, 0xa5af, 0xa5af, 0xa5af, 0xa5af, 0xa5af, 0xa5af, 0xa5af, 0xa5af,
0xa5af, 0xa5af, 0xa5af, 0xa5af, 0xa5af, 0xa5af, 0xa5af, 0xa5af, 0xa5af, 0xa5af, 0xa5af, 0xa5af, 0xa5af, 0xa5af, 0xa5af, 0xa5af,
0xa5af, 0xa5af, 0xa5af, 0xa5af, 0xa5af, 0xa5af, 0xa5af, 0xa5af, 0xa5af, 0xa5af, 0xa5af, 0xa5af, 0xa5af, 0xa58f, 0xa5af, 0xa5d0,
0xadf0, 0xadf0, 0xa5af, 0x94cd, 0x7bca, 0x62a7, 0x49c4, 0x4183, 0x4163, 0x4184, 0x49a4, 0x49a4, 0x49a4, 0x49a4, 0x49a4, 0x49a4,
0x49a3, 0x49a3, 0x4983, 0x4983, 0x4183, 0x3963, 0x3943, 0x49a4, 0x49c4, 0x49a4, 0x4a04, 0x3c27, 0x33e7, 0x2b86, 0x2366, 0x2122,
0x28e2, 0x2902, 0x28e1, 0x28c1, 0x28c1, 0x28c1, 0x28e2, 0x3122, 0x3943, 0x41a3, 0x5245, 0x62c6, 0x7347, 0x8cac, 0x9d4f, 0xa5af,
0xadf0, 0xadf0, 0xadf0, 0xadf0, 0xa5d0, 0xa5af, 0xa5af, 0xa58f, 0xa58f, 0xa5af, 0xa5af, 0xa5af, 0xa5af, 0xa5af, 0xa5af, 0xa5af,
0xa5af, 0xa5af, 0xa5af, 0xa5af, 0xa5af, 0xa5af, 0xa5af, 0xa5af, 0xa5af, 0xa5af, 0xa5af, 0xa5af, 0xa5af, 0xa5af, 0xa5af, 0xa5af,
0xa5af, 0xa5af, 0xa5af, 0xa5b0, 0xa5af, 0x9d4e, 0x8ccc, 0x8ccc, 0x7c6b, 0x6bea, 0x848c, 0xa58f, 0xadd0, 0xa5af, 0xa5af, 0xa5af,
0xa5af, 0xa5af, 0xa5af, 0xa5af, 0x0000, 0x0000, 0x0000, 0x0000, 0x0000, 0x0000, 0x530c, 0x0000, 0x0000, 0x0000, 0x0000, 0x0000,
0x0000, 0x0000, 0x0000, 0x0000, 0x0000, 0x5550, 0x2ae9, 0x0000, 0x0000, 0x0000, 0x0000, 0x4cef, 0x336a, 0x0000, 0x0000, 0x66b4,
0x08c2, 0x0000, 0x0000, 0x0000, 0x0000, 0x0000, 0x446d, 0x5570, 0x66b4, 0x4d0f, 0x6673, 0x1103, 0x0020, 0x0000, 0x5591, 0x0000,
0x0020, 0x0020, 0x0000, 0x0000, 0x3c0c, 0x19e6, 0x3c0c, 0x5570, 0x5570, 0x5570, 0x6ef5, 0x5570, 0x5570, 0x5590, 0x2247, 0x0000,
0x0000, 0x0000, 0x0000, 0x0000, 0x0000, 0x0000, 0x0000, 0x0000, 0x0000, 0x0000, 0x0000, 0x0000, 0x0000, 0x0000, 0x0000, 0x0000,
0x0000, 0x0000, 0x0000, 0x0000, 0x0000, 0x0000, 0x3329, 0x3beb, 0x0000, 0x0000, 0x5e12, 0x0041, 0x0000, 0x19a5, 0x5570, 0x0000,
0x0000, 0x0000, 0x19e6, 0x3bec, 0x0020, 0x0000, 0x08a2, 0x6673, 0x0000, 0x1144, 0x44ae, 0x0000, 0x5df2, 0x0000, 0x0000, 0x0000,
0x0000, 0x0000, 0x0000, 0x0000, 0x0000, 0x0000, 0x0000, 0x0000, 0x0000, 0x0000, 0x0000, 0x0000, 0x0000, 0x0000, 0x0000, 0x0000,
0x0000, 0x0000, 0x0000, 0x0000, 0x0000, 0x0000, 0x0000, 0x0000, 0x0000, 0x0000, 0x0000, 0x0000, 0x0000, 0x0000, 0x0000, 0x0000,
0x0000, 0x0000, 0x0000, 0x0000, 0x0000, 0x0000, 0x0000, 0x0000, 0x0000, 0x0000, 0x0000, 0x0000, 0x0000, 0x0000, 0x0000, 0x0000,
0x0000, 0x0000, 0x0000, 0x0000, 0x0000, 0x0000, 0x0000, 0x0000, 0x0000, 0x0000, 0x0000, 0x0000, 0x0000, 0x0000, 0x0000, 0x0000,
0x0000, 0x0000, 0x0000, 0x0000, 0x0000, 0x0000, 0x0000, 0x0000, 0xa5af, 0xa5af, 0xa5af, 0xa5af, 0xa5af, 0xa5af, 0xa5af, 0xa5af,
0xa5af, 0xa5af, 0xa5af, 0xa5af, 0xa5af, 0xa5af, 0xa5af, 0xa5af, 0xa5af, 0xa5af, 0xa5af, 0xa5af, 0xa5af, 0xa5af, 0xa5af, 0xa5af,
0xa5af, 0xa5af, 0xa5af, 0xa5af, 0xa5af, 0xa5af, 0xa5af, 0xa5af, 0xa5af, 0xa58f, 0xa58f, 0xa5af, 0xa5d0, 0xadf0, 0xa5af, 0x9d4e,
0x8c6c, 0x6b28, 0x5a66, 0x49a4, 0x4963, 0x4983, 0x49a4, 0x49c4, 0x49a4, 0x49a4, 0x49a4, 0x49a4, 0x49a4, 0x49a4, 0x49a4, 0x49a4,
0x3963, 0x3922, 0x3922, 0x3102, 0x28e1, 0x20c1, 0x20c1, 0x3943, 0x49a4, 0x49a4, 0x4a04, 0x33a6, 0x2b25, 0x1aa4, 0x1aa5, 0x39a3,
0x3922, 0x3122, 0x3122, 0x3102, 0x3943, 0x49a3, 0x49a4, 0x49a4, 0x4163, 0x3122, 0x28c1, 0x28c1, 0x28e2, 0x28e2, 0x3963, 0x4a05,
0x62c7, 0x7389, 0x7c2b, 0x8cac, 0x9d4e, 0xa58f, 0xadd0, 0xae10, 0xadf0, 0xadf0, 0xa5d0, 0xa5af, 0xa58f, 0xa58f, 0xa58f, 0xa58f,
0xa5af, 0xa5af, 0xa5af, 0xa5af, 0xa5af, 0xa5af, 0xa5af, 0xa5af, 0xa5af, 0xa5af, 0xa5af, 0xa5af, 0xa5af, 0xa5af, 0xa5af, 0xa5af,
0xa5af, 0xa5af, 0xa5af, 0x9d4e, 0x8ccc, 0x8ccc, 0x848b, 0x6bea, 0x742b, 0x9d4e, 0xadd0, 0xa5af, 0xa5af, 0xa5af, 0xa5af, 0xa5af,
0xa5af, 0xa5af, 0xa5af, 0xa5af, 0x0000, 0x0000, 0x0000, 0x0000, 0x0000, 0x0000, 0x530c, 0x0000, 0x0000, 0x0000, 0x0000, 0x0000,
0x0000, 0x0000, 0x0000, 0x0000, 0x08e2, 0x6f15, 0x0041, 0x0000, 0x0000, 0x0000, 0x0000, 0x19e6, 0x6673, 0x0000, 0x0000, 0x66d4,
0x08e2, 0x0000, 0x0000, 0x0000, 0x0000, 0x0000, 0x4d0f, 0x0061, 0x4cef, 0x0000, 0x5570, 0x3c2c, 0x5590, 0x5570, 0x6ef5, 0x5570,
0x5591, 0x2206, 0x0000, 0x0000, 0x3c0c, 0x19e6, 0x1123, 0x0000, 0x0000, 0x2b09, 0x334a, 0x0000, 0x0000, 0x0020, 0x0020, 0x0000,
0x0000, 0x0000, 0x0000, 0x0000, 0x0000, 0x0000, 0x0000, 0x0000, 0x0000, 0x0000, 0x0000, 0x0000, 0x0000, 0x0000, 0x0000, 0x0000,
0x0000, 0x0000, 0x0000, 0x0000, 0x0000, 0x08a2, 0x6673, 0x08e2, 0x0000, 0x0000, 0x5e12, 0x0041, 0x0000, 0x0000, 0x5dd1, 0x1164,
0x0000, 0x0000, 0x19e6, 0x3bec, 0x0000, 0x0000, 0x3329, 0x336a, 0x0000, 0x0903, 0x2b09, 0x0000, 0x5df2, 0x0000, 0x0000, 0x0000,
0x0000, 0x0000, 0x0000, 0x0000, 0x0000, 0x0000, 0x0000, 0x0000, 0x0000, 0x0000, 0x0000, 0x0000, 0x0000, 0x0000, 0x0000, 0x0000,
0x0000, 0x0000, 0x0000, 0x0000, 0x0000, 0x0000, 0x0000, 0x0000, 0x0000, 0x0000, 0x0000, 0x0000, 0x0000, 0x0000, 0x0000, 0x0000,
0x0000, 0x0000, 0x0000, 0x0000, 0x0000, 0x0000, 0x0000, 0x0000, 0x0000, 0x0000, 0x0000, 0x0000, 0x0000, 0x0000, 0x0000, 0x0000,
0x0000, 0x0000, 0x0000, 0x0000, 0x0000, 0x0000, 0x0000, 0x0000, 0x0000, 0x0000, 0x0000, 0x0000, 0x0000, 0x0000, 0x0000, 0x0000,
0x0000, 0x0000, 0x0000, 0x0000, 0x0000, 0x0000, 0x0000, 0x0000, 0xa5af, 0xa5af, 0xa5af, 0xa5af, 0xa5af, 0xa5af, 0xa5af, 0xa5af,
0xa5af, 0xa5af, 0xa5af, 0xa5af, 0xa5af, 0xa5af, 0xa5af, 0xa5af, 0xa5af, 0xa5af, 0xa5af, 0xa5af, 0xa5af, 0xa5af, 0xa5af, 0xa5af,
0xa5af, 0xa5af, 0xa5af, 0xa5af, 0xa5af, 0xa58f, 0xa58f, 0xa58f, 0xa5af, 0xadd0, 0xadf0, 0xa58f, 0x94ed, 0x7bea, 0x62a7, 0x51e5,
0x4983, 0x4983, 0x49a4, 0x51c4, 0x51c4, 0x51c4, 0x51c4, 0x51c4, 0x51a4, 0x51a4, 0x51a3, 0x49a3, 0x49a3, 0x4184, 0x4184, 0x49a4,
0x4183, 0x3122, 0x28e1, 0x20c1, 0x20c1, 0x28e2, 0x3943, 0x4163, 0x49a4, 0x4984, 0x49e4, 0x33a6, 0x2b45, 0x22c5, 0x1ac5, 0x4204,
0x51a4, 0x49a4, 0x49a4, 0x4983, 0x49a3, 0x49a3, 0x49a3, 0x49a3, 0x4983, 0x4183, 0x3123, 0x3122, 0x3122, 0x3102, 0x28e2, 0x28c1,
0x30e1, 0x28c1, 0x28c1, 0x28e2, 0x3143, 0x41a4, 0x5266, 0x6308, 0x73a9, 0x846c, 0x950d, 0x9d8f, 0xadd0, 0xadd0, 0xadf0, 0xadf0,
0xa5cf, 0xa5af, 0xa5af, 0xa58f, 0xa58f, 0xa58f, 0xa58f, 0xa5af, 0xa5af, 0xa5af, 0xa5af, 0xa5af, 0xa5af, 0xa5af, 0xa58f, 0xa5af,
0xa5af, 0x9d6e, 0x8ced, 0x8cac, 0x84ac, 0x742a, 0x6bea, 0x8ced, 0xa5cf, 0xa5af, 0xa58f, 0xa5af, 0xa5af, 0xa5af, 0xa5af, 0xa5af,
0xa5af, 0xa5af, 0xa5af, 0xa5af, 0x0000, 0x0000, 0x0000, 0x0000, 0x0000, 0x0000, 0x530c, 0x0000, 0x0000, 0x0000, 0x0000, 0x0000,
0x0000, 0x0000, 0x0000, 0x0000, 0x3c2c, 0x4d0f, 0x0000, 0x0000, 0x0000, 0x0000, 0x0000, 0x0000, 0x6ed5, 0x2247, 0x0000, 0x6f35,
0x1164, 0x0000, 0x0000, 0x0000, 0x0000, 0x0000, 0x5dd1, 0x0000, 0x4cef, 0x0000, 0x5570, 0x0000, 0x0000, 0x0000, 0x5591, 0x0000,
0x0000, 0x0000, 0x0000, 0x0000, 0x448e, 0x5df1, 0x3bec, 0x0000, 0x1184, 0x5df2, 0x1164, 0x44ae, 0x08e2, 0x0000, 0x0000, 0x0000,
0x0000, 0x0000, 0x0000, 0x0000, 0x0000, 0x0000, 0x0000, 0x0000, 0x0000, 0x0000, 0x0000, 0x0000, 0x0000, 0x0000, 0x0000, 0x0000,
0x0000, 0x0000, 0x0000, 0x0000, 0x0000, 0x5570, 0x334a, 0x0000, 0x0000, 0x0000, 0x5e12, 0x0041, 0x0000, 0x0000, 0x2ae8, 0x44ae,
0x0000, 0x0000, 0x19e6, 0x3bec, 0x0000, 0x1164, 0x55b1, 0x0020, 0x0000, 0x0000, 0x0000, 0x0000, 0x5df2, 0x0000, 0x0000, 0x0000,
0x0000, 0x0000, 0x0000, 0x0000, 0x0000, 0x0000, 0x0000, 0x0000, 0x0000, 0x0000, 0x0000, 0x0000, 0x0000, 0x0000, 0x0000, 0x0000,
0x0000, 0x0000, 0x0000, 0x0000, 0x0000, 0x0000, 0x0000, 0x0000, 0x0000, 0x0000, 0x0000, 0x0000, 0x0000, 0x0000, 0x0000, 0x0000,
0x0000, 0x0000, 0x0000, 0x0000, 0x0000, 0x0000, 0x0000, 0x0000, 0x0000, 0x0000, 0x0000, 0x0000, 0x0000, 0x0000, 0x0000, 0x0000,
0x0000, 0x0000, 0x0000, 0x0000, 0x0000, 0x0000, 0x0000, 0x0000, 0x0000, 0x0000, 0x0000, 0x0000, 0x0000, 0x0000, 0x0000, 0x0000,
0x0000, 0x0000, 0x0000, 0x0000, 0x0000, 0x0000, 0x0000, 0x0000, 0xa5af, 0xa5af, 0xa5af, 0xa5af, 0xa5af, 0xa5af, 0xa5af, 0xa5af,
0xa5af, 0xa5af, 0xa5af, 0xa5af, 0xa5af, 0xa5af, 0xa5af, 0xa5af, 0xa5af, 0xa5af, 0xa5af, 0xa5af, 0xa5af, 0xa5af, 0xa5af, 0xa5af,
0xa5af, 0xa5af, 0xa5af, 0xa5af, 0xa58f, 0xa5cf, 0xadf0, 0xa5cf, 0x9d4e, 0x8c6c, 0x7369, 0x5a45, 0x49a4, 0x4963, 0x4983, 0x49a4,
0x49c4, 0x51c4, 0x49c4, 0x49c4, 0x49c4, 0x49c4, 0x49c4, 0x49a3, 0x4983, 0x4983, 0x4983, 0x4183, 0x4163, 0x3963, 0x3102, 0x4183,
0x51c4, 0x49c4, 0x49a4, 0x49a4, 0x49a4, 0x49a4, 0x49a4, 0x49a4, 0x49a4, 0x4984, 0x41e4, 0x33a6, 0x2b45, 0x22c5, 0x1ac5, 0x3a04,
0x4984, 0x49a4, 0x49a4, 0x4983, 0x4163, 0x4162, 0x4142, 0x3942, 0x3122, 0x2902, 0x20c2, 0x3122, 0x3122, 0x3102, 0x3102, 0x3102,
0x3102, 0x3102, 0x3102, 0x3102, 0x28e1, 0x28e1, 0x28c1, 0x28a1, 0x28a1, 0x28c1, 0x3122, 0x39a4, 0x4a25, 0x62e7, 0x7bea, 0x844b,
0x950d, 0x950d, 0x9d8f, 0xadf0, 0xadf0, 0xa5d0, 0xa5cf, 0xa58f, 0xa58f, 0xa5af, 0xa58f, 0xa58f, 0xa5af, 0xa5af, 0xa5af, 0xa58f,
0x950d, 0x84ac, 0x84ac, 0x7c4b, 0x6bca, 0x848c, 0xa5af, 0xa5cf, 0xa58f, 0xa5af, 0xa5af, 0xa5af, 0xa5af, 0xa5af, 0xa5af, 0xa5af,
0xa5af, 0xa5af, 0xa5af, 0xa5af, 0x0000, 0x0000, 0x0000, 0x0000, 0x0000, 0x0000, 0x530c, 0x0000, 0x0000, 0x0000, 0x0000, 0x0000,
0x0000, 0x0000, 0x0000, 0x0000, 0x0000, 0x0000, 0x0000, 0x0000, 0x0000, 0x0000, 0x0000, 0x0000, 0x0000, 0x0000, 0x0000, 0x0000,
0x0000, 0x0000, 0x0000, 0x0000, 0x0000, 0x08e2, 0x5550, 0x0000, 0x4d2f, 0x1184, 0x5dd1, 0x0000, 0x0000, 0x0000, 0x55b1, 0x0000,
0x0000, 0x0000, 0x0000, 0x0000, 0x5570, 0x2aa8, 0x1164, 0x444d, 0x55d1, 0x0903, 0x0000, 0x19a5, 0x5570, 0x444d, 0x0061, 0x0000,
0x0000, 0x0000, 0x0000, 0x0000, 0x0000, 0x0000, 0x0000, 0x0000, 0x0000, 0x0000, 0x0000, 0x0000, 0x0000, 0x0000, 0x0000, 0x0000,
0x0000, 0x0000, 0x0000, 0x0000, 0x0881, 0x444d, 0x0000, 0x0041, 0x08c2, 0x0020, 0x5e33, 0x0040, 0x0000, 0x0000, 0x0061, 0x448e,
0x0000, 0x0000, 0x1a06, 0x3bec, 0x1164, 0x5e12, 0x1143, 0x0000, 0x0000, 0x0020, 0x0061, 0x0020, 0x5df2, 0x0000, 0x0000, 0x0000,
0x0000, 0x0000, 0x0000, 0x0000, 0x0000, 0x0000, 0x0000, 0x0000, 0x0000, 0x0000, 0x0000, 0x0000, 0x0000, 0x0000, 0x0000, 0x0000,
0x0000, 0x0000, 0x0000, 0x0000, 0x0000, 0x0000, 0x0000, 0x0000, 0x0000, 0x0000, 0x0000, 0x0000, 0x0000, 0x0000, 0x0000, 0x0000,
0x0000, 0x0000, 0x0000, 0x0000, 0x0000, 0x0000, 0x0000, 0x0000, 0x0000, 0x0000, 0x0000, 0x0000, 0x0000, 0x0000, 0x0000, 0x0000,
0x0000, 0x0000, 0x0000, 0x0000, 0x0000, 0x0000, 0x0000, 0x0000, 0x0000, 0x0000, 0x0000, 0x0000, 0x0000, 0x0000, 0x0000, 0x0000,
0x0000, 0x0000, 0x0000, 0x0000, 0x0000, 0x0000, 0x0000, 0x0000, 0xa58f, 0xa58f, 0xa58f, 0xa58f, 0xa58f, 0xa58f, 0xa58f, 0xa58f,
0xa58f, 0xa58f, 0xa58f, 0xa58f, 0xa58f, 0xa58f, 0xa58f, 0xa58f, 0xa58f, 0xa58f, 0xa58f, 0xa58f, 0xa58f, 0xa58f, 0xa58f, 0xa58f,
0xa5af, 0xa5af, 0xa5af, 0xa5af, 0xa5af, 0x94ed, 0x7bea, 0x62e7, 0x5205, 0x4183, 0x4163, 0x4983, 0x49a4, 0x49a4, 0x49a4, 0x49a4,
0x49a4, 0x49a4, 0x49a4, 0x49a4, 0x49a4, 0x49a4, 0x49a4, 0x3963, 0x3942, 0x3942, 0x3922, 0x3102, 0x28e2, 0x20c1, 0x20a1, 0x28e2,
0x4163, 0x49a4, 0x51c4, 0x49c4, 0x49c4, 0x49a4, 0x49a4, 0x49a4, 0x49a4, 0x4984, 0x4a24, 0x33e7, 0x2b66, 0x22e5, 0x1ae5, 0x29c3,
0x30e2, 0x3102, 0x3102, 0x3102, 0x28e1, 0x28e1, 0x20c1, 0x2080, 0x1880, 0x18a1, 0x20c1, 0x28e2, 0x2902, 0x3102, 0x2902, 0x3102,
0x3102, 0x3102, 0x3102, 0x3102, 0x3943, 0x49a3, 0x49a4, 0x49a4, 0x4184, 0x3943, 0x3102, 0x3102, 0x3922, 0x4143, 0x4163, 0x4983,
0x51c4, 0x49e4, 0x5a66, 0x6b28, 0x7bca, 0x8c6c, 0x94ed, 0xa5af, 0xa5af, 0xa5af, 0xa5af, 0xa5af, 0xa5af, 0xa58f, 0x950d, 0x8cac,
0x8cac, 0x848b, 0x6bc9, 0x742b, 0x9d4e, 0xadcf, 0xa5af, 0xa58f, 0xa58f, 0xa58f, 0xa58f, 0xa58f, 0xa58f, 0xa58f, 0xa58f, 0xa58f,
0xa58f, 0xa58f, 0xa58f, 0xa58f, 0x0000, 0x0000, 0x0000, 0x0000, 0x0000, 0x0000, 0x530c, 0x0000, 0x0000, 0x0000, 0x0000, 0x0000,
0x0000, 0x0000, 0x0000, 0x0000, 0x0000, 0x0000, 0x0000, 0x0000, 0x0000, 0x0000, 0x0000, 0x0000, 0x0000, 0x0000, 0x0000, 0x0000,
0x0000, 0x0000, 0x0000, 0x0000, 0x0000, 0x08c2, 0x2206, 0x0000, 0x2b09, 0x2267, 0x2247, 0x0000, 0x0000, 0x0000, 0x4d2f, 0x0000,
0x0000, 0x0000, 0x0000, 0x0000, 0x0000, 0x0000, 0x336a, 0x2267, 0x0000, 0x0000, 0x0000, 0x0000, 0x0000, 0x2287, 0x0041, 0x0000,
0x0000, 0x0000, 0x0000, 0x0000, 0x0000, 0x0000, 0x0000, 0x0000, 0x0000, 0x0000, 0x0000, 0x0000, 0x0000, 0x0000, 0x0000, 0x0000,
0x0000, 0x0000, 0x0000, 0x0000, 0x0000, 0x0000, 0x0000, 0x08e2, 0x55b1, 0x5df2, 0x44ae, 0x0000, 0x0000, 0x0000, 0x0000, 0x0000,
0x0000, 0x0000, 0x19e6, 0x338a, 0x444d, 0x1123, 0x0000, 0x0000, 0x0000, 0x08a2, 0x5570, 0x5591, 0x2b29, 0x0000, 0x0000, 0x0000,
0x0000, 0x0000, 0x0000, 0x0000, 0x0000, 0x0000, 0x0000, 0x0000, 0x0000, 0x0000, 0x0000, 0x0000, 0x0000, 0x0000, 0x0000, 0x0000,
0x0000, 0x0000, 0x0000, 0x0000, 0x0000, 0x0000, 0x0000, 0x0000, 0x0000, 0x0000, 0x0000, 0x0000, 0x0000, 0x0000, 0x0000, 0x0000,
0x0000, 0x0000, 0x0000, 0x0000, 0x0000, 0x0000, 0x0000, 0x0000, 0x0000, 0x0000, 0x0000, 0x0000, 0x0000, 0x0000, 0x0000, 0x0000,
0x0000, 0x0000, 0x0000, 0x0000, 0x0000, 0x0000, 0x0000, 0x0000, 0x0000, 0x0000, 0x0000, 0x0000, 0x0000, 0x0000, 0x0000, 0x0000,
0x0000, 0x0000, 0x0000, 0x0000, 0x0000, 0x0000, 0x0000, 0x0000, 0xa58f, 0xa58f, 0xa58f, 0xa58f, 0xa58f, 0xa58f, 0xa58f, 0xa58f,
0xa58f, 0xa58f, 0xa58f, 0xa58f, 0xa58f, 0xa58f, 0xa58f, 0xa58f, 0xa58f, 0xa58f, 0xa58f, 0xa58f, 0xa58f, 0xa58f, 0xa58f, 0xa58f,
0xa58e, 0xad4e, 0xad4e, 0xa54e, 0xa56e, 0x5205, 0x30c1, 0x3102, 0x3943, 0x4183, 0x49a4, 0x49a4, 0x49a4, 0x49a4, 0x49a4, 0x49a4,
0x49a4, 0x49a4, 0x49a4, 0x49a4, 0x49a4, 0x49a4, 0x49c4, 0x4183, 0x3122, 0x28e1, 0x20c1, 0x20a0, 0x20a1, 0x20c1, 0x3122, 0x4163,
0x49a4, 0x49c4, 0x51c4, 0x51c4, 0x51c4, 0x51c4, 0x51c4, 0x51c4, 0x51c4, 0x49a4, 0x49c4, 0x3a64, 0x3244, 0x21e3, 0x29a3, 0x2922,
0x28e1, 0x28e1, 0x28c1, 0x28c1, 0x28c1, 0x28c1, 0x28e1, 0x28e2, 0x3102, 0x3943, 0x4163, 0x4163, 0x3943, 0x3102, 0x28e2, 0x28e2,
0x28e2, 0x2902, 0x28e2, 0x4163, 0x51c3, 0x51a3, 0x49a3, 0x49a3, 0x49a3, 0x4983, 0x3943, 0x3122, 0x3122, 0x3942, 0x3963, 0x4183,
0x4983, 0x49a4, 0x49a4, 0x4983, 0x4163, 0x28a1, 0x41c4, 0xa56e, 0xa4ac, 0xacac, 0xacec, 0x9ced, 0x9d4e, 0x8cac, 0x84ab, 0x848b,
0x6bea, 0x6bea, 0x8d0d, 0xa5af, 0xa5af, 0xa58f, 0xa58f, 0xa58f, 0xa58f, 0xa58f, 0xa58f, 0xa58f, 0xa58f, 0xa58f, 0xa58f, 0xa58f,
0xa58f, 0xa58f, 0xa58f, 0xa58f, 0x0000, 0x0000, 0x0000, 0x0000, 0x0000, 0x0000, 0x530c, 0x0000, 0x0000, 0x0000, 0x0000, 0x0000,
0x0000, 0x0000, 0x0000, 0x0000, 0x0000, 0x0000, 0x0000, 0x0000, 0x0000, 0x0000, 0x0000, 0x0000, 0x0000, 0x0000, 0x0000, 0x0000,
0x0000, 0x0000, 0x0000, 0x0000, 0x0000, 0x0000, 0x0000, 0x0000, 0x0000, 0x0000, 0x0000, 0x0000, 0x0000, 0x0000, 0x0000, 0x0000,
0x0000, 0x0000, 0x0000, 0x0000, 0x0000, 0x0000, 0x0000, 0x0000, 0x0000, 0x0000, 0x0000, 0x0000, 0x0000, 0x0000, 0x0000, 0x0000,
0x0000, 0x0000, 0x0000, 0x0000, 0x0000, 0x0000, 0x0000, 0x0000, 0x0000, 0x0000, 0x0000, 0x0000, 0x0000, 0x0000, 0x0000, 0x0000,
0x0000, 0x0000, 0x0000, 0x0000, 0x0000, 0x0000, 0x0000, 0x0000, 0x0000, 0x0000, 0x0000, 0x0000, 0x0000, 0x0000, 0x0000, 0x0000,
0x0000, 0x0000, 0x0000, 0x0000, 0x0000, 0x0000, 0x0000, 0x0000, 0x0000, 0x0000, 0x0000, 0x0000, 0x0000, 0x0000, 0x0000, 0x0000,
0x0000, 0x0000, 0x0000, 0x0000, 0x0000, 0x0000, 0x0000, 0x0000, 0x0000, 0x0000, 0x0000, 0x0000, 0x0000, 0x0000, 0x0000, 0x0000,
0x0000, 0x0000, 0x0000, 0x0000, 0x0000, 0x0000, 0x0000, 0x0000, 0x0000, 0x0000, 0x0000, 0x0000, 0x0000, 0x0000, 0x0000, 0x0000,
0x0000, 0x0000, 0x0000, 0x0000, 0x0000, 0x0000, 0x0000, 0x0000, 0x0000, 0x0000, 0x0000, 0x0000, 0x0000, 0x0000, 0x0000, 0x0000,
0x0000, 0x0000, 0x0000, 0x0000, 0x0000, 0x0000, 0x0000, 0x0000, 0x0000, 0x0000, 0x0000, 0x0000, 0x0000, 0x0000, 0x0000, 0x0000,
0x0000, 0x0000, 0x0000, 0x0000, 0x0000, 0x0000, 0x0000, 0x0000, 0xa58f, 0xa58f, 0xa58f, 0xa58f, 0xa58f, 0xa58f, 0xa58f, 0xa58f,
0xa58f, 0xa58f, 0xa58f, 0xa58f, 0xa58f, 0xa58f, 0xa58f, 0xa58f, 0xa58f, 0xa58f, 0xa58f, 0xa58f, 0xa58f, 0xa58f, 0xa5af, 0x9d2e,
0x9bc9, 0x9be9, 0x8b68, 0x7308, 0x8b48, 0x8327, 0x7ae7, 0x6a65, 0x51e4, 0x49a3, 0x3942, 0x3942, 0x3942, 0x4163, 0x4183, 0x49a4,
0x49a4, 0x49a4, 0x49a4, 0x49a4, 0x49a4, 0x49a4, 0x49a4, 0x49a4, 0x49a4, 0x49a4, 0x49a4, 0x49a4, 0x49a4, 0x49a4, 0x51c4, 0x49c4,
0x49c4, 0x49a4, 0x51c4, 0x51c4, 0x51c4, 0x49a4, 0x4983, 0x4163, 0x3943, 0x3122, 0x3102, 0x30c2, 0x30e2, 0x3102, 0x3102, 0x3102,
0x3102, 0x3102, 0x3122, 0x3943, 0x3963, 0x4183, 0x4184, 0x49a4, 0x49a4, 0x4184, 0x3943, 0x3102, 0x28e2, 0x28e2, 0x28e2, 0x28e2,
0x28e2, 0x28e2, 0x28e2, 0x4163, 0x4983, 0x4183, 0x4163, 0x4163, 0x4163, 0x3943, 0x2902, 0x28e2, 0x3102, 0x28e2, 0x28e2, 0x3102,
0x3102, 0x3942, 0x3963, 0x3122, 0x3122, 0x5a25, 0x7b28, 0x72e7, 0x8b68, 0x93a8, 0x8b48, 0x6b28, 0x84ab, 0x84ab, 0x742a, 0x63c9,
0x7c8c, 0xa58f, 0xa5cf, 0xa58f, 0xa58f, 0xa58f, 0xa58f, 0xa58f, 0xa58f, 0xa58f, 0xa58f, 0xa58f, 0xa58f, 0xa58f, 0xa58f, 0xa58f,
0xa58f, 0xa58f, 0xa58f, 0xa58f, 0x0000, 0x0000, 0x0000, 0x0000, 0x0000, 0x0000, 0x530c, 0x0000, 0x0000, 0x0000, 0x0000, 0x0000,
0x0000, 0x0000, 0x0000, 0x0000, 0x0000, 0x0000, 0x0000, 0x0000, 0x0000, 0x0000, 0x0000, 0x0000, 0x0000, 0x0000, 0x0000, 0x0000,
0x0000, 0x0000, 0x0000, 0x0000, 0x0000, 0x0000, 0x0000, 0x0000, 0x0000, 0x0000, 0x0000, 0x0000, 0x0000, 0x0000, 0x0000, 0x0000,
0x0000, 0x0000, 0x0000, 0x0000, 0x0000, 0x0000, 0x0000, 0x0000, 0x0000, 0x0000, 0x0000, 0x0000, 0x0000, 0x0000, 0x0000, 0x0000,
0x0000, 0x0000, 0x0000, 0x0000, 0x0000, 0x0000, 0x0000, 0x0000, 0x0000, 0x0000, 0x0000, 0x0000, 0x0000, 0x0000, 0x0000, 0x0000,
0x0000, 0x0000, 0x0000, 0x0000, 0x0000, 0x0000, 0x0000, 0x0000, 0x0000, 0x0000, 0x0000, 0x0000, 0x0000, 0x0000, 0x0000, 0x0000,
0x0000, 0x0000, 0x0000, 0x0000, 0x0000, 0x0000, 0x0000, 0x0000, 0x0000, 0x0000, 0x0000, 0x0000, 0x0000, 0x0000, 0x0000, 0x0000,
0x0000, 0x0000, 0x0000, 0x0000, 0x0000, 0x0000, 0x0000, 0x0000, 0x0000, 0x0000, 0x0000, 0x0000, 0x0000, 0x0000, 0x0000, 0x0000,
0x0000, 0x0000, 0x0000, 0x0000, 0x0000, 0x0000, 0x0000, 0x0000, 0x0000, 0x0000, 0x0000, 0x0000, 0x0000, 0x0000, 0x0000, 0x0000,
0x0000, 0x0000, 0x0000, 0x0000, 0x0000, 0x0000, 0x0000, 0x0000, 0x0000, 0x0000, 0x0000, 0x0000, 0x0000, 0x0000, 0x0000, 0x0000,
0x0000, 0x0000, 0x0000, 0x0000, 0x0000, 0x0000, 0x0000, 0x0000, 0x0000, 0x0000, 0x0000, 0x0000, 0x0000, 0x0000, 0x0000, 0x0000,
0x0000, 0x0000, 0x0000, 0x0000, 0x0000, 0x0000, 0x0000, 0x0000, 0xa58f, 0xa58f, 0xa58f, 0xa58f, 0xa58f, 0xa58f, 0xa58f, 0xa58f,
0xa58f, 0xa58f, 0xa58f, 0xa58f, 0xa58f, 0xa58f, 0xa58f, 0xa58f, 0xa58f, 0xa58f, 0xa58f, 0xa58f, 0xa58f, 0xa58f, 0xa5af, 0x9d2d,
0x8b88, 0x8368, 0x62a7, 0x5a46, 0x5a65, 0x6aa6, 0x72e7, 0x8327, 0x8b48, 0x8b48, 0x8307, 0x72a6, 0x6245, 0x51e4, 0x4183, 0x3942,
0x3942, 0x3943, 0x4163, 0x4183, 0x49a4, 0x49a4, 0x49a4, 0x49a4, 0x49a4, 0x49a4, 0x49a4, 0x49a4, 0x49a4, 0x49a4, 0x49a4, 0x49a4,
0x49a4, 0x49a4, 0x4984, 0x4163, 0x3922, 0x3102, 0x28e2, 0x28e1, 0x28e2, 0x28e2, 0x3102, 0x4163, 0x49a4, 0x49a4, 0x49a4, 0x49a4,
0x4184, 0x49a4, 0x51c4, 0x51c4, 0x51c4, 0x51c4, 0x49c4, 0x4983, 0x3943, 0x3102, 0x28e2, 0x2902, 0x3122, 0x3923, 0x3963, 0x4163,
0x3963, 0x3122, 0x3102, 0x3122, 0x3102, 0x3122, 0x3102, 0x28e1, 0x28c1, 0x20c1, 0x20c1, 0x28e2, 0x3102, 0x2902, 0x3102, 0x3102,
0x28e2, 0x20a1, 0x28e2, 0x5a25, 0x7b28, 0x7b08, 0x6286, 0x5a66, 0x6a86, 0x8b68, 0x7b27, 0x7349, 0x7c8b, 0x5b89, 0x742b, 0x9d4e,
0xadcf, 0xa58f, 0xa58f, 0xa58f, 0xa58f, 0xa58f, 0xa58f, 0xa58f, 0xa58f, 0xa58f, 0xa58f, 0xa58f, 0xa58f, 0xa58f, 0xa58f, 0xa58f,
0xa58f, 0xa58f, 0xa58f, 0xa58f, 0x0000, 0x0000, 0x0000, 0x0000, 0x0000, 0x0000, 0x530c, 0x0000, 0x0000, 0x0000, 0x0000, 0x0000,
0x0000, 0x0000, 0x0000, 0x0000, 0x0000, 0x0000, 0x0000, 0x0000, 0x0000, 0x0000, 0x0000, 0x0000, 0x0000, 0x0000, 0x0000, 0x0000,
0x0000, 0x0000, 0x0000, 0x0000, 0x0000, 0x0000, 0x0000, 0x0000, 0x0000, 0x0000, 0x0000, 0x0000, 0x0000, 0x0000, 0x0000, 0x0000,
0x0000, 0x0000, 0x0000, 0x0000, 0x0000, 0x0000, 0x0000, 0x0000, 0x0000, 0x0000, 0x0000, 0x0000, 0x0000, 0x0000, 0x0000, 0x0000,
0x0000, 0x0000, 0x0000, 0x0000, 0x0000, 0x0000, 0x0000, 0x0000, 0x0000, 0x0000, 0x0000, 0x0000, 0x0000, 0x0000, 0x0000, 0x0000,
0x0000, 0x0000, 0x0000, 0x0000, 0x0000, 0x0000, 0x0000, 0x0000, 0x0000, 0x0000, 0x0000, 0x0000, 0x0000, 0x0000, 0x0000, 0x0000,
0x0000, 0x0000, 0x0000, 0x0000, 0x0000, 0x0000, 0x0000, 0x0000, 0x0000, 0x0000, 0x0000, 0x0000, 0x0000, 0x0000, 0x0000, 0x0000,
0x0000, 0x0000, 0x0000, 0x0000, 0x0000, 0x0000, 0x0000, 0x0000, 0x0000, 0x0000, 0x0000, 0x0000, 0x0000, 0x0000, 0x0000, 0x0000,
0x0000, 0x0000, 0x0000, 0x0000, 0x0000, 0x0000, 0x0000, 0x0000, 0x0000, 0x0000, 0x0000, 0x0000, 0x0000, 0x0000, 0x0000, 0x0000,
0x0000, 0x0000, 0x0000, 0x0000, 0x0000, 0x0000, 0x0000, 0x0000, 0x0000, 0x0000, 0x0000, 0x0000, 0x0000, 0x0000, 0x0000, 0x0000,
0x0000, 0x0000, 0x0000, 0x0000, 0x0000, 0x0000, 0x0000, 0x0000, 0x0000, 0x0000, 0x0000, 0x0000, 0x0000, 0x0000, 0x0000, 0x0000,
0x0000, 0x0000, 0x0000, 0x0000, 0x0000, 0x0000, 0x0000, 0x0000, 0xa58f, 0xa58f, 0xa58f, 0xa58f, 0xa58f, 0xa58f, 0xa58f, 0xa58f,
0xa58f, 0xa58f, 0xa58f, 0xa58f, 0xa58f, 0xa58f, 0xa58f, 0xa58f, 0xa58f, 0xa58f, 0xa58f, 0xa58f, 0xa58f, 0xa58f, 0xa5af, 0x9d4e,
0x93a8, 0x8b68, 0x6ac7, 0x5205, 0x4a05, 0x4a05, 0x4a05, 0x5225, 0x5225, 0x5a65, 0x6286, 0x72e7, 0x8327, 0x8b48, 0x8347, 0x8307,
0x72a6, 0x5a25, 0x49a3, 0x4163, 0x3942, 0x3922, 0x3943, 0x4163, 0x4183, 0x49a4, 0x49a4, 0x49a4, 0x49a4, 0x49a4, 0x49a4, 0x49a4,
0x4183, 0x3943, 0x3102, 0x28e2, 0x3102, 0x3122, 0x3942, 0x3963, 0x4163, 0x4183, 0x49a3, 0x51a3, 0x49a3, 0x49a3, 0x4983, 0x4983,
0x4183, 0x3963, 0x49a4, 0x51c4, 0x51c4, 0x49c4, 0x49a4, 0x4183, 0x4163, 0x4163, 0x4983, 0x49a4, 0x49a4, 0x49c4, 0x49a4, 0x49a4,
0x49a4, 0x49a4, 0x4984, 0x3963, 0x3122, 0x28e2, 0x28c1, 0x20a1, 0x1880, 0x20a1, 0x28e2, 0x28e2, 0x28e2, 0x2902, 0x28e2, 0x20a1,
0x2902, 0x5a25, 0x7b28, 0x7b08, 0x6286, 0x5a66, 0x5245, 0x4a05, 0x5204, 0x8348, 0x8328, 0x6b08, 0x4327, 0x6409, 0xadf0, 0xa5af,
0xa58f, 0xa58f, 0xa58f, 0xa58f, 0xa58f, 0xa58f, 0xa58f, 0xa58f, 0xa58f, 0xa58f, 0xa58f, 0xa58f, 0xa58f, 0xa58f, 0xa58f, 0xa58f,
0xa58f, 0xa58f, 0xa58f, 0xa58f, 0x0000, 0x0000, 0x0000, 0x0000, 0x0000, 0x0000, 0x530c, 0x0000, 0x0000, 0x0000, 0x0000, 0x0000,
0x0000, 0x0000, 0x0000, 0x0000, 0x0000, 0x0000, 0x0000, 0x0000, 0x0000, 0x0000, 0x0000, 0x0000, 0x0000, 0x0000, 0x0000, 0x0000,
0x0000, 0x0000, 0x0000, 0x0000, 0x0000, 0x0000, 0x0000, 0x0000, 0x0000, 0x0000, 0x0000, 0x0000, 0x0000, 0x0000, 0x0000, 0x0000,
0x0000, 0x0000, 0x0000, 0x0000, 0x0000, 0x0000, 0x0000, 0x0000, 0x0000, 0x0000, 0x0000, 0x0000, 0x0000, 0x0000, 0x0000, 0x0000,
0x0000, 0x0000, 0x0000, 0x0000, 0x0000, 0x0000, 0x0000, 0x0000, 0x0000, 0x0000, 0x0000, 0x0000, 0x0000, 0x0000, 0x0000, 0x0000,
0x0000, 0x0000, 0x0000, 0x0000, 0x0000, 0x0000, 0x0000, 0x0000, 0x0000, 0x0000, 0x0000, 0x0000, 0x0000, 0x0000, 0x0000, 0x0000,
0x0000, 0x0000, 0x0000, 0x0000, 0x0000, 0x0000, 0x0000, 0x0000, 0x0000, 0x0000, 0x0000, 0x0000, 0x0000, 0x0000, 0x0000, 0x0000,
0x0000, 0x0000, 0x0000, 0x0000, 0x0000, 0x0000, 0x0000, 0x0000, 0x0000, 0x0000, 0x0000, 0x0000, 0x0000, 0x0000, 0x0000, 0x0000,
0x0000, 0x0000, 0x0000, 0x0000, 0x0000, 0x0000, 0x0000, 0x0000, 0x0000, 0x0000, 0x0000, 0x0000, 0x0000, 0x0000, 0x0000, 0x0000,
0x0000, 0x0000, 0x0000, 0x0000, 0x0000, 0x0000, 0x0000, 0x0000, 0x0000, 0x0000, 0x0000, 0x0000, 0x0000, 0x0000, 0x0000, 0x0000,
0x0000, 0x0000, 0x0000, 0x0000, 0x0000, 0x0000, 0x0000, 0x0000, 0x0000, 0x0000, 0x0000, 0x0000, 0x0000, 0x0000, 0x0000, 0x0000,
0x0000, 0x0000, 0x0000, 0x0000, 0x0000, 0x0000, 0x0000, 0x0000, 0xa58f, 0xa58f, 0xa58f, 0xa58f, 0xa58f, 0xa58f, 0xa58f, 0xa58f,
0xa58f, 0xa58f, 0xa58f, 0xa58f, 0xa58f, 0xa58f, 0xa58f, 0xa58f, 0xa58f, 0xa58f, 0xa58f, 0xa58f, 0xa58f, 0xa58f, 0xa5af, 0x9d4e,
0x93a8, 0x8b68, 0x6ac7, 0x5225, 0x5204, 0x4a04, 0x49e4, 0x49e4, 0x41c4, 0x41a4, 0x3183, 0x41a4, 0x5205, 0x5a45, 0x6286, 0x72c7,
0x7b27, 0x8348, 0x8b48, 0x8b48, 0x7ae7, 0x6a85, 0x5a04, 0x49a3, 0x4143, 0x3922, 0x3922, 0x3943, 0x4163, 0x4183, 0x49a4, 0x49a4,
0x4183, 0x3963, 0x4163, 0x4183, 0x4984, 0x49a4, 0x49a4, 0x49a4, 0x49a4, 0x49a4, 0x4183, 0x4163, 0x4163, 0x4163, 0x4163, 0x3943,
0x3102, 0x20c1, 0x3943, 0x49a4, 0x49a4, 0x49c4, 0x49c4, 0x51c4, 0x51c4, 0x51c4, 0x51c4, 0x51c4, 0x51c4, 0x49c4, 0x49a4, 0x49a4,
0x49a4, 0x49a4, 0x49a4, 0x49a4, 0x49a4, 0x49a4, 0x49a4, 0x4183, 0x3963, 0x3122, 0x3122, 0x3102, 0x28e2, 0x20a1, 0x2902, 0x5a25,
0x8328, 0x7b08, 0x6286, 0x5a66, 0x5a45, 0x4a05, 0x41c4, 0x49c4, 0x5a25, 0x8b68, 0x7b28, 0x6b48, 0x4346, 0x53a8, 0xadcf, 0xa58f,
0xa58f, 0xa58f, 0xa58f, 0xa58f, 0xa58f, 0xa58f, 0xa58f, 0xa58f, 0xa58f, 0xa58f, 0xa58f, 0xa58f, 0xa58f, 0xa58f, 0xa58f, 0xa58f,
0xa58f, 0xa58f, 0xa58f, 0xa58f, 0x0000, 0x0000, 0x0000, 0x0000, 0x0000, 0x0000, 0x530c, 0x0000, 0x0000, 0x0000, 0x0000, 0x0000,
0x0000, 0x0000, 0x0000, 0x0000, 0x0000, 0x0000, 0x0000, 0x0000, 0x0000, 0x0000, 0x0000, 0x0000, 0x0000, 0x0000, 0x0000, 0x0000,
0x0000, 0x0000, 0x0000, 0x0000, 0x0000, 0x0000, 0x0000, 0x0000, 0x0000, 0x0000, 0x0000, 0x0000, 0x0000, 0x0000, 0x0000, 0x0000,
0x0000, 0x0000, 0x0000, 0x0000, 0x0000, 0x0000, 0x0000, 0x0000, 0x0000, 0x0000, 0x0000, 0x0000, 0x0000, 0x0000, 0x0000, 0x0000,
0x0000, 0x0000, 0x0000, 0x0000, 0x0000, 0x0000, 0x0000, 0x0000, 0x0000, 0x0000, 0x0000, 0x0000, 0x0000, 0x0000, 0x0000, 0x0000,
0x0000, 0x0000, 0x0000, 0x0000, 0x0000, 0x0000, 0x0000, 0x0000, 0x0000, 0x0000, 0x0000, 0x0000, 0x0000, 0x0000, 0x0000, 0x0000,
0x0000, 0x0000, 0x0000, 0x0000, 0x0000, 0x0000, 0x0000, 0x0000, 0x0000, 0x0000, 0x0000, 0x0000, 0x0000, 0x0000, 0x0000, 0x0000,
0x0000, 0x0000, 0x0000, 0x0000, 0x0000, 0x0000, 0x0000, 0x0000, 0x0000, 0x0000, 0x0000, 0x0000, 0x0000, 0x0000, 0x0000, 0x0000,
0x0000, 0x0000, 0x0000, 0x0000, 0x0000, 0x0000, 0x0000, 0x0000, 0x0000, 0x0000, 0x0000, 0x0000, 0x0000, 0x0000, 0x0000, 0x0000,
0x0000, 0x0000, 0x0000, 0x0000, 0x0000, 0x0000, 0x0000, 0x0000, 0x0000, 0x0000, 0x0000, 0x0000, 0x0000, 0x0000, 0x0000, 0x0000,
0x0000, 0x0000, 0x0000, 0x0000, 0x0000, 0x0000, 0x0000, 0x0000, 0x0000, 0x0000, 0x0000, 0x0000, 0x0000, 0x0000, 0x0000, 0x0000,
0x0000, 0x0000, 0x0000, 0x0000, 0x0000, 0x0000, 0x0000, 0x0000, 0xa58f, 0xa58f, 0xa58f, 0xa58f, 0xa58f, 0xa58f, 0xa58f, 0xa58f,
0xa58f, 0xa58f, 0xa58f, 0xa58f, 0xa58f, 0xa58f, 0xa58f, 0xa5af, 0xa5af, 0xa58f, 0xa58f, 0xa58f, 0xa58f, 0xa5af, 0xa5af, 0x9d4e,
0x93a8, 0x8b68, 0x6ac7, 0x5225, 0x49e4, 0x41c4, 0x41c4, 0x41c4, 0x41c4, 0x49e4, 0x3983, 0x41c4, 0x5225, 0x4a05, 0x4a05, 0x4a05,
0x5225, 0x5225, 0x4a04, 0x5a65, 0x72e7, 0x8327, 0x8b68, 0x8b68, 0x8327, 0x7ae6, 0x6265, 0x51e4, 0x4183, 0x3942, 0x3922, 0x3942,
0x3943, 0x4183, 0x49a4, 0x49a4, 0x49a4, 0x49a4, 0x49a4, 0x49a4, 0x49a4, 0x49a4, 0x3943, 0x28e2, 0x30e1, 0x28c1, 0x20a1, 0x18a1,
0x18a1, 0x20c2, 0x3922, 0x4183, 0x49a4, 0x49a4, 0x49a4, 0x49a4, 0x49a4, 0x49a4, 0x49a4, 0x49a4, 0x51c4, 0x51c4, 0x51c4, 0x51c4,
0x51c4, 0x51c4, 0x49c4, 0x49c4, 0x49a4, 0x49a4, 0x49a4, 0x49a4, 0x51c4, 0x51c4, 0x4163, 0x28e2, 0x2902, 0x5a25, 0x8328, 0x7b08,
0x6286, 0x5a66, 0x5a45, 0x4a05, 0x41c4, 0x41c4, 0x41c4, 0x49e4, 0x5a25, 0x8b68, 0x7b08, 0x5b27, 0x3b25, 0x3ae6, 0x954e, 0xa58f,
0xa58f, 0xa58f, 0xa58f, 0xa58f, 0xa58f, 0xa58f, 0xa58f, 0xa58f, 0xa58f, 0xa58f, 0xa58f, 0xa58f, 0xa58f, 0xa58f, 0xa58f, 0xa58f,
0xa58f, 0xa58f, 0xa58f, 0xa58f, 0x0000, 0x0000, 0x0000, 0x0000, 0x0000, 0x0000, 0x530c, 0x0000, 0x0000, 0x0000, 0x0000, 0x0000,
0x0000, 0x0000, 0x0000, 0x0000, 0x0000, 0x0000, 0x0000, 0x0000, 0x0000, 0x0000, 0x0000, 0x0000, 0x0000, 0x0000, 0x0000, 0x0000,
0x0000, 0x0000, 0x0000, 0x0000, 0x0000, 0x0000, 0x0000, 0x0000, 0x0000, 0x0000, 0x0000, 0x0000, 0x0000, 0x0000, 0x0000, 0x0000,
0x0000, 0x0000, 0x0000, 0x0000, 0x0000, 0x0000, 0x0000, 0x0000, 0x0000, 0x0000, 0x0000, 0x0000, 0x0000, 0x0000, 0x0000, 0x0000,
0x0000, 0x0000, 0x0000, 0x0000, 0x0000, 0x0000, 0x0000, 0x0000, 0x0000, 0x0000, 0x0000, 0x0000, 0x0000, 0x0000, 0x0000, 0x0000,
0x0000, 0x0000, 0x0000, 0x0000, 0x0000, 0x0000, 0x0000, 0x0000, 0x0000, 0x0000, 0x0000, 0x0000, 0x0000, 0x0000, 0x0000, 0x0000,
0x0000, 0x0000, 0x0000, 0x0000, 0x0000, 0x0000, 0x0000, 0x0000, 0x0000, 0x0000, 0x0000, 0x0000, 0x0000, 0x0000, 0x0000, 0x0000,
0x0000, 0x0000, 0x0000, 0x0000, 0x0000, 0x0000, 0x0000, 0x0000, 0x0000, 0x0000, 0x0000, 0x0000, 0x0000, 0x0000, 0x0000, 0x0000,
0x0000, 0x0000, 0x0000, 0x0000, 0x0000, 0x0000, 0x0000, 0x0000, 0x0000, 0x0000, 0x0000, 0x0000, 0x0000, 0x0000, 0x0000, 0x0000,
0x0000, 0x0000, 0x0000, 0x0000, 0x0000, 0x0000, 0x0000, 0x0000, 0x0000, 0x0000, 0x0000, 0x0000, 0x0000, 0x0000, 0x0000, 0x0000,
0x0000, 0x0000, 0x0000, 0x0000, 0x0000, 0x0000, 0x0000, 0x0000, 0x0000, 0x0000, 0x0000, 0x0000, 0x0000, 0x0000, 0x0000, 0x0000,
0x0000, 0x0000, 0x0000, 0x0000, 0x0000, 0x0000, 0x0000, 0x0000, 0xa58f, 0xa58f, 0xa58f, 0xa58f, 0xa58f, 0xa58f, 0xa58f, 0xa58f,
0xa58f, 0xa58f, 0xa58f, 0xa58f, 0xa58f, 0xa58f, 0xa5af, 0x8d0d, 0x952d, 0xa5af, 0xa5af, 0xa5af, 0xa58f, 0x9d6e, 0x952d, 0x94ec,
0x93a8, 0x8b88, 0x6ae7, 0x5225, 0x49c4, 0x41c4, 0x4a04, 0x5225, 0x5225, 0x4a04, 0x3182, 0x39a3, 0x4a05, 0x4a05, 0x5205, 0x5205,
0x5225, 0x41e4, 0x3183, 0x39a3, 0x49e4, 0x4a05, 0x5245, 0x6286, 0x6aa6, 0x7b07, 0x8348, 0x8b68, 0x8b48, 0x8307, 0x72c6, 0x6245,
0x51c4, 0x4183, 0x3922, 0x3922, 0x3942, 0x3963, 0x4183, 0x49a4, 0x49a4, 0x49a4, 0x49a4, 0x4163, 0x3122, 0x3102, 0x3122, 0x3102,
0x3942, 0x4183, 0x49a4, 0x49a4, 0x49a4, 0x49a4, 0x49a4, 0x49a4, 0x49a4, 0x49a4, 0x49a4, 0x49a4, 0x49a4, 0x49a4, 0x49a4, 0x49a4,
0x49c4, 0x49c4, 0x51c4, 0x51c4, 0x49c4, 0x49c4, 0x51c4, 0x51c4, 0x4183, 0x28e2, 0x28e2, 0x5a25, 0x8328, 0x7b08, 0x6286, 0x5a46,
0x5a45, 0x4a05, 0x41c4, 0x41c4, 0x41c4, 0x41c4, 0x39a4, 0x41c4, 0x5a45, 0x8b68, 0x7b08, 0x6348, 0x53c7, 0x4b67, 0x84cc, 0x9d4e,
0xa58f, 0xa58f, 0xa58f, 0xa58f, 0xa58f, 0xa58f, 0xa58f, 0xa58f, 0xa58f, 0xa58f, 0xa58f, 0xa58f, 0xa58f, 0xa58f, 0xa58f, 0xa58f,
0xa58f, 0xa58f, 0xa58f, 0xa58f, 0x0000, 0x0000, 0x0000, 0x0000, 0x0000, 0x0000, 0x530c, 0x0000, 0x0000, 0x0000, 0x0000, 0x0000,
0x0000, 0x0000, 0x0000, 0x0000, 0x0000, 0x0000, 0x0000, 0x0000, 0x0000, 0x0000, 0x0000, 0x0000, 0x0000, 0x0000, 0x0000, 0x0000,
0x0000, 0x0000, 0x0000, 0x0000, 0x0000, 0x0000, 0x0000, 0x0000, 0x0000, 0x0000, 0x0000, 0x0000, 0x0000, 0x0000, 0x0000, 0x0000,
0x0000, 0x0000, 0x0000, 0x0000, 0x0000, 0x0000, 0x0000, 0x0000, 0x0000, 0x0000, 0x0000, 0x0000, 0x0000, 0x0000, 0x0000, 0x0000,
0x0000, 0x0000, 0x0000, 0x0000, 0x0000, 0x0000, 0x0000, 0x0000, 0x0000, 0x0000, 0x0000, 0x0000, 0x0000, 0x0000, 0x0000, 0x0000,
0x0000, 0x0000, 0x0000, 0x0000, 0x0000, 0x0000, 0x0000, 0x0000, 0x0000, 0x0000, 0x0000, 0x0000, 0x0000, 0x0000, 0x0000, 0x0000,
0x0000, 0x0000, 0x0000, 0x0000, 0x0000, 0x0000, 0x0000, 0x0000, 0x0000, 0x0000, 0x0000, 0x0000, 0x0000, 0x0000, 0x0000, 0x0000,
0x0000, 0x0000, 0x0000, 0x0000, 0x0000, 0x0000, 0x0000, 0x0000, 0x0000, 0x0000, 0x0000, 0x0000, 0x0000, 0x0000, 0x0000, 0x0000,
0x0000, 0x0000, 0x0000, 0x0000, 0x0000, 0x0000, 0x0000, 0x0000, 0x0000, 0x0000, 0x0000, 0x0000, 0x0000, 0x0000, 0x0000, 0x0000,
0x0000, 0x0000, 0x0000, 0x0000, 0x0000, 0x0000, 0x0000, 0x0000, 0x0000, 0x0000, 0x0000, 0x0000, 0x0000, 0x0000, 0x0000, 0x0000,
0x0000, 0x0000, 0x0000, 0x0000, 0x0000, 0x0000, 0x0000, 0x0000, 0x0000, 0x0000, 0x0000, 0x0000, 0x0000, 0x0000, 0x0000, 0x0000,
0x0000, 0x0000, 0x0000, 0x0000, 0x0000, 0x0000, 0x0000, 0x0000, 0xa58f, 0xa58f, 0xa58f, 0xa58f, 0xa58f, 0xa58f, 0xa58f, 0xa58f,
0xa58f, 0xa58f, 0xa58f, 0xa58f, 0xa58f, 0xa58f, 0xadcf, 0x642a, 0x5be9, 0xa5af, 0x9d4e, 0x952d, 0x8cec, 0x848b, 0x742a, 0x6ba9,
0x8b88, 0x9388, 0x6ae7, 0x5225, 0x5225, 0x5225, 0x5225, 0x5225, 0x5225, 0x4a05, 0x41c4, 0x41e4, 0x4a05, 0x4a05, 0x5225, 0x5225,
0x5225, 0x4a05, 0x4a04, 0x4a04, 0x4a05, 0x4a05, 0x4a05, 0x4a05, 0x4a05, 0x4a05, 0x5225, 0x5a65, 0x6286, 0x72c7, 0x7b07, 0x8348,
0x8b68, 0x8b68, 0x8307, 0x6aa6, 0x5a24, 0x49c4, 0x4163, 0x3942, 0x3922, 0x3942, 0x4163, 0x4984, 0x49a4, 0x49c4, 0x49c4, 0x49c4,
0x49a4, 0x49a4, 0x49a4, 0x49a4, 0x49a4, 0x49a4, 0x49a4, 0x49a4, 0x49a4, 0x49a4, 0x49a4, 0x49a4, 0x49a4, 0x49a4, 0x49a4, 0x49a4,
0x49a4, 0x49a4, 0x49a4, 0x49a4, 0x51c4, 0x51c4, 0x4183, 0x28e2, 0x28e2, 0x5205, 0x7b28, 0x7b08, 0x6286, 0x5a46, 0x5245, 0x4a05,
0x41c4, 0x41c4, 0x41c4, 0x41c4, 0x41a4, 0x3984, 0x41c4, 0x5205, 0x6245, 0x8b88, 0x72e7, 0x842b, 0xa5cf, 0xa58f, 0xa5af, 0xa5af,
0xa58f, 0xa58f, 0xa58f, 0xa58f, 0xa58f, 0xa58f, 0xa58f, 0xa58f, 0xa58f, 0xa58f, 0xa58f, 0xa58f, 0xa58f, 0xa58f, 0xa58f, 0xa58f,
0xa58f, 0xa58f, 0xa58f, 0xa58f, 0x0000, 0x0000, 0x0000, 0x0000, 0x0000, 0x0000, 0x530c, 0x0000, 0x0000, 0x0000, 0x0000, 0x0000,
0x0000, 0x0000, 0x0000, 0x0000, 0x0000, 0x0000, 0x0000, 0x0000, 0x0000, 0x0000, 0x0000, 0x0000, 0x0000, 0x0000, 0x0000, 0x0000,
0x0000, 0x0000, 0x0000, 0x0000, 0x0000, 0x0000, 0x0000, 0x0000, 0x0000, 0x0000, 0x0000, 0x0000, 0x0000, 0x0000, 0x0000, 0x0000,
0x0000, 0x0000, 0x0000, 0x0000, 0x0000, 0x0000, 0x0000, 0x0000, 0x0000, 0x0000, 0x0000, 0x0000, 0x0000, 0x0000, 0x0000, 0x0000,
0x0000, 0x0000, 0x0000, 0x0000, 0x0000, 0x0000, 0x0000, 0x0000, 0x0000, 0x0000, 0x0000, 0x0000, 0x0000, 0x0000, 0x0000, 0x0000,
0x0000, 0x0000, 0x0000, 0x0000, 0x0000, 0x0000, 0x0000, 0x0000, 0x0000, 0x0000, 0x0000, 0x0000, 0x0000, 0x0000, 0x0000, 0x0000,
0x0000, 0x0000, 0x0000, 0x0000, 0x0000, 0x0000, 0x0000, 0x0000, 0x0000, 0x0000, 0x0000, 0x0000, 0x0000, 0x0000, 0x0000, 0x0000,
0x0000, 0x0000, 0x0000, 0x0000, 0x0000, 0x0000, 0x0000, 0x0000, 0x0000, 0x0000, 0x0000, 0x0000, 0x0000, 0x0000, 0x0000, 0x0000,
0x0000, 0x0000, 0x0000, 0x0000, 0x0000, 0x0000, 0x0000, 0x0000, 0x0000, 0x0000, 0x0000, 0x0000, 0x0000, 0x0000, 0x0000, 0x0000,
0x0000, 0x0000, 0x0000, 0x0000, 0x0000, 0x0000, 0x0000, 0x0000, 0x0000, 0x0000, 0x0000, 0x0000, 0x0000, 0x0000, 0x0000, 0x0000,
0x0000, 0x0000, 0x0000, 0x0000, 0x0000, 0x0000, 0x0000, 0x0000, 0x0000, 0x0000, 0x0000, 0x0000, 0x0000, 0x0000, 0x0000, 0x0000,
0x0000, 0x0000, 0x0000, 0x0000, 0x0000, 0x0000, 0x0000, 0x0000, 0xa58f, 0xa58f, 0xa58f, 0xa58f, 0xa58f, 0xa58f, 0xa58f, 0xa58f,
0xa58f, 0xa58f, 0xa58f, 0xa5af, 0xa5af, 0xa5af, 0x9d6e, 0x53e8, 0x3b27, 0x746b, 0x84ab, 0x742a, 0x63a9, 0x5b69, 0x6389, 0x7c4b,
0x8bc9, 0x8b88, 0x6ae7, 0x5225, 0x5205, 0x5225, 0x5225, 0x5225, 0x5225, 0x5225, 0x5225, 0x5225, 0x5225, 0x5225, 0x5225, 0x5225,
0x5225, 0x5225, 0x5225, 0x5225, 0x5225, 0x4a05, 0x4a05, 0x5205, 0x4a05, 0x5225, 0x41e4, 0x41e4, 0x4a05, 0x4a05, 0x5225, 0x5245,
0x5a45, 0x6a86, 0x72e7, 0x8327, 0x8b68, 0x8b68, 0x8327, 0x7b07, 0x6a86, 0x5a04, 0x49a3, 0x3942, 0x3922, 0x3922, 0x3942, 0x4163,
0x4183, 0x49a4, 0x49a4, 0x49a4, 0x49a4, 0x49a4, 0x49a4, 0x49a4, 0x49a4, 0x49a4, 0x49a4, 0x49a4, 0x49a4, 0x49a4, 0x49a4, 0x49a4,
0x49a4, 0x49a4, 0x49c4, 0x51c4, 0x4183, 0x28e2, 0x28e2, 0x5205, 0x7b28, 0x7b08, 0x6286, 0x5a66, 0x5a45, 0x5225, 0x41e4, 0x41c4,
0x41c4, 0x41c4, 0x41c4, 0x3983, 0x41c4, 0x4a05, 0x4a05, 0x4a05, 0x5a45, 0x8b88, 0x72c7, 0x842b, 0xadcf, 0xa58f, 0xa58f, 0xa58f,
0xa58f, 0xa58f, 0xa58f, 0xa58f, 0xa58f, 0xa58f, 0xa58f, 0xa58f, 0xa58f, 0xa58f, 0xa58f, 0xa58f, 0xa58f, 0xa58f, 0xa58f, 0xa58f,
0xa58f, 0xa58f, 0xa58f, 0xa58f, 0x0000, 0x0000, 0x0000, 0x0000, 0x0000, 0x0000, 0x530c, 0x0000, 0x0000, 0x0000, 0x0000, 0x0000,
0x0000, 0x0000, 0x0000, 0x0000, 0x0000, 0x0000, 0x0000, 0x0000, 0x0000, 0x0000, 0x0000, 0x0000, 0x0000, 0x0000, 0x0000, 0x0000,
0x0000, 0x0000, 0x0000, 0x0000, 0x0000, 0x0000, 0x0000, 0x0000, 0x0000, 0x0000, 0x0000, 0x0000, 0x0000, 0x0000, 0x0000, 0x0000,
0x0000, 0x0000, 0x0000, 0x0000, 0x0000, 0x0000, 0x0000, 0x0000, 0x0000, 0x0000, 0x0000, 0x0000, 0x0000, 0x0000, 0x0000, 0x0000,
0x0000, 0x0000, 0x0000, 0x0000, 0x0000, 0x0000, 0x0000, 0x0000, 0x0000, 0x0000, 0x0000, 0x0000, 0x0000, 0x0000, 0x0000, 0x0000,
0x0000, 0x0000, 0x0000, 0x0000, 0x0000, 0x0000, 0x0000, 0x0000, 0x0000, 0x0000, 0x0000, 0x0000, 0x0000, 0x0000, 0x0000, 0x0000,
0x0000, 0x0000, 0x0000, 0x0000, 0x0000, 0x0000, 0x0000, 0x0000, 0x0000, 0x0000, 0x0000, 0x0000, 0x0000, 0x0000, 0x0000, 0x0000,
0x0000, 0x0000, 0x0000, 0x0000, 0x0000, 0x0000, 0x0000, 0x0000, 0x0000, 0x0000, 0x0000, 0x0000, 0x0000, 0x0000, 0x0000, 0x0000,
0x0000, 0x0000, 0x0000, 0x0000, 0x0000, 0x0000, 0x0000, 0x0000, 0x0000, 0x0000, 0x0000, 0x0000, 0x0000, 0x0000, 0x0000, 0x0000,
0x0000, 0x0000, 0x0000, 0x0000, 0x0000, 0x0000, 0x0000, 0x0000, 0x0000, 0x0000, 0x0000, 0x0000, 0x0000, 0x0000, 0x0000, 0x0000,
0x0000, 0x0000, 0x0000, 0x0000, 0x0000, 0x0000, 0x0000, 0x0000, 0x0000, 0x0000, 0x0000, 0x0000, 0x0000, 0x0000, 0x0000, 0x0000,
0x0000, 0x0000, 0x0000, 0x0000, 0x0000, 0x0000, 0x0000, 0x0000, 0xa58f, 0xa58f, 0xa58f, 0xa58f, 0xa58f, 0xa58f, 0xa58f, 0xa58f,
0xa5af, 0xa5af, 0xa58f, 0x9d6e, 0x952d, 0x950d, 0x84ab, 0x53c8, 0x3b26, 0x4347, 0x5b69, 0x63aa, 0x7c6c, 0x952d, 0xa5af, 0xadcf,
0x93c9, 0x8b88, 0x7307, 0x5225, 0x5205, 0x5225, 0x5225, 0x5225, 0x5225, 0x5225, 0x5225, 0x5225, 0x5225, 0x5225, 0x5225, 0x5225,
0x5225, 0x5225, 0x5225, 0x5225, 0x5225, 0x5225, 0x5205, 0x5225, 0x5225, 0x5225, 0x41c4, 0x41c4, 0x5225, 0x5225, 0x5205, 0x5225,
0x41c4, 0x5a04, 0x6a86, 0x7aa6, 0x82c6, 0x6a85, 0x6aa6, 0x7b07, 0x8347, 0x8b68, 0x8b48, 0x8327, 0x72c6, 0x6265, 0x5204, 0x4983,
0x3942, 0x3122, 0x3922, 0x3942, 0x4163, 0x4183, 0x49a4, 0x49a4, 0x49a4, 0x49a4, 0x49a4, 0x49a4, 0x49a4, 0x49a4, 0x49a4, 0x49a4,
0x49a4, 0x49c4, 0x4183, 0x28e2, 0x28e2, 0x5205, 0x8328, 0x7b28, 0x6286, 0x5a66, 0x5a66, 0x5225, 0x41e4, 0x41c4, 0x41c4, 0x41c4,
0x41c4, 0x39a3, 0x39a4, 0x41e4, 0x4a05, 0x4a05, 0x4a05, 0x4a05, 0x5a45, 0x8b88, 0x72c7, 0x844b, 0xa5cf, 0xa58f, 0xa58f, 0xa58f,
0xa58f, 0xa58f, 0xa58f, 0xa58f, 0xa58f, 0xa58f, 0xa58f, 0xa58f, 0xa58f, 0xa58f, 0xa58f, 0xa58f, 0xa58f, 0xa58f, 0xa58f, 0xa58f,
0xa58f, 0xa58f, 0xa58f, 0xa58f, 0x0000, 0x0000, 0x0000, 0x0000, 0x0000, 0x0000, 0x530c, 0x0000, 0x0000, 0x0000, 0x0000, 0x0000,
0x0000, 0x0000, 0x0000, 0x0000, 0x0000, 0x0000, 0x0000, 0x0000, 0x0000, 0x0000, 0x0000, 0x0000, 0x0000, 0x0000, 0x0000, 0x0000,
0x0000, 0x0000, 0x0000, 0x0000, 0x0000, 0x0000, 0x0000, 0x0000, 0x0000, 0x0000, 0x0000, 0x0000, 0x0000, 0x0000, 0x0000, 0x0000,
0x0000, 0x0000, 0x0000, 0x0000, 0x0000, 0x0000, 0x0000, 0x0000, 0x0000, 0x0000, 0x0000, 0x0000, 0x0000, 0x0000, 0x0000, 0x0000,
0x0000, 0x0000, 0x0000, 0x0000, 0x0000, 0x0000, 0x0000, 0x0000, 0x0000, 0x0000, 0x0000, 0x0000, 0x0000, 0x0000, 0x0000, 0x0000,
0x0000, 0x0000, 0x0000, 0x0000, 0x0000, 0x0000, 0x0000, 0x0000, 0x0000, 0x0000, 0x0000, 0x0000, 0x0000, 0x0000, 0x0000, 0x0000,
0x0000, 0x0000, 0x0000, 0x0000, 0x0000, 0x0000, 0x0000, 0x0000, 0x0000, 0x0000, 0x0000, 0x0000, 0x0000, 0x0000, 0x0000, 0x0000,
0x0000, 0x0000, 0x0000, 0x0000, 0x0000, 0x0000, 0x0000, 0x0000, 0x0000, 0x0000, 0x0000, 0x0000, 0x0000, 0x0000, 0x0000, 0x0000,
0x0000, 0x0000, 0x0000, 0x0000, 0x0000, 0x0000, 0x0000, 0x0000, 0x0000, 0x0000, 0x0000, 0x0000, 0x0000, 0x0000, 0x0000, 0x0000,
0x0000, 0x0000, 0x0000, 0x0000, 0x0000, 0x0000, 0x0000, 0x0000, 0x0000, 0x0000, 0x0000, 0x0000, 0x0000, 0x0000, 0x0000, 0x0000,
0x0000, 0x0000, 0x0000, 0x0000, 0x0000, 0x0000, 0x0000, 0x0000, 0x0000, 0x0000, 0x0000, 0x0000, 0x0000, 0x0000, 0x0000, 0x0000,
0x0000, 0x0000, 0x0000, 0x0000, 0x0000, 0x0000, 0x0000, 0x0000, 0xa58f, 0xa58f, 0xa58f, 0xa58f, 0xa58f, 0xa5af, 0xa5af, 0xa58f,
0x9d6e, 0x952d, 0x8cec, 0x8ccc, 0x7c6b, 0x6bea, 0x5b69, 0x5b69, 0x53a8, 0x6c2a, 0x8ced, 0xa58f, 0xadcf, 0xa5af, 0xa58f, 0xa58f,
0x93e9, 0x8b88, 0x7307, 0x5225, 0x5205, 0x5225, 0x5225, 0x5225, 0x5225, 0x5225, 0x5225, 0x5225, 0x5225, 0x5225, 0x5225, 0x5225,
0x5225, 0x5225, 0x5225, 0x5225, 0x5225, 0x5225, 0x5225, 0x5225, 0x5225, 0x5225, 0x41c4, 0x39a3, 0x4a05, 0x5225, 0x4a05, 0x5225,
0x6245, 0x7285, 0x7aa6, 0x7285, 0x5a04, 0x5204, 0x5225, 0x5a45, 0x7aa6, 0x6265, 0x62a6, 0x72e7, 0x8327, 0x8347, 0x8b68, 0x8b48,
0x8327, 0x72c6, 0x6245, 0x51e4, 0x4163, 0x3922, 0x3922, 0x3922, 0x3943, 0x4163, 0x4984, 0x49a4, 0x49a4, 0x49a4, 0x49a4, 0x49a4,
0x4163, 0x28e2, 0x28e2, 0x5205, 0x8328, 0x7b28, 0x6286, 0x5a66, 0x5a66, 0x5245, 0x41e4, 0x39a3, 0x41c4, 0x41c4, 0x41c4, 0x39a4,
0x3983, 0x41c4, 0x4a05, 0x4a05, 0x4a05, 0x4a05, 0x4a05, 0x4a04, 0x6265, 0x9388, 0x72c7, 0x8c6c, 0xa5cf, 0xa58f, 0xa58f, 0xa58f,
0xa58f, 0xa58f, 0xa58f, 0xa58f, 0xa58f, 0xa58f, 0xa58f, 0xa58f, 0xa58f, 0xa58f, 0xa58f, 0xa58f, 0xa58f, 0xa58f, 0xa58f, 0xa5af,
0xa58f, 0xa58f, 0xa58f, 0xa58f, 0x0000, 0x0000, 0x0000, 0x0000, 0x0000, 0x0000, 0x530c, 0x0000, 0x0000, 0x0000, 0x0000, 0x0000,
0x0000, 0x0000, 0x0000, 0x0000, 0x0000, 0x0000, 0x0000, 0x0000, 0x0000, 0x0000, 0x0000, 0x0000, 0x0000, 0x0000, 0x0000, 0x0000,
0x0000, 0x0000, 0x0000, 0x0000, 0x0000, 0x0000, 0x0000, 0x0000, 0x0000, 0x0000, 0x0000, 0x0000, 0x0000, 0x0000, 0x0000, 0x0000,
0x0000, 0x0000, 0x0000, 0x0000, 0x0000, 0x0000, 0x0000, 0x0000, 0x0000, 0x0000, 0x0000, 0x0000, 0x0000, 0x0000, 0x0000, 0x0000,
0x0000, 0x0000, 0x0000, 0x0000, 0x0000, 0x0000, 0x0000, 0x0000, 0x0000, 0x0000, 0x0000, 0x0000, 0x0000, 0x0000, 0x0000, 0x0000,
0x0000, 0x0000, 0x0000, 0x0000, 0x0000, 0x0000, 0x0000, 0x0000, 0x0000, 0x0000, 0x0000, 0x0000, 0x0000, 0x0000, 0x0000, 0x0000,
0x0000, 0x0000, 0x0000, 0x0000, 0x0000, 0x0000, 0x0000, 0x0000, 0x0000, 0x0000, 0x0000, 0x0000, 0x0000, 0x0000, 0x0000, 0x0000,
0x0000, 0x0000, 0x0000, 0x0000, 0x0000, 0x0000, 0x0000, 0x0000, 0x0000, 0x0000, 0x0000, 0x0000, 0x0000, 0x0000, 0x0000, 0x0000,
0x0000, 0x0000, 0x0000, 0x0000, 0x0000, 0x0000, 0x0000, 0x0000, 0x0000, 0x0000, 0x0000, 0x0000, 0x0000, 0x0000, 0x0000, 0x0000,
0x0000, 0x0000, 0x0000, 0x0000, 0x0000, 0x0000, 0x0000, 0x0000, 0x0000, 0x0000, 0x0000, 0x0000, 0x0000, 0x0000, 0x0000, 0x0000,
0x0000, 0x0000, 0x0000, 0x0000, 0x0000, 0x0000, 0x0000, 0x0000, 0x0000, 0x0000, 0x0000, 0x0000, 0x0000, 0x0000, 0x0000, 0x0000,
0x0000, 0x0000, 0x0000, 0x0000, 0x0000, 0x0000, 0x0000, 0x0000, 0xa58f, 0xa5af, 0xa5af, 0xa5af, 0xa58e, 0x9d4e, 0x950d, 0x8cec,
0x84ac, 0x7c4b, 0x6bc9, 0x5b89, 0x5b69, 0x6bea, 0x848c, 0x9d6e, 0xa58f, 0xa5af, 0xa5af, 0xa58f, 0xa58f, 0xa58f, 0xa58f, 0xa5af,
0x940a, 0x9368, 0x7308, 0x5a45, 0x5205, 0x4a25, 0x5205, 0x5205, 0x5205, 0x4a25, 0x4a25, 0x4a25, 0x5225, 0x5225, 0x5225, 0x5225,
0x5225, 0x5225, 0x5225, 0x5225, 0x5225, 0x5225, 0x5225, 0x5225, 0x5225, 0x5225, 0x41c3, 0x39a3, 0x41c4, 0x4a25, 0x5a45, 0x7285,
0x7aa5, 0x7285, 0x6224, 0x49c3, 0x5225, 0x5245, 0x5225, 0x7285, 0x6a45, 0x5204, 0x5225, 0x6265, 0x7aa6, 0x5a45, 0x6286, 0x6aa6,
0x72c6, 0x8327, 0x8b68, 0x8b68, 0x8347, 0x7b07, 0x72a6, 0x6225, 0x51c4, 0x4163, 0x3922, 0x3922, 0x3922, 0x3963, 0x3963, 0x28e2,
0x28e2, 0x5205, 0x8328, 0x7b28, 0x5a66, 0x5225, 0x5a66, 0x5225, 0x49e4, 0x41c4, 0x39a4, 0x3983, 0x41c4, 0x41a4, 0x3983, 0x41a4,
0x4a05, 0x4a05, 0x4a05, 0x4a05, 0x4a05, 0x4a05, 0x49e5, 0x4a04, 0x6265, 0x9388, 0x72c7, 0x846b, 0xa5cf, 0xa58f, 0xa58f, 0xa58f,
0xa58f, 0xa58f, 0xa58f, 0xa58f, 0xa58f, 0xa58f, 0xa58f, 0xa58f, 0xa58f, 0xa58f, 0xa58f, 0xa58f, 0xa58f, 0xa5af, 0x9d8e, 0x9d4e,
0xa5af, 0xa58f, 0xa58f, 0xa58f, 0x0000, 0x0000, 0x0000, 0x0000, 0x0000, 0x0000, 0x530c, 0x0000, 0x0000, 0x0000, 0x0000, 0x0000,
0x0000, 0x0000, 0x0000, 0x0000, 0x0000, 0x0000, 0x0000, 0x0000, 0x0000, 0x0000, 0x0000, 0x0000, 0x0000, 0x0000, 0x0000, 0x0000,
0x0000, 0x0000, 0x0000, 0x0000, 0x0000, 0x0000, 0x0000, 0x0000, 0x0000, 0x0000, 0x0000, 0x0000, 0x0000, 0x0000, 0x0000, 0x0000,
0x0000, 0x0000, 0x0000, 0x0020, 0x0000, 0x0000, 0x0000, 0x0000, 0x0000, 0x0000, 0x0000, 0x0000, 0x0000, 0x0000, 0x0000, 0x0000,
0x0000, 0x0000, 0x0000, 0x0000, 0x0000, 0x0000, 0x0000, 0x0000, 0x0000, 0x0000, 0x0000, 0x0000, 0x0000, 0x0000, 0x0000, 0x0000,
0x0000, 0x0000, 0x0000, 0x0000, 0x0000, 0x0000, 0x0000, 0x0000, 0x0000, 0x0000, 0x0000, 0x0000, 0x0000, 0x0000, 0x0000, 0x0000,
0x0000, 0x0000, 0x0000, 0x0000, 0x0000, 0x0000, 0x0000, 0x0000, 0x0000, 0x0000, 0x0000, 0x0000, 0x0000, 0x0000, 0x0000, 0x0000,
0x0000, 0x0000, 0x0000, 0x0000, 0x0000, 0x0000, 0x0000, 0x0000, 0x0000, 0x0000, 0x0000, 0x0000, 0x0000, 0x0000, 0x0000, 0x0000,
0x0000, 0x0000, 0x0000, 0x0000, 0x0000, 0x0000, 0x0000, 0x0000, 0x0000, 0x0000, 0x0000, 0x0000, 0x0000, 0x0000, 0x0000, 0x0000,
0x0000, 0x0000, 0x0000, 0x0000, 0x0000, 0x0000, 0x0000, 0x0000, 0x0000, 0x0000, 0x0000, 0x0000, 0x0000, 0x0000, 0x0000, 0x0000,
0x0000, 0x0000, 0x0000, 0x0000, 0x0000, 0x0000, 0x0000, 0x0000, 0x0000, 0x0000, 0x0000, 0x0000, 0x0000, 0x0000, 0x0000, 0x0000,
0x0000, 0x0000, 0x0000, 0x0000, 0x0000, 0x0000, 0x0000, 0x0000, 0xa5af, 0x9d6e, 0x954e, 0x950d, 0x8cec, 0x84ab, 0x7c4a, 0x6bc9,
0x5b69, 0x5b89, 0x6c0a, 0x8ccd, 0x9d4e, 0xa5cf, 0xadcf, 0xa5af, 0xa58f, 0xa58f, 0xa58f, 0xa58f, 0xa58f, 0xa58f, 0xa58f, 0xa5af,
0x940a, 0x9368, 0x7308, 0x5a25, 0x4a05, 0x4a25, 0x4a05, 0x4a05, 0x4a05, 0x4a05, 0x4a05, 0x4a05, 0x4a05, 0x5225, 0x5225, 0x5225,
0x5225, 0x5225, 0x5225, 0x5225, 0x5225, 0x5225, 0x5225, 0x5225, 0x5225, 0x4a05, 0x41c3, 0x39a3, 0x41a3, 0x6245, 0x7aa5, 0x7aa5,
0x6a65, 0x5a04, 0x51e4, 0x49c4, 0x5245, 0x5225, 0x6a85, 0x7285, 0x5204, 0x5245, 0x5225, 0x6265, 0x7285, 0x5225, 0x5225, 0x5245,
0x51e4, 0x5a04, 0x7ac6, 0x82e6, 0x7ae7, 0x72e7, 0x8347, 0x8b68, 0x8b68, 0x8b48, 0x7b07, 0x6a86, 0x5a04, 0x49a3, 0x3102, 0x49e4,
0x7b07, 0x7308, 0x5a86, 0x4a25, 0x41c4, 0x41c4, 0x41e4, 0x41c4, 0x41c4, 0x41c4, 0x39a3, 0x3183, 0x3984, 0x39a4, 0x41e4, 0x4a05,
0x4a05, 0x4a05, 0x4a05, 0x4a05, 0x4a05, 0x49e5, 0x49e5, 0x49e4, 0x6265, 0x9388, 0x6ac7, 0x8cac, 0xa5cf, 0xa58f, 0xa58f, 0xa58f,
0xa58f, 0xa58f, 0xa58f, 0xa58f, 0xa58f, 0xa58f, 0xa58f, 0xa58f, 0xa58f, 0xa58f, 0xa58f, 0xa58f, 0xa58f, 0xadaf, 0x84ec, 0x6c4a,
0xadaf, 0xa58f, 0xa58f, 0xa58f, 0x0000, 0x0000, 0x0000, 0x0000, 0x0000, 0x0000, 0x530c, 0x0000, 0x0000, 0x0000, 0x0000, 0x0000,
0x0000, 0x0000, 0x0000, 0x0000, 0x0000, 0x0000, 0x0000, 0xa514, 0x0000, 0x0000, 0x0000, 0x0000, 0x0000, 0x0000, 0x0000, 0x0000,
0x0000, 0x0000, 0xbdd7, 0x0000, 0x0000, 0x0000, 0x10a2, 0x6b6d, 0x0000, 0x0000, 0x0000, 0x0000, 0x39c7, 0xa534, 0x9cf3, 0x9cf3,
0xa514, 0x630c, 0x0000, 0x8c71, 0x4a49, 0x10a2, 0x0000, 0x0000, 0x0020, 0x0020, 0x0000, 0x0020, 0x0000, 0x0000, 0x0000, 0x0000,
0x4a69, 0x73ae, 0x31a6, 0x0000, 0x0000, 0x0000, 0x0000, 0x0000, 0x0000, 0x2104, 0x94b2, 0x0000, 0x0000, 0x0000, 0x0000, 0x0000,
0x0000, 0x0000, 0x9cd3, 0x0020, 0x0000, 0x0000, 0x0000, 0x0000, 0x0000, 0x0000, 0x0000, 0x0000, 0x0000, 0x0000, 0xa534, 0x0841,
0x0000, 0x0000, 0x39c7, 0x738e, 0x0000, 0x0000, 0x0000, 0x0000, 0x0000, 0x0000, 0x0000, 0x0000, 0x0000, 0x0000, 0x0000, 0x0000,
0x0000, 0x0000, 0x0000, 0x0000, 0x0000, 0x0000, 0x0000, 0x0000, 0x0000, 0x0000, 0x0000, 0x0000, 0x0000, 0x0000, 0x0000, 0x0000,
0x0000, 0x0000, 0x0000, 0x0000, 0x0000, 0x0000, 0x0000, 0x0000, 0x0000, 0x0000, 0x0000, 0x0000, 0x0000, 0x0000, 0x0000, 0x0000,
0x0000, 0x0000, 0x0000, 0x0000, 0x0000, 0x0000, 0x0000, 0x0000, 0x0000, 0x0000, 0x0000, 0x0000, 0x0000, 0x0000, 0x0000, 0x0000,
0x0000, 0x0000, 0x0000, 0x0000, 0x0000, 0x0000, 0x0000, 0x0000, 0x0000, 0x0000, 0x0000, 0x0000, 0x0000, 0x0000, 0x0000, 0x0000,
0x0000, 0x0000, 0x0000, 0x0000, 0x0000, 0x0000, 0x0000, 0x0000, 0x950d, 0x8ccc, 0x848b, 0x742a, 0x63a9, 0x5b69, 0x5b89, 0x740b,
0x8ced, 0xa58f, 0xadcf, 0xadcf, 0x746b, 0x9d4e, 0xa5af, 0xa58f, 0xa58f, 0xa58f, 0xa58f, 0xa58f, 0xa58f, 0xa58f, 0xa58f, 0xa5af,
0x942a, 0x9368, 0x7308, 0x5a45, 0x4a04, 0x4a25, 0x4a05, 0x4a05, 0x4a05, 0x4a05, 0x4a05, 0x4a05, 0x5225, 0x5225, 0x5225, 0x5225,
0x5225, 0x5225, 0x5225, 0x5225, 0x5225, 0x5225, 0x5225, 0x5225, 0x5225, 0x5225, 0x4a04, 0x5204, 0x6a85, 0x82c6, 0x7265, 0x5a24,
0x49c3, 0x5a04, 0x6245, 0x49c4, 0x5225, 0x5a65, 0x7aa6, 0x5a24, 0x5225, 0x5225, 0x5225, 0x7285, 0x6a65, 0x5225, 0x5225, 0x5225,
0x5245, 0x49c3, 0x7265, 0x7285, 0x7ac6, 0x5a45, 0x5a45, 0x6286, 0x6aa6, 0x72c6, 0x7b07, 0x8b48, 0x8b68, 0x9388, 0xa40a, 0xac4b,
0x8368, 0x62a6, 0x5245, 0x41e4, 0x39a3, 0x3983, 0x41c4, 0x41c4, 0x41c4, 0x41c4, 0x39a3, 0x3183, 0x41c4, 0x4a05, 0x4a05, 0x49e5,
0x49e4, 0x41e4, 0x49e5, 0x49e5, 0x49e5, 0x49e5, 0x49e5, 0x49e4, 0x6265, 0x9388, 0x6ac7, 0x846c, 0xa58f, 0xa5af, 0xa5af, 0xa5af,
0xa58f, 0xa58f, 0xa5af, 0xa58f, 0xa58f, 0xa58f, 0xa58f, 0xa58f, 0xa58f, 0xa58f, 0xa58f, 0xa58f, 0xa58f, 0xa5af, 0x6429, 0x5bc9,
0xadcf, 0xa58f, 0xa58f, 0xa58f, 0x0000, 0x0000, 0x0000, 0x0000, 0x0000, 0x0000, 0x530c, 0x0000, 0x0000, 0x0000, 0x0000, 0x0000,
0x0000, 0x0000, 0x0000, 0x0000, 0x0000, 0x0000, 0x2945, 0xb596, 0x94b2, 0xb596, 0xad75, 0xad75, 0xad75, 0xb596, 0x630c, 0x0000,
0x0000, 0x0000, 0xc618, 0x0000, 0x0000, 0x0000, 0x0000, 0xbdd7, 0x10a2, 0x0000, 0x0020, 0x0020, 0x0020, 0x0020, 0x8c51, 0x8c51,
0x0000, 0x0841, 0x2945, 0xad55, 0x0000, 0x94b2, 0x5acb, 0x0000, 0x31a6, 0xb5b6, 0xef5d, 0xb5b6, 0x2945, 0x0000, 0x0000, 0x0000,
0x5acb, 0x5aeb, 0x8c71, 0x0020, 0x0000, 0x4a49, 0xad55, 0xa534, 0xa534, 0xa534, 0xf79e, 0xad55, 0xa534, 0xa534, 0xad55, 0x31a6,
0x0000, 0x0000, 0x6b6d, 0x632c, 0x0000, 0xad55, 0xad75, 0xad55, 0xad55, 0xad75, 0xad75, 0x0000, 0x0000, 0x4208, 0xef7d, 0x9cd3,
0x9cf3, 0x94b2, 0x9cf3, 0xbdf7, 0x9cd3, 0x9cd3, 0xa514, 0x2945, 0x0000, 0x0000, 0x0000, 0x0000, 0x0000, 0x0000, 0x0000, 0x0000,
0x0000, 0x0000, 0x0000, 0x0000, 0x0000, 0x0000, 0x0000, 0x0000, 0x0000, 0x0000, 0x0000, 0x0000, 0x0000, 0x0000, 0x0000, 0x0000,
0x0000, 0x0000, 0x0000, 0x0000, 0x0000, 0x0000, 0x0000, 0x0000, 0x0000, 0x0000, 0x0000, 0x0000, 0x0000, 0x0000, 0x0000, 0x0000,
0x0000, 0x0000, 0x0000, 0x0000, 0x0000, 0x0000, 0x0000, 0x0000, 0x0000, 0x0000, 0x0000, 0x0000, 0x0000, 0x0000, 0x0000, 0x0000,
0x0000, 0x0000, 0x0000, 0x0000, 0x0000, 0x0000, 0x0000, 0x0000, 0x0000, 0x0000, 0x0000, 0x0000, 0x0000, 0x0000, 0x0000, 0x0000,
0x0000, 0x0000, 0x0000, 0x0000, 0x0000, 0x0000, 0x0000, 0x0000, 0x740a, 0x6389, 0x5b48, 0x5b89, 0x742b, 0x8ced, 0xa58f, 0xadcf,
0xa5af, 0xa58f, 0xa58f, 0x9d8e, 0x4327, 0x84ed, 0xadcf, 0xa58f, 0xa58f, 0xa58f, 0xa58f, 0xa58f, 0xa58f, 0xa58f, 0xa58f, 0xa5af,
0x942a, 0x9368, 0x7328, 0x5a45, 0x4a04, 0x4a25, 0x4a05, 0x41e4, 0x4a25, 0x4a05, 0x4a05, 0x4a05, 0x4a05, 0x5225, 0x5225, 0x5225,
0x5225, 0x5225, 0x5225, 0x5225, 0x5225, 0x5225, 0x5225, 0x5225, 0x5225, 0x4a05, 0x5225, 0x7ac6, 0x7aa5, 0x6224, 0x49e4, 0x4a05,
0x49e4, 0x5a04, 0x5a25, 0x49c4, 0x5a45, 0x7ac6, 0x6245, 0x5225, 0x5245, 0x5225, 0x5205, 0x72a5, 0x6245, 0x5225, 0x5225, 0x5225,
0x5225, 0x49e4, 0x5a04, 0x7285, 0x7285, 0x72a6, 0x4a04, 0x5225, 0x5225, 0x5225, 0x5205, 0x6245, 0x7ae6, 0x9bc9, 0xac2a, 0xac4a,
0x9c0a, 0x7308, 0x5a25, 0x4a05, 0x41c4, 0x41c4, 0x41c4, 0x41c4, 0x41a4, 0x39a3, 0x39a3, 0x3183, 0x41e4, 0x4a05, 0x4a05, 0x41e4,
0x41a4, 0x41c4, 0x4a05, 0x49e5, 0x41e5, 0x41e5, 0x41e5, 0x49e4, 0x6265, 0x9388, 0x6ac7, 0x6baa, 0x744c, 0x84ac, 0x950e, 0x9d6e,
0xa5af, 0xa5af, 0x9d6e, 0xa58f, 0xa58f, 0xa58f, 0xa58f, 0xa58f, 0xa58f, 0xa58f, 0xa58f, 0xa58f, 0xa5af, 0x954d, 0x4bc7, 0x53a8,
0xa5af, 0xa5af, 0xa58f, 0xa5af, 0x0000, 0x0000, 0x0000, 0x0000, 0x0000, 0x0000, 0x530c, 0x0000, 0x0000, 0x0000, 0x0000, 0x0000,
0x0000, 0x0000, 0x0000, 0x0000, 0x0000, 0x0000, 0x9cf3, 0x4a49, 0x0841, 0xbdf7, 0x0000, 0x0000, 0x0000, 0x6b4d, 0x5aeb, 0x0000,
0x2104, 0x52aa, 0xd6ba, 0x52aa, 0xc618, 0xad55, 0xad55, 0xad55, 0xad55, 0xad55, 0xd69a, 0x4a69, 0x0000, 0x0020, 0x8c51, 0x8c51,
0x0000, 0x10a2, 0xce59, 0x632c, 0x630c, 0x8c51, 0xf7be, 0x2945, 0x0000, 0x0841, 0xad75, 0x0000, 0x5aeb, 0xce59, 0xad55, 0xad55,
0xce59, 0xc638, 0xad75, 0x4a49, 0x0000, 0x632c, 0x5aeb, 0x0000, 0x528a, 0x31a6, 0x0000, 0x0000, 0x8c51, 0x0000, 0x0020, 0x0020,
0x0020, 0x0020, 0x0861, 0x1082, 0x0861, 0x18e3, 0x0000, 0xc638, 0x0000, 0x0000, 0xce79, 0x0000, 0x2945, 0xc638, 0x1082, 0x6b4d,
0x52aa, 0x4228, 0x8430, 0x0000, 0xad75, 0x10a2, 0x0020, 0x0000, 0x0000, 0x0000, 0x0000, 0x0000, 0x0000, 0x0000, 0x0000, 0x0000,
0x0000, 0x0000, 0x0000, 0x0000, 0x0000, 0x0000, 0x0000, 0x0000, 0x0000, 0x0000, 0x0000, 0x0000, 0x0000, 0x0000, 0x0000, 0x0000,
0x0000, 0x0000, 0x0000, 0x0000, 0x0000, 0x0000, 0x0000, 0x0000, 0x0000, 0x0000, 0x0000, 0x0000, 0x0000, 0x0000, 0x0000, 0x0000,
0x0000, 0x0000, 0x0000, 0x0000, 0x0000, 0x0000, 0x0000, 0x0000, 0x0000, 0x0000, 0x0000, 0x0000, 0x0000, 0x0000, 0x0000, 0x0000,
0x0000, 0x0000, 0x0000, 0x0000, 0x0000, 0x0000, 0x0000, 0x0000, 0x0000, 0x0000, 0x0000, 0x0000, 0x0000, 0x0000, 0x0000, 0x0000,
0x0000, 0x0000, 0x0000, 0x0000, 0x0000, 0x0000, 0x0000, 0x0000, 0x63a9, 0x7c4b, 0x952d, 0xa5af, 0xadcf, 0xa5af, 0xa58f, 0xa58f,
0xa58f, 0xa58f, 0xa5af, 0x8d0c, 0x32c5, 0x642a, 0xadcf, 0xa58f, 0xa58f, 0xa58f, 0xa58f, 0xa58f, 0xa58f, 0xa58f, 0xa58f, 0xa5af,
0x942a, 0x9368, 0x7b28, 0x5a45, 0x49e4, 0x4a05, 0x49e4, 0x39a3, 0x4a05, 0x4a05, 0x4a05, 0x4a05, 0x4a05, 0x4a25, 0x4a25, 0x5225,
0x5225, 0x5225, 0x5225, 0x5225, 0x5225, 0x5225, 0x5225, 0x5225, 0x4a05, 0x5a45, 0x72a5, 0x6a45, 0x51e4, 0x4a04, 0x5225, 0x5225,
0x49e4, 0x5a04, 0x5a25, 0x49c4, 0x7aa6, 0x6a65, 0x5204, 0x5225, 0x5225, 0x5204, 0x49e4, 0x7aa6, 0x5a25, 0x49e4, 0x49e4, 0x49e4,
0x49e4, 0x49e4, 0x49c3, 0x7285, 0x6245, 0x82c6, 0x6245, 0x41e4, 0x4a04, 0x4a04, 0x49e4, 0x41c4, 0x5a24, 0x8b68, 0x8b68, 0x8b68,
0x6ae7, 0x5a86, 0x49c4, 0x5204, 0x5205, 0x49e4, 0x41a4, 0x3983, 0x41a4, 0x49e4, 0x39a3, 0x3183, 0x41c4, 0x41e4, 0x41e4, 0x4a04,
0x4a05, 0x4a05, 0x49e5, 0x49e5, 0x49e5, 0x41e4, 0x41e4, 0x49e4, 0x6a86, 0x8b88, 0x6ac7, 0x6bca, 0x6c2b, 0x6c0b, 0x6c0b, 0x7c6c,
0x8ccd, 0x9d4e, 0x6409, 0x8cec, 0xadcf, 0xa58f, 0xa58f, 0xa58f, 0xa58f, 0xa58f, 0xa58f, 0xa58f, 0xa58f, 0x6c8a, 0x4ba7, 0x4327,
0x8ced, 0x9d6e, 0x9d8e, 0x9d4e, 0x0000, 0x0000, 0x0000, 0x0000, 0x0000, 0x0000, 0x530c, 0x0000, 0x0000, 0x0000, 0x0000, 0x0000,
0x0000, 0x0000, 0x0000, 0x0000, 0x0000, 0x18e3, 0xf79e, 0x0000, 0x0000, 0xa514, 0x18c3, 0x0000, 0x0000, 0x9cf3, 0x18e3, 0x0000,
0x2945, 0x73ae, 0xdefb, 0x738e, 0xbdd7, 0x0000, 0x39e7, 0x73ae, 0x0000, 0x0000, 0x738e, 0x4a49, 0x0861, 0xd6ba, 0xce79, 0xce79,
0xbdf7, 0x5aeb, 0x8430, 0x94b2, 0x52aa, 0x632c, 0x4228, 0x4208, 0x0000, 0x3186, 0x7bef, 0x0000, 0x52aa, 0x5aeb, 0x0000, 0x0000,
0x4a69, 0x5acb, 0x0000, 0x0000, 0x0000, 0x632c, 0xc638, 0xa514, 0xce79, 0xbdf7, 0xa514, 0xa514, 0xe73c, 0xa514, 0xa534, 0x39c7,
0x2945, 0xb596, 0xad55, 0xb596, 0xd69a, 0x0000, 0x0000, 0xc638, 0x0000, 0x0000, 0xce79, 0x0000, 0x0841, 0x10a2, 0x0000, 0x94b2,
0x4a69, 0xa534, 0xa534, 0xa514, 0xad75, 0xa534, 0xa534, 0x4208, 0x0000, 0x0000, 0x0000, 0x0000, 0x0000, 0x0000, 0x0000, 0x0000,
0x0000, 0x0000, 0x0000, 0x0000, 0x0000, 0x0000, 0x0000, 0x0000, 0x0000, 0x0000, 0x0000, 0x0000, 0x0000, 0x0000, 0x0000, 0x0000,
0x0000, 0x0000, 0x0000, 0x0000, 0x0000, 0x0000, 0x0000, 0x0000, 0x0000, 0x0000, 0x0000, 0x0000, 0x0000, 0x0000, 0x0000, 0x0000,
0x0000, 0x0000, 0x0000, 0x0000, 0x0000, 0x0000, 0x0000, 0x0000, 0x0000, 0x0000, 0x0000, 0x0000, 0x0000, 0x0000, 0x0000, 0x0000,
0x0000, 0x0000, 0x0000, 0x0000, 0x0000, 0x0000, 0x0000, 0x0000, 0x0000, 0x0000, 0x0000, 0x0000, 0x0000, 0x0000, 0x0000, 0x0000,
0x0000, 0x0000, 0x0000, 0x0000, 0x0000, 0x0000, 0x0000, 0x0000, 0xa5af, 0xadcf, 0xa5af, 0xa58f, 0xa58f, 0xa58f, 0xa58f, 0xa58f,
0xa58f, 0xa58f, 0xadaf, 0x6c6a, 0x32c6, 0x4b68, 0xa5af, 0xa5af, 0xa5af, 0xa5af, 0xa58f, 0xa58f, 0xa58f, 0xa58f, 0xa58f, 0xa5af,
0x944b, 0x9368, 0x7b28, 0x5a46, 0x49e4, 0x4a25, 0x41e4, 0x3183, 0x4a04, 0x4a25, 0x4a05, 0x4a05, 0x4a05, 0x4a05, 0x4a05, 0x4a05,
0x4a25, 0x4a25, 0x5205, 0x4a05, 0x4a05, 0x5205, 0x4a05, 0x4a05, 0x6265, 0x7265, 0x5a04, 0x49e4, 0x4a05, 0x5225, 0x4a05, 0x4a05,
0x4a04, 0x5a25, 0x5a45, 0x6a85, 0x7265, 0x49e4, 0x49e4, 0x49e4, 0x49e4, 0x49e4, 0x5224, 0x7aa6, 0x5204, 0x49e4, 0x49e4, 0x49e4,
0x49e4, 0x49e4, 0x49c3, 0x6224, 0x7285, 0x6a45, 0x82c6, 0x5204, 0x49c4, 0x49e4, 0x49e4, 0x49e4, 0x4a05, 0x8b68, 0x9388, 0x8b88,
0x72e7, 0x6287, 0x41a4, 0x41c4, 0x49c4, 0x5204, 0x49c4, 0x41c4, 0x4a05, 0x4a05, 0x4a04, 0x41e4, 0x49e4, 0x4a05, 0x4a05, 0x4a05,
0x4a05, 0x49e5, 0x49e5, 0x49e4, 0x49e4, 0x49e4, 0x41e4, 0x49e4, 0x6a86, 0x8b88, 0x6ac7, 0x6bca, 0x742b, 0x742b, 0x6c0b, 0x6c0b,
0x6c0b, 0x742b, 0x32e5, 0x640a, 0xa5af, 0xa5af, 0xa58f, 0xa58f, 0xa58f, 0xa58f, 0xa5af, 0xa5af, 0xa5af, 0x8d2d, 0x74ab, 0x6c2a,
0x7c8c, 0x848c, 0x7c8c, 0x744c, 0x0000, 0x0000, 0x0000, 0x0000, 0x0000, 0x0000, 0x530c, 0x0000, 0x0000, 0x0000, 0x0000, 0x0000,
0x0000, 0x0000, 0x0000, 0x0000, 0x0000, 0xbdd7, 0xdefb, 0x0000, 0x0000, 0x6b6d, 0x528a, 0x0000, 0x0000, 0xbdd7, 0x0000, 0x0000,
0x0000, 0x0000, 0xbdf7, 0x0000, 0x738e, 0x0000, 0x8430, 0x4208, 0x0000, 0x0000, 0x39e7, 0x2965, 0x0841, 0x9cd3, 0x8c51, 0x8c51,
0x630c, 0x39e7, 0x630c, 0x8410, 0x0000, 0x7bcf, 0x7bef, 0x0000, 0x0000, 0x8c51, 0x632c, 0x2965, 0x52aa, 0x8430, 0xa514, 0xa514,
0x6b6d, 0x632c, 0x9cd3, 0x0841, 0x0000, 0x6b4d, 0x52aa, 0x0000, 0x738e, 0x4228, 0x0000, 0x0000, 0xbdd7, 0x0000, 0x0020, 0x0020,
0x0000, 0x0000, 0x0000, 0x6b6d, 0x630c, 0x0000, 0x0000, 0xc638, 0x0000, 0x0000, 0xce59, 0x0000, 0x0000, 0xb596, 0x0000, 0xbdd7,
0x0861, 0x0000, 0x0000, 0x738e, 0x4228, 0x0000, 0x0000, 0x0020, 0x0000, 0x0000, 0x0000, 0x0000, 0x0000, 0x0000, 0x0000, 0x0000,
0x0000, 0x0000, 0x0000, 0x0000, 0x0000, 0x0000, 0x0000, 0x0000, 0x0000, 0x0000, 0x0000, 0x0000, 0x0000, 0x0000, 0x0000, 0x0000,
0x0000, 0x0000, 0x0000, 0x0000, 0x0000, 0x0000, 0x0000, 0x0000, 0x0000, 0x0000, 0x0000, 0x0000, 0x0000, 0x0000, 0x0000, 0x0000,
0x0000, 0x0000, 0x0000, 0x0000, 0x0000, 0x0000, 0x0000, 0x0000, 0x0000, 0x0000, 0x0000, 0x0000, 0x0000, 0x0000, 0x0000, 0x0000,
0x0000, 0x0000, 0x0000, 0x0000, 0x0000, 0x0000, 0x0000, 0x0000, 0x0000, 0x0000, 0x0000, 0x0000, 0x0000, 0x0000, 0x0000, 0x0000,
0x0000, 0x0000, 0x0000, 0x0000, 0x0000, 0x0000, 0x0000, 0x0000, 0xa58f, 0xa58f, 0xa58f, 0xa58f, 0xa58f, 0xa58f, 0xa58f, 0xa58f,
0xa58f, 0xa58f, 0x9d8e, 0x53c8, 0x3b06, 0x32e6, 0x84ed, 0xa58f, 0x9d6e, 0x9d6e, 0xa58f, 0xa58f, 0xa58f, 0xa58f, 0xa58f, 0xa5af,
0x946b, 0x9368, 0x7b28, 0x5a66, 0x5204, 0x5225, 0x41e4, 0x3162, 0x41c4, 0x4a25, 0x4a05, 0x4a05, 0x4a05, 0x4a05, 0x4a05, 0x4a05,
0x4a05, 0x5205, 0x4a05, 0x4a05, 0x5205, 0x4a05, 0x5225, 0x6a85, 0x6244, 0x49e4, 0x4a05, 0x5225, 0x4a05, 0x4a05, 0x5225, 0x5266,
0x5aa6, 0x52a7, 0x6ac6, 0x7285, 0x5245, 0x5286, 0x5266, 0x5225, 0x4a05, 0x41e4, 0x6245, 0x7285, 0x49e4, 0x49e4, 0x49e4, 0x49e4,
0x49e4, 0x49e4, 0x51e4, 0x49c4, 0x7aa6, 0x5a25, 0x7285, 0x7aa6, 0x49e4, 0x49e4, 0x49e4, 0x49e4, 0x5205, 0x8b68, 0x9388, 0x8b88,
0x6ae7, 0x62a7, 0x41c4, 0x39a4, 0x3983, 0x4183, 0x51c4, 0x5204, 0x41c4, 0x41c4, 0x41e4, 0x49e4, 0x4a05, 0x4a05, 0x4a05, 0x4a05,
0x4a05, 0x4a05, 0x49e5, 0x49e5, 0x49e5, 0x41e5, 0x49e4, 0x49e4, 0x6aa6, 0x8b88, 0x6ac7, 0x6beb, 0x742b, 0x6c0b, 0x6c0b, 0x6c0b,
0x742c, 0x5bc9, 0x32c5, 0x4347, 0x7c6c, 0x952e, 0xa58f, 0xa5af, 0xa5af, 0xa58f, 0x9d6e, 0x950d, 0x84cd, 0x84ad, 0x7c6c, 0x7c4c,
0x742c, 0x6c0b, 0x6c0b, 0x6c0b, 0x0000, 0x0000, 0x0000, 0x0000, 0x0000, 0x0000, 0x530c, 0x0000, 0x0000, 0x0000, 0x0000, 0x0000,
0x0000, 0x0000, 0x0000, 0x0000, 0x738e, 0x7bef, 0xc618, 0x0000, 0x0000, 0x2104, 0xad75, 0x0000, 0x39c7, 0x94b2, 0x0000, 0x0000,
0x0000, 0x0000, 0xbdf7, 0x0000, 0xb596, 0xad55, 0xef5d, 0xad55, 0xa534, 0xa534, 0xad75, 0x630c, 0x0020, 0x9cd3, 0x9492, 0x8c71,
0x6b4d, 0xa534, 0x94b2, 0x6b4d, 0x2124, 0x0000, 0x73ae, 0x5aeb, 0x10a2, 0xef5d, 0x528a, 0xbdd7, 0x5aeb, 0x6b4d, 0x9cd3, 0x9cd3,
0x5acb, 0x7bcf, 0xa534, 0x0000, 0x0000, 0x738e, 0x528a, 0x0000, 0x73ae, 0xbdd7, 0x9cd3, 0x9cd3, 0xce59, 0x0000, 0x0000, 0x0000,
0x0000, 0x0000, 0x2104, 0xad75, 0x2104, 0x7bcf, 0x18c3, 0xad75, 0x0000, 0x0000, 0xce59, 0x0000, 0x0000, 0xbdd7, 0x0000, 0xbdd7,
0x0020, 0x94b2, 0xa514, 0xce59, 0xbdd7, 0xa514, 0x7bef, 0x0000, 0x0000, 0x0000, 0x0000, 0x0000, 0x0000, 0x0000, 0x0000, 0x0000,
0x0000, 0x0000, 0x0000, 0x0000, 0x0000, 0x0000, 0x0000, 0x0000, 0x0000, 0x0000, 0x0000, 0x0000, 0x0000, 0x0000, 0x0000, 0x0000,
0x0000, 0x0000, 0x0000, 0x0000, 0x0000, 0x0000, 0x0000, 0x0000, 0x0000, 0x0000, 0x0000, 0x0000, 0x0000, 0x0000, 0x0000, 0x0000,
0x0000, 0x0000, 0x0000, 0x0000, 0x0000, 0x0000, 0x0000, 0x0000, 0x0000, 0x0000, 0x0000, 0x0000, 0x0000, 0x0000, 0x0000, 0x0000,
0x0000, 0x0000, 0x0000, 0x0000, 0x0000, 0x0000, 0x0000, 0x0000, 0x0000, 0x0000, 0x0000, 0x0000, 0x0000, 0x0000, 0x0000, 0x0000,
0x0000, 0x0000, 0x0000, 0x0000, 0x0000, 0x0000, 0x0000, 0x0000, 0xa58f, 0xa58f, 0xa58f, 0xa58f, 0xa58f, 0xa58f, 0xa58f, 0xa58f,
0xa58f, 0xa5af, 0x9d6e, 0x53c8, 0x4327, 0x4347, 0x7c8c, 0x8ced, 0x950e, 0x9d6e, 0xa58f, 0xa58f, 0xa58f, 0xa58f, 0xa58f, 0xa5cf,
0x9c6b, 0x9368, 0x7b28, 0x5a66, 0x5204, 0x5225, 0x41c4, 0x3983, 0x39a3, 0x5225, 0x4a25, 0x4a05, 0x4a05, 0x4a05, 0x4a05, 0x4a05,
0x5204, 0x49c4, 0x4a05, 0x4a05, 0x4a05, 0x5a45, 0x7285, 0x5a04, 0x49e4, 0x4a05, 0x4a05, 0x4a05, 0x5245, 0x5286, 0x5aa7, 0x5aa7,
0x5286, 0x6aa6, 0x7a85, 0x5a25, 0x5287, 0x52a7, 0x52a7, 0x52a7, 0x52a6, 0x5266, 0x72a6, 0x6a65, 0x4a05, 0x49e4, 0x49e4, 0x49e4,
0x49e4, 0x49e4, 0x49c4, 0x49a3, 0x6225, 0x7aa6, 0x5204, 0x82e6, 0x6265, 0x49c4, 0x49e4, 0x49c4, 0x5225, 0x8b88, 0x9388, 0x8b68,
0x6ae7, 0x6aa7, 0x6a45, 0x49c4, 0x39a4, 0x41a4, 0x39a3, 0x41a3, 0x49a3, 0x41a4, 0x41a4, 0x39a4, 0x41c4, 0x41c4, 0x41c4, 0x41e4,
0x49e5, 0x49e5, 0x49e5, 0x49e5, 0x49e5, 0x4a05, 0x4a05, 0x5204, 0x72c6, 0x8b88, 0x6ac7, 0x6beb, 0x6c0b, 0x6c0b, 0x6c0b, 0x6c0b,
0x742c, 0x53a7, 0x32a5, 0x4327, 0x63ca, 0x742c, 0x848c, 0x8ccd, 0x84ad, 0x7c6c, 0x742c, 0x5be9, 0x63ea, 0x848d, 0x8ccd, 0x7c8c,
0x742b, 0x742b, 0x742b, 0x6c0b, 0x0000, 0x0000, 0x0000, 0x0000, 0x0000, 0x0000, 0x530c, 0x0000, 0x0000, 0x0000, 0x0000, 0x0000,
0x0000, 0x0000, 0x0000, 0x0000, 0x2104, 0x0000, 0xc618, 0x0000, 0x0000, 0x0000, 0xa534, 0x2945, 0xa534, 0x2124, 0x0000, 0x0000,
0x1082, 0x4a49, 0xe73c, 0xbdd7, 0x10a2, 0x52aa, 0x6b6d, 0x0000, 0x0861, 0xbdd7, 0x0000, 0x0841, 0x0020, 0xce59, 0x738e, 0x4228,
0xbdf7, 0x4a69, 0x10a2, 0xe71c, 0x9cd3, 0x9cd3, 0x7bef, 0x0000, 0x8430, 0xbdf7, 0x0861, 0xad55, 0x6b4d, 0x6b4d, 0x73ae, 0x528a,
0x528a, 0xbdf7, 0x8430, 0x0000, 0x0000, 0x7bef, 0x4228, 0x0020, 0x0000, 0x0000, 0x0000, 0x0000, 0x0000, 0x0000, 0x0000, 0x0000,
0x0000, 0x18c3, 0xd6ba, 0x9cd3, 0xad55, 0x18e3, 0x4228, 0x8410, 0x0000, 0x0000, 0xc638, 0x0000, 0x0000, 0xb5b6, 0x0000, 0xbdf7,
0x0000, 0xbdf7, 0x0000, 0x738e, 0x4228, 0x0000, 0xbdd7, 0x0000, 0x0000, 0x0000, 0x0000, 0x0000, 0x0000, 0x0000, 0x0000, 0x0000,
0x0000, 0x0000, 0x0000, 0x0000, 0x0000, 0x0000, 0x0000, 0x0000, 0x0000, 0x0000, 0x0000, 0x0000, 0x0000, 0x0000, 0x0000, 0x0000,
0x0000, 0x0000, 0x0000, 0x0000, 0x0000, 0x0000, 0x0000, 0x0000, 0x0000, 0x0000, 0x0000, 0x0000, 0x0000, 0x0000, 0x0000, 0x0000,
0x0000, 0x0000, 0x0000, 0x0000, 0x0000, 0x0000, 0x0000, 0x0000, 0x0000, 0x0000, 0x0000, 0x0000, 0x0000, 0x0000, 0x0000, 0x0000,
0x0000, 0x0000, 0x0000, 0x0000, 0x0000, 0x0000, 0x0000, 0x0000, 0x0000, 0x0000, 0x0000, 0x0000, 0x0000, 0x0000, 0x0000, 0x0000,
0x0000, 0x0000, 0x0000, 0x0000, 0x0000, 0x0000, 0x0000, 0x0000, 0xa58f, 0xa58f, 0xa58f, 0xa58f, 0xa58f, 0xa58f, 0xa58f, 0xa58f,
0xa58f, 0xa58f, 0xa58f, 0x9d6e, 0x954e, 0x9d6e, 0xa5af, 0xa5af, 0xa5af, 0xa5af, 0xa58f, 0xa58f, 0xa58f, 0xa58f, 0xa58f, 0xa5cf,
0x9c8b, 0x9368, 0x7b48, 0x5a66, 0x5204, 0x5225, 0x41c3, 0x3983, 0x3983, 0x49e4, 0x4a04, 0x4a05, 0x4a05, 0x4a05, 0x4a05, 0x4a05,
0x6225, 0x5204, 0x4a04, 0x4a05, 0x6a65, 0x6a45, 0x51e4, 0x49e4, 0x4a05, 0x4a05, 0x5245, 0x5286, 0x5aa6, 0x5287, 0x5286, 0x5286,
0x62a6, 0x7aa5, 0x5a25, 0x5286, 0x52a6, 0x5286, 0x5286, 0x5286, 0x5286, 0x52a7, 0x7ac6, 0x6265, 0x5287, 0x5286, 0x5266, 0x4a25,
0x49e4, 0x49e4, 0x49e4, 0x49a3, 0x49a3, 0x7aa5, 0x6245, 0x6245, 0x8ae6, 0x5225, 0x49e4, 0x49e4, 0x5a45, 0x8b88, 0x9388, 0x8b68,
0x6ae7, 0x6286, 0x51e4, 0x6a65, 0x5a25, 0x41a4, 0x39a4, 0x39a4, 0x3983, 0x3963, 0x4183, 0x41a4, 0x39a4, 0x39a4, 0x39a4, 0x39a4,
0x41a4, 0x41c4, 0x41e4, 0x49e5, 0x4a05, 0x4a05, 0x4a05, 0x5204, 0x72c6, 0x8b88, 0x6ae7, 0x7c6c, 0x742c, 0x6c0b, 0x6c0b, 0x740b,
0x6c0b, 0x4366, 0x32a5, 0x3b26, 0x5ba9, 0x742c, 0x6c0b, 0x6c0b, 0x6c0b, 0x6c0b, 0x744c, 0x53e8, 0x6409, 0x9d4e, 0x952e, 0x84ac,
0x742b, 0x6c0b, 0x6c0b, 0x6c0b, 0x0000, 0x0000, 0x0000, 0x0000, 0x0000, 0x0000, 0x530c, 0x0000, 0x0000, 0x0000, 0x0000, 0x0000,
0x0000, 0x0000, 0x0000, 0x0000, 0x0000, 0x0000, 0xc618, 0x0000, 0x0000, 0x0000, 0x3186, 0xc618, 0xa514, 0x0000, 0x0000, 0x0000,
0x52aa, 0x8c51, 0xce59, 0x0000, 0x0000, 0xbdd7, 0x0841, 0x0000, 0x632c, 0x6b4d, 0x0000, 0x0000, 0x0020, 0xc618, 0x10a2, 0x0000,
0x630c, 0x4228, 0xad75, 0x94b2, 0x0000, 0x4a49, 0x7bcf, 0x0000, 0x0861, 0x9cd3, 0x0861, 0xad55, 0x7bcf, 0x528a, 0x73ae, 0x528a,
0x4208, 0xe71c, 0x2945, 0x0000, 0x0000, 0x94b2, 0x2945, 0xa534, 0xe71c, 0xb596, 0x9cf3, 0x9cf3, 0xce59, 0x9cd3, 0x0000, 0x0000,
0x31a6, 0xc638, 0xb5b6, 0x73ae, 0xbdf7, 0x10a2, 0x8c71, 0x4208, 0x0000, 0x0020, 0xc638, 0x0000, 0x0000, 0xbdd7, 0x0000, 0xc618,
0x0000, 0xbdd7, 0x0000, 0x738e, 0x4228, 0x0000, 0xb5b6, 0x0000, 0x0000, 0x0000, 0x0000, 0x0000, 0x0000, 0x0000, 0x0000, 0x0000,
0x0000, 0x0000, 0x0000, 0x0000, 0x0000, 0x0000, 0x0000, 0x0000, 0x0000, 0x0000, 0x0000, 0x0000, 0x0000, 0x0000, 0x0000, 0x0000,
0x0000, 0x0000, 0x0000, 0x0000, 0x0000, 0x0000, 0x0000, 0x0000, 0x0000, 0x0000, 0x0000, 0x0000, 0x0000, 0x0000, 0x0000, 0x0000,
0x0000, 0x0000, 0x0000, 0x0000, 0x0000, 0x0000, 0x0000, 0x0000, 0x0000, 0x0000, 0x0000, 0x0000, 0x0000, 0x0000, 0x0000, 0x0000,
0x0000, 0x0000, 0x0000, 0x0000, 0x0000, 0x0000, 0x0000, 0x0000, 0x0000, 0x0000, 0x0000, 0x0000, 0x0000, 0x0000, 0x0000, 0x0000,
0x0000, 0x0000, 0x0000, 0x0000, 0x0000, 0x0000, 0x0000, 0x0000, 0xa58f, 0xa58f, 0xa58f, 0xa58f, 0xa58f, 0xa58f, 0xa58f, 0xa58f,
0xa58f, 0xa58f, 0xa58f, 0xa5af, 0xa5af, 0xa5af, 0xa58f, 0xa58f, 0xa58f, 0xa58f, 0xa58f, 0xa58f, 0xa58f, 0xa58f, 0xa58f, 0xa5cf,
0x9c8b, 0x9368, 0x7b48, 0x5a66, 0x5204, 0x5225, 0x49e4, 0x41c4, 0x49e4, 0x4a05, 0x4a05, 0x5225, 0x5225, 0x5225, 0x4a05, 0x4a05,
0x72a6, 0x5205, 0x5225, 0x6a85, 0x6224, 0x49e4, 0x4a04, 0x4a25, 0x5266, 0x5286, 0x52a7, 0x5286, 0x5286, 0x5286, 0x5286, 0x5aa6,
0x7aa6, 0x5a25, 0x5286, 0x5286, 0x5286, 0x5286, 0x5286, 0x5286, 0x5286, 0x5aa6, 0x7aa6, 0x5a66, 0x52a7, 0x5286, 0x52a7, 0x5266,
0x5205, 0x49e4, 0x4a04, 0x4a04, 0x49c4, 0x5a25, 0x7aa6, 0x49e4, 0x7285, 0x7ac6, 0x4a04, 0x49e4, 0x5a45, 0x8b88, 0x9388, 0x8b68,
0x6ae7, 0x62a7, 0x39a4, 0x41a3, 0x6224, 0x6a45, 0x49e4, 0x39a4, 0x39a4, 0x39a4, 0x3963, 0x4163, 0x41a4, 0x39a4, 0x39a4, 0x39a4,
0x39a4, 0x39a4, 0x39a4, 0x41c4, 0x49e5, 0x4a05, 0x4a05, 0x5204, 0x72c6, 0x8b68, 0x6b08, 0x8ced, 0x7c8c, 0x742b, 0x6c0b, 0x742c,
0x63e9, 0x3b45, 0x2a84, 0x4347, 0x63ca, 0x740b, 0x6c0b, 0x6c0b, 0x6c0b, 0x6c0b, 0x6c2b, 0x5408, 0x4367, 0x6beb, 0x742c, 0x742b,
0x742c, 0x744c, 0x744c, 0x6c0b, 0x0000, 0x0000, 0x0000, 0x0000, 0x0000, 0x0000, 0x530c, 0x0000, 0x0000, 0x0000, 0x0000, 0x0000,
0x0000, 0x0000, 0x0000, 0x0000, 0x0000, 0x0000, 0xc618, 0x0000, 0x0000, 0x0000, 0x1082, 0xef7d, 0x6b6d, 0x0000, 0x0000, 0x0000,
0x0000, 0x0000, 0xbdf7, 0x0000, 0x10a2, 0xa514, 0xad55, 0x4a49, 0xbdf7, 0x0020, 0x0000, 0x0000, 0x0020, 0xd6ba, 0x8c71, 0x8c71,
0xbdd7, 0xad55, 0x52aa, 0x9cd3, 0x52aa, 0xad55, 0x0000, 0x0000, 0x0000, 0x9cd3, 0x0861, 0xad55, 0x9cd3, 0x39c7, 0xce59, 0xbdf7,
0x528a, 0xe73c, 0x0020, 0x0841, 0x0000, 0xbdd7, 0x0861, 0x0000, 0x31a6, 0xad75, 0x0020, 0x2965, 0xb5b6, 0x0861, 0x0000, 0x0000,
0x4228, 0x18e3, 0x8c71, 0x2945, 0x2965, 0x18c3, 0xce59, 0x0000, 0x0000, 0x10a2, 0xb596, 0x0000, 0x0000, 0xc638, 0x1082, 0xb5b6,
0x0000, 0xbdd7, 0x0000, 0x738e, 0x4228, 0x0000, 0xb5b6, 0x0000, 0x0000, 0x0000, 0x0000, 0x0000, 0x0000, 0x0000, 0x0000, 0x0000,
0x0000, 0x0000, 0x0000, 0x0000, 0x0000, 0x0000, 0x0000, 0x0000, 0x0000, 0x0000, 0x0000, 0x0000, 0x0000, 0x0000, 0x0000, 0x0000,
0x0000, 0x0000, 0x0000, 0x0000, 0x0000, 0x0000, 0x0000, 0x0000, 0x0000, 0x0000, 0x0000, 0x0000, 0x0000, 0x0000, 0x0000, 0x0000,
0x0000, 0x0000, 0x0000, 0x0000, 0x0000, 0x0000, 0x0000, 0x0000, 0x0000, 0x0000, 0x0000, 0x0000, 0x0000, 0x0000, 0x0000, 0x0000,
0x0000, 0x0000, 0x0000, 0x0000, 0x0000, 0x0000, 0x0000, 0x0000, 0x0000, 0x0000, 0x0000, 0x0000, 0x0000, 0x0000, 0x0000, 0x0000,
0x0000, 0x0000, 0x0000, 0x0000, 0x0000, 0x0000, 0x0000, 0x0000, 0xa58f, 0xa58f, 0xa58f, 0xa58f, 0xa58f, 0xa58f, 0xa58f, 0xa58f,
0xa58f, 0xa58f, 0xa58f, 0xa58f, 0xa58f, 0xa58f, 0xa58f, 0xa58f, 0xa58f, 0xa58f, 0xa58f, 0xa58f, 0xa58f, 0xa58f, 0xa58f, 0xa5af,
0x9cac, 0x9368, 0x7b48, 0x5a86, 0x5204, 0x5225, 0x5225, 0x5225, 0x5225, 0x5225, 0x5225, 0x5225, 0x5225, 0x5225, 0x4a05, 0x5225,
0x7aa6, 0x6265, 0x6a65, 0x5a04, 0x49e4, 0x5225, 0x5266, 0x52a6, 0x52a7, 0x5286, 0x5286, 0x5286, 0x5286, 0x5286, 0x5286, 0x7ac6,
0x6225, 0x5266, 0x5286, 0x5286, 0x5286, 0x5286, 0x5286, 0x5286, 0x5286, 0x62a6, 0x7aa5, 0x5266, 0x52a7, 0x5286, 0x5286, 0x52a6,
0x5245, 0x4a05, 0x4a05, 0x5205, 0x5205, 0x49e4, 0x7285, 0x6a86, 0x5a85, 0x82c6, 0x6aa6, 0x5265, 0x5a65, 0x8b68, 0x9388, 0x8b68,
0x6ae7, 0x5a86, 0x39a4, 0x39a4, 0x39a3, 0x51e4, 0x6a65, 0x5205, 0x39a4, 0x39a4, 0x39a4, 0x3983, 0x3963, 0x4183, 0x41a4, 0x39a4,
0x39a4, 0x39a4, 0x39a4, 0x41a4, 0x41c4, 0x41e4, 0x49e4, 0x5204, 0x7ae6, 0x8b68, 0x6ae8, 0x7c6c, 0x744c, 0x740b, 0x6c0b, 0x740b,
0x6c0b, 0x53a8, 0x4b27, 0x63ca, 0x742c, 0x742b, 0x744c, 0x7c6c, 0x84ac, 0x8ccd, 0x6c6a, 0x5408, 0x4b87, 0x642a, 0x952e, 0x952e,
0x954e, 0x954e, 0x8ccd, 0x744c, 0x0000, 0x0000, 0x0000, 0x0000, 0x0000, 0x0000, 0x530c, 0x0000, 0x0000, 0x0000, 0x0000, 0x0000,
0x0000, 0x0000, 0x0000, 0x0000, 0x0000, 0x0000, 0xc618, 0x0000, 0x0000, 0x18e3, 0xc638, 0x5acb, 0xce59, 0x52aa, 0x0000, 0x0000,
0x0000, 0x0000, 0xbdf7, 0x0000, 0x0000, 0x0000, 0x5aeb, 0xf79e, 0xbdf7, 0x18e3, 0x0000, 0x0000, 0x0020, 0x9cd3, 0x0000, 0x0000,
0x630c, 0x4208, 0x0000, 0x2965, 0xffff, 0x52aa, 0x0000, 0x0000, 0x0000, 0x9cd3, 0xad75, 0xce79, 0xb5b6, 0x2104, 0x6b6d, 0x0000,
0x8c51, 0xa514, 0x4228, 0x9cd3, 0x1082, 0xce79, 0x0000, 0x0000, 0x0000, 0x4a69, 0xce79, 0xc618, 0x0861, 0x0000, 0x0000, 0x0000,
0x0000, 0x0000, 0x8c71, 0x2945, 0x0000, 0x738e, 0x73ae, 0x0000, 0x0000, 0x2965, 0x9cd3, 0x0000, 0x0000, 0x1082, 0x632c, 0x6b4d,
0x0000, 0xbdf7, 0x0000, 0x738e, 0x4228, 0x1082, 0xb5b6, 0x0000, 0x0000, 0x0000, 0x0000, 0x0000, 0x0000, 0x0000, 0x0000, 0x0000,
0x0000, 0x0000, 0x0000, 0x0000, 0x0000, 0x0000, 0x0000, 0x0000, 0x0000, 0x0000, 0x0000, 0x0000, 0x0000, 0x0000, 0x0000, 0x0000,
0x0000, 0x0000, 0x0000, 0x0000, 0x0000, 0x0000, 0x0000, 0x0000, 0x0000, 0x0000, 0x0000, 0x0000, 0x0000, 0x0000, 0x0000, 0x0000,
0x0000, 0x0000, 0x0000, 0x0000, 0x0000, 0x0000, 0x0000, 0x0000, 0x0000, 0x0000, 0x0000, 0x0000, 0x0000, 0x0000, 0x0000, 0x0000,
0x0000, 0x0000, 0x0000, 0x0000, 0x0000, 0x0000, 0x0000, 0x0000, 0x0000, 0x0000, 0x0000, 0x0000, 0x0000, 0x0000, 0x0000, 0x0000,
0x0000, 0x0000, 0x0000, 0x0000, 0x0000, 0x0000, 0x0000, 0x0000, 0xa58f, 0xa58f, 0xa58f, 0xa58f, 0xa58f, 0xa58f, 0xa58f, 0xa58f,
0xa58f, 0xa58f, 0xa58f, 0xa58f, 0xa58f, 0xa58f, 0xa58f, 0xa58f, 0xa58f, 0xa58f, 0xa58f, 0xa58f, 0xa58f, 0xa58f, 0xa58f, 0xa5af,
0x9ccc, 0x9368, 0x8368, 0x6286, 0x5205, 0x5225, 0x5225, 0x5225, 0x5225, 0x5225, 0x5225, 0x5225, 0x5225, 0x5225, 0x5225, 0x5225,
0x5a24, 0x5a24, 0x51e4, 0x4a25, 0x5286, 0x5aa7, 0x52a7, 0x5286, 0x5286, 0x5286, 0x5286, 0x5286, 0x5286, 0x5286, 0x6aa6, 0x6a45,
0x5245, 0x5286, 0x5286, 0x5286, 0x5286, 0x5286, 0x5286, 0x5286, 0x5286, 0x6aa6, 0x7285, 0x5286, 0x5286, 0x5286, 0x5286, 0x5286,
0x5266, 0x4a05, 0x4a05, 0x49e4, 0x4a05, 0x5245, 0x6286, 0x7aa6, 0x5ac6, 0x6aa6, 0x82e6, 0x5a65, 0x5245, 0x8b88, 0x9388, 0x8b68,
0x6ae7, 0x5a86, 0x39a4, 0x39a4, 0x39a4, 0x3984, 0x41a4, 0x6225, 0x6245, 0x41a4, 0x3984, 0x39a4, 0x39a4, 0x3983, 0x4183, 0x49a3,
0x49a4, 0x41a4, 0x39a4, 0x39a4, 0x39a4, 0x41a4, 0x41c4, 0x51e4, 0x7ae7, 0x8b68, 0x62e8, 0x6beb, 0x6c0b, 0x6c0b, 0x6c0b, 0x6c0b,
0x740b, 0x742c, 0x742c, 0x742b, 0x742b, 0x742c, 0x744c, 0x7c4c, 0x744c, 0x744b, 0x5c28, 0x5408, 0x4bc8, 0x4b88, 0x6c2b, 0x744c,
0x742c, 0x742b, 0x742b, 0x6c0b, 0x0000, 0x0000, 0x0000, 0x0000, 0x0000, 0x0000, 0x530c, 0x0000, 0x0000, 0x0000, 0x0000, 0x0000,
0x0000, 0x0000, 0x0000, 0x0000, 0x0000, 0x0000, 0xce59, 0x0000, 0x5aeb, 0xe71c, 0x4a49, 0x0000, 0x10a2, 0xce59, 0x9cf3, 0x0861,
0x0020, 0x0020, 0xc618, 0x0861, 0x528a, 0xa534, 0xb596, 0x18c3, 0x4208, 0xce79, 0x6b6d, 0x0000, 0x0841, 0xdedb, 0x9cd3, 0x9cd3,
0xc618, 0x528a, 0x6b6d, 0xc618, 0x39e7, 0xbdd7, 0x8410, 0x18e3, 0x0000, 0x9cf3, 0x0861, 0x18e3, 0xb5b6, 0x0000, 0x0000, 0x39c7,
0xb596, 0x2124, 0xad75, 0x9492, 0x632c, 0x8c51, 0x0020, 0x31a6, 0x73ae, 0xc638, 0x8410, 0xb596, 0xb5b6, 0x5aeb, 0x2965, 0x0020,
0x0000, 0x0000, 0x9492, 0x2965, 0x4a49, 0xbdd7, 0x0020, 0x18c3, 0x0841, 0x632c, 0x738e, 0x0000, 0x0000, 0x3186, 0xce59, 0x0020,
0x0000, 0x94b2, 0x0000, 0x73ae, 0x4a49, 0x8c71, 0x52aa, 0x0000, 0x0000, 0x0000, 0x0000, 0x0000, 0x0000, 0x0000, 0x0000, 0x0000,
0x0000, 0x0000, 0x0000, 0x0000, 0x0000, 0x0000, 0x0000, 0x0000, 0x0000, 0x0000, 0x0000, 0x0000, 0x0000, 0x0000, 0x0000, 0x0000,
0x0000, 0x0000, 0x0000, 0x0000, 0x0000, 0x0000, 0x0000, 0x0000, 0x0000, 0x0000, 0x0000, 0x0000, 0x0000, 0x0000, 0x0000, 0x0000,
0x0000, 0x0000, 0x0000, 0x0000, 0x0000, 0x0000, 0x0000, 0x0000, 0x0000, 0x0000, 0x0000, 0x0000, 0x0000, 0x0000, 0x0000, 0x0000,
0x0000, 0x0000, 0x0000, 0x0000, 0x0000, 0x0000, 0x0000, 0x0000, 0x0000, 0x0000, 0x0000, 0x0000, 0x0000, 0x0000, 0x0000, 0x0000,
0x0000, 0x0000, 0x0000, 0x0000, 0x0000, 0x0000, 0x0000, 0x0000, 0xa58f, 0xa58f, 0xa58f, 0xa58f, 0xa58f, 0xa58f, 0xa58f, 0xa58f,
0xa58f, 0xa58f, 0xa58f, 0xa58f, 0xa58f, 0xa58f, 0xa58f, 0xa58f, 0xa58f, 0xa58f, 0xa58f, 0xa58f, 0xa58f, 0xa58f, 0xa58f, 0xa5af,
0x9ccc, 0x9388, 0x8348, 0x6286, 0x5204, 0x5225, 0x5225, 0x5225, 0x5225, 0x5225, 0x5225, 0x5225, 0x5225, 0x5225, 0x5205, 0x4a05,
0x4a05, 0x5246, 0x5aa6, 0x5aa7, 0x52a7, 0x5286, 0x5286, 0x5286, 0x5286, 0x5286, 0x5286, 0x5286, 0x5286, 0x62a6, 0x7285, 0x5225,
0x5286, 0x5286, 0x5286, 0x5286, 0x5286, 0x5286, 0x5286, 0x5286, 0x5286, 0x72a6, 0x6a65, 0x5286, 0x5286, 0x5286, 0x5286, 0x5286,
0x5286, 0x5225, 0x49e4, 0x5225, 0x5a86, 0x62c6, 0x5ac6, 0x7285, 0x6aa6, 0x5265, 0x7285, 0x7aa6, 0x5a45, 0x8b88, 0x9388, 0x8b68,
0x6ae7, 0x5a86, 0x39a4, 0x39a4, 0x39a4, 0x39a4, 0x39a4, 0x3983, 0x5a04, 0x6245, 0x49e4, 0x3984, 0x39a4, 0x39a4, 0x39a4, 0x3983,
0x49a3, 0x51c3, 0x49c4, 0x49c4, 0x41c4, 0x39a4, 0x41a4, 0x51e4, 0x7b07, 0x8b68, 0x62e8, 0x740b, 0x6c0b, 0x6c0b, 0x6c0b, 0x6c0b,
0x6c0b, 0x6c0b, 0x6c0b, 0x6c0b, 0x744c, 0x8ced, 0x952e, 0x8d0d, 0x8ced, 0x84cd, 0x74ab, 0x5c08, 0x53e8, 0x4b87, 0x6c0b, 0x7c6c,
0x744c, 0x744c, 0x744c, 0x744c, 0x0000, 0x0000, 0x0000, 0x0000, 0x0000, 0x0000, 0x530c, 0x0000, 0x0000, 0x0000, 0x0000, 0x0000,
0x0000, 0x0000, 0x0000, 0x0000, 0x0000, 0x0000, 0xa534, 0x0020, 0x9cd3, 0x18e3, 0x0000, 0x0000, 0x0000, 0x0841, 0x8c71, 0x31a6,
0x2965, 0xb596, 0x632c, 0x4208, 0x8410, 0x2965, 0x0000, 0x0000, 0x0000, 0x0841, 0x7bcf, 0x0020, 0x1082, 0x9cf3, 0x0000, 0x0000,
0x0000, 0xa534, 0x632c, 0x0020, 0x0000, 0x0000, 0x630c, 0x7bcf, 0x0000, 0x8430, 0x0861, 0x4228, 0x630c, 0x0000, 0x0000, 0x94b2,
0x10a2, 0x0000, 0x9cd3, 0x4a49, 0x39c7, 0x2104, 0xa514, 0xa514, 0x5aeb, 0x0841, 0x0000, 0x0000, 0x2965, 0x7bcf, 0xbdd7, 0x2965,
0x0000, 0x0000, 0x9cf3, 0x3186, 0x9492, 0x10a2, 0x0000, 0x6b6d, 0xbdf7, 0xa534, 0x1082, 0x0000, 0x0000, 0x8430, 0x2104, 0x0000,
0x0000, 0x0000, 0x0000, 0x6b6d, 0x4228, 0x0000, 0x0000, 0x0000, 0x0000, 0x0000, 0x0000, 0x0000, 0x0000, 0x0000, 0x0000, 0x0000,
0x0000, 0x0000, 0x0000, 0x0000, 0x0000, 0x0000, 0x0000, 0x0000, 0x0000, 0x0000, 0x0000, 0x0000, 0x0000, 0x0000, 0x0000, 0x0000,
0x0000, 0x0000, 0x0000, 0x0000, 0x0000, 0x0000, 0x0000, 0x0000, 0x0000, 0x0000, 0x0000, 0x0000, 0x0000, 0x0000, 0x0000, 0x0000,
0x0000, 0x0000, 0x0000, 0x0000, 0x0000, 0x0000, 0x0000, 0x0000, 0x0000, 0x0000, 0x0000, 0x0000, 0x0000, 0x0000, 0x0000, 0x0000,
0x0000, 0x0000, 0x0000, 0x0000, 0x0000, 0x0000, 0x0000, 0x0000, 0x0000, 0x0000, 0x0000, 0x0000, 0x0000, 0x0000, 0x0000, 0x0000,
0x0000, 0x0000, 0x0000, 0x0000, 0x0000, 0x0000, 0x0000, 0x0000, 0xa58f, 0xa58f, 0xa58f, 0xa58f, 0xa58f, 0xa58f, 0xa58f, 0xa58f,
0xa58f, 0xa58f, 0xa58f, 0xa58f, 0xa58f, 0xa58f, 0xa58f, 0xa58f, 0xa58f, 0xa58f, 0xa58f, 0xa58f, 0xa58f, 0xa58f, 0xa58f, 0xa5af,
0x9ced, 0x9388, 0x8368, 0x6286, 0x5204, 0x5225, 0x5225, 0x5225, 0x5225, 0x5225, 0x5225, 0x5225, 0x4a05, 0x4a05, 0x5245, 0x5a86,
0x5aa6, 0x5aa7, 0x5aa6, 0x52a6, 0x52a6, 0x52a6, 0x52a6, 0x5286, 0x5286, 0x5286, 0x5286, 0x5286, 0x5aa6, 0x7aa6, 0x5a25, 0x5286,
0x5286, 0x5286, 0x5286, 0x5286, 0x5286, 0x5286, 0x5286, 0x5286, 0x5286, 0x7aa6, 0x5a66, 0x5286, 0x5286, 0x5286, 0x5286, 0x5286,
0x5286, 0x5245, 0x5a66, 0x5ac6, 0x5ac6, 0x62c6, 0x5ac7, 0x5a85, 0x7a85, 0x5205, 0x5204, 0x82c6, 0x72c6, 0x8b68, 0x9388, 0x8b68,
0x6ae7, 0x5a86, 0x41c4, 0x41c4, 0x39a4, 0x39a4, 0x39a4, 0x39a4, 0x3984, 0x49a4, 0x6225, 0x5a05, 0x39a4, 0x39a4, 0x39a4, 0x39a4,
0x39a4, 0x41a4, 0x49a3, 0x49a3, 0x51c4, 0x49c4, 0x49c4, 0x51e4, 0x7b07, 0x8368, 0x62e8, 0x6c0b, 0x6c0b, 0x6c0b, 0x6c0b, 0x6c0b,
0x6c0b, 0x6c0b, 0x6c0b, 0x742b, 0x848c, 0x9d4e, 0xa5af, 0xa5cf, 0xadcf, 0xa5af, 0xa5af, 0x954e, 0x954e, 0x952d, 0x954e, 0xa58f,
0x9d8e, 0x9d8e, 0x9d8e, 0x9d6e, 0x0000, 0x0000, 0x0000, 0x0000, 0x0000, 0x0000, 0x530c, 0x0000, 0x0000, 0x0000, 0x0000, 0x0000,
0x0000, 0x0000, 0x0000, 0x0000, 0x0000, 0x0000, 0x0000, 0x0000, 0x0000, 0x0000, 0x0000, 0x0000, 0x0000, 0x0000, 0x0000, 0x0000,
0x0000, 0x0000, 0x0000, 0x0000, 0x0000, 0x0000, 0x0000, 0x0000, 0x0000, 0x0000, 0x0000, 0x0000, 0x0000, 0x0000, 0x0000, 0x0000,
0x0000, 0x0000, 0x0000, 0x0000, 0x0000, 0x0000, 0x0000, 0x0000, 0x0000, 0x0000, 0x0000, 0x0000, 0x0000, 0x0000, 0x0000, 0x0000,
0x0000, 0x0000, 0x0000, 0x0000, 0x0000, 0x0000, 0x0000, 0x0000, 0x0000, 0x0000, 0x0000, 0x0000, 0x0000, 0x0000, 0x0000, 0x0000,
0x0000, 0x0000, 0x0000, 0x0000, 0x0000, 0x0000, 0x0000, 0x0000, 0x0000, 0x0000, 0x0000, 0x0000, 0x0000, 0x0000, 0x0000, 0x0000,
0x0000, 0x0000, 0x0000, 0x0000, 0x0000, 0x0000, 0x0000, 0x0000, 0x0000, 0x0000, 0x0000, 0x0000, 0x0000, 0x0000, 0x0000, 0x0000,
0x0000, 0x0000, 0x0000, 0x0000, 0x0000, 0x0000, 0x0000, 0x0000, 0x0000, 0x0000, 0x0000, 0x0000, 0x0000, 0x0000, 0x0000, 0x0000,
0x0000, 0x0000, 0x0000, 0x0000, 0x0000, 0x0000, 0x0000, 0x0000, 0x0000, 0x0000, 0x0000, 0x0000, 0x0000, 0x0000, 0x0000, 0x0000,
0x0000, 0x0000, 0x0000, 0x0000, 0x0000, 0x0000, 0x0000, 0x0000, 0x0000, 0x0000, 0x0000, 0x0000, 0x0000, 0x0000, 0x0000, 0x0000,
0x0000, 0x0000, 0x0000, 0x0000, 0x0000, 0x0000, 0x0000, 0x0000, 0x0000, 0x0000, 0x0000, 0x0000, 0x0000, 0x0000, 0x0000, 0x0000,
0x0000, 0x0000, 0x0000, 0x0000, 0x0000, 0x0000, 0x0000, 0x0000, 0xa58f, 0xa58f, 0xa58f, 0xa58f, 0xa58f, 0xa58f, 0xa58f, 0xa58f,
0xa58f, 0xa58f, 0xa58f, 0xa58f, 0xa58f, 0xa58f, 0xa58f, 0xa58f, 0xa58f, 0xa58f, 0xa58f, 0xa58f, 0xa58f, 0xa58f, 0xa58f, 0xa5af,
0x9ced, 0x9388, 0x8368, 0x62a6, 0x5205, 0x5205, 0x5205, 0x5225, 0x5225, 0x4a25, 0x4a05, 0x5225, 0x5245, 0x5a86, 0x5aa7, 0x5aa7,
0x52a6, 0x52a6, 0x5aa6, 0x5aa6, 0x5aa6, 0x5aa6, 0x5aa6, 0x5aa6, 0x52a6, 0x52a6, 0x5286, 0x5286, 0x72c6, 0x6a45, 0x5266, 0x52a7,
0x5286, 0x5286, 0x5286, 0x5286, 0x5286, 0x5286, 0x5286, 0x5286, 0x5a86, 0x7a85, 0x5266, 0x5286, 0x5286, 0x5286, 0x5286, 0x5286,
0x5aa6, 0x5ac6, 0x5ac6, 0x5ac6, 0x62c6, 0x5aa6, 0x4a45, 0x41e4, 0x6a65, 0x7285, 0x49e4, 0x6225, 0x82e6, 0x8b88, 0x9388, 0x8b68,
0x6ae7, 0x5a86, 0x41c4, 0x41c4, 0x41c4, 0x41c4, 0x41c4, 0x41a4, 0x39a4, 0x39a4, 0x41a4, 0x5a04, 0x6245, 0x41c4, 0x39a4, 0x41a4,
0x39a4, 0x39a4, 0x39a4, 0x39a4, 0x41a4, 0x41a3, 0x49c3, 0x5204, 0x7b27, 0x8348, 0x6b08, 0x742b, 0x6c0b, 0x6c0b, 0x6c0b, 0x6c0b,
0x6c0b, 0x6c0b, 0x6c0b, 0x6c0b, 0x742b, 0x744c, 0x7c8c, 0x84cd, 0x8d0d, 0x9d4e, 0xa58f, 0xa5af, 0xa5af, 0xa5af, 0xa5af, 0xa58f,
0xa5af, 0xa5af, 0xa5af, 0xa5af, 0x0000, 0x0000, 0x0000, 0x0000, 0x0000, 0x0000, 0x530c, 0x0000, 0x0000, 0x0000, 0x0000, 0x0000,
0x0000, 0x0000, 0x0000, 0x0000, 0x0000, 0x0000, 0x0000, 0x0000, 0x0000, 0x0000, 0x0000, 0x0000, 0x0000, 0x0000, 0x0000, 0x0000,
0x0000, 0x0000, 0x0000, 0x0000, 0x0000, 0x0000, 0x0000, 0x0000, 0x0000, 0x0000, 0x0000, 0x0000, 0x0000, 0x0000, 0x0000, 0x0000,
0x0000, 0x0000, 0x0000, 0x0000, 0x0000, 0x0000, 0x0000, 0x0000, 0x0000, 0x0000, 0x0000, 0x0000, 0x0000, 0x0000, 0x0000, 0x0000,
0x0000, 0x0000, 0x0000, 0x0000, 0x0000, 0x0000, 0x0000, 0x0000, 0x0000, 0x0000, 0x0000, 0x0000, 0x0000, 0x0000, 0x0000, 0x0000,
0x0000, 0x0000, 0x0000, 0x0000, 0x0000, 0x0000, 0x0000, 0x0000, 0x0000, 0x0000, 0x0000, 0x0000, 0x0000, 0x0000, 0x0000, 0x0000,
0x0000, 0x0000, 0x0000, 0x0000, 0x0000, 0x0000, 0x0000, 0x0000, 0x0000, 0x0000, 0x0000, 0x0000, 0x0000, 0x0000, 0x0000, 0x0000,
0x0000, 0x0000, 0x0000, 0x0000, 0x0000, 0x0000, 0x0000, 0x0000, 0x0000, 0x0000, 0x0000, 0x0000, 0x0000, 0x0000, 0x0000, 0x0000,
0x0000, 0x0000, 0x0000, 0x0000, 0x0000, 0x0000, 0x0000, 0x0000, 0x0000, 0x0000, 0x0000, 0x0000, 0x0000, 0x0000, 0x0000, 0x0000,
0x0000, 0x0000, 0x0000, 0x0000, 0x0000, 0x0000, 0x0000, 0x0000, 0x0000, 0x0000, 0x0000, 0x0000, 0x0000, 0x0000, 0x0000, 0x0000,
0x0000, 0x0000, 0x0000, 0x0000, 0x0000, 0x0000, 0x0000, 0x0000, 0x0000, 0x0000, 0x0000, 0x0000, 0x0000, 0x0000, 0x0000, 0x0000,
0x0000, 0x0000, 0x0000, 0x0000, 0x0000, 0x0000, 0x0000, 0x0000, 0xa58f, 0xa58f, 0xa58f, 0xa58f, 0xa58f, 0xa58f, 0xa58f, 0xa58f,
0xa58f, 0xa58f, 0xa58f, 0xa58f, 0xa58f, 0xa58f, 0xa58f, 0xa58f, 0xa58f, 0xa58f, 0xa58f, 0xa58f, 0xa58f, 0xa58f, 0xa58f, 0xa5af,
0x9d0d, 0x9388, 0x8368, 0x6286, 0x5205, 0x4a05, 0x4a05, 0x4a05, 0x4a05, 0x4a25, 0x5266, 0x5a86, 0x5aa7, 0x5aa7, 0x5286, 0x5286,
0x52a6, 0x52a6, 0x52a6, 0x52a6, 0x5aa6, 0x5aa6, 0x5aa6, 0x5aa6, 0x5aa6, 0x5aa6, 0x5286, 0x62c6, 0x7a85, 0x5245, 0x52a7, 0x5286,
0x5286, 0x5286, 0x5286, 0x5286, 0x5286, 0x5286, 0x5286, 0x5286, 0x62a6, 0x7285, 0x5266, 0x5286, 0x5286, 0x5286, 0x52a6, 0x5ac6,
0x5ac6, 0x5ac6, 0x5ac6, 0x5ac6, 0x5266, 0x4205, 0x49e4, 0x4a05, 0x5204, 0x7aa5, 0x5a25, 0x49c4, 0x7285, 0x9388, 0x8b88, 0x8b68,
0x6ae7, 0x5a86, 0x41c4, 0x41c4, 0x41c4, 0x41c4, 0x41c4, 0x41c4, 0x41c4, 0x41c4, 0x41c4, 0x39a4, 0x51e4, 0x6a65, 0x49e4, 0x39a4,
0x39a4, 0x39a4, 0x39a4, 0x39a4, 0x39a4, 0x39a4, 0x41a4, 0x5204, 0x8327, 0x8348, 0x7b28, 0x8c4b, 0x6c0b, 0x6c0b, 0x6c0b, 0x6c0b,
0x6c0b, 0x6c0b, 0x6c0b, 0x6c0b, 0x6c0b, 0x6c0b, 0x6c0b, 0x6c0b, 0x6c0b, 0x742c, 0x7c6c, 0x84ad, 0x8d0d, 0x9d6e, 0xa58f, 0xa58f,
0xa58f, 0xa58f, 0xa58f, 0xa58f, 0x0000, 0x0000, 0x0000, 0x0000, 0x0000, 0x0000, 0x530c, 0x0000, 0x0000, 0x0000, 0x0000, 0x0000,
0x0000, 0x0000, 0x0000, 0x0000, 0x0000, 0x0000, 0x0000, 0x0000, 0x0000, 0x0000, 0x0000, 0x0000, 0x0000, 0x0000, 0x0000, 0x0000,
0x0000, 0x0000, 0x0000, 0x0000, 0x0000, 0x0000, 0x0000, 0x0000, 0x0000, 0x0000, 0x0000, 0x0000, 0x0000, 0x0000, 0x0000, 0x0000,
0x0000, 0x0000, 0x0000, 0x0000, 0x0000, 0x0000, 0x0000, 0x0000, 0x0000, 0x0000, 0x0000, 0x0000, 0x0000, 0x0000, 0x0000, 0x0000,
0x0000, 0x0000, 0x0000, 0x0000, 0x0000, 0x0000, 0x0000, 0x0000, 0x0000, 0x0000, 0x0000, 0x0000, 0x0000, 0x0000, 0x0000, 0x0000,
0x0000, 0x0000, 0x0000, 0x0000, 0x0000, 0x0000, 0x0000, 0x0000, 0x0000, 0x0000, 0x0000, 0x0000, 0x0000, 0x0000, 0x0000, 0x0000,
0x0000, 0x0000, 0x0000, 0x0000, 0x0000, 0x0000, 0x0000, 0x0000, 0x0000, 0x0000, 0x0000, 0x0000, 0x0000, 0x0000, 0x0000, 0x0000,
0x0000, 0x0000, 0x0000, 0x0000, 0x0000, 0x0000, 0x0000, 0x0000, 0x0000, 0x0000, 0x0000, 0x0000, 0x0000, 0x0000, 0x0000, 0x0000,
0x0000, 0x0000, 0x0000, 0x0000, 0x0000, 0x0000, 0x0000, 0x0000, 0x0000, 0x0000, 0x0000, 0x0000, 0x0000, 0x0000, 0x0000, 0x0000,
0x0000, 0x0000, 0x0000, 0x0000, 0x0000, 0x0000, 0x0000, 0x0000, 0x0000, 0x0000, 0x0000, 0x0000, 0x0000, 0x0000, 0x0000, 0x0000,
0x0000, 0x0000, 0x0000, 0x0000, 0x0000, 0x0000, 0x0000, 0x0000, 0x0000, 0x0000, 0x0000, 0x0000, 0x0000, 0x0000, 0x0000, 0x0000,
0x0000, 0x0000, 0x0000, 0x0000, 0x0000, 0x0000, 0x0000, 0x0000, 0xa58f, 0xa58f, 0xa58f, 0xa58f, 0xa58f, 0xa58f, 0xa58f, 0xa58f,
0xa58f, 0xa58f, 0xa58f, 0xa58f, 0xa58f, 0xa58f, 0xa58f, 0xa58f, 0xa58f, 0xa58f, 0xa58f, 0xa58f, 0xa58f, 0xa58f, 0xa58f, 0xa5af,
0x9d2d, 0x9388, 0x8b68, 0x62a7, 0x5205, 0x4a05, 0x4a05, 0x5225, 0x5266, 0x5aa6, 0x5aa7, 0x52a7, 0x5286, 0x5286, 0x5286, 0x5286,
0x5286, 0x5286, 0x5a86, 0x5286, 0x52a6, 0x52a6, 0x52a6, 0x52a6, 0x52a6, 0x52a6, 0x5aa6, 0x7ac6, 0x6245, 0x5286, 0x5aa6, 0x52a6,
0x52a6, 0x5286, 0x5286, 0x5286, 0x5286, 0x5286, 0x5286, 0x5286, 0x6aa6, 0x7285, 0x5286, 0x5286, 0x5286, 0x5aa6, 0x5ac6, 0x5ac6,
0x5ac6, 0x5ac6, 0x5286, 0x4a05, 0x41e4, 0x49e5, 0x4a05, 0x4a05, 0x49e4, 0x6a65, 0x7285, 0x49e4, 0x5a45, 0x9388, 0x9388, 0x8b68,
0x6ae7, 0x5a66, 0x41a4, 0x41c4, 0x41c4, 0x41c4, 0x41c4, 0x41c4, 0x41c4, 0x41c4, 0x41c4, 0x41c4, 0x41a4, 0x49c4, 0x6a65, 0x5a25,
0x39a4, 0x39a4, 0x41c4, 0x39a4, 0x39a4, 0x39a4, 0x41a4, 0x5204, 0x8327, 0x8348, 0x6b08, 0x742b, 0x6c0b, 0x740b, 0x948e, 0x948e,
0x740c, 0x6c0b, 0x6c0b, 0x6c0b, 0x6c0b, 0x6c0b, 0x742b, 0x742b, 0x6c0b, 0x6c0b, 0x6c0b, 0x742b, 0x8ccd, 0x9d6e, 0xa58f, 0xa58f,
0xa58f, 0xa58f, 0xa58f, 0xa58f, 0x0000, 0x0000, 0x0000, 0x0000, 0x0000, 0x0000, 0x530c, 0x0000, 0x0000, 0x0000, 0x0000, 0x0000,
0x0000, 0x0000, 0x0000, 0x0000, 0x0000, 0x0000, 0x0000, 0x0000, 0x0000, 0x0000, 0x0000, 0x0000, 0x0000, 0x0000, 0x0000, 0x0000,
0x0000, 0x0000, 0x0000, 0x0000, 0x0000, 0x0000, 0x0000, 0x0000, 0x0000, 0x0000, 0x0000, 0x0000, 0x0000, 0x0000, 0x0000, 0x0000,
0x0000, 0x0000, 0x0000, 0x0000, 0x0000, 0x0000, 0x0000, 0x0000, 0x0000, 0x0000, 0x0000, 0x0000, 0x0000, 0x0000, 0x0000, 0x0000,
0x0000, 0x0000, 0x0000, 0x0000, 0x0000, 0x0000, 0x0000, 0x0000, 0x0000, 0x0000, 0x0000, 0x0000, 0x0000, 0x0000, 0x0000, 0x0000,
0x0000, 0x0000, 0x0000, 0x0000, 0x0000, 0x0000, 0x0000, 0x0000, 0x0000, 0x0000, 0x0000, 0x0000, 0x0000, 0x0000, 0x0000, 0x0000,
0x0000, 0x0000, 0x0000, 0x0000, 0x0000, 0x0000, 0x0000, 0x0000, 0x0000, 0x0000, 0x0000, 0x0000, 0x0000, 0x0000, 0x0000, 0x0000,
0x0000, 0x0000, 0x0000, 0x0000, 0x0000, 0x0000, 0x0000, 0x0000, 0x0000, 0x0000, 0x0000, 0x0000, 0x0000, 0x0000, 0x0000, 0x0000,
0x0000, 0x0000, 0x0000, 0x0000, 0x0000, 0x0000, 0x0000, 0x0000, 0x0000, 0x0000, 0x0000, 0x0000, 0x0000, 0x0000, 0x0000, 0x0000,
0x0000, 0x0000, 0x0000, 0x0000, 0x0000, 0x0000, 0x0000, 0x0000, 0x0000, 0x0000, 0x0000, 0x0000, 0x0000, 0x0000, 0x0000, 0x0000,
0x0000, 0x0000, 0x0000, 0x0000, 0x0000, 0x0000, 0x0000, 0x0000, 0x0000, 0x0000, 0x0000, 0x0000, 0x0000, 0x0000, 0x0000, 0x0000,
0x0000, 0x0000, 0x0000, 0x0000, 0x0000, 0x0000, 0x0000, 0x0000, 0xa58f, 0xa58f, 0xa58f, 0xa58f, 0xa58f, 0xa58f, 0xa58f, 0xa58f,
0xa58f, 0xa58f, 0xa58f, 0xa58f, 0xa58f, 0xa58f, 0xa58f, 0xa58f, 0xa58f, 0xa58f, 0xa58f, 0xa58f, 0xa58f, 0xa58f, 0xa58f, 0xa5af,
0x9d2d, 0x9388, 0x8b88, 0x62a7, 0x5205, 0x5245, 0x5286, 0x5aa7, 0x52a7, 0x5286, 0x5286, 0x5286, 0x5286, 0x5286, 0x5286, 0x5286,
0x5aa6, 0x5aa6, 0x5286, 0x5286, 0x5286, 0x5286, 0x52a6, 0x5286, 0x5aa6, 0x5286, 0x72c6, 0x7265, 0x5266, 0x5aa7, 0x5aa6, 0x5aa6,
0x52a6, 0x5aa6, 0x52a6, 0x5aa6, 0x5286, 0x5286, 0x5286, 0x5286, 0x72a6, 0x6a65, 0x5286, 0x5aa6, 0x62c6, 0x5ac6, 0x5ac6, 0x62c6,
0x5aa6, 0x4a25, 0x4225, 0x4a25, 0x4a05, 0x4a05, 0x4a05, 0x4a05, 0x4a05, 0x5204, 0x7aa5, 0x5205, 0x5a45, 0x9388, 0x9388, 0x8b68,
0x6ae7, 0x5a66, 0x41a4, 0x41c4, 0x41c4, 0x41c4, 0x41c4, 0x41c4, 0x41c4, 0x41c4, 0x41c4, 0x41c4, 0x41c4, 0x41c4, 0x49c4, 0x6a45,
0x6a86, 0x41e5, 0x39a4, 0x41c4, 0x41c4, 0x39a4, 0x41c4, 0x5204, 0x8347, 0x8328, 0x6308, 0x6c2c, 0x6c0b, 0x742b, 0x7beb, 0x738b,
0x6bcb, 0x6c2b, 0x6c0b, 0x6c0b, 0x6c0b, 0x6c0b, 0x6c0b, 0x6c0b, 0x6c0b, 0x742c, 0x848c, 0x952e, 0xa58f, 0xa5af, 0xa58f, 0xa58f,
0xa58f, 0xa58f, 0xa58f, 0xa58f, 0x0000, 0x0000, 0x0000, 0x0000, 0x0000, 0x0000, 0x530c, 0x0000, 0x0000, 0x0000, 0x0000, 0x0000,
0x0000, 0x0000, 0x0000, 0x0000, 0x0000, 0x0000, 0x0000, 0x0000, 0x0000, 0x0000, 0x0000, 0x0000, 0x0000, 0x0000, 0x0000, 0x0000,
0x0000, 0x0000, 0x0000, 0x0000, 0x0000, 0x0000, 0x0000, 0x0000, 0x0000, 0x0000, 0x0000, 0x0000, 0x0000, 0x0000, 0x0000, 0x0000,
0x0000, 0x0000, 0x0000, 0x0000, 0x0000, 0x0000, 0x0000, 0x0000, 0x0000, 0x0000, 0x0000, 0x0000, 0x0000, 0x0000, 0x0000, 0x0000,
0x0000, 0x0000, 0x0000, 0x0000, 0x0000, 0x0000, 0x0000, 0x0000, 0x0000, 0x0000, 0x0000, 0x0000, 0x0000, 0x0000, 0x0000, 0x0000,
0x0000, 0x0000, 0x0000, 0x0000, 0x0000, 0x0000, 0x0000, 0x0000, 0x0000, 0x0000, 0x0000, 0x0000, 0x0000, 0x0000, 0x0000, 0x0000,
0x0000, 0x0000, 0x0000, 0x0000, 0x0000, 0x0000, 0x0000, 0x0000, 0x0000, 0x0000, 0x0000, 0x0000, 0x0000, 0x0000, 0x0000, 0x0000,
0x0000, 0x0000, 0x0000, 0x0000, 0x0000, 0x0000, 0x0000, 0x0000, 0x0000, 0x0000, 0x0000, 0x0000, 0x0000, 0x0000, 0x0000, 0x0000,
0x0000, 0x0000, 0x0000, 0x0000, 0x0000, 0x0000, 0x0000, 0x0000, 0x0000, 0x0000, 0x0000, 0x0000, 0x0000, 0x0000, 0x0000, 0x0000,
0x0000, 0x0000, 0x0000, 0x0000, 0x0000, 0x0000, 0x0000, 0x0000, 0x0000, 0x0000, 0x0000, 0x0000, 0x0000, 0x0000, 0x0000, 0x0000,
0x0000, 0x0000, 0x0000, 0x0000, 0x0000, 0x0000, 0x0000, 0x0000, 0x0000, 0x0000, 0x0000, 0x0000, 0x0000, 0x0000, 0x0000, 0x0000,
0x0000, 0x0000, 0x0000, 0x0000, 0x0000, 0x0000, 0x0000, 0x0000, 0xa58f, 0xa58f, 0xa58f, 0xa58f, 0xa58f, 0xa58f, 0xa58f, 0xa58f,
0xa58f, 0xa58f, 0xa58f, 0xa58f, 0xa58f, 0xa58f, 0xa58f, 0xa58f, 0xa58f, 0xa58f, 0xa58f, 0xa58f, 0xa58f, 0xa58f, 0xa58f, 0xa5af,
0x9d4e, 0x9388, 0x8b47, 0x6286, 0x49e4, 0x5266, 0x5287, 0x5287, 0x5286, 0x5286, 0x5286, 0x5286, 0x5286, 0x5286, 0x5286, 0x5286,
0x6aa6, 0x82c6, 0x6ac6, 0x5286, 0x5286, 0x5286, 0x5286, 0x5286, 0x5286, 0x6ac6, 0x7aa5, 0x5a45, 0x52a7, 0x52a6, 0x52a6, 0x52a6,
0x5aa6, 0x5aa6, 0x5aa6, 0x5aa6, 0x5aa6, 0x52a6, 0x52a6, 0x5286, 0x7aa6, 0x6a85, 0x5ac7, 0x62c6, 0x5ac6, 0x62c7, 0x5ac6, 0x5265,
0x4a25, 0x4a46, 0x5286, 0x5245, 0x49e4, 0x4a04, 0x4a04, 0x4a04, 0x4a04, 0x4a05, 0x72a6, 0x5205, 0x5a45, 0x9388, 0x9388, 0x8b68,
0x6ae7, 0x5a66, 0x41a4, 0x41c4, 0x41c4, 0x41c4, 0x41c4, 0x41c4, 0x41c4, 0x41c4, 0x41c4, 0x41c4, 0x41c4, 0x41c4, 0x41c4, 0x3984,
0x8b06, 0xb409, 0x49e5, 0x41a4, 0x41c4, 0x41c4, 0x41c4, 0x49e4, 0x8348, 0x8348, 0x6b8a, 0x742b, 0x6c0b, 0x6c0b, 0x6c0b, 0x6beb,
0x6c2b, 0x6c0b, 0x6c0b, 0x6c0b, 0x6c0b, 0x6c0b, 0x6c0b, 0x6c0b, 0x6c0b, 0x7c8c, 0x954e, 0xa5af, 0xa5af, 0xa58f, 0xa58f, 0xa58f,
0xa58f, 0xa58f, 0xa58f, 0xa58f, 0x0000, 0x0000, 0x0000, 0x0000, 0x0000, 0x0000, 0x530c, 0x0000, 0x0000, 0x0000, 0x0000, 0x0000,
0x0000, 0x0000, 0x0000, 0x0000, 0x0000, 0x0000, 0x0000, 0x0000, 0x0000, 0x0000, 0x0000, 0x0000, 0x0000, 0x0000, 0x0000, 0x0000,
0x0000, 0x0000, 0x0000, 0x0000, 0x0000, 0x0000, 0x0000, 0x0000, 0x0000, 0x0000, 0x0000, 0x0000, 0x0000, 0x0000, 0x0000, 0x0000,
0x0000, 0x0000, 0x0000, 0x0000, 0x0000, 0x0000, 0x0000, 0x0000, 0x0000, 0x0000, 0x0000, 0x0000, 0x0000, 0x0000, 0x0000, 0x0000,
0x0000, 0x0000, 0x0000, 0x0000, 0x0000, 0x0000, 0x0000, 0x0000, 0x0000, 0x0000, 0x0000, 0x0000, 0x0000, 0x0000, 0x0000, 0x0000,
0x0000, 0x0000, 0x0000, 0x0000, 0x0000, 0x0000, 0x0000, 0x0000, 0x0000, 0x0000, 0x0000, 0x0000, 0x0000, 0x0000, 0x0000, 0x0000,
0x0000, 0x0000, 0x0000, 0x0000, 0x0000, 0x0000, 0x0000, 0x0000, 0x0000, 0x0000, 0x0000, 0x0000, 0x0000, 0x0000, 0x0000, 0x0000,
0x0000, 0x0000, 0x0000, 0x0000, 0x0000, 0x0000, 0x0000, 0x0000, 0x0000, 0x0000, 0x0000, 0x0000, 0x0000, 0x0000, 0x0000, 0x0000,
0x0000, 0x0000, 0x0000, 0x0000, 0x0000, 0x0000, 0x0000, 0x0000, 0x0000, 0x0000, 0x0000, 0x0000, 0x0000, 0x0000, 0x0000, 0x0000,
0x0000, 0x0000, 0x0000, 0x0000, 0x0000, 0x0000, 0x0000, 0x0000, 0x0000, 0x0000, 0x0000, 0x0000, 0x0000, 0x0000, 0x0000, 0x0000,
0x0000, 0x0000, 0x0000, 0x0000, 0x0000, 0x0000, 0x0000, 0x0000, 0x0000, 0x0000, 0x0000, 0x0000, 0x0000, 0x0000, 0x0000, 0x0000,
0x0000, 0x0000, 0x0000, 0x0000, 0x0000, 0x0000, 0x0000, 0x0000, 0xa58f, 0xa58f, 0xa58f, 0xa58f, 0xa58f, 0xa58f, 0xa58f, 0xa58f,
0xa58f, 0xa58f, 0xa58f, 0xa58f, 0xa58f, 0xa58f, 0xa58f, 0xa58f, 0xa5af, 0xa58f, 0xa58f, 0xa58f, 0xa58f, 0xa58f, 0xa58f, 0xa58f,
0xa58f, 0x9d0d, 0x942a, 0x8c4b, 0x844b, 0x6b69, 0x5ac7, 0x5266, 0x5266, 0x5286, 0x5286, 0x5286, 0x5286, 0x5286, 0x5286, 0x5287,
0x5266, 0x6245, 0x7aa5, 0x7ac6, 0x6ac6, 0x52a6, 0x5286, 0x52a7, 0x72c6, 0x7285, 0x5a45, 0x5286, 0x52a7, 0x5286, 0x52a6, 0x52a6,
0x52a6, 0x52a6, 0x52a6, 0x52a6, 0x52a6, 0x52a6, 0x52a6, 0x5aa6, 0x7aa6, 0x6286, 0x5ac7, 0x62c7, 0x62c7, 0x5286, 0x4a25, 0x4a25,
0x5286, 0x52a6, 0x5286, 0x5266, 0x5225, 0x4a04, 0x4a04, 0x4a04, 0x49e4, 0x5205, 0x72a6, 0x49e4, 0x5a45, 0x9388, 0x9388, 0x8b68,
0x6ae7, 0x5a66, 0x41a4, 0x41c4, 0x41c4, 0x41c4, 0x41c4, 0x41c4, 0x41c4, 0x41c4, 0x41c4, 0x41c4, 0x41c4, 0x41c4, 0x41c4, 0x41c4,
0x41a4, 0xabc8, 0xac09, 0x39a4, 0x41c4, 0x39a4, 0x41c4, 0x5b49, 0x740b, 0x73eb, 0x6c2b, 0x6c0b, 0x6c0b, 0x6c0b, 0x740b, 0x742b,
0x6c0b, 0x6c0b, 0x6c0b, 0x6c0b, 0x6c0b, 0x6c0b, 0x6c0b, 0x6c0b, 0x6c0b, 0x742b, 0x7c8c, 0x952e, 0xa58f, 0xa5af, 0xa58f, 0xa58f,
0xa58f, 0xa58f, 0xa58f, 0xa58f, 0x0000, 0x0000, 0x0000, 0x0000, 0x0000, 0x0000, 0x530c, 0x0000, 0x0000, 0x0000, 0x0000, 0x0000,
0x0000, 0x0000, 0x0000, 0x0000, 0x0000, 0x0000, 0x0000, 0x0020, 0x0000, 0x0000, 0x0000, 0x0000, 0x0000, 0x0000, 0x0000, 0x0000,
0x0000, 0x0000, 0x0000, 0x0000, 0x0000, 0x0000, 0x0000, 0x0000, 0x0000, 0x0000, 0x0000, 0x0000, 0x0000, 0x0000, 0x0000, 0x0000,
0x0000, 0x0000, 0x0000, 0x0000, 0x0000, 0x0000, 0x0000, 0x0000, 0x0000, 0x0000, 0x0000, 0x0000, 0x0000, 0x0000, 0x0000, 0x0000,
0x0000, 0x0000, 0x0000, 0x0000, 0x0000, 0x0000, 0x0000, 0x0000, 0x0000, 0x0000, 0x0000, 0x0000, 0x0000, 0x0000, 0x0000, 0x0000,
0x0000, 0x0000, 0x0000, 0x0000, 0x0000, 0x0000, 0x0000, 0x0000, 0x0000, 0x0000, 0x0000, 0x0000, 0x0000, 0x0000, 0x0000, 0x0000,
0x0000, 0x0000, 0x0000, 0x0841, 0x0000, 0x0000, 0x0000, 0x0000, 0x0000, 0x0000, 0x0000, 0x0000, 0x0000, 0x0000, 0x0000, 0x0000,
0x0000, 0x0000, 0x0000, 0x0000, 0x0000, 0x0000, 0x0000, 0x0000, 0x0000, 0x0000, 0x0000, 0x0000, 0x0000, 0x0000, 0x0000, 0x0000,
0x0000, 0x0000, 0x0000, 0x0000, 0x0000, 0x0000, 0x0000, 0x0000, 0x0000, 0x0000, 0x0000, 0x0000, 0x0000, 0x0000, 0x0000, 0x0000,
0x0000, 0x0000, 0x0000, 0x0000, 0x0000, 0x0000, 0x0000, 0x0000, 0x0000, 0x0000, 0x0000, 0x0000, 0x0000, 0x0000, 0x0000, 0x0000,
0x0000, 0x0000, 0x0000, 0x0000, 0x0000, 0x0000, 0x0000, 0x0000, 0x0000, 0x0000, 0x0000, 0x0000, 0x0000, 0x0000, 0x0000, 0x0000,
0x0000, 0x0000, 0x0000, 0x0000, 0x0000, 0x0000, 0x0000, 0x0000, 0xa58f, 0xa58f, 0xa58f, 0xa58f, 0xa58f, 0xa58f, 0xa58f, 0xa58f,
0xa58f, 0xa58f, 0xa58f, 0xa58f, 0xa58f, 0xa58f, 0xa5af, 0xa58f, 0xa58f, 0xa5af, 0xa58f, 0xa58f, 0xa58f, 0xa58f, 0xa58f, 0xa58f,
0xa58f, 0xa5af, 0xa5af, 0xa5cf, 0xa5cf, 0xa5af, 0x9d2e, 0x846b, 0x6b89, 0x5ac7, 0x5266, 0x4a66, 0x5266, 0x5286, 0x5287, 0x5286,
0x5287, 0x5286, 0x5245, 0x6245, 0x7a85, 0x7ac6, 0x72c6, 0x72a6, 0x6a44, 0x5245, 0x5286, 0x52a6, 0x5286, 0x5286, 0x5286, 0x5286,
0x5286, 0x5286, 0x5286, 0x5286, 0x5286, 0x5aa6, 0x5ac6, 0x62c6, 0x7aa5, 0x62a6, 0x62e7, 0x5aa6, 0x4a45, 0x4a25, 0x5286, 0x5aa7,
0x5286, 0x5286, 0x5286, 0x52a7, 0x5266, 0x4a05, 0x49e4, 0x49e4, 0x5205, 0x6a65, 0x6a85, 0x49c4, 0x5a45, 0x9388, 0x9388, 0x8348,
0x6ac7, 0x5a66, 0x41c4, 0x41c4, 0x41c4, 0x41c4, 0x41c4, 0x41c4, 0x41c4, 0x41c4, 0x41c4, 0x41c4, 0x41c4, 0x41c4, 0x41c4, 0x41c4,
0x39a4, 0x41c4, 0xcc8a, 0x8327, 0x3163, 0x4a46, 0x6bca, 0x744c, 0x6c0b, 0x6c2b, 0x6c0b, 0x6c0b, 0x6c0b, 0x6c0b, 0x6c0b, 0x6c0b,
0x6c0b, 0x6c0b, 0x6c0b, 0x6c0b, 0x6c0b, 0x6c0b, 0x6c0b, 0x6c0b, 0x6c0b, 0x6c0b, 0x6c0b, 0x742c, 0x84cd, 0x9d6e, 0xa58f, 0xa58f,
0xa58f, 0xa58f, 0xa58f, 0xa58f, 0x0000, 0x0000, 0x0000, 0x0000, 0x0000, 0x0000, 0x530c, 0x0000, 0x0000, 0x0000, 0x0000, 0x0000,
0x0000, 0x0000, 0x0000, 0x0000, 0x0000, 0x0000, 0x0000, 0x7bef, 0x528a, 0x0000, 0x0000, 0x6b6d, 0x632c, 0x0000, 0x0000, 0x0000,
0x0000, 0x0000, 0x0000, 0x0000, 0x94b2, 0x0000, 0x0020, 0x8410, 0x0000, 0x0000, 0x0000, 0x0000, 0x0000, 0x0000, 0x0000, 0x0000,
0x0000, 0x0000, 0x0000, 0x0000, 0x0000, 0x0000, 0x0000, 0x0000, 0x0000, 0x0000, 0x1082, 0x9cd3, 0x0000, 0x0000, 0x2965, 0x8c71,
0x0000, 0x0000, 0x0000, 0x0000, 0x0000, 0x0000, 0x0000, 0x0000, 0x94b2, 0x0000, 0x0020, 0x8410, 0x0000, 0x0000, 0x0000, 0x0000,
0x0000, 0x0000, 0x0000, 0x0000, 0x0000, 0x8430, 0x4208, 0x0000, 0x0000, 0x0000, 0x0000, 0x0000, 0x0000, 0x0000, 0xbdd7, 0x0000,
0x0000, 0x0000, 0x0841, 0xe73c, 0x2104, 0x0000, 0x0000, 0x0000, 0x0000, 0x8c51, 0x4208, 0x4208, 0xa514, 0x9cf3, 0xa514, 0x4a49,
0x2965, 0x0841, 0xa514, 0x0841, 0x0000, 0x0000, 0x0000, 0x0000, 0x0000, 0x0000, 0x0000, 0x0000, 0x0000, 0x0000, 0x0000, 0x0000,
0x0000, 0x0000, 0x0000, 0x0000, 0x0000, 0x0000, 0x0000, 0x0000, 0x0000, 0x0000, 0x0000, 0x0000, 0x0000, 0x0000, 0x0000, 0x0000,
0x0000, 0x0000, 0x0000, 0x0000, 0x0000, 0x0000, 0x0000, 0x0000, 0x0000, 0x0000, 0x0000, 0x0000, 0x0000, 0x0000, 0x0000, 0x0000,
0x0000, 0x0000, 0x0000, 0x0000, 0x0000, 0x0000, 0x0000, 0x0000, 0x0000, 0x0000, 0x0000, 0x0000, 0x0000, 0x0000, 0x0000, 0x0000,
0x0000, 0x0000, 0x0000, 0x0000, 0x0000, 0x0000, 0x0000, 0x0000, 0xa58f, 0xa58f, 0xa58f, 0xa58f, 0xa5af, 0xa58f, 0xa58f, 0xa58f,
0xa58f, 0xa58f, 0xa58f, 0xa58f, 0xa58f, 0xa5af, 0x9d4e, 0xa4af, 0x8c0d, 0x94ee, 0xa5af, 0xa58f, 0xa58f, 0xa58f, 0xa58f, 0xa58f,
0xa58f, 0xa58f, 0xa58f, 0xa58f, 0xa58f, 0xa58f, 0xa5af, 0xa5cf, 0xa5af, 0x9d4e, 0x848c, 0x73ca, 0x5ae7, 0x5286, 0x5266, 0x5266,
0x5286, 0x52a7, 0x52a7, 0x5266, 0x5225, 0x6245, 0x6a65, 0x5a04, 0x5246, 0x52a7, 0x5286, 0x5286, 0x5286, 0x5286, 0x5286, 0x5286,
0x5286, 0x5286, 0x5286, 0x5aa6, 0x5ac6, 0x62c6, 0x5ac6, 0x62c6, 0x7aa5, 0x5a86, 0x5265, 0x4a25, 0x5266, 0x5aa7, 0x5aa7, 0x52a6,
0x5aa6, 0x52a6, 0x5286, 0x5286, 0x5286, 0x5266, 0x5a25, 0x6a65, 0x6a85, 0x6245, 0x5204, 0x49e4, 0x5a45, 0x9388, 0x9388, 0x8348,
0x62c7, 0x6aa6, 0x49e4, 0x41c4, 0x41c4, 0x41c4, 0x41c4, 0x41c4, 0x41c4, 0x41c4, 0x41c4, 0x41c4, 0x41c4, 0x41c4, 0x41c4, 0x41c4,
0x41c4, 0x3984, 0x72c6, 0xd4aa, 0x62e7, 0x6beb, 0x742c, 0x6c0b, 0x6c0b, 0x6c0b, 0x6c0b, 0x6c0b, 0x6c0b, 0x6c0b, 0x6c0b, 0x6c0b,
0x6c0b, 0x6c0b, 0x6c0b, 0x6c0b, 0x6c0b, 0x6c0b, 0x6c0b, 0x6c0b, 0x6c0b, 0x6c0b, 0x6c0b, 0x6c0b, 0x6c0b, 0x7c6c, 0x950d, 0x9d8e,
0xa5af, 0xa58f, 0xa58f, 0xa58f, 0x0000, 0x0000, 0x0000, 0x0000, 0x0000, 0x0000, 0x530c, 0x0000, 0x0000, 0x0000, 0x0000, 0x0000,
0x0000, 0x0000, 0x0000, 0x0000, 0x0000, 0x73ae, 0x9cf3, 0x9cf3, 0xef5d, 0x9cd3, 0x9cf3, 0xef7d, 0x9cf3, 0x9cf3, 0x8410, 0x0000,
0x0000, 0x0000, 0x0000, 0x4a49, 0x9cf3, 0x0000, 0x0000, 0xad75, 0x39c7, 0x0000, 0x0000, 0x0000, 0x0000, 0x0000, 0x0000, 0x0000,
0x0000, 0x0000, 0x0000, 0x0000, 0x0000, 0x0000, 0x0000, 0x0000, 0x0000, 0x0020, 0x1082, 0xb596, 0x0000, 0x0020, 0x2124, 0x9cf3,
0x0000, 0x0000, 0x0000, 0x0000, 0x0000, 0x0000, 0x0000, 0x4a49, 0x9cf3, 0x0000, 0x0000, 0xad75, 0x39c7, 0x0000, 0x0000, 0x0000,
0x0000, 0x0020, 0x0020, 0x0000, 0x0000, 0x8430, 0x39e7, 0x0000, 0x0000, 0x0000, 0x0020, 0x0000, 0x0000, 0x0000, 0xb5b6, 0x0000,
0x0000, 0x0000, 0x8c51, 0x632c, 0xbdd7, 0x0861, 0x0000, 0x0000, 0x0000, 0x0861, 0xbdf7, 0x9cd3, 0x52aa, 0x0000, 0x4a49, 0x6b6d,
0xa534, 0x18e3, 0xbdf7, 0x0000, 0x0000, 0x0000, 0x0000, 0x0000, 0x0000, 0x0000, 0x0000, 0x0000, 0x0000, 0x0000, 0x0000, 0x0000,
0x0000, 0x0000, 0x0000, 0x0000, 0x0000, 0x0000, 0x0000, 0x0000, 0x0000, 0x0000, 0x0000, 0x0000, 0x0000, 0x0000, 0x0000, 0x0000,
0x0000, 0x0000, 0x0000, 0x0000, 0x0000, 0x0000, 0x0000, 0x0000, 0x0000, 0x0000, 0x0000, 0x0000, 0x0000, 0x0000, 0x0000, 0x0000,
0x0000, 0x0000, 0x0000, 0x0000, 0x0000, 0x0000, 0x0000, 0x0000, 0x0000, 0x0000, 0x0000, 0x0000, 0x0000, 0x0000, 0x0000, 0x0000,
0x0000, 0x0000, 0x0000, 0x0000, 0x0000, 0x0000, 0x0000, 0x0000, 0xa58f, 0xa58f, 0xa58f, 0xa58f, 0x8d0d, 0xa58f, 0xa58f, 0xa58f,
0xa58f, 0xa58f, 0xa58f, 0xa58f, 0xa58f, 0xa5af, 0x9d4e, 0x7c0b, 0x7c4c, 0x9d4e, 0xa5af, 0xa58f, 0xa58f, 0xa58f, 0xa58f, 0xa58f,
0xa58f, 0xa58f, 0xa58f, 0xa58f, 0xa58f, 0xa58f, 0xa58f, 0xa58f, 0xa58f, 0xa5af, 0xa5cf, 0xa5cf, 0x9d6e, 0x8ccc, 0x73ca, 0x6308,
0x5286, 0x5266, 0x5266, 0x5286, 0x52a7, 0x5286, 0x4a46, 0x5286, 0x52a7, 0x5286, 0x5286, 0x5286, 0x5286, 0x5286, 0x5286, 0x5286,
0x5286, 0x52a6, 0x5aa6, 0x62c6, 0x62c6, 0x62c6, 0x5ac6, 0x6ae6, 0x7aa5, 0x4a25, 0x4a45, 0x5286, 0x5aa7, 0x52a6, 0x5aa6, 0x52a6,
0x52a6, 0x5aa6, 0x52a6, 0x5aa6, 0x6aa6, 0x7286, 0x6a65, 0x6225, 0x51e4, 0x49e4, 0x4a04, 0x49e4, 0x5a45, 0x9388, 0x9388, 0x8368,
0x62c7, 0x72c7, 0x6a65, 0x41c4, 0x41c4, 0x41c4, 0x41c4, 0x41c4, 0x41c4, 0x41c4, 0x41c4, 0x41c4, 0x41c4, 0x41c4, 0x41c4, 0x41c4,
0x41c4, 0x41a4, 0x39c4, 0xb429, 0xbc8b, 0x6c0b, 0x6c0b, 0x6c0b, 0x6c0b, 0x6c0b, 0x6c0b, 0x6c0b, 0x6c0b, 0x6c0b, 0x6c0b, 0x6c0b,
0x6c0b, 0x6c0b, 0x6c0b, 0x6c0b, 0x6c0b, 0x6c0b, 0x6c0b, 0x6c0b, 0x6c0b, 0x6c0b, 0x6c0b, 0x742b, 0x6c0b, 0x6c0b, 0x744c, 0x8ccd,
0x9d6e, 0xa5af, 0xa58f, 0xa58f, 0x0000, 0x0000, 0x0000, 0x0000, 0x0000, 0x0000, 0x530c, 0x0000, 0x0000, 0x0000, 0x0000, 0x0000,
0x0000, 0x0000, 0x0000, 0x0000, 0x0000, 0x0861, 0x0000, 0x0000, 0x0000, 0x8c51, 0x39e7, 0x0000, 0x0000, 0x0000, 0x0861, 0x0000,
0x0000, 0x0000, 0x0020, 0xce59, 0x18c3, 0x0000, 0x0000, 0x2965, 0xd69a, 0x0020, 0x0000, 0x0000, 0x0000, 0x0000, 0x0000, 0x0000,
0x0000, 0x0000, 0x0000, 0x0000, 0x0000, 0x0000, 0x0000, 0x0000, 0x2104, 0xb596, 0xb596, 0xe73c, 0xad75, 0x6b6d, 0x2104, 0xdefb,
0x5acb, 0x0020, 0x0000, 0x0000, 0x0000, 0x0000, 0x0020, 0xce59, 0x18c3, 0x0000, 0x0000, 0x2965, 0xd69a, 0x0020, 0x0000, 0x0000,
0x0000, 0x630c, 0xbdf7, 0xb5b6, 0xb5b6, 0xdefb, 0xce59, 0xb5b6, 0xb5b6, 0xbdf7, 0x5acb, 0x0000, 0x39e7, 0xad55, 0xe73c, 0xad55,
0x2965, 0x528a, 0x9cf3, 0x0000, 0x39e7, 0xbdf7, 0x0841, 0x0000, 0x0000, 0x0000, 0x1082, 0x632c, 0x52aa, 0xc618, 0x4a49, 0x6b4d,
0xa514, 0x18c3, 0xbdd7, 0x0000, 0x0000, 0x0000, 0x0000, 0x0000, 0x0000, 0x0000, 0x0000, 0x0000, 0x0000, 0x0000, 0x0000, 0x0000,
0x0000, 0x0000, 0x0000, 0x0000, 0x0000, 0x0000, 0x0000, 0x0000, 0x0000, 0x0000, 0x0000, 0x0000, 0x0000, 0x0000, 0x0000, 0x0000,
0x0000, 0x0000, 0x0000, 0x0000, 0x0000, 0x0000, 0x0000, 0x0000, 0x0000, 0x0000, 0x0000, 0x0000, 0x0000, 0x0000, 0x0000, 0x0000,
0x0000, 0x0000, 0x0000, 0x0000, 0x0000, 0x0000, 0x0000, 0x0000, 0x0000, 0x0000, 0x0000, 0x0000, 0x0000, 0x0000, 0x0000, 0x0000,
0x0000, 0x0000, 0x0000, 0x0000, 0x0000, 0x0000, 0x0000, 0x0000, 0xa58f, 0xa58f, 0xa58f, 0xa5af, 0x6c2a, 0x952e, 0xa5af, 0xa58f,
0xa58f, 0xa58f, 0xa58f, 0xa58f, 0xa58f, 0xa58f, 0xa5af, 0xa5af, 0xa5cf, 0xa5af, 0xa58f, 0xa58f, 0xa58f, 0xa58f, 0xa58f, 0xa58f,
0xa58f, 0xa58f, 0xa58f, 0xa58f, 0xa58f, 0xa58f, 0xa58f, 0xa58f, 0xa58f, 0xa58f, 0xa58f, 0xa58f, 0xa58f, 0xa5af, 0xa5af, 0x9d6e,
0x8ccd, 0x7c0a, 0x6328, 0x5286, 0x5266, 0x5266, 0x5286, 0x52a6, 0x5286, 0x5286, 0x5286, 0x5286, 0x5286, 0x5286, 0x5286, 0x5286,
0x5aa6, 0x5ac6, 0x62c6, 0x5ac6, 0x62c6, 0x62e6, 0x5286, 0x5a65, 0x7aa5, 0x5266, 0x5aa7, 0x5286, 0x5286, 0x5286, 0x5286, 0x5286,
0x5286, 0x52a6, 0x52a6, 0x5aa6, 0x6245, 0x5a25, 0x5245, 0x4a04, 0x4a05, 0x5205, 0x5205, 0x49e4, 0x6266, 0x9388, 0x9388, 0x8348,
0x62c7, 0x6286, 0x7aa6, 0x5205, 0x41c4, 0x41c4, 0x41c4, 0x41c4, 0x41c4, 0x41c4, 0x41c4, 0x41c4, 0x41c4, 0x41c4, 0x41c4, 0x41c4,
0x41a4, 0x4a25, 0x63aa, 0x9c6b, 0xbc4a, 0x6beb, 0x6c2b, 0x6c0b, 0x6c0b, 0x6c0b, 0x6c0b, 0x6c0b, 0x6c0b, 0x6c0b, 0x6c0b, 0x6c0b,
0x6c0b, 0x6c0b, 0x6c0b, 0x744c, 0x84ad, 0x8ccd, 0x7c8c, 0x744c, 0x6c0b, 0x6c0b, 0x6c0b, 0x6c0b, 0x6c0b, 0x742b, 0x6c0b, 0x744c,
0x8ced, 0x9d6e, 0xa58f, 0xa58f, 0x0000, 0x0000, 0x0000, 0x0000, 0x0000, 0x0000, 0x530c, 0x0000, 0x0000, 0x0000, 0x0000, 0x0000,
0x0000, 0x0000, 0x0000, 0x0000, 0x0000, 0x1082, 0xa534, 0x9cf3, 0x9cd3, 0xdedb, 0xad55, 0x9cd3, 0x9cd3, 0x9cf3, 0x2104, 0x0000,
0x0000, 0x0000, 0x8c51, 0x73ae, 0x0000, 0x0000, 0x0000, 0x0000, 0x8c51, 0x8430, 0x0000, 0x0000, 0x0000, 0x0000, 0x0000, 0x0000,
0x0000, 0x0000, 0x0000, 0x0000, 0x0000, 0x0000, 0x0000, 0x0000, 0x0000, 0x0000, 0x0861, 0xad75, 0x0000, 0x0000, 0x2104, 0xa534,
0x738e, 0xc638, 0x5acb, 0x0000, 0x0000, 0x0000, 0x8c51, 0x73ae, 0x0000, 0x0000, 0x0000, 0x0000, 0x8c51, 0x8430, 0x0000, 0x0000,
0x0000, 0x0000, 0x0000, 0x0000, 0x0000, 0x8410, 0x39e7, 0x0000, 0x0000, 0x0000, 0x0000, 0x0000, 0x0020, 0x0861, 0xdefb, 0x0000,
0x3186, 0xd6ba, 0x10a2, 0x0000, 0x0000, 0x8430, 0xbdd7, 0x0861, 0x39e7, 0x738e, 0x0000, 0x5acb, 0x52aa, 0xb5b6, 0x4a49, 0x6b4d,
0x9cf3, 0x18c3, 0xbdd7, 0x0000, 0x0000, 0x0000, 0x0000, 0x0000, 0x0000, 0x0000, 0x0000, 0x0000, 0x0000, 0x0000, 0x0000, 0x0000,
0x0000, 0x0000, 0x0000, 0x0000, 0x0000, 0x0000, 0x0000, 0x0000, 0x0000, 0x0000, 0x0000, 0x0000, 0x0000, 0x0000, 0x0000, 0x0000,
0x0000, 0x0000, 0x0000, 0x0000, 0x0000, 0x0000, 0x0000, 0x0000, 0x0000, 0x0000, 0x0000, 0x0000, 0x0000, 0x0000, 0x0000, 0x0000,
0x0000, 0x0000, 0x0000, 0x0000, 0x0000, 0x0000, 0x0000, 0x0000, 0x0000, 0x0000, 0x0000, 0x0000, 0x0000, 0x0000, 0x0000, 0x0000,
0x0000, 0x0000, 0x0000, 0x0000, 0x0000, 0x0000, 0x0000, 0x0000, 0xa58f, 0xa58f, 0xa58f, 0xadcf, 0x5bc9, 0x6c6b, 0xadcf, 0xa58f,
0xa58f, 0xa58f, 0xa58f, 0xa58f, 0xa58f, 0xa58f, 0xa58f, 0xa58f, 0xa58f, 0xa58f, 0xa58f, 0xa58f, 0xa58f, 0xa58f, 0xa58f, 0xa58f,
0xa58f, 0xa58f, 0xa58f, 0xa58f, 0xa58f, 0xa58f, 0xa58f, 0xa58f, 0xa58f, 0xa58f, 0xa58f, 0xa58f, 0xa58f, 0xa58e, 0xa58e, 0xa58f,
0xa5af, 0xa5af, 0xa58f, 0x94ed, 0x7c2b, 0x6348, 0x52a7, 0x5266, 0x5266, 0x5286, 0x5286, 0x5286, 0x5286, 0x5286, 0x5aa6, 0x5ac6,
0x5ac6, 0x5ac6, 0x5ac6, 0x62c6, 0x5aa6, 0x4a45, 0x4205, 0x6286, 0x7285, 0x5286, 0x52a7, 0x5286, 0x5286, 0x5286, 0x5286, 0x5286,
0x5286, 0x52a6, 0x5286, 0x5286, 0x5286, 0x52a7, 0x5aa7, 0x5266, 0x5205, 0x5205, 0x5205, 0x49e4, 0x6286, 0x9388, 0x9388, 0x8348,
0x6ac7, 0x5246, 0x7285, 0x6245, 0x41c4, 0x41c4, 0x41c4, 0x41c4, 0x41c4, 0x41c4, 0x41c4, 0x41c4, 0x41c4, 0x41c4, 0x41c4, 0x41a4,
0x52a7, 0x742b, 0x6c2c, 0xa46b, 0xbc4a, 0x6beb, 0x6c2b, 0x6c0b, 0x6c0b, 0x6c0b, 0x6c0b, 0x6c0b, 0x6c0b, 0x6c0b, 0x6c0b, 0x6c0b,
0x6c0b, 0x742b, 0x7c6c, 0x950d, 0xa58e, 0xa5af, 0xa58f, 0x9d6e, 0x950e, 0x84cd, 0x7c6c, 0x742c, 0x6c0b, 0x6c0b, 0x6c0b, 0x6c0b,
0x742c, 0x84cd, 0x9d4e, 0xa58f, 0x0000, 0x0000, 0x0000, 0x0000, 0x0000, 0x0000, 0x530c, 0x0000, 0x0000, 0x0000, 0x0000, 0x0000,
0x0000, 0x0000, 0x0000, 0x0000, 0x0000, 0x0000, 0x0020, 0x0000, 0x18c3, 0xb5b6, 0x0000, 0x0000, 0x0000, 0x0000, 0x0020, 0x0000,
0x0000, 0x7bcf, 0xb596, 0x0841, 0x0000, 0x0000, 0x0000, 0x0000, 0x0861, 0xc618, 0x8430, 0x0000, 0x0000, 0x0000, 0x0000, 0x0000,
0x0000, 0x0000, 0x0000, 0x0000, 0x0000, 0x0000, 0x0000, 0x0000, 0x0000, 0x0000, 0x0861, 0xbdf7, 0x5acb, 0x73ae, 0x2104, 0x9cd3,
0x0000, 0x0861, 0x9492, 0x2945, 0x0000, 0x7bcf, 0xb596, 0x0841, 0x0000, 0x0000, 0x0000, 0x0000, 0x0861, 0xc618, 0x8430, 0x0000,
0x0000, 0x0000, 0x0000, 0x0000, 0x0000, 0x8410, 0x39e7, 0x0000, 0x0000, 0x0000, 0x0000, 0x0000, 0x0000, 0x39c7, 0xf7be, 0x31a6,
0xce59, 0x528a, 0xb596, 0xad55, 0xad75, 0x7bef, 0x8c51, 0x8430, 0x0020, 0x94b2, 0x9cd3, 0x5aeb, 0x52aa, 0xb596, 0x4a49, 0x6b4d,
0x9cf3, 0x18c3, 0xbdd7, 0x0000, 0x0000, 0x0000, 0x0000, 0x0000, 0x0000, 0x0000, 0x0000, 0x0000, 0x0000, 0x0000, 0x0000, 0x0000,
0x0000, 0x0000, 0x0000, 0x0000, 0x0000, 0x0000, 0x0000, 0x0000, 0x0000, 0x0000, 0x0000, 0x0000, 0x0000, 0x0000, 0x0000, 0x0000,
0x0000, 0x0000, 0x0000, 0x0000, 0x0000, 0x0000, 0x0000, 0x0000, 0x0000, 0x0000, 0x0000, 0x0000, 0x0000, 0x0000, 0x0000, 0x0000,
0x0000, 0x0000, 0x0000, 0x0000, 0x0000, 0x0000, 0x0000, 0x0000, 0x0000, 0x0000, 0x0000, 0x0000, 0x0000, 0x0000, 0x0000, 0x0000,
0x0000, 0x0000, 0x0000, 0x0000, 0x0000, 0x0000, 0x0000, 0x0000, 0xa5af, 0xa5af, 0xa58f, 0xadcf, 0x53c9, 0x4b88, 0xa5af, 0xa58f,
0xa58f, 0xa58f, 0xa58f, 0xa58f, 0xa58f, 0xa58f, 0xa58f, 0xa58f, 0xa58f, 0xa58f, 0xa58f, 0xa58f, 0xa58f, 0xa58f, 0xa58f, 0xa58f,
0xa58f, 0xa58f, 0xa58f, 0xa58f, 0xa58f, 0xa58f, 0xa58f, 0xa58f, 0xa58f, 0xa58f, 0xa58f, 0xa58f, 0xa58f, 0xa58f, 0xa58f, 0xa58f,
0xa58e, 0xa58e, 0xa58f, 0xa5af, 0xa5cf, 0xa58f, 0x950d, 0x7c4b, 0x6b69, 0x5ac7, 0x5266, 0x5286, 0x5ac7, 0x5ac6, 0x5aa6, 0x5aa6,
0x5ac6, 0x62c6, 0x5ac6, 0x5265, 0x4205, 0x4a45, 0x5286, 0x72c6, 0x6a65, 0x5286, 0x5286, 0x5286, 0x5286, 0x5286, 0x5286, 0x5286,
0x5286, 0x5286, 0x5286, 0x5286, 0x5aa6, 0x5286, 0x5286, 0x52a6, 0x5246, 0x5205, 0x5205, 0x49e4, 0x6286, 0x9388, 0x9388, 0x8368,
0x62c7, 0x6aa6, 0x6a65, 0x49e4, 0x41c4, 0x41c4, 0x41c4, 0x41c4, 0x41c4, 0x41c4, 0x41c4, 0x41c4, 0x41c4, 0x41a4, 0x41c4, 0x5b49,
0x742c, 0x742b, 0x6c0b, 0x9c6b, 0xbc6a, 0x6beb, 0x6c2b, 0x6c0b, 0x6c0b, 0x6c0b, 0x6c0b, 0x6c0b, 0x6c0b, 0x6c0b, 0x6c0b, 0x6c0b,
0x742b, 0x7c6c, 0x950e, 0xa58e, 0xa58f, 0xa58f, 0xa58f, 0xa58f, 0xa5af, 0xa5af, 0x9d8e, 0x9d4e, 0x8ced, 0x84ac, 0x7c4c, 0x742b,
0x6c0b, 0x742c, 0x8ced, 0x9d6e, 0x0000, 0x0000, 0x0000, 0x0000, 0x0000, 0x0000, 0x530c, 0x0000, 0x0000, 0x0000, 0x0000, 0x0000,
0x0000, 0x0000, 0x0000, 0x0000, 0x39c7, 0xa534, 0xa514, 0xa534, 0xf7be, 0xad55, 0xad55, 0xf79e, 0xa534, 0xa514, 0xa534, 0x39e7,
0x5acb, 0xad75, 0x4208, 0xbdf7, 0xce79, 0xdedb, 0xb5b6, 0xb5b6, 0xef5d, 0x2965, 0xc618, 0x6b6d, 0x0000, 0x0000, 0x0000, 0x0000,
0x0000, 0x0000, 0x0000, 0x0000, 0x0000, 0x0000, 0x0000, 0x0000, 0x3186, 0xad55, 0xd69a, 0xb5b6, 0x6b6d, 0x2104, 0x2965, 0xa514,
0x0000, 0x0000, 0x0000, 0x0000, 0x5acb, 0xad75, 0x4208, 0xbdf7, 0xce79, 0xdedb, 0xb5b6, 0xb5b6, 0xef5d, 0x2965, 0xc618, 0x6b6d,
0x2104, 0xbdf7, 0xb5b6, 0xb596, 0xb596, 0xdedb, 0xc638, 0xb596, 0xb596, 0xb5b6, 0xbdd7, 0x2124, 0x0000, 0x8410, 0xbdd7, 0xa514,
0x10a2, 0x0000, 0x0000, 0x4a49, 0x0000, 0x0000, 0x31a6, 0x0000, 0x0000, 0x0000, 0x52aa, 0x5acb, 0x52aa, 0xb596, 0x4a49, 0x6b4d,
0x9cf3, 0x18c3, 0xbdd7, 0x0000, 0x0000, 0x0000, 0x0000, 0x0000, 0x0000, 0x0000, 0x0000, 0x0000, 0x0000, 0x0000, 0x0000, 0x0000,
0x0000, 0x0000, 0x0000, 0x0000, 0x0000, 0x0000, 0x0000, 0x0000, 0x0000, 0x0000, 0x0000, 0x0000, 0x0000, 0x0000, 0x0000, 0x0000,
0x0000, 0x0000, 0x0000, 0x0000, 0x0000, 0x0000, 0x0000, 0x0000, 0x0000, 0x0000, 0x0000, 0x0000, 0x0000, 0x0000, 0x0000, 0x0000,
0x0000, 0x0000, 0x0000, 0x0000, 0x0000, 0x0000, 0x0000, 0x0000, 0x0000, 0x0000, 0x0000, 0x0000, 0x0000, 0x0000, 0x0000, 0x0000,
0x0000, 0x0000, 0x0000, 0x0000, 0x0000, 0x0000, 0x0000, 0x0000, 0x84cc, 0x9d6e, 0xa5af, 0xa5af, 0x5be9, 0x32e6, 0x952d, 0xa5af,
0xa58f, 0xa58f, 0xa58f, 0xa58f, 0xa58f, 0xa58f, 0xa58f, 0xa58f, 0xa58f, 0xa58f, 0xa58f, 0xa58f, 0xa58f, 0xa58f, 0xa58f, 0xa58f,
0xa58f, 0xa58f, 0xa58f, 0xa58f, 0xa58f, 0xa58f, 0xa58f, 0xa58f, 0xa58f, 0xa58f, 0xa58f, 0xa58f, 0xa58f, 0xa58f, 0xa58f, 0xa58f,
0xa58f, 0xa58f, 0xa58f, 0xa58e, 0xa58e, 0xa58f, 0xa5af, 0xa5af, 0xa5af, 0x9d4e, 0x7c4b, 0x73c9, 0x848b, 0x7c2a, 0x6ba9, 0x6b48,
0x62e7, 0x5286, 0x4a25, 0x4a25, 0x5286, 0x5286, 0x62a6, 0x7285, 0x5266, 0x5286, 0x5286, 0x5286, 0x5286, 0x5286, 0x5286, 0x5286,
0x5286, 0x5286, 0x5286, 0x5286, 0x5286, 0x5286, 0x5286, 0x5286, 0x5286, 0x5245, 0x5205, 0x49e4, 0x6286, 0x9388, 0x9388, 0x8348,
0x62c7, 0x6ac7, 0x5a05, 0x41c4, 0x41c4, 0x41c4, 0x41c4, 0x41c4, 0x41c4, 0x41c4, 0x41c4, 0x41c4, 0x3984, 0x4a25, 0x63aa, 0x742c,
0x6c0b, 0x740b, 0x6c0b, 0xa46b, 0xcc6a, 0x6beb, 0x6c2b, 0x6c0b, 0x6c0b, 0x6c0b, 0x6c0b, 0x6c0b, 0x6c0b, 0x6c0b, 0x6c0b, 0x742b,
0x7c8c, 0x952e, 0xa58f, 0xa58f, 0xa58f, 0xa58f, 0xa58f, 0xa58f, 0xa58f, 0xa58f, 0xa58f, 0xa5af, 0xa5af, 0xa58f, 0x9d6e, 0x952e,
0x8ccd, 0x848c, 0x84ad, 0x952e, 0x0000, 0x0000, 0x0000, 0x0000, 0x0000, 0x0000, 0x530c, 0x0000, 0x0000, 0x0000, 0x0000, 0x0000,
0x0000, 0x0000, 0x0000, 0x0000, 0x0000, 0x0000, 0x0020, 0xa534, 0x7bcf, 0x0000, 0x0000, 0x5aeb, 0xa534, 0x0841, 0x0000, 0x0000,
0x0020, 0x0020, 0x0000, 0x0000, 0x6b4d, 0x630c, 0x0000, 0x0000, 0xb5b6, 0x10a2, 0x0020, 0x0861, 0x0000, 0x0000, 0x0000, 0x0000,
0x0000, 0x0000, 0x0000, 0x0000, 0x0000, 0x0000, 0x0000, 0x0000, 0x1082, 0x31a6, 0x0841, 0x0000, 0x0000, 0x0000, 0x18c3, 0x4a49,
0x0000, 0x0020, 0x0000, 0x0000, 0x0020, 0x0020, 0x0000, 0x0000, 0x6b4d, 0x630c, 0x0000, 0x0000, 0xb5b6, 0x10a2, 0x0020, 0x0861,
0x0000, 0x0841, 0x0000, 0x0000, 0x4228, 0xef5d, 0xce79, 0x18c3, 0x0000, 0x0000, 0x0841, 0x0000, 0x0020, 0xa534, 0xb596, 0x3186,
0x2104, 0x9cf3, 0x0000, 0xc638, 0x0020, 0x18c3, 0xc638, 0x0000, 0x0000, 0x0000, 0x0000, 0x5acb, 0x52aa, 0xb596, 0x4a49, 0x6b4d,
0x9cf3, 0x18c3, 0xbdd7, 0x0000, 0x0000, 0x0000, 0x0000, 0x0000, 0x0000, 0x0000, 0x0000, 0x0000, 0x0000, 0x0000, 0x0000, 0x0000,
0x0000, 0x0000, 0x0000, 0x0000, 0x0000, 0x0000, 0x0000, 0x0000, 0x0000, 0x0000, 0x0000, 0x0000, 0x0000, 0x0000, 0x0000, 0x0000,
0x0000, 0x0000, 0x0000, 0x0000, 0x0000, 0x0000, 0x0000, 0x0000, 0x0000, 0x0000, 0x0000, 0x0000, 0x0000, 0x0000, 0x0000, 0x0000,
0x0000, 0x0000, 0x0000, 0x0000, 0x0000, 0x0000, 0x0000, 0x0000, 0x0000, 0x0000, 0x0000, 0x0000, 0x0000, 0x0000, 0x0000, 0x0000,
0x0000, 0x0000, 0x0000, 0x0000, 0x0000, 0x0000, 0x0000, 0x0000, 0x5bc9, 0x7c8b, 0xadcf, 0xa58f, 0x5be9, 0x32e6, 0x642a, 0xadaf,
0xa58e, 0xa58f, 0xa58f, 0xa58f, 0xa58f, 0xa58f, 0xa58f, 0xa58f, 0xa58f, 0xa58f, 0xa58f, 0xa58f, 0xa58f, 0xa58f, 0xa58f, 0xa58f,
0xa58f, 0xa58f, 0xa58f, 0xa58f, 0xa58f, 0xa58f, 0xa58f, 0xa58f, 0xa58f, 0xa58f, 0xa58f, 0xa58f, 0xa58f, 0xa58f, 0xa58f, 0xa58f,
0xa58f, 0xa58f, 0xa58f, 0xa58f, 0xa58f, 0xa58e, 0xa58f, 0xa58f, 0xa58e, 0x950d, 0x8ccc, 0x84ab, 0x848b, 0x84ab, 0x8ccc, 0x7c6b,
0x52e7, 0x39c4, 0x4a46, 0x5286, 0x52a6, 0x52a6, 0x7aa6, 0x5a65, 0x5286, 0x5286, 0x5286, 0x5286, 0x5286, 0x5286, 0x5286, 0x5286,
0x5286, 0x5286, 0x5286, 0x5286, 0x5286, 0x5286, 0x5286, 0x5286, 0x5286, 0x5286, 0x5225, 0x49e4, 0x6266, 0x9388, 0x9388, 0x8348,
0x6ac7, 0x6266, 0x41c4, 0x41c4, 0x41c4, 0x41c4, 0x41c4, 0x41c4, 0x41c4, 0x41c4, 0x41a4, 0x3984, 0x52a7, 0x6c0b, 0x742c, 0x6c0b,
0x6c0b, 0x740b, 0x6c0b, 0x8c4b, 0x942b, 0x740b, 0x6c2b, 0x6c0b, 0x6c0b, 0x6c0b, 0x6c0b, 0x6c0b, 0x6c0b, 0x6c0b, 0x742b, 0x7c8c,
0x952e, 0xa58f, 0xa58f, 0xa58f, 0xa58f, 0xa58f, 0xa58f, 0xa58f, 0xa58f, 0xa58f, 0xa58f, 0xa58f, 0xa58f, 0xa58f, 0xa58f, 0xa5af,
0xa5af, 0xa58f, 0x9d8e, 0xa58f, 0x0000, 0x0000, 0x0000, 0x0000, 0x0000, 0x0000, 0x530c, 0x0000, 0x0000, 0x0000, 0x0000, 0x0000,
0x0000, 0x0000, 0x0000, 0x0000, 0x0020, 0x52aa, 0xce59, 0x73ae, 0xa514, 0x0000, 0x0000, 0xbdf7, 0x5aeb, 0xd69a, 0x7bcf, 0x10a2,
0x0000, 0x0000, 0x0000, 0x0000, 0x9cf3, 0x31a6, 0x0000, 0x0000, 0xbdf7, 0x1082, 0x0000, 0x0000, 0x0000, 0x0000, 0x0000, 0x0000,
0x0000, 0x0000, 0x0000, 0x0000, 0x0000, 0x0000, 0x0000, 0x0000, 0x0000, 0x0020, 0xef5d, 0xa514, 0xdedb, 0xad75, 0xb5b6, 0xd69a,
0xa514, 0xe73c, 0x0000, 0x0000, 0x0000, 0x0000, 0x0000, 0x0000, 0x9cf3, 0x31a6, 0x0000, 0x0000, 0xbdf7, 0x1082, 0x0000, 0x0000,
0x0000, 0x0000, 0x0000, 0x2124, 0xc638, 0x8c51, 0x632c, 0xc638, 0x0841, 0x0000, 0x0000, 0x0000, 0x738e, 0x5acb, 0xb596, 0x0000,
0x0000, 0xad75, 0x18e3, 0x8c51, 0x39e7, 0x632c, 0x6b6d, 0x0000, 0x0000, 0x0000, 0x7bef, 0x5aeb, 0x5acb, 0xb5b6, 0x4a69, 0x6b6d,
0xa514, 0x18e3, 0xbdd7, 0x0000, 0x0000, 0x0000, 0x0000, 0x0000, 0x0000, 0x0000, 0x0000, 0x0000, 0x0000, 0x0000, 0x0000, 0x0000,
0x0000, 0x0000, 0x0000, 0x0000, 0x0000, 0x0000, 0x0000, 0x0000, 0x0000, 0x0000, 0x0000, 0x0000, 0x0000, 0x0000, 0x0000, 0x0000,
0x0000, 0x0000, 0x0000, 0x0000, 0x0000, 0x0000, 0x0000, 0x0000, 0x0000, 0x0000, 0x0000, 0x0000, 0x0000, 0x0000, 0x0000, 0x0000,
0x0000, 0x0000, 0x0000, 0x0000, 0x0000, 0x0000, 0x0000, 0x0000, 0x0000, 0x0000, 0x0000, 0x0000, 0x0000, 0x0000, 0x0000, 0x0000,
0x0000, 0x0000, 0x0000, 0x0000, 0x0000, 0x0000, 0x0000, 0x0000, 0x5388, 0x4b88, 0xadcf, 0x9d8e, 0x5be8, 0x3b06, 0x4368, 0xa58e,
0xa5af, 0xa5af, 0xa58f, 0xa58f, 0xa58f, 0xa58f, 0xa58f, 0xa58f, 0xa58f, 0xa58f, 0xa58f, 0xa58f, 0xa58f, 0xa58f, 0xa58f, 0xa58f,
0xa58f, 0xa58f, 0xa58f, 0xa58f, 0xa58f, 0xa58f, 0xa58f, 0xa58f, 0xa58f, 0xa58f, 0xa58f, 0xa58f, 0xa58f, 0xa58f, 0xa58f, 0xa58f,
0xa58f, 0xa58f, 0xa58f, 0xa58f, 0xa58f, 0xa5af, 0xa58e, 0x952d, 0x84ac, 0x846b, 0x848b, 0x848b, 0x8cab, 0x848b, 0x6389, 0x4b08,
0x742b, 0x7bea, 0x6308, 0x5286, 0x4a46, 0x5a86, 0x6286, 0x5286, 0x52a6, 0x5286, 0x5286, 0x5286, 0x5286, 0x5286, 0x5286, 0x5286,
0x5286, 0x5286, 0x5286, 0x5286, 0x5286, 0x5286, 0x5286, 0x52a6, 0x5aa6, 0x5286, 0x4a66, 0x49e5, 0x6aa6, 0x9388, 0x9388, 0x8348,
0x6ae7, 0x5246, 0x41a4, 0x41c4, 0x41c4, 0x41c4, 0x41c4, 0x41c4, 0x41c4, 0x39a4, 0x41c4, 0x5b08, 0x742c, 0x742b, 0x6c0b, 0x6c0b,
0x6c0b, 0x6c0b, 0x6c0b, 0x6c0b, 0x6c0b, 0x6c0b, 0x6c0b, 0x6c0b, 0x6c0b, 0x6c0b, 0x6c0b, 0x6c0b, 0x6c0b, 0x742c, 0x84ac, 0x952e,
0xa58f, 0xa58f, 0xa58f, 0xa58f, 0xa58f, 0xa58f, 0xa58f, 0xa58f, 0xa58f, 0xa58f, 0xa58f, 0xa58f, 0xa58f, 0xa58f, 0xa58f, 0xa58f,
0xa58f, 0xa58f, 0xa58f, 0xa58f, 0x0000, 0x0000, 0x0000, 0x0000, 0x0000, 0x0000, 0x530c, 0x0000, 0x0000, 0x0000, 0x0000, 0x0000,
0x0000, 0x0000, 0x0000, 0x0000, 0x4208, 0x8c51, 0x10a2, 0x3186, 0x9492, 0x0000, 0x0000, 0xc638, 0x0000, 0x1082, 0x7bef, 0x39c7,
0x0000, 0x0000, 0x0000, 0x1082, 0xce79, 0x0000, 0x0000, 0x0000, 0xce59, 0x0000, 0x0000, 0x0000, 0x0000, 0x632c, 0x0000, 0x0000,
0x0000, 0x0000, 0x0000, 0x0000, 0x0000, 0x0000, 0x0000, 0x0000, 0x0000, 0x0000, 0xbdf7, 0x0000, 0x9492, 0x18c3, 0x3186, 0x7bcf,
0x0000, 0xbdf7, 0x0000, 0x0000, 0x0000, 0x0000, 0x0000, 0x1082, 0xce79, 0x0000, 0x0000, 0x0000, 0xce59, 0x0000, 0x0000, 0x0000,
0x0000, 0x0000, 0x2104, 0xce59, 0x2945, 0x8410, 0x39e7, 0x5aeb, 0xad75, 0x0841, 0x0000, 0x0000, 0x39e7, 0x0000, 0xb596, 0x0000,
0x0000, 0x5aeb, 0x6b4d, 0x528a, 0x630c, 0xad75, 0x10a2, 0x0000, 0x0000, 0x18e3, 0xb596, 0x4a49, 0x528a, 0xb596, 0x39e7, 0x52aa,
0x8410, 0x18c3, 0xbdd7, 0x0000, 0x0000, 0x0000, 0x0000, 0x0000, 0x0000, 0x0000, 0x0000, 0x0000, 0x0000, 0x0000, 0x0000, 0x0000,
0x0000, 0x0000, 0x0000, 0x0000, 0x0000, 0x0000, 0x0000, 0x0000, 0x0000, 0x0000, 0x0000, 0x0000, 0x0000, 0x0000, 0x0000, 0x0000,
0x0000, 0x0000, 0x0000, 0x0000, 0x0000, 0x0000, 0x0000, 0x0000, 0x0000, 0x0000, 0x0000, 0x0000, 0x0000, 0x0000, 0x0000, 0x0000,
0x0000, 0x0000, 0x0000, 0x0000, 0x0000, 0x0000, 0x0000, 0x0000, 0x0000, 0x0000, 0x0000, 0x0000, 0x0000, 0x0000, 0x0000, 0x0000,
0x0000, 0x0000, 0x0000, 0x0000, 0x0000, 0x0000, 0x0000, 0x0000, 0x53a8, 0x2aa5, 0x952d, 0xa58f, 0x53c8, 0x4347, 0x3306, 0x6c4b,
0x952e, 0x8ced, 0x952e, 0x9d4e, 0xa58e, 0xa58f, 0xa58f, 0xa58f, 0xa58f, 0xa58f, 0xa58f, 0xa58f, 0xa58f, 0xa58f, 0xa58f, 0xa58f,
0xa58f, 0xa58f, 0xa58f, 0xa58f, 0xa58f, 0xa58f, 0xa58f, 0xa58f, 0xa58f, 0xa58f, 0xa58f, 0xa58f, 0xa58f, 0xa58f, 0xa58f, 0xa58f,
0xa58f, 0xa58f, 0xa58f, 0xa58f, 0xa5af, 0x9d4e, 0x8cac, 0x846b, 0x848b, 0x848b, 0x84ab, 0x8cac, 0x6bea, 0x4ae7, 0x6bca, 0x9d4e,
0xadcf, 0xa5af, 0x9d6e, 0x8ccd, 0x73ea, 0x6328, 0x52a7, 0x5266, 0x5266, 0x5286, 0x5286, 0x5286, 0x5286, 0x5286, 0x5286, 0x5286,
0x5286, 0x5286, 0x5286, 0x5286, 0x5286, 0x5286, 0x5286, 0x5286, 0x4a66, 0x5aa7, 0x7b28, 0xa3e9, 0xabe9, 0x8b88, 0x9388, 0x8348,
0x6ae7, 0x5246, 0x41c4, 0x41c4, 0x41c4, 0x41c4, 0x41c4, 0x41c4, 0x3984, 0x4a05, 0x63aa, 0x744c, 0x6c0b, 0x6c0b, 0x6c0b, 0x6c0b,
0x6c0b, 0x6c0b, 0x6c0b, 0x740b, 0x740b, 0x6c0b, 0x6c0b, 0x6c0b, 0x6c0b, 0x6c0b, 0x6c0b, 0x6c0b, 0x742c, 0x84ad, 0x9d4e, 0xa58f,
0xa58f, 0xa58f, 0xa58f, 0xa58f, 0xa58f, 0xa58f, 0xa58f, 0xa58f, 0xa58f, 0xa58f, 0xa58f, 0xa58f, 0xa58f, 0xa58f, 0xa58f, 0xa58f,
0xa58f, 0xa58f, 0xa58f, 0xa58f, 0x0000, 0x0000, 0x0000, 0x0000, 0x0000, 0x0000, 0x530c, 0x0000, 0x0000, 0x0000, 0x0000, 0x0000,
0x0000, 0x0000, 0x0000, 0x0000, 0x0000, 0x0000, 0x0000, 0x8430, 0x528a, 0x0000, 0x0000, 0xc618, 0x0000, 0x0000, 0x0000, 0x0000,
0x0000, 0x0000, 0x0000, 0xad75, 0x5aeb, 0x0000, 0x0000, 0x0000, 0xce79, 0x0000, 0x0000, 0x0000, 0x0000, 0x94b2, 0xa534, 0x0000,
0x0000, 0x0000, 0x0000, 0x0000, 0x0000, 0x0000, 0x0000, 0x0000, 0x0000, 0x0000, 0xbdf7, 0x0000, 0x9492, 0x18c3, 0x3186, 0x7bcf,
0x0000, 0xbdf7, 0x0000, 0x0000, 0x0000, 0x0000, 0x0000, 0xad75, 0x5aeb, 0x0000, 0x0000, 0x0000, 0xce79, 0x0000, 0x0000, 0x0000,
0x0000, 0x5acb, 0xdefb, 0x3186, 0x0000, 0x8410, 0x39e7, 0x0000, 0x630c, 0xdedb, 0x39e7, 0x0000, 0x0000, 0x0000, 0xb596, 0x0000,
0x0000, 0x10a2, 0x3186, 0x0000, 0x18e3, 0xad55, 0x0000, 0x0000, 0x0000, 0x8430, 0x528a, 0x0000, 0x5acb, 0x9cf3, 0x5aeb, 0x0000,
0x0000, 0x0000, 0xbdd7, 0x0000, 0x0000, 0x0000, 0x0000, 0x0000, 0x0000, 0x0000, 0x0000, 0x0000, 0x0000, 0x0000, 0x0000, 0x0000,
0x0000, 0x0000, 0x0000, 0x0000, 0x0000, 0x0000, 0x0000, 0x0000, 0x0000, 0x0000, 0x0000, 0x0000, 0x0000, 0x0000, 0x0000, 0x0000,
0x0000, 0x0000, 0x0000, 0x0000, 0x0000, 0x0000, 0x0000, 0x0000, 0x0000, 0x0000, 0x0000, 0x0000, 0x0000, 0x0000, 0x0000, 0x0000,
0x0000, 0x0000, 0x0000, 0x0000, 0x0000, 0x0000, 0x0000, 0x0000, 0x0000, 0x0000, 0x0000, 0x0000, 0x0000, 0x0000, 0x0000, 0x0000,
0x0000, 0x0000, 0x0000, 0x0000, 0x0000, 0x0000, 0x0000, 0x0000, 0x4b87, 0x2284, 0x5bc9, 0xa58e, 0x4ba7, 0x3b26, 0x3b06, 0x744b,
0x8ccd, 0x8d0d, 0x9d4e, 0x9d8e, 0xa58f, 0xa58f, 0xa58f, 0xa58f, 0xa58f, 0xa58f, 0xa58f, 0xa58f, 0xa58f, 0xa58f, 0xa58f, 0xa58f,
0xa58f, 0xa58f, 0xa58f, 0xa58f, 0xa58f, 0xa58f, 0xa58f, 0xa58f, 0xa58f, 0xa58f, 0xa58f, 0xa58f, 0xa58f, 0xa58f, 0xa58f, 0xa58f,
0xa58f, 0xa58f, 0xa5af, 0x9d6e, 0x8ccc, 0x848b, 0x848b, 0x848b, 0x84ab, 0x8cac, 0x742a, 0x5328, 0x5b69, 0x8ced, 0xa5af, 0xa5af,
0xa58e, 0xa58e, 0xa58f, 0xa5af, 0xa5af, 0x9d8e, 0x94ed, 0x7c2b, 0x6348, 0x52a7, 0x5266, 0x5266, 0x5286, 0x5286, 0x5286, 0x5286,
0x5286, 0x5286, 0x5286, 0x5286, 0x5286, 0x5286, 0x5aa6, 0x6b07, 0x9bc9, 0xb42a, 0xb409, 0x9368, 0x7ae7, 0x8b88, 0x9388, 0x8348,
0x6ae7, 0x5246, 0x41a4, 0x41c4, 0x41c4, 0x41c4, 0x41c4, 0x39a4, 0x5287, 0x6c0b, 0x742c, 0x6c0b, 0x6c0b, 0x6c0b, 0x6c0b, 0x6c0b,
0x6c0b, 0x6c0b, 0x6c0b, 0x6c0b, 0x6c0b, 0x6c0b, 0x6c0b, 0x6c0b, 0x6c0b, 0x6c0b, 0x6c0b, 0x744c, 0x84cd, 0x9d4e, 0xa58f, 0xa58f,
0xa58f, 0xa58f, 0xa58f, 0xa58f, 0xa58f, 0xa58f, 0xa58f, 0xa58f, 0xa58f, 0xa58f, 0xa58f, 0xa58f, 0xa58f, 0xa58f, 0xa58f, 0xa58f,
0xa58f, 0xa58f, 0xa58f, 0xa58f, 0x0000, 0x0000, 0x0000, 0x0000, 0x0000, 0x0000, 0x530c, 0x0000, 0x0000, 0x0000, 0x0000, 0x0000,
0x0000, 0x0000, 0x0000, 0x0000, 0x0000, 0x1082, 0x8410, 0xad75, 0x0000, 0x0000, 0x0000, 0xc638, 0x0000, 0x0000, 0x0000, 0x0000,
0x0000, 0x0861, 0xa514, 0x9cd3, 0x0000, 0x1082, 0x18c3, 0x2124, 0xc618, 0x0000, 0x0000, 0x0000, 0x0000, 0x0000, 0xb596, 0x73ae,
0x0000, 0x0000, 0x0000, 0x0000, 0x0000, 0x0000, 0x0000, 0x0000, 0x0020, 0x0000, 0xbdf7, 0x0000, 0x9492, 0x18c3, 0x3186, 0x7bcf,
0x0000, 0xbdf7, 0x0000, 0x0020, 0x0000, 0x0861, 0xa514, 0x9cd3, 0x0000, 0x1082, 0x18c3, 0x2124, 0xc618, 0x0000, 0x0000, 0x0000,
0x4228, 0xc638, 0x2104, 0x0000, 0x0000, 0x8430, 0x4208, 0x0000, 0x0000, 0x4208, 0xdefb, 0x39c7, 0x0000, 0x0000, 0xb5b6, 0x0000,
0x0841, 0x0000, 0x0000, 0x0000, 0x9cd3, 0x31a6, 0x0020, 0x0020, 0x2104, 0xd6ba, 0x0000, 0x2945, 0xce59, 0x10a2, 0xb5b6, 0x4228,
0x0841, 0x0020, 0xc618, 0x0000, 0x0000, 0x0000, 0x0000, 0x0000, 0x0000, 0x0000, 0x0000, 0x0000, 0x0000, 0x0000, 0x0000, 0x0000,
0x0000, 0x0000, 0x0000, 0x0000, 0x0000, 0x0000, 0x0000, 0x0000, 0x0000, 0x0000, 0x0000, 0x0000, 0x0000, 0x0000, 0x0000, 0x0000,
0x0000, 0x0000, 0x0000, 0x0000, 0x0000, 0x0000, 0x0000, 0x0000, 0x0000, 0x0000, 0x0000, 0x0000, 0x0000, 0x0000, 0x0000, 0x0000,
0x0000, 0x0000, 0x0000, 0x0000, 0x0000, 0x0000, 0x0000, 0x0000, 0x0000, 0x0000, 0x0000, 0x0000, 0x0000, 0x0000, 0x0000, 0x0000,
0x0000, 0x0000, 0x0000, 0x0000, 0x0000, 0x0000, 0x0000, 0x0000, 0x4346, 0x32c5, 0x3ae6, 0x952d, 0x84ec, 0x84cc, 0x8ced, 0xa58f,
0xa58f, 0xa5af, 0xa58f, 0xa58f, 0xa58f, 0xa58f, 0xa58f, 0xa58f, 0xa58f, 0xa58f, 0xa58f, 0xa58f, 0xa58f, 0xa58f, 0xa58f, 0xa58f,
0xa58f, 0xa58f, 0xa58f, 0xa58f, 0xa58f, 0xa58f, 0xa58f, 0xa58f, 0xa58f, 0xa58f, 0xa58f, 0xa58f, 0xa58f, 0xa58f, 0xa58f, 0xa58f,
0xa5af, 0xa58e, 0x950d, 0x848b, 0x848b, 0x848b, 0x848b, 0x8cac, 0x846b, 0x5b69, 0x5308, 0x7c6b, 0xa58f, 0xa5af, 0xa58e, 0xa58f,
0xa58f, 0xa58f, 0xa58f, 0xa58e, 0xa58e, 0xa58f, 0xa5af, 0xa5cf, 0xa58f, 0x950d, 0x844b, 0x6b69, 0x5aa7, 0x5266, 0x5266, 0x5286,
0x5286, 0x5286, 0x5286, 0x5286, 0x5286, 0x5286, 0x7b28, 0xb42a, 0xa3a8, 0x7ae7, 0x6286, 0x4a45, 0x62c6, 0x9388, 0x9388, 0x8348,
0x6ae7, 0x5246, 0x41a4, 0x41c4, 0x41c4, 0x41a4, 0x41a4, 0x5b28, 0x744c, 0x6c2b, 0x6c0b, 0x6c0b, 0x6c0b, 0x6c0b, 0x740b, 0x6c0b,
0x63ca, 0x742b, 0x6c0b, 0x6c0b, 0x6c0b, 0x6c0b, 0x6c0b, 0x6c0b, 0x6c0b, 0x6c0b, 0x744c, 0x84cd, 0x9d4e, 0xa58f, 0xa58f, 0xa58f,
0xa58f, 0xa58f, 0xa58f, 0xa58f, 0xa58f, 0xa58f, 0xa58f, 0xa58f, 0xa58f, 0xa58f, 0xa58f, 0xa58f, 0xa58f, 0xa58f, 0xa58f, 0xa58f,
0xa58f, 0xa58f, 0xa58f, 0xa58f, 0x0000, 0x0000, 0x0000, 0x0000, 0x0000, 0x0000, 0x530c, 0x0000, 0x0000, 0x0000, 0x0000, 0x0000,
0x0000, 0x0000, 0x0000, 0x0000, 0x0000, 0xb596, 0x73ae, 0x0000, 0x0000, 0x0000, 0x0000, 0xad55, 0x0841, 0x0000, 0x0000, 0x0000,
0x0000, 0xa514, 0x630c, 0x0000, 0x0000, 0x2965, 0xbdd7, 0xbdf7, 0x4a69, 0x0000, 0x0000, 0x0000, 0x0000, 0x0000, 0x1082, 0x73ae,
0x0000, 0x0000, 0x0000, 0x0000, 0x0000, 0x0000, 0x0000, 0x0000, 0x4228, 0xad55, 0xa514, 0xa514, 0xa514, 0xa514, 0xa514, 0xa514,
0xa514, 0xa514, 0xad55, 0x4228, 0x0000, 0xa514, 0x630c, 0x0000, 0x0000, 0x2965, 0xbdd7, 0xbdf7, 0x4a69, 0x0000, 0x0000, 0x0000,
0x0000, 0x0000, 0x0000, 0x0000, 0x0000, 0x8430, 0x4a49, 0x0000, 0x0000, 0x0000, 0x0841, 0x0000, 0x0000, 0x0000, 0xc618, 0x0000,
0xad55, 0xbdf7, 0xbdd7, 0xbdd7, 0xbdd7, 0xbdf7, 0xbdf7, 0x31a6, 0x2104, 0x4228, 0x0000, 0x9492, 0x2124, 0x0000, 0x0861, 0x528a,
0x4a49, 0xad75, 0x7bef, 0x0000, 0x0000, 0x0000, 0x0000, 0x0000, 0x0000, 0x0000, 0x0000, 0x0000, 0x0000, 0x0000, 0x0000, 0x0000,
0x0000, 0x0000, 0x0000, 0x0000, 0x0000, 0x0000, 0x0000, 0x0000, 0x0000, 0x0000, 0x0000, 0x0000, 0x0000, 0x0000, 0x0000, 0x0000,
0x0000, 0x0000, 0x0000, 0x0000, 0x0000, 0x0000, 0x0000, 0x0000, 0x0000, 0x0000, 0x0000, 0x0000, 0x0000, 0x0000, 0x0000, 0x0000,
0x0000, 0x0000, 0x0000, 0x0000, 0x0000, 0x0000, 0x0000, 0x0000, 0x0000, 0x0000, 0x0000, 0x0000, 0x0000, 0x0000, 0x0000, 0x0000,
0x0000, 0x0000, 0x0000, 0x0000, 0x0000, 0x0000, 0x0000, 0x0000, 0x3b06, 0x32e5, 0x2a85, 0x6c2a, 0xadaf, 0xa5af, 0xa5af, 0xa58f,
0xa58f, 0xa58f, 0xa58f, 0xa58f, 0xa58f, 0xa58f, 0xa58f, 0xa58f, 0xa58f, 0xa58f, 0xa58f, 0xa58f, 0xa58f, 0xa58f, 0xa58f, 0xa58f,
0xa58f, 0xa58f, 0xa58f, 0xa58f, 0xa58f, 0xa58f, 0xa58f, 0xa58f, 0xa58f, 0xa58f, 0xa58f, 0xa58f, 0xa58f, 0xa58f, 0xa5af, 0xa58f,
0x950d, 0x848b, 0x848b, 0x848b, 0x848b, 0x84ab, 0x84ab, 0x6bc9, 0x4ae7, 0x6bea, 0x9d4e, 0xadcf, 0xa58f, 0xa58e, 0xa58f, 0xa58f,
0xa58f, 0xa58f, 0xa58f, 0xa58f, 0xa58f, 0xa58f, 0xa58e, 0xa58e, 0xa58f, 0xa5af, 0xa5cf, 0xa58f, 0x952d, 0x844b, 0x6b89, 0x5ae7,
0x5266, 0x5266, 0x5266, 0x5286, 0x5286, 0x5286, 0x5286, 0x6286, 0x5245, 0x4a45, 0x5286, 0x5286, 0x6b07, 0x9388, 0x9388, 0x8348,
0x6ac7, 0x5246, 0x41a4, 0x41c4, 0x3984, 0x4a05, 0x63aa, 0x742c, 0x6c0b, 0x6c0b, 0x6c0b, 0x6c0b, 0x6c0b, 0x6c0b, 0x742c, 0x6c0a,
0x4327, 0x6c0b, 0x742b, 0x6c2b, 0x6c0b, 0x6c0b, 0x6c0b, 0x6c0b, 0x742b, 0x7c6c, 0x8ced, 0x9d6e, 0xa58f, 0xa58f, 0xa58f, 0xa58f,
0xa58f, 0xa58f, 0xa58f, 0xa58f, 0xa58f, 0xa58f, 0xa58f, 0xa58f, 0xa58f, 0xa58f, 0xa58f, 0xa58f, 0xa58f, 0xa58f, 0xa58f, 0xa58f,
0xa58f, 0xa58f, 0xa58f, 0xa58f, 0x0000, 0x0000, 0x0000, 0x0000, 0x0000, 0x0000, 0x530c, 0x0000, 0x0000, 0x0000, 0x0000, 0x0000,
0x0000, 0x0000, 0x0000, 0x0000, 0x0000, 0x0000, 0x0000, 0x0000, 0x0000, 0x0000, 0x0000, 0x0000, 0x0000, 0x0000, 0x0000, 0x0000,
0x0000, 0x0000, 0x0000, 0x0000, 0x0000, 0x0000, 0x0000, 0x0000, 0x0000, 0x0000, 0x0000, 0x0000, 0x0000, 0x0000, 0x0000, 0x0000,
0x0000, 0x0000, 0x0000, 0x0000, 0x0000, 0x0000, 0x0000, 0x0000, 0x0000, 0x0000, 0x0000, 0x0000, 0x0000, 0x0000, 0x0000, 0x0000,
0x0000, 0x0000, 0x0000, 0x0000, 0x0000, 0x0000, 0x0000, 0x0000, 0x0000, 0x0000, 0x0000, 0x0000, 0x0000, 0x0000, 0x0000, 0x0000,
0x0000, 0x0000, 0x0000, 0x0000, 0x0000, 0x0000, 0x0000, 0x0000, 0x0000, 0x0000, 0x0000, 0x0000, 0x0000, 0x0000, 0x18c3, 0x0000,
0x0000, 0x0000, 0x0000, 0x0000, 0x0000, 0x0000, 0x0000, 0x0000, 0x0000, 0x0000, 0x0000, 0x0000, 0x0000, 0x0000, 0x0000, 0x0000,
0x0000, 0x0000, 0x0000, 0x0000, 0x0000, 0x0000, 0x0000, 0x0000, 0x0000, 0x0000, 0x0000, 0x0000, 0x0000, 0x0000, 0x0000, 0x0000,
0x0000, 0x0000, 0x0000, 0x0000, 0x0000, 0x0000, 0x0000, 0x0000, 0x0000, 0x0000, 0x0000, 0x0000, 0x0000, 0x0000, 0x0000, 0x0000,
0x0000, 0x0000, 0x0000, 0x0000, 0x0000, 0x0000, 0x0000, 0x0000, 0x0000, 0x0000, 0x0000, 0x0000, 0x0000, 0x0000, 0x0000, 0x0000,
0x0000, 0x0000, 0x0000, 0x0000, 0x0000, 0x0000, 0x0000, 0x0000, 0x0000, 0x0000, 0x0000, 0x0000, 0x0000, 0x0000, 0x0000, 0x0000,
0x0000, 0x0000, 0x0000, 0x0000, 0x0000, 0x0000, 0x0000, 0x0000, 0x3b26, 0x32e5, 0x2aa5, 0x3ae6, 0x9d4e, 0xa5af, 0xa58f, 0xa58f,
0xa58f, 0xa58f, 0xa58f, 0xa58f, 0xa58f, 0xa58f, 0xa58f, 0xa58f, 0xa58f, 0xa58f, 0xa58f, 0xa58f, 0xa58f, 0xa58f, 0xa58f, 0xa58f,
0xa58f, 0xa58f, 0xa58f, 0xa58f, 0xa58f, 0xa58f, 0xa58f, 0xa58f, 0xa58f, 0xa58f, 0xa58f, 0xa58f, 0xa5af, 0xa58f, 0x954d, 0x8cac,
0x848b, 0x848b, 0x848b, 0x84ab, 0x8cac, 0x742a, 0x5308, 0x5b69, 0x8ced, 0xadcf, 0xa5af, 0x9d8e, 0xa58f, 0xa58f, 0xa58f, 0xa58f,
0xa58f, 0xa58f, 0xa58f, 0xa58f, 0xa58f, 0xa58f, 0xa58f, 0xa58f, 0xa58f, 0xa58f, 0xa58e, 0xa58f, 0xa5af, 0xa5af, 0xa5af, 0x9d4e,
0x848c, 0x73a9, 0x5ae7, 0x5286, 0x5266, 0x5266, 0x5286, 0x5286, 0x5286, 0x52a7, 0x5286, 0x5286, 0x6ae7, 0x9388, 0x9388, 0x7b28,
0x6ac7, 0x5225, 0x41a4, 0x41a4, 0x5287, 0x6beb, 0x742c, 0x6c0b, 0x6c0b, 0x6c0b, 0x6c0b, 0x6c0b, 0x6c0b, 0x6c0b, 0x742c, 0x63ea,
0x32e5, 0x5baa, 0x742c, 0x6c0b, 0x6c0b, 0x6c0b, 0x6c0b, 0x744c, 0x84cd, 0x9d4e, 0xa58f, 0xa58f, 0xa58f, 0xa58f, 0xa58f, 0xa58f,
0xa58f, 0xa58f, 0xa58f, 0xa58f, 0xa58f, 0xa58f, 0xa58f, 0xa58f, 0xa58f, 0xa58f, 0xa58f, 0xa58f, 0xa58f, 0xa58f, 0xa58f, 0xa58f,
0xa58f, 0xa58f, 0xa58f, 0xa58f, 0x0000, 0x0000, 0x0000, 0x0000, 0x0000, 0x0000, 0x530c, 0x0000, 0x0000, 0x0000, 0x0000, 0x0000,
0x0000, 0x0000, 0x0000, 0x0000, 0x0000, 0x0000, 0x0000, 0x0000, 0x0000, 0x0000, 0x0000, 0x0000, 0x0000, 0x0000, 0x0000, 0x0000,
0x0000, 0x0000, 0x0000, 0x0000, 0x0000, 0x0000, 0x0000, 0x0000, 0x0000, 0x0000, 0x0000, 0x0000, 0x0000, 0x0000, 0x0000, 0x0000,
0x0000, 0x0000, 0x0000, 0x0000, 0x0000, 0x0000, 0x0000, 0x0000, 0x0000, 0x0000, 0x0000, 0x0000, 0x0000, 0x0000, 0x0000, 0x0000,
0x0000, 0x0000, 0x0000, 0x0000, 0x0000, 0x0000, 0x0000, 0x0000, 0x0000, 0x0000, 0x0000, 0x0000, 0x0000, 0x0000, 0x0000, 0x0000,
0x0000, 0x0000, 0x0000, 0x0000, 0x0000, 0x0000, 0x0000, 0x0000, 0x0000, 0x0000, 0x0000, 0x0000, 0x0000, 0x0000, 0x0000, 0x0000,
0x0000, 0x0000, 0x0000, 0x0000, 0x0000, 0x0000, 0x0000, 0x0000, 0x0000, 0x0000, 0x0000, 0x0000, 0x0000, 0x0000, 0x0000, 0x0000,
0x0000, 0x0000, 0x0000, 0x0000, 0x0000, 0x0000, 0x0000, 0x0000, 0x0000, 0x0000, 0x0000, 0x0000, 0x0000, 0x0000, 0x0000, 0x0000,
0x0000, 0x0000, 0x0000, 0x0000, 0x0000, 0x0000, 0x0000, 0x0000, 0x0000, 0x0000, 0x0000, 0x0000, 0x0000, 0x0000, 0x0000, 0x0000,
0x0000, 0x0000, 0x0000, 0x0000, 0x0000, 0x0000, 0x0000, 0x0000, 0x0000, 0x0000, 0x0000, 0x0000, 0x0000, 0x0000, 0x0000, 0x0000,
0x0000, 0x0000, 0x0000, 0x0000, 0x0000, 0x0000, 0x0000, 0x0000, 0x0000, 0x0000, 0x0000, 0x0000, 0x0000, 0x0000, 0x0000, 0x0000,
0x0000, 0x0000, 0x0000, 0x0000, 0x0000, 0x0000, 0x0000, 0x0000, 0x4326, 0x3b06, 0x32c5, 0x2a85, 0x640a, 0x8ced, 0x84cd, 0x8ccd,
0x950d, 0x9d6e, 0xa58f, 0xa58f, 0xa58f, 0xa58f, 0xa58f, 0xa58f, 0xa58f, 0xa58f, 0xa58f, 0xa58f, 0xa58f, 0xa58f, 0xa58f, 0xa58f,
0xa58f, 0xa58f, 0xa58f, 0xa58f, 0xa58f, 0xa58f, 0xa58f, 0xa58f, 0xa58f, 0xa58f, 0xa58f, 0xa5af, 0x9d4e, 0x8ccc, 0x848b, 0x848b,
0x848b, 0x848b, 0x8cac, 0x7c6b, 0x5b48, 0x5328, 0x7c6c, 0xa5af, 0xa5af, 0xa58e, 0xa58f, 0xa58f, 0xa58f, 0xa58f, 0xa58f, 0xa58f,
0xa58f, 0xa58f, 0xa58f, 0xa58f, 0xa58f, 0xa58f, 0xa58f, 0xa58f, 0xa58f, 0xa58f, 0xa58f, 0xa58f, 0xa58f, 0xa58e, 0xa58e, 0xa5af,
0xa5af, 0xa5af, 0x9d6e, 0x8cac, 0x73ca, 0x6308, 0x5286, 0x5266, 0x5266, 0x5286, 0x5286, 0x5286, 0x6ae7, 0x9388, 0x9388, 0x7b28,
0x6ac7, 0x4a05, 0x41c4, 0x5b08, 0x742c, 0x742b, 0x6c0b, 0x742b, 0x6c0b, 0x6c0b, 0x6c0b, 0x6c0b, 0x6c0b, 0x6c0b, 0x740c, 0x5bc8,
0x3305, 0x4327, 0x7c6c, 0x7c8c, 0x84ad, 0x8ced, 0x950d, 0x954e, 0x9d6e, 0xa58f, 0xa58f, 0xa58f, 0xa58f, 0xa58f, 0xa58f, 0xa58f,
0xa58f, 0xa58f, 0xa58f, 0xa58f, 0xa58f, 0xa58f, 0xa58f, 0xa58f, 0xa58f, 0xa58f, 0xa58f, 0xa58f, 0xa58f, 0xa58f, 0xa58f, 0xa58f,
0xa58f, 0xa58f, 0xa58f, 0xa58f, 0x0000, 0x0000, 0x0000, 0x0000, 0x0000, 0x0000, 0x530c, 0x0000, 0x0000, 0x0000, 0x0000, 0x0000,
0x0000, 0x0000, 0x0000, 0x0000, 0x0000, 0x0000, 0x0000, 0x0000, 0x0000, 0x0000, 0x0000, 0x0000, 0x0000, 0x0000, 0x0000, 0x0000,
0x0000, 0x0000, 0x0000, 0x0000, 0x0000, 0x0000, 0x0000, 0x0000, 0x0000, 0x0000, 0x0000, 0x0000, 0x0000, 0x0000, 0x0000, 0x0000,
0x0000, 0x0000, 0x0000, 0x0000, 0x0000, 0x0000, 0x0000, 0x0000, 0x0000, 0x0000, 0x0000, 0x0000, 0x0000, 0x0000, 0x0000, 0x0000,
0x0000, 0x0000, 0x0000, 0x0000, 0x0000, 0x0000, 0x0000, 0x0000, 0x0000, 0x0000, 0x0000, 0x0000, 0x0000, 0x0000, 0x0000, 0x0000,
0x0000, 0x0000, 0x0000, 0x0000, 0x0000, 0x0000, 0x0000, 0x0000, 0x0000, 0x0000, 0x0000, 0x0000, 0x0000, 0x0000, 0x0000, 0x0000,
0x0000, 0x0000, 0x0000, 0x0000, 0x0000, 0x0000, 0x0000, 0x0000, 0x0000, 0x0000, 0x0000, 0x0000, 0x0000, 0x0000, 0x0000, 0x0000,
0x0000, 0x0000, 0x0000, 0x0000, 0x0000, 0x0000, 0x0000, 0x0000, 0x0000, 0x0000, 0x0000, 0x0000, 0x0000, 0x0000, 0x0000, 0x0000,
0x0000, 0x0000, 0x0000, 0x0000, 0x0000, 0x0000, 0x0000, 0x0000, 0x0000, 0x0000, 0x0000, 0x0000, 0x0000, 0x0000, 0x0000, 0x0000,
0x0000, 0x0000, 0x0000, 0x0000, 0x0000, 0x0000, 0x0000, 0x0000, 0x0000, 0x0000, 0x0000, 0x0000, 0x0000, 0x0000, 0x0000, 0x0000,
0x0000, 0x0000, 0x0000, 0x0000, 0x0000, 0x0000, 0x0000, 0x0000, 0x0000, 0x0000, 0x0000, 0x0000, 0x0000, 0x0000, 0x0000, 0x0000,
0x0000, 0x0000, 0x0000, 0x0000, 0x0000, 0x0000, 0x0000, 0x0000, 0x3b05, 0x32e5, 0x2aa5, 0x2285, 0x5ba9, 0x7c8c, 0x84ad, 0x952e,
0x9d6e, 0xa58e, 0xa58f, 0xa58f, 0xa58f, 0xa58f, 0xa58f, 0xa58f, 0xa58f, 0xa58f, 0xa58f, 0xa58f, 0xa58f, 0xa58f, 0xa58f, 0xa58f,
0xa58f, 0xa58f, 0xa58f, 0xa58f, 0xa58f, 0xa58f, 0xa58f, 0xa58f, 0xa58f, 0xa5af, 0x9d6e, 0x8cec, 0x848b, 0x848b, 0x848b, 0x848b,
0x8cab, 0x848b, 0x63a9, 0x4ae7, 0x6bea, 0x9d6e, 0xadcf, 0xa58f, 0xa58e, 0xa58f, 0xa58f, 0xa58f, 0xa58f, 0xa58f, 0xa58f, 0xa58f,
0xa58f, 0xa58f, 0xa58f, 0xa58f, 0xa58f, 0xa58f, 0xa58f, 0xa58f, 0xa58f, 0xa58f, 0xa58f, 0xa58f, 0xa58f, 0xa58f, 0xa58f, 0xa58f,
0xa58e, 0xa58e, 0xa58f, 0xa5af, 0xa5af, 0x9d6e, 0x8ccd, 0x7bea, 0x6328, 0x5286, 0x5266, 0x4a46, 0x6ae7, 0x9388, 0x9388, 0x7b28,
0x62c7, 0x5286, 0x6389, 0x744c, 0x6c0b, 0x6c0b, 0x6c0b, 0x6c0b, 0x6c0b, 0x6c0b, 0x742b, 0x744c, 0x7c6c, 0x848c, 0x84cd, 0x53c7,
0x3b06, 0x32e6, 0x8ced, 0xa5af, 0xa58f, 0xa5af, 0xa5af, 0xa58f, 0xa58f, 0xa58f, 0xa58f, 0xa58f, 0xa58f, 0xa58f, 0xa58f, 0xa58f,
0xa58f, 0xa58f, 0xa58f, 0xa58f, 0xa58f, 0xa58f, 0xa58f, 0xa58f, 0xa58f, 0xa58f, 0xa58f, 0xa58f, 0xa58f, 0xa58f, 0xa58f, 0xa58f,
0xa58f, 0xa58f, 0xa58f, 0xa58f, 0x0000, 0x0000, 0x0000, 0x0000, 0x0000, 0x0000, 0x530c, 0x0000, 0x0000, 0x0000, 0x0000, 0x0000,
0x0000, 0x0000, 0x0000, 0x0000, 0x0000, 0x0000, 0x0000, 0x0000, 0x0000, 0x0000, 0x0000, 0x0000, 0x0000, 0x0000, 0x0000, 0x0000,
0x0000, 0x0000, 0x0000, 0x0000, 0x0000, 0x0000, 0x0000, 0x0000, 0x0000, 0x0000, 0x0000, 0x0000, 0x0000, 0x0000, 0x0000, 0x0000,
0x0000, 0x0000, 0x0000, 0x0000, 0x0000, 0x0000, 0x0000, 0x0000, 0x0000, 0x0000, 0x0000, 0x0000, 0x0000, 0x0000, 0x0000, 0x0000,
0x0000, 0x0000, 0x0000, 0x0000, 0x0000, 0x0000, 0x0000, 0x0000, 0x0000, 0x0000, 0x0000, 0x0000, 0x0000, 0x0000, 0x0000, 0x0000,
0x0000, 0x0000, 0x0000, 0x0000, 0x0000, 0x0000, 0x0000, 0x0000, 0x0000, 0x0000, 0x0000, 0x0000, 0x0000, 0x0000, 0x0000, 0x0000,
0x0000, 0x0000, 0x0000, 0x0000, 0x0000, 0x0000, 0x0000, 0x0000, 0x0000, 0x0000, 0x0000, 0x0000, 0x0000, 0x0000, 0x0000, 0x0000,
0x0000, 0x0000, 0x0000, 0x0000, 0x0000, 0x0000, 0x0000, 0x0000, 0x0000, 0x0000, 0x0000, 0x0000, 0x0000, 0x0000, 0x0000, 0x0000,
0x0000, 0x0000, 0x0000, 0x0000, 0x0000, 0x0000, 0x0000, 0x0000, 0x0000, 0x0000, 0x0000, 0x0000, 0x0000, 0x0000, 0x0000, 0x0000,
0x0000, 0x0000, 0x0000, 0x0000, 0x0000, 0x0000, 0x0000, 0x0000, 0x0000, 0x0000, 0x0000, 0x0000, 0x0000, 0x0000, 0x0000, 0x0000,
0x0000, 0x0000, 0x0000, 0x0000, 0x0000, 0x0000, 0x0000, 0x0000, 0x0000, 0x0000, 0x0000, 0x0000, 0x0000, 0x0000, 0x0000, 0x0000,
0x0000, 0x0000, 0x0000, 0x0000, 0x0000, 0x0000, 0x0000, 0x0000, 0x53c8, 0x53a8, 0x4b47, 0x6c4a, 0x9d4e, 0x9d6e, 0xa58f, 0xa5af,
0xa58f, 0xa58f, 0xa58f, 0xa58f, 0xa58f, 0xa58f, 0xa58f, 0xa58f, 0xa58f, 0xa58f, 0xa58f, 0xa58f, 0xa58f, 0xa58f, 0xa58f, 0xa58f,
0xa58f, 0xa58f, 0xa58f, 0xa58f, 0xa58f, 0xa58f, 0xa58f, 0xa5af, 0xa58e, 0x950d, 0x848b, 0x848b, 0x848b, 0x848b, 0x84ab, 0x8cab,
0x740a, 0x4b08, 0x5b69, 0x8ced, 0xadcf, 0xa5af, 0xa58e, 0xa58f, 0xa58f, 0xa58f, 0xa58f, 0xa58f, 0xa58f, 0xa58f, 0xa58f, 0xa58f,
0xa58f, 0xa58f, 0xa58f, 0xa58f, 0xa58f, 0xa58f, 0xa58f, 0xa58f, 0xa58f, 0xa58f, 0xa58f, 0xa58f, 0xa58f, 0xa58f, 0xa58f, 0xa58f,
0xa58f, 0xa58f, 0xa58f, 0xa58e, 0xa58e, 0xa58f, 0xa5af, 0xa5af, 0x9d8e, 0x94ed, 0x7c0a, 0x6328, 0x6b07, 0x9388, 0x9388, 0x7b48,
0x62a7, 0x6baa, 0x744c, 0x6c0b, 0x742c, 0x744c, 0x7c8c, 0x84ac, 0x8ccd, 0x8d0d, 0x952e, 0x9d4e, 0x9d6e, 0xa58f, 0x954e, 0x4ba7,
0x3b26, 0x32c5, 0x640a, 0xadcf, 0x9d8e, 0xa58f, 0xa58f, 0xa58f, 0xa58f, 0xa58f, 0xa58f, 0xa58f, 0xa58f, 0xa58f, 0xa58f, 0xa58f,
0xa58f, 0xa58f, 0xa58f, 0xa58f, 0xa58f, 0xa58f, 0xa58f, 0xa58f, 0xa58f, 0xa58f, 0xa58f, 0xa58f, 0xa58f, 0xa58f, 0xa58f, 0xa58f,
0xa58f, 0xa58f, 0xa58f, 0xa58f, 0x0000, 0x0000, 0x0000, 0x0000, 0x0000, 0x0000, 0x530c, 0x0000, 0x0000, 0x0000, 0x0000, 0x0000,
0x0000, 0x0000, 0x0000, 0x0000, 0x0000, 0x0000, 0x0000, 0x0000, 0x0000, 0x0000, 0x0000, 0x0000, 0x0000, 0x0000, 0x0000, 0x0000,
0x0000, 0x0000, 0x0000, 0x0000, 0x0000, 0x0000, 0x0000, 0x0000, 0x0000, 0x0000, 0x0000, 0x0000, 0x0000, 0x0000, 0x0000, 0x0000,
0x0000, 0x0000, 0x0000, 0x0000, 0x0000, 0x0000, 0x0000, 0x0000, 0x0000, 0x0000, 0x0000, 0x0000, 0x0000, 0x0000, 0x0000, 0x0000,
0x0000, 0x0000, 0x0000, 0x0000, 0x0000, 0x0000, 0x0000, 0x0000, 0x0000, 0x0000, 0x0000, 0x0000, 0x0000, 0x0000, 0x0000, 0x0000,
0x0000, 0x0000, 0x0000, 0x0000, 0x0000, 0x0000, 0x0000, 0x0000, 0x0000, 0x0000, 0x0000, 0x0000, 0x0000, 0x0000, 0x0000, 0x0000,
0x0000, 0x0000, 0x0000, 0x0000, 0x0000, 0x0000, 0x0000, 0x0000, 0x0000, 0x0000, 0x0000, 0x0000, 0x0000, 0x0000, 0x0000, 0x0000,
0x0000, 0x0000, 0x0000, 0x0000, 0x0000, 0x0000, 0x0000, 0x0000, 0x0000, 0x0000, 0x0000, 0x0000, 0x0000, 0x0000, 0x0000, 0x0000,
0x0000, 0x0000, 0x0000, 0x0000, 0x0000, 0x0000, 0x0000, 0x0000, 0x0000, 0x0000, 0x0000, 0x0000, 0x0000, 0x0000, 0x0000, 0x0000,
0x0000, 0x0000, 0x0000, 0x0000, 0x0000, 0x0000, 0x0000, 0x0000, 0x0000, 0x0000, 0x0000, 0x0000, 0x0000, 0x0000, 0x0000, 0x0000,
0x0000, 0x0000, 0x0000, 0x0000, 0x0000, 0x0000, 0x0000, 0x0000, 0x0000, 0x0000, 0x0000, 0x0000, 0x0000, 0x0000, 0x0000, 0x0000,
0x0000, 0x0000, 0x0000, 0x0000, 0x0000, 0x0000, 0x0000, 0x0000, 0xa58f, 0xa5af, 0xa58f, 0xa5af, 0xa58f, 0xa58f, 0xa58f, 0xa58f,
0xa58f, 0xa58f, 0xa58f, 0xa58f, 0xa58f, 0xa58f, 0xa58f, 0xa58f, 0xa58f, 0xa58f, 0xa58f, 0xa58f, 0xa58f, 0xa58f, 0xa58f, 0xa58f,
0xa58f, 0xa58f, 0xa58f, 0xa58f, 0xa58f, 0xa5af, 0xa58f, 0x952d, 0x84ac, 0x848b, 0x848b, 0x848b, 0x848b, 0x8cac, 0x7c4b, 0x5328,
0x5328, 0x7c8c, 0xa5af, 0xa5af, 0xa58e, 0xa58f, 0xa58f, 0xa58f, 0xa58f, 0xa58f, 0xa58f, 0xa58f, 0xa58f, 0xa58f, 0xa58f, 0xa58f,
0xa58f, 0xa58f, 0xa58f, 0xa58f, 0xa58f, 0xa58f, 0xa58f, 0xa58f, 0xa58f, 0xa58f, 0xa58f, 0xa58f, 0xa58f, 0xa58f, 0xa58f, 0xa58f,
0xa58f, 0xa58f, 0xa58f, 0xa58f, 0xa58f, 0xa58f, 0xa58e, 0xa58e, 0xa58f, 0xa5af, 0xa5af, 0xa5af, 0x946b, 0x8b47, 0x9388, 0x7b28,
0x62a7, 0x73ea, 0x84ac, 0x8ced, 0x954e, 0x9d6e, 0x9d8e, 0xa58f, 0xa58f, 0xa5af, 0xa5af, 0xa58f, 0xa58e, 0xa5af, 0x84cc, 0x4366,
0x4346, 0x3ae5, 0x3ae6, 0x9d4e, 0xa5af, 0xa58f, 0xa58f, 0xa58f, 0xa58f, 0xa58f, 0xa58f, 0xa58f, 0xa58f, 0xa58f, 0xa58f, 0xa58f,
0xa58f, 0xa58f, 0xa58f, 0xa58f, 0xa58f, 0xa58f, 0xa58f, 0xa58f, 0xa58f, 0xa58f, 0xa58f, 0xa58f, 0xa58f, 0xa58f, 0xa58f, 0xa58f,
0xa58f, 0xa58f, 0xa58f, 0xa58f, 0x0000, 0x0000, 0x0000, 0x0000, 0x0000, 0x0000, 0x530c, 0x0000, 0x0000, 0x0000, 0x0000, 0x0000,
0x0000, 0x0000, 0x0000, 0x0000, 0x0000, 0x0000, 0x0000, 0x0000, 0x0000, 0x0000, 0x0000, 0x0000, 0x0000, 0x0000, 0x0000, 0x0000,
0x0000, 0x0000, 0x0000, 0x0000, 0x0000, 0x0000, 0x0000, 0x0000, 0x0000, 0x0000, 0x0000, 0x0000, 0x0000, 0x0000, 0x0000, 0x0000,
0x0000, 0x0000, 0x0000, 0x0000, 0x0000, 0x0000, 0x0000, 0x0000, 0x0000, 0x0000, 0x0000, 0x0000, 0x0000, 0x0000, 0x0000, 0x0000,
0x0000, 0x0000, 0x0000, 0x0000, 0x0000, 0x0000, 0x0000, 0x0000, 0x0000, 0x0000, 0x0000, 0x0000, 0x0000, 0x0000, 0x0000, 0x0000,
0x0000, 0x0000, 0x0000, 0x0000, 0x0000, 0x0000, 0x0000, 0x0000, 0x0000, 0x0000, 0x0000, 0x0000, 0x0000, 0x0000, 0x0000, 0x0000,
0x0000, 0x0000, 0x0000, 0x0000, 0x0000, 0x0000, 0x0000, 0x0000, 0x0000, 0x0000, 0x0000, 0x0000, 0x0000, 0x0000, 0x0000, 0x0000,
0x0000, 0x0000, 0x0000, 0x0000, 0x0000, 0x0000, 0x0000, 0x0000, 0x0000, 0x0000, 0x0000, 0x0000, 0x0000, 0x0000, 0x0000, 0x0000,
0x0000, 0x0000, 0x0000, 0x0000, 0x0000, 0x0000, 0x0000, 0x0000, 0x0000, 0x0000, 0x0000, 0x0000, 0x0000, 0x0000, 0x0000, 0x0000,
0x0000, 0x0000, 0x0000, 0x0000, 0x0000, 0x0000, 0x0000, 0x0000, 0x0000, 0x0000, 0x0000, 0x0000, 0x0000, 0x0000, 0x0000, 0x0000,
0x0000, 0x0000, 0x0000, 0x0000, 0x0000, 0x0000, 0x0000, 0x0000, 0x0000, 0x0000, 0x0000, 0x0000, 0x0000, 0x0000, 0x0000, 0x0000,
0x0000, 0x0000, 0x0000, 0x0000, 0x0000, 0x0000, 0x0000, 0x0000, 0xa58f, 0xa58f, 0xa58f, 0xa58e, 0xa58f, 0xa58f, 0xa58f, 0xa58f,
0xa58f, 0xa58f, 0xa58f, 0xa58f, 0xa58f, 0xa58f, 0xa58f, 0xa58f, 0xa58f, 0xa58f, 0xa58f, 0xa58f, 0xa58f, 0xa58f, 0xa58f, 0xa58f,
0xa58f, 0xa58f, 0xa58f, 0xa58f, 0xa5af, 0x9d4e, 0x8ccc, 0x848b, 0x848b, 0x848b, 0x848b, 0x8cac, 0x848b, 0x6389, 0x4ae8, 0x6bea,
0x9d6e, 0xadcf, 0xa58e, 0xa58e, 0xa58f, 0xa58f, 0xa58f, 0xa58f, 0xa58f, 0xa58f, 0xa58f, 0xa58f, 0xa58f, 0xa58f, 0xa58f, 0xa58f,
0xa58f, 0xa58f, 0xa58f, 0xa58f, 0xa58f, 0xa58f, 0xa58f, 0xa58f, 0xa58f, 0xa58f, 0xa58f, 0xa58f, 0xa58f, 0xa58f, 0xa58f, 0xa58f,
0xa58f, 0xa58f, 0xa58f, 0xa58f, 0xa58f, 0xa58f, 0xa58f, 0xa58f, 0xa58f, 0xa58e, 0xa58e, 0xa58f, 0x9d6e, 0x8c4b, 0x8bc9, 0x7b48,
0x7c0b, 0x952e, 0x9d6e, 0xa58f, 0xa58f, 0xa58f, 0xa58f, 0xa58f, 0xa58f, 0xa58f, 0xa58f, 0xa58f, 0xa58e, 0xa5af, 0x6c49, 0x4366,
0x4346, 0x3b06, 0x2ac5, 0x6c4b, 0x954e, 0x952e, 0x9d4e, 0x9d8e, 0xa58f, 0xa58f, 0xa58f, 0xa58f, 0xa58f, 0xa58f, 0xa58f, 0xa58f,
0xa58f, 0xa58f, 0xa58f, 0xa58f, 0xa58f, 0xa58f, 0xa58f, 0xa58f, 0xa58f, 0xa58f, 0xa58f, 0xa58f, 0xa58f, 0xa58f, 0xa58f, 0xa58f,
0xa58f, 0xa58f, 0xa58f, 0xa58f, 0x0000, 0x0000, 0x0000, 0x0000, 0x0000, 0x0000, 0x530c, 0x0000, 0x0000, 0x0000, 0x0000, 0x0000,
0x0000, 0x0000, 0x0000, 0x0000, 0x0000, 0x0000, 0x0000, 0x0000, 0x0000, 0x0000, 0x0000, 0x0000, 0x0000, 0x0000, 0x0000, 0x0000,
0x0000, 0x0000, 0x0000, 0x0000, 0x0000, 0x0000, 0x0000, 0x0000, 0x0000, 0x0000, 0x0000, 0x0000, 0x0000, 0x0000, 0x0000, 0x0000,
0x0000, 0x0000, 0x0000, 0x0000, 0x0000, 0x0000, 0x0000, 0x0000, 0x0000, 0x0000, 0x0000, 0x0000, 0x0000, 0x0000, 0x0000, 0x0000,
0x0000, 0x0000, 0x0000, 0x0000, 0x0000, 0x0000, 0x0000, 0x0000, 0x0000, 0x0000, 0x0000, 0x0000, 0x0000, 0x0000, 0x0000, 0x0000,
0x0000, 0x0000, 0x0000, 0x0000, 0x0000, 0x0000, 0x0000, 0x0000, 0x0000, 0x0000, 0x0000, 0x0000, 0x0000, 0x0000, 0x0000, 0x0000,
0x0000, 0x0000, 0x0000, 0x0000, 0x0000, 0x0000, 0x0000, 0x0000, 0x0000, 0x0000, 0x0000, 0x0000, 0x0000, 0x0000, 0x0000, 0x0000,
0x0000, 0x0000, 0x0000, 0x0000, 0x0000, 0x0000, 0x0000, 0x0000, 0x0000, 0x0000, 0x0000, 0x0000, 0x0000, 0x0000, 0x0000, 0x0000,
0x0000, 0x0000, 0x0000, 0x0000, 0x0000, 0x0000, 0x0000, 0x0000, 0x0000, 0x0000, 0x0000, 0x0000, 0x0000, 0x0000, 0x0000, 0x0000,
0x0000, 0x0000, 0x0000, 0x0000, 0x0000, 0x0000, 0x0000, 0x0000, 0x0000, 0x0000, 0x0000, 0x0000, 0x0000, 0x0000, 0x0000, 0x0000,
0x0000, 0x0000, 0x0000, 0x0000, 0x0000, 0x0000, 0x0000, 0x0000, 0x0000, 0x0000, 0x0000, 0x0000, 0x0000, 0x0000, 0x0000, 0x0000,
0x0000, 0x0000, 0x0000, 0x0000, 0x0000, 0x0000, 0x0000, 0x0000, 0xa58f, 0xa58f, 0xa58f, 0xa58f, 0xa58f, 0xa58f, 0xa58f, 0xa58f,
0xa58f, 0xa58f, 0xa58f, 0xa58f, 0xa58f, 0xa58f, 0xa58f, 0xa58f, 0xa58f, 0xa58f, 0xa58f, 0xa58f, 0xa58f, 0xa58f, 0xa58f, 0xa58e,
0xa58e, 0xa58f, 0xa5af, 0x9d6e, 0x8ccc, 0x848b, 0x848b, 0x848b, 0x848b, 0x84ab, 0x84ab, 0x6bea, 0x4b08, 0x5b69, 0x950d, 0xadcf,
0xa58f, 0x9d4f, 0x9d6f, 0xa58e, 0xa58f, 0xa58f, 0xa58f, 0xa58f, 0xa58f, 0xa58f, 0xa58f, 0xa58f, 0xa58f, 0xa58f, 0xa58f, 0xa58f,
0xa58f, 0xa58f, 0xa58f, 0xa58f, 0xa58f, 0xa58f, 0xa58f, 0xa58e, 0x9d8e, 0xa58f, 0xa58f, 0xa58f, 0xa58f, 0xa58f, 0xa58f, 0xa58f,
0xa58f, 0xa58f, 0xa58f, 0xa58f, 0xa58f, 0xa58f, 0xa58f, 0xa58f, 0xa58f, 0xa58f, 0xa58f, 0x9d6e, 0x952e, 0x8ced, 0x84cd, 0x950d,
0x9d6e, 0xa58f, 0xa58f, 0xa58f, 0xa58f, 0xa58f, 0xa58f, 0xa58f, 0xa58f, 0xa58f, 0xa58f, 0xa58f, 0xa58f, 0xa58f, 0x6408, 0x4366,
0x4346, 0x4326, 0x32c5, 0x4327, 0x7c8c, 0x84ac, 0x952e, 0x9d8e, 0xa58f, 0xa58f, 0xa58f, 0xa58f, 0xa58f, 0xa58f, 0xa58f, 0xa58f,
0xa58f, 0xa58f, 0xa58f, 0xa58f, 0xa58f, 0xa58f, 0xa58f, 0xa58f, 0xa58f, 0xa58f, 0xa58f, 0xa58f, 0xa58f, 0xa58f, 0xa58f, 0xa58f,
0xa58f, 0xa58f, 0xa58f, 0xa58f, 0x0000, 0x0000, 0x0000, 0x0000, 0x0000, 0x0000, 0x530c, 0x0000, 0x0000, 0x0000, 0x0000, 0x0000,
0x0000, 0x0000, 0x0000, 0x0000, 0x0020, 0x0020, 0x0000, 0x0000, 0x0000, 0x0000, 0x0000, 0x0000, 0x0000, 0x0000, 0x0020, 0x0000,
0x0000, 0x0000, 0x0861, 0x94b2, 0x0020, 0x0000, 0x0000, 0x0000, 0x0000, 0x0000, 0x0020, 0x0000, 0x0000, 0x18c3, 0x630c, 0x0000,
0x0020, 0x0020, 0x0000, 0x0000, 0x0000, 0x0000, 0x0020, 0x0020, 0x0000, 0x0020, 0x3186, 0x8430, 0x9cd3, 0x0000, 0x0000, 0x39c7,
0x632c, 0x0000, 0x0000, 0x0000, 0x0000, 0x0000, 0xb5b6, 0x0000, 0x0000, 0x0000, 0x0000, 0xad55, 0x0020, 0x0000, 0x0000, 0x0000,
0x0000, 0x0000, 0x0000, 0x0000, 0x0000, 0x0000, 0x6b4d, 0x4a69, 0x7bcf, 0x2965, 0x0000, 0x0000, 0x0000, 0x0000, 0x0000, 0x0000,
0x0000, 0x0000, 0x0000, 0xbdd7, 0x0000, 0x0000, 0x0000, 0x0000, 0x0000, 0x0000, 0x0000, 0x0000, 0x0000, 0x0000, 0x0000, 0x0000,
0x0000, 0x0000, 0x0000, 0x0000, 0x0000, 0x0000, 0x0000, 0x0000, 0x0000, 0x0000, 0x0000, 0x0000, 0x0000, 0x0000, 0x0000, 0x0000,
0x0000, 0x0000, 0x0000, 0x0000, 0x0000, 0x0000, 0x0000, 0x0000, 0x0000, 0x0000, 0x0000, 0x0000, 0x0000, 0x0000, 0x0000, 0x0000,
0x0000, 0x0000, 0x0000, 0x0000, 0x0000, 0x0000, 0x0000, 0x0000, 0x0000, 0x0000, 0x0000, 0x0000, 0x0000, 0x0000, 0x0000, 0x0000,
0x0000, 0x0000, 0x0000, 0x0000, 0x0000, 0x0000, 0x0000, 0x0000, 0x0000, 0x0000, 0x0000, 0x0000, 0x0000, 0x0000, 0x0000, 0x0000,
0x0000, 0x0000, 0x0000, 0x0000, 0x0000, 0x0000, 0x0000, 0x0000, 0xa58f, 0xa58f, 0xa58f, 0xa58f, 0xa58f, 0xa58f, 0xa58f, 0xa58f,
0xa58f, 0xa58f, 0xa58f, 0xa58f, 0xa58f, 0xa58f, 0xa58f, 0xa58f, 0xa58f, 0xa58f, 0xa58f, 0xa58f, 0xa58f, 0xa58f, 0xa58f, 0xa5af,
0xa5af, 0x9d6e, 0x950d, 0x848b, 0x848b, 0x848b, 0x7c6b, 0x742a, 0x8ccc, 0x7c2a, 0x5328, 0x5308, 0x848c, 0xa5af, 0xa5af, 0xa54f,
0xa4ef, 0xa4cf, 0x9c8f, 0x94ae, 0xa58f, 0xa58f, 0xa58f, 0xa58f, 0xa58f, 0xa58f, 0xa58f, 0xa58f, 0xa58f, 0xa58f, 0xa58f, 0xa58f,
0xa58f, 0xa58f, 0xa58f, 0xa58f, 0xa58f, 0xa58e, 0xa5af, 0x748b, 0x84ec, 0xa5af, 0xa58e, 0xa58f, 0xa58f, 0xa58f, 0xa58f, 0xa58f,
0xa58f, 0xa58f, 0xa58f, 0xa58f, 0xa58f, 0xa58f, 0xa58f, 0xa58f, 0xa58f, 0xa58f, 0xa58f, 0xa58f, 0x9d6e, 0x9d6e, 0xa58e, 0xa58f,
0xa58f, 0xa58f, 0xa58f, 0xa58f, 0xa58f, 0xa58f, 0xa58f, 0xa58f, 0xa58f, 0xa58f, 0xa58f, 0xa58f, 0xa58e, 0xa5af, 0x954d, 0x4ba7,
0x3b25, 0x3b05, 0x2aa4, 0x53a8, 0x9d4e, 0x954e, 0xa58e, 0xa58f, 0xa58f, 0xa58f, 0xa58f, 0xa58f, 0xa58f, 0xa58f, 0xa58f, 0xa58f,
0xa58f, 0xa58f, 0xa58f, 0xa58f, 0xa58f, 0xa58f, 0xa58f, 0xa58f, 0xa58f, 0xa58f, 0xa58f, 0xa58f, 0xa58f, 0xa58f, 0xa58f, 0xa58f,
0xa58f, 0xa58f, 0xa58f, 0xa58f, 0x0000, 0x0000, 0x0000, 0x0000, 0x0000, 0x0000, 0x530c, 0x0000, 0x0000, 0x0000, 0x0000, 0x0000,
0x0000, 0x0000, 0x0000, 0x0000, 0x4208, 0xc618, 0xbdd7, 0xbdd7, 0xbdd7, 0xbdf7, 0xf7be, 0xbdd7, 0xbdd7, 0xbdf7, 0xc638, 0x3186,
0x0000, 0x0000, 0x4a69, 0x8c51, 0x9cd3, 0xbdf7, 0xad75, 0xad75, 0xad75, 0xc618, 0x8430, 0x0000, 0x0000, 0x0841, 0xbdf7, 0x738e,
0x39e7, 0xbdd7, 0xb596, 0xbdf7, 0xe71c, 0xb596, 0xbdd7, 0x39e7, 0x2965, 0xbdf7, 0xce59, 0x6b4d, 0x0000, 0x0000, 0x0000, 0x4208,
0x8410, 0x0000, 0x0000, 0x0000, 0x0000, 0x0000, 0xb5b6, 0x2104, 0xad75, 0xa534, 0xa534, 0xef5d, 0xa534, 0xa534, 0xad75, 0x5acb,
0x0000, 0x0000, 0x0000, 0x0000, 0x0000, 0x0000, 0x738e, 0x52aa, 0x10a2, 0xbdd7, 0x18c3, 0x0000, 0x39e7, 0xad75, 0xad55, 0xad55,
0xb596, 0x0841, 0x0000, 0xc638, 0x0000, 0x0000, 0x0000, 0x0000, 0x0000, 0x0000, 0x0000, 0x0000, 0x0000, 0x0000, 0x0000, 0x0000,
0x0000, 0x0000, 0x0000, 0x0000, 0x0000, 0x0000, 0x0000, 0x0000, 0x0000, 0x0000, 0x0000, 0x0000, 0x0000, 0x0000, 0x0000, 0x0000,
0x0000, 0x0000, 0x0000, 0x0000, 0x0000, 0x0000, 0x0000, 0x0000, 0x0000, 0x0000, 0x0000, 0x0000, 0x0000, 0x0000, 0x0000, 0x0000,
0x0000, 0x0000, 0x0000, 0x0000, 0x0000, 0x0000, 0x0000, 0x0000, 0x0000, 0x0000, 0x0000, 0x0000, 0x0000, 0x0000, 0x0000, 0x0000,
0x0000, 0x0000, 0x0000, 0x0000, 0x0000, 0x0000, 0x0000, 0x0000, 0x0000, 0x0000, 0x0000, 0x0000, 0x0000, 0x0000, 0x0000, 0x0000,
0x0000, 0x0000, 0x0000, 0x0000, 0x0000, 0x0000, 0x0000, 0x0000, 0xa58f, 0xa58f, 0xa58f, 0xa58f, 0xa58f, 0xa58f, 0xa58f, 0xa58f,
0xa58f, 0xa58f, 0xa58f, 0xa58f, 0xa58f, 0xa58f, 0xa58f, 0xa58f, 0xa58f, 0xa58f, 0xa58f, 0xa58f, 0xa58f, 0xa58f, 0xa58f, 0x746b,
0x8d0d, 0x84ab, 0x848b, 0x848b, 0x848b, 0x84ab, 0x7c4a, 0x5368, 0x6389, 0x4ae7, 0x740a, 0x9d6e, 0xa5af, 0xa58f, 0x9d6e, 0xa4ae,
0xacef, 0xa4cf, 0x948f, 0x738c, 0x94ee, 0xa5af, 0xa58f, 0xa58f, 0xa58f, 0xa58f, 0xa58f, 0xa58f, 0xa58f, 0xa58f, 0xa58f, 0xa58f,
0xa58f, 0xa58f, 0xa58f, 0xa58f, 0xa58f, 0xa58f, 0xa5ae, 0x4b87, 0x63e9, 0xadcf, 0xa58e, 0xa58f, 0xa58f, 0xa58f, 0xa58f, 0xa58f,
0xa58f, 0xa58f, 0xa58f, 0xa58f, 0xa58f, 0xa58f, 0xa58f, 0xa58f, 0xa58f, 0xa58f, 0xa58f, 0xa58f, 0xa58f, 0xa58f, 0xa58f, 0xa58f,
0xa58f, 0xa58f, 0xa58f, 0xa58f, 0xa58f, 0xa58f, 0xa58f, 0xa58f, 0xa58f, 0xa58f, 0xa58f, 0xa58f, 0xa58f, 0xa58e, 0xa5af, 0x952d,
0x84cc, 0x7cab, 0x7c8b, 0x952d, 0xa5af, 0xa58f, 0xa58f, 0xa58f, 0xa58f, 0xa58f, 0xa58f, 0xa58f, 0xa58f, 0xa58f, 0xa58f, 0xa58f,
0xa58f, 0xa58f, 0xa58f, 0xa58f, 0xa58f, 0xa58f, 0xa58f, 0xa58f, 0xa58f, 0xa58f, 0xa58f, 0xa58f, 0xa58f, 0xa58f, 0xa58f, 0xa58f,
0xa58f, 0xa58f, 0xa58f, 0xa58f, 0x0000, 0x0000, 0x0000, 0x0000, 0x0000, 0x0000, 0x530c, 0x0000, 0x0000, 0x0000, 0x0000, 0x0000,
0x0000, 0x0000, 0x0000, 0x0000, 0x0000, 0x0000, 0x0000, 0x0000, 0x0000, 0x630c, 0x8c71, 0x0000, 0x0000, 0x0000, 0x0000, 0x0000,
0x0000, 0x0000, 0xad75, 0x2945, 0x94b2, 0x2124, 0x0000, 0x0000, 0x0000, 0x39e7, 0x7bef, 0x0000, 0x0000, 0x0000, 0x0020, 0x6b4d,
0x0000, 0x0000, 0x0000, 0x18e3, 0x9cf3, 0x0000, 0x0000, 0x0000, 0x0000, 0x0000, 0x73ae, 0x39e7, 0x0000, 0x0000, 0x0000, 0x39e7,
0x7bef, 0x0000, 0x0841, 0x1082, 0x18e3, 0x5acb, 0xce79, 0x5acb, 0x18e3, 0x0000, 0x1082, 0xad75, 0x0000, 0x0000, 0x0020, 0x0841,
0x0000, 0x4228, 0xb596, 0xad55, 0xad55, 0xad55, 0xce79, 0xce59, 0xad55, 0xad75, 0xad75, 0x2965, 0x0020, 0x0020, 0x8c71, 0x2965,
0x0841, 0x0000, 0x0000, 0xc638, 0x0000, 0x0000, 0x0000, 0x0000, 0x0000, 0x0000, 0x0000, 0x0000, 0x0000, 0x0000, 0x0000, 0x0000,
0x0000, 0x0000, 0x0000, 0x0000, 0x0000, 0x0000, 0x0000, 0x0000, 0x0000, 0x0000, 0x0000, 0x0000, 0x0000, 0x0000, 0x0000, 0x0000,
0x0000, 0x0000, 0x0000, 0x0000, 0x0000, 0x0000, 0x0000, 0x0000, 0x0000, 0x0000, 0x0000, 0x0000, 0x0000, 0x0000, 0x0000, 0x0000,
0x0000, 0x0000, 0x0000, 0x0000, 0x0000, 0x0000, 0x0000, 0x0000, 0x0000, 0x0000, 0x0000, 0x0000, 0x0000, 0x0000, 0x0000, 0x0000,
0x0000, 0x0000, 0x0000, 0x0000, 0x0000, 0x0000, 0x0000, 0x0000, 0x0000, 0x0000, 0x0000, 0x0000, 0x0000, 0x0000, 0x0000, 0x0000,
0x0000, 0x0000, 0x0000, 0x0000, 0x0000, 0x0000, 0x0000, 0x0000, 0xa58f, 0xa58f, 0xa58f, 0xa58f, 0xa58f, 0xa58f, 0xa58f, 0xa58f,
0xa58f, 0xa58f, 0xa58f, 0xa58f, 0xa58f, 0xa58f, 0xa58f, 0xa58f, 0xa58f, 0xa58f, 0xa58f, 0xa58f, 0xa58f, 0xa5af, 0x8cec, 0x2aa5,
0x63c9, 0x8cac, 0x848b, 0x848b, 0x84ab, 0x8cac, 0x63c9, 0x32c6, 0x5b89, 0x952d, 0xa5cf, 0xa58f, 0xa58e, 0xa58f, 0xa58f, 0x8c6c,
0x7bab, 0x736b, 0x632b, 0x73eb, 0x9d8e, 0xa58f, 0xa58f, 0xa58f, 0xa58f, 0xa58f, 0xa58f, 0xa58f, 0xa58f, 0xa58f, 0xa58f, 0xa58f,
0xa58f, 0xa58f, 0xa58f, 0xa5af, 0xa58e, 0xa5af, 0x84ec, 0x4346, 0x4347, 0x9d6e, 0xa5af, 0xa58f, 0xa58f, 0xa58f, 0xa58f, 0xa58f,
0xa58f, 0xa58f, 0xa58f, 0xa58f, 0xa58f, 0xa58f, 0xa58f, 0xa58f, 0xa58f, 0xa58f, 0xa58f, 0xa58f, 0xa58f, 0xa58f, 0xa58f, 0xa58f,
0xa58f, 0xa58f, 0xa58f, 0xa58f, 0xa58f, 0xa58f, 0xa58f, 0xa58f, 0xa58f, 0xa58f, 0xa58f, 0xa58f, 0xa58f, 0xa58f, 0xa58e, 0xa5af,
0xa5af, 0xadaf, 0xadcf, 0xa5af, 0xa58f, 0xa58f, 0xa58f, 0xa58f, 0xa58f, 0xa58f, 0xa58f, 0xa58f, 0xa58f, 0xa58f, 0xa58f, 0xa58f,
0xa58f, 0xa58f, 0xa58f, 0xa58f, 0xa58f, 0xa58f, 0xa58f, 0xa58f, 0xa58f, 0xa58f, 0xa58f, 0xa58f, 0xa58f, 0xa58f, 0xa58f, 0xa58f,
0xa58f, 0xa58f, 0xa58f, 0xa58f, 0x0000, 0x0000, 0x0000, 0x0000, 0x0000, 0x0000, 0x530c, 0x0000, 0x0000, 0x0000, 0x0000, 0x0000,
0x0000, 0x0000, 0x0000, 0x0000, 0x0000, 0x0000, 0x0000, 0x0000, 0x10a2, 0xef5d, 0x3186, 0x0000, 0x0000, 0x0000, 0x0000, 0x0000,
0x0000, 0x2965, 0xc618, 0x0000, 0x94b2, 0x2124, 0x0000, 0x0000, 0x0000, 0x39e7, 0x8410, 0x0000, 0x0000, 0x0000, 0x0000, 0x0000,
0x0000, 0x2124, 0x0861, 0x18e3, 0x9cf3, 0x0000, 0x0000, 0x0000, 0x4a69, 0xad55, 0xd69a, 0xbdf7, 0x94b2, 0xce59, 0xad55, 0xc618,
0xd6ba, 0xad55, 0xdefb, 0x3186, 0x18e3, 0x5acb, 0xef5d, 0x528a, 0x4208, 0x9cd3, 0xad75, 0xce79, 0x94b2, 0x9cd3, 0x4208, 0x0000,
0x0000, 0x5acb, 0x632c, 0x0000, 0x0000, 0x0000, 0x528a, 0x6b4d, 0x0000, 0x0000, 0x0020, 0x0000, 0x0000, 0x0000, 0x8c71, 0x2965,
0x31a6, 0xb5b6, 0xad55, 0xef7d, 0xad55, 0xad55, 0xb596, 0x1082, 0x0000, 0x0000, 0x0000, 0x0000, 0x0000, 0x0000, 0x0000, 0x0000,
0x0000, 0x0000, 0x0000, 0x0000, 0x0000, 0x0000, 0x0000, 0x0000, 0x0000, 0x0000, 0x0000, 0x0000, 0x0000, 0x0000, 0x0000, 0x0000,
0x0000, 0x0000, 0x0000, 0x0000, 0x0000, 0x0000, 0x0000, 0x0000, 0x0000, 0x0000, 0x0000, 0x0000, 0x0000, 0x0000, 0x0000, 0x0000,
0x0000, 0x0000, 0x0000, 0x0000, 0x0000, 0x0000, 0x0000, 0x0000, 0x0000, 0x0000, 0x0000, 0x0000, 0x0000, 0x0000, 0x0000, 0x0000,
0x0000, 0x0000, 0x0000, 0x0000, 0x0000, 0x0000, 0x0000, 0x0000, 0x0000, 0x0000, 0x0000, 0x0000, 0x0000, 0x0000, 0x0000, 0x0000,
0x0000, 0x0000, 0x0000, 0x0000, 0x0000, 0x0000, 0x0000, 0x0000, 0xa58f, 0xa58f, 0xa58f, 0xa58f, 0xa58f, 0xa58f, 0xa58f, 0xa58f,
0xa58f, 0xa58f, 0xa58f, 0xa58f, 0xa58f, 0xa58f, 0xa58f, 0xa58f, 0xa58f, 0xa58f, 0xa58f, 0xa5af, 0x9d6e, 0x8cec, 0x53a7, 0x2ac5,
0x3b06, 0x848b, 0x84ab, 0x8cac, 0x740a, 0x5328, 0x4307, 0x3ae6, 0x9d4e, 0xa5af, 0x9d8e, 0xa58f, 0xa58f, 0xa58f, 0xa58f, 0x9d6e,
0x848c, 0x7c4b, 0x8ccd, 0xa5af, 0xa58f, 0xa58f, 0xa58f, 0xa58f, 0xa58f, 0xa58f, 0xa58f, 0xa58f, 0xa58f, 0xa58f, 0xa58f, 0xa58f,
0xa56f, 0xa50f, 0x9cef, 0x9d0f, 0x9d6e, 0x9d8e, 0x6449, 0x4347, 0x32e6, 0x7cac, 0xa5af, 0x9d8e, 0xa58f, 0xa58f, 0xa58f, 0xa58f,
0xa58f, 0xa58f, 0xa58f, 0xa58f, 0xa58f, 0xa58f, 0xa58f, 0xa58f, 0xa58f, 0xa58f, 0xa58f, 0xa58f, 0xa58f, 0xa58f, 0xa58f, 0xa58f,
0xa58f, 0xa58f, 0xa58f, 0xa58f, 0xa58f, 0xa58f, 0xa58f, 0xa58f, 0xa58f, 0xa58f, 0xa58f, 0xa58f, 0xa58f, 0xa58f, 0xa58f, 0xa58e,
0xa58e, 0xa58e, 0x9d8e, 0xa58e, 0xa58f, 0xa58f, 0xa58f, 0xa58f, 0xa58f, 0xa58f, 0xa58f, 0xa58f, 0xa58f, 0xa58f, 0xa58f, 0xa58f,
0xa58f, 0xa58f, 0xa58f, 0xa58f, 0xa58f, 0xa58f, 0xa58f, 0xa58f, 0xa58f, 0xa58f, 0xa58f, 0xa58f, 0xa58f, 0xa58f, 0xa58f, 0xa58f,
0xa58f, 0xa58f, 0xa58f, 0xa58f, 0x0000, 0x0000, 0x0000, 0x0000, 0x0000, 0x0000, 0x530c, 0x0000, 0x0000, 0x0000, 0x0000, 0x0000,
0x0000, 0x0000, 0x0000, 0x0000, 0x0000, 0x0000, 0x0000, 0x0020, 0xbdd7, 0xd6ba, 0x4228, 0xbdd7, 0x10a2, 0x0000, 0x0000, 0x0000,
0x0841, 0xc618, 0xb596, 0x0000, 0x6b6d, 0xb596, 0xb596, 0xe73c, 0xad75, 0xb596, 0x630c, 0x0000, 0x528a, 0xbdf7, 0xe71c, 0x39c7,
0x0000, 0x9cf3, 0x2945, 0x18e3, 0x9cf3, 0x0000, 0x0000, 0x0000, 0x0841, 0x0020, 0xc618, 0x5aeb, 0x0841, 0xb5b6, 0x0000, 0x39e7,
0x7bef, 0x0000, 0x9492, 0x2965, 0x0000, 0x2965, 0xffff, 0x4208, 0x4208, 0x8410, 0x0000, 0x0000, 0x0000, 0x630c, 0x5aeb, 0x0000,
0x0000, 0x5acb, 0x630c, 0x0000, 0x0000, 0x0020, 0x3186, 0x8430, 0x0000, 0x73ae, 0x39e7, 0x0000, 0x0000, 0x0000, 0x8c71, 0x2965,
0x0020, 0x0000, 0x0861, 0xb5b6, 0x0000, 0x0000, 0xbdf7, 0x0861, 0x0000, 0x0000, 0x0000, 0x0000, 0x0000, 0x0000, 0x0000, 0x0000,
0x0000, 0x0000, 0x0000, 0x0000, 0x0000, 0x0000, 0x0000, 0x0000, 0x0000, 0x0000, 0x0000, 0x0000, 0x0000, 0x0000, 0x0000, 0x0000,
0x0000, 0x0000, 0x0000, 0x0000, 0x0000, 0x0000, 0x0000, 0x0000, 0x0000, 0x0000, 0x0000, 0x0000, 0x0000, 0x0000, 0x0000, 0x0000,
0x0000, 0x0000, 0x0000, 0x0000, 0x0000, 0x0000, 0x0000, 0x0000, 0x0000, 0x0000, 0x0000, 0x0000, 0x0000, 0x0000, 0x0000, 0x0000,
0x0000, 0x0000, 0x0000, 0x0000, 0x0000, 0x0000, 0x0000, 0x0000, 0x0000, 0x0000, 0x0000, 0x0000, 0x0000, 0x0000, 0x0000, 0x0000,
0x0000, 0x0000, 0x0000, 0x0000, 0x0000, 0x0000, 0x0000, 0x0000, 0xa58f, 0xa58f, 0xa58f, 0xa58f, 0xa58f, 0xa58f, 0xa58f, 0xa58f,
0xa58f, 0xa58f, 0xa58f, 0xa58f, 0xa58f, 0xa58f, 0xa58f, 0xa58f, 0xa58f, 0xa5af, 0x9d6e, 0x8cec, 0x848b, 0x744a, 0x4346, 0x3ae6,
0x2aa5, 0x5ba8, 0x846b, 0x5b68, 0x4ac7, 0x744b, 0x53c8, 0x2aa5, 0x8ced, 0xa5af, 0xa58e, 0xa58f, 0xa58f, 0xa58f, 0xa58f, 0xa58f,
0xa5cf, 0xadcf, 0xa5af, 0xa58f, 0xa58f, 0xa58f, 0xa58f, 0xa58f, 0xa58f, 0xa58f, 0xa58f, 0xa58f, 0xa58f, 0xa58f, 0xa58f, 0xa58f,
0xacef, 0xacef, 0xa4cf, 0x946f, 0x8c4e, 0x850c, 0x53e7, 0x4367, 0x32e6, 0x5be9, 0xadaf, 0xa58e, 0xa58f, 0xa58f, 0xa58f, 0xa58f,
0xa58f, 0xa58f, 0xa58f, 0xa58f, 0xa58f, 0xa58f, 0xa58f, 0xa58f, 0xa58f, 0xa58f, 0xa58f, 0xa58f, 0xa58f, 0xa58f, 0xa58f, 0xa58f,
0xa58f, 0xa58f, 0xa58f, 0xa58f, 0xa58f, 0xa58f, 0xa58f, 0xa58f, 0xa58f, 0xa58f, 0xa58f, 0xa58f, 0xa58f, 0xa58f, 0xa58f, 0xa58f,
0xa58f, 0xa58f, 0xa58f, 0xa58f, 0xa58f, 0xa58f, 0xa58f, 0xa58f, 0xa58f, 0xa58f, 0xa58f, 0xa58f, 0xa58f, 0xa58f, 0xa58f, 0xa58f,
0xa58f, 0xa58f, 0xa58f, 0xa58f, 0xa58f, 0xa58f, 0xa58f, 0xa58f, 0xa58f, 0xa58f, 0xa58f, 0xa58f, 0xa58f, 0xa58f, 0xa58f, 0xa58f,
0xa58f, 0xa58f, 0xa58f, 0xa58f, 0x0000, 0x0000, 0x0000, 0x0000, 0x0000, 0x0000, 0x530c, 0x0000, 0x0000, 0x0000, 0x0000, 0x0000,
0x0000, 0x0000, 0x0000, 0x0000, 0x0000, 0x0000, 0x0841, 0xb5b6, 0x6b4d, 0xa514, 0x2965, 0x4208, 0xd69a, 0x3186, 0x0000, 0x0000,
0x8c51, 0x6b6d, 0xb596, 0x0020, 0x0000, 0x0000, 0x0020, 0xad75, 0x0000, 0x0000, 0x0020, 0x0020, 0x0000, 0x0000, 0x9492, 0x31a6,
0x0000, 0x9cd3, 0x2104, 0x18e3, 0xe71c, 0xb596, 0xb596, 0x0000, 0x0000, 0x18e3, 0xe73c, 0xd69a, 0x2945, 0xb5b6, 0x0000, 0x39e7,
0x7bef, 0x0000, 0x9492, 0x2965, 0x0000, 0x7bcf, 0xbdf7, 0xad75, 0x4a49, 0xce59, 0x9492, 0x9492, 0x9492, 0xbdf7, 0x5acb, 0x0000,
0x0000, 0x630c, 0xce59, 0xad55, 0xc618, 0x8430, 0x1082, 0xad75, 0x0000, 0xc618, 0x0841, 0x0000, 0x0000, 0x0000, 0x8c71, 0x2965,
0x0000, 0x0000, 0x2965, 0x9492, 0x0000, 0x0000, 0xc618, 0x0020, 0x0000, 0x0000, 0x0000, 0x0000, 0x0000, 0x0000, 0x0000, 0x0000,
0x0000, 0x0000, 0x0000, 0x0000, 0x0000, 0x0000, 0x0000, 0x0000, 0x0000, 0x0000, 0x0000, 0x0000, 0x0000, 0x0000, 0x0000, 0x0000,
0x0000, 0x0000, 0x0000, 0x0000, 0x0000, 0x0000, 0x0000, 0x0000, 0x0000, 0x0000, 0x0000, 0x0000, 0x0000, 0x0000, 0x0000, 0x0000,
0x0000, 0x0000, 0x0000, 0x0000, 0x0000, 0x0000, 0x0000, 0x0000, 0x0000, 0x0000, 0x0000, 0x0000, 0x0000, 0x0000, 0x0000, 0x0000,
0x0000, 0x0000, 0x0000, 0x0000, 0x0000, 0x0000, 0x0000, 0x0000, 0x0000, 0x0000, 0x0000, 0x0000, 0x0000, 0x0000, 0x0000, 0x0000,
0x0000, 0x0000, 0x0000, 0x0000, 0x0000, 0x0000, 0x0000, 0x0000, 0xa58f, 0xa58f, 0xa58f, 0xa58f, 0xa58f, 0xa58f, 0xa58f, 0xa58f,
0xa58f, 0xa58f, 0xa58f, 0xa58f, 0xa58f, 0xa58f, 0xa58f, 0xa5af, 0xa58e, 0x950d, 0x84ab, 0x848b, 0x848b, 0x53e7, 0x3b26, 0x3ae6,
0x32c5, 0x32c6, 0x4ae7, 0x63a9, 0x9d4e, 0xa5af, 0x4b67, 0x2a85, 0x746b, 0xadaf, 0xa58e, 0xa58f, 0xa58f, 0xa58f, 0xa58f, 0xa58f,
0xa58e, 0xa58e, 0xa58e, 0xa58f, 0xa58f, 0xa58f, 0xa58f, 0xa58f, 0xa58f, 0xa58f, 0xa58f, 0xa58f, 0xa58f, 0xa58f, 0xa58f, 0x9d6e,
0x8c2d, 0x944d, 0x8c0d, 0x6b4b, 0x7c2c, 0x6ca9, 0x53c7, 0x4367, 0x3b26, 0x3b27, 0x8d0d, 0xa58f, 0xa58f, 0xa58f, 0xa58f, 0xa58f,
0xa58f, 0xa58f, 0xa58f, 0xa58f, 0xa58f, 0xa58f, 0xa58f, 0xa58f, 0xa58f, 0xa58f, 0xa58f, 0xa58f, 0xa58f, 0xa58f, 0xa58f, 0xa58f,
0xa58f, 0xa58f, 0xa58f, 0xa58f, 0xa58f, 0xa58f, 0xa58f, 0xa58f, 0xa58f, 0xa58f, 0xa58f, 0xa58f, 0xa58f, 0xa58f, 0xa58f, 0xa58f,
0xa58f, 0xa58f, 0xa58f, 0xa58f, 0xa58f, 0xa58f, 0xa58f, 0xa58f, 0xa58f, 0xa58f, 0xa58f, 0xa58f, 0xa58f, 0xa58f, 0xa58f, 0xa58f,
0xa58f, 0xa58f, 0xa58f, 0xa58f, 0xa58f, 0xa58f, 0xa58f, 0xa58f, 0xa58f, 0xa58f, 0xa58f, 0xa58f, 0xa58f, 0xa58f, 0xa58f, 0xa58f,
0xa58f, 0xa58f, 0xa58f, 0xa58f, 0x0000, 0x0000, 0x0000, 0x0000, 0x0000, 0x0000, 0x530c, 0x0000, 0x0000, 0x0000, 0x0000, 0x0000,
0x0000, 0x0000, 0x0000, 0x0000, 0x0000, 0x18e3, 0xc618, 0x6b6d, 0x0000, 0xa514, 0x2965, 0x0000, 0x2945, 0xd69a, 0x4208, 0x0000,
0x10a2, 0x0841, 0xb596, 0x6b4d, 0xb596, 0xad55, 0xce79, 0xffff, 0xad75, 0xad55, 0xb596, 0x39e7, 0x0000, 0x0000, 0x9492, 0x3186,
0x0000, 0x94b2, 0x2104, 0x18e3, 0x9cf3, 0x0000, 0x0841, 0x0000, 0x0000, 0x8410, 0x9cf3, 0x52aa, 0xad55, 0xb5b6, 0x0000, 0x39e7,
0x7bef, 0x0000, 0x9492, 0x2965, 0x0000, 0xa514, 0xb596, 0x3186, 0x5acb, 0x8410, 0x0000, 0x0000, 0x0000, 0x630c, 0x5acb, 0x0000,
0x0000, 0x6b6d, 0x528a, 0x0000, 0x4228, 0x7bcf, 0x0000, 0xc638, 0x4228, 0x9492, 0x0000, 0x0000, 0x0000, 0x0000, 0x8c71, 0x2965,
0x0000, 0x0000, 0x630c, 0x630c, 0x0000, 0x0000, 0xc638, 0x0000, 0x0000, 0x0000, 0x0000, 0x0000, 0x0000, 0x0000, 0x0000, 0x0000,
0x0000, 0x0000, 0x0000, 0x0000, 0x0000, 0x0000, 0x0000, 0x0000, 0x0000, 0x0000, 0x0000, 0x0000, 0x0000, 0x0000, 0x0000, 0x0000,
0x0000, 0x0000, 0x0000, 0x0000, 0x0000, 0x0000, 0x0000, 0x0000, 0x0000, 0x0000, 0x0000, 0x0000, 0x0000, 0x0000, 0x0000, 0x0000,
0x0000, 0x0000, 0x0000, 0x0000, 0x0000, 0x0000, 0x0000, 0x0000, 0x0000, 0x0000, 0x0000, 0x0000, 0x0000, 0x0000, 0x0000, 0x0000,
0x0000, 0x0000, 0x0000, 0x0000, 0x0000, 0x0000, 0x0000, 0x0000, 0x0000, 0x0000, 0x0000, 0x0000, 0x0000, 0x0000, 0x0000, 0x0000,
0x0000, 0x0000, 0x0000, 0x0000, 0x0000, 0x0000, 0x0000, 0x0000, 0xa58f, 0xa58f, 0xa58f, 0xa58f, 0xa58f, 0xa58f, 0xa58f, 0xa58f,
0xa58f, 0xa58f, 0xa58f, 0xa58f, 0xa58f, 0xa58f, 0xa58f, 0x952d, 0x84ac, 0x848b, 0x848b, 0x84ab, 0x746a, 0x4b86, 0x4326, 0x3b06,
0x32c5, 0x2aa5, 0x4b68, 0x9d4e, 0x9d6e, 0x84ec, 0x4326, 0x2aa5, 0x5bea, 0xa5af, 0x9d8e, 0xa58f, 0xa58f, 0xa58f, 0xa58f, 0xa58f,
0xa58f, 0xa58f, 0xa58f, 0xa58f, 0xa58f, 0xa58f, 0xa58f, 0xa58f, 0xa58f, 0xa58f, 0xa58f, 0xa58f, 0xa58f, 0xa58f, 0xa58f, 0xa58f,
0x950d, 0x7c2c, 0x6b8a, 0x7c2c, 0x7ccb, 0x5c48, 0x53c7, 0x4b67, 0x4327, 0x32e6, 0x63ea, 0x8ccd, 0x8ccd, 0x950d, 0x954e, 0x9d6e,
0xa58f, 0xa58f, 0xa58f, 0xa58f, 0xa58f, 0xa58f, 0xa58f, 0xa58f, 0xa58f, 0xa58f, 0xa58f, 0xa58f, 0xa58f, 0xa58f, 0xa58f, 0xa58f,
0xa58f, 0xa58f, 0xa58f, 0xa58f, 0xa58f, 0xa58f, 0xa58f, 0xa58f, 0xa58f, 0xa58f, 0xa58f, 0xa58f, 0xa58f, 0xa58f, 0xa58f, 0xa58f,
0xa58f, 0xa58f, 0xa58f, 0xa58f, 0xa58f, 0xa58f, 0xa58f, 0xa58f, 0xa58f, 0xa58f, 0xa58f, 0xa58f, 0xa58f, 0xa58f, 0xa58f, 0xa58f,
0xa58f, 0xa58f, 0xa58f, 0xa58f, 0xa58f, 0xa58f, 0xa58f, 0xa58f, 0xa58f, 0xa58f, 0xa58f, 0xa58f, 0xa58f, 0xa58f, 0xa58f, 0xa58f,
0xa58f, 0xa58f, 0xa58f, 0xa58f, 0x0000, 0x0000, 0x0000, 0x0000, 0x0000, 0x0000, 0x530c, 0x0000, 0x0000, 0x0000, 0x0000, 0x0000,
0x0000, 0x0000, 0x0000, 0x0000, 0x4228, 0xe71c, 0x52aa, 0x0000, 0x0000, 0xa514, 0x2965, 0x0000, 0x0000, 0x18c3, 0xd69a, 0x39e7,
0x0000, 0x0020, 0xb596, 0x0000, 0x0000, 0x0841, 0xad75, 0xdedb, 0x8410, 0x0000, 0x0000, 0x0000, 0x0000, 0x0000, 0x9492, 0x3186,
0x0000, 0x94b2, 0x2104, 0x18e3, 0x9cf3, 0x0000, 0x0000, 0x0000, 0x2945, 0xad75, 0x73ae, 0x39e7, 0x0841, 0xc638, 0xa534, 0xbdf7,
0xd69a, 0xa534, 0xdedb, 0x3186, 0x632c, 0x632c, 0xb596, 0x0000, 0x39e7, 0xce79, 0x94b2, 0x94b2, 0x94b2, 0xc618, 0x5acb, 0x0000,
0x0000, 0x8430, 0x39e7, 0x0000, 0x52aa, 0x632c, 0x0000, 0x94b2, 0xd6ba, 0x18c3, 0x0000, 0x0000, 0x0000, 0x0000, 0x8c71, 0x6b4d,
0xad55, 0x1082, 0xb596, 0x2104, 0x0000, 0x0000, 0xc638, 0x0000, 0x0000, 0x0000, 0x0000, 0x0000, 0x0000, 0x0000, 0x0000, 0x0000,
0x0000, 0x0000, 0x0000, 0x0000, 0x0000, 0x0000, 0x0000, 0x0000, 0x0000, 0x0000, 0x0000, 0x0000, 0x0000, 0x0000, 0x0000, 0x0000,
0x0000, 0x0000, 0x0000, 0x0000, 0x0000, 0x0000, 0x0000, 0x0000, 0x0000, 0x0000, 0x0000, 0x0000, 0x0000, 0x0000, 0x0000, 0x0000,
0x0000, 0x0000, 0x0000, 0x0000, 0x0000, 0x0000, 0x0000, 0x0000, 0x0000, 0x0000, 0x0000, 0x0000, 0x0000, 0x0000, 0x0000, 0x0000,
0x0000, 0x0000, 0x0000, 0x0000, 0x0000, 0x0000, 0x0000, 0x0000, 0x0000, 0x0000, 0x0000, 0x0000, 0x0000, 0x0000, 0x0000, 0x0000,
0x0000, 0x0000, 0x0000, 0x0000, 0x0000, 0x0000, 0x0000, 0x0000, 0xa58f, 0xa58f, 0xa58f, 0xa58f, 0xa58f, 0xa58f, 0xa58f, 0xa58f,
0xa58f, 0xa58f, 0xa58f, 0xa58f, 0xa58f, 0x9d6e, 0x8ccc, 0x848b, 0x848b, 0x848b, 0x848b, 0x848b, 0x7c6b, 0x4b86, 0x4346, 0x3b06,
0x32c5, 0x2ac5, 0x32c6, 0x744b, 0x84ad, 0x6c6a, 0x3b06, 0x32a5, 0x4b88, 0xa58f, 0xa58f, 0xa58f, 0xa58f, 0xa58f, 0xa58f, 0xa58f,
0xa58f, 0xa58f, 0xa58f, 0xa58f, 0xa58f, 0xa58f, 0xa58f, 0xa58f, 0xa58f, 0xa58f, 0xa58f, 0xa58f, 0xa58f, 0xa58f, 0xa58f, 0xa58f,
0xa5af, 0xa5af, 0xa5af, 0xadf0, 0x7ceb, 0x5408, 0x53c7, 0x4b87, 0x4327, 0x3306, 0x63ea, 0x7c8c, 0x84ac, 0x950e, 0x9d6e, 0xa58e,
0xa58f, 0xa58f, 0xa58f, 0xa58f, 0xa58f, 0xa58f, 0xa58f, 0xa58f, 0xa58f, 0xa58f, 0xa58f, 0xa58f, 0xa58f, 0xa58f, 0xa58f, 0xa58f,
0xa58f, 0xa58f, 0xa58f, 0xa58f, 0xa58f, 0xa58f, 0xa58f, 0xa58f, 0xa58f, 0xa58f, 0xa58f, 0xa58f, 0xa58f, 0xa58f, 0xa58f, 0xa58f,
0xa58f, 0xa58f, 0xa58f, 0xa58f, 0xa58f, 0xa58f, 0xa58f, 0xa58f, 0xa58f, 0xa58f, 0xa58f, 0xa58f, 0xa58f, 0xa58f, 0xa58f, 0xa58f,
0xa58f, 0xa58f, 0xa58f, 0xa58f, 0xa58f, 0xa58f, 0xa58f, 0xa58f, 0xa58f, 0xa58f, 0xa58f, 0xa58f, 0xa58f, 0xa58f, 0xa58f, 0xa58f,
0xa58f, 0xa58f, 0xa58f, 0xa58f, 0x0000, 0x0000, 0x0000, 0x0000, 0x0000, 0x0000, 0x530c, 0x0000, 0x0000, 0x0000, 0x0000, 0x0000,
0x0000, 0x0000, 0x0000, 0x0000, 0x18c3, 0x2104, 0x0000, 0x0000, 0x0000, 0xa514, 0x2965, 0x0000, 0x0000, 0x0000, 0x18c3, 0x0861,
0x0000, 0x0020, 0xb596, 0x0000, 0x0841, 0xb596, 0x4208, 0xad75, 0x8c51, 0x73ae, 0x0000, 0x0000, 0x0000, 0x0000, 0x9492, 0x4228,
0x5acb, 0x94b2, 0x2104, 0x18e3, 0x9cf3, 0x0000, 0x0000, 0x0000, 0x7bcf, 0x2124, 0x73ae, 0x39e7, 0x0000, 0x5aeb, 0x0000, 0x39e7,
0x7bef, 0x0000, 0x4208, 0x18c3, 0x3186, 0x0841, 0xb596, 0x0000, 0x39e7, 0x8410, 0x0000, 0x0000, 0x0000, 0x630c, 0x5acb, 0x0000,
0x0000, 0xad55, 0x2945, 0x0841, 0x7bef, 0x4228, 0x0000, 0x94b2, 0xa534, 0x0000, 0x10a2, 0x0841, 0x2104, 0x8410, 0xdedb, 0x9cf3,
0x2965, 0x18c3, 0xbdf7, 0x0000, 0x0000, 0x0000, 0xce59, 0x0000, 0x0000, 0x0000, 0x0000, 0x0000, 0x0000, 0x0000, 0x0000, 0x0000,
0x0000, 0x0000, 0x0000, 0x0000, 0x0000, 0x0000, 0x0000, 0x0000, 0x0000, 0x0000, 0x0000, 0x0000, 0x0000, 0x0000, 0x0000, 0x0000,
0x0000, 0x0000, 0x0000, 0x0000, 0x0000, 0x0000, 0x0000, 0x0000, 0x0000, 0x0000, 0x0000, 0x0000, 0x0000, 0x0000, 0x0000, 0x0000,
0x0000, 0x0000, 0x0000, 0x0000, 0x0000, 0x0000, 0x0000, 0x0000, 0x0000, 0x0000, 0x0000, 0x0000, 0x0000, 0x0000, 0x0000, 0x0000,
0x0000, 0x0000, 0x0000, 0x0000, 0x0000, 0x0000, 0x0000, 0x0000, 0x0000, 0x0000, 0x0000, 0x0000, 0x0000, 0x0000, 0x0000, 0x0000,
0x0000, 0x0000, 0x0000, 0x0000, 0x0000, 0x0000, 0x0000, 0x0000, 0x0000, 0x0000, 0x0000, 0x0000, 0x0000, 0x0000, 0x0000, 0x0000,
0x0000, 0x0000, 0x0000, 0x0000, 0x0000, 0x0000, 0x0000, 0x0000, 0x0000, 0x0000, 0x0000, 0x0000, 0x0000, 0x0000, 0x0000, 0x0000,
0x0000, 0x0000, 0x0000, 0x0000, 0x0000, 0x0000, 0x0000, 0x0000, 0x0000, 0x0000, 0x0000, 0x0000, 0x0000, 0x0000, 0x0000, 0x0000,
0x0000, 0x0000, 0x0000, 0x0000, 0x0000, 0x0000, 0x0000, 0x0000, 0x0000, 0x0000, 0x0000, 0x0000, 0x0000, 0x0000, 0x0000, 0x0000,
0x0000, 0x0000, 0x0000, 0x0000, 0x0000, 0x0000, 0x0000, 0x0000, 0x0000, 0x0000, 0x0000, 0x0000, 0x0000, 0x0000, 0x0000, 0x0000,
0x0000, 0x0000, 0x0000, 0x0000, 0x0000, 0x0000, 0x0000, 0x0000, 0x0000, 0x0000, 0x0000, 0x0000, 0x0000, 0x0000, 0x0000, 0x0000,
0x0000, 0x0000, 0x0000, 0x0000, 0x0000, 0x0000, 0x0000, 0x0000, 0x0000, 0x0000, 0x0000, 0x0000, 0x0000, 0x0000, 0x0000, 0x0000,
0x0000, 0x0000, 0x0000, 0x0000, 0x0000, 0x0000, 0x0000, 0x0000, 0x0000, 0x0000, 0x0000, 0x0000, 0x0000, 0x0000, 0x0000, 0x0000,
0x0000, 0x0000, 0x0000, 0x0000, 0x0000, 0x0000, 0x0000, 0x0000, 0x0000, 0x0000, 0x0000, 0x0000, 0x0000, 0x0000, 0x0000, 0x0000,
0x0000, 0x0000, 0x0000, 0x0000, 0x0000, 0x0000, 0x0000, 0x0000, 0x0000, 0x0000, 0x530c, 0x0000, 0x0000, 0x0000, 0x0000, 0x0000,
0x0000, 0x0000, 0x0000, 0x0000, 0x0000, 0x0000, 0x0000, 0x0000, 0x0000, 0xa514, 0x2965, 0x0000, 0x0000, 0x0000, 0x0000, 0x0000,
0x0000, 0x0020, 0xb596, 0x2945, 0xc638, 0x52aa, 0x0020, 0xad75, 0x0000, 0x94b2, 0xbdd7, 0x18e3, 0x0000, 0x0000, 0xbdd7, 0xce79,
0x39c7, 0x94b2, 0x2104, 0x18e3, 0x9cf3, 0x0000, 0x0000, 0x0000, 0x0000, 0x0000, 0x73ae, 0x39e7, 0x0000, 0x0000, 0x0000, 0x39e7,
0x7bef, 0x0000, 0x0000, 0x0000, 0x0000, 0x0000, 0xb596, 0x0000, 0x39e7, 0xce79, 0x9cd3, 0x9cd3, 0x9cd3, 0xc618, 0x5acb, 0x0000,
0x0000, 0xc618, 0x2965, 0xad55, 0x9cd3, 0x0841, 0x632c, 0xa534, 0xce59, 0x2124, 0x5aeb, 0x5acb, 0x39c7, 0x6b4d, 0x0861, 0x0000,
0x0000, 0xad75, 0x4228, 0x0000, 0x0000, 0x0841, 0xc618, 0x0000, 0x0000, 0x0000, 0x0000, 0x0000, 0x0000, 0x0000, 0x0000, 0x0000,
0x0000, 0x0000, 0x0000, 0x0000, 0x0000, 0x0000, 0x0000, 0x0000, 0x0000, 0x0000, 0x0000, 0x0000, 0x0000, 0x0000, 0x0000, 0x0000,
0x0000, 0x0000, 0x0000, 0x0000, 0x0000, 0x0000, 0x0000, 0x0000, 0x0000, 0x0000, 0x0000, 0x0000, 0x0000, 0x0000, 0x0000, 0x0000,
0x0000, 0x0000, 0x0000, 0x0000, 0x0000, 0x0000, 0x0000, 0x0000, 0x0000, 0x0000, 0x0000, 0x0000, 0x0000, 0x0000, 0x0000, 0x0000,
0x0000, 0x0000, 0x0000, 0x0000, 0x0000, 0x0000, 0x0000, 0x0000, 0x0000, 0x0000, 0x0000, 0x0000, 0x0000, 0x0000, 0x0000, 0x0000,
0x0000, 0x0000, 0x0000, 0x0000, 0x0000, 0x0000, 0x0000, 0x0000, 0x0000, 0x0000, 0x0000, 0x0000, 0x0000, 0x0000, 0x0000, 0x0000,
0x0000, 0x0000, 0x0000, 0x0000, 0x0000, 0x0000, 0x0000, 0x0000, 0x0000, 0x0000, 0x0000, 0x0000, 0x0000, 0x0000, 0x0000, 0x0000,
0x0000, 0x0000, 0x0000, 0x0000, 0x0000, 0x0000, 0x0000, 0x0000, 0x0000, 0x0000, 0x0000, 0x0000, 0x0000, 0x0000, 0x0000, 0x0000,
0x0000, 0x0000, 0x0000, 0x0000, 0x0000, 0x0000, 0x0000, 0x0000, 0x0000, 0x0000, 0x0000, 0x0000, 0x0000, 0x0000, 0x0000, 0x0000,
0x0000, 0x0000, 0x0000, 0x0000, 0x0000, 0x0000, 0x0000, 0x0000, 0x0000, 0x0000, 0x0000, 0x0000, 0x0000, 0x0000, 0x0000, 0x0000,
0x0000, 0x0000, 0x0000, 0x0000, 0x0000, 0x0000, 0x0000, 0x0000, 0x0000, 0x0000, 0x0000, 0x0000, 0x0000, 0x0000, 0x0000, 0x0000,
0x0000, 0x0000, 0x0000, 0x0000, 0x0000, 0x0000, 0x0000, 0x0000, 0x0000, 0x0000, 0x0000, 0x0000, 0x0000, 0x0000, 0x0000, 0x0000,
0x0000, 0x0000, 0x0000, 0x0000, 0x0000, 0x0000, 0x0000, 0x0000, 0x0000, 0x0000, 0x0000, 0x0000, 0x0000, 0x0000, 0x0000, 0x0000,
0x0000, 0x0000, 0x0000, 0x0000, 0x0000, 0x0000, 0x0000, 0x0000, 0x0000, 0x0000, 0x0000, 0x0000, 0x0000, 0x0000, 0x0000, 0x0000,
0x0000, 0x0000, 0x0000, 0x0000, 0x0000, 0x0000, 0x0000, 0x0000, 0x0000, 0x0000, 0x530c, 0x0000, 0x0000, 0x0000, 0x0000, 0x0000,
0x0000, 0x0000, 0x0000, 0x0000, 0x0000, 0x0000, 0x0000, 0x0000, 0x0000, 0xa534, 0x3186, 0x0000, 0x0000, 0x0000, 0x0000, 0x0000,
0x0000, 0x0841, 0xb5b6, 0xa514, 0x31a6, 0x0000, 0x0841, 0xb596, 0x0000, 0x0000, 0x632c, 0x630c, 0x0000, 0x0000, 0x4208, 0x0020,
0xad55, 0xe71c, 0xbdf7, 0xbdf7, 0xe71c, 0xb596, 0xb5b6, 0x6b4d, 0x0000, 0x0000, 0x7bcf, 0x4208, 0x0000, 0x0000, 0x0000, 0x4208,
0x8410, 0x0000, 0x0000, 0x0000, 0x0000, 0x0000, 0xb5b6, 0x0020, 0x4208, 0x8410, 0x0000, 0x0000, 0x0000, 0x630c, 0x5aeb, 0x0020,
0x2104, 0xb5b6, 0x0000, 0x0000, 0x0000, 0x7bcf, 0xc638, 0x0841, 0x528a, 0xc618, 0x94b2, 0x2965, 0x0000, 0x0000, 0x0000, 0x0000,
0x8430, 0x8c71, 0x0000, 0x1082, 0x0841, 0x4228, 0x9cd3, 0x0000, 0x0000, 0x0000, 0x0000, 0x0000, 0x0000, 0x0000, 0x0000, 0x0000,
0x0000, 0x0000, 0x0000, 0x0000, 0x0000, 0x0000, 0x0000, 0x0000, 0x0000, 0x0000, 0x0000, 0x0000, 0x0000, 0x0000, 0x0000, 0x0000,
0x0000, 0x0000, 0x0000, 0x0000, 0x0000, 0x0000, 0x0000, 0x0000, 0x0000, 0x0000, 0x0000, 0x0000, 0x0000, 0x0000, 0x0000, 0x0000,
0x0000, 0x0000, 0x0000, 0x0000, 0x0000, 0x0000, 0x0000, 0x0000, 0x0000, 0x0000, 0x0000, 0x0000, 0x0000, 0x0000, 0x0000, 0x0000,
0x0000, 0x0000, 0x0000, 0x0000, 0x0000, 0x0000, 0x0000, 0x0000, 0x0000, 0x0000, 0x0000, 0x0000, 0x0000, 0x0000, 0x0000, 0x0000,
0x0000, 0x0000, 0x0000, 0x0000, 0x0000, 0x0000, 0x0000, 0x0000, 0x0000, 0x0000, 0x0000, 0x0000, 0x0000, 0x0000, 0x0000, 0x0000,
0x0000, 0x0000, 0x0000, 0x0000, 0x0000, 0x0000, 0x0000, 0x0000, 0x0000, 0x0000, 0x0000, 0x0000, 0x0000, 0x0000, 0x0000, 0x0000,
0x0000, 0x0000, 0x0000, 0x2945, 0x2124, 0x0000, 0x52ab, 0x52ec, 0x52ec, 0x52ec, 0x52ec, 0x4a8a, 0x0000, 0x0000, 0x39e8, 0x636e,
0x636e, 0x636e, 0x636e, 0x636e, 0x636e, 0x634d, 0x0000, 0x0000, 0x31a6, 0x3a08, 0x0000, 0x0882, 0x52ab, 0x0000, 0x634d, 0x0000,
0x0020, 0x0861, 0x5b2d, 0x5b0c, 0x5b0c, 0x5b0c, 0x3a08, 0x31c7, 0x0000, 0x6b8e, 0x0000, 0x0000, 0x0020, 0x0000, 0x0000, 0x0000,
0x0000, 0x0000, 0x0020, 0x0020, 0x0000, 0x0000, 0x0020, 0x0000, 0x0000, 0x52ec, 0x10a3, 0x0000, 0x0000, 0x0020, 0x0000, 0x0000,
0x0000, 0x0000, 0x0000, 0x0000, 0x0000, 0x0000, 0x0000, 0x0000, 0x0000, 0x0000, 0x0000, 0x0000, 0x0000, 0x0000, 0x0000, 0x0000,
0x0000, 0x0000, 0x0000, 0x0000, 0x0000, 0x0000, 0x0000, 0x0000, 0x0000, 0x0000, 0x0000, 0x0000, 0x0000, 0x0000, 0x0000, 0x0000,
0x0000, 0x0000, 0x0000, 0x0000, 0x0000, 0x0000, 0x0000, 0x0000, 0x0000, 0x0000, 0x0000, 0x0000, 0x0000, 0x0000, 0x0000, 0x0000,
0x0000, 0x0000, 0x0000, 0x0000, 0x0000, 0x0000, 0x0000, 0x0000, 0x0000, 0x0000, 0x530c, 0x0000, 0x0000, 0x0000, 0x0000, 0x0000,
0x0000, 0x0000, 0x0000, 0x0000, 0x0000, 0x0000, 0x0000, 0x0000, 0x0000, 0x9cd3, 0x31a6, 0x0000, 0x0000, 0x0000, 0x0000, 0x0000,
0x0000, 0x1082, 0xa534, 0x0000, 0x0000, 0x0000, 0x1082, 0xa534, 0x0000, 0x0000, 0x0000, 0x0000, 0x0000, 0x0000, 0x0000, 0x0000,
0x0841, 0x0000, 0x0000, 0x0000, 0x0000, 0x0000, 0x0020, 0x0861, 0x0000, 0x0000, 0x738e, 0x4208, 0x0000, 0x0000, 0x0000, 0x4208,
0x7bcf, 0x0000, 0x0000, 0x0000, 0x0000, 0x0000, 0xce59, 0x6b4d, 0xb5b6, 0xb596, 0xb596, 0xb596, 0xb596, 0xb596, 0xb5b6, 0x630c,
0x630c, 0x52aa, 0x0000, 0x0000, 0x9492, 0x8c51, 0x0841, 0x0000, 0x0000, 0x7bef, 0xad75, 0x0000, 0x0000, 0x0000, 0x0000, 0x4a49,
0x8c51, 0x0000, 0x0000, 0x4208, 0xb5b6, 0xb5b6, 0x2945, 0x0000, 0x0000, 0x0000, 0x0000, 0x0000, 0x0000, 0x0000, 0x0000, 0x0000,
0x0000, 0x0000, 0x0000, 0x0000, 0x0000, 0x0000, 0x0000, 0x0000, 0x0000, 0x0000, 0x0000, 0x0000, 0x0000, 0x0000, 0x0000, 0x0000,
0x0000, 0x0000, 0x0000, 0x0000, 0x0000, 0x0000, 0x0000, 0x0000, 0x0000, 0x0000, 0x0000, 0x0000, 0x0000, 0x0000, 0x0000, 0x0000,
0x0000, 0x0000, 0x0000, 0x0000, 0x0000, 0x0000, 0x0000, 0x0000, 0x0000, 0x0000, 0x0000, 0x0000, 0x0000, 0x0000, 0x0000, 0x0000,
0x0000, 0x0000, 0x0000, 0x0000, 0x0000, 0x0000, 0x0000, 0x0000, 0x0000, 0x0000, 0x0000, 0x0000, 0x0000, 0x0000, 0x0000, 0x0000,
0x0000, 0x0000, 0x0000, 0x0000, 0x0000, 0x0000, 0x0000, 0x0000, 0x0000, 0x0000, 0x73f0, 0x2145, 0x0000, 0x0000, 0x4aaa, 0x52ec,
0x0000, 0x0000, 0x18e3, 0x7c51, 0x0000, 0x0000, 0x0000, 0x0000, 0x0000, 0x0000, 0x2986, 0x5b2c, 0x0000, 0x0000, 0x0000, 0x0000,
0x0000, 0x0000, 0x0000, 0x0841, 0x7c51, 0x0862, 0x0020, 0x2104, 0x4229, 0x0841, 0x5b2d, 0x1904, 0x0000, 0x0000, 0x5b0c, 0x1082,
0x0000, 0x2986, 0x3a08, 0x0000, 0x0000, 0x6baf, 0x0000, 0x0000, 0x31a6, 0x39e7, 0x4228, 0x636d, 0x8472, 0x5b2c, 0x8cb3, 0x5b2d,
0x31a7, 0x0000, 0x0841, 0x634d, 0x0041, 0x5b2d, 0x0000, 0x6baf, 0x0000, 0x6baf, 0x0000, 0x0000, 0x2145, 0x6baf, 0x6b8e, 0x6b8e,
0x6b8e, 0x6b8e, 0x6baf, 0x2124, 0x0000, 0x0000, 0x4229, 0x5b2d, 0x8cb3, 0x5b0c, 0x5b0c, 0x8cd3, 0x5b2c, 0x4249, 0x0000, 0x0000,
0x0000, 0x0000, 0x0000, 0x0000, 0x0000, 0x0000, 0x0000, 0x0000, 0x0000, 0x0000, 0x0000, 0x0000, 0x0000, 0x0000, 0x0000, 0x0000,
0x0000, 0x0000, 0x0000, 0x0000, 0x0000, 0x0000, 0x0000, 0x0000, 0x0000, 0x0000, 0x0000, 0x0000, 0x0000, 0x0000, 0x0000, 0x0000,
0x0000, 0x0000, 0x0000, 0x0000, 0x0000, 0x0000, 0x0000, 0x0000, 0x0000, 0x0000, 0x0000, 0x0000, 0x0000, 0x0000, 0x0000, 0x0000,
0x0000, 0x0000, 0x0000, 0x0000, 0x0000, 0x0000, 0x0000, 0x0000, 0x0000, 0x0000, 0x530c, 0x0000, 0x0000, 0x0000, 0x0000, 0x0000,
0x0000, 0x0000, 0x0000, 0x0000, 0x0000, 0x0000, 0x0000, 0x0000, 0x0000, 0x0000, 0x0000, 0x0000, 0x0000, 0x0000, 0x0000, 0x0000,
0x0000, 0x0000, 0x0000, 0x0000, 0x0000, 0x0000, 0x0000, 0x0000, 0x0000, 0x0000, 0x0000, 0x0000, 0x0000, 0x0000, 0x0000, 0x0000,
0x0000, 0x0000, 0x0000, 0x0000, 0x0000, 0x0000, 0x0000, 0x0000, 0x0000, 0x0000, 0x0000, 0x0000, 0x0000, 0x0000, 0x0000, 0x0000,
0x0000, 0x0000, 0x0000, 0x0000, 0x0000, 0x0000, 0x0841, 0x0000, 0x0000, 0x0000, 0x0000, 0x0000, 0x0000, 0x0000, 0x0000, 0x0000,
0x0000, 0x0000, 0x0000, 0x0000, 0x0000, 0x0000, 0x0000, 0x0000, 0x0000, 0x0000, 0x0000, 0x0000, 0x0000, 0x0000, 0x0000, 0x0000,
0x0000, 0x0000, 0x0000, 0x0000, 0x0000, 0x0000, 0x0000, 0x0000, 0x0000, 0x0000, 0x0000, 0x0000, 0x0000, 0x0000, 0x0000, 0x0000,
0x0000, 0x0000, 0x0000, 0x0000, 0x0000, 0x0000, 0x0000, 0x0000, 0x0000, 0x0000, 0x0000, 0x0000, 0x0000, 0x0000, 0x0000, 0x0000,
0x0000, 0x0000, 0x0000, 0x0000, 0x0000, 0x0000, 0x0000, 0x0000, 0x0000, 0x0000, 0x0000, 0x0000, 0x0000, 0x0000, 0x0000, 0x0000,
0x0000, 0x0000, 0x0000, 0x0000, 0x0000, 0x0000, 0x0000, 0x0000, 0x0000, 0x0000, 0x0000, 0x0000, 0x0000, 0x0000, 0x0000, 0x0000,
0x0000, 0x0000, 0x0000, 0x0000, 0x0000, 0x0000, 0x0000, 0x0000, 0x0000, 0x0000, 0x0000, 0x0000, 0x0000, 0x0000, 0x0000, 0x0000,
0x0000, 0x0000, 0x0000, 0x0000, 0x0000, 0x0000, 0x0000, 0x0000, 0x0000, 0x0000, 0x3a28, 0x4a6a, 0x0000, 0x0000, 0x73cf, 0x73f0,
0x0000, 0x0000, 0x3a28, 0x4a8a, 0x0000, 0x0000, 0x0000, 0x0000, 0x0000, 0x0000, 0x2945, 0x52ec, 0x0000, 0x0000, 0x0000, 0x0000,
0x0000, 0x0000, 0x0000, 0x0000, 0x2104, 0x31a6, 0x3a08, 0x52cb, 0x8451, 0x9d35, 0x5b0c, 0x52cb, 0x0020, 0x0000, 0x5b0c, 0x1082,
0x0000, 0x2986, 0x3a08, 0x0000, 0x0000, 0x6baf, 0x0000, 0x31a7, 0x73cf, 0x73f0, 0x31c7, 0x634d, 0x8492, 0x52ec, 0x94f4, 0x4aaa,
0x0000, 0x2945, 0x634d, 0x8492, 0x634d, 0x8492, 0x52cb, 0x6b8e, 0x0000, 0x6baf, 0x0000, 0x0000, 0x0000, 0x0000, 0x0000, 0x0000,
0x0000, 0x0000, 0x0000, 0x0000, 0x0000, 0x2125, 0x5b0c, 0x52ec, 0x8cd3, 0x52ec, 0x52ec, 0x8cd3, 0x52ec, 0x5aec, 0x2145, 0x0000,
0x0000, 0x0000, 0x0000, 0x0000, 0x0000, 0x0000, 0x0000, 0x0000, 0x0000, 0x0000, 0x0000, 0x0000, 0x0000, 0x0000, 0x0000, 0x0000,
0x0000, 0x0000, 0x0000, 0x0000, 0x0000, 0x0000, 0x0000, 0x0000, 0x0000, 0x0000, 0x0000, 0x0000, 0x0000, 0x0000, 0x0000, 0x0000,
0x0000, 0x0000, 0x0000, 0x0000, 0x0000, 0x0000, 0x0000, 0x0000, 0x0000, 0x0000, 0x0000, 0x0000, 0x0000, 0x0000, 0x0000, 0x0000,
0x0000, 0x0000, 0x0000, 0x0000, 0x0000, 0x0000, 0x0000, 0x0000, 0x0000, 0x0000, 0x530c, 0x0000, 0x0000, 0x0000, 0x0000, 0x0000,
0x0000, 0x0000, 0x0000, 0x0000, 0x0000, 0x0000, 0x0000, 0x0000, 0x0000, 0x0000, 0x0000, 0x0000, 0x0000, 0x0000, 0x0000, 0x0000,
0x0000, 0x0000, 0x0000, 0x0000, 0x0000, 0x0000, 0x0000, 0x0000, 0x0000, 0x0000, 0x0000, 0x0000, 0x0000, 0x0000, 0x0000, 0x0000,
0x0000, 0x0000, 0x0000, 0x0000, 0x0000, 0x0000, 0x0000, 0x0000, 0x0000, 0x0000, 0x0000, 0x0000, 0x0000, 0x0000, 0x0000, 0x0000,
0x0000, 0x0000, 0x0000, 0x0000, 0x0000, 0x0000, 0x0000, 0x0000, 0x0000, 0x0000, 0x0000, 0x0000, 0x0000, 0x0000, 0x0000, 0x0000,
0x0000, 0x0000, 0x0000, 0x0000, 0x0000, 0x0000, 0x0000, 0x0000, 0x0000, 0x0000, 0x0000, 0x0000, 0x0000, 0x0000, 0x0000, 0x0000,
0x0000, 0x0000, 0x0000, 0x0000, 0x0000, 0x0000, 0x0000, 0x0000, 0x0000, 0x0000, 0x0000, 0x0000, 0x0000, 0x0000, 0x0000, 0x0000,
0x0000, 0x0000, 0x0000, 0x0000, 0x0000, 0x0000, 0x0000, 0x0000, 0x0000, 0x0000, 0x0000, 0x0000, 0x0000, 0x0000, 0x0000, 0x0000,
0x0000, 0x0000, 0x0000, 0x0000, 0x0000, 0x0000, 0x0000, 0x0000, 0x0000, 0x0000, 0x0000, 0x0000, 0x0000, 0x0000, 0x0000, 0x0000,
0x0000, 0x0000, 0x0000, 0x0000, 0x0000, 0x0000, 0x0000, 0x0000, 0x0000, 0x0000, 0x0000, 0x0000, 0x0000, 0x0000, 0x0000, 0x0000,
0x0000, 0x0000, 0x0000, 0x0000, 0x0000, 0x0000, 0x0000, 0x0000, 0x0000, 0x0000, 0x0000, 0x0000, 0x0000, 0x0000, 0x0000, 0x0000,
0x0000, 0x0000, 0x0000, 0x0000, 0x0000, 0x0000, 0x0000, 0x0000, 0x0000, 0x0000, 0x1082, 0x73f0, 0x0000, 0x0020, 0x73f0, 0x6bcf,
0x0861, 0x0000, 0x6baf, 0x18e4, 0x0000, 0x52ab, 0x73cf, 0x8472, 0x3a28, 0x0000, 0x2145, 0x634d, 0x638e, 0x6baf, 0x73f0, 0x10a2,
0x0000, 0x0000, 0x0000, 0x0000, 0x0000, 0x0000, 0x636e, 0x0000, 0x1904, 0x3a28, 0x0000, 0x5b0c, 0x0841, 0x0000, 0x5b2c, 0x6b8e,
0x634d, 0x73f0, 0x7c31, 0x634d, 0x634d, 0x8c93, 0x0000, 0x0000, 0x52ec, 0x4249, 0x18e4, 0x4a8a, 0x0000, 0x0000, 0x0000, 0x636e,
0x0000, 0x0020, 0x2104, 0x4249, 0x0041, 0x5b2d, 0x0020, 0x6baf, 0x0000, 0x6baf, 0x0000, 0x1904, 0x6b8e, 0x636e, 0x636e, 0x636e,
0x636e, 0x636e, 0x636e, 0x6b8e, 0x2124, 0x0020, 0x0020, 0x0020, 0x0000, 0x0000, 0x0000, 0x0000, 0x0000, 0x0000, 0x0020, 0x0000,
0x0000, 0x0000, 0x0000, 0x0000, 0x0000, 0x0000, 0x0000, 0x0000, 0x0000, 0x0000, 0x0000, 0x0000, 0x0000, 0x0000, 0x0000, 0x0000,
0x0000, 0x0000, 0x0000, 0x0000, 0x0000, 0x0000, 0x0000, 0x0000, 0x0000, 0x0000, 0x0000, 0x0000, 0x0000, 0x0000, 0x0000, 0x0000,
0x0000, 0x0000, 0x0000, 0x0000, 0x0000, 0x0000, 0x0000, 0x0000, 0x0000, 0x0000, 0x0000, 0x0000, 0x0000, 0x0000, 0x0000, 0x0000,
0x0000, 0x0000, 0x0000, 0x0000, 0x0000, 0x0000, 0x0000, 0x0000, 0x0000, 0x0000, 0x530c, 0x0000, 0x0000, 0x0000, 0x0000, 0x0000,
0x0000, 0x0000, 0x0000, 0x0000, 0x0000, 0x0000, 0x0000, 0x0000, 0x0000, 0x0000, 0x0000, 0x0000, 0x0000, 0x0000, 0x0000, 0x0000,
0x0000, 0x0000, 0x0000, 0x0000, 0x0000, 0x0000, 0x0000, 0x0000, 0x0000, 0x0000, 0x0000, 0x0000, 0x0000, 0x0000, 0x0000, 0x0000,
0x0000, 0x0000, 0x0000, 0x0000, 0x0000, 0x0000, 0x0000, 0x0000, 0x0000, 0x0000, 0x0000, 0x0000, 0x0000, 0x0000, 0x0000, 0x0000,
0x0000, 0x0000, 0x0000, 0x0000, 0x0000, 0x0000, 0x0000, 0x0000, 0x0000, 0x0000, 0x0000, 0x0000, 0x0000, 0x0000, 0x0000, 0x0000,
0x0000, 0x0000, 0x0000, 0x0000, 0x0000, 0x0000, 0x0000, 0x0000, 0x0000, 0x0000, 0x0000, 0x0000, 0x0000, 0x0000, 0x0000, 0x0000,
0x0000, 0x0000, 0x0000, 0x0000, 0x0000, 0x0000, 0x0000, 0x0000, 0x0000, 0x0000, 0x0000, 0x0000, 0x0000, 0x0000, 0x0000, 0x0000,
0x0000, 0x0000, 0x0000, 0x0000, 0x0000, 0x0000, 0x0000, 0x0000, 0x0000, 0x0000, 0x0000, 0x0000, 0x0000, 0x0000, 0x0000, 0x0000,
0x0000, 0x0000, 0x0000, 0x0000, 0x0000, 0x0000, 0x0000, 0x0000, 0x0000, 0x0000, 0x0000, 0x0000, 0x0000, 0x0000, 0x0000, 0x0000,
0x0000, 0x0000, 0x0000, 0x0000, 0x0000, 0x0000, 0x0000, 0x0000, 0x0000, 0x0000, 0x0000, 0x0000, 0x0000, 0x0000, 0x0000, 0x0000,
0x0000, 0x0000, 0x0000, 0x0000, 0x0000, 0x0000, 0x0000, 0x0000, 0x0000, 0x0000, 0x0000, 0x0000, 0x0000, 0x0000, 0x0000, 0x0000,
0x0000, 0x0000, 0x0000, 0x0000, 0x0000, 0x0000, 0x0000, 0x0000, 0x0000, 0x0000, 0x0000, 0x8472, 0x0000, 0x31a7, 0x4a6a, 0x4229,
0x3a08, 0x0000, 0x8492, 0x0000, 0x2965, 0x634d, 0x0000, 0x0000, 0x7c31, 0x10a2, 0x2145, 0x9515, 0x0861, 0x0000, 0x18e3, 0x73cf,
0x0000, 0x0000, 0x0000, 0x31c7, 0x5b2d, 0x2104, 0x6b8e, 0x52cb, 0x634d, 0x73f0, 0x52cb, 0x8452, 0x0841, 0x0000, 0x5b2d, 0x0861,
0x0000, 0x2986, 0x3a08, 0x0000, 0x0000, 0x6baf, 0x0000, 0x0000, 0x73f0, 0x8472, 0x2125, 0x7c31, 0x52ec, 0x52ec, 0x52ec, 0x7c31,
0x0000, 0x0000, 0x4a8a, 0x2124, 0x0841, 0x5b2c, 0x0000, 0x2124, 0x0000, 0x6baf, 0x0000, 0x0000, 0x0020, 0x0000, 0x0000, 0x2965,
0x4269, 0x0000, 0x0000, 0x0020, 0x0020, 0x0000, 0x18c3, 0x7c31, 0x52cb, 0x52cb, 0x52cb, 0x52cb, 0x7c51, 0x10a2, 0x0000, 0x0000,
0x0000, 0x0000, 0x0000, 0x0000, 0x0000, 0x0000, 0x0000, 0x0000, 0x0000, 0x0000, 0x0000, 0x0000, 0x0000, 0x0000, 0x0000, 0x0000,
0x0000, 0x0000, 0x0000, 0x0000, 0x0000, 0x0000, 0x0000, 0x0000, 0x0000, 0x0000, 0x0000, 0x0000, 0x0000, 0x0000, 0x0000, 0x0000,
0x0000, 0x0000, 0x0000, 0x0000, 0x0000, 0x0000, 0x0000, 0x0000, 0x0000, 0x0000, 0x0000, 0x0000, 0x0000, 0x0000, 0x0000, 0x0000,
0x0000, 0x0000, 0x0000, 0x0000, 0x0000, 0x0000, 0x0000, 0x0000, 0x0000, 0x0000, 0x530c, 0x0000, 0x0000, 0x0000, 0x0000, 0x0000,
0x0000, 0x0000, 0x0000, 0x0000, 0x0000, 0x0000, 0x0000, 0x0000, 0x0000, 0x0000, 0x0000, 0x0000, 0x0000, 0x0000, 0x0000, 0x0000,
0x0000, 0x0000, 0x0000, 0x0000, 0x0000, 0x0000, 0x0000, 0x0000, 0x0000, 0x0000, 0x0000, 0x0000, 0x0000, 0x0000, 0x0000, 0x0000,
0x0000, 0x0000, 0x0000, 0x0000, 0x0000, 0x0000, 0x0000, 0x0000, 0x0000, 0x0000, 0x0000, 0x0000, 0x0000, 0x0000, 0x0000, 0x0000,
0x0000, 0x0000, 0x0000, 0x0000, 0x0000, 0x0000, 0x0000, 0x0000, 0x0000, 0x0000, 0x0000, 0x0000, 0x0000, 0x0000, 0x0000, 0x0000,
0x0000, 0x0000, 0x0000, 0x0000, 0x0000, 0x0000, 0x0000, 0x0000, 0x0000, 0x0000, 0x0000, 0x0000, 0x0000, 0x0000, 0x0000, 0x0000,
0x0000, 0x0000, 0x0000, 0x0000, 0x0000, 0x0000, 0x0000, 0x0000, 0x0000, 0x0000, 0x0000, 0x0000, 0x0000, 0x0000, 0x0000, 0x0000,
0x0000, 0x0000, 0x0000, 0x0000, 0x0000, 0x0000, 0x0000, 0x0000, 0x0000, 0x0000, 0x0000, 0x0000, 0x0000, 0x0000, 0x0000, 0x0000,
0x0000, 0x0000, 0x0000, 0x0000, 0x0000, 0x0000, 0x0000, 0x0000, 0x0000, 0x0000, 0x0000, 0x0000, 0x0000, 0x0000, 0x0000, 0x0000,
0x0000, 0x0000, 0x0000, 0x0000, 0x0000, 0x0000, 0x0000, 0x0000, 0x0000, 0x0000, 0x0000, 0x0000, 0x0000, 0x0000, 0x0000, 0x0000,
0x0000, 0x0000, 0x0000, 0x0000, 0x0000, 0x0000, 0x0000, 0x0000, 0x0000, 0x0000, 0x0000, 0x0000, 0x0000, 0x0000, 0x0000, 0x0000,
0x0000, 0x0000, 0x0000, 0x0000, 0x0000, 0x0000, 0x0000, 0x0000, 0x0000, 0x0000, 0x0000, 0x5b2d, 0x2124, 0x636d, 0x18c3, 0x1082,
0x6baf, 0x18e3, 0x6b8e, 0x0000, 0x52cb, 0x7c31, 0x6b8e, 0x6b8e, 0x8492, 0x3a08, 0x2145, 0x634d, 0x0000, 0x0000, 0x0000, 0x8452,
0x0000, 0x0000, 0x0000, 0x0020, 0x31a7, 0x31a7, 0x6b8e, 0x52cb, 0x634d, 0x73f0, 0x52cb, 0x8452, 0x0841, 0x0000, 0x636e, 0x0841,
0x0000, 0x2986, 0x3a08, 0x0000, 0x0000, 0x6baf, 0x0000, 0x2124, 0x6b8e, 0x4a8a, 0x3a08, 0x7c11, 0x52cb, 0x52cb, 0x52cb, 0x7c31,
0x0000, 0x10a2, 0x7410, 0x0000, 0x0841, 0x634d, 0x0020, 0x0882, 0x6bae, 0x73f0, 0x0000, 0x0000, 0x0000, 0x636d, 0x1082, 0x2965,
0x4269, 0x0020, 0x6baf, 0x0000, 0x0000, 0x0000, 0x10c3, 0x7c11, 0x52cb, 0x52cb, 0x52cb, 0x52cb, 0x7c31, 0x0882, 0x0000, 0x0000,
0x0000, 0x0000, 0x0000, 0x0000, 0x0000, 0x0000, 0x0000, 0x0000, 0x0000, 0x0000, 0x0000, 0x0000, 0x0000, 0x0000, 0x0000, 0x0000,
0x0000, 0x0000, 0x0000, 0x0000, 0x0000, 0x0000, 0x0000, 0x0000, 0x0000, 0x0000, 0x0000, 0x0000, 0x0000, 0x0000, 0x0000, 0x0000,
0x0000, 0x0000, 0x0000, 0x0000, 0x0000, 0x0000, 0x0000, 0x0000, 0x0000, 0x0000, 0x0000, 0x0000, 0x0000, 0x0000, 0x0000, 0x0000,
0x0000, 0x0000, 0x0000, 0x0000, 0x0000, 0x0000, 0x0000, 0x0000, 0x0000, 0x0000, 0x530c, 0x0000, 0x0000, 0x0000, 0x0000, 0x0000,
0x0000, 0x0000, 0x0000, 0x0000, 0x0000, 0x0000, 0x0000, 0x0000, 0x0000, 0x0000, 0x0000, 0x0000, 0x0000, 0x0000, 0x0000, 0x0000,
0x0000, 0x0000, 0x0000, 0x0000, 0x0000, 0x0000, 0x0000, 0x0000, 0x0000, 0x0000, 0x0000, 0x0000, 0x0000, 0x0000, 0x0000, 0x0000,
0x0000, 0x0000, 0x0000, 0x0000, 0x0000, 0x0000, 0x0000, 0x0000, 0x0000, 0x0000, 0x0000, 0x0000, 0x0000, 0x0000, 0x0000, 0x0000,
0x0000, 0x0000, 0x0000, 0x0000, 0x0000, 0x0000, 0x0000, 0x0000, 0x0000, 0x0000, 0x0000, 0x0000, 0x0000, 0x0000, 0x0000, 0x0000,
0x0000, 0x0000, 0x0000, 0x0000, 0x0000, 0x0000, 0x0000, 0x0000, 0x0000, 0x0000, 0x0000, 0x0000, 0x0000, 0x0000, 0x0000, 0x0000,
0x0000, 0x0000, 0x0000, 0x0000, 0x0000, 0x0000, 0x0000, 0x0000, 0x0000, 0x0000, 0x0000, 0x0000, 0x0000, 0x0000, 0x0000, 0x0000,
0x0000, 0x0000, 0x0000, 0x0000, 0x0000, 0x0000, 0x0000, 0x0000, 0x0000, 0x0000, 0x0000, 0x0000, 0x0000, 0x0000, 0x0000, 0x0000,
0x0000, 0x0000, 0x0000, 0x0000, 0x0000, 0x0000, 0x0000, 0x0000, 0x0000, 0x0000, 0x0000, 0x0000, 0x0000, 0x0000, 0x0000, 0x0000,
0x0000, 0x0000, 0x0000, 0x0000, 0x0000, 0x0000, 0x0000, 0x0000, 0x0000, 0x0000, 0x0000, 0x0000, 0x0000, 0x0000, 0x0000, 0x0000,
0x0000, 0x0000, 0x0000, 0x0000, 0x0000, 0x0000, 0x0000, 0x0000, 0x0000, 0x0000, 0x0000, 0x0000, 0x0000, 0x0000, 0x0000, 0x0000,
0x0000, 0x0000, 0x0000, 0x0000, 0x0000, 0x0000, 0x0000, 0x0000, 0x0000, 0x0000, 0x0000, 0x2986, 0x4aab, 0x7c31, 0x0000, 0x0000,
0x7c31, 0x4269, 0x39e8, 0x0000, 0x4aab, 0x2986, 0x0000, 0x0000, 0x0000, 0x0000, 0x2145, 0x636d, 0x0000, 0x0000, 0x0000, 0x8452,
0x0000, 0x0000, 0x0000, 0x0000, 0x31a7, 0x31a7, 0x636e, 0x0000, 0x2104, 0x4228, 0x0000, 0x5b0c, 0x0841, 0x0000, 0x6bcf, 0x636e,
0x636e, 0x7410, 0x7c51, 0x636e, 0x636e, 0x8cb3, 0x0000, 0x5b0c, 0x31c7, 0x31e7, 0x0020, 0x0000, 0x18c3, 0x4a8a, 0x0000, 0x0020,
0x0020, 0x0020, 0x10a2, 0x0000, 0x0000, 0x4269, 0x2145, 0x0000, 0x0000, 0x0000, 0x0000, 0x0000, 0x0861, 0x73cf, 0x0000, 0x2965,
0x4269, 0x0000, 0x52ec, 0x2965, 0x0000, 0x0000, 0x18c3, 0x7c11, 0x52cb, 0x52cb, 0x52cb, 0x52cb, 0x7c31, 0x10a2, 0x0000, 0x0000,
0x0000, 0x0000, 0x0000, 0x0000, 0x0000, 0x0000, 0x0000, 0x0000, 0x0000, 0x0000, 0x0000, 0x0000, 0x0000, 0x0000, 0x0000, 0x0000,
0x0000, 0x0000, 0x0000, 0x0000, 0x0000, 0x0000, 0x0000, 0x0000, 0x0000, 0x0000, 0x0000, 0x0000, 0x0000, 0x0000, 0x0000, 0x0000,
0x0000, 0x0000, 0x0000, 0x0000, 0x0000, 0x0000, 0x0000, 0x0000, 0x0000, 0x0000, 0x0000, 0x0000, 0x0000, 0x0000, 0x0000, 0x0000,
0x0000, 0x0000, 0x0000, 0x0000, 0x0000, 0x0000, 0x0000, 0x0000, 0x0000, 0x0000, 0x530c, 0x0000, 0x0000, 0x0000, 0x0000, 0x0000,
0x0000, 0x0000, 0x0000, 0x0000, 0x0000, 0x0000, 0x0000, 0x0000, 0x0000, 0x0000, 0x0000, 0x0000, 0x0000, 0x0000, 0x0000, 0x0000,
0x0000, 0x0000, 0x0000, 0x0000, 0x0000, 0x0000, 0x0000, 0x0000, 0x0000, 0x0000, 0x0000, 0x0000, 0x0000, 0x0000, 0x0000, 0x0000,
0x0000, 0x0000, 0x0000, 0x0000, 0x0000, 0x0000, 0x0000, 0x0000, 0x0000, 0x0000, 0x0000, 0x0000, 0x0000, 0x0000, 0x0000, 0x0000,
0x0000, 0x0000, 0x0000, 0x0000, 0x0000, 0x0000, 0x0000, 0x0000, 0x0000, 0x0000, 0x0000, 0x0000, 0x0000, 0x0000, 0x0000, 0x0000,
0x0000, 0x0000, 0x0000, 0x0000, 0x0000, 0x0000, 0x0000, 0x0000, 0x0000, 0x0000, 0x0000, 0x0000, 0x0000, 0x0000, 0x0000, 0x0000,
0x0000, 0x0000, 0x0000, 0x0000, 0x0000, 0x0000, 0x0000, 0x0000, 0x0000, 0x0000, 0x0000, 0x0000, 0x0000, 0x0000, 0x0000, 0x0000,
0x0000, 0x0000, 0x0000, 0x0000, 0x0000, 0x0000, 0x0000, 0x0000, 0x0000, 0x0000, 0x0000, 0x0000, 0x0000, 0x0000, 0x0000, 0x0000,
0x0000, 0x0000, 0x0000, 0x0000, 0x0000, 0x0000, 0x0000, 0x0000, 0x0000, 0x0000, 0x0000, 0x0000, 0x0000, 0x0000, 0x0000, 0x0000,
0x0000, 0x0000, 0x0000, 0x0000, 0x0000, 0x0000, 0x0000, 0x0000, 0x0000, 0x0000, 0x0000, 0x0000, 0x0000, 0x0000, 0x0000, 0x0000,
0x0000, 0x0000, 0x0000, 0x0000, 0x0000, 0x0000, 0x0000, 0x0000, 0x0000, 0x0000, 0x0000, 0x0000, 0x0000, 0x0000, 0x0000, 0x0000,
0x0000, 0x0000, 0x0000, 0x0000, 0x0000, 0x0000, 0x0000, 0x0000, 0x0000, 0x0000, 0x0000, 0x0020, 0x8492, 0x5b2d, 0x0000, 0x0000,
0x52ec, 0x8cb3, 0x0861, 0x0000, 0x2124, 0x6b8e, 0x0000, 0x0000, 0x634d, 0x18c3, 0x2945, 0x9d35, 0x0861, 0x0000, 0x1904, 0x73cf,
0x0000, 0x0000, 0x0000, 0x0000, 0x39e8, 0x31c7, 0x6b8e, 0x0000, 0x2124, 0x3a08, 0x31c7, 0x7410, 0x0020, 0x0000, 0x6baf, 0x0000,
0x0000, 0x2986, 0x3a08, 0x0000, 0x0000, 0x6baf, 0x0000, 0x0000, 0x2986, 0x31e7, 0x4a8a, 0x5b0c, 0x8492, 0x9535, 0x5b0c, 0x5b0c,
0x31a7, 0x0000, 0x2986, 0x634d, 0x5b2d, 0x7c51, 0x6bcf, 0x5b2d, 0x634d, 0x31a7, 0x0000, 0x0000, 0x73cf, 0x2125, 0x0000, 0x2965,
0x4269, 0x0000, 0x0861, 0x7410, 0x0000, 0x0000, 0x2124, 0x18c3, 0x31c7, 0x3a08, 0x10c3, 0x0000, 0x2124, 0x18c3, 0x0000, 0x0000,
0x0000, 0x0000, 0x0000, 0x0000, 0x0000, 0x0000, 0x0000, 0x0000, 0x0000, 0x0000, 0x0000, 0x0000, 0x0000, 0x0000, 0x0000, 0x0000,
0x0000, 0x0000, 0x0000, 0x0000, 0x0000, 0x0000, 0x0000, 0x0000, 0x0000, 0x0000, 0x0000, 0x0000, 0x0000, 0x0000, 0x0000, 0x0000,
0x0000, 0x0000, 0x0000, 0x0000, 0x0000, 0x0000, 0x0000, 0x0000, 0x0000, 0x0000, 0x0000, 0x0000, 0x0000, 0x0000, 0x0000, 0x0000,
0x0000, 0x0000, 0x0000, 0x0000, 0x0000, 0x0000, 0x0000, 0x0000, 0x0000, 0x0000, 0x530c, 0x0000, 0x0000, 0x0000, 0x0000, 0x0000,
0x0000, 0x0000, 0x0000, 0x0000, 0x0000, 0x0000, 0x0000, 0x0000, 0x0000, 0x0000, 0x0000, 0x0000, 0x0000, 0x0000, 0x0000, 0x0000,
0x0000, 0x0000, 0x0000, 0x0000, 0x0000, 0x0000, 0x0000, 0x0000, 0x0000, 0x0000, 0x0000, 0x0000, 0x0000, 0x0000, 0x0000, 0x0000,
0x0000, 0x0000, 0x0000, 0x0000, 0x0000, 0x0000, 0x0000, 0x0000, 0x0000, 0x0000, 0x0000, 0x0000, 0x0000, 0x0000, 0x0000, 0x0000,
0x0000, 0x0000, 0x0000, 0x0000, 0x0000, 0x0000, 0x0000, 0x0000, 0x0000, 0x0000, 0x0000, 0x0000, 0x0000, 0x0000, 0x0000, 0x0000,
0x0000, 0x0000, 0x0000, 0x0000, 0x0000, 0x0000, 0x0000, 0x0000, 0x0000, 0x0000, 0x0000, 0x0000, 0x0000, 0x0000, 0x0000, 0x0000,
0x0000, 0x0000, 0x0000, 0x0000, 0x0000, 0x0000, 0x0000, 0x0000, 0x0000, 0x0000, 0x0000, 0x0000, 0x0000, 0x0000, 0x0000, 0x0000,
0x0000, 0x0000, 0x0000, 0x0000, 0x0000, 0x0000, 0x0000, 0x0000, 0x0000, 0x0000, 0x0000, 0x0000, 0x0000, 0x0000, 0x0000, 0x0000,
0x0000, 0x0000, 0x0000, 0x0000, 0x0000, 0x0000, 0x0000, 0x0000, 0x0000, 0x0000, 0x0000, 0x0000, 0x0000, 0x0000, 0x0000, 0x0000,
0x0000, 0x0000, 0x0000, 0x0000, 0x0000, 0x0000, 0x0000, 0x0000, 0x0000, 0x0000, 0x0000, 0x0000, 0x0000, 0x0000, 0x0000, 0x0000,
0x0000, 0x0000, 0x0000, 0x0000, 0x0000, 0x0000, 0x0000, 0x0000, 0x0000, 0x0000, 0x0000, 0x0000, 0x0000, 0x0000, 0x0000, 0x0000,
0x0000, 0x0000, 0x0000, 0x0000, 0x0000, 0x0000, 0x0000, 0x0000, 0x0000, 0x0000, 0x0000, 0x0000, 0x7c31, 0x2986, 0x0000, 0x0000,
0x2945, 0x8492, 0x0000, 0x0000, 0x0000, 0x4a8a, 0x73cf, 0x7410, 0x52cb, 0x0000, 0x2966, 0x73cf, 0x6b8e, 0x6baf, 0x73f0, 0x10a2,
0x0000, 0x0000, 0x0000, 0x2124, 0x6baf, 0x73cf, 0x2986, 0x0841, 0x0000, 0x0000, 0x0020, 0x0861, 0x0862, 0x2966, 0x5b2d, 0x0000,
0x0000, 0x2986, 0x3a08, 0x0041, 0x0020, 0x6bcf, 0x0000, 0x0000, 0x2986, 0x31e7, 0x0000, 0x2145, 0x634d, 0x2986, 0x5b0c, 0x0020,
0x0000, 0x0000, 0x0000, 0x0000, 0x0000, 0x4249, 0x2125, 0x0000, 0x0000, 0x0000, 0x0000, 0x2124, 0x4a6a, 0x0000, 0x0841, 0x2986,
0x4269, 0x0000, 0x0000, 0x5b0c, 0x0841, 0x0000, 0x73cf, 0x1082, 0x634d, 0x0020, 0x5b2d, 0x18e3, 0x52ab, 0x73f0, 0x0020, 0x0000,
0x0000, 0x0000, 0x0000, 0x0000, 0x0000, 0x0000, 0x0000, 0x0000, 0x0000, 0x0000, 0x0000, 0x0000, 0x0000, 0x0000, 0x0000, 0x0000,
0x0000, 0x0000, 0x0000, 0x0000, 0x0000, 0x0000, 0x0000, 0x0000, 0x0000, 0x0000, 0x0000, 0x0000, 0x0000, 0x0000, 0x0000, 0x0000,
0x0000, 0x0000, 0x0000, 0x0000, 0x0000, 0x0000, 0x0000, 0x0000, 0x0000, 0x0000, 0x0000, 0x0000, 0x0000, 0x0000, 0x0000, 0x0000,
0x0000, 0x0000, 0x0000, 0x0000, 0x0000, 0x0000, 0x0000, 0x0000, 0x0000, 0x0000, 0x530c, 0x0000, 0x0000, 0x0000, 0x0000, 0x0000,
0x0000, 0x0000, 0x0000, 0x0000, 0x0000, 0x0000, 0x0000, 0x0000, 0x0000, 0x0000, 0x0000, 0x0000, 0x0000, 0x0000, 0x0000, 0x0000,
0x0000, 0x0000, 0x0000, 0x0000, 0x0000, 0x0000, 0x0000, 0x0000, 0x0000, 0x0000, 0x0000, 0x0000, 0x0000, 0x0000, 0x0000, 0x0000,
0x0000, 0x0000, 0x0000, 0x0000, 0x0000, 0x0000, 0x0000, 0x0000, 0x0000, 0x0000, 0x0000, 0x0000, 0x0000, 0x0000, 0x0000, 0x0000,
0x0000, 0x0000, 0x0000, 0x0000, 0x0000, 0x0000, 0x0000, 0x0000, 0x0000, 0x0000, 0x0000, 0x0000, 0x0000, 0x0000, 0x0000, 0x0000,
0x0000, 0x0000, 0x0000, 0x0000, 0x0000, 0x0000, 0x0000, 0x0000, 0x0000, 0x0000, 0x0000, 0x0000, 0x0000, 0x0000, 0x0000, 0x0000,
0x0000, 0x0000, 0x0000, 0x0000, 0x0000, 0x0000, 0x0000, 0x0000, 0x0000, 0x0000, 0x0000, 0x0000, 0x0000, 0x0000, 0x0000, 0x0000,
0x0000, 0x0000, 0x0000, 0x0000, 0x0000, 0x0000, 0x0000, 0x0000, 0x0000, 0x0000, 0x0000, 0x0000, 0x0000, 0x0000, 0x0000, 0x0000,
0x0000, 0x0000, 0x0000, 0x0000, 0x0000, 0x0000, 0x0000, 0x0000, 0x0000, 0x0000, 0x0000, 0x0000, 0x0000, 0x0000, 0x0000, 0x0000,
0x0000, 0x0000, 0x0000, 0x0000, 0x0000, 0x0000, 0x0000, 0x0000, 0x0000, 0x0000, 0x0000, 0x0000, 0x0000, 0x0000, 0x0000, 0x0000,
0x0000, 0x0000, 0x0000, 0x0000, 0x0000, 0x0000, 0x0000, 0x0000, 0x0000, 0x0000, 0x0000, 0x0000, 0x0000, 0x0000, 0x0000, 0x0000,
0x0000, 0x0000, 0x0000, 0x0000, 0x0000, 0x0000, 0x0000, 0x0000, 0x0000, 0x0000, 0x0000, 0x0000, 0x0000, 0x0000, 0x0000, 0x0000,
0x0000, 0x0000, 0x0000, 0x0000, 0x0000, 0x0000, 0x0000, 0x0000, 0x0000, 0x0000, 0x0000, 0x0000, 0x0000, 0x0000, 0x0000, 0x0000,
0x0000, 0x0000, 0x0000, 0x2965, 0x0020, 0x0841, 0x4249, 0x634d, 0x6b8e, 0x6b8e, 0x6b8e, 0x636d, 0x2965, 0x39e8, 0x1082, 0x0000,
0x0000, 0x10a3, 0x18e3, 0x31e7, 0x634d, 0x4229, 0x0000, 0x0000, 0x31a7, 0x3a08, 0x6b8e, 0x4a8a, 0x0020, 0x0000, 0x2945, 0x73cf,
0x31e7, 0x2145, 0x638e, 0x636e, 0x636e, 0x636e, 0x636e, 0x636e, 0x636e, 0x638e, 0x2965, 0x0000, 0x0000, 0x0020, 0x634d, 0x634d,
0x10c3, 0x0000, 0x0000, 0x0000, 0x0000, 0x2965, 0x4249, 0x0020, 0x7c51, 0x5b2c, 0x5b2c, 0x6bcf, 0x2145, 0x2966, 0x2145, 0x0000,
0x0000, 0x0000, 0x0000, 0x0000, 0x0000, 0x0000, 0x0000, 0x0000, 0x0000, 0x0000, 0x0000, 0x0000, 0x0000, 0x0000, 0x0000, 0x0000,
0x0000, 0x0000, 0x0000, 0x0000, 0x0000, 0x0000, 0x0000, 0x0000, 0x0000, 0x0000, 0x0000, 0x0000, 0x0000, 0x0000, 0x0000, 0x0000,
0x0000, 0x0000, 0x0000, 0x0000, 0x0000, 0x0000, 0x0000, 0x0000, 0x0000, 0x0000, 0x0000, 0x0000, 0x0000, 0x0000, 0x0000, 0x0000,
0x0000, 0x0000, 0x0000, 0x0000, 0x0000, 0x0000, 0x0000, 0x0000, 0x0000, 0x0000, 0x530c, 0x0000, 0x0000, 0x0000, 0x0000, 0x0000,
0x0000, 0x0000, 0x0000, 0x0000, 0x0000, 0x0000, 0x0000, 0x0000, 0x0000, 0x0000, 0x0000, 0x0000, 0x0000, 0x0000, 0x0000, 0x0000,
0x0000, 0x0000, 0x0000, 0x0000, 0x0000, 0x0000, 0x0000, 0x0000, 0x0000, 0x0000, 0x0000, 0x0000, 0x0000, 0x0000, 0x0000, 0x0000,
0x0000, 0x0000, 0x0000, 0x0000, 0x0000, 0x0000, 0x0000, 0x0000, 0x0000, 0x0000, 0x0000, 0x0000, 0x0000, 0x0000, 0x0000, 0x0000,
0x0000, 0x0000, 0x0000, 0x0000, 0x0000, 0x0000, 0x0000, 0x0000, 0x0000, 0x0000, 0x0000, 0x0000, 0x0000, 0x0000, 0x0000, 0x0000,
0x0000, 0x0000, 0x0000, 0x0000, 0x0000, 0x0000, 0x0000, 0x0000, 0x0000, 0x0000, 0x0000, 0x0000, 0x0000, 0x0000, 0x0000, 0x0000,
0x0000, 0x0000, 0x0000, 0x0000, 0x0000, 0x0000, 0x0000, 0x0000, 0x0000, 0x0000, 0x0000, 0x0000, 0x0000, 0x0000, 0x0000, 0x0000,
0x0000, 0x0000, 0x0000, 0x0000, 0x0000, 0x0000, 0x0000, 0x0000, 0x0000, 0x0000, 0x0000, 0x0000, 0x0000, 0x0000, 0x0000, 0x0000,
0x0000, 0x0000, 0x0000, 0x0000, 0x0000, 0x0000, 0x0000, 0x0000, 0x0000, 0x0000, 0x0000, 0x0000, 0x0000, 0x0000, 0x0000, 0x0000,
0x0000, 0x0000, 0x0000, 0x0000, 0x0000, 0x0000, 0x0000, 0x0000, 0x0000, 0x0000, 0x0000, 0x0000, 0x0000, 0x0000, 0x0000, 0x0000,
0x0000, 0x0000, 0x0000, 0x0000, 0x0000, 0x0000, 0x0000, 0x0000, 0x0000, 0x0000, 0x0000, 0x0000, 0x0000, 0x0000, 0x0000, 0x0000,
0x0000, 0x0000, 0x0000, 0x0000, 0x0000, 0x0000, 0x0000, 0x0000, 0x0000, 0x0000, 0x0000, 0x0000, 0x0000, 0x0000, 0x0000, 0x0000,
0x0000, 0x0000, 0x0000, 0x0000, 0x0000, 0x0000, 0x0000, 0x0000, 0x0000, 0x0000, 0x0000, 0x0000, 0x0000, 0x0000, 0x0000, 0x0000,
0x0000, 0x0000, 0x0000, 0x0000, 0x0000, 0x0000, 0x0000, 0x0000, 0x0000, 0x0000, 0x0000, 0x0000, 0x0000, 0x0000, 0x0000, 0x0000,
0x0000, 0x0000, 0x0000, 0x0000, 0x0000, 0x0000, 0x0000, 0x0000, 0x0020, 0x0020, 0x0000, 0x0000, 0x0000, 0x0000, 0x0000, 0x0000,
0x0000, 0x0000, 0x0000, 0x0000, 0x0000, 0x0000, 0x0000, 0x0000, 0x0000, 0x0000, 0x0000, 0x0000, 0x0000, 0x0000, 0x0000, 0x0000,
0x0000, 0x0000, 0x0000, 0x0000, 0x0000, 0x0000, 0x0000, 0x0000, 0x0000, 0x0000, 0x0000, 0x0000, 0x0000, 0x0000, 0x0000, 0x0000,
0x0000, 0x0000, 0x0000, 0x0000, 0x0000, 0x0000, 0x0000, 0x0000, 0x0000, 0x0000, 0x0000, 0x0000, 0x0000, 0x0000, 0x0000, 0x0000,
0x0000, 0x0000, 0x0000, 0x0000, 0x0000, 0x0000, 0x0000, 0x0000, 0x0000, 0x0000, 0x0000, 0x0000, 0x0000, 0x0000, 0x0000, 0x0000,
0x0000, 0x0000, 0x0000, 0x0000, 0x0000, 0x0000, 0x0000, 0x0000, 0x0000, 0x0000, 0x0000, 0x0000, 0x0000, 0x0000, 0x0000, 0x0000,
0x0000, 0x0000, 0x0000, 0x0000, 0x0000, 0x0000, 0x0000, 0x0000, 0x0000, 0x0000, 0x530c, 0x0000, 0x0000, 0x0000, 0x0000, 0x0000,
0x0000, 0x0000, 0x0000, 0x0000, 0x0000, 0x0000, 0x0000, 0x0000, 0x0000, 0x0000, 0x0000, 0x0000, 0x0000, 0x0000, 0x0000, 0x0000,
0x0000, 0x0000, 0x0000, 0x0000, 0x0000, 0x0000, 0x0000, 0x0000, 0x0000, 0x0000, 0x0000, 0x0000, 0x0000, 0x0000, 0x0000, 0x0000,
0x0000, 0x0000, 0x0000, 0x0000, 0x0000, 0x0000, 0x0000, 0x0000, 0x0000, 0x0000, 0x0000, 0x0000, 0x0000, 0x0000, 0x0000, 0x0000,
0x0000, 0x0000, 0x0000, 0x0000, 0x0000, 0x0000, 0x0000, 0x0000, 0x0000, 0x0000, 0x0000, 0x0000, 0x0000, 0x0000, 0x0000, 0x0000,
0x0000, 0x0000, 0x0000, 0x0000, 0x0000, 0x0000, 0x0000, 0x0000, 0x0000, 0x0000, 0x0000, 0x0000, 0x0000, 0x0000, 0x0000, 0x0000,
0x0000, 0x0000, 0x0000, 0x0000, 0x0000, 0x0000, 0x0000, 0x0000, 0x0000, 0x0000, 0x0000, 0x0000, 0x0000, 0x0000, 0x0000, 0x0000,
0x0000, 0x0000, 0x0000, 0x0000, 0x0000, 0x0000, 0x0000, 0x0000, 0x0000, 0x0000, 0x0000, 0x0000, 0x0000, 0x0000, 0x0000, 0x0000,
0x0000, 0x0000, 0x0000, 0x0000, 0x0000, 0x0000, 0x0000, 0x0000, 0x0000, 0x0000, 0x0000, 0x0000, 0x0000, 0x0000, 0x0000, 0x0000,
0x0000, 0x0000, 0x0000, 0x0000, 0x0000, 0x0000, 0x0000, 0x0000, 0x0000, 0x0000, 0x0000, 0x0000, 0x0000, 0x0000, 0x0000, 0x0000,
0x0000, 0x0000, 0x0000, 0x0000, 0x0000, 0x0000, 0x0000, 0x0000, 0x0000, 0x0000, 0x0000, 0x0000, 0x0000, 0x0000, 0x0000, 0x0000,
0x0000, 0x0000, 0x0000, 0x0000, 0x0000, 0x0000, 0x0000, 0x0000, 0x0000, 0x0000, 0x0000, 0x0000, 0x0000, 0x0000, 0x0000, 0x0000,
0x0000, 0x0000, 0x0000, 0x0000, 0x0000, 0x0000, 0x0000, 0x0000, 0x0000, 0x0000, 0x0000, 0x0000, 0x0000, 0x0000, 0x0000, 0x0000,
0x0000, 0x0000, 0x0000, 0x0000, 0x0000, 0x0000, 0x0000, 0x0000, 0x0000, 0x0000, 0x0000, 0x0000, 0x0000, 0x0000, 0x0000, 0x0000,
0x0000, 0x0000, 0x0000, 0x0000, 0x0000, 0x0000, 0x0000, 0x0000, 0x0000, 0x0000, 0x0000, 0x0000, 0x0000, 0x0000, 0x0000, 0x0000,
0x0000, 0x0000, 0x0000, 0x0000, 0x0000, 0x0000, 0x0000, 0x0000, 0x0000, 0x0000, 0x0000, 0x0000, 0x0000, 0x0000, 0x0000, 0x0000,
0x0000, 0x0000, 0x0000, 0x0000, 0x0000, 0x0000, 0x0000, 0x0000, 0x0000, 0x0000, 0x0000, 0x0000, 0x0000, 0x0000, 0x0000, 0x0000,
0x0000, 0x0000, 0x0000, 0x0000, 0x0000, 0x0000, 0x0000, 0x0000, 0x0000, 0x0000, 0x0000, 0x0000, 0x0000, 0x0000, 0x0000, 0x0000,
0x0000, 0x0000, 0x0000, 0x0000, 0x0000, 0x0000, 0x0000, 0x0000, 0x0000, 0x0000, 0x0000, 0x0000, 0x0000, 0x0000, 0x0000, 0x0000,
0x0000, 0x0000, 0x0000, 0x0000, 0x0000, 0x0000, 0x0000, 0x0000, 0x0000, 0x0000, 0x0000, 0x0000, 0x0000, 0x0000, 0x0000, 0x0000,
0x0000, 0x0000, 0x0000, 0x0000, 0x0000, 0x0000, 0x0000, 0x0000, 0x0000, 0x0000, 0x530c, 0x0000, 0x0000, 0x0000, 0x0000, 0x0000,
0x0000, 0x0000, 0x0000, 0x0000, 0x0000, 0x0000, 0x0000, 0x0000, 0x0000, 0x0000, 0x0000, 0x0000, 0x0000, 0x0000, 0x0000, 0x0000,
0x0000, 0x0000, 0x0000, 0x0000, 0x0000, 0x0000, 0x0000, 0x0000, 0x0000, 0x0000, 0x0000, 0x0000, 0x0000, 0x0000, 0x0000, 0x0000,
0x0000, 0x0000, 0x0000, 0x0000, 0x0000, 0x0000, 0x0000, 0x0000, 0x0000, 0x0000, 0x0000, 0x0000, 0x0000, 0x0000, 0x0000, 0x0000,
0x0000, 0x0000, 0x0000, 0x0000, 0x0000, 0x0000, 0x0000, 0x0000, 0x0000, 0x0000, 0x0000, 0x0000, 0x0000, 0x0000, 0x0000, 0x0000,
0x0000, 0x0000, 0x0000, 0x0000, 0x0000, 0x0000, 0x0000, 0x0000, 0x0000, 0x0000, 0x0000, 0x0000, 0x0000, 0x0000, 0x0000, 0x0000,
0x0000, 0x0000, 0x0000, 0x0000, 0x0000, 0x0000, 0x0000, 0x0000, 0x0000, 0x0000, 0x0000, 0x0000, 0x0000, 0x0000, 0x0000, 0x0000,
0x0000, 0x0000, 0x0000, 0x0000, 0x0000, 0x0000, 0x0000, 0x0000, 0x0000, 0x0000, 0x0000, 0x0000, 0x0000, 0x0000, 0x0000, 0x0000,
0x0000, 0x0000, 0x0000, 0x0000, 0x0000, 0x0000, 0x0000, 0x0000, 0x0000, 0x0000, 0x0000, 0x0000, 0x0000, 0x0000, 0x0000, 0x0000,
0x0000, 0x0000, 0x0000, 0x0000, 0x0000, 0x0000, 0x0000, 0x0000, 0x0000, 0x0000, 0x0000, 0x0000, 0x0000, 0x0000, 0x0000, 0x0000,
0x0000, 0x0000, 0x0000, 0x0000, 0x0000, 0x0000, 0x0000, 0x0000, 0x0000, 0x0000, 0x0000, 0x0000, 0x0000, 0x0000, 0x0000, 0x0000,
0x0000, 0x0000, 0x0000, 0x0000, 0x0000, 0x0000, 0x0000, 0x0000, 0x0000, 0x0000, 0x0000, 0x0000, 0x0000, 0x0000, 0x0000, 0x0000,
0x0000, 0x0000, 0x0000, 0x0000, 0x0000, 0x0000, 0x0000, 0x0000, 0x0000, 0x0000, 0x0000, 0x0000, 0x0000, 0x0000, 0x0000, 0x0000,
0x0000, 0x0000, 0x0000, 0x0000, 0x0000, 0x0000, 0x0000, 0x0000, 0x0000, 0x0000, 0x0000, 0x0000, 0x0000, 0x0000, 0x0000, 0x0000,
0x0000, 0x0000, 0x0000, 0x0000, 0x0000, 0x0000, 0x0000, 0x0000, 0x0000, 0x0000, 0x0000, 0x0000, 0x0000, 0x0000, 0x0000, 0x0000,
0x0000, 0x0000, 0x0000, 0x0000, 0x0000, 0x0000, 0x0000, 0x0000, 0x0000, 0x0000, 0x0000, 0x0000, 0x0000, 0x0000, 0x0000, 0x0000,
0x0000, 0x0000, 0x0000, 0x0000, 0x0000, 0x0000, 0x0000, 0x0000, 0x0000, 0x0000, 0x0000, 0x0000, 0x0000, 0x0000, 0x0000, 0x0000,
0x0000, 0x0000, 0x0000, 0x0000, 0x0000, 0x0000, 0x0000, 0x0000, 0x0000, 0x0000, 0x0000, 0x0000, 0x0000, 0x0000, 0x0000, 0x0000,
0x0000, 0x0000, 0x0000, 0x0000, 0x0000, 0x0000, 0x0000, 0x0000, 0x0000, 0x0000, 0x0000, 0x0000, 0x0000, 0x0000, 0x0000, 0x0000,
0x0000, 0x0000, 0x0000, 0x0000, 0x0000, 0x0000, 0x0000, 0x0000, 0x0000, 0x0000, 0x0000, 0x0000, 0x0000, 0x0000, 0x0000, 0x0000,
0x0000, 0x0000, 0x0000, 0x0000, 0x0000, 0x0000, 0x0000, 0x0000, 0x0000, 0x0000, 0x530c, 0x0000, 0x0000, 0x0000, 0x0000, 0x0000,
0x0000, 0x0000, 0x0000, 0x0000, 0x0000, 0x0000, 0x0000, 0x0000, 0x0000, 0x0000, 0x0000, 0x0000, 0x0000, 0x0000, 0x0000, 0x0000,
0x0000, 0x0000, 0x0000, 0x0000, 0x0000, 0x0000, 0x0000, 0x0000, 0x0000, 0x0000, 0x0000, 0x0000, 0x0000, 0x0000, 0x0000, 0x0000,
0x0000, 0x0000, 0x0000, 0x0000, 0x0000, 0x0000, 0x0000, 0x0000, 0x0000, 0x0000, 0x0000, 0x0000, 0x0000, 0x0000, 0x0000, 0x0000,
0x0000, 0x0000, 0x0000, 0x0000, 0x0000, 0x0000, 0x0000, 0x0000, 0x0000, 0x0000, 0x0000, 0x0000, 0x0000, 0x0000, 0x0000, 0x0000,
0x0000, 0x0000, 0x0000, 0x0000, 0x0000, 0x0000, 0x0000, 0x0000, 0x0000, 0x0000, 0x0000, 0x0000, 0x0000, 0x0000, 0x0000, 0x0000,
0x0000, 0x0000, 0x0000, 0x0000, 0x0000, 0x0000, 0x0000, 0x0000, 0x0000, 0x0000, 0x0000, 0x0000, 0x0000, 0x0000, 0x0000, 0x0000,
0x0000, 0x0000, 0x0000, 0x0000, 0x0000, 0x0000, 0x0000, 0x0000, 0x0000, 0x0000, 0x0000, 0x0000, 0x0000, 0x0000, 0x0000, 0x0000,
0x0000, 0x0000, 0x0000, 0x0000, 0x0000, 0x0000, 0x0000, 0x0000, 0x0000, 0x0000, 0x0000, 0x0000, 0x0000, 0x0000, 0x0000, 0x0000,
0x0000, 0x0000, 0x0000, 0x0000, 0x0000, 0x0000, 0x0000, 0x0000, 0x0000, 0x0000, 0x0000, 0x0000, 0x0000, 0x0000, 0x0000, 0x0000,
0x0000, 0x0000, 0x0000, 0x0000, 0x0000, 0x0000, 0x0000, 0x0000, 0x0000, 0x0000, 0x0000, 0x0000, 0x0000, 0x0000, 0x0000, 0x0000,
0x0000, 0x0000, 0x0000, 0x0000, 0x0000, 0x0000, 0x0000, 0x0000, 0x0000, 0x0000, 0x0000, 0x0000, 0x0000, 0x0000, 0x0000, 0x0000,
0x0000, 0x0000, 0x0000, 0x0000, 0x0000, 0x0000, 0x0000, 0x0000, 0x0000, 0x0000, 0x0000, 0x0000, 0x0000, 0x0000, 0x0000, 0x0000,
0x0000, 0x0000, 0x0000, 0x0000, 0x0000, 0x0000, 0x0000, 0x0000, 0x0000, 0x0000, 0x0000, 0x0000, 0x0000, 0x0000, 0x0000, 0x0000,
0x0000, 0x0000, 0x0000, 0x0000, 0x0000, 0x0000, 0x0000, 0x0000, 0x0000, 0x0000, 0x0000, 0x0000, 0x0000, 0x0000, 0x0000, 0x0000,
0x0000, 0x0000, 0x0000, 0x0000, 0x0000, 0x0000, 0x0000, 0x0000, 0x0000, 0x0000, 0x0000, 0x0000, 0x0000, 0x0000, 0x0000, 0x0000,
0x0000, 0x0000, 0x0000, 0x0000, 0x0000, 0x0000, 0x0000, 0x0000, 0x0000, 0x0000, 0x0000, 0x0000, 0x0000, 0x0000, 0x0000, 0x0000,
0x0000, 0x0000, 0x0000, 0x0000, 0x0000, 0x0000, 0x0000, 0x0000, 0x0000, 0x0000, 0x0000, 0x0000, 0x0000, 0x0000, 0x0000, 0x0000,
0x0000, 0x0000, 0x0000, 0x0000, 0x0000, 0x0000, 0x0000, 0x0000, 0x0000, 0x0000, 0x0000, 0x0000, 0x0000, 0x0000, 0x0000, 0x0000,
0x0000, 0x0000, 0x0000, 0x0000, 0x0000, 0x0000, 0x0000, 0x0000, 0x0000, 0x0000, 0x0000, 0x0000, 0x0000, 0x0000, 0x0000, 0x0000,
0x0000, 0x0000, 0x0000, 0x0000, 0x0000, 0x0000, 0x0000, 0x0000, 0x0000, 0x0000, 0x0000, 0x0000, 0x0000, 0x0000, 0x0000, 0x0000,
0x0000, 0x0000, 0x0000, 0x0000, 0x0000, 0x0000, 0x0000, 0x0000, 0x0000, 0x0000, 0x0000, 0x0000, 0x0000, 0x0000, 0x0000, 0x0000,
0x0000, 0x0000, 0x0000, 0x0000, 0x0000, 0x0000, 0x0000, 0x0000, 0x0000, 0x0000, 0x0000, 0x0000, 0x0000, 0x0000, 0x0000, 0x0000,
0x0000, 0x0000, 0x0000, 0x0000, 0x0000, 0x0000, 0x0000, 0x0000, 0x0000, 0x0000, 0x0000, 0x0000, 0x0000, 0x0000, 0x0000, 0x0000,
0x0000, 0x0000, 0x0000, 0x0000, 0x0000, 0x0000, 0x0000, 0x0000, 0x0000, 0x0000, 0x0000, 0x0000, 0x0000, 0x0000, 0x0000, 0x0000,
0x0000, 0x0000, 0x0000, 0x0000, 0x0000, 0x0000, 0x0000, 0x0000, 0x0000, 0x0000, 0x0000, 0x0000, 0x0000, 0x0000, 0x0000, 0x0000,
0x0000, 0x0000, 0x0000, 0x0000, 0x0000, 0x0000, 0x0000, 0x0000, 0x0000, 0x0000, 0x0000, 0x0000, 0x0000, 0x0000, 0x0000, 0x0000,
0x0000, 0x0000, 0x0000, 0x0000, 0x0000, 0x0000, 0x0000, 0x0000, 0x0000, 0x0000, 0x0000, 0x0000, 0x0000, 0x0000, 0x0000, 0x0000,
0x0000, 0x0000, 0x0000, 0x0000, 0x0000, 0x0000, 0x0000, 0x0000, 0x0000, 0x0000, 0x0000, 0x0000, 0x0000, 0x0000, 0x0000, 0x0000,
0x0000, 0x0000, 0x0000, 0x0000, 0x0000, 0x0000, 0x0000, 0x0000, 0x0000, 0x0000, 0x0000, 0x0000, 0x0000, 0x0000, 0x0000, 0x0000,
0x0000, 0x0000, 0x0000, 0x0000, 0x0000, 0x0000, 0x0000, 0x0000, 0x0000, 0x0000, 0x0000, 0x0000, 0x0000, 0x0000, 0x0000, 0x0000,
0x0000, 0x0000, 0x0000, 0x0000, 0x0000, 0x0000, 0x0000, 0x0000, 0x0000, 0x0000, 0x0000, 0x0000, 0x0000, 0x0000, 0x0000, 0x0000,
0x0000, 0x0000, 0x0000, 0x0000, 0x0000, 0x0000, 0x0000, 0x0000, 0x0000, 0x0000, 0x0000, 0x0000, 0x0000, 0x0000, 0x0000, 0x0000,
0x0000, 0x0000, 0x0000, 0x0000, 0x0000, 0x0000, 0x0000, 0x0000, 0x0000, 0x0000, 0x0000, 0x0000, 0x0000, 0x0000, 0x0000, 0x0000,
0x0000, 0x0000, 0x0000, 0x0000, 0x0000, 0x0000, 0x0000, 0x0000, 0x0000, 0x0000, 0x0000, 0x0000, 0x0000, 0x0000, 0x0000, 0x0000,
0x0000, 0x0000, 0x0000, 0x0000, 0x0000, 0x0000, 0x0000, 0x0000, 0x0000, 0x0000, 0x0000, 0x0000, 0x0000, 0x0000, 0x0000, 0x0000,
0x0000, 0x0000, 0x0000, 0x0000, 0x0000, 0x0000, 0x0000, 0x0000, 0x0000, 0x0000, 0x0000, 0x0000, 0x0000, 0x0000, 0x0000, 0x0000,
0x0000, 0x0000, 0x0000, 0x0000, 0x0000, 0x0000, 0x0000, 0x0000, 0x0000, 0x0000, 0x0000, 0x0000, 0x0000, 0x0000, 0x0000, 0x0000,
0x0000, 0x0000, 0x0000, 0x0000, 0x0000, 0x0000, 0x0000, 0x0000, 0x0000, 0x0000, 0x0000, 0x0000, 0x0000, 0x0000, 0x0000, 0x0000,
0x0000, 0x0000, 0x0000, 0x0000, 0x0000, 0x0000, 0x0000, 0x0000, 0x0000, 0x0000, 0x0000, 0x0000, 0x0000, 0x0000, 0x0000, 0x0000,
0x0000, 0x0000, 0x0000, 0x0000, 0x0000, 0x0000, 0x0000, 0x0000, 0x0000, 0x0000, 0x0000, 0x0000, 0x0000, 0x0000, 0x0000, 0x0000,
0x0000, 0x0000, 0x0000, 0x0000, 0x0000, 0x0000, 0x0000, 0x0000, 0x0000, 0x0000, 0x0000, 0x0000, 0x0000, 0x0000, 0x0000, 0x0000,
0x0000, 0x0000, 0x0000, 0x0000, 0x0000, 0x0000, 0x0000, 0x0000, 0x0000, 0x0000, 0x0000, 0x0000, 0x0000, 0x0000, 0x0000, 0x0000,
0x0000, 0x0000, 0x0000, 0x0000, 0x0000, 0x0000, 0x0000, 0x0000, 0x0000, 0x0000, 0x0000, 0x0000, 0x0000, 0x0000, 0x0000, 0x0000,
0x0000, 0x0000, 0x0000, 0x0000, 0x0000, 0x0000, 0x0000, 0x0000, 0x0000, 0x0000, 0x0000, 0x0000, 0x0000, 0x0000, 0x0000, 0x0000,
0x0000, 0x0000, 0x0000, 0x0000, 0x0000, 0x0000, 0x0000, 0x0000, 0x0000, 0x0000, 0x0000, 0x0000, 0x0000, 0x0000, 0x0000, 0x0000,
0x0000, 0x0000, 0x0000, 0x0000, 0x0000, 0x0000, 0x0000, 0x0000, 0x0000, 0x0000, 0x0000, 0x0000, 0x0000, 0x0000, 0x0000, 0x0000,
0x0000, 0x0000, 0x0000, 0x0000, 0x0000, 0x0000, 0x0000, 0x0000, 0x0000, 0x0000, 0x0000, 0x0000, 0x0000, 0x0000, 0x0000, 0x0000,
0x0000, 0x0000, 0x0000, 0x0000, 0x0000, 0x0000, 0x0000, 0x0000, 0x0000, 0x0000, 0x0000, 0x0000, 0x0000, 0x0000, 0x0000, 0x0000,
0x0000, 0x0000, 0x0000, 0x0000, 0x0000, 0x0000, 0x0000, 0x0000, 0x0000, 0x0000, 0x0000, 0x0000, 0x0000, 0x0000, 0x0000, 0x0000,
0x0000, 0x0000, 0x0000, 0x0000, 0x0000, 0x0000, 0x0000, 0x0000, 0x0000, 0x0000, 0x0000, 0x0000, 0x0000, 0x0000, 0x0000, 0x0000,
0x0000, 0x0000, 0x0000, 0x0000, 0x0000, 0x0000, 0x0000, 0x0000, 0x0000, 0x0000, 0x0000, 0x0000, 0x0000, 0x0000, 0x0000, 0x0000,
0x0000, 0x0000, 0x0000, 0x0000, 0x0000, 0x0000, 0x0000, 0x0000, 0x0000, 0x0000, 0x0000, 0x0000, 0x0000, 0x0000, 0x0000, 0x0000,
0x0000, 0x0000, 0x0000, 0x0000, 0x0000, 0x0000, 0x0000, 0x0000, 0x0000, 0x0000, 0x0000, 0x0000, 0x0000, 0x0000, 0x0000, 0x0000,
0x0000, 0x0000, 0x0000, 0x0000, 0x0000, 0x0000, 0x0000, 0x0000, 0x0000, 0x0000, 0x0000, 0x0000, 0x0000, 0x0000, 0x0000, 0x0000,
0x0000, 0x0000, 0x0000, 0x0000, 0x0000, 0x0000, 0x0000, 0x0000, 0x0000, 0x0000, 0x0000, 0x0000, 0x0000, 0x0000, 0x0000, 0x0000,
0x0000, 0x0000, 0x0000, 0x0000, 0x0000, 0x0000, 0x0000, 0x0000, 0x0000, 0x0000, 0x0000, 0x0000, 0x0000, 0x0000, 0x0000, 0x0000,
0x0000, 0x0000, 0x0000, 0x0000, 0x0000, 0x0000, 0x0000, 0x0000, 0x0000, 0x0000, 0x0000, 0x0000, 0x0000, 0x0000, 0x0000, 0x0000,
0x0000, 0x0000, 0x0000, 0x0000, 0x0000, 0x0000, 0x0000, 0x0000, 0x0000, 0x0000, 0x0000, 0x0000, 0x0000, 0x0000, 0x0000, 0x0000,
0x0000, 0x0000, 0x0000, 0x0000, 0x0000, 0x0000, 0x0000, 0x0000, 0x0000, 0x0000, 0x0000, 0x0000, 0x0000, 0x0000, 0x0000, 0x0000,
0x0000, 0x0000, 0x0000, 0x0000, 0x0000, 0x0000, 0x0000, 0x0000, 0x0000, 0x0000, 0x0000, 0x0000, 0x0000, 0x0000, 0x0000, 0x0000,
0x0000, 0x0000, 0x0000, 0x0000, 0x0000, 0x0000, 0x0000, 0x0000, 0x0000, 0x0000, 0x0000, 0x0000, 0x0000, 0x0000, 0x0000, 0x0000,
0x0000, 0x0000, 0x0000, 0x0000, 0x0000, 0x0000, 0x0000, 0x0000, 0x0000, 0x0000, 0x0000, 0x0000, 0x0000, 0x0000, 0x0000, 0x0000,
0x0000, 0x0000, 0x0000, 0x0000, 0x0000, 0x0000, 0x0000, 0x0000, 0x0000, 0x0000, 0x0000, 0x0000, 0x0000, 0x0000, 0x0000, 0x0000,
0x0000, 0x0000, 0x0000, 0x0000, 0x0000, 0x0000, 0x0000, 0x0000, 0x0000, 0x0000, 0x0000, 0x0000, 0x0000, 0x0000, 0x0000, 0x0000,
0x0000, 0x0000, 0x0000, 0x0000, 0x0000, 0x0000, 0x0000, 0x0000, 0x0000, 0x0000, 0x0000, 0x0000, 0x0000, 0x0000, 0x0000, 0x0000,
0x0000, 0x0000, 0x0000, 0x0000, 0x0000, 0x0000, 0x0000, 0x0000, 0x0000, 0x0000, 0x0000, 0x0000, 0x0000, 0x0000, 0x0000, 0x0000,
0x0000, 0x0000, 0x0000, 0x0000, 0x0000, 0x0000, 0x0000, 0x0000, 0x0000, 0x0000, 0x0000, 0x0000, 0x0000, 0x0000, 0x0000, 0x0000,
0x0000, 0x0000, 0x0000, 0x0000, 0x0000, 0x0000, 0x0000, 0x0000, 0x0000, 0x0000, 0x0000, 0x0000, 0x0000, 0x0000, 0x0000, 0x0000,
0x0000, 0x0000, 0x0000, 0x0000, 0x0000, 0x0000, 0x0000, 0x0000, 0x0000, 0x0000, 0x0000, 0x0000, 0x0000, 0x0000, 0x0000, 0x0000,
0x0000, 0x0000, 0x0000, 0x0000, 0x0000, 0x0000, 0x0000, 0x0000, 0x0000, 0x0000, 0x0000, 0x0000, 0x0000, 0x0000, 0x0000, 0x0000,
0x0000, 0x0000, 0x0000, 0x0000, 0x0000, 0x0000, 0x0000, 0x0000, 0x0000, 0x0000, 0x0000, 0x0000, 0x0000, 0x0000, 0x0000, 0x0000,
0x0000, 0x0000, 0x0000, 0x0000, 0x0000, 0x0000, 0x0000, 0x0000, 0x0000, 0x0000, 0x0000, 0x0000, 0x0000, 0x0000, 0x0000, 0x0000,
0x0000, 0x0000, 0x0000, 0x0000, 0x0000, 0x0000, 0x0000, 0x0000, 0x0000, 0x0000, 0x0000, 0x0000, 0x0000, 0x0000, 0x0000, 0x0000,
0x0000, 0x0000, 0x0000, 0x0000, 0x0000, 0x0000, 0x0000, 0x0000, 0x0000, 0x0000, 0x0000, 0x0000, 0x0000, 0x0000, 0x0000, 0x0000,
0x0000, 0x0000, 0x0000, 0x0000, 0x0000, 0x0000, 0x0000, 0x0000, 0x0000, 0x0000, 0x0000, 0x0000, 0x0000, 0x0000, 0x0000, 0x0000,
0x0000, 0x0000, 0x0000, 0x0000, 0x0000, 0x0000, 0x0000, 0x0000, 0x0000, 0x0000, 0x0000, 0x0000, 0x0000, 0x0000, 0x0000, 0x0000,
0x0000, 0x0000, 0x0000, 0x0000, 0x0000, 0x0000, 0x0000, 0x0000, 0x0000, 0x0000, 0x0000, 0x0000, 0x0000, 0x0000, 0x0000, 0x0000,
0x0000, 0x0000, 0x0000, 0x0000, 0x0000, 0x0000, 0x0000, 0x0000, 0x0000, 0x0000, 0x0000, 0x0000, 0x0000, 0x0000, 0x0000, 0x0000,
0x0000, 0x0000, 0x0000, 0x0000, 0x0000, 0x0000, 0x0000, 0x0000, 0x0000, 0x0000, 0x0000, 0x0000, 0x0000, 0x0000, 0x0000, 0x0000,
0x0000, 0x0000, 0x0000, 0x0000, 0x0000, 0x0000, 0x0000, 0x0000, 0x0000, 0x0000, 0x0000, 0x0000, 0x0000, 0x0000, 0x0000, 0x0000,
0x0000, 0x0000, 0x0000, 0x0000, 0x0000, 0x0000, 0x0000, 0x0000, 0x0000, 0x0000, 0x0000, 0x0000, 0x0000, 0x0000, 0x0000, 0x0000,
0x0000, 0x0000, 0x0000, 0x0000, 0x0000, 0x0000, 0x0000, 0x0000, 0x0000, 0x0000, 0x0000, 0x0000, 0x0000, 0x0000, 0x0000, 0x0000,
0x0000, 0x0000, 0x0000, 0x0000, 0x0000, 0x0000, 0x0000, 0x0000, 0x0000, 0x0000, 0x0000, 0x0000, 0x0000, 0x0000, 0x0000, 0x0000,
0x0000, 0x0000, 0x0000, 0x0000, 0x0000, 0x0000, 0x0000, 0x0000, 0x0000, 0x0000, 0x0000, 0x0000, 0x0000, 0x0000, 0x0000, 0x0000,
0x0000, 0x0000, 0x0000, 0x0000, 0x0000, 0x0000, 0x0000, 0x0000, 0x0000, 0x0000, 0x0000, 0x0000, 0x0000, 0x0000, 0x0000, 0x0000,
0x0000, 0x0000, 0x0000, 0x0000, 0x0000, 0x0000, 0x0000, 0x0000, 0x0000, 0x0000, 0x0000, 0x0000, 0x0000, 0x0000, 0x0000, 0x0000,
0x0000, 0x0000, 0x0000, 0x0000, 0x0000, 0x0000, 0x0000, 0x0000, 0x0000, 0x0000, 0x0000, 0x0000, 0x0000, 0x0000, 0x0000, 0x0000,
0x0000, 0x0000, 0x0000, 0x0000, 0x0000, 0x0000, 0x0000, 0x0000, 0x0000, 0x0000, 0x0000, 0x0000, 0x0000, 0x0000, 0x0000, 0x0000,
0x0000, 0x0000, 0x0000, 0x0000, 0x0000, 0x0000, 0x0000, 0x0000, 0x0000, 0x0000, 0x0000, 0x0000, 0x0000, 0x0000, 0x0000, 0x0000,
0x0000, 0x0000, 0x0000, 0x0000, 0x0000, 0x0000, 0x0000, 0x0000, 0x0000, 0x0000, 0x0000, 0x0000, 0x0000, 0x0000, 0x0000, 0x0000,
0x0000, 0x0000, 0x0000, 0x0000, 0x0000, 0x0000, 0x0000, 0x0000, 0x0000, 0x0000, 0x0000, 0x0000, 0x0000, 0x0000, 0x0000, 0x0000,
0x0000, 0x0000, 0x0000, 0x0000, 0x0000, 0x0000, 0x0000, 0x0000, 0x0000, 0x0000, 0x0000, 0x0000, 0x0000, 0x0000, 0x0000, 0x0000,
0x0000, 0x0000, 0x0000, 0x0000, 0x0000, 0x0000, 0x0000, 0x0000, 0x0000, 0x0000, 0x0000, 0x0000, 0x0000, 0x0000, 0x0000, 0x0000,
0x0000, 0x0000, 0x0000, 0x0000, 0x0000, 0x0000, 0x0000, 0x0000, 0x0000, 0x0000, 0x0000, 0x0000, 0x0000, 0x0000, 0x0000, 0x0000,
0x0000, 0x0000, 0x0000, 0x0000, 0x0000, 0x0000, 0x0000, 0x0000, 0x0000, 0x0000, 0x0000, 0x0000, 0x0000, 0x0000, 0x0000, 0x0000,
0x0000, 0x0000, 0x0000, 0x0000, 0x0000, 0x0000, 0x0000, 0x0000, 0x0000, 0x0000, 0x0000, 0x0000, 0x0000, 0x0000, 0x0000, 0x0000,
0x0000, 0x0000, 0x0000, 0x0000, 0x0000, 0x0000, 0x0000, 0x0000, 0x0000, 0x0000, 0x0000, 0x0000, 0x0000, 0x0000, 0x0000, 0x0000,
0x0000, 0x0000, 0x0000, 0x0000, 0x0000, 0x0000, 0x0000, 0x0000, 0x0000, 0x0000, 0x0000, 0x0000, 0x0000, 0x0000, 0x0000, 0x0000,
0x0000, 0x0000, 0x0000, 0x0000, 0x0000, 0x0000, 0x0000, 0x0000, 0x0000, 0x0000, 0x0000, 0x0000, 0x0000, 0x0000, 0x0000, 0x0000,
0x0000, 0x0000, 0x0000, 0x0000, 0x0000, 0x0000, 0x0000, 0x0000, 0x0000, 0x0000, 0x0000, 0x0000, 0x0000, 0x0000, 0x0000, 0x0000,
0x0000, 0x0000, 0x0000, 0x0000, 0x0000, 0x0000, 0x0000, 0x0000, 0x0000, 0x0000, 0x0000, 0x0000, 0x0000, 0x0000, 0x0000, 0x0000,
0x0000, 0x0000, 0x0000, 0x0000, 0x0000, 0x0000, 0x0000, 0x0000, 0x0000, 0x0000, 0x0000, 0x0000, 0x0000, 0x0000, 0x0000, 0x0000,
0x0000, 0x0000, 0x0000, 0x0000, 0x0000, 0x0000, 0x0000, 0x0000, 0x0000, 0x0000, 0x0000, 0x0000, 0x0000, 0x0000, 0x0000, 0x0000,
0x0000, 0x0000, 0x0000, 0x0000, 0x0000, 0x0000, 0x0000, 0x0000, 0x0000, 0x0000, 0x0000, 0x0000, 0x0000, 0x0000, 0x0000, 0x0000,
0x0000, 0x0000, 0x0000, 0x0000, 0x0000, 0x0000, 0x0000, 0x0000, 0x0000, 0x0000, 0x0000, 0x0000, 0x0000, 0x0000, 0x0000, 0x0000,
0x0000, 0x0000, 0x0000, 0x0000, 0x0000, 0x0000, 0x0000, 0x0000, 0x0000, 0x0000, 0x0000, 0x0000, 0x0000, 0x0000, 0x0000, 0x0000,
0x0000, 0x0000, 0x0000, 0x0000, 0x0000, 0x0000, 0x0000, 0x0000, 0x0000, 0x0000, 0x0000, 0x0000, 0x0000, 0x0000, 0x0000, 0x0000,
0x0000, 0x0000, 0x0000, 0x0000, 0x0000, 0x0000, 0x0000, 0x0000, 0x0000, 0x0000, 0x0000, 0x0000, 0x0000, 0x0000, 0x0000, 0x0000,
0x0000, 0x0000, 0x0000, 0x0000, 0x0000, 0x0000, 0x0000, 0x0000, 0x0000, 0x0000, 0x0000, 0x0000, 0x0000, 0x0000, 0x0000, 0x0000,
0x0000, 0x0000, 0x0000, 0x0000, 0x0000, 0x0000, 0x0000, 0x0000, 0x0000, 0x0000, 0x0000, 0x0000, 0x0000, 0x0000, 0x0000, 0x0000,
0x0000, 0x0000, 0x0000, 0x0000, 0x0000, 0x0000, 0x0000, 0x0000, 0x0000, 0x0000, 0x530c, 0x530c, 0x530c, 0x530c, 0x530c, 0x530c,
0x530c, 0x530c, 0x530c, 0x530c, 0x530c, 0x530c, 0x530c, 0x530c, 0x530c, 0x530c, 0x530c, 0x530c, 0x530c, 0x530c, 0x530c, 0x530c,
0x530c, 0x530c, 0x530c, 0x530c, 0x530c, 0x530c, 0x530c, 0x530c, 0x530c, 0x530c, 0x530c, 0x530c, 0x530c, 0x530c, 0x530c, 0x530c,
0x530c, 0x530c, 0x530c, 0x530c, 0x530c, 0x530c, 0x530c, 0x530c, 0x530c, 0x530c, 0x530c, 0x530c, 0x530c, 0x530c, 0x530c, 0x530c,
0x530c, 0x530c, 0x530c, 0x530c, 0x530c, 0x530c, 0x530c, 0x530c, 0x530c, 0x530c, 0x530c, 0x530c, 0x530c, 0x530c, 0x530c, 0x530c,
0x530c, 0x530c, 0x530c, 0x530c, 0x530c, 0x530c, 0x530c, 0x530c, 0x530c, 0x530c, 0x530c, 0x530c, 0x530c, 0x530c, 0x530c, 0x530c,
0x530c, 0x530c, 0x530c, 0x530c, 0x530c, 0x530c, 0x530c, 0x530c, 0x530c, 0x530c, 0x530c, 0x530c, 0x530c, 0x530c, 0x530c, 0x530c,
0x530c, 0x530c, 0x530c, 0x530c, 0x530c, 0x530c, 0x530c, 0x530c, 0x530c, 0x530c, 0x530c, 0x530c, 0x530c, 0x530c, 0x530c, 0x530c,
0x530c, 0x530c, 0x530c, 0x530c, 0x530c, 0x530c, 0x530c, 0x530c, 0x530c, 0x530c, 0x530c, 0x530c, 0x530c, 0x530c, 0x530c, 0x530c,
0x530c, 0x530c, 0x530c, 0x530c, 0x530c, 0x530c, 0x530c, 0x530c, 0x530c, 0x530c, 0x530c, 0x530c, 0x530c, 0x530c, 0x530c, 0x530c,
0x530c, 0x530c, 0x530c, 0x530c, 0x530c, 0x530c, 0x530c, 0x530c, 0x530c, 0x530c, 0x530c, 0x530c, 0x530c, 0x530c, 0x530c, 0x530c,
0x530c, 0x530c, 0x530c, 0x530c, 0x530c, 0x530c, 0x530c, 0x530c, 0x530c, 0x530c, 0x530c, 0x530c, 0x530c, 0x530c, 0x530c, 0x530c,
0x530c, 0x530c, 0x530c, 0x530c, 0x530c, 0x530c, 0x530c, 0x530c, 0x530c, 0x530c, 0x530c, 0x530c, 0x530c, 0x530c, 0x530c, 0x530c,
0x530c, 0x530c, 0x530c, 0x530c, 0x530c, 0x530c, 0x530c, 0x530c, 0x530c, 0x530c, 0x530c, 0x530c, 0x530c, 0x530c, 0x530c, 0x530c,
0x530c, 0x530c, 0x530c, 0x530c, 0x530c, 0x530c, 0x530c, 0x530c, 0x530c, 0x530c, 0x530c, 0x530c, 0x530c, 0x530c, 0x530c, 0x530c,
0x530c, 0x530c, 0x530c, 0x530c, 0x530c, 0x530c, 0x530c, 0x530c, 0x530c, 0x530c, 0x530c, 0x530c, 0x530c, 0x530c, 0x530c, 0x530c,
0x530c, 0x530c, 0x530c, 0x530c, 0x530c, 0x530c, 0x530c, 0x530c, 0x530c, 0x530c, 0x530c, 0x530c, 0x530c, 0x530c, 0x530c, 0x530c,
0x530c, 0x530c, 0x530c, 0x530c, 0x530c, 0x530c, 0x530c, 0x530c, 0x530c, 0x530c, 0x530c, 0x530c, 0x530c, 0x530c, 0x530c, 0x530c,
0x530c, 0x530c, 0x530c, 0x530c, 0x530c, 0x530c, 0x530c, 0x530c, 0x530c, 0x530c, 0x530c, 0x530c, 0x530c, 0x530c, 0x530c, 0x530c,
0x530c, 0x530c, 0x530c, 0x530c, 0x530c, 0x530c, 0x530c, 0x0000, 0x0000, 0x0000, 0x0000, 0x0000, 0x0000, 0x0000, 0x0000, 0x0000,
0x0000, 0x0000, 0x0000, 0x0000, 0x0000, 0x0000, 0x0000, 0x0000, 0x0000, 0x0000, 0x0000, 0x0000, 0x0000, 0x0000, 0x0000, 0x0000,
0x0000, 0x0000, 0x0000, 0x0000, 0x0000, 0x0000, 0x0000, 0x0000, 0x0000, 0x0000, 0x0000, 0x0000, 0x0000, 0x0000, 0x0000, 0x0000,
0x0000, 0x0000, 0x0000, 0x0000, 0x0000, 0x0000, 0x0000, 0x0000, 0x0000, 0x0000, 0x0000, 0x0000, 0x0000, 0x0000, 0x0000, 0x0000,
0x0000, 0x0000, 0x0000, 0x0000, 0x0000, 0x0000, 0x0000, 0x0000, 0x0000, 0x0000, 0x0000, 0x0000, 0x0000, 0x0000, 0x0000, 0x0000,
0x0000, 0x0000, 0x0000, 0x0000, 0x0000, 0x0000, 0x0000, 0x0000, 0x0000, 0x0000, 0x0000, 0x0000, 0x0000, 0x0000, 0x0000, 0x0000,
0x0000, 0x0000, 0x0000, 0x0000, 0x0000, 0x0000, 0x0000, 0x0000, 0x0000, 0x0000, 0x0000, 0x0000, 0x0000, 0x0000, 0x0000, 0x0000,
0x0000, 0x0000, 0x0000, 0x0000, 0x0000, 0x0000, 0x0000, 0x0000, 0x0000, 0x0000, 0x0000, 0x0000, 0x0000, 0x0000, 0x0000, 0x0000,
0x0000, 0x0000, 0x0000, 0x0000, 0x0000, 0x0000, 0x0000, 0x0000, 0x0000, 0x0000, 0x0000, 0x0000, 0x0000, 0x0000, 0x0000, 0x0000,
0x0000, 0x0000, 0x0000, 0x0000, 0x0000, 0x0000, 0x0000, 0x0000, 0x0000, 0x0000, 0x0000, 0x0000, 0x0000, 0x0000, 0x0000, 0x0000,
0x0000, 0x0000, 0x0000, 0x0000, 0x0000, 0x0000, 0x0000, 0x0000, 0x0000, 0x0000, 0x0000, 0x0000, 0x0000, 0x0000, 0x0000, 0x0000,
0x0000, 0x0000, 0x0000, 0x0000, 0x0000, 0x0000, 0x0000, 0x0000, 0x0000, 0x0000, 0x0000, 0x0000, 0x0000, 0x0000, 0x0000, 0x0000,
0x0000, 0x0000, 0x0000, 0x0000, 0x0000, 0x0000, 0x0000, 0x0000, 0x0000, 0x0000, 0x0000, 0x0000, 0x0000, 0x0000, 0x0000, 0x0000,
0x0000, 0x0000, 0x0000, 0x0000, 0x0000, 0x0000, 0x0000, 0x0000, 0x0000, 0x0000, 0x0000, 0x0000, 0x0000, 0x0000, 0x0000, 0x0000,
0x0000, 0x0000, 0x0000, 0x0000, 0x0000, 0x0000, 0x0000, 0x0000, 0x0000, 0x0000, 0x0000, 0x0000, 0x0000, 0x0000, 0x0000, 0x0000,
0x0000, 0x0000, 0x0000, 0x0000, 0x0000, 0x0000, 0x0000, 0x0000, 0x0000, 0x0000, 0x0000, 0x0000, 0x0000, 0x0000, 0x0000, 0x0000,
0x0000, 0x0000, 0x0000, 0x0000, 0x0000, 0x0000, 0x0000, 0x0000, 0x0000, 0x0000, 0x0000, 0x0000, 0x0000, 0x0000, 0x0000, 0x0000,
0x0000, 0x0000, 0x0000, 0x0000, 0x0000, 0x0000, 0x0000, 0x0000, 0x0000, 0x0000, 0x0000, 0x0000, 0x0000, 0x0000, 0x0000, 0x0000,
0x0000, 0x0000, 0x0000, 0x0000, 0x0000, 0x0000, 0x0000, 0x0000, 0x0000, 0x0000, 0x0000, 0x0000, 0x0000, 0x0000, 0x0000, 0x0000,
0x0000, 0x0000, 0x0000, 0x0000, 0x0000, 0x0000, 0x0000, 0x0000, 0x0000, 0x0000, 0x0000, 0x0000, 0x0000, 0x0000, 0x0000, 0x0000,
0x0000, 0x0000, 0x0000, 0x0000, 0x0000, 0x0000, 0x0000, 0x0000, 0x0000, 0x0000, 0x0000, 0x0000, 0x0000, 0x0000, 0x0000, 0x0000,
0x0000, 0x0000, 0x0000, 0x0000, 0x0000, 0x0000, 0x0000, 0x0000, 0x0000, 0x0000, 0x0000, 0x0000, 0x0000, 0x0000, 0x0000, 0x0000,
0x0000, 0x0000, 0x0000, 0x0000, 0x0000, 0x0000, 0x0000, 0x0000, 0x0000, 0x0000, 0x0000, 0x0000, 0x0000, 0x0000, 0x0000, 0x0000,
0x0000, 0x0000, 0x0000, 0x0000, 0x0000, 0x0000, 0x0000, 0x0000, 0x0000, 0x0000, 0x0000, 0x0000, 0x0000, 0x0000, 0x0000, 0x0000,
0x0000, 0x0000, 0x0000, 0x0000, 0x0000, 0x0000, 0x0000, 0x0000, 0x0000, 0x0000, 0x0000, 0x0000, 0x0000, 0x0000, 0x0000, 0x0000,
0x0000, 0x0000, 0x0000, 0x0000, 0x0000, 0x0000, 0x0000, 0x0000, 0x0000, 0x0000, 0x0000, 0x0000, 0x0000, 0x0000, 0x0000, 0x0000,
0x0000, 0x0000, 0x0000, 0x0000, 0x0000, 0x0000, 0x0000, 0x0000, 0x0000, 0x0000, 0x0000, 0x0000, 0x0000, 0x0000, 0x0000, 0x0000,
0x0000, 0x0000, 0x0000, 0x0000, 0x0000, 0x0000, 0x0000, 0x0000, 0x0000, 0x0000, 0x0000, 0x0000, 0x0000, 0x0000, 0x0000, 0x0000,
0x0000, 0x0000, 0x0000, 0x0000, 0x0000, 0x0000, 0x0000, 0x0000, 0x0000, 0x0000, 0x0000, 0x0000, 0x0000, 0x0000, 0x0000, 0x0000,
0x0000, 0x0000, 0x0000, 0x0000, 0x0000, 0x0000, 0x0000, 0x0000, 0x0000, 0x0000, 0x0000, 0x0000, 0x0000, 0x0000, 0x0000, 0x0000,
0x0000, 0x0000, 0x0000, 0x0000, 0x0000, 0x0000, 0x0000, 0x0000, 0x0000, 0x0000, 0x0000, 0x0000, 0x0000, 0x0000, 0x0000, 0x0000,
0x0000, 0x0000, 0x0000, 0x0000, 0x0000, 0x0000, 0x0000, 0x0000, 0x0000, 0x0000, 0x0000, 0x0000, 0x0000, 0x0000, 0x0000, 0x0000,
0x0000, 0x0000, 0x0000, 0x0000, 0x0000, 0x0000, 0x0000, 0x0000, 0x0000, 0x0000, 0x0000, 0x0000, 0x0000, 0x0000, 0x0000, 0x0000,
0x0000, 0x0000, 0x0000, 0x0000, 0x0000, 0x0000, 0x0000, 0x0000, 0x0000, 0x0000, 0x0000, 0x0000, 0x0000, 0x0000, 0x0000, 0x0000,
0x0000, 0x0000, 0x0000, 0x0000, 0x0000, 0x0000, 0x0000, 0x0000, 0x0000, 0x0000, 0x0000, 0x0000, 0x0000, 0x0000, 0x0000, 0x0000,
0x0000, 0x0000, 0x0000, 0x0000, 0x0000, 0x0000, 0x0000, 0x0000, 0x0000, 0x0000, 0x0000, 0x0000, 0x0000, 0x0000, 0x0000, 0x0000,
0x0000, 0x0000, 0x0000, 0x0000, 0x0000, 0x0000, 0x0000, 0x0000, 0x0000, 0x0000, 0x0000, 0x0000, 0x0000, 0x0000, 0x0000, 0x0000,
0x0000, 0x0000, 0x0000, 0x0000, 0x0000, 0x0000, 0x0000, 0x0000, 0x0000, 0x0000, 0x0000, 0x0000, 0x0000, 0x0000, 0x0000, 0x0000,
0x0000, 0x0000, 0x0000, 0x0000, 0x0000, 0x0000, 0x0000, 0x0000, 0x0000, 0x0000, 0x0000, 0x0000, 0x0000, 0x0000, 0x0000, 0x0000,
0x0000, 0x0000, 0x0000, 0x0000, 0x0000, 0x0000, 0x0000, 0x0000, 0x0000, 0x0000, 0x0000, 0x0000, 0x0000, 0x0000, 0x0000, 0x0000,
0x0000, 0x0000, 0x0000, 0x0000, 0x0000, 0x0000, 0x0000, 0x0000, 0x0000, 0x0000, 0x0000, 0x0000, 0x0000, 0x0000, 0x0000, 0x0000,
0x0000, 0x0000, 0x0000, 0x0000, 0x0000, 0x0000, 0x0000, 0x0000, 0x0000, 0x0000, 0x0000, 0x0000, 0x0000, 0x0000, 0x0000, 0x0000,
0x0000, 0x0000, 0x0000, 0x0000, 0x0000, 0x0000, 0x0000, 0x0000, 0x0000, 0x0000, 0x0000, 0x0000, 0x0000, 0x0000, 0x0000, 0x0000,
0x0000, 0x0000, 0x0000, 0x0000, 0x0000, 0x0000, 0x0000, 0x0000, 0x0000, 0x0000, 0x0000, 0x0000, 0x0000, 0x0000, 0x0000, 0x0000,
0x0000, 0x0000, 0x0000, 0x0000, 0x0000, 0x0000, 0x0000, 0x0000, 0x0000, 0x0000, 0x0000, 0x0000, 0x0000, 0x0000, 0x0000, 0x0000,
0x0000, 0x0000, 0x0000, 0x0000, 0x0000, 0x0000, 0x0000, 0x0000, 0x0000, 0x0000, 0x0000, 0x0000, 0x0000, 0x0000, 0x0000, 0x0000,
0x0000, 0x0000, 0x0000, 0x0000, 0x0000, 0x0000, 0x0000, 0x0000, 0x0000, 0x0000, 0x0000, 0x0000, 0x0000, 0x0000, 0x0000, 0x0000,
0x0000, 0x0000, 0x0000, 0x0000, 0x0000, 0x0000, 0x0000, 0x0000, 0x0000, 0x0000, 0x0000, 0x0000, 0x0000, 0x0000, 0x0000, 0x0000,
0x0000, 0x0000, 0x0000, 0x0000, 0x0000, 0x0000, 0x0000, 0x0000, 0x0000, 0x0000, 0x0000, 0x0000, 0x0000, 0x0000, 0x0000, 0x0000,
0x0000, 0x0000, 0x0000, 0x0000, 0x0000, 0x0000, 0x0000, 0x0000, 0x0000, 0x0000, 0x0000, 0x0000, 0x0000, 0x0000, 0x0000, 0x0000,
0x0000, 0x0000, 0x0000, 0x0000, 0x0000, 0x0000, 0x0000, 0x0000, 0x0000, 0x0000, 0x0000, 0x0000, 0x0000, 0x0000, 0x0000, 0x0000,
0x0000, 0x0000, 0x0000, 0x0000, 0x0000, 0x0000, 0x0000, 0x0000, 0x0000, 0x0000, 0x0000, 0x0000, 0x0000, 0x0000, 0x0000, 0x0000,
0x0000, 0x0000, 0x0000, 0x0000, 0x0000, 0x0000, 0x0000, 0x0000, 0x0000, 0x0000, 0x0000, 0x0000, 0x0000, 0x0000, 0x0000, 0x0000,
0x0000, 0x0000, 0x0000, 0x0000, 0x0000, 0x0000, 0x0000, 0x0000, 0x0000, 0x0000, 0x0000, 0x0000, 0x0000, 0x0000, 0x0000, 0x0000,
0x0000, 0x0000, 0x0000, 0x0000, 0x0000, 0x0000, 0x0000, 0x0000, 0x0000, 0x0000, 0x0000, 0x0000, 0x0000, 0x0000, 0x0000, 0x0000,
0x0000, 0x0000, 0x0000, 0x0000, 0x0000, 0x0000, 0x0000, 0x0000, 0x0000, 0x0000, 0x0000, 0x0000, 0x0000, 0x0000, 0x0000, 0x0000,
0x0000, 0x0000, 0x0000, 0x0000, 0x0000, 0x0000, 0x0000, 0x0000, 0x0000, 0x0000, 0x0000, 0x0000, 0x0000, 0x0000, 0x0000, 0x0000,
0x0000, 0x0000, 0x0000, 0x0000, 0x0000, 0x0000, 0x0000, 0x0000, 0x0000, 0x0000, 0x0000, 0x0000, 0x0000, 0x0000, 0x0000, 0x0000,
0x0000, 0x0000, 0x0000, 0x0000, 0x0000, 0x0000, 0x0000, 0x0000, 0x0000, 0x0000, 0x0000, 0x0000, 0x0000, 0x0000, 0x0000, 0x0000,
0x0000, 0x0000, 0x0000, 0x0000, 0x0000, 0x0000, 0x0000, 0x0000, 0x0000, 0x0000, 0x0000, 0x0000, 0x0000, 0x0000, 0x0000, 0x0000,
0x0000, 0x0000, 0x0000, 0x0000, 0x0000, 0x0000, 0x0000, 0x0000, 0x0000, 0x0000, 0x0000, 0x0000, 0x0000, 0x0000, 0x0000, 0x0000,
0x0000, 0x0000, 0x0000, 0x0000, 0x0000, 0x0000, 0x0000, 0x0000, 0x0000, 0x0000, 0x0000, 0x0000, 0x0000, 0x0000, 0x0000, 0x0000,
0x0000, 0x0000, 0x0000, 0x0000, 0x0000, 0x0000, 0x0000, 0x0000, 0x0000, 0x0000, 0x0000, 0x0000, 0x0000, 0x0000, 0x0000, 0x0000,
0x0000, 0x0000, 0x0000, 0x0000, 0x0000, 0x0000, 0x0000, 0x0000, 0x0000, 0x0000, 0x0000, 0x0000, 0x0000, 0x0000, 0x0000, 0x0000,
0x0000, 0x0000, 0x0000, 0x0000, 0x0000, 0x0000, 0x0000, 0x0000, 0x0000, 0x0000, 0x0000, 0x0000, 0x0000, 0x0000, 0x0000, 0x0000,
0x0000, 0x0000, 0x0000, 0x0000, 0x0000, 0x0000, 0x0000, 0x0000, 0x0000, 0x0000, 0x0000, 0x0000, 0x0000, 0x0000, 0x0000, 0x0000,
0x0000, 0x0000, 0x0000, 0x0000, 0x0000, 0x0000, 0x0000, 0x0000, 0x0000, 0x0000, 0x0000, 0x0000, 0x0000, 0x0000, 0x0000, 0x0000,
0x0000, 0x0000, 0x0000, 0x0000, 0x0000, 0x0000, 0x0000, 0x0000, 0x0000, 0x0000, 0x0000, 0x0000, 0x0000, 0x0000, 0x0000, 0x0000,
0x0000, 0x0000, 0x0000, 0x0000, 0x0000, 0x0000, 0x0000, 0x0000, 0x0000, 0x0000, 0x0000, 0x0000, 0x0000, 0x0000, 0x0000, 0x0000,
0x0000, 0x0000, 0x0000, 0x0000, 0x0000, 0x0000, 0x0000, 0x0000, 0x0000, 0x0000, 0x0000, 0x0000, 0x0000, 0x0000, 0x0000, 0x0000,
0x0000, 0x0000, 0x0000, 0x0000, 0x0000, 0x0000, 0x0000, 0x0000, 0x0000, 0x0000, 0x0000, 0x0000, 0x0000, 0x0000, 0x0000, 0x0000,
0x0000, 0x0000, 0x0000, 0x0000, 0x0000, 0x0000, 0x0000, 0x0000, 0x0000, 0x0000, 0x0000, 0x0000, 0x0000, 0x0000, 0x0000, 0x0000,
0x0000, 0x0000, 0x0000, 0x0000, 0x0000, 0x0000, 0x0000, 0x0000, 0x0000, 0x0000, 0x0000, 0x0000, 0x0000, 0x0000, 0x0000, 0x0000,
0x0000, 0x0000, 0x0000, 0x0000, 0x0000, 0x0000, 0x0000, 0x0000, 0x0000, 0x0000, 0x0000, 0x0000, 0x0000, 0x0000, 0x0000, 0x0000,
0x0000, 0x0000, 0x0000, 0x0000, 0x0000, 0x0000, 0x0000, 0x0000, 0x0000, 0x0000, 0x0000, 0x0000, 0x0000, 0x0000, 0x0000, 0x0000,
0x0000, 0x0000, 0x0000, 0x0000, 0x0000, 0x0000, 0x0000, 0x0000, 0x0000, 0x0000, 0x0000, 0x0000, 0x0000, 0x0000, 0x0000, 0x0000,
0x0000, 0x0000, 0x0000, 0x0000, 0x0000, 0x0000, 0x0000, 0x0000, 0x0000, 0x0000, 0x0000, 0x0000, 0x0000, 0x0000, 0x0000, 0x0000,
0x0000, 0x0000, 0x0000, 0x0000, 0x0000, 0x0000, 0x0000, 0x0000, 0x0000, 0x0000, 0x0000, 0x0000, 0x0000, 0x0000, 0x0000, 0x0000,
0x0000, 0x0000, 0x0000, 0x0000, 0x0000, 0x0000, 0x0000, 0x0000, 0x0000, 0x0000, 0x0000, 0x0000, 0x0000, 0x0000, 0x0000, 0x0000,
0x0000, 0x0000, 0x0000, 0x0000, 0x0000, 0x0000, 0x0000, 0x0000, 0x0000, 0x0000, 0x0000, 0x0000, 0x0000, 0x0000, 0x0000, 0x0000,
0x0000, 0x0000, 0x0000, 0x0000, 0x0000, 0x0000, 0x0000, 0x0000, 0x0000, 0x0000, 0x0000, 0x0000, 0x0000, 0x0000, 0x0000, 0x0000,
0x0000, 0x0000, 0x0000, 0x0000, 0x0000, 0x0000, 0x0000, 0x0000, 0x0000, 0x0000, 0x0000, 0x0000, 0x0000, 0x0000, 0x0000, 0x0000,
0x0000, 0x0000, 0x0000, 0x0000, 0x0000, 0x0000, 0x0000, 0x0000, 0x0000, 0x0000, 0x0000, 0x0000, 0x0000, 0x0000, 0x0000, 0x0000,
0x0000, 0x0000, 0x0000, 0x0000, 0x0000, 0x0000, 0x0000, 0x0000, 0x0000, 0x0000, 0x0000, 0x0000, 0x0000, 0x0000, 0x0000, 0x0000,
0x0000, 0x0000, 0x0000, 0x0000, 0x0000, 0x0000, 0x0000, 0x0000, 0x0000, 0x0000, 0x0000, 0x0000, 0x0000, 0x0000, 0x0000, 0x0000,
0x0000, 0x0000, 0x0000, 0x0000, 0x0000, 0x0000, 0x0000, 0x0000, 0x0000, 0x0000, 0x0000, 0x0000, 0x0000, 0x0000, 0x0000, 0x0000,
0x0000, 0x0000, 0x0000, 0x0000, 0x0000, 0x0000, 0x0000, 0x0000, 0x0000, 0x0000, 0x0000, 0x0000, 0x0000, 0x0000, 0x0000, 0x0000,
0x0000, 0x0000, 0x0000, 0x0000, 0x0000, 0x0000, 0x0000, 0x0000, 0x0000, 0x0000, 0x0000, 0x0000, 0x0000, 0x0000, 0x0000, 0x0000,
0x0000, 0x0000, 0x0000, 0x0000, 0x0000, 0x0000, 0x0000, 0x0000, 0x0000, 0x0000, 0x0000, 0x0000, 0x0000, 0x0000, 0x0000, 0x0000,
0x0000, 0x0000, 0x0000, 0x0000, 0x0000, 0x0000, 0x0000, 0x0000, 0x0000, 0x0000, 0x0000, 0x0000, 0x0000, 0x0000, 0x0000, 0x0000,
0x0000, 0x0000, 0x0000, 0x0000, 0x0000, 0x0000, 0x0000, 0x0000, 0x0000, 0x0000, 0x0000, 0x0000, 0x0000, 0x0000, 0x0000, 0x0000,
0x0000, 0x0000, 0x0000, 0x0000, 0x0000, 0x0000, 0x0000, 0x0000, 0x0000, 0x0000, 0x0000, 0x0000, 0x0000, 0x0000, 0x0000, 0x0000,
0x0000, 0x0000, 0x0000, 0x0000, 0x0000, 0x0000, 0x0000, 0x0000, 0x0000, 0x0000, 0x0000, 0x0000, 0x0000, 0x0000, 0x0000, 0x0000,
0x0000, 0x0000, 0x0000, 0x0000, 0x0000, 0x0000, 0x0000, 0x0000, 0x0000, 0x0000, 0x0000, 0x0000, 0x0000, 0x0000, 0x0000, 0x0000,
0x0000, 0x0000, 0x0000, 0x0000, 0x0000, 0x0000, 0x0000, 0x0000, 0x0000, 0x0000, 0x0000, 0x0000, 0x0000, 0x0000, 0x0000, 0x0000,
0x0000, 0x0000, 0x0000, 0x0000, 0x0000, 0x0000, 0x0000, 0x0000, 0x0000, 0x0000, 0x0000, 0x0000, 0x0000, 0x0000, 0x0000, 0x0000,
0x0000, 0x0000, 0x0000, 0x0000, 0x0000, 0x0000, 0x0000, 0x0000, 0x0000, 0x0000, 0x0000, 0x0000, 0x0000, 0x0000, 0x0000, 0x0000,
0x0000, 0x0000, 0x0000, 0x0000, 0x0000, 0x0000, 0x0000, 0x0000, 0x0000, 0x0000, 0x0000, 0x0000, 0x0000, 0x0000, 0x0000, 0x0000,
0x0000, 0x0000, 0x0000, 0x0000, 0x0000, 0x0000, 0x0000, 0x0000, 0x0000, 0x0000, 0x0000, 0x0000, 0x0000, 0x0000, 0x0000, 0x0000,
0x0000, 0x0000, 0x0000, 0x0000, 0x0000, 0x0000, 0x0000, 0x0000, 0x0000, 0x0000, 0x0000, 0x0000, 0x0000, 0x0000, 0x0000, 0x0000,
0x0000, 0x0000, 0x0000, 0x0000, 0x0000, 0x0000, 0x0000, 0x0000, 0x0000, 0x0000, 0x0000, 0x0000, 0x0000, 0x0000, 0x0000, 0x0000,
0x0000, 0x0000, 0x0000, 0x0000, 0x0000, 0x0000, 0x0000, 0x0000, 0x0000, 0x0000, 0x0000, 0x0000, 0x0000, 0x0000, 0x0000, 0x0000,
0x0000, 0x0000, 0x0000, 0x0000, 0x0000, 0x0000, 0x0000, 0x0000, 0x0000, 0x0000, 0x0000, 0x0000, 0x0000, 0x0000, 0x0000, 0x0000,
0x0000, 0x0000, 0x0000, 0x0000, 0x0000, 0x0000, 0x0000, 0x0000, 0x0000, 0x0000, 0x0000, 0x0000, 0x0000, 0x0000, 0x0000, 0x0000,
0x0000, 0x0000, 0x0000, 0x0000, 0x0000, 0x0000, 0x0000, 0x0000, 0x0000, 0x0000, 0x0000, 0x0000, 0x0000, 0x0000, 0x0000, 0x0000,
0x0000, 0x0000, 0x0000, 0x0000, 0x0000, 0x0000, 0x0000, 0x0000, 0x0000, 0x0000, 0x0000, 0x0000, 0x0000, 0x0000, 0x0000, 0x0000,
0x0000, 0x0000, 0x0000, 0x0000, 0x0000, 0x0000, 0x0000, 0x0000, 0x0000, 0x0000, 0x0000, 0x0000, 0x0000, 0x0000, 0x0000, 0x0000,
0x0000, 0x0000, 0x0000, 0x0000, 0x0000, 0x0000, 0x0000, 0x0000, 0x0000, 0x0000, 0x0000, 0x0000, 0x0000, 0x0000, 0x0000, 0x0000,
0x0000, 0x0000, 0x0000, 0x0000, 0x0000, 0x0000, 0x0000, 0x0000, 0x0000, 0x0000, 0x0000, 0x0000, 0x0000, 0x0000, 0x0000, 0x0000,
0x0000, 0x0000, 0x0000, 0x0000, 0x0000, 0x0000, 0x0000, 0x0000, 0x0000, 0x0000, 0x0000, 0x0000, 0x0000, 0x0000, 0x0000, 0x0000,
0x0000, 0x0000, 0x0000, 0x0000, 0x0000, 0x0000, 0x0000, 0x0000, 0x0000, 0x0000, 0x0000, 0x0000, 0x0000, 0x0000, 0x0000, 0x0000,
0x0000, 0x0000, 0x0000, 0x0000, 0x0000, 0x0000, 0x0000, 0x0000, 0x0000, 0x0000, 0x0000, 0x0000, 0x0000, 0x0000, 0x0000, 0x0000,
0x0000, 0x0000, 0x0000, 0x0000, 0x0000, 0x0000, 0x0000, 0x0000, 0x0000, 0x0000, 0x0000, 0x0000, 0x0000, 0x0000, 0x0000, 0x0000,
0x0000, 0x0000, 0x0000, 0x0000, 0x0000, 0x0000, 0x0000, 0x0000, 0x0000, 0x0000, 0x0000, 0x0000, 0x0000, 0x0000, 0x0000, 0x0000,
0x0000, 0x0000, 0x0000, 0x0000, 0x0000, 0x0000, 0x0000, 0x0000, 0x0000, 0x0000, 0x0000, 0x0000, 0x0000, 0x0000, 0x0000, 0x0000,
0x0000, 0x0000, 0x0000, 0x0000, 0x0000, 0x0000, 0x0000, 0x0000, 0x0000, 0x0000, 0x0000, 0x0000, 0x0000, 0x0000, 0x0000, 0x0000,
0x0000, 0x0000, 0x0000, 0x0000, 0x0000, 0x0000, 0x0000, 0x0000, 0x0000, 0x0000, 0x0000, 0x0000, 0x0000, 0x0000, 0x0000, 0x0000,
0x0000, 0x0000, 0x0000, 0x0000, 0x0000, 0x0000, 0x0000, 0x0000, 0x0000, 0x0000, 0x0000, 0x0000, 0x0000, 0x0000, 0x0000, 0x0000,
0x0000, 0x0000, 0x0000, 0x0000, 0x0000, 0x0000, 0x0000, 0x0000, 0x0000, 0x0000, 0x0000, 0x0000, 0x0000, 0x0000, 0x0000, 0x0000,
0x0000, 0x0000, 0x0000, 0x0000, 0x0000, 0x0000, 0x0000, 0x0000, 0x0000, 0x0000, 0x0000, 0x0000, 0x0000, 0x0000, 0x0000, 0x0000,
0x0000, 0x0000, 0x0000, 0x0000, 0x0000, 0x0000, 0x0000, 0x0000, 0x0000, 0x0000, 0x0000, 0x0000, 0x0000, 0x0000, 0x0000, 0x0000,
0x0000, 0x0000, 0x0000, 0x0000, 0x0000, 0x0000, 0x0000, 0x0000, 0x0000, 0x0000, 0x0000, 0x0000, 0x18c1, 0x72e6, 0x0000, 0x0000,
0x0000, 0x0000, 0x0000, 0x0000, 0x0000, 0x0000, 0x0840, 0x8367, 0x0000, 0x0000, 0xc50b, 0x0000, 0x0000, 0x0000, 0x0000, 0x0000,
0x0000, 0x0820, 0x9c08, 0x0000, 0x0000, 0x0020, 0x0000, 0x0000, 0x0000, 0x0000, 0x0000, 0x0000, 0x1081, 0x9c09, 0x0000, 0x0000,
0x0000, 0xac49, 0x0000, 0x0000, 0x0000, 0x0000, 0x0000, 0x0000, 0x0000, 0x0000, 0x0000, 0x0000, 0x0000, 0x0000, 0x0000, 0x0000,
0x0000, 0x0000, 0x0000, 0x0000, 0x0000, 0x0000, 0x0000, 0x0000, 0x0000, 0x0000, 0x0000, 0x0000, 0x0000, 0x0000, 0x0000, 0x0000,
0x0000, 0x0000, 0x0000, 0x0000, 0x0000, 0x0000, 0x0000, 0x0000, 0x0000, 0x0000, 0x0000, 0x0000, 0x0000, 0x0000, 0x0000, 0x0000,
0x0000, 0x0000, 0x0000, 0x0000, 0x0000, 0x0000, 0x0000, 0x0000, 0x0000, 0x0000, 0x0000, 0x0000, 0x0000, 0x0000, 0x0000, 0x0000,
0x0000, 0x0000, 0x0000, 0x0000, 0x0000, 0x0000, 0x0000, 0x0000, 0x0000, 0x0000, 0x0000, 0x0000, 0x0000, 0x0000, 0x0000, 0x0000,
0x0000, 0x0000, 0x0000, 0x0000, 0x0000, 0x0000, 0x0000, 0x0000, 0x0000, 0x0000, 0x0000, 0x0000, 0x0000, 0x0000, 0x0000, 0x0000,
0x0000, 0x0000, 0x0000, 0x0000, 0x0000, 0x0000, 0x0000, 0x0000, 0x0000, 0x0000, 0x0000, 0x0000, 0x0000, 0x0000, 0x0000, 0x0000,
0x0000, 0x0000, 0x0000, 0x0000, 0x0000, 0x0000, 0x0000, 0x0000, 0x0000, 0x0000, 0x0000, 0x0000, 0x0000, 0x0000, 0x0000, 0x0000,
0x0000, 0x0000, 0x0000, 0x0000, 0x0000, 0x0000, 0x0000, 0x0000, 0x0000, 0x7410, 0x0000, 0x0000, 0x0000, 0x0000, 0x0000, 0x0841,
0x31c7, 0x0000, 0x0000, 0x0000, 0x3a08, 0x39e7, 0x0000, 0x0000, 0x0000, 0x0000, 0x0000, 0x1082, 0x636e, 0x0000, 0x0000, 0x0000,
0x634d, 0x0020, 0x0000, 0x0000, 0x0000, 0x0000, 0x0000, 0x0000, 0x0000, 0x0000, 0x0000, 0x0000, 0x0000, 0x0000, 0x0000, 0x0000,
0x0000, 0x0000, 0x0000, 0x0000, 0x0000, 0x0000, 0x0000, 0x0000, 0x0000, 0x0000, 0x0000, 0x0000, 0x0000, 0x0000, 0x0000, 0x0000,
0x0000, 0x0000, 0x0000, 0x0000, 0x0000, 0x0000, 0x0000, 0x0000, 0x0000, 0x0000, 0x0000, 0x0000, 0x0000, 0x2966, 0x2104, 0x0000,
0x2104, 0x1082, 0x2124, 0x52ab, 0x0000, 0x31a6, 0x0000, 0x0000, 0x0000, 0x0000, 0x0000, 0x0000, 0x0000, 0x0000, 0x0000, 0x0000,
0x0000, 0x0000, 0x0000, 0x0000, 0x0000, 0x0000, 0x0000, 0x0000, 0x0000, 0x0000, 0x0000, 0x0000, 0x0000, 0x0000, 0x0000, 0x0000,
0x0000, 0x0000, 0x0000, 0x0000, 0x0000, 0x0000, 0x0000, 0x0000, 0x0000, 0x0000, 0x0000, 0x0000, 0x0000, 0x0000, 0x0000, 0x0000,
0x0000, 0x0000, 0x0000, 0x0000, 0x0000, 0x0000, 0x0000, 0x0000, 0x0000, 0x0000, 0x0000, 0x0000, 0x0000, 0x0000, 0x0000, 0x0000,
0x0000, 0x0000, 0x0000, 0x0000, 0x0000, 0x0000, 0x0000, 0x0000, 0x0000, 0x0000, 0x0000, 0x0000, 0x5a65, 0x7b27, 0x9c09, 0x9be8,
0x9be8, 0x9be8, 0x9be8, 0x6ac6, 0x0000, 0x0000, 0x0000, 0x62a5, 0x7306, 0x0000, 0xb4aa, 0x0000, 0x0000, 0x0000, 0x0000, 0x0000,
0x0000, 0x0000, 0x6ac6, 0x18a1, 0x3983, 0xac49, 0xcd2b, 0xb48a, 0x9c09, 0xddac, 0x0820, 0x0000, 0x93c8, 0x93c8, 0xd58c, 0x8ba8,
0x93c8, 0xa429, 0xcd2b, 0x9be8, 0x93c8, 0x2922, 0x0000, 0x0000, 0x0000, 0x0000, 0x0000, 0x0000, 0x0000, 0x0000, 0x0000, 0x0000,
0x0000, 0x0000, 0x0000, 0x0000, 0x0000, 0x0000, 0x0000, 0x0000, 0x0000, 0x0000, 0x0000, 0x0000, 0x0000, 0x0000, 0x0000, 0x0000,
0x0000, 0x0000, 0x0000, 0x0000, 0x0000, 0x0000, 0x0000, 0x0000, 0x0000, 0x0000, 0x0000, 0x0000, 0x0000, 0x0000, 0x0000, 0x0000,
0x0000, 0x0000, 0x0000, 0x0000, 0x0000, 0x0000, 0x0000, 0x0000, 0x0000, 0x0000, 0x0000, 0x0000, 0x0000, 0x0000, 0x0000, 0x0000,
0x0000, 0x0000, 0x0000, 0x0000, 0x0000, 0x0000, 0x0000, 0x0000, 0x0000, 0x0000, 0x0000, 0x0000, 0x0000, 0x0000, 0x0000, 0x0000,
0x0000, 0x0000, 0x0000, 0x0000, 0x0000, 0x0000, 0x0000, 0x0000, 0x0000, 0x0000, 0x0000, 0x0000, 0x0000, 0x0000, 0x0000, 0x0000,
0x0000, 0x0000, 0x0000, 0x0000, 0x0000, 0x0000, 0x0000, 0x0000, 0x0000, 0x0000, 0x0000, 0x0000, 0x0000, 0x0000, 0x0000, 0x0000,
0x0000, 0x0000, 0x0000, 0x0000, 0x0000, 0x0000, 0x0000, 0x0000, 0x0000, 0x0000, 0x0000, 0x0000, 0x0000, 0x0000, 0x0000, 0x0000,
0x0000, 0x0000, 0x0000, 0x0000, 0x0000, 0x0020, 0x0000, 0x0000, 0x0000, 0x7410, 0x0000, 0x0000, 0x0000, 0x0020, 0x0000, 0x0000,
0x73f0, 0x2145, 0x3a28, 0x6b8e, 0x8cb3, 0x73f0, 0x636e, 0x636e, 0x6b8e, 0x18c3, 0x0000, 0x0841, 0x6b8e, 0x0020, 0x638e, 0x636e,
0x8492, 0x7410, 0x636e, 0x636e, 0x10c3, 0x0000, 0x0000, 0x0000, 0x0000, 0x0000, 0x0000, 0x0000, 0x636e, 0x8cb3, 0x0000, 0x0000,
0x0000, 0x10a3, 0x8cd4, 0x0000, 0x0000, 0x0000, 0x0000, 0x0000, 0x0000, 0x0000, 0x0000, 0x0841, 0x7c51, 0x0000, 0x0000, 0x0000,
0x0000, 0x0000, 0x2124, 0x7410, 0x73f0, 0x73f0, 0x73f0, 0x73f0, 0x73f0, 0x7410, 0x2986, 0x0000, 0x0000, 0x0041, 0x636e, 0x0000,
0x4a8a, 0x2945, 0x1904, 0x52cb, 0x0000, 0x73cf, 0x0000, 0x0000, 0x0000, 0x0000, 0x0000, 0x0000, 0x0000, 0x0000, 0x0000, 0x0000,
0x0000, 0x0000, 0x0000, 0x0000, 0x0000, 0x0000, 0x0000, 0x0000, 0x0000, 0x0000, 0x0000, 0x0000, 0x0000, 0x0000, 0x0000, 0x0000,
0x0000, 0x0000, 0x0000, 0x0000, 0x0000, 0x0000, 0x0000, 0x0000, 0x0000, 0x0000, 0x0000, 0x0000, 0x0000, 0x0000, 0x0000, 0x0000,
0x0000, 0x0000, 0x0000, 0x0000, 0x0000, 0x0000, 0x0000, 0x0000, 0x0000, 0x0000, 0x0000, 0x0000, 0x0000, 0x0000, 0x0000, 0x0000,
0x0000, 0x0000, 0x0000, 0x0000, 0x0000, 0x0000, 0x0000, 0x0000, 0x0000, 0x0000, 0x0000, 0x0000, 0xbcca, 0x0860, 0x3142, 0x7306,
0x0000, 0x0000, 0x3163, 0x7b27, 0x0000, 0x0000, 0x0020, 0x0000, 0x6aa6, 0x0840, 0xac69, 0x0000, 0x0000, 0x0000, 0x0000, 0x0000,
0x3142, 0x93c8, 0x93c8, 0x93e8, 0x41c4, 0x0000, 0x7b27, 0x3163, 0x0000, 0xb4aa, 0x0000, 0x41a3, 0x6ac6, 0x0000, 0x72e6, 0x0860,
0x6285, 0x0000, 0x3983, 0x3983, 0x0000, 0x0000, 0x0000, 0x0000, 0x0000, 0x0000, 0x0000, 0x0000, 0x0000, 0x0000, 0x0000, 0x0000,
0x0000, 0x0000, 0x0000, 0x0000, 0x0000, 0x0000, 0x0000, 0x0000, 0x0000, 0x0000, 0x0000, 0x0000, 0x0000, 0x0000, 0x0000, 0x0000,
0x0000, 0x0000, 0x0000, 0x0000, 0x0000, 0x0000, 0x0000, 0x0000, 0x0000, 0x0000, 0x0000, 0x0000, 0x0000, 0x0000, 0x0000, 0x0000,
0x0000, 0x0000, 0x0000, 0x0000, 0x0000, 0x0000, 0x0000, 0x0000, 0x0000, 0x0000, 0x0000, 0x0000, 0x0000, 0x0000, 0x0000, 0x0000,
0x0000, 0x0000, 0x0000, 0x0000, 0x0000, 0x0000, 0x0000, 0x0000, 0x0000, 0x0000, 0x0000, 0x0000, 0x0000, 0x0000, 0x0000, 0x0000,
0x0000, 0x0000, 0x0000, 0x0000, 0x0000, 0x0000, 0x0000, 0x0000, 0x0000, 0x0000, 0x0000, 0x0000, 0x0000, 0x0000, 0x0000, 0x0000,
0x0000, 0x0000, 0x0000, 0x0000, 0x0000, 0x0000, 0x0000, 0x0000, 0x0000, 0x0000, 0x0000, 0x0000, 0x0000, 0x0000, 0x0000, 0x0000,
0x0000, 0x0000, 0x0000, 0x0000, 0x0000, 0x0000, 0x0000, 0x0000, 0x0000, 0x0000, 0x0000, 0x0000, 0x0000, 0x0000, 0x0000, 0x0000,
0x0000, 0x0000, 0x0000, 0x0000, 0x0000, 0x4a8a, 0x73cf, 0x6bcf, 0x6bcf, 0x9d35, 0x6bcf, 0x6bcf, 0x73cf, 0x4269, 0x0000, 0x0000,
0x0861, 0x7410, 0x0020, 0x0861, 0x6baf, 0x0041, 0x18c3, 0x0000, 0x0020, 0x0000, 0x0841, 0x0861, 0x6b8e, 0x0841, 0x0882, 0x18e3,
0x0000, 0x0000, 0x2965, 0x0020, 0x0020, 0x0000, 0x0000, 0x0000, 0x0000, 0x0000, 0x0000, 0x0020, 0x8492, 0x6baf, 0x2125, 0x0000,
0x0000, 0x0861, 0x8492, 0x0000, 0x0000, 0x0000, 0x0000, 0x0000, 0x0000, 0x0000, 0x0000, 0x4269, 0x4249, 0x0000, 0x0000, 0x0000,
0x0000, 0x0000, 0x0000, 0x0000, 0x0000, 0x0000, 0x0000, 0x0000, 0x0000, 0x0000, 0x0000, 0x0000, 0x2965, 0x6b8e, 0x636e, 0x638e,
0x4a8a, 0x73cf, 0x6baf, 0x8472, 0x5b2d, 0x8492, 0x0000, 0x0000, 0x0000, 0x0000, 0x0000, 0x0000, 0x0000, 0x0000, 0x0000, 0x0000,
0x0000, 0x0000, 0x0000, 0x0000, 0x0000, 0x0000, 0x0000, 0x0000, 0x0000, 0x0000, 0x0000, 0x0000, 0x0000, 0x0000, 0x0000, 0x0000,
0x0000, 0x0000, 0x0000, 0x0000, 0x0000, 0x0000, 0x0000, 0x0000, 0x0000, 0x0000, 0x0000, 0x0000, 0x0000, 0x0000, 0x0000, 0x0000,
0x0000, 0x0000, 0x0000, 0x0000, 0x0000, 0x0000, 0x0000, 0x0000, 0x0000, 0x0000, 0x0000, 0x0000, 0x0000, 0x0000, 0x0000, 0x0000,
0x0000, 0x0000, 0x0000, 0x0000, 0x0000, 0x0000, 0x0000, 0x0000, 0x0000, 0x0000, 0x0000, 0x5224, 0xb48a, 0x0000, 0x0840, 0x9be8,
0x0000, 0x0000, 0x6ac6, 0x3983, 0x0000, 0x0020, 0xac69, 0xa449, 0xa429, 0xb4aa, 0xcd4b, 0xa429, 0xa429, 0xb48a, 0x93c8, 0x0000,
0x0000, 0x0000, 0x0000, 0x8387, 0x2902, 0x0000, 0x8367, 0x2902, 0x0000, 0xb4aa, 0x0000, 0x0000, 0x3163, 0x0020, 0xb48a, 0x7306,
0x93e8, 0x9c09, 0xcd4b, 0x93c8, 0x93e8, 0x41c4, 0x0000, 0x0000, 0x0000, 0x0000, 0x0000, 0x0000, 0x0000, 0x0000, 0x0000, 0x0000,
0x0000, 0x0000, 0x0000, 0x0000, 0x0000, 0x0000, 0x0000, 0x0000, 0x0000, 0x0000, 0x0000, 0x0000, 0x0000, 0x0000, 0x0000, 0x0000,
0x0000, 0x0000, 0x0000, 0x0000, 0x0000, 0x0000, 0x0000, 0x0000, 0x0000, 0x0000, 0x0000, 0x0000, 0x0000, 0x0000, 0x0000, 0x0000,
0x0000, 0x0000, 0x0000, 0x0000, 0x0000, 0x0000, 0x0000, 0x0000, 0x0000, 0x0000, 0x0000, 0x0000, 0x0000, 0x0000, 0x0000, 0x0000,
0x0000, 0x0000, 0x0000, 0x0000, 0x0000, 0x0000, 0x0000, 0x0000, 0x0000, 0x0000, 0x0000, 0x0000, 0x0000, 0x0000, 0x0000, 0x0000,
0x0000, 0x0000, 0x0000, 0x0000, 0x0000, 0x0000, 0x0000, 0x0000, 0x0000, 0x0000, 0x0000, 0x0000, 0x0000, 0x0000, 0x0000, 0x0000,
0x0000, 0x0000, 0x0000, 0x0000, 0x0000, 0x0000, 0x0000, 0x0000, 0x0000, 0x0000, 0x0000, 0x0000, 0x0000, 0x0000, 0x0000, 0x0000,
0x0000, 0x0000, 0x0000, 0x0000, 0x0000, 0x0000, 0x0000, 0x0000, 0x0000, 0x0000, 0x0000, 0x0000, 0x0000, 0x0000, 0x0000, 0x0000,
0x0000, 0x0000, 0x0000, 0x0000, 0x0000, 0x0000, 0x0000, 0x0000, 0x0000, 0x7410, 0x0000, 0x0000, 0x0000, 0x0000, 0x0000, 0x0000,
0x0000, 0x0000, 0x0000, 0x4249, 0x31a7, 0x10c3, 0x634d, 0x0000, 0x0000, 0x0000, 0x31a7, 0x6baf, 0x94f4, 0x52ab, 0x0000, 0x7c31,
0x0000, 0x0020, 0x73f0, 0x0000, 0x0000, 0x0000, 0x0000, 0x0000, 0x0000, 0x0000, 0x0000, 0x39e8, 0x52cb, 0x2966, 0x636e, 0x0000,
0x0000, 0x0861, 0x8472, 0x0000, 0x0000, 0x0000, 0x0000, 0x0000, 0x0000, 0x0000, 0x0000, 0x8472, 0x0841, 0x0000, 0x0000, 0x0000,
0x0000, 0x0000, 0x0000, 0x0000, 0x0000, 0x0000, 0x0000, 0x0000, 0x0000, 0x0000, 0x0000, 0x0000, 0x0020, 0x31c7, 0x0000, 0x5aec,
0x0000, 0x0000, 0x0000, 0x0000, 0x0000, 0x0020, 0x0020, 0x0000, 0x0000, 0x0000, 0x0000, 0x0000, 0x0000, 0x0000, 0x0000, 0x0000,
0x0000, 0x0000, 0x0000, 0x0000, 0x0000, 0x0000, 0x0000, 0x0000, 0x0000, 0x0000, 0x0000, 0x0000, 0x0000, 0x0000, 0x0000, 0x0000,
0x0000, 0x0000, 0x0000, 0x0000, 0x0000, 0x0000, 0x0000, 0x0000, 0x0000, 0x0000, 0x0000, 0x0000, 0x0000, 0x0000, 0x0000, 0x0000,
0x0000, 0x0000, 0x0000, 0x0000, 0x0000, 0x0000, 0x0000, 0x0000, 0x0000, 0x0000, 0x0000, 0x0000, 0x0000, 0x0000, 0x0000, 0x0000,
0x0000, 0x0000, 0x0000, 0x0000, 0x0000, 0x0000, 0x0000, 0x0000, 0x0000, 0x0000, 0x18a1, 0xb4aa, 0xa449, 0x0000, 0x0000, 0xac69,
0x0000, 0x0000, 0xa449, 0x0020, 0x0000, 0x0000, 0x0000, 0x0000, 0x0000, 0x5225, 0x5224, 0x0000, 0x0000, 0x20e2, 0x8b87, 0x0000,
0x0000, 0x0000, 0x2902, 0x7b27, 0x41c3, 0x1061, 0x9c08, 0x1081, 0x0000, 0xb4aa, 0x0000, 0x0000, 0xac69, 0x0000, 0xac69, 0x0000,
0x0000, 0x1061, 0x93c8, 0x0000, 0x0020, 0x0000, 0x0000, 0x0000, 0x0000, 0x0000, 0x0000, 0x0000, 0x0000, 0x0000, 0x0000, 0x0000,
0x0000, 0x0000, 0x0000, 0x0000, 0x0000, 0x0000, 0x0000, 0x0000, 0x0000, 0x0000, 0x0000, 0x0000, 0x0000, 0x0000, 0x0000, 0x0000,
0x0000, 0x0000, 0x0000, 0x0000, 0x0000, 0x0000, 0x0000, 0x0000, 0x0000, 0x0000, 0x0000, 0x0000, 0x0000, 0x0000, 0x0000, 0x0000,
0x0000, 0x0000, 0x0000, 0x0000, 0x0000, 0x0000, 0x0000, 0x0000, 0x0000, 0x0000, 0x0000, 0x0000, 0x0000, 0x0000, 0x0000, 0x0000,
0x0000, 0x0000, 0x0000, 0x0000, 0x0000, 0x0000, 0x0000, 0x0000, 0x0000, 0x0000, 0x0000, 0x0000, 0x0000, 0x0000, 0x0000, 0x0000,
0x0000, 0x0000, 0x0000, 0x0000, 0x0000, 0x0000, 0x0000, 0x0000, 0x0000, 0x0000, 0x0000, 0x0000, 0x0000, 0x0000, 0x0000, 0x0000,
0x0000, 0x0000, 0x0000, 0x0000, 0x0000, 0x0000, 0x0000, 0x0000, 0x0000, 0x0000, 0x0000, 0x0000, 0x0000, 0x0000, 0x0000, 0x0000,
0x0000, 0x0000, 0x0000, 0x0000, 0x0000, 0x0000, 0x0000, 0x0000, 0x0000, 0x0000, 0x0000, 0x0000, 0x0000, 0x0000, 0x0000, 0x0000,
0x0000, 0x0000, 0x0000, 0x0000, 0x0000, 0x0020, 0x0000, 0x0000, 0x0000, 0x7410, 0x0000, 0x0000, 0x0000, 0x0020, 0x0000, 0x0000,
0x0000, 0x0020, 0x0000, 0x9d35, 0x6bcf, 0x73f0, 0x8cd3, 0x6baf, 0x5b0c, 0x0000, 0x0000, 0x0841, 0x6b8e, 0x2124, 0x636e, 0x7c31,
0x6b8e, 0x7c31, 0x7c31, 0x636e, 0x31a7, 0x0000, 0x0000, 0x0000, 0x0000, 0x0000, 0x0000, 0x7c31, 0x10a3, 0x0000, 0x8cb3, 0x0020,
0x0000, 0x0861, 0x8472, 0x0000, 0x0000, 0x0000, 0x0000, 0x0000, 0x0000, 0x0000, 0x2124, 0x636e, 0x0000, 0x0000, 0x0000, 0x0000,
0x0000, 0x2125, 0x73f0, 0x6bcf, 0x6bcf, 0x6bcf, 0x6bcf, 0x6bcf, 0x6bcf, 0x6bcf, 0x73f0, 0x2945, 0x0000, 0x6baf, 0x0882, 0x634d,
0x6bae, 0x638e, 0x7c31, 0x8472, 0x636e, 0x6b8e, 0x31a6, 0x0000, 0x0000, 0x0000, 0x0000, 0x0000, 0x0000, 0x0000, 0x0000, 0x0000,
0x0000, 0x0000, 0x0000, 0x0000, 0x0000, 0x0000, 0x0000, 0x0000, 0x0000, 0x0000, 0x0000, 0x0000, 0x0000, 0x0000, 0x0000, 0x0000,
0x0000, 0x0000, 0x0000, 0x0000, 0x0000, 0x0000, 0x0000, 0x0000, 0x0000, 0x0000, 0x0000, 0x0000, 0x0000, 0x0000, 0x0000, 0x0000,
0x0000, 0x0000, 0x0000, 0x0000, 0x0000, 0x0000, 0x0000, 0x0000, 0x0000, 0x0000, 0x0000, 0x0000, 0x0000, 0x0000, 0x0000, 0x0000,
0x0000, 0x0000, 0x0000, 0x0000, 0x0000, 0x0000, 0x0000, 0x0000, 0x0000, 0x0000, 0x7306, 0x2902, 0xac69, 0x0000, 0x0000, 0x6ac6,
0x49c4, 0x18a1, 0x9c09, 0x0000, 0x0000, 0x0000, 0x0000, 0x0000, 0x0000, 0xac69, 0x3163, 0x1081, 0x0000, 0x2922, 0x8347, 0x0000,
0x0000, 0x1081, 0xcd4b, 0x41c3, 0xa449, 0x0000, 0xac8a, 0x0000, 0x0000, 0xb48a, 0x0000, 0x0000, 0xa429, 0x0000, 0xa449, 0x49e4,
0xbcca, 0x9be8, 0xcd4b, 0x93c8, 0xbceb, 0x0000, 0x0000, 0x0000, 0x0000, 0x0000, 0x0000, 0x0000, 0x0000, 0x0000, 0x0000, 0x0000,
0x0000, 0x0000, 0x0000, 0x0000, 0x0000, 0x0000, 0x0000, 0x0000, 0x0000, 0x0000, 0x0000, 0x0000, 0x0000, 0x0000, 0x0000, 0x0000,
0x0000, 0x0000, 0x0000, 0x0000, 0x0000, 0x0000, 0x0000, 0x0000, 0x0000, 0x0000, 0x0000, 0x0000, 0x0000, 0x0000, 0x0000, 0x0000,
0x0000, 0x0000, 0x0000, 0x0000, 0x0000, 0x0000, 0x0000, 0x0000, 0x0000, 0x0000, 0x0000, 0x0000, 0x0000, 0x0000, 0x0000, 0x0000,
0x0000, 0x0000, 0x0000, 0x0000, 0x0000, 0x0000, 0x0000, 0x0000, 0x0000, 0x0000, 0x0000, 0x0000, 0x0000, 0x0000, 0x0000, 0x0000,
0x0000, 0x0000, 0x0000, 0x0000, 0x0000, 0x0000, 0x0000, 0x0000, 0x0000, 0x0000, 0x0000, 0x0000, 0x0000, 0x0000, 0x0000, 0x0000,
0x0000, 0x0000, 0x0000, 0x0000, 0x0000, 0x0000, 0x0000, 0x0000, 0x0000, 0x0000, 0x0000, 0x0000, 0x0000, 0x0000, 0x0000, 0x0000,
0x0000, 0x0000, 0x0000, 0x0000, 0x0000, 0x0000, 0x0000, 0x0000, 0x0000, 0x0000, 0x0000, 0x0000, 0x0000, 0x0000, 0x0000, 0x0000,
0x0000, 0x0000, 0x0000, 0x0000, 0x18e4, 0x73f0, 0x6bcf, 0x6bcf, 0x8492, 0xadb7, 0x7c11, 0x6bcf, 0x6bcf, 0x73f0, 0x1904, 0x2966,
0x6b8e, 0x8472, 0x0000, 0x0020, 0x0000, 0x1082, 0x5b2c, 0x0000, 0x0020, 0x0000, 0x0000, 0x0861, 0x8cb3, 0x5b0c, 0x0000, 0x0020,
0x634d, 0x0000, 0x0000, 0x0000, 0x0020, 0x0000, 0x0000, 0x0000, 0x0000, 0x0000, 0x10a2, 0x7c31, 0x0000, 0x0000, 0x52eb, 0x3a08,
0x0000, 0x0861, 0x8472, 0x0000, 0x0000, 0x0000, 0x0000, 0x0000, 0x0000, 0x0000, 0x636e, 0x2125, 0x0000, 0x0000, 0x0000, 0x0000,
0x0000, 0x0020, 0x0020, 0x0000, 0x0041, 0x7c31, 0x0000, 0x0000, 0x0000, 0x0000, 0x0020, 0x0020, 0x0000, 0x6bcf, 0x2125, 0x4a6a,
0x0020, 0x0000, 0x5b2d, 0x10c3, 0x0000, 0x0020, 0x0000, 0x0000, 0x0000, 0x0000, 0x0000, 0x0000, 0x0000, 0x0000, 0x0000, 0x0000,
0x0000, 0x0000, 0x0000, 0x0000, 0x0000, 0x0000, 0x0000, 0x0000, 0x0000, 0x0000, 0x0000, 0x0000, 0x0000, 0x0000, 0x0000, 0x0000,
0x0000, 0x0000, 0x0000, 0x0000, 0x0000, 0x0000, 0x0000, 0x0000, 0x0000, 0x0000, 0x0000, 0x0000, 0x0000, 0x0000, 0x0000, 0x0000,
0x0000, 0x0000, 0x0000, 0x0000, 0x0000, 0x0000, 0x0000, 0x0000, 0x0000, 0x0000, 0x0000, 0x0000, 0x0000, 0x0000, 0x0000, 0x0000,
0x0000, 0x0000, 0x0000, 0x0000, 0x0000, 0x0000, 0x0000, 0x0000, 0x0000, 0x0000, 0x0000, 0x0000, 0xac69, 0x0000, 0x0000, 0x0840,
0xac69, 0x8ba8, 0x2902, 0x0000, 0x0000, 0x0000, 0x0000, 0x0000, 0x18a1, 0xbcca, 0x20e2, 0xb4aa, 0x1081, 0x3963, 0x7306, 0x0000,
0x2102, 0xbcca, 0xc50b, 0xa449, 0x62a5, 0x0860, 0xa429, 0x0000, 0x0000, 0xac8a, 0x0000, 0x0000, 0xa429, 0x1081, 0x9be8, 0x41c3,
0x5a65, 0x1061, 0x93c8, 0x0000, 0xa429, 0x0000, 0x0000, 0x0000, 0x0000, 0x0000, 0x0000, 0x0000, 0x0000, 0x0000, 0x0000, 0x0000,
0x0000, 0x0000, 0x0000, 0x0000, 0x0000, 0x0000, 0x0000, 0x0000, 0x0000, 0x0000, 0x0000, 0x0000, 0x0000, 0x0000, 0x0000, 0x0000,
0x0000, 0x0000, 0x0000, 0x0000, 0x0000, 0x0000, 0x0000, 0x0000, 0x0000, 0x0000, 0x0000, 0x0000, 0x0000, 0x0000, 0x0000, 0x0000,
0x0000, 0x0000, 0x0000, 0x0000, 0x0000, 0x0000, 0x0000, 0x0000, 0x0000, 0x0000, 0x0000, 0x0000, 0x0000, 0x0000, 0x0000, 0x0000,
0x0000, 0x0000, 0x0000, 0x0000, 0x0000, 0x0000, 0x0000, 0x0000, 0x0000, 0x0000, 0x0000, 0x0000, 0x0000, 0x0000, 0x0000, 0x0000,
0x0000, 0x0000, 0x0000, 0x0000, 0x0000, 0x0000, 0x0000, 0x0000, 0x0000, 0x0000, 0x0000, 0x0000, 0x0000, 0x0000, 0x0000, 0x0000,
0x0000, 0x0000, 0x0000, 0x0000, 0x0000, 0x0000, 0x0000, 0x0000, 0x0000, 0x0000, 0x0000, 0x0000, 0x0000, 0x0000, 0x0000, 0x0000,
0x0000, 0x0000, 0x0000, 0x0000, 0x0000, 0x0000, 0x0000, 0x0000, 0x0000, 0x0000, 0x0000, 0x0000, 0x0000, 0x0000, 0x0000, 0x0000,
0x0000, 0x0000, 0x0000, 0x0000, 0x0000, 0x0000, 0x0000, 0x0882, 0x73f0, 0x8452, 0x73cf, 0x0000, 0x0000, 0x0000, 0x0000, 0x0000,
0x0000, 0x6bcf, 0x4a6a, 0x6bae, 0x6b8e, 0x73cf, 0x8cd3, 0x6b8e, 0x6b8e, 0x31c7, 0x3a08, 0x7c51, 0x7c31, 0x31a6, 0x636e, 0x73f0,
0x8cb3, 0x636e, 0x636e, 0x636e, 0x31a7, 0x0000, 0x0000, 0x0000, 0x0000, 0x0000, 0x52cb, 0x9514, 0x7c51, 0x7c51, 0x8cb3, 0x7c31,
0x0000, 0x0861, 0x8472, 0x0000, 0x0000, 0x0000, 0x0000, 0x0000, 0x0000, 0x0041, 0x8472, 0x0000, 0x0000, 0x0000, 0x0000, 0x0000,
0x0000, 0x0000, 0x0000, 0x0000, 0x4269, 0x39e7, 0x0000, 0x0020, 0x5b2d, 0x0000, 0x0000, 0x0000, 0x0000, 0x6baf, 0x3a08, 0x2986,
0x73cf, 0x634d, 0x94f4, 0x7410, 0x7c31, 0x8cb3, 0x10c3, 0x0000, 0x0000, 0x0000, 0x0000, 0x0000, 0x0000, 0x0000, 0x0000, 0x0000,
0x0000, 0x0000, 0x0000, 0x0000, 0x0000, 0x0000, 0x0000, 0x0000, 0x0000, 0x0000, 0x0000, 0x0000, 0x0000, 0x0000, 0x0000, 0x0000,
0x0000, 0x0000, 0x0000, 0x0000, 0x0000, 0x0000, 0x0000, 0x0000, 0x0000, 0x0000, 0x0000, 0x0000, 0x0000, 0x0000, 0x0000, 0x0000,
0x0000, 0x0000, 0x0000, 0x0000, 0x0000, 0x0000, 0x0000, 0x0000, 0x0000, 0x0000, 0x0000, 0x0000, 0x0000, 0x0000, 0x0000, 0x0000,
0x0000, 0x0000, 0x0000, 0x0000, 0x0000, 0x0000, 0x0000, 0x0000, 0x0000, 0x0000, 0x0000, 0x0000, 0xac69, 0x0000, 0x0000, 0x0000,
0x8367, 0xac69, 0x0000, 0x0000, 0x0000, 0x0000, 0x0000, 0x0000, 0x8367, 0x5224, 0x0000, 0x2922, 0xa429, 0x49e4, 0x6aa6, 0x0000,
0x5a45, 0x20c1, 0xa429, 0x0000, 0x5224, 0x62a5, 0x5204, 0x0000, 0x0000, 0xac8a, 0x0000, 0x0000, 0xac69, 0x3163, 0x7306, 0x41c3,
0x5a65, 0x1061, 0x93c8, 0x0000, 0xa429, 0x0000, 0x0000, 0x0000, 0x0000, 0x0000, 0x0000, 0x0000, 0x0000, 0x0000, 0x0000, 0x0000,
0x0000, 0x0000, 0x0000, 0x0000, 0x0000, 0x0000, 0x0000, 0x0000, 0x0000, 0x0000, 0x0000, 0x0000, 0x0000, 0x0000, 0x0000, 0x0000,
0x0000, 0x0000, 0x0000, 0x0000, 0x0000, 0x0000, 0x0000, 0x0000, 0x0000, 0x0000, 0x0000, 0x0000, 0x0000, 0x0000, 0x0000, 0x0000,
0x0000, 0x0000, 0x0000, 0x0000, 0x0000, 0x0000, 0x0000, 0x0000, 0x0000, 0x0000, 0x0000, 0x0000, 0x0000, 0x0000, 0x0000, 0x0000,
0x0000, 0x0000, 0x0000, 0x0000, 0x0000, 0x0000, 0x0000, 0x0000, 0x0000, 0x0000, 0x0000, 0x0000, 0x0000, 0x0000, 0x0000, 0x0000,
0x0000, 0x0000, 0x0000, 0x0000, 0x0000, 0x0000, 0x0000, 0x0000, 0x0000, 0x0000, 0x0000, 0x0000, 0x0000, 0x0000, 0x0000, 0x0000,
0x0000, 0x0000, 0x0000, 0x0000, 0x0000, 0x0000, 0x0000, 0x0000, 0x0000, 0x0000, 0x0000, 0x0000, 0x0000, 0x0000, 0x0000, 0x0000,
0x0000, 0x0000, 0x0000, 0x0000, 0x0000, 0x0000, 0x0000, 0x0000, 0x0000, 0x0000, 0x0000, 0x0000, 0x0000, 0x0000, 0x0000, 0x0000,
0x0000, 0x0000, 0x0000, 0x0000, 0x0000, 0x0000, 0x0020, 0x7c31, 0x18e3, 0x7410, 0x39e8, 0x636e, 0x0000, 0x0000, 0x0000, 0x0000,
0x0000, 0x6bcf, 0x0020, 0x0000, 0x0000, 0x10a2, 0x5b2c, 0x0000, 0x0000, 0x0020, 0x0041, 0x0841, 0x6b8e, 0x0020, 0x10a2, 0x73cf,
0x0000, 0x0841, 0x6b8e, 0x0000, 0x0020, 0x0000, 0x0000, 0x0000, 0x0000, 0x0000, 0x8cd3, 0x0841, 0x0000, 0x0000, 0x0000, 0x8472,
0x10a2, 0x0861, 0x8472, 0x0000, 0x0000, 0x0000, 0x0000, 0x0000, 0x0000, 0x4229, 0x4a6a, 0x0000, 0x0000, 0x0000, 0x0000, 0x0000,
0x0000, 0x0000, 0x0000, 0x0020, 0x7c31, 0x0000, 0x0000, 0x0000, 0x52cb, 0x31e7, 0x0000, 0x0000, 0x0000, 0x4a6a, 0x5b2d, 0x10a2,
0x6bcf, 0x0000, 0x6baf, 0x31a7, 0x39e8, 0x5b2c, 0x1082, 0x0000, 0x0000, 0x0000, 0x0000, 0x0000, 0x0000, 0x0000, 0x0000, 0x0000,
0x0000, 0x0000, 0x0000, 0x0000, 0x0000, 0x0000, 0x0000, 0x0000, 0x0000, 0x0000, 0x0000, 0x0000, 0x0000, 0x0000, 0x0000, 0x0000,
0x0000, 0x0000, 0x0000, 0x0000, 0x0000, 0x0000, 0x0000, 0x0000, 0x0000, 0x0000, 0x0000, 0x0000, 0x0000, 0x0000, 0x0000, 0x0000,
0x0000, 0x0000, 0x0000, 0x0000, 0x0000, 0x0000, 0x0000, 0x0000, 0x0000, 0x0000, 0x0000, 0x0000, 0x0000, 0x0000, 0x0000, 0x0000,
0x0000, 0x0000, 0x0000, 0x0000, 0x0000, 0x0000, 0x0000, 0x0000, 0x0000, 0x0000, 0x0000, 0x0000, 0xac69, 0x0000, 0x0000, 0x2902,
0xbcca, 0xb4aa, 0x41a3, 0x0000, 0x0000, 0x0000, 0x0000, 0x41c4, 0xac69, 0x0000, 0x0000, 0x0000, 0x0840, 0x6285, 0x49e4, 0x0000,
0x0000, 0x0000, 0xa429, 0x0000, 0x0020, 0xbcca, 0x0020, 0x0000, 0x0000, 0xac8a, 0x0000, 0x0000, 0x2902, 0x8ba8, 0x2922, 0x41c4,
0x5a65, 0x1061, 0x93c8, 0x0820, 0xac69, 0x0000, 0x0000, 0x0000, 0x0000, 0x0000, 0x0000, 0x0000, 0x0000, 0x0000, 0x0000, 0x0000,
0x0000, 0x0000, 0x0000, 0x0000, 0x0000, 0x0000, 0x0000, 0x0000, 0x0000, 0x0000, 0x0000, 0x0000, 0x0000, 0x0000, 0x0000, 0x0000,
0x0000, 0x0000, 0x0000, 0x0000, 0x0000, 0x0000, 0x0000, 0x0000, 0x0000, 0x0000, 0x0000, 0x0000, 0x0000, 0x0000, 0x0000, 0x0000,
0x0000, 0x0000, 0x0000, 0x0000, 0x0000, 0x0000, 0x0000, 0x0000, 0x0000, 0x0000, 0x0000, 0x0000, 0x0000, 0x0000, 0x0000, 0x0000,
0x0000, 0x0000, 0x0000, 0x0000, 0x0000, 0x0000, 0x0000, 0x0000, 0x0000, 0x0000, 0x0000, 0x0000, 0x0000, 0x0000, 0x0000, 0x0000,
0x0000, 0x0000, 0x0000, 0x0000, 0x0000, 0x0000, 0x0000, 0x0000, 0x0000, 0x0000, 0x0000, 0x0000, 0x0000, 0x0000, 0x0000, 0x0000,
0x0000, 0x0000, 0x0000, 0x0000, 0x0000, 0x0000, 0x0000, 0x0000, 0x0000, 0x0000, 0x0000, 0x0000, 0x0000, 0x0000, 0x0000, 0x0000,
0x0000, 0x0000, 0x0000, 0x0000, 0x0000, 0x0000, 0x0000, 0x0000, 0x0000, 0x0000, 0x0000, 0x0000, 0x0000, 0x0000, 0x0000, 0x0000,
0x0000, 0x0000, 0x0000, 0x0000, 0x0000, 0x1904, 0x7c31, 0x2145, 0x0000, 0x7410, 0x0000, 0x4a6a, 0x7410, 0x1082, 0x0000, 0x0000,
0x0861, 0x7c51, 0x0000, 0x0000, 0x0000, 0x10a3, 0x5b2d, 0x0000, 0x0000, 0x0000, 0x0000, 0x0841, 0x6b8e, 0x0000, 0x4a8a, 0x73f0,
0x31a7, 0x6bae, 0x1904, 0x0000, 0x0000, 0x0000, 0x0000, 0x0000, 0x0000, 0x2966, 0x73f0, 0x0000, 0x0000, 0x0000, 0x0000, 0x4aaa,
0x52cb, 0x0861, 0x8492, 0x0000, 0x0000, 0x0000, 0x0000, 0x0000, 0x0000, 0x7c51, 0x0861, 0x0000, 0x0000, 0x0000, 0x0000, 0x0000,
0x0000, 0x0000, 0x0000, 0x5b0c, 0x2966, 0x0000, 0x0000, 0x0000, 0x0020, 0x8472, 0x0841, 0x0000, 0x0841, 0x31a6, 0x8cb3, 0x6baf,
0x6bcf, 0x0000, 0x6baf, 0x31a7, 0x39e8, 0x5b2c, 0x1082, 0x0000, 0x0000, 0x0000, 0x0000, 0x0000, 0x0000, 0x0000, 0x0000, 0x0000,
0x0000, 0x0000, 0x0000, 0x0000, 0x0000, 0x0000, 0x0000, 0x0000, 0x0000, 0x0000, 0x0000, 0x0000, 0x0000, 0x0000, 0x0000, 0x0000,
0x0000, 0x0000, 0x0000, 0x0000, 0x0000, 0x0000, 0x0000, 0x0000, 0x0000, 0x0000, 0x0000, 0x0000, 0x0000, 0x0000, 0x0000, 0x0000,
0x0000, 0x0000, 0x0000, 0x0000, 0x0000, 0x0000, 0x0000, 0x0000, 0x0000, 0x0000, 0x0000, 0x0000, 0x0000, 0x0000, 0x0000, 0x0000,
0x0000, 0x0000, 0x0000, 0x0000, 0x0000, 0x0000, 0x0000, 0x0000, 0x0000, 0x0000, 0x0000, 0x0000, 0xac69, 0x0000, 0x6ac6, 0xc50b,
0x18a1, 0x0860, 0xbcca, 0x7b26, 0x0020, 0x0000, 0x6285, 0xbcca, 0x0860, 0x0000, 0x1081, 0x2922, 0x0860, 0xa449, 0x20e2, 0x0000,
0x0000, 0x0000, 0xa449, 0x0000, 0x9c08, 0x49e4, 0x0840, 0x1060, 0x2922, 0x8ba8, 0x0000, 0x0000, 0x49e4, 0xa429, 0x0000, 0x3163,
0x41c4, 0x1081, 0x93c8, 0x5a45, 0x6285, 0x0000, 0x0000, 0x0000, 0x0000, 0x0000, 0x0000, 0x0000, 0x0000, 0x0000, 0x0000, 0x0000,
0x0000, 0x0000, 0x0000, 0x0000, 0x0000, 0x0000, 0x0000, 0x0000, 0x0000, 0x0000, 0x0000, 0x0000, 0x0000, 0x0000, 0x0000, 0x0000,
0x0000, 0x0000, 0x0000, 0x0000, 0x0000, 0x0000, 0x0000, 0x0000, 0x0000, 0x0000, 0x0000, 0x0000, 0x0000, 0x0000, 0x0000, 0x0000,
0x0000, 0x0000, 0x0000, 0x0000, 0x0000, 0x0000, 0x0000, 0x0000, 0x0000, 0x0000, 0x0000, 0x0000, 0x0000, 0x0000, 0x0000, 0x0000,
0x0000, 0x0000, 0x0000, 0x0000, 0x0000, 0x0000, 0x0000, 0x0000, 0x0000, 0x0000, 0x0000, 0x0000, 0x0000, 0x0000, 0x0000, 0x0000,
0x0000, 0x0000, 0x0000, 0x0000, 0x0000, 0x0000, 0x0000, 0x0000, 0x0000, 0x0000, 0x0000, 0x0000, 0x0000, 0x0000, 0x0000, 0x0000,
0x0000, 0x0000, 0x0000, 0x0000, 0x0000, 0x0000, 0x0000, 0x0000, 0x0000, 0x0000, 0x0000, 0x0000, 0x0000, 0x0000, 0x0000, 0x0000,
0x0000, 0x0000, 0x0000, 0x0000, 0x0000, 0x0000, 0x0000, 0x0000, 0x0000, 0x0000, 0x0000, 0x0000, 0x0000, 0x0000, 0x0000, 0x0000,
0x0000, 0x0000, 0x0000, 0x0000, 0x2986, 0x8452, 0x10a2, 0x0000, 0x0000, 0x7410, 0x0000, 0x0000, 0x31c7, 0x94f4, 0x2145, 0x10a2,
0x7c31, 0x52cb, 0x636e, 0x18c3, 0x0020, 0x0841, 0x18e4, 0x0020, 0x0882, 0x1082, 0x0000, 0x0841, 0x6b8e, 0x0000, 0x0000, 0x2966,
0x9514, 0x8cb3, 0x3a08, 0x0000, 0x0000, 0x0000, 0x0000, 0x0000, 0x0000, 0x6baf, 0x4269, 0x0000, 0x0000, 0x0000, 0x0000, 0x1904,
0x94f4, 0x10c3, 0x8cd4, 0x0000, 0x0000, 0x0000, 0x0000, 0x0000, 0x1904, 0x6baf, 0x0000, 0x0000, 0x0000, 0x0000, 0x0000, 0x0000,
0x0000, 0x0000, 0x39e8, 0x94f4, 0x52ec, 0x636e, 0x7410, 0x7c31, 0x7c11, 0x7c31, 0x52ec, 0x0000, 0x31c7, 0x52cb, 0x10a2, 0x0000,
0x6bcf, 0x0000, 0x6bcf, 0x31c7, 0x3a08, 0x634d, 0x1082, 0x0000, 0x0000, 0x0000, 0x0000, 0x0000, 0x0000, 0x0000, 0x0000, 0x0000,
0x0000, 0x0000, 0x0000, 0x0000, 0x0000, 0x0000, 0x0000, 0x0000, 0x0000, 0x0000, 0x0000, 0x0000, 0x0000, 0x0000, 0x0000, 0x0000,
0x0000, 0x0000, 0x0000, 0x0000, 0x0000, 0x0000, 0x0000, 0x0000, 0x0000, 0x0000, 0x0000, 0x0000, 0x0000, 0x0000, 0x0000, 0x0000,
0x0000, 0x0000, 0x0000, 0x0000, 0x0000, 0x0000, 0x0000, 0x0000, 0x0000, 0x0000, 0x0000, 0x0000, 0x0000, 0x0000, 0x0000, 0x0000,
0x0000, 0x0000, 0x0000, 0x0000, 0x0000, 0x0000, 0x0000, 0x0000, 0x0000, 0x0000, 0x0000, 0x0020, 0x9c08, 0x3163, 0x8ba8, 0x0820,
0x0000, 0x0000, 0x0820, 0x8b87, 0x41c4, 0x39a3, 0x8b88, 0x0840, 0x0000, 0x0000, 0x20c1, 0x9c09, 0xac8a, 0x8347, 0x0000, 0x0000,
0x0000, 0x0000, 0xac8a, 0x1081, 0x6ac6, 0x0000, 0x20e2, 0xa429, 0x9be8, 0x20e2, 0x0000, 0x0000, 0x8367, 0x0840, 0x0000, 0x0000,
0x0000, 0x1081, 0x8347, 0x0000, 0x0000, 0x0000, 0x0000, 0x0000, 0x0000, 0x0000, 0x0000, 0x0000, 0x0000, 0x0000, 0x0000, 0x0000,
0x0000, 0x0000, 0x0000, 0x0000, 0x0000, 0x0000, 0x0000, 0x0000, 0x0000, 0x0000, 0x0000, 0x0000, 0x0000, 0x0000, 0x0000, 0x0000,
0x0000, 0x0000, 0x0000, 0x0000, 0x0000, 0x0000, 0x0000, 0x0000, 0x0000, 0x0000, 0x0000, 0x0000, 0x0000, 0x0000, 0x0000, 0x0000,
0x0000, 0x0000, 0x0000, 0x0000, 0x0000, 0x0000, 0x0000, 0x0000, 0x0000, 0x0000, 0x0000, 0x0000, 0x0000, 0x0000, 0x0000, 0x0000,
0x0000, 0x0000, 0x0000, 0x0000, 0x0000, 0x0000, 0x0000, 0x0000, 0x0000, 0x0000, 0x0000, 0x0000, 0x0000, 0x0000, 0x0000, 0x0000,
0x0000, 0x0000, 0x0000, 0x0000, 0x0000, 0x0000, 0x0000, 0x0000, 0x0000, 0x0000, 0x0000, 0x0000, 0x0000, 0x0000, 0x0000, 0x0000,
0x0000, 0x0000, 0x0000, 0x0000, 0x0000, 0x0000, 0x0000, 0x0000, 0x0000, 0x0000, 0x0000, 0x0000, 0x0000, 0x0000, 0x0000, 0x0000,
0x0000, 0x0000, 0x0000, 0x0000, 0x0000, 0x0000, 0x0000, 0x0000, 0x0000, 0x0000, 0x0000, 0x0000, 0x0000, 0x0000, 0x0000, 0x0000,
0x0000, 0x0000, 0x0000, 0x0000, 0x0020, 0x0020, 0x0000, 0x0000, 0x0000, 0x8472, 0x0000, 0x0000, 0x0000, 0x0882, 0x0041, 0x2986,
0x10c3, 0x0000, 0x1904, 0x5b0c, 0x6baf, 0x73f0, 0x73f0, 0x73cf, 0x6baf, 0x31a6, 0x10a2, 0x73cf, 0x4aaa, 0x52ec, 0x6bae, 0x52ec,
0x0861, 0x0020, 0x52cb, 0x7c10, 0x0000, 0x0000, 0x0000, 0x0000, 0x0000, 0x0000, 0x0000, 0x0000, 0x0000, 0x0000, 0x0000, 0x0000,
0x0000, 0x0000, 0x0000, 0x0000, 0x0000, 0x0000, 0x0000, 0x0000, 0x634d, 0x2966, 0x0000, 0x0000, 0x0000, 0x0000, 0x0000, 0x0000,
0x0000, 0x0000, 0x2104, 0x31c7, 0x2145, 0x10a3, 0x0020, 0x0000, 0x0000, 0x0000, 0x52cb, 0x0000, 0x0000, 0x0000, 0x0000, 0x0000,
0x5b0c, 0x0020, 0x2965, 0x10a2, 0x4229, 0x634d, 0x0000, 0x0000, 0x0000, 0x0000, 0x0000, 0x0000, 0x0000, 0x0000, 0x0000, 0x0000,
0x0000, 0x0000, 0x0000, 0x0000, 0x0000, 0x0000, 0x0000, 0x0000, 0x0000, 0x0000, 0x0000, 0x0000, 0x0000, 0x0000, 0x0000, 0x0000,
0x0000, 0x0000, 0x0000, 0x0000, 0x0000, 0x0000, 0x0000, 0x0000, 0x0000, 0x0000, 0x0000, 0x0000, 0x0000, 0x0000, 0x0000, 0x0000,
0x0000, 0x0000, 0x0000, 0x0000, 0x0000, 0x0000, 0x0000, 0x0000, 0x0000, 0x0000, 0x0000, 0x0000, 0x0000, 0x0000, 0x0000, 0x0000,
0x0000, 0x0000, 0x0000, 0x0000, 0x0000, 0x0000, 0x0000, 0x0000, 0x0000, 0x0000, 0x0000, 0x0000, 0x0000, 0x0000, 0x0000, 0x0000,
0x0000, 0x0000, 0x0000, 0x0000, 0x0000, 0x0000, 0x0000, 0x0000, 0x0000, 0x0000, 0x0000, 0x0000, 0x0000, 0x0000, 0x0000, 0x0000,
0x0000, 0x0000, 0x0000, 0x0000, 0x0000, 0x0000, 0x0000, 0x0000, 0x0000, 0x0000, 0x0000, 0x0000, 0x0000, 0x0000, 0x0000, 0x0000,
0x0000, 0x0000, 0x0000, 0x0000, 0x0000, 0x0000, 0x0000, 0x0000, 0x0000, 0x0000, 0x0000, 0x0000, 0x0000, 0x0000, 0x0000, 0x0000,
0x0000, 0x0000, 0x0000, 0x0000, 0x0000, 0x0000, 0x0000, 0x0000, 0x0000, 0x0000, 0x0000, 0x0000, 0x0000, 0x0000, 0x0000, 0x0000,
0x0000, 0x0000, 0x0000, 0x0000, 0x0000, 0x0000, 0x0000, 0x0000, 0x0000, 0x0000, 0x0000, 0x0000, 0x0000, 0x0000, 0x0000, 0x0000,
0x0000, 0x0000, 0x0000, 0x0000, 0x0000, 0x0000, 0x0000, 0x0000, 0x0000, 0x0000, 0x0000, 0x0000, 0x0000, 0x0000, 0x0000, 0x0000,
0x0000, 0x0000, 0x0000, 0x0000, 0x0000, 0x0000, 0x0000, 0x0000, 0x0000, 0x0000, 0x0000, 0x0000, 0x0000, 0x0000, 0x0000, 0x0000,
0x0000, 0x0000, 0x0000, 0x0000, 0x0000, 0x0000, 0x0000, 0x0000, 0x0000, 0x0000, 0x0000, 0x0000, 0x0000, 0x0000, 0x0000, 0x0000,
0x0000, 0x0000, 0x0000, 0x0000, 0x0000, 0x0000, 0x0000, 0x0000, 0x0000, 0x0000, 0x0000, 0x0000, 0x0000, 0x0000, 0x0000, 0x0000,
0x0000, 0x0000, 0x0000, 0x0000, 0x0000, 0x0000, 0x0000, 0x0000, 0x0000, 0x0000, 0x0000, 0x0000, 0x0000, 0x0000, 0x0000, 0x0000,
0x0000, 0x0000, 0x0000, 0x0000, 0x0000, 0x0000, 0x0000, 0x0000, 0x0000, 0x0000, 0x0000, 0x0000, 0x0000, 0x0000, 0x0000, 0x0000,
0x0000, 0x0000, 0x0000, 0x0000, 0x0000, 0x0000, 0x0000, 0x0000, 0x0000, 0x0000, 0x0000, 0x0000, 0x0000, 0x0000, 0x0000, 0x0000,
0x0000, 0x0000, 0x0000, 0x0020, 0x0000, 0x0000, 0x0000, 0x0000, 0x0000, 0x0000, 0x0000, 0x0000, 0x0000, 0x0000, 0x0000, 0x0000,
0x0000, 0x0000, 0x0000, 0x0000, 0x0000, 0x0000, 0x0000, 0x0000, 0x0841, 0x0000, 0x0000, 0x0000, 0x0000, 0x0000, 0x0000, 0x0000,
0x0000, 0x0000, 0x0000, 0x0000, 0x0000, 0x0000, 0x0000, 0x0000, 0x0000, 0x0000, 0x0000, 0x0000, 0x0000, 0x0000, 0x0000, 0x0000,
0x0000, 0x0000, 0x0000, 0x0000, 0x0000, 0x0000, 0x0000, 0x0000, 0x0000, 0x0000, 0x0000, 0x0000, 0x0000, 0x0000, 0x0000, 0x0000,
0x0000, 0x0000, 0x0000, 0x0000, 0x0000, 0x0000, 0x0000, 0x0000, 0x0000, 0x0000, 0x0000, 0x0000, 0x0000, 0x0000, 0x0000, 0x0000,
0x0000, 0x0000, 0x0000, 0x0000, 0x0000, 0x0000, 0x0000, 0x0000, 0x0000, 0x0000, 0x0000, 0x0000, 0x0000, 0x0000, 0x0000, 0x0000,
0x0000, 0x0000, 0x0000, 0x0000, 0x0000, 0x0000, 0x0000, 0x0000, 0x0000, 0x0000, 0x0000, 0x0000, 0x0000, 0x0000, 0x0000, 0x0000,
0x0000, 0x0000, 0x0000, 0x0000, 0x0000, 0x0000, 0x0000, 0x0000, 0x0000, 0x0000, 0x0000, 0x0000, 0x0000, 0x0000, 0x0000, 0x0000,
0x0000, 0x0000, 0x0000, 0x0000, 0x0000, 0x0000, 0x0000, 0x0000, 0x0000, 0x0000, 0x0000, 0x0000, 0x0000, 0x0000, 0x0000, 0x0000,
0x0000, 0x0000, 0x0000, 0x0000, 0x0000, 0x0000, 0x0000, 0x0000, 0x0000, 0x0000, 0x0000, 0x0000, 0x0000, 0x0000, 0x0000, 0x0000,
0x0000, 0x0000, 0x0000, 0x0000, 0x0000, 0x0000, 0x0000, 0x0000, 0x0000, 0x0000, 0x0000, 0x0000, 0x0000, 0x0000, 0x0000, 0x0000,
0x0000, 0x0000, 0x0000, 0x0000, 0x0000, 0x0000, 0x0000, 0x0000, 0x0000, 0x0000, 0x0000, 0x0000, 0x0000, 0x0000, 0x0000, 0x0000,
0x0000, 0x0000, 0x0000, 0x0000, 0x0000, 0x0000, 0x0000, 0x0000, 0x0000, 0x0000, 0x0000, 0x0000, 0x0000, 0x0000, 0x0000, 0x0000,
0x0000, 0x0000, 0x0000, 0x0000, 0x0000, 0x0000, 0x0000, 0x0000, 0x0000, 0x0000, 0x0000, 0x0000, 0x0000, 0x0000, 0x0000, 0x0000,
0x0000, 0x0000, 0x0000, 0x0000, 0x0000, 0x0000, 0x0000, 0x0000, 0x0000, 0x0000, 0x0000, 0x0000, 0x0000, 0x0000, 0x0000, 0x0000,
0x0000, 0x0000, 0x0000, 0x0000, 0x0000, 0x0000, 0x0000, 0x0000, 0x0000, 0x0000, 0x0000, 0x0000, 0x0000, 0x0000, 0x0000, 0x0000,
0x0000, 0x0000, 0x0000, 0x0000, 0x0000, 0x0000, 0x0000, 0x0000, 0x0000, 0x0000, 0x0000, 0x0000, 0x0000, 0x0000, 0x0000, 0x0000,
0x0000, 0x0000, 0x0000, 0x0000, 0x0000, 0x0000, 0x0000, 0x0000, 0x0000, 0x0000, 0x0000, 0x0000, 0x0000, 0x0000, 0x0000, 0x0000,
0x0000, 0x0000, 0x0000, 0x0000, 0x0000, 0x0000, 0x0000, 0x0000, 0x0000, 0x0000, 0x0000, 0x0000, 0x0000, 0x0000, 0x0000, 0x0000,
0x0000, 0x0000, 0x0000, 0x0000, 0x0000, 0x0000, 0x0000, 0x0000, 0x0000, 0x0000, 0x0000, 0x0000, 0x0000, 0x0000, 0x0000, 0x0000,
0x0000, 0x0000, 0x0000, 0x0000, 0x0000, 0x0000, 0x0000, 0x0000, 0x0000, 0x0000, 0x0000, 0x0000, 0x0000, 0x0000, 0x0000, 0x0000,
0x0000, 0x0000, 0x0000, 0x0000, 0x0000, 0x0000, 0x0000, 0x0000, 0x0000, 0x0000, 0x0000, 0x0000, 0x0000, 0x0000, 0x0000, 0x0000,
0x0000, 0x0000, 0x0000, 0x0000, 0x0000, 0x0000, 0x0000, 0x0000, 0x0000, 0x0000, 0x0000, 0x0000, 0x0000, 0x0000, 0x0000, 0x0000,
0x0000, 0x0000, 0x0000, 0x0000, 0x0000, 0x0000, 0x0000, 0x0000, 0x0000, 0x0000, 0x0000, 0x0000, 0x0000, 0x0000, 0x0000, 0x0000,
0x0000, 0x0000, 0x0000, 0x0000, 0x0000, 0x0000, 0x0000, 0x0000, 0x0000, 0x0000, 0x0000, 0x0000, 0x0000, 0x0000, 0x0000, 0x0000,
0x0000, 0x0000, 0x0000, 0x0000, 0x0000, 0x0000, 0x0000, 0x0000, 0x0000, 0x0000, 0x0000, 0x0000, 0x0000, 0x0000, 0x0000, 0x0000,
0x0000, 0x0000, 0x0000, 0x0000, 0x0000, 0x0000, 0x0000, 0x0000, 0x0000, 0x0000, 0x0000, 0x0000, 0x0000, 0x0000, 0x0000, 0x0000,
0x0000, 0x0000, 0x0000, 0x0000, 0x0000, 0x0000, 0x0000, 0x0000, 0x0000, 0x0000, 0x0000, 0x0000, 0x0000, 0x0000, 0x0000, 0x0000,
0x0000, 0x0000, 0x0000, 0x0000, 0x0000, 0x0000, 0x0000, 0x0000, 0x0000, 0x0000, 0x0000, 0x0000, 0x0000, 0x0000, 0x0000, 0x0000,
0x0000, 0x0000, 0x0000, 0x0000, 0x0000, 0x0000, 0x0000, 0x0000, 0x0000, 0x0000, 0x0000, 0x0000, 0x0000, 0x0000, 0x0000, 0x0000,
0x0000, 0x0000, 0x0000, 0x0000, 0x0000, 0x0000, 0x0000, 0x0000, 0x0000, 0x0000, 0x0000, 0x0000, 0x0000, 0x0000, 0x0000, 0x0000,
0x0000, 0x0000, 0x0000, 0x0000, 0x0000, 0x0000, 0x0000, 0x0000, 0x0000, 0x0000, 0x0000, 0x0000, 0x0000, 0x0000, 0x0000, 0x0000,
0x0000, 0x0000, 0x0000, 0x0000, 0x0000, 0x0000, 0x0000, 0x0000, 0x0000, 0x0000, 0x0000, 0x0000, 0x0000, 0x0000, 0x0000, 0x0000,
0x0000, 0x0000, 0x0000, 0x0000, 0x0000, 0x0000, 0x0000, 0x0000, 0x0000, 0x0000, 0x0000, 0x0000, 0x0000, 0x0000, 0x0000, 0x0000,
0x0000, 0x0000, 0x0000, 0x0000, 0x0000, 0x0000, 0x0000, 0x0000, 0x0000, 0x0000, 0x0000, 0x0000, 0x0000, 0x0000, 0x0000, 0x0000,
0x0000, 0x0000, 0x0000, 0x0000, 0x0000, 0x0000, 0x0000, 0x0000, 0x0000, 0x0000, 0x0000, 0x0000, 0x0000, 0x0000, 0x0000, 0x0000,
0x0000, 0x0000, 0x0000, 0x0000, 0x0000, 0x0000, 0x0000, 0x0000, 0x0000, 0x0000, 0x0000, 0x0000, 0x0000, 0x0000, 0x0000, 0x0000,
0x0000, 0x0000, 0x0000, 0x0000, 0x0000, 0x0000, 0x0000, 0x0000, 0x0000, 0x0000, 0x0000, 0x0000, 0x0000, 0x0000, 0x0000, 0x0000,
0x0000, 0x0000, 0x0000, 0x0000, 0x0000, 0x0000, 0x0000, 0x0000, 0x0000, 0x0000, 0x0000, 0x0000, 0x0000, 0x0000, 0x0000, 0x0000,
0x0000, 0x0000, 0x0000, 0x0000, 0x0000, 0x0000, 0x0000, 0x0000, 0x0000, 0x0000, 0x0000, 0x0000, 0x0000, 0x0000, 0x0000, 0x0000,
0x0000, 0x0000, 0x0000, 0x0000, 0x0000, 0x0000, 0x0000, 0x0000, 0x0000, 0x0000, 0x0000, 0x0000, 0x0000, 0x0000, 0x0000, 0x0000,
0x0000, 0x0000, 0x0000, 0x0000, 0x0000, 0x0000, 0x0000, 0x0000, 0x0000, 0x0000, 0x0000, 0x0000, 0x0000, 0x0000, 0x0000, 0x0000,
0x0000, 0x0000, 0x0000, 0x0000, 0x0000, 0x0000, 0x0000, 0x0000, 0x0000, 0x0000, 0x0000, 0x0000, 0x0000, 0x0000, 0x0000, 0x0000,
0x0000, 0x0000, 0x0000, 0x0000, 0x0000, 0x0000, 0x0000, 0x0000, 0x0000, 0x0000, 0x0000, 0x0000, 0x0000, 0x0000, 0x0000, 0x0000,
0x0000, 0x0000, 0x0000, 0x0000, 0x0000, 0x0000, 0x0000, 0x0000, 0x0000, 0x0000, 0x0000, 0x0000, 0x0000, 0x0000, 0x0000, 0x0000,
0x0000, 0x0000, 0x0000, 0x0000, 0x0000, 0x0000, 0x0000, 0x0000, 0x0000, 0x0000, 0x0000, 0x0000, 0x0000, 0x0000, 0x0000, 0x0000,
0x0000, 0x0000, 0x0000, 0x0000, 0x0000, 0x0000, 0x0000, 0x0000, 0x0000, 0x0000, 0x0000, 0x0000, 0x0000, 0x0000, 0x0000, 0x0000,
0x0000, 0x0000, 0x0000, 0x0000, 0x0000, 0x0000, 0x0000, 0x0000, 0x0000, 0x0000, 0x0000, 0x0000, 0x0000, 0x0000, 0x0000, 0x0000,
0x0000, 0x0000, 0x0000, 0x0000, 0x0000, 0x0000, 0x0000, 0x0000, 0x0000, 0x0000, 0x0000, 0x0000, 0x0000, 0x0000, 0x0000, 0x0000,
0x0000, 0x0000, 0x0000, 0x0000, 0x0000, 0x0000, 0x0000, 0x0000, 0x0000, 0x0000, 0x0000, 0x0000, 0x0000, 0x0000, 0x0000, 0x0000,
0x0000, 0x0000, 0x0000, 0x0000, 0x0000, 0x0000, 0x0000, 0x0000, 0x0000, 0x0000, 0x0000, 0x0000, 0x0000, 0x0000, 0x0000, 0x0000,
0x0000, 0x0000, 0x0000, 0x0000, 0x0000, 0x0000, 0x0000, 0x0000, 0x0000, 0x0000, 0x0000, 0x0000, 0x0000, 0x0000, 0x0000, 0x0000,
0x0000, 0x0000, 0x0000, 0x0000, 0x0000, 0x0000, 0x0000, 0x0000, 0x0000, 0x0000, 0x0000, 0x0000, 0x0000, 0x0000, 0x0000, 0x0000,
0x0000, 0x0000, 0x0000, 0x0000, 0x0000, 0x0000, 0x0000, 0x0000, 0x0000, 0x0000, 0x0000, 0x0000, 0x0000, 0x0000, 0x0000, 0x0000,
0x0000, 0x0000, 0x0000, 0x0000, 0x0000, 0x0000, 0x0000, 0x0000, 0x0000, 0x0000, 0x0000, 0x0000, 0x0000, 0x0000, 0x0000, 0x0000,
0x0000, 0x0000, 0x0000, 0x0000, 0x0000, 0x0000, 0x0000, 0x0000, 0x0000, 0x0000, 0x0000, 0x0000, 0x0000, 0x0000, 0x0000, 0x0000,
0x0000, 0x0000, 0x0000, 0x0000, 0x0000, 0x0000, 0x0000, 0x0000, 0x0000, 0x0000, 0x0000, 0x0000, 0x0000, 0x0000, 0x0000, 0x0000,
0x0000, 0x0000, 0x0000, 0x0000, 0x0000, 0x0000, 0x0000, 0x0000, 0x0000, 0x0000, 0x0000, 0x0000, 0x0000, 0x0000, 0x0000, 0x0000,
0x0000, 0x0000, 0x0000, 0x0000, 0x0000, 0x0000, 0x0000, 0x0000, 0x0000, 0x0000, 0x0000, 0x0000, 0x0000, 0x0000, 0x0000, 0x0000,
0x0000, 0x0000, 0x0000, 0x0000, 0x0000, 0x0000, 0x0000, 0x0000, 0x0000, 0x0000, 0x0000, 0x0000, 0x0000, 0x0000, 0x0000, 0x0000,
0x0000, 0x0000, 0x0000, 0x0000, 0x0000, 0x0000, 0x0000, 0x0000, 0x0000, 0x0000, 0x0000, 0x0000, 0x0000, 0x0000, 0x0000, 0x0000,
0x0000, 0x0000, 0x0000, 0x0000, 0x0000, 0x0000, 0x0000, 0x0000, 0x0000, 0x0000, 0x0000, 0x0000, 0x0000, 0x0000, 0x0000, 0x0000,
0x0000, 0x0000, 0x0000, 0x0000, 0x0000, 0x0000, 0x0000, 0x0000, 0x0000, 0x0000, 0x0000, 0x0000, 0x0000, 0x0000, 0x0000, 0x0000,
0x0000, 0x0000, 0x0000, 0x0000, 0x0000, 0x0000, 0x0000, 0x0000, 0x0000, 0x0000, 0x0000, 0x0000, 0x0000, 0x0000, 0x0000, 0x0000,
0x0000, 0x0000, 0x0000, 0x0000, 0x0000, 0x0000, 0x0000, 0x0000, 0x0000, 0x0000, 0x0000, 0x0000, 0x0000, 0x0000, 0x0000, 0x0000,
0x0000, 0x0000, 0x0000, 0x0000, 0x0000, 0x0000, 0x0000, 0x0000, 0x0000, 0x0000, 0x0000, 0x0000, 0x0000, 0x0000, 0x0000, 0x0000,
0x0000, 0x0000, 0x0000, 0x0000, 0x0000, 0x0000, 0x0000, 0x0000, 0x0000, 0x0000, 0x0000, 0x0000, 0x0000, 0x0000, 0x0000, 0x0000,
0x0000, 0x0000, 0x0000, 0x0000, 0x0000, 0x0000, 0x0000, 0x0000, 0x0000, 0x0000, 0x0000, 0x0000, 0x0000, 0x0000, 0x0000, 0x0000,
0x0000, 0x0000, 0x0000, 0x0000, 0x0000, 0x0000, 0x0000, 0x0000, 0x0000, 0x0000, 0x0000, 0x0000, 0x0000, 0x0000, 0x0000, 0x0000,
0x0000, 0x0000, 0x0000, 0x0000, 0x0000, 0x0000, 0x0000, 0x0000, 0x0000, 0x0000, 0x0000, 0x0000, 0x0000, 0x0000, 0x0000, 0x0000,
0x0000, 0x0000, 0x0000, 0x0000, 0x0000, 0x0000, 0x0000, 0x0000, 0x0000, 0x0000, 0x0000, 0x0000, 0x0000, 0x0000, 0x0000, 0x0000,
0x0000, 0x0000, 0x0000, 0x0000, 0x0000, 0x0000, 0x0000, 0x0000, 0x0000, 0x0000, 0x0000, 0x0000, 0x0000, 0x0000, 0x0000, 0x0000,
0x0000, 0x0000, 0x0000, 0x0000, 0x0000, 0x0000, 0x0000, 0x0000, 0x0000, 0x0000, 0x0000, 0x0000, 0x0000, 0x0000, 0x0000, 0x0000,
0x0000, 0x0000, 0x0000, 0x0000, 0x0000, 0x0000, 0x0000, 0x0000, 0x0000, 0x0000, 0x0000, 0x0000, 0x0000, 0x0000, 0x0000, 0x0000,
0x0000, 0x0000, 0x0000, 0x0000, 0x0000, 0x0000, 0x0000, 0x0000, 0x0000, 0x0000, 0x0000, 0x0000, 0x0000, 0x0000, 0x0000, 0x0000,
0x0000, 0x0000, 0x0000, 0x0000, 0x0000, 0x0000, 0x0000, 0x0000, 0x0000, 0x0000, 0x0000, 0x0000, 0x0000, 0x0000, 0x0000, 0x0000,
0x0000, 0x0000, 0x0000, 0x0000, 0x0000, 0x0000, 0x0000, 0x0000, 0x0000, 0x0000, 0x0000, 0x0000, 0x0000, 0x0000, 0x0000, 0x0000,
0x0000, 0x0000, 0x0000, 0x0000, 0x0000, 0x0000, 0x0000, 0x0000, 0x0000, 0x0000, 0x0000, 0x0000, 0x0000, 0x0000, 0x0000, 0x0000,
0x0000, 0x0000, 0x0000, 0x0000, 0x0000, 0x0000, 0x0000, 0x0000, 0x0000, 0x0000, 0x0000, 0x0000, 0x0000, 0x0000, 0x0000, 0x0000,
0x0000, 0x0000, 0x0000, 0x0000, 0x0000, 0x0000, 0x0000, 0x0000, 0x0000, 0x0000, 0x0000, 0x0000, 0x0000, 0x0000, 0x0000, 0x0000,
0x0000, 0x0000, 0x0000, 0x0000, 0x0000, 0x0000, 0x0000, 0x0000, 0x0000, 0x0000, 0x0000, 0x0000, 0x0000, 0x0000, 0x0000, 0x0000,
0x0000, 0x0000, 0x0000, 0x0000, 0x0000, 0x0000, 0x0000, 0x0000, 0x0000, 0x0000, 0x0000, 0x0000, 0x0000, 0x0000, 0x0000, 0x0000,
0x0000, 0x0000, 0x0000, 0x0000, 0x0000, 0x0000, 0x0000, 0x0000, 0x0000, 0x0000, 0x0000, 0x0000, 0x0000, 0x0000, 0x0000, 0x0000,
0x0000, 0x0000, 0x0000, 0x0000, 0x0000, 0x0000, 0x0000, 0x0000, 0x0000, 0x0000, 0x0000, 0x0000, 0x0000, 0x0000, 0x0000, 0x0000,
0x0000, 0x0000, 0x0000, 0x0000, 0x0000, 0x0000, 0x0000, 0x0000, 0x0000, 0x0000, 0x0000, 0x0000, 0x0000, 0x0000, 0x0000, 0x0000,
0x0000, 0x0000, 0x0000, 0x0000, 0x0000, 0x0000, 0x0000, 0x0000, 0x0000, 0x0000, 0x0000, 0x0000, 0x0000, 0x0000, 0x0000, 0x0000,
0x0000, 0x0000, 0x0000, 0x0000, 0x0000, 0x0000, 0x0000, 0x0000, 0x0000, 0x0000, 0x0000, 0x0000, 0x0000, 0x0000, 0x0000, 0x0000,
0x0000, 0x0000, 0x0000, 0x0000, 0x0000, 0x0000, 0x0000, 0x0000, 0x0000, 0x0000, 0x0000, 0x0000, 0x0000, 0x0000, 0x0000, 0x0000,
0x0000, 0x0000, 0x0000, 0x0000, 0x0000, 0x0000, 0x0000, 0x0000, 0x0000, 0x0000, 0x0000, 0x0000, 0x0000, 0x0000, 0x0000, 0x0000,
0x0000, 0x0000, 0x0000, 0x0000, 0x0000, 0x0000, 0x0000, 0x0000, 0x0000, 0x0000, 0x0000, 0x0000, 0x0000, 0x0000, 0x0000, 0x0000,
0x0000, 0x0000, 0x0000, 0x0000, 0x0000, 0x0000, 0x0000, 0x0000, 0x0000, 0x0000, 0x0000, 0x0000, 0x0000, 0x0000, 0x0000, 0x0000,
0x0000, 0x0000, 0x0000, 0x0000, 0x0000, 0x0000, 0x0000, 0x0000, 0x0000, 0x0000, 0x0000, 0x0000, 0x0000, 0x0000, 0x0000, 0x0000,
0x0000, 0x0000, 0x0000, 0x0000, 0x0000, 0x0000, 0x0000, 0x0000, 0x0000, 0x0000, 0x0000, 0x0000, 0x0000, 0x0000, 0x0000, 0x0000,
0x0000, 0x0000, 0x0000, 0x0000, 0x0000, 0x0000, 0x0000, 0x0000, 0x0000, 0x0000, 0x0000, 0x0000, 0x0000, 0x0000, 0x0000, 0x0000,
0x0000, 0x0000, 0x0000, 0x0000, 0x0000, 0x0000, 0x0000, 0x0000, 0x0000, 0x0000, 0x0000, 0x0000, 0x0000, 0x0000, 0x0000, 0x0000,
0x0000, 0x0000, 0x0000, 0x0000, 0x0000, 0x0000, 0x0000, 0x0000, 0x0000, 0x0000, 0x0000, 0x0000, 0x0000, 0x0000, 0x0000, 0x0000,
0x0000, 0x0000, 0x0000, 0x0000, 0x0000, 0x0000, 0x0000, 0x0000, 0x0000, 0x0000, 0x0000, 0x0000, 0x0000, 0x0000, 0x0000, 0x0000,
0x0000, 0x0000, 0x0000, 0x0000, 0x0000, 0x0000, 0x0000, 0x0000, 0x0000, 0x0000, 0x0000, 0x0000, 0x0000, 0x0000, 0x0000, 0x0000,
0x0000, 0x0000, 0x0000, 0x0000, 0x0000, 0x0000, 0x0000, 0x0000, 0x0000, 0x0000, 0x0000, 0x0000, 0x0000, 0x0000, 0x0000, 0x0000,
0x0000, 0x0000, 0x0000, 0x0000, 0x0000, 0x0000, 0x0000, 0x0000, 0x0000, 0x0000, 0x0000, 0x0000, 0x0000, 0x0000, 0x0000, 0x0000,
0x0000, 0x0000, 0x0000, 0x0000, 0x0000, 0x0000, 0x0000, 0x0000, 0x0000, 0x0000, 0x0000, 0x0000, 0x0000, 0x0000, 0x0000, 0x0000,
0x0000, 0x0000, 0x0000, 0x0000, 0x0000, 0x0000, 0x0000, 0x0000, 0x0000, 0x0000, 0x0000, 0x0000, 0x0000, 0x0000, 0x0000, 0x0000,
0x0000, 0x0000, 0x0000, 0x0000, 0x0000, 0x0000, 0x0000, 0x0000, 0x0000, 0x0000, 0x0000, 0x0000, 0x0000, 0x0000, 0x0000, 0x0000,
0x0000, 0x0000, 0x0000, 0x0000, 0x0000, 0x0000, 0x0000, 0x0000, 0x0000, 0x0000, 0x0000, 0x0000, 0x0000, 0x0000, 0x0000, 0x0000,
0x0000, 0x0000, 0x0000, 0x0000, 0x0000, 0x0000, 0x0000, 0x0000, 0x0000, 0x0000, 0x0000, 0x0000, 0x0000, 0x0000, 0x0000, 0x0000,
0x0000, 0x0000, 0x0000, 0x0000, 0x0000, 0x0000, 0x0000, 0x0000, 0x0000, 0x0000, 0x0000, 0x0000, 0x0000, 0x0000, 0x0000, 0x0000,
0x0000, 0x0000, 0x0000, 0x0000, 0x0000, 0x0000, 0x0000, 0x0000, 0x0000, 0x0000, 0x0000, 0x0000, 0x0000, 0x0000, 0x0000, 0x0000,
0x0000, 0x0000, 0x0000, 0x0000, 0x0000, 0x0000, 0x0000, 0x0000, 0x0000, 0x0000, 0x0000, 0x0000, 0x0000, 0x0000, 0x0000, 0x0000,
0x0000, 0x0000, 0x0000, 0x0000, 0x0000, 0x0000, 0x0000, 0x0000, 0x0000, 0x0000, 0x0000, 0x0000, 0x0000, 0x0000, 0x0000, 0x0000,
0x0000, 0x0000, 0x0000, 0x0000, 0x0000, 0x0000, 0x0000, 0x0000, 0x0000, 0x0000, 0x0000, 0x0000, 0x0000, 0x0000, 0x0000, 0x0000,
0x0000, 0x0000, 0x0000, 0x0000, 0x0000, 0x0000, 0x0000, 0x0000, 0x0000, 0x0000, 0x0000, 0x0000, 0x0000, 0x0000, 0x0000, 0x0000,
0x0000, 0x0000, 0x0000, 0x0000, 0x0000, 0x0000, 0x0000, 0x0000, 0x0000, 0x0000, 0x0000, 0x0000, 0x0000, 0x0000, 0x0000, 0x0000,
0x0000, 0x0000, 0x0000, 0x0000, 0x0000, 0x0000, 0x0000, 0x0000, 0x0000, 0x0000, 0x0000, 0x0000, 0x0000, 0x0000, 0x0000, 0x0000,
0x0000, 0x0000, 0x0000, 0x0000, 0x0000, 0x0000, 0x0000, 0x0000, 0x0000, 0x0000, 0x0000, 0x0000, 0x0000, 0x0000, 0x0000, 0x0000,
0x0000, 0x0000, 0x0000, 0x0000, 0x0000, 0x0000, 0x0000, 0x0000, 0x0000, 0x0000, 0x0000, 0x0000, 0x0000, 0x0000, 0x0000, 0x0000,
0x0000, 0x0000, 0x0000, 0x0000, 0x0000, 0x0000, 0x0000, 0x0000, 0x0000, 0x0000, 0x0000, 0x0000, 0x0000, 0x0000, 0x0000, 0x0000,
0x0000, 0x0000, 0x0000, 0x0000, 0x0000, 0x0000, 0x0000, 0x0000, 0x0000, 0x0000, 0x0000, 0x0000, 0x0000, 0x0000, 0x0000, 0x0000,
0x0000, 0x0000, 0x0000, 0x0000, 0x0000, 0x0000, 0x0000, 0x0000, 0x0000, 0x0000, 0x0000, 0x0000, 0x0000, 0x0000, 0x0000, 0x0000,
0x0000, 0x0000, 0x0000, 0x0000, 0x0000, 0x0000, 0x0000, 0x0000, 0x0000, 0x0000, 0x0000, 0x0000, 0x0000, 0x0000, 0x0000, 0x0000,
0x0000, 0x0000, 0x0000, 0x0000, 0x0000, 0x0000, 0x0000, 0x0000, 0x0000, 0x0000, 0x0000, 0x0000, 0x0000, 0x0000, 0x0000, 0x0000,
0x0000, 0x0000, 0x0000, 0x0000, 0x0000, 0x0000, 0x0000, 0x0000, 0x0000, 0x0000, 0x0000, 0x0000, 0x0000, 0x0000, 0x0000, 0x0000,
0x0000, 0x0000, 0x0000, 0x0000, 0x0000, 0x0000, 0x0000, 0x0000, 0x0000, 0x0000, 0x0000, 0x0000, 0x0000, 0x0000, 0x0000, 0x0000,
0x0000, 0x0000, 0x0000, 0x0000, 0x0000, 0x0000, 0x0000, 0x0000, 0x0000, 0x0000, 0x0000, 0x0000, 0x0000, 0x0000, 0x0000, 0x0000,
0x0000, 0x0000, 0x0000, 0x0000, 0x0000, 0x0000, 0x0000, 0x0000, 0x0000, 0x0000, 0x0000, 0x0000, 0x0000, 0x0000, 0x0000, 0x0000,
0x0000, 0x0000, 0x0000, 0x0000, 0x0000, 0x0000, 0x0000, 0x0000, 0x0000, 0x0000, 0x0000, 0x0000, 0x0000, 0x0000, 0x0000, 0x0000,
0x0000, 0x0000, 0x0000, 0x0000, 0x0000, 0x0000, 0x0000, 0x0000, 0x0000, 0x0000, 0x0000, 0x0000, 0x0000, 0x0000, 0x0000, 0x0000,
0x0000, 0x0000, 0x0000, 0x0000, 0x0000, 0x0000, 0x0000, 0x0000, 0x0000, 0x0000, 0x0000, 0x0000, 0x0000, 0x0000, 0x0000, 0x0000,
0x0000, 0x0000, 0x0000, 0x0000, 0x0000, 0x0000, 0x0000, 0x0000, 0x0000, 0x0000, 0x0000, 0x0000, 0x0000, 0x0000, 0x0000, 0x0000,
0x0000, 0x0000, 0x0000, 0x0000, 0x0000, 0x0000, 0x0000, 0x0000, 0x0000, 0x0000, 0x0000, 0x0000, 0x0000, 0x0000, 0x0000, 0x0000,
0x0000, 0x0000, 0x0000, 0x0000, 0x0000, 0x0000, 0x0000, 0x0000, 0x0000, 0x0000, 0x0000, 0x0000, 0x0000, 0x0000, 0x0000, 0x0000,
0x0000, 0x0000, 0x0000, 0x0000, 0x0000, 0x0000, 0x0000, 0x0000, 0x0000, 0x0000, 0x0000, 0x0000, 0x0000, 0x0000, 0x0000, 0x0000,
0x0000, 0x0000, 0x0000, 0x0000, 0x0000, 0x0000, 0x0000, 0x0000, 0x0000, 0x0000, 0x0000, 0x0000, 0x0000, 0x0000, 0x0000, 0x0000,
0x0000, 0x0000, 0x0000, 0x0000, 0x0000, 0x0000, 0x0000, 0x0000, 0x0000, 0x0000, 0x0000, 0x0000, 0x0000, 0x0000, 0x0000, 0x0000,
0x0000, 0x0000, 0x0000, 0x0000, 0x0000, 0x0000, 0x0000, 0x0000, 0x0000, 0x0000, 0x0000, 0x0000, 0x0000, 0x0000, 0x0000, 0x0000,
0x0000, 0x0000, 0x0000, 0x0000, 0x0000, 0x0000, 0x0000, 0x0000, 0x0000, 0x0000, 0x0000, 0x0000, 0x0000, 0x0000, 0x0000, 0x0000,
0x0000, 0x0000, 0x0000, 0x0000, 0x0000, 0x0000, 0x0000, 0x0000, 0x0000, 0x0000, 0x0000, 0x0000, 0x0000, 0x0000, 0x0000, 0x0000,
0x0000, 0x0000, 0x0000, 0x0000, 0x0000, 0x0000, 0x0000, 0x0000, 0x0000, 0x0000, 0x0000, 0x0000, 0x0000, 0x0000, 0x0000, 0x0000,
0x0000, 0x0000, 0x0000, 0x0000, 0x0000, 0x0000, 0x0000, 0x0000, 0x0000, 0x0000, 0x0000, 0x0000, 0x0000, 0x0000, 0x0000, 0x0000,
0x0000, 0x0000, 0x0000, 0x0000, 0x0000, 0x0000, 0x0000, 0x0000, 0x0000, 0x0000, 0x0000, 0x0000, 0x0000, 0x0000, 0x0000, 0x0000,
0x0000, 0x0000, 0x0000, 0x0000, 0x0000, 0x0000, 0x0000, 0x0000, 0x0000, 0x0000, 0x0000, 0x0000, 0x0000, 0x0000, 0x0000, 0x0000,
0x0000, 0x0000, 0x0000, 0x0000, 0x0000, 0x0000, 0x0000, 0x0000, 0x0000, 0x0000, 0x0000, 0x0000, 0x0000, 0x0000, 0x0000, 0x0000,
0x0000, 0x0000, 0x0000, 0x0000, 0x0000, 0x0000, 0x0000, 0x0000, 0x0000, 0x0000, 0x0000, 0x0000, 0x0000, 0x0000, 0x0000, 0x0000,
0x0000, 0x0000, 0x0000, 0x0000, 0x0000, 0x0000, 0x0000, 0x0000, 0x0000, 0x0000, 0x0000, 0x0000, 0x0000, 0x0000, 0x0000, 0x0000,
0x0000, 0x0000, 0x0000, 0x0000, 0x0000, 0x0000, 0x0000, 0x0000, 0x0000, 0x0000, 0x0000, 0x0000, 0x0000, 0x0000, 0x0000, 0x0000,
0x0000, 0x0000, 0x0000, 0x0000, 0x0000, 0x0000, 0x0000, 0x0000, 0x0000, 0x0000, 0x0000, 0x0000, 0x0000, 0x0000, 0x0000, 0x0000,
0x0000, 0x0000, 0x0000, 0x0000, 0x0000, 0x0000, 0x0000, 0x0000, 0x0000, 0x0000, 0x0000, 0x0000, 0x0000, 0x0000, 0x0000, 0x0000,
0x0000, 0x0000, 0x0000, 0x0000, 0x0000, 0x0000, 0x0000, 0x0000, 0x0000, 0x0000, 0x0000, 0x0000, 0x0000, 0x0000, 0x0000, 0x0000,
0x0000, 0x0000, 0x0000, 0x0000, 0x0000, 0x0000, 0x0000, 0x0000, 0x0000, 0x0000, 0x0000, 0x0000, 0x0000, 0x0000, 0x0000, 0x0000,
0x0000, 0x0000, 0x0000, 0x0000, 0x0000, 0x0000, 0x0000, 0x0000, 0x0000, 0x0000, 0x0000, 0x0000, 0x0000, 0x0000, 0x0000, 0x0000,
0x0000, 0x0000, 0x0000, 0x0000, 0x0000, 0x0000, 0x0000, 0x0000, 0x0000, 0x0000, 0x0000, 0x0000, 0x0000, 0x0000, 0x0000, 0x0000,
0x0000, 0x0000, 0x0000, 0x0000, 0x0000, 0x0000, 0x0000, 0x0000, 0x0000, 0x0000, 0x0000, 0x0000, 0x0000, 0x0000, 0x0000, 0x0000,
0x0000, 0x0000, 0x0000, 0x0000, 0x0000, 0x0000, 0x0000, 0x0000, 0x0000, 0x0000, 0x0000, 0x0000, 0x0000, 0x0000, 0x0000, 0x0000,
0x0000, 0x0000, 0x0000, 0x0000, 0x0000, 0x0000, 0x0000, 0x0000, 0x0000, 0x0000, 0x0000, 0x0000, 0x0000, 0x0000, 0x0000, 0x0000,
0x0000, 0x0000, 0x0000, 0x0000, 0x0000, 0x0000, 0x0000, 0x0000, 0x0000, 0x0000, 0x0000, 0x0000, 0x0000, 0x0000, 0x0000, 0x0000,
0x0000, 0x0000, 0x0000, 0x0000, 0x0000, 0x0000, 0x0000, 0x0000, 0x0000, 0x0000, 0x0000, 0x0000, 0x0000, 0x0000, 0x0000, 0x0000,
0x0000, 0x0000, 0x0000, 0x0000, 0x0000, 0x0000, 0x0000, 0x0000, 0x0000, 0x0000, 0x0000, 0x0000, 0x0000, 0x0000, 0x0000, 0x0000,
0x0000, 0x0000, 0x0000, 0x0000, 0x0000, 0x0000, 0x0000, 0x0000, 0x0000, 0x0000, 0x0000, 0x0000, 0x0000, 0x0000, 0x0000, 0x0000,
0x0000, 0x0000, 0x0000, 0x0000, 0x0000, 0x0000, 0x0000, 0x0000, 0x0000, 0x0000, 0x0000, 0x0000, 0x0000, 0x0000, 0x0000, 0x0000,
0x0000, 0x0000, 0x0000, 0x0000, 0x0000, 0x0000, 0x0000, 0x0000, 0x0000, 0x0000, 0x0000, 0x0000, 0x0000, 0x0000, 0x0000, 0x0000,
0x0000, 0x0000, 0x0000, 0x0000, 0x0000, 0x0000, 0x0000, 0x0000, 0x0000, 0x0000, 0x0000, 0x0000, 0x0000, 0x0000, 0x0000, 0x0000,
0x0000, 0x0000, 0x0000, 0x0000, 0x0000, 0x0000, 0x0000, 0x0000, 0x0000, 0x0000, 0x0000, 0x0000, 0x0000, 0x0000, 0x0000, 0x0000,
0x0000, 0x0000, 0x0000, 0x0000, 0x0000, 0x0000, 0x0000, 0x0000, 0x0000, 0x0000, 0x0000, 0x0000, 0x0000, 0x0000, 0x0000, 0x0000,
0x0000, 0x0000, 0x0000, 0x0000, 0x0000, 0x0000, 0x0000, 0x0000, 0x0000, 0x0000, 0x0000, 0x0000, 0x0000, 0x0000, 0x0000, 0x0000,
0x0000, 0x0000, 0x0000, 0x0000, 0x0000, 0x0000, 0x0000, 0x0000, 0x0000, 0x0000, 0x0000, 0x0000, 0x0000, 0x0000, 0x0000, 0x0000,
0x0000, 0x0000, 0x0000, 0x0000, 0x0000, 0x0000, 0x0000, 0x0000, 0x0000, 0x0000, 0x0000, 0x0000, 0x0000, 0x0000, 0x0000, 0x0000,
0x0000, 0x0000, 0x0000, 0x0000, 0x0000, 0x0000, 0x0000, 0x0000, 0x0000, 0x0000, 0x0000, 0x0000, 0x0000, 0x0000, 0x0000, 0x0000,
0x0000, 0x0000, 0x0000, 0x0000, 0x0000, 0x0000, 0x0000, 0x0000, 0x0000, 0x0000, 0x0000, 0x0000, 0x0000, 0x0000, 0x0000, 0x0000,
0x0000, 0x0000, 0x0000, 0x0000, 0x0000, 0x0000, 0x0000, 0x0000, 0x0000, 0x0000, 0x0000, 0x0000, 0x0000, 0x0000, 0x0000, 0x0000,
0x0000, 0x0000, 0x0000, 0x0000, 0x0000, 0x0000, 0x0000, 0x0000, 0x0000, 0x0000, 0x0000, 0x0000, 0x0000, 0x0000, 0x0000, 0x0000,
0x0000, 0x0000, 0x0000, 0x0000, 0x0000, 0x0000, 0x0000, 0x0000, 0x0000, 0x0000, 0x0000, 0x0000, 0x0000, 0x0000, 0x0000, 0x0000,
0x0000, 0x0000, 0x0000, 0x0000, 0x0000, 0x0000, 0x0000, 0x0000, 0x0000, 0x0000, 0x0000, 0x0000, 0x0000, 0x0000, 0x0000, 0x0000,
0x0000, 0x0000, 0x0000, 0x0000, 0x0000, 0x0000, 0x0000, 0x0000, 0x0000, 0x0000, 0x0000, 0x0000, 0x0000, 0x0000, 0x0000, 0x0000,
0x0000, 0x0000, 0x0000, 0x0000, 0x0000, 0x0000, 0x0000, 0x0000, 0x0000, 0x0000, 0x0000, 0x0000, 0x0000, 0x0000, 0x0000, 0x0000,
0x0000, 0x0000, 0x0000, 0x0000, 0x0000, 0x0000, 0x0000, 0x0000, 0x0000, 0x0000, 0x0000, 0x0000, 0x0000, 0x0000, 0x0000, 0x0000,
0x0000, 0x0000, 0x0000, 0x0000, 0x0000, 0x0000, 0x0000, 0x0000, 0x0000, 0x0000, 0x0000, 0x0000, 0x0000, 0x0000, 0x0000, 0x0000,
0x0000, 0x0000, 0x0000, 0x0000, 0x0000, 0x0000, 0x0000, 0x0000, 0x0000, 0x0000, 0x0000, 0x0000, 0x0000, 0x0000, 0x0000, 0x0000,
0x0000, 0x0000, 0x0000, 0x0000, 0x0000, 0x0000, 0x0000, 0x0000, 0x0000, 0x0000, 0x0000, 0x0000, 0x0000, 0x0000, 0x0000, 0x0000,
0x0000, 0x0000, 0x0000, 0x0000, 0x0000, 0x0000, 0x0000, 0x0000, 0x0000, 0x0000, 0x0000, 0x0000, 0x0000, 0x0000, 0x0000, 0x0000,
0x0000, 0x0000, 0x0000, 0x0000, 0x0000, 0x0000, 0x0000, 0x0000, 0x0000, 0x0000, 0x0000, 0x0000, 0x0000, 0x0000, 0x0000, 0x0000,
0x0000, 0x0000, 0x0000, 0x0000, 0x0000, 0x0000, 0x0000, 0x0000, 0x0000, 0x0000, 0x0000, 0x0000, 0x0000, 0x0000, 0x0000, 0x0000,
0x0000, 0x0000, 0x0000, 0x0000, 0x0000, 0x0000, 0x0000, 0x0000, 0x0000, 0x0000, 0x0000, 0x0000, 0x0000, 0x0000, 0x0000, 0x0000,
0x0000, 0x0000, 0x0000, 0x0000, 0x0000, 0x0000, 0x0000, 0x0000, 0x0000, 0x0000, 0x0000, 0x0000, 0x0000, 0x0000, 0x0000, 0x0000,
0x0000, 0x0000, 0x0000, 0x0000, 0x0000, 0x0000, 0x0000, 0x0000, 0x0000, 0x0000, 0x0000, 0x0000, 0x0000, 0x0000, 0x0000, 0x0000,
0x0000, 0x0000, 0x0000, 0x0000, 0x0000, 0x0000, 0x0000, 0x0000, 0x0000, 0x0000, 0x0000, 0x0000, 0x0000, 0x0000, 0x0000, 0x0000,
0x0000, 0x0000, 0x0000, 0x0000, 0x0000, 0x0000, 0x0000, 0x0000, 0x0000, 0x0000, 0x0000, 0x0000, 0x0000, 0x0000, 0x0000, 0x0000,
0x0000, 0x0000, 0x0000, 0x0000, 0x0000, 0x0000, 0x0000, 0x0000, 0x0000, 0x0000, 0x0000, 0x0000, 0x0000, 0x0000, 0x0000, 0x0000,
0x0000, 0x0000, 0x0000, 0x0000, 0x0000, 0x0000, 0x0000, 0x0000, 0x0000, 0x0000, 0x0000, 0x0000, 0x0000, 0x0000, 0x0000, 0x0000
};
