; HEADER_BLOCK_START
; generated by Creality_Print V7.2.1.5476 on 2026-09-22 at 17:37:10
; total layer number: 15
; filament_density: 1.24
; filament_diameter: 1.75
; max_z_height: 3.00
; creality_uuid: 500da584-4411-4775-9cc2-7b516482b28a
; HEADER_BLOCK_END

; MINX = 50.00
; MINY = 88.00
; MINZ = 0.00
; MAXX = 170.00
; MAXY = 132.00
; MAXZ = 3.00

; multicolor_method = 0 
; external perimeters extrusion width = 0.42mm
; perimeters extrusion width = 0.45mm
; infill extrusion width = 0.45mm
; solid infill extrusion width = 0.45mm
; top infill extrusion width = 0.42mm
; support material extrusion width = 0.42mm
; first layer extrusion width = 0.50mm

; EXECUTABLE_BLOCK_START
M73 P0 R43
M201 X500 Y500 Z500 E5000
M203 X500 Y500 Z10 E50
M204 P500 R500 T500
M205 X10.00 Y10.00 Z0.40 E5.00 ; sets the jerk limits, mm/sec
; max_print_temp = 60,205
;TYPE:Custom
M220 S100 ;Reset Feedrate
M221 S100 ;Reset Flowrate

M140 S60 ;Set final bed temp  
G28 ;Home
G92 E0 ;Reset Extruder
G1 Z2.0 F3000 ;Move Z Axis up
M104 S205 ;Set final nozzle temp  
G1 X10.1 Y20 Z0.28 F5000.0 ;Move to start position
M190 S60 ;Wait for bed temp to stabilize  
M109 S205 ;Wait for nozzle temp to stabilize  
G1 X10.1 Y145.0 Z0.28 F1500.0 E15 ;Draw the first line
G1 X10.4 Y145.0 Z0.28 F5000.0 ;Move to side a little
G1 X10.4 Y20 Z0.28 F1500.0 E30 ;Draw the second line
G92 E0  ;Reset Extruder
G1 E-1.0000 F1800 ;Retract a bit
G1 Z2.0 F3000 ;Move Z Axis up
G1 E0.0000 F1800
G90
G21
M83 ; use relative distances for extrusion
;filament start gcode
G1 E-5 F2700
G1 Z.2 F3600
M106 S0
;LAYER_CHANGE
;:0.2
;HEIGHT:0.2
;BEFORE_LAYER_CHANGE
;0.2
G92 E0
;TIME_ELAPSED:65.597122
;_SET_FAN_SPEED_CHANGING_LAYER
M204 S500
M205 X8 Y8
G1 X47.343 Y82.716 Z.6 F3600
G1 Z.2
G1 E5 F2400
;TYPE:Skirt
;WIDTH:0.5
G1 F3000
G1 X50 Y82.086 E.1017
G1 X170 Y82.086 E4.46954
G1 X172.129 Y82.482 E.08067
G1 X173.973 Y83.619 E.08067
G1 X175.284 Y85.343 E.08067
G1 X175.914 Y88 E.1017
G1 X175.914 Y132 E1.63883
G1 X175.518 Y134.129 E.08067
G1 X174.381 Y135.973 E.08067
G1 X172.657 Y137.284 E.08067
G1 X170 Y137.914 E.1017
G1 X50 Y137.914 E4.46954
G1 X47.871 Y137.518 E.08067
G1 X46.027 Y136.381 E.08067
G1 X44.716 Y134.657 E.08067
G1 X44.086 Y132 E.1017
G1 X44.086 Y88 E1.63883
G1 X44.482 Y85.871 E.08067
G1 X45.619 Y84.027 E.08067
G1 X47.312 Y82.74 E.07918
G1 X47.594 Y83.143 F3600
G1 F3000
G1 X47.773 Y83.018 E.00812
G1 X50 Y82.543 E.08482
G1 X170 Y82.543 E4.46954
G1 X172.042 Y82.939 E.07747
G1 X173.787 Y84.071 E.07747
G1 X174.982 Y85.773 E.07747
G1 X175.457 Y88 E.08482
G1 X175.457 Y132 E1.63883
G1 X175.061 Y134.042 E.07747
G1 X173.929 Y135.787 E.07747
G1 X172.227 Y136.982 E.07747
G1 X170 Y137.457 E.08482
G1 X50 Y137.457 E4.46954
G1 X47.958 Y137.061 E.07747
M73 P1 R43
G1 X46.213 Y135.929 E.07747
G1 X45.018 Y134.227 E.07747
G1 X44.543 Y132 E.08482
G1 X44.543 Y88 E1.63883
G1 X44.939 Y85.958 E.07747
G1 X46.071 Y84.213 E.07747
G1 X47.562 Y83.166 E.06786
; OBJECT_ID: 15
; printing object V7_00_pH_fit_gauge_26_30_34.stl id:0 copy 0
G1 E-4.5 F2700
;WIPE_START
G1 F3000
G1 X47.773 Y83.018 E-.06127
G1 X49.477 Y82.655 E-.41373
;WIPE_END
G1 E-.025 F2700
G1 X56.556 Y85.507 Z.6 F3600
G1 X168.686 Y130.686 Z.6
G1 Z.2
G1 E5 F2400
;TYPE:Inner wall
;WIDTH:0.499999
G1 F900
G1 X51.314 Y130.686 E4.37164
G1 X51.314 Y89.314 E1.54094
G1 X168.686 Y89.314 E4.37164
M73 P1 R42
G1 X168.686 Y130.646 E1.53945
G1 X169.143 Y131.143 F3600
G1 F900
G1 X50.857 Y131.143 E4.40569
G1 X50.857 Y88.857 E1.57498
M73 P2 R42
G1 X169.143 Y88.857 E4.40569
G1 X169.143 Y131.103 E1.57349
G1 X169.6 Y131.6 F3600
;TYPE:Outer wall
G1 F900
G1 X50.4 Y131.6 E4.43974
G1 X50.4 Y88.4 E1.60903
M73 P3 R42
G1 X169.6 Y88.4 E4.43974
G1 X169.6 Y131.56 E1.60754
G1 E-4.5 F2700
;WIPE_START
G1 F900
G1 X167.6 Y131.561 E-.475
;WIPE_END
G1 E-.025 F2700
G1 X161.38 Y127.137 Z.6 F3600
G1 X130.365 Y105.081 Z.6
G1 Z.2
G1 E5 F2400
;TYPE:Inner wall
G1 F900
G1 X130.646 Y104.149 E.03628
G1 X131.066 Y103.026 E.04464
G1 X131.558 Y101.934 E.04464
G1 X132.121 Y100.876 E.04464
G1 X132.752 Y99.857 E.04464
G1 X133.469 Y98.851 E.04599
G1 X134.23 Y97.924 E.04468
G1 X135.049 Y97.049 E.04464
G1 X135.924 Y96.23 E.04464
G1 X136.851 Y95.47 E.04464
G1 X137.825 Y94.772 E.04464
G1 X138.843 Y94.139 E.04464
G1 X139.9 Y93.574 E.04464
G1 X140.991 Y93.079 E.04464
G1 X142.113 Y92.657 E.04464
G1 X143.26 Y92.309 E.04464
G1 X144.427 Y92.037 E.04464
G1 X145.609 Y91.842 E.04464
G1 X146.802 Y91.724 E.04464
G1 X147.962 Y91.686 E.04321
G1 X149.196 Y91.724 E.04602
G1 X150.391 Y91.842 E.04469
G1 X151.573 Y92.037 E.04464
G1 X152.74 Y92.309 E.04464
G1 X153.887 Y92.657 E.04464
G1 X155.009 Y93.079 E.04464
G1 X156.1 Y93.574 E.04464
G1 X157.157 Y94.139 E.04464
G1 X158.175 Y94.772 E.04464
G1 X159.149 Y95.47 E.04464
G1 X160.076 Y96.23 E.04464
G1 X160.951 Y97.049 E.04464
G1 X161.77 Y97.924 E.04464
G1 X162.53 Y98.851 E.04464
G1 X163.228 Y99.825 E.04464
G1 X163.861 Y100.843 E.04464
G1 X164.426 Y101.9 E.04464
G1 X164.921 Y102.991 E.04464
G1 X165.343 Y104.113 E.04464
G1 X165.691 Y105.26 E.04464
G1 X165.963 Y106.427 E.04464
G1 X166.158 Y107.609 E.04464
G1 X166.272 Y108.764 E.04321
G1 X166.315 Y109.999 E.04602
G1 X166.276 Y111.198 E.04469
G1 X166.158 Y112.391 E.04464
G1 X165.963 Y113.573 E.04464
G1 X165.691 Y114.74 E.04464
G1 X165.343 Y115.887 E.04464
G1 X164.921 Y117.009 E.04464
G1 X164.426 Y118.1 E.04464
G1 X163.861 Y119.157 E.04464
M73 P3 R41
G1 X163.228 Y120.175 E.04464
G1 X162.53 Y121.149 E.04464
G1 X161.77 Y122.076 E.04464
G1 X160.951 Y122.951 E.04464
G1 X160.076 Y123.77 E.04464
G1 X159.149 Y124.53 E.04464
G1 X158.175 Y125.228 E.04464
G1 X157.157 Y125.861 E.04464
G1 X156.1 Y126.426 E.04464
G1 X155.009 Y126.921 E.04464
G1 X153.887 Y127.343 E.04464
G1 X152.74 Y127.691 E.04464
G1 X151.573 Y127.963 E.04464
G1 X150.391 Y128.158 E.04464
G1 X149.236 Y128.272 E.04321
G1 X148.001 Y128.315 E.04602
G1 X146.802 Y128.276 E.04469
G1 X145.648 Y128.162 E.04321
G1 X144.428 Y127.963 E.04602
G1 X143.26 Y127.691 E.04469
G1 X142.113 Y127.343 E.04464
G1 X140.991 Y126.921 E.04464
G1 X139.9 Y126.426 E.04464
G1 X138.843 Y125.861 E.04464
G1 X137.825 Y125.228 E.04464
G1 X136.851 Y124.53 E.04464
G1 X135.954 Y123.794 E.04321
G1 X135.05 Y122.952 E.04602
G1 X134.23 Y122.076 E.04469
G1 X133.494 Y121.178 E.04325
G1 X132.992 Y120.482 E.03196
G1 X132.278 Y119.38 E.04891
G1 X131.755 Y118.439 E.04008
G1 X131.066 Y116.974 E.06032
G1 X130.67 Y115.922 E.04185
G1 X130.451 Y115.208 E.02781
G1 X130.301 Y114.704 E.01961
G1 X130.046 Y113.609 E.04185
G1 X129.848 Y112.427 E.04464
G1 X129.732 Y111.272 E.04325
G1 X129.686 Y110.038 E.04601
G1 X129.719 Y108.97 E.03977
G1 X129.812 Y107.908 E.03973
G1 X129.968 Y106.85 E.03983
G1 X130.301 Y105.296 E.05918
G1 X130.354 Y105.12 E.00686
G1 X130.808 Y105.205 F3600
G1 F900
G1 X131.206 Y103.953 E.04896
G1 X131.494 Y103.187 E.03046
M73 P4 R41
G1 X131.975 Y102.122 E.04352
G1 X132.524 Y101.091 E.04352
G1 X133.14 Y100.098 E.04352
G1 X133.832 Y99.129 E.04434
G1 X134.574 Y98.226 E.04354
G1 X135.373 Y97.373 E.04352
G1 X136.226 Y96.574 E.04352
G1 X137.129 Y95.833 E.04353
G1 X138.079 Y95.152 E.04352
G1 X139.071 Y94.535 E.04352
G1 X140.102 Y93.984 E.04352
G1 X141.166 Y93.502 E.04353
G1 X142.26 Y93.09 E.04352
G1 X143.378 Y92.751 E.04353
G1 X144.516 Y92.486 E.04352
G1 X145.669 Y92.295 E.04352
G1 X146.832 Y92.181 E.04352
G1 X147.962 Y92.144 E.04211
G1 X149.167 Y92.181 E.0449
G1 X150.331 Y92.295 E.04356
G1 X151.484 Y92.486 E.04352
G1 X152.622 Y92.751 E.04352
G1 X153.74 Y93.09 E.04353
G1 X154.834 Y93.502 E.04352
G1 X155.898 Y93.984 E.04352
G1 X156.929 Y94.535 E.04352
G1 X157.921 Y95.152 E.04352
G1 X158.871 Y95.833 E.04352
G1 X159.774 Y96.574 E.04352
G1 X160.627 Y97.373 E.04352
G1 X161.426 Y98.226 E.04352
G1 X162.167 Y99.129 E.04352
G1 X162.848 Y100.079 E.04353
G1 X163.465 Y101.071 E.04352
G1 X164.016 Y102.102 E.04352
G1 X164.498 Y103.166 E.04353
G1 X164.91 Y104.26 E.04352
G1 X165.249 Y105.378 E.04353
G1 X165.514 Y106.516 E.04352
G1 X165.705 Y107.669 E.04352
G1 X165.816 Y108.794 E.04211
G1 X165.858 Y109.999 E.0449
G1 X165.819 Y111.168 E.04356
G1 X165.705 Y112.331 E.04352
G1 X165.514 Y113.484 E.04353
G1 X165.249 Y114.622 E.04352
G1 X164.91 Y115.74 E.04353
G1 X164.498 Y116.834 E.04352
G1 X164.016 Y117.898 E.04352
G1 X163.465 Y118.929 E.04352
G1 X162.848 Y119.921 E.04352
G1 X162.167 Y120.871 E.04353
G1 X161.426 Y121.774 E.04352
G1 X160.627 Y122.627 E.04352
G1 X159.774 Y123.426 E.04352
G1 X158.871 Y124.167 E.04352
G1 X157.921 Y124.848 E.04353
G1 X156.929 Y125.465 E.04352
G1 X155.898 Y126.016 E.04352
G1 X154.834 Y126.498 E.04352
G1 X153.74 Y126.91 E.04352
G1 X152.622 Y127.249 E.04353
G1 X151.484 Y127.514 E.04352
G1 X150.331 Y127.705 E.04352
G1 X149.206 Y127.816 E.04211
G1 X148.001 Y127.858 E.0449
G1 X146.832 Y127.819 E.04356
G1 X145.707 Y127.708 E.04211
G1 X144.517 Y127.515 E.0449
G1 X143.378 Y127.249 E.04356
G1 X142.26 Y126.91 E.04353
G1 X141.166 Y126.498 E.04352
G1 X140.102 Y126.016 E.04353
G1 X139.071 Y125.465 E.04352
G1 X138.079 Y124.848 E.04352
G1 X137.129 Y124.167 E.04352
G1 X136.255 Y123.45 E.04211
G1 X135.373 Y122.628 E.0449
G1 X134.574 Y121.774 E.04356
G1 X133.847 Y120.888 E.04269
G1 X133.363 Y120.216 E.03085
G1 X132.666 Y119.139 E.0478
G1 X132.158 Y118.224 E.03897
G1 X131.494 Y116.813 E.0581
G1 X131.098 Y115.761 E.04185
G1 X130.889 Y115.076 E.02669
G1 X130.676 Y114.301 E.02991
G1 X130.491 Y113.506 E.03043
G1 X130.299 Y112.353 E.04352
G1 X130.187 Y111.227 E.04213
G1 X130.143 Y110.023 E.0449
G1 X130.176 Y108.985 E.03866
G1 X130.267 Y107.953 E.03862
G1 X130.419 Y106.923 E.03875
G1 X130.746 Y105.4 E.05803
G1 X130.796 Y105.243 E.00612
G1 X131.242 Y105.343 F3600
;TYPE:Outer wall
G1 F900
G1 X131.634 Y104.114 E.04807
G1 X131.922 Y103.348 E.03046
G1 X132.391 Y102.311 E.04241
G1 X132.927 Y101.306 E.04241
G1 X133.528 Y100.339 E.04241
G1 X134.195 Y99.407 E.04269
G1 X134.918 Y98.527 E.04241
G1 X135.696 Y97.696 E.04241
G1 X136.527 Y96.918 E.04241
G1 X137.407 Y96.195 E.04241
G1 X138.333 Y95.532 E.04241
G1 X139.3 Y94.931 E.04241
G1 X140.304 Y94.394 E.04241
G1 X141.341 Y93.924 E.04241
G1 X142.407 Y93.523 E.04241
G1 X143.496 Y93.193 E.04241
G1 X144.605 Y92.934 E.04241
G1 X145.729 Y92.749 E.04241
G1 X146.862 Y92.637 E.04241
G1 X147.963 Y92.601 E.04101
G1 X149.138 Y92.637 E.04379
G1 X150.271 Y92.749 E.04243
G1 X151.395 Y92.934 E.04241
G1 X152.503 Y93.193 E.04241
G1 X153.593 Y93.523 E.04241
G1 X154.659 Y93.924 E.04241
G1 X155.696 Y94.394 E.04241
G1 X156.7 Y94.931 E.04241
G1 X157.667 Y95.532 E.04241
G1 X158.593 Y96.195 E.04241
G1 X159.473 Y96.918 E.04241
G1 X160.304 Y97.696 E.04241
G1 X161.082 Y98.527 E.04241
G1 X161.805 Y99.407 E.04241
G1 X162.468 Y100.333 E.04241
G1 X163.069 Y101.3 E.04241
G1 X163.606 Y102.304 E.04241
G1 X164.076 Y103.341 E.04241
G1 X164.477 Y104.407 E.04241
G1 X164.807 Y105.496 E.04241
G1 X165.066 Y106.605 E.04241
G1 X165.251 Y107.729 E.04241
G1 X165.359 Y108.825 E.04101
G1 X165.4 Y110 E.04379
G1 X165.363 Y111.138 E.04243
G1 X165.251 Y112.271 E.04241
G1 X165.066 Y113.395 E.04241
G1 X164.807 Y114.503 E.04241
G1 X164.477 Y115.593 E.04241
G1 X164.076 Y116.659 E.04241
G1 X163.606 Y117.696 E.04241
G1 X163.069 Y118.7 E.04241
G1 X162.468 Y119.667 E.04241
G1 X161.805 Y120.593 E.04241
G1 X161.082 Y121.473 E.04241
G1 X160.304 Y122.304 E.04241
G1 X159.473 Y123.082 E.04241
G1 X158.593 Y123.805 E.04241
G1 X157.667 Y124.468 E.04241
G1 X156.7 Y125.069 E.04241
G1 X155.696 Y125.606 E.04241
G1 X154.659 Y126.076 E.04241
G1 X153.593 Y126.477 E.04241
G1 X152.504 Y126.807 E.04241
G1 X151.395 Y127.066 E.04241
G1 X150.271 Y127.251 E.04241
G1 X149.175 Y127.359 E.04101
G1 X148 Y127.4 E.04379
G1 X146.862 Y127.363 E.04243
G1 X145.766 Y127.255 E.04101
G1 X144.606 Y127.066 E.04379
G1 X143.496 Y126.807 E.04243
G1 X142.407 Y126.477 E.04241
G1 X141.341 Y126.076 E.04241
G1 X140.304 Y125.606 E.04241
G1 X139.3 Y125.069 E.04241
G1 X138.333 Y124.468 E.04241
G1 X137.407 Y123.805 E.04241
G1 X136.556 Y123.106 E.04101
G1 X135.696 Y122.304 E.04379
G1 X134.918 Y121.473 E.04243
G1 X134.2 Y120.598 E.04213
G1 X133.735 Y119.95 E.02973
G1 X133.054 Y118.898 E.04668
G1 X132.561 Y118.009 E.03786
G1 X132.12 Y117.09 E.03796
G1 X131.526 Y115.6 E.05974
G1 X131.121 Y114.198 E.05437
G1 X130.936 Y113.402 E.03043
G1 X130.75 Y112.279 E.04241
G1 X130.641 Y111.183 E.04102
G1 X130.6 Y110.008 E.04379
G1 X130.633 Y109 E.03754
G1 X130.722 Y107.997 E.0375
G1 X130.87 Y106.997 E.03767
G1 X131.191 Y105.504 E.05688
G1 X131.23 Y105.381 E.00479
G1 E-4.5 F2700
;WIPE_START
G1 F900
G1 X131.634 Y104.114 E-.31599
G1 X131.869 Y103.487 E-.15901
;WIPE_END
G1 E-.025 F2700
G1 X128.096 Y110.121 Z.6 F3600
G1 X125.75 Y114.245 Z.6
G1 Z.2
G1 E5 F2400
;TYPE:Inner wall
G1 F900
G1 X125.591 Y114.776 E.02064
G1 X125.436 Y115.279 E.01961
G1 X125.086 Y116.208 E.03698
G1 X124.615 Y117.249 E.04255
G1 X124.146 Y118.126 E.03706
G1 X123.699 Y118.849 E.03163
G1 X123.02 Y119.825 E.04429
G1 X122.29 Y120.728 E.04324
G1 X121.564 Y121.507 E.03969
G1 X120.784 Y122.241 E.03986
G1 X119.961 Y122.92 E.03976
G1 X119.094 Y123.544 E.03976
G1 X118.189 Y124.109 E.03976
G1 X117.249 Y124.615 E.03976
G1 X116.278 Y125.058 E.03976
G1 X115.279 Y125.436 E.03976
G1 X114.258 Y125.748 E.03976
G1 X113.219 Y125.993 E.03976
G1 X112.166 Y126.169 E.03976
G1 X111.104 Y126.276 E.03976
G1 X110.037 Y126.314 E.03976
G1 X108.97 Y126.281 E.03976
G1 X107.908 Y126.179 E.03976
G1 X106.854 Y126.007 E.03976
G1 X105.814 Y125.767 E.03976
G1 X104.792 Y125.46 E.03976
G1 X103.792 Y125.086 E.03976
G1 X102.818 Y124.648 E.03976
G1 X101.876 Y124.147 E.03976
G1 X100.968 Y123.585 E.03976
G1 X100.099 Y122.965 E.03976
G1 X99.27 Y122.289 E.03984
G1 X98.493 Y121.564 E.03959
G1 X97.759 Y120.784 E.03986
G1 X97.08 Y119.961 E.03976
G1 X96.456 Y119.094 E.03976
G1 X96.01 Y118.38 E.03138
G1 X95.549 Y117.555 E.03521
G1 X94.914 Y116.208 E.05545
G1 X94.564 Y115.279 E.03698
G1 X94.345 Y114.566 E.02781
G1 X94.193 Y114.015 E.02128
G1 X94.007 Y113.219 E.03043
G1 X93.831 Y112.166 E.03976
G1 X93.724 Y111.104 E.03976
G1 X93.686 Y110.037 E.03976
G1 X93.716 Y109.063 E.03633
G1 X93.795 Y108.169 E.03342
G1 X93.928 Y107.244 E.03479
G1 X94.233 Y105.814 E.05447
G1 X94.626 Y104.557 E.04905
G1 X94.914 Y103.792 E.03046
G1 X95.352 Y102.818 E.03976
G1 X95.853 Y101.876 E.03976
G1 X96.335 Y101.096 E.03416
G1 X97.035 Y100.099 E.04536
G1 X97.711 Y99.27 E.03984
G1 X98.436 Y98.493 E.03959
G1 X99.216 Y97.759 E.03986
G1 X100.039 Y97.08 E.03976
G1 X100.906 Y96.456 E.03976
G1 X101.811 Y95.891 E.03976
G1 X102.751 Y95.385 E.03976
G1 X103.722 Y94.942 E.03976
G1 X104.721 Y94.564 E.03976
G1 X105.742 Y94.252 E.03976
G1 X106.781 Y94.007 E.03976
G1 X107.834 Y93.831 E.03976
G1 X108.896 Y93.724 E.03976
G1 X109.965 Y93.686 E.03984
G1 X111.027 Y93.719 E.03959
G1 X112.092 Y93.821 E.03986
G1 X113.146 Y93.993 E.03976
G1 X114.186 Y94.233 E.03976
G1 X115.208 Y94.54 E.03976
G1 X116.208 Y94.914 E.03976
G1 X117.182 Y95.352 E.03976
G1 X118.124 Y95.853 E.03976
G1 X119.032 Y96.415 E.03976
G1 X119.901 Y97.035 E.03976
G1 X120.73 Y97.711 E.03984
G1 X121.507 Y98.436 E.03959
G1 X122.241 Y99.216 E.03986
G1 X122.766 Y99.852 E.03076
G1 X123.544 Y100.906 E.04875
G1 X124.109 Y101.811 E.03976
G1 X124.615 Y102.751 E.03976
G1 X125.058 Y103.722 E.03976
G1 X125.287 Y104.324 E.02398
G1 X125.591 Y105.224 E.03538
G1 X125.748 Y105.742 E.02015
G1 X125.902 Y106.391 E.02485
G1 X126.133 Y107.616 E.04644
G1 X126.263 Y108.765 E.04307
G1 X126.314 Y109.963 E.04465
G1 X126.281 Y111.03 E.03976
G1 X126.179 Y112.092 E.03976
G1 X126.007 Y113.146 E.03976
G1 X125.767 Y114.186 E.03976
G1 X125.761 Y114.207 E.0008
G1 X125.312 Y114.115 F3600
G1 F900
G1 X125.154 Y114.643 E.02054
G1 X124.658 Y116.047 E.05545
G1 X124.418 Y116.581 E.0218
G1 X123.902 Y117.613 E.043
G1 X123.311 Y118.607 E.04306
G1 X122.649 Y119.559 E.04317
G1 X121.945 Y120.428 E.04166
G1 X121.229 Y121.195 E.03908
G1 X120.472 Y121.907 E.03871
G1 X119.671 Y122.566 E.03865
G1 X118.828 Y123.172 E.03865
G1 X117.948 Y123.721 E.03865
G1 X117.033 Y124.212 E.03865
G1 X116.089 Y124.641 E.03865
G1 X115.118 Y125.008 E.03865
G1 X114.126 Y125.311 E.03865
G1 X113.116 Y125.548 E.03865
G1 X112.092 Y125.718 E.03865
G1 X111.059 Y125.821 E.03865
G1 X110.022 Y125.857 E.03865
G1 X108.985 Y125.824 E.03865
G1 X107.953 Y125.724 E.03865
G1 X106.928 Y125.556 E.03865
G1 X105.918 Y125.322 E.03865
G1 X104.924 Y125.022 E.03865
G1 X103.953 Y124.658 E.03865
G1 X103.007 Y124.231 E.03865
G1 X102.091 Y123.744 E.03865
G1 X101.209 Y123.197 E.03865
G1 X100.365 Y122.594 E.03865
G1 X99.571 Y121.944 E.03821
G1 X98.805 Y121.229 E.03902
G1 X98.093 Y120.472 E.03871
G1 X97.434 Y119.671 E.03865
G1 X96.828 Y118.828 E.03865
G1 X96.398 Y118.139 E.03026
G1 X95.952 Y117.339 E.0341
G1 X95.342 Y116.047 E.05322
G1 X94.992 Y115.118 E.03698
G1 X94.782 Y114.433 E.02669
G1 X94.638 Y113.911 E.02016
G1 X94.452 Y113.116 E.03043
G1 X94.282 Y112.092 E.03865
G1 X94.179 Y111.059 E.03865
G1 X94.143 Y110.022 E.03865
G1 X94.173 Y109.077 E.03521
G1 X94.25 Y108.214 E.03231
G1 X94.379 Y107.319 E.03367
G1 X94.678 Y105.918 E.05336
G1 X95.054 Y104.718 E.04683
G1 X95.342 Y103.953 E.03046
G1 X95.769 Y103.007 E.03865
G1 X96.256 Y102.091 E.03865
G1 X96.724 Y101.337 E.03304
M73 P5 R41
G1 X97.406 Y100.365 E.04424
G1 X98.056 Y99.571 E.03821
G1 X98.771 Y98.805 E.03902
G1 X99.528 Y98.093 E.03871
G1 X100.329 Y97.434 E.03865
G1 X101.172 Y96.828 E.03865
G1 X102.052 Y96.279 E.03865
G1 X102.967 Y95.788 E.03865
G1 X103.911 Y95.359 E.03865
G1 X104.882 Y94.992 E.03865
G1 X105.874 Y94.689 E.03865
G1 X106.884 Y94.452 E.03865
G1 X107.908 Y94.282 E.03865
G1 X108.941 Y94.179 E.03865
G1 X109.966 Y94.144 E.03821
G1 X111.013 Y94.176 E.03902
G1 X112.047 Y94.276 E.03871
G1 X113.072 Y94.444 E.03865
G1 X114.082 Y94.678 E.03865
G1 X115.076 Y94.978 E.03865
G1 X116.047 Y95.342 E.03865
G1 X116.993 Y95.769 E.03865
G1 X117.909 Y96.256 E.03865
G1 X118.791 Y96.803 E.03865
G1 X119.635 Y97.406 E.03865
G1 X120.429 Y98.056 E.03821
G1 X121.195 Y98.771 E.03902
G1 X121.907 Y99.528 E.03871
G1 X122.413 Y100.142 E.02965
G1 X123.172 Y101.172 E.04763
G1 X123.721 Y102.052 E.03865
G1 X124.212 Y102.967 E.03865
G1 X124.641 Y103.911 E.03865
G1 X124.859 Y104.485 E.02286
G1 X125.154 Y105.357 E.03427
G1 X125.311 Y105.874 E.02015
G1 X125.457 Y106.494 E.02373
G1 X125.682 Y107.69 E.04533
G1 X125.809 Y108.81 E.04196
G1 X125.857 Y109.978 E.04353
G1 X125.824 Y111.015 E.03865
G1 X125.724 Y112.047 E.03865
G1 X125.556 Y113.072 E.03865
G1 X125.324 Y114.077 E.03843
G1 X124.876 Y113.984 F3600
;TYPE:Outer wall
G1 F900
G1 X124.716 Y114.511 E.02049
G1 X124.231 Y115.886 E.05434
G1 X124.002 Y116.392 E.02069
G1 X123.498 Y117.398 E.04188
G1 X122.923 Y118.366 E.04195
G1 X122.277 Y119.292 E.04206
G1 X121.6 Y120.128 E.04006
G1 X120.895 Y120.884 E.03849
G1 X120.16 Y121.573 E.03756
G1 X119.381 Y122.213 E.03754
G1 X118.562 Y122.8 E.03753
G1 X117.706 Y123.333 E.03753
G1 X116.818 Y123.809 E.03753
G1 X115.9 Y124.225 E.03754
G1 X114.957 Y124.58 E.03753
G1 X113.993 Y124.873 E.03754
G1 X113.012 Y125.103 E.03753
G1 X112.018 Y125.267 E.03753
G1 X111.015 Y125.367 E.03753
G1 X110.007 Y125.4 E.03753
G1 X109 Y125.367 E.03753
G1 X107.997 Y125.269 E.03753
G1 X107.003 Y125.106 E.03753
G1 X106.021 Y124.877 E.03753
G1 X105.057 Y124.585 E.03754
G1 X104.114 Y124.231 E.03753
G1 X103.195 Y123.815 E.03754
G1 X102.306 Y123.341 E.03753
G1 X101.45 Y122.809 E.03753
G1 X100.631 Y122.222 E.03753
G1 X99.872 Y121.6 E.03658
G1 X99.116 Y120.895 E.03847
G1 X98.427 Y120.16 E.03756
G1 X97.787 Y119.381 E.03754
G1 X97.2 Y118.562 E.03753
G1 X96.786 Y117.898 E.02915
G1 X96.355 Y117.124 E.03298
G1 X95.967 Y116.325 E.03309
G1 X95.625 Y115.503 E.03315
G1 X95.42 Y114.957 E.02172
G1 X95.22 Y114.3 E.02558
G1 X95.083 Y113.807 E.01905
G1 X94.897 Y113.012 E.03043
G1 X94.733 Y112.018 E.03753
G1 X94.633 Y111.015 E.03753
G1 X94.6 Y110.007 E.03753
G1 X94.629 Y109.092 E.0341
G1 X94.705 Y108.258 E.03119
G1 X94.83 Y107.393 E.03256
G1 X95.123 Y106.021 E.05224
G1 X95.33 Y105.337 E.02663
G1 X95.625 Y104.497 E.03317
G1 X96.185 Y103.195 E.05277
G1 X96.659 Y102.306 E.03753
G1 X97.112 Y101.578 E.03193
G1 X97.778 Y100.631 E.04313
G1 X98.4 Y99.872 E.03658
G1 X99.105 Y99.116 E.03847
G1 X99.84 Y98.427 E.03756
G1 X100.619 Y97.787 E.03754
G1 X101.438 Y97.2 E.03753
G1 X102.294 Y96.667 E.03753
G1 X103.182 Y96.191 E.03753
G1 X104.1 Y95.775 E.03754
G1 X105.043 Y95.42 E.03753
G1 X106.007 Y95.127 E.03754
G1 X106.988 Y94.897 E.03753
G1 X107.982 Y94.733 E.03753
G1 X108.985 Y94.633 E.03753
G1 X109.967 Y94.601 E.03658
G1 X110.999 Y94.632 E.03847
G1 X112.003 Y94.731 E.03756
G1 X112.997 Y94.894 E.03753
G1 X113.979 Y95.123 E.03753
G1 X114.943 Y95.415 E.03754
G1 X115.886 Y95.769 E.03753
G1 X116.805 Y96.185 E.03754
G1 X117.694 Y96.659 E.03753
G1 X118.55 Y97.191 E.03753
G1 X119.369 Y97.778 E.03753
G1 X120.128 Y98.4 E.03658
G1 X120.884 Y99.105 E.03847
G1 X121.573 Y99.84 E.03756
G1 X122.06 Y100.432 E.02854
G1 X122.8 Y101.438 E.04652
G1 X123.333 Y102.294 E.03753
G1 X123.809 Y103.182 E.03753
G1 X124.225 Y104.1 E.03754
G1 X124.431 Y104.646 E.02175
G1 X124.716 Y105.489 E.03315
G1 X124.873 Y106.007 E.02015
G1 X125.012 Y106.598 E.02262
G1 X125.231 Y107.765 E.04421
G1 X125.354 Y108.855 E.04084
G1 X125.4 Y109.993 E.04242
G1 X125.367 Y111 E.03753
G1 X125.269 Y112.003 E.03753
G1 X125.106 Y112.997 E.03753
G1 X124.885 Y113.945 E.03626
G1 E-4.5 F2700
;WIPE_START
G1 F900
G1 X124.716 Y114.511 E-.14015
G1 X124.247 Y115.84 E-.33485
;WIPE_END
G1 E-.025 F2700
G1 X116.654 Y115.064 Z.6 F3600
G1 X57.721 Y109.039 Z.6
G1 Z.2
G1 E5 F2400
;TYPE:Inner wall
G1 F900
G1 X57.804 Y108.169 E.03255
G1 X57.954 Y107.244 E.03489
G1 X58.164 Y106.331 E.03489
G1 X58.434 Y105.434 E.03489
G1 X58.762 Y104.557 E.03489
G1 X59.146 Y103.703 E.03489
G1 X59.585 Y102.876 E.03489
G1 X60.078 Y102.079 E.03489
G1 X60.621 Y101.316 E.03489
G1 X61.196 Y100.613 E.03382
G1 X61.851 Y99.907 E.03585
G1 X62.534 Y99.263 E.03498
G1 X63.257 Y98.667 E.03489
G1 X64.017 Y98.119 E.03489
G1 X64.811 Y97.623 E.03489
G1 X65.636 Y97.179 E.03489
G1 X66.488 Y96.79 E.03489
G1 X67.364 Y96.458 E.03489
G1 X68.259 Y96.184 E.03489
G1 X69.171 Y95.969 E.03489
G1 X70.095 Y95.814 E.03489
G1 X71.027 Y95.719 E.03489
G1 X71.934 Y95.687 E.03382
G1 X72.896 Y95.714 E.03585
G1 X73.831 Y95.804 E.03498
G1 X74.756 Y95.954 E.03489
G1 X75.669 Y96.164 E.03489
G1 X76.566 Y96.434 E.03489
G1 X77.443 Y96.762 E.03489
G1 X78.297 Y97.146 E.03489
G1 X79.124 Y97.585 E.03489
G1 X79.921 Y98.078 E.03489
G1 X80.684 Y98.621 E.03489
G1 X81.41 Y99.214 E.03489
G1 X82.095 Y99.852 E.03489
G1 X82.737 Y100.534 E.03489
G1 X83.333 Y101.257 E.03489
G1 X83.881 Y102.017 E.03489
G1 X84.377 Y102.811 E.03489
G1 X84.821 Y103.636 E.03489
G1 X85.3 Y104.721 E.04418
G1 X85.542 Y105.364 E.02558
G1 X85.765 Y106.091 E.02834
G1 X85.94 Y106.781 E.0265
G1 X86.143 Y107.834 E.03994
G1 X86.268 Y108.896 E.03983
G1 X86.314 Y109.96 E.03968
G1 X86.285 Y110.899 E.03498
G1 X86.196 Y111.831 E.03489
G1 X86.046 Y112.756 E.03489
G1 X85.836 Y113.669 E.03489
G1 X85.659 Y114.258 E.02293
G1 X85.238 Y115.443 E.04683
G1 X84.863 Y116.278 E.03408
G1 X84.573 Y116.829 E.02321
G1 X84.036 Y117.738 E.0393
G1 X83.521 Y118.485 E.03381
G1 X82.804 Y119.387 E.04293
G1 X82.149 Y120.093 E.03585
G1 X81.466 Y120.737 E.03498
G1 X80.743 Y121.333 E.03489
G1 X79.983 Y121.881 E.03489
G1 X79.189 Y122.377 E.03489
G1 X78.364 Y122.821 E.03489
G1 X77.512 Y123.21 E.03489
G1 X76.636 Y123.542 E.03489
G1 X75.741 Y123.816 E.03489
G1 X74.829 Y124.031 E.03489
G1 X73.905 Y124.186 E.03489
G1 X72.973 Y124.281 E.03489
G1 X72.037 Y124.314 E.03489
G1 X71.101 Y124.285 E.03489
G1 X70.169 Y124.196 E.03489
G1 X69.244 Y124.046 E.03489
G1 X68.331 Y123.836 E.03489
G1 X67.434 Y123.566 E.03489
G1 X66.557 Y123.238 E.03489
G1 X65.703 Y122.854 E.03489
G1 X64.876 Y122.415 E.03489
G1 X64.079 Y121.922 E.03489
G1 X63.316 Y121.379 E.03489
G1 X62.59 Y120.786 E.03489
G1 X61.905 Y120.148 E.03489
G1 X61.263 Y119.466 E.03489
G1 X60.685 Y118.765 E.03383
G1 X60.121 Y117.985 E.03585
G1 X59.623 Y117.189 E.03498
G1 X59.179 Y116.364 E.03489
G1 X58.79 Y115.512 E.03489
G1 X58.458 Y114.636 E.03489
G1 X58.184 Y113.741 E.03489
G1 X57.969 Y112.829 E.03489
G1 X57.814 Y111.905 E.03489
G1 X57.719 Y110.973 E.03489
G1 X57.686 Y110.037 E.03489
G1 X57.715 Y109.101 E.03489
G1 X57.717 Y109.078 E.00085
G1 X58.175 Y109.082 F3600
G1 F900
G1 X58.259 Y108.214 E.03248
G1 X58.405 Y107.319 E.03377
G1 X58.61 Y106.435 E.03377
G1 X58.871 Y105.567 E.03377
G1 X59.189 Y104.718 E.03377
G1 X59.562 Y103.891 E.03377
G1 X59.988 Y103.091 E.03377
G1 X60.466 Y102.32 E.03377
G1 X60.993 Y101.582 E.03377
G1 X61.549 Y100.902 E.03271
G1 X62.185 Y100.219 E.03477
G1 X62.847 Y99.597 E.03383
G1 X63.547 Y99.02 E.03377
G1 X64.283 Y98.491 E.03377
G1 X65.052 Y98.011 E.03377
G1 X65.851 Y97.582 E.03377
G1 X66.677 Y97.207 E.03377
G1 X67.525 Y96.886 E.03377
G1 X68.392 Y96.621 E.03377
G1 X69.275 Y96.414 E.03377
G1 X70.169 Y96.265 E.03377
G1 X71.071 Y96.174 E.03377
G1 X71.949 Y96.144 E.03271
G1 X72.882 Y96.171 E.03477
G1 X73.786 Y96.259 E.03383
G1 X74.681 Y96.405 E.03377
G1 X75.565 Y96.61 E.03377
G1 X76.433 Y96.871 E.03377
G1 X77.282 Y97.189 E.03377
G1 X78.109 Y97.562 E.03377
G1 X78.909 Y97.988 E.03377
G1 X79.68 Y98.466 E.03377
G1 X80.418 Y98.993 E.03377
G1 X81.12 Y99.567 E.03377
G1 X81.782 Y100.186 E.03377
G1 X82.403 Y100.847 E.03377
G1 X82.98 Y101.547 E.03377
G1 X83.509 Y102.283 E.03377
G1 X83.989 Y103.052 E.03377
G1 X84.418 Y103.851 E.03377
G1 X84.793 Y104.677 E.03377
G1 X85.222 Y105.874 E.04738
G1 X85.379 Y106.392 E.02015
G1 X85.495 Y106.884 E.01885
G1 X85.692 Y107.908 E.03882
G1 X85.813 Y108.941 E.03872
G1 X85.857 Y109.976 E.0386
G1 X85.829 Y110.884 E.03383
G1 X85.741 Y111.786 E.03377
G1 X85.595 Y112.681 E.03377
G1 X85.39 Y113.565 E.03377
G1 X85.222 Y114.126 E.02182
G1 X84.811 Y115.282 E.04571
G1 X84.447 Y116.089 E.03297
G1 X84.17 Y116.613 E.0221
G1 X83.648 Y117.496 E.03819
G1 X83.15 Y118.219 E.0327
G1 X82.451 Y119.098 E.04181
G1 X81.815 Y119.781 E.03477
G1 X81.153 Y120.403 E.03383
G1 X80.453 Y120.98 E.03377
G1 X79.717 Y121.509 E.03377
G1 X78.948 Y121.989 E.03377
G1 X78.149 Y122.418 E.03377
G1 X77.323 Y122.793 E.03377
G1 X76.475 Y123.114 E.03377
G1 X75.608 Y123.379 E.03377
G1 X74.725 Y123.586 E.03377
G1 X73.831 Y123.735 E.03377
G1 X72.929 Y123.826 E.03377
G1 X72.022 Y123.857 E.03377
G1 X71.116 Y123.829 E.03377
G1 X70.214 Y123.741 E.03377
G1 X69.319 Y123.595 E.03377
G1 X68.435 Y123.39 E.03377
G1 X67.567 Y123.129 E.03377
G1 X66.718 Y122.811 E.03377
G1 X65.891 Y122.438 E.03377
G1 X65.091 Y122.012 E.03377
G1 X64.32 Y121.534 E.03377
G1 X63.582 Y121.007 E.03377
G1 X62.88 Y120.433 E.03377
G1 X62.218 Y119.814 E.03377
G1 X61.597 Y119.153 E.03377
G1 X61.038 Y118.475 E.03271
G1 X60.492 Y117.718 E.03477
G1 X60.011 Y116.948 E.03383
G1 X59.582 Y116.149 E.03377
G1 X59.207 Y115.323 E.03377
G1 X58.886 Y114.475 E.03377
G1 X58.621 Y113.608 E.03377
G1 X58.414 Y112.725 E.03377
G1 X58.265 Y111.831 E.03377
G1 X58.174 Y110.929 E.03377
G1 X58.143 Y110.022 E.03377
G1 X58.171 Y109.121 E.03358
G1 X58.629 Y109.125 F3600
;TYPE:Outer wall
G1 F900
G1 X58.714 Y108.258 E.03245
G1 X58.856 Y107.393 E.03266
G1 X59.055 Y106.539 E.03266
G1 X59.309 Y105.7 E.03266
G1 X59.617 Y104.879 E.03266
G1 X59.979 Y104.08 E.03266
G1 X60.392 Y103.306 E.03266
G1 X60.854 Y102.562 E.03266
G1 X61.365 Y101.849 E.03266
G1 X61.902 Y101.192 E.0316
G1 X62.519 Y100.531 E.0337
G1 X63.159 Y99.93 E.03268
G1 X63.837 Y99.374 E.03266
G1 X64.549 Y98.862 E.03266
G1 X65.294 Y98.399 E.03266
G1 X66.067 Y97.985 E.03266
G1 X66.865 Y97.623 E.03266
G1 X67.686 Y97.314 E.03266
G1 X68.525 Y97.059 E.03266
G1 X69.378 Y96.859 E.03266
G1 X70.244 Y96.716 E.03266
G1 X71.116 Y96.629 E.03266
G1 X71.964 Y96.601 E.0316
G1 X72.868 Y96.628 E.0337
G1 X73.742 Y96.714 E.03268
G1 X74.607 Y96.856 E.03266
G1 X75.461 Y97.055 E.03266
G1 X76.3 Y97.309 E.03266
G1 X77.121 Y97.617 E.03266
G1 X77.92 Y97.979 E.03266
G1 X78.694 Y98.392 E.03266
G1 X79.438 Y98.854 E.03266
G1 X80.151 Y99.365 E.03266
G1 X80.83 Y99.92 E.03266
G1 X81.47 Y100.52 E.03266
G1 X82.07 Y101.159 E.03266
G1 X82.626 Y101.837 E.03266
G1 X83.138 Y102.549 E.03266
G1 X83.601 Y103.294 E.03266
G1 X84.015 Y104.067 E.03266
G1 X84.377 Y104.865 E.03266
G1 X84.784 Y106.007 E.04515
G1 X84.941 Y106.525 E.02015
G1 X85.128 Y107.323 E.03052
G1 X85.241 Y107.982 E.02494
G1 X85.358 Y108.985 E.0376
G1 X85.4 Y109.992 E.03752
G1 X85.372 Y110.869 E.03269
G1 X85.286 Y111.742 E.03266
G1 X85.144 Y112.607 E.03266
G1 X84.945 Y113.461 E.03266
M73 P6 R41
G1 X84.784 Y113.993 E.0207
G1 X84.383 Y115.121 E.0446
G1 X84.03 Y115.9 E.03185
G1 X83.766 Y116.398 E.02098
G1 X83.26 Y117.255 E.03707
G1 X82.778 Y117.953 E.03158
G1 X82.098 Y118.808 E.0407
G1 X81.481 Y119.469 E.0337
G1 X80.841 Y120.07 E.03268
G1 X80.163 Y120.626 E.03266
G1 X79.451 Y121.138 E.03266
G1 X78.706 Y121.601 E.03266
G1 X77.933 Y122.015 E.03266
G1 X77.135 Y122.377 E.03266
G1 X76.314 Y122.686 E.03266
G1 X75.475 Y122.941 E.03266
G1 X74.622 Y123.141 E.03266
G1 X73.756 Y123.284 E.03266
G1 X72.884 Y123.371 E.03266
G1 X72.007 Y123.4 E.03266
G1 X71.131 Y123.372 E.03266
G1 X70.258 Y123.286 E.03266
G1 X69.393 Y123.144 E.03266
G1 X68.539 Y122.945 E.03266
G1 X67.7 Y122.691 E.03266
G1 X66.879 Y122.383 E.03266
G1 X66.08 Y122.021 E.03266
G1 X65.306 Y121.608 E.03266
G1 X64.562 Y121.146 E.03266
G1 X63.849 Y120.635 E.03266
G1 X63.17 Y120.08 E.03266
G1 X62.53 Y119.48 E.03266
G1 X61.93 Y118.841 E.03266
G1 X61.392 Y118.185 E.0316
G1 X60.863 Y117.451 E.0337
G1 X60.399 Y116.706 E.03268
G1 X59.985 Y115.933 E.03266
G1 X59.623 Y115.135 E.03266
G1 X59.314 Y114.314 E.03266
G1 X59.059 Y113.475 E.03266
G1 X58.859 Y112.622 E.03266
G1 X58.716 Y111.756 E.03266
G1 X58.629 Y110.884 E.03266
G1 X58.6 Y110.007 E.03266
G1 X58.627 Y109.165 E.03138
G1 E-4.5 F2700
;WIPE_START
G1 F900
G1 X58.714 Y108.258 E-.21638
G1 X58.856 Y107.393 E-.20826
G1 X58.904 Y107.187 E-.05036
;WIPE_END
G1 E-.025 F2700
G1 X168.549 Y90.379 Z.6 F3600
G1 Z.2
M73 P6 R40
G1 E5 F2400
;TYPE:Bottom surface
;WIDTH:0.50163
G1 F1200
G1 X167.827 Y89.657 E.03815
G1 X167.178 Y89.657 E.02425
G1 X168.343 Y90.822 E.06157
G1 X168.343 Y91.47 E.02425
G1 X166.53 Y89.657 E.09586
G1 X165.881 Y89.657 E.02425
G1 X168.343 Y92.119 E.13016
G1 X168.343 Y92.768 E.02425
G1 X165.232 Y89.657 E.16445
G1 X164.583 Y89.657 E.02425
G1 X168.343 Y93.417 E.19874
G1 X168.343 Y94.065 E.02425
G1 X163.935 Y89.657 E.23303
G1 X163.286 Y89.657 E.02425
G1 X168.343 Y94.714 E.26733
G1 X168.343 Y95.363 E.02425
G1 X162.637 Y89.657 E.30162
G1 X161.989 Y89.657 E.02425
G1 X168.343 Y96.011 E.33591
G1 X168.343 Y96.66 E.02425
G1 X161.34 Y89.657 E.3702
G1 X160.691 Y89.657 E.02425
G1 X168.343 Y97.309 E.4045
G1 X168.343 Y97.958 E.02425
G1 X160.042 Y89.657 E.43879
G1 X159.394 Y89.657 E.02425
G1 X168.343 Y98.606 E.47308
G1 X168.343 Y99.255 E.02425
G1 X158.745 Y89.657 E.50737
G1 X158.096 Y89.657 E.02425
G1 X168.343 Y99.904 E.54166
G1 X168.343 Y100.552 E.02425
G1 X157.448 Y89.657 E.57596
G1 X156.799 Y89.657 E.02425
G1 X168.343 Y101.201 E.61025
G1 X168.343 Y101.85 E.02425
G1 X156.15 Y89.657 E.64454
G1 X155.501 Y89.657 E.02425
G1 X168.343 Y102.499 E.67883
G1 X168.343 Y103.147 E.02425
G1 X154.853 Y89.657 E.71313
G1 X154.204 Y89.657 E.02425
G1 X168.343 Y103.796 E.74742
G1 X168.343 Y104.445 E.02425
G1 X163.465 Y99.566 E.25788
G1 X162.774 Y98.607 E.04419
G1 X162.056 Y97.733 E.04227
G1 X161.193 Y96.808 E.04731
G1 X160.335 Y96.003 E.04396
G1 X159.393 Y95.226 E.04564
G1 X158.446 Y94.548 E.04355
G1 X153.555 Y89.657 E.25854
G1 X152.907 Y89.657 E.02425
G1 X156.819 Y93.569 E.20681
G1 X156.292 Y93.287 E.02234
G1 X155.554 Y92.953 E.03027
G1 X152.258 Y89.657 E.17425
G1 X151.609 Y89.657 E.02425
G1 X154.461 Y92.508 E.15073
G1 X153.954 Y92.319 E.0202
G1 X153.478 Y92.175 E.01859
G1 X150.96 Y89.657 E.1331
G1 X150.312 Y89.657 E.02425
G1 X152.577 Y91.922 E.11974
G1 X151.731 Y91.725 E.03247
G1 X149.663 Y89.657 E.10931
G1 X149.014 Y89.657 E.02425
G1 X150.945 Y91.588 E.10205
G1 X150.186 Y91.477 E.02867
G1 X148.366 Y89.657 E.09622
G1 X147.717 Y89.657 E.02425
G1 X149.466 Y91.406 E.09248
G1 X148.783 Y91.372 E.02558
G1 X147.068 Y89.657 E.09064
G1 X146.419 Y89.657 E.02425
G1 X148.113 Y91.351 E.08954
G1 X147.474 Y91.36 E.02389
G1 X145.771 Y89.657 E.09005
G1 X145.122 Y89.657 E.02425
G1 X146.848 Y91.383 E.09122
G1 X146.251 Y91.434 E.0224
G1 X144.473 Y89.657 E.09395
G1 X143.825 Y89.657 E.02425
G1 X145.66 Y91.492 E.09702
G1 X145.099 Y91.58 E.02122
G1 X143.176 Y89.657 E.10168
G1 X142.527 Y89.657 E.02425
G1 X144.541 Y91.671 E.10647
G1 X144.006 Y91.785 E.02045
G1 X141.878 Y89.657 E.11247
G1 X141.23 Y89.657 E.02425
G1 X143.479 Y91.907 E.11892
G1 X142.966 Y92.042 E.01983
G1 X140.581 Y89.657 E.1261
G1 X139.932 Y89.657 E.02425
G1 X142.468 Y92.192 E.13403
G1 X141.973 Y92.347 E.01936
G1 X139.284 Y89.657 E.14218
G1 X138.635 Y89.657 E.02425
G1 X141.502 Y92.524 E.15155
G1 X141.031 Y92.701 E.01882
G1 X137.986 Y89.657 E.16093
G1 X137.337 Y89.657 E.02425
G1 X140.573 Y92.892 E.17103
G1 X140.126 Y93.095 E.01832
G1 X136.689 Y89.657 E.18173
G1 X136.04 Y89.657 E.02425
G1 X139.686 Y93.303 E.19271
G1 X139.262 Y93.528 E.01793
G1 X135.391 Y89.657 E.20461
G1 X134.743 Y89.657 E.02425
G1 X138.838 Y93.753 E.21651
G1 X138.431 Y93.994 E.0177
G1 X134.094 Y89.657 E.22929
G1 X133.445 Y89.657 E.02425
G1 X138.031 Y94.243 E.24243
G1 X137.631 Y94.492 E.01761
M73 P7 R40
G1 X132.796 Y89.657 E.25558
G1 X132.148 Y89.657 E.02425
G1 X137.252 Y94.761 E.2698
G1 X136.874 Y95.032 E.01738
G1 X131.499 Y89.657 E.28411
G1 X130.85 Y89.657 E.02425
G1 X136.506 Y95.312 E.29896
G1 X136.149 Y95.604 E.01723
G1 X130.202 Y89.657 E.31438
G1 X129.553 Y89.657 E.02425
G1 X135.792 Y95.896 E.32979
G1 X135.453 Y96.206 E.01716
G1 X128.904 Y89.657 E.34619
G1 X128.255 Y89.657 E.02425
G1 X135.118 Y96.52 E.36277
G1 X134.783 Y96.833 E.01716
G1 X127.607 Y89.657 E.37935
G1 X126.958 Y89.657 E.02425
G1 X134.469 Y97.168 E.39704
G1 X134.155 Y97.503 E.01716
G1 X126.309 Y89.657 E.41475
G1 X125.661 Y89.657 E.02425
G1 X133.852 Y97.848 E.43301
G1 X133.559 Y98.204 E.01723
G1 X125.012 Y89.657 E.45181
G1 X124.363 Y89.657 E.02425
G1 X133.266 Y98.559 E.4706
G1 X132.991 Y98.934 E.01735
G1 X123.714 Y89.657 E.49039
G1 X123.066 Y89.657 E.02425
G1 X132.72 Y99.311 E.51033
G1 X132.452 Y99.692 E.01741
G1 X122.417 Y89.657 E.53047
G1 X121.768 Y89.657 E.02425
G1 X132.203 Y100.092 E.5516
G1 X131.954 Y100.492 E.0176
G1 X121.12 Y89.657 E.57274
G1 X120.471 Y89.657 E.02425
G1 X131.718 Y100.904 E.59455
G1 X131.492 Y101.327 E.01791
G1 X119.822 Y89.657 E.61688
G1 X119.173 Y89.657 E.02425
G1 X131.268 Y101.751 E.63933
G1 X131.066 Y102.198 E.01832
G1 X118.525 Y89.657 E.66293
G1 X117.876 Y89.657 E.02425
G1 X130.863 Y102.644 E.68653
G1 X130.672 Y103.101 E.01852
G1 X117.227 Y89.657 E.71069
G1 X116.579 Y89.657 E.02425
G1 X130.494 Y103.573 E.73561
G1 X130.321 Y104.048 E.01892
G1 X115.93 Y89.657 E.76076
G1 X115.281 Y89.657 E.02425
G1 X130.169 Y104.545 E.78702
G1 X130.017 Y105.042 E.01942
G1 X114.632 Y89.657 E.81327
G1 X113.984 Y89.657 E.02425
G1 X129.89 Y105.563 E.84082
G1 X129.767 Y106.089 E.02019
G1 X113.335 Y89.657 E.86863
G1 X112.686 Y89.657 E.02425
G1 X119.056 Y96.027 E.33671
G1 X120.175 Y96.813 E.05114
G1 X120.989 Y97.484 E.0394
G1 X121.744 Y98.188 E.0386
G1 X122.553 Y99.051 E.04421
G1 X123.22 Y99.867 E.03939
G1 X123.852 Y100.749 E.04057
G1 X123.972 Y100.942 E.0085
G1 X129.657 Y106.628 E.30053
G1 X129.566 Y107.185 E.02113
G1 X124.856 Y102.475 E.24898
G1 X125.404 Y103.673 E.04922
G1 X129.485 Y107.754 E.21573
G1 X129.426 Y108.343 E.02214
G1 X125.793 Y104.71 E.19203
G1 X126.076 Y105.641 E.03637
G1 X129.38 Y108.945 E.17464
G1 X129.359 Y109.573 E.02349
M73 P8 R40
G1 X126.277 Y106.491 E.16294
G1 X126.423 Y107.286 E.03023
G1 X129.35 Y110.213 E.15469
G1 X129.374 Y110.885 E.02516
G1 X126.537 Y108.049 E.14994
G1 X126.608 Y108.768 E.02702
G1 X129.418 Y111.578 E.14852
G1 X129.488 Y112.297 E.02702
G1 X126.639 Y109.448 E.15061
G1 X126.651 Y110.109 E.02471
G1 X129.609 Y113.067 E.15635
G1 X129.752 Y113.858 E.03005
G1 X126.631 Y110.738 E.16495
G1 X126.596 Y111.352 E.02299
G1 X129.949 Y114.704 E.17721
G1 X130.22 Y115.624 E.03584
G1 X126.538 Y111.942 E.19462
G1 X126.458 Y112.511 E.02146
G1 X130.571 Y116.624 E.21744
G1 X130.781 Y117.181 E.02225
G1 X131.033 Y117.735 E.02274
G1 X126.367 Y113.069 E.24666
G1 X126.252 Y113.603 E.02041
G1 X132.264 Y119.614 E.31777
G1 E-4.5 F2700
;WIPE_START
G1 F1200
G1 X130.85 Y118.2 E-.475
;WIPE_END
G1 E-.025 F2700
G1 X137.591 Y114.62 Z.6 F3600
G1 X163.899 Y100.649 Z.6
G1 Z.2
G1 E5 F2400
G1 F1200
G1 X168.343 Y105.093 E.23492
G1 X168.343 Y105.742 E.02425
G1 X165.051 Y102.45 E.17404
G1 X165.219 Y102.819 E.01516
G1 X165.489 Y103.537 E.02869
G1 X168.343 Y106.391 E.15085
G1 X168.343 Y107.04 E.02425
G1 X165.823 Y104.52 E.1332
G1 X166.082 Y105.427 E.03526
G1 X168.343 Y107.688 E.11953
G1 X168.343 Y108.337 E.02425
G1 X166.279 Y106.273 E.10911
G1 X166.411 Y107.054 E.02959
G1 X168.343 Y108.986 E.10214
G1 X168.343 Y109.634 E.02425
G1 X166.522 Y107.814 E.09625
G1 X166.591 Y108.531 E.02695
G1 X168.343 Y110.283 E.0926
G1 X168.343 Y110.932 E.02425
G1 X166.63 Y109.219 E.09053
G1 X166.653 Y109.891 E.02512
G1 X168.343 Y111.581 E.08932
G1 X168.343 Y112.229 E.02425
G1 X166.639 Y110.525 E.09008
G1 X166.617 Y111.152 E.02345
G1 X168.343 Y112.878 E.09122
G1 X168.343 Y113.527 E.02425
G1 X166.565 Y111.748 E.09401
G1 X166.505 Y112.338 E.02214
G1 X168.343 Y114.175 E.09715
G1 X168.343 Y114.824 E.02425
G1 X166.421 Y112.902 E.1016
G1 X166.329 Y113.459 E.02109
G1 X168.343 Y115.473 E.10646
G1 X168.343 Y116.122 E.02425
G1 X166.215 Y113.993 E.11251
G1 X166.092 Y114.519 E.02018
G1 X168.343 Y116.77 E.11901
G1 X168.343 Y117.419 E.02425
G1 X165.959 Y115.035 E.126
G1 X165.808 Y115.533 E.01944
G1 X168.343 Y118.068 E.13398
G1 X168.343 Y118.716 E.02425
G1 X165.654 Y116.027 E.14217
G1 X165.477 Y116.499 E.01884
G1 X168.343 Y119.365 E.1515
G1 X168.343 Y120.014 E.02425
G1 X165.301 Y116.972 E.16082
G1 X165.105 Y117.425 E.01845
G1 X168.343 Y120.663 E.17115
G1 X168.343 Y121.311 E.02425
G1 X164.903 Y117.871 E.18184
G1 X164.699 Y118.316 E.01829
G1 X168.343 Y121.96 E.19261
G1 X168.343 Y122.609 E.02425
G1 X164.473 Y118.739 E.20456
G1 X164.247 Y119.162 E.01792
M73 P8 R39
G1 X168.343 Y123.257 E.2165
G1 X168.343 Y123.906 E.02425
G1 X164.006 Y119.569 E.22926
G1 X163.758 Y119.97 E.01762
G1 X168.343 Y124.555 E.24236
G1 X168.343 Y125.204 E.02425
G1 X163.508 Y120.368 E.2556
G1 X163.237 Y120.746 E.01738
G1 X168.343 Y125.852 E.26991
G1 X168.343 Y126.501 E.02425
G1 X162.966 Y121.124 E.28423
G1 X162.689 Y121.496 E.01733
G1 X168.343 Y127.15 E.29888
G1 X168.343 Y127.798 E.02425
G1 X162.396 Y121.851 E.31438
G1 X162.103 Y122.207 E.01723
G1 X168.343 Y128.447 E.32988
G1 X168.343 Y129.096 E.02425
G1 X161.796 Y122.549 E.34608
G1 X161.482 Y122.884 E.01715
G1 X168.343 Y129.745 E.36268
G1 X168.343 Y130.343 E.02237
G1 X168.293 Y130.343 E.00188
G1 X161.167 Y123.217 E.37671
G1 X160.831 Y123.53 E.01716
G1 X167.644 Y130.343 E.36015
G1 X166.995 Y130.343 E.02425
G1 X160.496 Y123.843 E.3436
G1 X160.153 Y124.15 E.01717
G1 X166.347 Y130.343 E.32739
G1 X165.698 Y130.343 E.02425
G1 X159.797 Y124.442 E.31193
G1 X159.441 Y124.735 E.01723
G1 X165.049 Y130.343 E.29648
G1 X164.401 Y130.343 E.02425
G1 X159.066 Y125.009 E.28197
G1 X158.689 Y125.281 E.01737
G1 X163.752 Y130.343 E.26761
G1 X163.103 Y130.343 E.02425
G1 X158.307 Y125.547 E.25355
G1 X157.907 Y125.795 E.01761
G1 X162.454 Y130.343 E.2404
G1 X161.806 Y130.343 E.02425
G1 X157.507 Y126.044 E.22725
G1 X157.096 Y126.282 E.01774
G1 X161.157 Y130.343 E.21465
G1 X160.508 Y130.343 E.02425
G1 X156.674 Y126.508 E.20271
G1 X156.249 Y126.732 E.01795
G1 X159.86 Y130.343 E.19088
G1 X159.211 Y130.343 E.02425
G1 X155.803 Y126.935 E.18014
G1 X155.358 Y127.139 E.0183
G1 X158.562 Y130.343 E.1694
G1 X157.913 Y130.343 E.02425
G1 X154.896 Y127.326 E.15948
G1 X154.425 Y127.504 E.01882
G1 X157.265 Y130.343 E.1501
G1 X156.616 Y130.343 E.02425
G1 X153.954 Y127.681 E.14073
G1 X153.455 Y127.831 E.01947
G1 X155.967 Y130.343 E.1328
G1 X155.319 Y130.343 E.02425
G1 X152.956 Y127.981 E.12487
G1 X152.439 Y128.112 E.01995
G1 X154.67 Y130.343 E.11792
G1 X154.021 Y130.343 E.02425
G1 X151.912 Y128.234 E.11148
G1 X151.373 Y128.343 E.02058
G1 X153.372 Y130.343 E.10571
G1 X152.724 Y130.343 E.02425
G1 X150.816 Y128.435 E.10084
G1 X150.246 Y128.514 E.0215
G1 X152.075 Y130.343 E.09666
G1 X151.426 Y130.343 E.02425
G1 X149.657 Y128.574 E.09352
G1 X149.053 Y128.619 E.02263
G1 X150.778 Y130.343 E.09114
G1 X150.129 Y130.343 E.02425
G1 X148.427 Y128.642 E.08994
G1 X147.787 Y128.65 E.02395
G1 X149.48 Y130.343 E.08951
G1 X148.831 Y130.343 E.02425
G1 X147.115 Y128.627 E.09074
G1 X146.422 Y128.582 E.02597
G1 X148.183 Y130.343 E.0931
G1 X147.534 Y130.343 E.02425
M73 P9 R39
G1 X145.7 Y128.509 E.09695
G1 X144.935 Y128.393 E.02891
G1 X146.885 Y130.343 E.10307
G1 X146.237 Y130.343 E.02425
G1 X144.138 Y128.244 E.11094
G1 X143.292 Y128.047 E.03246
G1 X145.588 Y130.343 E.12136
G1 X144.939 Y130.343 E.02425
G1 X142.377 Y127.781 E.13542
G1 X142.046 Y127.681 E.01296
G1 X141.379 Y127.432 E.0266
G1 X144.29 Y130.343 E.1539
G1 X143.642 Y130.343 E.02425
G1 X140.262 Y126.964 E.17865
G1 X139.708 Y126.713 E.02273
G1 X138.965 Y126.315 E.03148
G1 X142.993 Y130.343 E.2129
G1 X142.344 Y130.343 E.02425
G1 X137.199 Y125.198 E.27197
G1 X136.607 Y124.774 E.02724
G1 X135.696 Y124.023 E.04413
G1 X134.842 Y123.226 E.04366
G1 X133.944 Y122.267 E.04911
G1 X133.171 Y121.322 E.04564
G1 X132.79 Y120.789 E.02449
G1 X126.13 Y114.129 E.35208
G1 X125.991 Y114.639 E.01975
G1 X141.696 Y130.343 E.83017
G1 X141.047 Y130.343 E.02425
G1 X125.84 Y115.136 E.80386
G1 X125.673 Y115.618 E.01905
G1 X140.398 Y130.343 E.77842
G1 X139.749 Y130.343 E.02425
G1 X125.496 Y116.09 E.75345
G1 X125.307 Y116.55 E.01858
G1 X139.101 Y130.343 E.72914
G1 X138.452 Y130.343 E.02425
G1 X125.105 Y116.996 E.70554
G1 X124.901 Y117.441 E.01829
G1 X137.803 Y130.343 E.68204
G1 X137.155 Y130.343 E.02425
G1 X124.675 Y117.863 E.6597
G1 X124.449 Y118.286 E.01792
G1 X136.506 Y130.343 E.63735
G1 X135.857 Y130.343 E.02425
G1 X124.201 Y118.687 E.61616
G1 X123.953 Y119.088 E.01761
G1 X135.208 Y130.343 E.59498
G1 X134.56 Y130.343 E.02425
G1 X123.691 Y119.475 E.57453
G1 X123.42 Y119.852 E.01737
G1 X133.911 Y130.343 E.55458
G1 X133.262 Y130.343 E.02425
G1 X123.145 Y120.226 E.5348
G1 X122.852 Y120.581 E.01722
G1 X132.614 Y130.343 E.51601
G1 X131.965 Y130.343 E.02425
G1 X122.559 Y120.937 E.49723
G1 X122.249 Y121.275 E.01716
G1 X131.316 Y130.343 E.47933
G1 X130.667 Y130.343 E.02425
G1 X121.935 Y121.611 E.46159
G1 X121.609 Y121.934 E.01715
G1 X130.019 Y130.343 E.44454
G1 X129.37 Y130.343 E.02425
G1 X121.274 Y122.247 E.42795
G1 X120.939 Y122.561 E.01716
G1 X128.721 Y130.343 E.4114
G1 X128.073 Y130.343 E.02425
G1 X120.582 Y122.852 E.39599
G1 X120.224 Y123.144 E.01723
G1 X127.424 Y130.343 E.38058
G1 X126.775 Y130.343 E.02425
G1 X119.853 Y123.421 E.36589
G1 X119.476 Y123.692 E.01738
G1 X126.126 Y130.343 E.35158
G1 X125.478 Y130.343 E.02425
G1 X119.086 Y123.952 E.33786
G1 X118.686 Y124.2 E.01761
G1 X124.829 Y130.343 E.32471
G1 X124.18 Y130.343 E.02425
G1 X118.286 Y124.449 E.31157
G1 X117.863 Y124.675 E.01792
G1 X123.532 Y130.343 E.29963
G1 X122.883 Y130.343 E.02425
G1 X117.441 Y124.901 E.28768
G1 X116.997 Y125.106 E.01827
G1 X122.234 Y130.343 E.27684
G1 X121.585 Y130.343 E.02425
M73 P10 R39
G1 X116.552 Y125.309 E.2661
G1 X116.088 Y125.495 E.01866
G1 X120.937 Y130.343 E.2563
G1 X120.288 Y130.343 E.02425
G1 X115.617 Y125.672 E.24692
G1 X115.136 Y125.84 E.01904
G1 X119.639 Y130.343 E.23806
G1 X118.991 Y130.343 E.02425
G1 X114.637 Y125.989 E.23014
G1 X114.131 Y126.132 E.01966
G1 X118.342 Y130.343 E.2226
G1 X117.693 Y130.343 E.02425
G1 X113.604 Y126.254 E.21616
G1 X113.069 Y126.368 E.02044
G1 X117.044 Y130.343 E.21015
G1 X116.396 Y130.343 E.02425
G1 X112.512 Y126.46 E.20529
G1 X111.94 Y126.536 E.02157
G1 X115.747 Y130.343 E.20124
G1 X115.098 Y130.343 E.02425
G1 X111.351 Y126.596 E.19809
G1 X110.738 Y126.632 E.02295
G1 X114.45 Y130.343 E.1962
G1 X113.801 Y130.343 E.02425
G1 X110.111 Y126.653 E.19505
G1 X109.447 Y126.638 E.02483
G1 X113.152 Y130.343 E.19586
G1 X112.503 Y130.343 E.02425
G1 X108.769 Y126.608 E.19743
G1 X108.049 Y126.537 E.02703
G1 X111.855 Y130.343 E.20118
G1 X111.206 Y130.343 E.02425
G1 X107.288 Y126.425 E.2071
G1 X106.795 Y126.345 E.01869
G1 X106.488 Y126.274 E.01178
G1 X110.557 Y130.343 E.21512
G1 X109.909 Y130.343 E.02425
G1 X105.641 Y126.076 E.22557
G1 X104.71 Y125.793 E.03637
G1 X109.26 Y130.343 E.2405
G1 X108.611 Y130.343 E.02425
G1 X103.678 Y125.409 E.2608
G1 X102.475 Y124.856 E.04947
G1 X108.168 Y130.549 E.30093
G1 E-4.5 F2700
;WIPE_START
G1 F1200
G1 X106.754 Y129.135 E-.475
;WIPE_END
G1 E-.025 F2700
G1 X109.189 Y121.901 Z.6 F3600
G1 X118.026 Y95.645 Z.6
G1 Z.2
G1 E5 F2400
G1 F1200
G1 X112.038 Y89.657 E.31654
G1 X111.389 Y89.657 E.02425
G1 X116.322 Y94.591 E.2608
G1 X115.29 Y94.207 E.04118
G1 X110.74 Y89.657 E.2405
G1 X110.091 Y89.657 E.02425
G1 X114.359 Y93.924 E.22557
G1 X113.512 Y93.726 E.03249
G1 X109.443 Y89.657 E.21512
G1 X108.794 Y89.657 E.02425
G1 X112.712 Y93.575 E.2071
G1 X111.951 Y93.463 E.02875
G1 X108.145 Y89.657 E.20118
G1 X107.497 Y89.657 E.02425
G1 X111.231 Y93.392 E.19743
G1 X110.555 Y93.364 E.0253
G1 X106.848 Y89.657 E.19598
G1 X106.199 Y89.657 E.02425
G1 X109.888 Y93.346 E.19501
G1 X109.262 Y93.368 E.02343
G1 X105.55 Y89.657 E.19618
G1 X104.902 Y89.657 E.02425
G1 X108.648 Y93.404 E.19806
G1 X108.058 Y93.462 E.02218
G1 X104.253 Y89.657 E.20113
G1 X103.604 Y89.657 E.02425
G1 X107.489 Y93.542 E.20538
G1 X106.931 Y93.633 E.02113
G1 X102.956 Y89.657 E.21017
G1 X102.307 Y89.657 E.02425
G1 X106.396 Y93.746 E.21616
G1 X105.869 Y93.868 E.02022
G1 X101.658 Y89.657 E.2226
G1 X101.009 Y89.657 E.02425
G1 X105.363 Y94.011 E.23014
G1 X104.864 Y94.16 E.01947
G1 X100.361 Y89.657 E.23806
G1 X99.712 Y89.657 E.02425
G1 X104.383 Y94.328 E.24692
G1 X103.912 Y94.505 E.01882
G1 X99.063 Y89.657 E.2563
G1 X98.415 Y89.657 E.02425
G1 X103.448 Y94.691 E.2661
G1 X103.003 Y94.894 E.0183
G1 X97.766 Y89.657 E.27684
G1 X97.117 Y89.657 E.02425
G1 X102.559 Y95.099 E.28768
G1 X102.137 Y95.325 E.01792
G1 X96.468 Y89.657 E.29963
G1 X95.82 Y89.657 E.02425
G1 X101.714 Y95.551 E.31157
G1 X101.314 Y95.8 E.01761
G1 X95.171 Y89.657 E.32471
G1 X94.522 Y89.657 E.02425
M73 P10 R38
G1 X100.914 Y96.048 E.33786
G1 X100.524 Y96.308 E.01749
G1 X93.874 Y89.657 E.35158
G1 X93.225 Y89.657 E.02425
G1 X100.147 Y96.579 E.36589
G1 X99.776 Y96.856 E.01732
G1 X92.576 Y89.657 E.38058
G1 X91.927 Y89.657 E.02425
G1 X99.418 Y97.148 E.39599
G1 X99.061 Y97.439 E.01723
G1 X91.279 Y89.657 E.4114
G1 X90.63 Y89.657 E.02425
G1 X98.726 Y97.753 E.42795
G1 X98.391 Y98.066 E.01716
G1 X89.981 Y89.657 E.44454
G1 X89.333 Y89.657 E.02425
G1 X98.065 Y98.389 E.46159
G1 X97.751 Y98.725 E.01716
G1 X88.684 Y89.657 E.47933
G1 X88.035 Y89.657 E.02425
G1 X97.441 Y99.063 E.49723
G1 X97.148 Y99.419 E.01722
G1 X87.386 Y89.657 E.51601
G1 X86.738 Y89.657 E.02425
M73 P11 R38
G1 X96.855 Y99.774 E.5348
G1 X96.581 Y100.149 E.01735
G1 X86.089 Y89.657 E.55461
G1 X85.44 Y89.657 E.02425
G1 X96.31 Y100.527 E.57459
G1 X96.046 Y100.912 E.01744
G1 X84.792 Y89.657 E.59495
G1 X84.143 Y89.657 E.02425
G1 X95.798 Y101.312 E.61611
G1 X95.551 Y101.714 E.01763
G1 X83.494 Y89.657 E.63737
G1 X82.845 Y89.657 E.02425
G1 X95.325 Y102.137 E.65971
G1 X95.099 Y102.559 E.01792
G1 X82.197 Y89.657 E.68205
G1 X81.548 Y89.657 E.02425
G1 X94.895 Y103.004 E.70554
G1 X94.693 Y103.45 E.01832
G1 X80.899 Y89.657 E.72914
G1 X80.251 Y89.657 E.02425
G1 X94.504 Y103.91 E.75345
G1 X94.327 Y104.382 E.01885
G1 X79.602 Y89.657 E.77842
G1 X78.953 Y89.657 E.02425
G1 X94.16 Y104.864 E.80386
G1 X94.009 Y105.361 E.01944
G1 X78.304 Y89.657 E.83017
G1 X77.656 Y89.657 E.02425
G1 X93.87 Y105.871 E.85713
G1 X93.748 Y106.397 E.02019
G1 X77.007 Y89.657 E.88493
G1 X76.358 Y89.657 E.02425
G1 X93.633 Y106.931 E.91315
G1 X93.542 Y107.489 E.02112
G1 X75.71 Y89.657 E.94263
G1 X75.061 Y89.657 E.02425
G1 X93.462 Y108.058 E.97271
G1 X93.404 Y108.648 E.02218
G1 X74.412 Y89.657 E1.00393
G1 X73.763 Y89.657 E.02425
G1 X93.369 Y109.263 E1.0364
G1 X93.349 Y109.891 E.02349
G1 X73.115 Y89.657 E1.0696
G1 X72.466 Y89.657 E.02425
G1 X93.361 Y110.552 E1.10453
G1 X93.392 Y111.232 E.02546
G1 X84.462 Y102.301 E.47208
M73 P12 R38
G1 X84.183 Y101.85 E.01983
G1 X83.655 Y101.114 E.03387
G1 X83.049 Y100.37 E.03585
G1 X82.332 Y99.605 E.03921
G1 X81.697 Y99.01 E.03249
G1 X80.958 Y98.4 E.03585
G1 X80.105 Y97.789 E.03922
G1 X79.697 Y97.536 E.01794
G1 X71.817 Y89.657 E.41652
G1 X71.169 Y89.657 E.02425
G1 X78.274 Y96.762 E.3756
G1 X77.567 Y96.442 E.029
G1 X77.149 Y96.286 E.01668
G1 X70.52 Y89.657 E.35043
G1 X69.871 Y89.657 E.02425
G1 X76.17 Y95.956 E.33297
G1 X75.837 Y95.855 E.01302
G1 X75.293 Y95.728 E.02085
G1 X69.222 Y89.657 E.32093
G1 X68.574 Y89.657 E.02425
G1 X74.479 Y95.562 E.31215
G1 X73.716 Y95.448 E.02882
G1 X67.925 Y89.657 E.30613
G1 X67.276 Y89.657 E.02425
G1 X72.997 Y95.378 E.30241
G1 X72.328 Y95.357 E.02504
G1 X66.628 Y89.657 E.30131
G1 X65.979 Y89.657 E.02425
G1 X71.676 Y95.354 E.30113
G1 X71.049 Y95.376 E.02342
G1 X65.33 Y89.657 E.30232
G1 X64.681 Y89.657 E.02425
G1 X70.456 Y95.431 E.30524
G1 X69.88 Y95.504 E.0217
G1 X64.033 Y89.657 E.30908
G1 X63.384 Y89.657 E.02425
G1 X69.322 Y95.594 E.31387
G1 X68.786 Y95.708 E.02046
G1 X62.735 Y89.657 E.31985
G1 X62.087 Y89.657 E.02425
G1 X68.259 Y95.829 E.32628
G1 X67.76 Y95.979 E.01949
G1 X61.438 Y89.657 E.33417
G1 X60.789 Y89.657 E.02425
G1 X67.264 Y96.132 E.34229
G1 X66.793 Y96.31 E.01882
G1 X60.14 Y89.657 E.35167
G1 X59.492 Y89.657 E.02425
G1 X66.323 Y96.489 E.36113
G1 X65.878 Y96.692 E.0183
G1 X58.843 Y89.657 E.37188
G1 X58.194 Y89.657 E.02425
G1 X65.435 Y96.898 E.38276
G1 X65.012 Y97.124 E.01792
G1 X57.546 Y89.657 E.3947
G1 X56.897 Y89.657 E.02425
G1 X64.596 Y97.356 E.40699
G1 X64.196 Y97.605 E.01761
G1 X56.248 Y89.657 E.42014
G1 X55.599 Y89.657 E.02425
G1 X63.797 Y97.855 E.43336
G1 X63.421 Y98.127 E.01737
G1 X54.951 Y89.657 E.44773
G1 X54.302 Y89.657 E.02425
G1 X63.044 Y98.399 E.4621
G1 X62.687 Y98.691 E.01723
G1 X53.653 Y89.657 E.47755
G1 X53.005 Y89.657 E.02425
G1 X62.333 Y98.986 E.49313
G1 X61.998 Y99.299 E.01716
G1 X52.356 Y89.657 E.50968
G1 X51.707 Y89.657 E.02425
G1 X61.662 Y99.612 E.52622
G1 X61.348 Y99.946 E.01715
G1 X51.657 Y90.255 E.51227
G1 X51.657 Y90.904 E.02425
G1 X61.035 Y100.282 E.49575
G1 X60.737 Y100.633 E.0172
G1 X51.657 Y91.553 E.47998
G1 X51.657 Y92.202 E.02425
G1 X60.446 Y100.99 E.46458
G1 X60.168 Y101.361 E.01732
G1 X51.657 Y92.85 E.44989
G1 X51.657 Y93.499 E.02425
G1 X59.897 Y101.739 E.43557
G1 X59.643 Y102.134 E.01755
G1 X51.657 Y94.148 E.42217
G1 X51.657 Y94.796 E.02425
G1 X59.395 Y102.534 E.40903
G1 X59.159 Y102.947 E.01777
G1 X51.657 Y95.445 E.39655
G1 X51.657 Y96.094 E.02425
G1 X58.933 Y103.37 E.38461
G1 X58.723 Y103.809 E.0182
G1 X51.657 Y96.743 E.37355
G1 X51.657 Y97.391 E.02425
G1 X58.52 Y104.254 E.3628
G1 X58.337 Y104.72 E.0187
G1 X51.657 Y98.04 E.35312
M73 P13 R38
G1 X51.657 Y98.689 E.02425
M73 P13 R37
G1 X58.16 Y105.191 E.34375
G1 X58.002 Y105.682 E.01927
G1 X51.657 Y99.337 E.3354
G1 X51.657 Y99.986 E.02425
G1 X57.852 Y106.181 E.32748
G1 X57.726 Y106.704 E.02009
G1 X51.657 Y100.635 E.3208
G1 X51.657 Y101.284 E.02425
G1 X57.611 Y107.237 E.31473
G1 X57.519 Y107.794 E.02109
G1 X51.657 Y101.932 E.30987
G1 X51.657 Y102.581 E.02425
G1 X57.441 Y108.365 E.30575
G1 X57.384 Y108.957 E.02224
G1 X51.657 Y103.23 E.30276
G1 X51.657 Y103.878 E.02425
G1 X57.356 Y109.578 E.30128
G1 X57.351 Y110.221 E.02403
G1 X51.657 Y104.527 E.30098
G1 X51.657 Y105.176 E.02425
G1 X57.374 Y110.893 E.30222
G1 X57.439 Y111.607 E.02679
G1 X51.657 Y105.825 E.30566
G1 X51.657 Y106.473 E.02425
G1 X57.541 Y112.357 E.31104
G1 X57.619 Y112.829 E.01786
G1 X57.695 Y113.16 E.01272
G1 X51.657 Y107.122 E.3192
G1 X51.657 Y107.771 E.02425
G1 X57.915 Y114.029 E.33082
G1 X58.107 Y114.669 E.02496
G1 X58.228 Y114.991 E.01287
G1 X51.657 Y108.419 E.34737
G1 X51.657 Y109.068 E.02425
G1 X58.676 Y116.087 E.37105
G1 X58.875 Y116.523 E.0179
G1 X59.376 Y117.436 E.03892
G1 X51.451 Y109.511 E.41891
G1 E-4.5 F2700
;WIPE_START
G1 F1200
G1 X52.865 Y110.925 E-.475
;WIPE_END
G1 E-.025 F2700
G1 X60.287 Y109.144 Z.6 F3600
G1 X84.776 Y103.265 Z.6
G1 Z.2
G1 E5 F2400
G1 F1200
G1 X93.463 Y111.951 E.45918
G1 X93.577 Y112.714 E.02882
G1 X85.711 Y104.848 E.41579
G1 X85.893 Y105.331 E.0193
G1 X86.042 Y105.828 E.01936
G1 X93.723 Y113.509 E.40605
G1 X93.924 Y114.359 E.03263
G1 X86.276 Y106.71 E.4043
G1 X86.366 Y107.097 E.01482
G1 X86.436 Y107.519 E.016
G1 X94.207 Y115.29 E.41078
G1 X94.596 Y116.327 E.04142
G1 X86.552 Y108.284 E.42522
G1 X86.621 Y109.002 E.02698
G1 X95.645 Y118.026 E.47702
G1 E-4.5 F2700
;WIPE_START
G1 F1200
G1 X94.231 Y116.612 E-.475
;WIPE_END
G1 E-.025 F2700
G1 X88.605 Y111.454 Z.6 F3600
G1 X86.433 Y109.463 Z.6
G1 Z.2
G1 E5 F2400
G1 F1200
G1 X96.034 Y119.063 E.50752
G1 X96.176 Y119.291 E.01002
G1 X96.758 Y120.104 E.03738
G1 X97.447 Y120.948 E.04074
G1 X98.256 Y121.812 E.04422
G1 X99.011 Y122.516 E.0386
G1 X99.825 Y123.187 E.0394
G1 X100.944 Y123.973 E.05114
G1 X107.314 Y130.343 E.33671
G1 X106.665 Y130.343 E.02425
G1 X86.644 Y110.322 E1.05833
G1 X86.624 Y110.951 E.02349
G1 X106.016 Y130.343 E1.02512
G1 X105.368 Y130.343 E.02425
G1 X86.568 Y111.543 E.99379
G1 X86.498 Y112.122 E.02179
G1 X104.719 Y130.343 E.9632
G1 X104.07 Y130.343 E.02425
G1 X86.406 Y112.679 E.93376
G1 X86.291 Y113.213 E.0204
G1 X103.421 Y130.343 E.90555
G1 X102.773 Y130.343 E.02425
G1 X86.168 Y113.739 E.87774
G1 X86.023 Y114.242 E.01958
M73 P14 R37
G1 X102.124 Y130.343 E.85115
G1 X101.475 Y130.343 E.02425
G1 X85.868 Y114.736 E.82503
G1 X85.692 Y115.208 E.01885
G1 X100.827 Y130.343 E.80005
G1 X100.178 Y130.343 E.02425
G1 X85.509 Y115.675 E.77541
G1 X85.307 Y116.121 E.01832
G1 X99.529 Y130.343 E.75181
G1 X98.88 Y130.343 E.02425
G1 X85.102 Y116.565 E.72833
G1 X84.876 Y116.988 E.01792
G1 X98.232 Y130.343 E.70599
G1 X97.583 Y130.343 E.02425
G1 X84.645 Y117.405 E.68393
G1 X84.396 Y117.805 E.01761
G1 X96.934 Y130.343 E.66277
G1 X96.286 Y130.343 E.02425
G1 X84.145 Y118.202 E.64179
G1 X83.873 Y118.579 E.01737
G1 X95.637 Y130.343 E.62186
G1 X94.988 Y130.343 E.02425
G1 X83.601 Y118.956 E.60192
G1 X83.308 Y119.312 E.01722
G1 X94.339 Y130.343 E.58314
G1 X93.691 Y130.343 E.02425
G1 X83.015 Y119.667 E.56435
G1 X82.702 Y120.003 E.01716
G1 X93.042 Y130.343 E.54659
G1 X92.393 Y130.343 E.02425
G1 X82.388 Y120.338 E.52888
G1 X82.053 Y120.652 E.01716
G1 X91.745 Y130.343 E.51229
G1 X91.096 Y130.343 E.02425
G1 X81.719 Y120.966 E.4957
G1 X81.368 Y121.264 E.0172
G1 X90.447 Y130.343 E.47995
G1 X89.798 Y130.343 E.02425
G1 X81.012 Y121.556 E.46449
G1 X80.638 Y121.831 E.01734
G1 X89.15 Y130.343 E.44995
G1 X88.501 Y130.343 E.02425
G1 X80.261 Y122.103 E.43559
G1 X79.866 Y122.357 E.01755
G1 X87.852 Y130.343 E.42217
G1 X87.204 Y130.343 E.02425
G1 X79.466 Y122.605 E.40903
G1 X79.053 Y122.841 E.01778
G1 X86.555 Y130.343 E.39658
G1 X85.906 Y130.343 E.02425
G1 X78.629 Y123.066 E.3847
G1 X78.192 Y123.278 E.01814
G1 X85.257 Y130.343 E.37348
G1 X84.609 Y130.343 E.02425
G1 X77.746 Y123.48 E.36278
G1 X77.28 Y123.663 E.01871
G1 X83.96 Y130.343 E.35312
G1 X83.311 Y130.343 E.02425
G1 X76.809 Y123.84 E.34375
G1 X76.318 Y123.998 E.01927
G1 X82.663 Y130.343 E.3354
G1 X82.014 Y130.343 E.02425
G1 X75.819 Y124.148 E.32749
G1 X75.296 Y124.273 E.02011
G1 X81.365 Y130.343 E.32085
G1 X80.716 Y130.343 E.02425
G1 X74.765 Y124.392 E.3146
M73 P15 R37
G1 X74.208 Y124.484 E.02109
G1 X80.068 Y130.343 E.30974
G1 X79.419 Y130.343 E.02425
G1 X73.634 Y124.558 E.30581
G1 X73.045 Y124.618 E.02213
G1 X78.77 Y130.343 E.30265
G1 X78.122 Y130.343 E.02425
G1 X72.421 Y124.642 E.30135
G1 X71.779 Y124.649 E.02399
G1 X77.473 Y130.343 E.30098
G1 X76.824 Y130.343 E.02425
G1 X71.107 Y124.626 E.30222
G1 X70.395 Y124.563 E.02671
G1 X76.175 Y130.343 E.30555
G1 X75.527 Y130.343 E.02425
G1 X69.641 Y124.457 E.31113
G1 X69.185 Y124.384 E.01728
G1 X68.838 Y124.303 E.01333
G1 X74.878 Y130.343 E.31931
G1 X74.229 Y130.343 E.02425
G1 X67.974 Y124.088 E.33065
G1 X67.332 Y123.893 E.02511
G1 X67.011 Y123.774 E.01278
G1 X73.581 Y130.343 E.34728
G1 X72.932 Y130.343 E.02425
G1 X65.91 Y123.321 E.3712
G1 X65.477 Y123.125 E.01774
G1 X64.566 Y122.626 E.03885
G1 X72.283 Y130.343 E.40795
G1 X71.634 Y130.343 E.02425
G1 X51.657 Y110.366 E1.05605
G1 X51.657 Y111.014 E.02425
M73 P15 R36
G1 X70.986 Y130.343 E1.02176
G1 X70.337 Y130.343 E.02425
G1 X51.657 Y111.663 E.98746
G1 X51.657 Y112.312 E.02425
G1 X69.688 Y130.343 E.95317
G1 X69.04 Y130.343 E.02425
G1 X51.657 Y112.96 E.91888
G1 X51.657 Y113.609 E.02425
G1 X68.391 Y130.343 E.88459
G1 X67.742 Y130.343 E.02425
G1 X51.657 Y114.258 E.8503
G1 X51.657 Y114.907 E.02425
G1 X67.093 Y130.343 E.816
G1 X66.445 Y130.343 E.02425
G1 X51.657 Y115.555 E.78171
G1 X51.657 Y116.204 E.02425
G1 X65.796 Y130.343 E.74742
G1 X65.147 Y130.343 E.02425
G1 X51.657 Y116.853 E.71313
G1 X51.657 Y117.501 E.02425
G1 X64.499 Y130.343 E.67883
G1 X63.85 Y130.343 E.02425
G1 X51.657 Y118.15 E.64454
G1 X51.657 Y118.799 E.02425
G1 X63.201 Y130.343 E.61025
G1 X62.552 Y130.343 E.02425
G1 X51.657 Y119.448 E.57596
G1 X51.657 Y120.096 E.02425
G1 X61.904 Y130.343 E.54166
G1 X61.255 Y130.343 E.02425
G1 X51.657 Y120.745 E.50737
G1 X51.657 Y121.394 E.02425
G1 X60.606 Y130.343 E.47308
G1 X59.958 Y130.343 E.02425
M73 P16 R36
G1 X51.657 Y122.042 E.43879
G1 X51.657 Y122.691 E.02425
G1 X59.309 Y130.343 E.4045
G1 X58.66 Y130.343 E.02425
G1 X51.657 Y123.34 E.3702
G1 X51.657 Y123.989 E.02425
G1 X58.011 Y130.343 E.33591
G1 X57.363 Y130.343 E.02425
G1 X51.657 Y124.637 E.30162
G1 X51.657 Y125.286 E.02425
G1 X56.714 Y130.343 E.26733
G1 X56.065 Y130.343 E.02425
G1 X51.657 Y125.935 E.23303
G1 X51.657 Y126.583 E.02425
G1 X55.417 Y130.343 E.19874
G1 X54.768 Y130.343 E.02425
G1 X51.657 Y127.232 E.16445
G1 X51.657 Y127.881 E.02425
G1 X54.119 Y130.343 E.13016
G1 X53.47 Y130.343 E.02425
G1 X51.657 Y128.53 E.09586
G1 X51.657 Y129.178 E.02425
G1 X52.822 Y130.343 E.06157
G1 X52.173 Y130.343 E.02425
G1 X51.451 Y129.621 E.03815
G1 E-4.5 F2700
;WIPE_START
G1 F1200
G1 X52.173 Y130.343 E-.24242
G1 X52.822 Y130.343 E-.15407
G1 X52.588 Y130.109 E-.07851
;WIPE_END
G1 E-.025 F2700
G1 X55.498 Y123.053 Z.6 F3600
G1 X58.564 Y115.62 Z.6
G1 Z.2
G1 E5 F2400
;TYPE:Gap infill
;WIDTH:0.237605
G1 F900
G1 X58.303 Y115.215 E.00765
G1 E-4.5 F2700
;WIPE_START
G1 F900
G1 X58.564 Y115.62 E-.475
;WIPE_END
G1 E-.025 F2700
G1 X60.249 Y118.597 Z.6 F3600
G1 Z.2
G1 E5 F2400
;WIDTH:0.119775
G1 F900
G1 X60.063 Y118.379 E.00179
;WIDTH:0.16416
G1 X59.874 Y118.157 E.00288
;WIDTH:0.206329
G1 X59.741 Y117.988 E.00286
;WIDTH:0.245514
G1 X59.607 Y117.82 E.00355
;WIDTH:0.265107
G1 X59.473 Y117.651 E.0039
G1 E-4.5 F2700
;WIPE_START
G1 F900
G1 X59.607 Y117.82 E-.475
;WIPE_END
G1 E-.025 F2700
G1 X64.35 Y122.529 Z.6 F3600
G1 Z.2
G1 E5 F2400
;WIDTH:0.278698
G1 F900
G1 X64.133 Y122.357 E.00532
;WIDTH:0.229601
G1 X63.916 Y122.185 E.00421
;WIDTH:0.204502
G1 X63.911 Y122.182 E.00007
;WIDTH:0.186255
G1 X63.739 Y122.036 E.00264
;WIDTH:0.150861
G1 X63.567 Y121.89 E.00199
;WIDTH:0.133164
G1 X63.395 Y121.744 E.00166
G1 E-4.5 F2700
;WIPE_START
G1 F900
G1 X63.567 Y121.89 E-.475
;WIPE_END
G1 E-.025 F2700
G1 X66.783 Y123.705 Z.6 F3600
G1 Z.2
G1 E5 F2400
;WIDTH:0.124879
G1 F900
G1 X66.377 Y123.432 E.00327
G1 E-4.5 F2700
;WIPE_START
G1 F900
G1 X66.783 Y123.705 E-.475
;WIPE_END
G1 E-.025 F2700
G1 X72.495 Y118.642 Z.6 F3600
G1 X86.22 Y106.479 Z.6
G1 Z.2
G1 E5 F2400
;WIDTH:0.128019
G1 F900
G1 X86.055 Y106.193 E.00229
G1 E-4.5 F2700
;WIPE_START
G1 F900
G1 X86.22 Y106.479 E-.475
;WIPE_END
G1 E-.025 F2700
G1 X85.64 Y104.621 Z.6 F3600
G1 Z.2
G1 E5 F2400
;WIDTH:0.162688
G1 F900
G1 X85.472 Y104.369 E.00296
;WIDTH:0.145874
G1 X85.413 Y104.284 E.00087
;WIDTH:0.12984
G1 X85.355 Y104.199 E.00073
G1 E-4.5 F2700
;WIPE_START
G1 F900
G1 X85.413 Y104.284 E-.475
;WIPE_END
G1 E-.025 F2700
G1 X84.892 Y103.149 Z.6 F3600
G1 Z.2
G1 E5 F2400
;WIDTH:0.141885
G1 F900
G1 X84.808 Y103.035 E.00114
;WIDTH:0.127179
G1 X84.724 Y102.921 E.00097
G1 E-4.5 F2700
;WIPE_START
G1 F900
G1 X84.808 Y103.035 E-.475
;WIPE_END
G1 E-.025 F2700
G1 X79.425 Y97.624 Z.6 F3600
G1 X79.077 Y97.275 Z.6
G1 Z.2
G1 E5 F2400
;WIDTH:0.119148
G1 F900
G1 X78.932 Y97.167 E.00112
;WIDTH:0.161908
G1 X78.787 Y97.059 E.00175
;WIDTH:0.204667
G1 X78.642 Y96.951 E.00238
;WIDTH:0.226047
G1 X78.497 Y96.844 E.0027
G1 E-4.5 F2700
;WIPE_START
G1 F900
G1 X78.642 Y96.951 E-.475
;WIPE_END
G1 E-.025 F2700
G1 X76.742 Y96.231 Z.6 F3600
G1 Z.2
G1 E5 F2400
;WIDTH:0.133214
G1 F900
G1 X76.399 Y96.019 E.00296
G1 E-4.5 F2700
;WIPE_START
G1 F900
G1 X76.742 Y96.231 E-.475
;WIPE_END
G1 E-.025 F2700
G1 X84.374 Y96.138 Z.6 F3600
G1 X118.394 Y95.723 Z.6
G1 Z.2
G1 E5 F2400
;WIDTH:0.115245
G1 F900
G1 X118.253 Y95.612 E.00105
;WIDTH:0.132908
G1 X118.142 Y95.529 E.00102
G1 E-4.5 F2700
;WIPE_START
G1 F900
G1 X118.253 Y95.612 E-.475
;WIPE_END
G1 E-.025 F2700
G1 X117.04 Y95.016 Z.6 F3600
G1 Z.2
G1 E5 F2400
;WIDTH:0.118627
G1 F900
G1 X116.916 Y94.93 E.00093
;WIDTH:0.160343
G1 X116.791 Y94.844 E.00145
;WIDTH:0.202058
G1 X116.667 Y94.758 E.00196
;WIDTH:0.222916
G1 X116.543 Y94.672 E.00222
G1 E-4.5 F2700
;WIPE_START
G1 F900
G1 X116.667 Y94.758 E-.475
;WIPE_END
G1 E-.025 F2700
G1 X111.347 Y100.23 Z.6 F3600
G1 X95.012 Y117.036 Z.6
G1 Z.2
G1 E5 F2400
;WIDTH:0.118088
G1 F900
G1 X94.927 Y116.914 E.00091
;WIDTH:0.158726
G1 X94.843 Y116.793 E.0014
;WIDTH:0.199364
G1 X94.759 Y116.671 E.00189
;WIDTH:0.219683
G1 X94.674 Y116.549 E.00213
G1 E-4.5 F2700
;WIPE_START
G1 F900
G1 X94.759 Y116.671 E-.475
;WIPE_END
G1 E-.025 F2700
G1 X95.724 Y118.395 Z.6 F3600
G1 Z.2
G1 E5 F2400
;WIDTH:0.115243
G1 F900
G1 X95.612 Y118.253 E.00107
;WIDTH:0.132915
G1 X95.529 Y118.142 E.00102
G1 E-4.5 F2700
;WIPE_START
G1 F900
G1 X95.612 Y118.253 E-.475
;WIPE_END
G1 E-.025 F2700
G1 X101.063 Y123.596 Z.6 F3600
G1 X102.257 Y124.766 Z.6
G1 Z.2
G1 E5 F2400
;WIDTH:0.264993
G1 F900
G1 X102.129 Y124.672 E.00287
;WIDTH:0.227256
G1 X102.002 Y124.577 E.00238
;WIDTH:0.189518
G1 X101.874 Y124.483 E.0019
;WIDTH:0.151443
G1 X101.744 Y124.386 E.00143
;WIDTH:0.132168
G1 X101.606 Y124.277 E.00128
G1 E-4.5 F2700
;WIPE_START
G1 F900
G1 X101.744 Y124.386 E-.475
;WIPE_END
G1 E-.025 F2700
G1 X109.079 Y126.497 Z.6 F3600
G1 X109.238 Y126.543 Z.6
G1 Z.2
G1 E5 F2400
;WIDTH:0.106789
G1 F900
G1 X109.027 Y126.543 E.0011
G1 E-4.5 F2700
;WIPE_START
G1 F900
G1 X109.238 Y126.543 E-.475
;WIPE_END
G1 E-.025 F2700
G1 X113.35 Y120.112 Z.6 F3600
G1 X124.766 Y102.257 Z.6
G1 Z.2
G1 E5 F2400
;WIDTH:0.264896
G1 F900
G1 X124.671 Y102.129 E.00288
;WIDTH:0.226965
G1 X124.576 Y102.001 E.00239
;WIDTH:0.189034
G1 X124.481 Y101.873 E.0019
;WIDTH:0.150763
G1 X124.385 Y101.742 E.00143
;WIDTH:0.13139
G1 X124.277 Y101.606 E.00125
G1 E-4.5 F2700
;WIPE_START
G1 F900
G1 X124.385 Y101.742 E-.475
;WIPE_END
G1 E-.025 F2700
G1 X127.977 Y108.476 Z.6 F3600
G1 X129.507 Y111.343 Z.6
G1 Z.2
G1 E5 F2400
;WIDTH:0.106697
G1 F900
G1 X129.407 Y111.121 E.00126
G1 E-4.5 F2700
;WIPE_START
G1 F900
G1 X129.507 Y111.343 E-.475
;WIPE_END
G1 E-.025 F2700
G1 X130.511 Y116.216 Z.6 F3600
G1 Z.2
G1 E5 F2400
;WIDTH:0.219887
G1 F900
G1 X130.287 Y115.851 E.00618
G1 E-4.5 F2700
;WIPE_START
G1 F900
G1 X130.511 Y116.216 E-.475
;WIPE_END
G1 E-.025 F2700
G1 X131.495 Y118.488 Z.6 F3600
G1 Z.2
G1 E5 F2400
;WIDTH:0.115778
G1 F900
G1 X131.414 Y118.378 E.00081
;WIDTH:0.152338
G1 X131.33 Y118.265 E.00125
;WIDTH:0.194685
G1 X131.223 Y118.111 E.00233
;WIDTH:0.218241
G1 X131.116 Y117.957 E.00269
G1 E-4.5 F2700
;WIPE_START
G1 F900
G1 X131.223 Y118.111 E-.475
;WIPE_END
G1 E-.025 F2700
G1 X132.379 Y120.019 Z.6 F3600
G1 Z.2
G1 E5 F2400
;WIDTH:0.113998
G1 F900
G1 X132.264 Y119.874 E.00107
;WIDTH:0.130225
G1 X132.149 Y119.729 E.00132
G1 E-4.5 F2700
;WIPE_START
G1 F900
G1 X132.264 Y119.874 E-.475
;WIPE_END
G1 E-.025 F2700
G1 X137.715 Y125.216 Z.6 F3600
G1 X138.746 Y126.227 Z.6
G1 Z.2
G1 E5 F2400
;WIDTH:0.262783
G1 F900
G1 X138.529 Y126.056 E.00494
;WIDTH:0.213234
G1 X138.313 Y125.885 E.00383
;WIDTH:0.165788
G1 X138.149 Y125.754 E.0021
;WIDTH:0.143115
G1 X137.984 Y125.624 E.00171
G1 E-4.5 F2700
;WIPE_START
G1 F900
G1 X138.149 Y125.754 E-.475
;WIPE_END
G1 E-.025 F2700
G1 X141.152 Y127.361 Z.6 F3600
G1 Z.2
G1 E5 F2400
;WIDTH:0.17157
G1 F900
G1 X140.919 Y127.206 E.00293
;WIDTH:0.152467
G1 X140.824 Y127.14 E.00103
;WIDTH:0.134234
G1 X140.729 Y127.074 E.00086
G1 E-4.5 F2700
;WIPE_START
G1 F900
G1 X140.824 Y127.14 E-.475
;WIPE_END
G1 E-.025 F2700
G1 X146.452 Y121.984 Z.6 F3600
G1 X165.76 Y104.29 Z.6
G1 Z.2
G1 E5 F2400
;WIDTH:0.146448
G1 F900
G1 X165.547 Y103.946 E.00341
G1 E-4.5 F2700
;WIPE_START
G1 F900
G1 X165.76 Y104.29 E-.475
;WIPE_END
G1 E-.025 F2700
G1 X164.968 Y102.228 Z.6 F3600
G1 Z.2
G1 E5 F2400
;WIDTH:0.244437
G1 F900
G1 X164.881 Y102.103 E.0025
;WIDTH:0.202532
G1 X164.794 Y101.977 E.00198
;WIDTH:0.160627
G1 X164.707 Y101.852 E.00146
;WIDTH:0.139674
G1 X164.62 Y101.727 E.0012
G1 E-4.5 F2700
;WIPE_START
G1 F900
G1 X164.707 Y101.852 E-.475
;WIPE_END
G1 E-.025 F2700
G1 X164.014 Y100.535 Z.6 F3600
G1 Z.2
G1 E5 F2400
;WIDTH:0.146545
G1 F900
G1 X163.898 Y100.389 E.00157
;WIDTH:0.130286
G1 X163.783 Y100.243 E.00133
G1 E-4.5 F2700
;WIPE_START
G1 F900
G1 X163.898 Y100.389 E-.475
;WIPE_END
G1 E-.025 F2700
G1 X158.514 Y94.979 Z.6 F3600
G1 X157.753 Y94.213 Z.6
G1 Z.2
G1 E5 F2400
;WIDTH:0.119855
G1 F900
G1 X157.596 Y94.089 E.00126
;WIDTH:0.164029
G1 X157.439 Y93.964 E.00198
;WIDTH:0.208865
G1 X157.277 Y93.836 E.00279
;WIDTH:0.244859
G1 X157.157 Y93.748 E.00245
;WIDTH:0.25786
G1 X157.038 Y93.659 E.00261
; stop printing object V7_00_pH_fit_gauge_26_30_34.stl id:0 copy 0
;TIME_ELAPSED:444.702789

M106 S255
;LAYER_CHANGE
;:0.4
;HEIGHT:0.2
;BEFORE_LAYER_CHANGE
;0.4
G92 E0
;TIME_ELAPSED:501.968689
G1 E-4.5 F2700
;WIPE_START
G1 F900
G1 X157.157 Y93.748 E-.475
;WIPE_END
G1 E-.025 F2700
;_SET_FAN_SPEED_CHANGING_LAYER
M205 X10 Y10
M205 X8 Y8
G17
G3 Z.6 I1.217 J0 P1  F7200
G1 X157.157 Y82.543 Z.6
G1 Z.4
M73 P17 R36
G1 E5 F2400
M205 X10 Y10
;TYPE:Skirt
;WIDTH:0.5
G1 F3000
G1 X170 Y82.543 E.47835
G1 X172.042 Y82.939 E.07747
G1 X173.787 Y84.071 E.07747
G1 X174.982 Y85.773 E.07747
G1 X175.457 Y88 E.08482
G1 X175.457 Y132 E1.63883
G1 X175.061 Y134.042 E.07747
G1 X173.929 Y135.787 E.07747
G1 X172.227 Y136.982 E.07747
G1 X170 Y137.457 E.08482
G1 X50 Y137.457 E4.46954
G1 X47.958 Y137.061 E.07747
G1 X46.213 Y135.929 E.07747
G1 X45.018 Y134.227 E.07747
G1 X44.543 Y132 E.08482
G1 X44.543 Y88 E1.63883
G1 X44.939 Y85.958 E.07747
G1 X46.071 Y84.213 E.07747
G1 X47.773 Y83.018 E.07747
G1 X50 Y82.543 E.08482
G1 X157.117 Y82.543 E3.98971
; OBJECT_ID: 15
; printing object V7_00_pH_fit_gauge_26_30_34.stl id:0 copy 0
G1 E-4.5 F2700
;WIPE_START
G1 F3000
G1 X159.117 Y82.543 E-.475
;WIPE_END
G1 E-.025 F2700
M205 X8 Y8
G1 X160.641 Y90.022 Z.8 F7200
G1 X168.991 Y130.991 Z.8
G1 Z.4
G1 E5 F2400
M205 X10 Y10
;TYPE:Inner wall
;WIDTH:0.449999
G1 F2700
G1 X51.009 Y130.991 E3.91366
G1 X51.009 Y89.009 E1.39261
G1 X168.991 Y89.009 E3.91366
G1 X168.991 Y130.951 E1.39128
M205 X8 Y8
G1 X169.398 Y131.398 F7200
M205 X10 Y10
M73 P17 R35
G1 F2700
G1 X50.602 Y131.398 E3.94067
G1 X50.602 Y88.602 E1.41961
G1 X169.398 Y88.602 E3.94067
G1 X169.398 Y131.358 E1.41829
M205 X8 Y8
G1 X169.79 Y131.79 F7200
M205 X10 Y10
;TYPE:Outer wall
;WIDTH:0.419999
G1 F2400
G1 X50.21 Y131.79 E3.67435
G1 X50.21 Y88.21 E1.33909
M73 P18 R35
G1 X169.79 Y88.21 E3.67435
G1 X169.79 Y131.75 E1.33786
G1 E-4.5 F2700
;WIPE_START
G1 F2400
G1 X167.79 Y131.751 E-.475
;WIPE_END
G1 E-.025 F2700
M205 X8 Y8
G1 X161.581 Y127.312 Z.8 F7200
G1 X130.648 Y105.201 Z.8
G1 Z.4
G1 E5 F2400
M205 X10 Y10
;TYPE:Inner wall
;WIDTH:0.449999
G1 F2700
G1 X130.904 Y104.348 E.02953
G1 X131.348 Y103.144 E.04258
G1 X131.834 Y102.064 E.03929
G1 X132.388 Y101.024 E.03909
G1 X133.008 Y100.022 E.03909
G1 X133.711 Y99.037 E.04014
G1 X134.46 Y98.125 E.03912
G1 X135.265 Y97.265 E.03909
G1 X136.125 Y96.46 E.03909
G1 X137.036 Y95.712 E.0391
G1 X137.994 Y95.025 E.03909
G1 X138.995 Y94.403 E.03909
G1 X140.034 Y93.848 E.03909
G1 X141.108 Y93.361 E.03909
G1 X142.211 Y92.946 E.03909
G1 X143.339 Y92.604 E.03909
G1 X144.486 Y92.336 E.03909
G1 X145.649 Y92.144 E.03909
G1 X146.822 Y92.029 E.03909
G1 X147.886 Y91.994 E.03531
G1 X149.175 Y92.029 E.04278
G1 X150.351 Y92.144 E.03919
G1 X151.514 Y92.336 E.03909
G1 X152.661 Y92.604 E.03909
G1 X153.68 Y92.913 E.0353
G1 X154.889 Y93.36 E.04278
G1 X155.965 Y93.848 E.03919
G1 X157.005 Y94.403 E.03909
G1 X158.006 Y95.025 E.03909
G1 X158.964 Y95.712 E.03909
G1 X159.875 Y96.46 E.03909
G1 X160.735 Y97.265 E.03909
G1 X161.54 Y98.125 E.03909
G1 X162.288 Y99.036 E.03909
G1 X162.975 Y99.994 E.03909
G1 X163.597 Y100.995 E.03909
G1 X164.152 Y102.034 E.03909
G1 X164.639 Y103.108 E.03909
G1 X165.054 Y104.211 E.03909
G1 X165.396 Y105.339 E.03909
G1 X165.664 Y106.486 E.03909
G1 X165.856 Y107.649 E.03909
G1 X165.96 Y108.708 E.0353
G1 X166.01 Y109.997 E.04278
G1 X165.971 Y111.178 E.03919
G1 X165.856 Y112.351 E.03909
G1 X165.664 Y113.514 E.03909
G1 X165.396 Y114.661 E.03909
G1 X165.054 Y115.789 E.03909
G1 X164.639 Y116.892 E.03909
G1 X164.152 Y117.965 E.03909
G1 X163.597 Y119.005 E.03909
G1 X162.975 Y120.006 E.03909
G1 X162.288 Y120.964 E.03909
G1 X161.54 Y121.875 E.03909
G1 X160.735 Y122.735 E.03909
G1 X159.875 Y123.54 E.03909
G1 X158.964 Y124.288 E.03909
G1 X158.006 Y124.975 E.03909
G1 X157.005 Y125.597 E.03909
G1 X155.965 Y126.152 E.03909
G1 X154.892 Y126.639 E.03909
G1 X153.789 Y127.054 E.03909
G1 X152.661 Y127.396 E.03909
G1 X151.514 Y127.664 E.03909
G1 X150.351 Y127.856 E.03909
G1 X149.292 Y127.96 E.0353
G1 X148.003 Y128.01 E.04278
G1 X146.822 Y127.971 E.03919
G1 X145.649 Y127.856 E.03909
G1 X144.486 Y127.664 E.03909
G1 X143.339 Y127.396 E.03909
G1 X142.32 Y127.087 E.03531
G1 X141.111 Y126.64 E.04278
G1 X140.034 Y126.152 E.03919
G1 X138.995 Y125.597 E.03909
G1 X137.994 Y124.975 E.03909
G1 X137.036 Y124.288 E.03909
G1 X136.214 Y123.613 E.0353
G1 X135.267 Y122.737 E.04278
G1 X134.46 Y121.875 E.03919
G1 X133.732 Y120.989 E.03802
G1 X133.24 Y120.305 E.02796
G1 X132.539 Y119.224 E.04273
G1 X132.026 Y118.3 E.03504
G1 X131.35 Y116.862 E.05273
G1 X130.957 Y115.819 E.03695
G1 X130.742 Y115.115 E.02443
G1 X130.597 Y114.63 E.01681
G1 X130.344 Y113.545 E.03695
G1 X130.15 Y112.383 E.03909
G1 X130.043 Y111.321 E.0354
G1 X129.99 Y110.004 E.04373
G1 X130.028 Y108.854 E.03814
G1 X130.115 Y107.942 E.03039
G1 X130.267 Y106.909 E.03466
G1 X130.597 Y105.37 E.05219
G1 X130.636 Y105.239 E.00454
M205 X8 Y8
G1 X131.037 Y105.318 F7200
M205 X10 Y10
G1 F2700
G1 X131.206 Y104.756 E.01946
G1 X131.73 Y103.285 E.0518
G1 X132.205 Y102.232 E.03833
G1 X132.747 Y101.216 E.03821
G1 X133.354 Y100.237 E.03821
G1 X134.035 Y99.285 E.03883
G1 X134.766 Y98.394 E.03822
G1 X135.553 Y97.553 E.03821
G1 X136.394 Y96.766 E.03821
G1 X137.284 Y96.035 E.03821
G1 X138.221 Y95.364 E.03821
G1 X139.199 Y94.756 E.03821
G1 X140.215 Y94.213 E.03821
G1 X141.264 Y93.738 E.03821
G1 X142.342 Y93.332 E.03821
G1 X143.444 Y92.997 E.03821
G1 X144.566 Y92.736 E.03821
G1 X145.702 Y92.548 E.03821
G1 X146.849 Y92.435 E.03821
G1 X147.887 Y92.401 E.03446
G1 X149.149 Y92.435 E.04189
G1 X150.298 Y92.548 E.03827
G1 X151.434 Y92.736 E.03821
G1 X152.556 Y92.997 E.03821
G1 X153.55 Y93.299 E.03446
G1 X154.735 Y93.737 E.04189
G1 X155.785 Y94.213 E.03827
G1 X156.801 Y94.756 E.03821
G1 X157.779 Y95.364 E.03821
G1 X158.716 Y96.035 E.03821
G1 X159.606 Y96.766 E.03821
G1 X160.447 Y97.553 E.03821
G1 X161.234 Y98.394 E.03821
G1 X161.965 Y99.284 E.03821
G1 X162.636 Y100.221 E.03821
G1 X163.244 Y101.199 E.03821
G1 X163.787 Y102.215 E.03821
G1 X164.263 Y103.264 E.03821
G1 X164.668 Y104.342 E.03821
G1 X165.003 Y105.444 E.03821
G1 X165.264 Y106.566 E.03821
G1 X165.452 Y107.702 E.03821
G1 X165.554 Y108.736 E.03446
G1 X165.602 Y109.998 E.04189
G1 X165.565 Y111.151 E.03827
G1 X165.452 Y112.298 E.03821
G1 X165.264 Y113.434 E.03821
G1 X165.003 Y114.556 E.03821
G1 X164.668 Y115.658 E.03821
G1 X164.263 Y116.736 E.03821
G1 X163.787 Y117.785 E.03821
G1 X163.244 Y118.801 E.03821
G1 X162.636 Y119.779 E.03821
G1 X161.965 Y120.716 E.03821
G1 X161.234 Y121.606 E.03821
G1 X160.447 Y122.447 E.03821
G1 X159.606 Y123.234 E.03821
G1 X158.716 Y123.965 E.03821
G1 X157.779 Y124.636 E.03821
G1 X156.801 Y125.244 E.03821
G1 X155.785 Y125.787 E.03821
G1 X154.736 Y126.262 E.03821
G1 X153.658 Y126.668 E.03821
G1 X152.556 Y127.003 E.03821
G1 X151.434 Y127.264 E.03821
G1 X150.298 Y127.452 E.03821
G1 X149.264 Y127.554 E.03446
G1 X148.002 Y127.602 E.04189
G1 X146.849 Y127.565 E.03827
G1 X145.702 Y127.452 E.03821
G1 X144.566 Y127.264 E.03821
G1 X143.444 Y127.003 E.03821
G1 X142.45 Y126.701 E.03446
G1 X141.265 Y126.263 E.04189
G1 X140.215 Y125.787 E.03827
G1 X139.199 Y125.244 E.03821
G1 X138.221 Y124.636 E.03821
G1 X137.284 Y123.965 E.03821
G1 X136.481 Y123.306 E.03446
G1 X135.554 Y122.448 E.04189
G1 X134.766 Y121.606 E.03827
G1 X134.047 Y120.73 E.03758
G1 X133.571 Y120.068 E.02708
G1 X132.885 Y119.009 E.04185
G1 X132.385 Y118.108 E.03415
G1 X131.731 Y116.718 E.05096
G1 X131.338 Y115.676 E.03695
G1 X131.131 Y114.997 E.02354
G1 X130.926 Y114.248 E.02576
G1 X130.74 Y113.453 E.0271
G1 X130.551 Y112.316 E.03821
G1 X130.448 Y111.281 E.03452
G1 X130.398 Y110.002 E.04246
G1 X130.435 Y108.868 E.03765
G1 X130.521 Y107.982 E.02951
G1 X130.668 Y106.975 E.03378
G1 X130.993 Y105.463 E.05131
G1 X131.025 Y105.356 E.00369
M205 X8 Y8
G1 X131.411 Y105.431 F7200
M205 X10 Y10
;TYPE:Outer wall
;WIDTH:0.419999
G1 F2400
G1 X131.581 Y104.87 E.01801
G1 X132.097 Y103.421 E.04727
G1 X132.562 Y102.394 E.03464
G1 X133.093 Y101.4 E.0346
G1 X133.687 Y100.444 E.0346
G1 X134.346 Y99.523 E.03479
G1 X135.061 Y98.653 E.03461
G1 X135.831 Y97.831 E.0346
G1 X136.653 Y97.061 E.0346
G1 X137.523 Y96.346 E.03461
G1 X138.439 Y95.69 E.03461
G1 X139.395 Y95.096 E.0346
G1 X140.388 Y94.565 E.0346
G1 X141.414 Y94.1 E.0346
G1 X142.468 Y93.703 E.0346
G1 X143.546 Y93.376 E.03461
G1 X144.642 Y93.121 E.0346
G1 X145.754 Y92.937 E.03461
G1 X146.874 Y92.827 E.0346
G1 X147.888 Y92.794 E.03117
G1 X149.125 Y92.827 E.03802
G1 X150.246 Y92.937 E.03462
G1 X151.358 Y93.121 E.03461
G1 X152.454 Y93.376 E.0346
G1 X153.425 Y93.671 E.03117
G1 X154.585 Y94.1 E.03802
G1 X155.612 Y94.565 E.03462
G1 X156.605 Y95.096 E.0346
G1 X157.561 Y95.69 E.03461
G1 X158.477 Y96.346 E.0346
G1 X159.347 Y97.061 E.03461
G1 X160.169 Y97.831 E.0346
G1 X160.939 Y98.653 E.0346
G1 X161.654 Y99.523 E.0346
G1 X162.31 Y100.439 E.03461
G1 X162.904 Y101.395 E.0346
G1 X163.435 Y102.388 E.0346
G1 X163.9 Y103.414 E.03461
G1 X164.297 Y104.468 E.0346
G1 X164.624 Y105.546 E.0346
G1 X164.879 Y106.642 E.03461
G1 X165.063 Y107.754 E.03461
G1 X165.162 Y108.763 E.03117
G1 X165.21 Y109.999 E.03802
G1 X165.173 Y111.126 E.03462
G1 X165.063 Y112.246 E.0346
G1 X164.879 Y113.358 E.03461
G1 X164.624 Y114.454 E.0346
G1 X164.297 Y115.532 E.0346
G1 X163.9 Y116.586 E.03461
G1 X163.435 Y117.612 E.0346
G1 X162.904 Y118.605 E.0346
G1 X162.31 Y119.561 E.0346
G1 X161.654 Y120.477 E.03461
G1 X160.939 Y121.347 E.0346
G1 X160.169 Y122.169 E.0346
G1 X159.347 Y122.939 E.0346
G1 X158.477 Y123.654 E.03461
G1 X157.561 Y124.31 E.0346
G1 X156.605 Y124.904 E.03461
G1 X155.612 Y125.435 E.0346
G1 X154.586 Y125.9 E.0346
G1 X153.532 Y126.297 E.03461
G1 X152.454 Y126.624 E.0346
G1 X151.358 Y126.879 E.0346
G1 X150.246 Y127.063 E.03461
G1 X149.237 Y127.162 E.03117
G1 X148.001 Y127.21 E.03802
G1 X146.874 Y127.173 E.03462
G1 X145.754 Y127.063 E.0346
G1 X144.642 Y126.879 E.03461
G1 X143.546 Y126.624 E.0346
G1 X142.575 Y126.329 E.03117
G1 X141.415 Y125.9 E.03802
G1 X140.388 Y125.435 E.03462
G1 X139.395 Y124.904 E.0346
G1 X138.439 Y124.31 E.0346
G1 X137.523 Y123.654 E.03461
G1 X136.739 Y123.01 E.03117
G1 X135.831 Y122.17 E.03802
G1 X135.061 Y121.347 E.03462
G1 X134.35 Y120.482 E.03441
G1 X133.889 Y119.839 E.0243
G1 X133.218 Y118.801 E.03798
G1 X132.731 Y117.923 E.03085
G1 X132.295 Y117.016 E.03093
G1 X131.705 Y115.538 E.0489
G1 X131.308 Y114.159 E.04409
G1 X131.122 Y113.364 E.0251
G1 X130.938 Y112.252 E.0346
G1 X130.838 Y111.242 E.03118
G1 X130.79 Y110.001 E.03819
G1 X130.827 Y108.881 E.03444
G1 X130.911 Y108.021 E.02654
G1 X131.055 Y107.039 E.0305
G1 X131.375 Y105.552 E.04674
G1 X131.4 Y105.469 E.00265
G1 E-4.5 F2700
;WIPE_START
G1 F2400
G1 X131.581 Y104.87 E-.14869
G1 X132.042 Y103.576 E-.32631
;WIPE_END
G1 E-.025 F2700
M205 X8 Y8
G1 X128.01 Y110.056 Z.8 F7200
G1 X125.458 Y114.158 Z.8
G1 Z.4
G1 E5 F2400
M205 X10 Y10
;TYPE:Inner wall
;WIDTH:0.449999
G1 F2700
G1 X125.298 Y114.692 E.01849
G1 X125.149 Y115.176 E.01681
G1 X124.802 Y116.096 E.03261
G1 X124.343 Y117.109 E.03689
G1 X123.878 Y117.979 E.03273
G1 X123.443 Y118.683 E.02746
G1 X122.775 Y119.643 E.03878
G1 X122.057 Y120.531 E.03787
G1 X121.343 Y121.297 E.03475
G1 X120.58 Y122.015 E.03475
G1 X119.771 Y122.681 E.03475
G1 X118.921 Y123.293 E.03475
G1 X118.032 Y123.848 E.03475
G1 X117.109 Y124.343 E.03475
G1 X116.156 Y124.778 E.03475
G1 X115.176 Y125.149 E.03475
G1 X114.175 Y125.455 E.03475
G1 X113.155 Y125.695 E.03475
G1 X112.122 Y125.867 E.03475
G1 X111.079 Y125.972 E.03475
G1 X110.032 Y126.009 E.03475
G1 X108.985 Y125.976 E.03475
G1 X107.942 Y125.876 E.03475
G1 X106.909 Y125.707 E.03475
G1 X105.888 Y125.472 E.03475
G1 X104.885 Y125.169 E.03475
G1 X103.904 Y124.802 E.03475
G1 X102.949 Y124.372 E.03475
G1 X102.024 Y123.88 E.03475
G1 X101.133 Y123.329 E.03475
G1 X100.28 Y122.72 E.03475
G1 X99.469 Y122.057 E.03475
G1 X98.703 Y121.343 E.03475
G1 X97.985 Y120.58 E.03475
G1 X97.319 Y119.771 E.03475
G1 X96.707 Y118.921 E.03475
G1 X96.271 Y118.224 E.02728
G1 X95.82 Y117.415 E.0307
G1 X95.198 Y116.096 E.04839
G1 X94.851 Y115.176 E.03261
G1 X94.636 Y114.472 E.02443
G1 X94.491 Y113.951 E.01796
G1 X94.305 Y113.155 E.0271
G1 X94.133 Y112.122 E.03475
G1 X94.028 Y111.079 E.03475
G1 X93.991 Y110.032 E.03475
G1 X94.023 Y109.002 E.03421
G1 X94.098 Y108.204 E.02659
G1 X94.228 Y107.299 E.03032
G1 X94.528 Y105.888 E.04785
G1 X94.91 Y104.669 E.04236
G1 X95.198 Y103.904 E.02713
G1 X95.628 Y102.949 E.03475
G1 X96.12 Y102.024 E.03475
G1 X96.594 Y101.257 E.02992
G1 X97.28 Y100.28 E.03957
G1 X97.943 Y99.469 E.03475
G1 X98.657 Y98.703 E.03475
G1 X99.42 Y97.985 E.03475
G1 X100.229 Y97.319 E.03475
G1 X101.079 Y96.707 E.03475
G1 X101.968 Y96.152 E.03475
G1 X102.891 Y95.657 E.03475
G1 X103.844 Y95.222 E.03475
G1 X104.824 Y94.851 E.03475
G1 X105.825 Y94.545 E.03475
G1 X106.845 Y94.305 E.03475
G1 X107.878 Y94.133 E.03475
G1 X108.921 Y94.028 E.03475
G1 X109.898 Y93.994 E.03243
G1 X111.009 Y94.023 E.03687
G1 X112.058 Y94.124 E.03495
G1 X113.091 Y94.293 E.03475
G1 X114.112 Y94.528 E.03475
G1 X115.115 Y94.831 E.03475
G1 X116.096 Y95.198 E.03475
G1 X117.051 Y95.628 E.03475
G1 X117.976 Y96.12 E.03475
G1 X118.867 Y96.671 E.03475
G1 X119.72 Y97.28 E.03475
G1 X120.531 Y97.943 E.03475
G1 X121.297 Y98.657 E.03475
G1 X122.015 Y99.42 E.03475
G1 X122.531 Y100.046 E.0269
G1 X123.293 Y101.079 E.04259
G1 X123.848 Y101.968 E.03475
G1 X124.343 Y102.891 E.03475
G1 X124.778 Y103.844 E.03475
G1 X125.042 Y104.54 E.02471
G1 X125.298 Y105.308 E.02683
G1 X125.455 Y105.825 E.01794
G1 X125.604 Y106.455 E.02146
G1 X125.824 Y107.617 E.03925
G1 X125.959 Y108.79 E.03915
G1 X126.009 Y109.968 E.0391
G1 X125.976 Y111.015 E.03475
G1 X125.876 Y112.058 E.03475
G1 X125.707 Y113.091 E.03475
G1 X125.472 Y114.112 E.03475
G1 X125.469 Y114.12 E.00027
M205 X8 Y8
G1 X125.068 Y114.042 F7200
M205 X10 Y10
G1 F2700
G1 X124.908 Y114.574 E.01843
G1 X124.421 Y115.953 E.04851
G1 X124.188 Y116.471 E.01886
G1 X123.679 Y117.489 E.03774
G1 X123.097 Y118.469 E.0378
G1 X122.444 Y119.406 E.0379
G1 X121.743 Y120.273 E.03699
G1 X121.046 Y121.019 E.03387
G1 X120.301 Y121.718 E.03387
G1 X119.513 Y122.366 E.03387
G1 X118.684 Y122.962 E.03387
G1 X117.817 Y123.502 E.03387
G1 X116.918 Y123.984 E.03387
G1 X115.988 Y124.407 E.03387
G1 X115.033 Y124.768 E.03387
G1 X114.056 Y125.065 E.03387
G1 X113.062 Y125.298 E.03387
G1 X112.055 Y125.466 E.03387
G1 X111.039 Y125.567 E.03387
G1 X110.019 Y125.602 E.03387
G1 X108.999 Y125.57 E.03387
G1 X107.982 Y125.471 E.03387
G1 X106.975 Y125.306 E.03387
G1 X105.98 Y125.075 E.03387
G1 X105.003 Y124.78 E.03387
G1 X104.047 Y124.421 E.03387
G1 X103.117 Y124.001 E.03387
G1 X102.216 Y123.521 E.03387
G1 X101.348 Y122.983 E.03387
G1 X100.517 Y122.389 E.03387
G1 X99.727 Y121.743 E.03387
G1 X98.981 Y121.046 E.03387
G1 X98.282 Y120.301 E.03387
G1 X97.634 Y119.513 E.03387
G1 X97.038 Y118.684 E.03387
G1 X96.617 Y118.009 E.0264
G1 X96.179 Y117.224 E.02981
G1 X95.579 Y115.953 E.04662
G1 X95.232 Y115.033 E.03261
G1 X95.025 Y114.354 E.02354
G1 X94.887 Y113.858 E.01708
G1 X94.702 Y113.062 E.0271
G1 X94.534 Y112.055 E.03387
G1 X94.433 Y111.039 E.03387
G1 X94.398 Y110.019 E.03387
G1 X94.43 Y109.015 E.03333
G1 X94.504 Y108.243 E.0257
G1 X94.63 Y107.365 E.02944
G1 X94.925 Y105.98 E.04696
G1 X95.138 Y105.274 E.02448
G1 X95.438 Y104.421 E.02998
G1 X95.999 Y103.117 E.04711
G1 X96.479 Y102.216 E.03387
G1 X96.94 Y101.472 E.02904
G1 X97.611 Y100.517 E.03869
G1 X98.257 Y99.727 E.03387
G1 X98.954 Y98.981 E.03387
G1 X99.699 Y98.282 E.03387
G1 X100.487 Y97.634 E.03387
G1 X101.316 Y97.038 E.03387
G1 X102.183 Y96.498 E.03387
G1 X103.082 Y96.016 E.03387
G1 X104.012 Y95.593 E.03387
G1 X104.967 Y95.232 E.03387
G1 X105.944 Y94.935 E.03387
G1 X106.938 Y94.702 E.03387
G1 X107.945 Y94.534 E.03387
G1 X108.961 Y94.433 E.03387
G1 X109.9 Y94.401 E.03117
G1 X110.998 Y94.43 E.03644
G1 X112.018 Y94.529 E.03398
G1 X113.025 Y94.694 E.03387
G1 X114.02 Y94.925 E.03387
G1 X114.997 Y95.22 E.03387
G1 X115.953 Y95.579 E.03387
G1 X116.883 Y95.999 E.03387
G1 X117.784 Y96.479 E.03387
G1 X118.652 Y97.017 E.03387
G1 X119.483 Y97.611 E.03387
G1 X120.273 Y98.257 E.03387
G1 X121.019 Y98.954 E.03387
G1 X121.718 Y99.699 E.03387
G1 X122.216 Y100.304 E.02602
G1 X122.962 Y101.316 E.04171
G1 X123.502 Y102.183 E.03387
G1 X123.984 Y103.082 E.03387
G1 X124.407 Y104.012 E.03387
G1 X124.661 Y104.684 E.02383
G1 X124.908 Y105.426 E.02595
G1 X125.065 Y105.944 E.01794
G1 X125.207 Y106.547 E.02058
G1 X125.423 Y107.684 E.03836
G1 X125.554 Y108.83 E.03827
G1 X125.602 Y109.981 E.03822
G1 X125.57 Y111.001 E.03387
G1 X125.471 Y112.018 E.03387
G1 X125.306 Y113.025 E.03387
G1 X125.079 Y114.003 E.03331
M205 X8 Y8
G1 X124.693 Y113.931 F7200
M205 X10 Y10
;TYPE:Outer wall
;WIDTH:0.419999
G1 F2400
G1 X124.533 Y114.46 E.017
G1 X124.054 Y115.815 E.04415
G1 X123.831 Y116.31 E.01668
G1 X123.333 Y117.304 E.03417
G1 X122.764 Y118.261 E.03422
G1 X122.126 Y119.178 E.03432
G1 X121.439 Y120.024 E.03347
G1 X120.759 Y120.751 E.03058
G1 X120.033 Y121.431 E.03058
G1 X119.264 Y122.063 E.03058
G1 X118.455 Y122.643 E.03058
G1 X117.61 Y123.169 E.03058
G1 X116.733 Y123.639 E.03058
G1 X115.826 Y124.05 E.03058
G1 X114.895 Y124.401 E.03058
G1 X113.943 Y124.69 E.03058
G1 X112.973 Y124.916 E.03058
G1 X111.991 Y125.079 E.03058
G1 X111.001 Y125.177 E.03058
G1 X110.006 Y125.21 E.03058
G1 X109.011 Y125.178 E.03058
G1 X108.021 Y125.081 E.03058
G1 X107.039 Y124.919 E.03058
G1 X106.069 Y124.693 E.03058
G1 X105.117 Y124.405 E.03058
G1 X104.185 Y124.054 E.03058
G1 X103.278 Y123.644 E.03058
G1 X102.4 Y123.175 E.03058
G1 X101.555 Y122.65 E.03058
G1 X100.746 Y122.071 E.03058
G1 X99.976 Y121.439 E.03058
G1 X99.249 Y120.759 E.03058
G1 X98.569 Y120.033 E.03058
G1 X97.937 Y119.264 E.03058
G1 X97.357 Y118.455 E.03058
G1 X96.95 Y117.801 E.02366
G1 X96.525 Y117.039 E.02683
G1 X96.143 Y116.251 E.02691
G1 X95.805 Y115.441 E.02697
G1 X95.599 Y114.895 E.01792
G1 X95.4 Y114.24 E.02102
G1 X95.073 Y112.914 E.04196
G1 X94.921 Y111.991 E.02874
G1 X94.823 Y111.001 E.03058
G1 X94.79 Y110.006 E.03058
G1 X94.822 Y109.028 E.03008
G1 X94.894 Y108.282 E.02302
G1 X95.017 Y107.429 E.02648
G1 X95.307 Y106.069 E.04272
G1 X95.513 Y105.388 E.02188
G1 X95.805 Y104.559 E.02699
G1 X96.356 Y103.278 E.04285
G1 X96.825 Y102.4 E.03058
G1 X97.273 Y101.679 E.02611
G1 X97.929 Y100.746 E.03505
G1 X98.561 Y99.976 E.03058
G1 X99.241 Y99.249 E.03058
G1 X99.967 Y98.569 E.03058
G1 X100.736 Y97.937 E.03058
G1 X101.545 Y97.357 E.03058
G1 X102.39 Y96.831 E.03058
G1 X103.267 Y96.361 E.03058
G1 X104.174 Y95.95 E.03058
G1 X105.105 Y95.599 E.03058
G1 X106.057 Y95.31 E.03058
G1 X107.027 Y95.084 E.03058
G1 X108.009 Y94.921 E.03058
G1 X108.999 Y94.823 E.03058
G1 X109.901 Y94.793 E.02774
G1 X110.987 Y94.822 E.03339
G1 X111.979 Y94.919 E.03062
G1 X112.961 Y95.081 E.03058
G1 X113.931 Y95.307 E.03058
G1 X114.883 Y95.595 E.03058
G1 X115.815 Y95.946 E.03058
G1 X116.722 Y96.356 E.03058
G1 X117.6 Y96.825 E.03058
G1 X118.445 Y97.35 E.03058
G1 X119.254 Y97.929 E.03058
G1 X120.024 Y98.561 E.03058
G1 X120.751 Y99.241 E.03058
G1 X121.431 Y99.967 E.03058
G1 X121.913 Y100.553 E.02331
G1 X122.643 Y101.545 E.03784
G1 X123.169 Y102.39 E.03058
G1 X123.639 Y103.267 E.03058
G1 X124.05 Y104.174 E.03058
G1 X124.294 Y104.822 E.02128
G1 X124.533 Y105.54 E.02325
G1 X124.69 Y106.057 E.01662
G1 X124.825 Y106.636 E.01827
G1 X125.036 Y107.748 E.03475
G1 X125.164 Y108.868 E.03466
G1 X125.21 Y109.994 E.03461
G1 X125.178 Y110.989 E.03058
G1 X125.081 Y111.979 E.03058
G1 X124.919 Y112.961 E.03058
G1 X124.702 Y113.892 E.02935
G1 E-4.5 F2700
;WIPE_START
G1 F2400
G1 X124.533 Y114.46 E-.14088
G1 X124.064 Y115.787 E-.33412
;WIPE_END
G1 E-.025 F2700
M205 X8 Y8
G1 X116.471 Y115.014 Z.8 F7200
G1 X58.024 Y109.067 Z.8
G1 Z.4
G1 E5 F2400
M205 X10 Y10
;TYPE:Inner wall
;WIDTH:0.449999
G1 F2700
G1 X58.107 Y108.204 E.02878
G1 X58.254 Y107.299 E.03041
G1 X58.46 Y106.406 E.03041
G1 X58.724 Y105.528 E.03041
G1 X59.045 Y104.669 E.03041
G1 X59.422 Y103.833 E.03041
G1 X59.852 Y103.024 E.03041
G1 X60.334 Y102.244 E.03041
G1 X60.867 Y101.498 E.03041
G1 X61.392 Y100.854 E.02759
G1 X62.068 Y100.122 E.03303
G1 X62.739 Y99.489 E.0306
G1 X63.446 Y98.906 E.03041
G1 X64.19 Y98.37 E.03041
G1 X64.968 Y97.884 E.03041
G1 X65.775 Y97.45 E.03041
G1 X66.609 Y97.07 E.03041
G1 X67.466 Y96.745 E.03041
G1 X68.343 Y96.477 E.03041
G1 X69.235 Y96.267 E.03041
G1 X70.139 Y96.115 E.03041
G1 X71.052 Y96.023 E.03041
G1 X71.883 Y95.994 E.02758
G1 X72.878 Y96.019 E.03303
G1 X73.796 Y96.107 E.03061
G1 X74.701 Y96.254 E.03041
G1 X75.594 Y96.46 E.03041
G1 X76.472 Y96.724 E.03041
G1 X77.331 Y97.045 E.03041
G1 X78.167 Y97.422 E.03041
G1 X78.976 Y97.852 E.03041
G1 X79.756 Y98.334 E.03041
G1 X80.502 Y98.867 E.03041
G1 X81.212 Y99.446 E.03041
G1 X81.883 Y100.072 E.03041
G1 X82.511 Y100.739 E.03041
G1 X83.094 Y101.446 E.03041
G1 X83.63 Y102.19 E.03041
G1 X84.116 Y102.968 E.03041
G1 X84.55 Y103.775 E.03041
G1 X85.013 Y104.824 E.03802
G1 X85.255 Y105.466 E.02279
G1 X85.475 Y106.184 E.0249
G1 X85.642 Y106.845 E.02261
G1 X85.841 Y107.878 E.03491
G1 X85.964 Y108.921 E.03481
G1 X86.008 Y109.962 E.03456
G1 X85.981 Y110.884 E.03061
G1 X85.893 Y111.796 E.03041
G1 X85.746 Y112.701 E.03041
G1 X85.54 Y113.594 E.03041
G1 X85.366 Y114.175 E.02009
G1 X84.955 Y115.331 E.04072
G1 X84.583 Y116.156 E.03002
G1 X84.306 Y116.681 E.01969
G1 X83.78 Y117.572 E.03434
G1 X83.273 Y118.307 E.02961
G1 X82.608 Y119.146 E.03553
G1 X81.933 Y119.878 E.03303
G1 X81.261 Y120.511 E.0306
G1 X80.554 Y121.094 E.03041
G1 X79.81 Y121.63 E.03041
G1 X79.032 Y122.116 E.03041
G1 X78.225 Y122.55 E.03041
G1 X77.391 Y122.93 E.03041
G1 X76.534 Y123.255 E.03041
G1 X75.657 Y123.523 E.03041
G1 X74.765 Y123.733 E.03041
G1 X73.861 Y123.885 E.03041
G1 X72.948 Y123.977 E.03041
G1 X72.032 Y124.009 E.03041
G1 X71.116 Y123.981 E.03041
G1 X70.204 Y123.893 E.03041
M73 P19 R35
G1 X69.299 Y123.746 E.03041
G1 X68.406 Y123.54 E.03041
G1 X67.528 Y123.276 E.03041
G1 X66.669 Y122.955 E.03041
G1 X65.833 Y122.578 E.03041
G1 X65.024 Y122.148 E.03041
G1 X64.244 Y121.666 E.03041
G1 X63.498 Y121.133 E.03041
G1 X62.788 Y120.554 E.03041
G1 X62.117 Y119.928 E.03041
G1 X61.489 Y119.261 E.03041
G1 X60.906 Y118.554 E.03041
G1 X60.37 Y117.81 E.03041
G1 X59.884 Y117.032 E.03041
G1 X59.45 Y116.225 E.03041
G1 X59.07 Y115.391 E.03041
G1 X58.745 Y114.534 E.03041
G1 X58.477 Y113.657 E.03041
G1 X58.267 Y112.765 E.03041
G1 X58.115 Y111.861 E.03041
G1 X58.023 Y110.948 E.03041
G1 X57.991 Y110.032 E.03041
G1 X58.019 Y109.116 E.03041
G1 X58.02 Y109.107 E.0003
M205 X8 Y8
G1 X58.428 Y109.106 F7200
M205 X10 Y10
G1 F2700
G1 X58.512 Y108.243 E.02874
G1 X58.656 Y107.365 E.02953
G1 X58.857 Y106.498 E.02952
G1 X59.114 Y105.646 E.02953
G1 X59.426 Y104.812 E.02953
G1 X59.793 Y104.001 E.02953
G1 X60.211 Y103.216 E.02953
G1 X60.68 Y102.459 E.02953
G1 X61.197 Y101.735 E.02953
G1 X61.707 Y101.112 E.0267
G1 X62.366 Y100.398 E.03223
G1 X63.017 Y99.786 E.02964
G1 X63.705 Y99.221 E.02953
G1 X64.427 Y98.701 E.02953
G1 X65.183 Y98.23 E.02953
G1 X65.967 Y97.809 E.02952
G1 X66.777 Y97.441 E.02953
G1 X67.61 Y97.126 E.02952
G1 X68.461 Y96.867 E.02953
G1 X69.328 Y96.663 E.02952
G1 X70.206 Y96.517 E.02953
G1 X71.091 Y96.429 E.02953
G1 X71.896 Y96.401 E.0267
G1 X72.867 Y96.426 E.03223
G1 X73.757 Y96.512 E.02964
G1 X74.635 Y96.656 E.02953
G1 X75.502 Y96.857 E.02952
G1 X76.354 Y97.114 E.02953
G1 X77.188 Y97.426 E.02952
G1 X77.999 Y97.793 E.02953
G1 X78.784 Y98.211 E.02952
G1 X79.541 Y98.68 E.02953
G1 X80.265 Y99.197 E.02953
G1 X80.954 Y99.761 E.02953
G1 X81.604 Y100.369 E.02952
G1 X82.214 Y101.017 E.02952
G1 X82.779 Y101.705 E.02953
G1 X83.299 Y102.427 E.02952
G1 X83.77 Y103.183 E.02953
G1 X84.191 Y103.967 E.02952
G1 X84.559 Y104.777 E.02953
G1 X84.976 Y105.944 E.04109
G1 X85.133 Y106.461 E.01794
G1 X85.326 Y107.282 E.02795
G1 X85.44 Y107.945 E.02232
G1 X85.559 Y108.961 E.03393
G1 X85.602 Y109.977 E.03376
G1 X85.574 Y110.871 E.02964
G1 X85.488 Y111.757 E.02953
G1 X85.344 Y112.635 E.02953
G1 X85.143 Y113.502 E.02952
G1 X84.976 Y114.056 E.0192
G1 X84.574 Y115.188 E.03983
G1 X84.212 Y115.988 E.02913
G1 X83.947 Y116.489 E.0188
G1 X83.434 Y117.357 E.03346
G1 X82.942 Y118.07 E.02873
G1 X82.293 Y118.888 E.03465
G1 X81.634 Y119.602 E.03223
G1 X80.983 Y120.214 E.02964
G1 X80.295 Y120.779 E.02953
G1 X79.573 Y121.299 E.02953
G1 X78.817 Y121.77 E.02953
G1 X78.033 Y122.191 E.02952
G1 X77.223 Y122.559 E.02953
G1 X76.39 Y122.874 E.02952
G1 X75.539 Y123.133 E.02953
G1 X74.672 Y123.337 E.02952
G1 X73.794 Y123.483 E.02953
G1 X72.909 Y123.571 E.02953
G1 X72.019 Y123.602 E.02953
G1 X71.129 Y123.574 E.02953
G1 X70.243 Y123.488 E.02953
G1 X69.365 Y123.344 E.02953
G1 X68.498 Y123.143 E.02952
G1 X67.646 Y122.886 E.02953
G1 X66.812 Y122.574 E.02952
G1 X66.001 Y122.207 E.02953
G1 X65.216 Y121.789 E.02952
G1 X64.459 Y121.32 E.02953
G1 X63.735 Y120.803 E.02953
G1 X63.046 Y120.239 E.02953
G1 X62.396 Y119.631 E.02953
G1 X61.786 Y118.983 E.02952
G1 X61.221 Y118.295 E.02953
G1 X60.701 Y117.573 E.02953
G1 X60.23 Y116.817 E.02953
G1 X59.809 Y116.033 E.02953
G1 X59.441 Y115.223 E.02953
G1 X59.126 Y114.39 E.02953
G1 X58.867 Y113.539 E.02953
G1 X58.663 Y112.672 E.02953
G1 X58.517 Y111.794 E.02953
G1 X58.429 Y110.909 E.02953
G1 X58.398 Y110.019 E.02953
G1 X58.426 Y109.146 E.02898
M205 X8 Y8
G1 X58.818 Y109.142 F7200
M205 X10 Y10
;TYPE:Outer wall
;WIDTH:0.419999
G1 F2400
G1 X58.902 Y108.282 E.02656
G1 X59.043 Y107.429 E.02656
G1 X59.239 Y106.587 E.02656
G1 X59.489 Y105.76 E.02656
G1 X59.793 Y104.95 E.02656
G1 X60.15 Y104.163 E.02656
G1 X60.557 Y103.4 E.02656
G1 X61.013 Y102.666 E.02656
G1 X61.516 Y101.963 E.02656
G1 X62.01 Y101.361 E.02395
G1 X62.654 Y100.664 E.02914
G1 X63.285 Y100.072 E.0266
G1 X63.953 Y99.524 E.02656
G1 X64.656 Y99.02 E.02656
G1 X65.39 Y98.563 E.02656
G1 X66.152 Y98.155 E.02656
G1 X66.939 Y97.798 E.02656
G1 X67.748 Y97.493 E.02656
G1 X68.575 Y97.242 E.02656
G1 X69.417 Y97.045 E.02656
G1 X70.27 Y96.904 E.02656
G1 X71.13 Y96.819 E.02656
G1 X71.909 Y96.793 E.02395
G1 X72.857 Y96.818 E.02914
G1 X73.718 Y96.902 E.0266
G1 X74.571 Y97.043 E.02656
G1 X75.413 Y97.239 E.02656
G1 X76.24 Y97.489 E.02656
G1 X77.05 Y97.793 E.02656
G1 X77.837 Y98.15 E.02656
G1 X78.6 Y98.557 E.02656
G1 X79.334 Y99.013 E.02656
G1 X80.037 Y99.516 E.02656
G1 X80.705 Y100.064 E.02656
G1 X81.336 Y100.655 E.02656
G1 X81.928 Y101.285 E.02656
G1 X82.476 Y101.953 E.02656
G1 X82.98 Y102.656 E.02656
G1 X83.437 Y103.39 E.02656
G1 X83.845 Y104.152 E.02656
G1 X84.202 Y104.939 E.02656
G1 X84.601 Y106.057 E.03649
G1 X84.758 Y106.575 E.01662
G1 X84.944 Y107.371 E.0251
G1 X85.053 Y108.009 E.01989
G1 X85.168 Y108.999 E.03064
G1 X85.21 Y109.993 E.03056
G1 X85.182 Y110.858 E.0266
G1 X85.098 Y111.718 E.02656
G1 X84.957 Y112.571 E.02656
G1 X84.761 Y113.413 E.02656
G1 X84.601 Y113.943 E.017
G1 X84.207 Y115.05 E.03611
G1 X83.855 Y115.826 E.0262
G1 X83.601 Y116.304 E.01663
G1 X83.101 Y117.15 E.0302
G1 X82.624 Y117.842 E.02582
G1 X81.99 Y118.639 E.0313
G1 X81.346 Y119.336 E.02914
G1 X80.715 Y119.928 E.0266
G1 X80.047 Y120.476 E.02656
G1 X79.344 Y120.98 E.02656
G1 X78.61 Y121.437 E.02656
G1 X77.848 Y121.845 E.02656
G1 X77.061 Y122.202 E.02656
G1 X76.252 Y122.507 E.02656
G1 X75.425 Y122.758 E.02656
G1 X74.583 Y122.955 E.02656
G1 X73.73 Y123.096 E.02656
G1 X72.87 Y123.181 E.02656
G1 X72.006 Y123.21 E.02656
G1 X71.142 Y123.182 E.02656
G1 X70.282 Y123.098 E.02656
G1 X69.429 Y122.957 E.02656
G1 X68.587 Y122.761 E.02656
G1 X67.76 Y122.511 E.02656
G1 X66.95 Y122.207 E.02656
G1 X66.163 Y121.85 E.02656
G1 X65.4 Y121.443 E.02656
G1 X64.666 Y120.987 E.02656
G1 X63.963 Y120.484 E.02656
G1 X63.295 Y119.936 E.02656
G1 X62.664 Y119.345 E.02656
G1 X62.072 Y118.715 E.02656
G1 X61.524 Y118.047 E.02656
G1 X61.02 Y117.344 E.02656
G1 X60.563 Y116.61 E.02656
G1 X60.155 Y115.848 E.02656
G1 X59.798 Y115.061 E.02656
G1 X59.493 Y114.252 E.02656
G1 X59.242 Y113.425 E.02656
G1 X59.045 Y112.583 E.02656
G1 X58.904 Y111.73 E.02656
G1 X58.819 Y110.87 E.02656
G1 X58.79 Y110.006 E.02656
G1 X58.817 Y109.182 E.02533
G1 E-4.5 F2700
;WIPE_START
G1 F2400
G1 X58.902 Y108.282 E-.21478
G1 X59.043 Y107.429 E-.20531
G1 X59.095 Y107.204 E-.05491
;WIPE_END
G1 E-.025 F2700
M205 X8 Y8
G1 X51.417 Y89.355 Z.8 F7200
G1 Z.4
G1 E5 F2400
M205 X10 Y10
;TYPE:Internal solid infill
;WIDTH:0.405696
G1 F3600
G1 X51.349 Y89.394 E.00232
G1 X51.419 Y89.429 E.00233
M205 X8 Y8
G1 X144.73 Y92.194 F7200
M205 X10 Y10
;WIDTH:0.450353
G1 F3600
G1 X147.611 Y89.313 E.13525
G1 X147.035 Y89.313 E.01913
G1 X144.246 Y92.101 E.13092
G1 X143.497 Y92.275 E.02555
G1 X146.459 Y89.313 E.13907
G1 X145.882 Y89.313 E.01913
G1 X142.692 Y92.504 E.14981
G1 X142.157 Y92.665 E.01854
G1 X141.832 Y92.787 E.01151
G1 X145.306 Y89.313 E.16311
G1 X144.73 Y89.313 E.01913
G1 X140.9 Y93.143 E.17981
G1 X139.836 Y93.63 E.03886
G1 X144.154 Y89.313 E.20272
G1 X143.578 Y89.313 E.01913
G1 X137.961 Y94.929 E.26369
G1 E-4.5 F2700
;WIPE_START
G1 F3600
G1 X139.376 Y93.515 E-.475
;WIPE_END
G1 E-.025 F2700
M205 X8 Y8
G1 X140.671 Y101.037 Z.8 F7200
G1 X145.301 Y127.924 Z.8
G1 Z.4
G1 E5 F2400
M205 X10 Y10
G1 F3600
G1 X142.518 Y130.706 E.13063
G1 X141.942 Y130.706 E.01913
G1 X144.668 Y127.98 E.12799
G1 X144.186 Y127.886 E.01632
G1 X141.366 Y130.706 E.1324
G1 X140.79 Y130.706 E.01913
G1 X143.719 Y127.777 E.13751
G1 X143.254 Y127.666 E.01586
G1 X140.214 Y130.706 E.14275
G1 X139.637 Y130.706 E.01913
G1 X142.811 Y127.532 E.14901
G1 X142.368 Y127.399 E.01536
G1 X139.061 Y130.706 E.15526
G1 X138.485 Y130.706 E.01913
G1 X141.942 Y127.249 E.16233
G1 X141.522 Y127.093 E.01489
G1 X137.909 Y130.706 E.16964
G1 X137.333 Y130.706 E.01913
G1 X141.101 Y126.937 E.17695
G1 X140.697 Y126.765 E.01458
G1 X136.756 Y130.706 E.18504
G1 X136.18 Y130.706 E.01913
G1 X140.302 Y126.585 E.19351
G1 X139.906 Y126.404 E.01444
G1 X135.604 Y130.706 E.20198
G1 X135.028 Y130.706 E.01913
G1 X139.529 Y126.205 E.21132
G1 X139.153 Y126.004 E.01414
G1 X134.452 Y130.706 E.22075
G1 X133.875 Y130.706 E.01913
G1 X138.784 Y125.798 E.23045
G1 X138.428 Y125.577 E.01389
G1 X133.299 Y130.706 E.24082
G1 X132.723 Y130.706 E.01913
G1 X138.073 Y125.356 E.25119
G1 X137.723 Y125.13 E.01384
G1 X132.147 Y130.706 E.26179
G1 X131.571 Y130.706 E.01913
G1 X137.387 Y124.89 E.27308
G1 X137.051 Y124.649 E.01371
G1 X130.995 Y130.706 E.28438
G1 X130.418 Y130.706 E.01913
G1 X136.725 Y124.399 E.29614
G1 X136.408 Y124.14 E.0136
G1 X129.842 Y130.706 E.3083
G1 X129.266 Y130.706 E.01913
G1 X136.091 Y123.881 E.32046
G1 X135.79 Y123.606 E.01354
G1 X128.69 Y130.706 E.33337
G1 X128.114 Y130.706 E.01913
G1 X135.491 Y123.329 E.34639
G1 X135.192 Y123.051 E.01354
G1 X127.537 Y130.706 E.3594
G1 X126.961 Y130.706 E.01913
G1 X134.903 Y122.764 E.37287
G1 X134.624 Y122.467 E.01353
G1 X126.385 Y130.706 E.38684
G1 X125.809 Y130.706 E.01913
G1 X134.345 Y122.169 E.40081
G1 X134.08 Y121.858 E.01357
G1 X125.233 Y130.706 E.41542
G1 X124.656 Y130.706 E.01913
G1 X133.82 Y121.542 E.43025
G1 X133.559 Y121.227 E.01359
G1 X124.08 Y130.706 E.44508
G1 X123.504 Y130.706 E.01913
G1 X133.315 Y120.895 E.46064
G1 X133.074 Y120.56 E.01371
G1 X122.928 Y130.706 E.47638
G1 X122.352 Y130.706 E.01913
G1 X132.833 Y120.225 E.49211
G1 X132.609 Y119.872 E.01386
G1 X121.775 Y130.706 E.50866
G1 X121.199 Y130.706 E.01913
G1 X132.388 Y119.517 E.52536
G1 X132.168 Y119.161 E.01389
G1 X120.623 Y130.706 E.54206
G1 X120.047 Y130.706 E.01913
G1 X131.964 Y118.788 E.55956
G1 X131.764 Y118.413 E.01414
G1 X119.471 Y130.706 E.57719
G1 X118.894 Y130.706 E.01913
G1 X131.568 Y118.033 E.59504
G1 X131.387 Y117.637 E.01444
G1 X118.318 Y130.706 E.61363
G1 X117.742 Y130.706 E.01913
G1 X131.207 Y117.241 E.63222
G1 X131.038 Y116.834 E.01463
G1 X117.166 Y130.706 E.65132
G1 X116.59 Y130.706 E.01913
G1 X130.88 Y116.415 E.67098
G1 X130.723 Y115.997 E.01485
G1 X116.013 Y130.706 E.69064
G1 X115.437 Y130.706 E.01913
G1 X130.58 Y115.563 E.71099
G1 X130.446 Y115.121 E.01534
M73 P19 R34
G1 X114.861 Y130.706 E.73175
G1 X114.285 Y130.706 E.01913
G1 X130.317 Y114.674 E.75274
G1 X130.207 Y114.208 E.01591
G1 X113.709 Y130.706 E.77464
G1 X113.132 Y130.706 E.01913
G1 X130.097 Y113.741 E.79654
G1 X130.007 Y113.255 E.01642
G1 X112.556 Y130.706 E.81938
G1 X111.98 Y130.706 E.01913
G1 X119.354 Y123.332 E.34623
G1 X119.95 Y122.903 E.02438
G1 X120.714 Y122.276 E.03281
G1 X121.549 Y121.494 E.03799
G1 X122.276 Y120.714 E.0354
G1 X122.903 Y119.95 E.03281
G1 X123.33 Y119.356 E.02427
G1 X129.926 Y112.76 E.30971
G1 X129.849 Y112.261 E.01678
M73 P20 R34
G1 X124.283 Y117.826 E.26133
G1 X124.596 Y117.241 E.02202
G1 X124.848 Y116.686 E.02025
G1 X129.798 Y111.736 E.23241
G1 X129.752 Y111.205 E.01769
G1 X125.253 Y115.704 E.21124
G1 X125.441 Y115.2 E.01785
G1 X125.555 Y114.826 E.01298
G1 X129.73 Y110.651 E.19606
G1 X129.709 Y110.096 E.01842
G1 X125.782 Y114.022 E.18435
G1 X125.958 Y113.271 E.02562
G1 X129.723 Y109.506 E.17679
G1 X129.741 Y108.911 E.01975
G1 X126.081 Y112.572 E.17188
G1 X126.178 Y111.898 E.0226
G1 X129.796 Y108.28 E.1699
G1 X129.861 Y107.639 E.02139
G1 X126.241 Y111.259 E.16998
G1 X126.271 Y110.653 E.02015
G1 X129.972 Y106.952 E.17378
G1 X130.099 Y106.248 E.02373
G1 X126.29 Y110.057 E.17884
G1 X126.278 Y109.494 E.01871
G1 X130.274 Y105.497 E.18766
G1 X130.504 Y104.692 E.0278
G1 X126.259 Y108.936 E.1993
G1 X126.208 Y108.411 E.01753
G1 X130.795 Y103.824 E.21537
G1 X131.143 Y102.9 E.03276
G1 X126.155 Y107.888 E.23417
G1 X126.074 Y107.393 E.01664
G1 X131.63 Y101.836 E.26091
G1 X132.138 Y100.887 E.03573
G1 X132.357 Y100.533 E.01381
G1 X125.992 Y106.899 E.29886
G1 X125.889 Y106.426 E.01607
G1 X143.001 Y89.313 E.80349
G1 X142.425 Y89.313 E.01913
G1 X125.779 Y105.959 E.7816
G1 X125.656 Y105.506 E.01559
G1 X141.849 Y89.313 E.76032
G1 X141.273 Y89.313 E.01913
G1 X125.522 Y105.064 E.73956
G1 X125.378 Y104.631 E.01513
G1 X140.697 Y89.313 E.71924
G1 X140.12 Y89.313 E.01913
G1 X125.221 Y104.213 E.69959
G1 X125.063 Y103.794 E.01485
G1 X139.544 Y89.313 E.67993
G1 X138.968 Y89.313 E.01913
G1 X124.886 Y103.395 E.66118
G1 X124.706 Y102.999 E.01444
G1 X138.392 Y89.313 E.6426
G1 X137.816 Y89.313 E.01913
G1 X124.517 Y102.611 E.62439
G1 X124.317 Y102.236 E.01414
G1 X137.239 Y89.313 E.60676
G1 X136.663 Y89.313 E.01913
G1 X124.114 Y101.862 E.5892
G1 X123.894 Y101.506 E.0139
G1 X136.087 Y89.313 E.57249
G1 X135.511 Y89.313 E.01913
G1 X123.674 Y101.15 E.55578
G1 X123.445 Y100.803 E.01381
G1 X134.935 Y89.313 E.53949
G1 X134.358 Y89.313 E.01913
G1 X123.204 Y100.467 E.52372
G1 X122.964 Y100.132 E.01371
G1 X133.782 Y89.313 E.50796
G1 X133.206 Y89.313 E.01913
G1 X122.707 Y99.812 E.49297
G1 X122.447 Y99.496 E.01359
G1 X132.63 Y89.313 E.4781
G1 X132.054 Y89.313 E.01913
G1 X122.181 Y99.185 E.46353
G1 X121.903 Y98.888 E.01353
G1 X131.477 Y89.313 E.44956
G1 X130.901 Y89.313 E.01913
G1 X121.624 Y98.59 E.43559
G1 X121.335 Y98.303 E.01353
G1 X130.325 Y89.313 E.42211
G1 X129.749 Y89.313 E.01913
G1 X121.037 Y98.025 E.40906
G1 X120.738 Y97.747 E.01354
G1 X129.173 Y89.313 E.39601
G1 X128.596 Y89.313 E.01913
G1 X120.423 Y97.486 E.38374
G1 X120.107 Y97.226 E.01359
G1 X128.02 Y89.313 E.37155
G1 X127.444 Y89.313 E.01913
G1 X119.781 Y96.976 E.35981
G1 X119.445 Y96.736 E.01371
G1 X126.868 Y89.313 E.34851
G1 X126.292 Y89.313 E.01913
G1 X119.11 Y96.495 E.33722
G1 X118.759 Y96.269 E.01384
G1 X125.715 Y89.313 E.32662
G1 X125.139 Y89.313 E.01913
G1 X118.403 Y96.049 E.31629
G1 X118.043 Y95.833 E.01394
G1 X124.563 Y89.313 E.30612
G1 X123.987 Y89.313 E.01913
G1 X117.668 Y95.632 E.29669
G1 X117.292 Y95.431 E.01414
G1 X123.411 Y89.313 E.28727
G1 X122.834 Y89.313 E.01913
G1 X116.899 Y95.249 E.2787
G1 X116.502 Y95.069 E.01445
G1 X122.258 Y89.313 E.27026
G1 X121.682 Y89.313 E.01913
G1 X116.1 Y94.895 E.26207
G1 X115.682 Y94.737 E.01485
G1 X121.106 Y89.313 E.25467
G1 X120.53 Y89.313 E.01913
G1 X115.263 Y94.58 E.2473
G1 X114.821 Y94.445 E.01532
G1 X119.953 Y89.313 E.24097
G1 X119.377 Y89.313 E.01913
G1 X114.38 Y94.31 E.23463
G1 X113.92 Y94.194 E.01575
G1 X118.801 Y89.313 E.22917
G1 X118.225 Y89.313 E.01913
G1 X113.453 Y94.085 E.22405
G1 X112.976 Y93.985 E.01617
G1 X117.649 Y89.313 E.21937
G1 X117.072 Y89.313 E.01913
G1 X112.481 Y93.905 E.21559
G1 X111.979 Y93.83 E.01684
G1 X116.496 Y89.313 E.21209
G1 X115.92 Y89.313 E.01913
G1 X111.455 Y93.778 E.20966
G1 X110.918 Y93.739 E.01786
G1 X115.344 Y89.313 E.2078
G1 X114.768 Y89.313 E.01913
G1 X110.357 Y93.723 E.20708
G1 X109.792 Y93.712 E.01876
G1 X114.191 Y89.313 E.20655
G1 X113.615 Y89.313 E.01913
G1 X109.195 Y93.733 E.20755
G1 X108.577 Y93.775 E.02057
G1 X113.039 Y89.313 E.20952
G1 X112.463 Y89.313 E.01913
G1 X107.938 Y93.838 E.21247
G1 X107.25 Y93.95 E.02315
G1 X111.887 Y89.313 E.21773
G1 X111.31 Y89.313 E.01913
G1 X106.539 Y94.085 E.22405
G1 X105.785 Y94.262 E.02572
G1 X110.734 Y89.313 E.23239
G1 X110.158 Y89.313 E.01913
G1 X104.962 Y94.509 E.24399
G1 X104.057 Y94.838 E.03197
G1 X109.582 Y89.313 E.25942
G1 X109.006 Y89.313 E.01913
G1 X103.045 Y95.273 E.27985
G1 X102.759 Y95.404 E.01047
G1 X101.849 Y95.894 E.03429
G1 X108.613 Y89.13 E.31758
G1 E-4.5 F2700
;WIPE_START
G1 F3600
G1 X107.198 Y90.544 E-.475
;WIPE_END
G1 E-.025 F2700
M205 X8 Y8
G1 X109.623 Y97.781 Z.8 F7200
G1 X118.331 Y123.779 Z.8
G1 Z.4
G1 E5 F2400
M205 X10 Y10
G1 F3600
G1 X111.404 Y130.706 E.32523
G1 X110.828 Y130.706 E.01913
G1 X116.683 Y124.851 E.27492
G1 X116.271 Y125.038 E.01501
G1 X115.706 Y125.251 E.02005
G1 X110.251 Y130.706 E.25612
G1 X109.675 Y130.706 E.01913
G1 X114.828 Y125.554 E.24192
G1 X114.019 Y125.785 E.02791
G1 X109.099 Y130.706 E.23103
G1 X108.523 Y130.706 E.01913
G1 X113.27 Y125.959 E.22289
G1 X112.57 Y126.082 E.02358
G1 X107.947 Y130.706 E.2171
G1 X107.37 Y130.706 E.01913
G1 X111.901 Y126.176 E.2127
G1 X111.26 Y126.24 E.02139
G1 X106.794 Y130.706 E.20966
G1 X106.218 Y130.706 E.01913
G1 X110.652 Y126.272 E.2082
G1 X110.055 Y126.292 E.01982
M73 P21 R34
G1 X105.642 Y130.706 E.20723
G1 X105.066 Y130.706 E.01913
G1 X109.495 Y126.277 E.20796
G1 X108.938 Y126.258 E.0185
G1 X104.489 Y130.706 E.20886
G1 X103.913 Y130.706 E.01913
G1 X108.411 Y126.208 E.21117
G1 X107.888 Y126.155 E.01746
G1 X103.337 Y130.706 E.21366
G1 X102.761 Y130.706 E.01913
G1 X107.392 Y126.075 E.21745
G1 X106.896 Y125.994 E.01667
G1 X102.185 Y130.706 E.22123
G1 X101.608 Y130.706 E.01913
G1 X106.427 Y125.887 E.22625
G1 X105.96 Y125.778 E.01593
G1 X101.032 Y130.706 E.23136
G1 X100.456 Y130.706 E.01913
G1 X105.506 Y125.656 E.23712
G1 X105.064 Y125.522 E.01534
G1 X99.88 Y130.706 E.24342
G1 X99.304 Y130.706 E.01913
G1 X104.631 Y125.378 E.25014
G1 X104.212 Y125.222 E.01487
G1 X98.727 Y130.706 E.2575
G1 X98.151 Y130.706 E.01913
G1 X103.793 Y125.065 E.26488
G1 X103.396 Y124.885 E.01445
G1 X97.575 Y130.706 E.27331
G1 X96.999 Y130.706 E.01913
G1 X103 Y124.705 E.28175
G1 X102.611 Y124.517 E.01432
G1 X96.423 Y130.706 E.29057
G1 X95.846 Y130.706 E.01913
G1 X102.236 Y124.317 E.3
G1 X101.862 Y124.114 E.01412
G1 X95.27 Y130.706 E.30949
G1 X94.694 Y130.706 E.01913
G1 X101.506 Y123.894 E.31982
G1 X101.15 Y123.674 E.0139
G1 X94.118 Y130.706 E.33016
G1 X93.542 Y130.706 E.01913
G1 X100.804 Y123.443 E.341
G1 X100.469 Y123.203 E.01371
G1 X92.965 Y130.706 E.3523
G1 X92.389 Y130.706 E.01913
G1 X100.133 Y122.962 E.36359
G1 X99.812 Y122.707 E.01362
G1 X91.813 Y130.706 E.37556
G1 X91.237 Y130.706 E.01913
G1 X99.495 Y122.447 E.38776
G1 X99.185 Y122.182 E.01357
G1 X90.661 Y130.706 E.40024
G1 X90.084 Y130.706 E.01913
G1 X98.887 Y121.904 E.41329
G1 X98.589 Y121.626 E.01354
G1 X89.508 Y130.706 E.42635
G1 X88.932 Y130.706 E.01913
G1 X98.305 Y121.333 E.44006
G1 X98.026 Y121.036 E.01353
G1 X88.356 Y130.706 E.45403
G1 X87.78 Y130.706 E.01913
G1 X97.747 Y120.738 E.468
G1 X97.486 Y120.423 E.01359
G1 X87.204 Y130.706 E.48279
G1 X86.627 Y130.706 E.01913
G1 X97.226 Y120.107 E.49765
G1 X96.976 Y119.781 E.01364
G1 X86.051 Y130.706 E.51294
G1 X85.475 Y130.706 E.01913
G1 X96.735 Y119.446 E.52867
G1 X96.493 Y119.111 E.0137
G1 X84.899 Y130.706 E.5444
G1 X84.323 Y130.706 E.01913
G1 X96.271 Y118.758 E.561
G1 X96.05 Y118.402 E.01389
G1 X83.746 Y130.706 E.57768
G1 X83.17 Y130.706 E.01913
G1 X95.833 Y118.043 E.59454
G1 X95.632 Y117.668 E.01414
G1 X82.594 Y130.706 E.61218
G1 X82.018 Y130.706 E.01913
G1 X95.431 Y117.292 E.62981
G1 X95.247 Y116.9 E.01438
G1 X81.442 Y130.706 E.64822
G1 X80.865 Y130.706 E.01913
G1 X95.067 Y116.504 E.66682
G1 X94.897 Y116.098 E.01461
G1 X80.289 Y130.706 E.68586
G1 X79.713 Y130.706 E.01913
G1 X94.739 Y115.68 E.70552
G1 X94.581 Y115.261 E.01485
G1 X79.137 Y130.706 E.72517
G1 X78.561 Y130.706 E.01913
G1 X94.444 Y114.822 E.74577
G1 X94.31 Y114.38 E.01534
G1 X77.984 Y130.706 E.76653
G1 X77.408 Y130.706 E.01913
G1 X94.193 Y113.921 E.7881
G1 X94.083 Y113.455 E.01591
G1 X76.832 Y130.706 E.80999
G1 X76.256 Y130.706 E.01913
G1 X93.987 Y112.975 E.83254
G1 X93.905 Y112.48 E.01664
G1 X75.68 Y130.706 E.85576
G1 X75.103 Y130.706 E.01913
G1 X93.83 Y111.979 E.87927
G1 X93.779 Y111.454 E.0175
G1 X74.527 Y130.706 E.90391
G1 X73.951 Y130.706 E.01913
G1 X93.736 Y110.921 E.92897
G1 X93.717 Y110.363 E.01852
G1 X73.375 Y130.706 E.95514
G1 X72.799 Y130.706 E.01913
G1 X93.715 Y109.79 E.98207
G1 X93.734 Y109.194 E.01979
G1 X72.222 Y130.706 E1.01004
G1 X71.646 Y130.706 E.01913
G1 X93.775 Y108.577 E1.03903
G1 X93.838 Y107.937 E.02133
G1 X83.967 Y117.809 E.46349
G1 X83.364 Y118.67 E.03491
G1 X82.826 Y119.329 E.02822
G1 X82.08 Y120.134 E.03646
G1 X81.454 Y120.721 E.02847
G1 X80.732 Y121.316 E.03106
G1 X79.806 Y121.97 E.03763
G1 X71.07 Y130.706 E.4102
G1 X70.494 Y130.706 E.01913
G1 X78.444 Y122.756 E.37329
G1 X77.385 Y123.239 E.03866
G1 X69.918 Y130.706 E.3506
G1 X69.341 Y130.706 E.01913
G1 X76.475 Y123.573 E.33492
G1 X75.656 Y123.815 E.02836
G1 X68.765 Y130.706 E.32352
G1 X68.189 Y130.706 E.01913
G1 X74.903 Y123.991 E.31526
G1 X74.202 Y124.117 E.02367
G1 X67.613 Y130.706 E.30936
G1 X67.037 Y130.706 E.01913
G1 X73.539 Y124.203 E.30532
G1 X72.903 Y124.263 E.02121
G1 X66.46 Y130.706 E.30252
G1 X65.884 Y130.706 E.01913
G1 X72.307 Y124.284 E.30155
G1 X71.729 Y124.285 E.01917
G1 X65.308 Y130.706 E.30149
G1 X64.732 Y130.706 E.01913
G1 X71.172 Y124.265 E.3024
G1 X70.639 Y124.222 E.01775
G1 X64.156 Y130.706 E.30442
G1 X63.579 Y130.706 E.01913
G1 X70.118 Y124.167 E.307
G1 X69.622 Y124.087 E.01667
G1 X63.003 Y130.706 E.31078
G1 X62.427 Y130.706 E.01913
M73 P22 R34
G1 X69.134 Y123.999 E.31489
G1 X68.666 Y123.89 E.01593
G1 X61.851 Y130.706 E.32
G1 X61.275 Y130.706 E.01913
G1 X68.202 Y123.778 E.32528
G1 X67.76 Y123.644 E.01534
G1 X60.698 Y130.706 E.33158
G1 X60.122 Y130.706 E.01913
G1 X67.325 Y123.504 E.33817
G1 X66.905 Y123.347 E.01487
G1 X59.546 Y130.706 E.34552
G1 X58.97 Y130.706 E.01913
G1 X66.49 Y123.186 E.35309
G1 X66.093 Y123.006 E.01445
G1 X58.394 Y130.706 E.36152
G1 X57.817 Y130.706 E.01913
G1 X65.697 Y122.827 E.36996
G1 X65.318 Y122.629 E.01418
G1 X57.241 Y130.706 E.37925
G1 X56.665 Y130.706 E.01913
G1 X64.943 Y122.428 E.38867
G1 X64.584 Y122.211 E.01393
G1 X56.089 Y130.706 E.39887
G1 X55.513 Y130.706 E.01913
G1 X64.228 Y121.991 E.4092
G1 X63.884 Y121.758 E.01377
G1 X54.936 Y130.706 E.42013
G1 X54.36 Y130.706 E.01913
G1 X63.549 Y121.517 E.43142
G1 X63.216 Y121.274 E.01369
M73 P22 R33
G1 X53.784 Y130.706 E.44287
G1 X53.208 Y130.706 E.01913
G1 X62.901 Y121.013 E.4551
G1 X62.585 Y120.753 E.01359
G1 X52.632 Y130.706 E.46733
G1 X52.055 Y130.706 E.01913
G1 X62.285 Y120.476 E.48032
G1 X61.988 Y120.197 E.01353
G1 X51.479 Y130.706 E.49342
G1 X51.294 Y130.706 E.00615
G1 X51.294 Y130.315 E.01298
G1 X61.704 Y119.905 E.48876
G1 X61.426 Y119.607 E.01354
G1 X51.294 Y129.739 E.4757
G1 X51.294 Y129.162 E.01913
G1 X61.153 Y119.304 E.4629
G1 X60.893 Y118.987 E.01359
G1 X51.294 Y128.586 E.4507
G1 X51.294 Y128.01 E.01913
G1 X60.637 Y118.667 E.43867
G1 X60.396 Y118.332 E.0137
G1 X51.294 Y127.434 E.42734
G1 X51.294 Y126.858 E.01913
G1 X60.154 Y117.997 E.41601
G1 X59.932 Y117.644 E.01387
G1 X51.294 Y126.281 E.40557
G1 X51.294 Y125.705 E.01913
G1 X59.711 Y117.288 E.3952
G1 X59.5 Y116.923 E.01401
G1 X51.294 Y125.129 E.3853
G1 X51.294 Y124.553 E.01913
G1 X59.3 Y116.547 E.37588
G1 X59.109 Y116.162 E.01428
G1 X51.294 Y123.977 E.36692
G1 X51.294 Y123.4 E.01913
G1 X58.928 Y115.766 E.35844
G1 X58.756 Y115.363 E.01457
G1 X51.294 Y122.824 E.35034
G1 X51.294 Y122.248 E.01913
G1 X58.598 Y114.944 E.34294
G1 X58.442 Y114.524 E.01489
G1 X51.294 Y121.672 E.33563
G1 X51.294 Y121.096 E.01913
G1 X58.309 Y114.081 E.32938
G1 X58.177 Y113.636 E.01539
G1 X51.294 Y120.519 E.32319
G1 X51.294 Y119.943 E.01913
G1 X58.069 Y113.168 E.31812
G1 X57.965 Y112.697 E.01604
G1 X51.294 Y119.367 E.3132
G1 X51.294 Y118.791 E.01913
G1 X57.883 Y112.202 E.30937
G1 X57.813 Y111.696 E.01696
G1 X51.294 Y118.215 E.30607
G1 X51.294 Y117.639 E.01913
G1 X57.76 Y111.173 E.30358
G1 X57.728 Y110.629 E.0181
G1 X51.294 Y117.062 E.30207
G1 X51.294 Y116.486 E.01913
G1 X57.708 Y110.072 E.30117
G1 X57.724 Y109.48 E.01965
G1 X51.294 Y115.91 E.3019
G1 X51.294 Y115.334 E.01913
G1 X57.755 Y108.873 E.30336
G1 X57.82 Y108.232 E.02139
G1 X51.294 Y114.758 E.30641
G1 X51.294 Y114.181 E.01913
G1 X57.924 Y107.552 E.31127
G1 X58.072 Y106.827 E.02456
G1 X51.294 Y113.605 E.31824
G1 X51.294 Y113.029 E.01913
G1 X58.266 Y106.057 E.32735
G1 X58.541 Y105.206 E.02968
G1 X51.294 Y112.453 E.34025
G1 X51.294 Y111.877 E.01913
G1 X58.925 Y104.246 E.35827
G1 X59.198 Y103.643 E.02197
G1 X59.481 Y103.114 E.01993
G1 X51.111 Y111.484 E.39299
G1 E-4.5 F2700
;WIPE_START
G1 F3600
G1 X52.525 Y110.069 E-.475
;WIPE_END
G1 E-.025 F2700
M205 X8 Y8
G1 X59.988 Y111.671 Z.8 F7200
G1 X84.308 Y116.891 Z.8
G1 Z.4
G1 E5 F2400
M205 X10 Y10
G1 F3600
G1 X93.948 Y107.252 E.4526
G1 X94.012 Y106.86 E.0132
G1 X94.087 Y106.536 E.01103
G1 X85.235 Y115.389 E.41566
G1 X85.572 Y114.475 E.03235
G1 X94.263 Y105.785 E.40803
G1 X94.509 Y104.962 E.02853
G1 X85.819 Y113.652 E.40805
G1 X85.994 Y112.901 E.02562
G1 X94.835 Y104.06 E.41511
G1 X94.932 Y103.801 E.00918
G1 X95.275 Y103.044 E.02759
G1 X86.116 Y112.203 E.43003
G1 X86.204 Y111.539 E.02224
G1 X96.457 Y101.286 E.48141
M205 X8 Y8
G1 X86.063 Y111.103 F7200
M205 X10 Y10
G1 F3600
G1 X107.853 Y89.313 E1.0231
G1 X107.277 Y89.313 E.01913
G1 X86.282 Y110.308 E.98577
G1 X86.285 Y109.729 E.01921
G1 X106.701 Y89.313 E.9586
G1 X106.125 Y89.313 E.01913
G1 X86.263 Y109.175 E.93256
G1 X86.221 Y108.64 E.0178
G1 X105.548 Y89.313 E.90747
G1 X104.972 Y89.313 E.01913
G1 X86.167 Y108.118 E.88295
G1 X86.086 Y107.623 E.01664
G1 X104.396 Y89.313 E.85973
G1 X103.82 Y89.313 E.01913
G1 X86.001 Y107.131 E.83663
G1 X85.891 Y106.665 E.0159
G1 X103.244 Y89.313 E.81474
G1 X102.668 Y89.313 E.01913
G1 X85.778 Y106.202 E.79301
G1 X85.644 Y105.76 E.01534
G1 X102.091 Y89.313 E.77225
G1 X101.515 Y89.313 E.01913
M73 P23 R33
G1 X85.503 Y105.325 E.7518
G1 X85.346 Y104.906 E.01485
G1 X100.939 Y89.313 E.73214
G1 X100.363 Y89.313 E.01913
G1 X85.188 Y104.488 E.71251
G1 X85.008 Y104.091 E.01445
G1 X99.787 Y89.313 E.69389
G1 X99.21 Y89.313 E.01913
G1 X84.828 Y103.696 E.67531
G1 X84.628 Y103.319 E.01415
G1 X98.634 Y89.313 E.65764
G1 X98.058 Y89.313 E.01913
G1 X84.428 Y102.943 E.63997
G1 X84.21 Y102.584 E.01393
G1 X97.482 Y89.313 E.62312
G1 X96.906 Y89.313 E.01913
G1 X83.99 Y102.228 E.60642
G1 X83.76 Y101.883 E.01379
G1 X96.329 Y89.313 E.59019
G1 X95.753 Y89.313 E.01913
G1 X83.519 Y101.547 E.57442
G1 X83.272 Y101.218 E.01366
G1 X95.177 Y89.313 E.55896
G1 X94.601 Y89.313 E.01913
G1 X83.013 Y100.9 E.54406
G1 X82.753 Y100.585 E.01359
G1 X94.025 Y89.313 E.52923
G1 X93.448 Y89.313 E.01913
G1 X82.474 Y100.287 E.51526
G1 X82.196 Y99.989 E.01353
G1 X92.872 Y89.313 E.50129
G1 X92.296 Y89.313 E.01913
G1 X81.906 Y99.703 E.48786
G1 X81.607 Y99.426 E.01354
G1 X91.72 Y89.313 E.47481
G1 X91.144 Y89.313 E.01913
G1 X81.304 Y99.153 E.46201
G1 X80.987 Y98.893 E.01359
G1 X90.567 Y89.313 E.44981
G1 X89.991 Y89.313 E.01913
G1 X80.667 Y98.637 E.43779
G1 X80.331 Y98.397 E.01371
G1 X89.415 Y89.313 E.4265
G1 X88.839 Y89.313 E.01913
G1 X79.996 Y98.156 E.41521
G1 X79.645 Y97.931 E.01384
G1 X88.263 Y89.313 E.40462
G1 X87.686 Y89.313 E.01913
G1 X79.289 Y97.711 E.39429
G1 X78.923 Y97.5 E.01401
G1 X87.11 Y89.313 E.38442
G1 X86.534 Y89.313 E.01913
G1 X78.547 Y97.3 E.37499
G1 X78.162 Y97.109 E.01428
G1 X85.958 Y89.313 E.36606
G1 X85.382 Y89.313 E.01913
G1 X77.765 Y96.93 E.35762
G1 X77.365 Y96.754 E.01452
G1 X84.805 Y89.313 E.34936
G1 X84.229 Y89.313 E.01913
G1 X76.945 Y96.597 E.34201
G1 X76.524 Y96.442 E.0149
G1 X83.653 Y89.313 E.33474
G1 X83.077 Y89.313 E.01913
G1 X76.082 Y96.308 E.32844
G1 X75.634 Y96.18 E.01546
G1 X82.501 Y89.313 E.3224
G1 X81.924 Y89.313 E.01913
G1 X75.167 Y96.071 E.31729
G1 X74.696 Y95.965 E.01601
G1 X81.348 Y89.313 E.31232
G1 X80.772 Y89.313 E.01913
G1 X74.201 Y95.884 E.30854
G1 X73.698 Y95.811 E.01687
G1 X80.196 Y89.313 E.3051
G1 X79.62 Y89.313 E.01913
G1 X73.173 Y95.759 E.30267
G1 X72.626 Y95.73 E.01818
G1 X79.043 Y89.313 E.3013
G1 X78.467 Y89.313 E.01913
G1 X72.066 Y95.715 E.30057
G1 X71.481 Y95.723 E.01943
G1 X77.891 Y89.313 E.30098
G1 X77.315 Y89.313 E.01913
G1 X70.873 Y95.755 E.30246
G1 X70.234 Y95.818 E.02132
G1 X76.739 Y89.313 E.30541
G1 X76.162 Y89.313 E.01913
G1 X69.549 Y95.927 E.31053
G1 X69.173 Y95.989 E.01264
G1 X68.829 Y96.07 E.01173
G1 X75.586 Y89.313 E.31725
G1 X75.01 Y89.313 E.01913
G1 X68.057 Y96.266 E.32647
G1 X67.205 Y96.542 E.02973
G1 X74.434 Y89.313 E.33941
G1 X73.858 Y89.313 E.01913
G1 X66.25 Y96.921 E.35721
G1 X65.643 Y97.198 E.02214
G1 X65.114 Y97.481 E.01993
G1 X73.281 Y89.313 E.3835
G1 X72.705 Y89.313 E.01913
G1 X51.294 Y110.724 E1.00531
G1 X51.294 Y110.148 E.01913
G1 X72.129 Y89.313 E.97826
G1 X71.553 Y89.313 E.01913
G1 X51.294 Y109.572 E.9512
G1 X51.294 Y108.996 E.01913
G1 X70.977 Y89.313 E.92415
G1 X70.4 Y89.313 E.01913
G1 X51.294 Y108.419 E.8971
G1 X51.294 Y107.843 E.01913
G1 X69.824 Y89.313 E.87004
G1 X69.248 Y89.313 E.01913
G1 X51.294 Y107.267 E.84299
G1 X51.294 Y106.691 E.01913
G1 X68.672 Y89.313 E.81593
G1 X68.096 Y89.313 E.01913
G1 X51.294 Y106.115 E.78888
G1 X51.294 Y105.538 E.01913
G1 X67.519 Y89.313 E.76183
G1 X66.943 Y89.313 E.01913
G1 X51.294 Y104.962 E.73477
G1 X51.294 Y104.386 E.01913
G1 X66.367 Y89.313 E.70772
G1 X65.791 Y89.313 E.01913
G1 X51.294 Y103.81 E.68066
G1 X51.294 Y103.234 E.01913
G1 X65.215 Y89.313 E.65361
G1 X64.638 Y89.313 E.01913
G1 X51.294 Y102.657 E.62656
G1 X51.294 Y102.081 E.01913
G1 X64.062 Y89.313 E.5995
G1 X63.486 Y89.313 E.01913
G1 X51.294 Y101.505 E.57245
G1 X51.294 Y100.929 E.01913
G1 X62.91 Y89.313 E.54539
G1 X62.334 Y89.313 E.01913
G1 X51.294 Y100.353 E.51834
G1 X51.294 Y99.776 E.01913
M73 P24 R33
G1 X61.758 Y89.313 E.49129
G1 X61.181 Y89.313 E.01913
G1 X51.294 Y99.2 E.46423
G1 X51.294 Y98.624 E.01913
G1 X60.605 Y89.313 E.43718
G1 X60.029 Y89.313 E.01913
G1 X51.294 Y98.048 E.41012
G1 X51.294 Y97.472 E.01913
G1 X59.453 Y89.313 E.38307
G1 X58.877 Y89.313 E.01913
G1 X51.294 Y96.895 E.35601
G1 X51.294 Y96.319 E.01913
G1 X58.3 Y89.313 E.32896
G1 X57.724 Y89.313 E.01913
G1 X51.294 Y95.743 E.30191
G1 X51.294 Y95.167 E.01913
G1 X57.148 Y89.313 E.27485
G1 X56.572 Y89.313 E.01913
G1 X51.294 Y94.591 E.2478
G1 X51.294 Y94.014 E.01913
G1 X55.996 Y89.313 E.22074
G1 X55.419 Y89.313 E.01913
G1 X51.294 Y93.438 E.19369
G1 X51.294 Y92.862 E.01913
G1 X54.843 Y89.313 E.16664
G1 X54.267 Y89.313 E.01913
G1 X51.294 Y92.286 E.13958
G1 X51.294 Y91.71 E.01913
G1 X53.691 Y89.313 E.11253
G1 X53.115 Y89.313 E.01913
G1 X51.294 Y91.133 E.08547
G1 X51.294 Y90.557 E.01913
G1 X52.538 Y89.313 E.05842
G1 X52.115 Y89.313 E.01406
G1 X52.096 Y89.294 E.00089
G1 X51.981 Y89.294 E.00382
G1 X51.111 Y90.164 E.04085
G1 E-4.5 F2700
;WIPE_START
G1 F3600
G1 X51.981 Y89.294 E-.29225
G1 X52.096 Y89.294 E-.02731
G1 X52.115 Y89.313 E-.00635
G1 X52.538 Y89.313 E-.10057
G1 X52.394 Y89.458 E-.04853
;WIPE_END
G1 E-.025 F2700
M205 X8 Y8
G1 X59.024 Y93.239 Z.8 F7200
G1 X115.308 Y125.337 Z.8
G1 Z.4
G1 E5 F2400
M205 X10 Y10
;TYPE:Gap infill
;WIDTH:0.139606
G1 X115.036 Y125.506 E.00252
M205 X8 Y8
G1 X117.292 Y124.5 F7200
M205 X10 Y10
;WIDTH:0.101279
G1 F2400
G1 X117.219 Y124.554 E.00043
;WIDTH:0.129767
G1 X117.108 Y124.631 E.00096
;WIDTH:0.16725
G1 X116.997 Y124.708 E.00137
;WIDTH:0.185992
G1 X116.886 Y124.786 E.00158
M205 X8 Y8
G1 X118.627 Y123.74 F7200
M205 X10 Y10
;WIDTH:0.09177
G1 F2400
G1 X118.44 Y123.889 E.00095
G1 E-4.5 F2700
;WIPE_START
G1 F2400
G1 X118.627 Y123.74 E-.475
;WIPE_END
G1 E-.025 F2700
M205 X8 Y8
G1 X123.002 Y117.485 Z.8 F7200
G1 X139.636 Y93.702 Z.8
G1 Z.4
G1 E5 F2400
M205 X10 Y10
;WIDTH:0.214815
G1 X139.468 Y93.826 E.00292
;WIDTH:0.165597
G1 X139.301 Y93.951 E.00209
;WIDTH:0.140988
G1 X139.133 Y94.075 E.00167
M205 X8 Y8
G1 X137.886 Y94.854 F7200
M205 X10 Y10
;WIDTH:0.127804
G1 F2400
G1 X137.817 Y94.848 E.00048
G1 X137.614 Y95.02 E.00184
M205 X8 Y8
G1 X133.024 Y99.611 F7200
M205 X10 Y10
;WIDTH:0.115109
G1 F2400
G1 X132.821 Y99.849 E.00184
;WIDTH:0.158276
G1 X132.692 Y100.011 E.00194
;WIDTH:0.197624
G1 X132.564 Y100.174 E.00261
;WIDTH:0.217299
G1 X132.435 Y100.336 E.00294
M205 X8 Y8
G1 X131.484 Y102.3 F7200
M205 X10 Y10
;WIDTH:0.1137
G1 F2400
G1 X131.392 Y102.432 E.00093
;WIDTH:0.157561
G1 X131.3 Y102.565 E.00151
;WIDTH:0.179492
G1 X131.208 Y102.698 E.0018
M205 X8 Y8
G1 X130.715 Y104.219 F7200
M205 X10 Y10
;WIDTH:0.106614
G1 F2400
G1 X130.551 Y104.483 E.00161
M205 X8 Y8
G1 X124.212 Y118.027 F7200
M205 X10 Y10
;WIDTH:0.236446
G1 F2400
G1 X124.138 Y118.126 E.00195
;WIDTH:0.208812
G1 X124.007 Y118.292 E.00286
;WIDTH:0.161995
G1 X123.875 Y118.458 E.00205
;WIDTH:0.138587
G1 X123.744 Y118.623 E.00165
M205 X8 Y8
G1 X125.2 Y115.912 F7200
M205 X10 Y10
;WIDTH:0.105266
G1 F2400
G1 X124.987 Y116.23 E.00195
M205 X8 Y8
G1 X125.734 Y114.359 F7200
M205 X10 Y10
;WIDTH:0.117838
G1 F2400
G1 X125.662 Y114.188 E.00113
G1 E-4.5 F2700
;WIPE_START
G1 F2400
G1 X125.734 Y114.359 E-.475
;WIPE_END
G1 E-.025 F2700
M205 X8 Y8
G1 X120.031 Y109.286 Z.8 F7200
G1 X103.85 Y94.894 Z.8
G1 Z.4
G1 E5 F2400
M205 X10 Y10
;WIDTH:0.182604
G1 X103.731 Y94.974 E.00163
;WIDTH:0.15919
G1 X103.617 Y95.053 E.00131
;WIDTH:0.136716
G1 X103.503 Y95.132 E.00106
M205 X8 Y8
G1 X101.651 Y95.972 F7200
M205 X10 Y10
;WIDTH:0.236353
G1 F2400
G1 X101.484 Y96.105 E.00337
;WIDTH:0.195043
G1 X101.316 Y96.238 E.00265
;WIDTH:0.153734
G1 X101.149 Y96.37 E.00193
;WIDTH:0.133079
G1 X100.982 Y96.503 E.00157
M205 X8 Y8
G1 X96.497 Y100.989 F7200
M205 X10 Y10
;WIDTH:0.0926367
G1 F2400
G1 X96.347 Y101.176 E.00097
M205 X8 Y8
G1 X95.67 Y102.39 F7200
M205 X10 Y10
;WIDTH:0.112666
G1 F2400
G1 X95.58 Y102.511 E.00086
;WIDTH:0.154458
G1 X95.49 Y102.632 E.00137
;WIDTH:0.193404
G1 X95.34 Y102.841 E.00315
M205 X8 Y8
G1 X85.174 Y115.592 F7200
M205 X10 Y10
;WIDTH:0.195758
G1 F2400
G1 X85.087 Y115.718 E.00191
;WIDTH:0.154163
G1 X85 Y115.844 E.00139
;WIDTH:0.133365
G1 X84.913 Y115.97 E.00113
M205 X8 Y8
G1 X84.419 Y117.002 F7200
M205 X10 Y10
;WIDTH:0.116714
G1 F2400
G1 X84.301 Y117.156 E.00117
M205 X8 Y8
G1 X79.156 Y122.301 F7200
M205 X10 Y10
;WIDTH:0.0990342
G1 F2400
G1 X79.087 Y122.356 E.0004
;WIDTH:0.128646
G1 X78.94 Y122.465 E.00128
;WIDTH:0.172957
G1 X78.792 Y122.574 E.00195
;WIDTH:0.195112
G1 X78.645 Y122.684 E.00228
G1 E-4.5 F2700
;WIPE_START
G1 F2400
G1 X78.792 Y122.574 E-.475
;WIPE_END
G1 E-.025 F2700
M205 X8 Y8
G1 X73.608 Y116.973 Z.8 F7200
G1 X60.032 Y102.305 Z.8
G1 Z.4
G1 E5 F2400
M205 X10 Y10
;WIDTH:0.110579
G1 X59.912 Y102.457 E.00107
;WIDTH:0.148196
G1 X59.792 Y102.609 E.00166
;WIDTH:0.185814
G1 X59.671 Y102.76 E.00226
;WIDTH:0.204622
G1 X59.551 Y102.912 E.00255
M205 X8 Y8
G1 X64.912 Y97.551 F7200
M205 X10 Y10
;WIDTH:0.223535
G1 F2400
G1 X64.759 Y97.673 E.00288
;WIDTH:0.185888
G1 X64.606 Y97.795 E.00228
;WIDTH:0.148241
G1 X64.452 Y97.916 E.00168
;WIDTH:0.129417
G1 X64.299 Y98.038 E.00138
G1 E-4.5 F2700
;WIPE_START
G1 F2400
M73 P24 R32
G1 X64.452 Y97.916 E-.475
;WIPE_END
G1 E-.025 F2700
M205 X8 Y8
G1 X72.058 Y97.274 Z.8 F7200
G1 X150.899 Y90.612 Z.8
G1 Z.4
G1 E5 F2400
M205 X10 Y10
;TYPE:Internal solid infill
;WIDTH:0.419697
G1 F3600
G1 X151.132 Y90.631 E.00717
;WIDTH:0.440153
G1 X151.365 Y90.65 E.00756
M205 X8 Y8
G1 X147.942 Y90.737 F7200
M205 X10 Y10
;WIDTH:0.530927
G1 F3600
G1 X149.302 Y90.769 E.05408
;WIDTH:0.553987
G1 X149.874 Y90.812 E.02388
;WIDTH:0.581348
G1 X150.445 Y90.854 E.02515
;WIDTH:0.570857
G1 X150.576 Y90.899 E.00595
;WIDTH:0.522514
G1 X150.707 Y90.944 E.0054
;WIDTH:0.450922
G1 X150.838 Y90.989 E.0046
G1 X151.55 Y91.105 E.02401
G1 X152.425 Y90.23 E.04112
G1 X150.899 Y90.23 E.05073
;WIDTH:0.474171
G1 X150.757 Y90.255 E.00507
;WIDTH:0.522514
G1 X150.615 Y90.279 E.00564
;WIDTH:0.568033
G1 X150.472 Y90.303 E.00617
G1 X149.359 Y90.276 E.04768
;WIDTH:0.534197
G1 X148.411 Y90.269 E.03794
G1 X147.971 Y90.709 E.02493
M205 X8 Y8
G1 X146.833 Y91.216 F7200
M205 X10 Y10
;WIDTH:0.449999
G1 F3600
G1 X147.828 Y91.181 E.03303
G1 X149.268 Y91.22 E.04778
G1 X150.398 Y91.331 E.03767
G1 X151.271 Y91.472 E.02933
G1 X151.712 Y91.519 E.01471
G1 X153.408 Y89.823 E.07954
G1 X148.226 Y89.823 E.17187
G1 X146.862 Y91.188 E.06402
M205 X8 Y8
G1 X145.748 Y91.726 F7200
M205 X10 Y10
;WIDTH:0.449999
G1 F3600
G1 X146.756 Y91.626 E.0336
G1 X147.843 Y91.588 E.03606
G1 X149.243 Y91.626 E.04646
G1 X150.358 Y91.736 E.03719
G1 X151.815 Y91.991 E.04906
G1 X154.39 Y89.416 E.1208
G1 X148.036 Y89.416 E.21079
G1 X145.777 Y91.697 E.1065
G1 E-4.5 F2700
;WIPE_START
G1 F3600
G1 X147.184 Y90.276 E-.475
;WIPE_END
G1 E-.025 F2700
M205 X8 Y8
G1 X152.834 Y95.408 Z.8 F7200
G1 X165.926 Y107.298 Z.8
G1 Z.4
G1 E5 F2400
M205 X10 Y10
;WIDTH:0.451595
G1 F3600
G1 X168.706 Y104.518 E.13094
G1 X168.706 Y103.94 E.01925
G1 X165.982 Y106.664 E.1283
G1 X165.883 Y106.184 E.0163
G1 X168.706 Y103.362 E.13294
G1 X168.706 Y102.784 E.01925
G1 X165.774 Y105.716 E.13808
G1 X165.665 Y105.247 E.01603
G1 X168.706 Y102.206 E.14323
G1 X168.706 Y101.628 E.01925
G1 X165.53 Y104.803 E.14955
G1 X165.395 Y104.361 E.01541
G1 X168.706 Y101.05 E.15593
G1 X168.706 Y100.472 E.01925
G1 X165.251 Y103.926 E.1627
G1 X165.093 Y103.507 E.01494
G1 X168.706 Y99.894 E.17014
G1 X168.706 Y99.316 E.01925
G1 X164.935 Y103.087 E.17758
G1 X164.758 Y102.686 E.01459
G1 X168.706 Y98.738 E.18594
G1 X168.706 Y98.16 E.01925
G1 X164.578 Y102.288 E.19443
G1 X164.397 Y101.891 E.01454
G1 X168.706 Y97.582 E.20292
G1 X168.706 Y97.004 E.01925
G1 X164.197 Y101.513 E.21236
G1 X163.996 Y101.137 E.01422
G1 X168.706 Y96.426 E.22184
G1 X168.706 Y95.848 E.01925
G1 X163.788 Y100.767 E.23163
G1 X163.567 Y100.41 E.01398
G1 X168.706 Y95.27 E.24204
G1 X168.706 Y94.692 E.01925
G1 X163.346 Y100.053 E.25244
G1 X163.115 Y99.705 E.01388
G1 X168.706 Y94.114 E.26331
G1 X168.706 Y93.536 E.01925
G1 X162.874 Y99.369 E.27468
G1 X162.632 Y99.032 E.01379
G1 X168.706 Y92.959 E.28604
G1 X168.706 Y92.381 E.01925
G1 X162.383 Y98.703 E.29778
G1 X162.122 Y98.387 E.01367
G1 X168.706 Y91.803 E.31008
G1 X168.706 Y91.225 E.01925
G1 X161.861 Y98.07 E.32238
G1 X161.59 Y97.762 E.01364
G1 X168.706 Y90.647 E.33511
G1 X168.706 Y90.069 E.01925
G1 X161.311 Y97.464 E.34828
G1 X161.031 Y97.166 E.01362
G1 X168.706 Y89.491 E.36145
G1 X168.706 Y89.294 E.00655
G1 X168.325 Y89.294 E.0127
G1 X160.739 Y96.88 E.35724
G1 X160.441 Y96.6 E.01362
G1 X167.747 Y89.294 E.34407
G1 X167.169 Y89.294 E.01925
G1 X160.143 Y96.32 E.3309
G1 X159.829 Y96.056 E.01366
G1 X166.591 Y89.294 E.31845
G1 X166.013 Y89.294 E.01925
G1 X159.512 Y95.795 E.30615
G1 X159.195 Y95.534 E.01367
G1 X165.435 Y89.294 E.29385
G1 X164.857 Y89.294 E.01925
G1 X158.86 Y95.291 E.28241
G1 X158.524 Y95.049 E.01379
G1 X164.279 Y89.294 E.27105
G1 X163.701 Y89.294 E.01925
G1 X158.187 Y94.808 E.25968
G1 X157.833 Y94.584 E.01395
G1 X163.123 Y89.294 E.24912
G1 X162.545 Y89.294 E.01925
G1 X157.476 Y94.363 E.23871
G1 X157.119 Y94.142 E.01398
G1 X161.967 Y89.294 E.22831
G1 X161.389 Y89.294 E.01925
G1 X156.743 Y93.94 E.21881
G1 X156.366 Y93.739 E.01422
G1 X160.811 Y89.294 E.20933
G1 X160.233 Y89.294 E.01925
G1 X155.982 Y93.545 E.20021
G1 X155.584 Y93.365 E.01454
G1 X159.655 Y89.294 E.19173
M73 P25 R32
G1 X159.077 Y89.294 E.01925
G1 X155.186 Y93.185 E.18325
G1 X154.778 Y93.015 E.01472
G1 X158.499 Y89.294 E.17525
G1 X157.921 Y89.294 E.01925
G1 X154.356 Y92.859 E.1679
G1 X153.934 Y92.703 E.01498
G1 X157.343 Y89.294 E.16056
G1 X156.766 Y89.294 E.01925
G1 X153.498 Y92.562 E.15388
G1 X153.055 Y92.426 E.01542
G1 X156.188 Y89.294 E.14752
G1 X155.61 Y89.294 E.01925
G1 X152.603 Y92.3 E.14159
G1 X152.135 Y92.191 E.01603
G1 X155.215 Y89.111 E.14507
G1 E-4.5 F2700
;WIPE_START
G1 F3600
G1 X153.801 Y90.525 E-.475
;WIPE_END
G1 E-.025 F2700
M205 X8 Y8
G1 X157.413 Y97.249 Z.8 F7200
G1 X166.094 Y113.406 Z.8
G1 Z.4
G1 E5 F2400
M205 X10 Y10
;WIDTH:0.449999
G1 F3600
G1 X168.562 Y110.938 E.11578
G1 X168.584 Y110.044 E.02966
G1 X168.584 Y105.159 E.16205
G1 X166.248 Y107.495 E.10957
G1 X166.363 Y108.645 E.03835
G1 X166.416 Y109.992 E.04471
G1 X166.374 Y111.244 E.04155
G1 X166.254 Y112.436 E.03976
G1 X166.1 Y113.366 E.03127
M205 X8 Y8
G1 X167.162 Y107.822 F7200
M205 X10 Y10
;WIDTH:0.559768
G1 F3600
G1 X167.222 Y108.576 E.03188
;WIDTH:0.525817
G1 X167.263 Y109.958 E.0544
G1 X167.231 Y111.065 E.04356
G1 X167.733 Y110.563 E.02791
G1 X167.723 Y108.607 E.07698
;WIDTH:0.565327
G1 X167.706 Y107.277 E.05663
G1 X167.19 Y107.794 E.0311
M205 X8 Y8
G1 X166.671 Y107.647 F7200
M205 X10 Y10
;WIDTH:0.449999
G1 F3600
G1 X166.769 Y108.616 E.03231
G1 X166.823 Y109.976 E.04513
G1 X166.781 Y111.251 E.04232
G1 X166.682 Y112.242 E.03302
G1 X168.177 Y110.747 E.0701
G1 X168.177 Y106.142 E.15278
G1 X166.7 Y107.619 E.0693
M205 X8 Y8
G1 X168.889 Y128.513 F7200
M205 X10 Y10
;WIDTH:0.452625
G1 F3600
G1 X166.696 Y130.706 E.10354
G1 X166.117 Y130.706 E.01934
G1 X168.687 Y128.136 E.12136
G1 X168.687 Y127.556 E.01934
G1 X165.537 Y130.706 E.14871
G1 X164.958 Y130.706 E.01934
G1 X168.687 Y126.977 E.17607
G1 X168.687 Y126.397 E.01934
G1 X164.378 Y130.706 E.20343
G1 X163.799 Y130.706 E.01934
G1 X168.687 Y125.818 E.23078
G1 X168.687 Y125.239 E.01934
G1 X163.22 Y130.706 E.25814
G1 X162.64 Y130.706 E.01934
G1 X168.687 Y124.659 E.2855
G1 X168.687 Y124.08 E.01934
G1 X162.061 Y130.706 E.31285
G1 X161.481 Y130.706 E.01934
G1 X168.687 Y123.5 E.34021
G1 X168.687 Y122.921 E.01934
G1 X160.902 Y130.706 E.36757
G1 X160.323 Y130.706 E.01934
G1 X168.687 Y122.341 E.39492
G1 X168.687 Y121.762 E.01934
G1 X159.743 Y130.706 E.42228
G1 X159.164 Y130.706 E.01934
G1 X168.687 Y121.183 E.44964
G1 X168.687 Y120.603 E.01934
G1 X158.584 Y130.706 E.47699
G1 X158.005 Y130.706 E.01934
G1 X168.687 Y120.024 E.50435
G1 X168.687 Y119.444 E.01934
G1 X157.426 Y130.706 E.53171
G1 X156.846 Y130.706 E.01934
G1 X168.687 Y118.865 E.55906
G1 X168.687 Y118.286 E.01934
G1 X156.267 Y130.706 E.58642
G1 X155.687 Y130.706 E.01934
G1 X168.687 Y117.706 E.61378
G1 X168.687 Y117.127 E.01934
G1 X155.108 Y130.706 E.64113
G1 X154.528 Y130.706 E.01934
G1 X168.687 Y116.547 E.66849
G1 X168.687 Y115.968 E.01934
G1 X153.949 Y130.706 E.69585
G1 X153.37 Y130.706 E.01934
G1 X168.687 Y115.389 E.7232
G1 X168.687 Y114.809 E.01934
G1 X162.896 Y120.6 E.27343
G1 X162.489 Y121.167 E.02329
G1 X161.728 Y122.091 E.03997
G1 X160.936 Y122.936 E.03867
G1 X160.032 Y123.78 E.04127
G1 X159.167 Y124.489 E.03736
G1 X158.594 Y124.902 E.02359
G1 X152.79 Y130.706 E.27401
G1 X152.747 Y130.687 E.00157
G1 X152.23 Y130.687 E.01728
G1 X156.987 Y125.929 E.22464
G1 X156.126 Y126.39 E.03261
G1 X155.798 Y126.539 E.01203
G1 X151.65 Y130.687 E.19584
G1 X151.071 Y130.687 E.01934
G1 X154.772 Y126.986 E.17476
G1 X153.843 Y127.335 E.03314
G1 X150.492 Y130.687 E.15825
G1 X149.912 Y130.687 E.01934
G1 X153.014 Y127.585 E.14647
G1 X152.697 Y127.68 E.01107
G1 X152.232 Y127.788 E.01595
G1 X149.183 Y130.836 E.14392
M205 X8 Y8
G1 X163.392 Y119.525 F7200
M205 X10 Y10
G1 F3600
G1 X168.687 Y114.23 E.25001
G1 X168.687 Y113.65 E.01934
G1 X164.538 Y117.8 E.19592
G1 X164.989 Y116.769 E.03758
G1 X168.687 Y113.071 E.17459
G1 X168.687 Y112.492 E.01934
G1 X165.335 Y115.843 E.15825
G1 X165.588 Y115.012 E.02902
G1 X168.687 Y111.912 E.14634
G1 X168.687 Y111.333 E.01934
G1 X165.541 Y114.479 E.14856
M205 X8 Y8
G1 X163.502 Y119.635 F7200
M205 X10 Y10
;TYPE:Gap infill
;WIDTH:0.131563
G1 F2400
G1 X163.352 Y119.824 E.00174
M205 X8 Y8
G1 X164.473 Y118.004 F7200
M205 X10 Y10
;WIDTH:0.213336
G1 F2400
G1 X164.387 Y118.127 E.00209
;WIDTH:0.183787
G1 X164.307 Y118.235 E.00153
;WIDTH:0.14698
G1 X164.228 Y118.342 E.00113
;WIDTH:0.128577
G1 X164.148 Y118.449 E.00093
M205 X8 Y8
G1 X155.338 Y126.682 F7200
M205 X10 Y10
;WIDTH:0.111229
G1 F2400
G1 X155.241 Y126.748 E.00065
;WIDTH:0.150147
G1 X155.145 Y126.815 E.00103
;WIDTH:0.182502
G1 X155.048 Y126.882 E.00134
G1 X154.925 Y126.844 E.00147
M205 X8 Y8
G1 X157.83 Y125.346 F7200
M205 X10 Y10
;WIDTH:0.111531
G1 F2400
G1 X157.669 Y125.473 E.00115
;WIDTH:0.151052
G1 X157.509 Y125.601 E.00181
;WIDTH:0.190573
G1 X157.348 Y125.728 E.00247
;WIDTH:0.210334
G1 X157.188 Y125.856 E.0028
M205 X8 Y8
G1 X167.338 Y130.584 F7200
M205 X10 Y10
;TYPE:Internal solid infill
;WIDTH:0.449999
G1 F3600
G1 X168.584 Y130.584 E.04132
G1 X168.584 Y129.338 E.04132
G1 X167.367 Y130.555 E.0571
M205 X8 Y8
G1 X168.239 Y130.184 F7200
M205 X10 Y10
;WIDTH:0.36544
G1 F3600
G1 X168.179 Y130.219 E.00184
G1 X168.239 Y130.254 E.00184
M205 X8 Y8
G1 X145.277 Y129.707 F7200
M205 X10 Y10
;WIDTH:0.564458
G1 F3600
G1 X146.764 Y129.727 E.06321
;WIDTH:0.523899
G1 X148.563 Y129.732 E.07052
G1 X149.069 Y129.226 E.02805
G1 X148.074 Y129.266 E.03903
G1 X146.814 Y129.235 E.04942
;WIDTH:0.555368
G1 X145.821 Y129.162 E.04157
G1 X145.305 Y129.678 E.03046
M205 X8 Y8
G1 X144.142 Y130.177 F7200
M205 X10 Y10
;WIDTH:0.449999
G1 F3600
G1 X148.747 Y130.177 E.15278
G1 X150.242 Y128.682 E.0701
G1 X149.402 Y128.767 E.02799
G1 X148.009 Y128.824 E.04624
G1 X146.828 Y128.786 E.0392
G1 X145.645 Y128.673 E.03942
G1 X144.17 Y130.148 E.0692
M205 X8 Y8
G1 X143.159 Y130.584 F7200
M205 X10 Y10
G1 F3600
G1 X148.938 Y130.584 E.19169
G1 X151.406 Y128.094 E.11629
G1 X150.443 Y128.253 E.03238
G1 X149.361 Y128.362 E.03605
G1 X148.003 Y128.416 E.04508
G1 X146.841 Y128.379 E.03856
G1 X145.502 Y128.241 E.04467
G1 X143.187 Y130.555 E.10857
; stop printing object V7_00_pH_fit_gauge_26_30_34.stl id:0 copy 0
;TIME_ELAPSED:673.766357

;LAYER_CHANGE
;:0.6
;HEIGHT:0.2
;BEFORE_LAYER_CHANGE
;0.6
G92 E0
;TIME_ELAPSED:728.504883
G1 E-4.5 F2700
;WIPE_START
G1 F3600
G1 X144.601 Y129.141 E-.475
;WIPE_END
G1 E-.025 F2700
;_SET_FAN_SPEED_CHANGING_LAYER
; OBJECT_ID: 15
; printing object V7_00_pH_fit_gauge_26_30_34.stl id:0 copy 0
M205 X8 Y8
G17
G3 Z.8 I-.092 J1.213 P1  F7200
G1 X168.991 Y130.991 Z.8
G1 Z.6
G1 E5 F2400
M205 X10 Y10
;TYPE:Inner wall
G1 F2700
G1 X51.009 Y130.991 E3.91366
G1 X51.009 Y89.009 E1.39261
G1 X168.991 Y89.009 E3.91366
G1 X168.991 Y130.951 E1.39128
M205 X8 Y8
M73 P26 R32
G1 X169.398 Y131.398 F7200
M205 X10 Y10
G1 F2700
G1 X50.602 Y131.398 E3.94067
G1 X50.602 Y88.602 E1.41961
G1 X169.398 Y88.602 E3.94067
G1 X169.398 Y131.358 E1.41829
M205 X8 Y8
G1 X169.79 Y131.79 F7200
M205 X10 Y10
;TYPE:Outer wall
;WIDTH:0.419999
G1 F2400
G1 X50.21 Y131.79 E3.67435
G1 X50.21 Y88.21 E1.33909
G1 X169.79 Y88.21 E3.67435
G1 X169.79 Y131.75 E1.33786
G1 E-4.5 F2700
;WIPE_START
G1 F2400
G1 X167.79 Y131.751 E-.475
;WIPE_END
G1 E-.025 F2700
M205 X8 Y8
G1 X161.577 Y127.317 Z1 F7200
G1 X130.637 Y105.236 Z1
G1 Z.6
G1 E5 F2400
M205 X10 Y10
;TYPE:Inner wall
;WIDTH:0.449999
G1 F2700
G1 X130.937 Y104.242 E.03444
G1 X131.35 Y103.138 E.03909
G1 X131.834 Y102.064 E.03909
G1 X132.3 Y101.187 E.03294
G1 X133.004 Y100.03 E.04492
G1 X133.711 Y99.037 E.04044
G1 X134.46 Y98.125 E.03913
G1 X135.265 Y97.265 E.03909
G1 X136.125 Y96.46 E.03909
G1 X137.036 Y95.712 E.0391
G1 X137.994 Y95.025 E.03909
G1 X138.995 Y94.403 E.03909
G1 X140.034 Y93.848 E.03909
G1 X141.108 Y93.361 E.03909
G1 X142.211 Y92.946 E.03909
G1 X143.339 Y92.604 E.03909
G1 X144.486 Y92.336 E.03909
G1 X145.649 Y92.144 E.03909
G1 X146.79 Y92.032 E.03802
G1 X147.809 Y91.996 E.03382
G1 X149.173 Y92.028 E.04527
G1 X150.351 Y92.144 E.03925
G1 X151.514 Y92.336 E.03909
G1 X152.661 Y92.604 E.03909
G1 X153.789 Y92.946 E.03909
G1 X154.892 Y93.361 E.03909
G1 X155.965 Y93.848 E.03909
G1 X157.005 Y94.403 E.03909
G1 X158.006 Y95.025 E.03909
G1 X158.964 Y95.712 E.03909
G1 X159.875 Y96.46 E.03909
G1 X160.735 Y97.265 E.03909
G1 X161.54 Y98.125 E.03909
G1 X162.288 Y99.036 E.03909
G1 X162.975 Y99.994 E.03909
G1 X163.597 Y100.995 E.03909
G1 X164.152 Y102.034 E.03909
G1 X164.639 Y103.108 E.03909
G1 X165.054 Y104.211 E.03909
G1 X165.396 Y105.339 E.03909
G1 X165.664 Y106.486 E.03909
G1 X165.85 Y107.617 E.03802
G1 X165.952 Y108.632 E.03382
G1 X166.01 Y109.995 E.04527
G1 X165.971 Y111.178 E.03925
G1 X165.856 Y112.351 E.03909
G1 X165.664 Y113.514 E.03909
G1 X165.396 Y114.661 E.03909
G1 X165.054 Y115.789 E.03909
G1 X164.639 Y116.892 E.03909
G1 X164.166 Y117.936 E.03802
G1 X163.687 Y118.836 E.03382
G1 X162.977 Y120.002 E.04527
G1 X162.288 Y120.964 E.03925
G1 X161.54 Y121.875 E.03909
G1 X160.735 Y122.735 E.03909
G1 X159.875 Y123.54 E.03909
G1 X158.964 Y124.288 E.03909
G1 X158.006 Y124.975 E.03909
G1 X157.005 Y125.597 E.03909
G1 X155.965 Y126.152 E.03909
M73 P26 R31
G1 X154.892 Y126.639 E.03909
G1 X153.789 Y127.054 E.03909
G1 X152.661 Y127.396 E.03909
G1 X151.514 Y127.664 E.03909
G1 X150.383 Y127.85 E.03802
G1 X149.368 Y127.952 E.03382
G1 X148.005 Y128.01 E.04527
G1 X146.822 Y127.971 E.03925
G1 X145.649 Y127.856 E.03909
G1 X144.486 Y127.664 E.03909
G1 X143.37 Y127.403 E.03802
G1 X142.394 Y127.109 E.03382
G1 X141.112 Y126.641 E.04527
G1 X140.034 Y126.152 E.03925
G1 X138.995 Y125.597 E.03909
G1 X137.994 Y124.975 E.03909
G1 X137.063 Y124.307 E.03802
G1 X136.273 Y123.662 E.03382
G1 X135.268 Y122.738 E.04527
G1 X134.46 Y121.875 E.03925
G1 X133.732 Y120.989 E.03802
G1 X133.24 Y120.305 E.02796
G1 X132.539 Y119.224 E.04273
G1 X132.026 Y118.3 E.03504
G1 X131.35 Y116.862 E.05273
G1 X130.957 Y115.819 E.03695
G1 X130.597 Y114.63 E.04123
G1 X130.344 Y113.545 E.03695
G1 X130.15 Y112.383 E.03909
G1 X130.05 Y111.395 E.03294
G1 X129.992 Y110.042 E.04492
G1 X130.024 Y108.985 E.03506
G1 X130.115 Y107.942 E.03472
G1 X130.267 Y106.909 E.03466
G1 X130.476 Y105.888 E.03456
G1 X130.597 Y105.37 E.01763
G1 X130.626 Y105.274 E.00333
M205 X8 Y8
G1 X131.026 Y105.353 F7200
M205 X10 Y10
G1 F2700
G1 X131.206 Y104.756 E.02068
G1 X131.443 Y104.047 E.0248
G1 X131.731 Y103.282 E.02713
G1 X132.205 Y102.232 E.03821
G1 X132.659 Y101.379 E.03205
G1 X133.351 Y100.241 E.04417
G1 X134.035 Y99.285 E.03901
G1 X134.766 Y98.394 E.03822
G1 X135.553 Y97.553 E.03821
G1 X136.394 Y96.766 E.03821
G1 X137.284 Y96.035 E.03821
G1 X138.221 Y95.364 E.03821
G1 X139.199 Y94.756 E.03821
G1 X140.215 Y94.213 E.03821
G1 X141.264 Y93.738 E.03821
G1 X142.342 Y93.332 E.03821
G1 X143.444 Y92.997 E.03821
G1 X144.566 Y92.736 E.03821
G1 X145.702 Y92.548 E.03821
G1 X146.83 Y92.437 E.03758
G1 X147.812 Y92.404 E.03258
G1 X149.148 Y92.435 E.04436
G1 X150.298 Y92.548 E.0383
G1 X151.434 Y92.736 E.03821
G1 X152.556 Y92.997 E.03821
G1 X153.658 Y93.332 E.03821
G1 X154.736 Y93.737 E.03821
G1 X155.785 Y94.213 E.03821
G1 X156.801 Y94.756 E.03821
G1 X157.779 Y95.364 E.03821
G1 X158.716 Y96.035 E.03821
G1 X159.606 Y96.766 E.03821
G1 X160.447 Y97.553 E.03821
G1 X161.234 Y98.394 E.03821
G1 X161.965 Y99.284 E.03821
G1 X162.636 Y100.221 E.03821
G1 X163.244 Y101.199 E.03821
G1 X163.787 Y102.215 E.03821
G1 X164.263 Y103.264 E.03821
G1 X164.668 Y104.342 E.03821
G1 X165.003 Y105.444 E.03821
G1 X165.264 Y106.566 E.03821
G1 X165.449 Y107.684 E.03758
G1 X165.546 Y108.661 E.03258
G1 X165.602 Y109.997 E.04436
G1 X165.565 Y111.151 E.0383
G1 X165.452 Y112.298 E.03821
G1 X165.264 Y113.434 E.03821
G1 X165.003 Y114.556 E.03821
G1 X164.668 Y115.658 E.03821
G1 X164.263 Y116.736 E.03821
G1 X163.795 Y117.768 E.03758
G1 X163.333 Y118.635 E.03258
G1 X162.638 Y119.777 E.04436
G1 X161.965 Y120.716 E.0383
G1 X161.234 Y121.606 E.03821
G1 X160.447 Y122.447 E.03821
G1 X159.606 Y123.234 E.03821
G1 X158.716 Y123.965 E.03821
G1 X157.779 Y124.636 E.03821
G1 X156.801 Y125.244 E.03821
G1 X155.785 Y125.787 E.03821
G1 X154.736 Y126.262 E.03821
G1 X153.658 Y126.668 E.03821
G1 X152.556 Y127.003 E.03821
G1 X151.434 Y127.264 E.03821
G1 X150.316 Y127.449 E.03758
G1 X149.339 Y127.546 E.03258
G1 X148.003 Y127.602 E.04436
G1 X146.849 Y127.565 E.0383
G1 X145.702 Y127.452 E.03821
G1 X144.566 Y127.264 E.03821
G1 X143.463 Y127.007 E.03758
G1 X142.522 Y126.723 E.03258
G1 X141.266 Y126.264 E.04436
G1 X140.215 Y125.787 E.0383
G1 X139.199 Y125.244 E.03821
G1 X138.221 Y124.636 E.03821
G1 X137.3 Y123.976 E.03758
G1 X136.54 Y123.354 E.03258
G1 X135.555 Y122.449 E.04436
G1 X134.766 Y121.606 E.0383
G1 X134.047 Y120.73 E.03758
G1 X133.571 Y120.068 E.02708
G1 X132.885 Y119.009 E.04185
G1 X132.385 Y118.108 E.03415
G1 X131.731 Y116.718 E.05096
G1 X131.338 Y115.676 E.03695
G1 X131.131 Y114.997 E.02354
G1 X130.926 Y114.248 E.02576
G1 X130.74 Y113.453 E.0271
G1 X130.551 Y112.316 E.03821
G1 X130.455 Y111.355 E.03205
G1 X130.398 Y110.019 E.04435
G1 X130.43 Y108.999 E.03387
G1 X130.521 Y107.982 E.03384
G1 X130.668 Y106.975 E.03378
G1 X130.872 Y105.98 E.03368
G1 X130.993 Y105.463 E.01763
G1 X131.015 Y105.391 E.00247
M205 X8 Y8
G1 X131.401 Y105.466 F7200
M205 X10 Y10
;TYPE:Outer wall
;WIDTH:0.419999
G1 F2400
G1 X131.581 Y104.87 E.01914
G1 X131.81 Y104.185 E.02218
G1 X132.098 Y103.42 E.02513
G1 X132.562 Y102.394 E.0346
G1 X133.005 Y101.564 E.0289
G1 X133.686 Y100.445 E.04024
G1 X134.346 Y99.523 E.03485
G1 X135.061 Y98.653 E.03461
G1 X135.831 Y97.831 E.0346
G1 X136.653 Y97.061 E.0346
G1 X137.523 Y96.346 E.03461
G1 X138.439 Y95.69 E.03461
G1 X139.395 Y95.096 E.0346
G1 X140.388 Y94.565 E.0346
G1 X141.414 Y94.1 E.0346
G1 X142.468 Y93.703 E.0346
G1 X143.546 Y93.376 E.03461
G1 X144.642 Y93.121 E.0346
G1 X145.754 Y92.937 E.03461
G1 X146.868 Y92.827 E.03442
G1 X147.814 Y92.796 E.02907
G1 X149.125 Y92.827 E.04029
G1 X150.246 Y92.937 E.03463
G1 X151.358 Y93.121 E.03461
G1 X152.454 Y93.376 E.0346
G1 X153.532 Y93.703 E.0346
G1 X154.586 Y94.1 E.0346
G1 X155.612 Y94.565 E.03461
G1 X156.605 Y95.096 E.0346
G1 X157.561 Y95.69 E.03461
G1 X158.477 Y96.346 E.0346
G1 X159.347 Y97.061 E.03461
G1 X160.169 Y97.831 E.0346
G1 X160.939 Y98.653 E.0346
G1 X161.654 Y99.523 E.0346
G1 X162.31 Y100.439 E.03461
G1 X162.904 Y101.395 E.0346
G1 X163.435 Y102.388 E.0346
G1 X163.9 Y103.414 E.03461
G1 X164.297 Y104.468 E.0346
G1 X164.624 Y105.546 E.0346
G1 X164.879 Y106.642 E.03461
G1 X165.062 Y107.748 E.03442
G1 X165.155 Y108.689 E.02907
G1 X165.21 Y109.999 E.04029
G1 X165.173 Y111.126 E.03464
G1 X165.063 Y112.246 E.0346
G1 X164.879 Y113.358 E.03461
G1 X164.624 Y114.454 E.0346
G1 X164.297 Y115.532 E.0346
G1 X163.9 Y116.586 E.03461
G1 X163.438 Y117.606 E.03442
G1 X162.992 Y118.441 E.02906
G1 X162.31 Y119.561 E.04029
G1 X161.654 Y120.477 E.03464
G1 X160.939 Y121.347 E.0346
G1 X160.169 Y122.169 E.0346
G1 X159.347 Y122.939 E.0346
G1 X158.477 Y123.654 E.03461
G1 X157.561 Y124.31 E.0346
G1 X156.605 Y124.904 E.03461
G1 X155.612 Y125.435 E.0346
G1 X154.586 Y125.9 E.0346
G1 X153.532 Y126.297 E.03461
G1 X152.454 Y126.624 E.0346
G1 X151.358 Y126.879 E.0346
G1 X150.252 Y127.062 E.03442
G1 X149.311 Y127.155 E.02907
G1 X148.001 Y127.21 E.04029
G1 X146.874 Y127.173 E.03464
G1 X145.754 Y127.063 E.0346
G1 X144.642 Y126.879 E.03461
G1 X143.552 Y126.625 E.03441
G1 X142.646 Y126.351 E.02907
G1 X141.415 Y125.9 E.04029
G1 X140.388 Y125.435 E.03464
G1 X139.395 Y124.904 E.0346
G1 X138.439 Y124.31 E.0346
G1 X137.528 Y123.657 E.03442
G1 X136.797 Y123.058 E.02907
G1 X135.831 Y122.17 E.04029
G1 X135.061 Y121.347 E.03464
G1 X134.35 Y120.482 E.03441
G1 X133.889 Y119.839 E.0243
G1 X133.218 Y118.801 E.03798
G1 X132.731 Y117.923 E.03085
G1 X132.295 Y117.016 E.03093
G1 X131.911 Y116.084 E.03099
G1 X131.705 Y115.538 E.01792
G1 X131.506 Y114.883 E.02102
G1 X131.308 Y114.159 E.02307
G1 X131.122 Y113.364 E.0251
G1 X130.938 Y112.252 E.0346
G1 X130.846 Y111.316 E.0289
G1 X130.79 Y110.006 E.04029
G1 X130.822 Y109.011 E.03059
G1 X130.911 Y108.021 E.03056
G1 X131.055 Y107.039 E.0305
G1 X131.254 Y106.069 E.03041
G1 X131.375 Y105.552 E.01633
G1 X131.389 Y105.504 E.00152
G1 E-4.5 F2700
;WIPE_START
G1 F2400
M73 P27 R31
G1 X131.581 Y104.87 E-.15743
G1 X131.81 Y104.185 E-.17147
G1 X132.026 Y103.609 E-.1461
;WIPE_END
G1 E-.025 F2700
M205 X8 Y8
G1 X127.992 Y110.088 Z1 F7200
G1 X125.458 Y114.158 Z1
G1 Z.6
G1 E5 F2400
M205 X10 Y10
;TYPE:Inner wall
;WIDTH:0.449999
G1 F2700
G1 X125.298 Y114.692 E.01849
G1 X125.149 Y115.176 E.01681
G1 X124.802 Y116.096 E.03261
G1 X124.343 Y117.109 E.03689
G1 X123.878 Y117.979 E.03273
G1 X123.443 Y118.684 E.02746
G1 X122.775 Y119.643 E.03878
G1 X122.146 Y120.423 E.03324
G1 X121.349 Y121.29 E.03906
G1 X120.58 Y122.015 E.03506
G1 X119.877 Y122.594 E.0302
G1 X118.928 Y123.287 E.03898
G1 X118.032 Y123.848 E.03506
G1 X117.109 Y124.343 E.03475
G1 X116.156 Y124.778 E.03475
G1 X115.176 Y125.149 E.03475
G1 X114.175 Y125.455 E.03475
G1 X113.155 Y125.695 E.03475
G1 X112.122 Y125.867 E.03475
G1 X111.079 Y125.972 E.03475
G1 X110.032 Y126.009 E.03475
G1 X108.985 Y125.976 E.03475
G1 X107.942 Y125.876 E.03475
G1 X106.909 Y125.707 E.03475
G1 X105.888 Y125.472 E.03475
G1 X104.885 Y125.169 E.03475
G1 X103.904 Y124.802 E.03475
G1 X102.949 Y124.372 E.03475
G1 X102.024 Y123.88 E.03475
G1 X101.133 Y123.329 E.03475
G1 X100.28 Y122.72 E.03475
G1 X99.575 Y122.144 E.0302
G1 X98.71 Y121.349 E.03898
G1 X97.985 Y120.58 E.03506
G1 X97.406 Y119.877 E.0302
G1 X96.713 Y118.928 E.03898
G1 X96.271 Y118.223 E.02759
G1 X95.82 Y117.415 E.0307
G1 X95.198 Y116.096 E.04839
G1 X94.851 Y115.176 E.03261
G1 X94.636 Y114.472 E.02443
G1 X94.491 Y113.951 E.01796
G1 X94.305 Y113.155 E.0271
G1 X94.133 Y112.122 E.03475
G1 X94.028 Y111.079 E.03475
G1 X93.991 Y110.032 E.03475
G1 X94.024 Y108.985 E.03475
G1 X94.098 Y108.204 E.02605
G1 X94.228 Y107.299 E.03032
G1 X94.528 Y105.888 E.04785
G1 X94.91 Y104.669 E.04236
G1 X95.198 Y103.904 E.02713
G1 X95.628 Y102.949 E.03475
G1 X96.12 Y102.024 E.03475
G1 X96.594 Y101.257 E.02992
G1 X97.28 Y100.28 E.03957
G1 X97.856 Y99.575 E.0302
G1 X98.651 Y98.71 E.03898
G1 X99.42 Y97.985 E.03506
G1 X100.123 Y97.406 E.0302
G1 X101.072 Y96.713 E.03898
G1 X101.968 Y96.152 E.03506
G1 X102.77 Y95.721 E.0302
G1 X103.835 Y95.226 E.03898
G1 X104.824 Y94.851 E.03506
G1 X105.825 Y94.545 E.03475
G1 X106.845 Y94.305 E.03475
G1 X107.878 Y94.133 E.03475
G1 X108.921 Y94.028 E.03475
G1 X109.831 Y93.996 E.0302
G1 X111.005 Y94.023 E.03898
G1 X112.058 Y94.124 E.03506
G1 X113.091 Y94.293 E.03475
G1 X114.112 Y94.528 E.03475
G1 X115.115 Y94.831 E.03475
G1 X116.096 Y95.198 E.03475
G1 X117.051 Y95.628 E.03475
G1 X117.976 Y96.12 E.03475
G1 X118.867 Y96.671 E.03475
G1 X119.72 Y97.28 E.03475
G1 X120.425 Y97.856 E.0302
G1 X121.29 Y98.651 E.03898
G1 X122.015 Y99.42 E.03506
G1 X122.531 Y100.046 E.0269
G1 X123.287 Y101.072 E.04228
G1 X123.848 Y101.968 E.03506
G1 X124.343 Y102.891 E.03475
G1 X124.778 Y103.844 E.03475
G1 X125.003 Y104.436 E.02102
G1 X125.298 Y105.308 E.03052
G1 X125.455 Y105.825 E.01794
G1 X125.604 Y106.455 E.02146
G1 X125.824 Y107.617 E.03925
G1 X125.959 Y108.79 E.03915
G1 X126.009 Y109.968 E.0391
G1 X125.976 Y111.015 E.03475
G1 X125.876 Y112.058 E.03475
G1 X125.707 Y113.091 E.03475
G1 X125.472 Y114.112 E.03475
G1 X125.469 Y114.12 E.00027
M205 X8 Y8
G1 X125.068 Y114.042 F7200
M205 X10 Y10
G1 F2700
G1 X124.908 Y114.574 E.01842
G1 X124.421 Y115.953 E.04851
G1 X124.188 Y116.471 E.01886
G1 X123.679 Y117.489 E.03774
G1 X123.097 Y118.469 E.0378
G1 X122.444 Y119.406 E.0379
G1 X121.837 Y120.157 E.03203
G1 X121.049 Y121.015 E.03863
G1 X120.301 Y121.717 E.03405
G1 X119.627 Y122.272 E.02896
G1 X118.688 Y122.959 E.03858
G1 X117.817 Y123.502 E.03405
G1 X116.918 Y123.984 E.03387
G1 X115.988 Y124.407 E.03387
G1 X115.033 Y124.768 E.03387
G1 X114.056 Y125.065 E.03387
G1 X113.062 Y125.298 E.03387
G1 X112.055 Y125.466 E.03387
G1 X111.039 Y125.567 E.03387
G1 X110.019 Y125.602 E.03387
G1 X108.999 Y125.57 E.03387
G1 X107.982 Y125.471 E.03387
G1 X106.975 Y125.306 E.03387
G1 X105.98 Y125.075 E.03387
G1 X105.003 Y124.78 E.03387
G1 X104.047 Y124.421 E.03387
G1 X103.117 Y124.001 E.03387
G1 X102.216 Y123.521 E.03387
G1 X101.348 Y122.983 E.03387
G1 X100.517 Y122.389 E.03387
G1 X99.842 Y121.836 E.02896
G1 X98.985 Y121.049 E.03858
G1 X98.283 Y120.301 E.03405
G1 X97.728 Y119.627 E.02896
G1 X97.041 Y118.688 E.03858
G1 X96.617 Y118.009 E.02658
G1 X96.179 Y117.224 E.02981
G1 X95.579 Y115.953 E.04662
G1 X95.232 Y115.033 E.03261
G1 X95.025 Y114.354 E.02354
G1 X94.887 Y113.858 E.01708
G1 X94.702 Y113.062 E.0271
G1 X94.534 Y112.055 E.03387
G1 X94.433 Y111.039 E.03387
G1 X94.398 Y110.019 E.03387
G1 X94.43 Y108.999 E.03387
G1 X94.504 Y108.243 E.02517
G1 X94.63 Y107.365 E.02944
G1 X94.925 Y105.98 E.04696
G1 X95.138 Y105.274 E.02448
G1 X95.438 Y104.421 E.02998
G1 X95.999 Y103.117 E.04711
G1 X96.479 Y102.216 E.03387
G1 X96.94 Y101.472 E.02904
G1 X97.611 Y100.517 E.03869
G1 X98.164 Y99.842 E.02896
G1 X98.951 Y98.985 E.03858
G1 X99.699 Y98.283 E.03405
G1 X100.373 Y97.728 E.02896
G1 X101.312 Y97.041 E.03858
G1 X102.183 Y96.498 E.03405
G1 X102.952 Y96.085 E.02896
G1 X104.007 Y95.595 E.03858
G1 X104.967 Y95.232 E.03405
G1 X105.944 Y94.935 E.03387
G1 X106.938 Y94.702 E.03387
G1 X107.945 Y94.534 E.03387
G1 X108.961 Y94.433 E.03387
G1 X109.833 Y94.403 E.02896
G1 X110.996 Y94.43 E.03858
G1 X112.018 Y94.529 E.03405
G1 X113.025 Y94.694 E.03387
G1 X114.02 Y94.925 E.03387
G1 X114.997 Y95.22 E.03387
G1 X115.953 Y95.579 E.03387
G1 X116.883 Y95.999 E.03387
G1 X117.784 Y96.479 E.03387
G1 X118.652 Y97.017 E.03387
G1 X119.483 Y97.611 E.03387
G1 X120.158 Y98.164 E.02896
G1 X121.015 Y98.951 E.03858
G1 X121.717 Y99.699 E.03405
G1 X122.216 Y100.304 E.02602
G1 X122.959 Y101.312 E.04152
G1 X123.502 Y102.183 E.03405
G1 X123.984 Y103.082 E.03387
G1 X124.407 Y104.012 E.03387
G1 X124.622 Y104.58 E.02013
G1 X124.908 Y105.426 E.02964
G1 X125.065 Y105.944 E.01794
G1 X125.207 Y106.547 E.02058
G1 X125.423 Y107.684 E.03836
G1 X125.554 Y108.83 E.03827
G1 X125.602 Y109.981 E.03822
G1 X125.57 Y111.001 E.03387
G1 X125.471 Y112.018 E.03387
G1 X125.306 Y113.025 E.03387
G1 X125.079 Y114.004 E.03332
M205 X8 Y8
G1 X124.693 Y113.931 F7200
M205 X10 Y10
;TYPE:Outer wall
;WIDTH:0.419999
G1 F2400
G1 X124.533 Y114.46 E.017
G1 X124.054 Y115.815 E.04415
G1 X123.831 Y116.31 E.01668
G1 X123.333 Y117.304 E.03417
G1 X122.764 Y118.261 E.03422
G1 X122.126 Y119.178 E.03432
G1 X121.54 Y119.901 E.02859
G1 X120.761 Y120.749 E.0354
G1 X120.033 Y121.431 E.03064
G1 X119.387 Y121.963 E.02572
G1 X118.457 Y122.642 E.03539
G1 X117.61 Y123.169 E.03064
G1 X116.733 Y123.639 E.03058
G1 X115.826 Y124.05 E.03058
G1 X114.895 Y124.401 E.03058
G1 X113.943 Y124.69 E.03058
G1 X112.973 Y124.916 E.03058
G1 X111.991 Y125.079 E.03058
G1 X111.001 Y125.177 E.03058
G1 X110.006 Y125.21 E.03058
G1 X109.011 Y125.178 E.03058
G1 X108.021 Y125.081 E.03058
G1 X107.039 Y124.919 E.03058
G1 X106.069 Y124.693 E.03058
G1 X105.117 Y124.405 E.03058
G1 X104.185 Y124.054 E.03058
G1 X103.278 Y123.644 E.03058
G1 X102.4 Y123.175 E.03058
G1 X101.555 Y122.65 E.03058
G1 X100.746 Y122.071 E.03058
G1 X100.099 Y121.54 E.02571
G1 X99.251 Y120.761 E.03539
G1 X98.569 Y120.033 E.03064
G1 X98.037 Y119.387 E.02572
G1 X97.358 Y118.457 E.03539
G1 X96.95 Y117.801 E.02372
G1 X96.525 Y117.039 E.02683
G1 X96.143 Y116.251 E.02691
G1 X95.805 Y115.441 E.02697
G1 X95.599 Y114.895 E.01792
G1 X95.4 Y114.24 E.02102
G1 X95.073 Y112.914 E.04196
G1 X94.921 Y111.991 E.02874
G1 X94.823 Y111.001 E.03058
G1 X94.79 Y110.006 E.03058
G1 X94.822 Y109.011 E.03058
G1 X94.894 Y108.282 E.02252
G1 X95.017 Y107.429 E.02648
G1 X95.307 Y106.069 E.04272
G1 X95.513 Y105.388 E.02188
G1 X95.805 Y104.559 E.02699
G1 X96.356 Y103.278 E.04285
G1 X96.825 Y102.4 E.03058
G1 X97.273 Y101.679 E.02611
G1 X97.929 Y100.746 E.03505
G1 X98.46 Y100.099 E.02571
G1 X99.239 Y99.251 E.03539
G1 X99.967 Y98.569 E.03064
G1 X100.613 Y98.037 E.02572
G1 X101.543 Y97.358 E.03539
G1 X102.39 Y96.831 E.03064
G1 X103.128 Y96.436 E.02571
G1 X104.172 Y95.951 E.03539
G1 X105.105 Y95.599 E.03064
G1 X106.057 Y95.31 E.03058
G1 X107.027 Y95.084 E.03058
G1 X108.009 Y94.921 E.03058
G1 X108.999 Y94.823 E.03058
G1 X109.835 Y94.795 E.02571
G1 X110.987 Y94.822 E.03539
G1 X111.979 Y94.919 E.03064
G1 X112.961 Y95.081 E.03058
G1 X113.931 Y95.307 E.03058
G1 X114.883 Y95.595 E.03058
G1 X115.815 Y95.946 E.03058
G1 X116.722 Y96.356 E.03058
G1 X117.6 Y96.825 E.03058
G1 X118.445 Y97.35 E.03058
G1 X119.254 Y97.929 E.03058
G1 X119.901 Y98.46 E.02571
G1 X120.749 Y99.239 E.03539
G1 X121.431 Y99.967 E.03064
G1 X121.913 Y100.553 E.02331
G1 X122.642 Y101.543 E.03779
G1 X123.169 Y102.39 E.03064
G1 X123.639 Y103.267 E.03058
G1 X124.05 Y104.174 E.03058
G1 X124.255 Y104.718 E.01786
G1 X124.533 Y105.54 E.02667
G1 X124.69 Y106.057 E.01662
G1 X124.825 Y106.636 E.01827
G1 X125.036 Y107.748 E.03475
G1 X125.164 Y108.868 E.03466
G1 X125.21 Y109.994 E.03461
G1 X125.178 Y110.989 E.03058
G1 X125.081 Y111.979 E.03058
G1 X124.919 Y112.961 E.03058
G1 X124.702 Y113.892 E.02935
G1 E-4.5 F2700
;WIPE_START
G1 F2400
G1 X124.533 Y114.46 E-.14088
G1 X124.064 Y115.787 E-.33412
;WIPE_END
G1 E-.025 F2700
M205 X8 Y8
G1 X116.471 Y115.014 Z1 F7200
G1 X58.024 Y109.067 Z1
G1 Z.6
G1 E5 F2400
M205 X10 Y10
;TYPE:Inner wall
;WIDTH:0.449999
G1 F2700
G1 X58.107 Y108.204 E.02878
G1 X58.254 Y107.299 E.03041
G1 X58.46 Y106.406 E.03041
G1 X58.724 Y105.528 E.03041
G1 X59.045 Y104.669 E.03041
G1 X59.422 Y103.833 E.03041
G1 X59.852 Y103.024 E.03041
G1 X60.334 Y102.244 E.03041
G1 X60.867 Y101.498 E.03041
G1 X61.356 Y100.897 E.0257
G1 X62.065 Y100.124 E.0348
G1 X62.739 Y99.489 E.03072
G1 X63.446 Y98.906 E.03041
G1 X64.19 Y98.37 E.03041
G1 X64.968 Y97.884 E.03041
G1 X65.775 Y97.45 E.03041
G1 X66.609 Y97.07 E.03041
G1 X67.466 Y96.745 E.03041
G1 X68.343 Y96.477 E.03041
G1 X69.235 Y96.267 E.03041
G1 X70.139 Y96.115 E.03041
G1 X71.052 Y96.023 E.03041
G1 X71.826 Y95.996 E.0257
G1 X72.875 Y96.019 E.0348
G1 X73.796 Y96.107 E.03072
G1 X74.701 Y96.254 E.03041
G1 X75.594 Y96.46 E.03041
G1 X76.472 Y96.724 E.03041
G1 X77.331 Y97.045 E.03041
G1 X78.167 Y97.422 E.03041
G1 X78.976 Y97.852 E.03041
G1 X79.756 Y98.334 E.03041
G1 X80.502 Y98.867 E.03041
G1 X81.212 Y99.446 E.03041
G1 X81.883 Y100.072 E.03041
G1 X82.511 Y100.739 E.03041
G1 X83.094 Y101.446 E.03041
G1 X83.63 Y102.19 E.03041
G1 X84.116 Y102.968 E.03041
G1 X84.55 Y103.775 E.03041
G1 X85.013 Y104.824 E.03802
G1 X85.255 Y105.466 E.02279
G1 X85.475 Y106.184 E.0249
G1 X85.642 Y106.845 E.02261
G1 X85.841 Y107.878 E.03491
G1 X85.963 Y108.91 E.03447
G1 X86.008 Y109.958 E.0348
G1 X85.981 Y110.884 E.03072
G1 X85.893 Y111.796 E.03041
G1 X85.746 Y112.701 E.03041
G1 X85.54 Y113.594 E.03041
G1 X85.366 Y114.175 E.02009
G1 X84.955 Y115.331 E.04072
G1 X84.583 Y116.156 E.03002
G1 X84.306 Y116.681 E.01969
G1 X83.78 Y117.572 E.03434
G1 X83.273 Y118.307 E.02961
G1 X82.644 Y119.103 E.03365
G1 X81.935 Y119.876 E.0348
G1 X81.261 Y120.511 E.03072
G1 X80.554 Y121.094 E.03041
G1 X79.81 Y121.63 E.03041
G1 X79.032 Y122.116 E.03041
G1 X78.225 Y122.55 E.03041
G1 X77.391 Y122.93 E.03041
G1 X76.534 Y123.255 E.03041
G1 X75.657 Y123.523 E.03041
G1 X74.765 Y123.733 E.03041
G1 X73.861 Y123.885 E.03041
G1 X72.948 Y123.977 E.03041
G1 X72.032 Y124.009 E.03041
G1 X71.116 Y123.981 E.03041
G1 X70.204 Y123.893 E.03041
G1 X69.299 Y123.746 E.03041
G1 X68.406 Y123.54 E.03041
G1 X67.528 Y123.276 E.03041
G1 X66.669 Y122.955 E.03041
G1 X65.833 Y122.578 E.03041
G1 X65.024 Y122.148 E.03041
G1 X64.244 Y121.666 E.03041
G1 X63.498 Y121.133 E.03041
G1 X62.788 Y120.554 E.03041
G1 X62.117 Y119.928 E.03041
G1 X61.489 Y119.261 E.03041
G1 X60.996 Y118.663 E.0257
G1 X60.376 Y117.817 E.0348
G1 X59.884 Y117.032 E.03072
G1 X59.45 Y116.225 E.03041
G1 X59.07 Y115.391 E.03041
G1 X58.745 Y114.534 E.03041
G1 X58.477 Y113.657 E.03041
G1 X58.267 Y112.765 E.03041
G1 X58.115 Y111.861 E.03041
G1 X58.023 Y110.948 E.03041
G1 X57.991 Y110.032 E.03041
G1 X58.019 Y109.116 E.03041
G1 X58.02 Y109.107 E.0003
M205 X8 Y8
G1 X58.428 Y109.106 F7200
M205 X10 Y10
G1 F2700
G1 X58.512 Y108.243 E.02874
G1 X58.656 Y107.365 E.02953
G1 X58.857 Y106.498 E.02952
G1 X59.114 Y105.646 E.02953
G1 X59.426 Y104.812 E.02953
G1 X59.793 Y104.001 E.02953
G1 X60.211 Y103.216 E.02953
G1 X60.68 Y102.459 E.02953
G1 X61.197 Y101.735 E.02953
G1 X61.671 Y101.156 E.02482
G1 X62.365 Y100.4 E.03404
G1 X63.017 Y99.786 E.02971
G1 X63.705 Y99.221 E.02953
G1 X64.427 Y98.701 E.02953
G1 X65.183 Y98.23 E.02953
G1 X65.967 Y97.809 E.02952
G1 X66.777 Y97.441 E.02953
G1 X67.61 Y97.126 E.02952
G1 X68.461 Y96.867 E.02953
G1 X69.328 Y96.663 E.02952
G1 X70.206 Y96.517 E.02953
G1 X71.091 Y96.429 E.02953
G1 X71.839 Y96.403 E.02482
G1 X72.865 Y96.426 E.03404
G1 X73.757 Y96.512 E.02971
G1 X74.635 Y96.656 E.02953
G1 X75.502 Y96.857 E.02952
G1 X76.354 Y97.114 E.02953
G1 X77.188 Y97.426 E.02952
G1 X77.999 Y97.793 E.02953
G1 X78.784 Y98.211 E.02952
G1 X79.541 Y98.68 E.02953
G1 X80.265 Y99.197 E.02953
G1 X80.954 Y99.761 E.02953
G1 X81.604 Y100.369 E.02952
G1 X82.214 Y101.017 E.02952
G1 X82.779 Y101.705 E.02953
G1 X83.299 Y102.427 E.02952
G1 X83.77 Y103.183 E.02953
G1 X84.191 Y103.967 E.02952
G1 X84.559 Y104.777 E.02953
G1 X84.976 Y105.944 E.04109
G1 X85.133 Y106.461 E.01794
G1 X85.326 Y107.282 E.02795
G1 X85.44 Y107.945 E.02232
G1 X85.558 Y108.95 E.03358
G1 X85.602 Y109.975 E.03404
G1 X85.574 Y110.871 E.02971
G1 X85.488 Y111.757 E.02953
G1 X85.344 Y112.635 E.02953
G1 X85.143 Y113.502 E.02952
G1 X84.976 Y114.056 E.0192
G1 X84.574 Y115.188 E.03983
G1 X84.212 Y115.988 E.02913
G1 X83.947 Y116.489 E.0188
G1 X83.434 Y117.357 E.03346
G1 X82.942 Y118.07 E.02873
G1 X82.329 Y118.844 E.03276
G1 X81.635 Y119.6 E.03404
G1 X80.983 Y120.214 E.02971
G1 X80.295 Y120.779 E.02953
G1 X79.573 Y121.299 E.02953
G1 X78.817 Y121.77 E.02953
G1 X78.033 Y122.191 E.02952
G1 X77.223 Y122.559 E.02953
G1 X76.39 Y122.874 E.02952
G1 X75.539 Y123.133 E.02953
G1 X74.672 Y123.337 E.02952
G1 X73.794 Y123.483 E.02953
G1 X72.909 Y123.571 E.02953
G1 X72.019 Y123.602 E.02953
G1 X71.129 Y123.574 E.02953
G1 X70.243 Y123.488 E.02953
G1 X69.365 Y123.344 E.02953
G1 X68.498 Y123.143 E.02952
G1 X67.646 Y122.886 E.02953
G1 X66.812 Y122.574 E.02952
G1 X66.001 Y122.207 E.02953
G1 X65.216 Y121.789 E.02952
G1 X64.459 Y121.32 E.02953
G1 X63.735 Y120.803 E.02953
G1 X63.046 Y120.239 E.02953
G1 X62.396 Y119.631 E.02952
G1 X61.786 Y118.983 E.02952
G1 X61.311 Y118.405 E.02482
G1 X60.704 Y117.577 E.03404
G1 X60.23 Y116.817 E.02971
G1 X59.809 Y116.033 E.02953
G1 X59.441 Y115.223 E.02953
G1 X59.126 Y114.39 E.02953
G1 X58.867 Y113.539 E.02953
G1 X58.663 Y112.672 E.02953
G1 X58.517 Y111.794 E.02953
G1 X58.429 Y110.909 E.02953
G1 X58.398 Y110.019 E.02953
G1 X58.426 Y109.146 E.02899
M205 X8 Y8
G1 X58.818 Y109.142 F7200
M205 X10 Y10
;TYPE:Outer wall
;WIDTH:0.419999
G1 F2400
G1 X58.902 Y108.282 E.02656
G1 X59.043 Y107.429 E.02656
G1 X59.239 Y106.587 E.02656
G1 X59.489 Y105.76 E.02656
G1 X59.793 Y104.95 E.02656
G1 X60.15 Y104.163 E.02656
G1 X60.557 Y103.4 E.02656
G1 X61.013 Y102.666 E.02656
G1 X61.516 Y101.963 E.02656
G1 X61.974 Y101.404 E.0222
G1 X62.654 Y100.665 E.03086
G1 X63.285 Y100.072 E.02662
G1 X63.953 Y99.524 E.02656
G1 X64.656 Y99.02 E.02656
G1 X65.39 Y98.563 E.02656
G1 X66.152 Y98.155 E.02656
G1 X66.939 Y97.798 E.02656
G1 X67.748 Y97.493 E.02656
G1 X68.575 Y97.242 E.02656
G1 X69.417 Y97.045 E.02656
G1 X70.27 Y96.904 E.02656
G1 X71.13 Y96.819 E.02656
G1 X71.852 Y96.795 E.0222
G1 X72.856 Y96.818 E.03086
G1 X73.718 Y96.902 E.02662
G1 X74.571 Y97.043 E.02656
G1 X75.413 Y97.239 E.02656
G1 X76.24 Y97.489 E.02656
G1 X77.05 Y97.793 E.02656
G1 X77.837 Y98.15 E.02656
G1 X78.6 Y98.557 E.02656
G1 X79.334 Y99.013 E.02656
G1 X80.037 Y99.516 E.02656
G1 X80.705 Y100.064 E.02656
G1 X81.336 Y100.655 E.02656
G1 X81.928 Y101.285 E.02656
G1 X82.476 Y101.953 E.02656
G1 X82.98 Y102.656 E.02656
G1 X83.437 Y103.39 E.02656
G1 X83.845 Y104.152 E.02656
G1 X84.202 Y104.939 E.02656
G1 X84.601 Y106.057 E.03649
G1 X84.758 Y106.575 E.01662
G1 X84.944 Y107.371 E.0251
G1 X85.053 Y108.009 E.01989
G1 X85.167 Y108.989 E.03032
G1 X85.21 Y109.992 E.03086
G1 X85.182 Y110.858 E.02662
G1 X85.098 Y111.718 E.02656
G1 X84.957 Y112.571 E.02656
G1 X84.761 Y113.413 E.02656
G1 X84.601 Y113.943 E.017
G1 X84.207 Y115.05 E.03611
G1 X83.855 Y115.826 E.0262
G1 X83.601 Y116.304 E.01663
G1 X83.101 Y117.15 E.0302
G1 X82.624 Y117.842 E.02582
G1 X82.026 Y118.596 E.02956
G1 X81.346 Y119.335 E.03086
G1 X80.715 Y119.928 E.02662
G1 X80.047 Y120.476 E.02656
G1 X79.344 Y120.98 E.02656
G1 X78.61 Y121.437 E.02656
G1 X77.848 Y121.845 E.02656
G1 X77.061 Y122.202 E.02656
G1 X76.252 Y122.507 E.02656
G1 X75.425 Y122.758 E.02656
G1 X74.583 Y122.955 E.02656
G1 X73.73 Y123.096 E.02656
G1 X72.87 Y123.181 E.02656
G1 X72.006 Y123.21 E.02656
G1 X71.142 Y123.182 E.02656
G1 X70.282 Y123.098 E.02656
G1 X69.429 Y122.957 E.02656
G1 X68.587 Y122.761 E.02656
G1 X67.76 Y122.511 E.02656
G1 X66.95 Y122.207 E.02656
G1 X66.163 Y121.85 E.02656
G1 X65.4 Y121.443 E.02656
G1 X64.666 Y120.987 E.02656
G1 X63.963 Y120.484 E.02656
G1 X63.295 Y119.936 E.02656
G1 X62.664 Y119.345 E.02656
G1 X62.072 Y118.715 E.02656
G1 X61.614 Y118.156 E.0222
G1 X61.021 Y117.346 E.03086
G1 X60.563 Y116.61 E.02662
G1 X60.155 Y115.848 E.02656
G1 X59.798 Y115.061 E.02656
G1 X59.493 Y114.252 E.02656
G1 X59.242 Y113.425 E.02656
G1 X59.045 Y112.583 E.02656
G1 X58.904 Y111.73 E.02656
G1 X58.819 Y110.87 E.02656
G1 X58.79 Y110.006 E.02656
G1 X58.817 Y109.182 E.02533
G1 E-4.5 F2700
;WIPE_START
G1 F2400
G1 X58.902 Y108.282 E-.21478
G1 X59.043 Y107.429 E-.20531
G1 X59.095 Y107.204 E-.05491
;WIPE_END
G1 E-.025 F2700
M205 X8 Y8
G1 X51.417 Y130.567 Z1 F7200
G1 Z.6
G1 E5 F2400
M205 X10 Y10
;TYPE:Internal solid infill
;WIDTH:0.405698
G1 F3600
G1 X51.349 Y130.606 E.00232
G1 X51.419 Y130.641 E.00233
M205 X8 Y8
G1 X150.908 Y129.388 F7200
M205 X10 Y10
;WIDTH:0.419247
G1 F3600
G1 X151.136 Y129.369 E.00704
;WIDTH:0.439655
G1 X151.365 Y129.351 E.00742
M205 X8 Y8
G1 X147.966 Y129.268 F7200
M205 X10 Y10
;WIDTH:0.532742
G1 F3600
G1 X148.411 Y129.731 E.02563
G1 X149.471 Y129.721 E.04232
;WIDTH:0.559639
G1 X149.99 Y129.708 E.02186
;WIDTH:0.585236
G1 X150.509 Y129.696 E.02294
;WIDTH:0.573362
G1 X150.642 Y129.72 E.00584
;WIDTH:0.524017
G1 X150.775 Y129.745 E.0053
;WIDTH:0.450925
G1 X150.908 Y129.77 E.0045
G1 X152.425 Y129.77 E.05044
G1 X151.55 Y128.895 E.04111
G1 X150.845 Y129.012 E.02376
;WIDTH:0.474672
G1 X150.724 Y129.055 E.00454
;WIDTH:0.524017
G1 X150.602 Y129.098 E.00506
;WIDTH:0.573758
G1 X150.481 Y129.142 E.00558
G1 X149.522 Y129.214 E.04159
;WIDTH:0.542013
G1 X148.006 Y129.267 E.06168
M205 X8 Y8
G1 X146.836 Y128.786 F7200
M205 X10 Y10
;WIDTH:0.449999
G1 F3600
G1 X148.226 Y130.177 E.06523
G1 X153.408 Y130.177 E.17187
G1 X151.705 Y128.474 E.07986
G1 X150.779 Y128.61 E.03105
G1 X149.476 Y128.76 E.04351
G1 X147.98 Y128.823 E.04965
G1 X146.876 Y128.787 E.03667
M205 X8 Y8
G1 X145.748 Y128.274 F7200
M205 X10 Y10
G1 F3600
G1 X148.036 Y130.562 E.10732
G1 X149.471 Y130.584 E.04761
G1 X154.39 Y130.584 E.16319
G1 X151.816 Y128.01 E.12076
G1 X150.449 Y128.252 E.04606
G1 X149.435 Y128.355 E.0338
G1 X148.003 Y128.416 E.04754
G1 X146.835 Y128.379 E.03879
G1 X145.788 Y128.278 E.03489
G1 E-4.5 F2700
;WIPE_START
G1 F3600
G1 X146.835 Y128.379 E-.24978
G1 X147.783 Y128.409 E-.22522
;WIPE_END
G1 E-.025 F2700
M205 X8 Y8
G1 X154.316 Y124.464 Z1 F7200
G1 X168.889 Y115.666 Z1
G1 Z.6
G1 E5 F2400
M205 X10 Y10
;WIDTH:0.451595
G1 F3600
G1 X166.064 Y112.84 E.13307
G1 X165.982 Y113.336 E.01674
G1 X168.706 Y116.06 E.1283
G1 X168.706 Y116.638 E.01925
G1 X165.884 Y113.816 E.13292
G1 X165.774 Y114.285 E.01602
G1 X168.706 Y117.216 E.13807
G1 X168.706 Y117.794 E.01925
G1 X165.665 Y114.753 E.14323
G1 X165.531 Y115.197 E.01545
G1 X168.706 Y118.372 E.14952
G1 X168.706 Y118.95 E.01925
G1 X165.397 Y115.641 E.15585
G1 X165.25 Y116.072 E.01517
G1 X168.706 Y119.528 E.16277
G1 X168.706 Y120.106 E.01925
G1 X165.092 Y116.493 E.17018
G1 X164.935 Y116.913 E.01496
G1 X168.706 Y120.684 E.17759
G1 X168.706 Y121.262 E.01925
G1 X164.758 Y117.314 E.18594
G1 X164.578 Y117.712 E.01454
G1 X168.706 Y121.84 E.19443
G1 X168.706 Y122.418 E.01925
G1 X164.397 Y118.109 E.20292
G1 X164.196 Y118.486 E.01423
G1 X168.706 Y122.996 E.21238
G1 X168.706 Y123.574 E.01925
G1 X163.994 Y118.862 E.22189
G1 X163.782 Y119.228 E.01408
G1 X168.706 Y124.152 E.23191
G1 X168.706 Y124.73 E.01925
G1 X163.562 Y119.586 E.24225
G1 X163.343 Y119.944 E.014
G1 X168.706 Y125.308 E.25258
G1 X168.706 Y125.886 E.01925
G1 X163.117 Y120.296 E.26323
G1 X162.875 Y120.633 E.01379
G1 X168.706 Y126.464 E.27459
G1 X168.706 Y127.042 E.01925
G1 X162.634 Y120.97 E.28595
G1 X162.382 Y121.295 E.01372
G1 X168.706 Y127.619 E.29784
G1 X168.706 Y128.197 E.01925
G1 X162.122 Y121.613 E.31008
G1 X161.862 Y121.931 E.01368
G1 X168.706 Y128.775 E.32232
G1 X168.706 Y129.353 E.01925
G1 X161.589 Y122.236 E.33518
G1 X161.31 Y122.535 E.01362
G1 X168.706 Y129.931 E.34832
G1 X168.706 Y130.509 E.01925
G1 X161.031 Y122.834 E.36146
G1 X160.739 Y123.12 E.01361
M73 P28 R31
G1 X168.325 Y130.706 E.35726
G1 X167.747 Y130.706 E.01925
G1 X160.44 Y123.399 E.34412
G1 X160.141 Y123.678 E.01362
G1 X167.169 Y130.706 E.33098
G1 X166.591 Y130.706 E.01925
G1 X159.83 Y123.945 E.31839
G1 X159.513 Y124.206 E.01368
G1 X166.013 Y130.706 E.30612
G1 X165.435 Y130.706 E.01925
G1 X159.195 Y124.466 E.29385
G1 X158.861 Y124.71 E.01378
G1 X164.857 Y130.706 E.28238
G1 X164.279 Y130.706 E.01925
G1 X158.525 Y124.952 E.27099
G1 X158.188 Y125.193 E.01379
G1 X163.701 Y130.706 E.25962
G1 X163.123 Y130.706 E.01925
G1 X157.832 Y125.415 E.24918
G1 X157.476 Y125.637 E.01397
G1 X162.545 Y130.706 E.23874
G1 X161.967 Y130.706 E.01925
G1 X157.119 Y125.858 E.22831
G1 X156.743 Y126.06 E.01422
G1 X161.389 Y130.706 E.21881
G1 X160.811 Y130.706 E.01925
G1 X156.366 Y126.261 E.20933
G1 X155.982 Y126.455 E.01433
G1 X160.233 Y130.706 E.20019
G1 X159.655 Y130.706 E.01925
G1 X155.585 Y126.636 E.19167
G1 X155.188 Y126.817 E.01453
G1 X159.077 Y130.706 E.18315
G1 X158.499 Y130.706 E.01925
G1 X154.777 Y126.984 E.1753
G1 X154.357 Y127.142 E.01494
G1 X157.921 Y130.706 E.16785
G1 X157.343 Y130.706 E.01925
G1 X153.937 Y127.3 E.16041
G1 X153.499 Y127.439 E.01533
G1 X156.766 Y130.706 E.15386
G1 X156.188 Y130.706 E.01925
G1 X153.054 Y127.573 E.14756
G1 X152.605 Y127.702 E.01556
G1 X155.61 Y130.706 E.14149
G1 X155.032 Y130.706 E.01925
G1 X151.995 Y127.669 E.143
M205 X8 Y8
G1 X168.787 Y130.744 F7200
M205 X10 Y10
;TYPE:Gap infill
;WIDTH:0.115512
G1 F2400
G1 X168.569 Y130.787 E.00132
M205 X8 Y8
G1 X166.094 Y106.594 F7200
M205 X10 Y10
;TYPE:Internal solid infill
;WIDTH:0.449999
G1 F3600
G1 X166.253 Y107.557 E.03238
G1 X166.355 Y108.571 E.03379
G1 X166.416 Y109.999 E.04742
G1 X166.374 Y111.237 E.04109
G1 X166.243 Y112.501 E.04214
G1 X168.584 Y114.841 E.10979
G1 X168.584 Y109.084 E.19097
G1 X166.122 Y106.623 E.11547
M205 X8 Y8
G1 X167.162 Y112.178 F7200
M205 X10 Y10
;WIDTH:0.569654
G1 F3600
G1 X167.706 Y112.723 E.03307
G1 X167.725 Y111.318 E.0603
;WIDTH:0.524859
G1 X167.732 Y109.437 E.07388
G1 X167.223 Y108.928 E.02825
G1 X167.266 Y109.925 E.03919
G1 X167.231 Y111.266 E.05269
;WIDTH:0.541388
G1 X167.166 Y112.138 E.03551
M205 X8 Y8
G1 X166.671 Y112.353 F7200
M205 X10 Y10
;WIDTH:0.449999
G1 F3600
G1 X168.177 Y113.858 E.07062
G1 X168.177 Y109.253 E.15278
G1 X166.683 Y107.758 E.07009
G1 X166.762 Y108.542 E.02611
G1 X166.824 Y109.997 E.04833
G1 X166.781 Y111.251 E.04161
G1 X166.675 Y112.313 E.0354
M205 X8 Y8
G1 X167.338 Y89.416 F7200
M205 X10 Y10
G1 F3600
G1 X168.584 Y90.662 E.05843
G1 X168.584 Y89.416 E.04132
G1 X167.378 Y89.416 E.03999
M205 X8 Y8
G1 X168.239 Y89.746 F7200
M205 X10 Y10
;WIDTH:0.36544
G1 F3600
G1 X168.179 Y89.781 E.00184
G1 X168.239 Y89.816 E.00184
M205 X8 Y8
G1 X166.513 Y89.111 F7200
M205 X10 Y10
;WIDTH:0.452625
G1 F3600
G1 X168.706 Y91.304 E.10354
G1 X168.706 Y91.883 E.01934
G1 X166.136 Y89.313 E.12136
G1 X165.556 Y89.313 E.01934
G1 X168.706 Y92.463 E.14871
G1 X168.706 Y93.042 E.01934
G1 X164.977 Y89.313 E.17607
G1 X164.397 Y89.313 E.01934
G1 X168.706 Y93.622 E.20343
G1 X168.706 Y94.201 E.01934
G1 X163.818 Y89.313 E.23078
G1 X163.239 Y89.313 E.01934
G1 X168.706 Y94.78 E.25814
G1 X168.706 Y95.36 E.01934
G1 X162.659 Y89.313 E.2855
G1 X162.08 Y89.313 E.01934
G1 X168.706 Y95.939 E.31285
G1 X168.706 Y96.519 E.01934
G1 X161.5 Y89.313 E.34021
G1 X160.921 Y89.313 E.01934
G1 X168.706 Y97.098 E.36757
G1 X168.706 Y97.677 E.01934
G1 X160.341 Y89.313 E.39492
G1 X159.762 Y89.313 E.01934
G1 X168.706 Y98.257 E.42228
G1 X168.706 Y98.836 E.01934
G1 X159.183 Y89.313 E.44964
G1 X158.603 Y89.313 E.01934
G1 X168.706 Y99.416 E.47699
G1 X168.706 Y99.995 E.01934
G1 X158.024 Y89.313 E.50435
G1 X157.444 Y89.313 E.01934
G1 X168.706 Y100.574 E.53171
G1 X168.706 Y101.154 E.01934
G1 X156.865 Y89.313 E.55906
G1 X156.286 Y89.313 E.01934
G1 X168.706 Y101.733 E.58642
G1 X168.706 Y102.313 E.01934
G1 X155.706 Y89.313 E.61378
G1 X155.127 Y89.313 E.01934
G1 X168.706 Y102.892 E.64113
G1 X168.706 Y103.472 E.01934
G1 X154.547 Y89.313 E.66849
G1 X153.968 Y89.313 E.01934
G1 X168.706 Y104.051 E.69585
G1 X168.706 Y104.63 E.01934
G1 X153.389 Y89.313 E.7232
G1 X152.809 Y89.313 E.01934
G1 X158.6 Y95.104 E.27343
G1 X159.167 Y95.511 E.02329
G1 X160.091 Y96.272 E.03997
G1 X160.936 Y97.064 E.03866
G1 X161.728 Y97.909 E.03866
G1 X162.489 Y98.833 E.03997
G1 X162.896 Y99.4 E.02329
G1 X168.706 Y105.21 E.27432
G1 X168.687 Y105.253 E.00157
G1 X168.687 Y105.77 E.01728
G1 X163.929 Y101.013 E.22464
G1 X164.39 Y101.874 E.03261
G1 X164.538 Y102.2 E.01196
G1 X168.687 Y106.35 E.19592
G1 X168.687 Y106.929 E.01934
G1 X164.99 Y103.232 E.17455
G1 X165.332 Y104.153 E.0328
G1 X168.687 Y107.508 E.15842
G1 X168.687 Y108.088 E.01934
G1 X165.587 Y104.988 E.14638
G1 X165.786 Y105.766 E.02682
G1 X168.836 Y108.817 E.14404
M205 X8 Y8
G1 X157.525 Y94.608 F7200
M205 X10 Y10
G1 F3600
G1 X152.23 Y89.313 E.25001
G1 X151.65 Y89.313 E.01934
G1 X155.8 Y93.462 E.19592
G1 X154.769 Y93.011 E.03758
G1 X151.071 Y89.313 E.17459
G1 X150.492 Y89.313 E.01934
G1 X153.843 Y92.665 E.15825
G1 X153.012 Y92.412 E.02902
G1 X149.912 Y89.313 E.14634
G1 X149.333 Y89.313 E.01934
G1 X152.479 Y92.46 E.14857
G1 E-4.5 F2700
;WIPE_START
G1 F3600
G1 X151.065 Y91.045 E-.475
;WIPE_END
G1 E-.025 F2700
M205 X8 Y8
G1 X157.131 Y95.678 Z1 F7200
G1 X163.856 Y100.812 Z1
G1 Z.6
G1 E5 F2400
M205 X10 Y10
;TYPE:Gap infill
;WIDTH:0.229814
G1 X163.73 Y100.653 E.00309
;WIDTH:0.190373
G1 X163.604 Y100.494 E.00244
;WIDTH:0.150931
G1 X163.478 Y100.335 E.00179
;WIDTH:0.13121
G1 X163.352 Y100.176 E.00146
M205 X8 Y8
G1 X164.932 Y103.026 F7200
M205 X10 Y10
;WIDTH:0.192372
G1 F2400
G1 X164.847 Y102.903 E.00181
;WIDTH:0.152132
G1 X164.763 Y102.781 E.00132
;WIDTH:0.132012
G1 X164.678 Y102.659 E.00108
M205 X8 Y8
G1 X156.449 Y93.852 F7200
M205 X10 Y10
;WIDTH:0.110172
G1 F2400
G1 X156.342 Y93.772 E.00073
;WIDTH:0.146978
G1 X156.235 Y93.693 E.00113
;WIDTH:0.184521
G1 X156.123 Y93.61 E.0016
;WIDTH:0.203917
G1 X156.004 Y93.527 E.0019
M205 X8 Y8
G1 X157.824 Y94.648 F7200
M205 X10 Y10
;WIDTH:0.0917704
G1 F2400
G1 X157.635 Y94.498 E.00096
M205 X8 Y8
G1 X145.301 Y92.076 F7200
M205 X10 Y10
;TYPE:Internal solid infill
;WIDTH:0.450353
G1 F3600
G1 X142.518 Y89.294 E.13063
G1 X141.942 Y89.294 E.01913
G1 X144.668 Y92.02 E.12799
G1 X144.186 Y92.114 E.01632
G1 X141.366 Y89.294 E.1324
G1 X140.79 Y89.294 E.01913
G1 X143.719 Y92.223 E.13751
G1 X143.254 Y92.334 E.01586
G1 X140.214 Y89.294 E.14275
G1 X139.637 Y89.294 E.01913
G1 X142.811 Y92.468 E.14901
G1 X142.368 Y92.601 E.01536
G1 X139.061 Y89.294 E.15527
G1 X138.485 Y89.294 E.01913
G1 X141.938 Y92.747 E.16213
G1 X141.519 Y92.905 E.01485
G1 X137.909 Y89.294 E.16952
G1 X137.333 Y89.294 E.01913
G1 X141.101 Y93.062 E.17692
G1 X140.697 Y93.235 E.01457
G1 X136.756 Y89.294 E.18504
G1 X136.18 Y89.294 E.01913
G1 X140.302 Y93.415 E.19351
G1 X139.906 Y93.596 E.01444
G1 X135.604 Y89.294 E.20198
G1 X135.028 Y89.294 E.01913
G1 X139.529 Y93.795 E.21132
G1 X139.153 Y93.996 E.01414
G1 X134.452 Y89.294 E.22075
G1 X133.875 Y89.294 E.01913
G1 X138.784 Y94.202 E.23045
G1 X138.428 Y94.423 E.01389
G1 X133.299 Y89.294 E.24082
G1 X132.723 Y89.294 E.01913
G1 X138.073 Y94.644 E.25119
G1 X137.723 Y94.87 E.01384
G1 X132.147 Y89.294 E.26179
G1 X131.571 Y89.294 E.01913
G1 X137.387 Y95.11 E.27308
G1 X137.051 Y95.351 E.01371
G1 X130.995 Y89.294 E.28438
G1 X130.418 Y89.294 E.01913
G1 X136.725 Y95.601 E.29614
G1 X136.408 Y95.86 E.0136
G1 X129.842 Y89.294 E.3083
G1 X129.266 Y89.294 E.01913
M73 P29 R31
G1 X136.091 Y96.119 E.32047
G1 X135.786 Y96.39 E.01355
G1 X128.69 Y89.294 E.33319
G1 X128.114 Y89.294 E.01913
G1 X135.489 Y96.669 E.34628
G1 X135.191 Y96.948 E.01353
G1 X127.537 Y89.294 E.35936
G1 X126.961 Y89.294 E.01913
M73 P29 R30
G1 X134.903 Y97.236 E.37287
G1 X134.624 Y97.533 E.01353
G1 X126.385 Y89.294 E.38684
G1 X125.809 Y89.294 E.01913
G1 X134.345 Y97.831 E.40081
G1 X134.08 Y98.142 E.01357
G1 X125.233 Y89.294 E.41542
G1 X124.656 Y89.294 E.01913
G1 X133.82 Y98.458 E.43025
G1 X133.559 Y98.773 E.01359
G1 X124.08 Y89.294 E.44508
G1 X123.504 Y89.294 E.01913
G1 X133.315 Y99.105 E.46064
G1 X133.074 Y99.44 E.01371
G1 X122.928 Y89.294 E.47638
G1 X122.352 Y89.294 E.01913
G1 X132.833 Y99.775 E.49211
G1 X132.611 Y100.129 E.01388
G1 X121.775 Y89.294 E.50875
G1 X121.199 Y89.294 E.01913
G1 X132.392 Y100.487 E.52554
G1 X132.174 Y100.845 E.01392
G1 X120.623 Y89.294 E.54234
G1 X120.047 Y89.294 E.01913
G1 X131.965 Y101.213 E.55961
G1 X131.764 Y101.588 E.01413
G1 X119.471 Y89.294 E.57721
G1 X118.894 Y89.294 E.01913
G1 X131.568 Y101.968 E.59506
G1 X131.388 Y102.364 E.01445
G1 X118.318 Y89.294 E.61367
G1 X117.742 Y89.294 E.01913
G1 X131.209 Y102.761 E.63229
G1 X131.036 Y103.164 E.01457
G1 X117.166 Y89.294 E.65123
G1 X116.59 Y89.294 E.01913
G1 X130.878 Y103.583 E.67089
G1 X130.721 Y104.001 E.01485
G1 X116.013 Y89.294 E.69054
G1 X115.437 Y89.294 E.01913
G1 X130.581 Y104.438 E.71106
G1 X130.446 Y104.879 E.01532
G1 X114.861 Y89.294 E.73178
G1 X114.285 Y89.294 E.01913
G1 X130.317 Y105.326 E.75275
G1 X130.208 Y105.793 E.01593
G1 X113.709 Y89.294 E.77469
G1 X113.132 Y89.294 E.01913
G1 X130.099 Y106.261 E.79663
G1 X130.005 Y106.743 E.01631
G1 X112.556 Y89.294 E.81928
G1 X111.98 Y89.294 E.01913
G1 X119.362 Y96.676 E.34658
G1 X119.95 Y97.097 E.02403
G1 X120.637 Y97.664 E.02958
G1 X121.485 Y98.443 E.03823
G1 X122.276 Y99.286 E.03837
G1 X122.824 Y99.956 E.02874
G1 X123.311 Y100.625 E.02749
G1 X129.924 Y107.238 E.31046
G1 X129.851 Y107.741 E.0169
G1 X124.283 Y102.174 E.26143
G1 X124.596 Y102.759 E.02202
G1 X124.851 Y103.317 E.02039
G1 X129.798 Y108.265 E.23231
G1 X129.747 Y108.79 E.01752
G1 X125.251 Y104.294 E.21112
G1 X125.441 Y104.8 E.01794
G1 X125.555 Y105.174 E.01299
G1 X129.729 Y109.348 E.19599
G1 X129.711 Y109.906 E.01853
G1 X125.783 Y105.978 E.18441
G1 X125.961 Y106.732 E.02572
G1 X129.726 Y110.497 E.17678
G1 X129.752 Y111.099 E.02
G1 X126.079 Y107.427 E.17243
G1 X126.178 Y108.102 E.02265
G1 X129.796 Y111.72 E.16989
G1 X129.86 Y112.359 E.02134
G1 X126.241 Y108.74 E.16992
G1 X126.273 Y109.349 E.02023
G1 X129.974 Y113.05 E.17376
G1 X130.1 Y113.752 E.02369
G1 X126.293 Y109.945 E.17873
G1 X126.276 Y110.504 E.01857
G1 X130.277 Y114.506 E.18787
G1 X130.502 Y115.307 E.02762
G1 X126.257 Y111.062 E.19929
G1 X126.208 Y111.589 E.01757
G1 X130.787 Y116.168 E.21497
G1 X131.143 Y117.1 E.03312
G1 X126.155 Y112.112 E.23417
G1 X126.075 Y112.608 E.01667
G1 X131.63 Y118.164 E.26086
G1 X132.138 Y119.113 E.03573
G1 X132.357 Y119.467 E.01381
G1 X125.834 Y112.944 E.30625
G1 E-4.5 F2700
;WIPE_START
G1 F3600
G1 X127.249 Y114.358 E-.475
;WIPE_END
G1 E-.025 F2700
M205 X8 Y8
G1 X133.198 Y119.139 Z1 F7200
G1 X147.775 Y130.851 Z1
G1 Z.6
G1 E5 F2400
M205 X10 Y10
G1 F3600
G1 X144.95 Y128.026 E.13264
G1 X144.248 Y127.901 E.02367
G1 X147.035 Y130.687 E.13082
G1 X146.459 Y130.687 E.01913
G1 X143.497 Y127.726 E.13905
G1 X142.692 Y127.497 E.02779
G1 X145.882 Y130.687 E.1498
G1 X145.306 Y130.687 E.01913
G1 X141.819 Y127.2 E.16372
G1 X140.9 Y126.857 E.03256
G1 X144.73 Y130.687 E.17981
G1 X144.154 Y130.687 E.01913
G1 X139.836 Y126.37 E.20272
G1 X138.887 Y125.862 E.03574
G1 X138.532 Y125.641 E.01389
G1 X143.578 Y130.687 E.23691
G1 X143.075 Y130.687 E.01668
G1 X143.02 Y130.706 E.00192
G1 X125.887 Y113.573 E.80444
G1 X125.778 Y114.04 E.01593
G1 X142.444 Y130.706 E.7825
G1 X141.868 Y130.706 E.01913
G1 X125.656 Y114.494 E.7612
G1 X125.522 Y114.936 E.01534
G1 X141.292 Y130.706 E.74045
G1 X140.715 Y130.706 E.01913
G1 X125.378 Y115.369 E.72011
G1 X125.222 Y115.788 E.01487
G1 X140.139 Y130.706 E.70042
G1 X139.563 Y130.706 E.01913
G1 X125.065 Y116.207 E.68075
G1 X124.885 Y116.604 E.01445
G1 X138.987 Y130.706 E.66213
G1 X138.411 Y130.706 E.01913
G1 X124.705 Y117 E.64351
G1 X124.517 Y117.389 E.01432
G1 X137.834 Y130.706 E.62528
G1 X137.258 Y130.706 E.01913
G1 X124.317 Y117.764 E.60765
G1 X124.115 Y118.138 E.01412
G1 X136.682 Y130.706 E.59008
G1 X136.106 Y130.706 E.01913
G1 X123.894 Y118.494 E.57337
G1 X123.674 Y118.85 E.01389
G1 X135.53 Y130.706 E.55667
G1 X134.953 Y130.706 E.01913
G1 X123.445 Y119.197 E.54037
G1 X123.204 Y119.533 E.01371
G1 X134.377 Y130.706 E.52461
G1 X133.801 Y130.706 E.01913
G1 X122.964 Y119.868 E.50885
G1 X122.707 Y120.188 E.01361
G1 X133.225 Y130.706 E.49385
G1 X132.649 Y130.706 E.01913
M73 P30 R30
G1 X122.447 Y120.505 E.47898
G1 X122.175 Y120.809 E.01355
G1 X132.072 Y130.706 E.46469
G1 X131.496 Y130.706 E.01913
G1 X121.899 Y121.109 E.45061
G1 X121.623 Y121.409 E.01354
G1 X130.92 Y130.706 E.43653
G1 X130.344 Y130.706 E.01913
G1 X121.335 Y121.697 E.42298
G1 X121.038 Y121.976 E.01353
G1 X129.768 Y130.706 E.4099
G1 X129.191 Y130.706 E.01913
G1 X120.738 Y122.253 E.3969
G1 X120.423 Y122.513 E.01359
G1 X128.615 Y130.706 E.38467
G1 X128.039 Y130.706 E.01913
G1 X120.107 Y122.774 E.37244
G1 X119.775 Y123.018 E.01368
G1 X127.463 Y130.706 E.36095
G1 X126.887 Y130.706 E.01913
G1 X119.442 Y123.261 E.34954
G1 X119.109 Y123.504 E.01369
G1 X126.31 Y130.706 E.33813
G1 X125.734 Y130.706 E.01913
G1 X118.759 Y123.731 E.32749
G1 X118.404 Y123.952 E.01389
G1 X125.158 Y130.706 E.31711
G1 X124.582 Y130.706 E.01913
G1 X118.042 Y124.166 E.30708
G1 X117.667 Y124.367 E.01413
G1 X124.006 Y130.706 E.29762
G1 X123.43 Y130.706 E.01913
G1 X117.292 Y124.569 E.28816
G1 X116.899 Y124.751 E.01441
G1 X122.853 Y130.706 E.27959
G1 X122.277 Y130.706 E.01913
G1 X116.502 Y124.931 E.27115
G1 X116.1 Y125.105 E.01454
G1 X121.701 Y130.706 E.26296
G1 X121.125 Y130.706 E.01913
G1 X115.682 Y125.263 E.25556
G1 X115.263 Y125.42 E.01486
G1 X120.549 Y130.706 E.24819
G1 X119.972 Y130.706 E.01913
G1 X114.821 Y125.555 E.24185
G1 X114.38 Y125.69 E.01532
G1 X119.396 Y130.706 E.23551
G1 X118.82 Y130.706 E.01913
G1 X113.92 Y125.806 E.23004
G1 X113.453 Y125.916 E.01592
G1 X118.244 Y130.706 E.22492
G1 X117.668 Y130.706 E.01913
G1 X112.977 Y126.015 E.22025
G1 X112.482 Y126.097 E.01664
G1 X117.091 Y130.706 E.21641
G1 X116.515 Y130.706 E.01913
G1 X111.977 Y126.168 E.21307
G1 X111.454 Y126.221 E.01746
G1 X115.939 Y130.706 E.21059
G1 X115.363 Y130.706 E.01913
G1 X110.919 Y126.262 E.20863
G1 X110.362 Y126.282 E.0185
G1 X114.787 Y130.706 E.20773
G1 X114.21 Y130.706 E.01913
G1 X109.792 Y126.287 E.20746
G1 X109.197 Y126.268 E.01977
G1 X113.634 Y130.706 E.20835
G1 X113.058 Y130.706 E.01913
G1 X108.575 Y126.223 E.21049
G1 X107.938 Y126.162 E.02126
G1 X112.482 Y130.706 E.21336
G1 X111.906 Y130.706 E.01913
G1 X107.25 Y126.05 E.21861
G1 X106.54 Y125.916 E.02399
G1 X111.329 Y130.706 E.2249
G1 X110.753 Y130.706 E.01913
G1 X105.785 Y125.738 E.23327
G1 X104.961 Y125.49 E.02857
G1 X110.177 Y130.706 E.2449
G1 X109.601 Y130.706 E.01913
G1 X104.057 Y125.162 E.26031
G1 X103.729 Y125.038 E.01163
G1 X103.049 Y124.73 E.02477
G1 X109.025 Y130.706 E.28057
G1 X108.448 Y130.706 E.01913
G1 X101.278 Y123.536 E.33665
G1 E-4.5 F2700
;WIPE_START
G1 F3600
G1 X102.693 Y124.95 E-.475
;WIPE_END
G1 E-.025 F2700
M205 X8 Y8
G1 X106.341 Y118.246 Z1 F7200
G1 X118.328 Y96.218 Z1
G1 Z.6
G1 E5 F2400
M205 X10 Y10
G1 F3600
G1 X111.404 Y89.294 E.32511
G1 X110.828 Y89.294 E.01913
G1 X116.686 Y95.152 E.27506
G1 X116.199 Y94.932 E.01773
G1 X115.702 Y94.745 E.01764
G1 X110.251 Y89.294 E.25592
G1 X109.675 Y89.294 E.01913
G1 X114.828 Y94.447 E.24195
G1 X114.022 Y94.218 E.02782
G1 X109.099 Y89.294 E.23117
G1 X108.523 Y89.294 E.01913
G1 X113.271 Y94.042 E.22295
G1 X112.572 Y93.919 E.02357
G1 X107.947 Y89.294 E.21717
G1 X107.37 Y89.294 E.01913
G1 X111.898 Y93.822 E.2126
G1 X111.259 Y93.759 E.02132
G1 X106.794 Y89.294 E.20965
G1 X106.218 Y89.294 E.01913
G1 X110.657 Y93.733 E.20841
G1 X110.066 Y93.718 E.01962
G1 X105.642 Y89.294 E.20773
G1 X105.066 Y89.294 E.01913
G1 X109.494 Y93.723 E.20793
G1 X108.938 Y93.742 E.01848
G1 X104.489 Y89.294 E.20886
G1 X103.913 Y89.294 E.01913
G1 X108.411 Y93.792 E.21117
G1 X107.888 Y93.845 E.01746
G1 X103.337 Y89.294 E.21367
G1 X102.761 Y89.294 E.01913
G1 X107.393 Y93.926 E.2175
G1 X106.899 Y94.008 E.01664
G1 X102.185 Y89.294 E.22133
G1 X101.608 Y89.294 E.01913
G1 X106.426 Y94.111 E.22618
G1 X105.959 Y94.221 E.01591
G1 X101.032 Y89.294 E.23134
G1 X100.456 Y89.294 E.01913
G1 X105.506 Y94.344 E.23712
G1 X105.064 Y94.478 E.01534
G1 X99.88 Y89.294 E.24342
G1 X99.304 Y89.294 E.01913
G1 X104.632 Y94.622 E.25016
G1 X104.213 Y94.78 E.01485
G1 X98.727 Y89.294 E.25757
G1 X98.151 Y89.294 E.01913
G1 X103.795 Y94.938 E.26498
G1 X103.397 Y95.116 E.01448
G1 X97.575 Y89.294 E.27334
G1 X96.999 Y89.294 E.01913
G1 X103.003 Y95.298 E.28192
G1 X102.613 Y95.484 E.01436
G1 X96.423 Y89.294 E.29063
G1 X95.846 Y89.294 E.01913
G1 X102.236 Y95.684 E.30003
G1 X101.862 Y95.886 E.01413
G1 X95.27 Y89.294 E.30949
G1 X94.694 Y89.294 E.01913
G1 X101.506 Y96.106 E.31982
G1 X101.15 Y96.326 E.0139
G1 X94.118 Y89.294 E.33016
G1 X93.542 Y89.294 E.01913
G1 X100.805 Y96.558 E.34105
G1 X100.472 Y96.8 E.0137
G1 X92.965 Y89.294 E.35244
G1 X92.389 Y89.294 E.01913
G1 X100.138 Y97.043 E.36382
G1 X99.813 Y97.294 E.01364
G1 X91.813 Y89.294 E.37561
G1 X91.237 Y89.294 E.01913
G1 X99.496 Y97.553 E.38778
G1 X99.185 Y97.819 E.01357
G1 X90.661 Y89.294 E.40026
G1 X90.084 Y89.294 E.01913
G1 X98.888 Y98.098 E.41335
G1 X98.591 Y98.377 E.01353
G1 X89.508 Y89.294 E.42644
G1 X88.932 Y89.294 E.01913
G1 X98.304 Y98.666 E.44004
G1 X98.028 Y98.966 E.01354
G1 X88.356 Y89.294 E.45414
G1 X87.78 Y89.294 E.01913
G1 X97.752 Y99.267 E.46824
G1 X97.487 Y99.577 E.01357
G1 X87.204 Y89.294 E.48283
G1 X86.627 Y89.294 E.01913
G1 X97.227 Y99.893 E.49766
G1 X96.976 Y100.219 E.01364
G1 X86.051 Y89.294 E.51296
G1 X85.475 Y89.294 E.01913
G1 X96.736 Y100.555 E.52872
G1 X96.495 Y100.89 E.01371
G1 X84.899 Y89.294 E.54448
G1 X84.323 Y89.294 E.01913
G1 X96.269 Y101.241 E.56093
G1 X96.048 Y101.596 E.01389
G1 X83.746 Y89.294 E.57762
G1 X83.17 Y89.294 E.01913
G1 X95.833 Y101.957 E.59455
G1 X95.632 Y102.332 E.01413
M73 P31 R30
G1 X82.594 Y89.294 E.61218
G1 X82.018 Y89.294 E.01913
G1 X95.431 Y102.708 E.6298
G1 X95.249 Y103.101 E.01441
G1 X81.442 Y89.294 E.64829
G1 X80.865 Y89.294 E.01913
G1 X95.069 Y103.498 E.6669
G1 X94.895 Y103.9 E.01454
G1 X80.289 Y89.294 E.68578
G1 X79.713 Y89.294 E.01913
G1 X94.738 Y104.319 E.70547
G1 X94.581 Y104.739 E.01487
G1 X79.137 Y89.294 E.72517
G1 X78.561 Y89.294 E.01913
G1 X94.444 Y105.178 E.74577
G1 X94.31 Y105.62 E.01534
G1 X77.984 Y89.294 E.76653
G1 X77.408 Y89.294 E.01913
G1 X94.194 Y106.08 E.78813
G1 X94.085 Y106.547 E.01593
G1 X76.832 Y89.294 E.81007
G1 X76.256 Y89.294 E.01913
G1 X93.985 Y107.023 E.83244
G1 X93.904 Y107.519 E.01666
G1 X75.68 Y89.294 E.85569
G1 X75.103 Y89.294 E.01913
G1 X93.83 Y108.021 E.87927
G1 X93.778 Y108.545 E.0175
G1 X74.527 Y89.294 E.9039
G1 X73.951 Y89.294 E.01913
G1 X93.738 Y109.081 E.92905
G1 X93.72 Y109.639 E.01853
G1 X73.375 Y89.294 E.95524
G1 X72.799 Y89.294 E.01913
G1 X93.712 Y110.208 E.98195
G1 X93.732 Y110.804 E.01981
M73 P31 R29
G1 X72.222 Y89.294 E1.00995
G1 X71.646 Y89.294 E.01913
G1 X93.776 Y111.424 E1.03904
G1 X93.838 Y112.062 E.02131
G1 X83.967 Y102.191 E.46349
G1 X83.364 Y101.33 E.03491
G1 X82.772 Y100.605 E.03106
G1 X82.079 Y99.865 E.03365
G1 X81.395 Y99.228 E.03105
G1 X80.732 Y98.684 E.02846
G1 X79.805 Y98.029 E.03767
G1 X71.07 Y89.294 E.41015
G1 X70.494 Y89.294 E.01913
G1 X78.445 Y97.245 E.37332
G1 X77.385 Y96.761 E.03869
G1 X69.918 Y89.294 E.3506
G1 X69.341 Y89.294 E.01913
G1 X76.475 Y96.427 E.33492
G1 X75.656 Y96.185 E.02836
G1 X68.765 Y89.294 E.32353
G1 X68.189 Y89.294 E.01913
G1 X74.904 Y96.009 E.3153
G1 X74.203 Y95.885 E.02363
G1 X67.613 Y89.294 E.30945
G1 X67.037 Y89.294 E.01913
G1 X73.538 Y95.795 E.30524
G1 X72.904 Y95.738 E.02112
G1 X66.46 Y89.294 E.30255
G1 X65.884 Y89.294 E.01913
G1 X72.313 Y95.723 E.30187
G1 X71.728 Y95.714 E.01943
G1 X65.308 Y89.294 E.30145
G1 X64.732 Y89.294 E.01913
G1 X71.172 Y95.734 E.30239
G1 X70.639 Y95.778 E.01775
G1 X64.156 Y89.294 E.30442
G1 X63.579 Y89.294 E.01913
G1 X70.118 Y95.833 E.30701
G1 X69.623 Y95.914 E.01664
G1 X63.003 Y89.294 E.31084
G1 X62.427 Y89.294 E.01913
G1 X69.131 Y95.999 E.31479
G1 X68.665 Y96.109 E.0159
G1 X61.851 Y89.294 E.31996
G1 X61.275 Y89.294 E.01913
G1 X68.202 Y96.222 E.32528
G1 X67.76 Y96.356 E.01534
G1 X60.698 Y89.294 E.33158
G1 X60.122 Y89.294 E.01913
G1 X67.325 Y96.497 E.33818
G1 X66.906 Y96.654 E.01485
G1 X59.546 Y89.294 E.34558
G1 X58.97 Y89.294 E.01913
G1 X66.488 Y96.812 E.353
G1 X66.092 Y96.993 E.01444
G1 X58.394 Y89.294 E.36147
G1 X57.817 Y89.294 E.01913
G1 X65.697 Y97.173 E.36995
G1 X65.318 Y97.371 E.01417
G1 X57.241 Y89.294 E.37925
G1 X56.665 Y89.294 E.01913
G1 X64.943 Y97.572 E.38867
G1 X64.585 Y97.79 E.01392
G1 X56.089 Y89.294 E.3989
G1 X55.513 Y89.294 E.01913
G1 X64.229 Y98.011 E.40928
G1 X63.883 Y98.241 E.0138
G1 X54.936 Y89.294 E.42006
G1 X54.36 Y89.294 E.01913
G1 X63.548 Y98.482 E.43139
G1 X63.216 Y98.726 E.01368
G1 X53.784 Y89.294 E.44286
G1 X53.208 Y89.294 E.01913
G1 X62.9 Y98.986 E.45506
G1 X62.584 Y99.247 E.01359
G1 X52.632 Y89.294 E.46731
G1 X52.055 Y89.294 E.01913
G1 X62.286 Y99.525 E.48037
G1 X61.988 Y99.803 E.01354
G1 X51.479 Y89.294 E.49343
G1 X51.294 Y89.294 E.00615
G1 X51.294 Y89.685 E.01298
G1 X61.705 Y100.096 E.48882
G1 X61.429 Y100.396 E.01354
G1 X51.294 Y90.261 E.47585
G1 X51.294 Y90.838 E.01913
G1 X61.154 Y100.698 E.46296
G1 X60.894 Y101.013 E.01359
G1 X51.294 Y91.414 E.45073
G1 X51.294 Y91.99 E.01913
G1 X60.637 Y101.333 E.43868
G1 X60.397 Y101.669 E.01371
G1 X51.294 Y92.566 E.42739
G1 X51.294 Y93.142 E.01913
G1 X60.156 Y102.004 E.41609
G1 X59.931 Y102.355 E.01384
G1 X51.294 Y93.719 E.40551
G1 X51.294 Y94.295 E.01913
G1 X59.711 Y102.711 E.39518
G1 X59.5 Y103.077 E.01401
G1 X51.294 Y94.871 E.3853
G1 X51.294 Y95.447 E.01913
G1 X59.3 Y103.453 E.37588
G1 X59.109 Y103.838 E.01428
G1 X51.294 Y96.023 E.36694
G1 X51.294 Y96.6 E.01913
G1 X58.93 Y104.235 E.35851
G1 X58.754 Y104.635 E.01452
G1 X51.294 Y97.176 E.35025
G1 X51.294 Y97.752 E.01913
G1 X58.597 Y105.055 E.3429
G1 X58.442 Y105.476 E.0149
G1 X51.294 Y98.328 E.33562
G1 X51.294 Y98.904 E.01913
G1 X58.308 Y105.918 E.32933
G1 X58.18 Y106.366 E.01546
M73 P32 R29
G1 X51.294 Y99.48 E.32329
G1 X51.294 Y100.057 E.01913
G1 X58.071 Y106.833 E.31818
G1 X57.965 Y107.303 E.016
G1 X51.294 Y100.633 E.3132
G1 X51.294 Y101.209 E.01913
G1 X57.883 Y107.798 E.30937
G1 X57.813 Y108.304 E.01696
G1 X51.294 Y101.785 E.30607
G1 X51.294 Y102.361 E.01913
G1 X57.76 Y108.827 E.30358
G1 X57.728 Y109.371 E.0181
G1 X51.294 Y102.938 E.30207
G1 X51.294 Y103.514 E.01913
G1 X57.708 Y109.928 E.30117
G1 X57.724 Y110.52 E.01965
G1 X51.294 Y104.09 E.3019
G1 X51.294 Y104.666 E.01913
G1 X57.755 Y111.127 E.30336
G1 X57.82 Y111.768 E.02139
G1 X51.294 Y105.242 E.30641
G1 X51.294 Y105.819 E.01913
G1 X57.924 Y112.448 E.31128
G1 X58.07 Y113.171 E.02447
G1 X51.294 Y106.395 E.31814
G1 X51.294 Y106.971 E.01913
G1 X58.269 Y113.946 E.32748
G1 X58.452 Y114.558 E.02121
G1 X58.542 Y114.795 E.00842
G1 X51.294 Y107.547 E.3403
G1 X51.294 Y108.123 E.01913
G1 X58.921 Y115.75 E.3581
G1 X59.198 Y116.357 E.02214
G1 X59.481 Y116.886 E.01993
G1 X51.111 Y108.516 E.39299
G1 E-4.5 F2700
;WIPE_START
G1 F3600
G1 X52.525 Y109.931 E-.475
;WIPE_END
G1 E-.025 F2700
M205 X8 Y8
G1 X59.988 Y108.329 Z1 F7200
G1 X84.308 Y103.109 Z1
G1 Z.6
G1 E5 F2400
M205 X10 Y10
G1 F3600
G1 X93.95 Y112.75 E.45271
G1 X94.085 Y113.461 E.02402
G1 X85.235 Y104.611 E.41554
G1 X85.572 Y105.525 E.03235
G1 X94.262 Y114.215 E.40802
G1 X94.509 Y115.038 E.02854
G1 X85.819 Y106.348 E.40805
G1 X85.994 Y107.099 E.02562
G1 X94.838 Y115.943 E.41526
G1 X94.962 Y116.271 E.01163
G1 X95.271 Y116.953 E.02485
G1 X86.114 Y107.795 E.42996
G1 X86.204 Y108.462 E.02232
G1 X96.458 Y118.715 E.48145
M205 X8 Y8
G1 X86.062 Y108.895 F7200
M205 X10 Y10
G1 F3600
G1 X107.872 Y130.706 E1.02406
G1 X107.296 Y130.706 E.01913
G1 X86.282 Y109.692 E.98665
G1 X86.283 Y110.27 E.01917
G1 X106.72 Y130.706 E.95954
G1 X106.144 Y130.706 E.01913
G1 X86.265 Y110.827 E.93335
G1 X86.222 Y111.36 E.01774
G1 X105.567 Y130.706 E.90834
G1 X104.991 Y130.706 E.01913
G1 X86.169 Y111.884 E.88375
G1 X86.088 Y112.379 E.01665
G1 X104.415 Y130.706 E.86051
G1 X103.839 Y130.706 E.01913
G1 X85.999 Y112.866 E.83765
G1 X85.886 Y113.329 E.01584
G1 X103.263 Y130.706 E.81589
G1 X102.686 Y130.706 E.01913
G1 X85.773 Y113.793 E.79412
G1 X85.643 Y114.239 E.01542
G1 X102.11 Y130.706 E.77318
G1 X101.534 Y130.706 E.01913
G1 X85.505 Y114.677 E.7526
G1 X85.347 Y115.095 E.01483
G1 X100.958 Y130.706 E.73299
G1 X100.382 Y130.706 E.01913
G1 X85.188 Y115.512 E.71339
G1 X85.007 Y115.908 E.01444
G1 X99.805 Y130.706 E.69482
G1 X99.229 Y130.706 E.01913
G1 X84.827 Y116.303 E.67624
G1 X84.629 Y116.682 E.01417
G1 X98.653 Y130.706 E.65848
G1 X98.077 Y130.706 E.01913
G1 X84.428 Y117.057 E.64085
G1 X84.21 Y117.416 E.01393
G1 X97.501 Y130.706 E.62401
G1 X96.924 Y130.706 E.01913
G1 X83.99 Y117.772 E.6073
G1 X83.76 Y118.117 E.01379
G1 X96.348 Y130.706 E.59107
G1 X95.772 Y130.706 E.01913
G1 X83.519 Y118.453 E.57531
G1 X83.272 Y118.782 E.01366
G1 X95.196 Y130.706 E.55984
G1 X94.62 Y130.706 E.01913
G1 X83.014 Y119.1 E.54494
G1 X82.747 Y119.41 E.01357
G1 X94.043 Y130.706 E.53038
G1 X93.467 Y130.706 E.01913
G1 X82.471 Y119.71 E.5163
G1 X82.195 Y120.01 E.01354
G1 X92.891 Y130.706 E.50222
G1 X92.315 Y130.706 E.01913
G1 X81.906 Y120.297 E.48872
G1 X81.609 Y120.576 E.01353
G1 X91.739 Y130.706 E.47564
G1 X91.162 Y130.706 E.01913
G1 X81.302 Y120.846 E.46296
G1 X80.987 Y121.106 E.01359
G1 X90.586 Y130.706 E.45073
G1 X90.01 Y130.706 E.01913
G1 X80.667 Y121.363 E.43868
G1 X80.331 Y121.603 E.01371
G1 X89.434 Y130.706 E.42739
G1 X88.858 Y130.706 E.01913
G1 X79.996 Y121.844 E.41609
G1 X79.646 Y122.07 E.01384
G1 X88.281 Y130.706 E.40548
G1 X87.705 Y130.706 E.01913
G1 X79.29 Y122.291 E.39511
G1 X78.922 Y122.498 E.01405
G1 X87.129 Y130.706 E.38536
G1 X86.553 Y130.706 E.01913
G1 X78.547 Y122.7 E.3759
G1 X78.162 Y122.891 E.01428
G1 X85.977 Y130.706 E.36694
G1 X85.4 Y130.706 E.01913
G1 X77.765 Y123.07 E.35851
G1 X77.365 Y123.246 E.01452
G1 X84.824 Y130.706 E.35025
G1 X84.248 Y130.706 E.01913
G1 X76.945 Y123.403 E.3429
G1 X76.524 Y123.558 E.0149
M73 P33 R29
G1 X83.672 Y130.706 E.33562
G1 X83.096 Y130.706 E.01913
G1 X76.082 Y123.692 E.32933
G1 X75.634 Y123.82 E.01546
G1 X82.52 Y130.706 E.32329
G1 X81.943 Y130.706 E.01913
G1 X75.167 Y123.93 E.31816
G1 X74.697 Y124.035 E.01601
G1 X81.367 Y130.706 E.3132
G1 X80.791 Y130.706 E.01913
G1 X74.202 Y124.117 E.30937
G1 X73.696 Y124.187 E.01696
G1 X80.215 Y130.706 E.30607
G1 X79.639 Y130.706 E.01913
G1 X73.173 Y124.24 E.30358
G1 X72.629 Y124.272 E.0181
G1 X79.062 Y130.706 E.30207
G1 X78.486 Y130.706 E.01913
G1 X72.072 Y124.292 E.30117
G1 X71.48 Y124.276 E.01965
G1 X77.91 Y130.706 E.3019
G1 X77.334 Y130.706 E.01913
G1 X70.873 Y124.245 E.30334
G1 X70.234 Y124.182 E.02132
G1 X76.758 Y130.706 E.3063
G1 X76.181 Y130.706 E.01913
G1 X69.551 Y124.075 E.31132
G1 X69.25 Y124.027 E.01012
G1 X68.827 Y123.928 E.01441
G1 X75.605 Y130.706 E.31824
G1 X75.029 Y130.706 E.01913
G1 X68.057 Y123.734 E.32735
G1 X67.206 Y123.459 E.02968
G1 X74.453 Y130.706 E.34025
G1 X73.877 Y130.706 E.01913
G1 X66.246 Y123.075 E.35827
G1 X65.643 Y122.802 E.02198
G1 X65.114 Y122.519 E.01993
G1 X73.3 Y130.706 E.38439
G1 X72.724 Y130.706 E.01913
G1 X51.294 Y109.276 E1.0062
G1 X51.294 Y109.852 E.01913
G1 X72.148 Y130.706 E.97915
G1 X71.572 Y130.706 E.01913
G1 X51.294 Y110.428 E.95209
G1 X51.294 Y111.004 E.01913
G1 X70.996 Y130.706 E.92504
G1 X70.419 Y130.706 E.01913
G1 X51.294 Y111.581 E.89798
G1 X51.294 Y112.157 E.01913
G1 X69.843 Y130.706 E.87093
G1 X69.267 Y130.706 E.01913
G1 X51.294 Y112.733 E.84388
G1 X51.294 Y113.309 E.01913
G1 X68.691 Y130.706 E.81682
G1 X68.115 Y130.706 E.01913
G1 X51.294 Y113.885 E.78977
G1 X51.294 Y114.462 E.01913
G1 X67.538 Y130.706 E.76271
G1 X66.962 Y130.706 E.01913
G1 X51.294 Y115.038 E.73566
G1 X51.294 Y115.614 E.01913
G1 X66.386 Y130.706 E.70861
G1 X65.81 Y130.706 E.01913
G1 X51.294 Y116.19 E.68155
G1 X51.294 Y116.766 E.01913
G1 X65.234 Y130.706 E.6545
G1 X64.657 Y130.706 E.01913
G1 X51.294 Y117.343 E.62744
G1 X51.294 Y117.919 E.01913
G1 X64.081 Y130.706 E.60039
G1 X63.505 Y130.706 E.01913
G1 X51.294 Y118.495 E.57333
G1 X51.294 Y119.071 E.01913
G1 X62.929 Y130.706 E.54628
G1 X62.353 Y130.706 E.01913
G1 X51.294 Y119.647 E.51923
G1 X51.294 Y120.224 E.01913
G1 X61.776 Y130.706 E.49217
G1 X61.2 Y130.706 E.01913
G1 X51.294 Y120.8 E.46512
G1 X51.294 Y121.376 E.01913
G1 X60.624 Y130.706 E.43806
G1 X60.048 Y130.706 E.01913
G1 X51.294 Y121.952 E.41101
G1 X51.294 Y122.528 E.01913
G1 X59.472 Y130.706 E.38396
G1 X58.895 Y130.706 E.01913
M73 P33 R28
G1 X51.294 Y123.105 E.3569
G1 X51.294 Y123.681 E.01913
G1 X58.319 Y130.706 E.32985
G1 X57.743 Y130.706 E.01913
G1 X51.294 Y124.257 E.30279
G1 X51.294 Y124.833 E.01913
G1 X57.167 Y130.706 E.27574
G1 X56.591 Y130.706 E.01913
G1 X51.294 Y125.409 E.24869
G1 X51.294 Y125.986 E.01913
G1 X56.014 Y130.706 E.22163
G1 X55.438 Y130.706 E.01913
G1 X51.294 Y126.562 E.19458
G1 X51.294 Y127.138 E.01913
G1 X54.862 Y130.706 E.16752
G1 X54.286 Y130.706 E.01913
G1 X51.294 Y127.714 E.14047
G1 X51.294 Y128.29 E.01913
G1 X53.71 Y130.706 E.11342
G1 X53.133 Y130.706 E.01913
G1 X51.294 Y128.867 E.08636
G1 X51.294 Y129.443 E.01913
G1 X52.557 Y130.706 E.05931
G1 X51.981 Y130.706 E.01913
G1 X51.111 Y129.836 E.04085
M205 X8 Y8
G1 X64.912 Y122.449 F7200
M205 X10 Y10
;TYPE:Gap infill
;WIDTH:0.223432
G1 F2400
G1 X64.76 Y122.329 E.00285
;WIDTH:0.185815
G1 X64.609 Y122.208 E.00226
;WIDTH:0.148197
G1 X64.457 Y122.088 E.00166
;WIDTH:0.129388
G1 X64.305 Y121.968 E.00136
M205 X8 Y8
G1 X60.032 Y117.695 F7200
M205 X10 Y10
;WIDTH:0.110578
G1 F2400
G1 X59.912 Y117.543 E.00107
;WIDTH:0.148196
G1 X59.792 Y117.391 E.00166
;WIDTH:0.185813
G1 X59.671 Y117.24 E.00226
;WIDTH:0.204622
G1 X59.551 Y117.088 E.00255
M205 X8 Y8
G1 X58.234 Y113.598 F7200
M205 X10 Y10
;WIDTH:0.0917674
G1 F2400
G1 X58.113 Y113.38 E.00099
G1 E-4.5 F2700
;WIPE_START
G1 F2400
G1 X58.234 Y113.598 E-.475
;WIPE_END
G1 E-.025 F2700
M205 X8 Y8
G1 X64.31 Y108.979 Z1 F7200
G1 X79.153 Y97.695 Z1
G1 Z.6
G1 E5 F2400
M205 X10 Y10
;WIDTH:0.116497
G1 X78.984 Y97.569 E.00127
;WIDTH:0.165953
G1 X78.814 Y97.443 E.00212
;WIDTH:0.190681
G1 X78.645 Y97.317 E.00254
M205 X8 Y8
G1 X84.419 Y102.998 F7200
M205 X10 Y10
;WIDTH:0.116714
G1 F2400
G1 X84.301 Y102.844 E.00117
M205 X8 Y8
G1 X85.174 Y104.408 F7200
M205 X10 Y10
;WIDTH:0.195759
G1 F2400
G1 X85.087 Y104.282 E.00191
;WIDTH:0.154164
G1 X85 Y104.156 E.00139
;WIDTH:0.133366
G1 X84.913 Y104.03 E.00113
M205 X8 Y8
G1 X95.67 Y117.61 F7200
M205 X10 Y10
;WIDTH:0.113726
G1 F2400
G1 X95.576 Y117.483 E.00091
;WIDTH:0.15764
G1 X95.482 Y117.356 E.00147
;WIDTH:0.197453
G1 X95.388 Y117.23 E.00199
G1 X95.422 Y117.096 E.00174
M205 X8 Y8
G1 X96.497 Y119.011 F7200
M205 X10 Y10
;WIDTH:0.0926304
G1 F2400
G1 X96.348 Y118.825 E.00096
M205 X8 Y8
G1 X101.169 Y123.645 F7200
M205 X10 Y10
;WIDTH:0.130713
G1 F2400
G1 X100.982 Y123.497 E.00171
M205 X8 Y8
G1 X102.846 Y124.666 F7200
M205 X10 Y10
;WIDTH:0.20366
G1 F2400
G1 X102.693 Y124.553 E.00249
;WIDTH:0.158903
G1 X102.54 Y124.44 E.0018
;WIDTH:0.136525
G1 X102.387 Y124.327 E.00145
G1 E-4.5 F2700
;WIPE_START
G1 F2400
G1 X102.54 Y124.44 E-.475
;WIPE_END
G1 E-.025 F2700
M205 X8 Y8
G1 X108.47 Y119.635 Z1 F7200
G1 X125.734 Y105.641 Z1
G1 Z.6
G1 E5 F2400
M205 X10 Y10
;WIDTH:0.11952
G1 X125.662 Y105.813 E.00116
M205 X8 Y8
G1 X124.212 Y101.973 F7200
M205 X10 Y10
;WIDTH:0.237108
G1 F2400
G1 X124.141 Y101.878 E.00188
;WIDTH:0.209877
G1 X124.009 Y101.711 E.00289
;WIDTH:0.162634
G1 X123.877 Y101.544 E.00207
;WIDTH:0.139013
G1 X123.745 Y101.377 E.00167
M205 X8 Y8
G1 X129.852 Y111.488 F7200
M205 X10 Y10
;WIDTH:0.127631
G1 F2400
G1 X129.794 Y111.358 E.00098
G1 X129.841 Y111.282 E.00062
M205 X8 Y8
G1 X131.484 Y117.7 F7200
M205 X10 Y10
;WIDTH:0.107063
G1 F2400
G1 X131.428 Y117.62 E.00051
;WIDTH:0.137648
G1 X131.372 Y117.539 E.00076
;WIDTH:0.170545
G1 X131.29 Y117.421 E.0015
;WIDTH:0.188148
G1 X131.208 Y117.302 E.0017
M205 X8 Y8
G1 X133.024 Y120.389 F7200
M205 X10 Y10
;WIDTH:0.115111
G1 F2400
G1 X132.821 Y120.151 E.00184
;WIDTH:0.152035
G1 X132.748 Y120.059 E.00104
;WIDTH:0.188263
G1 X132.592 Y119.862 E.00298
;WIDTH:0.211058
G1 X132.435 Y119.664 E.00345
M205 X8 Y8
G1 X138.334 Y125.563 F7200
M205 X10 Y10
;WIDTH:0.236365
G1 F2400
G1 X138.165 Y125.428 E.00341
;WIDTH:0.19508
G1 X137.995 Y125.294 E.00268
;WIDTH:0.153512
G1 X137.823 Y125.158 E.00198
;WIDTH:0.132573
G1 X137.614 Y124.98 E.002
M205 X8 Y8
G1 X140.697 Y126.792 F7200
M205 X10 Y10
;WIDTH:0.201469
G1 F2400
G1 X140.565 Y126.7 E.00209
;WIDTH:0.157589
G1 X140.432 Y126.608 E.00151
;WIDTH:0.135649
G1 X140.299 Y126.516 E.00122
M205 X8 Y8
G1 X142.483 Y127.448 F7200
M205 X10 Y10
;WIDTH:0.149071
G1 F2400
G1 X142.211 Y127.28 E.00277
G1 E-4.5 F2700
;WIPE_START
G1 F2400
G1 X142.483 Y127.448 E-.475
;WIPE_END
G1 E-.025 F2700
M205 X8 Y8
G1 X137.846 Y121.386 Z1 F7200
G1 X118.623 Y96.255 Z1
G1 Z.6
G1 E5 F2400
M205 X10 Y10
;WIDTH:0.0917688
G1 X118.437 Y96.109 E.00094
M205 X8 Y8
G1 X117.292 Y95.5 F7200
M205 X10 Y10
;WIDTH:0.101289
G1 F2400
G1 X117.219 Y95.446 E.00043
;WIDTH:0.129695
G1 X117.109 Y95.37 E.00095
;WIDTH:0.166971
G1 X116.999 Y95.293 E.00136
;WIDTH:0.185608
G1 X116.889 Y95.217 E.00156
M205 X8 Y8
G1 X115.303 Y94.661 F7200
M205 X10 Y10
;WIDTH:0.101563
G1 F2400
G1 X115.038 Y94.495 E.0015
M205 X8 Y8
G1 X145.277 Y90.293 F7200
M205 X10 Y10
;TYPE:Internal solid infill
;WIDTH:0.565807
G1 F3600
M73 P34 R28
G1 X145.821 Y90.838 E.0328
G1 X146.691 Y90.77 E.03719
;WIDTH:0.52686
G1 X147.739 Y90.742 E.04132
G1 X149.062 Y90.769 E.0522
G1 X148.563 Y90.269 E.02785
G1 X146.724 Y90.274 E.07251
;WIDTH:0.554055
G1 X145.317 Y90.293 E.05861
M205 X8 Y8
G1 X144.142 Y89.823 F7200
M205 X10 Y10
;WIDTH:0.449999
G1 F3600
G1 X145.646 Y91.327 E.07056
G1 X146.729 Y91.22 E.0361
G1 X147.754 Y91.184 E.03403
G1 X149.245 Y91.219 E.04946
G1 X150.239 Y91.315 E.03314
G1 X148.747 Y89.823 E.06999
G1 X144.182 Y89.823 E.15145
M205 X8 Y8
G1 X143.159 Y89.416 F7200
M205 X10 Y10
G1 F3600
G1 X145.494 Y91.752 E.10956
G1 X146.756 Y91.626 E.04207
G1 X147.768 Y91.591 E.0336
G1 X149.242 Y91.626 E.04891
G1 X150.365 Y91.737 E.03741
G1 X151.406 Y91.906 E.03499
G1 X148.938 Y89.438 E.11579
G1 X147.807 Y89.416 E.03751
G1 X143.199 Y89.416 E.15286
; stop printing object V7_00_pH_fit_gauge_26_30_34.stl id:0 copy 0
;TIME_ELAPSED:892.720520

;LAYER_CHANGE
;:0.8
;HEIGHT:0.2
;BEFORE_LAYER_CHANGE
;0.8
G92 E0
;TIME_ELAPSED:948.073975
G1 E-4.5 F2700
;WIPE_START
G1 F3600
G1 X145.199 Y89.416 E-.475
;WIPE_END
G1 E-.025 F2700
;_SET_FAN_SPEED_CHANGING_LAYER
; OBJECT_ID: 15
; printing object V7_00_pH_fit_gauge_26_30_34.stl id:0 copy 0
M205 X8 Y8
G17
G3 Z1 I-1.056 J.604 P1  F7200
G1 X168.991 Y130.991 Z1
G1 Z.8
G1 E5 F2400
M205 X10 Y10
;TYPE:Inner wall
G1 F2700
G1 X51.009 Y130.991 E3.91366
G1 X51.009 Y89.009 E1.39261
G1 X168.991 Y89.009 E3.91366
G1 X168.991 Y130.951 E1.39128
M205 X8 Y8
G1 X169.398 Y131.398 F7200
M205 X10 Y10
G1 F2700
G1 X50.602 Y131.398 E3.94067
G1 X50.602 Y88.602 E1.41961
G1 X169.398 Y88.602 E3.94067
G1 X169.398 Y131.358 E1.41829
M205 X8 Y8
G1 X169.79 Y131.79 F7200
M205 X10 Y10
;TYPE:Outer wall
;WIDTH:0.419999
G1 F2400
G1 X50.21 Y131.79 E3.67435
G1 X50.21 Y88.21 E1.33909
G1 X169.79 Y88.21 E3.67435
G1 X169.79 Y131.75 E1.33786
G1 E-4.5 F2700
;WIPE_START
M73 P35 R28
G1 F2400
G1 X167.79 Y131.751 E-.475
;WIPE_END
G1 E-.025 F2700
M205 X8 Y8
G1 X161.574 Y127.322 Z1.2 F7200
G1 X130.626 Y105.274 Z1.2
G1 Z.8
G1 E5 F2400
M205 X10 Y10
;TYPE:Inner wall
;WIDTH:0.449999
G1 F2700
G1 X130.937 Y104.242 E.03577
G1 X131.35 Y103.138 E.03909
G1 X131.834 Y102.064 E.03909
G1 X132.388 Y101.024 E.03909
G1 X133.008 Y100.022 E.03909
G1 X133.711 Y99.037 E.04014
G1 X134.46 Y98.125 E.03912
G1 X135.265 Y97.265 E.03909
G1 X136.125 Y96.46 E.03909
G1 X137.036 Y95.712 E.0391
G1 X137.994 Y95.025 E.03909
G1 X138.995 Y94.403 E.03909
G1 X140.034 Y93.848 E.03909
G1 X141.108 Y93.361 E.03909
G1 X142.211 Y92.946 E.03909
G1 X143.339 Y92.604 E.03909
G1 X144.486 Y92.336 E.03909
G1 X145.649 Y92.144 E.03909
G1 X146.822 Y92.029 E.03909
G1 X148 Y91.99 E.03909
G1 X149.178 Y92.029 E.03909
G1 X150.351 Y92.144 E.03909
G1 X151.514 Y92.336 E.03909
G1 X152.661 Y92.604 E.03909
G1 X153.789 Y92.946 E.03909
G1 X154.892 Y93.361 E.03909
G1 X155.965 Y93.848 E.03909
G1 X157.005 Y94.403 E.03909
G1 X158.006 Y95.025 E.03909
G1 X158.964 Y95.712 E.03909
G1 X159.875 Y96.46 E.03909
G1 X160.735 Y97.265 E.03909
G1 X161.54 Y98.125 E.03909
G1 X162.288 Y99.036 E.03909
G1 X162.975 Y99.994 E.03909
G1 X163.597 Y100.995 E.03909
G1 X164.152 Y102.034 E.03909
G1 X164.639 Y103.108 E.03909
G1 X165.054 Y104.211 E.03909
G1 X165.396 Y105.339 E.03909
G1 X165.664 Y106.486 E.03909
G1 X165.856 Y107.649 E.03909
G1 X165.971 Y108.822 E.03909
G1 X166.01 Y110 E.03909
G1 X165.971 Y111.178 E.03909
G1 X165.856 Y112.351 E.03909
G1 X165.664 Y113.514 E.03909
G1 X165.396 Y114.661 E.03909
G1 X165.054 Y115.789 E.03909
G1 X164.639 Y116.892 E.03909
G1 X164.152 Y117.965 E.03909
G1 X163.597 Y119.005 E.03909
G1 X162.975 Y120.006 E.03909
G1 X162.288 Y120.964 E.03909
G1 X161.54 Y121.875 E.03909
G1 X160.735 Y122.735 E.03909
G1 X159.875 Y123.54 E.03909
G1 X158.964 Y124.288 E.03909
G1 X158.006 Y124.975 E.03909
G1 X157.005 Y125.597 E.03909
G1 X155.965 Y126.152 E.03909
G1 X154.892 Y126.639 E.03909
G1 X153.789 Y127.054 E.03909
G1 X152.661 Y127.396 E.03909
G1 X151.514 Y127.664 E.03909
G1 X150.351 Y127.856 E.03909
G1 X149.178 Y127.971 E.03909
G1 X148 Y128.01 E.03909
G1 X146.822 Y127.971 E.03909
G1 X145.649 Y127.856 E.03909
G1 X144.486 Y127.664 E.03909
G1 X143.339 Y127.396 E.03909
G1 X142.211 Y127.054 E.03909
G1 X141.108 Y126.639 E.03909
G1 X140.034 Y126.152 E.03909
G1 X138.995 Y125.597 E.03909
G1 X137.994 Y124.975 E.03909
G1 X137.036 Y124.288 E.03909
G1 X136.125 Y123.54 E.03909
G1 X135.265 Y122.735 E.03909
G1 X134.46 Y121.875 E.03909
G1 X133.732 Y120.989 E.03802
G1 X133.24 Y120.305 E.02796
G1 X132.539 Y119.224 E.04273
G1 X132.026 Y118.3 E.03504
G1 X131.35 Y116.862 E.05273
G1 X130.957 Y115.819 E.03695
G1 X130.742 Y115.115 E.02443
G1 X130.597 Y114.63 E.01681
G1 X130.344 Y113.545 E.03695
G1 X130.15 Y112.383 E.03909
G1 X130.032 Y111.21 E.03909
G1 X129.991 Y110.032 E.03909
G1 X130.024 Y108.985 E.03475
G1 X130.115 Y107.942 E.03472
G1 X130.267 Y106.909 E.03466
G1 X130.597 Y105.37 E.05219
G1 X130.614 Y105.313 E.002
M205 X8 Y8
G1 X131.017 Y105.387 F7200
M205 X10 Y10
G1 F2700
G1 X131.443 Y104.047 E.04663
G1 X131.731 Y103.282 E.02713
G1 X132.205 Y102.232 E.03821
G1 X132.747 Y101.216 E.03821
G1 X133.354 Y100.237 E.03821
G1 X134.035 Y99.285 E.03883
G1 X134.766 Y98.394 E.03822
G1 X135.553 Y97.553 E.03821
G1 X136.394 Y96.766 E.03821
G1 X137.284 Y96.035 E.03821
G1 X138.221 Y95.364 E.03821
G1 X139.199 Y94.756 E.03821
G1 X140.215 Y94.213 E.03821
G1 X141.264 Y93.738 E.03821
G1 X142.342 Y93.332 E.03821
G1 X143.444 Y92.997 E.03821
G1 X144.566 Y92.736 E.03821
G1 X145.702 Y92.548 E.03821
G1 X146.849 Y92.435 E.03821
G1 X148 Y92.398 E.03821
G1 X149.151 Y92.435 E.03821
G1 X150.298 Y92.548 E.03821
G1 X151.434 Y92.736 E.03821
G1 X152.556 Y92.997 E.03821
G1 X153.658 Y93.332 E.03821
G1 X154.736 Y93.737 E.03821
G1 X155.785 Y94.213 E.03821
G1 X156.801 Y94.756 E.03821
G1 X157.779 Y95.364 E.03821
G1 X158.716 Y96.035 E.03821
G1 X159.606 Y96.766 E.03821
G1 X160.447 Y97.553 E.03821
G1 X161.234 Y98.394 E.03821
G1 X161.965 Y99.284 E.03821
G1 X162.636 Y100.221 E.03821
G1 X163.244 Y101.199 E.03821
G1 X163.787 Y102.215 E.03821
G1 X164.263 Y103.264 E.03821
G1 X164.668 Y104.342 E.03821
G1 X165.003 Y105.444 E.03821
G1 X165.264 Y106.566 E.03821
G1 X165.452 Y107.702 E.03821
G1 X165.565 Y108.849 E.03821
G1 X165.602 Y110 E.03821
G1 X165.565 Y111.151 E.03821
G1 X165.452 Y112.298 E.03821
G1 X165.264 Y113.434 E.03821
G1 X165.003 Y114.556 E.03821
G1 X164.668 Y115.658 E.03821
G1 X164.263 Y116.736 E.03821
G1 X163.787 Y117.785 E.03821
G1 X163.244 Y118.801 E.03821
G1 X162.636 Y119.779 E.03821
G1 X161.965 Y120.716 E.03821
G1 X161.234 Y121.606 E.03821
G1 X160.447 Y122.447 E.03821
G1 X159.606 Y123.234 E.03821
G1 X158.716 Y123.965 E.03821
G1 X157.779 Y124.636 E.03821
G1 X156.801 Y125.244 E.03821
G1 X155.785 Y125.787 E.03821
G1 X154.736 Y126.262 E.03821
G1 X153.658 Y126.668 E.03821
G1 X152.556 Y127.003 E.03821
G1 X151.434 Y127.264 E.03821
G1 X150.298 Y127.452 E.03821
G1 X149.151 Y127.565 E.03821
G1 X148 Y127.602 E.03821
G1 X146.849 Y127.565 E.03821
G1 X145.702 Y127.452 E.03821
G1 X144.566 Y127.264 E.03821
G1 X143.444 Y127.003 E.03821
G1 X142.342 Y126.668 E.03821
G1 X141.264 Y126.263 E.03821
G1 X140.215 Y125.787 E.03821
G1 X139.199 Y125.244 E.03821
G1 X138.221 Y124.636 E.03821
G1 X137.284 Y123.965 E.03821
G1 X136.394 Y123.234 E.03821
G1 X135.553 Y122.447 E.03821
G1 X134.766 Y121.606 E.03821
G1 X134.047 Y120.73 E.03758
G1 X133.571 Y120.068 E.02708
G1 X132.885 Y119.009 E.04185
G1 X132.385 Y118.108 E.03415
G1 X131.731 Y116.718 E.05096
G1 X131.338 Y115.676 E.03695
G1 X131.131 Y114.997 E.02354
G1 X130.926 Y114.248 E.02576
G1 X130.74 Y113.453 E.0271
G1 X130.551 Y112.316 E.03821
G1 X130.437 Y111.17 E.03821
G1 X130.398 Y110.019 E.03821
G1 X130.43 Y108.999 E.03387
G1 X130.521 Y107.982 E.03384
G1 X130.668 Y106.975 E.03378
G1 X130.993 Y105.463 E.05131
G1 X131.005 Y105.425 E.00131
M205 X8 Y8
G1 X131.39 Y105.505 F7200
M205 X10 Y10
;TYPE:Outer wall
;WIDTH:0.419999
G1 F2400
G1 X131.81 Y104.185 E.04256
G1 X132.098 Y103.42 E.02513
G1 X132.562 Y102.394 E.0346
G1 X133.093 Y101.4 E.0346
G1 X133.687 Y100.444 E.0346
G1 X134.346 Y99.523 E.03479
G1 X135.061 Y98.653 E.03461
G1 X135.831 Y97.831 E.0346
G1 X136.653 Y97.061 E.0346
G1 X137.523 Y96.346 E.03461
G1 X138.439 Y95.69 E.0346
G1 X139.395 Y95.096 E.03461
G1 X140.388 Y94.565 E.0346
G1 X141.414 Y94.1 E.0346
G1 X142.468 Y93.703 E.0346
G1 X143.546 Y93.376 E.03461
G1 X144.642 Y93.121 E.0346
G1 X145.754 Y92.937 E.03461
G1 X146.874 Y92.827 E.0346
G1 X148 Y92.79 E.0346
G1 X149.126 Y92.827 E.03461
G1 X150.246 Y92.937 E.0346
G1 X151.358 Y93.121 E.03461
G1 X152.454 Y93.376 E.0346
G1 X153.532 Y93.703 E.0346
G1 X154.586 Y94.1 E.0346
G1 X155.612 Y94.565 E.03461
G1 X156.605 Y95.096 E.0346
G1 X157.561 Y95.69 E.03461
G1 X158.477 Y96.346 E.0346
G1 X159.347 Y97.061 E.03461
G1 X160.169 Y97.831 E.0346
G1 X160.939 Y98.653 E.0346
G1 X161.654 Y99.523 E.03461
G1 X162.31 Y100.439 E.0346
G1 X162.904 Y101.395 E.03461
G1 X163.435 Y102.388 E.0346
G1 X163.9 Y103.414 E.03461
G1 X164.297 Y104.468 E.0346
G1 X164.624 Y105.546 E.0346
G1 X164.879 Y106.642 E.03461
G1 X165.063 Y107.754 E.03461
G1 X165.173 Y108.874 E.0346
G1 X165.21 Y110 E.0346
G1 X165.173 Y111.126 E.0346
G1 X165.063 Y112.246 E.0346
G1 X164.879 Y113.358 E.03461
G1 X164.624 Y114.454 E.0346
G1 X164.297 Y115.532 E.0346
G1 X163.9 Y116.586 E.03461
G1 X163.435 Y117.612 E.0346
G1 X162.904 Y118.605 E.0346
G1 X162.31 Y119.561 E.03461
G1 X161.654 Y120.477 E.0346
G1 X160.939 Y121.347 E.0346
G1 X160.169 Y122.169 E.0346
G1 X159.347 Y122.939 E.0346
G1 X158.477 Y123.654 E.03461
G1 X157.561 Y124.31 E.0346
G1 X156.605 Y124.904 E.03461
G1 X155.612 Y125.435 E.0346
G1 X154.586 Y125.9 E.0346
G1 X153.532 Y126.297 E.03461
G1 X152.454 Y126.624 E.0346
G1 X151.358 Y126.879 E.0346
G1 X150.246 Y127.063 E.03461
G1 X149.126 Y127.173 E.0346
G1 X148 Y127.21 E.0346
G1 X146.874 Y127.173 E.03461
G1 X145.754 Y127.063 E.0346
G1 X144.642 Y126.879 E.03461
G1 X143.546 Y126.624 E.0346
G1 X142.468 Y126.297 E.03461
G1 X141.414 Y125.9 E.0346
G1 X140.388 Y125.435 E.03461
G1 X139.395 Y124.904 E.0346
G1 X138.439 Y124.31 E.03461
G1 X137.523 Y123.654 E.0346
G1 X136.653 Y122.939 E.03461
G1 X135.831 Y122.169 E.0346
G1 X135.061 Y121.347 E.0346
G1 X134.35 Y120.482 E.03442
G1 X133.889 Y119.839 E.0243
G1 X133.218 Y118.801 E.03798
G1 X132.731 Y117.923 E.03085
G1 X132.295 Y117.016 E.03093
G1 X131.705 Y115.538 E.0489
G1 X131.308 Y114.159 E.04409
G1 X131.122 Y113.364 E.0251
G1 X130.938 Y112.252 E.0346
G1 X130.827 Y111.132 E.0346
G1 X130.79 Y110.006 E.0346
G1 X130.822 Y109.011 E.03058
G1 X130.911 Y108.021 E.03056
G1 X131.055 Y107.039 E.0305
G1 X131.375 Y105.552 E.04674
G1 X131.378 Y105.543 E.00027
G1 E-4.5 F2700
;WIPE_START
G1 F2400
G1 X131.81 Y104.185 E-.3385
G1 X132.012 Y103.647 E-.1365
;WIPE_END
G1 E-.025 F2700
M205 X8 Y8
G1 X127.974 Y110.124 Z1.2 F7200
G1 X125.458 Y114.158 Z1.2
G1 Z.8
G1 E5 F2400
M205 X10 Y10
;TYPE:Inner wall
;WIDTH:0.449999
G1 F2700
G1 X125.298 Y114.692 E.01848
G1 X125.149 Y115.176 E.01681
G1 X124.802 Y116.096 E.03261
G1 X124.343 Y117.109 E.03689
G1 X123.878 Y117.979 E.03273
G1 X123.443 Y118.684 E.02746
G1 X122.775 Y119.643 E.03878
G1 X122.057 Y120.531 E.03787
G1 X121.343 Y121.297 E.03475
G1 X120.58 Y122.015 E.03475
G1 X119.771 Y122.681 E.03475
G1 X118.921 Y123.293 E.03475
G1 X118.032 Y123.848 E.03475
G1 X117.109 Y124.343 E.03475
G1 X116.156 Y124.778 E.03475
G1 X115.176 Y125.149 E.03475
G1 X114.175 Y125.455 E.03475
G1 X113.155 Y125.695 E.03475
G1 X112.122 Y125.867 E.03475
G1 X111.079 Y125.972 E.03475
G1 X110.032 Y126.009 E.03475
G1 X108.985 Y125.976 E.03475
G1 X107.942 Y125.876 E.03475
G1 X106.909 Y125.707 E.03475
G1 X105.888 Y125.472 E.03475
G1 X104.885 Y125.169 E.03475
G1 X103.904 Y124.802 E.03475
G1 X102.949 Y124.372 E.03475
G1 X102.024 Y123.88 E.03475
G1 X101.133 Y123.329 E.03475
G1 X100.28 Y122.72 E.03475
G1 X99.469 Y122.057 E.03475
G1 X98.703 Y121.343 E.03475
G1 X97.985 Y120.58 E.03475
G1 X97.319 Y119.771 E.03475
G1 X96.707 Y118.921 E.03475
G1 X96.271 Y118.224 E.02728
G1 X95.82 Y117.415 E.0307
G1 X95.198 Y116.096 E.04839
G1 X94.851 Y115.176 E.03261
G1 X94.636 Y114.472 E.02443
G1 X94.491 Y113.951 E.01796
G1 X94.305 Y113.155 E.0271
G1 X94.133 Y112.122 E.03475
G1 X94.028 Y111.079 E.03475
G1 X93.991 Y110.032 E.03475
G1 X94.024 Y108.985 E.03475
G1 X94.098 Y108.204 E.02605
G1 X94.228 Y107.299 E.03032
G1 X94.528 Y105.888 E.04785
G1 X94.91 Y104.669 E.04237
G1 X95.198 Y103.904 E.02712
G1 X95.497 Y103.239 E.02419
G1 X95.82 Y102.585 E.0242
G1 X96.12 Y102.024 E.0211
G1 X96.594 Y101.257 E.02992
G1 X97.28 Y100.28 E.03957
G1 X97.943 Y99.469 E.03475
G1 X98.657 Y98.703 E.03475
G1 X99.42 Y97.985 E.03475
G1 X100.229 Y97.319 E.03475
G1 X101.079 Y96.707 E.03475
G1 X101.968 Y96.152 E.03475
G1 X102.891 Y95.657 E.03475
G1 X103.844 Y95.222 E.03475
G1 X104.824 Y94.851 E.03475
G1 X105.825 Y94.545 E.03475
G1 X106.845 Y94.305 E.03475
G1 X107.878 Y94.133 E.03475
G1 X108.921 Y94.028 E.03475
G1 X109.968 Y93.991 E.03475
G1 X111.015 Y94.024 E.03475
G1 X112.058 Y94.124 E.03475
G1 X113.091 Y94.293 E.03475
G1 X114.112 Y94.528 E.03475
G1 X115.115 Y94.831 E.03475
G1 X116.096 Y95.198 E.03475
G1 X117.051 Y95.628 E.03475
G1 X117.976 Y96.12 E.03475
G1 X118.867 Y96.671 E.03475
G1 X119.72 Y97.28 E.03475
G1 X120.531 Y97.943 E.03475
G1 X121.297 Y98.657 E.03475
G1 X122.015 Y99.42 E.03475
G1 X122.531 Y100.046 E.0269
G1 X123.293 Y101.079 E.04259
G1 X123.848 Y101.968 E.03475
G1 X124.343 Y102.891 E.03475
G1 X124.778 Y103.844 E.03475
G1 X125.003 Y104.436 E.02102
G1 X125.298 Y105.308 E.03052
G1 X125.455 Y105.825 E.01794
G1 X125.604 Y106.455 E.02146
G1 X125.824 Y107.617 E.03925
G1 X125.959 Y108.79 E.03915
G1 X126.009 Y109.968 E.0391
G1 X125.976 Y111.015 E.03475
G1 X125.876 Y112.058 E.03475
G1 X125.707 Y113.091 E.03475
G1 X125.472 Y114.112 E.03475
G1 X125.469 Y114.12 E.00028
M205 X8 Y8
G1 X125.068 Y114.042 F7200
M205 X10 Y10
G1 F2700
G1 X124.908 Y114.574 E.01842
G1 X124.421 Y115.953 E.04851
G1 X124.188 Y116.471 E.01886
G1 X123.679 Y117.489 E.03774
G1 X123.097 Y118.469 E.0378
G1 X122.444 Y119.406 E.0379
G1 X121.743 Y120.273 E.03699
G1 X121.046 Y121.019 E.03387
G1 X120.301 Y121.717 E.03387
G1 X119.513 Y122.366 E.03387
G1 X118.684 Y122.962 E.03387
G1 X117.817 Y123.502 E.03387
G1 X116.918 Y123.984 E.03387
G1 X115.988 Y124.407 E.03387
G1 X115.033 Y124.768 E.03387
G1 X114.056 Y125.065 E.03387
G1 X113.062 Y125.298 E.03387
G1 X112.055 Y125.466 E.03387
G1 X111.039 Y125.567 E.03387
G1 X110.019 Y125.602 E.03387
G1 X108.999 Y125.57 E.03387
G1 X107.982 Y125.471 E.03387
G1 X106.975 Y125.306 E.03387
G1 X105.98 Y125.075 E.03387
G1 X105.003 Y124.78 E.03387
G1 X104.047 Y124.421 E.03387
G1 X103.117 Y124.001 E.03387
G1 X102.216 Y123.521 E.03387
G1 X101.348 Y122.983 E.03387
G1 X100.517 Y122.389 E.03387
G1 X99.727 Y121.743 E.03387
G1 X98.981 Y121.046 E.03387
G1 X98.283 Y120.301 E.03387
G1 X97.634 Y119.513 E.03387
G1 X97.038 Y118.684 E.03387
G1 X96.617 Y118.009 E.0264
G1 X96.179 Y117.224 E.02981
G1 X95.579 Y115.953 E.04662
G1 X95.232 Y115.033 E.03261
G1 X95.025 Y114.354 E.02354
G1 X94.887 Y113.858 E.01708
G1 X94.702 Y113.062 E.0271
G1 X94.534 Y112.055 E.03387
G1 X94.433 Y111.039 E.03387
G1 X94.398 Y110.019 E.03387
G1 X94.43 Y108.999 E.03387
G1 X94.504 Y108.243 E.02516
G1 X94.63 Y107.365 E.02944
G1 X94.925 Y105.98 E.04696
G1 X95.138 Y105.274 E.02448
G1 X95.466 Y104.346 E.03265
G1 X95.999 Y103.117 E.04444
G1 X96.479 Y102.216 E.03387
G1 X96.94 Y101.472 E.02904
G1 X97.611 Y100.517 E.03869
G1 X98.257 Y99.727 E.03387
G1 X98.954 Y98.981 E.03387
G1 X99.699 Y98.283 E.03387
G1 X100.487 Y97.634 E.03387
G1 X101.316 Y97.038 E.03387
G1 X102.183 Y96.498 E.03387
G1 X103.082 Y96.016 E.03387
G1 X104.012 Y95.593 E.03387
G1 X104.967 Y95.232 E.03387
G1 X105.944 Y94.935 E.03387
G1 X106.938 Y94.702 E.03387
G1 X107.945 Y94.534 E.03387
G1 X108.961 Y94.433 E.03387
G1 X109.981 Y94.398 E.03387
G1 X111.001 Y94.43 E.03387
G1 X112.018 Y94.529 E.03387
G1 X113.025 Y94.694 E.03387
G1 X114.02 Y94.925 E.03387
G1 X114.997 Y95.22 E.03387
G1 X115.953 Y95.579 E.03387
G1 X116.883 Y95.999 E.03387
G1 X117.784 Y96.479 E.03387
G1 X118.652 Y97.017 E.03387
G1 X119.483 Y97.611 E.03387
G1 X120.273 Y98.257 E.03387
G1 X121.019 Y98.954 E.03387
G1 X121.717 Y99.699 E.03387
G1 X122.216 Y100.304 E.02602
G1 X122.962 Y101.316 E.04171
G1 X123.502 Y102.183 E.03387
G1 X123.984 Y103.082 E.03387
G1 X124.407 Y104.012 E.03387
G1 X124.622 Y104.58 E.02013
G1 X124.908 Y105.426 E.02964
G1 X125.065 Y105.944 E.01794
G1 X125.207 Y106.547 E.02058
G1 X125.423 Y107.684 E.03836
G1 X125.554 Y108.83 E.03827
G1 X125.602 Y109.981 E.03822
G1 X125.57 Y111.001 E.03387
G1 X125.471 Y112.018 E.03387
G1 X125.306 Y113.025 E.03387
G1 X125.079 Y114.004 E.03332
M205 X8 Y8
G1 X124.693 Y113.931 F7200
M205 X10 Y10
;TYPE:Outer wall
;WIDTH:0.419999
G1 F2400
G1 X124.533 Y114.46 E.017
G1 X124.054 Y115.815 E.04415
G1 X123.831 Y116.31 E.01668
G1 X123.333 Y117.304 E.03417
G1 X122.764 Y118.261 E.03422
G1 X122.126 Y119.178 E.03432
G1 X121.439 Y120.024 E.03347
G1 X120.759 Y120.751 E.03058
G1 X120.033 Y121.431 E.03058
G1 X119.264 Y122.063 E.03058
G1 X118.455 Y122.643 E.03058
G1 X117.61 Y123.169 E.03058
G1 X116.733 Y123.639 E.03058
G1 X115.826 Y124.05 E.03058
G1 X114.895 Y124.401 E.03058
G1 X113.943 Y124.69 E.03058
G1 X112.973 Y124.916 E.03058
G1 X111.991 Y125.079 E.03058
G1 X111.001 Y125.177 E.03058
G1 X110.006 Y125.21 E.03058
G1 X109.011 Y125.178 E.03058
G1 X108.021 Y125.081 E.03058
G1 X107.039 Y124.919 E.03058
G1 X106.069 Y124.693 E.03058
G1 X105.117 Y124.405 E.03058
G1 X104.185 Y124.054 E.03058
G1 X103.278 Y123.644 E.03058
G1 X102.4 Y123.175 E.03058
G1 X101.555 Y122.65 E.03058
G1 X100.746 Y122.071 E.03058
G1 X99.976 Y121.439 E.03058
G1 X99.249 Y120.759 E.03058
G1 X98.569 Y120.033 E.03058
G1 X97.937 Y119.264 E.03058
G1 X97.357 Y118.455 E.03058
G1 X96.95 Y117.802 E.02366
G1 X96.525 Y117.039 E.02683
G1 X96.143 Y116.251 E.02691
G1 X95.805 Y115.441 E.02697
G1 X95.599 Y114.895 E.01792
G1 X95.4 Y114.24 E.02102
G1 X95.073 Y112.914 E.04196
G1 X94.921 Y111.991 E.02874
G1 X94.823 Y111.001 E.03058
G1 X94.79 Y110.006 E.03058
G1 X94.822 Y109.011 E.03058
G1 X94.894 Y108.282 E.02252
G1 X95.017 Y107.429 E.02648
G1 X95.307 Y106.069 E.04272
G1 X95.513 Y105.388 E.02189
G1 X95.833 Y104.484 E.02946
G1 X96.356 Y103.278 E.04038
G1 X96.825 Y102.4 E.03058
G1 X97.273 Y101.679 E.02611
G1 X97.929 Y100.746 E.03505
G1 X98.561 Y99.976 E.03058
G1 X99.241 Y99.249 E.03058
G1 X99.967 Y98.569 E.03058
G1 X100.736 Y97.937 E.03058
G1 X101.545 Y97.357 E.03058
G1 X102.39 Y96.831 E.03058
G1 X103.267 Y96.361 E.03058
G1 X104.174 Y95.95 E.03058
G1 X105.105 Y95.599 E.03058
G1 X106.057 Y95.31 E.03058
G1 X107.027 Y95.084 E.03058
G1 X108.009 Y94.921 E.03058
G1 X108.999 Y94.823 E.03058
G1 X109.994 Y94.79 E.03058
G1 X110.989 Y94.822 E.03058
G1 X111.979 Y94.919 E.03058
G1 X112.961 Y95.081 E.03058
G1 X113.931 Y95.307 E.03058
G1 X114.883 Y95.595 E.03058
G1 X115.815 Y95.946 E.03058
G1 X116.722 Y96.356 E.03058
G1 X117.6 Y96.825 E.03058
G1 X118.445 Y97.35 E.03058
G1 X119.254 Y97.929 E.03058
G1 X120.024 Y98.561 E.03058
G1 X120.751 Y99.241 E.03058
G1 X121.431 Y99.967 E.03058
G1 X121.913 Y100.553 E.02331
G1 X122.643 Y101.545 E.03784
G1 X123.169 Y102.39 E.03058
G1 X123.639 Y103.267 E.03058
G1 X124.05 Y104.174 E.03058
G1 X124.255 Y104.718 E.01786
G1 X124.533 Y105.54 E.02667
G1 X124.69 Y106.057 E.01662
G1 X124.825 Y106.636 E.01827
G1 X125.036 Y107.748 E.03475
G1 X125.164 Y108.868 E.03466
G1 X125.21 Y109.994 E.03461
G1 X125.178 Y110.989 E.03058
G1 X125.081 Y111.979 E.03058
G1 X124.919 Y112.961 E.03058
G1 X124.702 Y113.892 E.02935
G1 E-4.5 F2700
;WIPE_START
G1 F2400
G1 X124.533 Y114.46 E-.14088
G1 X124.064 Y115.787 E-.33412
;WIPE_END
G1 E-.025 F2700
M205 X8 Y8
G1 X116.471 Y115.014 Z1.2 F7200
G1 X58.024 Y109.067 Z1.2
G1 Z.8
G1 E5 F2400
M205 X10 Y10
;TYPE:Inner wall
;WIDTH:0.449999
G1 F2700
G1 X58.107 Y108.204 E.02877
G1 X58.254 Y107.299 E.03041
G1 X58.46 Y106.406 E.03041
G1 X58.724 Y105.528 E.03041
G1 X59.045 Y104.669 E.03041
G1 X59.422 Y103.833 E.03041
G1 X59.852 Y103.024 E.03041
G1 X60.334 Y102.244 E.03041
G1 X60.867 Y101.498 E.03041
G1 X61.336 Y100.922 E.02464
G1 X62.063 Y100.126 E.03575
G1 X62.739 Y99.489 E.03082
G1 X63.446 Y98.906 E.03041
G1 X64.19 Y98.37 E.03041
G1 X64.968 Y97.884 E.03041
G1 X65.775 Y97.45 E.03041
G1 X66.609 Y97.07 E.03041
G1 X67.466 Y96.745 E.03041
G1 X68.343 Y96.477 E.03041
G1 X69.235 Y96.267 E.03041
G1 X70.139 Y96.115 E.03041
G1 X71.052 Y96.023 E.03041
G1 X71.794 Y95.997 E.02464
G1 X72.872 Y96.019 E.03575
G1 X73.796 Y96.107 E.03082
G1 X74.701 Y96.254 E.03041
G1 X75.594 Y96.46 E.03041
G1 X76.472 Y96.724 E.03041
G1 X77.331 Y97.045 E.03041
G1 X78.167 Y97.422 E.03041
G1 X78.976 Y97.852 E.03041
G1 X79.756 Y98.334 E.03041
G1 X80.502 Y98.867 E.03041
G1 X81.212 Y99.446 E.03041
G1 X81.883 Y100.072 E.03041
G1 X82.511 Y100.739 E.03041
G1 X83.094 Y101.446 E.03041
G1 X83.63 Y102.19 E.03041
G1 X84.116 Y102.968 E.03041
G1 X84.456 Y103.6 E.02382
G1 X85.013 Y104.824 E.04459
G1 X85.255 Y105.466 E.02279
G1 X85.475 Y106.184 E.0249
G1 X85.642 Y106.845 E.02261
G1 X85.841 Y107.878 E.03491
G1 X85.957 Y108.854 E.03258
G1 X86.008 Y109.955 E.03658
G1 X85.981 Y110.884 E.03082
G1 X85.893 Y111.796 E.03041
G1 X85.746 Y112.701 E.03041
G1 X85.54 Y113.594 E.03041
G1 X85.366 Y114.175 E.02009
G1 X84.955 Y115.331 E.04072
G1 X84.583 Y116.156 E.03002
G1 X84.306 Y116.681 E.01969
G1 X83.78 Y117.572 E.03434
G1 X83.273 Y118.307 E.02961
G1 X82.668 Y119.074 E.03241
G1 X81.937 Y119.874 E.03593
G1 X81.261 Y120.511 E.03082
G1 X80.554 Y121.094 E.03041
G1 X79.81 Y121.63 E.03041
G1 X79.032 Y122.116 E.03041
G1 X78.225 Y122.55 E.03041
G1 X77.391 Y122.93 E.03041
G1 X76.534 Y123.255 E.03041
G1 X75.657 Y123.523 E.03041
G1 X74.765 Y123.733 E.03041
G1 X73.861 Y123.885 E.03041
G1 X72.948 Y123.977 E.03041
G1 X72.032 Y124.009 E.03041
G1 X71.116 Y123.981 E.03041
G1 X70.204 Y123.893 E.03041
G1 X69.299 Y123.746 E.03041
G1 X68.406 Y123.54 E.03041
G1 X67.528 Y123.276 E.03041
G1 X66.669 Y122.955 E.03041
G1 X65.833 Y122.578 E.03041
G1 X65.024 Y122.148 E.03041
G1 X64.244 Y121.666 E.03041
G1 X63.498 Y121.133 E.03041
G1 X62.788 Y120.554 E.03041
G1 X62.117 Y119.928 E.03041
G1 X61.489 Y119.261 E.03041
G1 X60.906 Y118.554 E.03041
G1 X60.37 Y117.81 E.03041
G1 X59.884 Y117.032 E.03041
G1 X59.532 Y116.378 E.02464
G1 X59.075 Y115.402 E.03575
G1 X58.745 Y114.534 E.03082
G1 X58.477 Y113.657 E.03041
G1 X58.267 Y112.765 E.03041
G1 X58.115 Y111.861 E.03041
G1 X58.023 Y110.948 E.03041
G1 X57.991 Y110.032 E.03041
G1 X58.019 Y109.116 E.03041
G1 X58.02 Y109.107 E.00031
M205 X8 Y8
G1 X58.428 Y109.106 F7200
M205 X10 Y10
G1 F2700
G1 X58.512 Y108.243 E.02873
G1 X58.656 Y107.365 E.02953
G1 X58.857 Y106.498 E.02952
G1 X59.114 Y105.646 E.02953
G1 X59.426 Y104.812 E.02953
G1 X59.793 Y104.001 E.02953
G1 X60.211 Y103.216 E.02953
G1 X60.68 Y102.459 E.02952
G1 X61.197 Y101.735 E.02953
G1 X61.645 Y101.188 E.02343
G1 X62.364 Y100.401 E.03537
G1 X63.017 Y99.786 E.02977
G1 X63.705 Y99.221 E.02953
G1 X64.427 Y98.701 E.02953
G1 X65.183 Y98.23 E.02953
G1 X65.967 Y97.809 E.02952
G1 X66.777 Y97.441 E.02953
G1 X67.61 Y97.126 E.02952
G1 X68.461 Y96.867 E.02953
G1 X69.328 Y96.663 E.02952
G1 X70.206 Y96.517 E.02953
G1 X71.091 Y96.429 E.02953
G1 X71.797 Y96.404 E.02343
G1 X72.863 Y96.426 E.03537
G1 X73.757 Y96.512 E.02977
G1 X74.635 Y96.656 E.02953
G1 X75.502 Y96.857 E.02952
G1 X76.354 Y97.114 E.02953
G1 X77.188 Y97.426 E.02952
G1 X77.999 Y97.793 E.02953
G1 X78.784 Y98.211 E.02952
G1 X79.541 Y98.68 E.02953
G1 X80.265 Y99.197 E.02953
G1 X80.954 Y99.761 E.02953
G1 X81.604 Y100.369 E.02952
G1 X82.214 Y101.017 E.02952
G1 X82.779 Y101.705 E.02953
G1 X83.299 Y102.427 E.02952
G1 X83.77 Y103.183 E.02953
G1 X84.097 Y103.792 E.02294
G1 X84.632 Y104.967 E.04283
G1 X84.874 Y105.61 E.02279
G1 X85.085 Y106.302 E.02402
G1 X85.246 Y106.938 E.02173
G1 X85.44 Y107.945 E.03402
G1 X85.552 Y108.894 E.0317
G1 X85.602 Y109.974 E.03586
G1 X85.574 Y110.871 E.02977
G1 X85.488 Y111.757 E.02953
G1 X85.344 Y112.635 E.02953
G1 X85.143 Y113.502 E.02952
G1 X84.976 Y114.056 E.0192
G1 X84.574 Y115.188 E.03983
G1 X84.212 Y115.988 E.02913
G1 X83.947 Y116.489 E.0188
G1 X83.434 Y117.357 E.03346
G1 X82.942 Y118.07 E.02873
G1 X82.358 Y118.809 E.03126
G1 X81.636 Y119.599 E.03548
G1 X80.983 Y120.214 E.02977
G1 X80.295 Y120.779 E.02953
G1 X79.573 Y121.299 E.02953
G1 X78.817 Y121.77 E.02953
G1 X78.033 Y122.191 E.02952
G1 X77.223 Y122.559 E.02953
G1 X76.39 Y122.874 E.02952
G1 X75.539 Y123.133 E.02953
G1 X74.672 Y123.337 E.02952
G1 X73.794 Y123.483 E.02953
G1 X72.909 Y123.571 E.02953
G1 X72.019 Y123.602 E.02953
G1 X71.129 Y123.574 E.02953
G1 X70.243 Y123.488 E.02953
G1 X69.365 Y123.344 E.02953
G1 X68.498 Y123.143 E.02952
G1 X67.646 Y122.886 E.02953
G1 X66.812 Y122.574 E.02952
G1 X66.001 Y122.207 E.02953
G1 X65.216 Y121.789 E.02952
G1 X64.459 Y121.32 E.02953
G1 X63.735 Y120.803 E.02953
G1 X63.046 Y120.239 E.02953
G1 X62.396 Y119.631 E.02952
G1 X61.786 Y118.983 E.02952
G1 X61.221 Y118.295 E.02953
G1 X60.701 Y117.573 E.02953
G1 X60.23 Y116.817 E.02952
G1 X59.896 Y116.195 E.02343
G1 X59.444 Y115.229 E.03537
G1 X59.126 Y114.39 E.02977
G1 X58.867 Y113.539 E.02953
G1 X58.663 Y112.672 E.02953
G1 X58.517 Y111.794 E.02953
G1 X58.429 Y110.909 E.02953
G1 X58.398 Y110.019 E.02953
G1 X58.426 Y109.145 E.02899
M205 X8 Y8
G1 X58.818 Y109.142 F7200
M205 X10 Y10
;TYPE:Outer wall
;WIDTH:0.419999
G1 F2400
G1 X58.902 Y108.282 E.02656
G1 X59.043 Y107.429 E.02656
G1 X59.239 Y106.587 E.02656
G1 X59.489 Y105.76 E.02656
G1 X59.793 Y104.95 E.02656
G1 X60.15 Y104.163 E.02656
G1 X60.557 Y103.4 E.02656
G1 X61.013 Y102.666 E.02656
G1 X61.516 Y101.963 E.02656
G1 X61.941 Y101.444 E.02061
G1 X62.653 Y100.665 E.03243
G1 X63.285 Y100.072 E.02664
G1 X63.953 Y99.524 E.02656
G1 X64.656 Y99.02 E.02656
G1 X65.39 Y98.563 E.02656
G1 X66.152 Y98.155 E.02656
G1 X66.939 Y97.798 E.02656
G1 X67.748 Y97.493 E.02656
G1 X68.575 Y97.242 E.02656
G1 X69.417 Y97.045 E.02656
G1 X70.27 Y96.904 E.02656
G1 X71.13 Y96.819 E.02656
G1 X71.8 Y96.796 E.02061
G1 X72.855 Y96.818 E.03243
G1 X73.718 Y96.902 E.02664
G1 X74.571 Y97.043 E.02656
G1 X75.413 Y97.239 E.02656
G1 X76.24 Y97.489 E.02656
G1 X77.05 Y97.793 E.02656
G1 X77.837 Y98.15 E.02656
G1 X78.6 Y98.557 E.02656
G1 X79.334 Y99.013 E.02656
G1 X80.037 Y99.516 E.02656
G1 X80.705 Y100.064 E.02656
G1 X81.336 Y100.655 E.02656
G1 X81.928 Y101.285 E.02656
G1 X82.476 Y101.953 E.02656
G1 X82.98 Y102.656 E.02656
G1 X83.437 Y103.39 E.02656
G1 X83.751 Y103.977 E.02046
G1 X84.066 Y104.648 E.02277
G1 X84.407 Y105.483 E.02773
G1 X84.601 Y106.057 E.01863
G1 X84.758 Y106.575 E.01662
G1 X84.944 Y107.371 E.0251
G1 X85.053 Y108.009 E.01989
M73 P35 R27
G1 X85.162 Y108.932 E.02858
G1 X85.21 Y109.991 E.03258
G1 X85.182 Y110.858 E.02664
G1 X85.098 Y111.718 E.02656
G1 X84.957 Y112.571 E.02656
G1 X84.761 Y113.413 E.02656
G1 X84.601 Y113.943 E.017
G1 X84.207 Y115.05 E.03611
G1 X83.855 Y115.826 E.0262
G1 X83.601 Y116.304 E.01663
G1 X83.101 Y117.15 E.0302
G1 X82.624 Y117.842 E.02582
G1 X82.059 Y118.555 E.02793
G1 X81.347 Y119.335 E.03246
G1 X80.715 Y119.928 E.02664
G1 X80.047 Y120.476 E.02656
G1 X79.344 Y120.98 E.02656
G1 X78.61 Y121.437 E.02656
G1 X77.848 Y121.845 E.02656
G1 X77.061 Y122.202 E.02656
G1 X76.252 Y122.507 E.02656
G1 X75.425 Y122.758 E.02656
G1 X74.583 Y122.955 E.02656
G1 X73.73 Y123.096 E.02656
G1 X72.87 Y123.181 E.02656
G1 X72.006 Y123.21 E.02656
G1 X71.142 Y123.182 E.02656
G1 X70.282 Y123.098 E.02656
G1 X69.429 Y122.957 E.02656
G1 X68.587 Y122.761 E.02656
G1 X67.76 Y122.511 E.02656
G1 X66.95 Y122.207 E.02656
G1 X66.163 Y121.85 E.02656
G1 X65.4 Y121.443 E.02656
G1 X64.666 Y120.987 E.02656
G1 X63.963 Y120.484 E.02656
G1 X63.295 Y119.936 E.02656
G1 X62.664 Y119.345 E.02656
G1 X62.072 Y118.715 E.02656
G1 X61.524 Y118.047 E.02656
G1 X61.02 Y117.344 E.02656
G1 X60.563 Y116.61 E.02656
G1 X60.246 Y116.019 E.02061
G1 X59.799 Y115.063 E.03243
G1 X59.493 Y114.252 E.02664
G1 X59.242 Y113.425 E.02656
G1 X59.045 Y112.583 E.02656
G1 X58.904 Y111.73 E.02656
G1 X58.819 Y110.87 E.02656
G1 X58.79 Y110.006 E.02656
G1 X58.817 Y109.182 E.02533
G1 E-4.5 F2700
;WIPE_START
G1 F2400
G1 X58.902 Y108.282 E-.21478
G1 X59.043 Y107.429 E-.20531
G1 X59.095 Y107.204 E-.05491
;WIPE_END
G1 E-.025 F2700
M205 X8 Y8
G1 X51.417 Y89.355 Z1.2 F7200
G1 Z.8
G1 E5 F2400
M205 X10 Y10
;TYPE:Internal solid infill
;WIDTH:0.405698
G1 F3600
G1 X51.349 Y89.394 E.00232
G1 X51.419 Y89.429 E.00233
M205 X8 Y8
G1 X144.73 Y92.194 F7200
M205 X10 Y10
;WIDTH:0.450353
G1 F3600
M73 P36 R27
G1 X147.611 Y89.313 E.13525
G1 X147.035 Y89.313 E.01913
G1 X144.246 Y92.101 E.13092
G1 X143.497 Y92.275 E.02555
G1 X146.459 Y89.313 E.13907
G1 X145.882 Y89.313 E.01913
G1 X142.692 Y92.504 E.14981
G1 X142.157 Y92.665 E.01854
G1 X141.832 Y92.787 E.01151
G1 X145.306 Y89.313 E.16311
G1 X144.73 Y89.313 E.01913
G1 X140.9 Y93.143 E.17981
G1 X139.836 Y93.63 E.03886
G1 X144.154 Y89.313 E.20271
G1 X143.578 Y89.313 E.01913
G1 X137.961 Y94.929 E.26369
G1 E-4.5 F2700
;WIPE_START
G1 F3600
G1 X139.376 Y93.515 E-.475
;WIPE_END
G1 E-.025 F2700
M205 X8 Y8
G1 X140.67 Y101.037 Z1.2 F7200
G1 X145.298 Y127.926 Z1.2
G1 Z.8
G1 E5 F2400
M205 X10 Y10
G1 F3600
G1 X142.518 Y130.706 E.13053
G1 X141.942 Y130.706 E.01913
G1 X144.666 Y127.982 E.12789
G1 X144.188 Y127.884 E.0162
G1 X141.366 Y130.706 E.13249
G1 X140.79 Y130.706 E.01913
G1 X143.721 Y127.775 E.13761
G1 X143.253 Y127.666 E.01593
G1 X140.214 Y130.706 E.14273
G1 X139.637 Y130.706 E.01913
G1 X142.811 Y127.533 E.14899
G1 X142.369 Y127.398 E.01532
G1 X139.061 Y130.706 E.15533
G1 X138.485 Y130.706 E.01913
G1 X141.936 Y127.255 E.16203
G1 X141.517 Y127.097 E.01485
G1 X137.909 Y130.706 E.16943
G1 X137.333 Y130.706 E.01913
G1 X141.099 Y126.94 E.17683
G1 X140.699 Y126.763 E.01451
G1 X136.756 Y130.706 E.18511
G1 X136.18 Y130.706 E.01913
G1 X140.302 Y126.584 E.19354
G1 X139.906 Y126.404 E.01445
G1 X135.604 Y130.706 E.20198
G1 X135.028 Y130.706 E.01913
G1 X139.529 Y126.205 E.21132
G1 X139.153 Y126.004 E.01414
G1 X134.452 Y130.706 E.22075
G1 X133.875 Y130.706 E.01913
G1 X138.783 Y125.798 E.23044
G1 X138.427 Y125.578 E.0139
G1 X133.299 Y130.706 E.24078
G1 X132.723 Y130.706 E.01913
G1 X138.072 Y125.357 E.25112
G1 X137.724 Y125.128 E.01381
G1 X132.147 Y130.706 E.26188
G1 X131.571 Y130.706 E.01913
G1 X137.389 Y124.888 E.27317
G1 X137.053 Y124.647 E.01371
G1 X130.995 Y130.706 E.28446
G1 X130.418 Y130.706 E.01913
G1 X136.724 Y124.4 E.29607
G1 X136.407 Y124.141 E.01359
G1 X129.842 Y130.706 E.30826
G1 X129.266 Y130.706 E.01913
G1 X136.091 Y123.881 E.32046
G1 X135.786 Y123.61 E.01355
G1 X128.69 Y130.706 E.33318
G1 X128.114 Y130.706 E.01913
G1 X135.488 Y123.332 E.34623
G1 X135.189 Y123.054 E.01354
G1 X127.537 Y130.706 E.35929
G1 X126.961 Y130.706 E.01913
G1 X134.904 Y122.763 E.37296
G1 X134.626 Y122.465 E.01353
G1 X126.385 Y130.706 E.38693
G1 X125.809 Y130.706 E.01913
G1 X134.347 Y122.168 E.4009
G1 X134.079 Y121.859 E.01356
G1 X125.233 Y130.706 E.41537
G1 X124.656 Y130.706 E.01913
G1 X133.82 Y121.542 E.43026
G1 X133.561 Y121.225 E.0136
G1 X124.08 Y130.706 E.44515
G1 X123.504 Y130.706 E.01913
G1 X133.313 Y120.896 E.46058
G1 X133.073 Y120.561 E.01371
G1 X122.928 Y130.706 E.47635
G1 X122.352 Y130.706 E.01913
G1 X132.833 Y120.225 E.49211
G1 X132.609 Y119.872 E.01386
G1 X121.775 Y130.706 E.50866
G1 X121.199 Y130.706 E.01913
G1 X132.388 Y119.517 E.52536
G1 X132.168 Y119.161 E.01389
G1 X120.623 Y130.706 E.54206
G1 X120.047 Y130.706 E.01913
G1 X131.964 Y118.788 E.55956
G1 X131.764 Y118.413 E.01414
G1 X119.471 Y130.706 E.57719
G1 X118.894 Y130.706 E.01913
G1 X131.568 Y118.033 E.59504
G1 X131.387 Y117.637 E.01444
G1 X118.318 Y130.706 E.61363
G1 X117.742 Y130.706 E.01913
G1 X131.207 Y117.241 E.63222
G1 X131.038 Y116.834 E.01463
G1 X117.166 Y130.706 E.65132
G1 X116.59 Y130.706 E.01913
G1 X130.88 Y116.415 E.67098
G1 X130.723 Y115.997 E.01485
G1 X116.013 Y130.706 E.69064
G1 X115.437 Y130.706 E.01913
G1 X130.58 Y115.563 E.71099
G1 X130.446 Y115.121 E.01534
G1 X114.861 Y130.706 E.73175
G1 X114.285 Y130.706 E.01913
G1 X130.317 Y114.674 E.75274
G1 X130.207 Y114.208 E.01591
G1 X113.709 Y130.706 E.77464
G1 X113.132 Y130.706 E.01913
G1 X130.097 Y113.741 E.79654
G1 X130.007 Y113.255 E.01642
G1 X112.556 Y130.706 E.81938
G1 X111.98 Y130.706 E.01913
G1 X119.354 Y123.332 E.34623
G1 X119.95 Y122.903 E.02438
G1 X120.714 Y122.276 E.03281
G1 X121.549 Y121.494 E.03799
G1 X122.276 Y120.714 E.0354
G1 X122.903 Y119.95 E.03281
G1 X123.33 Y119.356 E.02427
G1 X129.926 Y112.76 E.30971
G1 X129.849 Y112.261 E.01678
G1 X124.283 Y117.826 E.26133
G1 X124.596 Y117.241 E.02202
G1 X124.848 Y116.686 E.02025
G1 X129.798 Y111.736 E.23241
G1 X129.746 Y111.211 E.0175
G1 X125.253 Y115.704 E.21096
G1 X125.441 Y115.2 E.01785
G1 X125.555 Y114.826 E.01298
G1 X129.727 Y110.654 E.1959
G1 X129.708 Y110.096 E.01852
G1 X125.782 Y114.022 E.18434
G1 X125.958 Y113.271 E.02562
G1 X129.724 Y109.505 E.17684
G1 X129.743 Y108.909 E.01979
G1 X126.081 Y112.572 E.17199
G1 X126.178 Y111.898 E.0226
G1 X129.797 Y108.279 E.16993
G1 X129.862 Y107.639 E.02138
G1 X126.241 Y111.259 E.17
G1 X126.271 Y110.653 E.02015
G1 X129.97 Y106.953 E.1737
G1 X130.103 Y106.245 E.02393
G1 X126.29 Y110.057 E.179
G1 X126.278 Y109.494 E.01871
G1 X130.278 Y105.494 E.18782
G1 X130.34 Y105.228 E.00907
G1 X130.504 Y104.692 E.01861
G1 X126.259 Y108.936 E.19931
G1 X126.208 Y108.411 E.01753
G1 X130.782 Y103.837 E.21477
G1 X131.147 Y102.895 E.03351
G1 X126.155 Y107.888 E.2344
G1 X126.074 Y107.393 E.01664
G1 X131.631 Y101.836 E.26091
G1 X132.158 Y100.851 E.03711
G1 X132.353 Y100.538 E.01224
G1 X125.992 Y106.899 E.29866
G1 X125.889 Y106.426 E.01607
G1 X143.001 Y89.313 E.80349
G1 X142.425 Y89.313 E.01913
G1 X125.779 Y105.959 E.7816
G1 X125.656 Y105.506 E.01559
G1 X141.849 Y89.313 E.76032
G1 X141.273 Y89.313 E.01913
G1 X125.522 Y105.064 E.73956
G1 X125.378 Y104.631 E.01513
G1 X140.697 Y89.313 E.71924
G1 X140.12 Y89.313 E.01913
M73 P37 R27
G1 X125.221 Y104.213 E.69959
G1 X125.063 Y103.794 E.01485
G1 X139.544 Y89.313 E.67993
G1 X138.968 Y89.313 E.01913
G1 X124.886 Y103.395 E.66118
G1 X124.706 Y102.999 E.01444
G1 X138.392 Y89.313 E.6426
G1 X137.816 Y89.313 E.01913
G1 X124.517 Y102.611 E.62439
G1 X124.317 Y102.236 E.01414
G1 X137.239 Y89.313 E.60676
G1 X136.663 Y89.313 E.01913
G1 X124.114 Y101.862 E.5892
G1 X123.894 Y101.506 E.0139
G1 X136.087 Y89.313 E.57249
G1 X135.511 Y89.313 E.01913
G1 X123.674 Y101.15 E.55578
G1 X123.445 Y100.803 E.01381
G1 X134.935 Y89.313 E.53949
G1 X134.358 Y89.313 E.01913
G1 X123.204 Y100.467 E.52372
G1 X122.964 Y100.132 E.01371
G1 X133.782 Y89.313 E.50796
G1 X133.206 Y89.313 E.01913
G1 X122.707 Y99.812 E.49297
G1 X122.447 Y99.496 E.01359
G1 X132.63 Y89.313 E.4781
G1 X132.054 Y89.313 E.01913
G1 X122.181 Y99.185 E.46353
G1 X121.903 Y98.888 E.01353
G1 X131.477 Y89.313 E.44956
G1 X130.901 Y89.313 E.01913
G1 X121.624 Y98.59 E.43559
G1 X121.335 Y98.303 E.01353
G1 X130.325 Y89.313 E.42211
G1 X129.749 Y89.313 E.01913
G1 X121.037 Y98.025 E.40906
G1 X120.738 Y97.747 E.01354
G1 X129.173 Y89.313 E.39601
G1 X128.596 Y89.313 E.01913
G1 X120.423 Y97.486 E.38374
G1 X120.107 Y97.226 E.01359
G1 X128.02 Y89.313 E.37155
G1 X127.444 Y89.313 E.01913
G1 X119.781 Y96.976 E.35981
G1 X119.445 Y96.736 E.01371
G1 X126.868 Y89.313 E.34851
G1 X126.292 Y89.313 E.01913
G1 X119.11 Y96.495 E.33722
G1 X118.759 Y96.269 E.01384
G1 X125.715 Y89.313 E.32662
G1 X125.139 Y89.313 E.01913
G1 X118.403 Y96.049 E.31629
G1 X118.043 Y95.833 E.01394
G1 X124.563 Y89.313 E.30612
G1 X123.987 Y89.313 E.01913
G1 X117.668 Y95.632 E.29669
G1 X117.292 Y95.431 E.01414
G1 X123.411 Y89.313 E.28727
G1 X122.834 Y89.313 E.01913
G1 X116.899 Y95.249 E.2787
G1 X116.502 Y95.069 E.01445
G1 X122.258 Y89.313 E.27026
G1 X121.682 Y89.313 E.01913
G1 X116.1 Y94.895 E.26207
G1 X115.682 Y94.737 E.01485
G1 X121.106 Y89.313 E.25467
G1 X120.53 Y89.313 E.01913
G1 X115.263 Y94.58 E.2473
G1 X114.821 Y94.445 E.01532
G1 X119.953 Y89.313 E.24097
G1 X119.377 Y89.313 E.01913
G1 X114.38 Y94.31 E.23463
G1 X113.92 Y94.194 E.01575
G1 X118.801 Y89.313 E.22916
G1 X118.225 Y89.313 E.01913
G1 X113.453 Y94.085 E.22405
G1 X112.976 Y93.985 E.01617
G1 X117.649 Y89.313 E.21937
G1 X117.072 Y89.313 E.01913
G1 X112.481 Y93.905 E.21559
G1 X111.979 Y93.83 E.01684
G1 X116.496 Y89.313 E.21209
G1 X115.92 Y89.313 E.01913
G1 X111.455 Y93.778 E.20966
G1 X110.919 Y93.738 E.01783
G1 X115.344 Y89.313 E.20776
G1 X114.768 Y89.313 E.01913
G1 X110.361 Y93.72 E.2069
G1 X109.792 Y93.712 E.01889
G1 X114.191 Y89.313 E.20656
G1 X113.615 Y89.313 E.01913
G1 X109.195 Y93.733 E.20755
G1 X108.577 Y93.775 E.02057
G1 X113.039 Y89.313 E.20952
G1 X112.463 Y89.313 E.01913
G1 X107.938 Y93.838 E.21247
G1 X107.251 Y93.948 E.02307
G1 X111.887 Y89.313 E.21764
G1 X111.31 Y89.313 E.01913
G1 X106.538 Y94.086 E.22409
G1 X105.785 Y94.262 E.02567
G1 X110.734 Y89.313 E.23238
G1 X110.158 Y89.313 E.01913
G1 X104.961 Y94.51 E.24402
G1 X104.057 Y94.838 E.03194
G1 X109.582 Y89.313 E.25942
G1 X109.006 Y89.313 E.01913
G1 X103.045 Y95.273 E.27985
G1 X102.759 Y95.404 E.01047
G1 X101.849 Y95.894 E.03429
G1 X108.613 Y89.13 E.31758
G1 E-4.5 F2700
;WIPE_START
G1 F3600
G1 X107.198 Y90.544 E-.475
;WIPE_END
G1 E-.025 F2700
M205 X8 Y8
G1 X109.623 Y97.781 Z1.2 F7200
G1 X118.331 Y123.779 Z1.2
G1 Z.8
G1 E5 F2400
M205 X10 Y10
G1 F3600
G1 X111.404 Y130.706 E.32523
G1 X110.828 Y130.706 E.01913
G1 X116.683 Y124.851 E.27492
G1 X116.271 Y125.038 E.01501
G1 X115.706 Y125.251 E.02005
G1 X110.251 Y130.706 E.25612
G1 X109.675 Y130.706 E.01913
G1 X114.828 Y125.554 E.24192
G1 X114.019 Y125.785 E.02791
G1 X109.099 Y130.706 E.23103
G1 X108.523 Y130.706 E.01913
G1 X113.27 Y125.959 E.22289
G1 X112.57 Y126.082 E.02358
G1 X107.947 Y130.706 E.2171
G1 X107.37 Y130.706 E.01913
G1 X111.901 Y126.176 E.2127
G1 X111.26 Y126.24 E.02139
G1 X106.794 Y130.706 E.20966
G1 X106.218 Y130.706 E.01913
G1 X110.652 Y126.272 E.2082
G1 X110.055 Y126.292 E.01982
G1 X105.642 Y130.706 E.20723
G1 X105.066 Y130.706 E.01913
G1 X109.495 Y126.277 E.20796
G1 X108.938 Y126.258 E.0185
G1 X104.489 Y130.706 E.20886
G1 X103.913 Y130.706 E.01913
G1 X108.411 Y126.208 E.21117
G1 X107.888 Y126.155 E.01746
G1 X103.337 Y130.706 E.21366
G1 X102.761 Y130.706 E.01913
G1 X107.392 Y126.075 E.21745
G1 X106.896 Y125.994 E.01667
G1 X102.185 Y130.706 E.22123
G1 X101.608 Y130.706 E.01913
G1 X106.427 Y125.887 E.22625
G1 X105.96 Y125.778 E.01593
G1 X101.032 Y130.706 E.23136
G1 X100.456 Y130.706 E.01913
G1 X105.506 Y125.656 E.23712
G1 X105.064 Y125.522 E.01534
G1 X99.88 Y130.706 E.24342
G1 X99.304 Y130.706 E.01913
G1 X104.631 Y125.378 E.25014
G1 X104.212 Y125.222 E.01487
G1 X98.727 Y130.706 E.2575
G1 X98.151 Y130.706 E.01913
G1 X103.793 Y125.065 E.26488
G1 X103.396 Y124.885 E.01445
G1 X97.575 Y130.706 E.27331
G1 X96.999 Y130.706 E.01913
G1 X103 Y124.705 E.28175
G1 X102.611 Y124.517 E.01432
G1 X96.423 Y130.706 E.29057
G1 X95.846 Y130.706 E.01913
G1 X102.236 Y124.317 E.3
G1 X101.862 Y124.114 E.01412
G1 X95.27 Y130.706 E.30949
G1 X94.694 Y130.706 E.01913
G1 X101.506 Y123.894 E.31982
G1 X101.15 Y123.674 E.0139
G1 X94.118 Y130.706 E.33016
G1 X93.542 Y130.706 E.01913
G1 X100.804 Y123.443 E.341
G1 X100.469 Y123.203 E.01371
G1 X92.965 Y130.706 E.3523
G1 X92.389 Y130.706 E.01913
G1 X100.133 Y122.962 E.36359
G1 X99.812 Y122.707 E.01362
M73 P38 R27
G1 X91.813 Y130.706 E.37556
G1 X91.237 Y130.706 E.01913
G1 X99.495 Y122.447 E.38776
G1 X99.185 Y122.182 E.01357
G1 X90.661 Y130.706 E.40024
G1 X90.084 Y130.706 E.01913
G1 X98.887 Y121.904 E.41329
G1 X98.589 Y121.626 E.01354
G1 X89.508 Y130.706 E.42635
G1 X88.932 Y130.706 E.01913
G1 X98.305 Y121.333 E.44006
G1 X98.026 Y121.036 E.01353
G1 X88.356 Y130.706 E.45403
G1 X87.78 Y130.706 E.01913
G1 X97.747 Y120.738 E.468
G1 X97.486 Y120.423 E.01359
G1 X87.204 Y130.706 E.48279
G1 X86.627 Y130.706 E.01913
G1 X97.226 Y120.107 E.49765
G1 X96.976 Y119.781 E.01364
G1 X86.051 Y130.706 E.51294
G1 X85.475 Y130.706 E.01913
G1 X96.735 Y119.446 E.52867
G1 X96.493 Y119.111 E.0137
G1 X84.899 Y130.706 E.5444
G1 X84.323 Y130.706 E.01913
G1 X96.271 Y118.758 E.561
G1 X96.05 Y118.402 E.01389
G1 X83.746 Y130.706 E.57768
G1 X83.17 Y130.706 E.01913
M73 P38 R26
G1 X95.833 Y118.043 E.59454
G1 X95.632 Y117.668 E.01414
G1 X82.594 Y130.706 E.61218
G1 X82.018 Y130.706 E.01913
G1 X95.431 Y117.292 E.62981
G1 X95.247 Y116.9 E.01438
G1 X81.442 Y130.706 E.64822
G1 X80.865 Y130.706 E.01913
G1 X95.067 Y116.504 E.66682
G1 X94.897 Y116.098 E.01461
G1 X80.289 Y130.706 E.68586
G1 X79.713 Y130.706 E.01913
G1 X94.739 Y115.68 E.70552
G1 X94.581 Y115.261 E.01485
G1 X79.137 Y130.706 E.72517
G1 X78.561 Y130.706 E.01913
G1 X94.444 Y114.822 E.74577
G1 X94.31 Y114.38 E.01534
G1 X77.984 Y130.706 E.76653
G1 X77.408 Y130.706 E.01913
G1 X94.193 Y113.921 E.7881
G1 X94.083 Y113.455 E.01591
G1 X76.832 Y130.706 E.80999
G1 X76.256 Y130.706 E.01913
G1 X93.987 Y112.975 E.83254
G1 X93.905 Y112.48 E.01664
G1 X75.68 Y130.706 E.85576
G1 X75.103 Y130.706 E.01913
G1 X93.83 Y111.979 E.87927
G1 X93.779 Y111.454 E.0175
G1 X74.527 Y130.706 E.90391
G1 X73.951 Y130.706 E.01913
G1 X93.736 Y110.921 E.92897
G1 X93.717 Y110.363 E.01852
G1 X73.375 Y130.706 E.95514
G1 X72.799 Y130.706 E.01913
G1 X93.715 Y109.79 E.98207
G1 X93.734 Y109.194 E.01979
G1 X72.222 Y130.706 E1.01004
G1 X71.646 Y130.706 E.01913
G1 X93.775 Y108.577 E1.03903
G1 X93.838 Y107.937 E.02133
G1 X83.968 Y117.808 E.46346
G1 X83.364 Y118.67 E.03494
G1 X82.899 Y119.241 E.02445
G1 X82.08 Y120.134 E.04022
G1 X81.454 Y120.721 E.02848
G1 X80.732 Y121.316 E.03105
G1 X79.805 Y121.971 E.03768
G1 X71.07 Y130.706 E.41015
G1 X70.494 Y130.706 E.01913
G1 X78.445 Y122.755 E.37332
G1 X77.385 Y123.239 E.03869
G1 X69.918 Y130.706 E.3506
G1 X69.341 Y130.706 E.01913
G1 X76.475 Y123.573 E.33492
G1 X75.656 Y123.815 E.02836
G1 X68.765 Y130.706 E.32352
G1 X68.189 Y130.706 E.01913
G1 X74.903 Y123.991 E.31526
G1 X74.202 Y124.117 E.02367
G1 X67.613 Y130.706 E.30936
G1 X67.037 Y130.706 E.01913
G1 X73.539 Y124.203 E.30532
G1 X72.903 Y124.263 E.02121
G1 X66.46 Y130.706 E.30252
G1 X65.884 Y130.706 E.01913
G1 X72.307 Y124.284 E.30155
G1 X71.729 Y124.285 E.01917
G1 X65.308 Y130.706 E.30149
G1 X64.732 Y130.706 E.01913
G1 X71.172 Y124.265 E.3024
G1 X70.639 Y124.222 E.01775
G1 X64.156 Y130.706 E.30442
G1 X63.579 Y130.706 E.01913
G1 X70.118 Y124.167 E.307
G1 X69.622 Y124.087 E.01667
G1 X63.003 Y130.706 E.31078
G1 X62.427 Y130.706 E.01913
G1 X69.134 Y123.999 E.31489
G1 X68.666 Y123.89 E.01593
G1 X61.851 Y130.706 E.32
G1 X61.275 Y130.706 E.01913
G1 X68.202 Y123.778 E.32528
G1 X67.76 Y123.644 E.01534
G1 X60.698 Y130.706 E.33158
G1 X60.122 Y130.706 E.01913
G1 X67.325 Y123.504 E.33817
G1 X66.905 Y123.347 E.01487
G1 X59.546 Y130.706 E.34552
G1 X58.97 Y130.706 E.01913
G1 X66.49 Y123.186 E.35309
G1 X66.093 Y123.006 E.01445
G1 X58.394 Y130.706 E.36152
G1 X57.817 Y130.706 E.01913
G1 X65.697 Y122.827 E.36996
G1 X65.318 Y122.629 E.01418
G1 X57.241 Y130.706 E.37925
G1 X56.665 Y130.706 E.01913
G1 X64.943 Y122.428 E.38867
G1 X64.584 Y122.211 E.01393
G1 X56.089 Y130.706 E.39887
G1 X55.513 Y130.706 E.01913
G1 X64.228 Y121.991 E.4092
G1 X63.884 Y121.758 E.01377
G1 X54.936 Y130.706 E.42013
G1 X54.36 Y130.706 E.01913
G1 X63.549 Y121.517 E.43142
G1 X63.216 Y121.274 E.01369
G1 X53.784 Y130.706 E.44287
G1 X53.208 Y130.706 E.01913
G1 X62.901 Y121.013 E.4551
G1 X62.585 Y120.753 E.01359
G1 X52.632 Y130.706 E.46733
G1 X52.055 Y130.706 E.01913
G1 X62.285 Y120.476 E.48032
G1 X61.988 Y120.197 E.01353
M73 P39 R26
G1 X51.479 Y130.706 E.49342
G1 X51.294 Y130.706 E.00615
G1 X51.294 Y130.315 E.01298
G1 X61.703 Y119.906 E.48874
G1 X61.424 Y119.608 E.01353
G1 X51.294 Y129.739 E.47564
G1 X51.294 Y129.162 E.01913
G1 X61.154 Y119.302 E.46296
G1 X60.894 Y118.987 E.01359
G1 X51.294 Y128.586 E.45073
G1 X51.294 Y128.01 E.01913
G1 X60.637 Y118.667 E.43868
G1 X60.397 Y118.331 E.01371
G1 X51.294 Y127.434 E.42739
G1 X51.294 Y126.858 E.01913
G1 X60.156 Y117.996 E.41609
G1 X59.93 Y117.646 E.01384
G1 X51.294 Y126.281 E.40548
G1 X51.294 Y125.705 E.01913
G1 X59.709 Y117.29 E.39511
G1 X59.501 Y116.922 E.01404
G1 X51.294 Y125.129 E.38536
G1 X51.294 Y124.553 E.01913
G1 X59.3 Y116.547 E.37588
G1 X59.116 Y116.155 E.01438
G1 X51.294 Y123.977 E.36725
G1 X51.294 Y123.4 E.01913
G1 X58.933 Y115.762 E.35864
G1 X58.754 Y115.365 E.01447
G1 X51.294 Y122.824 E.35025
G1 X51.294 Y122.248 E.01913
G1 X58.597 Y114.945 E.3429
G1 X58.442 Y114.524 E.0149
G1 X51.294 Y121.672 E.33562
G1 X51.294 Y121.096 E.01913
G1 X58.308 Y114.082 E.32933
G1 X58.18 Y113.634 E.01546
G1 X51.294 Y120.519 E.32329
G1 X51.294 Y119.943 E.01913
G1 X58.07 Y113.167 E.31816
G1 X57.965 Y112.697 E.01601
G1 X51.294 Y119.367 E.3132
G1 X51.294 Y118.791 E.01913
G1 X57.883 Y112.202 E.30937
G1 X57.813 Y111.696 E.01696
G1 X51.294 Y118.215 E.30607
G1 X51.294 Y117.639 E.01913
G1 X57.76 Y111.173 E.30358
G1 X57.728 Y110.629 E.0181
G1 X51.294 Y117.062 E.30207
G1 X51.294 Y116.486 E.01913
G1 X57.708 Y110.072 E.30117
G1 X57.724 Y109.48 E.01965
G1 X51.294 Y115.91 E.3019
G1 X51.294 Y115.334 E.01913
G1 X57.755 Y108.873 E.30336
G1 X57.82 Y108.232 E.02139
G1 X51.294 Y114.758 E.30641
G1 X51.294 Y114.181 E.01913
G1 X57.924 Y107.552 E.31127
G1 X58.072 Y106.827 E.02456
G1 X51.294 Y113.605 E.31824
G1 X51.294 Y113.029 E.01913
G1 X58.266 Y106.057 E.32735
G1 X58.541 Y105.206 E.02968
G1 X51.294 Y112.453 E.34025
G1 X51.294 Y111.877 E.01913
G1 X58.925 Y104.246 E.35827
G1 X59.198 Y103.643 E.02197
G1 X59.481 Y103.114 E.01993
G1 X51.111 Y111.484 E.39299
G1 E-4.5 F2700
;WIPE_START
G1 F3600
G1 X52.525 Y110.069 E-.475
;WIPE_END
G1 E-.025 F2700
M205 X8 Y8
G1 X59.988 Y111.671 Z1.2 F7200
G1 X84.309 Y116.891 Z1.2
G1 Z.8
G1 E5 F2400
M205 X10 Y10
G1 F3600
G1 X93.948 Y107.252 E.45257
G1 X94.012 Y106.86 E.0132
G1 X94.087 Y106.536 E.01103
G1 X85.239 Y115.385 E.41546
G1 X85.573 Y114.475 E.03218
G1 X94.263 Y105.785 E.40801
G1 X94.509 Y104.962 E.02853
G1 X85.815 Y113.656 E.40821
G1 X85.991 Y112.904 E.02562
G1 X94.835 Y104.06 E.41527
G1 X94.932 Y103.801 E.00918
G1 X95.275 Y103.044 E.02759
G1 X86.117 Y112.202 E.42998
G1 X86.204 Y111.539 E.0222
G1 X96.457 Y101.286 E.48141
M205 X8 Y8
G1 X86.063 Y111.103 F7200
M205 X10 Y10
G1 F3600
G1 X107.853 Y89.313 E1.0231
G1 X107.277 Y89.313 E.01913
G1 X86.282 Y110.308 E.98577
G1 X86.283 Y109.731 E.01916
G1 X106.701 Y89.313 E.95868
G1 X106.125 Y89.313 E.01913
G1 X86.258 Y109.18 E.93281
G1 X86.222 Y108.639 E.01799
G1 X105.548 Y89.313 E.90742
G1 X104.972 Y89.313 E.01913
G1 X86.167 Y108.118 E.88295
G1 X86.086 Y107.623 E.01664
G1 X104.396 Y89.313 E.85973
G1 X103.82 Y89.313 E.01913
G1 X86.001 Y107.131 E.83663
G1 X85.891 Y106.665 E.0159
G1 X103.244 Y89.313 E.81474
G1 X102.668 Y89.313 E.01913
G1 X85.778 Y106.202 E.79301
G1 X85.644 Y105.76 E.01534
G1 X102.091 Y89.313 E.77225
G1 X101.515 Y89.313 E.01913
G1 X85.504 Y105.325 E.75179
G1 X85.347 Y104.905 E.01487
G1 X100.939 Y89.313 E.73209
G1 X100.363 Y89.313 E.01913
G1 X85.185 Y104.491 E.71263
G1 X85.002 Y104.098 E.0144
G1 X99.787 Y89.313 E.69417
G1 X99.21 Y89.313 E.01913
G1 X84.819 Y103.705 E.67572
G1 X84.629 Y103.319 E.01429
G1 X98.634 Y89.313 E.6576
G1 X98.058 Y89.313 E.01913
G1 X84.428 Y102.943 E.63997
G1 X84.211 Y102.584 E.01394
G1 X97.482 Y89.313 E.62309
G1 X96.906 Y89.313 E.01913
G1 X83.99 Y102.228 E.60641
G1 X83.76 Y101.883 E.01379
G1 X96.329 Y89.313 E.59019
G1 X95.753 Y89.313 E.01913
G1 X83.519 Y101.547 E.57442
G1 X83.272 Y101.218 E.01366
G1 X95.177 Y89.313 E.55896
G1 X94.601 Y89.313 E.01913
G1 X83.013 Y100.9 E.54406
G1 X82.753 Y100.585 E.01359
G1 X94.025 Y89.313 E.52923
G1 X93.448 Y89.313 E.01913
M73 P40 R26
G1 X82.474 Y100.287 E.51526
G1 X82.196 Y99.989 E.01353
G1 X92.872 Y89.313 E.50129
G1 X92.296 Y89.313 E.01913
G1 X81.906 Y99.703 E.48786
G1 X81.607 Y99.426 E.01354
G1 X91.72 Y89.313 E.47481
G1 X91.144 Y89.313 E.01913
G1 X81.304 Y99.153 E.46201
G1 X80.987 Y98.893 E.01359
G1 X90.567 Y89.313 E.44981
G1 X89.991 Y89.313 E.01913
G1 X80.667 Y98.637 E.43779
G1 X80.331 Y98.397 E.01371
G1 X89.415 Y89.313 E.4265
G1 X88.839 Y89.313 E.01913
G1 X79.996 Y98.156 E.41521
G1 X79.646 Y97.93 E.01384
G1 X88.263 Y89.313 E.4046
G1 X87.686 Y89.313 E.01913
G1 X79.29 Y97.709 E.39422
G1 X78.922 Y97.502 E.01405
G1 X87.11 Y89.313 E.38448
G1 X86.534 Y89.313 E.01913
G1 X78.547 Y97.3 E.37501
G1 X78.162 Y97.109 E.01428
G1 X85.958 Y89.313 E.36606
G1 X85.382 Y89.313 E.01913
G1 X77.765 Y96.93 E.35762
G1 X77.365 Y96.754 E.01452
G1 X84.805 Y89.313 E.34936
G1 X84.229 Y89.313 E.01913
G1 X76.945 Y96.597 E.34201
G1 X76.524 Y96.442 E.0149
G1 X83.653 Y89.313 E.33474
G1 X83.077 Y89.313 E.01913
G1 X76.082 Y96.308 E.32844
G1 X75.634 Y96.18 E.01546
G1 X82.501 Y89.313 E.3224
G1 X81.924 Y89.313 E.01913
G1 X75.167 Y96.071 E.31729
G1 X74.696 Y95.965 E.01601
G1 X81.348 Y89.313 E.31232
G1 X80.772 Y89.313 E.01913
G1 X74.201 Y95.884 E.30854
G1 X73.698 Y95.811 E.01687
G1 X80.196 Y89.313 E.3051
G1 X79.62 Y89.313 E.01913
G1 X73.173 Y95.759 E.30267
G1 X72.625 Y95.732 E.01824
G1 X79.043 Y89.313 E.30139
G1 X78.467 Y89.313 E.01913
G1 X72.061 Y95.72 E.3008
G1 X71.481 Y95.723 E.01925
G1 X77.891 Y89.313 E.30097
G1 X77.315 Y89.313 E.01913
G1 X70.873 Y95.755 E.30246
G1 X70.234 Y95.818 E.02132
G1 X76.739 Y89.313 E.30541
G1 X76.162 Y89.313 E.01913
G1 X69.549 Y95.927 E.31053
G1 X69.173 Y95.989 E.01264
G1 X68.829 Y96.07 E.01173
G1 X75.586 Y89.313 E.31725
G1 X75.01 Y89.313 E.01913
G1 X68.057 Y96.266 E.32647
G1 X67.205 Y96.542 E.02973
G1 X74.434 Y89.313 E.33941
G1 X73.858 Y89.313 E.01913
G1 X66.25 Y96.921 E.35721
G1 X65.643 Y97.198 E.02214
G1 X65.114 Y97.481 E.01993
G1 X73.281 Y89.313 E.3835
G1 X72.705 Y89.313 E.01913
G1 X51.294 Y110.724 E1.00531
G1 X51.294 Y110.148 E.01913
G1 X72.129 Y89.313 E.97826
G1 X71.553 Y89.313 E.01913
G1 X51.294 Y109.572 E.9512
G1 X51.294 Y108.996 E.01913
G1 X70.977 Y89.313 E.92415
G1 X70.4 Y89.313 E.01913
M73 P40 R25
G1 X51.294 Y108.419 E.8971
G1 X51.294 Y107.843 E.01913
G1 X69.824 Y89.313 E.87004
G1 X69.248 Y89.313 E.01913
G1 X51.294 Y107.267 E.84299
G1 X51.294 Y106.691 E.01913
G1 X68.672 Y89.313 E.81593
G1 X68.096 Y89.313 E.01913
G1 X51.294 Y106.115 E.78888
G1 X51.294 Y105.538 E.01913
G1 X67.519 Y89.313 E.76183
G1 X66.943 Y89.313 E.01913
G1 X51.294 Y104.962 E.73477
G1 X51.294 Y104.386 E.01913
G1 X66.367 Y89.313 E.70772
G1 X65.791 Y89.313 E.01913
G1 X51.294 Y103.81 E.68066
G1 X51.294 Y103.234 E.01913
G1 X65.215 Y89.313 E.65361
G1 X64.638 Y89.313 E.01913
G1 X51.294 Y102.657 E.62656
G1 X51.294 Y102.081 E.01913
G1 X64.062 Y89.313 E.5995
G1 X63.486 Y89.313 E.01913
G1 X51.294 Y101.505 E.57245
G1 X51.294 Y100.929 E.01913
G1 X62.91 Y89.313 E.54539
G1 X62.334 Y89.313 E.01913
G1 X51.294 Y100.353 E.51834
G1 X51.294 Y99.776 E.01913
G1 X61.757 Y89.313 E.49128
G1 X61.181 Y89.313 E.01913
G1 X51.294 Y99.2 E.46423
G1 X51.294 Y98.624 E.01913
G1 X60.605 Y89.313 E.43718
G1 X60.029 Y89.313 E.01913
G1 X51.294 Y98.048 E.41012
G1 X51.294 Y97.472 E.01913
G1 X59.453 Y89.313 E.38307
G1 X58.877 Y89.313 E.01913
G1 X51.294 Y96.895 E.35601
G1 X51.294 Y96.319 E.01913
G1 X58.3 Y89.313 E.32896
G1 X57.724 Y89.313 E.01913
G1 X51.294 Y95.743 E.30191
G1 X51.294 Y95.167 E.01913
G1 X57.148 Y89.313 E.27485
G1 X56.572 Y89.313 E.01913
G1 X51.294 Y94.591 E.2478
G1 X51.294 Y94.014 E.01913
G1 X55.996 Y89.313 E.22074
G1 X55.419 Y89.313 E.01913
G1 X51.294 Y93.438 E.19369
G1 X51.294 Y92.862 E.01913
G1 X54.843 Y89.313 E.16664
G1 X54.267 Y89.313 E.01913
G1 X51.294 Y92.286 E.13958
G1 X51.294 Y91.71 E.01913
G1 X53.691 Y89.313 E.11253
G1 X53.115 Y89.313 E.01913
G1 X51.294 Y91.133 E.08547
G1 X51.294 Y90.557 E.01913
G1 X52.538 Y89.313 E.05842
G1 X52.115 Y89.313 E.01406
G1 X52.096 Y89.294 E.00089
G1 X51.981 Y89.294 E.00382
G1 X51.111 Y90.164 E.04085
G1 E-4.5 F2700
;WIPE_START
G1 F3600
G1 X51.981 Y89.294 E-.29225
G1 X52.096 Y89.294 E-.02731
G1 X52.115 Y89.313 E-.00635
G1 X52.538 Y89.313 E-.10057
G1 X52.394 Y89.458 E-.04853
;WIPE_END
G1 E-.025 F2700
M205 X8 Y8
G1 X59.024 Y93.239 Z1.2 F7200
G1 X115.308 Y125.337 Z1.2
G1 Z.8
G1 E5 F2400
M205 X10 Y10
;TYPE:Gap infill
;WIDTH:0.139606
G1 X115.036 Y125.506 E.00252
M205 X8 Y8
G1 X117.292 Y124.5 F7200
M205 X10 Y10
;WIDTH:0.101279
M73 P41 R25
G1 F2400
G1 X117.219 Y124.554 E.00043
;WIDTH:0.129767
G1 X117.108 Y124.631 E.00096
;WIDTH:0.16725
G1 X116.997 Y124.708 E.00137
;WIDTH:0.185992
G1 X116.886 Y124.786 E.00158
M205 X8 Y8
G1 X118.627 Y123.74 F7200
M205 X10 Y10
;WIDTH:0.0917701
G1 F2400
G1 X118.44 Y123.889 E.00095
G1 E-4.5 F2700
;WIPE_START
G1 F2400
G1 X118.627 Y123.74 E-.475
;WIPE_END
G1 E-.025 F2700
M205 X8 Y8
G1 X123.002 Y117.485 Z1.2 F7200
G1 X139.636 Y93.702 Z1.2
G1 Z.8
G1 E5 F2400
M205 X10 Y10
;WIDTH:0.214819
G1 X139.468 Y93.826 E.00292
;WIDTH:0.1656
G1 X139.301 Y93.951 E.00209
;WIDTH:0.14099
G1 X139.133 Y94.075 E.00167
M205 X8 Y8
G1 X137.886 Y94.854 F7200
M205 X10 Y10
;WIDTH:0.127864
G1 F2400
G1 X137.817 Y94.848 E.00048
G1 X137.612 Y95.022 E.00186
M205 X8 Y8
G1 X133.024 Y99.611 F7200
M205 X10 Y10
;WIDTH:0.115102
G1 F2400
G1 X132.821 Y99.849 E.00184
;WIDTH:0.158334
G1 X132.691 Y100.013 E.00196
;WIDTH:0.197839
G1 X132.561 Y100.176 E.00264
;WIDTH:0.217591
G1 X132.431 Y100.34 E.00297
M205 X8 Y8
G1 X131.486 Y102.297 F7200
M205 X10 Y10
;WIDTH:0.113623
G1 F2400
G1 X131.395 Y102.429 E.00092
;WIDTH:0.157327
G1 X131.303 Y102.561 E.00149
;WIDTH:0.179179
G1 X131.212 Y102.693 E.00178
M205 X8 Y8
G1 X124.212 Y118.027 F7200
M205 X10 Y10
;WIDTH:0.236446
G1 F2400
G1 X124.138 Y118.126 E.00195
;WIDTH:0.208812
G1 X124.007 Y118.292 E.00286
;WIDTH:0.161995
G1 X123.875 Y118.458 E.00205
;WIDTH:0.138587
G1 X123.744 Y118.623 E.00165
M205 X8 Y8
G1 X125.2 Y115.912 F7200
M205 X10 Y10
;WIDTH:0.105267
G1 F2400
G1 X124.987 Y116.23 E.00195
M205 X8 Y8
G1 X125.734 Y114.359 F7200
M205 X10 Y10
;WIDTH:0.11784
G1 F2400
G1 X125.662 Y114.188 E.00113
G1 E-4.5 F2700
;WIPE_START
G1 F2400
G1 X125.734 Y114.359 E-.475
;WIPE_END
G1 E-.025 F2700
M205 X8 Y8
G1 X120.031 Y109.286 Z1.2 F7200
G1 X103.85 Y94.894 Z1.2
G1 Z.8
G1 E5 F2400
M205 X10 Y10
;WIDTH:0.182604
G1 X103.731 Y94.974 E.00163
;WIDTH:0.15919
G1 X103.617 Y95.053 E.00131
;WIDTH:0.136716
G1 X103.503 Y95.132 E.00106
M205 X8 Y8
G1 X101.651 Y95.972 F7200
M205 X10 Y10
;WIDTH:0.236351
G1 F2400
G1 X101.484 Y96.105 E.00337
;WIDTH:0.195042
G1 X101.316 Y96.238 E.00265
;WIDTH:0.153733
G1 X101.149 Y96.37 E.00193
;WIDTH:0.133079
G1 X100.982 Y96.503 E.00157
M205 X8 Y8
G1 X96.497 Y100.989 F7200
M205 X10 Y10
;WIDTH:0.0926408
G1 F2400
G1 X96.347 Y101.176 E.00097
M205 X8 Y8
G1 X95.67 Y102.39 F7200
M205 X10 Y10
;WIDTH:0.112667
G1 F2400
G1 X95.58 Y102.511 E.00086
;WIDTH:0.154459
G1 X95.49 Y102.632 E.00137
;WIDTH:0.193405
G1 X95.34 Y102.841 E.00315
M205 X8 Y8
G1 X85.177 Y115.587 F7200
M205 X10 Y10
;WIDTH:0.199018
G1 F2400
G1 X85.087 Y115.716 E.002
;WIDTH:0.156119
G1 X84.997 Y115.846 E.00145
;WIDTH:0.13467
G1 X84.908 Y115.976 E.00118
M205 X8 Y8
G1 X84.419 Y117.001 F7200
M205 X10 Y10
;WIDTH:0.117631
G1 F2400
G1 X84.305 Y117.152 E.00116
M205 X8 Y8
G1 X79.153 Y122.305 F7200
M205 X10 Y10
;WIDTH:0.116497
G1 F2400
G1 X78.984 Y122.431 E.00127
;WIDTH:0.165954
G1 X78.814 Y122.557 E.00212
;WIDTH:0.190683
G1 X78.645 Y122.683 E.00254
G1 E-4.5 F2700
;WIPE_START
G1 F2400
G1 X78.814 Y122.557 E-.475
;WIPE_END
G1 E-.025 F2700
M205 X8 Y8
G1 X73.624 Y116.961 Z1.2 F7200
G1 X60.032 Y102.305 Z1.2
G1 Z.8
G1 E5 F2400
M205 X10 Y10
;WIDTH:0.110579
G1 X59.912 Y102.457 E.00107
;WIDTH:0.148197
G1 X59.792 Y102.609 E.00166
;WIDTH:0.185815
G1 X59.671 Y102.76 E.00226
;WIDTH:0.204623
G1 X59.551 Y102.912 E.00255
M205 X8 Y8
G1 X64.912 Y97.551 F7200
M205 X10 Y10
;WIDTH:0.223537
G1 F2400
G1 X64.759 Y97.673 E.00288
;WIDTH:0.185889
G1 X64.606 Y97.795 E.00228
;WIDTH:0.148242
G1 X64.452 Y97.916 E.00168
;WIDTH:0.129418
G1 X64.299 Y98.038 E.00138
G1 E-4.5 F2700
;WIPE_START
G1 F2400
G1 X64.452 Y97.916 E-.475
;WIPE_END
G1 E-.025 F2700
M205 X8 Y8
G1 X72.058 Y97.274 Z1.2 F7200
G1 X150.899 Y90.612 Z1.2
G1 Z.8
G1 E5 F2400
M205 X10 Y10
;TYPE:Internal solid infill
;WIDTH:0.4197
G1 F3600
G1 X151.132 Y90.631 E.00717
;WIDTH:0.440155
G1 X151.365 Y90.65 E.00756
M205 X8 Y8
G1 X147.945 Y90.733 F7200
M205 X10 Y10
;WIDTH:0.529532
G1 F3600
G1 X149.305 Y90.77 E.05394
;WIDTH:0.553988
G1 X149.875 Y90.812 E.02381
;WIDTH:0.581348
G1 X150.445 Y90.854 E.02509
;WIDTH:0.570857
G1 X150.576 Y90.899 E.00595
;WIDTH:0.522514
G1 X150.707 Y90.944 E.0054
;WIDTH:0.450922
G1 X150.838 Y90.989 E.0046
G1 X151.55 Y91.105 E.02401
G1 X152.425 Y90.23 E.04112
G1 X150.899 Y90.23 E.05073
;WIDTH:0.474171
G1 X150.757 Y90.255 E.00507
;WIDTH:0.522514
G1 X150.615 Y90.279 E.00564
;WIDTH:0.568034
G1 X150.472 Y90.303 E.00617
G1 X149.359 Y90.276 E.04768
;WIDTH:0.533301
G1 X148.41 Y90.268 E.03789
G1 X147.973 Y90.705 E.0247
M205 X8 Y8
G1 X146.833 Y91.216 F7200
M205 X10 Y10
;WIDTH:0.449999
G1 F3600
G1 X147.94 Y91.178 E.03672
G1 X149.27 Y91.22 E.04415
G1 X150.398 Y91.331 E.03761
G1 X151.271 Y91.472 E.02933
G1 X151.712 Y91.519 E.01471
G1 X153.408 Y89.823 E.07954
G1 X148.226 Y89.823 E.17187
G1 X146.862 Y91.188 E.06402
M205 X8 Y8
G1 X145.748 Y91.726 F7200
M205 X10 Y10
G1 F3600
G1 X146.756 Y91.626 E.0336
G1 X147.954 Y91.585 E.03975
G1 X149.243 Y91.626 E.04279
G1 X150.358 Y91.736 E.03717
G1 X151.815 Y91.991 E.04906
G1 X154.39 Y89.416 E.1208
G1 X148.036 Y89.416 E.21079
G1 X145.777 Y91.697 E.1065
G1 E-4.5 F2700
;WIPE_START
G1 F3600
G1 X147.184 Y90.276 E-.475
;WIPE_END
G1 E-.025 F2700
M205 X8 Y8
G1 X152.834 Y95.408 Z1.2 F7200
G1 X165.926 Y107.298 Z1.2
G1 Z.8
G1 E5 F2400
M205 X10 Y10
;WIDTH:0.451595
G1 F3600
G1 X168.706 Y104.518 E.13094
G1 X168.706 Y103.94 E.01925
G1 X165.982 Y106.664 E.1283
G1 X165.883 Y106.184 E.0163
G1 X168.706 Y103.362 E.13294
G1 X168.706 Y102.784 E.01925
G1 X165.774 Y105.716 E.13808
G1 X165.665 Y105.247 E.01603
G1 X168.706 Y102.206 E.14323
G1 X168.706 Y101.628 E.01925
G1 X165.53 Y104.803 E.14955
G1 X165.395 Y104.361 E.01541
G1 X168.706 Y101.05 E.15593
G1 X168.706 Y100.472 E.01925
G1 X165.251 Y103.926 E.1627
G1 X165.093 Y103.507 E.01494
G1 X168.706 Y99.894 E.17014
G1 X168.706 Y99.316 E.01925
G1 X164.935 Y103.087 E.17758
G1 X164.758 Y102.686 E.01459
G1 X168.706 Y98.738 E.18594
G1 X168.706 Y98.16 E.01925
G1 X164.578 Y102.288 E.19443
G1 X164.397 Y101.891 E.01454
G1 X168.706 Y97.582 E.20292
G1 X168.706 Y97.004 E.01925
G1 X164.196 Y101.514 E.21239
G1 X163.994 Y101.138 E.01421
G1 X168.706 Y96.426 E.2219
G1 X168.706 Y95.848 E.01925
G1 X163.789 Y100.765 E.23155
G1 X163.568 Y100.409 E.01397
G1 X168.706 Y95.27 E.24199
G1 X168.706 Y94.692 E.01925
G1 X163.346 Y100.052 E.25243
G1 X163.115 Y99.705 E.01388
G1 X168.706 Y94.114 E.26331
G1 X168.706 Y93.536 E.01925
G1 X162.874 Y99.369 E.27468
G1 X162.632 Y99.032 E.01379
G1 X168.706 Y92.958 E.28604
G1 X168.706 Y92.381 E.01925
G1 X162.383 Y98.703 E.29778
G1 X162.122 Y98.387 E.01367
G1 X168.706 Y91.803 E.31008
G1 X168.706 Y91.225 E.01925
G1 X161.861 Y98.07 E.32238
G1 X161.59 Y97.762 E.01364
G1 X168.706 Y90.647 E.33511
G1 X168.706 Y90.069 E.01925
G1 X161.311 Y97.464 E.34828
G1 X161.031 Y97.166 E.01362
G1 X168.706 Y89.491 E.36145
G1 X168.706 Y89.294 E.00655
G1 X168.325 Y89.294 E.0127
G1 X160.739 Y96.88 E.35724
G1 X160.441 Y96.6 E.01362
G1 X167.747 Y89.294 E.34407
G1 X167.169 Y89.294 E.01925
G1 X160.143 Y96.32 E.3309
G1 X159.829 Y96.056 E.01366
G1 X166.591 Y89.294 E.31845
G1 X166.013 Y89.294 E.01925
G1 X159.512 Y95.795 E.30615
G1 X159.195 Y95.534 E.01367
G1 X165.435 Y89.294 E.29385
G1 X164.857 Y89.294 E.01925
G1 X158.86 Y95.291 E.28241
G1 X158.524 Y95.049 E.01379
G1 X164.279 Y89.294 E.27105
G1 X163.701 Y89.294 E.01925
G1 X158.187 Y94.808 E.25968
G1 X157.833 Y94.584 E.01395
G1 X163.123 Y89.294 E.24912
G1 X162.545 Y89.294 E.01925
G1 X157.476 Y94.363 E.23871
G1 X157.119 Y94.142 E.01398
G1 X161.967 Y89.294 E.22831
G1 X161.389 Y89.294 E.01925
G1 X156.743 Y93.94 E.21881
G1 X156.366 Y93.739 E.01422
G1 X160.811 Y89.294 E.20933
G1 X160.233 Y89.294 E.01925
G1 X155.982 Y93.545 E.20021
G1 X155.584 Y93.365 E.01454
G1 X159.655 Y89.294 E.19172
G1 X159.077 Y89.294 E.01925
G1 X155.187 Y93.185 E.18323
G1 X154.779 Y93.015 E.01472
G1 X158.499 Y89.294 E.17522
G1 X157.921 Y89.294 E.01925
G1 X154.358 Y92.857 E.16781
G1 X153.938 Y92.7 E.01496
G1 X157.343 Y89.294 E.1604
G1 X156.766 Y89.294 E.01925
G1 X153.499 Y92.56 E.15383
G1 X153.056 Y92.426 E.01543
G1 X156.188 Y89.294 E.14749
G1 X155.61 Y89.294 E.01925
G1 X152.603 Y92.3 E.14159
G1 X152.135 Y92.191 E.01603
G1 X155.215 Y89.111 E.14507
G1 E-4.5 F2700
;WIPE_START
G1 F3600
G1 X153.801 Y90.525 E-.475
;WIPE_END
G1 E-.025 F2700
M205 X8 Y8
G1 X157.413 Y97.249 Z1.2 F7200
G1 X166.094 Y113.406 Z1.2
G1 Z.8
G1 E5 F2400
M205 X10 Y10
;WIDTH:0.449999
G1 F3600
G1 X168.562 Y110.938 E.11578
G1 X168.584 Y110.044 E.02965
G1 X168.584 Y105.159 E.16205
G1 X166.248 Y107.495 E.10957
G1 X166.374 Y108.756 E.04206
G1 X166.416 Y109.993 E.04105
G1 X166.374 Y111.244 E.04151
G1 X166.254 Y112.436 E.03976
G1 X166.1 Y113.366 E.03127
M205 X8 Y8
G1 X167.162 Y107.822 F7200
M205 X10 Y10
;WIDTH:0.556998
G1 F3600
G1 X167.23 Y108.691 E.03651
;WIDTH:0.524147
G1 X167.263 Y109.964 E.04994
G1 X167.231 Y111.065 E.04319
G1 X167.733 Y110.563 E.02781
G1 X167.726 Y108.725 E.07209
;WIDTH:0.562094
G1 X167.706 Y107.277 E.06126
G1 X167.19 Y107.794 E.03091
M205 X8 Y8
G1 X166.671 Y107.647 F7200
M205 X10 Y10
;WIDTH:0.449999
G1 F3600
G1 X166.78 Y108.729 E.03606
G1 X166.823 Y109.979 E.0415
G1 X166.781 Y111.251 E.04221
G1 X166.682 Y112.242 E.03302
G1 X168.177 Y110.747 E.0701
G1 X168.177 Y106.142 E.15278
G1 X166.7 Y107.619 E.0693
M205 X8 Y8
G1 X168.889 Y128.513 F7200
M205 X10 Y10
;WIDTH:0.452625
G1 F3600
G1 X166.696 Y130.706 E.10354
G1 X166.117 Y130.706 E.01934
G1 X168.687 Y128.136 E.12136
G1 X168.687 Y127.556 E.01934
G1 X165.537 Y130.706 E.14871
G1 X164.958 Y130.706 E.01934
G1 X168.687 Y126.977 E.17607
G1 X168.687 Y126.397 E.01934
G1 X164.378 Y130.706 E.20343
G1 X163.799 Y130.706 E.01934
G1 X168.687 Y125.818 E.23078
G1 X168.687 Y125.239 E.01934
G1 X163.22 Y130.706 E.25814
M73 P42 R25
G1 X162.64 Y130.706 E.01934
G1 X168.687 Y124.659 E.2855
G1 X168.687 Y124.08 E.01934
G1 X162.061 Y130.706 E.31285
G1 X161.481 Y130.706 E.01934
G1 X168.687 Y123.5 E.34021
G1 X168.687 Y122.921 E.01934
G1 X160.902 Y130.706 E.36757
G1 X160.323 Y130.706 E.01934
G1 X168.687 Y122.341 E.39492
G1 X168.687 Y121.762 E.01934
G1 X159.743 Y130.706 E.42228
G1 X159.164 Y130.706 E.01934
G1 X168.687 Y121.183 E.44964
G1 X168.687 Y120.603 E.01934
G1 X158.584 Y130.706 E.47699
G1 X158.005 Y130.706 E.01934
G1 X168.687 Y120.024 E.50435
G1 X168.687 Y119.444 E.01934
G1 X157.426 Y130.706 E.53171
G1 X156.846 Y130.706 E.01934
G1 X168.687 Y118.865 E.55906
G1 X168.687 Y118.286 E.01934
G1 X156.267 Y130.706 E.58642
G1 X155.687 Y130.706 E.01934
G1 X168.687 Y117.706 E.61378
G1 X168.687 Y117.127 E.01934
G1 X155.108 Y130.706 E.64113
G1 X154.528 Y130.706 E.01934
G1 X168.687 Y116.547 E.66849
G1 X168.687 Y115.968 E.01934
G1 X153.949 Y130.706 E.69585
G1 X153.37 Y130.706 E.01934
G1 X168.687 Y115.389 E.7232
G1 X168.687 Y114.809 E.01934
G1 X162.896 Y120.6 E.27343
G1 X162.489 Y121.167 E.02329
G1 X161.728 Y122.091 E.03997
G1 X160.936 Y122.936 E.03867
G1 X160.032 Y123.78 E.04127
G1 X159.167 Y124.489 E.03736
G1 X158.594 Y124.902 E.02359
G1 X152.79 Y130.706 E.27401
G1 X152.747 Y130.687 E.00157
G1 X152.23 Y130.687 E.01728
G1 X156.987 Y125.929 E.22463
G1 X156.126 Y126.39 E.03261
G1 X155.798 Y126.539 E.01203
G1 X151.65 Y130.687 E.19584
G1 X151.071 Y130.687 E.01934
G1 X154.772 Y126.986 E.17476
G1 X153.843 Y127.335 E.03314
G1 X150.492 Y130.687 E.15825
G1 X149.912 Y130.687 E.01934
G1 X153.014 Y127.585 E.14647
G1 X152.697 Y127.68 E.01107
G1 X152.232 Y127.788 E.01595
G1 X149.183 Y130.836 E.14392
M205 X8 Y8
G1 X163.396 Y119.521 F7200
M205 X10 Y10
G1 F3600
G1 X168.687 Y114.23 E.24982
G1 X168.687 Y113.65 E.01934
G1 X164.538 Y117.8 E.19592
G1 X164.989 Y116.769 E.03758
G1 X168.687 Y113.071 E.17459
G1 X168.687 Y112.492 E.01934
G1 X165.335 Y115.843 E.15825
G1 X165.588 Y115.012 E.02902
G1 X168.687 Y111.912 E.14634
G1 X168.687 Y111.333 E.01934
G1 X165.541 Y114.479 E.14856
G1 E-4.5 F2700
;WIPE_START
G1 F3600
G1 X166.955 Y113.065 E-.475
;WIPE_END
G1 E-.025 F2700
M205 X8 Y8
G1 X162.403 Y119.191 Z1.2 F7200
G1 X157.83 Y125.346 Z1.2
G1 Z.8
G1 E5 F2400
M205 X10 Y10
;TYPE:Gap infill
;WIDTH:0.111531
G1 X157.669 Y125.473 E.00115
;WIDTH:0.151051
G1 X157.509 Y125.601 E.00181
;WIDTH:0.190572
G1 X157.348 Y125.728 E.00247
;WIDTH:0.210333
G1 X157.188 Y125.856 E.0028
M205 X8 Y8
G1 X155.338 Y126.682 F7200
M205 X10 Y10
;WIDTH:0.111229
G1 F2400
G1 X155.241 Y126.748 E.00065
;WIDTH:0.150146
G1 X155.145 Y126.815 E.00103
;WIDTH:0.182508
G1 X155.048 Y126.882 E.00134
G1 X154.925 Y126.844 E.00147
M205 X8 Y8
G1 X164.473 Y118.004 F7200
M205 X10 Y10
;WIDTH:0.21332
G1 F2400
G1 X164.387 Y118.128 E.00209
;WIDTH:0.183741
G1 X164.307 Y118.236 E.00154
;WIDTH:0.146952
G1 X164.226 Y118.343 E.00114
;WIDTH:0.128558
G1 X164.146 Y118.451 E.00094
M205 X8 Y8
G1 X163.506 Y119.631 F7200
M205 X10 Y10
;WIDTH:0.131716
G1 F2400
G1 X163.354 Y119.822 E.00176
M205 X8 Y8
G1 X167.338 Y130.584 F7200
M205 X10 Y10
;TYPE:Internal solid infill
;WIDTH:0.449999
G1 F3600
G1 X168.584 Y130.584 E.04132
G1 X168.584 Y129.338 E.04132
G1 X167.367 Y130.555 E.0571
M205 X8 Y8
G1 X168.239 Y130.184 F7200
M205 X10 Y10
;WIDTH:0.36544
G1 F3600
G1 X168.179 Y130.219 E.00184
G1 X168.239 Y130.254 E.00184
M205 X8 Y8
G1 X145.277 Y129.706 F7200
M205 X10 Y10
;WIDTH:0.56592
G1 F3600
G1 X146.682 Y129.725 E.05987
;WIDTH:0.524307
G1 X148.563 Y129.733 E.07381
G1 X149.065 Y129.231 E.02782
G1 X148.065 Y129.266 E.03924
G1 X146.734 Y129.231 E.05225
;WIDTH:0.557819
G1 X145.822 Y129.162 E.03836
G1 X145.305 Y129.678 E.03065
M205 X8 Y8
G1 X144.142 Y130.177 F7200
M205 X10 Y10
;WIDTH:0.449999
G1 F3600
G1 X148.747 Y130.177 E.15278
G1 X150.242 Y128.682 E.0701
G1 X149.291 Y128.778 E.03169
G1 X148.01 Y128.824 E.04253
G1 X146.749 Y128.781 E.04185
G1 X145.647 Y128.671 E.03673
G1 X144.17 Y130.148 E.0693
M205 X8 Y8
G1 X143.159 Y130.584 F7200
M205 X10 Y10
G1 F3600
G1 X148.938 Y130.584 E.19169
G1 X151.406 Y128.094 E.11629
G1 X150.443 Y128.253 E.03238
G1 X149.25 Y128.373 E.03975
G1 X148.003 Y128.416 E.04139
G1 X146.763 Y128.374 E.04117
G1 X145.499 Y128.243 E.04214
G1 X143.187 Y130.555 E.10846
; stop printing object V7_00_pH_fit_gauge_26_30_34.stl id:0 copy 0
;TIME_ELAPSED:1114.134277

;LAYER_CHANGE
;:1
;HEIGHT:0.2
;BEFORE_LAYER_CHANGE
;1
G92 E0
;TIME_ELAPSED:1153.632324
G1 E-4.5 F2700
;WIPE_START
G1 F3600
G1 X144.601 Y129.141 E-.475
;WIPE_END
G1 E-.025 F2700
;_SET_FAN_SPEED_CHANGING_LAYER
; OBJECT_ID: 15
; printing object V7_00_pH_fit_gauge_26_30_34.stl id:0 copy 0
M205 X8 Y8
G17
G3 Z1.2 I-.092 J1.213 P1  F7200
G1 X168.991 Y130.991 Z1.2
G1 Z1
G1 E5 F2400
M205 X10 Y10
;TYPE:Inner wall
G1 F2700
G1 X51.009 Y130.991 E3.91366
G1 X51.009 Y89.009 E1.39261
G1 X168.991 Y89.009 E3.91366
G1 X168.991 Y130.951 E1.39128
M205 X8 Y8
M73 P42 R24
G1 X169.398 Y131.398 F7200
M205 X10 Y10
G1 F2700
G1 X50.602 Y131.398 E3.94067
G1 X50.602 Y88.602 E1.41961
G1 X169.398 Y88.602 E3.94067
G1 X169.398 Y131.358 E1.41829
M205 X8 Y8
M73 P43 R24
G1 X169.79 Y131.79 F7200
M205 X10 Y10
;TYPE:Outer wall
;WIDTH:0.419999
G1 F2400
G1 X50.21 Y131.79 E3.67435
G1 X50.21 Y88.21 E1.33909
G1 X169.79 Y88.21 E3.67435
G1 X169.79 Y131.75 E1.33786
G1 E-4.5 F2700
;WIPE_START
G1 F2400
G1 X167.79 Y131.751 E-.475
;WIPE_END
G1 E-.025 F2700
M205 X8 Y8
G1 X161.57 Y127.328 Z1.4 F7200
G1 X130.613 Y105.315 Z1.4
G1 Z1
G1 E5 F2400
M205 X10 Y10
;TYPE:Inner wall
;WIDTH:0.449999
G1 F2700
G1 X130.937 Y104.242 E.03718
G1 X131.35 Y103.138 E.03909
G1 X131.567 Y102.654 E.0176
G1 X131.834 Y102.064 E.02149
G1 X132.388 Y101.024 E.03909
G1 X133.008 Y100.022 E.03909
G1 X133.711 Y99.037 E.04014
G1 X134.46 Y98.125 E.03912
G1 X135.265 Y97.265 E.03909
G1 X136.125 Y96.46 E.03909
G1 X137.036 Y95.712 E.0391
G1 X137.994 Y95.025 E.03909
G1 X138.995 Y94.403 E.03909
G1 X140.034 Y93.848 E.03909
G1 X141.108 Y93.361 E.03909
G1 X142.211 Y92.946 E.03909
G1 X143.339 Y92.604 E.03909
G1 X144.486 Y92.336 E.03909
G1 X145.649 Y92.144 E.03909
G1 X146.822 Y92.029 E.03909
G1 X148 Y91.99 E.03909
G1 X149.178 Y92.029 E.03909
G1 X150.351 Y92.144 E.03909
G1 X151.514 Y92.336 E.03909
G1 X152.661 Y92.604 E.03909
G1 X153.789 Y92.946 E.03909
G1 X154.892 Y93.361 E.03909
G1 X155.965 Y93.848 E.03909
G1 X157.005 Y94.403 E.03909
G1 X158.006 Y95.025 E.03909
G1 X158.964 Y95.712 E.03909
G1 X159.875 Y96.46 E.03909
G1 X160.735 Y97.265 E.03909
G1 X161.54 Y98.125 E.03909
G1 X162.288 Y99.036 E.03909
G1 X162.975 Y99.994 E.03909
G1 X163.597 Y100.995 E.03909
G1 X164.152 Y102.034 E.03909
G1 X164.639 Y103.108 E.03909
G1 X165.054 Y104.211 E.03909
G1 X165.396 Y105.339 E.03909
G1 X165.664 Y106.486 E.03909
G1 X165.856 Y107.649 E.03909
G1 X165.971 Y108.822 E.03909
G1 X166.01 Y110 E.03909
G1 X165.971 Y111.178 E.03909
G1 X165.856 Y112.351 E.03909
G1 X165.664 Y113.514 E.03909
G1 X165.396 Y114.661 E.03909
G1 X165.054 Y115.789 E.03909
G1 X164.639 Y116.892 E.03909
G1 X164.152 Y117.965 E.03909
G1 X163.597 Y119.005 E.03909
G1 X162.975 Y120.006 E.03909
G1 X162.288 Y120.964 E.03909
G1 X161.54 Y121.875 E.03909
G1 X160.735 Y122.735 E.03909
G1 X159.875 Y123.54 E.03909
G1 X158.964 Y124.288 E.03909
G1 X158.006 Y124.975 E.03909
G1 X157.005 Y125.597 E.03909
G1 X155.965 Y126.152 E.03909
G1 X154.892 Y126.639 E.03909
G1 X153.789 Y127.054 E.03909
G1 X152.661 Y127.396 E.03909
G1 X151.514 Y127.664 E.03909
G1 X150.351 Y127.856 E.03909
G1 X149.178 Y127.971 E.03909
G1 X148 Y128.01 E.03909
G1 X146.822 Y127.971 E.03909
G1 X145.649 Y127.856 E.03909
G1 X144.486 Y127.664 E.03909
G1 X143.339 Y127.396 E.03909
G1 X142.211 Y127.054 E.03909
G1 X141.108 Y126.639 E.03909
G1 X140.034 Y126.152 E.03909
G1 X138.995 Y125.597 E.03909
G1 X137.994 Y124.975 E.03909
G1 X137.036 Y124.288 E.03909
G1 X136.125 Y123.54 E.03909
G1 X135.265 Y122.735 E.03909
G1 X134.46 Y121.875 E.03909
G1 X133.732 Y120.989 E.03802
G1 X133.24 Y120.305 E.02796
G1 X132.539 Y119.224 E.04273
G1 X132.026 Y118.3 E.03504
G1 X131.35 Y116.862 E.05273
G1 X130.957 Y115.819 E.03695
G1 X130.597 Y114.63 E.04123
G1 X130.344 Y113.545 E.03695
G1 X130.15 Y112.383 E.03909
G1 X130.032 Y111.21 E.03909
G1 X129.991 Y110.032 E.03909
G1 X130.024 Y108.985 E.03475
G1 X130.115 Y107.942 E.03472
G1 X130.267 Y106.909 E.03466
G1 X130.476 Y105.888 E.03456
G1 X130.597 Y105.37 E.01763
G1 X130.602 Y105.353 E.00059
M205 X8 Y8
G1 X131.002 Y105.432 F7200
M205 X10 Y10
G1 F2700
G1 X131.206 Y104.756 E.02342
G1 X131.443 Y104.047 E.0248
G1 X131.731 Y103.282 E.02713
G1 X132.205 Y102.232 E.03821
G1 X132.747 Y101.216 E.03821
G1 X133.354 Y100.237 E.03821
G1 X134.035 Y99.285 E.03883
G1 X134.766 Y98.394 E.03822
G1 X135.553 Y97.553 E.03821
G1 X136.394 Y96.766 E.03821
G1 X137.284 Y96.035 E.03821
G1 X138.221 Y95.364 E.03821
G1 X139.199 Y94.756 E.03821
G1 X140.215 Y94.213 E.03821
G1 X141.264 Y93.738 E.03821
G1 X142.342 Y93.332 E.03821
G1 X143.444 Y92.997 E.03821
G1 X144.566 Y92.736 E.03821
G1 X145.702 Y92.548 E.03821
G1 X146.849 Y92.435 E.03821
G1 X148 Y92.398 E.03821
G1 X149.151 Y92.435 E.03821
G1 X150.298 Y92.548 E.03821
G1 X151.434 Y92.736 E.03821
G1 X152.556 Y92.997 E.03821
G1 X153.658 Y93.332 E.03821
G1 X154.736 Y93.737 E.03821
G1 X155.785 Y94.213 E.03821
G1 X156.801 Y94.756 E.03821
G1 X157.779 Y95.364 E.03821
G1 X158.716 Y96.035 E.03821
G1 X159.606 Y96.766 E.03821
G1 X160.447 Y97.553 E.03821
G1 X161.234 Y98.394 E.03821
G1 X161.965 Y99.284 E.03821
G1 X162.636 Y100.221 E.03821
G1 X163.244 Y101.199 E.03821
G1 X163.787 Y102.215 E.03821
G1 X164.263 Y103.264 E.03821
G1 X164.668 Y104.342 E.03821
G1 X165.003 Y105.444 E.03821
G1 X165.264 Y106.566 E.03821
G1 X165.452 Y107.702 E.03821
G1 X165.565 Y108.849 E.03821
G1 X165.602 Y110 E.03821
G1 X165.565 Y111.151 E.03821
G1 X165.452 Y112.298 E.03821
G1 X165.264 Y113.434 E.03821
G1 X165.003 Y114.556 E.03821
G1 X164.668 Y115.658 E.03821
G1 X164.263 Y116.736 E.03821
G1 X163.787 Y117.785 E.03821
G1 X163.244 Y118.801 E.03821
G1 X162.636 Y119.779 E.03821
G1 X161.965 Y120.716 E.03821
G1 X161.234 Y121.606 E.03821
G1 X160.447 Y122.447 E.03821
G1 X159.606 Y123.234 E.03821
G1 X158.716 Y123.965 E.03821
G1 X157.779 Y124.636 E.03821
G1 X156.801 Y125.244 E.03821
G1 X155.785 Y125.787 E.03821
G1 X154.736 Y126.262 E.03821
G1 X153.658 Y126.668 E.03821
G1 X152.556 Y127.003 E.03821
G1 X151.434 Y127.264 E.03821
G1 X150.298 Y127.452 E.03821
G1 X149.151 Y127.565 E.03821
G1 X148 Y127.602 E.03821
G1 X146.849 Y127.565 E.03821
G1 X145.702 Y127.452 E.03821
G1 X144.566 Y127.264 E.03821
G1 X143.444 Y127.003 E.03821
G1 X142.342 Y126.668 E.03821
G1 X141.264 Y126.263 E.03821
G1 X140.215 Y125.787 E.03821
G1 X139.199 Y125.244 E.03821
G1 X138.221 Y124.636 E.03821
G1 X137.284 Y123.965 E.03821
G1 X136.394 Y123.234 E.03821
G1 X135.553 Y122.447 E.03821
G1 X134.766 Y121.606 E.03821
G1 X134.047 Y120.73 E.03758
G1 X133.571 Y120.068 E.02708
G1 X132.885 Y119.009 E.04185
G1 X132.385 Y118.108 E.03415
G1 X131.731 Y116.718 E.05096
G1 X131.338 Y115.676 E.03695
G1 X130.926 Y114.248 E.0493
G1 X130.74 Y113.453 E.0271
G1 X130.551 Y112.316 E.03821
G1 X130.437 Y111.17 E.03821
G1 X130.398 Y110.019 E.03821
G1 X130.43 Y108.999 E.03387
G1 X130.521 Y107.982 E.03384
G1 X130.668 Y106.975 E.03378
G1 X130.872 Y105.98 E.03368
G1 X130.991 Y105.471 E.01736
M205 X8 Y8
G1 X131.377 Y105.545 F7200
M205 X10 Y10
;TYPE:Outer wall
;WIDTH:0.419999
G1 F2400
G1 X131.581 Y104.87 E.02167
G1 X131.81 Y104.185 E.02218
G1 X132.098 Y103.42 E.02513
G1 X132.562 Y102.394 E.0346
G1 X133.093 Y101.4 E.0346
G1 X133.687 Y100.444 E.0346
G1 X134.346 Y99.523 E.03479
G1 X135.061 Y98.653 E.03461
G1 X135.831 Y97.831 E.0346
G1 X136.653 Y97.061 E.0346
G1 X137.523 Y96.346 E.03461
G1 X138.439 Y95.69 E.03461
G1 X139.395 Y95.096 E.0346
G1 X140.388 Y94.565 E.0346
G1 X141.414 Y94.1 E.0346
G1 X142.468 Y93.703 E.0346
G1 X143.546 Y93.376 E.03461
G1 X144.642 Y93.121 E.0346
G1 X145.754 Y92.937 E.03461
G1 X146.874 Y92.827 E.0346
G1 X148 Y92.79 E.0346
G1 X149.126 Y92.827 E.03461
G1 X150.246 Y92.937 E.0346
G1 X151.358 Y93.121 E.03461
G1 X152.454 Y93.376 E.0346
G1 X153.532 Y93.703 E.0346
G1 X154.586 Y94.1 E.0346
G1 X155.612 Y94.565 E.03461
G1 X156.605 Y95.096 E.0346
G1 X157.561 Y95.69 E.03461
G1 X158.477 Y96.346 E.0346
G1 X159.347 Y97.061 E.03461
G1 X160.169 Y97.831 E.0346
G1 X160.939 Y98.653 E.0346
G1 X161.654 Y99.523 E.0346
G1 X162.31 Y100.439 E.03461
G1 X162.904 Y101.395 E.0346
G1 X163.435 Y102.388 E.0346
G1 X163.9 Y103.414 E.03461
G1 X164.297 Y104.468 E.0346
G1 X164.624 Y105.546 E.03461
G1 X164.879 Y106.642 E.0346
G1 X165.063 Y107.754 E.03461
G1 X165.173 Y108.874 E.0346
G1 X165.21 Y110 E.0346
G1 X165.173 Y111.126 E.03461
G1 X165.063 Y112.246 E.0346
G1 X164.879 Y113.358 E.03461
G1 X164.624 Y114.454 E.0346
G1 X164.297 Y115.532 E.0346
G1 X163.9 Y116.586 E.03461
G1 X163.435 Y117.612 E.0346
G1 X162.904 Y118.605 E.0346
G1 X162.31 Y119.561 E.0346
G1 X161.654 Y120.477 E.03461
G1 X160.939 Y121.347 E.0346
G1 X160.169 Y122.169 E.0346
G1 X159.347 Y122.939 E.0346
G1 X158.477 Y123.654 E.03461
G1 X157.561 Y124.31 E.0346
G1 X156.605 Y124.904 E.03461
G1 X155.612 Y125.435 E.0346
G1 X154.586 Y125.9 E.0346
G1 X153.532 Y126.297 E.03461
G1 X152.454 Y126.624 E.0346
G1 X151.358 Y126.879 E.0346
G1 X150.246 Y127.063 E.03461
G1 X149.126 Y127.173 E.0346
G1 X148 Y127.21 E.0346
G1 X146.874 Y127.173 E.03461
G1 X145.754 Y127.063 E.0346
G1 X144.642 Y126.879 E.03461
G1 X143.546 Y126.624 E.0346
G1 X142.468 Y126.297 E.03461
G1 X141.414 Y125.9 E.0346
G1 X140.388 Y125.435 E.03461
G1 X139.395 Y124.904 E.0346
G1 X138.439 Y124.31 E.0346
G1 X137.523 Y123.654 E.0346
G1 X136.653 Y122.939 E.03461
G1 X135.831 Y122.169 E.0346
G1 X135.061 Y121.347 E.0346
G1 X134.35 Y120.482 E.03441
G1 X133.889 Y119.839 E.0243
G1 X133.218 Y118.801 E.03798
G1 X132.731 Y117.923 E.03085
G1 X132.295 Y117.016 E.03093
G1 X131.911 Y116.084 E.03099
G1 X131.705 Y115.538 E.01792
G1 X131.308 Y114.159 E.04409
G1 X131.122 Y113.364 E.0251
G1 X130.938 Y112.252 E.0346
G1 X130.827 Y111.132 E.0346
G1 X130.79 Y110.006 E.0346
G1 X130.822 Y109.011 E.03058
G1 X130.911 Y108.021 E.03056
G1 X131.055 Y107.039 E.0305
G1 X131.254 Y106.069 E.03041
G1 X131.367 Y105.584 E.01531
G1 E-4.5 F2700
;WIPE_START
G1 F2400
G1 X131.581 Y104.87 E-.17702
G1 X131.81 Y104.185 E-.17147
G1 X131.997 Y103.687 E-.12651
;WIPE_END
G1 E-.025 F2700
M205 X8 Y8
G1 X127.955 Y110.161 Z1.4 F7200
G1 X125.457 Y114.161 Z1.4
G1 Z1
G1 E5 F2400
M205 X10 Y10
;TYPE:Inner wall
;WIDTH:0.449999
G1 F2700
G1 X125.149 Y115.176 E.0352
G1 X124.802 Y116.096 E.03261
G1 X124.343 Y117.109 E.03689
G1 X123.878 Y117.979 E.03273
G1 X123.443 Y118.684 E.02746
G1 X122.775 Y119.643 E.03878
G1 X122.057 Y120.531 E.03787
G1 X121.343 Y121.297 E.03475
G1 X120.58 Y122.015 E.03475
G1 X119.771 Y122.681 E.03475
G1 X118.921 Y123.293 E.03475
G1 X118.032 Y123.848 E.03475
G1 X117.109 Y124.343 E.03475
G1 X116.156 Y124.778 E.03475
G1 X115.176 Y125.149 E.03475
G1 X114.175 Y125.455 E.03475
G1 X113.155 Y125.695 E.03475
G1 X112.122 Y125.867 E.03475
G1 X111.079 Y125.972 E.03475
G1 X110.032 Y126.009 E.03475
G1 X108.985 Y125.976 E.03475
G1 X107.942 Y125.876 E.03475
G1 X106.909 Y125.707 E.03475
G1 X105.888 Y125.472 E.03475
G1 X104.885 Y125.169 E.03475
G1 X103.904 Y124.802 E.03475
G1 X102.949 Y124.372 E.03475
G1 X102.024 Y123.88 E.03475
G1 X101.133 Y123.329 E.03475
G1 X100.28 Y122.72 E.03475
G1 X99.469 Y122.057 E.03475
G1 X98.703 Y121.343 E.03475
G1 X97.985 Y120.58 E.03475
G1 X97.319 Y119.771 E.03475
G1 X96.707 Y118.921 E.03475
G1 X96.271 Y118.224 E.02728
G1 X95.82 Y117.415 E.0307
G1 X95.415 Y116.581 E.03079
G1 X95.198 Y116.096 E.0176
G1 X94.851 Y115.176 E.03261
G1 X94.491 Y113.951 E.04239
G1 X94.305 Y113.155 E.0271
G1 X94.133 Y112.122 E.03475
G1 X94.028 Y111.079 E.03475
G1 X93.991 Y110.032 E.03475
G1 X94.019 Y109.116 E.03041
G1 X94.098 Y108.204 E.03038
G1 X94.228 Y107.299 E.03032
G1 X94.528 Y105.888 E.04785
G1 X94.91 Y104.669 E.04236
G1 X95.198 Y103.904 E.02713
G1 X95.628 Y102.949 E.03475
G1 X96.12 Y102.024 E.03475
G1 X96.594 Y101.257 E.02992
G1 X97.28 Y100.28 E.03957
G1 X97.943 Y99.469 E.03475
G1 X98.657 Y98.703 E.03475
G1 X99.42 Y97.985 E.03475
G1 X100.229 Y97.319 E.03475
G1 X101.079 Y96.707 E.03475
G1 X101.968 Y96.152 E.03475
G1 X102.891 Y95.657 E.03475
G1 X103.844 Y95.222 E.03475
G1 X104.824 Y94.851 E.03475
G1 X105.825 Y94.545 E.03475
G1 X106.845 Y94.305 E.03475
G1 X107.878 Y94.133 E.03475
G1 X108.921 Y94.028 E.03475
G1 X109.968 Y93.991 E.03475
G1 X111.015 Y94.024 E.03475
G1 X112.058 Y94.124 E.03475
G1 X113.091 Y94.293 E.03475
G1 X114.112 Y94.528 E.03475
G1 X115.115 Y94.831 E.03475
G1 X116.096 Y95.198 E.03475
G1 X117.051 Y95.628 E.03475
G1 X117.976 Y96.12 E.03475
G1 X118.867 Y96.671 E.03475
G1 X119.72 Y97.28 E.03475
G1 X120.531 Y97.943 E.03475
G1 X121.297 Y98.657 E.03475
G1 X122.015 Y99.42 E.03475
G1 X122.531 Y100.046 E.0269
G1 X123.293 Y101.079 E.04259
G1 X123.848 Y101.968 E.03475
G1 X124.343 Y102.891 E.03475
G1 X124.778 Y103.844 E.03475
G1 X125.003 Y104.436 E.02102
G1 X125.455 Y105.825 E.04846
G1 X125.604 Y106.455 E.02146
G1 X125.824 Y107.617 E.03925
G1 X125.959 Y108.79 E.03915
G1 X126.009 Y109.968 E.0391
G1 X125.976 Y111.015 E.03475
G1 X125.876 Y112.058 E.03475
G1 X125.707 Y113.091 E.03475
G1 X125.472 Y114.112 E.03475
G1 X125.468 Y114.123 E.00037
M205 X8 Y8
G1 X125.065 Y114.049 F7200
M205 X10 Y10
G1 F2700
G1 X124.622 Y115.42 E.0478
G1 X124.421 Y115.953 E.01887
G1 X124.188 Y116.471 E.01886
G1 X123.679 Y117.489 E.03774
G1 X123.097 Y118.469 E.0378
G1 X122.444 Y119.406 E.0379
G1 X121.743 Y120.273 E.03699
G1 X121.046 Y121.019 E.03387
G1 X120.301 Y121.717 E.03387
G1 X119.513 Y122.366 E.03387
G1 X118.684 Y122.962 E.03387
G1 X117.817 Y123.502 E.03387
G1 X116.918 Y123.984 E.03387
G1 X115.988 Y124.407 E.03387
G1 X115.033 Y124.768 E.03387
G1 X114.056 Y125.065 E.03387
G1 X113.062 Y125.298 E.03387
G1 X112.055 Y125.466 E.03387
G1 X111.039 Y125.567 E.03387
G1 X110.019 Y125.602 E.03387
G1 X108.999 Y125.57 E.03387
G1 X107.982 Y125.471 E.03387
G1 X106.975 Y125.306 E.03387
G1 X105.98 Y125.075 E.03387
G1 X105.003 Y124.78 E.03387
G1 X104.047 Y124.421 E.03387
G1 X103.117 Y124.001 E.03387
G1 X102.216 Y123.521 E.03387
G1 X101.348 Y122.983 E.03387
G1 X100.517 Y122.389 E.03387
G1 X99.727 Y121.743 E.03387
G1 X98.981 Y121.046 E.03387
G1 X98.283 Y120.301 E.03387
G1 X97.634 Y119.513 E.03387
G1 X97.038 Y118.684 E.03387
G1 X96.617 Y118.009 E.0264
G1 X96.179 Y117.224 E.02981
G1 X95.785 Y116.413 E.02991
G1 X95.579 Y115.953 E.01672
G1 X95.232 Y115.033 E.03261
G1 X94.887 Y113.858 E.04062
G1 X94.702 Y113.062 E.0271
G1 X94.534 Y112.055 E.03387
G1 X94.433 Y111.039 E.03387
G1 X94.398 Y110.019 E.03387
G1 X94.426 Y109.129 E.02953
G1 X94.504 Y108.243 E.0295
G1 X94.63 Y107.365 E.02944
G1 X94.925 Y105.98 E.04696
G1 X95.138 Y105.274 E.02448
G1 X95.438 Y104.421 E.02998
G1 X95.999 Y103.117 E.04711
G1 X96.479 Y102.216 E.03387
G1 X96.94 Y101.472 E.02904
G1 X97.611 Y100.517 E.03869
G1 X98.257 Y99.727 E.03387
G1 X98.954 Y98.981 E.03387
G1 X99.699 Y98.283 E.03387
G1 X100.487 Y97.634 E.03387
G1 X101.316 Y97.038 E.03387
G1 X102.183 Y96.498 E.03387
G1 X103.082 Y96.016 E.03387
G1 X104.012 Y95.593 E.03387
G1 X104.967 Y95.232 E.03387
G1 X105.944 Y94.935 E.03387
G1 X106.938 Y94.702 E.03387
G1 X107.945 Y94.534 E.03387
G1 X108.961 Y94.433 E.03387
G1 X109.981 Y94.398 E.03387
G1 X111.001 Y94.43 E.03387
G1 X112.018 Y94.529 E.03387
G1 X113.025 Y94.694 E.03387
G1 X114.02 Y94.925 E.03387
G1 X114.997 Y95.22 E.03387
G1 X115.953 Y95.579 E.03387
G1 X116.883 Y95.999 E.03387
G1 X117.784 Y96.479 E.03387
G1 X118.652 Y97.017 E.03387
G1 X119.483 Y97.611 E.03387
G1 X120.273 Y98.257 E.03387
G1 X121.019 Y98.954 E.03387
G1 X121.717 Y99.699 E.03387
G1 X122.216 Y100.304 E.02602
G1 X122.962 Y101.316 E.04171
G1 X123.502 Y102.183 E.03387
G1 X123.984 Y103.082 E.03387
G1 X124.407 Y104.012 E.03387
M73 P44 R24
G1 X124.622 Y104.58 E.02013
G1 X125.065 Y105.944 E.04758
G1 X125.207 Y106.547 E.02058
G1 X125.423 Y107.684 E.03836
G1 X125.554 Y108.83 E.03827
G1 X125.602 Y109.981 E.03822
G1 X125.57 Y111.001 E.03387
G1 X125.471 Y112.018 E.03387
G1 X125.306 Y113.025 E.03387
G1 X125.077 Y114.011 E.03358
M205 X8 Y8
G1 X124.693 Y113.931 F7200
M205 X10 Y10
;TYPE:Outer wall
;WIDTH:0.419999
G1 F2400
G1 X124.255 Y115.282 E.04366
G1 X124.054 Y115.815 E.01748
G1 X123.831 Y116.31 E.01668
G1 X123.333 Y117.304 E.03417
G1 X122.764 Y118.261 E.03422
G1 X122.126 Y119.178 E.03432
G1 X121.439 Y120.024 E.03348
G1 X120.759 Y120.751 E.03058
G1 X120.033 Y121.431 E.03058
G1 X119.264 Y122.063 E.03058
G1 X118.455 Y122.643 E.03058
G1 X117.61 Y123.169 E.03058
G1 X116.733 Y123.639 E.03058
G1 X115.826 Y124.05 E.03058
G1 X114.895 Y124.401 E.03058
G1 X113.943 Y124.69 E.03058
G1 X112.973 Y124.916 E.03058
G1 X111.991 Y125.079 E.03058
G1 X111.001 Y125.177 E.03058
G1 X110.006 Y125.21 E.03058
G1 X109.011 Y125.178 E.03058
G1 X108.021 Y125.081 E.03058
G1 X107.039 Y124.919 E.03058
G1 X106.069 Y124.693 E.03058
G1 X105.117 Y124.405 E.03058
G1 X104.185 Y124.054 E.03058
G1 X103.278 Y123.644 E.03058
G1 X102.4 Y123.175 E.03058
G1 X101.555 Y122.65 E.03058
G1 X100.746 Y122.071 E.03058
G1 X99.976 Y121.439 E.03058
G1 X99.249 Y120.759 E.03058
G1 X98.569 Y120.033 E.03058
G1 X97.937 Y119.264 E.03058
G1 X97.357 Y118.455 E.03058
G1 X96.95 Y117.802 E.02366
G1 X96.525 Y117.039 E.02683
G1 X96.143 Y116.251 E.02691
G1 X95.805 Y115.441 E.02697
G1 X95.599 Y114.895 E.01792
G1 X95.4 Y114.24 E.02102
G1 X95.186 Y113.413 E.02626
G1 X95.073 Y112.914 E.01571
G1 X94.921 Y111.991 E.02874
G1 X94.823 Y111.001 E.03058
G1 X94.79 Y110.006 E.03058
G1 X94.818 Y109.142 E.02656
G1 X94.894 Y108.282 E.02654
G1 X95.017 Y107.429 E.02648
G1 X95.307 Y106.069 E.04272
G1 X95.513 Y105.388 E.02188
G1 X95.805 Y104.559 E.02699
G1 X96.356 Y103.278 E.04285
G1 X96.825 Y102.4 E.03058
G1 X97.273 Y101.679 E.02611
G1 X97.929 Y100.746 E.03505
G1 X98.561 Y99.976 E.03058
G1 X99.241 Y99.249 E.03058
G1 X99.967 Y98.569 E.03058
G1 X100.736 Y97.937 E.03058
G1 X101.545 Y97.357 E.03058
G1 X102.39 Y96.831 E.03058
G1 X103.267 Y96.361 E.03058
G1 X104.174 Y95.95 E.03058
G1 X105.105 Y95.599 E.03058
G1 X106.057 Y95.31 E.03058
G1 X107.027 Y95.084 E.03058
G1 X108.009 Y94.921 E.03058
G1 X108.999 Y94.823 E.03058
G1 X109.994 Y94.79 E.03058
G1 X110.989 Y94.822 E.03058
G1 X111.979 Y94.919 E.03058
G1 X112.961 Y95.081 E.03058
G1 X113.931 Y95.307 E.03058
G1 X114.883 Y95.595 E.03058
G1 X115.815 Y95.946 E.03058
G1 X116.722 Y96.356 E.03058
G1 X117.6 Y96.825 E.03058
G1 X118.445 Y97.35 E.03058
G1 X119.254 Y97.929 E.03058
G1 X120.024 Y98.561 E.03058
G1 X120.751 Y99.241 E.03058
G1 X121.431 Y99.967 E.03058
G1 X121.913 Y100.553 E.02331
G1 X122.643 Y101.545 E.03784
G1 X123.169 Y102.39 E.03058
G1 X123.639 Y103.267 E.03058
G1 X124.05 Y104.174 E.03058
G1 X124.255 Y104.718 E.01786
G1 X124.69 Y106.057 E.04328
G1 X124.825 Y106.636 E.01827
G1 X125.036 Y107.748 E.03475
G1 X125.164 Y108.868 E.03466
G1 X125.21 Y109.994 E.03461
G1 X125.178 Y110.989 E.03058
G1 X125.081 Y111.979 E.03058
G1 X124.919 Y112.961 E.03058
G1 X124.702 Y113.892 E.02935
G1 E-4.5 F2700
;WIPE_START
G1 F2400
G1 X124.255 Y115.282 E-.34695
G1 X124.065 Y115.787 E-.12805
;WIPE_END
G1 E-.025 F2700
M205 X8 Y8
G1 X116.472 Y115.014 Z1.4 F7200
G1 X58.024 Y109.067 Z1.4
G1 Z1
G1 E5 F2400
M205 X10 Y10
;TYPE:Inner wall
;WIDTH:0.449999
G1 F2700
G1 X58.107 Y108.204 E.02877
G1 X58.254 Y107.299 E.03041
G1 X58.46 Y106.406 E.03041
G1 X58.724 Y105.528 E.03041
G1 X59.045 Y104.669 E.03041
G1 X59.422 Y103.833 E.03041
G1 X59.852 Y103.024 E.03041
G1 X60.334 Y102.244 E.03041
G1 X60.867 Y101.498 E.03041
G1 X61.446 Y100.788 E.03041
G1 X62.072 Y100.117 E.03041
G1 X62.739 Y99.489 E.03041
G1 X63.446 Y98.906 E.03041
G1 X64.19 Y98.37 E.03041
G1 X64.968 Y97.884 E.03041
G1 X65.775 Y97.45 E.03041
G1 X66.609 Y97.07 E.03041
G1 X67.466 Y96.745 E.03041
G1 X68.343 Y96.477 E.03041
G1 X69.235 Y96.267 E.03041
G1 X70.139 Y96.115 E.03041
G1 X71.052 Y96.023 E.03041
G1 X71.968 Y95.991 E.03041
G1 X72.884 Y96.019 E.03041
G1 X73.796 Y96.107 E.03041
G1 X74.701 Y96.254 E.03041
G1 X75.594 Y96.46 E.03041
G1 X76.472 Y96.724 E.03041
G1 X77.331 Y97.045 E.03041
G1 X78.167 Y97.422 E.03041
G1 X78.976 Y97.852 E.03041
G1 X79.756 Y98.334 E.03041
G1 X80.502 Y98.867 E.03041
G1 X81.212 Y99.446 E.03041
G1 X81.883 Y100.072 E.03041
G1 X82.511 Y100.739 E.03041
G1 X83.094 Y101.446 E.03041
G1 X83.63 Y102.19 E.03041
G1 X84.116 Y102.968 E.03041
G1 X84.55 Y103.775 E.03041
G1 X85.013 Y104.824 E.03802
G1 X85.255 Y105.466 E.02279
G1 X85.475 Y106.184 E.0249
G1 X85.642 Y106.845 E.02261
G1 X85.841 Y107.878 E.03491
G1 X85.964 Y108.921 E.03481
G1 X86.009 Y109.968 E.03476
G1 X85.981 Y110.884 E.03041
G1 X85.893 Y111.796 E.03041
G1 X85.746 Y112.701 E.03041
G1 X85.54 Y113.594 E.03041
G1 X85.366 Y114.175 E.02009
G1 X84.955 Y115.331 E.04072
G1 X84.583 Y116.156 E.03002
G1 X84.306 Y116.681 E.01969
G1 X83.78 Y117.572 E.03434
G1 X83.273 Y118.307 E.02961
G1 X82.554 Y119.212 E.03835
G1 X81.928 Y119.883 E.03041
G1 X81.261 Y120.511 E.03041
G1 X80.554 Y121.094 E.03041
G1 X79.81 Y121.63 E.03041
G1 X79.032 Y122.116 E.03041
G1 X78.225 Y122.55 E.03041
G1 X77.391 Y122.93 E.03041
G1 X76.534 Y123.255 E.03041
G1 X75.657 Y123.523 E.03041
G1 X74.765 Y123.733 E.03041
G1 X73.861 Y123.885 E.03041
G1 X72.948 Y123.977 E.03041
G1 X72.032 Y124.009 E.03041
G1 X71.116 Y123.981 E.03041
G1 X70.204 Y123.893 E.03041
G1 X69.299 Y123.746 E.03041
G1 X68.406 Y123.54 E.03041
G1 X67.528 Y123.276 E.03041
G1 X66.669 Y122.955 E.03041
G1 X65.833 Y122.578 E.03041
G1 X65.024 Y122.148 E.03041
G1 X64.244 Y121.666 E.03041
G1 X63.498 Y121.133 E.03041
G1 X62.788 Y120.554 E.03041
G1 X62.117 Y119.928 E.03041
G1 X61.489 Y119.261 E.03041
G1 X60.906 Y118.554 E.03041
G1 X60.37 Y117.81 E.03041
G1 X59.884 Y117.032 E.03041
G1 X59.45 Y116.225 E.03041
G1 X59.07 Y115.391 E.03041
G1 X58.745 Y114.534 E.03041
G1 X58.477 Y113.657 E.03041
G1 X58.267 Y112.765 E.03041
G1 X58.115 Y111.861 E.03041
G1 X58.023 Y110.948 E.03041
G1 X57.991 Y110.032 E.03041
G1 X58.019 Y109.116 E.03041
G1 X58.02 Y109.107 E.00031
M205 X8 Y8
G1 X58.428 Y109.105 F7200
M205 X10 Y10
G1 F2700
G1 X58.512 Y108.243 E.02873
G1 X58.656 Y107.365 E.02953
G1 X58.857 Y106.498 E.02952
G1 X59.114 Y105.646 E.02953
G1 X59.426 Y104.812 E.02953
G1 X59.793 Y104.001 E.02953
G1 X60.211 Y103.216 E.02953
G1 X60.68 Y102.459 E.02953
G1 X61.197 Y101.735 E.02953
G1 X61.761 Y101.046 E.02953
G1 X62.369 Y100.396 E.02952
G1 X63.017 Y99.786 E.02953
G1 X63.705 Y99.221 E.02953
G1 X64.427 Y98.701 E.02953
G1 X65.183 Y98.23 E.02953
G1 X65.967 Y97.809 E.02952
G1 X66.777 Y97.441 E.02953
G1 X67.61 Y97.126 E.02952
G1 X68.461 Y96.867 E.02953
G1 X69.328 Y96.663 E.02952
G1 X70.206 Y96.517 E.02953
G1 X71.091 Y96.429 E.02953
G1 X71.981 Y96.398 E.02953
G1 X72.871 Y96.426 E.02953
G1 X73.757 Y96.512 E.02953
G1 X74.635 Y96.656 E.02953
G1 X75.502 Y96.857 E.02952
G1 X76.354 Y97.114 E.02953
G1 X77.188 Y97.426 E.02952
G1 X77.999 Y97.793 E.02953
G1 X78.784 Y98.211 E.02952
G1 X79.541 Y98.68 E.02953
G1 X80.265 Y99.197 E.02953
G1 X80.954 Y99.761 E.02953
G1 X81.604 Y100.369 E.02952
G1 X82.214 Y101.017 E.02952
G1 X82.779 Y101.705 E.02953
G1 X83.299 Y102.427 E.02952
G1 X83.77 Y103.183 E.02953
G1 X84.191 Y103.967 E.02952
G1 X84.559 Y104.777 E.02953
G1 X84.976 Y105.944 E.04109
G1 X85.133 Y106.461 E.01794
G1 X85.326 Y107.282 E.02795
G1 X85.44 Y107.945 E.02232
G1 X85.559 Y108.961 E.03393
G1 X85.602 Y109.981 E.03388
G1 X85.574 Y110.871 E.02953
G1 X85.488 Y111.757 E.02953
G1 X85.344 Y112.635 E.02953
G1 X85.143 Y113.502 E.02952
G1 X84.976 Y114.056 E.0192
G1 X84.574 Y115.188 E.03983
G1 X84.212 Y115.988 E.02913
G1 X83.947 Y116.489 E.0188
G1 X83.434 Y117.357 E.03346
G1 X82.942 Y118.07 E.02873
G1 X82.239 Y118.954 E.03747
G1 X81.631 Y119.604 E.02952
G1 X80.983 Y120.214 E.02952
G1 X80.295 Y120.779 E.02953
G1 X79.573 Y121.299 E.02953
G1 X78.817 Y121.77 E.02953
G1 X78.033 Y122.191 E.02952
G1 X77.223 Y122.559 E.02953
G1 X76.39 Y122.874 E.02952
G1 X75.539 Y123.133 E.02953
G1 X74.672 Y123.337 E.02952
G1 X73.794 Y123.483 E.02953
G1 X72.909 Y123.571 E.02953
G1 X72.019 Y123.602 E.02953
G1 X71.129 Y123.574 E.02953
G1 X70.243 Y123.488 E.02953
G1 X69.365 Y123.344 E.02953
G1 X68.498 Y123.143 E.02952
G1 X67.646 Y122.886 E.02953
G1 X66.812 Y122.574 E.02952
G1 X66.001 Y122.207 E.02953
G1 X65.216 Y121.789 E.02952
G1 X64.459 Y121.32 E.02953
G1 X63.735 Y120.803 E.02953
G1 X63.046 Y120.239 E.02953
G1 X62.396 Y119.631 E.02953
G1 X61.786 Y118.983 E.02952
G1 X61.221 Y118.295 E.02953
G1 X60.701 Y117.573 E.02953
G1 X60.23 Y116.817 E.02953
G1 X59.809 Y116.033 E.02953
G1 X59.441 Y115.223 E.02953
G1 X59.126 Y114.39 E.02953
G1 X58.867 Y113.539 E.02953
G1 X58.663 Y112.672 E.02953
G1 X58.517 Y111.794 E.02953
G1 X58.429 Y110.909 E.02953
G1 X58.398 Y110.019 E.02953
G1 X58.426 Y109.145 E.029
M205 X8 Y8
G1 X58.818 Y109.142 F7200
M205 X10 Y10
;TYPE:Outer wall
;WIDTH:0.419999
G1 F2400
G1 X58.902 Y108.282 E.02656
G1 X59.043 Y107.429 E.02656
G1 X59.239 Y106.587 E.02656
G1 X59.489 Y105.76 E.02656
G1 X59.793 Y104.95 E.02656
G1 X60.15 Y104.163 E.02656
G1 X60.557 Y103.4 E.02656
G1 X61.013 Y102.666 E.02656
G1 X61.516 Y101.963 E.02656
G1 X62.064 Y101.295 E.02656
G1 X62.655 Y100.664 E.02656
G1 X63.285 Y100.072 E.02656
G1 X63.953 Y99.524 E.02656
G1 X64.656 Y99.02 E.02656
G1 X65.39 Y98.563 E.02656
G1 X66.152 Y98.155 E.02656
G1 X66.939 Y97.798 E.02656
G1 X67.748 Y97.493 E.02656
G1 X68.575 Y97.242 E.02656
G1 X69.417 Y97.045 E.02656
G1 X70.27 Y96.904 E.02656
G1 X71.13 Y96.819 E.02656
G1 X71.994 Y96.79 E.02656
G1 X72.858 Y96.818 E.02656
G1 X73.718 Y96.902 E.02656
G1 X74.571 Y97.043 E.02656
G1 X75.413 Y97.239 E.02656
G1 X76.24 Y97.489 E.02656
G1 X77.05 Y97.793 E.02656
G1 X77.837 Y98.15 E.02656
G1 X78.6 Y98.557 E.02656
G1 X79.334 Y99.013 E.02656
G1 X80.037 Y99.516 E.02656
G1 X80.705 Y100.064 E.02656
G1 X81.336 Y100.655 E.02656
G1 X81.928 Y101.285 E.02656
G1 X82.476 Y101.953 E.02656
G1 X82.98 Y102.656 E.02656
G1 X83.437 Y103.39 E.02656
G1 X83.845 Y104.152 E.02656
G1 X84.202 Y104.939 E.02656
G1 X84.601 Y106.057 E.03649
G1 X84.758 Y106.575 E.01662
G1 X84.944 Y107.371 E.0251
G1 X85.053 Y108.009 E.01989
G1 X85.168 Y108.999 E.03064
G1 X85.21 Y109.994 E.03059
G1 X85.182 Y110.858 E.02656
G1 X85.098 Y111.718 E.02656
G1 X84.957 Y112.571 E.02656
G1 X84.761 Y113.413 E.02656
G1 X84.601 Y113.943 E.017
G1 X84.207 Y115.05 E.03611
G1 X83.855 Y115.826 E.0262
G1 X83.601 Y116.304 E.01663
G1 X83.101 Y117.15 E.0302
G1 X82.624 Y117.842 E.02582
G1 X81.936 Y118.705 E.03392
G1 X81.345 Y119.336 E.02656
G1 X80.715 Y119.928 E.02656
G1 X80.047 Y120.476 E.02656
G1 X79.344 Y120.98 E.02656
G1 X78.61 Y121.437 E.02656
G1 X77.848 Y121.845 E.02656
G1 X77.061 Y122.202 E.02656
G1 X76.252 Y122.507 E.02656
G1 X75.425 Y122.758 E.02656
G1 X74.583 Y122.955 E.02656
G1 X73.73 Y123.096 E.02656
G1 X72.87 Y123.181 E.02656
G1 X72.006 Y123.21 E.02656
G1 X71.142 Y123.182 E.02656
G1 X70.282 Y123.098 E.02656
G1 X69.429 Y122.957 E.02656
G1 X68.587 Y122.761 E.02656
G1 X67.76 Y122.511 E.02656
G1 X66.95 Y122.207 E.02656
G1 X66.163 Y121.85 E.02656
G1 X65.4 Y121.443 E.02656
G1 X64.666 Y120.987 E.02656
G1 X63.963 Y120.484 E.02656
G1 X63.295 Y119.936 E.02656
G1 X62.664 Y119.345 E.02656
G1 X62.072 Y118.715 E.02656
G1 X61.524 Y118.047 E.02656
G1 X61.02 Y117.344 E.02656
G1 X60.563 Y116.61 E.02656
G1 X60.155 Y115.848 E.02656
G1 X59.798 Y115.061 E.02656
G1 X59.493 Y114.252 E.02656
G1 X59.242 Y113.425 E.02656
G1 X59.045 Y112.583 E.02656
G1 X58.904 Y111.73 E.02656
G1 X58.819 Y110.87 E.02656
G1 X58.79 Y110.006 E.02656
G1 X58.817 Y109.182 E.02533
G1 E-4.5 F2700
;WIPE_START
G1 F2400
G1 X58.902 Y108.282 E-.21478
G1 X59.043 Y107.429 E-.20531
G1 X59.095 Y107.204 E-.05491
;WIPE_END
G1 E-.025 F2700
M205 X8 Y8
G1 X58.287 Y105.987 Z1.4 F7200
G1 Z1
G1 E5 F2400
M205 X10 Y10
;TYPE:Sparse infill
;WIDTH:0.45
G1 F3000
G1 X58.204 Y106.263 E.00958
G1 X57.974 Y107.25 E.03361
G1 X57.92 Y107.572 E.01083
G1 X57.646 Y107.895 E.01406
G1 X57.288 Y108.55 E.02476
G1 X57.061 Y109.205 E.023
G1 X56.949 Y109.86 E.02205
G1 X57.016 Y110.515 E.02185
G1 X57.185 Y110.843 E.01223
G1 X57.503 Y111.171 E.01513
G1 X57.779 Y111.359 E.01108
G1 X57.834 Y111.904 E.0182
G1 X57.976 Y112.762 E.02883
G1 X58.183 Y113.662 E.03063
G1 X58.452 Y114.558 E.03103
G1 X58.809 Y115.506 E.03362
G1 X59.198 Y116.357 E.03103
G1 X59.437 Y116.804 E.01682
G1 X59.051 Y117.067 E.01549
G1 X58.203 Y117.722 E.03555
G1 X57.646 Y118.377 E.02853
G1 X57.288 Y119.032 E.02476
G1 X57.061 Y119.688 E.023
G1 X56.949 Y120.343 E.02205
G1 X57.016 Y120.998 E.02185
G1 X57.185 Y121.326 E.01223
G1 X57.503 Y121.653 E.01513
G1 X58.464 Y122.308 E.0386
G1 X59.312 Y122.963 E.03555
G1 X59.869 Y123.619 E.02853
G1 X60.227 Y124.274 E.02476
G1 X60.454 Y124.929 E.023
G1 X60.566 Y125.584 E.02205
G1 X60.499 Y126.239 E.02185
G1 X60.33 Y126.567 E.01223
G1 X60.012 Y126.894 E.01513
G1 X59.051 Y127.55 E.0386
G1 X58.203 Y128.205 E.03555
G1 X57.646 Y128.86 E.02853
G1 X57.288 Y129.515 E.02476
G1 X57.061 Y130.17 E.023
G1 X56.97 Y130.706 E.01803
G1 X52.86 Y130.706 E.13633
G1 X52.404 Y130.17 E.02332
G1 X52.047 Y129.515 E.02476
G1 X51.82 Y128.86 E.023
G1 X51.708 Y128.205 E.02205
G1 X51.775 Y127.55 E.02185
G1 X51.944 Y127.222 E.01223
G1 X52.261 Y126.894 E.01513
G1 X53.223 Y126.239 E.0386
G1 X54.071 Y125.584 E.03555
G1 X54.628 Y124.929 E.02853
G1 X54.985 Y124.274 E.02476
G1 X55.212 Y123.619 E.023
G1 X55.325 Y122.963 E.02205
G1 X55.258 Y122.308 E.02185
G1 X55.089 Y121.981 E.01223
G1 X54.771 Y121.653 E.01513
G1 X53.809 Y120.998 E.0386
G1 X52.961 Y120.343 E.03555
G1 X52.404 Y119.688 E.02853
G1 X52.047 Y119.032 E.02476
G1 X51.82 Y118.377 E.023
G1 X51.708 Y117.722 E.02205
G1 X51.775 Y117.067 E.02185
G1 X51.944 Y116.739 E.01223
G1 X52.261 Y116.412 E.01513
G1 X53.223 Y115.757 E.0386
G1 X54.071 Y115.101 E.03555
G1 X54.628 Y114.446 E.02853
G1 X54.985 Y113.791 E.02476
G1 X55.212 Y113.136 E.023
G1 X55.325 Y112.481 E.02205
G1 X55.258 Y111.826 E.02185
G1 X55.089 Y111.498 E.01223
G1 X54.771 Y111.171 E.01513
G1 X53.809 Y110.515 E.0386
G1 X52.961 Y109.86 E.03555
G1 X52.404 Y109.205 E.02853
G1 X52.047 Y108.55 E.02476
G1 X51.82 Y107.895 E.023
G1 X51.708 Y107.24 E.02205
G1 X51.775 Y106.584 E.02185
G1 X51.944 Y106.257 E.01223
G1 X52.261 Y105.929 E.01513
G1 X53.223 Y105.274 E.0386
G1 X54.071 Y104.619 E.03555
G1 X54.628 Y103.964 E.02853
G1 X54.985 Y103.309 E.02476
G1 X55.212 Y102.653 E.023
G1 X55.325 Y101.998 E.02205
G1 X55.258 Y101.343 E.02185
G1 X55.089 Y101.015 E.01223
G1 X54.771 Y100.688 E.01513
G1 X53.809 Y100.033 E.0386
G1 X52.961 Y99.378 E.03555
G1 X52.404 Y98.722 E.02853
G1 X52.047 Y98.067 E.02476
G1 X51.82 Y97.412 E.023
G1 X51.708 Y96.757 E.02205
G1 X51.775 Y96.102 E.02185
G1 X51.944 Y95.774 E.01223
G1 X52.261 Y95.447 E.01513
G1 X53.223 Y94.791 E.0386
G1 X54.071 Y94.136 E.03555
G1 X54.628 Y93.481 E.02853
G1 X54.985 Y92.826 E.02476
G1 X55.212 Y92.171 E.023
G1 X55.325 Y91.516 E.02205
G1 X55.258 Y90.86 E.02185
G1 X55.089 Y90.533 E.01223
G1 X54.771 Y90.205 E.01513
G1 X53.809 Y89.55 E.0386
G1 X53.478 Y89.294 E.01389
G1 X56.99 Y89.294 E.11649
G1 X57.016 Y89.55 E.00854
G1 X57.185 Y89.878 E.01223
G1 X57.503 Y90.205 E.01513
G1 X58.464 Y90.86 E.0386
G1 X59.312 Y91.516 E.03555
G1 X59.869 Y92.171 E.02853
G1 X60.227 Y92.826 E.02476
G1 X60.454 Y93.481 E.023
G1 X60.566 Y94.136 E.02205
G1 X60.499 Y94.791 E.02185
G1 X60.33 Y95.119 E.01223
G1 X60.012 Y95.447 E.01513
G1 X59.051 Y96.102 E.0386
G1 X58.203 Y96.757 E.03555
G1 X57.646 Y97.412 E.02853
G1 X57.288 Y98.067 E.02476
G1 X57.061 Y98.722 E.023
G1 X56.949 Y99.378 E.02205
G1 X57.016 Y100.033 E.02185
G1 X57.185 Y100.36 E.01223
G1 X57.503 Y100.688 E.01513
G1 X58.464 Y101.343 E.0386
G1 X59.312 Y101.998 E.03555
G1 X59.798 Y102.57 E.02488
G1 X60.094 Y102.091 E.01865
G1 X60.684 Y101.268 E.03362
G1 X61.279 Y100.546 E.03103
G1 X61.893 Y99.892 E.02973
G1 X62.605 Y99.228 E.03232
G1 X63.024 Y98.884 E.01799
G1 X62.887 Y98.722 E.00702
G1 X62.53 Y98.067 E.02476
G1 X62.303 Y97.412 E.023
G1 X62.19 Y96.757 E.02205
G1 X62.257 Y96.102 E.02185
G1 X62.426 Y95.774 E.01223
G1 X62.744 Y95.447 E.01513
G1 X63.705 Y94.791 E.0386
G1 X64.553 Y94.136 E.03555
G1 X65.11 Y93.481 E.02853
G1 X65.468 Y92.826 E.02476
G1 X65.695 Y92.171 E.023
G1 X65.807 Y91.516 E.02205
G1 X65.74 Y90.86 E.02185
G1 X65.571 Y90.533 E.01223
G1 X65.254 Y90.205 E.01513
G1 X64.292 Y89.55 E.0386
G1 X63.961 Y89.294 E.01389
G1 X67.472 Y89.294 E.11649
G1 X67.499 Y89.55 E.00854
G1 X67.668 Y89.878 E.01223
G1 X67.985 Y90.205 E.01513
G1 X68.947 Y90.86 E.0386
G1 X69.795 Y91.516 E.03555
G1 X70.352 Y92.171 E.02853
G1 X70.709 Y92.826 E.02476
G1 X70.936 Y93.481 E.023
G1 X71.048 Y94.136 E.02205
G1 X70.982 Y94.791 E.02185
G1 X70.812 Y95.119 E.01223
G1 X70.495 Y95.447 E.01513
G1 X69.869 Y95.873 E.02512
G1 X69.238 Y95.975 E.02121
G1 X68.276 Y96.202 E.0328
M205 X8 Y8
G1 X74.558 Y95.942 F7200
M205 X10 Y10
G1 F3000
G1 X73.827 Y95.824 E.02457
G1 X72.943 Y95.739 E.02944
G1 X73.226 Y95.447 E.01349
G1 X74.188 Y94.791 E.0386
G1 X75.036 Y94.136 E.03555
G1 X75.593 Y93.481 E.02853
G1 X75.951 Y92.826 E.02476
G1 X76.177 Y92.171 E.023
G1 X76.29 Y91.516 E.02205
G1 X76.223 Y90.86 E.02185
G1 X76.054 Y90.533 E.01223
G1 X75.736 Y90.205 E.01513
G1 X74.775 Y89.55 E.0386
G1 X74.443 Y89.294 E.01389
G1 X77.955 Y89.294 E.11649
G1 X77.981 Y89.55 E.00854
G1 X78.15 Y89.878 E.01223
G1 X78.468 Y90.205 E.01513
G1 X79.429 Y90.86 E.0386
G1 X80.277 Y91.516 E.03555
G1 X80.834 Y92.171 E.02853
G1 X81.192 Y92.826 E.02476
G1 X81.419 Y93.481 E.023
G1 X81.531 Y94.136 E.02205
G1 X81.464 Y94.791 E.02185
G1 X81.295 Y95.119 E.01223
G1 X80.978 Y95.447 E.01513
G1 X80.016 Y96.102 E.0386
G1 X79.168 Y96.757 E.03555
G1 X78.656 Y97.359 E.02621
G1 X79.181 Y97.641 E.01975
G1 X79.909 Y98.094 E.02844
G1 X80.732 Y98.684 E.03361
G1 X81.395 Y99.228 E.02844
G1 X82.079 Y99.865 E.03103
G1 X82.772 Y100.605 E.03362
G1 X83.364 Y101.33 E.03103
G1 X83.881 Y102.052 E.02949
G1 X84.398 Y102.887 E.03257
G1 X84.837 Y103.713 E.03102
G1 X85.191 Y104.494 E.02844
G1 X85.301 Y104.787 E.01039
G1 X85.519 Y104.619 E.00913
G1 X86.076 Y103.964 E.02853
G1 X86.433 Y103.309 E.02476
G1 X86.66 Y102.653 E.023
G1 X86.772 Y101.998 E.02205
G1 X86.705 Y101.343 E.02185
G1 X86.536 Y101.015 E.01223
G1 X86.219 Y100.688 E.01513
G1 X85.257 Y100.033 E.0386
G1 X84.409 Y99.378 E.03555
G1 X83.852 Y98.722 E.02853
G1 X83.495 Y98.067 E.02476
G1 X83.268 Y97.412 E.023
G1 X83.156 Y96.757 E.02205
G1 X83.223 Y96.102 E.02185
G1 X83.392 Y95.774 E.01223
G1 X83.709 Y95.447 E.01513
G1 X84.671 Y94.791 E.0386
G1 X85.519 Y94.136 E.03555
G1 X86.076 Y93.481 E.02853
G1 X86.433 Y92.826 E.02476
G1 X86.66 Y92.171 E.023
G1 X86.772 Y91.516 E.02205
G1 X86.705 Y90.86 E.02185
G1 X86.536 Y90.533 E.01223
G1 X86.219 Y90.205 E.01513
G1 X85.257 Y89.55 E.0386
G1 X84.926 Y89.294 E.01389
G1 X88.438 Y89.294 E.11649
G1 X88.464 Y89.55 E.00854
G1 X88.633 Y89.878 E.01223
G1 X88.95 Y90.205 E.01513
G1 X89.912 Y90.86 E.0386
G1 X90.76 Y91.516 E.03555
G1 X91.317 Y92.171 E.02853
G1 X91.674 Y92.826 E.02476
G1 X91.901 Y93.481 E.023
G1 X92.014 Y94.136 E.02205
G1 X91.947 Y94.791 E.02185
G1 X91.778 Y95.119 E.01223
G1 X91.46 Y95.447 E.01513
G1 X90.499 Y96.102 E.0386
G1 X89.651 Y96.757 E.03555
G1 X89.094 Y97.412 E.02853
G1 X88.736 Y98.067 E.02476
G1 X88.509 Y98.722 E.023
G1 X88.397 Y99.378 E.02205
G1 X88.464 Y100.033 E.02185
G1 X88.633 Y100.36 E.01223
G1 X88.95 Y100.688 E.01513
G1 X89.912 Y101.343 E.0386
G1 X90.76 Y101.998 E.03555
G1 X91.317 Y102.653 E.02853
G1 X91.674 Y103.309 E.02476
G1 X91.901 Y103.964 E.023
G1 X92.014 Y104.619 E.02205
G1 X91.947 Y105.274 E.02185
G1 X91.778 Y105.602 E.01223
G1 X91.46 Y105.929 E.01513
G1 X90.499 Y106.584 E.0386
G1 X89.651 Y107.24 E.03555
G1 X89.094 Y107.895 E.02853
G1 X88.736 Y108.55 E.02476
G1 X88.509 Y109.205 E.023
G1 X88.397 Y109.86 E.02205
G1 X88.464 Y110.515 E.02185
G1 X88.633 Y110.843 E.01223
G1 X88.95 Y111.171 E.01513
G1 X89.912 Y111.826 E.0386
G1 X90.76 Y112.481 E.03555
G1 X91.317 Y113.136 E.02853
G1 X91.674 Y113.791 E.02476
G1 X91.901 Y114.446 E.023
G1 X92.014 Y115.101 E.02205
G1 X91.947 Y115.757 E.02185
G1 X91.778 Y116.084 E.01223
G1 X91.46 Y116.412 E.01513
G1 X90.499 Y117.067 E.0386
G1 X89.651 Y117.722 E.03555
G1 X89.094 Y118.377 E.02853
G1 X88.736 Y119.032 E.02476
G1 X88.509 Y119.688 E.023
G1 X88.397 Y120.343 E.02205
G1 X88.464 Y120.998 E.02185
G1 X88.633 Y121.326 E.01223
G1 X88.95 Y121.653 E.01513
G1 X89.912 Y122.308 E.0386
G1 X90.76 Y122.963 E.03555
G1 X91.317 Y123.619 E.02853
G1 X91.674 Y124.274 E.02476
G1 X91.901 Y124.929 E.023
G1 X92.014 Y125.584 E.02205
G1 X91.947 Y126.239 E.02185
G1 X91.778 Y126.567 E.01223
G1 X91.46 Y126.894 E.01513
G1 X90.499 Y127.55 E.0386
G1 X89.651 Y128.205 E.03555
G1 X89.094 Y128.86 E.02853
G1 X88.736 Y129.515 E.02476
G1 X88.509 Y130.17 E.023
G1 X88.417 Y130.706 E.01803
G1 X84.308 Y130.706 E.13633
G1 X83.852 Y130.17 E.02332
G1 X83.495 Y129.515 E.02476
G1 X83.268 Y128.86 E.023
G1 X83.156 Y128.205 E.02205
G1 X83.223 Y127.55 E.02185
G1 X83.392 Y127.222 E.01223
G1 X83.709 Y126.894 E.01513
G1 X84.671 Y126.239 E.0386
G1 X85.519 Y125.584 E.03555
G1 X86.076 Y124.929 E.02853
G1 X86.433 Y124.274 E.02476
G1 X86.66 Y123.619 E.023
G1 X86.772 Y122.963 E.02205
G1 X86.705 Y122.308 E.02185
G1 X86.536 Y121.981 E.01223
G1 X86.219 Y121.653 E.01513
G1 X85.257 Y120.998 E.0386
G1 X84.409 Y120.343 E.03555
G1 X83.852 Y119.688 E.02853
G1 X83.495 Y119.032 E.02476
G1 X83.367 Y118.662 E.013
G1 X83.881 Y117.948 E.0292
G1 X84.387 Y117.134 E.03178
G1 X84.802 Y116.357 E.02924
G1 X85.274 Y115.291 E.03868
G1 X85.519 Y115.101 E.01026
G1 X86.076 Y114.446 E.02853
G1 X86.433 Y113.791 E.02476
G1 X86.66 Y113.136 E.023
G1 X86.772 Y112.481 E.02205
G1 X86.705 Y111.826 E.02185
G1 X86.536 Y111.498 E.01223
G1 X86.239 Y111.191 E.01419
G1 X86.26 Y110.974 E.00724
G1 X86.294 Y109.961 E.03361
G1 X86.28 Y109.564 E.01316
M205 X8 Y8
G1 X79.563 Y130.706 F7200
M205 X10 Y10
G1 F3000
G1 X77.935 Y130.706 E.05401
G1 X78.027 Y130.17 E.01803
G1 X78.254 Y129.515 E.023
G1 X78.611 Y128.86 E.02476
G1 X79.168 Y128.205 E.02853
G1 X80.016 Y127.55 E.03555
G1 X80.978 Y126.894 E.0386
G1 X81.295 Y126.567 E.01513
G1 X81.464 Y126.239 E.01223
G1 X81.531 Y125.584 E.02185
G1 X81.419 Y124.929 E.02205
G1 X81.192 Y124.274 E.023
G1 X80.834 Y123.619 E.02476
G1 X80.277 Y122.963 E.02853
G1 X79.347 Y122.252 E.03884
G1 X79.113 Y122.398 E.00916
G1 X78.287 Y122.837 E.03103
G1 X77.506 Y123.191 E.02844
G1 X76.558 Y123.548 E.03361
G1 X76.161 Y123.667 E.01374
G1 X75.951 Y124.274 E.02131
G1 X75.593 Y124.929 E.02476
G1 X75.036 Y125.584 E.02853
G1 X74.188 Y126.239 E.03555
G1 X73.226 Y126.894 E.0386
G1 X72.909 Y127.222 E.01513
G1 X72.74 Y127.55 E.01223
G1 X72.673 Y128.205 E.02185
G1 X72.785 Y128.86 E.02205
G1 X73.012 Y129.515 E.023
G1 X73.37 Y130.17 E.02476
G1 X73.825 Y130.706 E.02332
G1 X72.197 Y130.706 E.05401
M205 X8 Y8
G1 X72.309 Y124.283 F7200
M205 X10 Y10
G1 F3000
G1 X72 Y124.294 E.01027
G1 X71.026 Y124.26 E.03232
G1 X70.683 Y124.227 E.01142
G1 X70.936 Y124.929 E.02476
G1 X71.048 Y125.584 E.02205
G1 X70.982 Y126.239 E.02185
G1 X70.812 Y126.567 E.01223
G1 X70.495 Y126.894 E.01513
G1 X69.533 Y127.55 E.0386
G1 X68.685 Y128.205 E.03555
G1 X68.128 Y128.86 E.02853
G1 X67.771 Y129.515 E.02476
G1 X67.544 Y130.17 E.023
G1 X67.452 Y130.706 E.01803
G1 X63.342 Y130.706 E.13633
G1 X62.887 Y130.17 E.02332
G1 X62.53 Y129.515 E.02476
G1 X62.303 Y128.86 E.023
G1 X62.19 Y128.205 E.02205
G1 X62.257 Y127.55 E.02185
G1 X62.426 Y127.222 E.01223
G1 X62.744 Y126.894 E.01513
G1 X63.705 Y126.239 E.0386
G1 X64.553 Y125.584 E.03555
G1 X65.11 Y124.929 E.02853
G1 X65.468 Y124.274 E.02476
G1 X65.695 Y123.619 E.023
G1 X65.807 Y122.963 E.02205
G1 X65.798 Y122.872 E.00304
G1 X64.887 Y122.398 E.03406
G1 X64.376 Y122.082 E.01994
M205 X8 Y8
G1 X121.494 Y130.706 F7200
M205 X10 Y10
G1 F3000
G1 X119.865 Y130.706 E.05401
G1 X119.957 Y130.17 E.01803
G1 X120.184 Y129.515 E.023
G1 X120.541 Y128.86 E.02476
G1 X121.098 Y128.205 E.02853
G1 X121.946 Y127.55 E.03555
G1 X122.908 Y126.894 E.0386
G1 X123.225 Y126.567 E.01513
G1 X123.395 Y126.239 E.01223
G1 X123.461 Y125.584 E.02185
G1 X123.349 Y124.929 E.02205
G1 X123.122 Y124.274 E.023
G1 X122.765 Y123.619 E.02476
G1 X122.208 Y122.963 E.02853
G1 X121.36 Y122.308 E.03555
G1 X120.966 Y122.04 E.01582
G1 X120.714 Y122.276 E.01145
G1 X119.95 Y122.903 E.03278
G1 X119.085 Y123.526 E.03537
G1 X118.113 Y124.13 E.03796
G1 X117.89 Y124.249 E.00839
G1 X117.524 Y124.929 E.02562
G1 X116.966 Y125.584 E.02853
G1 X116.119 Y126.239 E.03555
G1 X115.157 Y126.894 E.0386
G1 X114.839 Y127.222 E.01513
G1 X114.67 Y127.55 E.01223
G1 X114.603 Y128.205 E.02185
G1 X114.716 Y128.86 E.02205
G1 X114.943 Y129.515 E.023
G1 X115.3 Y130.17 E.02476
G1 X115.756 Y130.706 E.02332
G1 X114.127 Y130.706 E.05401
M205 X8 Y8
G1 X111.321 Y126.234 F7200
M205 X10 Y10
G1 F3000
G1 X112.165 Y126.149 E.02817
G1 X112.934 Y126.022 E.02584
G1 X112.912 Y126.239 E.00724
G1 X112.743 Y126.567 E.01223
G1 X112.425 Y126.894 E.01513
G1 X111.464 Y127.55 E.0386
G1 X110.616 Y128.205 E.03555
G1 X110.059 Y128.86 E.02853
G1 X109.701 Y129.515 E.02476
G1 X109.474 Y130.17 E.023
G1 X109.383 Y130.706 E.01803
G1 X105.273 Y130.706 E.13633
G1 X104.818 Y130.17 E.02332
G1 X104.46 Y129.515 E.02476
G1 X104.233 Y128.86 E.023
G1 X104.121 Y128.205 E.02205
G1 X104.188 Y127.55 E.02185
G1 X104.357 Y127.222 E.01223
G1 X104.674 Y126.894 E.01513
G1 X105.636 Y126.239 E.0386
G1 X106.169 Y125.827 E.02236
G1 X105.745 Y125.728 E.01444
G1 X104.8 Y125.441 E.03278
G1 X103.801 Y125.068 E.03537
G1 X102.759 Y124.596 E.03796
G1 X102.157 Y124.275 E.02262
G1 X102.384 Y124.929 E.02297
G1 X102.496 Y125.584 E.02205
G1 X102.429 Y126.239 E.02185
G1 X102.26 Y126.567 E.01223
G1 X101.943 Y126.894 E.01513
G1 X100.981 Y127.55 E.0386
G1 X100.133 Y128.205 E.03555
G1 X99.576 Y128.86 E.02853
G1 X99.219 Y129.515 E.02476
G1 X98.992 Y130.17 E.023
G1 X98.9 Y130.706 E.01803
G1 X94.79 Y130.706 E.13633
G1 X94.335 Y130.17 E.02332
G1 X93.977 Y129.515 E.02476
G1 X93.751 Y128.86 E.023
G1 X93.638 Y128.205 E.02205
G1 X93.705 Y127.55 E.02185
G1 X93.874 Y127.222 E.01223
G1 X94.192 Y126.894 E.01513
G1 X95.153 Y126.239 E.0386
G1 X96.001 Y125.584 E.03555
G1 X96.558 Y124.929 E.02853
G1 X96.916 Y124.274 E.02476
G1 X97.143 Y123.619 E.023
G1 X97.255 Y122.963 E.02205
G1 X97.188 Y122.308 E.02185
G1 X97.019 Y121.981 E.01223
G1 X96.702 Y121.653 E.01513
G1 X95.74 Y120.998 E.0386
G1 X94.892 Y120.343 E.03555
G1 X94.335 Y119.688 E.02853
G1 X93.977 Y119.032 E.02476
G1 X93.751 Y118.377 E.023
G1 X93.638 Y117.722 E.02205
G1 X93.705 Y117.067 E.02185
G1 X93.874 Y116.739 E.01223
G1 X94.192 Y116.412 E.01513
G1 X94.847 Y115.966 E.02629
G1 X94.559 Y115.2 E.02712
M73 P45 R24
G1 X94.272 Y114.255 E.03278
G1 X94.027 Y113.217 E.03537
G1 X93.841 Y112.088 E.03796
G1 X93.741 Y111.074 E.03381
G1 X93.706 Y110.039 E.03434
G1 X93.744 Y108.895 E.03795
G1 X93.822 Y108.102 E.02646
G1 X93.751 Y107.895 E.00726
G1 X93.638 Y107.24 E.02205
G1 X93.705 Y106.584 E.02185
G1 X93.874 Y106.257 E.01223
G1 X94.236 Y105.899 E.01687
G1 X94.559 Y104.8 E.03801
G1 X94.932 Y103.801 E.03537
G1 X95.404 Y102.759 E.03796
G1 X95.885 Y101.859 E.03383
G1 X96.431 Y100.98 E.03432
G1 X96.66 Y100.66 E.01308
G1 X95.74 Y100.033 E.03695
G1 X94.892 Y99.378 E.03555
G1 X94.335 Y98.722 E.02853
G1 X93.977 Y98.067 E.02476
G1 X93.751 Y97.412 E.023
G1 X93.638 Y96.757 E.02205
G1 X93.705 Y96.102 E.02185
G1 X93.874 Y95.774 E.01223
G1 X94.192 Y95.447 E.01513
G1 X95.153 Y94.791 E.0386
G1 X96.001 Y94.136 E.03555
G1 X96.558 Y93.481 E.02853
G1 X96.916 Y92.826 E.02476
G1 X97.143 Y92.171 E.023
G1 X97.255 Y91.516 E.02205
G1 X97.188 Y90.86 E.02185
G1 X97.019 Y90.533 E.01223
G1 X96.702 Y90.205 E.01513
G1 X95.74 Y89.55 E.0386
G1 X95.409 Y89.294 E.01389
G1 X98.92 Y89.294 E.11649
G1 X98.946 Y89.55 E.00854
G1 X99.116 Y89.878 E.01223
G1 X99.433 Y90.205 E.01513
G1 X100.395 Y90.86 E.0386
G1 X101.243 Y91.516 E.03555
G1 X101.8 Y92.171 E.02853
G1 X102.157 Y92.826 E.02476
G1 X102.384 Y93.481 E.023
G1 X102.496 Y94.136 E.02205
G1 X102.429 Y94.791 E.02185
G1 X102.26 Y95.119 E.01223
G1 X101.943 Y95.447 E.01513
G1 X100.981 Y96.102 E.0386
G1 X100.133 Y96.757 E.03555
G1 X99.576 Y97.412 E.02853
G1 X99.503 Y97.546 E.00507
G1 X99.286 Y97.724 E.0093
G1 X98.312 Y98.655 E.0447
M205 X8 Y8
G1 X108.129 Y93.819 F7200
M205 X10 Y10
G1 F3000
M73 P45 R23
G1 X106.848 Y94.014 E.04298
G1 X106.524 Y94.089 E.01102
G1 X107.041 Y93.481 E.02646
G1 X107.398 Y92.826 E.02476
G1 X107.625 Y92.171 E.023
G1 X107.738 Y91.516 E.02205
G1 X107.671 Y90.86 E.02185
G1 X107.502 Y90.533 E.01223
G1 X107.184 Y90.205 E.01513
G1 X106.223 Y89.55 E.0386
G1 X105.891 Y89.294 E.01389
G1 X109.403 Y89.294 E.11649
G1 X109.429 Y89.55 E.00854
G1 X109.598 Y89.878 E.01223
G1 X109.916 Y90.205 E.01513
G1 X110.877 Y90.86 E.0386
G1 X111.725 Y91.516 E.03555
G1 X112.282 Y92.171 E.02853
G1 X112.64 Y92.826 E.02476
G1 X112.867 Y93.481 E.023
G1 X112.952 Y93.981 E.01684
G1 X114.255 Y94.272 E.04427
G1 X115.274 Y94.584 E.03537
G1 X116.015 Y94.862 E.02623
G1 X116.966 Y94.136 E.03971
G1 X117.524 Y93.481 E.02853
G1 X117.881 Y92.826 E.02476
G1 X118.108 Y92.171 E.023
G1 X118.22 Y91.516 E.02205
G1 X118.153 Y90.86 E.02185
G1 X117.984 Y90.533 E.01223
G1 X117.667 Y90.205 E.01513
G1 X116.705 Y89.55 E.0386
G1 X116.374 Y89.294 E.01389
G1 X119.886 Y89.294 E.11649
G1 X119.912 Y89.55 E.00854
G1 X120.081 Y89.878 E.01223
G1 X120.398 Y90.205 E.01513
G1 X121.36 Y90.86 E.0386
G1 X122.208 Y91.516 E.03555
G1 X122.765 Y92.171 E.02853
G1 X123.122 Y92.826 E.02476
G1 X123.349 Y93.481 E.023
G1 X123.461 Y94.136 E.02205
G1 X123.395 Y94.791 E.02185
G1 X123.225 Y95.119 E.01223
G1 X122.908 Y95.447 E.01513
G1 X121.946 Y96.102 E.0386
G1 X121.098 Y96.757 E.03555
G1 X120.541 Y97.412 E.02853
G1 X120.477 Y97.53 E.00445
G1 X120.714 Y97.724 E.01015
G1 X121.494 Y98.451 E.03537
G1 X121.669 Y98.638 E.00849
G1 E-4.5 F2700
;WIPE_START
G1 F3000
G1 X121.494 Y98.451 E-.06081
G1 X120.714 Y97.724 E-.25322
G1 X120.477 Y97.53 E-.07269
G1 X120.541 Y97.412 E-.03189
G1 X120.695 Y97.231 E-.05638
;WIPE_END
G1 E-.025 F2700
M205 X8 Y8
G1 X128.199 Y98.625 Z1.4 F7200
G1 X165.746 Y105.596 Z1.4
G1 Z1
G1 E5 F2400
M205 X10 Y10
G1 F3000
G1 X165.66 Y105.228 E.01255
G1 X165.28 Y103.964 E.04378
G1 X165.053 Y103.309 E.023
G1 X164.943 Y103.108 E.00758
G1 X164.39 Y101.874 E.04486
G1 X163.862 Y100.887 E.03712
G1 X163.232 Y99.869 E.03971
G1 X162.489 Y98.833 E.0423
G1 X162.039 Y98.286 E.02351
G1 X162.114 Y98.067 E.00767
G1 X162.472 Y97.412 E.02476
G1 X163.029 Y96.757 E.02853
G1 X163.877 Y96.102 E.03555
G1 X164.838 Y95.447 E.0386
G1 X165.156 Y95.119 E.01513
G1 X165.325 Y94.791 E.01223
G1 X165.392 Y94.136 E.02185
G1 X165.28 Y93.481 E.02205
G1 X165.053 Y92.826 E.023
G1 X164.695 Y92.171 E.02476
G1 X164.138 Y91.516 E.02853
G1 X163.29 Y90.86 E.03555
G1 X162.329 Y90.205 E.0386
G1 X162.011 Y89.878 E.01513
G1 X161.842 Y89.55 E.01223
G1 X161.816 Y89.294 E.00854
G1 X158.304 Y89.294 E.11649
G1 X158.636 Y89.55 E.01389
G1 X159.597 Y90.205 E.0386
G1 X159.915 Y90.533 E.01513
G1 X160.084 Y90.86 E.01223
G1 X160.151 Y91.516 E.02185
G1 X160.038 Y92.171 E.02205
G1 X159.811 Y92.826 E.023
G1 X159.454 Y93.481 E.02476
G1 X158.897 Y94.136 E.02853
G1 X158.102 Y94.75 E.03331
G1 X157.113 Y94.138 E.0386
G1 X156.126 Y93.61 E.03712
G1 X154.965 Y93.084 E.0423
G1 X154.614 Y92.953 E.01241
G1 X154.57 Y92.826 E.00446
G1 X154.213 Y92.171 E.02476
G1 X153.656 Y91.516 E.02853
G1 X152.808 Y90.86 E.03555
G1 X151.846 Y90.205 E.0386
G1 X151.529 Y89.878 E.01513
G1 X151.359 Y89.55 E.01223
G1 X151.333 Y89.294 E.00854
G1 X147.822 Y89.294 E.11649
G1 X148.153 Y89.55 E.01389
G1 X149.115 Y90.205 E.0386
G1 X149.432 Y90.533 E.01513
G1 X149.601 Y90.86 E.01223
G1 X149.668 Y91.516 E.02185
G1 X149.622 Y91.786 E.00911
G1 X149.235 Y91.748 E.01287
G1 X147.961 Y91.706 E.0423
G1 X146.765 Y91.748 E.03971
G1 X145.651 Y91.858 E.03712
G1 X144.458 Y92.052 E.0401
G1 X143.754 Y92.215 E.02395
G1 X143.173 Y91.516 E.03017
G1 X142.325 Y90.86 E.03555
G1 X141.363 Y90.205 E.0386
G1 X141.046 Y89.878 E.01513
G1 X140.877 Y89.55 E.01223
G1 X140.851 Y89.294 E.00854
G1 X137.339 Y89.294 E.11649
G1 X137.67 Y89.55 E.01389
G1 X138.632 Y90.205 E.0386
G1 X138.949 Y90.533 E.01513
G1 X139.118 Y90.86 E.01223
G1 X139.185 Y91.516 E.02185
G1 X139.073 Y92.171 E.02205
G1 X138.846 Y92.826 E.023
G1 X138.489 Y93.481 E.02476
G1 X137.932 Y94.136 E.02853
G1 X137.084 Y94.791 E.03555
G1 X136.122 Y95.447 E.0386
G1 X135.805 Y95.774 E.01513
G1 X135.636 Y96.102 E.01223
G1 X135.587 Y96.577 E.01584
G1 X135.037 Y97.092 E.025
G1 X134.272 Y97.909 E.03712
G1 X133.511 Y98.833 E.03971
G1 X132.794 Y99.829 E.04073
G1 X132.158 Y100.851 E.03991
G1 X131.879 Y101.372 E.01959
G1 X130.881 Y100.688 E.04014
G1 X130.563 Y100.36 E.01513
G1 X130.394 Y100.033 E.01223
G1 X130.327 Y99.378 E.02185
G1 X130.44 Y98.722 E.02205
G1 X130.667 Y98.067 E.023
G1 X131.024 Y97.412 E.02476
G1 X131.581 Y96.757 E.02853
G1 X132.429 Y96.102 E.03555
G1 X133.391 Y95.447 E.0386
G1 X133.708 Y95.119 E.01513
G1 X133.877 Y94.791 E.01223
G1 X133.944 Y94.136 E.02185
G1 X133.832 Y93.481 E.02205
G1 X133.605 Y92.826 E.023
G1 X133.247 Y92.171 E.02476
G1 X132.69 Y91.516 E.02853
G1 X131.842 Y90.86 E.03555
G1 X130.881 Y90.205 E.0386
G1 X130.563 Y89.878 E.01513
G1 X130.394 Y89.55 E.01223
G1 X130.368 Y89.294 E.00854
G1 X126.856 Y89.294 E.11649
G1 X127.188 Y89.55 E.01389
G1 X128.149 Y90.205 E.0386
G1 X128.467 Y90.533 E.01513
G1 X128.636 Y90.86 E.01223
G1 X128.703 Y91.516 E.02185
G1 X128.59 Y92.171 E.02205
G1 X128.364 Y92.826 E.023
G1 X128.006 Y93.481 E.02476
G1 X127.449 Y94.136 E.02853
G1 X126.601 Y94.791 E.03555
G1 X125.639 Y95.447 E.0386
G1 X125.322 Y95.774 E.01513
G1 X125.153 Y96.102 E.01223
G1 X125.086 Y96.757 E.02185
G1 X125.198 Y97.412 E.02205
G1 X125.425 Y98.067 E.023
G1 X125.783 Y98.722 E.02476
G1 X126.34 Y99.378 E.02853
G1 X127.188 Y100.033 E.03555
G1 X128.149 Y100.688 E.0386
G1 X128.467 Y101.015 E.01513
G1 X128.636 Y101.343 E.01223
G1 X128.703 Y101.998 E.02185
G1 X128.59 Y102.653 E.02205
G1 X128.364 Y103.309 E.023
G1 X128.006 Y103.964 E.02476
G1 X127.449 Y104.619 E.02853
G1 X126.601 Y105.274 E.03555
G1 X125.753 Y105.852 E.03403
G1 X125.973 Y106.783 E.03174
G1 X126.159 Y107.912 E.03796
G1 X126.258 Y108.922 E.03365
G1 X126.288 Y109.799 E.02914
G1 X126.34 Y109.86 E.00265
G1 X127.188 Y110.515 E.03555
G1 X128.149 Y111.171 E.0386
G1 X128.467 Y111.498 E.01513
G1 X128.636 Y111.826 E.01223
G1 X128.703 Y112.481 E.02185
G1 X128.59 Y113.136 E.02205
G1 X128.364 Y113.791 E.023
G1 X128.006 Y114.446 E.02476
G1 X127.449 Y115.101 E.02853
G1 X126.601 Y115.757 E.03555
G1 X125.639 Y116.412 E.0386
G1 X125.322 Y116.739 E.01513
G1 X125.153 Y117.067 E.01223
G1 X125.086 Y117.722 E.02185
G1 X125.198 Y118.377 E.02205
G1 X125.425 Y119.032 E.023
G1 X125.783 Y119.688 E.02476
G1 X126.34 Y120.343 E.02853
G1 X127.188 Y120.998 E.03555
G1 X128.149 Y121.653 E.0386
G1 X128.467 Y121.981 E.01513
G1 X128.636 Y122.308 E.01223
G1 X128.703 Y122.963 E.02185
G1 X128.59 Y123.619 E.02205
G1 X128.364 Y124.274 E.023
G1 X128.006 Y124.929 E.02476
G1 X127.449 Y125.584 E.02853
G1 X126.601 Y126.239 E.03555
G1 X125.639 Y126.894 E.0386
G1 X125.322 Y127.222 E.01513
G1 X125.153 Y127.55 E.01223
G1 X125.086 Y128.205 E.02185
G1 X125.198 Y128.86 E.02205
G1 X125.425 Y129.515 E.023
G1 X125.783 Y130.17 E.02476
G1 X126.238 Y130.706 E.02332
G1 X130.348 Y130.706 E.13633
G1 X130.44 Y130.17 E.01803
G1 X130.667 Y129.515 E.023
G1 X131.024 Y128.86 E.02476
G1 X131.581 Y128.205 E.02853
G1 X132.429 Y127.55 E.03555
G1 X133.391 Y126.894 E.0386
G1 X133.708 Y126.567 E.01513
G1 X133.877 Y126.239 E.01223
G1 X133.944 Y125.584 E.02185
G1 X133.832 Y124.929 E.02205
G1 X133.605 Y124.274 E.023
G1 X133.247 Y123.619 E.02476
G1 X132.69 Y122.963 E.02853
G1 X131.842 Y122.308 E.03555
G1 X130.881 Y121.653 E.0386
G1 X130.563 Y121.326 E.01513
G1 X130.394 Y120.998 E.01223
G1 X130.327 Y120.343 E.02185
G1 X130.44 Y119.688 E.02205
G1 X130.667 Y119.032 E.023
G1 X131.024 Y118.377 E.02476
G1 X131.48 Y117.841 E.02336
G1 X131.608 Y118.122 E.01026
G1 X132.138 Y119.113 E.03726
G1 X132.794 Y120.171 E.04128
G1 X133.463 Y121.105 E.03814
G1 X134.22 Y122.032 E.03971
G1 X135.092 Y122.963 E.0423
G1 X135.968 Y123.78 E.03971
G1 X136.833 Y124.49 E.03712
G1 X137.869 Y125.232 E.0423
G1 X138.106 Y125.379 E.00925
G1 X137.932 Y125.584 E.00893
G1 X137.084 Y126.239 E.03555
G1 X136.122 Y126.894 E.0386
G1 X135.805 Y127.222 E.01513
G1 X135.636 Y127.55 E.01223
G1 X135.569 Y128.205 E.02185
G1 X135.681 Y128.86 E.02205
G1 X135.908 Y129.515 E.023
G1 X136.265 Y130.17 E.02476
G1 X136.721 Y130.706 E.02332
G1 X140.83 Y130.706 E.13633
G1 X140.922 Y130.17 E.01803
G1 X141.149 Y129.515 E.023
G1 X141.507 Y128.86 E.02476
G1 X142.064 Y128.205 E.02853
G1 X142.899 Y127.56 E.035
G1 X143.228 Y127.66 E.01141
G1 X144.469 Y127.95 E.0423
G1 X145.573 Y128.132 E.03712
G1 X146.054 Y128.18 E.01601
G1 X146.164 Y128.86 E.02284
G1 X146.39 Y129.515 E.023
G1 X146.748 Y130.17 E.02476
G1 X147.203 Y130.706 E.02332
G1 X151.313 Y130.706 E.13633
G1 X151.405 Y130.17 E.01803
G1 X151.632 Y129.515 E.023
G1 X151.989 Y128.86 E.02476
G1 X152.546 Y128.205 E.02853
G1 X153.394 Y127.55 E.03555
G1 X153.602 Y127.408 E.00836
G1 X153.843 Y127.335 E.00834
G1 X155.129 Y126.844 E.04566
M205 X8 Y8
G1 X156.058 Y130.706 F7200
M205 X10 Y10
G1 F3000
G1 X157.686 Y130.706 E.05401
G1 X157.231 Y130.17 E.02332
G1 X156.873 Y129.515 E.02476
G1 X156.646 Y128.86 E.023
G1 X156.534 Y128.205 E.02205
G1 X156.601 Y127.55 E.02185
G1 X156.77 Y127.222 E.01223
G1 X157.087 Y126.894 E.01513
G1 X158.049 Y126.239 E.0386
G1 X158.897 Y125.584 E.03555
G1 X159.454 Y124.929 E.02853
G1 X159.811 Y124.274 E.02476
G1 X159.963 Y123.837 E.01534
G1 X160.936 Y122.936 E.04399
G1 X161.728 Y122.091 E.03842
G1 X162.199 Y121.52 E.02457
G1 X162.329 Y121.653 E.00617
G1 X163.29 Y122.308 E.0386
G1 X164.138 Y122.963 E.03555
G1 X164.695 Y123.619 E.02853
G1 X165.053 Y124.274 E.02476
G1 X165.28 Y124.929 E.023
G1 X165.392 Y125.584 E.02205
G1 X165.325 Y126.239 E.02185
G1 X165.156 Y126.567 E.01223
G1 X164.838 Y126.894 E.01513
G1 X163.877 Y127.55 E.0386
G1 X163.029 Y128.205 E.03555
G1 X162.472 Y128.86 E.02853
G1 X162.114 Y129.515 E.02476
G1 X161.888 Y130.17 E.023
G1 X161.796 Y130.706 E.01803
G1 X168.169 Y130.706 E.2114
G1 X167.713 Y130.17 E.02332
G1 X167.356 Y129.515 E.02476
G1 X167.129 Y128.86 E.023
G1 X167.016 Y128.205 E.02205
G1 X167.083 Y127.55 E.02185
G1 X167.253 Y127.222 E.01223
G1 X167.57 Y126.894 E.01513
G1 X168.706 Y126.105 E.0459
G1 X168.706 Y120.679 E.17996
G1 X168.27 Y120.343 E.01826
G1 X167.713 Y119.688 E.02853
G1 X167.356 Y119.032 E.02476
G1 X167.129 Y118.377 E.023
G1 X167.016 Y117.722 E.02205
G1 X167.083 Y117.067 E.02185
G1 X167.253 Y116.739 E.01223
G1 X167.57 Y116.412 E.01513
G1 X168.706 Y115.622 E.0459
G1 X168.706 Y110.197 E.17996
G1 X168.27 Y109.86 E.01826
G1 X167.713 Y109.205 E.02853
G1 X167.356 Y108.55 E.02476
G1 X167.129 Y107.895 E.023
G1 X167.016 Y107.24 E.02205
G1 X167.083 Y106.584 E.02185
G1 X167.253 Y106.257 E.01223
G1 X167.57 Y105.929 E.01513
G1 X168.706 Y105.139 E.0459
G1 X168.706 Y99.714 E.17996
G1 X168.27 Y99.378 E.01826
G1 X167.713 Y98.722 E.02853
G1 X167.356 Y98.067 E.02476
G1 X167.129 Y97.412 E.023
G1 X167.016 Y96.757 E.02205
G1 X167.083 Y96.102 E.02185
G1 X167.253 Y95.774 E.01223
G1 X167.57 Y95.447 E.01513
G1 X168.706 Y94.657 E.0459
G1 X168.706 Y93.028 E.05401
; stop printing object V7_00_pH_fit_gauge_26_30_34.stl id:0 copy 0
;TIME_ELAPSED:1193.130249

;LAYER_CHANGE
;:1.2
;HEIGHT:0.2
;BEFORE_LAYER_CHANGE
;1.2
G92 E0
;TIME_ELAPSED:1233.713623
G1 E-4.5 F2700
;WIPE_START
G1 F3000
G1 X168.706 Y94.657 E-.38673
G1 X168.401 Y94.869 E-.08827
;WIPE_END
G1 E-.025 F2700
;_SET_FAN_SPEED_CHANGING_LAYER
; OBJECT_ID: 15
; printing object V7_00_pH_fit_gauge_26_30_34.stl id:0 copy 0
M205 X8 Y8
G17
G3 Z1.4 I-1.217 J.02 P1  F7200
G1 X168.991 Y130.991 Z1.4
G1 Z1.2
G1 E5 F2400
M205 X10 Y10
;TYPE:Inner wall
;WIDTH:0.449999
G1 F2700
G1 X51.009 Y130.991 E3.91366
G1 X51.009 Y89.009 E1.39261
G1 X168.991 Y89.009 E3.91366
G1 X168.991 Y130.951 E1.39128
M205 X8 Y8
G1 X169.398 Y131.398 F7200
M205 X10 Y10
G1 F2700
G1 X50.602 Y131.398 E3.94067
G1 X50.602 Y88.602 E1.41961
G1 X169.398 Y88.602 E3.94067
M73 P46 R23
G1 X169.398 Y131.358 E1.41829
M205 X8 Y8
G1 X169.79 Y131.79 F7200
M205 X10 Y10
;TYPE:Outer wall
;WIDTH:0.419999
G1 F2400
G1 X50.21 Y131.79 E3.67435
G1 X50.21 Y88.21 E1.33909
G1 X169.79 Y88.21 E3.67435
G1 X169.79 Y131.75 E1.33786
G1 E-4.5 F2700
;WIPE_START
G1 F2400
G1 X167.79 Y131.751 E-.475
;WIPE_END
G1 E-.025 F2700
M205 X8 Y8
G1 X161.561 Y127.34 Z1.6 F7200
G1 X130.588 Y105.405 Z1.6
G1 Z1.2
G1 E5 F2400
M205 X10 Y10
;TYPE:Inner wall
;WIDTH:0.449999
G1 F2700
G1 X130.597 Y105.37 E.0012
G1 X130.937 Y104.242 E.03909
G1 X131.35 Y103.138 E.03909
G1 X131.567 Y102.654 E.0176
G1 X131.834 Y102.064 E.02149
G1 X132.388 Y101.024 E.03909
G1 X133.008 Y100.022 E.03909
G1 X133.711 Y99.037 E.04014
G1 X134.46 Y98.125 E.03912
G1 X135.265 Y97.265 E.03909
G1 X136.125 Y96.46 E.03909
G1 X137.036 Y95.712 E.0391
G1 X137.994 Y95.025 E.03909
G1 X138.995 Y94.403 E.03909
G1 X140.034 Y93.848 E.03909
G1 X141.108 Y93.361 E.03909
G1 X142.211 Y92.946 E.03909
G1 X143.339 Y92.604 E.03909
G1 X144.486 Y92.336 E.03909
G1 X145.649 Y92.144 E.03909
G1 X146.822 Y92.029 E.03909
G1 X148 Y91.99 E.03909
G1 X149.178 Y92.029 E.03909
G1 X150.351 Y92.144 E.03909
G1 X151.514 Y92.336 E.03909
G1 X152.661 Y92.604 E.03909
G1 X153.789 Y92.946 E.03909
G1 X154.892 Y93.361 E.03909
G1 X155.965 Y93.848 E.03909
G1 X157.005 Y94.403 E.03909
G1 X158.006 Y95.025 E.03909
G1 X158.964 Y95.712 E.03909
G1 X159.875 Y96.46 E.03909
G1 X160.735 Y97.265 E.03909
G1 X161.54 Y98.125 E.03909
G1 X162.288 Y99.036 E.03909
G1 X162.975 Y99.994 E.03909
G1 X163.597 Y100.995 E.03909
G1 X164.152 Y102.034 E.03909
G1 X164.639 Y103.108 E.03909
G1 X165.054 Y104.211 E.03909
G1 X165.396 Y105.339 E.03909
G1 X165.664 Y106.486 E.03909
G1 X165.856 Y107.649 E.03909
G1 X165.971 Y108.822 E.03909
G1 X166.01 Y110 E.03909
G1 X165.971 Y111.178 E.03909
G1 X165.856 Y112.351 E.03909
G1 X165.664 Y113.514 E.03909
G1 X165.396 Y114.661 E.03909
G1 X165.054 Y115.789 E.03909
G1 X164.639 Y116.892 E.03909
G1 X164.152 Y117.965 E.03909
G1 X163.597 Y119.005 E.03909
G1 X162.975 Y120.006 E.03909
G1 X162.288 Y120.964 E.03909
G1 X161.54 Y121.875 E.03909
G1 X160.735 Y122.735 E.03909
G1 X159.875 Y123.54 E.03909
G1 X158.964 Y124.288 E.03909
G1 X158.006 Y124.975 E.03909
G1 X157.005 Y125.597 E.03909
G1 X155.965 Y126.152 E.03909
G1 X154.892 Y126.639 E.03909
G1 X153.789 Y127.054 E.03909
G1 X152.661 Y127.396 E.03909
G1 X151.514 Y127.664 E.03909
G1 X150.351 Y127.856 E.03909
G1 X149.178 Y127.971 E.03909
G1 X148 Y128.01 E.03909
G1 X146.822 Y127.971 E.03909
G1 X145.649 Y127.856 E.03909
G1 X144.486 Y127.664 E.03909
G1 X143.339 Y127.396 E.03909
G1 X142.211 Y127.054 E.03909
G1 X141.108 Y126.639 E.03909
G1 X140.034 Y126.152 E.03909
G1 X138.995 Y125.597 E.03909
G1 X137.994 Y124.975 E.03909
G1 X137.036 Y124.288 E.03909
G1 X136.125 Y123.54 E.03909
G1 X135.265 Y122.735 E.03909
G1 X134.46 Y121.875 E.03909
G1 X133.732 Y120.989 E.03802
G1 X133.24 Y120.305 E.02796
G1 X132.539 Y119.224 E.04273
G1 X132.026 Y118.3 E.03504
G1 X131.35 Y116.862 E.05273
G1 X130.957 Y115.819 E.03695
G1 X130.597 Y114.63 E.04123
G1 X130.344 Y113.545 E.03695
G1 X130.15 Y112.383 E.03909
G1 X130.032 Y111.21 E.03909
G1 X129.991 Y110.032 E.03909
G1 X130.024 Y108.985 E.03475
G1 X130.115 Y107.942 E.03472
G1 X130.267 Y106.909 E.03466
G1 X130.476 Y105.888 E.03456
G1 X130.579 Y105.444 E.0151
M205 X8 Y8
G1 X130.985 Y105.498 F7200
M205 X10 Y10
G1 F2700
G1 X130.993 Y105.463 E.0012
G1 X131.206 Y104.756 E.02448
G1 X131.443 Y104.047 E.0248
G1 X131.731 Y103.282 E.02713
G1 X132.205 Y102.232 E.03821
G1 X132.747 Y101.216 E.03821
G1 X133.354 Y100.237 E.03821
G1 X134.035 Y99.285 E.03883
G1 X134.766 Y98.394 E.03822
G1 X135.553 Y97.553 E.03821
G1 X136.394 Y96.766 E.03821
G1 X137.284 Y96.035 E.03821
G1 X138.221 Y95.364 E.03821
G1 X139.199 Y94.756 E.03821
G1 X140.215 Y94.213 E.03821
G1 X141.264 Y93.738 E.03821
G1 X142.342 Y93.332 E.03821
G1 X143.444 Y92.997 E.03821
G1 X144.566 Y92.736 E.03821
G1 X145.702 Y92.548 E.03821
G1 X146.849 Y92.435 E.03821
G1 X148 Y92.398 E.03821
G1 X149.151 Y92.435 E.03821
G1 X150.298 Y92.548 E.03821
G1 X151.434 Y92.736 E.03821
G1 X152.556 Y92.997 E.03821
G1 X153.658 Y93.332 E.03821
G1 X154.736 Y93.737 E.03821
G1 X155.785 Y94.213 E.03821
G1 X156.801 Y94.756 E.03821
G1 X157.779 Y95.364 E.03821
G1 X158.716 Y96.035 E.03821
G1 X159.606 Y96.766 E.03821
G1 X160.447 Y97.553 E.03821
G1 X161.234 Y98.394 E.03821
G1 X161.965 Y99.284 E.03821
G1 X162.636 Y100.221 E.03821
G1 X163.244 Y101.199 E.03821
G1 X163.787 Y102.215 E.03821
G1 X164.263 Y103.264 E.03821
G1 X164.668 Y104.342 E.03821
G1 X165.003 Y105.444 E.03821
G1 X165.264 Y106.566 E.03821
G1 X165.452 Y107.702 E.03821
G1 X165.565 Y108.849 E.03821
G1 X165.602 Y110 E.03821
G1 X165.565 Y111.151 E.03821
G1 X165.452 Y112.298 E.03821
G1 X165.264 Y113.434 E.03821
G1 X165.003 Y114.556 E.03821
G1 X164.668 Y115.658 E.03821
G1 X164.263 Y116.736 E.03821
G1 X163.787 Y117.785 E.03821
G1 X163.244 Y118.801 E.03821
G1 X162.636 Y119.779 E.03821
G1 X161.965 Y120.716 E.03821
G1 X161.234 Y121.606 E.03821
G1 X160.447 Y122.447 E.03821
G1 X159.606 Y123.234 E.03821
G1 X158.716 Y123.965 E.03821
G1 X157.779 Y124.636 E.03821
G1 X156.801 Y125.244 E.03821
G1 X155.785 Y125.787 E.03821
G1 X154.736 Y126.262 E.03821
G1 X153.658 Y126.668 E.03821
G1 X152.556 Y127.003 E.03821
G1 X151.434 Y127.264 E.03821
G1 X150.298 Y127.452 E.03821
G1 X149.151 Y127.565 E.03821
G1 X148 Y127.602 E.03821
G1 X146.849 Y127.565 E.03821
G1 X145.702 Y127.452 E.03821
G1 X144.566 Y127.264 E.03821
G1 X143.444 Y127.003 E.03821
G1 X142.342 Y126.668 E.03821
G1 X141.264 Y126.263 E.03821
G1 X140.215 Y125.787 E.03821
G1 X139.199 Y125.244 E.03821
G1 X138.221 Y124.636 E.03821
G1 X137.284 Y123.965 E.03821
G1 X136.394 Y123.234 E.03821
G1 X135.553 Y122.447 E.03821
G1 X134.766 Y121.606 E.03821
G1 X134.047 Y120.73 E.03758
G1 X133.571 Y120.068 E.02708
G1 X132.885 Y119.009 E.04185
G1 X132.385 Y118.108 E.03415
G1 X131.731 Y116.718 E.05096
G1 X131.338 Y115.676 E.03695
G1 X130.926 Y114.248 E.0493
G1 X130.74 Y113.453 E.0271
G1 X130.551 Y112.316 E.03821
G1 X130.437 Y111.17 E.03821
G1 X130.398 Y110.019 E.03821
G1 X130.43 Y108.999 E.03387
G1 X130.521 Y107.982 E.03384
G1 X130.668 Y106.975 E.03378
G1 X130.872 Y105.98 E.03368
G1 X130.976 Y105.537 E.0151
M205 X8 Y8
G1 X131.367 Y105.587 F7200
M205 X10 Y10
;TYPE:Outer wall
;WIDTH:0.419999
G1 F2400
G1 X131.375 Y105.552 E.00111
G1 X131.581 Y104.87 E.02189
G1 X131.81 Y104.185 E.02218
G1 X132.098 Y103.42 E.02513
G1 X132.562 Y102.394 E.0346
G1 X133.093 Y101.4 E.0346
G1 X133.687 Y100.444 E.0346
G1 X134.346 Y99.523 E.03479
G1 X135.061 Y98.653 E.03461
G1 X135.831 Y97.831 E.0346
G1 X136.653 Y97.061 E.0346
G1 X137.523 Y96.346 E.03461
G1 X138.439 Y95.69 E.0346
G1 X139.395 Y95.096 E.03461
G1 X140.388 Y94.565 E.0346
G1 X141.414 Y94.1 E.0346
G1 X142.468 Y93.703 E.0346
G1 X143.546 Y93.376 E.03461
G1 X144.642 Y93.121 E.0346
G1 X145.754 Y92.937 E.03461
G1 X146.874 Y92.827 E.0346
G1 X148 Y92.79 E.0346
G1 X149.126 Y92.827 E.03461
G1 X150.246 Y92.937 E.0346
G1 X151.358 Y93.121 E.03461
G1 X152.454 Y93.376 E.0346
G1 X153.532 Y93.703 E.0346
G1 X154.586 Y94.1 E.0346
G1 X155.612 Y94.565 E.03461
G1 X156.605 Y95.096 E.0346
G1 X157.561 Y95.69 E.03461
G1 X158.477 Y96.346 E.0346
G1 X159.347 Y97.061 E.03461
G1 X160.169 Y97.831 E.0346
G1 X160.939 Y98.653 E.0346
G1 X161.654 Y99.523 E.03461
G1 X162.31 Y100.439 E.0346
G1 X162.904 Y101.395 E.03461
G1 X163.435 Y102.388 E.0346
G1 X163.9 Y103.414 E.03461
G1 X164.297 Y104.468 E.0346
G1 X164.624 Y105.546 E.0346
G1 X164.879 Y106.642 E.03461
G1 X165.063 Y107.754 E.03461
G1 X165.173 Y108.874 E.0346
G1 X165.21 Y110 E.03461
G1 X165.173 Y111.126 E.03461
G1 X165.063 Y112.246 E.0346
G1 X164.879 Y113.358 E.03461
G1 X164.624 Y114.454 E.0346
G1 X164.297 Y115.532 E.0346
G1 X163.9 Y116.586 E.03461
G1 X163.435 Y117.612 E.0346
G1 X162.904 Y118.605 E.0346
G1 X162.31 Y119.561 E.03461
G1 X161.654 Y120.477 E.0346
G1 X160.939 Y121.347 E.03461
G1 X160.169 Y122.169 E.0346
G1 X159.347 Y122.939 E.0346
G1 X158.477 Y123.654 E.03461
G1 X157.561 Y124.31 E.0346
G1 X156.605 Y124.904 E.03461
G1 X155.612 Y125.435 E.0346
G1 X154.586 Y125.9 E.0346
G1 X153.532 Y126.297 E.03461
G1 X152.454 Y126.624 E.0346
G1 X151.358 Y126.879 E.0346
G1 X150.246 Y127.063 E.03461
G1 X149.126 Y127.173 E.0346
G1 X148 Y127.21 E.0346
G1 X146.874 Y127.173 E.03461
G1 X145.754 Y127.063 E.0346
G1 X144.642 Y126.879 E.03461
G1 X143.546 Y126.624 E.0346
G1 X142.468 Y126.297 E.03461
G1 X141.414 Y125.9 E.0346
G1 X140.388 Y125.435 E.03461
G1 X139.395 Y124.904 E.0346
G1 X138.439 Y124.31 E.03461
G1 X137.523 Y123.654 E.0346
G1 X136.653 Y122.939 E.03461
G1 X135.831 Y122.169 E.0346
G1 X135.061 Y121.347 E.0346
G1 X134.35 Y120.482 E.03442
G1 X133.889 Y119.839 E.0243
G1 X133.218 Y118.801 E.03798
G1 X132.731 Y117.923 E.03085
G1 X132.295 Y117.016 E.03093
G1 X131.911 Y116.084 E.03099
G1 X131.705 Y115.538 E.01792
G1 X131.308 Y114.159 E.04409
G1 X131.122 Y113.364 E.0251
G1 X130.938 Y112.252 E.0346
G1 X130.827 Y111.132 E.0346
G1 X130.79 Y110.006 E.0346
G1 X130.822 Y109.011 E.03058
G1 X130.911 Y108.021 E.03056
G1 X131.055 Y107.039 E.0305
G1 X131.254 Y106.069 E.03041
G1 X131.358 Y105.626 E.01399
G1 E-4.5 F2700
;WIPE_START
G1 F2400
G1 X131.375 Y105.552 E-.01809
G1 X131.581 Y104.87 E-.16916
G1 X131.81 Y104.185 E-.17147
G1 X131.982 Y103.727 E-.11628
;WIPE_END
G1 E-.025 F2700
M205 X8 Y8
G1 X127.935 Y110.198 Z1.6 F7200
G1 X125.457 Y114.161 Z1.6
G1 Z1.2
G1 E5 F2400
M205 X10 Y10
;TYPE:Inner wall
;WIDTH:0.449999
G1 F2700
G1 X125.149 Y115.176 E.03519
G1 X124.802 Y116.096 E.03261
G1 X124.343 Y117.109 E.03689
G1 X123.878 Y117.979 E.03273
G1 X123.443 Y118.684 E.02746
G1 X122.775 Y119.643 E.03878
G1 X122.057 Y120.531 E.03787
G1 X121.343 Y121.297 E.03475
G1 X120.58 Y122.015 E.03475
G1 X119.771 Y122.681 E.03475
G1 X118.921 Y123.293 E.03475
G1 X118.032 Y123.848 E.03475
G1 X117.109 Y124.343 E.03475
G1 X116.156 Y124.778 E.03475
G1 X115.176 Y125.149 E.03475
G1 X114.175 Y125.455 E.03475
G1 X113.155 Y125.695 E.03475
G1 X112.122 Y125.867 E.03475
G1 X111.079 Y125.972 E.03475
G1 X110.032 Y126.009 E.03475
G1 X108.985 Y125.976 E.03475
G1 X107.942 Y125.876 E.03475
G1 X106.909 Y125.707 E.03475
G1 X105.888 Y125.472 E.03475
G1 X104.885 Y125.169 E.03475
G1 X103.904 Y124.802 E.03475
G1 X102.949 Y124.372 E.03475
G1 X102.024 Y123.88 E.03475
G1 X101.133 Y123.329 E.03475
G1 X100.28 Y122.72 E.03475
G1 X99.469 Y122.057 E.03475
G1 X98.703 Y121.343 E.03475
G1 X97.985 Y120.58 E.03475
G1 X97.319 Y119.771 E.03475
G1 X96.707 Y118.921 E.03475
G1 X96.271 Y118.224 E.02728
G1 X95.82 Y117.415 E.0307
G1 X95.415 Y116.581 E.03079
G1 X95.198 Y116.096 E.0176
G1 X94.851 Y115.176 E.03261
G1 X94.491 Y113.951 E.04239
G1 X94.305 Y113.155 E.0271
G1 X94.133 Y112.122 E.03475
G1 X94.028 Y111.079 E.03475
G1 X93.991 Y110.032 E.03475
G1 X94.019 Y109.116 E.03041
G1 X94.098 Y108.204 E.03038
G1 X94.228 Y107.299 E.03032
G1 X94.528 Y105.888 E.04785
G1 X94.91 Y104.669 E.04236
G1 X95.198 Y103.904 E.02713
G1 X95.628 Y102.949 E.03475
G1 X96.12 Y102.024 E.03475
G1 X96.594 Y101.257 E.02992
G1 X97.28 Y100.28 E.03957
G1 X97.943 Y99.469 E.03475
G1 X98.657 Y98.703 E.03475
G1 X99.42 Y97.985 E.03475
G1 X100.229 Y97.319 E.03475
G1 X101.079 Y96.707 E.03475
G1 X101.968 Y96.152 E.03475
G1 X102.891 Y95.657 E.03475
G1 X103.844 Y95.222 E.03475
G1 X104.824 Y94.851 E.03475
G1 X105.825 Y94.545 E.03475
G1 X106.845 Y94.305 E.03475
G1 X107.878 Y94.133 E.03475
G1 X108.921 Y94.028 E.03475
G1 X109.968 Y93.991 E.03475
G1 X111.015 Y94.024 E.03475
G1 X112.058 Y94.124 E.03475
G1 X113.091 Y94.293 E.03475
G1 X114.112 Y94.528 E.03475
G1 X115.115 Y94.831 E.03475
G1 X116.096 Y95.198 E.03475
G1 X117.051 Y95.628 E.03475
G1 X117.976 Y96.12 E.03475
G1 X118.867 Y96.671 E.03475
G1 X119.72 Y97.28 E.03475
G1 X120.531 Y97.943 E.03475
G1 X121.297 Y98.657 E.03475
G1 X122.015 Y99.42 E.03475
G1 X122.531 Y100.046 E.0269
G1 X123.293 Y101.079 E.04259
G1 X123.848 Y101.968 E.03475
G1 X124.343 Y102.891 E.03475
G1 X124.778 Y103.844 E.03475
G1 X125.003 Y104.436 E.02102
G1 X125.455 Y105.825 E.04846
G1 X125.604 Y106.455 E.02146
G1 X125.824 Y107.617 E.03925
G1 X125.959 Y108.79 E.03915
G1 X126.009 Y109.968 E.0391
G1 X125.976 Y111.015 E.03475
G1 X125.876 Y112.058 E.03475
G1 X125.707 Y113.091 E.03475
G1 X125.472 Y114.112 E.03475
G1 X125.468 Y114.123 E.00038
M205 X8 Y8
G1 X125.065 Y114.05 F7200
M205 X10 Y10
G1 F2700
G1 X124.622 Y115.42 E.04779
G1 X124.421 Y115.953 E.01887
G1 X124.188 Y116.471 E.01886
G1 X123.679 Y117.489 E.03774
G1 X123.097 Y118.469 E.0378
G1 X122.444 Y119.406 E.0379
G1 X121.743 Y120.273 E.03699
G1 X121.046 Y121.019 E.03387
G1 X120.301 Y121.717 E.03387
G1 X119.513 Y122.366 E.03387
G1 X118.684 Y122.962 E.03387
G1 X117.817 Y123.502 E.03387
G1 X116.918 Y123.984 E.03387
G1 X115.988 Y124.407 E.03387
G1 X115.033 Y124.768 E.03387
G1 X114.056 Y125.065 E.03387
G1 X113.062 Y125.298 E.03387
G1 X112.055 Y125.466 E.03387
G1 X111.039 Y125.567 E.03387
G1 X110.019 Y125.602 E.03387
G1 X108.999 Y125.57 E.03387
G1 X107.982 Y125.471 E.03387
G1 X106.975 Y125.306 E.03387
G1 X105.98 Y125.075 E.03387
G1 X105.003 Y124.78 E.03387
G1 X104.047 Y124.421 E.03387
G1 X103.117 Y124.001 E.03387
G1 X102.216 Y123.521 E.03387
G1 X101.348 Y122.983 E.03387
G1 X100.517 Y122.389 E.03387
G1 X99.727 Y121.743 E.03387
G1 X98.981 Y121.046 E.03387
G1 X98.283 Y120.301 E.03387
G1 X97.634 Y119.513 E.03387
G1 X97.038 Y118.684 E.03387
G1 X96.617 Y118.009 E.0264
G1 X96.179 Y117.224 E.02981
G1 X95.785 Y116.413 E.02991
G1 X95.579 Y115.953 E.01672
G1 X95.232 Y115.033 E.03261
G1 X94.887 Y113.858 E.04062
G1 X94.702 Y113.062 E.0271
G1 X94.534 Y112.055 E.03387
G1 X94.433 Y111.039 E.03387
G1 X94.398 Y110.019 E.03387
G1 X94.426 Y109.129 E.02953
G1 X94.504 Y108.243 E.0295
G1 X94.63 Y107.365 E.02944
G1 X94.925 Y105.98 E.04696
G1 X95.138 Y105.274 E.02448
G1 X95.438 Y104.421 E.02998
G1 X95.999 Y103.117 E.04711
G1 X96.479 Y102.216 E.03387
G1 X96.94 Y101.472 E.02904
G1 X97.611 Y100.517 E.03869
G1 X98.257 Y99.727 E.03387
G1 X98.954 Y98.981 E.03387
G1 X99.699 Y98.283 E.03387
G1 X100.487 Y97.634 E.03387
G1 X101.316 Y97.038 E.03387
G1 X102.183 Y96.498 E.03387
G1 X103.082 Y96.016 E.03387
G1 X104.012 Y95.593 E.03387
G1 X104.967 Y95.232 E.03387
G1 X105.944 Y94.935 E.03387
G1 X106.938 Y94.702 E.03387
G1 X107.945 Y94.534 E.03387
G1 X108.961 Y94.433 E.03387
G1 X109.981 Y94.398 E.03387
G1 X111.001 Y94.43 E.03387
G1 X112.018 Y94.529 E.03387
G1 X113.025 Y94.694 E.03387
M73 P47 R23
G1 X114.02 Y94.925 E.03387
G1 X114.997 Y95.22 E.03387
G1 X115.953 Y95.579 E.03387
G1 X116.883 Y95.999 E.03387
G1 X117.784 Y96.479 E.03387
G1 X118.652 Y97.017 E.03387
G1 X119.483 Y97.611 E.03387
G1 X120.273 Y98.257 E.03387
G1 X121.019 Y98.954 E.03387
G1 X121.717 Y99.699 E.03387
G1 X122.216 Y100.304 E.02602
G1 X122.962 Y101.316 E.04171
G1 X123.502 Y102.183 E.03387
G1 X123.984 Y103.082 E.03387
G1 X124.407 Y104.012 E.03387
G1 X124.622 Y104.58 E.02013
G1 X125.065 Y105.944 E.04758
G1 X125.207 Y106.547 E.02058
G1 X125.423 Y107.684 E.03836
G1 X125.554 Y108.83 E.03827
G1 X125.602 Y109.981 E.03822
G1 X125.57 Y111.001 E.03387
G1 X125.471 Y112.018 E.03387
G1 X125.306 Y113.025 E.03387
G1 X125.077 Y114.011 E.03359
M205 X8 Y8
G1 X124.693 Y113.931 F7200
M205 X10 Y10
;TYPE:Outer wall
;WIDTH:0.419999
G1 F2400
G1 X124.255 Y115.282 E.04366
G1 X124.054 Y115.815 E.01748
G1 X123.831 Y116.31 E.01668
G1 X123.333 Y117.304 E.03417
G1 X122.764 Y118.261 E.03422
G1 X122.126 Y119.178 E.03432
G1 X121.439 Y120.024 E.03347
G1 X120.759 Y120.751 E.03058
G1 X120.033 Y121.431 E.03058
G1 X119.264 Y122.063 E.03058
G1 X118.455 Y122.643 E.03058
G1 X117.61 Y123.169 E.03058
G1 X116.733 Y123.639 E.03058
G1 X115.826 Y124.05 E.03058
G1 X114.895 Y124.401 E.03058
G1 X113.943 Y124.69 E.03058
G1 X112.973 Y124.916 E.03058
G1 X111.991 Y125.079 E.03058
G1 X111.001 Y125.177 E.03058
G1 X110.006 Y125.21 E.03058
G1 X109.011 Y125.178 E.03058
G1 X108.021 Y125.081 E.03058
G1 X107.039 Y124.919 E.03058
G1 X106.069 Y124.693 E.03058
G1 X105.117 Y124.405 E.03058
G1 X104.185 Y124.054 E.03058
G1 X103.278 Y123.644 E.03058
G1 X102.4 Y123.175 E.03058
G1 X101.555 Y122.65 E.03058
G1 X100.746 Y122.071 E.03058
G1 X99.976 Y121.439 E.03058
G1 X99.249 Y120.759 E.03058
G1 X98.569 Y120.033 E.03058
G1 X97.937 Y119.264 E.03058
G1 X97.357 Y118.455 E.03058
G1 X96.95 Y117.802 E.02366
G1 X96.525 Y117.039 E.02683
G1 X96.143 Y116.251 E.02691
G1 X95.805 Y115.441 E.02697
G1 X95.599 Y114.895 E.01792
G1 X95.4 Y114.24 E.02102
G1 X95.186 Y113.413 E.02626
G1 X95.073 Y112.914 E.01571
G1 X94.921 Y111.991 E.02874
G1 X94.823 Y111.001 E.03058
G1 X94.79 Y110.006 E.03058
G1 X94.818 Y109.142 E.02656
G1 X94.894 Y108.282 E.02654
G1 X95.017 Y107.429 E.02648
G1 X95.307 Y106.069 E.04272
G1 X95.513 Y105.388 E.02188
G1 X95.805 Y104.559 E.02699
G1 X96.356 Y103.278 E.04285
G1 X96.825 Y102.4 E.03058
G1 X97.273 Y101.679 E.02611
G1 X97.929 Y100.746 E.03505
G1 X98.561 Y99.976 E.03058
G1 X99.241 Y99.249 E.03058
G1 X99.967 Y98.569 E.03058
G1 X100.736 Y97.937 E.03058
G1 X101.545 Y97.357 E.03058
G1 X102.39 Y96.831 E.03058
G1 X103.267 Y96.361 E.03058
G1 X104.174 Y95.95 E.03058
G1 X105.105 Y95.599 E.03058
G1 X106.057 Y95.31 E.03058
G1 X107.027 Y95.084 E.03058
G1 X108.009 Y94.921 E.03058
G1 X108.999 Y94.823 E.03058
G1 X109.994 Y94.79 E.03058
G1 X110.989 Y94.822 E.03058
G1 X111.979 Y94.919 E.03058
G1 X112.961 Y95.081 E.03058
G1 X113.931 Y95.307 E.03058
G1 X114.883 Y95.595 E.03058
G1 X115.815 Y95.946 E.03058
G1 X116.722 Y96.356 E.03058
G1 X117.6 Y96.825 E.03058
G1 X118.445 Y97.35 E.03058
G1 X119.254 Y97.929 E.03058
G1 X120.024 Y98.561 E.03058
G1 X120.751 Y99.241 E.03058
G1 X121.431 Y99.967 E.03058
G1 X121.913 Y100.553 E.02331
G1 X122.643 Y101.545 E.03784
G1 X123.169 Y102.39 E.03058
G1 X123.639 Y103.267 E.03058
G1 X124.05 Y104.174 E.03058
G1 X124.255 Y104.718 E.01786
G1 X124.69 Y106.057 E.04328
G1 X124.825 Y106.636 E.01827
G1 X125.036 Y107.748 E.03475
G1 X125.164 Y108.868 E.03466
G1 X125.21 Y109.994 E.03461
G1 X125.178 Y110.989 E.03058
G1 X125.081 Y111.979 E.03058
G1 X124.919 Y112.961 E.03058
G1 X124.702 Y113.892 E.02935
G1 E-4.5 F2700
;WIPE_START
G1 F2400
G1 X124.255 Y115.282 E-.34695
G1 X124.065 Y115.787 E-.12805
;WIPE_END
G1 E-.025 F2700
M205 X8 Y8
G1 X116.472 Y115.014 Z1.6 F7200
G1 X58.024 Y109.067 Z1.6
G1 Z1.2
G1 E5 F2400
M205 X10 Y10
;TYPE:Inner wall
;WIDTH:0.449999
G1 F2700
G1 X58.107 Y108.204 E.02876
G1 X58.254 Y107.299 E.03041
G1 X58.46 Y106.406 E.03041
G1 X58.724 Y105.528 E.03041
G1 X59.045 Y104.669 E.03041
G1 X59.422 Y103.833 E.03041
G1 X59.852 Y103.024 E.03041
G1 X60.334 Y102.244 E.03041
G1 X60.867 Y101.498 E.03041
G1 X61.446 Y100.788 E.03041
G1 X62.072 Y100.117 E.03041
G1 X62.739 Y99.489 E.03041
G1 X63.446 Y98.906 E.03041
G1 X64.19 Y98.37 E.03041
G1 X64.968 Y97.884 E.03041
G1 X65.775 Y97.45 E.03041
G1 X66.609 Y97.07 E.03041
G1 X67.466 Y96.745 E.03041
G1 X68.343 Y96.477 E.03041
G1 X69.235 Y96.267 E.03041
G1 X70.139 Y96.115 E.03041
G1 X71.052 Y96.023 E.03041
G1 X71.968 Y95.991 E.03041
G1 X72.884 Y96.019 E.03041
G1 X73.796 Y96.107 E.03041
G1 X74.701 Y96.254 E.03041
G1 X75.594 Y96.46 E.03041
G1 X76.472 Y96.724 E.03041
G1 X77.331 Y97.045 E.03041
G1 X78.167 Y97.422 E.03041
G1 X78.976 Y97.852 E.03041
G1 X79.756 Y98.334 E.03041
G1 X80.502 Y98.867 E.03041
G1 X81.212 Y99.446 E.03041
G1 X81.883 Y100.072 E.03041
G1 X82.511 Y100.739 E.03041
G1 X83.094 Y101.446 E.03041
G1 X83.63 Y102.19 E.03041
G1 X84.116 Y102.968 E.03041
G1 X84.55 Y103.775 E.03041
G1 X85.013 Y104.824 E.03802
G1 X85.255 Y105.466 E.02279
G1 X85.475 Y106.184 E.0249
G1 X85.642 Y106.845 E.02261
G1 X85.841 Y107.878 E.03491
G1 X85.964 Y108.921 E.03481
G1 X86.009 Y109.968 E.03476
G1 X85.981 Y110.884 E.03041
G1 X85.893 Y111.796 E.03041
G1 X85.746 Y112.701 E.03041
G1 X85.54 Y113.594 E.03041
G1 X85.366 Y114.175 E.02009
G1 X84.955 Y115.331 E.04072
G1 X84.583 Y116.156 E.03002
G1 X84.306 Y116.681 E.01969
G1 X83.78 Y117.572 E.03434
G1 X83.273 Y118.307 E.02961
G1 X82.554 Y119.212 E.03835
G1 X81.928 Y119.883 E.03041
G1 X81.261 Y120.511 E.03041
G1 X80.554 Y121.094 E.03041
G1 X79.81 Y121.63 E.03041
G1 X79.032 Y122.116 E.03041
G1 X78.225 Y122.55 E.03041
G1 X77.391 Y122.93 E.03041
G1 X76.534 Y123.255 E.03041
G1 X75.657 Y123.523 E.03041
G1 X74.765 Y123.733 E.03041
G1 X73.861 Y123.885 E.03041
G1 X72.948 Y123.977 E.03041
G1 X72.032 Y124.009 E.03041
G1 X71.116 Y123.981 E.03041
G1 X70.204 Y123.893 E.03041
G1 X69.299 Y123.746 E.03041
G1 X68.406 Y123.54 E.03041
G1 X67.528 Y123.276 E.03041
G1 X66.669 Y122.955 E.03041
G1 X65.833 Y122.578 E.03041
G1 X65.024 Y122.148 E.03041
G1 X64.244 Y121.666 E.03041
G1 X63.498 Y121.133 E.03041
G1 X62.788 Y120.554 E.03041
G1 X62.117 Y119.928 E.03041
G1 X61.489 Y119.261 E.03041
G1 X60.906 Y118.554 E.03041
G1 X60.37 Y117.81 E.03041
G1 X59.884 Y117.032 E.03041
G1 X59.45 Y116.225 E.03041
G1 X59.07 Y115.391 E.03041
G1 X58.745 Y114.534 E.03041
G1 X58.477 Y113.657 E.03041
G1 X58.267 Y112.765 E.03041
G1 X58.115 Y111.861 E.03041
G1 X58.023 Y110.948 E.03041
G1 X57.991 Y110.032 E.03041
G1 X58.019 Y109.116 E.03041
G1 X58.02 Y109.106 E.00032
M205 X8 Y8
G1 X58.428 Y109.105 F7200
M205 X10 Y10
G1 F2700
G1 X58.512 Y108.243 E.02872
G1 X58.656 Y107.365 E.02953
G1 X58.857 Y106.498 E.02952
G1 X59.114 Y105.646 E.02953
G1 X59.426 Y104.812 E.02953
G1 X59.793 Y104.001 E.02953
G1 X60.211 Y103.216 E.02953
G1 X60.68 Y102.459 E.02953
G1 X61.197 Y101.735 E.02953
G1 X61.761 Y101.046 E.02953
G1 X62.369 Y100.396 E.02952
G1 X63.017 Y99.786 E.02953
G1 X63.705 Y99.221 E.02953
G1 X64.427 Y98.701 E.02953
G1 X65.183 Y98.23 E.02953
G1 X65.967 Y97.809 E.02952
G1 X66.777 Y97.441 E.02953
G1 X67.61 Y97.126 E.02952
G1 X68.461 Y96.867 E.02953
G1 X69.328 Y96.663 E.02952
G1 X70.206 Y96.517 E.02953
G1 X71.091 Y96.429 E.02953
G1 X71.981 Y96.398 E.02953
G1 X72.871 Y96.426 E.02953
G1 X73.757 Y96.512 E.02953
G1 X74.635 Y96.656 E.02953
G1 X75.502 Y96.857 E.02952
G1 X76.354 Y97.114 E.02953
G1 X77.188 Y97.426 E.02952
G1 X77.999 Y97.793 E.02953
G1 X78.784 Y98.211 E.02952
G1 X79.541 Y98.68 E.02953
G1 X80.265 Y99.197 E.02953
G1 X80.954 Y99.761 E.02953
G1 X81.604 Y100.369 E.02952
G1 X82.214 Y101.017 E.02952
G1 X82.779 Y101.705 E.02953
G1 X83.299 Y102.427 E.02952
G1 X83.77 Y103.183 E.02953
G1 X84.191 Y103.967 E.02952
G1 X84.559 Y104.777 E.02953
G1 X84.976 Y105.944 E.04109
G1 X85.133 Y106.461 E.01794
G1 X85.326 Y107.282 E.02795
G1 X85.44 Y107.945 E.02232
G1 X85.559 Y108.961 E.03393
G1 X85.602 Y109.981 E.03388
G1 X85.574 Y110.871 E.02953
G1 X85.488 Y111.757 E.02953
G1 X85.344 Y112.635 E.02953
G1 X85.143 Y113.502 E.02952
G1 X84.976 Y114.056 E.0192
G1 X84.574 Y115.188 E.03983
G1 X84.212 Y115.988 E.02913
G1 X83.947 Y116.489 E.0188
G1 X83.434 Y117.357 E.03346
G1 X82.942 Y118.07 E.02873
G1 X82.239 Y118.954 E.03747
G1 X81.631 Y119.604 E.02952
G1 X80.983 Y120.214 E.02952
G1 X80.295 Y120.779 E.02953
G1 X79.573 Y121.299 E.02953
G1 X78.817 Y121.77 E.02953
G1 X78.033 Y122.191 E.02952
G1 X77.223 Y122.559 E.02953
G1 X76.39 Y122.874 E.02952
G1 X75.539 Y123.133 E.02953
G1 X74.672 Y123.337 E.02952
G1 X73.794 Y123.483 E.02953
G1 X72.909 Y123.571 E.02953
G1 X72.019 Y123.602 E.02953
G1 X71.129 Y123.574 E.02953
G1 X70.243 Y123.488 E.02953
G1 X69.365 Y123.344 E.02953
G1 X68.498 Y123.143 E.02952
G1 X67.646 Y122.886 E.02953
G1 X66.812 Y122.574 E.02952
G1 X66.001 Y122.207 E.02953
G1 X65.216 Y121.789 E.02952
G1 X64.459 Y121.32 E.02953
G1 X63.735 Y120.803 E.02953
G1 X63.046 Y120.239 E.02953
G1 X62.396 Y119.631 E.02953
G1 X61.786 Y118.983 E.02953
G1 X61.221 Y118.295 E.02953
G1 X60.701 Y117.573 E.02953
G1 X60.23 Y116.817 E.02953
G1 X59.809 Y116.033 E.02953
G1 X59.441 Y115.223 E.02953
G1 X59.126 Y114.39 E.02953
G1 X58.867 Y113.539 E.02953
G1 X58.663 Y112.672 E.02953
G1 X58.517 Y111.794 E.02953
G1 X58.429 Y110.909 E.02953
G1 X58.398 Y110.019 E.02953
G1 X58.426 Y109.145 E.029
M205 X8 Y8
G1 X58.818 Y109.142 F7200
M205 X10 Y10
;TYPE:Outer wall
;WIDTH:0.419999
G1 F2400
G1 X58.902 Y108.282 E.02656
G1 X59.043 Y107.429 E.02656
G1 X59.239 Y106.587 E.02656
G1 X59.489 Y105.76 E.02656
G1 X59.793 Y104.95 E.02656
G1 X60.15 Y104.163 E.02656
G1 X60.557 Y103.4 E.02656
G1 X61.013 Y102.666 E.02656
G1 X61.516 Y101.963 E.02656
G1 X62.064 Y101.295 E.02656
G1 X62.655 Y100.664 E.02656
G1 X63.285 Y100.072 E.02656
G1 X63.953 Y99.524 E.02656
G1 X64.656 Y99.02 E.02656
G1 X65.39 Y98.563 E.02656
G1 X66.152 Y98.155 E.02656
G1 X66.939 Y97.798 E.02656
G1 X67.748 Y97.493 E.02656
G1 X68.575 Y97.242 E.02656
G1 X69.417 Y97.045 E.02656
G1 X70.27 Y96.904 E.02656
G1 X71.13 Y96.819 E.02656
G1 X71.994 Y96.79 E.02656
G1 X72.858 Y96.818 E.02656
G1 X73.718 Y96.902 E.02656
G1 X74.571 Y97.043 E.02656
G1 X75.413 Y97.239 E.02656
G1 X76.24 Y97.489 E.02656
G1 X77.05 Y97.793 E.02656
G1 X77.837 Y98.15 E.02656
G1 X78.6 Y98.557 E.02656
G1 X79.334 Y99.013 E.02656
G1 X80.037 Y99.516 E.02656
M73 P47 R22
G1 X80.705 Y100.064 E.02656
G1 X81.336 Y100.655 E.02656
G1 X81.928 Y101.285 E.02656
G1 X82.476 Y101.953 E.02656
G1 X82.98 Y102.656 E.02656
G1 X83.437 Y103.39 E.02656
G1 X83.845 Y104.152 E.02656
G1 X84.202 Y104.939 E.02656
G1 X84.601 Y106.057 E.03649
G1 X84.758 Y106.575 E.01662
G1 X84.944 Y107.371 E.0251
G1 X85.053 Y108.009 E.01989
G1 X85.168 Y108.999 E.03064
G1 X85.21 Y109.994 E.03059
G1 X85.182 Y110.858 E.02656
G1 X85.098 Y111.718 E.02656
G1 X84.957 Y112.571 E.02656
G1 X84.761 Y113.413 E.02656
G1 X84.601 Y113.943 E.017
G1 X84.207 Y115.05 E.03611
G1 X83.855 Y115.826 E.0262
G1 X83.601 Y116.304 E.01663
G1 X83.101 Y117.15 E.0302
G1 X82.624 Y117.842 E.02582
G1 X81.936 Y118.705 E.03392
G1 X81.345 Y119.336 E.02656
G1 X80.715 Y119.928 E.02656
G1 X80.047 Y120.476 E.02656
G1 X79.344 Y120.98 E.02656
G1 X78.61 Y121.437 E.02656
G1 X77.848 Y121.845 E.02656
G1 X77.061 Y122.202 E.02656
G1 X76.252 Y122.507 E.02656
G1 X75.425 Y122.758 E.02656
G1 X74.583 Y122.955 E.02656
G1 X73.73 Y123.096 E.02656
G1 X72.87 Y123.181 E.02656
G1 X72.006 Y123.21 E.02656
G1 X71.142 Y123.182 E.02656
G1 X70.282 Y123.098 E.02656
G1 X69.429 Y122.957 E.02656
G1 X68.587 Y122.761 E.02656
G1 X67.76 Y122.511 E.02656
G1 X66.95 Y122.207 E.02656
G1 X66.163 Y121.85 E.02656
G1 X65.4 Y121.443 E.02656
G1 X64.666 Y120.987 E.02656
G1 X63.963 Y120.484 E.02656
G1 X63.295 Y119.936 E.02656
G1 X62.664 Y119.345 E.02656
G1 X62.072 Y118.715 E.02656
G1 X61.524 Y118.047 E.02656
G1 X61.02 Y117.344 E.02656
G1 X60.563 Y116.61 E.02656
G1 X60.155 Y115.848 E.02656
G1 X59.798 Y115.061 E.02656
G1 X59.493 Y114.252 E.02656
G1 X59.242 Y113.425 E.02656
G1 X59.045 Y112.583 E.02656
G1 X58.904 Y111.73 E.02656
G1 X58.819 Y110.87 E.02656
G1 X58.79 Y110.006 E.02656
G1 X58.817 Y109.182 E.02533
G1 E-4.5 F2700
;WIPE_START
G1 F2400
G1 X58.902 Y108.282 E-.21478
G1 X59.043 Y107.429 E-.20531
G1 X59.095 Y107.204 E-.05491
;WIPE_END
G1 E-.025 F2700
M205 X8 Y8
G1 X58.276 Y106.024 Z1.6 F7200
G1 Z1.2
G1 E5 F2400
M205 X10 Y10
;TYPE:Sparse infill
;WIDTH:0.45
G1 F3000
G1 X58.204 Y106.263 E.0083
G1 X57.974 Y107.25 E.03361
G1 X57.914 Y107.61 E.01211
G1 X57.633 Y107.895 E.01328
G1 X57.213 Y108.55 E.02581
G1 X56.921 Y109.205 E.02379
G1 X56.718 Y109.86 E.02276
G1 X56.629 Y110.515 E.02193
G1 X56.696 Y110.843 E.0111
G1 X56.977 Y111.171 E.01432
G1 X57.804 Y111.614 E.03114
G1 X57.834 Y111.904 E.00968
G1 X57.976 Y112.762 E.02883
G1 X58.183 Y113.662 E.03063
G1 X58.452 Y114.558 E.03103
G1 X58.809 Y115.506 E.03362
G1 X59.198 Y116.357 E.03103
G1 X59.519 Y116.958 E.02261
G1 X59.316 Y117.067 E.00764
G1 X58.28 Y117.722 E.04067
G1 X57.633 Y118.377 E.03055
G1 X57.213 Y119.032 E.02581
G1 X56.921 Y119.688 E.02379
G1 X56.718 Y120.343 E.02276
G1 X56.629 Y120.998 E.02193
G1 X56.696 Y121.326 E.0111
G1 X56.977 Y121.653 E.01432
G1 X58.199 Y122.308 E.04598
G1 X59.235 Y122.963 E.04067
G1 X59.882 Y123.619 E.03055
G1 X60.302 Y124.274 E.02581
G1 X60.594 Y124.929 E.02379
G1 X60.797 Y125.584 E.02276
G1 X60.886 Y126.239 E.02193
G1 X60.819 Y126.567 E.0111
G1 X60.538 Y126.894 E.01432
G1 X59.316 Y127.55 E.04598
G1 X58.28 Y128.205 E.04067
G1 X57.633 Y128.86 E.03055
G1 X57.213 Y129.515 E.02581
G1 X56.921 Y130.17 E.02379
G1 X56.755 Y130.706 E.01861
G1 X52.92 Y130.706 E.12719
G1 X52.391 Y130.17 E.02497
G1 X51.972 Y129.515 E.02581
G1 X51.68 Y128.86 E.02379
G1 X51.476 Y128.205 E.02276
G1 X51.387 Y127.55 E.02193
G1 X51.455 Y127.222 E.0111
G1 X51.736 Y126.894 E.01432
G1 X52.957 Y126.239 E.04598
G1 X53.994 Y125.584 E.04067
G1 X54.641 Y124.929 E.03055
G1 X55.061 Y124.274 E.02581
G1 X55.352 Y123.619 E.02379
G1 X55.556 Y122.963 E.02276
G1 X55.645 Y122.308 E.02193
G1 X55.577 Y121.981 E.0111
G1 X55.296 Y121.653 E.01432
G1 X54.075 Y120.998 E.04598
G1 X53.038 Y120.343 E.04067
G1 X52.391 Y119.688 E.03055
G1 X51.972 Y119.032 E.02581
G1 X51.68 Y118.377 E.02379
G1 X51.476 Y117.722 E.02276
G1 X51.387 Y117.067 E.02193
G1 X51.455 Y116.739 E.0111
G1 X51.736 Y116.412 E.01432
G1 X52.957 Y115.757 E.04598
G1 X53.994 Y115.101 E.04067
G1 X54.641 Y114.446 E.03055
G1 X55.061 Y113.791 E.02581
G1 X55.352 Y113.136 E.02379
G1 X55.556 Y112.481 E.02276
G1 X55.645 Y111.826 E.02193
G1 X55.577 Y111.498 E.0111
G1 X55.296 Y111.171 E.01432
G1 X54.075 Y110.515 E.04598
G1 X53.038 Y109.86 E.04067
G1 X52.391 Y109.205 E.03055
G1 X51.972 Y108.55 E.02581
G1 X51.68 Y107.895 E.02379
G1 X51.476 Y107.24 E.02276
G1 X51.387 Y106.584 E.02193
G1 X51.455 Y106.257 E.0111
G1 X51.736 Y105.929 E.01432
G1 X52.957 Y105.274 E.04598
G1 X53.994 Y104.619 E.04067
G1 X54.641 Y103.964 E.03055
G1 X55.061 Y103.309 E.02581
G1 X55.352 Y102.653 E.02379
G1 X55.556 Y101.998 E.02276
G1 X55.645 Y101.343 E.02193
G1 X55.577 Y101.015 E.0111
G1 X55.296 Y100.688 E.01432
G1 X54.075 Y100.033 E.04598
G1 X53.038 Y99.378 E.04067
G1 X52.391 Y98.722 E.03055
G1 X51.972 Y98.067 E.02581
G1 X51.68 Y97.412 E.02379
G1 X51.476 Y96.757 E.02276
G1 X51.387 Y96.102 E.02193
G1 X51.455 Y95.774 E.0111
G1 X51.736 Y95.447 E.01432
G1 X52.957 Y94.791 E.04598
G1 X53.994 Y94.136 E.04067
G1 X54.641 Y93.481 E.03055
G1 X55.061 Y92.826 E.02581
G1 X55.352 Y92.171 E.02379
G1 X55.556 Y91.516 E.02276
G1 X55.645 Y90.86 E.02193
G1 X55.577 Y90.533 E.0111
G1 X55.296 Y90.205 E.01432
G1 X54.075 Y89.55 E.04598
G1 X53.67 Y89.294 E.01589
G1 X56.663 Y89.294 E.0993
G1 X56.629 Y89.55 E.00857
G1 X56.696 Y89.878 E.0111
G1 X56.977 Y90.205 E.01432
G1 X58.199 Y90.86 E.04598
G1 X59.235 Y91.516 E.04067
G1 X59.882 Y92.171 E.03055
G1 X60.302 Y92.826 E.02581
G1 X60.594 Y93.481 E.02379
G1 X60.797 Y94.136 E.02276
G1 X60.886 Y94.791 E.02193
G1 X60.819 Y95.119 E.0111
G1 X60.538 Y95.447 E.01432
G1 X59.316 Y96.102 E.04598
G1 X58.28 Y96.757 E.04067
G1 X57.633 Y97.412 E.03055
G1 X57.213 Y98.067 E.02581
G1 X56.921 Y98.722 E.02379
G1 X56.718 Y99.378 E.02276
G1 X56.629 Y100.033 E.02193
G1 X56.696 Y100.36 E.0111
G1 X56.977 Y100.688 E.01432
G1 X58.199 Y101.343 E.04598
G1 X59.235 Y101.998 E.04067
G1 X59.799 Y102.569 E.0266
G1 X60.094 Y102.091 E.01861
G1 X60.684 Y101.268 E.03362
G1 X61.279 Y100.546 E.03103
G1 X61.893 Y99.892 E.02973
G1 X62.605 Y99.228 E.03232
G1 X63.029 Y98.88 E.01821
G1 X62.874 Y98.722 E.00733
G1 X62.454 Y98.067 E.02581
G1 X62.162 Y97.412 E.02379
G1 X61.959 Y96.757 E.02276
G1 X61.87 Y96.102 E.02193
G1 X61.938 Y95.774 E.0111
G1 X62.219 Y95.447 E.01432
G1 X63.44 Y94.791 E.04598
G1 X64.476 Y94.136 E.04067
G1 X65.124 Y93.481 E.03055
G1 X65.543 Y92.826 E.02581
G1 X65.835 Y92.171 E.02379
G1 X66.038 Y91.516 E.02276
G1 X66.128 Y90.86 E.02193
G1 X66.06 Y90.533 E.0111
G1 X65.779 Y90.205 E.01432
G1 X64.558 Y89.55 E.04598
G1 X64.153 Y89.294 E.01589
G1 X67.146 Y89.294 E.0993
G1 X67.111 Y89.55 E.00857
G1 X67.179 Y89.878 E.0111
G1 X67.46 Y90.205 E.01432
G1 X68.681 Y90.86 E.04598
G1 X69.718 Y91.516 E.04067
G1 X70.365 Y92.171 E.03055
G1 X70.785 Y92.826 E.02581
G1 X71.076 Y93.481 E.02379
G1 X71.28 Y94.136 E.02276
G1 X71.369 Y94.791 E.02193
G1 X71.301 Y95.119 E.0111
G1 X71.02 Y95.447 E.01432
G1 X70.35 Y95.806 E.02524
G1 X69.238 Y95.975 E.0373
G1 X68.747 Y96.089 E.0167
M205 X8 Y8
G1 X74.085 Y95.865 F7200
M205 X10 Y10
G1 F3000
G1 X73.827 Y95.824 E.00866
G1 X72.974 Y95.74 E.02844
G1 X72.464 Y95.723 E.01691
G1 X72.701 Y95.447 E.01208
G1 X73.923 Y94.791 E.04598
G1 X74.959 Y94.136 E.04067
G1 X75.606 Y93.481 E.03055
G1 X76.026 Y92.826 E.02581
G1 X76.318 Y92.171 E.02379
G1 X76.521 Y91.516 E.02276
G1 X76.61 Y90.86 E.02193
G1 X76.543 Y90.533 E.0111
G1 X76.262 Y90.205 E.01432
G1 X75.04 Y89.55 E.04598
G1 X74.635 Y89.294 E.01589
G1 X77.629 Y89.294 E.0993
G1 X77.594 Y89.55 E.00857
G1 X77.662 Y89.878 E.0111
G1 X77.942 Y90.205 E.01432
G1 X79.164 Y90.86 E.04598
G1 X80.2 Y91.516 E.04067
G1 X80.847 Y92.171 E.03055
G1 X81.267 Y92.826 E.02581
G1 X81.559 Y93.481 E.02379
G1 X81.762 Y94.136 E.02276
G1 X81.852 Y94.791 E.02193
G1 X81.784 Y95.119 E.0111
G1 X81.503 Y95.447 E.01432
G1 X80.281 Y96.102 E.04598
G1 X79.245 Y96.757 E.04067
G1 X78.652 Y97.357 E.02797
G1 X79.181 Y97.641 E.01989
G1 X79.909 Y98.094 E.02844
G1 X80.732 Y98.684 E.03361
G1 X81.395 Y99.228 E.02844
G1 X82.079 Y99.865 E.03103
G1 X82.772 Y100.605 E.03362
G1 X83.364 Y101.33 E.03103
G1 X83.881 Y102.052 E.02949
G1 X84.398 Y102.887 E.03257
G1 X84.837 Y103.713 E.03102
G1 X85.191 Y104.494 E.02844
G1 X85.277 Y104.723 E.00812
G1 X85.442 Y104.619 E.00647
G1 X86.089 Y103.964 E.03055
G1 X86.509 Y103.309 E.02581
G1 X86.8 Y102.653 E.02379
G1 X87.004 Y101.998 E.02276
G1 X87.093 Y101.343 E.02193
G1 X87.025 Y101.015 E.0111
G1 X86.744 Y100.688 E.01432
G1 X85.523 Y100.033 E.04598
G1 X84.486 Y99.378 E.04067
G1 X83.839 Y98.722 E.03055
G1 X83.419 Y98.067 E.02581
G1 X83.128 Y97.412 E.02379
G1 X82.924 Y96.757 E.02276
G1 X82.835 Y96.102 E.02193
G1 X82.903 Y95.774 E.0111
G1 X83.184 Y95.447 E.01432
G1 X84.405 Y94.791 E.04598
G1 X85.442 Y94.136 E.04067
G1 X86.089 Y93.481 E.03055
G1 X86.509 Y92.826 E.02581
G1 X86.8 Y92.171 E.02379
G1 X87.004 Y91.516 E.02276
G1 X87.093 Y90.86 E.02193
G1 X87.025 Y90.533 E.0111
G1 X86.744 Y90.205 E.01432
G1 X85.523 Y89.55 E.04598
G1 X85.118 Y89.294 E.01589
G1 X88.111 Y89.294 E.0993
G1 X88.076 Y89.55 E.00857
G1 X88.144 Y89.878 E.0111
G1 X88.425 Y90.205 E.01432
G1 X89.647 Y90.86 E.04598
G1 X90.683 Y91.516 E.04067
G1 X91.33 Y92.171 E.03055
G1 X91.75 Y92.826 E.02581
G1 X92.042 Y93.481 E.02379
G1 X92.245 Y94.136 E.02276
G1 X92.334 Y94.791 E.02193
G1 X92.266 Y95.119 E.0111
G1 X91.985 Y95.447 E.01432
G1 X90.764 Y96.102 E.04598
G1 X89.728 Y96.757 E.04067
G1 X89.081 Y97.412 E.03055
G1 X88.661 Y98.067 E.02581
G1 X88.369 Y98.722 E.02379
G1 X88.166 Y99.378 E.02276
G1 X88.076 Y100.033 E.02193
G1 X88.144 Y100.36 E.0111
G1 X88.425 Y100.688 E.01432
G1 X89.647 Y101.343 E.04598
G1 X90.683 Y101.998 E.04067
G1 X91.33 Y102.653 E.03055
G1 X91.75 Y103.309 E.02581
G1 X92.042 Y103.964 E.02379
G1 X92.245 Y104.619 E.02276
G1 X92.334 Y105.274 E.02193
G1 X92.266 Y105.602 E.0111
G1 X91.985 Y105.929 E.01432
G1 X90.764 Y106.584 E.04598
G1 X89.728 Y107.24 E.04067
G1 X89.081 Y107.895 E.03055
G1 X88.661 Y108.55 E.02581
G1 X88.369 Y109.205 E.02379
G1 X88.166 Y109.86 E.02276
G1 X88.076 Y110.515 E.02193
G1 X88.144 Y110.843 E.0111
G1 X88.425 Y111.171 E.01432
G1 X89.647 Y111.826 E.04598
G1 X90.683 Y112.481 E.04067
G1 X91.33 Y113.136 E.03055
G1 X91.75 Y113.791 E.02581
G1 X92.042 Y114.446 E.02379
G1 X92.245 Y115.101 E.02276
G1 X92.334 Y115.757 E.02193
G1 X92.266 Y116.084 E.0111
G1 X91.985 Y116.412 E.01432
G1 X90.764 Y117.067 E.04598
G1 X89.728 Y117.722 E.04067
G1 X89.081 Y118.377 E.03055
G1 X88.661 Y119.032 E.02581
G1 X88.369 Y119.688 E.02379
G1 X88.166 Y120.343 E.02276
G1 X88.076 Y120.998 E.02193
G1 X88.144 Y121.326 E.0111
G1 X88.425 Y121.653 E.01432
G1 X89.647 Y122.308 E.04598
G1 X90.683 Y122.963 E.04067
G1 X91.33 Y123.619 E.03055
G1 X91.75 Y124.274 E.02581
G1 X92.042 Y124.929 E.02379
G1 X92.245 Y125.584 E.02276
G1 X92.334 Y126.239 E.02193
G1 X92.266 Y126.567 E.0111
G1 X91.985 Y126.894 E.01432
G1 X90.764 Y127.55 E.04598
G1 X89.728 Y128.205 E.04067
G1 X89.081 Y128.86 E.03055
G1 X88.661 Y129.515 E.02581
G1 X88.369 Y130.17 E.02379
G1 X88.203 Y130.706 E.01861
G1 X84.368 Y130.706 E.12719
G1 X83.839 Y130.17 E.02497
G1 X83.419 Y129.515 E.02581
G1 X83.128 Y128.86 E.02379
G1 X82.924 Y128.205 E.02276
G1 X82.835 Y127.55 E.02193
G1 X82.903 Y127.222 E.0111
G1 X83.184 Y126.894 E.01432
G1 X84.405 Y126.239 E.04598
G1 X85.442 Y125.584 E.04067
G1 X86.089 Y124.929 E.03055
G1 X86.509 Y124.274 E.02581
G1 X86.8 Y123.619 E.02379
G1 X87.004 Y122.963 E.02276
G1 X87.093 Y122.308 E.02193
G1 X87.025 Y121.981 E.0111
G1 X86.744 Y121.653 E.01432
G1 X85.523 Y120.998 E.04598
G1 X84.486 Y120.343 E.04067
G1 X83.839 Y119.688 E.03055
G1 X83.419 Y119.032 E.02581
G1 X83.296 Y118.756 E.01003
G1 X83.881 Y117.948 E.03309
G1 X84.387 Y117.134 E.03178
G1 X84.802 Y116.357 E.02924
G1 X85.22 Y115.434 E.03362
G1 X85.314 Y115.182 E.00892
G1 X85.442 Y115.101 E.00499
G1 X86.089 Y114.446 E.03055
G1 X86.509 Y113.791 E.02581
G1 X86.8 Y113.136 E.02379
G1 X87.004 Y112.481 E.02276
G1 X87.093 Y111.826 E.02193
G1 X87.025 Y111.498 E.0111
G1 X86.744 Y111.171 E.01432
G1 X86.262 Y110.912 E.01814
G1 X86.294 Y109.961 E.03157
G1 X86.271 Y109.285 E.02245
M205 X8 Y8
G1 X79.348 Y130.706 F7200
M205 X10 Y10
G1 F3000
G1 X77.72 Y130.706 E.05401
G1 X77.886 Y130.17 E.01861
G1 X78.178 Y129.515 E.02379
G1 X78.598 Y128.86 E.02581
G1 X79.245 Y128.205 E.03055
G1 X80.281 Y127.55 E.04067
G1 X81.503 Y126.894 E.04598
G1 X81.784 Y126.567 E.01432
G1 X81.852 Y126.239 E.0111
G1 X81.762 Y125.584 E.02193
G1 X81.559 Y124.929 E.02276
G1 X81.267 Y124.274 E.02379
G1 X80.847 Y123.619 E.02581
G1 X80.2 Y122.963 E.03055
G1 X79.21 Y122.338 E.03885
G1 X78.287 Y122.837 E.03482
G1 X77.506 Y123.191 E.02844
G1 X76.558 Y123.548 E.03361
G1 X76.317 Y123.62 E.00833
G1 X76.026 Y124.274 E.02375
G1 X75.606 Y124.929 E.02581
G1 X74.959 Y125.584 E.03055
G1 X73.923 Y126.239 E.04067
G1 X72.701 Y126.894 E.04598
G1 X72.42 Y127.222 E.01432
G1 X72.352 Y127.55 E.0111
G1 X72.442 Y128.205 E.02193
G1 X72.645 Y128.86 E.02276
G1 X72.937 Y129.515 E.02379
G1 X73.357 Y130.17 E.02581
G1 X73.886 Y130.706 E.02497
G1 X72.257 Y130.706 E.05401
M205 X8 Y8
G1 X72.385 Y124.281 F7200
M205 X10 Y10
G1 F3000
G1 X72 Y124.294 E.01279
G1 X71.026 Y124.26 E.03232
G1 X70.759 Y124.234 E.0089
G1 X71.076 Y124.929 E.02534
G1 X71.28 Y125.584 E.02276
G1 X71.369 Y126.239 E.02193
G1 X71.301 Y126.567 E.0111
G1 X71.02 Y126.894 E.01432
G1 X69.799 Y127.55 E.04598
G1 X68.762 Y128.205 E.04067
G1 X68.115 Y128.86 E.03055
G1 X67.695 Y129.515 E.02581
G1 X67.404 Y130.17 E.02379
G1 X67.237 Y130.706 E.01861
G1 X63.403 Y130.706 E.12719
G1 X62.874 Y130.17 E.02497
G1 X62.454 Y129.515 E.02581
G1 X62.162 Y128.86 E.02379
G1 X61.959 Y128.205 E.02276
G1 X61.87 Y127.55 E.02193
G1 X61.938 Y127.222 E.0111
G1 X62.219 Y126.894 E.01432
G1 X63.44 Y126.239 E.04598
G1 X64.476 Y125.584 E.04067
G1 X65.124 Y124.929 E.03055
G1 X65.543 Y124.274 E.02581
G1 X65.835 Y123.619 E.02379
G1 X66.034 Y122.979 E.02221
G1 X65.643 Y122.802 E.01422
G1 X64.887 Y122.398 E.02844
G1 X64.596 Y122.218 E.01136
G1 E-4.5 F2700
;WIPE_START
G1 F3000
G1 X64.887 Y122.398 E-.08131
G1 X65.643 Y122.802 E-.20361
G1 X66.034 Y122.979 E-.10181
G1 X65.923 Y123.334 E-.08827
;WIPE_END
G1 E-.025 F2700
M205 X8 Y8
G1 X72.901 Y120.24 Z1.6 F7200
G1 X121.655 Y98.623 Z1.6
G1 Z1.2
G1 E5 F2400
M205 X10 Y10
G1 F3000
G1 X121.494 Y98.451 E.00781
G1 X120.714 Y97.724 E.03537
G1 X120.461 Y97.517 E.01084
G1 X120.528 Y97.412 E.00413
G1 X121.175 Y96.757 E.03055
G1 X122.212 Y96.102 E.04067
G1 X123.433 Y95.447 E.04598
G1 X123.714 Y95.119 E.01432
G1 X123.782 Y94.791 E.0111
G1 X123.693 Y94.136 E.02193
G1 X123.489 Y93.481 E.02276
G1 X123.198 Y92.826 E.02379
G1 X122.778 Y92.171 E.02581
G1 X122.131 Y91.516 E.03055
G1 X121.094 Y90.86 E.04067
G1 X119.873 Y90.205 E.04598
G1 X119.592 Y89.878 E.01432
G1 X119.524 Y89.55 E.0111
G1 X119.559 Y89.294 E.00857
G1 X116.566 Y89.294 E.0993
G1 X116.971 Y89.55 E.01589
G1 X118.192 Y90.205 E.04598
G1 X118.473 Y90.533 E.01432
G1 X118.541 Y90.86 E.0111
G1 X118.452 Y91.516 E.02193
G1 X118.248 Y92.171 E.02276
G1 X117.956 Y92.826 E.02379
G1 X117.537 Y93.481 E.02581
G1 X116.889 Y94.136 E.03055
G1 X115.842 Y94.797 E.04109
G1 X115.274 Y94.584 E.02012
G1 X114.255 Y94.272 E.03537
G1 X113.174 Y94.02 E.03681
G1 X113.007 Y93.481 E.01871
G1 X112.715 Y92.826 E.02379
G1 X112.295 Y92.171 E.02581
G1 X111.648 Y91.516 E.03055
G1 X110.612 Y90.86 E.04067
G1 X109.39 Y90.205 E.04598
G1 X109.109 Y89.878 E.01432
G1 X109.042 Y89.55 E.0111
G1 X109.076 Y89.294 E.00857
G1 X106.083 Y89.294 E.0993
G1 X106.488 Y89.55 E.01589
G1 X107.709 Y90.205 E.04598
G1 X107.99 Y90.533 E.01432
G1 X108.058 Y90.86 E.0111
G1 X107.969 Y91.516 E.02193
G1 X107.765 Y92.171 E.02276
M73 P48 R22
G1 X107.474 Y92.826 E.02379
G1 X107.054 Y93.481 E.02581
G1 X106.433 Y94.11 E.02932
G1 X106.848 Y94.014 E.01413
G1 X108.036 Y93.829 E.03988
M205 X8 Y8
G1 X98.264 Y98.707 F7200
M205 X10 Y10
G1 F3000
G1 X98.451 Y98.506 E.0091
G1 X99.448 Y97.591 E.0449
G1 X99.563 Y97.412 E.00705
G1 X100.21 Y96.757 E.03055
G1 X101.247 Y96.102 E.04067
G1 X102.468 Y95.447 E.04598
G1 X102.749 Y95.119 E.01432
G1 X102.817 Y94.791 E.0111
G1 X102.728 Y94.136 E.02193
G1 X102.524 Y93.481 E.02276
G1 X102.233 Y92.826 E.02379
G1 X101.813 Y92.171 E.02581
G1 X101.166 Y91.516 E.03055
G1 X100.129 Y90.86 E.04067
G1 X98.908 Y90.205 E.04598
G1 X98.627 Y89.878 E.01432
G1 X98.559 Y89.55 E.0111
G1 X98.594 Y89.294 E.00857
G1 X95.6 Y89.294 E.0993
G1 X96.005 Y89.55 E.01589
G1 X97.227 Y90.205 E.04598
G1 X97.508 Y90.533 E.01432
G1 X97.576 Y90.86 E.0111
G1 X97.486 Y91.516 E.02193
G1 X97.283 Y92.171 E.02276
G1 X96.991 Y92.826 E.02379
G1 X96.571 Y93.481 E.02581
G1 X95.924 Y94.136 E.03055
G1 X94.888 Y94.791 E.04067
G1 X93.666 Y95.447 E.04598
G1 X93.385 Y95.774 E.01432
G1 X93.318 Y96.102 E.0111
G1 X93.407 Y96.757 E.02193
G1 X93.61 Y97.412 E.02276
G1 X93.902 Y98.067 E.02379
G1 X94.322 Y98.722 E.02581
G1 X94.969 Y99.378 E.03055
G1 X96.005 Y100.033 E.04067
G1 X96.803 Y100.461 E.03003
G1 X96.431 Y100.98 E.0212
G1 X95.885 Y101.859 E.03432
G1 X95.404 Y102.759 E.03383
G1 X94.932 Y103.801 E.03796
G1 X94.559 Y104.8 E.03537
G1 X94.323 Y105.577 E.02695
G1 X93.666 Y105.929 E.02471
G1 X93.385 Y106.257 E.01432
G1 X93.318 Y106.584 E.0111
G1 X93.407 Y107.24 E.02193
G1 X93.61 Y107.895 E.02276
G1 X93.8 Y108.322 E.01551
G1 X93.744 Y108.895 E.01912
G1 X93.706 Y110.039 E.03795
G1 X93.741 Y111.074 E.03434
G1 X93.841 Y112.088 E.03381
G1 X94.027 Y113.217 E.03796
G1 X94.272 Y114.255 E.03537
G1 X94.559 Y115.2 E.03278
G1 X94.788 Y115.81 E.02161
G1 X93.666 Y116.412 E.04222
G1 X93.385 Y116.739 E.01432
G1 X93.318 Y117.067 E.0111
G1 X93.407 Y117.722 E.02193
G1 X93.61 Y118.377 E.02276
G1 X93.902 Y119.032 E.02379
G1 X94.322 Y119.688 E.02581
G1 X94.969 Y120.343 E.03055
G1 X96.005 Y120.998 E.04067
G1 X97.227 Y121.653 E.04598
G1 X97.508 Y121.981 E.01432
G1 X97.576 Y122.308 E.0111
G1 X97.486 Y122.963 E.02193
G1 X97.283 Y123.619 E.02276
G1 X96.991 Y124.274 E.02379
G1 X96.571 Y124.929 E.02581
G1 X95.924 Y125.584 E.03055
G1 X94.888 Y126.239 E.04067
G1 X93.666 Y126.894 E.04598
G1 X93.385 Y127.222 E.01432
G1 X93.318 Y127.55 E.0111
G1 X93.407 Y128.205 E.02193
G1 X93.61 Y128.86 E.02276
G1 X93.902 Y129.515 E.02379
G1 X94.322 Y130.17 E.02581
G1 X94.851 Y130.706 E.02497
G1 X98.685 Y130.706 E.12719
G1 X98.852 Y130.17 E.01861
G1 X99.143 Y129.515 E.02379
G1 X99.563 Y128.86 E.02581
G1 X100.21 Y128.205 E.03055
G1 X101.247 Y127.55 E.04067
G1 X102.468 Y126.894 E.04598
G1 X102.749 Y126.567 E.01432
G1 X102.817 Y126.239 E.0111
G1 X102.728 Y125.584 E.02193
G1 X102.524 Y124.929 E.02276
G1 X102.256 Y124.328 E.02183
G1 X102.759 Y124.596 E.01889
G1 X103.801 Y125.068 E.03796
G1 X104.8 Y125.441 E.03537
G1 X105.745 Y125.728 E.03278
G1 X106.062 Y125.802 E.01079
G1 X105.37 Y126.239 E.02714
G1 X104.149 Y126.894 E.04598
G1 X103.868 Y127.222 E.01432
G1 X103.8 Y127.55 E.0111
G1 X103.889 Y128.205 E.02193
G1 X104.093 Y128.86 E.02276
G1 X104.385 Y129.515 E.02379
G1 X104.804 Y130.17 E.02581
G1 X105.333 Y130.706 E.02497
G1 X109.168 Y130.706 E.12719
G1 X109.334 Y130.17 E.01861
G1 X109.626 Y129.515 E.02379
G1 X110.046 Y128.86 E.02581
G1 X110.693 Y128.205 E.03055
G1 X111.729 Y127.55 E.04067
G1 X112.951 Y126.894 E.04598
G1 X113.232 Y126.567 E.01432
G1 X113.299 Y126.239 E.0111
G1 X113.262 Y125.961 E.00932
G1 X112.165 Y126.149 E.03689
G1 X111.652 Y126.201 E.01712
M205 X8 Y8
G1 X114.188 Y130.706 F7200
M205 X10 Y10
G1 F3000
G1 X115.816 Y130.706 E.05401
G1 X115.287 Y130.17 E.02497
G1 X114.867 Y129.515 E.02581
G1 X114.576 Y128.86 E.02379
G1 X114.372 Y128.205 E.02276
G1 X114.283 Y127.55 E.02193
G1 X114.351 Y127.222 E.0111
G1 X114.632 Y126.894 E.01432
G1 X115.853 Y126.239 E.04598
G1 X116.889 Y125.584 E.04067
G1 X117.537 Y124.929 E.03055
G1 X117.991 Y124.195 E.02864
G1 X119.085 Y123.526 E.04252
G1 X119.95 Y122.903 E.03537
G1 X120.83 Y122.167 E.03807
G1 X121.094 Y122.308 E.00994
G1 X122.131 Y122.963 E.04067
G1 X122.778 Y123.619 E.03055
G1 X123.198 Y124.274 E.02581
G1 X123.489 Y124.929 E.02379
G1 X123.693 Y125.584 E.02276
G1 X123.782 Y126.239 E.02193
G1 X123.714 Y126.567 E.0111
G1 X123.433 Y126.894 E.01432
G1 X122.212 Y127.55 E.04598
G1 X121.175 Y128.205 E.04067
G1 X120.528 Y128.86 E.03055
G1 X120.108 Y129.515 E.02581
G1 X119.817 Y130.17 E.02379
G1 X119.651 Y130.706 E.01861
G1 X121.279 Y130.706 E.05401
G1 E-4.5 F2700
;WIPE_START
G1 F3000
G1 X119.651 Y130.706 E-.38673
G1 X119.761 Y130.351 E-.08827
;WIPE_END
G1 E-.025 F2700
M205 X8 Y8
G1 X127.12 Y128.327 Z1.6 F7200
G1 X164.416 Y118.068 Z1.6
G1 Z1.2
G1 E5 F2400
M205 X10 Y10
G1 F3000
G1 X164.916 Y116.965 E.04017
G1 X165.062 Y116.574 E.01385
G1 X165.364 Y116.412 E.01135
G1 X165.645 Y116.084 E.01432
G1 X165.712 Y115.757 E.0111
G1 X165.623 Y115.101 E.02193
G1 X165.591 Y114.999 E.00356
G1 X165.66 Y114.772 E.00785
G1 X165.948 Y113.542 E.0419
G1 X166.132 Y112.427 E.03752
G1 X166.252 Y111.235 E.03971
G1 X166.294 Y110 E.04101
G1 X166.252 Y108.765 E.04101
G1 X166.132 Y107.573 E.03971
G1 X165.95 Y106.469 E.03712
G1 X165.693 Y105.368 E.0375
G1 X165.712 Y105.274 E.0032
G1 X165.623 Y104.619 E.02193
G1 X165.42 Y103.964 E.02276
G1 X165.128 Y103.309 E.02379
G1 X164.826 Y102.837 E.01857
G1 X164.39 Y101.874 E.03508
G1 X163.862 Y100.887 E.03712
G1 X163.232 Y99.869 E.03971
G1 X162.489 Y98.833 E.0423
G1 X161.976 Y98.209 E.02679
G1 X162.039 Y98.067 E.00516
G1 X162.459 Y97.412 E.02581
G1 X163.106 Y96.757 E.03055
G1 X164.142 Y96.102 E.04067
G1 X165.364 Y95.447 E.04598
G1 X165.645 Y95.119 E.01432
G1 X165.712 Y94.791 E.0111
G1 X165.623 Y94.136 E.02193
G1 X165.42 Y93.481 E.02276
G1 X165.128 Y92.826 E.02379
G1 X164.708 Y92.171 E.02581
G1 X164.061 Y91.516 E.03055
G1 X163.025 Y90.86 E.04067
G1 X161.803 Y90.205 E.04598
G1 X161.522 Y89.878 E.01432
G1 X161.455 Y89.55 E.0111
G1 X161.489 Y89.294 E.00857
G1 X158.496 Y89.294 E.0993
G1 X158.901 Y89.55 E.01589
G1 X160.122 Y90.205 E.04598
G1 X160.403 Y90.533 E.01432
G1 X160.471 Y90.86 E.0111
G1 X160.382 Y91.516 E.02193
G1 X160.179 Y92.171 E.02276
G1 X159.887 Y92.826 E.02379
G1 X159.467 Y93.481 E.02581
G1 X158.82 Y94.136 E.03055
G1 X157.974 Y94.671 E.03319
G1 X157.113 Y94.138 E.0336
G1 X156.126 Y93.61 E.03712
G1 X154.965 Y93.084 E.0423
G1 X154.72 Y92.992 E.00867
G1 X154.646 Y92.826 E.00605
G1 X154.226 Y92.171 E.02581
G1 X153.579 Y91.516 E.03055
G1 X152.542 Y90.86 E.04067
G1 X151.321 Y90.205 E.04598
G1 X151.04 Y89.878 E.01432
G1 X150.972 Y89.55 E.0111
G1 X151.007 Y89.294 E.00857
G1 X148.013 Y89.294 E.0993
G1 X148.418 Y89.55 E.01589
G1 X149.64 Y90.205 E.04598
G1 X149.921 Y90.533 E.01432
G1 X149.989 Y90.86 E.0111
G1 X149.899 Y91.516 E.02193
G1 X149.81 Y91.805 E.01004
G1 X149.235 Y91.748 E.01914
G1 X147.961 Y91.706 E.0423
G1 X146.765 Y91.748 E.03971
G1 X145.651 Y91.858 E.03712
G1 X144.458 Y92.052 E.0401
G1 X143.769 Y92.212 E.02344
G1 X143.096 Y91.516 E.03213
G1 X142.06 Y90.86 E.04067
G1 X140.838 Y90.205 E.04598
G1 X140.557 Y89.878 E.01432
G1 X140.489 Y89.55 E.0111
G1 X140.524 Y89.294 E.00857
G1 X137.531 Y89.294 E.0993
G1 X137.936 Y89.55 E.01589
G1 X139.157 Y90.205 E.04598
G1 X139.438 Y90.533 E.01432
G1 X139.506 Y90.86 E.0111
G1 X139.417 Y91.516 E.02193
G1 X139.213 Y92.171 E.02276
G1 X138.922 Y92.826 E.02379
G1 X138.502 Y93.481 E.02581
G1 X137.855 Y94.136 E.03055
G1 X136.818 Y94.791 E.04067
G1 X135.597 Y95.447 E.04598
G1 X135.316 Y95.774 E.01432
G1 X135.248 Y96.102 E.0111
G1 X135.35 Y96.799 E.02336
G1 X135.037 Y97.092 E.01424
G1 X134.272 Y97.909 E.03712
G1 X133.511 Y98.833 E.03971
G1 X132.794 Y99.829 E.04073
G1 X132.158 Y100.851 E.03991
G1 X131.814 Y101.493 E.02416
G1 X131.577 Y101.343 E.00931
G1 X130.356 Y100.688 E.04598
G1 X130.075 Y100.36 E.01432
G1 X130.007 Y100.033 E.0111
G1 X130.096 Y99.378 E.02193
G1 X130.299 Y98.722 E.02276
G1 X130.591 Y98.067 E.02379
G1 X131.011 Y97.412 E.02581
G1 X131.658 Y96.757 E.03055
G1 X132.694 Y96.102 E.04067
G1 X133.916 Y95.447 E.04598
G1 X134.197 Y95.119 E.01432
G1 X134.265 Y94.791 E.0111
G1 X134.175 Y94.136 E.02193
G1 X133.972 Y93.481 E.02276
G1 X133.68 Y92.826 E.02379
G1 X133.261 Y92.171 E.02581
G1 X132.613 Y91.516 E.03055
G1 X131.577 Y90.86 E.04067
G1 X130.356 Y90.205 E.04598
G1 X130.075 Y89.878 E.01432
G1 X130.007 Y89.55 E.0111
G1 X130.042 Y89.294 E.00857
G1 X127.048 Y89.294 E.0993
G1 X127.453 Y89.55 E.01589
G1 X128.675 Y90.205 E.04598
G1 X128.956 Y90.533 E.01432
G1 X129.023 Y90.86 E.0111
G1 X128.934 Y91.516 E.02193
G1 X128.731 Y92.171 E.02276
G1 X128.439 Y92.826 E.02379
G1 X128.019 Y93.481 E.02581
G1 X127.372 Y94.136 E.03055
G1 X126.336 Y94.791 E.04067
G1 X125.114 Y95.447 E.04598
G1 X124.833 Y95.774 E.01432
G1 X124.765 Y96.102 E.0111
G1 X124.855 Y96.757 E.02193
G1 X125.058 Y97.412 E.02276
G1 X125.35 Y98.067 E.02379
G1 X125.77 Y98.722 E.02581
G1 X126.417 Y99.378 E.03055
G1 X127.453 Y100.033 E.04067
G1 X128.675 Y100.688 E.04598
G1 X128.956 Y101.015 E.01432
G1 X129.023 Y101.343 E.0111
G1 X128.934 Y101.998 E.02193
G1 X128.731 Y102.653 E.02276
G1 X128.439 Y103.309 E.02379
G1 X128.019 Y103.964 E.02581
G1 X127.372 Y104.619 E.03055
G1 X126.336 Y105.274 E.04067
G1 X125.69 Y105.62 E.02429
G1 X125.973 Y106.783 E.03969
G1 X126.159 Y107.912 E.03796
G1 X126.258 Y108.922 E.03365
G1 X126.286 Y109.727 E.02675
G1 X126.417 Y109.86 E.00619
G1 X127.453 Y110.515 E.04067
G1 X128.675 Y111.171 E.04598
G1 X128.956 Y111.498 E.01432
G1 X129.023 Y111.826 E.0111
G1 X128.934 Y112.481 E.02193
G1 X128.731 Y113.136 E.02276
G1 X128.439 Y113.791 E.02379
G1 X128.019 Y114.446 E.02581
G1 X127.372 Y115.101 E.03055
G1 X126.336 Y115.757 E.04067
G1 X125.114 Y116.412 E.04598
G1 X124.833 Y116.739 E.01432
G1 X124.765 Y117.067 E.0111
G1 X124.855 Y117.722 E.02193
G1 X125.058 Y118.377 E.02276
G1 X125.35 Y119.032 E.02379
G1 X125.77 Y119.688 E.02581
G1 X126.417 Y120.343 E.03055
G1 X127.453 Y120.998 E.04067
G1 X128.675 Y121.653 E.04598
G1 X128.956 Y121.981 E.01432
G1 X129.023 Y122.308 E.0111
G1 X128.934 Y122.963 E.02193
G1 X128.731 Y123.619 E.02276
G1 X128.439 Y124.274 E.02379
G1 X128.019 Y124.929 E.02581
G1 X127.372 Y125.584 E.03055
G1 X126.336 Y126.239 E.04067
G1 X125.114 Y126.894 E.04598
G1 X124.833 Y127.222 E.01432
G1 X124.765 Y127.55 E.0111
G1 X124.855 Y128.205 E.02193
G1 X125.058 Y128.86 E.02276
G1 X125.35 Y129.515 E.02379
G1 X125.77 Y130.17 E.02581
G1 X126.299 Y130.706 E.02497
G1 X130.133 Y130.706 E.12719
G1 X130.299 Y130.17 E.01861
G1 X130.591 Y129.515 E.02379
G1 X131.011 Y128.86 E.02581
G1 X131.658 Y128.205 E.03055
G1 X132.694 Y127.55 E.04067
G1 X133.916 Y126.894 E.04598
G1 X134.197 Y126.567 E.01432
G1 X134.265 Y126.239 E.0111
G1 X134.175 Y125.584 E.02193
G1 X133.972 Y124.929 E.02276
G1 X133.68 Y124.274 E.02379
G1 X133.261 Y123.619 E.02581
G1 X132.613 Y122.963 E.03055
G1 X131.577 Y122.308 E.04067
G1 X130.356 Y121.653 E.04598
G1 X130.075 Y121.326 E.01432
G1 X130.007 Y120.998 E.0111
G1 X130.096 Y120.343 E.02193
G1 X130.299 Y119.688 E.02276
G1 X130.591 Y119.032 E.02379
G1 X131.011 Y118.377 E.02581
G1 X131.499 Y117.883 E.02305
G1 X131.608 Y118.122 E.00872
G1 X132.138 Y119.113 E.03726
G1 X132.794 Y120.171 E.04128
G1 X133.463 Y121.105 E.03814
G1 X134.22 Y122.032 E.03971
G1 X135.092 Y122.963 E.0423
G1 X135.968 Y123.78 E.03971
G1 X136.833 Y124.49 E.03712
G1 X137.869 Y125.232 E.0423
G1 X138.076 Y125.36 E.00806
G1 X137.855 Y125.584 E.01044
G1 X136.818 Y126.239 E.04067
G1 X135.597 Y126.894 E.04598
G1 X135.316 Y127.222 E.01432
G1 X135.248 Y127.55 E.0111
G1 X135.337 Y128.205 E.02193
G1 X135.541 Y128.86 E.02276
G1 X135.832 Y129.515 E.02379
G1 X136.252 Y130.17 E.02581
G1 X136.781 Y130.706 E.02497
G1 X140.616 Y130.706 E.12719
G1 X140.782 Y130.17 E.01861
G1 X141.074 Y129.515 E.02379
G1 X141.494 Y128.86 E.02581
G1 X142.141 Y128.205 E.03055
G1 X143.076 Y127.614 E.03669
G1 X144.469 Y127.95 E.04755
G1 X145.573 Y128.132 E.03712
G1 X145.813 Y128.156 E.008
G1 X146.023 Y128.86 E.02437
G1 X146.315 Y129.515 E.02379
G1 X146.735 Y130.17 E.02581
G1 X147.264 Y130.706 E.02497
G1 X151.098 Y130.706 E.12719
G1 X151.265 Y130.17 E.01861
G1 X151.556 Y129.515 E.02379
G1 X151.976 Y128.86 E.02581
G1 X152.623 Y128.205 E.03055
G1 X153.66 Y127.55 E.04067
G1 X154.567 Y127.063 E.03417
G1 X155.037 Y126.886 E.01664
G1 X156.062 Y126.419 E.03738
M205 X8 Y8
G1 X156.118 Y130.706 F7200
M205 X10 Y10
G1 F3000
G1 X157.747 Y130.706 E.05401
G1 X157.217 Y130.17 E.02497
G1 X156.798 Y129.515 E.02581
G1 X156.506 Y128.86 E.02379
G1 X156.303 Y128.205 E.02276
G1 X156.213 Y127.55 E.02193
G1 X156.281 Y127.222 E.0111
G1 X156.562 Y126.894 E.01432
G1 X157.784 Y126.239 E.04598
G1 X158.82 Y125.584 E.04067
G1 X159.467 Y124.929 E.03055
G1 X159.887 Y124.274 E.02581
G1 X160.16 Y123.661 E.02227
G1 X160.936 Y122.936 E.03522
G1 X161.728 Y122.091 E.03842
G1 X162.001 Y121.759 E.01426
G1 X163.025 Y122.308 E.03852
G1 X164.061 Y122.963 E.04067
G1 X164.708 Y123.619 E.03055
G1 X165.128 Y124.274 E.02581
G1 X165.42 Y124.929 E.02379
G1 X165.623 Y125.584 E.02276
G1 X165.712 Y126.239 E.02193
G1 X165.645 Y126.567 E.0111
G1 X165.364 Y126.894 E.01432
G1 X164.142 Y127.55 E.04598
G1 X163.106 Y128.205 E.04067
G1 X162.459 Y128.86 E.03055
G1 X162.039 Y129.515 E.02581
G1 X161.747 Y130.17 E.02379
G1 X161.581 Y130.706 E.01861
G1 X168.229 Y130.706 E.22053
G1 X167.7 Y130.17 E.02497
G1 X167.28 Y129.515 E.02581
G1 X166.989 Y128.86 E.02379
G1 X166.785 Y128.205 E.02276
G1 X166.696 Y127.55 E.02193
G1 X166.764 Y127.222 E.0111
G1 X167.045 Y126.894 E.01432
G1 X168.266 Y126.239 E.04598
G1 X168.706 Y125.961 E.01726
G1 X168.706 Y120.57 E.17885
G1 X168.347 Y120.343 E.01408
G1 X167.7 Y119.688 E.03055
G1 X167.28 Y119.032 E.02581
G1 X166.989 Y118.377 E.02379
G1 X166.785 Y117.722 E.02276
G1 X166.696 Y117.067 E.02193
G1 X166.764 Y116.739 E.0111
G1 X167.045 Y116.412 E.01432
G1 X168.266 Y115.757 E.04598
G1 X168.706 Y115.479 E.01726
G1 X168.706 Y110.087 E.17885
G1 X168.347 Y109.86 E.01408
G1 X167.7 Y109.205 E.03055
G1 X167.28 Y108.55 E.02581
G1 X166.989 Y107.895 E.02379
G1 X166.785 Y107.24 E.02276
G1 X166.696 Y106.584 E.02193
G1 X166.764 Y106.257 E.0111
G1 X167.045 Y105.929 E.01432
G1 X168.266 Y105.274 E.04598
G1 X168.706 Y104.996 E.01726
G1 X168.706 Y99.604 E.17885
G1 X168.347 Y99.378 E.01408
G1 X167.7 Y98.722 E.03055
G1 X167.28 Y98.067 E.02581
G1 X166.989 Y97.412 E.02379
G1 X166.785 Y96.757 E.02276
G1 X166.696 Y96.102 E.02193
G1 X166.764 Y95.774 E.0111
G1 X167.045 Y95.447 E.01432
G1 X168.266 Y94.791 E.04598
G1 X168.706 Y94.513 E.01726
G1 X168.706 Y92.885 E.05401
; stop printing object V7_00_pH_fit_gauge_26_30_34.stl id:0 copy 0
;TIME_ELAPSED:1274.296875

;LAYER_CHANGE
;:1.4
;HEIGHT:0.2
;BEFORE_LAYER_CHANGE
;1.4
G92 E0
;TIME_ELAPSED:1315.033203
G1 E-4.5 F2700
;WIPE_START
G1 F3000
G1 X168.706 Y94.513 E-.38673
G1 X168.392 Y94.712 E-.08827
;WIPE_END
G1 E-.025 F2700
;_SET_FAN_SPEED_CHANGING_LAYER
; OBJECT_ID: 15
; printing object V7_00_pH_fit_gauge_26_30_34.stl id:0 copy 0
M205 X8 Y8
G17
G3 Z1.6 I-1.217 J.02 P1  F7200
G1 X168.991 Y130.991 Z1.6
G1 Z1.4
G1 E5 F2400
M205 X10 Y10
;TYPE:Inner wall
;WIDTH:0.449999
G1 F2700
G1 X51.009 Y130.991 E3.91366
G1 X51.009 Y89.009 E1.39261
G1 X168.991 Y89.009 E3.91366
G1 X168.991 Y130.951 E1.39128
M205 X8 Y8
G1 X169.398 Y131.398 F7200
M205 X10 Y10
G1 F2700
G1 X50.602 Y131.398 E3.94067
G1 X50.602 Y88.602 E1.41961
M73 P49 R22
G1 X169.398 Y88.602 E3.94067
G1 X169.398 Y131.358 E1.41829
M205 X8 Y8
G1 X169.79 Y131.79 F7200
M205 X10 Y10
;TYPE:Outer wall
;WIDTH:0.419999
G1 F2400
G1 X50.21 Y131.79 E3.67435
G1 X50.21 Y88.21 E1.33909
G1 X169.79 Y88.21 E3.67435
G1 X169.79 Y131.75 E1.33786
G1 E-4.5 F2700
;WIPE_START
G1 F2400
G1 X167.79 Y131.751 E-.475
;WIPE_END
G1 E-.025 F2700
M205 X8 Y8
G1 X161.557 Y127.345 Z1.8 F7200
G1 X130.578 Y105.45 Z1.8
G1 Z1.4
G1 E5 F2400
M205 X10 Y10
;TYPE:Inner wall
;WIDTH:0.449999
G1 F2700
G1 X130.597 Y105.37 E.00273
G1 X130.937 Y104.242 E.03909
G1 X131.35 Y103.138 E.03909
G1 X131.567 Y102.654 E.0176
G1 X131.834 Y102.064 E.02149
G1 X132.388 Y101.024 E.03909
G1 X133.008 Y100.022 E.03909
G1 X133.711 Y99.037 E.04014
G1 X134.46 Y98.125 E.03912
G1 X135.265 Y97.265 E.03909
G1 X136.125 Y96.46 E.03909
G1 X137.036 Y95.712 E.0391
G1 X137.994 Y95.025 E.03909
G1 X138.995 Y94.403 E.03909
G1 X140.034 Y93.848 E.03909
G1 X141.108 Y93.361 E.03909
G1 X142.211 Y92.946 E.03909
G1 X143.339 Y92.604 E.03909
G1 X144.486 Y92.336 E.03909
G1 X145.649 Y92.144 E.03909
G1 X146.822 Y92.029 E.03909
G1 X148 Y91.99 E.03909
G1 X149.178 Y92.029 E.03909
G1 X150.351 Y92.144 E.03909
G1 X151.514 Y92.336 E.03909
G1 X152.661 Y92.604 E.03909
G1 X153.789 Y92.946 E.03909
G1 X154.892 Y93.361 E.03909
G1 X155.965 Y93.848 E.03909
G1 X157.005 Y94.403 E.03909
G1 X158.006 Y95.025 E.03909
G1 X158.964 Y95.712 E.03909
G1 X159.875 Y96.46 E.03909
G1 X160.735 Y97.265 E.03909
G1 X161.54 Y98.125 E.03909
G1 X162.288 Y99.036 E.03909
G1 X162.975 Y99.994 E.03909
G1 X163.597 Y100.995 E.03909
G1 X164.152 Y102.034 E.03909
G1 X164.639 Y103.108 E.03909
M73 P49 R21
G1 X165.054 Y104.211 E.03909
G1 X165.396 Y105.339 E.03909
G1 X165.664 Y106.486 E.03909
G1 X165.856 Y107.649 E.03909
G1 X165.971 Y108.822 E.03909
G1 X166.01 Y110 E.03909
G1 X165.971 Y111.178 E.03909
G1 X165.856 Y112.351 E.03909
G1 X165.664 Y113.514 E.03909
G1 X165.396 Y114.661 E.03909
G1 X165.054 Y115.789 E.03909
G1 X164.639 Y116.892 E.03909
G1 X164.152 Y117.965 E.03909
G1 X163.597 Y119.005 E.03909
G1 X162.975 Y120.006 E.03909
G1 X162.288 Y120.964 E.03909
G1 X161.54 Y121.875 E.03909
G1 X160.735 Y122.735 E.03909
G1 X159.875 Y123.54 E.03909
G1 X158.964 Y124.288 E.03909
G1 X158.006 Y124.975 E.03909
G1 X157.005 Y125.597 E.03909
G1 X155.965 Y126.152 E.03909
G1 X154.892 Y126.639 E.03909
G1 X153.789 Y127.054 E.03909
G1 X152.661 Y127.396 E.03909
G1 X151.514 Y127.664 E.03909
G1 X150.351 Y127.856 E.03909
G1 X149.178 Y127.971 E.03909
G1 X148 Y128.01 E.03909
G1 X146.822 Y127.971 E.03909
G1 X145.649 Y127.856 E.03909
G1 X144.486 Y127.664 E.03909
G1 X143.339 Y127.396 E.03909
G1 X142.211 Y127.054 E.03909
G1 X141.108 Y126.639 E.03909
G1 X140.034 Y126.152 E.03909
G1 X138.995 Y125.597 E.03909
G1 X137.994 Y124.975 E.03909
G1 X137.036 Y124.288 E.03909
G1 X136.125 Y123.54 E.03909
G1 X135.265 Y122.735 E.03909
G1 X134.46 Y121.875 E.03909
G1 X133.732 Y120.989 E.03802
G1 X133.24 Y120.305 E.02796
G1 X132.539 Y119.223 E.04273
G1 X132.026 Y118.3 E.03504
G1 X131.35 Y116.862 E.05273
G1 X130.957 Y115.819 E.03695
G1 X130.597 Y114.63 E.04123
G1 X130.344 Y113.545 E.03695
G1 X130.15 Y112.383 E.03909
G1 X130.032 Y111.21 E.03909
G1 X129.991 Y110.032 E.03909
G1 X130.024 Y108.985 E.03475
G1 X130.115 Y107.942 E.03472
G1 X130.267 Y106.909 E.03466
G1 X130.476 Y105.888 E.03456
G1 X130.569 Y105.489 E.01358
M205 X8 Y8
G1 X130.974 Y105.543 F7200
M205 X10 Y10
G1 F2700
G1 X130.993 Y105.463 E.00273
G1 X131.206 Y104.756 E.02448
G1 X131.443 Y104.047 E.0248
G1 X131.731 Y103.282 E.02713
G1 X132.205 Y102.232 E.03821
G1 X132.747 Y101.216 E.03821
G1 X133.354 Y100.237 E.03821
G1 X134.035 Y99.285 E.03883
G1 X134.766 Y98.394 E.03822
G1 X135.553 Y97.553 E.03821
G1 X136.394 Y96.766 E.03821
G1 X137.284 Y96.035 E.03821
G1 X138.221 Y95.364 E.03821
G1 X139.199 Y94.756 E.03821
G1 X140.215 Y94.213 E.03821
G1 X141.264 Y93.738 E.03821
G1 X142.342 Y93.332 E.03821
G1 X143.444 Y92.997 E.03821
G1 X144.566 Y92.736 E.03821
G1 X145.702 Y92.548 E.03821
G1 X146.849 Y92.435 E.03821
G1 X148 Y92.398 E.03821
G1 X149.151 Y92.435 E.03821
G1 X150.298 Y92.548 E.03821
G1 X151.434 Y92.736 E.03821
G1 X152.556 Y92.997 E.03821
G1 X153.658 Y93.332 E.03821
G1 X154.736 Y93.737 E.03821
G1 X155.785 Y94.213 E.03821
G1 X156.801 Y94.756 E.03821
G1 X157.779 Y95.364 E.03821
G1 X158.716 Y96.035 E.03821
G1 X159.606 Y96.766 E.03821
G1 X160.447 Y97.553 E.03821
G1 X161.234 Y98.394 E.03821
G1 X161.965 Y99.284 E.03821
G1 X162.636 Y100.221 E.03821
G1 X163.244 Y101.199 E.03821
G1 X163.787 Y102.215 E.03821
G1 X164.263 Y103.264 E.03821
G1 X164.668 Y104.342 E.03821
G1 X165.003 Y105.444 E.03821
G1 X165.264 Y106.566 E.03821
G1 X165.452 Y107.702 E.03821
G1 X165.565 Y108.849 E.03821
G1 X165.602 Y110 E.03821
G1 X165.565 Y111.151 E.03821
G1 X165.452 Y112.298 E.03821
G1 X165.264 Y113.434 E.03821
G1 X165.003 Y114.556 E.03821
G1 X164.668 Y115.658 E.03821
G1 X164.263 Y116.736 E.03821
G1 X163.787 Y117.785 E.03821
G1 X163.244 Y118.801 E.03821
G1 X162.636 Y119.779 E.03821
G1 X161.965 Y120.716 E.03821
G1 X161.234 Y121.606 E.03821
G1 X160.447 Y122.447 E.03821
G1 X159.606 Y123.234 E.03821
G1 X158.716 Y123.965 E.03821
G1 X157.779 Y124.636 E.03821
G1 X156.801 Y125.244 E.03821
G1 X155.785 Y125.787 E.03821
G1 X154.736 Y126.262 E.03821
G1 X153.658 Y126.668 E.03821
G1 X152.556 Y127.003 E.03821
G1 X151.434 Y127.264 E.03821
G1 X150.298 Y127.452 E.03821
G1 X149.151 Y127.565 E.03821
G1 X148 Y127.602 E.03821
G1 X146.849 Y127.565 E.03821
G1 X145.702 Y127.452 E.03821
G1 X144.566 Y127.264 E.03821
G1 X143.444 Y127.003 E.03821
G1 X142.342 Y126.668 E.03821
G1 X141.264 Y126.263 E.03821
G1 X140.215 Y125.787 E.03821
G1 X139.199 Y125.244 E.03821
G1 X138.221 Y124.636 E.03821
G1 X137.284 Y123.965 E.03821
G1 X136.394 Y123.234 E.03821
G1 X135.553 Y122.447 E.03821
G1 X134.766 Y121.606 E.03821
G1 X134.047 Y120.73 E.03758
G1 X133.571 Y120.068 E.02708
G1 X132.885 Y119.009 E.04185
G1 X132.385 Y118.108 E.03415
G1 X131.731 Y116.718 E.05096
G1 X131.338 Y115.676 E.03695
G1 X130.926 Y114.248 E.0493
G1 X130.74 Y113.453 E.0271
G1 X130.551 Y112.316 E.03821
G1 X130.437 Y111.17 E.03821
G1 X130.398 Y110.019 E.03821
G1 X130.43 Y108.999 E.03387
G1 X130.521 Y107.982 E.03384
G1 X130.668 Y106.975 E.03378
G1 X130.872 Y105.98 E.03368
G1 X130.965 Y105.582 E.01358
M205 X8 Y8
G1 X131.356 Y105.632 F7200
M205 X10 Y10
;TYPE:Outer wall
;WIDTH:0.419999
G1 F2400
G1 X131.375 Y105.552 E.00253
G1 X131.581 Y104.87 E.02189
G1 X131.81 Y104.185 E.02218
G1 X132.098 Y103.42 E.02513
G1 X132.562 Y102.394 E.0346
G1 X133.093 Y101.4 E.0346
G1 X133.687 Y100.444 E.0346
G1 X134.346 Y99.523 E.03479
G1 X135.061 Y98.653 E.03461
G1 X135.831 Y97.831 E.0346
G1 X136.653 Y97.061 E.0346
G1 X137.523 Y96.346 E.03461
G1 X138.439 Y95.69 E.03461
G1 X139.395 Y95.096 E.0346
G1 X140.388 Y94.565 E.0346
G1 X141.414 Y94.1 E.0346
G1 X142.468 Y93.703 E.0346
G1 X143.546 Y93.376 E.03461
G1 X144.642 Y93.121 E.0346
G1 X145.754 Y92.937 E.03461
G1 X146.874 Y92.827 E.0346
G1 X148 Y92.79 E.0346
G1 X149.126 Y92.827 E.03461
G1 X150.246 Y92.937 E.0346
G1 X151.358 Y93.121 E.03461
G1 X152.454 Y93.376 E.0346
G1 X153.532 Y93.703 E.0346
G1 X154.586 Y94.1 E.0346
G1 X155.612 Y94.565 E.03461
G1 X156.605 Y95.096 E.0346
G1 X157.561 Y95.69 E.03461
G1 X158.477 Y96.346 E.0346
G1 X159.347 Y97.061 E.03461
G1 X160.169 Y97.831 E.0346
G1 X160.939 Y98.653 E.0346
G1 X161.654 Y99.523 E.0346
G1 X162.31 Y100.439 E.03461
G1 X162.904 Y101.395 E.0346
G1 X163.435 Y102.388 E.0346
G1 X163.9 Y103.414 E.03461
G1 X164.297 Y104.468 E.0346
G1 X164.624 Y105.546 E.0346
G1 X164.879 Y106.642 E.03461
G1 X165.063 Y107.754 E.03461
G1 X165.173 Y108.874 E.0346
G1 X165.21 Y110 E.0346
G1 X165.173 Y111.126 E.0346
G1 X165.063 Y112.246 E.0346
G1 X164.879 Y113.358 E.03461
G1 X164.624 Y114.454 E.0346
G1 X164.297 Y115.532 E.0346
G1 X163.9 Y116.586 E.03461
G1 X163.435 Y117.612 E.0346
G1 X162.904 Y118.605 E.0346
G1 X162.31 Y119.561 E.0346
G1 X161.654 Y120.477 E.03461
G1 X160.939 Y121.347 E.0346
G1 X160.169 Y122.169 E.0346
G1 X159.347 Y122.939 E.0346
G1 X158.477 Y123.654 E.03461
G1 X157.561 Y124.31 E.0346
G1 X156.605 Y124.904 E.03461
G1 X155.612 Y125.435 E.0346
G1 X154.586 Y125.9 E.0346
G1 X153.532 Y126.297 E.03461
G1 X152.454 Y126.624 E.0346
G1 X151.358 Y126.879 E.0346
G1 X150.246 Y127.063 E.03461
G1 X149.126 Y127.173 E.0346
G1 X148 Y127.21 E.0346
G1 X146.874 Y127.173 E.03461
G1 X145.754 Y127.063 E.0346
G1 X144.642 Y126.879 E.03461
G1 X143.546 Y126.624 E.0346
G1 X142.468 Y126.297 E.03461
G1 X141.414 Y125.9 E.0346
G1 X140.388 Y125.435 E.03461
G1 X139.395 Y124.904 E.0346
G1 X138.439 Y124.31 E.0346
G1 X137.523 Y123.654 E.0346
G1 X136.653 Y122.939 E.03461
G1 X135.831 Y122.169 E.0346
G1 X135.061 Y121.347 E.0346
G1 X134.35 Y120.482 E.03441
G1 X133.889 Y119.839 E.0243
G1 X133.218 Y118.801 E.03798
G1 X132.731 Y117.923 E.03085
G1 X132.295 Y117.016 E.03093
G1 X131.911 Y116.084 E.03099
G1 X131.705 Y115.538 E.01792
G1 X131.308 Y114.159 E.04409
G1 X131.122 Y113.364 E.0251
G1 X130.938 Y112.252 E.0346
G1 X130.827 Y111.132 E.0346
G1 X130.79 Y110.006 E.0346
G1 X130.822 Y109.011 E.03058
G1 X130.911 Y108.021 E.03056
G1 X131.055 Y107.039 E.0305
G1 X131.254 Y106.069 E.03041
G1 X131.347 Y105.671 E.01258
G1 E-4.5 F2700
;WIPE_START
G1 F2400
G1 X131.375 Y105.552 E-.02904
G1 X131.581 Y104.87 E-.16916
G1 X131.81 Y104.185 E-.17147
G1 X131.966 Y103.77 E-.10533
;WIPE_END
G1 E-.025 F2700
M205 X8 Y8
G1 X127.914 Y110.238 Z1.8 F7200
G1 X125.457 Y114.161 Z1.8
G1 Z1.4
G1 E5 F2400
M205 X10 Y10
;TYPE:Inner wall
;WIDTH:0.449999
G1 F2700
G1 X125.149 Y115.176 E.03518
G1 X124.802 Y116.096 E.03261
G1 X124.343 Y117.109 E.03689
G1 X123.878 Y117.979 E.03273
G1 X123.443 Y118.683 E.02746
G1 X122.775 Y119.643 E.03878
G1 X122.057 Y120.531 E.03787
G1 X121.343 Y121.297 E.03475
G1 X120.58 Y122.015 E.03475
G1 X119.771 Y122.681 E.03475
G1 X118.921 Y123.293 E.03475
G1 X118.032 Y123.848 E.03475
G1 X117.109 Y124.343 E.03475
G1 X116.156 Y124.778 E.03475
G1 X115.176 Y125.149 E.03475
G1 X114.175 Y125.455 E.03475
G1 X113.155 Y125.695 E.03475
G1 X112.122 Y125.867 E.03475
G1 X111.079 Y125.972 E.03475
G1 X110.032 Y126.009 E.03475
G1 X108.985 Y125.976 E.03475
G1 X107.942 Y125.876 E.03475
G1 X106.909 Y125.707 E.03475
G1 X105.888 Y125.472 E.03475
G1 X104.885 Y125.169 E.03475
G1 X103.904 Y124.802 E.03475
G1 X102.949 Y124.372 E.03475
G1 X102.024 Y123.88 E.03475
G1 X101.133 Y123.329 E.03475
G1 X100.28 Y122.72 E.03475
G1 X99.469 Y122.057 E.03475
G1 X98.703 Y121.343 E.03475
G1 X97.985 Y120.58 E.03475
G1 X97.319 Y119.771 E.03475
G1 X96.707 Y118.921 E.03475
G1 X96.271 Y118.224 E.02728
G1 X95.82 Y117.415 E.0307
G1 X95.415 Y116.581 E.03079
G1 X95.198 Y116.096 E.0176
G1 X94.851 Y115.176 E.03261
G1 X94.491 Y113.951 E.04239
G1 X94.305 Y113.155 E.0271
G1 X94.133 Y112.122 E.03475
G1 X94.028 Y111.079 E.03475
G1 X93.991 Y110.032 E.03475
G1 X94.019 Y109.116 E.03041
G1 X94.098 Y108.204 E.03038
G1 X94.228 Y107.299 E.03032
G1 X94.528 Y105.888 E.04785
G1 X94.91 Y104.669 E.04236
G1 X95.198 Y103.904 E.02713
G1 X95.628 Y102.949 E.03475
G1 X96.12 Y102.024 E.03475
G1 X96.594 Y101.257 E.02992
G1 X97.28 Y100.28 E.03957
G1 X97.943 Y99.469 E.03475
G1 X98.657 Y98.703 E.03475
G1 X99.42 Y97.985 E.03475
G1 X100.229 Y97.319 E.03475
G1 X101.079 Y96.707 E.03475
M73 P50 R21
G1 X101.968 Y96.152 E.03475
G1 X102.891 Y95.657 E.03475
G1 X103.844 Y95.222 E.03475
G1 X104.824 Y94.851 E.03475
G1 X105.825 Y94.545 E.03475
G1 X106.845 Y94.305 E.03475
G1 X107.878 Y94.133 E.03475
G1 X108.921 Y94.028 E.03475
G1 X109.968 Y93.991 E.03475
G1 X111.015 Y94.024 E.03475
G1 X112.058 Y94.124 E.03475
G1 X113.091 Y94.293 E.03475
G1 X114.112 Y94.528 E.03475
G1 X115.115 Y94.831 E.03475
G1 X116.096 Y95.198 E.03475
G1 X117.051 Y95.628 E.03475
G1 X117.976 Y96.12 E.03475
G1 X118.867 Y96.671 E.03475
G1 X119.72 Y97.28 E.03475
G1 X120.531 Y97.943 E.03475
G1 X121.297 Y98.657 E.03475
G1 X122.015 Y99.42 E.03475
G1 X122.531 Y100.046 E.0269
G1 X123.293 Y101.079 E.04259
G1 X123.848 Y101.968 E.03475
G1 X124.343 Y102.891 E.03475
G1 X124.778 Y103.844 E.03475
G1 X125.003 Y104.436 E.02102
G1 X125.455 Y105.825 E.04846
G1 X125.604 Y106.455 E.02146
G1 X125.824 Y107.617 E.03925
G1 X125.959 Y108.79 E.03915
G1 X126.009 Y109.968 E.0391
G1 X125.976 Y111.015 E.03475
G1 X125.876 Y112.058 E.03475
G1 X125.707 Y113.091 E.03475
G1 X125.472 Y114.112 E.03475
G1 X125.468 Y114.123 E.00038
M205 X8 Y8
G1 X125.065 Y114.05 F7200
M205 X10 Y10
G1 F2700
G1 X124.622 Y115.42 E.04778
G1 X124.421 Y115.953 E.01887
G1 X124.188 Y116.471 E.01886
G1 X123.679 Y117.489 E.03774
G1 X123.097 Y118.469 E.0378
G1 X122.444 Y119.406 E.0379
G1 X121.743 Y120.273 E.03699
G1 X121.046 Y121.019 E.03387
G1 X120.301 Y121.717 E.03387
G1 X119.513 Y122.366 E.03387
G1 X118.684 Y122.962 E.03387
G1 X117.817 Y123.502 E.03387
G1 X116.918 Y123.984 E.03387
G1 X115.988 Y124.407 E.03387
G1 X115.033 Y124.768 E.03387
G1 X114.056 Y125.065 E.03387
G1 X113.062 Y125.298 E.03387
G1 X112.055 Y125.466 E.03387
G1 X111.039 Y125.567 E.03387
G1 X110.019 Y125.602 E.03387
G1 X108.999 Y125.57 E.03387
G1 X107.982 Y125.471 E.03387
G1 X106.975 Y125.306 E.03387
G1 X105.98 Y125.075 E.03387
G1 X105.003 Y124.78 E.03387
G1 X104.047 Y124.421 E.03387
G1 X103.117 Y124.001 E.03387
G1 X102.216 Y123.521 E.03387
G1 X101.348 Y122.983 E.03387
G1 X100.517 Y122.389 E.03387
G1 X99.727 Y121.743 E.03387
G1 X98.981 Y121.046 E.03387
G1 X98.283 Y120.301 E.03387
G1 X97.634 Y119.513 E.03387
G1 X97.038 Y118.684 E.03387
G1 X96.617 Y118.009 E.0264
G1 X96.179 Y117.224 E.02981
G1 X95.785 Y116.413 E.02991
G1 X95.579 Y115.953 E.01672
G1 X95.232 Y115.033 E.03261
G1 X94.887 Y113.858 E.04062
G1 X94.702 Y113.062 E.0271
G1 X94.534 Y112.055 E.03387
G1 X94.433 Y111.039 E.03387
G1 X94.398 Y110.019 E.03387
G1 X94.426 Y109.129 E.02953
G1 X94.504 Y108.243 E.0295
G1 X94.63 Y107.365 E.02944
G1 X94.925 Y105.98 E.04696
G1 X95.138 Y105.274 E.02448
G1 X95.438 Y104.421 E.02998
G1 X95.999 Y103.117 E.04711
G1 X96.479 Y102.216 E.03387
G1 X96.94 Y101.472 E.02904
G1 X97.611 Y100.517 E.03869
G1 X98.257 Y99.727 E.03387
G1 X98.954 Y98.981 E.03387
G1 X99.699 Y98.283 E.03387
G1 X100.487 Y97.634 E.03387
G1 X101.316 Y97.038 E.03387
G1 X102.183 Y96.498 E.03387
G1 X103.082 Y96.016 E.03387
G1 X104.012 Y95.593 E.03387
G1 X104.967 Y95.232 E.03387
G1 X105.944 Y94.935 E.03387
G1 X106.938 Y94.702 E.03387
G1 X107.945 Y94.534 E.03387
G1 X108.961 Y94.433 E.03387
G1 X109.981 Y94.398 E.03387
G1 X111.001 Y94.43 E.03387
G1 X112.018 Y94.529 E.03387
G1 X113.025 Y94.694 E.03387
G1 X114.02 Y94.925 E.03387
G1 X114.997 Y95.22 E.03387
G1 X115.953 Y95.579 E.03387
G1 X116.883 Y95.999 E.03387
G1 X117.784 Y96.479 E.03387
G1 X118.652 Y97.017 E.03387
G1 X119.483 Y97.611 E.03387
G1 X120.273 Y98.257 E.03387
G1 X121.019 Y98.954 E.03387
G1 X121.717 Y99.699 E.03387
G1 X122.216 Y100.304 E.02602
G1 X122.962 Y101.316 E.04171
G1 X123.502 Y102.183 E.03387
G1 X123.984 Y103.082 E.03387
G1 X124.407 Y104.012 E.03387
G1 X124.622 Y104.58 E.02013
G1 X125.065 Y105.944 E.04758
G1 X125.207 Y106.547 E.02058
G1 X125.423 Y107.684 E.03836
G1 X125.554 Y108.83 E.03827
G1 X125.602 Y109.981 E.03822
G1 X125.57 Y111.001 E.03387
G1 X125.471 Y112.018 E.03387
G1 X125.306 Y113.025 E.03387
G1 X125.077 Y114.012 E.03359
M205 X8 Y8
G1 X124.693 Y113.931 F7200
M205 X10 Y10
;TYPE:Outer wall
;WIDTH:0.419999
G1 F2400
G1 X124.255 Y115.282 E.04366
G1 X124.054 Y115.815 E.01748
G1 X123.831 Y116.31 E.01668
G1 X123.333 Y117.304 E.03417
G1 X122.764 Y118.261 E.03422
G1 X122.126 Y119.178 E.03432
G1 X121.439 Y120.024 E.03347
G1 X120.759 Y120.751 E.03058
G1 X120.033 Y121.431 E.03058
G1 X119.264 Y122.063 E.03058
G1 X118.455 Y122.643 E.03058
G1 X117.61 Y123.169 E.03058
G1 X116.733 Y123.639 E.03058
G1 X115.826 Y124.05 E.03058
G1 X114.895 Y124.401 E.03058
G1 X113.943 Y124.69 E.03058
G1 X112.973 Y124.916 E.03058
G1 X111.991 Y125.079 E.03058
G1 X111.001 Y125.177 E.03058
G1 X110.006 Y125.21 E.03058
G1 X109.011 Y125.178 E.03058
G1 X108.021 Y125.081 E.03058
G1 X107.039 Y124.919 E.03058
G1 X106.069 Y124.693 E.03058
G1 X105.117 Y124.405 E.03058
G1 X104.185 Y124.054 E.03058
G1 X103.278 Y123.644 E.03058
G1 X102.4 Y123.175 E.03058
G1 X101.555 Y122.65 E.03058
G1 X100.746 Y122.071 E.03058
G1 X99.976 Y121.439 E.03058
G1 X99.249 Y120.759 E.03058
G1 X98.569 Y120.033 E.03058
G1 X97.937 Y119.264 E.03058
G1 X97.357 Y118.455 E.03058
G1 X96.95 Y117.801 E.02366
G1 X96.525 Y117.039 E.02683
G1 X96.143 Y116.251 E.02691
G1 X95.805 Y115.441 E.02697
G1 X95.599 Y114.895 E.01792
G1 X95.4 Y114.24 E.02102
G1 X95.186 Y113.413 E.02626
G1 X95.073 Y112.914 E.01571
G1 X94.921 Y111.991 E.02874
G1 X94.823 Y111.001 E.03058
G1 X94.79 Y110.006 E.03058
G1 X94.818 Y109.142 E.02656
G1 X94.894 Y108.282 E.02654
G1 X95.017 Y107.429 E.02648
G1 X95.307 Y106.069 E.04272
G1 X95.513 Y105.388 E.02188
G1 X95.805 Y104.559 E.02699
G1 X96.356 Y103.278 E.04285
G1 X96.825 Y102.4 E.03058
G1 X97.273 Y101.679 E.02611
G1 X97.929 Y100.746 E.03505
G1 X98.561 Y99.976 E.03058
G1 X99.241 Y99.249 E.03058
G1 X99.967 Y98.569 E.03058
G1 X100.736 Y97.937 E.03058
G1 X101.545 Y97.357 E.03058
G1 X102.39 Y96.831 E.03058
G1 X103.267 Y96.361 E.03058
G1 X104.174 Y95.95 E.03058
G1 X105.105 Y95.599 E.03058
G1 X106.057 Y95.31 E.03058
G1 X107.027 Y95.084 E.03058
G1 X108.009 Y94.921 E.03058
G1 X108.999 Y94.823 E.03058
G1 X109.994 Y94.79 E.03058
G1 X110.989 Y94.822 E.03058
G1 X111.979 Y94.919 E.03058
G1 X112.961 Y95.081 E.03058
G1 X113.931 Y95.307 E.03058
G1 X114.883 Y95.595 E.03058
G1 X115.815 Y95.946 E.03058
G1 X116.722 Y96.356 E.03058
G1 X117.6 Y96.825 E.03058
G1 X118.445 Y97.35 E.03058
G1 X119.254 Y97.929 E.03058
G1 X120.024 Y98.561 E.03058
G1 X120.751 Y99.241 E.03058
G1 X121.431 Y99.967 E.03058
G1 X121.913 Y100.553 E.02331
G1 X122.643 Y101.545 E.03784
G1 X123.169 Y102.39 E.03058
G1 X123.639 Y103.267 E.03058
G1 X124.05 Y104.174 E.03058
G1 X124.255 Y104.718 E.01786
G1 X124.69 Y106.057 E.04328
G1 X124.825 Y106.636 E.01827
G1 X125.036 Y107.748 E.03475
G1 X125.164 Y108.868 E.03466
G1 X125.21 Y109.994 E.03461
G1 X125.178 Y110.989 E.03058
G1 X125.081 Y111.979 E.03058
G1 X124.919 Y112.961 E.03058
G1 X124.702 Y113.892 E.02935
G1 E-4.5 F2700
;WIPE_START
G1 F2400
G1 X124.255 Y115.282 E-.34695
G1 X124.065 Y115.787 E-.12805
;WIPE_END
G1 E-.025 F2700
M205 X8 Y8
G1 X116.472 Y115.014 Z1.8 F7200
G1 X58.024 Y109.066 Z1.8
G1 Z1.4
G1 E5 F2400
M205 X10 Y10
;TYPE:Inner wall
;WIDTH:0.449999
G1 F2700
G1 X58.107 Y108.204 E.02876
G1 X58.254 Y107.299 E.03041
G1 X58.46 Y106.406 E.03041
G1 X58.724 Y105.528 E.03041
G1 X59.045 Y104.669 E.03041
G1 X59.422 Y103.833 E.03041
G1 X59.852 Y103.024 E.03041
G1 X60.334 Y102.244 E.03041
G1 X60.867 Y101.498 E.03041
G1 X61.446 Y100.788 E.03041
G1 X62.072 Y100.117 E.03041
G1 X62.739 Y99.489 E.03041
G1 X63.446 Y98.906 E.03041
G1 X64.19 Y98.37 E.03041
G1 X64.968 Y97.884 E.03041
G1 X65.775 Y97.45 E.03041
G1 X66.609 Y97.07 E.03041
G1 X67.466 Y96.745 E.03041
G1 X68.343 Y96.477 E.03041
G1 X69.235 Y96.267 E.03041
G1 X70.139 Y96.115 E.03041
G1 X71.052 Y96.023 E.03041
G1 X71.968 Y95.991 E.03041
G1 X72.884 Y96.019 E.03041
G1 X73.796 Y96.107 E.03041
G1 X74.701 Y96.254 E.03041
G1 X75.594 Y96.46 E.03041
G1 X76.472 Y96.724 E.03041
G1 X77.331 Y97.045 E.03041
G1 X78.167 Y97.422 E.03041
G1 X78.976 Y97.852 E.03041
G1 X79.756 Y98.334 E.03041
G1 X80.502 Y98.867 E.03041
G1 X81.212 Y99.446 E.03041
G1 X81.883 Y100.072 E.03041
G1 X82.511 Y100.739 E.03041
G1 X83.094 Y101.446 E.03041
G1 X83.63 Y102.19 E.03041
G1 X84.116 Y102.968 E.03041
G1 X84.55 Y103.775 E.03041
G1 X85.013 Y104.824 E.03802
G1 X85.255 Y105.466 E.02279
G1 X85.475 Y106.184 E.0249
G1 X85.642 Y106.845 E.02261
G1 X85.841 Y107.878 E.03491
G1 X85.964 Y108.921 E.03481
G1 X86.009 Y109.968 E.03476
G1 X85.981 Y110.884 E.03041
G1 X85.893 Y111.796 E.03041
G1 X85.746 Y112.701 E.03041
G1 X85.54 Y113.594 E.03041
G1 X85.366 Y114.175 E.02009
G1 X84.955 Y115.331 E.04072
G1 X84.583 Y116.156 E.03002
G1 X84.306 Y116.681 E.01969
G1 X83.78 Y117.572 E.03434
G1 X83.273 Y118.307 E.02961
G1 X82.554 Y119.212 E.03835
G1 X81.928 Y119.883 E.03041
G1 X81.261 Y120.511 E.03041
G1 X80.554 Y121.094 E.03041
G1 X79.81 Y121.63 E.03041
G1 X79.032 Y122.116 E.03041
G1 X78.225 Y122.55 E.03041
G1 X77.391 Y122.93 E.03041
G1 X76.534 Y123.255 E.03041
G1 X75.657 Y123.523 E.03041
G1 X74.765 Y123.733 E.03041
G1 X73.861 Y123.885 E.03041
G1 X72.948 Y123.977 E.03041
G1 X72.032 Y124.009 E.03041
G1 X71.116 Y123.981 E.03041
G1 X70.204 Y123.893 E.03041
G1 X69.299 Y123.746 E.03041
G1 X68.406 Y123.54 E.03041
G1 X67.528 Y123.276 E.03041
G1 X66.669 Y122.955 E.03041
G1 X65.833 Y122.578 E.03041
G1 X65.024 Y122.148 E.03041
G1 X64.244 Y121.666 E.03041
G1 X63.498 Y121.133 E.03041
G1 X62.788 Y120.554 E.03041
G1 X62.117 Y119.928 E.03041
G1 X61.489 Y119.261 E.03041
G1 X60.906 Y118.554 E.03041
G1 X60.37 Y117.81 E.03041
G1 X59.884 Y117.032 E.03041
G1 X59.45 Y116.225 E.03041
G1 X59.07 Y115.391 E.03041
G1 X58.745 Y114.534 E.03041
G1 X58.477 Y113.657 E.03041
G1 X58.267 Y112.765 E.03041
G1 X58.115 Y111.861 E.03041
G1 X58.023 Y110.948 E.03041
G1 X57.991 Y110.032 E.03041
G1 X58.019 Y109.116 E.03041
G1 X58.02 Y109.106 E.00032
M205 X8 Y8
G1 X58.428 Y109.105 F7200
M205 X10 Y10
G1 F2700
G1 X58.512 Y108.243 E.02871
G1 X58.656 Y107.365 E.02953
G1 X58.857 Y106.498 E.02952
G1 X59.114 Y105.646 E.02953
G1 X59.426 Y104.812 E.02953
G1 X59.793 Y104.001 E.02953
G1 X60.211 Y103.216 E.02953
G1 X60.68 Y102.459 E.02953
G1 X61.197 Y101.735 E.02953
G1 X61.761 Y101.046 E.02953
G1 X62.369 Y100.396 E.02952
G1 X63.017 Y99.786 E.02953
G1 X63.705 Y99.221 E.02953
G1 X64.427 Y98.701 E.02953
G1 X65.183 Y98.23 E.02953
G1 X65.967 Y97.809 E.02952
G1 X66.777 Y97.441 E.02953
G1 X67.61 Y97.126 E.02952
G1 X68.461 Y96.867 E.02953
G1 X69.328 Y96.663 E.02952
G1 X70.206 Y96.517 E.02953
G1 X71.091 Y96.429 E.02953
G1 X71.981 Y96.398 E.02953
G1 X72.871 Y96.426 E.02953
G1 X73.757 Y96.512 E.02953
G1 X74.635 Y96.656 E.02953
G1 X75.502 Y96.857 E.02952
G1 X76.354 Y97.114 E.02953
G1 X77.188 Y97.426 E.02952
G1 X77.999 Y97.793 E.02953
G1 X78.784 Y98.211 E.02952
G1 X79.541 Y98.68 E.02953
G1 X80.265 Y99.197 E.02953
G1 X80.954 Y99.761 E.02953
G1 X81.604 Y100.369 E.02952
G1 X82.214 Y101.017 E.02952
G1 X82.779 Y101.705 E.02953
G1 X83.299 Y102.427 E.02952
G1 X83.77 Y103.183 E.02953
G1 X84.191 Y103.967 E.02952
G1 X84.559 Y104.777 E.02953
G1 X84.976 Y105.944 E.04109
G1 X85.133 Y106.461 E.01794
G1 X85.326 Y107.282 E.02795
G1 X85.44 Y107.945 E.02232
G1 X85.559 Y108.961 E.03393
G1 X85.602 Y109.981 E.03388
G1 X85.574 Y110.871 E.02953
G1 X85.488 Y111.757 E.02953
G1 X85.344 Y112.635 E.02953
G1 X85.143 Y113.502 E.02952
G1 X84.976 Y114.056 E.0192
G1 X84.574 Y115.188 E.03983
G1 X84.212 Y115.988 E.02913
G1 X83.947 Y116.489 E.0188
G1 X83.434 Y117.357 E.03346
G1 X82.942 Y118.07 E.02873
G1 X82.239 Y118.954 E.03747
G1 X81.631 Y119.604 E.02952
G1 X80.983 Y120.214 E.02952
G1 X80.295 Y120.779 E.02953
G1 X79.573 Y121.299 E.02953
G1 X78.817 Y121.77 E.02953
G1 X78.033 Y122.191 E.02952
G1 X77.223 Y122.559 E.02953
G1 X76.39 Y122.874 E.02952
G1 X75.539 Y123.133 E.02953
G1 X74.672 Y123.337 E.02952
G1 X73.794 Y123.483 E.02953
G1 X72.909 Y123.571 E.02953
G1 X72.019 Y123.602 E.02953
G1 X71.129 Y123.574 E.02953
G1 X70.243 Y123.488 E.02953
G1 X69.365 Y123.344 E.02953
G1 X68.498 Y123.143 E.02952
G1 X67.646 Y122.886 E.02953
G1 X66.812 Y122.574 E.02952
G1 X66.001 Y122.207 E.02953
G1 X65.216 Y121.789 E.02952
G1 X64.459 Y121.32 E.02953
G1 X63.735 Y120.803 E.02953
G1 X63.046 Y120.239 E.02953
G1 X62.396 Y119.631 E.02952
G1 X61.786 Y118.983 E.02952
G1 X61.221 Y118.295 E.02953
G1 X60.701 Y117.573 E.02953
G1 X60.23 Y116.817 E.02953
G1 X59.809 Y116.033 E.02953
G1 X59.441 Y115.223 E.02953
G1 X59.126 Y114.39 E.02953
G1 X58.867 Y113.539 E.02953
G1 X58.663 Y112.672 E.02953
G1 X58.517 Y111.794 E.02953
G1 X58.429 Y110.909 E.02953
G1 X58.398 Y110.019 E.02953
G1 X58.426 Y109.145 E.02901
M205 X8 Y8
G1 X58.818 Y109.142 F7200
M205 X10 Y10
;TYPE:Outer wall
;WIDTH:0.419999
G1 F2400
G1 X58.902 Y108.282 E.02656
G1 X59.043 Y107.429 E.02656
G1 X59.239 Y106.587 E.02656
G1 X59.489 Y105.76 E.02656
G1 X59.793 Y104.95 E.02656
G1 X60.15 Y104.163 E.02656
G1 X60.557 Y103.4 E.02656
G1 X61.013 Y102.666 E.02656
G1 X61.516 Y101.963 E.02656
G1 X62.064 Y101.295 E.02656
G1 X62.655 Y100.664 E.02656
G1 X63.285 Y100.072 E.02656
G1 X63.953 Y99.524 E.02656
G1 X64.656 Y99.02 E.02656
G1 X65.39 Y98.563 E.02656
G1 X66.152 Y98.155 E.02656
G1 X66.939 Y97.798 E.02656
G1 X67.748 Y97.493 E.02656
G1 X68.575 Y97.242 E.02656
G1 X69.417 Y97.045 E.02656
G1 X70.27 Y96.904 E.02656
G1 X71.13 Y96.819 E.02656
G1 X71.994 Y96.79 E.02656
G1 X72.858 Y96.818 E.02656
G1 X73.718 Y96.902 E.02656
G1 X74.571 Y97.043 E.02656
G1 X75.413 Y97.239 E.02656
G1 X76.24 Y97.489 E.02656
G1 X77.05 Y97.793 E.02656
G1 X77.837 Y98.15 E.02656
G1 X78.6 Y98.557 E.02656
G1 X79.334 Y99.013 E.02656
G1 X80.037 Y99.516 E.02656
G1 X80.705 Y100.064 E.02656
G1 X81.336 Y100.655 E.02656
G1 X81.928 Y101.285 E.02656
G1 X82.476 Y101.953 E.02656
G1 X82.98 Y102.656 E.02656
G1 X83.437 Y103.39 E.02656
G1 X83.845 Y104.152 E.02656
G1 X84.202 Y104.939 E.02656
G1 X84.601 Y106.057 E.03649
G1 X84.758 Y106.575 E.01662
G1 X84.944 Y107.371 E.0251
G1 X85.053 Y108.009 E.01989
G1 X85.168 Y108.999 E.03064
G1 X85.21 Y109.994 E.03059
G1 X85.182 Y110.858 E.02656
G1 X85.098 Y111.718 E.02656
G1 X84.957 Y112.571 E.02656
G1 X84.761 Y113.413 E.02656
G1 X84.601 Y113.943 E.017
G1 X84.207 Y115.05 E.03611
G1 X83.855 Y115.826 E.0262
G1 X83.601 Y116.304 E.01663
G1 X83.101 Y117.15 E.0302
G1 X82.624 Y117.842 E.02582
G1 X81.936 Y118.705 E.03392
G1 X81.345 Y119.336 E.02656
G1 X80.715 Y119.928 E.02656
G1 X80.047 Y120.476 E.02656
G1 X79.344 Y120.98 E.02656
G1 X78.61 Y121.437 E.02656
G1 X77.848 Y121.845 E.02656
G1 X77.061 Y122.202 E.02656
G1 X76.252 Y122.507 E.02656
G1 X75.425 Y122.758 E.02656
G1 X74.583 Y122.955 E.02656
G1 X73.73 Y123.096 E.02656
G1 X72.87 Y123.181 E.02656
G1 X72.006 Y123.21 E.02656
G1 X71.142 Y123.182 E.02656
G1 X70.282 Y123.098 E.02656
G1 X69.429 Y122.957 E.02656
G1 X68.587 Y122.761 E.02656
G1 X67.76 Y122.511 E.02656
G1 X66.95 Y122.207 E.02656
G1 X66.163 Y121.85 E.02656
G1 X65.4 Y121.443 E.02656
G1 X64.666 Y120.987 E.02656
G1 X63.963 Y120.484 E.02656
G1 X63.295 Y119.936 E.02656
G1 X62.664 Y119.345 E.02656
G1 X62.072 Y118.715 E.02656
G1 X61.524 Y118.047 E.02656
G1 X61.02 Y117.344 E.02656
G1 X60.563 Y116.61 E.02656
G1 X60.155 Y115.848 E.02656
G1 X59.798 Y115.061 E.02656
G1 X59.493 Y114.252 E.02656
G1 X59.242 Y113.425 E.02656
G1 X59.045 Y112.583 E.02656
G1 X58.904 Y111.73 E.02656
G1 X58.819 Y110.87 E.02656
G1 X58.79 Y110.006 E.02656
G1 X58.817 Y109.182 E.02533
G1 E-4.5 F2700
;WIPE_START
G1 F2400
G1 X58.902 Y108.282 E-.21478
G1 X59.043 Y107.429 E-.20531
G1 X59.095 Y107.204 E-.05491
;WIPE_END
G1 E-.025 F2700
M205 X8 Y8
G1 X60.5 Y118.477 Z1.8 F7200
G1 Z1.4
G1 E5 F2400
M205 X10 Y10
;TYPE:Sparse infill
;WIDTH:0.45
G1 F3000
G1 X60.137 Y117.974 E.02059
G1 X59.605 Y117.118 E.03343
G1 X59.413 Y117.181 E.00671
G1 X58.757 Y117.479 E.02388
G1 X58.102 Y117.905 E.02593
G1 X57.447 Y118.563 E.03078
G1 X56.792 Y119.624 E.04138
G1 X56.137 Y120.893 E.04736
G1 X55.809 Y121.161 E.01405
G1 X55.482 Y121.209 E.01098
G1 X54.826 Y121.098 E.02204
G1 X54.171 Y120.884 E.02286
G1 X53.516 Y120.586 E.02388
G1 X52.861 Y120.16 E.02593
G1 X52.206 Y119.502 E.03078
G1 X51.551 Y118.441 E.04138
G1 X51.294 Y117.944 E.01855
G1 X51.294 Y115.93 E.0668
G1 X51.551 Y115.968 E.0086
G1 X52.206 Y115.857 E.02204
G1 X52.861 Y115.643 E.02286
G1 X53.516 Y115.345 E.02388
G1 X54.171 Y114.918 E.02593
G1 X54.826 Y114.261 E.03078
G1 X55.482 Y113.2 E.04138
G1 X56.137 Y111.931 E.04736
G1 X56.464 Y111.662 E.01405
G1 X56.792 Y111.614 E.01098
G1 X57.447 Y111.725 E.02204
G1 X57.828 Y111.85 E.0133
G1 X57.74 Y110.974 E.0292
G1 X57.706 Y110 E.03233
G1 X57.74 Y109.026 E.03233
G1 X57.834 Y108.096 E.03102
G1 X57.914 Y107.612 E.01626
G1 X57.447 Y108.08 E.02192
G1 X56.792 Y109.141 E.04138
G1 X56.137 Y110.41 E.04736
G1 X55.809 Y110.679 E.01405
G1 X55.482 Y110.727 E.01098
G1 X54.826 Y110.616 E.02204
G1 X54.171 Y110.402 E.02286
G1 X53.516 Y110.103 E.02388
G1 X52.861 Y109.677 E.02593
G1 X52.206 Y109.02 E.03078
G1 X51.551 Y107.958 E.04138
G1 X51.294 Y107.461 E.01855
G1 X51.294 Y105.448 E.0668
G1 X51.551 Y105.485 E.0086
G1 X52.206 Y105.374 E.02204
G1 X52.861 Y105.16 E.02286
G1 X53.516 Y104.862 E.02388
G1 X54.171 Y104.436 E.02593
G1 X54.826 Y103.778 E.03078
G1 X55.482 Y102.717 E.04138
G1 X56.137 Y101.448 E.04736
G1 X56.464 Y101.18 E.01405
G1 X56.792 Y101.132 E.01098
G1 X57.447 Y101.243 E.02204
G1 X58.102 Y101.457 E.02286
G1 X58.757 Y101.755 E.02388
G1 X59.413 Y102.181 E.02593
G1 X59.799 Y102.569 E.01814
G1 X60.094 Y102.091 E.01861
G1 X60.684 Y101.268 E.03362
G1 X61.279 Y100.546 E.03103
G1 X61.893 Y99.892 E.02973
G1 X62.605 Y99.228 E.03232
G1 X63.03 Y98.879 E.01822
G1 X62.688 Y98.537 E.01603
G1 X62.033 Y97.476 E.04138
G1 X61.378 Y96.207 E.04736
G1 X61.051 Y95.939 E.01405
G1 X60.723 Y95.891 E.01098
G1 X60.068 Y96.002 E.02204
G1 X59.413 Y96.215 E.02286
G1 X58.757 Y96.514 E.02388
G1 X58.102 Y96.94 E.02593
G1 X57.447 Y97.597 E.03078
G1 X56.792 Y98.659 E.04138
G1 X56.137 Y99.927 E.04736
G1 X55.809 Y100.196 E.01405
G1 X55.482 Y100.244 E.01098
G1 X54.826 Y100.133 E.02204
G1 X54.171 Y99.919 E.02286
G1 X53.516 Y99.621 E.02388
G1 X52.861 Y99.194 E.02593
G1 X52.206 Y98.537 E.03078
G1 X51.551 Y97.476 E.04138
G1 X51.294 Y96.979 E.01855
G1 X51.294 Y94.965 E.0668
G1 X51.551 Y95.003 E.0086
G1 X52.206 Y94.892 E.02204
G1 X52.861 Y94.678 E.02286
G1 X53.516 Y94.379 E.02388
G1 X54.171 Y93.953 E.02593
G1 X54.826 Y93.296 E.03078
G1 X55.482 Y92.234 E.04138
G1 X56.137 Y90.966 E.04736
G1 X56.464 Y90.697 E.01405
G1 X56.792 Y90.649 E.01098
G1 X57.447 Y90.76 E.02204
G1 X58.102 Y90.974 E.02286
G1 X58.757 Y91.273 E.02388
G1 X59.413 Y91.699 E.02593
G1 X60.068 Y92.356 E.03078
G1 X60.723 Y93.418 E.04138
G1 X61.378 Y94.686 E.04736
G1 X61.706 Y94.955 E.01405
G1 X62.033 Y95.003 E.01098
G1 X62.688 Y94.892 E.02204
G1 X63.344 Y94.678 E.02286
G1 X63.999 Y94.379 E.02388
G1 X64.654 Y93.953 E.02593
G1 X65.309 Y93.296 E.03078
G1 X65.964 Y92.234 E.04138
G1 X66.619 Y90.966 E.04736
G1 X66.947 Y90.697 E.01405
G1 X67.275 Y90.649 E.01098
G1 X67.93 Y90.76 E.02204
G1 X68.585 Y90.974 E.02286
G1 X69.24 Y91.273 E.02388
G1 X69.895 Y91.699 E.02593
G1 X70.55 Y92.356 E.03078
G1 X71.206 Y93.418 E.04138
G1 X71.861 Y94.686 E.04736
G1 X72.188 Y94.955 E.01405
G1 X72.516 Y95.003 E.01098
G1 X73.171 Y94.892 E.02204
G1 X73.826 Y94.678 E.02286
G1 X74.481 Y94.379 E.02388
G1 X75.137 Y93.953 E.02593
G1 X75.792 Y93.296 E.03078
G1 X76.447 Y92.234 E.04138
G1 X77.102 Y90.966 E.04736
G1 X77.43 Y90.697 E.01405
G1 X77.757 Y90.649 E.01098
G1 X78.412 Y90.76 E.02204
G1 X79.068 Y90.974 E.02286
G1 X79.723 Y91.273 E.02388
G1 X80.378 Y91.699 E.02593
G1 X81.033 Y92.356 E.03078
G1 X81.688 Y93.418 E.04138
G1 X82.343 Y94.686 E.04736
G1 X82.671 Y94.955 E.01405
G1 X82.998 Y95.003 E.01098
G1 X83.654 Y94.892 E.02204
G1 X84.309 Y94.678 E.02286
G1 X84.964 Y94.379 E.02388
G1 X85.619 Y93.953 E.02593
G1 X86.274 Y93.296 E.03078
G1 X86.929 Y92.234 E.04138
G1 X87.585 Y90.966 E.04736
G1 X87.912 Y90.697 E.01405
G1 X88.24 Y90.649 E.01098
G1 X88.895 Y90.76 E.02204
G1 X89.55 Y90.974 E.02286
G1 X90.205 Y91.273 E.02388
G1 X90.86 Y91.699 E.02593
G1 X91.516 Y92.356 E.03078
G1 X92.171 Y93.418 E.04138
G1 X92.826 Y94.686 E.04736
G1 X93.154 Y94.955 E.01405
G1 X93.481 Y95.003 E.01098
G1 X94.136 Y94.892 E.02204
G1 X94.791 Y94.678 E.02286
G1 X95.447 Y94.379 E.02388
G1 X96.102 Y93.953 E.02593
G1 X96.757 Y93.296 E.03078
G1 X97.412 Y92.234 E.04138
G1 X98.067 Y90.966 E.04736
G1 X98.395 Y90.697 E.01405
G1 X98.722 Y90.649 E.01098
G1 X99.378 Y90.76 E.02204
G1 X100.033 Y90.974 E.02286
G1 X100.688 Y91.273 E.02388
G1 X101.343 Y91.699 E.02593
G1 X101.998 Y92.356 E.03078
G1 X102.653 Y93.418 E.04138
G1 X103.309 Y94.686 E.04736
G1 X103.636 Y94.955 E.01405
G1 X103.718 Y94.967 E.00274
G1 X104.8 Y94.559 E.03835
G1 X105.821 Y94.252 E.03537
G1 X106.294 Y94.142 E.01611
G1 X106.584 Y93.953 E.0115
G1 X107.24 Y93.296 E.03078
G1 X107.895 Y92.234 E.04138
G1 X108.55 Y90.966 E.04736
G1 X108.877 Y90.697 E.01405
G1 X109.205 Y90.649 E.01098
G1 X109.86 Y90.76 E.02204
G1 X110.515 Y90.974 E.02286
G1 X111.171 Y91.273 E.02388
G1 X111.826 Y91.699 E.02593
G1 X112.481 Y92.356 E.03078
G1 X113.136 Y93.418 E.04138
G1 X113.484 Y94.092 E.02518
G1 X114.255 Y94.272 E.02624
G1 X115.274 Y94.584 E.03537
G1 X115.632 Y94.718 E.01269
G1 X115.757 Y94.678 E.00434
G1 X116.412 Y94.379 E.02388
G1 X117.067 Y93.953 E.02593
G1 X117.722 Y93.296 E.03078
G1 X118.377 Y92.234 E.04138
G1 X119.032 Y90.966 E.04736
G1 X119.36 Y90.697 E.01405
G1 X119.688 Y90.649 E.01098
G1 X120.343 Y90.76 E.02204
G1 X120.998 Y90.974 E.02286
G1 X121.653 Y91.273 E.02388
G1 X122.308 Y91.699 E.02593
G1 X122.963 Y92.356 E.03078
G1 X123.619 Y93.418 E.04138
G1 X124.274 Y94.686 E.04736
G1 X124.601 Y94.955 E.01405
G1 X124.929 Y95.003 E.01098
G1 X125.584 Y94.892 E.02204
G1 X126.239 Y94.678 E.02286
G1 X126.894 Y94.379 E.02388
G1 X127.55 Y93.953 E.02593
G1 X128.205 Y93.296 E.03078
G1 X128.86 Y92.234 E.04138
G1 X129.515 Y90.966 E.04736
G1 X129.843 Y90.697 E.01405
G1 X130.17 Y90.649 E.01098
G1 X130.825 Y90.76 E.02204
G1 X131.481 Y90.974 E.02286
G1 X132.136 Y91.273 E.02388
G1 X132.791 Y91.699 E.02593
G1 X133.446 Y92.356 E.03078
G1 X134.101 Y93.418 E.04138
G1 X134.756 Y94.686 E.04736
G1 X135.084 Y94.955 E.01405
G1 X135.412 Y95.003 E.01098
G1 X136.067 Y94.892 E.02204
G1 X136.722 Y94.678 E.02286
G1 X137.377 Y94.379 E.02388
G1 X138.032 Y93.953 E.02593
G1 X138.687 Y93.296 E.03078
G1 X139.343 Y92.234 E.04138
G1 X139.998 Y90.966 E.04736
G1 X140.325 Y90.697 E.01405
G1 X140.653 Y90.649 E.01098
G1 X141.308 Y90.76 E.02204
G1 X141.963 Y90.974 E.02286
G1 X142.618 Y91.273 E.02388
G1 X143.273 Y91.699 E.02593
G1 X143.782 Y92.209 E.02389
G1 X144.458 Y92.052 E.02301
G1 X145.651 Y91.858 E.0401
G1 X146.765 Y91.748 E.03712
G1 X147.961 Y91.706 E.03971
G1 X149.235 Y91.748 E.0423
G1 X150.035 Y91.827 E.02667
G1 X150.48 Y90.966 E.03215
G1 X150.808 Y90.697 E.01405
G1 X151.135 Y90.649 E.01098
G1 X151.791 Y90.76 E.02204
G1 X152.446 Y90.974 E.02286
G1 X153.101 Y91.273 E.02388
G1 X153.756 Y91.699 E.02593
G1 X154.411 Y92.356 E.03078
G1 X154.829 Y93.033 E.02641
G1 X156.126 Y93.61 E.04707
G1 X157.113 Y94.138 E.03712
G1 X157.859 Y94.6 E.0291
G1 X158.342 Y94.379 E.01762
G1 X158.997 Y93.953 E.02593
G1 X159.653 Y93.296 E.03078
G1 X160.308 Y92.234 E.04138
G1 X160.963 Y90.966 E.04736
G1 X161.29 Y90.697 E.01405
G1 X161.618 Y90.649 E.01098
G1 X162.273 Y90.76 E.02204
G1 X162.928 Y90.974 E.02286
G1 X163.584 Y91.273 E.02388
G1 X164.239 Y91.699 E.02593
G1 X164.894 Y92.356 E.03078
G1 X165.549 Y93.418 E.04138
G1 X166.204 Y94.686 E.04736
G1 X166.532 Y94.955 E.01405
G1 X166.859 Y95.003 E.01098
G1 X167.515 Y94.892 E.02204
G1 X168.17 Y94.678 E.02286
G1 X168.706 Y94.434 E.01955
G1 X168.706 Y99.543 E.1695
G1 X168.17 Y99.194 E.02122
G1 X167.515 Y98.537 E.03078
G1 X166.859 Y97.476 E.04138
G1 X166.204 Y96.207 E.04736
G1 X165.877 Y95.939 E.01405
G1 X165.549 Y95.891 E.01098
G1 X164.894 Y96.002 E.02204
G1 X164.239 Y96.215 E.02286
G1 X163.584 Y96.514 E.02388
G1 X162.928 Y96.94 E.02593
G1 X162.273 Y97.597 E.03078
G1 X161.93 Y98.154 E.02169
G1 X162.489 Y98.833 E.02918
G1 X163.232 Y99.869 E.0423
G1 X163.862 Y100.887 E.03971
G1 X164.39 Y101.874 E.03712
G1 X164.771 Y102.715 E.03064
G1 X164.894 Y102.839 E.00578
G1 X165.549 Y103.9 E.04138
G1 X166.204 Y105.169 E.04736
G1 X166.532 Y105.437 E.01405
G1 X166.859 Y105.485 E.01098
G1 X167.515 Y105.374 E.02204
G1 X168.17 Y105.16 E.02286
G1 X168.706 Y104.916 E.01955
G1 X168.706 Y110.026 E.1695
G1 X168.17 Y109.677 E.02122
G1 X167.515 Y109.02 E.03078
G1 X166.859 Y107.958 E.04138
G1 X166.204 Y106.69 E.04736
G1 X165.952 Y106.483 E.01082
G1 X166.132 Y107.573 E.03667
G1 X166.184 Y108.094 E.01735
M205 X8 Y8
G1 X168.706 Y113.77 F7200
M205 X10 Y10
G1 F3000
G1 X168.706 Y115.399 E.05401
G1 X168.17 Y115.643 E.01955
G1 X167.515 Y115.857 E.02286
G1 X166.859 Y115.968 E.02204
G1 X166.532 Y115.92 E.01098
G1 X166.204 Y115.651 E.01405
G1 X165.688 Y114.652 E.0373
G1 X165.335 Y115.843 E.04121
G1 X164.917 Y116.963 E.03965
G1 X165.549 Y116.856 E.02128
G1 X165.877 Y116.904 E.01098
G1 X166.204 Y117.172 E.01405
G1 X166.859 Y118.441 E.04736
G1 X167.515 Y119.502 E.04138
G1 X168.17 Y120.16 E.03078
G1 X168.706 Y120.508 E.02122
G1 X168.706 Y122.137 E.05401
M205 X8 Y8
G1 X154.592 Y127.053 F7200
M205 X10 Y10
G1 F3000
G1 X155.037 Y126.886 E.01576
G1 X156.086 Y126.408 E.03826
G1 X156.377 Y126.45 E.00974
G1 X157.032 Y126.34 E.02204
G1 X157.687 Y126.126 E.02286
G1 X158.342 Y125.827 E.02388
G1 X158.997 Y125.401 E.02593
G1 X159.653 Y124.744 E.03078
G1 X160.308 Y123.682 E.04138
G1 X160.467 Y123.374 E.01151
G1 X160.936 Y122.936 E.02128
G1 X161.708 Y122.112 E.03745
G1 X162.273 Y122.208 E.01901
G1 X162.928 Y122.422 E.02286
G1 X163.584 Y122.72 E.02388
G1 X164.239 Y123.147 E.02593
G1 X164.894 Y123.804 E.03078
G1 X165.549 Y124.865 E.04138
G1 X166.204 Y126.134 E.04736
G1 X166.532 Y126.402 E.01405
G1 X166.859 Y126.45 E.01098
G1 X167.515 Y126.34 E.02204
G1 X168.17 Y126.126 E.02286
G1 X168.706 Y125.881 E.01955
G1 X168.706 Y130.706 E.16004
G1 X168.268 Y130.706 E.01454
G1 X168.17 Y130.642 E.00388
G1 X167.515 Y129.985 E.03078
G1 X166.859 Y128.923 E.04138
G1 X166.204 Y127.655 E.04736
G1 X165.877 Y127.386 E.01405
G1 X165.549 Y127.338 E.01098
G1 X164.894 Y127.449 E.02204
G1 X164.239 Y127.663 E.02286
G1 X163.584 Y127.962 E.02388
G1 X162.928 Y128.388 E.02593
G1 X162.273 Y129.045 E.03078
G1 X161.618 Y130.107 E.04138
G1 X161.309 Y130.706 E.02237
G1 X157.785 Y130.706 E.11688
G1 X157.687 Y130.642 E.00388
G1 X157.032 Y129.985 E.03078
G1 X156.377 Y128.923 E.04138
G1 X155.722 Y127.655 E.04736
G1 X155.394 Y127.386 E.01405
G1 X155.066 Y127.338 E.01098
G1 X154.411 Y127.449 E.02204
G1 X153.756 Y127.663 E.02286
G1 X153.101 Y127.962 E.02388
G1 X152.446 Y128.388 E.02593
G1 X151.791 Y129.045 E.03078
G1 X151.135 Y130.107 E.04138
G1 X150.826 Y130.706 E.02237
G1 X147.302 Y130.706 E.11688
G1 X147.204 Y130.642 E.00388
G1 X146.549 Y129.985 E.03078
G1 X145.894 Y128.923 E.04138
G1 X145.477 Y128.116 E.03015
G1 X144.469 Y127.95 E.03388
G1 X143.262 Y127.668 E.04111
G1 X142.618 Y127.962 E.02348
G1 X141.963 Y128.388 E.02593
G1 X141.308 Y129.045 E.03078
G1 X140.653 Y130.107 E.04138
G1 X140.343 Y130.706 E.02237
G1 X136.82 Y130.706 E.11688
G1 X136.722 Y130.642 E.00388
G1 X136.067 Y129.985 E.03078
G1 X135.412 Y128.923 E.04138
G1 X134.756 Y127.655 E.04736
G1 X134.429 Y127.386 E.01405
G1 X134.101 Y127.338 E.01098
G1 X133.446 Y127.449 E.02204
G1 X132.791 Y127.663 E.02286
G1 X132.136 Y127.962 E.02388
G1 X131.481 Y128.388 E.02593
G1 X130.825 Y129.045 E.03078
G1 X130.17 Y130.107 E.04138
G1 X129.861 Y130.706 E.02237
G1 X126.337 Y130.706 E.11688
G1 X126.239 Y130.642 E.00388
M73 P51 R21
G1 X125.584 Y129.985 E.03078
G1 X124.929 Y128.923 E.04138
G1 X124.274 Y127.655 E.04736
G1 X123.946 Y127.386 E.01405
G1 X123.619 Y127.338 E.01098
G1 X122.963 Y127.449 E.02204
G1 X122.308 Y127.663 E.02286
G1 X121.653 Y127.962 E.02388
G1 X120.998 Y128.388 E.02593
G1 X120.343 Y129.045 E.03078
G1 X119.688 Y130.107 E.04138
G1 X119.378 Y130.706 E.02237
G1 X115.855 Y130.706 E.11688
G1 X115.757 Y130.642 E.00388
G1 X115.101 Y129.985 E.03078
G1 X114.446 Y128.923 E.04138
G1 X113.791 Y127.655 E.04736
G1 X113.464 Y127.386 E.01405
G1 X113.136 Y127.338 E.01098
G1 X112.481 Y127.449 E.02204
G1 X111.826 Y127.663 E.02286
G1 X111.171 Y127.962 E.02388
G1 X110.515 Y128.388 E.02593
G1 X109.86 Y129.045 E.03078
G1 X109.205 Y130.107 E.04138
G1 X108.896 Y130.706 E.02237
G1 X105.372 Y130.706 E.11688
G1 X105.274 Y130.642 E.00388
G1 X104.619 Y129.985 E.03078
G1 X103.964 Y128.923 E.04138
G1 X103.309 Y127.655 E.04736
G1 X102.981 Y127.386 E.01405
G1 X102.653 Y127.338 E.01098
G1 X101.998 Y127.449 E.02204
G1 X101.343 Y127.663 E.02286
G1 X100.688 Y127.962 E.02388
G1 X100.033 Y128.388 E.02593
G1 X99.378 Y129.045 E.03078
G1 X98.722 Y130.107 E.04138
G1 X98.413 Y130.706 E.02237
G1 X94.889 Y130.706 E.11688
G1 X94.791 Y130.642 E.00388
G1 X94.136 Y129.985 E.03078
G1 X93.481 Y128.923 E.04138
G1 X92.826 Y127.655 E.04736
G1 X92.498 Y127.386 E.01405
G1 X92.171 Y127.338 E.01098
G1 X91.516 Y127.449 E.02204
G1 X90.86 Y127.663 E.02286
G1 X90.205 Y127.962 E.02388
G1 X89.55 Y128.388 E.02593
G1 X88.895 Y129.045 E.03078
G1 X88.24 Y130.107 E.04138
G1 X87.93 Y130.706 E.02237
G1 X84.407 Y130.706 E.11688
G1 X84.309 Y130.642 E.00388
G1 X83.654 Y129.985 E.03078
G1 X82.998 Y128.923 E.04138
G1 X82.343 Y127.655 E.04736
G1 X82.016 Y127.386 E.01405
G1 X81.688 Y127.338 E.01098
G1 X81.033 Y127.449 E.02204
G1 X80.378 Y127.663 E.02286
G1 X79.723 Y127.962 E.02388
G1 X79.068 Y128.388 E.02593
G1 X78.412 Y129.045 E.03078
G1 X77.757 Y130.107 E.04138
G1 X77.448 Y130.706 E.02237
G1 X73.924 Y130.706 E.11688
G1 X73.826 Y130.642 E.00388
G1 X73.171 Y129.985 E.03078
G1 X72.516 Y128.923 E.04138
G1 X71.861 Y127.655 E.04736
G1 X71.533 Y127.386 E.01405
G1 X71.206 Y127.338 E.01098
G1 X70.55 Y127.449 E.02204
G1 X69.895 Y127.663 E.02286
G1 X69.24 Y127.962 E.02388
G1 X68.585 Y128.388 E.02593
G1 X67.93 Y129.045 E.03078
G1 X67.275 Y130.107 E.04138
G1 X66.965 Y130.706 E.02237
G1 X63.442 Y130.706 E.11688
G1 X63.344 Y130.642 E.00388
G1 X62.688 Y129.985 E.03078
G1 X62.033 Y128.923 E.04138
G1 X61.378 Y127.655 E.04736
G1 X61.051 Y127.386 E.01405
G1 X60.723 Y127.338 E.01098
G1 X60.068 Y127.449 E.02204
G1 X59.413 Y127.663 E.02286
G1 X58.757 Y127.962 E.02388
G1 X58.102 Y128.388 E.02593
G1 X57.447 Y129.045 E.03078
G1 X56.792 Y130.107 E.04138
G1 X56.483 Y130.706 E.02237
G1 X52.959 Y130.706 E.11688
G1 X52.861 Y130.642 E.00388
G1 X52.206 Y129.985 E.03078
G1 X51.551 Y128.923 E.04138
G1 X51.294 Y128.427 E.01855
G1 X51.294 Y126.413 E.0668
G1 X51.551 Y126.45 E.0086
G1 X52.206 Y126.34 E.02204
G1 X52.861 Y126.126 E.02286
G1 X53.516 Y125.827 E.02388
G1 X54.171 Y125.401 E.02593
G1 X54.826 Y124.744 E.03078
G1 X55.482 Y123.682 E.04138
G1 X56.137 Y122.414 E.04736
G1 X56.464 Y122.145 E.01405
G1 X56.792 Y122.097 E.01098
G1 X57.447 Y122.208 E.02204
G1 X58.102 Y122.422 E.02286
G1 X58.757 Y122.72 E.02388
G1 X59.413 Y123.147 E.02593
G1 X60.068 Y123.804 E.03078
G1 X60.723 Y124.865 E.04138
G1 X61.378 Y126.134 E.04736
G1 X61.706 Y126.402 E.01405
G1 X62.033 Y126.45 E.01098
G1 X62.688 Y126.34 E.02204
G1 X63.344 Y126.126 E.02286
G1 X63.999 Y125.827 E.02388
G1 X64.654 Y125.401 E.02593
G1 X65.309 Y124.744 E.03078
G1 X65.964 Y123.682 E.04138
G1 X66.272 Y123.087 E.02222
G1 X66.566 Y123.22 E.01073
G1 X67.443 Y123.548 E.03103
G1 X68.263 Y123.796 E.02844
G1 X69.25 Y124.027 E.03361
G1 X70.173 Y124.176 E.03103
G1 X70.82 Y124.24 E.02155
G1 X71.206 Y124.865 E.02438
G1 X71.861 Y126.134 E.04736
G1 X72.188 Y126.402 E.01405
G1 X72.516 Y126.45 E.01098
G1 X73.171 Y126.34 E.02204
G1 X73.826 Y126.126 E.02286
G1 X74.481 Y125.827 E.02388
G1 X75.137 Y125.401 E.02593
G1 X75.792 Y124.744 E.03078
G1 X76.509 Y123.562 E.04585
G1 X77.506 Y123.191 E.0353
G1 X78.287 Y122.837 E.02844
G1 X79.068 Y122.422 E.02933
G1 X79.723 Y122.72 E.02387
G1 X80.378 Y123.147 E.02593
G1 X81.033 Y123.804 E.03078
G1 X81.688 Y124.865 E.04138
G1 X82.343 Y126.134 E.04736
G1 X82.671 Y126.402 E.01405
G1 X82.998 Y126.45 E.01098
G1 X83.654 Y126.34 E.02204
G1 X84.309 Y126.126 E.02286
G1 X84.964 Y125.827 E.02388
G1 X85.619 Y125.401 E.02593
G1 X86.274 Y124.744 E.03078
G1 X86.929 Y123.682 E.04138
G1 X87.585 Y122.414 E.04736
G1 X87.912 Y122.145 E.01405
G1 X88.24 Y122.097 E.01098
G1 X88.895 Y122.208 E.02204
G1 X89.55 Y122.422 E.02286
G1 X90.205 Y122.72 E.02388
G1 X90.86 Y123.147 E.02593
G1 X91.516 Y123.804 E.03078
G1 X92.171 Y124.865 E.04138
G1 X92.826 Y126.134 E.04736
G1 X93.154 Y126.402 E.01405
G1 X93.481 Y126.45 E.01098
G1 X94.136 Y126.34 E.02204
G1 X94.791 Y126.126 E.02286
G1 X95.447 Y125.827 E.02388
G1 X96.102 Y125.401 E.02593
G1 X96.757 Y124.744 E.03078
G1 X97.412 Y123.682 E.04138
G1 X98.067 Y122.414 E.04736
G1 X98.395 Y122.145 E.01405
G1 X98.722 Y122.097 E.01098
G1 X99.177 Y122.174 E.0153
G1 X98.506 Y121.549 E.03042
G1 X97.968 Y120.974 E.02613
G1 X97.74 Y121.161 E.00979
G1 X97.412 Y121.209 E.01098
G1 X96.757 Y121.098 E.02204
G1 X96.102 Y120.884 E.02286
G1 X95.447 Y120.586 E.02388
G1 X94.791 Y120.16 E.02593
G1 X94.136 Y119.502 E.03078
G1 X93.481 Y118.441 E.04138
G1 X92.826 Y117.172 E.04736
G1 X92.498 Y116.904 E.01405
G1 X92.171 Y116.856 E.01098
G1 X91.516 Y116.967 E.02204
G1 X90.86 Y117.181 E.02286
G1 X90.205 Y117.479 E.02388
G1 X89.55 Y117.905 E.02593
G1 X88.895 Y118.563 E.03078
G1 X88.24 Y119.624 E.04138
G1 X87.585 Y120.893 E.04736
G1 X87.257 Y121.161 E.01405
G1 X86.929 Y121.209 E.01098
G1 X86.274 Y121.098 E.02204
G1 X85.619 Y120.884 E.02286
G1 X84.964 Y120.586 E.02388
G1 X84.309 Y120.16 E.02593
G1 X83.654 Y119.502 E.03078
G1 X83.237 Y118.828 E.0263
G1 X83.881 Y117.948 E.03617
G1 X84.387 Y117.134 E.03178
G1 X84.802 Y116.357 E.02924
G1 X85.22 Y115.434 E.03362
G1 X85.347 Y115.095 E.01198
G1 X85.619 Y114.918 E.01078
G1 X86.274 Y114.261 E.03078
G1 X86.929 Y113.2 E.04138
G1 X87.585 Y111.931 E.04736
G1 X87.912 Y111.662 E.01405
G1 X88.24 Y111.614 E.01098
G1 X88.895 Y111.725 E.02204
G1 X89.55 Y111.939 E.02286
G1 X90.205 Y112.238 E.02388
G1 X90.86 Y112.664 E.02593
G1 X91.516 Y113.321 E.03078
G1 X92.171 Y114.383 E.04138
G1 X92.826 Y115.651 E.04736
G1 X93.154 Y115.92 E.01405
G1 X93.481 Y115.968 E.01098
G1 X94.136 Y115.857 E.02204
G1 X94.732 Y115.662 E.0208
G1 X94.559 Y115.2 E.01637
G1 X94.238 Y114.112 E.03764
M205 X8 Y8
G1 X86.256 Y108.988 F7200
M205 X10 Y10
G1 F3000
G1 X86.294 Y109.961 E.03231
G1 X86.272 Y110.615 E.0217
G1 X86.929 Y110.727 E.02212
G1 X87.257 Y110.679 E.01098
G1 X87.585 Y110.41 E.01405
G1 X88.24 Y109.141 E.04736
G1 X88.895 Y108.08 E.04138
G1 X89.55 Y107.423 E.03078
G1 X90.205 Y106.996 E.02593
G1 X90.86 Y106.698 E.02388
G1 X91.516 Y106.484 E.02286
G1 X92.171 Y106.373 E.02204
G1 X92.498 Y106.421 E.01098
G1 X92.826 Y106.69 E.01405
G1 X93.481 Y107.958 E.04736
G1 X93.787 Y108.454 E.01935
G1 X93.843 Y107.895 E.01865
G1 X94.012 Y106.86 E.03481
G1 X94.272 Y105.745 E.03795
G1 X94.412 Y105.284 E.01597
G1 X94.136 Y105.374 E.00961
G1 X93.481 Y105.485 E.02204
G1 X93.154 Y105.437 E.01098
G1 X92.826 Y105.169 E.01405
G1 X92.171 Y103.9 E.04736
G1 X91.516 Y102.839 E.04138
G1 X90.86 Y102.181 E.03078
G1 X90.205 Y101.755 E.02593
G1 X89.55 Y101.457 E.02388
G1 X88.895 Y101.243 E.02286
G1 X88.24 Y101.132 E.02204
G1 X87.912 Y101.18 E.01098
G1 X87.585 Y101.448 E.01405
G1 X86.929 Y102.717 E.04736
G1 X86.274 Y103.778 E.04138
G1 X85.619 Y104.436 E.03078
G1 X85.257 Y104.671 E.01432
G1 X84.837 Y103.713 E.0347
G1 X84.398 Y102.887 E.03102
G1 X83.881 Y102.052 E.03257
G1 X83.364 Y101.33 E.02949
G1 X82.772 Y100.605 E.03103
G1 X82.079 Y99.865 E.03362
G1 X81.395 Y99.228 E.03103
G1 X80.732 Y98.684 E.02844
G1 X79.909 Y98.094 E.03361
G1 X79.181 Y97.641 E.02844
G1 X78.652 Y97.357 E.0199
G1 X79.068 Y96.94 E.01951
G1 X79.723 Y96.514 E.02593
G1 X80.378 Y96.215 E.02388
G1 X81.033 Y96.002 E.02286
G1 X81.688 Y95.891 E.02204
G1 X82.016 Y95.939 E.01098
G1 X82.343 Y96.207 E.01405
G1 X82.998 Y97.476 E.04736
G1 X83.654 Y98.537 E.04138
G1 X84.309 Y99.194 E.03078
G1 X84.964 Y99.621 E.02593
G1 X85.619 Y99.919 E.02388
G1 X86.274 Y100.133 E.02286
G1 X86.929 Y100.244 E.02204
G1 X87.257 Y100.196 E.01098
G1 X87.585 Y99.927 E.01405
G1 X88.24 Y98.659 E.04736
G1 X88.895 Y97.597 E.04138
G1 X89.55 Y96.94 E.03078
G1 X90.205 Y96.514 E.02593
G1 X90.86 Y96.215 E.02388
G1 X91.516 Y96.002 E.02286
G1 X92.171 Y95.891 E.02204
G1 X92.498 Y95.939 E.01098
G1 X92.826 Y96.207 E.01405
G1 X93.481 Y97.476 E.04736
G1 X94.136 Y98.537 E.04138
G1 X94.791 Y99.194 E.03078
G1 X95.447 Y99.621 E.02593
G1 X96.102 Y99.919 E.02388
G1 X96.757 Y100.133 E.02286
G1 X97.007 Y100.175 E.00843
G1 X97.724 Y99.286 E.03788
G1 X98.451 Y98.506 E.03537
G1 X99.313 Y97.702 E.03909
G1 X99.378 Y97.597 E.0041
G1 X100.033 Y96.94 E.03078
G1 X100.688 Y96.514 E.02593
G1 X101.3 Y96.235 E.0223
G1 X101.887 Y95.87 E.02294
G1 X102.713 Y95.428 E.03107
G1 E-4.5 F2700
;WIPE_START
G1 F3000
G1 X101.887 Y95.87 E-.22248
G1 X101.3 Y96.235 E-.16425
G1 X100.961 Y96.389 E-.08827
;WIPE_END
G1 E-.025 F2700
M205 X8 Y8
G1 X108.551 Y97.202 Z1.8 F7200
G1 X121.636 Y98.603 Z1.8
G1 Z1.4
G1 E5 F2400
M205 X10 Y10
G1 F3000
G1 X120.714 Y97.724 E.04226
G1 X120.44 Y97.5 E.01174
G1 X120.998 Y96.94 E.02621
G1 X121.653 Y96.514 E.02593
G1 X122.308 Y96.215 E.02388
G1 X122.963 Y96.002 E.02286
G1 X123.619 Y95.891 E.02204
G1 X123.946 Y95.939 E.01098
G1 X124.274 Y96.207 E.01405
G1 X124.929 Y97.476 E.04736
G1 X125.584 Y98.537 E.04138
G1 X126.239 Y99.194 E.03078
G1 X126.894 Y99.621 E.02593
G1 X127.55 Y99.919 E.02388
G1 X128.205 Y100.133 E.02286
G1 X128.86 Y100.244 E.02204
G1 X129.187 Y100.196 E.01098
G1 X129.515 Y99.927 E.01405
G1 X130.17 Y98.659 E.04736
G1 X130.825 Y97.597 E.04138
G1 X131.481 Y96.94 E.03078
G1 X132.136 Y96.514 E.02593
G1 X132.791 Y96.215 E.02388
G1 X133.446 Y96.002 E.02286
G1 X134.101 Y95.891 E.02204
G1 X134.429 Y95.939 E.01098
G1 X134.756 Y96.207 E.01405
G1 X135.156 Y96.981 E.02888
G1 X134.272 Y97.909 E.04252
G1 X133.511 Y98.833 E.03971
G1 X132.794 Y99.829 E.04073
G1 X132.158 Y100.851 E.03991
G1 X131.764 Y101.586 E.02766
G1 X131.481 Y101.457 E.01035
G1 X130.825 Y101.243 E.02286
G1 X130.17 Y101.132 E.02204
G1 X129.843 Y101.18 E.01098
G1 X129.515 Y101.448 E.01405
G1 X128.86 Y102.717 E.04736
G1 X128.205 Y103.778 E.04138
G1 X127.55 Y104.436 E.03078
G1 X126.894 Y104.862 E.02593
G1 X126.239 Y105.16 E.02388
G1 X125.613 Y105.365 E.02186
G1 X125.728 Y105.745 E.01318
G1 X125.973 Y106.783 E.03537
G1 X126.159 Y107.912 E.03796
G1 X126.258 Y108.922 E.03365
G1 X126.285 Y109.707 E.02606
G1 X126.894 Y110.103 E.02412
G1 X127.55 Y110.402 E.02388
G1 X128.205 Y110.616 E.02286
G1 X128.86 Y110.727 E.02204
G1 X129.187 Y110.679 E.01098
G1 X129.515 Y110.41 E.01405
G1 X129.706 Y110.039 E.01384
G1 X129.746 Y111.208 E.0388
G1 X129.794 Y111.702 E.01645
G1 X129.515 Y111.931 E.01198
G1 X128.86 Y113.2 E.04736
G1 X128.205 Y114.261 E.04138
G1 X127.55 Y114.918 E.03078
G1 X126.894 Y115.345 E.02593
G1 X126.239 Y115.643 E.02388
G1 X125.584 Y115.857 E.02286
G1 X125.17 Y115.927 E.01394
G1 X125.068 Y116.199 E.00964
G1 X124.596 Y117.241 E.03796
G1 X124.45 Y117.514 E.01025
G1 X124.929 Y118.441 E.0346
G1 X125.584 Y119.502 E.04138
G1 X126.239 Y120.16 E.03078
G1 X126.894 Y120.586 E.02593
G1 X127.55 Y120.884 E.02388
G1 X128.205 Y121.098 E.02286
G1 X128.86 Y121.209 E.02204
G1 X129.187 Y121.161 E.01098
G1 X129.515 Y120.893 E.01405
G1 X130.17 Y119.624 E.04736
G1 X130.825 Y118.563 E.04138
G1 X131.503 Y117.891 E.03165
G1 X131.608 Y118.122 E.00843
G1 X132.138 Y119.113 E.03726
G1 X132.794 Y120.171 E.04128
G1 X133.463 Y121.105 E.03814
G1 X134.22 Y122.032 E.03971
G1 X135.092 Y122.963 E.0423
G1 X135.968 Y123.78 E.03971
G1 X136.833 Y124.49 E.03712
G1 X137.869 Y125.232 E.0423
G1 X138.074 Y125.359 E.00799
G1 X137.377 Y125.827 E.02785
G1 X136.722 Y126.126 E.02388
G1 X136.067 Y126.34 E.02286
G1 X135.412 Y126.45 E.02204
G1 X135.084 Y126.402 E.01098
G1 X134.756 Y126.134 E.01405
G1 X134.101 Y124.865 E.04736
G1 X133.446 Y123.804 E.04138
G1 X132.791 Y123.147 E.03078
G1 X132.136 Y122.72 E.02593
G1 X131.481 Y122.422 E.02388
G1 X130.825 Y122.208 E.02286
G1 X130.17 Y122.097 E.02204
G1 X129.843 Y122.145 E.01098
G1 X129.515 Y122.414 E.01405
G1 X128.86 Y123.682 E.04736
G1 X128.205 Y124.744 E.04138
G1 X127.55 Y125.401 E.03078
G1 X126.894 Y125.827 E.02593
G1 X126.239 Y126.126 E.02388
G1 X125.584 Y126.34 E.02286
G1 X124.929 Y126.45 E.02204
G1 X124.601 Y126.402 E.01098
G1 X124.274 Y126.134 E.01405
G1 X123.619 Y124.865 E.04736
G1 X122.963 Y123.804 E.04138
G1 X122.308 Y123.147 E.03078
G1 X121.653 Y122.72 E.02593
G1 X120.998 Y122.422 E.02388
G1 X120.667 Y122.314 E.01154
G1 X119.888 Y122.95 E.03338
G1 X119.085 Y123.526 E.03278
G1 X118.095 Y124.14 E.03864
G1 X117.722 Y124.744 E.02354
G1 X117.067 Y125.401 E.03078
G1 X116.412 Y125.827 E.02593
G1 X115.757 Y126.126 E.02388
G1 X115.101 Y126.34 E.02286
G1 X114.446 Y126.45 E.02204
G1 X114.119 Y126.402 E.01098
G1 X113.791 Y126.134 E.01405
G1 X113.655 Y125.87 E.00986
G1 X113.152 Y125.986 E.01711
G1 X112.165 Y126.149 E.03318
G1 X111.105 Y126.256 E.03537
G1 X110 Y126.294 E.03667
G1 X108.895 Y126.256 E.03666
G1 X107.912 Y126.159 E.03278
G1 X106.86 Y125.988 E.03537
G1 X105.993 Y125.786 E.02953
G1 X105.274 Y126.126 E.02637
G1 X104.619 Y126.34 E.02286
G1 X103.964 Y126.45 E.02204
G1 X103.636 Y126.402 E.01098
G1 X103.309 Y126.134 E.01405
G1 X102.653 Y124.865 E.04736
G1 X102.353 Y124.379 E.01894
G1 X102.759 Y124.596 E.01524
G1 X103.824 Y125.077 E.03877
G1 E-4.5 F2700
;WIPE_START
G1 F3000
G1 X102.759 Y124.596 E-.27761
G1 X102.353 Y124.379 E-.1091
G1 X102.549 Y124.696 E-.08829
;WIPE_END
G1 E-.025 F2700
M205 X8 Y8
G1 X96.306 Y120.304 Z1.8 F7200
G1 X52.23 Y89.294 Z1.8
G1 Z1.4
G1 E5 F2400
M205 X10 Y10
G1 F3000
G1 X53.859 Y89.294 E.05401
G1 X54.171 Y89.437 E.0114
G1 X54.826 Y89.65 E.02286
G1 X55.482 Y89.761 E.02204
G1 X55.809 Y89.713 E.01098
G1 X56.137 Y89.445 E.01405
G1 X56.215 Y89.294 E.00563
G1 X64.341 Y89.294 E.26958
G1 X64.654 Y89.437 E.0114
G1 X65.309 Y89.65 E.02286
G1 X65.964 Y89.761 E.02204
G1 X66.292 Y89.713 E.01098
G1 X66.619 Y89.445 E.01405
G1 X66.697 Y89.294 E.00563
G1 X74.824 Y89.294 E.26958
G1 X75.137 Y89.437 E.0114
G1 X75.792 Y89.65 E.02286
G1 X76.447 Y89.761 E.02204
G1 X76.774 Y89.713 E.01098
G1 X77.102 Y89.445 E.01405
G1 X77.18 Y89.294 E.00563
G1 X85.307 Y89.294 E.26958
G1 X85.619 Y89.437 E.0114
G1 X86.274 Y89.65 E.02286
G1 X86.929 Y89.761 E.02204
G1 X87.257 Y89.713 E.01098
G1 X87.585 Y89.445 E.01405
G1 X87.662 Y89.294 E.00563
G1 X95.789 Y89.294 E.26958
G1 X96.102 Y89.437 E.0114
G1 X96.757 Y89.65 E.02286
G1 X97.412 Y89.761 E.02204
G1 X97.74 Y89.713 E.01098
G1 X98.067 Y89.445 E.01405
G1 X98.145 Y89.294 E.00563
G1 X106.272 Y89.294 E.26958
G1 X106.584 Y89.437 E.0114
G1 X107.24 Y89.65 E.02286
G1 X107.895 Y89.761 E.02204
G1 X108.222 Y89.713 E.01098
G1 X108.55 Y89.445 E.01405
G1 X108.628 Y89.294 E.00563
G1 X116.754 Y89.294 E.26958
G1 X117.067 Y89.437 E.0114
G1 X117.722 Y89.65 E.02286
G1 X118.377 Y89.761 E.02204
G1 X118.705 Y89.713 E.01098
G1 X119.032 Y89.445 E.01405
G1 X119.11 Y89.294 E.00563
G1 X127.237 Y89.294 E.26958
G1 X127.55 Y89.437 E.0114
G1 X128.205 Y89.65 E.02286
G1 X128.86 Y89.761 E.02204
G1 X129.187 Y89.713 E.01098
G1 X129.515 Y89.445 E.01405
G1 X129.593 Y89.294 E.00563
G1 X137.72 Y89.294 E.26958
G1 X138.032 Y89.437 E.0114
G1 X138.687 Y89.65 E.02286
G1 X139.343 Y89.761 E.02204
G1 X139.67 Y89.713 E.01098
G1 X139.998 Y89.445 E.01405
G1 X140.076 Y89.294 E.00563
G1 X148.202 Y89.294 E.26958
G1 X148.515 Y89.437 E.0114
G1 X149.17 Y89.65 E.02286
G1 X149.825 Y89.761 E.02204
G1 X150.153 Y89.713 E.01098
G1 X150.48 Y89.445 E.01405
G1 X150.558 Y89.294 E.00563
G1 X158.685 Y89.294 E.26958
G1 X158.997 Y89.437 E.0114
G1 X159.653 Y89.65 E.02286
G1 X160.308 Y89.761 E.02204
G1 X160.635 Y89.713 E.01098
G1 X160.963 Y89.445 E.01405
G1 X161.041 Y89.294 E.00563
G1 X162.669 Y89.294 E.05401
; stop printing object V7_00_pH_fit_gauge_26_30_34.stl id:0 copy 0
;TIME_ELAPSED:1355.769409

;LAYER_CHANGE
;:1.6
;HEIGHT:0.2
;BEFORE_LAYER_CHANGE
;1.6
G92 E0
;TIME_ELAPSED:1395.112061
G1 E-4.5 F2700
;WIPE_START
G1 F3000
G1 X161.041 Y89.294 E-.38673
G1 X160.963 Y89.445 E-.04027
G1 X160.807 Y89.573 E-.048
;WIPE_END
G1 E-.025 F2700
;_SET_FAN_SPEED_CHANGING_LAYER
; OBJECT_ID: 15
; printing object V7_00_pH_fit_gauge_26_30_34.stl id:0 copy 0
M205 X8 Y8
G17
G3 Z1.8 I-1.194 J.236 P1  F7200
G1 X168.991 Y130.991 Z1.8
G1 Z1.6
G1 E5 F2400
M205 X10 Y10
;TYPE:Inner wall
;WIDTH:0.449999
G1 F2700
G1 X51.009 Y130.991 E3.91366
G1 X51.009 Y89.009 E1.39261
G1 X168.991 Y89.009 E3.91366
G1 X168.991 Y130.951 E1.39128
M205 X8 Y8
M73 P52 R20
G1 X169.398 Y131.398 F7200
M205 X10 Y10
G1 F2700
G1 X50.602 Y131.398 E3.94067
G1 X50.602 Y88.602 E1.41961
G1 X169.398 Y88.602 E3.94067
G1 X169.398 Y131.358 E1.41829
M205 X8 Y8
G1 X169.79 Y131.79 F7200
M205 X10 Y10
;TYPE:Outer wall
;WIDTH:0.419999
G1 F2400
G1 X50.21 Y131.79 E3.67435
G1 X50.21 Y88.21 E1.33909
G1 X169.79 Y88.21 E3.67435
G1 X169.79 Y131.75 E1.33786
G1 E-4.5 F2700
;WIPE_START
G1 F2400
G1 X167.79 Y131.751 E-.475
;WIPE_END
G1 E-.025 F2700
M205 X8 Y8
G1 X161.553 Y127.351 Z2 F7200
G1 X130.567 Y105.496 Z2
G1 Z1.6
G1 E5 F2400
M205 X10 Y10
;TYPE:Inner wall
;WIDTH:0.449999
G1 F2700
G1 X130.597 Y105.37 E.00428
G1 X130.937 Y104.242 E.03909
G1 X131.35 Y103.138 E.03909
G1 X131.567 Y102.654 E.0176
G1 X131.834 Y102.064 E.02149
G1 X132.388 Y101.024 E.03909
G1 X133.008 Y100.022 E.03909
G1 X133.711 Y99.037 E.04014
G1 X134.46 Y98.125 E.03912
G1 X135.265 Y97.265 E.03909
G1 X136.125 Y96.46 E.03909
G1 X137.036 Y95.712 E.0391
G1 X137.994 Y95.025 E.03909
G1 X138.995 Y94.403 E.03909
G1 X140.035 Y93.848 E.03909
G1 X141.108 Y93.361 E.03909
G1 X142.211 Y92.946 E.03909
G1 X143.339 Y92.604 E.03909
G1 X144.486 Y92.336 E.03909
G1 X145.649 Y92.144 E.03909
G1 X146.822 Y92.029 E.03909
G1 X148 Y91.99 E.03909
G1 X149.178 Y92.029 E.03909
G1 X150.351 Y92.144 E.03909
G1 X151.514 Y92.336 E.03909
G1 X152.661 Y92.604 E.03909
G1 X153.789 Y92.946 E.03909
G1 X154.892 Y93.361 E.03909
G1 X155.965 Y93.848 E.03909
G1 X157.005 Y94.403 E.03909
G1 X158.006 Y95.025 E.03909
G1 X158.964 Y95.712 E.03909
G1 X159.875 Y96.46 E.03909
G1 X160.735 Y97.265 E.03909
G1 X161.54 Y98.125 E.03909
G1 X162.288 Y99.036 E.03909
G1 X162.975 Y99.994 E.03909
G1 X163.597 Y100.995 E.03909
G1 X164.152 Y102.034 E.03909
G1 X164.639 Y103.108 E.03909
G1 X165.054 Y104.211 E.03909
G1 X165.396 Y105.339 E.03909
G1 X165.664 Y106.486 E.03909
G1 X165.856 Y107.649 E.03909
G1 X165.971 Y108.822 E.03909
G1 X166.01 Y110 E.03909
G1 X165.971 Y111.178 E.03909
G1 X165.856 Y112.351 E.03909
G1 X165.664 Y113.514 E.03909
G1 X165.396 Y114.661 E.03909
G1 X165.054 Y115.789 E.03909
G1 X164.639 Y116.892 E.03909
G1 X164.152 Y117.965 E.03909
G1 X163.597 Y119.005 E.03909
G1 X162.975 Y120.006 E.03909
G1 X162.288 Y120.964 E.03909
G1 X161.54 Y121.875 E.03909
G1 X160.735 Y122.735 E.03909
G1 X159.875 Y123.54 E.03909
G1 X158.964 Y124.288 E.03909
G1 X158.006 Y124.975 E.03909
G1 X157.005 Y125.597 E.03909
G1 X155.965 Y126.152 E.03909
G1 X154.892 Y126.639 E.03909
G1 X153.789 Y127.054 E.03909
G1 X152.661 Y127.396 E.03909
G1 X151.514 Y127.664 E.03909
G1 X150.351 Y127.856 E.03909
G1 X149.178 Y127.971 E.03909
G1 X148 Y128.01 E.03909
G1 X146.822 Y127.971 E.03909
G1 X145.649 Y127.856 E.03909
G1 X144.486 Y127.664 E.03909
G1 X143.339 Y127.396 E.03909
G1 X142.211 Y127.054 E.03909
G1 X141.108 Y126.639 E.03909
G1 X140.034 Y126.152 E.03909
G1 X138.995 Y125.597 E.03909
G1 X137.994 Y124.975 E.03909
G1 X137.036 Y124.288 E.03909
G1 X136.125 Y123.54 E.03909
G1 X135.265 Y122.735 E.03909
G1 X134.46 Y121.875 E.03909
G1 X133.732 Y120.989 E.03802
G1 X133.24 Y120.305 E.02796
G1 X132.539 Y119.224 E.04273
G1 X132.026 Y118.3 E.03504
G1 X131.35 Y116.862 E.05273
G1 X130.957 Y115.819 E.03695
G1 X130.597 Y114.63 E.04123
G1 X130.344 Y113.545 E.03695
G1 X130.15 Y112.383 E.03909
G1 X130.032 Y111.21 E.03909
G1 X129.991 Y110.032 E.03909
G1 X130.024 Y108.985 E.03475
G1 X130.115 Y107.942 E.03472
G1 X130.267 Y106.909 E.03466
G1 X130.476 Y105.888 E.03456
G1 X130.558 Y105.535 E.01203
M205 X8 Y8
G1 X130.964 Y105.588 F7200
M205 X10 Y10
G1 F2700
G1 X130.993 Y105.463 E.00428
G1 X131.206 Y104.756 E.02448
G1 X131.443 Y104.047 E.0248
G1 X131.731 Y103.282 E.02713
G1 X132.205 Y102.232 E.03821
G1 X132.747 Y101.216 E.03821
G1 X133.354 Y100.237 E.03821
G1 X134.035 Y99.285 E.03883
G1 X134.766 Y98.394 E.03822
G1 X135.553 Y97.553 E.03821
G1 X136.394 Y96.766 E.03821
G1 X137.284 Y96.035 E.03821
G1 X138.221 Y95.364 E.03821
G1 X139.199 Y94.756 E.03821
G1 X140.215 Y94.213 E.03821
G1 X141.264 Y93.737 E.03821
G1 X142.342 Y93.332 E.03821
G1 X143.444 Y92.997 E.03821
G1 X144.566 Y92.736 E.03821
G1 X145.702 Y92.548 E.03821
G1 X146.849 Y92.435 E.03821
G1 X148 Y92.398 E.03821
G1 X149.151 Y92.435 E.03821
G1 X150.298 Y92.548 E.03821
G1 X151.434 Y92.736 E.03821
G1 X152.556 Y92.997 E.03821
G1 X153.658 Y93.332 E.03821
G1 X154.736 Y93.737 E.03821
G1 X155.785 Y94.213 E.03821
G1 X156.801 Y94.756 E.03821
G1 X157.779 Y95.364 E.03821
G1 X158.716 Y96.035 E.03821
G1 X159.606 Y96.766 E.03821
G1 X160.447 Y97.553 E.03821
G1 X161.234 Y98.394 E.03821
G1 X161.965 Y99.284 E.03821
G1 X162.636 Y100.221 E.03821
G1 X163.244 Y101.199 E.03821
G1 X163.787 Y102.215 E.03821
G1 X164.263 Y103.264 E.03821
G1 X164.668 Y104.342 E.03821
G1 X165.003 Y105.444 E.03821
G1 X165.264 Y106.566 E.03821
G1 X165.452 Y107.702 E.03821
G1 X165.565 Y108.849 E.03821
G1 X165.602 Y110 E.03821
G1 X165.565 Y111.151 E.03821
G1 X165.452 Y112.298 E.03821
G1 X165.264 Y113.434 E.03821
G1 X165.003 Y114.556 E.03821
G1 X164.668 Y115.658 E.03821
G1 X164.263 Y116.736 E.03821
G1 X163.787 Y117.785 E.03821
G1 X163.244 Y118.801 E.03821
G1 X162.636 Y119.779 E.03821
G1 X161.965 Y120.716 E.03821
G1 X161.234 Y121.606 E.03821
G1 X160.447 Y122.447 E.03821
G1 X159.606 Y123.234 E.03821
G1 X158.716 Y123.965 E.03821
G1 X157.779 Y124.636 E.03821
G1 X156.801 Y125.244 E.03821
G1 X155.785 Y125.787 E.03821
G1 X154.736 Y126.262 E.03821
G1 X153.658 Y126.668 E.03821
G1 X152.556 Y127.003 E.03821
G1 X151.434 Y127.264 E.03821
G1 X150.298 Y127.452 E.03821
G1 X149.151 Y127.565 E.03821
G1 X148 Y127.602 E.03821
G1 X146.849 Y127.565 E.03821
G1 X145.702 Y127.452 E.03821
G1 X144.566 Y127.264 E.03821
G1 X143.444 Y127.003 E.03821
G1 X142.342 Y126.668 E.03821
G1 X141.264 Y126.263 E.03821
G1 X140.215 Y125.787 E.03821
G1 X139.199 Y125.244 E.03821
G1 X138.221 Y124.636 E.03821
G1 X137.284 Y123.965 E.03821
G1 X136.394 Y123.234 E.03821
G1 X135.553 Y122.447 E.03821
G1 X134.766 Y121.606 E.03821
G1 X134.047 Y120.73 E.03758
G1 X133.571 Y120.068 E.02708
G1 X132.885 Y119.009 E.04185
G1 X132.385 Y118.108 E.03415
G1 X131.731 Y116.718 E.05096
G1 X131.338 Y115.676 E.03695
G1 X130.926 Y114.248 E.0493
G1 X130.74 Y113.453 E.0271
G1 X130.551 Y112.316 E.03821
G1 X130.437 Y111.17 E.03821
G1 X130.398 Y110.019 E.03821
G1 X130.43 Y108.999 E.03387
G1 X130.521 Y107.982 E.03384
G1 X130.668 Y106.975 E.03378
G1 X130.872 Y105.98 E.03368
G1 X130.955 Y105.627 E.01203
M205 X8 Y8
G1 X131.346 Y105.677 F7200
M205 X10 Y10
;TYPE:Outer wall
;WIDTH:0.419999
G1 F2400
G1 X131.375 Y105.552 E.00396
G1 X131.581 Y104.87 E.02189
G1 X131.81 Y104.185 E.02218
G1 X132.098 Y103.42 E.02513
G1 X132.562 Y102.394 E.0346
G1 X133.093 Y101.4 E.0346
G1 X133.687 Y100.444 E.0346
G1 X134.346 Y99.523 E.03479
G1 X135.061 Y98.653 E.03461
G1 X135.831 Y97.831 E.0346
G1 X136.653 Y97.061 E.0346
G1 X137.523 Y96.346 E.03461
G1 X138.439 Y95.69 E.0346
G1 X139.395 Y95.096 E.03461
G1 X140.388 Y94.565 E.0346
G1 X141.414 Y94.1 E.0346
G1 X142.468 Y93.703 E.0346
G1 X143.546 Y93.376 E.03461
G1 X144.642 Y93.121 E.0346
G1 X145.754 Y92.937 E.03461
G1 X146.874 Y92.827 E.0346
G1 X148 Y92.79 E.0346
G1 X149.126 Y92.827 E.03461
G1 X150.246 Y92.937 E.0346
G1 X151.358 Y93.121 E.03461
G1 X152.454 Y93.376 E.0346
G1 X153.532 Y93.703 E.0346
G1 X154.586 Y94.1 E.0346
G1 X155.612 Y94.565 E.03461
G1 X156.605 Y95.096 E.0346
G1 X157.561 Y95.69 E.03461
G1 X158.477 Y96.346 E.0346
G1 X159.347 Y97.061 E.03461
G1 X160.169 Y97.831 E.0346
G1 X160.939 Y98.653 E.0346
G1 X161.654 Y99.523 E.0346
G1 X162.31 Y100.439 E.03461
G1 X162.904 Y101.395 E.0346
G1 X163.435 Y102.388 E.0346
G1 X163.9 Y103.414 E.03461
G1 X164.297 Y104.468 E.0346
G1 X164.624 Y105.546 E.0346
G1 X164.879 Y106.642 E.03461
G1 X165.063 Y107.754 E.03461
G1 X165.173 Y108.874 E.0346
G1 X165.21 Y110 E.0346
G1 X165.173 Y111.126 E.03461
G1 X165.063 Y112.246 E.0346
G1 X164.879 Y113.358 E.03461
G1 X164.624 Y114.454 E.0346
G1 X164.297 Y115.532 E.0346
G1 X163.9 Y116.586 E.03461
G1 X163.435 Y117.612 E.0346
G1 X162.904 Y118.605 E.0346
G1 X162.31 Y119.561 E.0346
G1 X161.654 Y120.477 E.03461
G1 X160.939 Y121.347 E.0346
G1 X160.169 Y122.169 E.0346
G1 X159.347 Y122.939 E.0346
G1 X158.477 Y123.654 E.03461
G1 X157.561 Y124.31 E.0346
G1 X156.605 Y124.904 E.03461
G1 X155.612 Y125.435 E.0346
G1 X154.586 Y125.9 E.0346
G1 X153.532 Y126.297 E.03461
G1 X152.454 Y126.624 E.0346
G1 X151.358 Y126.879 E.0346
G1 X150.246 Y127.063 E.03461
G1 X149.126 Y127.173 E.0346
G1 X148 Y127.21 E.0346
G1 X146.874 Y127.173 E.03461
G1 X145.754 Y127.063 E.0346
G1 X144.642 Y126.879 E.03461
G1 X143.546 Y126.624 E.0346
G1 X142.468 Y126.297 E.03461
G1 X141.414 Y125.9 E.0346
G1 X140.388 Y125.435 E.03461
M73 P53 R20
G1 X139.395 Y124.904 E.0346
G1 X138.439 Y124.31 E.03461
G1 X137.523 Y123.654 E.0346
G1 X136.653 Y122.939 E.03461
G1 X135.831 Y122.169 E.0346
G1 X135.061 Y121.347 E.0346
G1 X134.35 Y120.482 E.03442
G1 X133.889 Y119.839 E.0243
G1 X133.218 Y118.801 E.03798
G1 X132.731 Y117.923 E.03085
G1 X132.295 Y117.016 E.03093
G1 X131.911 Y116.084 E.03099
G1 X131.705 Y115.538 E.01792
G1 X131.308 Y114.159 E.04409
G1 X131.122 Y113.364 E.0251
G1 X130.938 Y112.252 E.0346
G1 X130.827 Y111.132 E.0346
G1 X130.79 Y110.006 E.0346
G1 X130.822 Y109.011 E.03058
G1 X130.911 Y108.021 E.03056
G1 X131.055 Y107.039 E.0305
G1 X131.254 Y106.069 E.03041
G1 X131.337 Y105.716 E.01114
G1 E-4.5 F2700
;WIPE_START
G1 F2400
G1 X131.375 Y105.552 E-.04014
G1 X131.581 Y104.87 E-.16916
G1 X131.81 Y104.185 E-.17147
G1 X131.949 Y103.814 E-.09423
;WIPE_END
G1 E-.025 F2700
M205 X8 Y8
G1 X127.893 Y110.279 Z2 F7200
G1 X125.456 Y114.162 Z2
G1 Z1.6
G1 E5 F2400
M205 X10 Y10
;TYPE:Inner wall
;WIDTH:0.449999
G1 F2700
G1 X125.149 Y115.176 E.03518
G1 X124.802 Y116.096 E.03261
G1 X124.343 Y117.109 E.03689
G1 X123.878 Y117.979 E.03273
G1 X123.443 Y118.684 E.02746
G1 X122.775 Y119.643 E.03878
G1 X122.057 Y120.531 E.03787
G1 X121.343 Y121.297 E.03475
G1 X120.58 Y122.015 E.03475
G1 X119.771 Y122.681 E.03475
G1 X118.921 Y123.293 E.03475
G1 X118.032 Y123.848 E.03475
G1 X117.109 Y124.343 E.03475
G1 X116.156 Y124.778 E.03475
G1 X115.176 Y125.149 E.03475
G1 X114.175 Y125.455 E.03475
G1 X113.155 Y125.695 E.03475
G1 X112.122 Y125.867 E.03475
G1 X111.079 Y125.972 E.03475
G1 X110.032 Y126.009 E.03475
G1 X108.985 Y125.976 E.03475
G1 X107.942 Y125.876 E.03475
G1 X106.909 Y125.707 E.03475
G1 X105.888 Y125.472 E.03475
G1 X104.885 Y125.169 E.03475
G1 X103.904 Y124.802 E.03475
G1 X102.949 Y124.372 E.03475
G1 X102.024 Y123.88 E.03475
G1 X101.133 Y123.329 E.03475
G1 X100.28 Y122.72 E.03475
G1 X99.469 Y122.057 E.03475
G1 X98.703 Y121.343 E.03475
G1 X97.985 Y120.58 E.03475
G1 X97.319 Y119.771 E.03475
G1 X96.707 Y118.921 E.03475
G1 X96.271 Y118.224 E.02728
G1 X95.82 Y117.415 E.0307
G1 X95.415 Y116.581 E.03079
G1 X95.198 Y116.096 E.0176
G1 X94.851 Y115.176 E.03261
G1 X94.491 Y113.951 E.04239
G1 X94.305 Y113.155 E.0271
G1 X94.133 Y112.122 E.03475
G1 X94.028 Y111.079 E.03475
G1 X93.991 Y110.032 E.03475
G1 X94.019 Y109.116 E.03041
G1 X94.098 Y108.204 E.03038
G1 X94.228 Y107.299 E.03032
G1 X94.528 Y105.888 E.04785
G1 X94.91 Y104.669 E.04236
G1 X95.198 Y103.904 E.02713
G1 X95.628 Y102.949 E.03475
G1 X96.12 Y102.024 E.03475
G1 X96.594 Y101.257 E.02992
G1 X97.28 Y100.28 E.03957
G1 X97.943 Y99.469 E.03475
G1 X98.657 Y98.703 E.03475
G1 X99.42 Y97.985 E.03475
G1 X100.229 Y97.319 E.03475
G1 X101.079 Y96.707 E.03475
G1 X101.968 Y96.152 E.03475
G1 X102.891 Y95.657 E.03475
G1 X103.844 Y95.222 E.03475
G1 X104.824 Y94.851 E.03475
G1 X105.825 Y94.545 E.03475
G1 X106.845 Y94.305 E.03475
G1 X107.878 Y94.133 E.03475
G1 X108.921 Y94.028 E.03475
G1 X109.968 Y93.991 E.03475
G1 X111.015 Y94.024 E.03475
G1 X112.058 Y94.124 E.03475
G1 X113.091 Y94.293 E.03475
G1 X114.112 Y94.528 E.03475
G1 X115.115 Y94.831 E.03475
G1 X116.096 Y95.198 E.03475
G1 X117.051 Y95.628 E.03475
G1 X117.976 Y96.12 E.03475
G1 X118.867 Y96.671 E.03475
G1 X119.72 Y97.28 E.03475
G1 X120.531 Y97.943 E.03475
G1 X121.297 Y98.657 E.03475
G1 X122.015 Y99.42 E.03475
G1 X122.531 Y100.046 E.0269
G1 X123.293 Y101.079 E.04259
G1 X123.848 Y101.968 E.03475
G1 X124.343 Y102.891 E.03475
G1 X124.778 Y103.844 E.03475
G1 X125.003 Y104.436 E.02102
G1 X125.455 Y105.825 E.04846
G1 X125.604 Y106.455 E.02146
G1 X125.824 Y107.617 E.03925
G1 X125.959 Y108.79 E.03915
G1 X126.009 Y109.968 E.0391
G1 X125.976 Y111.015 E.03475
G1 X125.876 Y112.058 E.03475
G1 X125.707 Y113.091 E.03475
G1 X125.472 Y114.112 E.03475
G1 X125.468 Y114.123 E.00039
M205 X8 Y8
G1 X125.065 Y114.05 F7200
M205 X10 Y10
G1 F2700
G1 X124.622 Y115.42 E.04777
G1 X124.421 Y115.953 E.01887
G1 X124.188 Y116.471 E.01886
G1 X123.679 Y117.489 E.03774
G1 X123.097 Y118.469 E.0378
G1 X122.444 Y119.406 E.0379
G1 X121.743 Y120.273 E.03699
G1 X121.046 Y121.019 E.03387
G1 X120.301 Y121.718 E.03387
G1 X119.513 Y122.366 E.03387
G1 X118.684 Y122.962 E.03387
G1 X117.817 Y123.502 E.03387
G1 X116.918 Y123.984 E.03387
G1 X115.988 Y124.407 E.03387
G1 X115.033 Y124.768 E.03387
G1 X114.056 Y125.065 E.03387
G1 X113.062 Y125.298 E.03387
G1 X112.055 Y125.466 E.03387
G1 X111.039 Y125.567 E.03387
G1 X110.019 Y125.602 E.03387
G1 X108.999 Y125.57 E.03387
G1 X107.982 Y125.471 E.03387
G1 X106.975 Y125.306 E.03387
G1 X105.98 Y125.075 E.03387
G1 X105.003 Y124.78 E.03387
G1 X104.047 Y124.421 E.03387
G1 X103.117 Y124.001 E.03387
G1 X102.216 Y123.521 E.03387
G1 X101.348 Y122.983 E.03387
G1 X100.517 Y122.389 E.03387
G1 X99.727 Y121.743 E.03387
G1 X98.981 Y121.046 E.03387
G1 X98.283 Y120.301 E.03387
G1 X97.634 Y119.513 E.03387
G1 X97.038 Y118.684 E.03387
G1 X96.617 Y118.009 E.0264
G1 X96.179 Y117.224 E.02981
G1 X95.785 Y116.413 E.02991
G1 X95.579 Y115.953 E.01672
G1 X95.232 Y115.033 E.03261
G1 X94.887 Y113.858 E.04062
G1 X94.702 Y113.062 E.0271
G1 X94.534 Y112.055 E.03387
G1 X94.433 Y111.039 E.03387
G1 X94.398 Y110.019 E.03387
G1 X94.426 Y109.129 E.02953
G1 X94.504 Y108.243 E.0295
G1 X94.63 Y107.365 E.02944
G1 X94.925 Y105.98 E.04696
G1 X95.138 Y105.274 E.02448
G1 X95.438 Y104.421 E.02998
G1 X95.999 Y103.117 E.04711
G1 X96.479 Y102.216 E.03387
G1 X96.94 Y101.472 E.02904
G1 X97.611 Y100.517 E.03869
G1 X98.257 Y99.727 E.03387
G1 X98.954 Y98.981 E.03387
G1 X99.699 Y98.283 E.03387
G1 X100.487 Y97.634 E.03387
G1 X101.316 Y97.038 E.03387
G1 X102.183 Y96.498 E.03387
G1 X103.082 Y96.016 E.03387
G1 X104.012 Y95.593 E.03387
G1 X104.967 Y95.232 E.03387
G1 X105.944 Y94.935 E.03387
G1 X106.938 Y94.702 E.03387
G1 X107.945 Y94.534 E.03387
G1 X108.961 Y94.433 E.03387
G1 X109.981 Y94.398 E.03387
G1 X111.001 Y94.43 E.03387
G1 X112.018 Y94.529 E.03387
G1 X113.025 Y94.694 E.03387
G1 X114.02 Y94.925 E.03387
G1 X114.997 Y95.22 E.03387
G1 X115.953 Y95.579 E.03387
G1 X116.883 Y95.999 E.03387
G1 X117.784 Y96.479 E.03387
G1 X118.652 Y97.017 E.03387
G1 X119.483 Y97.611 E.03387
G1 X120.273 Y98.257 E.03387
G1 X121.019 Y98.954 E.03387
G1 X121.718 Y99.699 E.03387
G1 X122.216 Y100.304 E.02602
G1 X122.962 Y101.316 E.04171
G1 X123.502 Y102.183 E.03387
G1 X123.984 Y103.082 E.03387
G1 X124.407 Y104.012 E.03387
G1 X124.622 Y104.58 E.02013
G1 X125.065 Y105.944 E.04758
G1 X125.207 Y106.547 E.02058
G1 X125.423 Y107.684 E.03836
G1 X125.554 Y108.83 E.03827
G1 X125.602 Y109.981 E.03822
G1 X125.57 Y111.001 E.03387
G1 X125.471 Y112.018 E.03387
G1 X125.306 Y113.025 E.03387
G1 X125.077 Y114.012 E.0336
M205 X8 Y8
G1 X124.693 Y113.931 F7200
M205 X10 Y10
;TYPE:Outer wall
;WIDTH:0.419999
G1 F2400
G1 X124.255 Y115.282 E.04366
G1 X124.054 Y115.815 E.01748
G1 X123.831 Y116.31 E.01668
G1 X123.333 Y117.304 E.03417
G1 X122.764 Y118.261 E.03422
G1 X122.126 Y119.178 E.03432
G1 X121.439 Y120.024 E.03347
G1 X120.759 Y120.751 E.03058
G1 X120.033 Y121.431 E.03058
G1 X119.264 Y122.063 E.03058
G1 X118.455 Y122.643 E.03058
G1 X117.61 Y123.169 E.03058
G1 X116.733 Y123.639 E.03058
G1 X115.826 Y124.05 E.03058
G1 X114.895 Y124.401 E.03058
G1 X113.943 Y124.69 E.03058
G1 X112.973 Y124.916 E.03058
G1 X111.991 Y125.079 E.03058
G1 X111.001 Y125.177 E.03058
G1 X110.006 Y125.21 E.03058
G1 X109.011 Y125.178 E.03058
G1 X108.021 Y125.081 E.03058
G1 X107.039 Y124.919 E.03058
G1 X106.069 Y124.693 E.03058
G1 X105.117 Y124.405 E.03058
G1 X104.185 Y124.054 E.03058
G1 X103.278 Y123.644 E.03058
G1 X102.4 Y123.175 E.03058
G1 X101.555 Y122.65 E.03058
G1 X100.746 Y122.071 E.03058
G1 X99.976 Y121.439 E.03058
G1 X99.249 Y120.759 E.03058
G1 X98.569 Y120.033 E.03058
G1 X97.937 Y119.264 E.03058
G1 X97.357 Y118.455 E.03058
G1 X96.95 Y117.801 E.02366
G1 X96.525 Y117.039 E.02683
G1 X96.143 Y116.251 E.02691
G1 X95.805 Y115.441 E.02697
G1 X95.599 Y114.895 E.01792
G1 X95.4 Y114.24 E.02102
G1 X95.186 Y113.413 E.02626
G1 X95.073 Y112.914 E.01571
G1 X94.921 Y111.991 E.02874
G1 X94.823 Y111.001 E.03058
G1 X94.79 Y110.006 E.03058
G1 X94.818 Y109.142 E.02656
G1 X94.894 Y108.282 E.02654
G1 X95.017 Y107.429 E.02648
G1 X95.307 Y106.069 E.04272
G1 X95.513 Y105.388 E.02188
G1 X95.805 Y104.559 E.02699
G1 X96.356 Y103.278 E.04285
G1 X96.825 Y102.4 E.03058
G1 X97.273 Y101.679 E.02611
G1 X97.929 Y100.746 E.03505
G1 X98.561 Y99.976 E.03058
G1 X99.241 Y99.249 E.03058
G1 X99.967 Y98.569 E.03058
G1 X100.736 Y97.937 E.03058
G1 X101.545 Y97.357 E.03058
G1 X102.39 Y96.831 E.03058
G1 X103.267 Y96.361 E.03058
G1 X104.174 Y95.95 E.03058
G1 X105.105 Y95.599 E.03058
G1 X106.057 Y95.31 E.03058
G1 X107.027 Y95.084 E.03058
G1 X108.009 Y94.921 E.03058
G1 X108.999 Y94.823 E.03058
G1 X109.994 Y94.79 E.03058
G1 X110.989 Y94.822 E.03058
G1 X111.979 Y94.919 E.03058
G1 X112.961 Y95.081 E.03058
G1 X113.931 Y95.307 E.03058
G1 X114.883 Y95.595 E.03058
G1 X115.815 Y95.946 E.03058
G1 X116.722 Y96.356 E.03058
G1 X117.6 Y96.825 E.03058
G1 X118.445 Y97.35 E.03058
G1 X119.254 Y97.929 E.03058
G1 X120.024 Y98.561 E.03058
G1 X120.751 Y99.241 E.03058
G1 X121.431 Y99.967 E.03058
G1 X121.913 Y100.553 E.02331
G1 X122.643 Y101.545 E.03784
G1 X123.169 Y102.39 E.03058
G1 X123.639 Y103.267 E.03058
G1 X124.05 Y104.174 E.03058
G1 X124.255 Y104.718 E.01786
G1 X124.69 Y106.057 E.04328
G1 X124.825 Y106.636 E.01827
G1 X125.036 Y107.748 E.03475
G1 X125.164 Y108.868 E.03466
G1 X125.21 Y109.994 E.03461
G1 X125.178 Y110.989 E.03058
G1 X125.081 Y111.979 E.03058
G1 X124.919 Y112.961 E.03058
G1 X124.702 Y113.892 E.02935
G1 E-4.5 F2700
;WIPE_START
G1 F2400
G1 X124.255 Y115.282 E-.34695
G1 X124.065 Y115.787 E-.12805
;WIPE_END
G1 E-.025 F2700
M205 X8 Y8
G1 X116.472 Y115.014 Z2 F7200
G1 X58.024 Y109.066 Z2
G1 Z1.6
G1 E5 F2400
M205 X10 Y10
;TYPE:Inner wall
;WIDTH:0.449999
G1 F2700
G1 X58.107 Y108.204 E.02875
G1 X58.254 Y107.299 E.03041
G1 X58.46 Y106.406 E.03041
G1 X58.724 Y105.528 E.03041
G1 X59.045 Y104.669 E.03041
G1 X59.422 Y103.833 E.03041
G1 X59.852 Y103.024 E.03041
G1 X60.334 Y102.244 E.03041
G1 X60.867 Y101.498 E.03041
G1 X61.446 Y100.788 E.03041
G1 X62.072 Y100.117 E.03041
G1 X62.739 Y99.489 E.03041
G1 X63.446 Y98.906 E.03041
G1 X64.19 Y98.37 E.03041
G1 X64.968 Y97.884 E.03041
G1 X65.775 Y97.45 E.03041
G1 X66.609 Y97.07 E.03041
G1 X67.466 Y96.745 E.03041
G1 X68.343 Y96.477 E.03041
G1 X69.235 Y96.267 E.03041
G1 X70.139 Y96.115 E.03041
G1 X71.052 Y96.023 E.03041
G1 X71.968 Y95.991 E.03041
G1 X72.884 Y96.019 E.03041
G1 X73.796 Y96.107 E.03041
G1 X74.701 Y96.254 E.03041
G1 X75.594 Y96.46 E.03041
G1 X76.472 Y96.724 E.03041
G1 X77.331 Y97.045 E.03041
G1 X78.167 Y97.422 E.03041
G1 X78.976 Y97.852 E.03041
G1 X79.756 Y98.334 E.03041
G1 X80.502 Y98.867 E.03041
G1 X81.212 Y99.446 E.03041
G1 X81.883 Y100.072 E.03041
G1 X82.511 Y100.739 E.03041
G1 X83.094 Y101.446 E.03041
G1 X83.63 Y102.19 E.03041
G1 X84.116 Y102.968 E.03041
G1 X84.55 Y103.775 E.03041
G1 X85.013 Y104.824 E.03802
G1 X85.255 Y105.466 E.02279
G1 X85.475 Y106.184 E.0249
G1 X85.642 Y106.845 E.02261
G1 X85.841 Y107.878 E.03491
G1 X85.964 Y108.921 E.03481
G1 X86.009 Y109.968 E.03476
G1 X85.981 Y110.884 E.03041
G1 X85.893 Y111.796 E.03041
G1 X85.746 Y112.701 E.03041
G1 X85.54 Y113.594 E.03041
G1 X85.366 Y114.175 E.02009
G1 X84.955 Y115.331 E.04072
G1 X84.583 Y116.156 E.03002
G1 X84.306 Y116.681 E.01969
G1 X83.78 Y117.572 E.03434
G1 X83.273 Y118.307 E.02961
G1 X82.554 Y119.212 E.03835
G1 X81.928 Y119.883 E.03041
G1 X81.261 Y120.511 E.03041
G1 X80.554 Y121.094 E.03041
G1 X79.81 Y121.63 E.03041
G1 X79.032 Y122.116 E.03041
G1 X78.225 Y122.55 E.03041
G1 X77.391 Y122.93 E.03041
G1 X76.534 Y123.255 E.03041
G1 X75.657 Y123.523 E.03041
G1 X74.765 Y123.733 E.03041
G1 X73.861 Y123.885 E.03041
G1 X72.948 Y123.977 E.03041
G1 X72.032 Y124.009 E.03041
G1 X71.116 Y123.981 E.03041
G1 X70.204 Y123.893 E.03041
G1 X69.299 Y123.746 E.03041
G1 X68.406 Y123.54 E.03041
G1 X67.528 Y123.276 E.03041
G1 X66.669 Y122.955 E.03041
G1 X65.833 Y122.578 E.03041
G1 X65.024 Y122.148 E.03041
G1 X64.244 Y121.666 E.03041
G1 X63.498 Y121.133 E.03041
G1 X62.788 Y120.554 E.03041
G1 X62.117 Y119.928 E.03041
G1 X61.489 Y119.261 E.03041
G1 X60.906 Y118.554 E.03041
G1 X60.37 Y117.81 E.03041
G1 X59.884 Y117.032 E.03041
G1 X59.45 Y116.225 E.03041
G1 X59.07 Y115.391 E.03041
G1 X58.745 Y114.534 E.03041
G1 X58.477 Y113.657 E.03041
G1 X58.267 Y112.765 E.03041
G1 X58.115 Y111.861 E.03041
G1 X58.023 Y110.948 E.03041
G1 X57.991 Y110.032 E.03041
G1 X58.019 Y109.116 E.03041
G1 X58.02 Y109.106 E.00033
M205 X8 Y8
G1 X58.428 Y109.105 F7200
M205 X10 Y10
G1 F2700
G1 X58.512 Y108.243 E.02871
G1 X58.656 Y107.365 E.02953
G1 X58.857 Y106.498 E.02952
G1 X59.114 Y105.646 E.02953
G1 X59.426 Y104.812 E.02953
G1 X59.793 Y104.001 E.02953
G1 X60.211 Y103.216 E.02953
G1 X60.68 Y102.459 E.02953
G1 X61.197 Y101.735 E.02953
G1 X61.761 Y101.046 E.02953
G1 X62.369 Y100.396 E.02952
G1 X63.017 Y99.786 E.02953
G1 X63.705 Y99.221 E.02953
G1 X64.427 Y98.701 E.02953
G1 X65.183 Y98.23 E.02953
G1 X65.967 Y97.809 E.02952
G1 X66.777 Y97.441 E.02953
G1 X67.61 Y97.126 E.02952
G1 X68.461 Y96.867 E.02953
G1 X69.328 Y96.663 E.02952
G1 X70.206 Y96.517 E.02953
G1 X71.091 Y96.429 E.02953
G1 X71.981 Y96.398 E.02953
G1 X72.871 Y96.426 E.02953
G1 X73.757 Y96.512 E.02953
G1 X74.635 Y96.656 E.02953
G1 X75.502 Y96.857 E.02952
G1 X76.354 Y97.114 E.02953
G1 X77.188 Y97.426 E.02952
G1 X77.999 Y97.793 E.02953
G1 X78.784 Y98.211 E.02952
G1 X79.541 Y98.68 E.02953
G1 X80.265 Y99.197 E.02953
G1 X80.954 Y99.761 E.02953
G1 X81.604 Y100.369 E.02952
G1 X82.214 Y101.017 E.02952
G1 X82.779 Y101.705 E.02953
G1 X83.299 Y102.427 E.02952
G1 X83.77 Y103.183 E.02953
G1 X84.191 Y103.967 E.02952
G1 X84.559 Y104.777 E.02953
G1 X84.976 Y105.944 E.04109
G1 X85.133 Y106.461 E.01794
G1 X85.326 Y107.282 E.02795
G1 X85.44 Y107.945 E.02232
G1 X85.559 Y108.961 E.03393
G1 X85.602 Y109.981 E.03388
G1 X85.574 Y110.871 E.02953
G1 X85.488 Y111.757 E.02953
G1 X85.344 Y112.635 E.02953
G1 X85.143 Y113.502 E.02952
G1 X84.976 Y114.056 E.0192
G1 X84.574 Y115.188 E.03983
G1 X84.212 Y115.988 E.02913
G1 X83.947 Y116.489 E.0188
G1 X83.434 Y117.357 E.03346
G1 X82.942 Y118.07 E.02873
G1 X82.239 Y118.954 E.03747
G1 X81.631 Y119.604 E.02952
G1 X80.983 Y120.214 E.02953
G1 X80.295 Y120.779 E.02953
G1 X79.573 Y121.299 E.02953
G1 X78.817 Y121.77 E.02953
G1 X78.033 Y122.191 E.02952
G1 X77.223 Y122.559 E.02953
G1 X76.39 Y122.874 E.02952
G1 X75.539 Y123.133 E.02953
G1 X74.672 Y123.337 E.02952
G1 X73.794 Y123.483 E.02953
G1 X72.909 Y123.571 E.02953
G1 X72.019 Y123.602 E.02953
G1 X71.129 Y123.574 E.02953
G1 X70.243 Y123.488 E.02953
G1 X69.365 Y123.344 E.02953
G1 X68.498 Y123.143 E.02952
G1 X67.646 Y122.886 E.02953
G1 X66.812 Y122.574 E.02952
G1 X66.001 Y122.207 E.02953
G1 X65.216 Y121.789 E.02952
G1 X64.459 Y121.32 E.02953
G1 X63.735 Y120.803 E.02953
G1 X63.046 Y120.239 E.02953
G1 X62.396 Y119.631 E.02952
G1 X61.786 Y118.983 E.02952
G1 X61.221 Y118.295 E.02953
G1 X60.701 Y117.573 E.02953
G1 X60.23 Y116.817 E.02953
G1 X59.809 Y116.033 E.02953
G1 X59.441 Y115.223 E.02953
G1 X59.126 Y114.39 E.02953
G1 X58.867 Y113.539 E.02953
G1 X58.663 Y112.672 E.02953
G1 X58.517 Y111.794 E.02953
G1 X58.429 Y110.909 E.02953
G1 X58.398 Y110.019 E.02953
G1 X58.426 Y109.145 E.02902
M205 X8 Y8
G1 X58.818 Y109.142 F7200
M205 X10 Y10
;TYPE:Outer wall
;WIDTH:0.419999
G1 F2400
G1 X58.902 Y108.282 E.02656
G1 X59.043 Y107.429 E.02656
G1 X59.239 Y106.587 E.02656
G1 X59.489 Y105.76 E.02656
G1 X59.793 Y104.95 E.02656
G1 X60.15 Y104.163 E.02656
G1 X60.557 Y103.4 E.02656
G1 X61.013 Y102.666 E.02656
G1 X61.516 Y101.963 E.02656
G1 X62.064 Y101.295 E.02656
G1 X62.655 Y100.664 E.02656
G1 X63.285 Y100.072 E.02656
G1 X63.953 Y99.524 E.02656
G1 X64.656 Y99.02 E.02656
G1 X65.39 Y98.563 E.02656
G1 X66.152 Y98.155 E.02656
G1 X66.939 Y97.798 E.02656
G1 X67.748 Y97.493 E.02656
G1 X68.575 Y97.242 E.02656
G1 X69.417 Y97.045 E.02656
G1 X70.27 Y96.904 E.02656
G1 X71.13 Y96.819 E.02656
G1 X71.994 Y96.79 E.02656
G1 X72.858 Y96.818 E.02656
G1 X73.718 Y96.902 E.02656
G1 X74.571 Y97.043 E.02656
G1 X75.413 Y97.239 E.02656
G1 X76.24 Y97.489 E.02656
G1 X77.05 Y97.793 E.02656
G1 X77.837 Y98.15 E.02656
G1 X78.6 Y98.557 E.02656
G1 X79.334 Y99.013 E.02656
G1 X80.037 Y99.516 E.02656
G1 X80.705 Y100.064 E.02656
G1 X81.336 Y100.655 E.02656
G1 X81.928 Y101.285 E.02656
G1 X82.476 Y101.953 E.02656
G1 X82.98 Y102.656 E.02656
G1 X83.437 Y103.39 E.02656
G1 X83.845 Y104.152 E.02656
G1 X84.202 Y104.939 E.02656
G1 X84.601 Y106.057 E.03649
G1 X84.758 Y106.575 E.01662
G1 X84.944 Y107.371 E.0251
G1 X85.053 Y108.009 E.01989
G1 X85.168 Y108.999 E.03064
G1 X85.21 Y109.994 E.03059
G1 X85.182 Y110.858 E.02656
G1 X85.098 Y111.718 E.02656
G1 X84.957 Y112.571 E.02656
G1 X84.761 Y113.413 E.02656
G1 X84.601 Y113.943 E.017
G1 X84.207 Y115.05 E.03611
G1 X83.855 Y115.826 E.0262
G1 X83.601 Y116.304 E.01663
G1 X83.101 Y117.15 E.0302
G1 X82.624 Y117.842 E.02582
G1 X81.936 Y118.705 E.03392
G1 X81.345 Y119.336 E.02656
G1 X80.715 Y119.928 E.02656
G1 X80.047 Y120.476 E.02656
G1 X79.344 Y120.98 E.02656
G1 X78.61 Y121.437 E.02656
G1 X77.848 Y121.845 E.02656
G1 X77.061 Y122.202 E.02656
G1 X76.252 Y122.507 E.02656
G1 X75.425 Y122.758 E.02656
G1 X74.583 Y122.955 E.02656
G1 X73.73 Y123.096 E.02656
G1 X72.87 Y123.181 E.02656
G1 X72.006 Y123.21 E.02656
G1 X71.142 Y123.182 E.02656
G1 X70.282 Y123.098 E.02656
G1 X69.429 Y122.957 E.02656
G1 X68.587 Y122.761 E.02656
G1 X67.76 Y122.511 E.02656
G1 X66.95 Y122.207 E.02656
G1 X66.163 Y121.85 E.02656
G1 X65.4 Y121.443 E.02656
G1 X64.666 Y120.987 E.02656
G1 X63.963 Y120.484 E.02656
G1 X63.295 Y119.936 E.02656
G1 X62.664 Y119.345 E.02656
G1 X62.072 Y118.715 E.02656
G1 X61.524 Y118.047 E.02656
G1 X61.02 Y117.344 E.02656
G1 X60.563 Y116.61 E.02656
G1 X60.155 Y115.848 E.02656
G1 X59.798 Y115.061 E.02656
G1 X59.493 Y114.252 E.02656
G1 X59.242 Y113.425 E.02656
G1 X59.045 Y112.583 E.02656
G1 X58.904 Y111.73 E.02656
G1 X58.819 Y110.87 E.02656
G1 X58.79 Y110.006 E.02656
G1 X58.817 Y109.182 E.02533
G1 E-4.5 F2700
;WIPE_START
G1 F2400
G1 X58.902 Y108.282 E-.21478
G1 X59.043 Y107.429 E-.20531
G1 X59.095 Y107.204 E-.05491
;WIPE_END
G1 E-.025 F2700
M205 X8 Y8
G1 X60.605 Y118.622 Z2 F7200
G1 Z1.6
G1 E5 F2400
M205 X10 Y10
;TYPE:Sparse infill
;WIDTH:0.45
G1 F3000
G1 X60.137 Y117.974 E.02653
G1 X59.699 Y117.27 E.02749
G1 X59.413 Y117.323 E.00968
G1 X58.757 Y117.556 E.02307
G1 X58.102 Y117.92 E.02486
G1 X57.447 Y118.486 E.02872
G1 X56.792 Y119.35 E.03597
G1 X56.137 Y120.33 E.0391
G1 X55.809 Y120.646 E.01511
G1 X55.482 Y120.809 E.01213
G1 X54.826 Y120.863 E.02181
G1 X54.171 Y120.742 E.0221
G1 X53.516 Y120.509 E.02307
G1 X52.861 Y120.145 E.02486
G1 X52.206 Y119.579 E.02872
G1 X51.551 Y118.715 E.03597
G1 X51.294 Y118.331 E.01531
G1 X51.294 Y115.44 E.0959
G1 X51.551 Y115.568 E.0095
G1 X52.206 Y115.622 E.02181
G1 X52.861 Y115.501 E.0221
G1 X53.516 Y115.267 E.02307
G1 X54.171 Y114.903 E.02486
G1 X54.826 Y114.338 E.02872
G1 X55.482 Y113.474 E.03597
G1 X56.137 Y112.494 E.0391
G1 X56.464 Y112.177 E.01511
G1 X56.792 Y112.015 E.01213
G1 X57.447 Y111.961 E.02181
G1 X57.856 Y112.036 E.01378
G1 X57.74 Y110.974 E.03544
G1 X57.706 Y110 E.03233
G1 X57.74 Y109.026 E.03233
G1 X57.834 Y108.096 E.03102
G1 X57.916 Y107.598 E.01671
G1 X57.447 Y108.003 E.02055
G1 X56.792 Y108.867 E.03597
G1 X56.137 Y109.847 E.0391
G1 X55.809 Y110.164 E.01511
G1 X55.482 Y110.326 E.01213
G1 X54.826 Y110.381 E.02181
G1 X54.171 Y110.259 E.0221
G1 X53.516 Y110.026 E.02307
G1 X52.861 Y109.662 E.02486
G1 X52.206 Y109.096 E.02872
G1 X51.551 Y108.232 E.03597
G1 X51.294 Y107.849 E.01531
G1 X51.294 Y104.958 E.0959
G1 X51.551 Y105.085 E.0095
G1 X52.206 Y105.139 E.02181
G1 X52.861 Y105.018 E.0221
G1 X53.516 Y104.785 E.02307
G1 X54.171 Y104.421 E.02486
G1 X54.826 Y103.855 E.02872
G1 X55.482 Y102.991 E.03597
G1 X56.137 Y102.011 E.0391
G1 X56.464 Y101.695 E.01511
G1 X56.792 Y101.532 E.01213
G1 X57.447 Y101.478 E.02181
G1 X58.102 Y101.599 E.0221
G1 X58.757 Y101.832 E.02307
G1 X59.413 Y102.196 E.02486
G1 X59.814 Y102.543 E.01761
G1 X60.094 Y102.091 E.01762
G1 X60.684 Y101.268 E.03362
G1 X61.279 Y100.546 E.03103
G1 X61.893 Y99.892 E.02973
G1 X62.605 Y99.228 E.03232
G1 X63.012 Y98.893 E.01748
G1 X62.688 Y98.614 E.0142
G1 X62.033 Y97.75 E.03597
G1 X61.378 Y96.77 E.0391
G1 X61.051 Y96.454 E.01511
G1 X60.723 Y96.291 E.01213
G1 X60.068 Y96.237 E.02181
G1 X59.413 Y96.358 E.0221
G1 X58.757 Y96.591 E.02307
G1 X58.102 Y96.955 E.02486
G1 X57.447 Y97.521 E.02872
G1 X56.792 Y98.385 E.03597
G1 X56.137 Y99.365 E.0391
G1 X55.809 Y99.681 E.01511
G1 X55.482 Y99.844 E.01213
G1 X54.826 Y99.898 E.02181
G1 X54.171 Y99.777 E.0221
G1 X53.516 Y99.543 E.02307
G1 X52.861 Y99.18 E.02486
G1 X52.206 Y98.614 E.02872
G1 X51.551 Y97.75 E.03597
G1 X51.294 Y97.366 E.01531
G1 X51.294 Y94.475 E.0959
G1 X51.551 Y94.602 E.0095
G1 X52.206 Y94.657 E.02181
G1 X52.861 Y94.536 E.0221
G1 X53.516 Y94.302 E.02307
G1 X54.171 Y93.938 E.02486
G1 X54.826 Y93.372 E.02872
G1 X55.482 Y92.509 E.03597
G1 X56.137 Y91.529 E.0391
G1 X56.464 Y91.212 E.01511
G1 X56.792 Y91.049 E.01213
G1 X57.447 Y90.995 E.02181
G1 X58.102 Y91.116 E.0221
G1 X58.757 Y91.35 E.02307
G1 X59.413 Y91.714 E.02486
G1 X60.068 Y92.279 E.02872
G1 X60.723 Y93.143 E.03597
G1 X61.378 Y94.123 E.0391
G1 X61.706 Y94.44 E.01511
G1 X62.033 Y94.602 E.01213
G1 X62.688 Y94.657 E.02181
G1 X63.344 Y94.536 E.0221
G1 X63.999 Y94.302 E.02307
G1 X64.654 Y93.938 E.02486
G1 X65.309 Y93.372 E.02872
G1 X65.964 Y92.509 E.03597
G1 X66.619 Y91.529 E.0391
G1 X66.947 Y91.212 E.01511
G1 X67.275 Y91.049 E.01213
G1 X67.93 Y90.995 E.02181
G1 X68.585 Y91.116 E.0221
G1 X69.24 Y91.35 E.02307
G1 X69.895 Y91.714 E.02486
G1 X70.55 Y92.279 E.02872
G1 X71.206 Y93.143 E.03597
G1 X71.861 Y94.123 E.0391
G1 X72.188 Y94.44 E.01511
G1 X72.516 Y94.602 E.01213
G1 X73.171 Y94.657 E.02181
G1 X73.826 Y94.536 E.0221
G1 X74.481 Y94.302 E.02307
G1 X75.137 Y93.938 E.02486
G1 X75.792 Y93.372 E.02872
G1 X76.447 Y92.509 E.03597
G1 X77.102 Y91.529 E.0391
G1 X77.43 Y91.212 E.01511
G1 X77.757 Y91.049 E.01213
G1 X78.412 Y90.995 E.02181
G1 X79.068 Y91.116 E.0221
G1 X79.723 Y91.35 E.02307
G1 X80.378 Y91.714 E.02486
G1 X81.033 Y92.279 E.02872
G1 X81.688 Y93.143 E.03597
G1 X82.343 Y94.123 E.0391
G1 X82.671 Y94.44 E.01511
G1 X82.998 Y94.602 E.01213
G1 X83.654 Y94.657 E.02181
G1 X84.309 Y94.536 E.0221
G1 X84.964 Y94.302 E.02307
G1 X85.619 Y93.938 E.02486
G1 X86.274 Y93.372 E.02872
G1 X86.929 Y92.509 E.03597
G1 X87.585 Y91.529 E.0391
G1 X87.912 Y91.212 E.01511
G1 X88.24 Y91.049 E.01213
G1 X88.895 Y90.995 E.02181
G1 X89.55 Y91.116 E.0221
G1 X90.205 Y91.35 E.02307
G1 X90.86 Y91.714 E.02486
G1 X91.516 Y92.279 E.02872
G1 X92.171 Y93.143 E.03597
G1 X92.826 Y94.123 E.0391
G1 X93.154 Y94.44 E.01511
G1 X93.481 Y94.602 E.01213
G1 X94.136 Y94.657 E.02181
G1 X94.791 Y94.536 E.0221
G1 X95.447 Y94.302 E.02307
G1 X96.102 Y93.938 E.02486
G1 X96.757 Y93.372 E.02872
G1 X97.412 Y92.509 E.03597
G1 X98.067 Y91.529 E.0391
G1 X98.395 Y91.212 E.01511
G1 X98.722 Y91.049 E.01213
G1 X99.378 Y90.995 E.02181
G1 X100.033 Y91.116 E.0221
G1 X100.688 Y91.35 E.02307
G1 X101.343 Y91.714 E.02486
G1 X101.998 Y92.279 E.02872
G1 X102.653 Y93.143 E.03597
G1 X103.309 Y94.123 E.0391
G1 X103.636 Y94.44 E.01511
G1 X103.964 Y94.602 E.01213
G1 X104.554 Y94.651 E.01963
G1 X104.8 Y94.559 E.00872
G1 X105.821 Y94.252 E.03537
G1 X106.163 Y94.172 E.01164
G1 X106.584 Y93.938 E.016
G1 X107.24 Y93.372 E.02872
G1 X107.895 Y92.509 E.03597
G1 X108.55 Y91.529 E.0391
G1 X108.877 Y91.212 E.01511
G1 X109.205 Y91.049 E.01213
G1 X109.86 Y90.995 E.02181
G1 X110.515 Y91.116 E.0221
G1 X111.171 Y91.35 E.02307
G1 X111.826 Y91.714 E.02486
G1 X112.481 Y92.279 E.02872
G1 X113.136 Y93.143 E.03597
G1 X113.791 Y94.123 E.0391
G1 X113.846 Y94.177 E.00254
G1 X114.255 Y94.272 E.01391
G1 X115.347 Y94.611 E.03795
G1 X115.757 Y94.536 E.01381
G1 X116.412 Y94.302 E.02307
G1 X117.067 Y93.938 E.02486
G1 X117.722 Y93.372 E.02872
G1 X118.377 Y92.509 E.03597
G1 X119.032 Y91.529 E.0391
G1 X119.36 Y91.212 E.01511
G1 X119.688 Y91.049 E.01213
G1 X120.343 Y90.995 E.02181
G1 X120.998 Y91.116 E.0221
G1 X121.653 Y91.35 E.02307
G1 X122.308 Y91.714 E.02486
G1 X122.963 Y92.279 E.02872
G1 X123.619 Y93.143 E.03597
G1 X124.274 Y94.123 E.0391
G1 X124.601 Y94.44 E.01511
G1 X124.929 Y94.602 E.01213
G1 X125.584 Y94.657 E.02181
G1 X126.239 Y94.536 E.0221
G1 X126.894 Y94.302 E.02307
G1 X127.55 Y93.938 E.02486
G1 X128.205 Y93.372 E.02872
G1 X128.86 Y92.509 E.03597
G1 X129.515 Y91.529 E.0391
G1 X129.843 Y91.212 E.01511
G1 X130.17 Y91.049 E.01213
G1 X130.825 Y90.995 E.02181
G1 X131.481 Y91.116 E.0221
G1 X132.136 Y91.35 E.02307
G1 X132.791 Y91.714 E.02486
G1 X133.446 Y92.279 E.02872
G1 X134.101 Y93.143 E.03597
G1 X134.756 Y94.123 E.0391
G1 X135.084 Y94.44 E.01511
G1 X135.412 Y94.602 E.01213
G1 X136.067 Y94.657 E.02181
G1 X136.722 Y94.536 E.0221
G1 X137.377 Y94.302 E.02307
G1 X138.032 Y93.938 E.02486
G1 X138.687 Y93.372 E.02872
G1 X139.343 Y92.509 E.03597
G1 X139.998 Y91.529 E.0391
G1 X140.325 Y91.212 E.01511
G1 X140.653 Y91.049 E.01213
G1 X141.308 Y90.995 E.02181
G1 X141.963 Y91.116 E.0221
G1 X142.618 Y91.35 E.02307
G1 X143.273 Y91.714 E.02486
G1 X143.833 Y92.197 E.02453
G1 X144.458 Y92.052 E.02126
G1 X145.651 Y91.858 E.0401
G1 X146.765 Y91.748 E.03712
G1 X147.961 Y91.706 E.03971
G1 X149.235 Y91.748 E.0423
G1 X150.266 Y91.85 E.03434
G1 X150.48 Y91.529 E.01281
G1 X150.808 Y91.212 E.01511
G1 X151.135 Y91.049 E.01213
G1 X151.791 Y90.995 E.02181
G1 X152.446 Y91.116 E.0221
G1 X153.101 Y91.35 E.02307
G1 X153.756 Y91.714 E.02486
G1 X154.411 Y92.279 E.02872
G1 X155.051 Y93.123 E.03513
G1 X156.126 Y93.61 E.03914
G1 X157.113 Y94.138 E.03712
G1 X157.731 Y94.52 E.02409
G1 X158.342 Y94.302 E.02154
G1 X158.997 Y93.938 E.02486
G1 X159.653 Y93.372 E.02872
G1 X160.308 Y92.509 E.03597
G1 X160.963 Y91.529 E.0391
G1 X161.29 Y91.212 E.01511
G1 X161.618 Y91.049 E.01213
G1 X162.273 Y90.995 E.02181
G1 X162.928 Y91.116 E.0221
G1 X163.584 Y91.35 E.02307
G1 X164.239 Y91.714 E.02486
G1 X164.894 Y92.279 E.02872
G1 X165.549 Y93.143 E.03597
G1 X166.204 Y94.123 E.0391
G1 X166.532 Y94.44 E.01511
G1 X166.859 Y94.602 E.01213
G1 X167.515 Y94.657 E.02181
G1 X168.17 Y94.536 E.0221
G1 X168.706 Y94.344 E.01888
G1 X168.706 Y99.477 E.17027
G1 X168.17 Y99.18 E.02035
G1 X167.515 Y98.614 E.02872
G1 X166.859 Y97.75 E.03597
G1 X166.204 Y96.77 E.0391
G1 X165.877 Y96.454 E.01511
G1 X165.549 Y96.291 E.01213
G1 X164.894 Y96.237 E.02181
G1 X164.239 Y96.358 E.0221
G1 X163.584 Y96.591 E.02307
G1 X162.928 Y96.955 E.02486
G1 X162.273 Y97.521 E.02872
G1 X161.859 Y98.067 E.02276
G1 X162.489 Y98.833 E.0329
G1 X163.232 Y99.869 E.0423
G1 X163.862 Y100.887 E.03971
G1 X164.39 Y101.874 E.03712
G1 X164.727 Y102.618 E.02708
G1 X164.894 Y102.762 E.00733
G1 X165.549 Y103.626 E.03597
G1 X166.204 Y104.606 E.0391
G1 X166.532 Y104.922 E.01511
G1 X166.859 Y105.085 E.01213
G1 X167.515 Y105.139 E.02181
G1 X168.17 Y105.018 E.0221
G1 X168.706 Y104.827 E.01888
G1 X168.706 Y109.96 E.17027
G1 X168.17 Y109.662 E.02035
G1 X167.515 Y109.096 E.02872
G1 X166.859 Y108.232 E.03597
G1 X166.204 Y107.253 E.0391
G1 X166.055 Y107.109 E.00687
G1 X166.132 Y107.573 E.01563
G1 X166.248 Y108.725 E.03838
M205 X8 Y8
G1 X168.706 Y113.681 F7200
M205 X10 Y10
G1 F3000
G1 X168.706 Y115.31 E.05401
G1 X168.17 Y115.501 E.01888
G1 X167.515 Y115.622 E.0221
G1 X166.859 Y115.568 E.02181
G1 X166.532 Y115.405 E.01213
G1 X166.204 Y115.088 E.01511
G1 X165.746 Y114.404 E.02733
G1 X165.66 Y114.772 E.01256
G1 X165.335 Y115.843 E.03712
G1 X164.916 Y116.965 E.03971
G1 X164.801 Y117.219 E.00927
G1 X164.894 Y117.202 E.00314
G1 X165.549 Y117.256 E.02181
G1 X165.877 Y117.419 E.01213
G1 X166.204 Y117.735 E.01511
G1 X166.859 Y118.715 E.0391
G1 X167.515 Y119.579 E.03597
G1 X168.17 Y120.145 E.02872
G1 X168.706 Y120.443 E.02035
G1 X168.706 Y122.071 E.05401
M205 X8 Y8
G1 X155.246 Y126.791 F7200
M205 X10 Y10
G1 F3000
G1 X156.126 Y126.39 E.03207
G1 X156.71 Y126.078 E.02195
G1 X157.032 Y126.104 E.01073
G1 X157.687 Y125.983 E.0221
G1 X158.342 Y125.75 E.02307
G1 X158.997 Y125.386 E.02486
G1 X159.653 Y124.82 E.02872
G1 X160.308 Y123.956 E.03597
G1 X160.963 Y122.976 E.0391
G1 X161.29 Y122.66 E.01511
G1 X161.618 Y122.497 E.01213
G1 X162.273 Y122.443 E.02181
G1 X162.928 Y122.564 E.0221
G1 X163.584 Y122.798 E.02307
G1 X164.239 Y123.161 E.02486
G1 X164.894 Y123.727 E.02872
G1 X165.549 Y124.591 E.03597
G1 X166.204 Y125.571 E.0391
G1 X166.532 Y125.888 E.01511
M73 P54 R20
G1 X166.859 Y126.05 E.01213
G1 X167.515 Y126.104 E.02181
G1 X168.17 Y125.983 E.0221
G1 X168.706 Y125.792 E.01888
G1 X168.706 Y130.706 E.16299
G1 X168.311 Y130.706 E.0131
G1 X168.17 Y130.627 E.00536
G1 X167.515 Y130.062 E.02872
G1 X166.859 Y129.198 E.03597
G1 X166.204 Y128.218 E.0391
G1 X165.877 Y127.901 E.01511
G1 X165.549 Y127.739 E.01213
G1 X164.894 Y127.684 E.02181
G1 X164.239 Y127.805 E.0221
G1 X163.584 Y128.039 E.02307
G1 X162.928 Y128.403 E.02486
G1 X162.273 Y128.969 E.02872
G1 X161.618 Y129.833 E.03597
G1 X161.034 Y130.706 E.03485
G1 X157.828 Y130.706 E.10634
G1 X157.687 Y130.627 E.00536
G1 X157.032 Y130.062 E.02872
G1 X156.377 Y129.198 E.03597
G1 X155.722 Y128.218 E.0391
G1 X155.394 Y127.901 E.01511
G1 X155.066 Y127.739 E.01213
G1 X154.411 Y127.684 E.02181
G1 X153.756 Y127.805 E.0221
G1 X153.101 Y128.039 E.02307
G1 X152.446 Y128.403 E.02486
G1 X151.791 Y128.969 E.02872
G1 X151.135 Y129.833 E.03597
G1 X150.551 Y130.706 E.03485
G1 X147.346 Y130.706 E.10634
G1 X147.204 Y130.627 E.00536
G1 X146.549 Y130.062 E.02872
G1 X145.894 Y129.198 E.03597
G1 X145.239 Y128.218 E.0391
G1 X145.063 Y128.048 E.00812
G1 X144.469 Y127.95 E.01995
G1 X143.596 Y127.746 E.02976
G1 X143.273 Y127.805 E.01087
G1 X142.618 Y128.039 E.02307
G1 X141.963 Y128.403 E.02486
G1 X141.308 Y128.969 E.02872
G1 X140.653 Y129.833 E.03597
G1 X140.069 Y130.706 E.03485
G1 X136.863 Y130.706 E.10634
G1 X136.722 Y130.627 E.00536
G1 X136.067 Y130.062 E.02872
G1 X135.412 Y129.198 E.03597
G1 X134.756 Y128.218 E.0391
G1 X134.429 Y127.901 E.01511
G1 X134.101 Y127.739 E.01213
G1 X133.446 Y127.684 E.02181
G1 X132.791 Y127.805 E.0221
G1 X132.136 Y128.039 E.02307
G1 X131.481 Y128.403 E.02486
G1 X130.825 Y128.969 E.02872
G1 X130.17 Y129.833 E.03597
G1 X129.586 Y130.706 E.03485
G1 X126.381 Y130.706 E.10634
G1 X126.239 Y130.627 E.00536
G1 X125.584 Y130.062 E.02872
G1 X124.929 Y129.198 E.03597
G1 X124.274 Y128.218 E.0391
G1 X123.946 Y127.901 E.01511
G1 X123.619 Y127.739 E.01213
G1 X122.963 Y127.684 E.02181
G1 X122.308 Y127.805 E.0221
G1 X121.653 Y128.039 E.02307
G1 X120.998 Y128.403 E.02486
G1 X120.343 Y128.969 E.02872
G1 X119.688 Y129.833 E.03597
G1 X119.104 Y130.706 E.03485
G1 X115.898 Y130.706 E.10634
G1 X115.757 Y130.627 E.00536
G1 X115.101 Y130.062 E.02872
G1 X114.446 Y129.198 E.03597
G1 X113.791 Y128.218 E.0391
G1 X113.464 Y127.901 E.01511
G1 X113.136 Y127.739 E.01213
G1 X112.481 Y127.684 E.02181
G1 X111.826 Y127.805 E.0221
G1 X111.171 Y128.039 E.02307
G1 X110.515 Y128.403 E.02486
G1 X109.86 Y128.969 E.02872
G1 X109.205 Y129.833 E.03597
G1 X108.621 Y130.706 E.03485
G1 X105.415 Y130.706 E.10634
G1 X105.274 Y130.627 E.00536
G1 X104.619 Y130.062 E.02872
G1 X103.964 Y129.198 E.03597
G1 X103.309 Y128.218 E.0391
G1 X102.981 Y127.901 E.01511
G1 X102.653 Y127.739 E.01213
G1 X101.998 Y127.684 E.02181
G1 X101.343 Y127.805 E.0221
G1 X100.688 Y128.039 E.02307
G1 X100.033 Y128.403 E.02486
G1 X99.378 Y128.969 E.02872
G1 X98.722 Y129.833 E.03597
G1 X98.138 Y130.706 E.03485
G1 X94.933 Y130.706 E.10634
G1 X94.791 Y130.627 E.00536
G1 X94.136 Y130.062 E.02872
G1 X93.481 Y129.198 E.03597
G1 X92.826 Y128.218 E.0391
G1 X92.498 Y127.901 E.01511
G1 X92.171 Y127.739 E.01213
G1 X91.516 Y127.684 E.02181
G1 X90.86 Y127.805 E.0221
G1 X90.205 Y128.039 E.02307
G1 X89.55 Y128.403 E.02486
G1 X88.895 Y128.969 E.02872
G1 X88.24 Y129.833 E.03597
G1 X87.656 Y130.706 E.03485
G1 X84.45 Y130.706 E.10634
G1 X84.309 Y130.627 E.00536
G1 X83.654 Y130.062 E.02872
G1 X82.998 Y129.198 E.03597
G1 X82.343 Y128.218 E.0391
G1 X82.016 Y127.901 E.01511
G1 X81.688 Y127.739 E.01213
G1 X81.033 Y127.684 E.02181
G1 X80.378 Y127.805 E.0221
G1 X79.723 Y128.039 E.02307
G1 X79.068 Y128.403 E.02486
G1 X78.412 Y128.969 E.02872
G1 X77.757 Y129.833 E.03597
G1 X77.173 Y130.706 E.03485
G1 X73.968 Y130.706 E.10634
G1 X73.826 Y130.627 E.00536
G1 X73.171 Y130.062 E.02872
G1 X72.516 Y129.198 E.03597
G1 X71.861 Y128.218 E.0391
G1 X71.533 Y127.901 E.01511
G1 X71.206 Y127.739 E.01213
G1 X70.55 Y127.684 E.02181
G1 X69.895 Y127.805 E.0221
G1 X69.24 Y128.039 E.02307
G1 X68.585 Y128.403 E.02486
G1 X67.93 Y128.969 E.02872
G1 X67.275 Y129.833 E.03597
G1 X66.691 Y130.706 E.03485
G1 X63.485 Y130.706 E.10634
G1 X63.344 Y130.627 E.00536
G1 X62.688 Y130.062 E.02872
G1 X62.033 Y129.198 E.03597
G1 X61.378 Y128.218 E.0391
G1 X61.051 Y127.901 E.01511
G1 X60.723 Y127.739 E.01213
G1 X60.068 Y127.684 E.02181
G1 X59.413 Y127.805 E.0221
G1 X58.757 Y128.039 E.02307
G1 X58.102 Y128.403 E.02486
G1 X57.447 Y128.969 E.02872
G1 X56.792 Y129.833 E.03597
G1 X56.208 Y130.706 E.03485
G1 X53.002 Y130.706 E.10634
G1 X52.861 Y130.627 E.00536
G1 X52.206 Y130.062 E.02872
G1 X51.551 Y129.198 E.03597
G1 X51.294 Y128.814 E.01531
G1 X51.294 Y125.923 E.0959
G1 X51.551 Y126.05 E.0095
G1 X52.206 Y126.104 E.02181
G1 X52.861 Y125.983 E.0221
G1 X53.516 Y125.75 E.02307
G1 X54.171 Y125.386 E.02486
G1 X54.826 Y124.82 E.02872
G1 X55.482 Y123.956 E.03597
G1 X56.137 Y122.976 E.0391
G1 X56.464 Y122.66 E.01511
G1 X56.792 Y122.497 E.01213
G1 X57.447 Y122.443 E.02181
G1 X58.102 Y122.564 E.0221
G1 X58.757 Y122.798 E.02307
G1 X59.413 Y123.161 E.02486
G1 X60.068 Y123.727 E.02872
G1 X60.723 Y124.591 E.03597
G1 X61.378 Y125.571 E.0391
G1 X61.706 Y125.888 E.01511
G1 X62.033 Y126.05 E.01213
G1 X62.688 Y126.104 E.02181
G1 X63.344 Y125.983 E.0221
G1 X63.999 Y125.75 E.02307
G1 X64.654 Y125.386 E.02486
G1 X65.309 Y124.82 E.02872
G1 X65.964 Y123.956 E.03597
G1 X66.482 Y123.182 E.03089
G1 X67.443 Y123.548 E.03409
G1 X68.263 Y123.796 E.02844
G1 X69.25 Y124.027 E.03361
G1 X70.173 Y124.176 E.03103
G1 X70.949 Y124.253 E.02586
G1 X71.206 Y124.591 E.01409
G1 X71.861 Y125.571 E.0391
G1 X72.188 Y125.888 E.01511
G1 X72.516 Y126.05 E.01213
G1 X73.171 Y126.104 E.02181
G1 X73.826 Y125.983 E.0221
G1 X74.481 Y125.75 E.02307
G1 X75.137 Y125.386 E.02486
G1 X75.792 Y124.82 E.02872
G1 X76.447 Y123.956 E.03597
G1 X76.775 Y123.466 E.01958
G1 X77.506 Y123.191 E.02591
G1 X78.287 Y122.837 E.02844
G1 X78.869 Y122.528 E.02187
G1 X79.068 Y122.564 E.00669
G1 X79.723 Y122.798 E.02307
G1 X80.378 Y123.161 E.02486
G1 X81.033 Y123.727 E.02872
G1 X81.688 Y124.591 E.03597
G1 X82.343 Y125.571 E.0391
G1 X82.671 Y125.888 E.01511
G1 X82.998 Y126.05 E.01213
G1 X83.654 Y126.104 E.02181
G1 X84.309 Y125.983 E.0221
G1 X84.964 Y125.75 E.02307
G1 X85.619 Y125.386 E.02486
G1 X86.274 Y124.82 E.02872
M73 P54 R19
G1 X86.929 Y123.956 E.03597
G1 X87.585 Y122.976 E.0391
G1 X87.912 Y122.66 E.01511
G1 X88.24 Y122.497 E.01213
G1 X88.895 Y122.443 E.02181
G1 X89.55 Y122.564 E.0221
G1 X90.205 Y122.798 E.02307
G1 X90.86 Y123.161 E.02486
G1 X91.516 Y123.727 E.02872
G1 X92.171 Y124.591 E.03597
G1 X92.826 Y125.571 E.0391
G1 X93.154 Y125.888 E.01511
G1 X93.481 Y126.05 E.01213
G1 X94.136 Y126.104 E.02181
G1 X94.791 Y125.983 E.0221
G1 X95.447 Y125.75 E.02307
G1 X96.102 Y125.386 E.02486
G1 X96.757 Y124.82 E.02872
G1 X97.412 Y123.956 E.03597
G1 X98.067 Y122.976 E.0391
G1 X98.395 Y122.66 E.01511
G1 X98.722 Y122.497 E.01213
G1 X99.378 Y122.443 E.02181
G1 X99.523 Y122.47 E.0049
G1 X99.286 Y122.276 E.01015
G1 X98.506 Y121.549 E.03537
G1 X97.689 Y120.671 E.03978
G1 X97.412 Y120.809 E.01027
G1 X96.757 Y120.863 E.02181
G1 X96.102 Y120.742 E.0221
G1 X95.447 Y120.509 E.02307
G1 X94.791 Y120.145 E.02486
G1 X94.136 Y119.579 E.02872
G1 X93.481 Y118.715 E.03597
G1 X92.826 Y117.735 E.0391
G1 X92.498 Y117.419 E.01511
G1 X92.171 Y117.256 E.01213
G1 X91.516 Y117.202 E.02181
G1 X90.86 Y117.323 E.0221
G1 X90.205 Y117.556 E.02307
G1 X89.55 Y117.92 E.02486
G1 X88.895 Y118.486 E.02872
G1 X88.24 Y119.35 E.03597
G1 X87.585 Y120.33 E.0391
G1 X87.257 Y120.646 E.01511
G1 X86.929 Y120.809 E.01213
G1 X86.274 Y120.863 E.02181
G1 X85.619 Y120.742 E.0221
G1 X84.964 Y120.509 E.02307
G1 X84.309 Y120.145 E.02486
G1 X83.654 Y119.579 E.02872
G1 X83.157 Y118.925 E.02724
G1 X83.316 Y118.732 E.00826
G1 X83.881 Y117.948 E.03207
G1 X84.387 Y117.134 E.03178
G1 X84.802 Y116.357 E.02924
G1 X85.22 Y115.434 E.03362
G1 X85.366 Y115.044 E.0138
G1 X85.619 Y114.903 E.00961
G1 X86.274 Y114.338 E.02872
G1 X86.929 Y113.474 E.03597
G1 X87.585 Y112.494 E.0391
G1 X87.912 Y112.177 E.01511
G1 X88.24 Y112.015 E.01213
G1 X88.895 Y111.961 E.02181
G1 X89.55 Y112.082 E.0221
G1 X90.205 Y112.315 E.02307
G1 X90.86 Y112.679 E.02486
G1 X91.516 Y113.245 E.02872
G1 X92.171 Y114.109 E.03597
G1 X92.826 Y115.088 E.0391
G1 X93.154 Y115.405 E.01511
G1 X93.481 Y115.568 E.01213
G1 X94.136 Y115.622 E.02181
G1 X94.679 Y115.521 E.01832
G1 X94.559 Y115.2 E.01138
G1 X94.272 Y114.255 E.03278
G1 X94.204 Y113.966 E.00986
M205 X8 Y8
G1 X86.233 Y108.754 F7200
M205 X10 Y10
G1 F3000
G1 X86.264 Y109.073 E.01063
G1 X86.294 Y109.961 E.02947
G1 X86.28 Y110.38 E.01391
G1 X86.929 Y110.326 E.02162
G1 X87.257 Y110.164 E.01213
G1 X87.585 Y109.847 E.01511
G1 X88.24 Y108.867 E.0391
G1 X88.895 Y108.003 E.03597
G1 X89.55 Y107.438 E.02872
G1 X90.205 Y107.074 E.02486
G1 X90.86 Y106.84 E.02307
G1 X91.516 Y106.719 E.0221
G1 X92.171 Y106.773 E.02181
G1 X92.498 Y106.936 E.01213
G1 X92.826 Y107.253 E.01511
G1 X93.481 Y108.232 E.0391
G1 X93.772 Y108.615 E.01594
G1 X93.843 Y107.895 E.02401
G1 X94.012 Y106.86 E.03481
G1 X94.272 Y105.745 E.03795
G1 X94.475 Y105.077 E.02318
G1 X94.136 Y105.139 E.01141
G1 X93.481 Y105.085 E.02181
G1 X93.154 Y104.922 E.01213
G1 X92.826 Y104.606 E.01511
G1 X92.171 Y103.626 E.0391
G1 X91.516 Y102.762 E.03597
G1 X90.86 Y102.196 E.02872
G1 X90.205 Y101.832 E.02486
G1 X89.55 Y101.599 E.02307
G1 X88.895 Y101.478 E.0221
G1 X88.24 Y101.532 E.02181
G1 X87.912 Y101.695 E.01213
G1 X87.585 Y102.011 E.01511
G1 X86.929 Y102.991 E.0391
G1 X86.274 Y103.855 E.03597
G1 X85.619 Y104.421 E.02872
G1 X85.242 Y104.63 E.01431
G1 X84.837 Y103.713 E.03326
G1 X84.398 Y102.887 E.03102
G1 X83.881 Y102.052 E.03257
G1 X83.364 Y101.33 E.02949
G1 X82.772 Y100.605 E.03103
G1 X82.079 Y99.865 E.03362
G1 X81.395 Y99.228 E.03103
G1 X80.732 Y98.684 E.02844
G1 X79.909 Y98.094 E.03361
G1 X79.181 Y97.641 E.02844
G1 X78.621 Y97.34 E.02106
G1 X79.068 Y96.955 E.01955
G1 X79.723 Y96.591 E.02486
G1 X80.378 Y96.358 E.02307
G1 X81.033 Y96.237 E.0221
G1 X81.688 Y96.291 E.02181
G1 X82.016 Y96.454 E.01213
G1 X82.343 Y96.77 E.01511
G1 X82.998 Y97.75 E.0391
G1 X83.654 Y98.614 E.03597
G1 X84.309 Y99.18 E.02872
G1 X84.964 Y99.543 E.02486
G1 X85.619 Y99.777 E.02307
G1 X86.274 Y99.898 E.0221
G1 X86.929 Y99.844 E.02181
G1 X87.257 Y99.681 E.01213
G1 X87.585 Y99.365 E.01511
G1 X88.24 Y98.385 E.0391
G1 X88.895 Y97.521 E.03597
G1 X89.55 Y96.955 E.02872
G1 X90.205 Y96.591 E.02486
G1 X90.86 Y96.358 E.02307
G1 X91.516 Y96.237 E.0221
G1 X92.171 Y96.291 E.02181
G1 X92.498 Y96.454 E.01213
G1 X92.826 Y96.77 E.01511
G1 X93.481 Y97.75 E.0391
G1 X94.136 Y98.614 E.03597
G1 X94.791 Y99.18 E.02872
G1 X95.447 Y99.543 E.02486
G1 X96.102 Y99.777 E.02307
G1 X96.757 Y99.898 E.0221
G1 X97.256 Y99.857 E.01661
G1 X97.724 Y99.286 E.02448
G1 X98.451 Y98.506 E.03537
G1 X99.069 Y97.928 E.02808
G1 X99.378 Y97.521 E.01694
G1 X100.033 Y96.955 E.02872
G1 X100.688 Y96.591 E.02486
G1 X100.817 Y96.545 E.00453
G1 X101.887 Y95.87 E.04198
G1 X102.207 Y95.699 E.01202
G1 E-4.5 F2700
;WIPE_START
G1 F3000
G1 X101.887 Y95.87 E-.08607
G1 X100.817 Y96.545 E-.30059
G1 X100.688 Y96.591 E-.03245
G1 X100.482 Y96.705 E-.05589
;WIPE_END
G1 E-.025 F2700
M205 X8 Y8
G1 X108.085 Y97.376 Z2 F7200
G1 X121.603 Y98.568 Z2
G1 Z1.6
G1 E5 F2400
M205 X10 Y10
G1 F3000
G1 X120.714 Y97.724 E.04066
G1 X120.403 Y97.469 E.01334
G1 X120.998 Y96.955 E.02609
G1 X121.653 Y96.591 E.02486
G1 X122.308 Y96.358 E.02307
G1 X122.963 Y96.237 E.0221
G1 X123.619 Y96.291 E.02181
G1 X123.946 Y96.454 E.01213
G1 X124.274 Y96.77 E.01511
G1 X124.929 Y97.75 E.0391
G1 X125.584 Y98.614 E.03597
G1 X126.239 Y99.18 E.02872
G1 X126.894 Y99.543 E.02486
G1 X127.55 Y99.777 E.02307
G1 X128.205 Y99.898 E.0221
G1 X128.86 Y99.844 E.02181
G1 X129.187 Y99.681 E.01213
G1 X129.515 Y99.365 E.01511
G1 X130.17 Y98.385 E.0391
G1 X130.825 Y97.521 E.03597
G1 X131.481 Y96.955 E.02872
G1 X132.136 Y96.591 E.02486
G1 X132.791 Y96.358 E.02307
G1 X133.446 Y96.237 E.0221
G1 X134.101 Y96.291 E.02181
G1 X134.429 Y96.454 E.01213
G1 X134.756 Y96.77 E.01511
G1 X134.999 Y97.133 E.01447
G1 X134.272 Y97.909 E.03528
G1 X133.511 Y98.833 E.03971
G1 X132.794 Y99.829 E.04073
G1 X132.158 Y100.851 E.03991
G1 X131.713 Y101.682 E.03127
G1 X131.481 Y101.599 E.00819
G1 X130.825 Y101.478 E.0221
G1 X130.17 Y101.532 E.02181
G1 X129.843 Y101.695 E.01213
G1 X129.515 Y102.011 E.01511
G1 X128.86 Y102.991 E.0391
G1 X128.205 Y103.855 E.03597
G1 X127.55 Y104.421 E.02872
G1 X126.894 Y104.785 E.02486
G1 X126.239 Y105.018 E.02307
G1 X125.543 Y105.136 E.02341
G1 X125.728 Y105.745 E.02112
G1 X125.973 Y106.783 E.03537
G1 X126.159 Y107.912 E.03796
G1 X126.258 Y108.922 E.03365
G1 X126.284 Y109.687 E.02541
G1 X126.894 Y110.026 E.02315
G1 X127.55 Y110.259 E.02307
G1 X128.205 Y110.381 E.0221
G1 X128.86 Y110.326 E.02181
G1 X129.187 Y110.164 E.01213
G1 X129.515 Y109.847 E.01511
G1 X129.723 Y109.536 E.0124
G1 X129.706 Y110.039 E.01669
G1 X129.746 Y111.208 E.03881
G1 X129.841 Y112.179 E.03235
G1 X129.515 Y112.494 E.01504
G1 X128.86 Y113.474 E.0391
G1 X128.205 Y114.338 E.03597
G1 X127.55 Y114.903 E.02872
G1 X126.894 Y115.267 E.02486
G1 X126.239 Y115.501 E.02307
G1 X125.584 Y115.622 E.0221
G1 X125.293 Y115.598 E.00969
G1 X125.068 Y116.199 E.0213
G1 X124.596 Y117.241 E.03796
G1 X124.306 Y117.784 E.02039
G1 X124.929 Y118.715 E.03717
G1 X125.584 Y119.579 E.03597
G1 X126.239 Y120.145 E.02872
G1 X126.894 Y120.509 E.02486
G1 X127.55 Y120.742 E.02307
G1 X128.205 Y120.863 E.0221
G1 X128.86 Y120.809 E.02181
G1 X129.187 Y120.646 E.01213
G1 X129.515 Y120.33 E.01511
G1 X130.17 Y119.35 E.0391
G1 X130.825 Y118.486 E.03597
G1 X131.509 Y117.904 E.02977
G1 X131.608 Y118.122 E.00794
G1 X132.138 Y119.113 E.03726
G1 X132.794 Y120.171 E.04128
G1 X133.463 Y121.105 E.03814
G1 X134.22 Y122.032 E.03971
G1 X135.092 Y122.963 E.0423
G1 X135.968 Y123.78 E.03971
G1 X136.833 Y124.49 E.03712
G1 X137.869 Y125.232 E.0423
G1 X138.068 Y125.355 E.00775
G1 X137.377 Y125.75 E.02639
G1 X136.722 Y125.983 E.02307
G1 X136.067 Y126.104 E.0221
G1 X135.412 Y126.05 E.02181
G1 X135.084 Y125.888 E.01213
G1 X134.756 Y125.571 E.01511
G1 X134.101 Y124.591 E.0391
G1 X133.446 Y123.727 E.03597
G1 X132.791 Y123.161 E.02872
G1 X132.136 Y122.798 E.02486
G1 X131.481 Y122.564 E.02307
G1 X130.825 Y122.443 E.0221
G1 X130.17 Y122.497 E.02181
G1 X129.843 Y122.66 E.01213
G1 X129.515 Y122.976 E.01511
G1 X128.86 Y123.956 E.0391
G1 X128.205 Y124.82 E.03597
G1 X127.55 Y125.386 E.02872
G1 X126.894 Y125.75 E.02486
G1 X126.239 Y125.983 E.02307
G1 X125.584 Y126.104 E.0221
G1 X124.929 Y126.05 E.02181
G1 X124.601 Y125.888 E.01213
G1 X124.274 Y125.571 E.01511
G1 X123.619 Y124.591 E.0391
G1 X122.963 Y123.727 E.03597
G1 X122.308 Y123.161 E.02872
G1 X121.653 Y122.798 E.02486
G1 X120.998 Y122.564 E.02307
G1 X120.479 Y122.468 E.0175
G1 X119.95 Y122.903 E.02272
G1 X119.085 Y123.526 E.03537
G1 X118.364 Y123.974 E.02816
G1 X117.722 Y124.82 E.03523
G1 X117.067 Y125.386 E.02872
G1 X116.412 Y125.75 E.02486
G1 X115.757 Y125.983 E.02307
G1 X115.101 Y126.104 E.0221
G1 X114.446 Y126.05 E.02181
G1 X114.119 Y125.888 E.01213
G1 X114.014 Y125.787 E.00482
G1 X113.152 Y125.986 E.02935
G1 X112.165 Y126.149 E.03318
G1 X111.105 Y126.256 E.03537
G1 X110 Y126.294 E.03667
G1 X108.895 Y126.256 E.03666
G1 X107.912 Y126.159 E.03278
G1 X106.86 Y125.988 E.03537
G1 X105.893 Y125.763 E.03292
G1 X105.274 Y125.983 E.0218
G1 X104.619 Y126.104 E.0221
G1 X103.964 Y126.05 E.02181
G1 X103.636 Y125.888 E.01213
G1 X103.309 Y125.571 E.01511
G1 X102.588 Y124.505 E.0427
G1 X101.887 Y124.13 E.02636
G1 X101.178 Y123.692 E.02766
G1 E-4.5 F2700
;WIPE_START
G1 F3000
G1 X101.887 Y124.13 E-.19803
G1 X102.588 Y124.505 E-.18869
G1 X102.796 Y124.813 E-.08827
;WIPE_END
G1 E-.025 F2700
M205 X8 Y8
G1 X96.563 Y120.407 Z2 F7200
G1 X52.543 Y89.294 Z2
G1 Z1.6
G1 E5 F2400
M205 X10 Y10
G1 F3000
G1 X54.171 Y89.294 E.05401
G1 X54.826 Y89.415 E.02211
G1 X55.482 Y89.361 E.02181
G1 X55.617 Y89.294 E.005
G1 X64.654 Y89.294 E.29977
G1 X65.309 Y89.415 E.02211
G1 X65.964 Y89.361 E.02181
G1 X66.099 Y89.294 E.005
G1 X75.136 Y89.294 E.29977
G1 X75.792 Y89.415 E.02211
G1 X76.447 Y89.361 E.02181
G1 X76.582 Y89.294 E.005
G1 X85.619 Y89.294 E.29977
G1 X86.274 Y89.415 E.02211
G1 X86.929 Y89.361 E.02181
G1 X87.064 Y89.294 E.005
G1 X96.101 Y89.294 E.29977
G1 X96.757 Y89.415 E.02211
G1 X97.412 Y89.361 E.02181
G1 X97.547 Y89.294 E.005
G1 X106.584 Y89.294 E.29977
G1 X107.24 Y89.415 E.02211
G1 X107.895 Y89.361 E.02181
G1 X108.03 Y89.294 E.005
G1 X117.067 Y89.294 E.29977
G1 X117.722 Y89.415 E.02211
G1 X118.377 Y89.361 E.02181
G1 X118.512 Y89.294 E.005
G1 X127.549 Y89.294 E.29977
G1 X128.205 Y89.415 E.02211
G1 X128.86 Y89.361 E.02181
G1 X128.995 Y89.294 E.005
G1 X138.032 Y89.294 E.29977
G1 X138.687 Y89.415 E.02211
G1 X139.343 Y89.361 E.02181
G1 X139.477 Y89.294 E.005
G1 X148.514 Y89.294 E.29977
G1 X149.17 Y89.415 E.02211
G1 X149.825 Y89.361 E.02181
G1 X149.96 Y89.294 E.005
G1 X158.997 Y89.294 E.29977
G1 X159.653 Y89.415 E.02211
G1 X160.308 Y89.361 E.02181
G1 X160.443 Y89.294 E.005
G1 X162.071 Y89.294 E.05401
; stop printing object V7_00_pH_fit_gauge_26_30_34.stl id:0 copy 0
;TIME_ELAPSED:1434.454712

;LAYER_CHANGE
;:1.8
;HEIGHT:0.2
;BEFORE_LAYER_CHANGE
;1.8
G92 E0
;TIME_ELAPSED:1471.292480
G1 E-4.5 F2700
;WIPE_START
G1 F3000
G1 X160.443 Y89.294 E-.38673
G1 X160.308 Y89.361 E-.03579
G1 X160.087 Y89.379 E-.05249
;WIPE_END
G1 E-.025 F2700
;_SET_FAN_SPEED_CHANGING_LAYER
; OBJECT_ID: 15
; printing object V7_00_pH_fit_gauge_26_30_34.stl id:0 copy 0
M205 X8 Y8
G17
G3 Z2 I-1.19 J.255 P1  F7200
G1 X168.991 Y130.991 Z2
G1 Z1.8
G1 E5 F2400
M205 X10 Y10
;TYPE:Inner wall
;WIDTH:0.449999
G1 F2700
G1 X51.009 Y130.991 E3.91366
G1 X51.009 Y89.009 E1.39261
G1 X168.991 Y89.009 E3.91366
G1 X168.991 Y130.951 E1.39128
M205 X8 Y8
M73 P55 R19
G1 X169.398 Y131.398 F7200
M205 X10 Y10
G1 F2700
G1 X50.602 Y131.398 E3.94067
G1 X50.602 Y88.602 E1.41961
G1 X169.398 Y88.602 E3.94067
G1 X169.398 Y131.358 E1.41829
M205 X8 Y8
G1 X169.79 Y131.79 F7200
M205 X10 Y10
;TYPE:Outer wall
;WIDTH:0.419999
G1 F2400
G1 X50.21 Y131.79 E3.67435
G1 X50.21 Y88.21 E1.33909
G1 X169.79 Y88.21 E3.67435
G1 X169.79 Y131.75 E1.33786
G1 E-4.5 F2700
;WIPE_START
G1 F2400
G1 X167.79 Y131.751 E-.475
;WIPE_END
G1 E-.025 F2700
M205 X8 Y8
G1 X161.549 Y127.357 Z2.2 F7200
G1 X130.557 Y105.541 Z2.2
G1 Z1.8
G1 E5 F2400
M205 X10 Y10
;TYPE:Inner wall
;WIDTH:0.449999
G1 F2700
G1 X130.597 Y105.37 E.00583
G1 X130.937 Y104.242 E.03909
G1 X131.35 Y103.138 E.03909
G1 X131.567 Y102.654 E.0176
G1 X131.834 Y102.064 E.02149
G1 X132.388 Y101.024 E.03909
G1 X133.008 Y100.022 E.03909
G1 X133.711 Y99.037 E.04014
G1 X134.46 Y98.125 E.03912
G1 X135.265 Y97.265 E.03909
G1 X136.125 Y96.46 E.03909
G1 X137.036 Y95.712 E.0391
G1 X137.994 Y95.025 E.03909
G1 X138.995 Y94.403 E.03909
G1 X140.034 Y93.848 E.03909
G1 X141.108 Y93.361 E.03909
G1 X142.211 Y92.946 E.03909
G1 X143.339 Y92.604 E.03909
G1 X144.486 Y92.336 E.03909
G1 X145.649 Y92.144 E.03909
G1 X146.822 Y92.029 E.03909
G1 X148 Y91.99 E.03909
G1 X149.178 Y92.029 E.03909
G1 X150.351 Y92.144 E.03909
G1 X151.514 Y92.336 E.03909
G1 X152.661 Y92.604 E.03909
G1 X153.789 Y92.946 E.03909
G1 X154.892 Y93.361 E.03909
G1 X155.965 Y93.848 E.03909
G1 X157.005 Y94.403 E.03909
G1 X158.006 Y95.025 E.03909
G1 X158.964 Y95.712 E.03909
G1 X159.875 Y96.46 E.03909
G1 X160.735 Y97.265 E.03909
G1 X161.54 Y98.125 E.03909
G1 X162.288 Y99.036 E.03909
G1 X162.975 Y99.994 E.03909
G1 X163.597 Y100.995 E.03909
G1 X164.152 Y102.034 E.03909
G1 X164.639 Y103.108 E.03909
G1 X165.054 Y104.211 E.03909
G1 X165.396 Y105.339 E.03909
G1 X165.664 Y106.486 E.03909
G1 X165.856 Y107.649 E.03909
G1 X165.971 Y108.822 E.03909
G1 X166.01 Y110 E.03909
G1 X165.971 Y111.178 E.03909
G1 X165.856 Y112.351 E.03909
G1 X165.664 Y113.514 E.03909
G1 X165.396 Y114.661 E.03909
G1 X165.054 Y115.789 E.03909
G1 X164.639 Y116.892 E.03909
G1 X164.152 Y117.965 E.03909
G1 X163.597 Y119.005 E.03909
G1 X162.975 Y120.006 E.03909
G1 X162.288 Y120.964 E.03909
G1 X161.54 Y121.875 E.03909
G1 X160.735 Y122.735 E.03909
G1 X159.875 Y123.54 E.03909
G1 X158.964 Y124.288 E.03909
G1 X158.006 Y124.975 E.03909
G1 X157.005 Y125.597 E.03909
G1 X155.965 Y126.152 E.03909
G1 X154.892 Y126.639 E.03909
G1 X153.789 Y127.054 E.03909
G1 X152.661 Y127.396 E.03909
G1 X151.514 Y127.664 E.03909
G1 X150.351 Y127.856 E.03909
G1 X149.178 Y127.971 E.03909
G1 X148 Y128.01 E.03909
G1 X146.822 Y127.971 E.03909
G1 X145.649 Y127.856 E.03909
G1 X144.486 Y127.664 E.03909
G1 X143.339 Y127.396 E.03909
G1 X142.211 Y127.054 E.03909
G1 X141.108 Y126.639 E.03909
G1 X140.034 Y126.152 E.03909
G1 X138.995 Y125.597 E.03909
G1 X137.994 Y124.975 E.03909
G1 X137.036 Y124.288 E.03909
G1 X136.125 Y123.54 E.03909
G1 X135.265 Y122.735 E.03909
G1 X134.46 Y121.875 E.03909
G1 X133.732 Y120.989 E.03802
G1 X133.24 Y120.305 E.02796
G1 X132.539 Y119.224 E.04273
G1 X132.026 Y118.3 E.03504
G1 X131.35 Y116.862 E.05273
G1 X130.957 Y115.819 E.03695
G1 X130.597 Y114.63 E.04123
G1 X130.344 Y113.545 E.03695
G1 X130.15 Y112.383 E.03909
G1 X130.032 Y111.21 E.03909
G1 X129.991 Y110.032 E.03909
G1 X130.024 Y108.985 E.03475
G1 X130.115 Y107.942 E.03472
G1 X130.267 Y106.909 E.03466
G1 X130.476 Y105.888 E.03456
G1 X130.548 Y105.58 E.01048
M205 X8 Y8
G1 X130.953 Y105.634 F7200
M205 X10 Y10
G1 F2700
G1 X130.993 Y105.463 E.00583
G1 X131.206 Y104.756 E.02448
G1 X131.443 Y104.047 E.0248
G1 X131.731 Y103.282 E.02713
G1 X132.205 Y102.232 E.03821
G1 X132.747 Y101.216 E.03821
G1 X133.354 Y100.237 E.03821
G1 X134.035 Y99.285 E.03883
G1 X134.766 Y98.394 E.03822
G1 X135.553 Y97.553 E.03821
G1 X136.394 Y96.766 E.03821
G1 X137.284 Y96.035 E.03821
G1 X138.221 Y95.364 E.03821
G1 X139.199 Y94.756 E.03821
G1 X140.215 Y94.213 E.03821
G1 X141.264 Y93.738 E.03821
G1 X142.342 Y93.332 E.03821
G1 X143.444 Y92.997 E.03821
G1 X144.566 Y92.736 E.03821
G1 X145.702 Y92.548 E.03821
G1 X146.849 Y92.435 E.03821
G1 X148 Y92.398 E.03821
G1 X149.151 Y92.435 E.03821
G1 X150.298 Y92.548 E.03821
G1 X151.434 Y92.736 E.03821
G1 X152.556 Y92.997 E.03821
G1 X153.658 Y93.332 E.03821
G1 X154.736 Y93.737 E.03821
G1 X155.785 Y94.213 E.03821
G1 X156.801 Y94.756 E.03821
G1 X157.779 Y95.364 E.03821
G1 X158.716 Y96.035 E.03821
G1 X159.606 Y96.766 E.03821
G1 X160.447 Y97.553 E.03821
G1 X161.234 Y98.394 E.03821
G1 X161.965 Y99.284 E.03821
G1 X162.636 Y100.221 E.03821
G1 X163.244 Y101.199 E.03821
G1 X163.787 Y102.215 E.03821
G1 X164.263 Y103.264 E.03821
G1 X164.668 Y104.342 E.03821
G1 X165.003 Y105.444 E.03821
G1 X165.264 Y106.566 E.03821
G1 X165.452 Y107.702 E.03821
G1 X165.565 Y108.849 E.03821
G1 X165.602 Y110 E.03821
G1 X165.565 Y111.151 E.03821
G1 X165.452 Y112.298 E.03821
G1 X165.264 Y113.434 E.03821
G1 X165.003 Y114.556 E.03821
G1 X164.668 Y115.658 E.03821
G1 X164.263 Y116.736 E.03821
G1 X163.787 Y117.785 E.03821
G1 X163.244 Y118.801 E.03821
G1 X162.636 Y119.779 E.03821
G1 X161.965 Y120.716 E.03821
G1 X161.234 Y121.606 E.03821
G1 X160.447 Y122.447 E.03821
G1 X159.606 Y123.234 E.03821
G1 X158.716 Y123.965 E.03821
G1 X157.779 Y124.636 E.03821
G1 X156.801 Y125.244 E.03821
G1 X155.785 Y125.787 E.03821
G1 X154.736 Y126.262 E.03821
G1 X153.658 Y126.668 E.03821
G1 X152.556 Y127.003 E.03821
G1 X151.434 Y127.264 E.03821
G1 X150.298 Y127.452 E.03821
G1 X149.151 Y127.565 E.03821
G1 X148 Y127.602 E.03821
G1 X146.849 Y127.565 E.03821
G1 X145.702 Y127.452 E.03821
G1 X144.566 Y127.264 E.03821
G1 X143.444 Y127.003 E.03821
G1 X142.342 Y126.668 E.03821
G1 X141.264 Y126.263 E.03821
G1 X140.215 Y125.787 E.03821
G1 X139.199 Y125.244 E.03821
G1 X138.221 Y124.636 E.03821
G1 X137.284 Y123.965 E.03821
G1 X136.394 Y123.234 E.03821
G1 X135.553 Y122.447 E.03821
G1 X134.766 Y121.606 E.03821
G1 X134.047 Y120.73 E.03758
G1 X133.571 Y120.068 E.02708
G1 X132.885 Y119.009 E.04185
G1 X132.385 Y118.108 E.03415
G1 X131.731 Y116.718 E.05096
G1 X131.338 Y115.676 E.03695
G1 X130.926 Y114.248 E.0493
G1 X130.74 Y113.453 E.0271
G1 X130.551 Y112.316 E.03821
G1 X130.437 Y111.17 E.03821
G1 X130.398 Y110.019 E.03821
G1 X130.43 Y108.999 E.03387
G1 X130.521 Y107.982 E.03384
G1 X130.668 Y106.975 E.03378
G1 X130.872 Y105.98 E.03368
G1 X130.944 Y105.673 E.01048
M205 X8 Y8
G1 X131.335 Y105.723 F7200
M205 X10 Y10
;TYPE:Outer wall
;WIDTH:0.419999
G1 F2400
G1 X131.375 Y105.552 E.0054
G1 X131.581 Y104.87 E.02189
G1 X131.81 Y104.185 E.02218
G1 X132.098 Y103.42 E.02513
G1 X132.562 Y102.394 E.0346
G1 X133.093 Y101.4 E.0346
G1 X133.687 Y100.444 E.0346
G1 X134.346 Y99.523 E.03479
G1 X135.061 Y98.653 E.03461
G1 X135.831 Y97.831 E.0346
G1 X136.653 Y97.061 E.0346
G1 X137.523 Y96.346 E.03461
G1 X138.439 Y95.69 E.0346
G1 X139.395 Y95.096 E.03461
G1 X140.388 Y94.565 E.0346
G1 X141.414 Y94.1 E.0346
G1 X142.468 Y93.703 E.0346
G1 X143.546 Y93.376 E.03461
G1 X144.642 Y93.121 E.0346
G1 X145.754 Y92.937 E.03461
G1 X146.874 Y92.827 E.0346
G1 X148 Y92.79 E.03461
G1 X149.126 Y92.827 E.0346
G1 X150.246 Y92.937 E.0346
G1 X151.358 Y93.121 E.03461
G1 X152.454 Y93.376 E.0346
G1 X153.532 Y93.703 E.0346
G1 X154.586 Y94.1 E.0346
G1 X155.612 Y94.565 E.03461
G1 X156.605 Y95.096 E.0346
G1 X157.561 Y95.69 E.03461
G1 X158.477 Y96.346 E.0346
G1 X159.347 Y97.061 E.03461
G1 X160.169 Y97.831 E.0346
G1 X160.939 Y98.653 E.0346
G1 X161.654 Y99.523 E.03461
G1 X162.31 Y100.439 E.0346
G1 X162.904 Y101.395 E.03461
G1 X163.435 Y102.388 E.0346
G1 X163.9 Y103.414 E.03461
G1 X164.297 Y104.468 E.0346
G1 X164.624 Y105.546 E.0346
G1 X164.879 Y106.642 E.03461
G1 X165.063 Y107.754 E.03461
G1 X165.173 Y108.874 E.0346
G1 X165.21 Y110 E.03461
G1 X165.173 Y111.126 E.03461
G1 X165.063 Y112.246 E.0346
G1 X164.879 Y113.358 E.03461
G1 X164.624 Y114.454 E.0346
G1 X164.297 Y115.532 E.0346
G1 X163.9 Y116.586 E.03461
G1 X163.435 Y117.612 E.0346
G1 X162.904 Y118.605 E.0346
G1 X162.31 Y119.561 E.03461
G1 X161.654 Y120.477 E.0346
G1 X160.939 Y121.347 E.0346
G1 X160.169 Y122.169 E.0346
G1 X159.347 Y122.939 E.0346
G1 X158.477 Y123.654 E.03461
G1 X157.561 Y124.31 E.0346
G1 X156.605 Y124.904 E.03461
G1 X155.612 Y125.435 E.0346
G1 X154.586 Y125.9 E.0346
G1 X153.532 Y126.297 E.03461
G1 X152.454 Y126.624 E.0346
G1 X151.358 Y126.879 E.0346
G1 X150.246 Y127.063 E.03461
G1 X149.126 Y127.173 E.0346
G1 X148 Y127.21 E.03461
G1 X146.874 Y127.173 E.0346
G1 X145.754 Y127.063 E.0346
G1 X144.642 Y126.879 E.03461
G1 X143.546 Y126.624 E.0346
G1 X142.468 Y126.297 E.03461
M73 P56 R19
G1 X141.414 Y125.9 E.0346
G1 X140.388 Y125.435 E.03461
G1 X139.395 Y124.904 E.0346
G1 X138.439 Y124.31 E.03461
G1 X137.523 Y123.654 E.0346
G1 X136.653 Y122.939 E.03461
G1 X135.831 Y122.169 E.0346
G1 X135.061 Y121.347 E.0346
G1 X134.35 Y120.482 E.03442
G1 X133.889 Y119.839 E.0243
G1 X133.218 Y118.801 E.03798
G1 X132.731 Y117.923 E.03085
G1 X132.295 Y117.016 E.03093
G1 X131.911 Y116.084 E.03099
G1 X131.705 Y115.538 E.01792
G1 X131.308 Y114.159 E.04409
G1 X131.122 Y113.364 E.0251
G1 X130.938 Y112.252 E.0346
G1 X130.827 Y111.132 E.0346
G1 X130.79 Y110.006 E.0346
G1 X130.822 Y109.011 E.03058
G1 X130.911 Y108.021 E.03056
G1 X131.055 Y107.039 E.0305
G1 X131.254 Y106.069 E.03041
G1 X131.326 Y105.762 E.0097
G1 E-4.5 F2700
;WIPE_START
G1 F2400
G1 X131.375 Y105.552 E-.05124
G1 X131.581 Y104.87 E-.16916
G1 X131.81 Y104.185 E-.17147
G1 X131.933 Y103.858 E-.08313
;WIPE_END
G1 E-.025 F2700
M205 X8 Y8
G1 X127.871 Y110.32 Z2.2 F7200
G1 X125.456 Y114.162 Z2.2
G1 Z1.8
G1 E5 F2400
M205 X10 Y10
;TYPE:Inner wall
;WIDTH:0.449999
G1 F2700
G1 X125.149 Y115.176 E.03517
G1 X124.802 Y116.096 E.03261
G1 X124.343 Y117.109 E.03689
G1 X123.878 Y117.979 E.03273
G1 X123.443 Y118.684 E.02746
G1 X122.775 Y119.643 E.03878
G1 X122.057 Y120.531 E.03787
G1 X121.343 Y121.297 E.03475
G1 X120.58 Y122.015 E.03475
G1 X119.771 Y122.681 E.03475
G1 X118.921 Y123.293 E.03475
G1 X118.032 Y123.848 E.03475
G1 X117.109 Y124.343 E.03475
G1 X116.156 Y124.778 E.03475
G1 X115.176 Y125.149 E.03475
G1 X114.175 Y125.455 E.03475
G1 X113.155 Y125.695 E.03475
G1 X112.122 Y125.867 E.03475
G1 X111.079 Y125.972 E.03475
G1 X110.032 Y126.009 E.03475
G1 X108.985 Y125.976 E.03475
G1 X107.942 Y125.876 E.03475
G1 X106.909 Y125.707 E.03475
G1 X105.888 Y125.472 E.03475
G1 X104.885 Y125.169 E.03475
G1 X103.904 Y124.802 E.03475
G1 X102.949 Y124.372 E.03475
G1 X102.024 Y123.88 E.03475
G1 X101.133 Y123.329 E.03475
G1 X100.28 Y122.72 E.03475
G1 X99.469 Y122.057 E.03475
G1 X98.703 Y121.343 E.03475
G1 X97.985 Y120.58 E.03475
G1 X97.319 Y119.771 E.03475
G1 X96.707 Y118.921 E.03475
G1 X96.271 Y118.224 E.02728
G1 X95.82 Y117.415 E.0307
G1 X95.415 Y116.581 E.03079
G1 X95.198 Y116.096 E.0176
G1 X94.851 Y115.176 E.03261
G1 X94.491 Y113.951 E.04239
G1 X94.305 Y113.155 E.0271
G1 X94.133 Y112.122 E.03475
G1 X94.028 Y111.079 E.03475
G1 X93.991 Y110.032 E.03475
G1 X94.019 Y109.116 E.03041
G1 X94.098 Y108.204 E.03038
G1 X94.228 Y107.299 E.03032
G1 X94.528 Y105.888 E.04785
G1 X94.91 Y104.669 E.04236
G1 X95.198 Y103.904 E.02713
G1 X95.628 Y102.949 E.03475
G1 X96.12 Y102.024 E.03475
G1 X96.594 Y101.257 E.02992
G1 X97.28 Y100.28 E.03957
G1 X97.943 Y99.469 E.03475
G1 X98.657 Y98.703 E.03475
G1 X99.42 Y97.985 E.03475
G1 X100.229 Y97.319 E.03475
G1 X101.079 Y96.707 E.03475
G1 X101.968 Y96.152 E.03475
G1 X102.891 Y95.657 E.03475
G1 X103.844 Y95.222 E.03475
G1 X104.824 Y94.851 E.03475
G1 X105.825 Y94.545 E.03475
G1 X106.845 Y94.305 E.03475
G1 X107.878 Y94.133 E.03475
G1 X108.921 Y94.028 E.03475
G1 X109.968 Y93.991 E.03475
G1 X111.015 Y94.024 E.03475
G1 X112.058 Y94.124 E.03475
G1 X113.091 Y94.293 E.03475
G1 X114.112 Y94.528 E.03475
G1 X115.115 Y94.831 E.03475
G1 X116.096 Y95.198 E.03475
G1 X117.051 Y95.628 E.03475
G1 X117.976 Y96.12 E.03475
G1 X118.867 Y96.671 E.03475
G1 X119.72 Y97.28 E.03475
G1 X120.531 Y97.943 E.03475
G1 X121.297 Y98.657 E.03475
G1 X122.015 Y99.42 E.03475
G1 X122.531 Y100.046 E.0269
G1 X123.293 Y101.079 E.04259
G1 X123.848 Y101.968 E.03475
G1 X124.343 Y102.891 E.03475
G1 X124.778 Y103.844 E.03475
G1 X125.003 Y104.436 E.02102
G1 X125.455 Y105.825 E.04846
G1 X125.604 Y106.455 E.02146
G1 X125.824 Y107.617 E.03925
G1 X125.959 Y108.79 E.03915
G1 X126.009 Y109.968 E.0391
G1 X125.976 Y111.015 E.03475
G1 X125.876 Y112.058 E.03475
G1 X125.707 Y113.091 E.03475
G1 X125.472 Y114.112 E.03475
G1 X125.468 Y114.124 E.0004
M205 X8 Y8
G1 X125.065 Y114.05 F7200
M205 X10 Y10
G1 F2700
G1 X124.622 Y115.42 E.04776
G1 X124.421 Y115.953 E.01887
G1 X124.188 Y116.471 E.01886
G1 X123.679 Y117.489 E.03774
G1 X123.097 Y118.469 E.0378
G1 X122.444 Y119.406 E.0379
G1 X121.743 Y120.273 E.03699
G1 X121.046 Y121.019 E.03387
G1 X120.301 Y121.717 E.03387
G1 X119.513 Y122.366 E.03387
G1 X118.684 Y122.962 E.03387
G1 X117.817 Y123.502 E.03387
G1 X116.918 Y123.984 E.03387
G1 X115.988 Y124.407 E.03387
G1 X115.033 Y124.768 E.03387
G1 X114.056 Y125.065 E.03387
G1 X113.062 Y125.298 E.03387
G1 X112.055 Y125.466 E.03387
G1 X111.039 Y125.567 E.03387
G1 X110.019 Y125.602 E.03387
G1 X108.999 Y125.57 E.03387
G1 X107.982 Y125.471 E.03387
G1 X106.975 Y125.306 E.03387
G1 X105.98 Y125.075 E.03387
G1 X105.003 Y124.78 E.03387
G1 X104.047 Y124.421 E.03387
G1 X103.117 Y124.001 E.03387
G1 X102.216 Y123.521 E.03387
G1 X101.348 Y122.983 E.03387
G1 X100.517 Y122.389 E.03387
G1 X99.727 Y121.743 E.03387
G1 X98.981 Y121.046 E.03387
G1 X98.283 Y120.301 E.03387
G1 X97.634 Y119.513 E.03387
G1 X97.038 Y118.684 E.03387
G1 X96.617 Y118.009 E.0264
G1 X96.179 Y117.224 E.02981
G1 X95.785 Y116.413 E.02991
G1 X95.579 Y115.953 E.01672
G1 X95.232 Y115.033 E.03261
G1 X94.887 Y113.858 E.04062
G1 X94.702 Y113.062 E.0271
G1 X94.534 Y112.055 E.03387
G1 X94.433 Y111.039 E.03387
G1 X94.398 Y110.019 E.03387
G1 X94.426 Y109.129 E.02953
G1 X94.504 Y108.243 E.0295
G1 X94.63 Y107.365 E.02944
G1 X94.925 Y105.98 E.04696
G1 X95.138 Y105.274 E.02448
G1 X95.438 Y104.421 E.02998
G1 X95.999 Y103.117 E.04711
G1 X96.479 Y102.216 E.03387
G1 X96.94 Y101.472 E.02904
G1 X97.611 Y100.517 E.03869
G1 X98.257 Y99.727 E.03387
G1 X98.954 Y98.981 E.03387
G1 X99.699 Y98.283 E.03387
G1 X100.487 Y97.634 E.03387
G1 X101.316 Y97.038 E.03387
G1 X102.183 Y96.498 E.03387
G1 X103.082 Y96.016 E.03387
G1 X104.012 Y95.593 E.03387
G1 X104.967 Y95.232 E.03387
G1 X105.944 Y94.935 E.03387
G1 X106.938 Y94.702 E.03387
G1 X107.945 Y94.534 E.03387
G1 X108.961 Y94.433 E.03387
G1 X109.981 Y94.398 E.03387
G1 X111.001 Y94.43 E.03387
G1 X112.018 Y94.529 E.03387
G1 X113.025 Y94.694 E.03387
G1 X114.02 Y94.925 E.03387
G1 X114.997 Y95.22 E.03387
G1 X115.953 Y95.579 E.03387
G1 X116.883 Y95.999 E.03387
G1 X117.784 Y96.479 E.03387
G1 X118.652 Y97.017 E.03387
G1 X119.483 Y97.611 E.03387
G1 X120.273 Y98.257 E.03387
G1 X121.019 Y98.954 E.03387
G1 X121.717 Y99.699 E.03387
G1 X122.216 Y100.304 E.02602
G1 X122.962 Y101.316 E.04171
G1 X123.502 Y102.183 E.03387
G1 X123.984 Y103.082 E.03387
G1 X124.407 Y104.012 E.03387
G1 X124.622 Y104.58 E.02013
G1 X125.065 Y105.944 E.04758
G1 X125.207 Y106.547 E.02058
G1 X125.423 Y107.684 E.03836
G1 X125.554 Y108.83 E.03827
G1 X125.602 Y109.981 E.03822
G1 X125.57 Y111.001 E.03387
G1 X125.471 Y112.018 E.03387
G1 X125.306 Y113.025 E.03387
G1 X125.077 Y114.012 E.03361
M205 X8 Y8
G1 X124.693 Y113.931 F7200
M205 X10 Y10
;TYPE:Outer wall
;WIDTH:0.419999
G1 F2400
G1 X124.255 Y115.282 E.04366
G1 X124.054 Y115.815 E.01748
G1 X123.831 Y116.31 E.01668
G1 X123.333 Y117.304 E.03417
G1 X122.764 Y118.261 E.03422
G1 X122.126 Y119.178 E.03432
G1 X121.439 Y120.024 E.03347
G1 X120.759 Y120.751 E.03058
G1 X120.033 Y121.431 E.03058
G1 X119.264 Y122.063 E.03058
G1 X118.455 Y122.643 E.03058
G1 X117.61 Y123.169 E.03058
G1 X116.733 Y123.639 E.03058
G1 X115.826 Y124.05 E.03058
G1 X114.895 Y124.401 E.03058
G1 X113.943 Y124.69 E.03058
G1 X112.973 Y124.916 E.03058
G1 X111.991 Y125.079 E.03058
G1 X111.001 Y125.177 E.03058
G1 X110.006 Y125.21 E.03058
G1 X109.011 Y125.178 E.03058
G1 X108.021 Y125.081 E.03058
G1 X107.039 Y124.919 E.03058
G1 X106.069 Y124.693 E.03058
G1 X105.117 Y124.405 E.03058
G1 X104.185 Y124.054 E.03058
G1 X103.278 Y123.644 E.03058
G1 X102.4 Y123.175 E.03058
G1 X101.555 Y122.65 E.03058
G1 X100.746 Y122.071 E.03058
G1 X99.976 Y121.439 E.03058
G1 X99.249 Y120.759 E.03058
G1 X98.569 Y120.033 E.03058
G1 X97.937 Y119.264 E.03058
G1 X97.357 Y118.455 E.03058
G1 X96.95 Y117.801 E.02366
G1 X96.525 Y117.039 E.02683
G1 X96.143 Y116.251 E.02691
G1 X95.805 Y115.441 E.02697
G1 X95.599 Y114.895 E.01792
G1 X95.4 Y114.24 E.02102
G1 X95.186 Y113.413 E.02626
G1 X95.073 Y112.914 E.01571
G1 X94.921 Y111.991 E.02874
G1 X94.823 Y111.001 E.03058
G1 X94.79 Y110.006 E.03058
G1 X94.818 Y109.142 E.02656
G1 X94.894 Y108.282 E.02654
G1 X95.017 Y107.429 E.02648
G1 X95.307 Y106.069 E.04272
G1 X95.513 Y105.388 E.02188
G1 X95.805 Y104.559 E.02699
G1 X96.356 Y103.278 E.04285
G1 X96.825 Y102.4 E.03058
G1 X97.273 Y101.679 E.02611
G1 X97.929 Y100.746 E.03505
G1 X98.561 Y99.976 E.03058
G1 X99.241 Y99.249 E.03058
G1 X99.967 Y98.569 E.03058
G1 X100.736 Y97.937 E.03058
G1 X101.545 Y97.357 E.03058
G1 X102.39 Y96.831 E.03058
G1 X103.267 Y96.361 E.03058
G1 X104.174 Y95.95 E.03058
G1 X105.105 Y95.599 E.03058
G1 X106.057 Y95.31 E.03058
G1 X107.027 Y95.084 E.03058
G1 X108.009 Y94.921 E.03058
G1 X108.999 Y94.823 E.03058
G1 X109.994 Y94.79 E.03058
G1 X110.989 Y94.822 E.03058
G1 X111.979 Y94.919 E.03058
G1 X112.961 Y95.081 E.03058
G1 X113.931 Y95.307 E.03058
G1 X114.883 Y95.595 E.03058
G1 X115.815 Y95.946 E.03058
G1 X116.722 Y96.356 E.03058
G1 X117.6 Y96.825 E.03058
G1 X118.445 Y97.35 E.03058
G1 X119.254 Y97.929 E.03058
G1 X120.024 Y98.561 E.03058
G1 X120.751 Y99.241 E.03058
G1 X121.431 Y99.967 E.03058
G1 X121.913 Y100.553 E.02331
G1 X122.643 Y101.545 E.03784
G1 X123.169 Y102.39 E.03058
G1 X123.639 Y103.267 E.03058
G1 X124.05 Y104.174 E.03058
G1 X124.255 Y104.718 E.01786
G1 X124.69 Y106.057 E.04328
G1 X124.825 Y106.636 E.01827
G1 X125.036 Y107.748 E.03475
G1 X125.164 Y108.868 E.03466
G1 X125.21 Y109.994 E.03461
G1 X125.178 Y110.989 E.03058
G1 X125.081 Y111.979 E.03058
G1 X124.919 Y112.961 E.03058
G1 X124.702 Y113.892 E.02935
G1 E-4.5 F2700
;WIPE_START
G1 F2400
G1 X124.255 Y115.282 E-.34695
G1 X124.065 Y115.787 E-.12805
;WIPE_END
G1 E-.025 F2700
M205 X8 Y8
G1 X116.472 Y115.014 Z2.2 F7200
G1 X58.024 Y109.066 Z2.2
G1 Z1.8
G1 E5 F2400
M205 X10 Y10
;TYPE:Inner wall
;WIDTH:0.449999
G1 F2700
G1 X58.107 Y108.204 E.02875
G1 X58.254 Y107.299 E.03041
G1 X58.46 Y106.406 E.03041
G1 X58.724 Y105.528 E.03041
G1 X59.045 Y104.669 E.03041
G1 X59.422 Y103.833 E.03041
G1 X59.852 Y103.024 E.03041
G1 X60.334 Y102.244 E.03041
G1 X60.867 Y101.498 E.03041
G1 X61.446 Y100.788 E.03041
G1 X62.072 Y100.117 E.03041
G1 X62.739 Y99.489 E.03041
G1 X63.446 Y98.906 E.03041
G1 X64.19 Y98.37 E.03041
G1 X64.968 Y97.884 E.03041
G1 X65.775 Y97.45 E.03041
G1 X66.609 Y97.07 E.03041
G1 X67.466 Y96.745 E.03041
G1 X68.343 Y96.477 E.03041
G1 X69.235 Y96.267 E.03041
G1 X70.139 Y96.115 E.03041
G1 X71.052 Y96.023 E.03041
G1 X71.968 Y95.991 E.03041
G1 X72.884 Y96.019 E.03041
G1 X73.796 Y96.107 E.03041
G1 X74.701 Y96.254 E.03041
G1 X75.594 Y96.46 E.03041
G1 X76.472 Y96.724 E.03041
G1 X77.331 Y97.045 E.03041
G1 X78.167 Y97.422 E.03041
G1 X78.976 Y97.852 E.03041
G1 X79.756 Y98.334 E.03041
G1 X80.502 Y98.867 E.03041
G1 X81.212 Y99.446 E.03041
G1 X81.883 Y100.072 E.03041
G1 X82.511 Y100.739 E.03041
G1 X83.094 Y101.446 E.03041
G1 X83.63 Y102.19 E.03041
G1 X84.116 Y102.968 E.03041
G1 X84.55 Y103.775 E.03041
G1 X85.013 Y104.824 E.03802
G1 X85.255 Y105.466 E.02279
G1 X85.475 Y106.184 E.0249
G1 X85.642 Y106.845 E.02261
G1 X85.841 Y107.878 E.03491
G1 X85.964 Y108.921 E.03481
G1 X86.009 Y109.968 E.03476
G1 X85.981 Y110.884 E.03041
G1 X85.893 Y111.796 E.03041
G1 X85.746 Y112.701 E.03041
G1 X85.54 Y113.594 E.03041
G1 X85.366 Y114.175 E.02009
G1 X84.955 Y115.331 E.04072
G1 X84.583 Y116.156 E.03002
G1 X84.306 Y116.681 E.01969
G1 X83.78 Y117.572 E.03434
G1 X83.273 Y118.307 E.02961
G1 X82.554 Y119.212 E.03835
G1 X81.928 Y119.883 E.03041
G1 X81.261 Y120.511 E.03041
G1 X80.554 Y121.094 E.03041
G1 X79.81 Y121.63 E.03041
G1 X79.032 Y122.116 E.03041
G1 X78.225 Y122.55 E.03041
G1 X77.391 Y122.93 E.03041
G1 X76.534 Y123.255 E.03041
G1 X75.657 Y123.523 E.03041
G1 X74.765 Y123.733 E.03041
G1 X73.861 Y123.885 E.03041
G1 X72.948 Y123.977 E.03041
G1 X72.032 Y124.009 E.03041
G1 X71.116 Y123.981 E.03041
G1 X70.204 Y123.893 E.03041
G1 X69.299 Y123.746 E.03041
G1 X68.406 Y123.54 E.03041
G1 X67.528 Y123.276 E.03041
G1 X66.669 Y122.955 E.03041
G1 X65.833 Y122.578 E.03041
G1 X65.024 Y122.148 E.03041
G1 X64.244 Y121.666 E.03041
G1 X63.498 Y121.133 E.03041
G1 X62.788 Y120.554 E.03041
G1 X62.117 Y119.928 E.03041
G1 X61.489 Y119.261 E.03041
G1 X60.906 Y118.554 E.03041
G1 X60.37 Y117.81 E.03041
G1 X59.884 Y117.032 E.03041
G1 X59.45 Y116.225 E.03041
G1 X59.07 Y115.391 E.03041
G1 X58.745 Y114.534 E.03041
G1 X58.477 Y113.657 E.03041
G1 X58.267 Y112.765 E.03041
G1 X58.115 Y111.861 E.03041
G1 X58.023 Y110.948 E.03041
G1 X57.991 Y110.032 E.03041
G1 X58.019 Y109.116 E.03041
G1 X58.02 Y109.106 E.00034
M205 X8 Y8
G1 X58.429 Y109.105 F7200
M205 X10 Y10
G1 F2700
G1 X58.512 Y108.243 E.0287
G1 X58.656 Y107.365 E.02953
G1 X58.857 Y106.498 E.02952
G1 X59.114 Y105.646 E.02953
G1 X59.426 Y104.812 E.02953
G1 X59.793 Y104.001 E.02953
G1 X60.211 Y103.216 E.02953
G1 X60.68 Y102.459 E.02952
G1 X61.197 Y101.735 E.02953
G1 X61.761 Y101.046 E.02953
G1 X62.369 Y100.396 E.02953
G1 X63.017 Y99.786 E.02953
G1 X63.705 Y99.221 E.02953
G1 X64.427 Y98.701 E.02953
G1 X65.183 Y98.23 E.02952
G1 X65.967 Y97.809 E.02953
G1 X66.777 Y97.441 E.02953
G1 X67.61 Y97.126 E.02952
G1 X68.461 Y96.867 E.02953
G1 X69.328 Y96.663 E.02952
G1 X70.206 Y96.517 E.02953
G1 X71.091 Y96.429 E.02953
G1 X71.981 Y96.398 E.02953
G1 X72.871 Y96.426 E.02953
G1 X73.757 Y96.512 E.02953
G1 X74.635 Y96.656 E.02953
G1 X75.502 Y96.857 E.02952
G1 X76.354 Y97.114 E.02953
G1 X77.188 Y97.426 E.02952
G1 X77.999 Y97.793 E.02953
G1 X78.784 Y98.211 E.02953
G1 X79.541 Y98.68 E.02952
G1 X80.265 Y99.197 E.02953
G1 X80.954 Y99.761 E.02953
G1 X81.604 Y100.369 E.02952
G1 X82.214 Y101.017 E.02952
G1 X82.779 Y101.705 E.02953
G1 X83.299 Y102.427 E.02952
G1 X83.77 Y103.183 E.02953
G1 X84.191 Y103.967 E.02953
G1 X84.559 Y104.777 E.02953
G1 X84.976 Y105.944 E.04109
G1 X85.133 Y106.461 E.01794
G1 X85.326 Y107.282 E.02795
G1 X85.44 Y107.945 E.02232
G1 X85.559 Y108.961 E.03393
G1 X85.602 Y109.981 E.03388
G1 X85.574 Y110.871 E.02953
G1 X85.488 Y111.757 E.02953
G1 X85.344 Y112.635 E.02953
G1 X85.143 Y113.502 E.02952
G1 X84.976 Y114.056 E.0192
G1 X84.574 Y115.188 E.03983
G1 X84.212 Y115.988 E.02913
G1 X83.947 Y116.489 E.0188
G1 X83.434 Y117.357 E.03346
G1 X82.942 Y118.07 E.02873
G1 X82.239 Y118.954 E.03747
G1 X81.631 Y119.604 E.02952
G1 X80.983 Y120.214 E.02953
G1 X80.295 Y120.779 E.02953
G1 X79.573 Y121.299 E.02953
G1 X78.817 Y121.77 E.02952
G1 X78.033 Y122.191 E.02953
G1 X77.223 Y122.559 E.02953
M73 P56 R18
G1 X76.39 Y122.874 E.02952
G1 X75.539 Y123.133 E.02953
G1 X74.672 Y123.337 E.02952
G1 X73.794 Y123.483 E.02953
G1 X72.909 Y123.571 E.02953
G1 X72.019 Y123.602 E.02953
G1 X71.129 Y123.574 E.02953
G1 X70.243 Y123.488 E.02953
G1 X69.365 Y123.344 E.02953
G1 X68.498 Y123.143 E.02952
G1 X67.646 Y122.886 E.02953
G1 X66.812 Y122.574 E.02952
G1 X66.001 Y122.207 E.02953
G1 X65.216 Y121.789 E.02953
G1 X64.459 Y121.32 E.02952
G1 X63.735 Y120.803 E.02953
G1 X63.046 Y120.239 E.02953
G1 X62.396 Y119.631 E.02952
G1 X61.786 Y118.983 E.02953
G1 X61.221 Y118.295 E.02953
G1 X60.701 Y117.573 E.02953
G1 X60.23 Y116.817 E.02952
G1 X59.809 Y116.033 E.02953
G1 X59.441 Y115.223 E.02953
G1 X59.126 Y114.39 E.02953
G1 X58.867 Y113.539 E.02953
G1 X58.663 Y112.672 E.02953
G1 X58.517 Y111.794 E.02953
G1 X58.429 Y110.909 E.02953
G1 X58.398 Y110.019 E.02953
G1 X58.426 Y109.145 E.02902
M205 X8 Y8
G1 X58.818 Y109.142 F7200
M205 X10 Y10
;TYPE:Outer wall
;WIDTH:0.419999
G1 F2400
G1 X58.902 Y108.282 E.02656
G1 X59.043 Y107.429 E.02656
G1 X59.239 Y106.587 E.02656
G1 X59.489 Y105.76 E.02656
G1 X59.793 Y104.95 E.02656
G1 X60.15 Y104.163 E.02656
G1 X60.557 Y103.4 E.02656
G1 X61.013 Y102.666 E.02656
G1 X61.516 Y101.963 E.02656
G1 X62.064 Y101.295 E.02656
G1 X62.655 Y100.664 E.02656
G1 X63.285 Y100.072 E.02656
G1 X63.953 Y99.524 E.02656
G1 X64.656 Y99.02 E.02656
G1 X65.39 Y98.563 E.02656
G1 X66.152 Y98.155 E.02656
G1 X66.939 Y97.798 E.02656
G1 X67.748 Y97.493 E.02656
G1 X68.575 Y97.242 E.02656
G1 X69.417 Y97.045 E.02656
G1 X70.27 Y96.904 E.02656
G1 X71.13 Y96.819 E.02656
G1 X71.994 Y96.79 E.02656
G1 X72.858 Y96.818 E.02656
G1 X73.718 Y96.902 E.02656
G1 X74.571 Y97.043 E.02656
G1 X75.413 Y97.239 E.02656
G1 X76.24 Y97.489 E.02656
G1 X77.05 Y97.793 E.02656
G1 X77.837 Y98.15 E.02656
G1 X78.6 Y98.557 E.02656
G1 X79.334 Y99.013 E.02656
G1 X80.037 Y99.516 E.02656
G1 X80.705 Y100.064 E.02656
G1 X81.336 Y100.655 E.02656
G1 X81.928 Y101.285 E.02656
G1 X82.476 Y101.953 E.02656
G1 X82.98 Y102.656 E.02656
G1 X83.437 Y103.39 E.02656
G1 X83.845 Y104.152 E.02656
G1 X84.202 Y104.939 E.02656
G1 X84.601 Y106.057 E.03649
G1 X84.758 Y106.575 E.01662
G1 X84.944 Y107.371 E.0251
G1 X85.053 Y108.009 E.01989
G1 X85.168 Y108.999 E.03064
G1 X85.21 Y109.994 E.03059
G1 X85.182 Y110.858 E.02656
G1 X85.098 Y111.718 E.02656
G1 X84.957 Y112.571 E.02656
G1 X84.761 Y113.413 E.02656
G1 X84.601 Y113.943 E.017
G1 X84.207 Y115.05 E.03611
G1 X83.855 Y115.826 E.0262
G1 X83.601 Y116.304 E.01663
G1 X83.101 Y117.15 E.0302
G1 X82.624 Y117.842 E.02582
G1 X81.936 Y118.705 E.03392
G1 X81.345 Y119.336 E.02656
G1 X80.715 Y119.928 E.02656
G1 X80.047 Y120.476 E.02656
G1 X79.344 Y120.98 E.02656
G1 X78.61 Y121.437 E.02656
G1 X77.848 Y121.845 E.02656
G1 X77.061 Y122.202 E.02656
G1 X76.252 Y122.507 E.02656
G1 X75.425 Y122.758 E.02656
G1 X74.583 Y122.955 E.02656
G1 X73.73 Y123.096 E.02656
G1 X72.87 Y123.181 E.02656
G1 X72.006 Y123.21 E.02656
G1 X71.142 Y123.182 E.02656
G1 X70.282 Y123.098 E.02656
G1 X69.429 Y122.957 E.02656
G1 X68.587 Y122.761 E.02656
G1 X67.76 Y122.511 E.02656
G1 X66.95 Y122.207 E.02656
G1 X66.163 Y121.85 E.02656
G1 X65.4 Y121.443 E.02656
G1 X64.666 Y120.987 E.02656
G1 X63.963 Y120.484 E.02656
G1 X63.295 Y119.936 E.02656
G1 X62.664 Y119.345 E.02656
G1 X62.072 Y118.715 E.02656
G1 X61.524 Y118.047 E.02656
G1 X61.02 Y117.344 E.02656
G1 X60.563 Y116.61 E.02656
G1 X60.155 Y115.848 E.02656
G1 X59.798 Y115.061 E.02656
G1 X59.493 Y114.252 E.02656
G1 X59.242 Y113.425 E.02656
G1 X59.045 Y112.583 E.02656
G1 X58.904 Y111.73 E.02656
G1 X58.819 Y110.87 E.02656
G1 X58.79 Y110.006 E.02656
G1 X58.817 Y109.182 E.02533
G1 E-4.5 F2700
;WIPE_START
G1 F2400
G1 X58.902 Y108.282 E-.21478
G1 X59.043 Y107.429 E-.20531
G1 X59.095 Y107.204 E-.05491
;WIPE_END
G1 E-.025 F2700
M205 X8 Y8
G1 X60.711 Y118.766 Z2.2 F7200
G1 Z1.8
G1 E5 F2400
M205 X10 Y10
;TYPE:Sparse infill
;WIDTH:0.45
G1 F3000
G1 X60.137 Y117.974 E.03245
G1 X59.794 Y117.422 E.02156
G1 X59.413 Y117.446 E.01267
G1 X58.757 Y117.617 E.02246
G1 X58.102 Y117.92 E.02394
G1 X57.447 Y118.405 E.02704
G1 X56.792 Y119.135 E.03255
G1 X56.137 Y119.976 E.03535
G1 X55.482 Y120.502 E.02788
G1 X54.826 Y120.661 E.02236
G1 X54.171 Y120.619 E.02178
G1 X53.516 Y120.448 E.02246
G1 X52.861 Y120.145 E.02394
G1 X52.206 Y119.66 E.02704
G1 X51.551 Y118.929 E.03255
G1 X51.294 Y118.6 E.01384
G1 X51.294 Y115.055 E.11761
G1 X51.551 Y115.261 E.01092
G1 X52.206 Y115.42 E.02236
G1 X52.861 Y115.378 E.02178
G1 X53.516 Y115.206 E.02246
G1 X54.171 Y114.904 E.02394
G1 X54.826 Y114.419 E.02704
G1 X55.482 Y113.688 E.03255
G1 X56.137 Y112.848 E.03535
G1 X56.792 Y112.321 E.02788
G1 X57.447 Y112.163 E.02236
G1 X57.881 Y112.19 E.01443
G1 X57.834 Y111.904 E.00962
G1 X57.74 Y110.974 E.03103
G1 X57.706 Y110 E.03232
G1 X57.735 Y109.104 E.02973
G1 X57.824 Y108.173 E.03103
G1 X57.923 Y107.57 E.02028
G1 X57.447 Y107.922 E.01965
G1 X56.792 Y108.653 E.03255
G1 X56.137 Y109.493 E.03535
G1 X55.482 Y110.02 E.02788
G1 X54.826 Y110.178 E.02236
G1 X54.171 Y110.136 E.02178
G1 X53.516 Y109.965 E.02246
G1 X52.861 Y109.662 E.02394
G1 X52.206 Y109.177 E.02704
G1 X51.551 Y108.447 E.03255
G1 X51.294 Y108.118 E.01384
G1 X51.294 Y104.572 E.11761
G1 X51.551 Y104.778 E.01092
G1 X52.206 Y104.937 E.02236
G1 X52.861 Y104.895 E.02178
G1 X53.516 Y104.724 E.02246
G1 X54.171 Y104.421 E.02394
G1 X54.826 Y103.936 E.02704
G1 X55.482 Y103.206 E.03255
G1 X56.137 Y102.365 E.03535
G1 X56.792 Y101.839 E.02788
G1 X57.447 Y101.68 E.02236
G1 X58.102 Y101.722 E.02178
G1 X58.757 Y101.893 E.02246
G1 X59.413 Y102.196 E.02394
G1 X59.836 Y102.51 E.0175
G1 X60.137 Y102.027 E.01888
G1 X60.636 Y101.33 E.02844
G1 X61.228 Y100.605 E.03102
G1 X61.892 Y99.892 E.03233
G1 X62.605 Y99.228 E.03232
G1 X62.986 Y98.915 E.01635
G1 X62.688 Y98.695 E.01228
G1 X62.033 Y97.964 E.03255
G1 X61.378 Y97.124 E.03535
G1 X60.723 Y96.598 E.02788
G1 X60.068 Y96.439 E.02236
G1 X59.413 Y96.481 E.02178
G1 X58.757 Y96.652 E.02246
G1 X58.102 Y96.955 E.02394
G1 X57.447 Y97.44 E.02704
G1 X56.792 Y98.17 E.03255
G1 X56.137 Y99.011 E.03535
G1 X55.482 Y99.537 E.02788
G1 X54.826 Y99.696 E.02236
G1 X54.171 Y99.654 E.02178
G1 X53.516 Y99.483 E.02246
G1 X52.861 Y99.18 E.02394
G1 X52.206 Y98.695 E.02704
G1 X51.551 Y97.964 E.03255
G1 X51.294 Y97.635 E.01384
G1 X51.294 Y94.09 E.11761
G1 X51.551 Y94.296 E.01092
G1 X52.206 Y94.454 E.02236
G1 X52.861 Y94.412 E.02178
G1 X53.516 Y94.241 E.02246
G1 X54.171 Y93.939 E.02394
G1 X54.826 Y93.453 E.02704
G1 X55.482 Y92.723 E.03255
G1 X56.137 Y91.883 E.03535
G1 X56.792 Y91.356 E.02788
G1 X57.447 Y91.197 E.02236
G1 X58.102 Y91.239 E.02178
G1 X58.757 Y91.411 E.02246
G1 X59.413 Y91.713 E.02394
G1 X60.068 Y92.199 E.02704
G1 X60.723 Y92.929 E.03255
G1 X61.378 Y93.769 E.03535
G1 X62.033 Y94.296 E.02788
G1 X62.688 Y94.454 E.02236
G1 X63.344 Y94.412 E.02178
G1 X63.999 Y94.241 E.02246
G1 X64.654 Y93.939 E.02394
G1 X65.309 Y93.453 E.02704
G1 X65.964 Y92.723 E.03255
G1 X66.619 Y91.883 E.03535
G1 X67.275 Y91.356 E.02788
G1 X67.93 Y91.197 E.02236
G1 X68.585 Y91.239 E.02178
G1 X69.24 Y91.411 E.02246
G1 X69.895 Y91.713 E.02394
G1 X70.55 Y92.199 E.02704
G1 X71.206 Y92.929 E.03255
G1 X71.861 Y93.769 E.03535
G1 X72.516 Y94.296 E.02788
G1 X73.171 Y94.454 E.02236
G1 X73.826 Y94.412 E.02178
G1 X74.481 Y94.241 E.02246
G1 X75.137 Y93.939 E.02394
G1 X75.792 Y93.453 E.02704
G1 X76.447 Y92.723 E.03255
G1 X77.102 Y91.883 E.03535
G1 X77.757 Y91.356 E.02788
G1 X78.412 Y91.197 E.02236
G1 X79.068 Y91.239 E.02178
G1 X79.723 Y91.411 E.02246
G1 X80.378 Y91.713 E.02394
G1 X81.033 Y92.199 E.02704
G1 X81.688 Y92.929 E.03255
G1 X82.343 Y93.769 E.03535
G1 X82.998 Y94.296 E.02788
G1 X83.654 Y94.454 E.02236
G1 X84.309 Y94.412 E.02178
G1 X84.964 Y94.241 E.02246
G1 X85.619 Y93.939 E.02394
G1 X86.274 Y93.453 E.02704
G1 X86.929 Y92.723 E.03255
G1 X87.585 Y91.883 E.03535
G1 X88.24 Y91.356 E.02788
G1 X88.895 Y91.197 E.02236
G1 X89.55 Y91.239 E.02178
G1 X90.205 Y91.411 E.02246
G1 X90.86 Y91.713 E.02394
G1 X91.516 Y92.199 E.02704
G1 X92.171 Y92.929 E.03255
G1 X92.826 Y93.769 E.03535
G1 X93.481 Y94.296 E.02788
G1 X94.136 Y94.454 E.02236
G1 X94.791 Y94.412 E.02178
G1 X95.447 Y94.241 E.02246
G1 X96.102 Y93.939 E.02394
G1 X96.757 Y93.453 E.02704
G1 X97.412 Y92.723 E.03255
G1 X98.067 Y91.883 E.03535
G1 X98.722 Y91.356 E.02788
G1 X99.378 Y91.197 E.02236
G1 X100.033 Y91.239 E.02178
G1 X100.688 Y91.411 E.02246
G1 X101.343 Y91.713 E.02394
G1 X101.998 Y92.199 E.02704
G1 X102.653 Y92.929 E.03255
G1 X103.309 Y93.769 E.03535
G1 X103.964 Y94.296 E.02788
G1 X104.619 Y94.454 E.02236
G1 X105.274 Y94.412 E.02178
G1 X105.363 Y94.389 E.00305
G1 X105.993 Y94.212 E.02173
G1 X106.584 Y93.939 E.02159
G1 X107.24 Y93.453 E.02704
G1 X107.895 Y92.723 E.03255
G1 X108.55 Y91.883 E.03535
G1 X109.205 Y91.356 E.02788
G1 X109.86 Y91.197 E.02236
G1 X110.515 Y91.239 E.02178
G1 X111.171 Y91.411 E.02246
G1 X111.826 Y91.713 E.02394
G1 X112.481 Y92.199 E.02704
G1 X113.136 Y92.929 E.03255
G1 X113.791 Y93.769 E.03535
G1 X114.446 Y94.296 E.02788
G1 X115.101 Y94.454 E.02236
G1 X115.757 Y94.412 E.02178
G1 X116.412 Y94.241 E.02246
G1 X117.067 Y93.939 E.02394
G1 X117.722 Y93.453 E.02704
G1 X118.377 Y92.723 E.03255
G1 X119.032 Y91.883 E.03535
G1 X119.688 Y91.356 E.02788
G1 X120.343 Y91.197 E.02236
G1 X120.998 Y91.239 E.02178
G1 X121.653 Y91.411 E.02246
G1 X122.308 Y91.713 E.02394
G1 X122.963 Y92.199 E.02704
G1 X123.619 Y92.929 E.03255
G1 X124.274 Y93.769 E.03535
G1 X124.929 Y94.296 E.02788
G1 X125.584 Y94.454 E.02236
G1 X126.239 Y94.412 E.02178
G1 X126.894 Y94.241 E.02246
G1 X127.55 Y93.939 E.02394
G1 X128.205 Y93.453 E.02704
G1 X128.86 Y92.723 E.03255
G1 X129.515 Y91.883 E.03535
G1 X130.17 Y91.356 E.02788
G1 X130.825 Y91.197 E.02236
G1 X131.481 Y91.239 E.02178
G1 X132.136 Y91.411 E.02246
G1 X132.791 Y91.713 E.02394
G1 X133.446 Y92.199 E.02704
G1 X134.101 Y92.929 E.03255
G1 X134.756 Y93.769 E.03535
G1 X135.412 Y94.296 E.02788
G1 X136.067 Y94.454 E.02236
G1 X136.722 Y94.412 E.02178
G1 X137.377 Y94.241 E.02246
G1 X138.032 Y93.939 E.02394
G1 X138.687 Y93.453 E.02704
G1 X139.343 Y92.723 E.03255
G1 X139.998 Y91.883 E.03535
G1 X140.653 Y91.356 E.02788
G1 X141.308 Y91.197 E.02236
G1 X141.963 Y91.239 E.02178
G1 X142.618 Y91.411 E.02246
G1 X143.273 Y91.713 E.02394
G1 X143.904 Y92.18 E.02604
G1 X144.458 Y92.052 E.01884
G1 X145.651 Y91.858 E.0401
G1 X146.765 Y91.748 E.03712
G1 X147.961 Y91.706 E.03971
G1 X149.235 Y91.748 E.0423
G1 X150.484 Y91.88 E.04164
G1 X151.135 Y91.356 E.02773
G1 X151.791 Y91.197 E.02236
G1 X152.446 Y91.239 E.02178
G1 X153.101 Y91.411 E.02246
G1 X153.756 Y91.713 E.02394
G1 X154.411 Y92.199 E.02704
G1 X155.066 Y92.929 E.03255
G1 X155.309 Y93.24 E.01309
G1 X156.126 Y93.61 E.02975
G1 X157.113 Y94.138 E.03712
G1 X157.569 Y94.42 E.01779
G1 X157.687 Y94.412 E.00393
G1 X158.342 Y94.241 E.02246
G1 X158.997 Y93.939 E.02394
G1 X159.653 Y93.453 E.02704
G1 X160.308 Y92.723 E.03255
G1 X160.963 Y91.883 E.03535
G1 X161.618 Y91.356 E.02788
G1 X162.273 Y91.197 E.02236
G1 X162.928 Y91.239 E.02178
G1 X163.584 Y91.411 E.02246
G1 X164.239 Y91.713 E.02394
G1 X164.894 Y92.199 E.02704
G1 X165.549 Y92.929 E.03255
G1 X166.204 Y93.769 E.03535
G1 X166.859 Y94.296 E.02788
G1 X167.515 Y94.454 E.02236
G1 X168.17 Y94.412 E.02178
G1 X168.706 Y94.272 E.01838
G1 X168.706 Y99.428 E.17101
G1 X168.17 Y99.18 E.01959
G1 X167.515 Y98.695 E.02704
G1 X166.859 Y97.964 E.03255
G1 X166.204 Y97.124 E.03535
G1 X165.549 Y96.598 E.02788
G1 X164.894 Y96.439 E.02236
G1 X164.239 Y96.481 E.02178
G1 X163.584 Y96.652 E.02246
G1 X162.928 Y96.955 E.02394
G1 X162.273 Y97.44 E.02704
G1 X161.788 Y97.981 E.02412
G1 X162.489 Y98.833 E.0366
G1 X163.232 Y99.869 E.0423
G1 X163.823 Y100.819 E.03712
G1 X164.39 Y101.874 E.03971
G1 X164.686 Y102.527 E.02378
G1 X164.894 Y102.681 E.0086
G1 X165.549 Y103.412 E.03255
G1 X166.204 Y104.252 E.03535
G1 X166.859 Y104.778 E.02788
G1 X167.515 Y104.937 E.02236
G1 X168.17 Y104.895 E.02178
G1 X168.706 Y104.755 E.01838
G1 X168.706 Y109.91 E.17101
G1 X168.17 Y109.662 E.01959
G1 X167.515 Y109.177 E.02704
G1 X166.859 Y108.447 E.03255
G1 X166.204 Y107.606 E.03535
G1 X166.127 Y107.545 E.00328
G1 X166.252 Y108.765 E.04068
G1 X166.266 Y109.166 E.01333
M205 X8 Y8
G1 X168.706 Y113.609 F7200
M205 X10 Y10
G1 F3000
G1 X168.706 Y115.238 E.05401
G1 X168.17 Y115.378 E.01838
G1 X167.515 Y115.42 E.02178
G1 X166.859 Y115.261 E.02236
G1 X166.204 Y114.735 E.02788
G1 X165.792 Y114.206 E.02222
G1 X165.66 Y114.772 E.01928
G1 X165.335 Y115.843 E.03712
G1 X164.916 Y116.965 E.03971
G1 X164.712 Y117.416 E.01643
G1 X164.894 Y117.404 E.00606
G1 X165.549 Y117.563 E.02236
G1 X166.204 Y118.089 E.02788
G1 X166.859 Y118.929 E.03535
G1 X167.515 Y119.66 E.03255
G1 X168.17 Y120.145 E.02704
G1 X168.706 Y120.393 E.01959
G1 X168.706 Y125.72 E.17672
G1 X168.17 Y125.86 E.01838
G1 X167.515 Y125.902 E.02178
G1 X166.859 Y125.744 E.02236
G1 X166.204 Y125.217 E.02788
G1 X165.549 Y124.377 E.03535
G1 X164.894 Y123.646 E.03255
G1 X164.239 Y123.161 E.02704
G1 X163.584 Y122.858 E.02394
G1 X162.928 Y122.687 E.02246
G1 X162.273 Y122.645 E.02178
G1 X161.618 Y122.804 E.02236
G1 X160.963 Y123.33 E.02788
G1 X160.308 Y124.171 E.03535
G1 X159.653 Y124.901 E.03255
G1 X158.997 Y125.386 E.02704
G1 X158.342 Y125.689 E.02394
G1 X157.687 Y125.86 E.02246
G1 X157.039 Y125.902 E.02155
G1 X156.126 Y126.39 E.03433
G1 X155.586 Y126.636 E.01968
M205 X8 Y8
G1 X166.711 Y130.706 F7200
M205 X10 Y10
G1 F3000
G1 X168.339 Y130.706 E.05401
G1 X168.17 Y130.628 E.00619
G1 X167.515 Y130.142 E.02704
G1 X166.859 Y129.412 E.03255
G1 X166.204 Y128.572 E.03535
G1 X165.549 Y128.045 E.02788
G1 X164.894 Y127.887 E.02236
G1 X164.239 Y127.929 E.02178
G1 X163.584 Y128.1 E.02246
M73 P57 R18
G1 X162.928 Y128.402 E.02394
G1 X162.273 Y128.888 E.02704
G1 X161.618 Y129.618 E.03255
G1 X160.963 Y130.458 E.03535
G1 X160.655 Y130.706 E.0131
G1 X157.856 Y130.706 E.09283
G1 X157.687 Y130.628 E.00619
G1 X157.032 Y130.142 E.02704
G1 X156.377 Y129.412 E.03255
G1 X155.722 Y128.572 E.03535
G1 X155.066 Y128.045 E.02788
G1 X154.411 Y127.887 E.02236
G1 X153.756 Y127.929 E.02178
G1 X153.101 Y128.1 E.02246
G1 X152.446 Y128.402 E.02394
G1 X151.791 Y128.888 E.02704
G1 X151.135 Y129.618 E.03255
G1 X150.48 Y130.458 E.03535
G1 X150.172 Y130.706 E.0131
G1 X147.374 Y130.706 E.09283
G1 X147.204 Y130.628 E.00619
G1 X146.549 Y130.142 E.02704
G1 X145.894 Y129.412 E.03255
G1 X145.239 Y128.572 E.03535
G1 X144.584 Y128.045 E.02788
G1 X143.929 Y127.887 E.02236
G1 X143.273 Y127.929 E.02178
G1 X142.618 Y128.1 E.02246
G1 X141.963 Y128.402 E.02394
G1 X141.308 Y128.888 E.02704
G1 X140.653 Y129.618 E.03255
G1 X139.998 Y130.458 E.03535
G1 X139.69 Y130.706 E.0131
G1 X136.891 Y130.706 E.09283
G1 X136.722 Y130.628 E.00619
G1 X136.067 Y130.142 E.02704
G1 X135.412 Y129.412 E.03255
G1 X134.756 Y128.572 E.03535
G1 X134.101 Y128.045 E.02788
G1 X133.446 Y127.887 E.02236
G1 X132.791 Y127.929 E.02178
G1 X132.136 Y128.1 E.02246
G1 X131.481 Y128.402 E.02394
G1 X130.825 Y128.888 E.02704
G1 X130.17 Y129.618 E.03255
G1 X129.515 Y130.458 E.03535
G1 X129.207 Y130.706 E.0131
G1 X126.409 Y130.706 E.09283
G1 X126.239 Y130.628 E.00619
G1 X125.584 Y130.142 E.02704
G1 X124.929 Y129.412 E.03255
G1 X124.274 Y128.572 E.03535
G1 X123.619 Y128.045 E.02788
G1 X122.963 Y127.887 E.02236
G1 X122.308 Y127.929 E.02178
G1 X121.653 Y128.1 E.02246
G1 X120.998 Y128.402 E.02394
G1 X120.343 Y128.888 E.02704
G1 X119.688 Y129.618 E.03255
G1 X119.032 Y130.458 E.03535
G1 X118.725 Y130.706 E.0131
G1 X115.926 Y130.706 E.09283
G1 X115.757 Y130.628 E.00619
G1 X115.101 Y130.142 E.02704
G1 X114.446 Y129.412 E.03255
G1 X113.791 Y128.572 E.03535
G1 X113.136 Y128.045 E.02788
G1 X112.481 Y127.887 E.02236
G1 X111.826 Y127.929 E.02178
G1 X111.171 Y128.1 E.02246
G1 X110.515 Y128.402 E.02394
G1 X109.86 Y128.888 E.02704
G1 X109.205 Y129.618 E.03255
G1 X108.55 Y130.458 E.03535
G1 X108.242 Y130.706 E.0131
G1 X105.443 Y130.706 E.09283
G1 X105.274 Y130.628 E.00619
G1 X104.619 Y130.142 E.02704
G1 X103.964 Y129.412 E.03255
G1 X103.309 Y128.572 E.03535
G1 X102.653 Y128.045 E.02788
G1 X101.998 Y127.887 E.02236
G1 X101.343 Y127.929 E.02178
G1 X100.688 Y128.1 E.02246
G1 X100.033 Y128.402 E.02394
G1 X99.378 Y128.888 E.02704
G1 X98.722 Y129.618 E.03255
G1 X98.067 Y130.458 E.03535
G1 X97.759 Y130.706 E.0131
G1 X94.961 Y130.706 E.09283
G1 X94.791 Y130.628 E.00619
G1 X94.136 Y130.142 E.02704
G1 X93.481 Y129.412 E.03255
G1 X92.826 Y128.572 E.03535
G1 X92.171 Y128.045 E.02788
G1 X91.516 Y127.887 E.02236
G1 X90.86 Y127.929 E.02178
G1 X90.205 Y128.1 E.02246
G1 X89.55 Y128.402 E.02394
G1 X88.895 Y128.888 E.02704
G1 X88.24 Y129.618 E.03255
G1 X87.585 Y130.458 E.03535
G1 X87.277 Y130.706 E.0131
G1 X84.478 Y130.706 E.09283
G1 X84.309 Y130.628 E.00619
G1 X83.654 Y130.142 E.02704
G1 X82.998 Y129.412 E.03255
G1 X82.343 Y128.572 E.03535
G1 X81.688 Y128.045 E.02788
G1 X81.033 Y127.887 E.02236
G1 X80.378 Y127.929 E.02178
G1 X79.723 Y128.1 E.02246
G1 X79.068 Y128.402 E.02394
G1 X78.412 Y128.888 E.02704
G1 X77.757 Y129.618 E.03255
G1 X77.102 Y130.458 E.03535
G1 X76.794 Y130.706 E.0131
G1 X73.995 Y130.706 E.09283
G1 X73.826 Y130.628 E.00619
G1 X73.171 Y130.142 E.02704
G1 X72.516 Y129.412 E.03255
G1 X71.861 Y128.572 E.03535
G1 X71.206 Y128.045 E.02788
G1 X70.55 Y127.887 E.02236
G1 X69.895 Y127.929 E.02178
G1 X69.24 Y128.1 E.02246
G1 X68.585 Y128.402 E.02394
G1 X67.93 Y128.888 E.02704
G1 X67.275 Y129.618 E.03255
G1 X66.619 Y130.458 E.03535
G1 X66.311 Y130.706 E.0131
G1 X63.513 Y130.706 E.09283
G1 X63.344 Y130.628 E.00619
G1 X62.688 Y130.142 E.02704
G1 X62.033 Y129.412 E.03255
G1 X61.378 Y128.572 E.03535
G1 X60.723 Y128.045 E.02788
G1 X60.068 Y127.887 E.02236
G1 X59.413 Y127.929 E.02178
G1 X58.757 Y128.1 E.02246
G1 X58.102 Y128.402 E.02394
G1 X57.447 Y128.888 E.02704
G1 X56.792 Y129.618 E.03255
G1 X56.137 Y130.458 E.03535
G1 X55.829 Y130.706 E.0131
G1 X53.03 Y130.706 E.09283
G1 X52.861 Y130.628 E.00619
G1 X52.206 Y130.142 E.02704
G1 X51.551 Y129.412 E.03255
G1 X51.294 Y129.083 E.01384
G1 X51.294 Y125.537 E.11761
G1 X51.551 Y125.744 E.01092
G1 X52.206 Y125.902 E.02236
G1 X52.861 Y125.86 E.02178
G1 X53.516 Y125.689 E.02246
G1 X54.171 Y125.386 E.02394
G1 X54.826 Y124.901 E.02704
G1 X55.482 Y124.171 E.03255
G1 X56.137 Y123.33 E.03535
G1 X56.792 Y122.804 E.02788
G1 X57.447 Y122.645 E.02236
G1 X58.102 Y122.687 E.02178
G1 X58.757 Y122.858 E.02246
G1 X59.413 Y123.161 E.02394
G1 X60.068 Y123.646 E.02704
G1 X60.723 Y124.377 E.03255
G1 X61.378 Y125.217 E.03535
G1 X62.033 Y125.744 E.02788
G1 X62.688 Y125.902 E.02236
G1 X63.344 Y125.86 E.02178
G1 X63.999 Y125.689 E.02246
G1 X64.654 Y125.386 E.02394
G1 X65.309 Y124.901 E.02704
G1 X65.964 Y124.171 E.03255
G1 X66.619 Y123.33 E.03535
G1 X66.696 Y123.269 E.00326
G1 X67.443 Y123.548 E.02643
G1 X68.263 Y123.796 E.02844
G1 X69.25 Y124.027 E.03361
G1 X70.173 Y124.176 E.03103
G1 X71.104 Y124.263 E.031
G1 X71.861 Y125.217 E.04041
G1 X72.516 Y125.744 E.02788
G1 X73.171 Y125.902 E.02236
G1 X73.826 Y125.86 E.02178
G1 X74.481 Y125.689 E.02246
G1 X75.137 Y125.386 E.02394
G1 X75.792 Y124.901 E.02704
G1 X76.447 Y124.171 E.03255
G1 X77.089 Y123.348 E.03462
G1 X77.506 Y123.191 E.0148
G1 X78.357 Y122.802 E.03103
G1 X78.625 Y122.659 E.01008
G1 X79.068 Y122.687 E.01471
G1 X79.723 Y122.858 E.02246
G1 X80.378 Y123.161 E.02394
G1 X81.033 Y123.646 E.02704
G1 X81.688 Y124.377 E.03255
G1 X82.343 Y125.217 E.03535
G1 X82.998 Y125.744 E.02788
G1 X83.654 Y125.902 E.02236
G1 X84.309 Y125.86 E.02178
G1 X84.964 Y125.689 E.02246
G1 X85.619 Y125.386 E.02394
G1 X86.274 Y124.901 E.02704
G1 X86.929 Y124.171 E.03255
G1 X87.585 Y123.33 E.03535
G1 X88.24 Y122.804 E.02788
G1 X88.895 Y122.645 E.02236
G1 X89.55 Y122.687 E.02178
G1 X90.205 Y122.858 E.02246
G1 X90.86 Y123.161 E.02394
G1 X91.516 Y123.646 E.02704
G1 X92.171 Y124.377 E.03255
G1 X92.826 Y125.217 E.03535
G1 X93.481 Y125.744 E.02788
G1 X94.136 Y125.902 E.02236
G1 X94.791 Y125.86 E.02178
G1 X95.447 Y125.689 E.02246
G1 X96.102 Y125.386 E.02394
G1 X96.757 Y124.901 E.02704
G1 X97.412 Y124.171 E.03255
G1 X98.067 Y123.33 E.03535
G1 X98.722 Y122.804 E.02788
G1 X99.378 Y122.645 E.02236
G1 X99.767 Y122.67 E.01294
G1 X99.286 Y122.276 E.02062
G1 X98.506 Y121.549 E.03537
G1 X97.724 Y120.714 E.03796
G1 X97.496 Y120.435 E.01196
G1 X97.412 Y120.502 E.00355
G1 X96.757 Y120.661 E.02236
G1 X96.102 Y120.619 E.02178
G1 X95.447 Y120.448 E.02246
G1 X94.791 Y120.145 E.02394
G1 X94.136 Y119.66 E.02704
G1 X93.481 Y118.929 E.03255
G1 X92.826 Y118.089 E.03535
G1 X92.171 Y117.563 E.02788
G1 X91.516 Y117.404 E.02236
G1 X90.86 Y117.446 E.02178
G1 X90.205 Y117.617 E.02246
G1 X89.55 Y117.92 E.02394
G1 X88.895 Y118.405 E.02704
G1 X88.24 Y119.135 E.03255
G1 X87.585 Y119.976 E.03535
G1 X86.929 Y120.502 E.02788
G1 X86.274 Y120.661 E.02236
G1 X85.619 Y120.619 E.02178
G1 X84.964 Y120.448 E.02246
G1 X84.309 Y120.145 E.02394
G1 X83.654 Y119.66 E.02704
G1 X83.079 Y119.019 E.02854
G1 X83.316 Y118.732 E.01234
G1 X83.881 Y117.948 E.03207
G1 X84.387 Y117.134 E.03178
G1 X84.802 Y116.357 E.02924
G1 X85.22 Y115.434 E.03362
G1 X85.376 Y115.016 E.0148
G1 X85.619 Y114.904 E.00887
G1 X86.274 Y114.419 E.02704
G1 X86.929 Y113.688 E.03255
G1 X87.585 Y112.848 E.03535
G1 X88.24 Y112.321 E.02788
G1 X88.895 Y112.163 E.02236
G1 X89.55 Y112.205 E.02178
G1 X90.205 Y112.376 E.02246
G1 X90.86 Y112.679 E.02394
G1 X91.516 Y113.164 E.02704
G1 X92.171 Y113.894 E.03255
G1 X92.826 Y114.735 E.03535
G1 X93.481 Y115.261 E.02788
G1 X94.136 Y115.42 E.02236
G1 X94.629 Y115.388 E.01639
G1 X94.272 Y114.255 E.03942
G1 X94.171 Y113.827 E.01459
M205 X8 Y8
G1 X86.213 Y108.55 F7200
M205 X10 Y10
G1 F3000
G1 X86.264 Y109.073 E.01743
G1 X86.287 Y110.175 E.03658
G1 X86.929 Y110.02 E.02195
G1 X87.585 Y109.493 E.02788
G1 X88.24 Y108.653 E.03535
G1 X88.895 Y107.922 E.03255
G1 X89.55 Y107.437 E.02704
G1 X90.205 Y107.135 E.02394
G1 X90.86 Y106.963 E.02246
G1 X91.516 Y106.921 E.02178
G1 X92.171 Y107.08 E.02236
G1 X92.826 Y107.606 E.02788
G1 X93.481 Y108.447 E.03535
G1 X93.758 Y108.755 E.01374
G1 X93.843 Y107.895 E.02867
G1 X94.012 Y106.86 E.03481
G1 X94.272 Y105.745 E.03795
G1 X94.524 Y104.912 E.02888
G1 X94.136 Y104.937 E.0129
G1 X93.481 Y104.778 E.02236
G1 X92.826 Y104.252 E.02788
G1 X92.171 Y103.412 E.03535
G1 X91.516 Y102.681 E.03255
G1 X90.86 Y102.196 E.02704
G1 X90.205 Y101.893 E.02394
G1 X89.55 Y101.722 E.02246
G1 X88.895 Y101.68 E.02178
G1 X88.24 Y101.839 E.02236
G1 X87.585 Y102.365 E.02788
G1 X86.929 Y103.206 E.03535
G1 X86.274 Y103.936 E.03255
G1 X85.619 Y104.421 E.02704
G1 X85.231 Y104.601 E.0142
G1 X84.837 Y103.713 E.03221
G1 X84.398 Y102.887 E.03103
G1 X83.881 Y102.052 E.03257
G1 X83.364 Y101.33 E.02949
G1 X82.772 Y100.605 E.03103
G1 X82.079 Y99.865 E.03362
G1 X81.395 Y99.228 E.03103
G1 X80.732 Y98.684 E.02844
G1 X79.909 Y98.094 E.03362
G1 X79.113 Y97.602 E.03103
G1 X78.579 Y97.316 E.02009
G1 X79.068 Y96.955 E.02017
G1 X79.723 Y96.652 E.02394
G1 X80.378 Y96.481 E.02246
G1 X81.033 Y96.439 E.02178
G1 X81.688 Y96.598 E.02236
G1 X82.343 Y97.124 E.02788
G1 X82.998 Y97.964 E.03535
G1 X83.654 Y98.695 E.03255
G1 X84.309 Y99.18 E.02704
G1 X84.964 Y99.483 E.02394
G1 X85.619 Y99.654 E.02246
G1 X86.274 Y99.696 E.02178
G1 X86.929 Y99.537 E.02236
G1 X87.585 Y99.011 E.02788
G1 X88.24 Y98.17 E.03535
G1 X88.895 Y97.44 E.03255
G1 X89.55 Y96.955 E.02704
G1 X90.205 Y96.652 E.02394
G1 X90.86 Y96.481 E.02246
G1 X91.516 Y96.439 E.02178
G1 X92.171 Y96.598 E.02236
G1 X92.826 Y97.124 E.02788
G1 X93.481 Y97.964 E.03535
G1 X94.136 Y98.695 E.03255
G1 X94.791 Y99.18 E.02704
G1 X95.447 Y99.483 E.02394
G1 X96.102 Y99.654 E.02246
G1 X96.757 Y99.696 E.02178
G1 X97.412 Y99.537 E.02236
G1 X97.724 Y99.286 E.01328
G1 X98.486 Y98.474 E.03693
G1 X98.722 Y98.17 E.01278
G1 X99.378 Y97.44 E.03255
G1 X100.033 Y96.955 E.02704
G1 X100.634 Y96.677 E.02196
G1 X100.915 Y96.474 E.01151
G1 X102.008 Y95.805 E.04249
G1 E-4.5 F2700
;WIPE_START
G1 F3000
G1 X100.915 Y96.474 E-.30422
G1 X100.634 Y96.677 E-.08244
G1 X100.296 Y96.833 E-.08834
;WIPE_END
G1 E-.025 F2700
M205 X8 Y8
G1 X107.904 Y97.438 Z2.2 F7200
G1 X121.561 Y98.523 Z2.2
G1 Z1.8
G1 E5 F2400
M205 X10 Y10
G1 F3000
G1 X120.714 Y97.724 E.03864
G1 X120.356 Y97.43 E.01536
G1 X120.998 Y96.955 E.02651
G1 X121.653 Y96.652 E.02394
G1 X122.308 Y96.481 E.02246
G1 X122.963 Y96.439 E.02178
G1 X123.619 Y96.598 E.02236
G1 X124.274 Y97.124 E.02788
G1 X124.929 Y97.964 E.03535
G1 X125.584 Y98.695 E.03255
G1 X126.239 Y99.18 E.02704
G1 X126.894 Y99.483 E.02394
G1 X127.55 Y99.654 E.02246
G1 X128.205 Y99.696 E.02178
G1 X128.86 Y99.537 E.02236
G1 X129.515 Y99.011 E.02788
G1 X130.17 Y98.17 E.03535
G1 X130.825 Y97.44 E.03255
G1 X131.481 Y96.955 E.02704
G1 X132.136 Y96.652 E.02394
G1 X132.791 Y96.481 E.02246
G1 X133.446 Y96.439 E.02178
G1 X134.101 Y96.598 E.02236
G1 X134.756 Y97.124 E.02788
G1 X134.87 Y97.27 E.00615
G1 X134.272 Y97.909 E.02904
G1 X133.511 Y98.833 E.03971
G1 X132.794 Y99.829 E.04073
G1 X132.158 Y100.851 E.03991
G1 X131.666 Y101.77 E.0346
G1 X131.481 Y101.722 E.00635
G1 X130.825 Y101.68 E.02178
G1 X130.17 Y101.839 E.02236
G1 X129.515 Y102.365 E.02788
G1 X128.86 Y103.206 E.03535
G1 X128.205 Y103.936 E.03255
G1 X127.55 Y104.421 E.02704
G1 X126.894 Y104.724 E.02394
G1 X126.239 Y104.895 E.02246
G1 X125.584 Y104.937 E.02178
G1 X125.475 Y104.911 E.00372
G1 X125.728 Y105.745 E.02893
G1 X125.973 Y106.783 E.03537
G1 X126.159 Y107.912 E.03796
G1 X126.258 Y108.922 E.03365
G1 X126.284 Y109.683 E.02528
G1 X126.894 Y109.965 E.0223
G1 X127.55 Y110.136 E.02246
G1 X128.205 Y110.178 E.02178
G1 X128.86 Y110.02 E.02236
G1 X129.515 Y109.493 E.02788
G1 X129.734 Y109.213 E.01179
G1 X129.706 Y110.039 E.02741
G1 X129.746 Y111.208 E.03881
G1 X129.89 Y112.546 E.04463
G1 X129.515 Y112.848 E.01597
G1 X128.86 Y113.688 E.03535
G1 X128.205 Y114.419 E.03255
G1 X127.55 Y114.904 E.02704
G1 X126.894 Y115.206 E.02394
G1 X126.239 Y115.378 E.02246
G1 X125.584 Y115.42 E.02178
G1 X125.378 Y115.37 E.00703
G1 X125.068 Y116.199 E.02937
G1 X124.596 Y117.241 E.03796
G1 X124.182 Y118.015 E.02912
G1 X124.274 Y118.089 E.0039
G1 X124.929 Y118.929 E.03535
G1 X125.584 Y119.66 E.03255
G1 X126.239 Y120.145 E.02704
G1 X126.894 Y120.448 E.02394
G1 X127.55 Y120.619 E.02246
G1 X128.205 Y120.661 E.02178
G1 X128.86 Y120.502 E.02236
G1 X129.515 Y119.976 E.02788
G1 X130.17 Y119.135 E.03535
G1 X130.825 Y118.405 E.03255
G1 X131.51 Y117.906 E.0281
G1 X131.608 Y118.122 E.00787
G1 X132.138 Y119.113 E.03726
G1 X132.794 Y120.171 E.04128
G1 X133.463 Y121.105 E.03814
G1 X134.22 Y122.032 E.03971
G1 X135.092 Y122.963 E.0423
G1 X135.968 Y123.78 E.03971
G1 X136.833 Y124.49 E.03712
G1 X137.869 Y125.232 E.0423
G1 X138.071 Y125.357 E.00789
G1 X137.377 Y125.689 E.02553
G1 X136.722 Y125.86 E.02246
G1 X136.067 Y125.902 E.02178
G1 X135.412 Y125.744 E.02236
G1 X134.756 Y125.217 E.02788
G1 X134.101 Y124.377 E.03535
G1 X133.446 Y123.646 E.03255
G1 X132.791 Y123.161 E.02704
G1 X132.136 Y122.858 E.02394
G1 X131.481 Y122.687 E.02246
G1 X130.825 Y122.645 E.02178
G1 X130.17 Y122.804 E.02236
G1 X129.515 Y123.33 E.02788
G1 X128.86 Y124.171 E.03535
G1 X128.205 Y124.901 E.03255
G1 X127.55 Y125.386 E.02704
G1 X126.894 Y125.689 E.02394
G1 X126.239 Y125.86 E.02246
G1 X125.584 Y125.902 E.02178
G1 X124.929 Y125.744 E.02236
G1 X124.274 Y125.217 E.02788
G1 X123.619 Y124.377 E.03535
G1 X122.963 Y123.646 E.03255
G1 X122.308 Y123.161 E.02704
G1 X121.653 Y122.858 E.02394
G1 X120.998 Y122.687 E.02246
G1 X120.343 Y122.645 E.02178
G1 X120.227 Y122.673 E.00395
G1 X119.888 Y122.95 E.01453
G1 X119.085 Y123.526 E.03278
G1 X118.687 Y123.773 E.01551
G1 X118.377 Y124.171 E.01674
G1 X117.722 Y124.901 E.03255
G1 X117.067 Y125.386 E.02704
G1 X116.412 Y125.689 E.02394
G1 X115.757 Y125.86 E.02246
G1 X115.101 Y125.902 E.02178
G1 X114.446 Y125.744 E.02236
G1 X114.378 Y125.689 E.0029
G1 X113.152 Y125.986 E.04184
G1 X112.165 Y126.149 E.03318
G1 X111.105 Y126.256 E.03537
G1 X110 Y126.294 E.03667
G1 X108.895 Y126.256 E.03666
G1 X107.912 Y126.159 E.03278
G1 X106.86 Y125.988 E.03537
G1 X105.763 Y125.732 E.03734
G1 X105.274 Y125.86 E.01677
G1 X104.619 Y125.902 E.02178
G1 X103.964 Y125.744 E.02236
G1 X103.309 Y125.217 E.02788
G1 X102.86 Y124.642 E.02419
G1 X101.887 Y124.13 E.03647
G1 X101.437 Y123.852 E.01754
; stop printing object V7_00_pH_fit_gauge_26_30_34.stl id:0 copy 0
;TIME_ELAPSED:1508.130371

;LAYER_CHANGE
;:2
;HEIGHT:0.2
;BEFORE_LAYER_CHANGE
;2
G92 E0
;TIME_ELAPSED:1544.544434
G1 E-4.5 F2700
;WIPE_START
G1 F3000
G1 X101.887 Y124.13 E-.12555
G1 X102.86 Y124.642 E-.26112
G1 X103.089 Y124.935 E-.08833
;WIPE_END
G1 E-.025 F2700
;_SET_FAN_SPEED_CHANGING_LAYER
; OBJECT_ID: 15
; printing object V7_00_pH_fit_gauge_26_30_34.stl id:0 copy 0
M205 X8 Y8
G17
G3 Z2.2 I-.111 J1.212 P1  F7200
G1 X168.991 Y130.991 Z2.2
G1 Z2
G1 E5 F2400
M205 X10 Y10
;TYPE:Inner wall
;WIDTH:0.449999
G1 F2700
G1 X51.009 Y130.991 E3.91366
G1 X51.009 Y89.009 E1.39261
G1 X168.991 Y89.009 E3.91366
G1 X168.991 Y130.951 E1.39128
M205 X8 Y8
G1 X169.398 Y131.398 F7200
M205 X10 Y10
G1 F2700
G1 X50.602 Y131.398 E3.94067
G1 X50.602 Y88.602 E1.41961
G1 X169.398 Y88.602 E3.94067
M73 P58 R18
G1 X169.398 Y131.358 E1.41829
M205 X8 Y8
G1 X169.79 Y131.79 F7200
M205 X10 Y10
;TYPE:Outer wall
;WIDTH:0.419999
G1 F2400
G1 X50.21 Y131.79 E3.67435
G1 X50.21 Y88.21 E1.33909
G1 X169.79 Y88.21 E3.67435
G1 X169.79 Y131.75 E1.33786
G1 E-4.5 F2700
;WIPE_START
G1 F2400
G1 X167.79 Y131.751 E-.475
;WIPE_END
G1 E-.025 F2700
M205 X8 Y8
G1 X161.545 Y127.363 Z2.4 F7200
G1 X130.546 Y105.586 Z2.4
G1 Z2
G1 E5 F2400
M205 X10 Y10
;TYPE:Inner wall
;WIDTH:0.449999
G1 F2700
G1 X130.597 Y105.37 E.00736
G1 X130.937 Y104.242 E.03909
G1 X131.35 Y103.138 E.03909
G1 X131.567 Y102.654 E.0176
G1 X131.834 Y102.064 E.02149
G1 X132.388 Y101.024 E.03909
G1 X133.008 Y100.022 E.03909
G1 X133.711 Y99.037 E.04014
G1 X134.46 Y98.125 E.03912
G1 X135.265 Y97.265 E.03909
G1 X136.125 Y96.46 E.03909
G1 X137.036 Y95.712 E.0391
G1 X137.994 Y95.025 E.03909
G1 X138.995 Y94.403 E.03909
G1 X140.035 Y93.848 E.03909
G1 X141.108 Y93.361 E.03909
G1 X142.211 Y92.946 E.03909
G1 X143.339 Y92.604 E.03909
G1 X144.486 Y92.336 E.03909
G1 X145.649 Y92.144 E.03909
G1 X146.822 Y92.029 E.03909
G1 X148 Y91.99 E.03909
G1 X149.178 Y92.029 E.03909
G1 X150.351 Y92.144 E.03909
G1 X151.514 Y92.336 E.03909
G1 X152.661 Y92.604 E.03909
G1 X153.789 Y92.946 E.03909
G1 X154.892 Y93.361 E.03909
G1 X155.965 Y93.848 E.03909
G1 X157.005 Y94.403 E.03909
G1 X158.006 Y95.025 E.03909
G1 X158.964 Y95.712 E.03909
G1 X159.875 Y96.46 E.03909
G1 X160.735 Y97.265 E.03909
G1 X161.54 Y98.125 E.03909
G1 X162.288 Y99.036 E.03909
G1 X162.975 Y99.994 E.03909
G1 X163.597 Y100.995 E.03909
G1 X164.152 Y102.034 E.03909
G1 X164.639 Y103.108 E.03909
G1 X165.054 Y104.211 E.03909
G1 X165.396 Y105.339 E.03909
G1 X165.664 Y106.486 E.03909
G1 X165.856 Y107.649 E.03909
G1 X165.971 Y108.822 E.03909
G1 X166.01 Y110 E.03909
G1 X165.971 Y111.178 E.03909
G1 X165.856 Y112.351 E.03909
G1 X165.664 Y113.514 E.03909
G1 X165.396 Y114.661 E.03909
G1 X165.054 Y115.789 E.03909
G1 X164.639 Y116.892 E.03909
G1 X164.152 Y117.965 E.03909
G1 X163.597 Y119.005 E.03909
G1 X162.975 Y120.006 E.03909
G1 X162.288 Y120.964 E.03909
G1 X161.54 Y121.875 E.03909
G1 X160.735 Y122.735 E.03909
G1 X159.875 Y123.54 E.03909
G1 X158.964 Y124.288 E.03909
G1 X158.006 Y124.975 E.03909
G1 X157.005 Y125.597 E.03909
G1 X155.966 Y126.152 E.03909
G1 X154.892 Y126.639 E.03909
G1 X153.789 Y127.054 E.03909
G1 X152.661 Y127.396 E.03909
G1 X151.514 Y127.664 E.03909
G1 X150.351 Y127.856 E.03909
G1 X149.178 Y127.971 E.03909
G1 X148 Y128.01 E.03909
G1 X146.822 Y127.971 E.03909
G1 X145.649 Y127.856 E.03909
G1 X144.486 Y127.664 E.03909
G1 X143.339 Y127.396 E.03909
G1 X142.211 Y127.054 E.03909
G1 X141.108 Y126.639 E.03909
G1 X140.034 Y126.152 E.03909
G1 X138.995 Y125.597 E.03909
G1 X137.994 Y124.975 E.03909
G1 X137.036 Y124.288 E.03909
G1 X136.125 Y123.54 E.03909
G1 X135.265 Y122.735 E.03909
G1 X134.46 Y121.875 E.03909
G1 X133.732 Y120.989 E.03802
G1 X133.24 Y120.305 E.02796
G1 X132.539 Y119.224 E.04273
G1 X132.026 Y118.3 E.03504
G1 X131.35 Y116.862 E.05273
G1 X130.957 Y115.819 E.03695
G1 X130.597 Y114.63 E.04123
G1 X130.344 Y113.545 E.03695
G1 X130.15 Y112.383 E.03909
G1 X130.032 Y111.21 E.03909
G1 X129.991 Y110.032 E.03909
G1 X130.024 Y108.985 E.03475
G1 X130.115 Y107.942 E.03472
G1 X130.267 Y106.909 E.03466
G1 X130.476 Y105.888 E.03456
G1 X130.537 Y105.625 E.00895
M205 X8 Y8
G1 X130.943 Y105.679 F7200
M205 X10 Y10
G1 F2700
G1 X130.993 Y105.463 E.00736
G1 X131.206 Y104.756 E.02448
G1 X131.443 Y104.047 E.0248
G1 X131.731 Y103.282 E.02713
G1 X132.205 Y102.232 E.03821
G1 X132.747 Y101.216 E.03821
G1 X133.354 Y100.237 E.03821
G1 X134.035 Y99.285 E.03883
G1 X134.766 Y98.394 E.03822
G1 X135.553 Y97.553 E.03821
G1 X136.394 Y96.766 E.03821
G1 X137.284 Y96.035 E.03821
G1 X138.221 Y95.364 E.03821
G1 X139.199 Y94.756 E.03821
G1 X140.215 Y94.213 E.03821
G1 X141.264 Y93.737 E.03821
G1 X142.342 Y93.332 E.03821
G1 X143.444 Y92.997 E.03821
G1 X144.566 Y92.736 E.03821
G1 X145.702 Y92.548 E.03821
G1 X146.849 Y92.435 E.03821
G1 X148 Y92.398 E.03821
G1 X149.151 Y92.435 E.03821
G1 X150.298 Y92.548 E.03821
G1 X151.434 Y92.736 E.03821
G1 X152.556 Y92.997 E.03821
G1 X153.658 Y93.332 E.03821
G1 X154.736 Y93.737 E.03821
G1 X155.785 Y94.213 E.03821
G1 X156.801 Y94.756 E.03821
G1 X157.779 Y95.364 E.03821
G1 X158.716 Y96.035 E.03821
G1 X159.606 Y96.766 E.03821
G1 X160.447 Y97.553 E.03821
G1 X161.234 Y98.394 E.03821
G1 X161.965 Y99.284 E.03821
G1 X162.636 Y100.221 E.03821
G1 X163.244 Y101.199 E.03821
G1 X163.787 Y102.215 E.03821
G1 X164.263 Y103.264 E.03821
G1 X164.668 Y104.342 E.03821
G1 X165.003 Y105.444 E.03821
G1 X165.264 Y106.566 E.03821
G1 X165.452 Y107.702 E.03821
G1 X165.565 Y108.849 E.03821
G1 X165.602 Y110 E.03821
G1 X165.565 Y111.151 E.03821
G1 X165.452 Y112.298 E.03821
G1 X165.264 Y113.434 E.03821
G1 X165.003 Y114.556 E.03821
G1 X164.668 Y115.658 E.03821
G1 X164.263 Y116.736 E.03821
G1 X163.787 Y117.785 E.03821
G1 X163.244 Y118.801 E.03821
G1 X162.636 Y119.779 E.03821
G1 X161.965 Y120.716 E.03821
G1 X161.234 Y121.606 E.03821
G1 X160.447 Y122.447 E.03821
G1 X159.606 Y123.234 E.03821
G1 X158.716 Y123.965 E.03821
G1 X157.779 Y124.636 E.03821
G1 X156.801 Y125.244 E.03821
G1 X155.785 Y125.787 E.03821
G1 X154.736 Y126.262 E.03821
G1 X153.658 Y126.668 E.03821
G1 X152.556 Y127.003 E.03821
G1 X151.434 Y127.264 E.03821
G1 X150.298 Y127.452 E.03821
G1 X149.151 Y127.565 E.03821
G1 X148 Y127.602 E.03821
G1 X146.849 Y127.565 E.03821
G1 X145.702 Y127.452 E.03821
G1 X144.566 Y127.264 E.03821
G1 X143.444 Y127.003 E.03821
G1 X142.342 Y126.668 E.03821
G1 X141.264 Y126.263 E.03821
G1 X140.215 Y125.787 E.03821
G1 X139.199 Y125.244 E.03821
G1 X138.221 Y124.636 E.03821
G1 X137.284 Y123.965 E.03821
G1 X136.394 Y123.234 E.03821
G1 X135.553 Y122.447 E.03821
G1 X134.766 Y121.606 E.03821
G1 X134.047 Y120.73 E.03758
G1 X133.571 Y120.068 E.02708
G1 X132.885 Y119.009 E.04185
G1 X132.385 Y118.108 E.03415
G1 X131.731 Y116.718 E.05096
G1 X131.338 Y115.676 E.03695
G1 X130.926 Y114.248 E.0493
G1 X130.74 Y113.453 E.0271
G1 X130.551 Y112.316 E.03821
G1 X130.437 Y111.17 E.03821
G1 X130.398 Y110.019 E.03821
G1 X130.43 Y108.999 E.03387
G1 X130.521 Y107.982 E.03384
G1 X130.668 Y106.975 E.03378
G1 X130.872 Y105.98 E.03368
G1 X130.934 Y105.718 E.00895
M205 X8 Y8
G1 X131.325 Y105.768 F7200
M205 X10 Y10
;TYPE:Outer wall
;WIDTH:0.419999
G1 F2400
G1 X131.375 Y105.552 E.00682
G1 X131.581 Y104.87 E.02189
G1 X131.81 Y104.185 E.02218
G1 X132.098 Y103.42 E.02513
G1 X132.562 Y102.394 E.0346
G1 X133.093 Y101.4 E.0346
G1 X133.687 Y100.444 E.0346
G1 X134.346 Y99.523 E.03479
G1 X135.061 Y98.653 E.03461
G1 X135.831 Y97.831 E.0346
G1 X136.653 Y97.061 E.0346
G1 X137.523 Y96.346 E.03461
G1 X138.439 Y95.69 E.0346
G1 X139.395 Y95.096 E.03461
G1 X140.388 Y94.565 E.0346
G1 X141.414 Y94.1 E.0346
G1 X142.468 Y93.703 E.0346
G1 X143.546 Y93.376 E.03461
G1 X144.642 Y93.121 E.0346
G1 X145.754 Y92.937 E.03461
G1 X146.874 Y92.827 E.0346
G1 X148 Y92.79 E.0346
G1 X149.126 Y92.827 E.03461
G1 X150.246 Y92.937 E.0346
G1 X151.358 Y93.121 E.03461
G1 X152.454 Y93.376 E.0346
G1 X153.532 Y93.703 E.0346
G1 X154.586 Y94.1 E.0346
G1 X155.612 Y94.565 E.03461
G1 X156.605 Y95.096 E.0346
G1 X157.561 Y95.69 E.03461
G1 X158.477 Y96.346 E.0346
G1 X159.347 Y97.061 E.03461
G1 X160.169 Y97.831 E.0346
G1 X160.939 Y98.653 E.0346
G1 X161.654 Y99.523 E.0346
G1 X162.31 Y100.439 E.03461
G1 X162.904 Y101.395 E.0346
G1 X163.435 Y102.388 E.0346
G1 X163.9 Y103.414 E.03461
G1 X164.297 Y104.468 E.0346
G1 X164.624 Y105.546 E.03461
G1 X164.879 Y106.642 E.0346
G1 X165.063 Y107.754 E.03461
G1 X165.173 Y108.874 E.0346
G1 X165.21 Y110 E.0346
G1 X165.173 Y111.126 E.0346
G1 X165.063 Y112.246 E.0346
G1 X164.879 Y113.358 E.03461
G1 X164.624 Y114.454 E.0346
G1 X164.297 Y115.532 E.0346
G1 X163.9 Y116.586 E.03461
G1 X163.435 Y117.612 E.0346
G1 X162.904 Y118.605 E.0346
G1 X162.31 Y119.561 E.0346
G1 X161.654 Y120.477 E.03461
G1 X160.939 Y121.347 E.0346
G1 X160.169 Y122.169 E.0346
G1 X159.347 Y122.939 E.0346
G1 X158.477 Y123.654 E.03461
G1 X157.561 Y124.31 E.0346
G1 X156.605 Y124.904 E.03461
G1 X155.612 Y125.435 E.0346
G1 X154.586 Y125.9 E.0346
M73 P58 R17
G1 X153.532 Y126.297 E.03461
G1 X152.454 Y126.624 E.0346
G1 X151.358 Y126.879 E.0346
G1 X150.246 Y127.063 E.03461
G1 X149.126 Y127.173 E.0346
G1 X148 Y127.21 E.0346
G1 X146.874 Y127.173 E.03461
G1 X145.754 Y127.063 E.0346
G1 X144.642 Y126.879 E.03461
G1 X143.546 Y126.624 E.0346
G1 X142.468 Y126.297 E.03461
G1 X141.414 Y125.9 E.0346
G1 X140.388 Y125.435 E.03461
G1 X139.395 Y124.904 E.0346
G1 X138.439 Y124.31 E.03461
G1 X137.523 Y123.654 E.0346
G1 X136.653 Y122.939 E.03461
G1 X135.831 Y122.169 E.0346
G1 X135.061 Y121.347 E.0346
G1 X134.35 Y120.482 E.03441
G1 X133.889 Y119.839 E.0243
G1 X133.218 Y118.801 E.03798
G1 X132.731 Y117.923 E.03085
G1 X132.295 Y117.016 E.03093
G1 X131.911 Y116.084 E.03099
G1 X131.705 Y115.538 E.01792
G1 X131.308 Y114.159 E.04409
G1 X131.122 Y113.364 E.0251
G1 X130.938 Y112.252 E.0346
G1 X130.827 Y111.132 E.0346
G1 X130.79 Y110.006 E.0346
G1 X130.822 Y109.011 E.03058
G1 X130.911 Y108.021 E.03056
G1 X131.055 Y107.039 E.0305
G1 X131.254 Y106.069 E.03041
G1 X131.315 Y105.807 E.00829
G1 E-4.5 F2700
;WIPE_START
G1 F2400
G1 X131.375 Y105.552 E-.06219
G1 X131.581 Y104.87 E-.16916
G1 X131.81 Y104.185 E-.17147
G1 X131.917 Y103.901 E-.07218
;WIPE_END
G1 E-.025 F2700
M205 X8 Y8
G1 X127.85 Y110.36 Z2.4 F7200
G1 X125.456 Y114.162 Z2.4
G1 Z2
G1 E5 F2400
M205 X10 Y10
;TYPE:Inner wall
;WIDTH:0.449999
G1 F2700
G1 X125.149 Y115.176 E.03516
G1 X124.802 Y116.096 E.03261
G1 X124.343 Y117.109 E.03689
G1 X123.878 Y117.979 E.03273
G1 X123.443 Y118.684 E.02746
G1 X122.775 Y119.643 E.03878
G1 X122.057 Y120.531 E.03787
G1 X121.343 Y121.297 E.03475
G1 X120.58 Y122.015 E.03475
G1 X119.771 Y122.681 E.03475
G1 X118.921 Y123.293 E.03475
G1 X118.032 Y123.848 E.03475
G1 X117.109 Y124.343 E.03475
G1 X116.156 Y124.778 E.03475
G1 X115.176 Y125.149 E.03475
G1 X114.175 Y125.455 E.03475
G1 X113.155 Y125.695 E.03475
G1 X112.122 Y125.867 E.03475
G1 X111.079 Y125.972 E.03475
G1 X110.032 Y126.009 E.03475
G1 X108.985 Y125.976 E.03475
G1 X107.942 Y125.876 E.03475
G1 X106.909 Y125.707 E.03475
G1 X105.888 Y125.472 E.03475
G1 X104.885 Y125.169 E.03475
G1 X103.904 Y124.802 E.03475
G1 X102.949 Y124.372 E.03475
G1 X102.024 Y123.88 E.03475
G1 X101.133 Y123.329 E.03475
G1 X100.28 Y122.72 E.03475
G1 X99.469 Y122.057 E.03475
G1 X98.703 Y121.343 E.03475
G1 X97.985 Y120.58 E.03475
G1 X97.319 Y119.771 E.03475
G1 X96.707 Y118.921 E.03475
G1 X96.271 Y118.224 E.02728
G1 X95.82 Y117.415 E.0307
G1 X95.415 Y116.581 E.03079
G1 X95.198 Y116.096 E.0176
G1 X94.851 Y115.176 E.03261
G1 X94.491 Y113.951 E.04239
G1 X94.305 Y113.155 E.0271
G1 X94.133 Y112.122 E.03475
G1 X94.028 Y111.079 E.03475
G1 X93.991 Y110.032 E.03475
G1 X94.019 Y109.116 E.03041
G1 X94.098 Y108.204 E.03038
G1 X94.228 Y107.299 E.03032
G1 X94.528 Y105.888 E.04785
G1 X94.91 Y104.669 E.04236
G1 X95.198 Y103.904 E.02713
G1 X95.628 Y102.949 E.03475
G1 X96.12 Y102.024 E.03475
G1 X96.594 Y101.257 E.02992
G1 X97.28 Y100.28 E.03957
G1 X97.943 Y99.469 E.03475
G1 X98.657 Y98.703 E.03475
G1 X99.42 Y97.985 E.03475
G1 X100.229 Y97.319 E.03475
G1 X101.079 Y96.707 E.03475
G1 X101.968 Y96.152 E.03475
G1 X102.891 Y95.657 E.03475
G1 X103.844 Y95.222 E.03475
G1 X104.824 Y94.851 E.03475
G1 X105.825 Y94.545 E.03475
G1 X106.845 Y94.305 E.03475
G1 X107.878 Y94.133 E.03475
G1 X108.921 Y94.028 E.03475
G1 X109.968 Y93.991 E.03475
G1 X111.015 Y94.024 E.03475
G1 X112.058 Y94.124 E.03475
G1 X113.091 Y94.293 E.03475
G1 X114.112 Y94.528 E.03475
G1 X115.115 Y94.831 E.03475
G1 X116.096 Y95.198 E.03475
G1 X117.051 Y95.628 E.03475
G1 X117.976 Y96.12 E.03475
G1 X118.867 Y96.671 E.03475
G1 X119.72 Y97.28 E.03475
G1 X120.531 Y97.943 E.03475
G1 X121.297 Y98.657 E.03475
G1 X122.015 Y99.42 E.03475
G1 X122.531 Y100.046 E.0269
G1 X123.293 Y101.079 E.04259
G1 X123.848 Y101.968 E.03475
G1 X124.343 Y102.891 E.03475
G1 X124.778 Y103.844 E.03475
G1 X125.003 Y104.436 E.02102
G1 X125.455 Y105.825 E.04846
G1 X125.604 Y106.455 E.02146
G1 X125.824 Y107.617 E.03925
G1 X125.959 Y108.79 E.03915
G1 X126.009 Y109.968 E.0391
G1 X125.976 Y111.015 E.03475
G1 X125.876 Y112.058 E.03475
G1 X125.707 Y113.091 E.03475
G1 X125.472 Y114.112 E.03475
G1 X125.468 Y114.124 E.0004
M205 X8 Y8
G1 X125.065 Y114.051 F7200
M205 X10 Y10
G1 F2700
G1 X124.622 Y115.42 E.04775
G1 X124.421 Y115.953 E.01887
G1 X124.188 Y116.471 E.01886
G1 X123.679 Y117.489 E.03774
G1 X123.097 Y118.469 E.0378
G1 X122.444 Y119.406 E.0379
G1 X121.743 Y120.273 E.03699
G1 X121.046 Y121.019 E.03387
G1 X120.301 Y121.717 E.03387
G1 X119.513 Y122.366 E.03387
G1 X118.684 Y122.962 E.03387
G1 X117.817 Y123.502 E.03387
G1 X116.918 Y123.984 E.03387
G1 X115.988 Y124.407 E.03387
G1 X115.033 Y124.768 E.03387
G1 X114.056 Y125.065 E.03387
G1 X113.062 Y125.298 E.03387
G1 X112.055 Y125.466 E.03387
G1 X111.039 Y125.567 E.03387
G1 X110.019 Y125.602 E.03387
G1 X108.999 Y125.57 E.03387
G1 X107.982 Y125.471 E.03387
G1 X106.975 Y125.306 E.03387
G1 X105.98 Y125.075 E.03387
G1 X105.003 Y124.78 E.03387
G1 X104.047 Y124.421 E.03387
G1 X103.117 Y124.001 E.03387
G1 X102.216 Y123.521 E.03387
G1 X101.348 Y122.983 E.03387
G1 X100.517 Y122.389 E.03387
G1 X99.727 Y121.743 E.03387
G1 X98.981 Y121.046 E.03387
G1 X98.283 Y120.301 E.03387
G1 X97.634 Y119.513 E.03387
G1 X97.038 Y118.684 E.03387
M73 P59 R17
G1 X96.617 Y118.009 E.0264
G1 X96.179 Y117.224 E.02981
G1 X95.785 Y116.413 E.02991
G1 X95.579 Y115.953 E.01672
G1 X95.232 Y115.033 E.03261
G1 X94.887 Y113.858 E.04062
G1 X94.702 Y113.062 E.0271
G1 X94.534 Y112.055 E.03387
G1 X94.433 Y111.039 E.03387
G1 X94.398 Y110.019 E.03387
G1 X94.426 Y109.129 E.02953
G1 X94.504 Y108.243 E.0295
G1 X94.63 Y107.365 E.02944
G1 X94.925 Y105.98 E.04696
G1 X95.138 Y105.274 E.02448
G1 X95.438 Y104.421 E.02998
G1 X95.999 Y103.117 E.04711
G1 X96.479 Y102.216 E.03387
G1 X96.94 Y101.472 E.02904
G1 X97.611 Y100.517 E.03869
G1 X98.257 Y99.727 E.03387
G1 X98.954 Y98.981 E.03387
G1 X99.699 Y98.283 E.03387
G1 X100.487 Y97.634 E.03387
G1 X101.316 Y97.038 E.03387
G1 X102.183 Y96.498 E.03387
G1 X103.082 Y96.016 E.03387
G1 X104.012 Y95.593 E.03387
G1 X104.967 Y95.232 E.03387
G1 X105.944 Y94.935 E.03387
G1 X106.938 Y94.702 E.03387
G1 X107.945 Y94.534 E.03387
G1 X108.961 Y94.433 E.03387
G1 X109.981 Y94.398 E.03387
G1 X111.001 Y94.43 E.03387
G1 X112.018 Y94.529 E.03387
G1 X113.025 Y94.694 E.03387
G1 X114.02 Y94.925 E.03387
G1 X114.997 Y95.22 E.03387
G1 X115.953 Y95.579 E.03387
G1 X116.883 Y95.999 E.03387
G1 X117.784 Y96.479 E.03387
G1 X118.652 Y97.017 E.03387
G1 X119.483 Y97.611 E.03387
G1 X120.273 Y98.257 E.03387
G1 X121.019 Y98.954 E.03387
G1 X121.717 Y99.699 E.03387
G1 X122.216 Y100.304 E.02602
G1 X122.962 Y101.316 E.04171
G1 X123.502 Y102.183 E.03387
G1 X123.984 Y103.082 E.03387
G1 X124.407 Y104.012 E.03387
G1 X124.622 Y104.58 E.02013
G1 X125.065 Y105.944 E.04758
G1 X125.207 Y106.547 E.02058
G1 X125.423 Y107.684 E.03836
G1 X125.554 Y108.83 E.03827
G1 X125.602 Y109.981 E.03822
G1 X125.57 Y111.001 E.03387
G1 X125.471 Y112.018 E.03387
G1 X125.306 Y113.025 E.03387
G1 X125.077 Y114.013 E.03362
M205 X8 Y8
G1 X124.693 Y113.931 F7200
M205 X10 Y10
;TYPE:Outer wall
;WIDTH:0.419999
G1 F2400
G1 X124.255 Y115.282 E.04366
G1 X124.054 Y115.815 E.01748
G1 X123.831 Y116.31 E.01668
G1 X123.333 Y117.304 E.03417
G1 X122.764 Y118.261 E.03422
G1 X122.126 Y119.178 E.03432
G1 X121.439 Y120.024 E.03348
G1 X120.759 Y120.751 E.03058
G1 X120.033 Y121.431 E.03058
G1 X119.264 Y122.063 E.03058
G1 X118.455 Y122.643 E.03058
G1 X117.61 Y123.169 E.03058
G1 X116.733 Y123.639 E.03058
G1 X115.826 Y124.05 E.03058
G1 X114.895 Y124.401 E.03058
G1 X113.943 Y124.69 E.03058
G1 X112.973 Y124.916 E.03058
G1 X111.991 Y125.079 E.03058
G1 X111.001 Y125.177 E.03058
G1 X110.006 Y125.21 E.03058
G1 X109.011 Y125.178 E.03058
G1 X108.021 Y125.081 E.03058
G1 X107.039 Y124.919 E.03058
G1 X106.069 Y124.693 E.03058
G1 X105.117 Y124.405 E.03058
G1 X104.185 Y124.054 E.03058
G1 X103.278 Y123.644 E.03058
G1 X102.4 Y123.175 E.03058
G1 X101.555 Y122.65 E.03058
G1 X100.746 Y122.071 E.03058
G1 X99.976 Y121.439 E.03058
G1 X99.249 Y120.759 E.03058
G1 X98.569 Y120.033 E.03058
G1 X97.937 Y119.264 E.03058
G1 X97.357 Y118.455 E.03058
G1 X96.95 Y117.801 E.02366
G1 X96.525 Y117.039 E.02683
G1 X96.143 Y116.251 E.02691
G1 X95.805 Y115.441 E.02697
G1 X95.599 Y114.895 E.01792
G1 X95.4 Y114.24 E.02102
G1 X95.186 Y113.413 E.02626
G1 X95.073 Y112.914 E.01571
G1 X94.921 Y111.991 E.02874
G1 X94.823 Y111.001 E.03058
G1 X94.79 Y110.006 E.03058
G1 X94.818 Y109.142 E.02656
G1 X94.894 Y108.282 E.02654
G1 X95.017 Y107.429 E.02648
G1 X95.307 Y106.069 E.04272
G1 X95.513 Y105.388 E.02188
G1 X95.805 Y104.559 E.02699
G1 X96.356 Y103.278 E.04285
G1 X96.825 Y102.4 E.03058
G1 X97.273 Y101.679 E.02611
G1 X97.929 Y100.746 E.03505
G1 X98.561 Y99.976 E.03058
G1 X99.241 Y99.249 E.03058
G1 X99.967 Y98.569 E.03058
G1 X100.736 Y97.937 E.03058
G1 X101.545 Y97.357 E.03058
G1 X102.39 Y96.831 E.03058
G1 X103.267 Y96.361 E.03058
G1 X104.174 Y95.95 E.03058
G1 X105.105 Y95.599 E.03058
G1 X106.057 Y95.31 E.03058
G1 X107.027 Y95.084 E.03058
G1 X108.009 Y94.921 E.03058
G1 X108.999 Y94.823 E.03058
G1 X109.994 Y94.79 E.03058
G1 X110.989 Y94.822 E.03058
G1 X111.979 Y94.919 E.03058
G1 X112.961 Y95.081 E.03058
G1 X113.931 Y95.307 E.03058
G1 X114.883 Y95.595 E.03058
G1 X115.815 Y95.946 E.03058
G1 X116.722 Y96.356 E.03058
G1 X117.6 Y96.825 E.03058
G1 X118.445 Y97.35 E.03058
G1 X119.254 Y97.929 E.03058
G1 X120.024 Y98.561 E.03058
G1 X120.751 Y99.241 E.03058
G1 X121.431 Y99.967 E.03058
G1 X121.913 Y100.553 E.02331
G1 X122.643 Y101.545 E.03784
G1 X123.169 Y102.39 E.03058
G1 X123.639 Y103.267 E.03058
G1 X124.05 Y104.174 E.03058
G1 X124.255 Y104.718 E.01786
G1 X124.69 Y106.057 E.04328
G1 X124.825 Y106.636 E.01827
G1 X125.036 Y107.748 E.03475
G1 X125.164 Y108.868 E.03466
G1 X125.21 Y109.994 E.03461
G1 X125.178 Y110.989 E.03058
G1 X125.081 Y111.979 E.03058
G1 X124.919 Y112.961 E.03058
G1 X124.702 Y113.892 E.02935
G1 E-4.5 F2700
;WIPE_START
G1 F2400
G1 X124.255 Y115.282 E-.34695
G1 X124.065 Y115.787 E-.12805
;WIPE_END
G1 E-.025 F2700
M205 X8 Y8
G1 X116.472 Y115.014 Z2.4 F7200
G1 X58.024 Y109.066 Z2.4
G1 Z2
G1 E5 F2400
M205 X10 Y10
;TYPE:Inner wall
;WIDTH:0.449999
G1 F2700
G1 X58.107 Y108.204 E.02874
G1 X58.254 Y107.299 E.03041
G1 X58.46 Y106.406 E.03041
G1 X58.724 Y105.528 E.03041
G1 X59.045 Y104.669 E.03041
G1 X59.422 Y103.833 E.03041
G1 X59.852 Y103.024 E.03041
G1 X60.334 Y102.244 E.03041
G1 X60.867 Y101.498 E.03041
G1 X61.446 Y100.788 E.03041
G1 X62.072 Y100.117 E.03041
G1 X62.739 Y99.489 E.03041
G1 X63.446 Y98.906 E.03041
G1 X64.19 Y98.37 E.03041
G1 X64.968 Y97.884 E.03041
G1 X65.775 Y97.45 E.03041
G1 X66.609 Y97.07 E.03041
G1 X67.466 Y96.745 E.03041
G1 X68.343 Y96.477 E.03041
G1 X69.235 Y96.267 E.03041
G1 X70.139 Y96.115 E.03041
G1 X71.052 Y96.023 E.03041
G1 X71.968 Y95.991 E.03041
G1 X72.884 Y96.019 E.03041
G1 X73.796 Y96.107 E.03041
G1 X74.701 Y96.254 E.03041
G1 X75.594 Y96.46 E.03041
G1 X76.472 Y96.724 E.03041
G1 X77.331 Y97.045 E.03041
G1 X78.167 Y97.422 E.03041
G1 X78.976 Y97.852 E.03041
G1 X79.756 Y98.334 E.03041
G1 X80.502 Y98.867 E.03041
G1 X81.212 Y99.446 E.03041
G1 X81.883 Y100.072 E.03041
G1 X82.511 Y100.739 E.03041
G1 X83.094 Y101.446 E.03041
G1 X83.63 Y102.19 E.03041
G1 X84.116 Y102.968 E.03041
G1 X84.55 Y103.775 E.03041
G1 X85.013 Y104.824 E.03802
G1 X85.255 Y105.466 E.02279
G1 X85.475 Y106.184 E.0249
G1 X85.642 Y106.845 E.02261
G1 X85.841 Y107.878 E.03491
G1 X85.964 Y108.921 E.03481
G1 X86.009 Y109.968 E.03476
G1 X85.981 Y110.884 E.03041
G1 X85.893 Y111.796 E.03041
G1 X85.746 Y112.701 E.03041
G1 X85.54 Y113.594 E.03041
G1 X85.366 Y114.175 E.02009
G1 X84.955 Y115.331 E.04072
G1 X84.583 Y116.156 E.03002
G1 X84.306 Y116.681 E.01969
G1 X83.78 Y117.572 E.03434
G1 X83.273 Y118.307 E.02961
G1 X82.554 Y119.212 E.03835
G1 X81.928 Y119.883 E.03041
G1 X81.261 Y120.511 E.03041
G1 X80.554 Y121.094 E.03041
G1 X79.81 Y121.63 E.03041
G1 X79.032 Y122.116 E.03041
G1 X78.225 Y122.55 E.03041
G1 X77.391 Y122.93 E.03041
G1 X76.534 Y123.255 E.03041
G1 X75.657 Y123.523 E.03041
G1 X74.765 Y123.733 E.03041
G1 X73.861 Y123.885 E.03041
G1 X72.948 Y123.977 E.03041
G1 X72.032 Y124.009 E.03041
G1 X71.116 Y123.981 E.03041
G1 X70.204 Y123.893 E.03041
G1 X69.299 Y123.746 E.03041
G1 X68.406 Y123.54 E.03041
G1 X67.528 Y123.276 E.03041
G1 X66.669 Y122.955 E.03041
G1 X65.833 Y122.578 E.03041
G1 X65.024 Y122.148 E.03041
G1 X64.244 Y121.666 E.03041
G1 X63.498 Y121.133 E.03041
G1 X62.788 Y120.554 E.03041
G1 X62.117 Y119.928 E.03041
G1 X61.489 Y119.261 E.03041
G1 X60.906 Y118.554 E.03041
G1 X60.37 Y117.81 E.03041
G1 X59.884 Y117.032 E.03041
G1 X59.45 Y116.225 E.03041
G1 X59.07 Y115.391 E.03041
G1 X58.745 Y114.534 E.03041
G1 X58.477 Y113.657 E.03041
G1 X58.267 Y112.765 E.03041
G1 X58.115 Y111.861 E.03041
G1 X58.023 Y110.948 E.03041
G1 X57.991 Y110.032 E.03041
G1 X58.019 Y109.116 E.03041
G1 X58.02 Y109.106 E.00034
M205 X8 Y8
G1 X58.429 Y109.104 F7200
M205 X10 Y10
G1 F2700
G1 X58.512 Y108.243 E.0287
G1 X58.656 Y107.365 E.02953
G1 X58.857 Y106.498 E.02952
G1 X59.114 Y105.646 E.02953
G1 X59.426 Y104.812 E.02953
G1 X59.793 Y104.001 E.02953
G1 X60.211 Y103.216 E.02953
G1 X60.68 Y102.459 E.02953
G1 X61.197 Y101.735 E.02953
G1 X61.761 Y101.046 E.02953
G1 X62.369 Y100.396 E.02952
G1 X63.017 Y99.786 E.02953
G1 X63.705 Y99.221 E.02953
G1 X64.427 Y98.701 E.02953
G1 X65.183 Y98.23 E.02953
G1 X65.967 Y97.809 E.02952
G1 X66.777 Y97.441 E.02953
G1 X67.61 Y97.126 E.02952
G1 X68.461 Y96.867 E.02953
G1 X69.328 Y96.663 E.02952
G1 X70.206 Y96.517 E.02953
G1 X71.091 Y96.429 E.02953
G1 X71.981 Y96.398 E.02953
G1 X72.871 Y96.426 E.02953
G1 X73.757 Y96.512 E.02953
G1 X74.635 Y96.656 E.02953
G1 X75.502 Y96.857 E.02952
G1 X76.354 Y97.114 E.02953
G1 X77.188 Y97.426 E.02952
G1 X77.999 Y97.793 E.02953
G1 X78.784 Y98.211 E.02952
G1 X79.541 Y98.68 E.02953
G1 X80.265 Y99.197 E.02953
G1 X80.954 Y99.761 E.02953
G1 X81.604 Y100.369 E.02952
G1 X82.214 Y101.017 E.02952
G1 X82.779 Y101.705 E.02953
G1 X83.299 Y102.427 E.02952
G1 X83.77 Y103.183 E.02953
G1 X84.191 Y103.967 E.02952
G1 X84.559 Y104.777 E.02953
G1 X84.976 Y105.944 E.04109
G1 X85.133 Y106.461 E.01794
G1 X85.326 Y107.282 E.02795
G1 X85.44 Y107.945 E.02232
G1 X85.559 Y108.961 E.03393
G1 X85.602 Y109.981 E.03388
G1 X85.574 Y110.871 E.02953
G1 X85.488 Y111.757 E.02953
G1 X85.344 Y112.635 E.02953
G1 X85.143 Y113.502 E.02952
G1 X84.976 Y114.056 E.0192
G1 X84.574 Y115.188 E.03983
G1 X84.212 Y115.988 E.02913
G1 X83.947 Y116.489 E.0188
G1 X83.434 Y117.357 E.03346
G1 X82.942 Y118.07 E.02873
G1 X82.239 Y118.954 E.03747
G1 X81.631 Y119.604 E.02952
G1 X80.983 Y120.214 E.02953
G1 X80.295 Y120.779 E.02953
G1 X79.573 Y121.299 E.02953
G1 X78.817 Y121.77 E.02953
G1 X78.033 Y122.191 E.02952
G1 X77.223 Y122.559 E.02953
G1 X76.39 Y122.874 E.02952
G1 X75.539 Y123.133 E.02953
G1 X74.672 Y123.337 E.02952
G1 X73.794 Y123.483 E.02953
G1 X72.909 Y123.571 E.02953
G1 X72.019 Y123.602 E.02953
G1 X71.129 Y123.574 E.02953
G1 X70.243 Y123.488 E.02953
G1 X69.365 Y123.344 E.02953
G1 X68.498 Y123.143 E.02952
G1 X67.646 Y122.886 E.02953
G1 X66.812 Y122.574 E.02952
G1 X66.001 Y122.207 E.02953
G1 X65.216 Y121.789 E.02952
G1 X64.459 Y121.32 E.02953
G1 X63.735 Y120.803 E.02953
G1 X63.046 Y120.239 E.02953
G1 X62.396 Y119.631 E.02952
G1 X61.786 Y118.983 E.02952
G1 X61.221 Y118.295 E.02953
G1 X60.701 Y117.573 E.02953
G1 X60.23 Y116.817 E.02953
G1 X59.809 Y116.033 E.02953
G1 X59.441 Y115.223 E.02953
G1 X59.126 Y114.39 E.02953
G1 X58.867 Y113.539 E.02953
G1 X58.663 Y112.672 E.02953
G1 X58.517 Y111.794 E.02953
G1 X58.429 Y110.909 E.02953
G1 X58.398 Y110.019 E.02953
G1 X58.426 Y109.144 E.02903
M205 X8 Y8
G1 X58.818 Y109.142 F7200
M205 X10 Y10
;TYPE:Outer wall
;WIDTH:0.419999
G1 F2400
G1 X58.902 Y108.282 E.02656
G1 X59.043 Y107.429 E.02656
G1 X59.239 Y106.587 E.02656
G1 X59.489 Y105.76 E.02656
G1 X59.793 Y104.95 E.02656
G1 X60.15 Y104.163 E.02656
G1 X60.557 Y103.4 E.02656
G1 X61.013 Y102.666 E.02656
G1 X61.516 Y101.963 E.02656
G1 X62.064 Y101.295 E.02656
G1 X62.655 Y100.664 E.02656
G1 X63.285 Y100.072 E.02656
G1 X63.953 Y99.524 E.02656
G1 X64.656 Y99.02 E.02656
G1 X65.39 Y98.563 E.02656
G1 X66.152 Y98.155 E.02656
G1 X66.939 Y97.798 E.02656
G1 X67.748 Y97.493 E.02656
G1 X68.575 Y97.242 E.02656
G1 X69.417 Y97.045 E.02656
G1 X70.27 Y96.904 E.02656
G1 X71.13 Y96.819 E.02656
G1 X71.994 Y96.79 E.02656
G1 X72.858 Y96.818 E.02656
G1 X73.718 Y96.902 E.02656
G1 X74.571 Y97.043 E.02656
G1 X75.413 Y97.239 E.02656
G1 X76.24 Y97.489 E.02656
G1 X77.05 Y97.793 E.02656
G1 X77.837 Y98.15 E.02656
G1 X78.6 Y98.557 E.02656
G1 X79.334 Y99.013 E.02656
G1 X80.037 Y99.516 E.02656
G1 X80.705 Y100.064 E.02656
G1 X81.336 Y100.655 E.02656
G1 X81.928 Y101.285 E.02656
G1 X82.476 Y101.953 E.02656
G1 X82.98 Y102.656 E.02656
G1 X83.437 Y103.39 E.02656
G1 X83.845 Y104.152 E.02656
G1 X84.202 Y104.939 E.02656
G1 X84.601 Y106.057 E.03649
G1 X84.758 Y106.575 E.01662
G1 X84.944 Y107.371 E.0251
G1 X85.053 Y108.009 E.01989
G1 X85.168 Y108.999 E.03064
G1 X85.21 Y109.994 E.03059
G1 X85.182 Y110.858 E.02656
G1 X85.098 Y111.718 E.02656
G1 X84.957 Y112.571 E.02656
G1 X84.761 Y113.413 E.02656
G1 X84.601 Y113.943 E.017
G1 X84.207 Y115.05 E.03611
G1 X83.855 Y115.826 E.0262
G1 X83.601 Y116.304 E.01663
G1 X83.101 Y117.15 E.0302
G1 X82.624 Y117.842 E.02582
G1 X81.936 Y118.705 E.03392
G1 X81.345 Y119.336 E.02656
G1 X80.715 Y119.928 E.02656
G1 X80.047 Y120.476 E.02656
G1 X79.344 Y120.98 E.02656
G1 X78.61 Y121.437 E.02656
G1 X77.848 Y121.845 E.02656
G1 X77.061 Y122.202 E.02656
G1 X76.252 Y122.507 E.02656
G1 X75.425 Y122.758 E.02656
G1 X74.583 Y122.955 E.02656
G1 X73.73 Y123.096 E.02656
G1 X72.87 Y123.181 E.02656
G1 X72.006 Y123.21 E.02656
G1 X71.142 Y123.182 E.02656
G1 X70.282 Y123.098 E.02656
G1 X69.429 Y122.957 E.02656
G1 X68.587 Y122.761 E.02656
G1 X67.76 Y122.511 E.02656
G1 X66.95 Y122.207 E.02656
G1 X66.163 Y121.85 E.02656
G1 X65.4 Y121.443 E.02656
G1 X64.666 Y120.987 E.02656
G1 X63.963 Y120.484 E.02656
G1 X63.295 Y119.936 E.02656
G1 X62.664 Y119.345 E.02656
G1 X62.072 Y118.715 E.02656
G1 X61.524 Y118.047 E.02656
G1 X61.02 Y117.344 E.02656
G1 X60.563 Y116.61 E.02656
G1 X60.155 Y115.848 E.02656
G1 X59.798 Y115.061 E.02656
G1 X59.493 Y114.252 E.02656
G1 X59.242 Y113.425 E.02656
G1 X59.045 Y112.583 E.02656
G1 X58.904 Y111.73 E.02656
G1 X58.819 Y110.87 E.02656
G1 X58.79 Y110.006 E.02656
G1 X58.817 Y109.182 E.02533
G1 E-4.5 F2700
;WIPE_START
G1 F2400
G1 X58.902 Y108.282 E-.21478
G1 X59.043 Y107.429 E-.20531
G1 X59.095 Y107.204 E-.05491
;WIPE_END
G1 E-.025 F2700
M205 X8 Y8
G1 X60.824 Y118.902 Z2.4 F7200
G1 Z2
G1 E5 F2400
M205 X10 Y10
;TYPE:Sparse infill
;WIDTH:0.45
G1 F3000
G1 X60.137 Y117.974 E.03832
G1 X59.887 Y117.572 E.01569
G1 X59.413 Y117.552 E.01576
G1 X58.757 Y117.663 E.02204
G1 X58.102 Y117.906 E.02318
G1 X57.447 Y118.319 E.02568
G1 X56.792 Y118.949 E.03016
G1 X56.137 Y119.701 E.03308
G1 X55.482 Y120.25 E.02835
G1 X54.826 Y120.485 E.02309
G1 X54.171 Y120.513 E.02175
G1 X53.516 Y120.402 E.02204
G1 X52.861 Y120.159 E.02318
G1 X52.206 Y119.746 E.02568
G1 X51.551 Y119.116 E.03016
G1 X51.294 Y118.821 E.01295
G1 X51.294 Y114.794 E.1336
G1 X51.551 Y115.009 E.0111
G1 X52.206 Y115.244 E.02309
G1 X52.861 Y115.272 E.02175
G1 X53.516 Y115.161 E.02204
G1 X54.171 Y114.917 E.02318
G1 X54.826 Y114.505 E.02568
G1 X55.482 Y113.874 E.03016
G1 X56.137 Y113.122 E.03308
G1 X56.792 Y112.574 E.02835
G1 X57.447 Y112.338 E.02309
G1 X57.902 Y112.319 E.01511
G1 X57.834 Y111.904 E.01394
G1 X57.74 Y110.974 E.03103
G1 X57.706 Y110 E.03233
G1 X57.74 Y109.026 E.03233
G1 X57.834 Y108.096 E.03102
G1 X57.927 Y107.534 E.01887
G1 X57.447 Y107.836 E.01879
G1 X56.792 Y108.467 E.03016
G1 X56.137 Y109.219 E.03308
G1 X55.482 Y109.767 E.02835
G1 X54.826 Y110.003 E.02309
G1 X54.171 Y110.03 E.02175
G1 X53.516 Y109.919 E.02204
G1 X52.861 Y109.676 E.02318
G1 X52.206 Y109.263 E.02568
G1 X51.551 Y108.633 E.03016
G1 X51.294 Y108.339 E.01295
G1 X51.294 Y104.311 E.1336
G1 X51.551 Y104.526 E.0111
G1 X52.206 Y104.761 E.02309
G1 X52.861 Y104.789 E.02175
G1 X53.516 Y104.678 E.02204
G1 X54.171 Y104.435 E.02318
G1 X54.826 Y104.022 E.02568
G1 X55.482 Y103.392 E.03016
G1 X56.137 Y102.64 E.03308
G1 X56.792 Y102.091 E.02835
G1 X57.447 Y101.856 E.02309
G1 X58.102 Y101.828 E.02175
G1 X58.757 Y101.939 E.02204
G1 X59.413 Y102.182 E.02318
G1 X59.862 Y102.466 E.01763
G1 X60.094 Y102.091 E.01459
G1 X60.684 Y101.268 E.03362
G1 X61.279 Y100.546 E.03103
G1 X61.893 Y99.892 E.02973
G1 X62.605 Y99.228 E.03232
G1 X62.949 Y98.945 E.01478
G1 X62.688 Y98.781 E.01023
G1 X62.033 Y98.15 E.03016
G1 X61.378 Y97.399 E.03308
G1 X60.723 Y96.85 E.02835
G1 X60.068 Y96.614 E.02309
G1 X59.413 Y96.587 E.02175
G1 X58.757 Y96.698 E.02204
G1 X58.102 Y96.941 E.02318
G1 X57.447 Y97.354 E.02568
G1 X56.792 Y97.984 E.03016
G1 X56.137 Y98.736 E.03308
G1 X55.482 Y99.285 E.02835
G1 X54.826 Y99.52 E.02309
G1 X54.171 Y99.548 E.02175
G1 X53.516 Y99.437 E.02204
G1 X52.861 Y99.193 E.02318
G1 X52.206 Y98.781 E.02568
G1 X51.551 Y98.15 E.03016
G1 X51.294 Y97.856 E.01295
G1 X51.294 Y93.829 E.1336
G1 X51.551 Y94.043 E.0111
G1 X52.206 Y94.279 E.02309
G1 X52.861 Y94.307 E.02175
G1 X53.516 Y94.195 E.02204
G1 X54.171 Y93.952 E.02318
G1 X54.826 Y93.539 E.02568
G1 X55.482 Y92.909 E.03016
G1 X56.137 Y92.157 E.03308
G1 X56.792 Y91.609 E.02835
G1 X57.447 Y91.373 E.02309
G1 X58.102 Y91.345 E.02175
G1 X58.757 Y91.457 E.02204
G1 X59.413 Y91.7 E.02318
G1 X60.068 Y92.112 E.02568
G1 X60.723 Y92.743 E.03016
G1 X61.378 Y93.495 E.03308
G1 X62.033 Y94.043 E.02835
G1 X62.688 Y94.279 E.02309
G1 X63.344 Y94.307 E.02175
G1 X63.999 Y94.195 E.02204
G1 X64.654 Y93.952 E.02318
G1 X65.309 Y93.539 E.02568
G1 X65.964 Y92.909 E.03016
G1 X66.619 Y92.157 E.03308
G1 X67.275 Y91.609 E.02835
G1 X67.93 Y91.373 E.02309
G1 X68.585 Y91.345 E.02175
G1 X69.24 Y91.457 E.02204
G1 X69.895 Y91.7 E.02318
G1 X70.55 Y92.112 E.02568
G1 X71.206 Y92.743 E.03016
G1 X71.861 Y93.495 E.03308
G1 X72.516 Y94.043 E.02835
G1 X73.171 Y94.279 E.02309
G1 X73.826 Y94.307 E.02175
G1 X74.481 Y94.195 E.02204
G1 X75.137 Y93.952 E.02318
G1 X75.792 Y93.539 E.02568
G1 X76.447 Y92.909 E.03016
G1 X77.102 Y92.157 E.03308
G1 X77.757 Y91.609 E.02835
G1 X78.412 Y91.373 E.02309
G1 X79.068 Y91.345 E.02175
G1 X79.723 Y91.457 E.02204
G1 X80.378 Y91.7 E.02318
G1 X81.033 Y92.112 E.02568
G1 X81.688 Y92.743 E.03016
G1 X82.343 Y93.495 E.03308
G1 X82.998 Y94.043 E.02835
G1 X83.654 Y94.279 E.02309
G1 X84.309 Y94.307 E.02175
G1 X84.964 Y94.195 E.02204
G1 X85.619 Y93.952 E.02318
G1 X86.274 Y93.539 E.02568
G1 X86.929 Y92.909 E.03016
G1 X87.585 Y92.157 E.03308
G1 X88.24 Y91.609 E.02835
G1 X88.895 Y91.373 E.02309
G1 X89.55 Y91.345 E.02175
G1 X90.205 Y91.457 E.02204
G1 X90.86 Y91.7 E.02318
G1 X91.516 Y92.112 E.02568
G1 X92.171 Y92.743 E.03016
G1 X92.826 Y93.495 E.03308
G1 X93.481 Y94.043 E.02835
G1 X94.136 Y94.279 E.02309
G1 X94.791 Y94.307 E.02175
G1 X95.447 Y94.195 E.02204
G1 X96.102 Y93.952 E.02318
G1 X96.757 Y93.539 E.02568
G1 X97.412 Y92.909 E.03016
G1 X98.067 Y92.157 E.03308
G1 X98.722 Y91.609 E.02835
G1 X99.378 Y91.373 E.02309
G1 X100.033 Y91.345 E.02175
G1 X100.688 Y91.457 E.02204
G1 X101.343 Y91.7 E.02318
G1 X101.998 Y92.112 E.02568
G1 X102.653 Y92.743 E.03016
G1 X103.309 Y93.495 E.03308
G1 X103.964 Y94.043 E.02835
G1 X104.619 Y94.279 E.02309
G1 X105.274 Y94.307 E.02175
G1 X105.929 Y94.195 E.02204
G1 X106.584 Y93.952 E.02318
G1 X107.24 Y93.539 E.02568
G1 X107.895 Y92.909 E.03016
G1 X108.55 Y92.157 E.03308
G1 X109.205 Y91.609 E.02835
G1 X109.86 Y91.373 E.02309
G1 X110.515 Y91.345 E.02175
G1 X111.171 Y91.457 E.02204
G1 X111.826 Y91.7 E.02318
G1 X112.481 Y92.112 E.02568
G1 X113.136 Y92.743 E.03016
G1 X113.791 Y93.495 E.03308
G1 X114.446 Y94.043 E.02835
G1 X115.101 Y94.279 E.02309
G1 X115.757 Y94.307 E.02175
G1 X116.412 Y94.195 E.02204
G1 X117.067 Y93.952 E.02318
G1 X117.722 Y93.539 E.02568
G1 X118.377 Y92.909 E.03016
G1 X119.032 Y92.157 E.03308
G1 X119.688 Y91.609 E.02835
G1 X120.343 Y91.373 E.02309
G1 X120.998 Y91.345 E.02175
G1 X121.653 Y91.457 E.02204
G1 X122.308 Y91.7 E.02318
G1 X122.963 Y92.112 E.02568
G1 X123.619 Y92.743 E.03016
G1 X124.274 Y93.495 E.03308
G1 X124.929 Y94.043 E.02835
G1 X125.584 Y94.279 E.02309
G1 X126.239 Y94.307 E.02175
G1 X126.894 Y94.195 E.02204
G1 X127.55 Y93.952 E.02318
G1 X128.205 Y93.539 E.02568
G1 X128.86 Y92.909 E.03016
G1 X129.515 Y92.157 E.03308
G1 X130.17 Y91.609 E.02835
G1 X130.825 Y91.373 E.02309
G1 X131.481 Y91.345 E.02175
G1 X132.136 Y91.457 E.02204
G1 X132.791 Y91.7 E.02318
G1 X133.446 Y92.112 E.02568
G1 X134.101 Y92.743 E.03016
G1 X134.756 Y93.495 E.03308
G1 X135.412 Y94.043 E.02835
G1 X136.067 Y94.279 E.02309
G1 X136.722 Y94.307 E.02175
G1 X137.377 Y94.195 E.02204
G1 X138.032 Y93.952 E.02318
G1 X138.687 Y93.539 E.02568
G1 X139.343 Y92.909 E.03016
G1 X139.998 Y92.157 E.03308
G1 X140.653 Y91.609 E.02835
G1 X141.308 Y91.373 E.02309
G1 X141.963 Y91.345 E.02175
G1 X142.618 Y91.457 E.02204
G1 X143.273 Y91.7 E.02318
G1 X143.929 Y92.112 E.02568
G1 X143.981 Y92.163 E.00241
G1 X144.458 Y92.052 E.01623
G1 X145.651 Y91.858 E.0401
G1 X146.765 Y91.748 E.03712
G1 X147.961 Y91.706 E.03971
G1 X149.235 Y91.748 E.0423
G1 X150.349 Y91.858 E.03712
G1 X150.758 Y91.925 E.01375
G1 X151.135 Y91.609 E.01633
G1 X151.791 Y91.373 E.02309
G1 X152.446 Y91.345 E.02175
G1 X153.101 Y91.457 E.02204
G1 X153.756 Y91.7 E.02318
G1 X154.411 Y92.112 E.02568
G1 X155.066 Y92.743 E.03016
G1 X155.624 Y93.383 E.02816
G1 X156.126 Y93.61 E.01827
G1 X157.113 Y94.138 E.03712
G1 X157.363 Y94.293 E.00977
G1 X157.687 Y94.307 E.01075
G1 X158.342 Y94.195 E.02204
G1 X158.997 Y93.952 E.02318
G1 X159.653 Y93.539 E.02568
G1 X160.308 Y92.909 E.03016
G1 X160.963 Y92.157 E.03308
G1 X161.618 Y91.609 E.02835
G1 X162.273 Y91.373 E.02309
G1 X162.928 Y91.345 E.02175
G1 X163.584 Y91.457 E.02204
G1 X164.239 Y91.7 E.02318
G1 X164.894 Y92.112 E.02568
G1 X165.549 Y92.743 E.03016
G1 X166.204 Y93.495 E.03308
G1 X166.859 Y94.043 E.02835
G1 X167.515 Y94.279 E.02309
G1 X168.17 Y94.307 E.02175
G1 X168.706 Y94.216 E.01804
G1 X168.706 Y99.392 E.17173
G1 X168.17 Y99.193 E.01897
G1 X167.515 Y98.781 E.02568
G1 X166.859 Y98.15 E.03016
G1 X166.204 Y97.399 E.03308
G1 X165.549 Y96.85 E.02835
G1 X164.894 Y96.614 E.02309
G1 X164.239 Y96.587 E.02175
G1 X163.584 Y96.698 E.02204
G1 X162.928 Y96.941 E.02318
G1 X162.273 Y97.354 E.02568
G1 X161.713 Y97.893 E.02579
G1 X162.489 Y98.833 E.04044
G1 X163.232 Y99.869 E.0423
G1 X163.862 Y100.887 E.03971
G1 X164.39 Y101.874 E.03712
G1 X164.646 Y102.439 E.02056
G1 X164.894 Y102.595 E.00974
G1 X165.549 Y103.225 E.03016
G1 X166.204 Y103.977 E.03308
G1 X166.859 Y104.526 E.02835
G1 X167.515 Y104.761 E.02309
G1 X168.17 Y104.789 E.02175
G1 X168.706 Y104.698 E.01804
G1 X168.706 Y109.875 E.17173
G1 X168.17 Y109.676 E.01897
G1 X167.515 Y109.263 E.02568
G1 X166.859 Y108.633 E.03016
G1 X166.159 Y107.843 E.03501
G1 X166.252 Y108.765 E.03071
G1 X166.276 Y109.467 E.0233
M205 X8 Y8
G1 X168.706 Y113.552 F7200
M205 X10 Y10
G1 F3000
G1 X168.706 Y115.181 E.05401
G1 X168.17 Y115.272 E.01804
G1 X167.515 Y115.244 E.02175
G1 X166.859 Y115.009 E.02309
G1 X166.204 Y114.46 E.02835
G1 X165.833 Y114.034 E.01875
G1 X165.66 Y114.772 E.02517
G1 X165.335 Y115.843 E.03712
G1 X164.916 Y116.965 E.03971
G1 X164.642 Y117.569 E.02201
G1 X164.894 Y117.58 E.00836
G1 X165.549 Y117.815 E.02309
G1 X166.204 Y118.364 E.02835
G1 X166.859 Y119.116 E.03308
G1 X167.515 Y119.746 E.03016
G1 X168.17 Y120.159 E.02568
G1 X168.706 Y120.358 E.01897
G1 X168.706 Y125.663 E.176
G1 X168.17 Y125.754 E.01804
G1 X167.515 Y125.727 E.02175
G1 X166.859 Y125.491 E.02309
G1 X166.204 Y124.942 E.02835
G1 X165.549 Y124.191 E.03308
G1 X164.894 Y123.56 E.03016
G1 X164.239 Y123.148 E.02568
G1 X163.584 Y122.904 E.02318
G1 X162.928 Y122.793 E.02204
G1 X162.273 Y122.821 E.02175
G1 X161.618 Y123.056 E.02309
G1 X160.963 Y123.605 E.02835
G1 X160.308 Y124.357 E.03308
G1 X159.653 Y124.987 E.03016
G1 X158.997 Y125.4 E.02568
G1 X158.342 Y125.643 E.02318
G1 X157.687 Y125.754 E.02204
G1 X157.312 Y125.738 E.01246
G1 X157.113 Y125.862 E.00777
G1 X156.126 Y126.39 E.03712
G1 X155.876 Y126.504 E.00912
M205 X8 Y8
G1 X166.716 Y130.706 F7200
M205 X10 Y10
G1 F3000
G1 X168.344 Y130.706 E.05401
G1 X168.17 Y130.641 E.00616
G1 X167.515 Y130.229 E.02568
G1 X166.859 Y129.598 E.03016
G1 X166.204 Y128.846 E.03308
G1 X165.549 Y128.298 E.02835
G1 X164.894 Y128.062 E.02309
G1 X164.239 Y128.034 E.02175
G1 X163.584 Y128.146 E.02204
G1 X162.928 Y128.389 E.02318
G1 X162.273 Y128.802 E.02568
G1 X161.618 Y129.432 E.03016
G1 X160.963 Y130.184 E.03308
G1 X160.34 Y130.706 E.02697
G1 X157.861 Y130.706 E.08221
G1 X157.687 Y130.641 E.00616
G1 X157.032 Y130.229 E.02568
G1 X156.377 Y129.598 E.03016
G1 X155.722 Y128.846 E.03308
G1 X155.066 Y128.298 E.02835
G1 X154.411 Y128.062 E.02309
G1 X153.756 Y128.034 E.02175
G1 X153.101 Y128.146 E.02204
G1 X152.446 Y128.389 E.02318
G1 X151.791 Y128.802 E.02568
G1 X151.135 Y129.432 E.03016
G1 X150.48 Y130.184 E.03308
G1 X149.857 Y130.706 E.02697
G1 X147.379 Y130.706 E.08221
G1 X147.204 Y130.641 E.00616
G1 X146.549 Y130.229 E.02568
G1 X145.894 Y129.598 E.03016
G1 X145.239 Y128.846 E.03308
G1 X144.584 Y128.298 E.02835
G1 X143.929 Y128.062 E.02309
G1 X143.273 Y128.034 E.02175
G1 X142.618 Y128.146 E.02204
G1 X141.963 Y128.389 E.02318
G1 X141.308 Y128.802 E.02568
G1 X140.653 Y129.432 E.03016
G1 X139.998 Y130.184 E.03308
G1 X139.374 Y130.706 E.02697
G1 X136.896 Y130.706 E.08221
G1 X136.722 Y130.641 E.00616
G1 X136.067 Y130.229 E.02568
G1 X135.412 Y129.598 E.03016
G1 X134.756 Y128.846 E.03308
G1 X134.101 Y128.298 E.02835
G1 X133.446 Y128.062 E.02309
G1 X132.791 Y128.034 E.02175
G1 X132.136 Y128.146 E.02204
G1 X131.481 Y128.389 E.02318
G1 X130.825 Y128.802 E.02568
G1 X130.17 Y129.432 E.03016
G1 X129.515 Y130.184 E.03308
G1 X128.892 Y130.706 E.02697
G1 X126.413 Y130.706 E.08221
G1 X126.239 Y130.641 E.00616
G1 X125.584 Y130.229 E.02568
G1 X124.929 Y129.598 E.03016
G1 X124.274 Y128.846 E.03308
G1 X123.619 Y128.298 E.02835
G1 X122.963 Y128.062 E.02309
G1 X122.308 Y128.034 E.02175
G1 X121.653 Y128.146 E.02204
G1 X120.998 Y128.389 E.02318
G1 X120.343 Y128.802 E.02568
G1 X119.688 Y129.432 E.03016
G1 X119.032 Y130.184 E.03308
G1 X118.409 Y130.706 E.02697
G1 X115.931 Y130.706 E.08221
G1 X115.757 Y130.641 E.00616
G1 X115.101 Y130.229 E.02568
G1 X114.446 Y129.598 E.03016
G1 X113.791 Y128.846 E.03308
G1 X113.136 Y128.298 E.02835
G1 X112.481 Y128.062 E.02309
G1 X111.826 Y128.034 E.02175
G1 X111.171 Y128.146 E.02204
G1 X110.515 Y128.389 E.02318
G1 X109.86 Y128.802 E.02568
G1 X109.205 Y129.432 E.03016
G1 X108.55 Y130.184 E.03308
G1 X107.926 Y130.706 E.02697
G1 X105.448 Y130.706 E.08221
G1 X105.274 Y130.641 E.00616
G1 X104.619 Y130.229 E.02568
G1 X103.964 Y129.598 E.03016
G1 X103.309 Y128.846 E.03308
G1 X102.653 Y128.298 E.02835
G1 X101.998 Y128.062 E.02309
G1 X101.343 Y128.034 E.02175
G1 X100.688 Y128.146 E.02204
G1 X100.033 Y128.389 E.02318
G1 X99.378 Y128.802 E.02568
G1 X98.722 Y129.432 E.03016
G1 X98.067 Y130.184 E.03308
G1 X97.444 Y130.706 E.02697
G1 X94.966 Y130.706 E.08221
G1 X94.791 Y130.641 E.00616
G1 X94.136 Y130.229 E.02568
G1 X93.481 Y129.598 E.03016
G1 X92.826 Y128.846 E.03308
G1 X92.171 Y128.298 E.02835
G1 X91.516 Y128.062 E.02309
G1 X90.86 Y128.034 E.02175
G1 X90.205 Y128.146 E.02204
G1 X89.55 Y128.389 E.02318
G1 X88.895 Y128.802 E.02568
G1 X88.24 Y129.432 E.03016
G1 X87.585 Y130.184 E.03308
G1 X86.961 Y130.706 E.02697
G1 X84.483 Y130.706 E.08221
G1 X84.309 Y130.641 E.00616
G1 X83.654 Y130.229 E.02568
G1 X82.998 Y129.598 E.03016
G1 X82.343 Y128.846 E.03308
G1 X81.688 Y128.298 E.02835
G1 X81.033 Y128.062 E.02309
G1 X80.378 Y128.034 E.02175
G1 X79.723 Y128.146 E.02204
G1 X79.068 Y128.389 E.02318
G1 X78.412 Y128.802 E.02568
G1 X77.757 Y129.432 E.03016
G1 X77.102 Y130.184 E.03308
G1 X76.479 Y130.706 E.02697
G1 X74 Y130.706 E.08221
G1 X73.826 Y130.641 E.00616
G1 X73.171 Y130.229 E.02568
G1 X72.516 Y129.598 E.03016
G1 X71.861 Y128.846 E.03308
G1 X71.206 Y128.298 E.02835
G1 X70.55 Y128.062 E.02309
G1 X69.895 Y128.034 E.02175
G1 X69.24 Y128.146 E.02204
G1 X68.585 Y128.389 E.02318
G1 X67.93 Y128.802 E.02568
G1 X67.275 Y129.432 E.03016
G1 X66.619 Y130.184 E.03308
G1 X65.996 Y130.706 E.02697
G1 X63.518 Y130.706 E.08221
G1 X63.344 Y130.641 E.00616
G1 X62.688 Y130.229 E.02568
G1 X62.033 Y129.598 E.03016
G1 X61.378 Y128.846 E.03308
G1 X60.723 Y128.298 E.02835
G1 X60.068 Y128.062 E.02309
G1 X59.413 Y128.034 E.02175
G1 X58.757 Y128.146 E.02204
G1 X58.102 Y128.389 E.02318
G1 X57.447 Y128.802 E.02568
G1 X56.792 Y129.432 E.03016
G1 X56.137 Y130.184 E.03308
G1 X55.513 Y130.706 E.02697
G1 X53.035 Y130.706 E.08221
G1 X52.861 Y130.641 E.00616
G1 X52.206 Y130.229 E.02568
G1 X51.551 Y129.598 E.03016
G1 X51.294 Y129.304 E.01295
G1 X51.294 Y125.276 E.1336
G1 X51.551 Y125.491 E.0111
G1 X52.206 Y125.727 E.02309
G1 X52.861 Y125.754 E.02175
G1 X53.516 Y125.643 E.02204
G1 X54.171 Y125.4 E.02318
G1 X54.826 Y124.987 E.02568
G1 X55.482 Y124.357 E.03016
G1 X56.137 Y123.605 E.03308
G1 X56.792 Y123.056 E.02835
G1 X57.447 Y122.821 E.02309
G1 X58.102 Y122.793 E.02175
G1 X58.757 Y122.904 E.02204
G1 X59.413 Y123.148 E.02318
G1 X60.068 Y123.56 E.02568
G1 X60.723 Y124.191 E.03016
G1 X61.378 Y124.942 E.03308
G1 X62.033 Y125.491 E.02835
G1 X62.688 Y125.727 E.02309
G1 X63.344 Y125.754 E.02175
G1 X63.999 Y125.643 E.02204
G1 X64.654 Y125.4 E.02318
G1 X65.309 Y124.987 E.02568
G1 X65.964 Y124.357 E.03016
G1 X66.619 Y123.605 E.03308
G1 X66.921 Y123.353 E.01303
G1 X67.443 Y123.548 E.01848
G1 X68.263 Y123.796 E.02844
G1 X69.25 Y124.027 E.03361
G1 X70.173 Y124.176 E.03103
G1 X71.026 Y124.26 E.02844
G1 X71.274 Y124.269 E.00822
G1 X71.861 Y124.942 E.02964
G1 X72.516 Y125.491 E.02835
G1 X73.171 Y125.727 E.02309
G1 X73.826 Y125.754 E.02175
G1 X74.481 Y125.643 E.02204
G1 X75.137 Y125.4 E.02318
G1 X75.792 Y124.987 E.02568
G1 X76.447 Y124.357 E.03016
M73 P60 R17
G1 X77.102 Y123.605 E.03308
G1 X77.704 Y123.101 E.02605
G1 X77.975 Y122.978 E.00985
G1 X78.412 Y122.821 E.01543
G1 X79.068 Y122.793 E.02175
G1 X79.723 Y122.904 E.02204
G1 X80.378 Y123.148 E.02318
G1 X81.033 Y123.56 E.02568
G1 X81.688 Y124.191 E.03016
G1 X82.343 Y124.942 E.03308
G1 X82.998 Y125.491 E.02835
G1 X83.654 Y125.727 E.02309
G1 X84.309 Y125.754 E.02175
G1 X84.964 Y125.643 E.02204
G1 X85.619 Y125.4 E.02318
G1 X86.274 Y124.987 E.02568
G1 X86.929 Y124.357 E.03016
G1 X87.585 Y123.605 E.03308
G1 X88.24 Y123.056 E.02835
G1 X88.895 Y122.821 E.02309
G1 X89.55 Y122.793 E.02175
G1 X90.205 Y122.904 E.02204
G1 X90.86 Y123.148 E.02318
G1 X91.516 Y123.56 E.02568
G1 X92.171 Y124.191 E.03016
G1 X92.826 Y124.942 E.03308
G1 X93.481 Y125.491 E.02835
G1 X94.136 Y125.727 E.02309
G1 X94.791 Y125.754 E.02175
G1 X95.447 Y125.643 E.02204
G1 X96.102 Y125.4 E.02318
G1 X96.757 Y124.987 E.02568
G1 X97.412 Y124.357 E.03016
G1 X98.067 Y123.605 E.03308
G1 X98.722 Y123.056 E.02835
G1 X99.378 Y122.821 E.02309
G1 X99.922 Y122.798 E.01809
G1 X99.286 Y122.276 E.02729
G1 X98.506 Y121.549 E.03537
G1 X97.724 Y120.714 E.03796
G1 X97.359 Y120.269 E.01909
G1 X96.757 Y120.485 E.02123
G1 X96.102 Y120.513 E.02175
G1 X95.447 Y120.402 E.02204
G1 X94.791 Y120.159 E.02318
G1 X94.136 Y119.746 E.02568
G1 X93.481 Y119.116 E.03016
G1 X92.826 Y118.364 E.03308
G1 X92.171 Y117.815 E.02835
G1 X91.516 Y117.58 E.02309
G1 X90.86 Y117.552 E.02175
G1 X90.205 Y117.663 E.02204
G1 X89.55 Y117.906 E.02318
G1 X88.895 Y118.319 E.02568
G1 X88.24 Y118.949 E.03016
G1 X87.585 Y119.701 E.03308
G1 X86.929 Y120.25 E.02835
G1 X86.274 Y120.485 E.02309
G1 X85.619 Y120.513 E.02175
G1 X84.964 Y120.402 E.02204
G1 X84.309 Y120.159 E.02318
G1 X83.654 Y119.746 E.02568
G1 X82.999 Y119.116 E.03013
G1 X83.316 Y118.732 E.01651
G1 X83.881 Y117.948 E.03207
G1 X84.387 Y117.134 E.03178
G1 X84.802 Y116.357 E.02924
G1 X85.22 Y115.434 E.03362
G1 X85.38 Y115.006 E.01514
G1 X85.619 Y114.917 E.00846
G1 X86.274 Y114.505 E.02568
G1 X86.929 Y113.874 E.03016
G1 X87.585 Y113.122 E.03308
G1 X88.24 Y112.574 E.02835
G1 X88.895 Y112.338 E.02309
G1 X89.55 Y112.311 E.02175
G1 X90.205 Y112.422 E.02204
G1 X90.86 Y112.665 E.02318
G1 X91.516 Y113.078 E.02568
G1 X92.171 Y113.708 E.03016
G1 X92.826 Y114.46 E.03308
G1 X93.481 Y115.009 E.02835
G1 X94.136 Y115.244 E.02309
G1 X94.582 Y115.263 E.0148
G1 X94.272 Y114.255 E.03499
G1 X94.14 Y113.697 E.01902
M205 X8 Y8
G1 X86.196 Y108.372 F7200
M205 X10 Y10
G1 F3000
G1 X86.264 Y109.073 E.02337
G1 X86.292 Y109.996 E.03064
G1 X86.929 Y109.767 E.02246
G1 X87.585 Y109.219 E.02835
G1 X88.24 Y108.467 E.03308
G1 X88.895 Y107.836 E.03016
G1 X89.55 Y107.424 E.02568
G1 X90.205 Y107.18 E.02318
G1 X90.86 Y107.069 E.02204
G1 X91.516 Y107.097 E.02175
G1 X92.171 Y107.332 E.02309
G1 X92.826 Y107.881 E.02835
G1 X93.481 Y108.633 E.03308
G1 X93.745 Y108.887 E.01214
G1 X93.843 Y107.895 E.03305
G1 X94.012 Y106.86 E.03481
G1 X94.272 Y105.745 E.03795
G1 X94.566 Y104.78 E.03349
G1 X94.136 Y104.761 E.01427
G1 X93.481 Y104.526 E.02309
G1 X92.826 Y103.977 E.02835
G1 X92.171 Y103.225 E.03308
G1 X91.516 Y102.595 E.03016
G1 X90.86 Y102.182 E.02568
G1 X90.205 Y101.939 E.02318
G1 X89.55 Y101.828 E.02204
G1 X88.895 Y101.856 E.02175
G1 X88.24 Y102.091 E.02309
G1 X87.585 Y102.64 E.02835
G1 X86.929 Y103.392 E.03308
G1 X86.274 Y104.022 E.03016
G1 X85.619 Y104.435 E.02568
G1 X85.224 Y104.582 E.014
G1 X84.837 Y103.713 E.03153
G1 X84.398 Y102.887 E.03102
G1 X83.881 Y102.052 E.03257
G1 X83.364 Y101.33 E.02948
G1 X82.772 Y100.605 E.03103
G1 X82.079 Y99.865 E.03362
G1 X81.395 Y99.228 E.03103
G1 X80.732 Y98.684 E.02844
G1 X79.909 Y98.094 E.03362
G1 X79.113 Y97.602 E.03103
G1 X78.521 Y97.285 E.02227
G1 X79.068 Y96.941 E.02143
G1 X79.723 Y96.698 E.02318
G1 X80.378 Y96.587 E.02204
G1 X81.033 Y96.614 E.02175
G1 X81.688 Y96.85 E.02309
G1 X82.343 Y97.399 E.02835
G1 X82.998 Y98.15 E.03308
G1 X83.654 Y98.781 E.03016
G1 X84.309 Y99.193 E.02568
G1 X84.964 Y99.437 E.02318
G1 X85.619 Y99.548 E.02204
G1 X86.274 Y99.52 E.02175
G1 X86.929 Y99.285 E.02309
G1 X87.585 Y98.736 E.02835
G1 X88.24 Y97.984 E.03308
G1 X88.895 Y97.354 E.03016
G1 X89.55 Y96.941 E.02568
G1 X90.205 Y96.698 E.02318
G1 X90.86 Y96.587 E.02204
G1 X91.516 Y96.614 E.02175
G1 X92.171 Y96.85 E.02309
G1 X92.826 Y97.399 E.02835
G1 X93.481 Y98.15 E.03308
G1 X94.136 Y98.781 E.03016
G1 X94.791 Y99.193 E.02568
G1 X95.447 Y99.437 E.02318
G1 X96.102 Y99.548 E.02204
G1 X96.757 Y99.52 E.02175
G1 X97.412 Y99.285 E.02309
G1 X98.067 Y98.736 E.02835
G1 X98.722 Y97.984 E.03308
G1 X99.378 Y97.354 E.03016
G1 X100.033 Y96.941 E.02568
G1 X100.516 Y96.762 E.0171
G1 X100.915 Y96.474 E.01632
G1 X101.88 Y95.874 E.0377
G1 E-4.5 F2700
;WIPE_START
G1 F3000
G1 X100.915 Y96.474 E-.2699
G1 X100.516 Y96.762 E-.11683
G1 X100.168 Y96.891 E-.08827
;WIPE_END
G1 E-.025 F2700
M205 X8 Y8
G1 X107.779 Y97.456 Z2.4 F7200
G1 X121.517 Y98.476 Z2.4
G1 Z2
G1 E5 F2400
M205 X10 Y10
G1 F3000
G1 X120.714 Y97.724 E.03651
G1 X120.306 Y97.389 E.01751
G1 X120.998 Y96.941 E.02736
G1 X121.653 Y96.698 E.02318
G1 X122.308 Y96.587 E.02204
G1 X122.963 Y96.614 E.02175
G1 X123.619 Y96.85 E.02309
G1 X124.274 Y97.399 E.02835
G1 X124.929 Y98.15 E.03308
G1 X125.584 Y98.781 E.03016
G1 X126.239 Y99.193 E.02568
G1 X126.894 Y99.437 E.02318
G1 X127.55 Y99.548 E.02204
G1 X128.205 Y99.52 E.02175
G1 X128.86 Y99.285 E.02309
G1 X129.515 Y98.736 E.02835
G1 X130.17 Y97.984 E.03308
G1 X130.825 Y97.354 E.03016
G1 X131.481 Y96.941 E.02568
G1 X132.136 Y96.698 E.02318
G1 X132.791 Y96.587 E.02204
G1 X133.446 Y96.614 E.02175
G1 X134.101 Y96.85 E.02309
G1 X134.753 Y97.396 E.02819
G1 X134.272 Y97.909 E.02333
G1 X133.511 Y98.833 E.03971
G1 X132.794 Y99.829 E.04073
G1 X132.158 Y100.851 E.03991
G1 X131.622 Y101.852 E.03767
G1 X131.481 Y101.828 E.00476
G1 X130.825 Y101.856 E.02175
G1 X130.17 Y102.091 E.02309
G1 X129.515 Y102.64 E.02835
G1 X128.86 Y103.392 E.03308
G1 X128.205 Y104.022 E.03016
G1 X127.55 Y104.435 E.02568
G1 X126.894 Y104.678 E.02318
G1 X126.239 Y104.789 E.02204
G1 X125.584 Y104.761 E.02175
G1 X125.402 Y104.696 E.0064
G1 X125.728 Y105.745 E.03644
G1 X125.973 Y106.783 E.03537
G1 X126.159 Y107.912 E.03796
G1 X126.258 Y108.922 E.03365
G1 X126.284 Y109.693 E.0256
G1 X126.894 Y109.919 E.02158
G1 X127.55 Y110.03 E.02204
G1 X128.205 Y110.003 E.02175
G1 X128.86 Y109.767 E.02309
G1 X129.515 Y109.219 E.02835
G1 X129.742 Y108.958 E.01145
G1 X129.706 Y110.039 E.03587
G1 X129.746 Y111.208 E.03881
G1 X129.858 Y112.349 E.03802
G1 X129.928 Y112.776 E.01436
G1 X129.515 Y113.122 E.01788
G1 X128.86 Y113.874 E.03308
G1 X128.205 Y114.505 E.03016
G1 X127.55 Y114.917 E.02568
G1 X126.894 Y115.161 E.02318
G1 X126.239 Y115.272 E.02204
G1 X125.584 Y115.244 E.02175
G1 X125.443 Y115.193 E.00496
G1 X125.068 Y116.199 E.03561
G1 X124.596 Y117.241 E.03796
G1 X124.077 Y118.199 E.03613
G1 X124.274 Y118.364 E.00851
G1 X124.929 Y119.116 E.03308
G1 X125.584 Y119.746 E.03016
G1 X126.239 Y120.159 E.02568
G1 X126.894 Y120.402 E.02318
G1 X127.55 Y120.513 E.02204
G1 X128.205 Y120.485 E.02175
G1 X128.86 Y120.25 E.02309
G1 X129.515 Y119.701 E.02835
G1 X130.17 Y118.949 E.03308
G1 X130.825 Y118.319 E.03016
G1 X131.506 Y117.897 E.02656
G1 X131.608 Y118.122 E.00821
G1 X132.138 Y119.113 E.03726
G1 X132.794 Y120.171 E.04128
G1 X133.463 Y121.105 E.03814
G1 X134.22 Y122.032 E.03971
G1 X135.092 Y122.963 E.0423
G1 X135.968 Y123.78 E.03971
G1 X136.833 Y124.49 E.03712
G1 X137.869 Y125.232 E.0423
G1 X138.086 Y125.366 E.00845
G1 X137.377 Y125.643 E.02524
G1 X136.722 Y125.754 E.02204
G1 X136.067 Y125.727 E.02175
G1 X135.412 Y125.491 E.02309
G1 X134.756 Y124.942 E.02835
G1 X134.101 Y124.191 E.03308
G1 X133.446 Y123.56 E.03016
G1 X132.791 Y123.148 E.02568
G1 X132.136 Y122.904 E.02318
G1 X131.481 Y122.793 E.02204
G1 X130.825 Y122.821 E.02175
G1 X130.17 Y123.056 E.02309
G1 X129.515 Y123.605 E.02835
G1 X128.86 Y124.357 E.03308
G1 X128.205 Y124.987 E.03016
G1 X127.55 Y125.4 E.02568
G1 X126.894 Y125.643 E.02318
G1 X126.239 Y125.754 E.02204
G1 X125.584 Y125.727 E.02175
G1 X124.929 Y125.491 E.02309
G1 X124.274 Y124.942 E.02835
G1 X123.619 Y124.191 E.03308
G1 X122.963 Y123.56 E.03016
G1 X122.308 Y123.148 E.02568
G1 X121.653 Y122.904 E.02318
G1 X120.998 Y122.793 E.02204
G1 X120.343 Y122.821 E.02175
G1 X119.793 Y123.019 E.0194
G1 X119.378 Y123.316 E.01693
G1 X119.032 Y123.605 E.01494
G1 X118.377 Y124.357 E.03308
G1 X117.722 Y124.987 E.03016
G1 X117.067 Y125.4 E.02568
G1 X116.412 Y125.643 E.02318
G1 X115.757 Y125.754 E.02204
G1 X115.101 Y125.727 E.02175
G1 X114.714 Y125.588 E.01364
G1 X114.179 Y125.748 E.01854
G1 X113.152 Y125.986 E.03497
G1 X112.165 Y126.149 E.03318
G1 X111.105 Y126.256 E.03537
G1 X110 Y126.294 E.03667
G1 X108.895 Y126.256 E.03666
G1 X107.912 Y126.159 E.03278
G1 X106.86 Y125.988 E.03537
G1 X105.631 Y125.694 E.0419
G1 X105.274 Y125.754 E.01202
G1 X104.619 Y125.727 E.02175
G1 X103.964 Y125.491 E.02309
G1 X103.309 Y124.942 E.02835
G1 X103.168 Y124.782 E.00708
G1 X102.759 Y124.596 E.01492
G1 X101.725 Y124.03 E.03908
; stop printing object V7_00_pH_fit_gauge_26_30_34.stl id:0 copy 0
;TIME_ELAPSED:1580.958374

;LAYER_CHANGE
;:2.2
;HEIGHT:0.2
;BEFORE_LAYER_CHANGE
;2.2
G92 E0
;TIME_ELAPSED:1623.538452
G1 E-4.5 F2700
;WIPE_START
G1 F3000
G1 X102.759 Y124.596 E-.2798
G1 X103.168 Y124.782 E-.10685
G1 X103.309 Y124.942 E-.05067
G1 X103.43 Y125.044 E-.03768
;WIPE_END
G1 E-.025 F2700
;_SET_FAN_SPEED_CHANGING_LAYER
; OBJECT_ID: 15
; printing object V7_00_pH_fit_gauge_26_30_34.stl id:0 copy 0
M205 X8 Y8
G17
G3 Z2.4 I-.11 J1.212 P1  F7200
G1 X168.991 Y130.991 Z2.4
G1 Z2.2
G1 E5 F2400
M205 X10 Y10
;TYPE:Inner wall
;WIDTH:0.449999
G1 F2700
G1 X51.009 Y130.991 E3.91366
G1 X51.009 Y89.009 E1.39261
G1 X168.991 Y89.009 E3.91366
G1 X168.991 Y130.951 E1.39128
M205 X8 Y8
G1 X169.398 Y131.398 F7200
M205 X10 Y10
G1 F2700
G1 X50.602 Y131.398 E3.94067
G1 X50.602 Y88.602 E1.41961
G1 X169.398 Y88.602 E3.94067
G1 X169.398 Y131.358 E1.41829
M205 X8 Y8
G1 X169.79 Y131.79 F7200
M205 X10 Y10
;TYPE:Outer wall
;WIDTH:0.419999
G1 F2400
G1 X50.21 Y131.79 E3.67435
G1 X50.21 Y88.21 E1.33909
M73 P61 R17
G1 X169.79 Y88.21 E3.67435
M73 P61 R16
G1 X169.79 Y131.75 E1.33786
G1 E-4.5 F2700
;WIPE_START
G1 F2400
G1 X167.79 Y131.751 E-.475
;WIPE_END
G1 E-.025 F2700
M205 X8 Y8
G1 X161.541 Y127.369 Z2.6 F7200
G1 X130.536 Y105.63 Z2.6
G1 Z2.2
G1 E5 F2400
M205 X10 Y10
;TYPE:Inner wall
;WIDTH:0.449999
G1 F2700
G1 X130.597 Y105.37 E.00885
G1 X130.937 Y104.242 E.03909
G1 X131.35 Y103.138 E.03909
G1 X131.567 Y102.654 E.0176
G1 X131.834 Y102.064 E.02149
G1 X132.388 Y101.024 E.03909
G1 X133.008 Y100.022 E.03909
G1 X133.711 Y99.037 E.04014
G1 X134.46 Y98.125 E.03912
G1 X135.265 Y97.265 E.03909
G1 X136.125 Y96.46 E.03909
G1 X137.036 Y95.712 E.0391
G1 X137.994 Y95.025 E.03909
G1 X138.995 Y94.403 E.03909
G1 X140.034 Y93.848 E.03909
G1 X141.108 Y93.361 E.03909
G1 X142.211 Y92.946 E.03909
G1 X143.339 Y92.604 E.03909
G1 X144.486 Y92.336 E.03909
G1 X145.649 Y92.144 E.03909
G1 X146.822 Y92.029 E.03909
G1 X148 Y91.99 E.03909
G1 X149.178 Y92.029 E.03909
G1 X150.351 Y92.144 E.03909
G1 X151.514 Y92.336 E.03909
G1 X152.661 Y92.604 E.03909
G1 X153.789 Y92.946 E.03909
G1 X154.892 Y93.361 E.03909
G1 X155.965 Y93.848 E.03909
G1 X157.005 Y94.403 E.03909
G1 X158.006 Y95.025 E.03909
G1 X158.964 Y95.712 E.03909
G1 X159.875 Y96.46 E.03909
G1 X160.735 Y97.265 E.03909
G1 X161.54 Y98.125 E.03909
G1 X162.288 Y99.036 E.03909
G1 X162.975 Y99.994 E.03909
G1 X163.597 Y100.995 E.03909
G1 X164.152 Y102.034 E.03909
G1 X164.639 Y103.108 E.03909
G1 X165.054 Y104.211 E.03909
G1 X165.396 Y105.339 E.03909
G1 X165.664 Y106.486 E.03909
G1 X165.856 Y107.649 E.03909
G1 X165.971 Y108.822 E.03909
G1 X166.01 Y110 E.03909
G1 X165.971 Y111.178 E.03909
G1 X165.856 Y112.351 E.03909
G1 X165.664 Y113.514 E.03909
G1 X165.396 Y114.661 E.03909
G1 X165.054 Y115.789 E.03909
G1 X164.639 Y116.892 E.03909
G1 X164.152 Y117.965 E.03909
G1 X163.597 Y119.005 E.03909
G1 X162.975 Y120.006 E.03909
G1 X162.288 Y120.964 E.03909
G1 X161.54 Y121.875 E.03909
G1 X160.735 Y122.735 E.03909
G1 X159.875 Y123.54 E.03909
G1 X158.964 Y124.288 E.03909
G1 X158.006 Y124.975 E.03909
G1 X157.005 Y125.597 E.03909
G1 X155.965 Y126.152 E.03909
G1 X154.892 Y126.639 E.03909
G1 X153.789 Y127.054 E.03909
G1 X152.661 Y127.396 E.03909
G1 X151.514 Y127.664 E.03909
G1 X150.351 Y127.856 E.03909
G1 X149.178 Y127.971 E.03909
G1 X148 Y128.01 E.03909
G1 X146.822 Y127.971 E.03909
G1 X145.649 Y127.856 E.03909
G1 X144.486 Y127.664 E.03909
G1 X143.339 Y127.396 E.03909
G1 X142.211 Y127.054 E.03909
G1 X141.108 Y126.639 E.03909
G1 X140.034 Y126.152 E.03909
G1 X138.995 Y125.597 E.03909
G1 X137.994 Y124.975 E.03909
G1 X137.036 Y124.288 E.03909
G1 X136.125 Y123.54 E.03909
G1 X135.265 Y122.735 E.03909
G1 X134.46 Y121.875 E.03909
G1 X133.732 Y120.989 E.03802
G1 X133.24 Y120.305 E.02796
G1 X132.539 Y119.224 E.04273
G1 X132.026 Y118.3 E.03504
G1 X131.35 Y116.862 E.05273
G1 X130.957 Y115.819 E.03695
G1 X130.597 Y114.63 E.04123
G1 X130.344 Y113.545 E.03695
G1 X130.15 Y112.383 E.03909
G1 X130.032 Y111.21 E.03909
G1 X129.991 Y110.032 E.03909
G1 X130.024 Y108.985 E.03475
G1 X130.115 Y107.942 E.03472
G1 X130.267 Y106.909 E.03466
G1 X130.476 Y105.888 E.03456
G1 X130.527 Y105.669 E.00746
M205 X8 Y8
G1 X130.933 Y105.722 F7200
M205 X10 Y10
G1 F2700
G1 X130.993 Y105.463 E.00885
G1 X131.206 Y104.756 E.02448
G1 X131.443 Y104.047 E.0248
G1 X131.731 Y103.282 E.02713
G1 X132.205 Y102.232 E.03821
G1 X132.747 Y101.216 E.03821
G1 X133.354 Y100.237 E.03821
G1 X134.035 Y99.285 E.03883
G1 X134.766 Y98.394 E.03822
G1 X135.553 Y97.553 E.03821
G1 X136.394 Y96.766 E.03821
G1 X137.284 Y96.035 E.03821
G1 X138.221 Y95.364 E.03821
G1 X139.199 Y94.756 E.03821
G1 X140.215 Y94.213 E.03821
G1 X141.264 Y93.738 E.03821
G1 X142.342 Y93.332 E.03821
G1 X143.444 Y92.997 E.03821
G1 X144.566 Y92.736 E.03821
G1 X145.702 Y92.548 E.03821
G1 X146.849 Y92.435 E.03821
G1 X148 Y92.398 E.03821
G1 X149.151 Y92.435 E.03821
G1 X150.298 Y92.548 E.03821
G1 X151.434 Y92.736 E.03821
G1 X152.556 Y92.997 E.03821
G1 X153.658 Y93.332 E.03821
G1 X154.736 Y93.737 E.03821
G1 X155.785 Y94.213 E.03821
G1 X156.801 Y94.756 E.03821
G1 X157.779 Y95.364 E.03821
G1 X158.716 Y96.035 E.03821
G1 X159.606 Y96.766 E.03821
G1 X160.447 Y97.553 E.03821
G1 X161.234 Y98.394 E.03821
G1 X161.965 Y99.284 E.03821
G1 X162.636 Y100.221 E.03821
G1 X163.244 Y101.199 E.03821
G1 X163.787 Y102.215 E.03821
G1 X164.263 Y103.264 E.03821
G1 X164.668 Y104.342 E.03821
G1 X165.003 Y105.444 E.03821
G1 X165.264 Y106.566 E.03821
G1 X165.452 Y107.702 E.03821
G1 X165.565 Y108.849 E.03821
G1 X165.602 Y110 E.03821
G1 X165.565 Y111.151 E.03821
G1 X165.452 Y112.298 E.03821
G1 X165.264 Y113.434 E.03821
G1 X165.003 Y114.556 E.03821
G1 X164.668 Y115.658 E.03821
G1 X164.263 Y116.736 E.03821
G1 X163.787 Y117.785 E.03821
G1 X163.244 Y118.801 E.03821
G1 X162.636 Y119.779 E.03821
G1 X161.965 Y120.716 E.03821
G1 X161.234 Y121.606 E.03821
G1 X160.447 Y122.447 E.03821
G1 X159.606 Y123.234 E.03821
G1 X158.716 Y123.965 E.03821
G1 X157.779 Y124.636 E.03821
G1 X156.801 Y125.244 E.03821
G1 X155.785 Y125.787 E.03821
G1 X154.736 Y126.262 E.03821
G1 X153.658 Y126.668 E.03821
G1 X152.556 Y127.003 E.03821
G1 X151.434 Y127.264 E.03821
G1 X150.298 Y127.452 E.03821
G1 X149.151 Y127.565 E.03821
G1 X148 Y127.602 E.03821
G1 X146.849 Y127.565 E.03821
G1 X145.702 Y127.452 E.03821
G1 X144.566 Y127.264 E.03821
G1 X143.444 Y127.003 E.03821
G1 X142.342 Y126.668 E.03821
G1 X141.264 Y126.263 E.03821
G1 X140.215 Y125.787 E.03821
G1 X139.199 Y125.244 E.03821
G1 X138.221 Y124.636 E.03821
G1 X137.284 Y123.965 E.03821
G1 X136.394 Y123.234 E.03821
G1 X135.553 Y122.447 E.03821
G1 X134.766 Y121.606 E.03821
G1 X134.047 Y120.73 E.03758
G1 X133.571 Y120.068 E.02708
G1 X132.885 Y119.009 E.04185
G1 X132.385 Y118.108 E.03415
G1 X131.731 Y116.718 E.05096
G1 X131.338 Y115.676 E.03695
G1 X130.926 Y114.248 E.0493
G1 X130.74 Y113.453 E.0271
G1 X130.551 Y112.316 E.03821
G1 X130.437 Y111.17 E.03821
G1 X130.398 Y110.019 E.03821
G1 X130.43 Y108.999 E.03387
G1 X130.521 Y107.982 E.03384
G1 X130.668 Y106.975 E.03378
G1 X130.872 Y105.98 E.03368
G1 X130.923 Y105.761 E.00746
M205 X8 Y8
G1 X131.314 Y105.811 F7200
M205 X10 Y10
;TYPE:Outer wall
;WIDTH:0.419999
G1 F2400
G1 X131.375 Y105.552 E.00819
G1 X131.581 Y104.87 E.02189
G1 X131.81 Y104.185 E.02218
G1 X132.098 Y103.42 E.02513
G1 X132.562 Y102.394 E.0346
G1 X133.093 Y101.4 E.0346
G1 X133.687 Y100.444 E.0346
G1 X134.346 Y99.523 E.03479
G1 X135.061 Y98.653 E.03461
G1 X135.831 Y97.831 E.0346
G1 X136.653 Y97.061 E.0346
G1 X137.523 Y96.346 E.03461
G1 X138.439 Y95.69 E.0346
G1 X139.395 Y95.096 E.03461
G1 X140.388 Y94.565 E.0346
G1 X141.414 Y94.1 E.0346
G1 X142.468 Y93.703 E.0346
G1 X143.546 Y93.376 E.03461
G1 X144.642 Y93.121 E.0346
G1 X145.754 Y92.937 E.03461
G1 X146.874 Y92.827 E.0346
G1 X148 Y92.79 E.03461
G1 X149.126 Y92.827 E.0346
G1 X150.246 Y92.937 E.0346
G1 X151.358 Y93.121 E.03461
G1 X152.454 Y93.376 E.0346
G1 X153.532 Y93.703 E.0346
G1 X154.586 Y94.1 E.0346
G1 X155.612 Y94.565 E.03461
G1 X156.605 Y95.096 E.0346
G1 X157.561 Y95.69 E.03461
G1 X158.477 Y96.346 E.0346
G1 X159.347 Y97.061 E.03461
G1 X160.169 Y97.831 E.0346
G1 X160.939 Y98.653 E.0346
G1 X161.654 Y99.523 E.0346
G1 X162.31 Y100.439 E.0346
G1 X162.904 Y101.395 E.03461
G1 X163.435 Y102.388 E.0346
G1 X163.9 Y103.414 E.03461
G1 X164.297 Y104.468 E.0346
G1 X164.624 Y105.546 E.0346
G1 X164.879 Y106.642 E.03461
G1 X165.063 Y107.754 E.03461
G1 X165.173 Y108.874 E.0346
G1 X165.21 Y110 E.0346
G1 X165.173 Y111.126 E.03461
G1 X165.063 Y112.246 E.0346
G1 X164.879 Y113.358 E.03461
G1 X164.624 Y114.454 E.0346
G1 X164.297 Y115.532 E.0346
G1 X163.9 Y116.586 E.03461
G1 X163.435 Y117.612 E.0346
G1 X162.904 Y118.605 E.0346
G1 X162.31 Y119.561 E.03461
G1 X161.654 Y120.477 E.0346
G1 X160.939 Y121.347 E.03461
G1 X160.169 Y122.169 E.0346
G1 X159.347 Y122.939 E.0346
G1 X158.477 Y123.654 E.03461
G1 X157.561 Y124.31 E.0346
G1 X156.605 Y124.904 E.03461
G1 X155.612 Y125.435 E.0346
G1 X154.586 Y125.9 E.0346
G1 X153.532 Y126.297 E.03461
G1 X152.454 Y126.624 E.0346
G1 X151.358 Y126.879 E.0346
G1 X150.246 Y127.063 E.03461
G1 X149.126 Y127.173 E.0346
G1 X148 Y127.21 E.03461
G1 X146.874 Y127.173 E.0346
G1 X145.754 Y127.063 E.0346
G1 X144.642 Y126.879 E.03461
G1 X143.546 Y126.624 E.0346
G1 X142.468 Y126.297 E.03461
G1 X141.414 Y125.9 E.0346
G1 X140.388 Y125.435 E.03461
G1 X139.395 Y124.904 E.0346
G1 X138.439 Y124.31 E.03461
G1 X137.523 Y123.654 E.0346
G1 X136.653 Y122.939 E.03461
G1 X135.831 Y122.169 E.0346
G1 X135.061 Y121.347 E.0346
G1 X134.35 Y120.482 E.03442
G1 X133.889 Y119.839 E.0243
G1 X133.218 Y118.801 E.03798
G1 X132.731 Y117.923 E.03085
G1 X132.295 Y117.016 E.03093
G1 X131.911 Y116.084 E.03099
G1 X131.705 Y115.538 E.01792
G1 X131.308 Y114.159 E.04409
G1 X131.122 Y113.364 E.0251
G1 X130.938 Y112.252 E.0346
G1 X130.827 Y111.132 E.0346
G1 X130.79 Y110.006 E.0346
G1 X130.822 Y109.011 E.03058
G1 X130.911 Y108.021 E.03056
G1 X131.055 Y107.039 E.0305
G1 X131.254 Y106.069 E.03041
G1 X131.305 Y105.85 E.00691
G1 E-4.5 F2700
;WIPE_START
G1 F2400
G1 X131.375 Y105.552 E-.07283
G1 X131.581 Y104.87 E-.16916
G1 X131.81 Y104.185 E-.17147
G1 X131.901 Y103.943 E-.06154
;WIPE_END
G1 E-.025 F2700
M205 X8 Y8
G1 X127.83 Y110.399 Z2.6 F7200
G1 X125.456 Y114.162 Z2.6
G1 Z2.2
G1 E5 F2400
M205 X10 Y10
;TYPE:Inner wall
;WIDTH:0.449999
G1 F2700
G1 X125.149 Y115.176 E.03516
G1 X124.802 Y116.096 E.03261
G1 X124.343 Y117.109 E.03689
G1 X123.878 Y117.979 E.03273
G1 X123.443 Y118.684 E.02746
G1 X122.775 Y119.643 E.03878
G1 X122.057 Y120.531 E.03787
G1 X121.343 Y121.297 E.03475
G1 X120.58 Y122.015 E.03475
G1 X119.771 Y122.681 E.03475
G1 X118.921 Y123.293 E.03475
G1 X118.032 Y123.848 E.03475
G1 X117.109 Y124.343 E.03475
G1 X116.156 Y124.778 E.03475
G1 X115.176 Y125.149 E.03475
G1 X114.175 Y125.455 E.03475
G1 X113.155 Y125.695 E.03475
G1 X112.122 Y125.867 E.03475
G1 X111.079 Y125.972 E.03475
G1 X110.032 Y126.009 E.03475
G1 X108.985 Y125.976 E.03475
G1 X107.942 Y125.876 E.03475
G1 X106.909 Y125.707 E.03475
G1 X105.888 Y125.472 E.03475
G1 X104.885 Y125.169 E.03475
G1 X103.904 Y124.802 E.03475
G1 X102.949 Y124.372 E.03475
G1 X102.024 Y123.88 E.03475
G1 X101.133 Y123.329 E.03475
G1 X100.28 Y122.72 E.03475
G1 X99.469 Y122.057 E.03475
G1 X98.703 Y121.343 E.03475
G1 X97.985 Y120.58 E.03475
G1 X97.319 Y119.771 E.03475
G1 X96.707 Y118.921 E.03475
G1 X96.271 Y118.224 E.02728
G1 X95.82 Y117.415 E.0307
G1 X95.415 Y116.581 E.03079
G1 X95.198 Y116.096 E.0176
G1 X94.851 Y115.176 E.03261
G1 X94.491 Y113.951 E.04239
G1 X94.305 Y113.155 E.0271
G1 X94.133 Y112.122 E.03475
G1 X94.028 Y111.079 E.03475
G1 X93.991 Y110.032 E.03475
G1 X94.019 Y109.116 E.03041
G1 X94.098 Y108.204 E.03038
G1 X94.228 Y107.299 E.03032
G1 X94.528 Y105.888 E.04785
G1 X94.91 Y104.669 E.04236
G1 X95.198 Y103.904 E.02713
G1 X95.628 Y102.949 E.03475
G1 X96.12 Y102.024 E.03475
G1 X96.594 Y101.257 E.02992
G1 X97.28 Y100.28 E.03957
G1 X97.943 Y99.469 E.03475
G1 X98.657 Y98.703 E.03475
G1 X99.42 Y97.985 E.03475
G1 X100.229 Y97.319 E.03475
G1 X101.079 Y96.707 E.03475
G1 X101.968 Y96.152 E.03475
G1 X102.891 Y95.657 E.03475
G1 X103.844 Y95.222 E.03475
G1 X104.824 Y94.851 E.03475
G1 X105.825 Y94.545 E.03475
G1 X106.845 Y94.305 E.03475
G1 X107.878 Y94.133 E.03475
G1 X108.921 Y94.028 E.03475
G1 X109.968 Y93.991 E.03475
G1 X111.015 Y94.024 E.03475
G1 X112.058 Y94.124 E.03475
G1 X113.091 Y94.293 E.03475
G1 X114.112 Y94.528 E.03475
G1 X115.115 Y94.831 E.03475
G1 X116.096 Y95.198 E.03475
G1 X117.051 Y95.628 E.03475
G1 X117.976 Y96.12 E.03475
G1 X118.867 Y96.671 E.03475
G1 X119.72 Y97.28 E.03475
G1 X120.531 Y97.943 E.03475
G1 X121.297 Y98.657 E.03475
G1 X122.015 Y99.42 E.03475
G1 X122.531 Y100.046 E.0269
G1 X123.293 Y101.079 E.04259
G1 X123.848 Y101.968 E.03475
G1 X124.343 Y102.891 E.03475
G1 X124.778 Y103.844 E.03475
G1 X125.003 Y104.436 E.02102
G1 X125.455 Y105.825 E.04846
G1 X125.604 Y106.455 E.02146
G1 X125.824 Y107.617 E.03925
G1 X125.959 Y108.79 E.03915
G1 X126.009 Y109.968 E.0391
G1 X125.976 Y111.015 E.03475
G1 X125.876 Y112.058 E.03475
G1 X125.707 Y113.091 E.03475
G1 X125.472 Y114.112 E.03475
G1 X125.468 Y114.124 E.00041
M205 X8 Y8
G1 X125.065 Y114.051 F7200
M205 X10 Y10
G1 F2700
G1 X124.622 Y115.42 E.04775
G1 X124.421 Y115.953 E.01887
G1 X124.188 Y116.471 E.01886
G1 X123.679 Y117.489 E.03774
G1 X123.097 Y118.469 E.0378
G1 X122.444 Y119.406 E.0379
G1 X121.743 Y120.273 E.03699
G1 X121.046 Y121.019 E.03387
G1 X120.301 Y121.717 E.03387
G1 X119.513 Y122.366 E.03387
G1 X118.684 Y122.962 E.03387
G1 X117.817 Y123.502 E.03387
G1 X116.918 Y123.984 E.03387
G1 X115.988 Y124.407 E.03387
G1 X115.033 Y124.768 E.03387
G1 X114.056 Y125.065 E.03387
G1 X113.062 Y125.298 E.03387
G1 X112.055 Y125.466 E.03387
G1 X111.039 Y125.567 E.03387
G1 X110.019 Y125.602 E.03387
G1 X108.999 Y125.57 E.03387
G1 X107.982 Y125.471 E.03387
G1 X106.975 Y125.306 E.03387
G1 X105.98 Y125.075 E.03387
G1 X105.003 Y124.78 E.03387
G1 X104.047 Y124.421 E.03387
G1 X103.117 Y124.001 E.03387
G1 X102.216 Y123.521 E.03387
G1 X101.348 Y122.983 E.03387
G1 X100.517 Y122.389 E.03387
G1 X99.727 Y121.743 E.03387
G1 X98.981 Y121.046 E.03387
G1 X98.283 Y120.301 E.03387
G1 X97.634 Y119.513 E.03387
G1 X97.038 Y118.684 E.03387
G1 X96.617 Y118.009 E.0264
G1 X96.179 Y117.224 E.02981
G1 X95.785 Y116.413 E.02991
G1 X95.579 Y115.953 E.01672
G1 X95.232 Y115.033 E.03261
G1 X94.887 Y113.858 E.04062
G1 X94.702 Y113.062 E.0271
G1 X94.534 Y112.055 E.03387
G1 X94.433 Y111.039 E.03387
G1 X94.398 Y110.019 E.03387
G1 X94.426 Y109.129 E.02953
G1 X94.504 Y108.243 E.0295
G1 X94.63 Y107.365 E.02944
G1 X94.925 Y105.98 E.04696
G1 X95.138 Y105.274 E.02448
G1 X95.438 Y104.421 E.02998
G1 X95.999 Y103.117 E.04711
G1 X96.479 Y102.216 E.03387
G1 X96.94 Y101.472 E.02904
G1 X97.611 Y100.517 E.03869
G1 X98.257 Y99.727 E.03387
G1 X98.954 Y98.981 E.03387
G1 X99.699 Y98.283 E.03387
G1 X100.487 Y97.634 E.03387
G1 X101.316 Y97.038 E.03387
G1 X102.183 Y96.498 E.03387
G1 X103.082 Y96.016 E.03387
G1 X104.012 Y95.593 E.03387
G1 X104.967 Y95.232 E.03387
G1 X105.944 Y94.935 E.03387
G1 X106.938 Y94.702 E.03387
G1 X107.945 Y94.534 E.03387
G1 X108.961 Y94.433 E.03387
G1 X109.981 Y94.398 E.03387
G1 X111.001 Y94.43 E.03387
G1 X112.018 Y94.529 E.03387
G1 X113.025 Y94.694 E.03387
G1 X114.02 Y94.925 E.03387
G1 X114.997 Y95.22 E.03387
G1 X115.953 Y95.579 E.03387
G1 X116.883 Y95.999 E.03387
G1 X117.784 Y96.479 E.03387
G1 X118.652 Y97.017 E.03387
G1 X119.483 Y97.611 E.03387
G1 X120.273 Y98.257 E.03387
G1 X121.019 Y98.954 E.03387
G1 X121.717 Y99.699 E.03387
G1 X122.216 Y100.304 E.02602
G1 X122.962 Y101.316 E.04171
G1 X123.502 Y102.183 E.03387
G1 X123.984 Y103.082 E.03387
G1 X124.407 Y104.012 E.03387
G1 X124.622 Y104.58 E.02013
G1 X125.065 Y105.944 E.04758
G1 X125.207 Y106.547 E.02058
G1 X125.423 Y107.684 E.03836
G1 X125.554 Y108.83 E.03827
G1 X125.602 Y109.981 E.03822
G1 X125.57 Y111.001 E.03387
G1 X125.471 Y112.018 E.03387
G1 X125.306 Y113.025 E.03387
G1 X125.077 Y114.013 E.03363
M205 X8 Y8
G1 X124.693 Y113.931 F7200
M205 X10 Y10
;TYPE:Outer wall
;WIDTH:0.419999
G1 F2400
G1 X124.255 Y115.282 E.04366
G1 X124.054 Y115.815 E.01748
G1 X123.831 Y116.31 E.01668
G1 X123.333 Y117.304 E.03417
G1 X122.764 Y118.261 E.03422
G1 X122.126 Y119.178 E.03432
G1 X121.439 Y120.024 E.03347
G1 X120.759 Y120.751 E.03058
G1 X120.033 Y121.431 E.03058
G1 X119.264 Y122.063 E.03058
G1 X118.455 Y122.643 E.03058
G1 X117.61 Y123.169 E.03058
G1 X116.733 Y123.639 E.03058
G1 X115.826 Y124.05 E.03058
G1 X114.895 Y124.401 E.03058
G1 X113.943 Y124.69 E.03058
G1 X112.973 Y124.916 E.03058
G1 X111.991 Y125.079 E.03058
G1 X111.001 Y125.177 E.03058
G1 X110.006 Y125.21 E.03058
G1 X109.011 Y125.178 E.03058
G1 X108.021 Y125.081 E.03058
G1 X107.039 Y124.919 E.03058
G1 X106.069 Y124.693 E.03058
G1 X105.117 Y124.405 E.03058
G1 X104.185 Y124.054 E.03058
G1 X103.278 Y123.644 E.03058
G1 X102.4 Y123.175 E.03058
G1 X101.555 Y122.65 E.03058
G1 X100.746 Y122.071 E.03058
G1 X99.976 Y121.439 E.03058
G1 X99.249 Y120.759 E.03058
G1 X98.569 Y120.033 E.03058
G1 X97.937 Y119.264 E.03058
G1 X97.357 Y118.455 E.03058
G1 X96.95 Y117.801 E.02366
G1 X96.525 Y117.039 E.02683
G1 X96.143 Y116.251 E.02691
G1 X95.805 Y115.441 E.02697
G1 X95.599 Y114.895 E.01792
G1 X95.4 Y114.24 E.02102
G1 X95.186 Y113.413 E.02626
G1 X95.073 Y112.914 E.01571
G1 X94.921 Y111.991 E.02874
G1 X94.823 Y111.001 E.03058
G1 X94.79 Y110.006 E.03058
G1 X94.818 Y109.142 E.02656
G1 X94.894 Y108.282 E.02654
G1 X95.017 Y107.429 E.02648
G1 X95.307 Y106.069 E.04272
G1 X95.513 Y105.388 E.02188
G1 X95.805 Y104.559 E.02699
G1 X96.356 Y103.278 E.04285
G1 X96.825 Y102.4 E.03058
G1 X97.273 Y101.679 E.02611
G1 X97.929 Y100.746 E.03505
G1 X98.561 Y99.976 E.03058
G1 X99.241 Y99.249 E.03058
G1 X99.967 Y98.569 E.03058
G1 X100.736 Y97.937 E.03058
G1 X101.545 Y97.357 E.03058
G1 X102.39 Y96.831 E.03058
G1 X103.267 Y96.361 E.03058
G1 X104.174 Y95.95 E.03058
G1 X105.105 Y95.599 E.03058
G1 X106.057 Y95.31 E.03058
G1 X107.027 Y95.084 E.03058
G1 X108.009 Y94.921 E.03058
G1 X108.999 Y94.823 E.03058
G1 X109.994 Y94.79 E.03058
G1 X110.989 Y94.822 E.03058
G1 X111.979 Y94.919 E.03058
G1 X112.961 Y95.081 E.03058
G1 X113.931 Y95.307 E.03058
G1 X114.883 Y95.595 E.03058
G1 X115.815 Y95.946 E.03058
G1 X116.722 Y96.356 E.03058
G1 X117.6 Y96.825 E.03058
G1 X118.445 Y97.35 E.03058
G1 X119.254 Y97.929 E.03058
G1 X120.024 Y98.561 E.03058
G1 X120.751 Y99.241 E.03058
G1 X121.431 Y99.967 E.03058
G1 X121.913 Y100.553 E.02331
G1 X122.643 Y101.545 E.03784
G1 X123.169 Y102.39 E.03058
G1 X123.639 Y103.267 E.03058
G1 X124.05 Y104.174 E.03058
G1 X124.255 Y104.718 E.01786
G1 X124.69 Y106.057 E.04328
G1 X124.825 Y106.636 E.01827
G1 X125.036 Y107.748 E.03475
G1 X125.164 Y108.868 E.03466
G1 X125.21 Y109.994 E.03461
G1 X125.178 Y110.989 E.03058
G1 X125.081 Y111.979 E.03058
G1 X124.919 Y112.961 E.03058
G1 X124.702 Y113.892 E.02936
G1 E-4.5 F2700
;WIPE_START
G1 F2400
G1 X124.255 Y115.282 E-.34693
G1 X124.065 Y115.787 E-.12807
;WIPE_END
G1 E-.025 F2700
M205 X8 Y8
G1 X116.472 Y115.014 Z2.6 F7200
G1 X58.024 Y109.066 Z2.6
G1 Z2.2
G1 E5 F2400
M205 X10 Y10
;TYPE:Inner wall
;WIDTH:0.449999
G1 F2700
G1 X58.107 Y108.204 E.02873
G1 X58.254 Y107.299 E.03041
G1 X58.46 Y106.406 E.03041
G1 X58.724 Y105.528 E.03041
G1 X59.045 Y104.669 E.03041
G1 X59.422 Y103.833 E.03041
G1 X59.852 Y103.024 E.03041
G1 X60.334 Y102.244 E.03041
G1 X60.867 Y101.498 E.03041
G1 X61.446 Y100.788 E.03041
G1 X62.072 Y100.117 E.03041
G1 X62.739 Y99.489 E.03041
G1 X63.446 Y98.906 E.03041
G1 X64.19 Y98.37 E.03041
G1 X64.968 Y97.884 E.03041
G1 X65.775 Y97.45 E.03041
G1 X66.609 Y97.07 E.03041
G1 X67.466 Y96.745 E.03041
M73 P62 R16
G1 X68.343 Y96.477 E.03041
G1 X69.235 Y96.267 E.03041
G1 X70.139 Y96.115 E.03041
G1 X71.052 Y96.023 E.03041
G1 X71.968 Y95.991 E.03041
G1 X72.884 Y96.019 E.03041
G1 X73.796 Y96.107 E.03041
G1 X74.701 Y96.254 E.03041
G1 X75.594 Y96.46 E.03041
G1 X76.472 Y96.724 E.03041
G1 X77.331 Y97.045 E.03041
G1 X78.167 Y97.422 E.03041
G1 X78.976 Y97.852 E.03041
G1 X79.756 Y98.334 E.03041
G1 X80.502 Y98.867 E.03041
G1 X81.212 Y99.446 E.03041
G1 X81.883 Y100.072 E.03041
G1 X82.511 Y100.739 E.03041
G1 X83.094 Y101.446 E.03041
G1 X83.63 Y102.19 E.03041
G1 X84.116 Y102.968 E.03041
G1 X84.55 Y103.775 E.03041
G1 X85.013 Y104.824 E.03802
G1 X85.255 Y105.466 E.02279
G1 X85.475 Y106.184 E.0249
G1 X85.642 Y106.845 E.02261
G1 X85.841 Y107.878 E.03491
G1 X85.964 Y108.921 E.03481
G1 X86.009 Y109.968 E.03476
G1 X85.981 Y110.884 E.03041
G1 X85.893 Y111.796 E.03041
G1 X85.746 Y112.701 E.03041
G1 X85.54 Y113.594 E.03041
G1 X85.366 Y114.175 E.02009
G1 X84.955 Y115.331 E.04072
G1 X84.583 Y116.156 E.03002
G1 X84.306 Y116.681 E.01969
G1 X83.78 Y117.572 E.03434
G1 X83.273 Y118.307 E.02961
G1 X82.554 Y119.212 E.03835
G1 X81.928 Y119.883 E.03041
G1 X81.261 Y120.511 E.03041
G1 X80.554 Y121.094 E.03041
G1 X79.81 Y121.63 E.03041
G1 X79.032 Y122.116 E.03041
G1 X78.225 Y122.55 E.03041
G1 X77.391 Y122.93 E.03041
G1 X76.534 Y123.255 E.03041
G1 X75.657 Y123.523 E.03041
G1 X74.765 Y123.733 E.03041
G1 X73.861 Y123.885 E.03041
G1 X72.948 Y123.977 E.03041
G1 X72.032 Y124.009 E.03041
G1 X71.116 Y123.981 E.03041
G1 X70.204 Y123.893 E.03041
G1 X69.299 Y123.746 E.03041
G1 X68.406 Y123.54 E.03041
G1 X67.528 Y123.276 E.03041
G1 X66.669 Y122.955 E.03041
G1 X65.833 Y122.578 E.03041
G1 X65.024 Y122.148 E.03041
G1 X64.244 Y121.666 E.03041
G1 X63.498 Y121.133 E.03041
G1 X62.788 Y120.554 E.03041
G1 X62.117 Y119.928 E.03041
G1 X61.489 Y119.261 E.03041
G1 X60.906 Y118.554 E.03041
G1 X60.37 Y117.81 E.03041
G1 X59.884 Y117.032 E.03041
G1 X59.45 Y116.225 E.03041
G1 X59.07 Y115.391 E.03041
G1 X58.745 Y114.534 E.03041
G1 X58.477 Y113.657 E.03041
G1 X58.267 Y112.765 E.03041
G1 X58.115 Y111.861 E.03041
G1 X58.023 Y110.948 E.03041
G1 X57.991 Y110.032 E.03041
G1 X58.019 Y109.116 E.03041
G1 X58.02 Y109.106 E.00035
M205 X8 Y8
G1 X58.429 Y109.104 F7200
M205 X10 Y10
G1 F2700
G1 X58.512 Y108.243 E.02869
G1 X58.656 Y107.365 E.02953
G1 X58.857 Y106.498 E.02952
G1 X59.114 Y105.646 E.02953
G1 X59.426 Y104.812 E.02953
G1 X59.793 Y104.001 E.02953
G1 X60.211 Y103.216 E.02953
G1 X60.68 Y102.459 E.02952
G1 X61.197 Y101.735 E.02953
G1 X61.761 Y101.046 E.02953
G1 X62.369 Y100.396 E.02952
G1 X63.017 Y99.786 E.02953
G1 X63.705 Y99.221 E.02953
G1 X64.427 Y98.701 E.02953
G1 X65.183 Y98.23 E.02952
G1 X65.967 Y97.809 E.02953
G1 X66.777 Y97.441 E.02953
G1 X67.61 Y97.126 E.02952
G1 X68.461 Y96.867 E.02953
G1 X69.328 Y96.663 E.02952
G1 X70.206 Y96.517 E.02953
G1 X71.091 Y96.429 E.02953
G1 X71.981 Y96.398 E.02953
G1 X72.871 Y96.426 E.02953
G1 X73.757 Y96.512 E.02953
G1 X74.635 Y96.656 E.02953
G1 X75.502 Y96.857 E.02952
G1 X76.354 Y97.114 E.02953
G1 X77.188 Y97.426 E.02952
G1 X77.999 Y97.793 E.02953
G1 X78.784 Y98.211 E.02953
G1 X79.541 Y98.68 E.02952
G1 X80.265 Y99.197 E.02953
G1 X80.954 Y99.761 E.02953
G1 X81.604 Y100.369 E.02952
G1 X82.214 Y101.017 E.02952
G1 X82.779 Y101.705 E.02953
G1 X83.299 Y102.427 E.02952
G1 X83.77 Y103.183 E.02953
G1 X84.191 Y103.967 E.02953
G1 X84.559 Y104.777 E.02953
G1 X84.976 Y105.944 E.04109
G1 X85.133 Y106.461 E.01794
G1 X85.326 Y107.282 E.02795
G1 X85.44 Y107.945 E.02232
G1 X85.559 Y108.961 E.03393
G1 X85.602 Y109.981 E.03388
G1 X85.574 Y110.871 E.02953
G1 X85.488 Y111.757 E.02953
G1 X85.344 Y112.635 E.02953
G1 X85.143 Y113.502 E.02952
G1 X84.976 Y114.056 E.0192
G1 X84.574 Y115.188 E.03983
G1 X84.212 Y115.988 E.02913
G1 X83.947 Y116.489 E.0188
G1 X83.434 Y117.357 E.03346
G1 X82.942 Y118.07 E.02873
G1 X82.239 Y118.954 E.03747
G1 X81.631 Y119.604 E.02952
G1 X80.983 Y120.214 E.02953
G1 X80.295 Y120.779 E.02953
G1 X79.573 Y121.299 E.02953
G1 X78.817 Y121.77 E.02952
G1 X78.033 Y122.191 E.02953
G1 X77.223 Y122.559 E.02953
G1 X76.39 Y122.874 E.02952
G1 X75.539 Y123.133 E.02953
G1 X74.672 Y123.337 E.02952
G1 X73.794 Y123.483 E.02953
G1 X72.909 Y123.571 E.02953
G1 X72.019 Y123.602 E.02953
G1 X71.129 Y123.574 E.02953
G1 X70.243 Y123.488 E.02953
G1 X69.365 Y123.344 E.02953
G1 X68.498 Y123.143 E.02952
G1 X67.646 Y122.886 E.02953
G1 X66.812 Y122.574 E.02952
G1 X66.001 Y122.207 E.02953
G1 X65.216 Y121.789 E.02953
G1 X64.459 Y121.32 E.02952
G1 X63.735 Y120.803 E.02953
G1 X63.046 Y120.239 E.02953
G1 X62.396 Y119.631 E.02952
G1 X61.786 Y118.983 E.02953
G1 X61.221 Y118.295 E.02953
G1 X60.701 Y117.573 E.02953
G1 X60.23 Y116.817 E.02952
G1 X59.809 Y116.033 E.02953
G1 X59.441 Y115.223 E.02953
G1 X59.126 Y114.39 E.02953
G1 X58.867 Y113.539 E.02953
G1 X58.663 Y112.672 E.02953
G1 X58.517 Y111.794 E.02953
G1 X58.429 Y110.909 E.02953
G1 X58.398 Y110.019 E.02953
G1 X58.426 Y109.144 E.02903
M205 X8 Y8
G1 X58.818 Y109.142 F7200
M205 X10 Y10
;TYPE:Outer wall
;WIDTH:0.419999
G1 F2400
G1 X58.902 Y108.282 E.02656
G1 X59.043 Y107.429 E.02656
G1 X59.239 Y106.587 E.02656
G1 X59.489 Y105.76 E.02656
G1 X59.793 Y104.95 E.02656
G1 X60.15 Y104.163 E.02656
G1 X60.557 Y103.4 E.02656
G1 X61.013 Y102.666 E.02656
G1 X61.516 Y101.963 E.02656
G1 X62.064 Y101.295 E.02656
G1 X62.655 Y100.664 E.02656
G1 X63.285 Y100.072 E.02656
G1 X63.953 Y99.524 E.02656
G1 X64.656 Y99.02 E.02656
G1 X65.39 Y98.563 E.02656
G1 X66.152 Y98.155 E.02656
G1 X66.939 Y97.798 E.02656
G1 X67.748 Y97.493 E.02656
G1 X68.575 Y97.242 E.02656
G1 X69.417 Y97.045 E.02656
G1 X70.27 Y96.904 E.02656
G1 X71.13 Y96.819 E.02656
G1 X71.994 Y96.79 E.02656
G1 X72.858 Y96.818 E.02656
G1 X73.718 Y96.902 E.02656
G1 X74.571 Y97.043 E.02656
G1 X75.413 Y97.239 E.02656
G1 X76.24 Y97.489 E.02656
G1 X77.05 Y97.793 E.02656
G1 X77.837 Y98.15 E.02656
G1 X78.6 Y98.557 E.02656
G1 X79.334 Y99.013 E.02656
G1 X80.037 Y99.516 E.02656
G1 X80.705 Y100.064 E.02656
G1 X81.336 Y100.655 E.02656
G1 X81.928 Y101.285 E.02656
G1 X82.476 Y101.953 E.02656
G1 X82.98 Y102.656 E.02656
G1 X83.437 Y103.39 E.02656
G1 X83.845 Y104.152 E.02656
G1 X84.202 Y104.939 E.02656
G1 X84.601 Y106.057 E.03649
G1 X84.758 Y106.575 E.01662
G1 X84.944 Y107.371 E.0251
G1 X85.053 Y108.009 E.01989
G1 X85.168 Y108.999 E.03064
G1 X85.21 Y109.994 E.03059
G1 X85.182 Y110.858 E.02656
G1 X85.098 Y111.718 E.02656
G1 X84.957 Y112.571 E.02656
G1 X84.761 Y113.413 E.02656
G1 X84.601 Y113.943 E.017
G1 X84.207 Y115.05 E.03611
G1 X83.855 Y115.826 E.0262
G1 X83.601 Y116.304 E.01663
G1 X83.101 Y117.15 E.0302
G1 X82.624 Y117.842 E.02582
G1 X81.936 Y118.705 E.03392
G1 X81.345 Y119.336 E.02656
G1 X80.715 Y119.928 E.02656
G1 X80.047 Y120.476 E.02656
G1 X79.344 Y120.98 E.02656
G1 X78.61 Y121.437 E.02656
G1 X77.848 Y121.845 E.02656
G1 X77.061 Y122.202 E.02656
G1 X76.252 Y122.507 E.02656
G1 X75.425 Y122.758 E.02656
G1 X74.583 Y122.955 E.02656
G1 X73.73 Y123.096 E.02656
G1 X72.87 Y123.181 E.02656
G1 X72.006 Y123.21 E.02656
G1 X71.142 Y123.182 E.02656
G1 X70.282 Y123.098 E.02656
G1 X69.429 Y122.957 E.02656
G1 X68.587 Y122.761 E.02656
G1 X67.76 Y122.511 E.02656
G1 X66.95 Y122.207 E.02656
G1 X66.163 Y121.85 E.02656
G1 X65.4 Y121.443 E.02656
G1 X64.666 Y120.987 E.02656
G1 X63.963 Y120.484 E.02656
G1 X63.295 Y119.936 E.02656
G1 X62.664 Y119.345 E.02656
G1 X62.072 Y118.715 E.02656
G1 X61.524 Y118.047 E.02656
G1 X61.02 Y117.344 E.02656
G1 X60.563 Y116.61 E.02656
G1 X60.155 Y115.848 E.02656
G1 X59.798 Y115.061 E.02656
G1 X59.493 Y114.252 E.02656
G1 X59.242 Y113.425 E.02656
G1 X59.045 Y112.583 E.02656
G1 X58.904 Y111.73 E.02656
G1 X58.819 Y110.87 E.02656
G1 X58.79 Y110.006 E.02656
G1 X58.817 Y109.182 E.02533
G1 E-4.5 F2700
;WIPE_START
G1 F2400
G1 X58.902 Y108.282 E-.21476
G1 X59.043 Y107.429 E-.20531
G1 X59.095 Y107.204 E-.05493
;WIPE_END
G1 E-.025 F2700
M205 X8 Y8
G1 X60.372 Y118.993 Z2.6 F7200
G1 Z2.2
G1 E5 F2400
M205 X10 Y10
;TYPE:Sparse infill
;WIDTH:0.45
G1 F3000
G1 X59.778 Y118.167 E.03376
G1 X59.455 Y117.648 E.02025
G1 X59.413 Y117.642 E.00143
G1 X58.757 Y117.695 E.0218
G1 X58.102 Y117.88 E.02258
G1 X57.447 Y118.227 E.02458
G1 X56.792 Y118.777 E.02838
G1 X56.137 Y119.467 E.03157
G1 X55.482 Y120.033 E.02871
G1 X54.826 Y120.331 E.02388
G1 X54.171 Y120.423 E.02194
G1 X53.516 Y120.37 E.0218
G1 X52.861 Y120.184 E.02258
G1 X52.206 Y119.838 E.02458
G1 X51.701 Y119.414 E.02186
G1 X51.701 Y114.86 E.15108
G1 X52.206 Y115.09 E.01839
G1 X52.861 Y115.181 E.02194
G1 X53.516 Y115.128 E.0218
G1 X54.171 Y114.943 E.02258
G1 X54.826 Y114.597 E.02458
G1 X55.482 Y114.047 E.02838
G1 X56.137 Y113.356 E.03157
G1 X56.792 Y112.791 E.02871
G1 X57.447 Y112.493 E.02388
G1 X57.517 Y112.483 E.00233
G1 X57.43 Y111.958 E.01764
G1 X57.333 Y111.002 E.0319
G1 X57.299 Y110.001 E.03322
G1 X57.332 Y109.038 E.03194
G1 X57.426 Y108.082 E.03187
G1 X57.485 Y107.724 E.01206
G1 X56.792 Y108.294 E.02978
G1 X56.137 Y108.985 E.03157
G1 X55.482 Y109.55 E.02871
G1 X54.826 Y109.848 E.02388
G1 X54.171 Y109.94 E.02194
G1 X53.516 Y109.887 E.0218
G1 X52.861 Y109.702 E.02258
G1 X52.206 Y109.356 E.02458
G1 X51.701 Y108.932 E.02186
G1 X51.701 Y104.377 E.15108
G1 X52.206 Y104.607 E.01839
G1 X52.861 Y104.699 E.02194
G1 X53.516 Y104.646 E.0218
G1 X54.171 Y104.461 E.02258
G1 X54.826 Y104.114 E.02458
G1 X55.482 Y103.564 E.02838
G1 X56.137 Y102.874 E.03157
G1 X56.792 Y102.308 E.02871
G1 X57.447 Y102.01 E.02388
G1 X58.102 Y101.918 E.02194
G1 X58.757 Y101.971 E.0218
G1 X59.413 Y102.157 E.02258
G1 X59.536 Y102.222 E.00464
G1 X59.778 Y101.833 E.01518
G1 X60.339 Y101.051 E.03193
G1 X60.948 Y100.308 E.03186
G1 X61.605 Y99.604 E.03194
G1 X62.337 Y98.921 E.0332
G1 X62.544 Y98.752 E.00888
G1 X62.033 Y98.323 E.02211
G1 X61.378 Y97.633 E.03157
G1 X60.723 Y97.067 E.02871
G1 X60.068 Y96.769 E.02388
G1 X59.413 Y96.677 E.02194
G1 X58.757 Y96.73 E.0218
G1 X58.102 Y96.915 E.02258
G1 X57.447 Y97.261 E.02458
G1 X56.792 Y97.812 E.02838
G1 X56.137 Y98.502 E.03157
G1 X55.482 Y99.067 E.02871
G1 X54.826 Y99.366 E.02388
G1 X54.171 Y99.457 E.02194
G1 X53.516 Y99.404 E.0218
G1 X52.861 Y99.219 E.02258
G1 X52.206 Y98.873 E.02458
G1 X51.701 Y98.449 E.02186
G1 X51.701 Y93.895 E.15108
G1 X52.206 Y94.125 E.01839
G1 X52.861 Y94.216 E.02194
G1 X53.516 Y94.163 E.0218
G1 X54.171 Y93.978 E.02258
G1 X54.826 Y93.632 E.02458
G1 X55.482 Y93.081 E.02838
G1 X56.137 Y92.391 E.03157
G1 X56.792 Y91.826 E.02871
G1 X57.447 Y91.527 E.02388
G1 X58.102 Y91.436 E.02194
G1 X58.757 Y91.489 E.0218
G1 X59.413 Y91.674 E.02258
G1 X60.068 Y92.02 E.02458
G1 X60.723 Y92.57 E.02838
G1 X61.378 Y93.261 E.03157
G1 X62.033 Y93.826 E.02871
G1 X62.688 Y94.125 E.02388
G1 X63.344 Y94.216 E.02194
G1 X63.999 Y94.163 E.0218
G1 X64.654 Y93.978 E.02258
G1 X65.309 Y93.632 E.02458
G1 X65.964 Y93.081 E.02838
G1 X66.619 Y92.391 E.03157
G1 X67.275 Y91.826 E.02871
G1 X67.93 Y91.527 E.02388
G1 X68.585 Y91.436 E.02194
G1 X69.24 Y91.489 E.0218
G1 X69.895 Y91.674 E.02258
G1 X70.55 Y92.02 E.02458
G1 X71.206 Y92.57 E.02838
G1 X71.861 Y93.261 E.03157
G1 X72.516 Y93.826 E.02871
G1 X73.171 Y94.125 E.02388
G1 X73.826 Y94.216 E.02194
G1 X74.481 Y94.163 E.0218
G1 X75.137 Y93.978 E.02258
G1 X75.792 Y93.632 E.02458
G1 X76.447 Y93.081 E.02838
G1 X77.102 Y92.391 E.03157
G1 X77.757 Y91.826 E.02871
G1 X78.412 Y91.527 E.02388
G1 X79.068 Y91.436 E.02194
G1 X79.723 Y91.489 E.0218
G1 X80.378 Y91.674 E.02258
G1 X81.033 Y92.02 E.02458
G1 X81.688 Y92.57 E.02838
G1 X82.343 Y93.261 E.03157
G1 X82.998 Y93.826 E.02871
G1 X83.654 Y94.125 E.02388
G1 X84.309 Y94.216 E.02194
G1 X84.964 Y94.163 E.0218
G1 X85.619 Y93.978 E.02258
G1 X86.274 Y93.632 E.02458
G1 X86.929 Y93.081 E.02838
G1 X87.585 Y92.391 E.03157
G1 X88.24 Y91.826 E.02871
G1 X88.895 Y91.527 E.02388
G1 X89.55 Y91.436 E.02194
G1 X90.205 Y91.489 E.0218
G1 X90.86 Y91.674 E.02258
G1 X91.516 Y92.02 E.02458
G1 X92.171 Y92.57 E.02838
G1 X92.826 Y93.261 E.03157
G1 X93.481 Y93.826 E.02871
G1 X94.136 Y94.125 E.02388
G1 X94.791 Y94.216 E.02194
G1 X95.447 Y94.163 E.0218
G1 X96.102 Y93.978 E.02258
G1 X96.757 Y93.632 E.02458
G1 X97.412 Y93.081 E.02838
G1 X98.067 Y92.391 E.03157
G1 X98.722 Y91.826 E.02871
G1 X99.378 Y91.527 E.02388
G1 X100.033 Y91.436 E.02194
G1 X100.688 Y91.489 E.0218
G1 X101.343 Y91.674 E.02258
G1 X101.998 Y92.02 E.02458
G1 X102.653 Y92.57 E.02838
G1 X103.309 Y93.261 E.03157
G1 X103.964 Y93.826 E.02871
G1 X104.619 Y94.125 E.02388
G1 X104.763 Y94.145 E.00482
G1 X105.716 Y93.858 E.03303
G1 X106.769 Y93.614 E.03586
G1 X107.378 Y93.515 E.02047
G1 X107.895 Y93.081 E.02237
G1 X108.55 Y92.391 E.03157
G1 X109.205 Y91.826 E.02871
G1 X109.86 Y91.527 E.02388
G1 X110.515 Y91.436 E.02194
G1 X111.171 Y91.489 E.0218
G1 X111.826 Y91.674 E.02258
G1 X112.481 Y92.02 E.02458
G1 X113.136 Y92.57 E.02838
G1 X113.791 Y93.261 E.03157
G1 X114.446 Y93.826 E.02871
G1 X114.972 Y94.065 E.01915
G1 X115.218 Y94.141 E.00855
G1 X115.757 Y94.216 E.01804
G1 X116.412 Y94.163 E.0218
G1 X117.067 Y93.978 E.02258
G1 X117.722 Y93.632 E.02458
G1 X118.377 Y93.081 E.02838
G1 X119.032 Y92.391 E.03157
G1 X119.688 Y91.826 E.02871
G1 X120.343 Y91.527 E.02388
G1 X120.998 Y91.436 E.02194
G1 X121.653 Y91.489 E.0218
G1 X122.308 Y91.674 E.02258
G1 X122.963 Y92.02 E.02458
G1 X123.619 Y92.57 E.02838
G1 X124.274 Y93.261 E.03157
G1 X124.929 Y93.826 E.02871
G1 X125.584 Y94.125 E.02388
G1 X126.239 Y94.216 E.02194
G1 X126.894 Y94.163 E.0218
G1 X127.55 Y93.978 E.02258
G1 X128.205 Y93.632 E.02458
G1 X128.86 Y93.081 E.02838
G1 X129.515 Y92.391 E.03157
G1 X130.17 Y91.826 E.02871
G1 X130.825 Y91.527 E.02388
G1 X131.481 Y91.436 E.02194
G1 X132.136 Y91.489 E.0218
G1 X132.791 Y91.674 E.02258
G1 X133.446 Y92.02 E.02458
G1 X134.101 Y92.57 E.02838
G1 X134.756 Y93.261 E.03157
G1 X135.412 Y93.826 E.02871
G1 X136.067 Y94.125 E.02388
G1 X136.722 Y94.216 E.02194
G1 X137.377 Y94.163 E.0218
G1 X138.032 Y93.978 E.02258
G1 X138.687 Y93.632 E.02458
G1 X139.343 Y93.081 E.02838
G1 X139.998 Y92.391 E.03157
G1 X140.653 Y91.826 E.02871
G1 X141.308 Y91.527 E.02388
G1 X141.963 Y91.436 E.02194
G1 X142.618 Y91.489 E.0218
G1 X143.273 Y91.674 E.02258
G1 X143.582 Y91.837 E.01159
G1 X144.379 Y91.653 E.02712
G1 X145.598 Y91.454 E.04098
G1 X146.737 Y91.342 E.03797
G1 X147.96 Y91.299 E.04059
G1 X149.262 Y91.342 E.0432
G1 X150.402 Y91.454 E.03799
G1 X151.543 Y91.64 E.03836
G1 X151.791 Y91.527 E.00902
G1 X152.446 Y91.436 E.02194
G1 X153.101 Y91.489 E.0218
G1 X153.756 Y91.674 E.02258
G1 X154.411 Y92.02 E.02458
G1 X155.066 Y92.57 E.02838
G1 X155.254 Y92.768 E.00906
G1 X156.306 Y93.245 E.0383
G1 X157.316 Y93.785 E.03799
G1 X157.975 Y94.193 E.02571
G1 X158.342 Y94.163 E.01221
G1 X158.997 Y93.978 E.02258
G1 X159.653 Y93.632 E.02458
G1 X160.308 Y93.081 E.02838
G1 X160.963 Y92.391 E.03157
G1 X161.618 Y91.826 E.02871
G1 X162.273 Y91.527 E.02388
G1 X162.928 Y91.436 E.02194
G1 X163.584 Y91.489 E.0218
G1 X164.239 Y91.674 E.02258
G1 X164.894 Y92.02 E.02458
G1 X165.549 Y92.57 E.02838
G1 X166.204 Y93.261 E.03157
G1 X166.859 Y93.826 E.02871
G1 X167.515 Y94.125 E.02388
G1 X168.17 Y94.216 E.02194
G1 X168.299 Y94.206 E.0043
G1 X168.299 Y99.256 E.16752
G1 X168.17 Y99.219 E.00445
G1 X167.515 Y98.873 E.02458
G1 X166.859 Y98.323 E.02838
G1 X166.204 Y97.633 E.03157
G1 X165.549 Y97.067 E.02871
G1 X164.894 Y96.769 E.02388
G1 X164.239 Y96.677 E.02194
G1 X163.584 Y96.73 E.0218
G1 X162.928 Y96.915 E.02258
G1 X162.273 Y97.261 E.02458
G1 X161.941 Y97.541 E.0144
G1 X162.812 Y98.584 E.0451
G1 X163.571 Y99.643 E.04321
G1 X164.215 Y100.684 E.04059
G1 X164.755 Y101.694 E.03799
G1 X165.261 Y102.811 E.0407
G1 X165.549 Y103.053 E.01247
G1 X166.204 Y103.743 E.03157
G1 X166.859 Y104.309 E.02871
G1 X167.515 Y104.607 E.02388
G1 X168.17 Y104.699 E.02194
G1 X168.299 Y104.688 E.0043
G1 X168.299 Y109.738 E.16752
G1 X168.17 Y109.702 E.00445
G1 X167.515 Y109.356 E.02458
G1 X166.859 Y108.805 E.02838
G1 X166.642 Y108.576 E.01047
G1 X166.701 Y110 E.04727
G1 X166.695 Y110.203 E.00674
M205 X8 Y8
G1 X168.299 Y113.543 F7200
M205 X10 Y10
G1 F3000
G1 X168.299 Y115.171 E.05401
G1 X168.17 Y115.181 E.0043
G1 X167.515 Y115.09 E.02194
G1 X166.859 Y114.791 E.02388
G1 X166.206 Y114.227 E.02865
G1 X166.053 Y114.878 E.02217
G1 X165.721 Y115.974 E.03799
G1 X165.292 Y117.12 E.04059
G1 X164.994 Y117.779 E.02401
G1 X165.549 Y118.032 E.02024
G1 X166.204 Y118.598 E.02871
G1 X166.859 Y119.288 E.03157
G1 X167.515 Y119.838 E.02838
G1 X168.17 Y120.184 E.02458
G1 X168.299 Y120.221 E.00445
G1 X168.299 Y125.654 E.18021
G1 X168.17 Y125.664 E.0043
G1 X167.515 Y125.572 E.02194
G1 X166.859 Y125.274 E.02388
G1 X166.204 Y124.708 E.02871
G1 X165.549 Y124.018 E.03157
G1 X164.894 Y123.468 E.02838
G1 X164.239 Y123.122 E.02458
G1 X163.584 Y122.937 E.02258
G1 X162.928 Y122.884 E.0218
G1 X162.273 Y122.975 E.02194
G1 X161.618 Y123.274 E.02388
G1 X160.963 Y123.839 E.02871
G1 X160.308 Y124.529 E.03157
G1 X159.653 Y125.08 E.02838
G1 X158.997 Y125.426 E.02458
G1 X158.28 Y125.616 E.02463
G1 X157.317 Y126.215 E.03762
G1 X156.881 Y126.448 E.01639
M205 X8 Y8
G1 X165.86 Y130.299 F7200
M205 X10 Y10
G1 F3000
G1 X167.488 Y130.299 E.05401
G1 X166.859 Y129.771 E.02724
G1 X166.204 Y129.08 E.03157
G1 X165.549 Y128.515 E.02871
G1 X164.894 Y128.216 E.02388
G1 X164.239 Y128.125 E.02194
G1 X163.584 Y128.178 E.0218
G1 X162.928 Y128.363 E.02258
G1 X162.273 Y128.709 E.02458
G1 X161.618 Y129.26 E.02838
G1 X160.963 Y129.95 E.03157
G1 X160.559 Y130.299 E.01772
G1 X157.006 Y130.299 E.11786
G1 X156.377 Y129.771 E.02724
G1 X155.722 Y129.08 E.03157
G1 X155.066 Y128.515 E.02871
G1 X154.411 Y128.216 E.02388
G1 X153.756 Y128.125 E.02194
G1 X153.101 Y128.178 E.0218
G1 X152.446 Y128.363 E.02258
G1 X151.791 Y128.709 E.02458
G1 X151.135 Y129.26 E.02838
G1 X150.48 Y129.95 E.03157
G1 X150.076 Y130.299 E.01772
G1 X146.523 Y130.299 E.11786
G1 X145.894 Y129.771 E.02724
G1 X145.239 Y129.08 E.03157
G1 X144.584 Y128.515 E.02871
G1 X144.041 Y128.268 E.01977
G1 X143.66 Y128.179 E.01298
G1 X143.273 Y128.125 E.01296
G1 X142.618 Y128.178 E.0218
G1 X141.963 Y128.363 E.02258
G1 X141.308 Y128.709 E.02458
G1 X140.653 Y129.26 E.02838
G1 X139.998 Y129.95 E.03157
G1 X139.593 Y130.299 E.01772
G1 X136.04 Y130.299 E.11786
G1 X135.412 Y129.771 E.02724
G1 X134.756 Y129.08 E.03157
G1 X134.101 Y128.515 E.02871
G1 X133.446 Y128.216 E.02388
G1 X132.791 Y128.125 E.02194
G1 X132.136 Y128.178 E.0218
G1 X131.481 Y128.363 E.02258
G1 X130.825 Y128.709 E.02458
G1 X130.17 Y129.26 E.02838
G1 X129.515 Y129.95 E.03157
G1 X129.111 Y130.299 E.01772
G1 X125.558 Y130.299 E.11786
G1 X124.929 Y129.771 E.02724
G1 X124.274 Y129.08 E.03157
G1 X123.619 Y128.515 E.02871
G1 X122.963 Y128.216 E.02388
G1 X122.308 Y128.125 E.02194
G1 X121.653 Y128.178 E.0218
G1 X120.998 Y128.363 E.02258
G1 X120.343 Y128.709 E.02458
G1 X119.688 Y129.26 E.02838
G1 X119.032 Y129.95 E.03157
G1 X118.628 Y130.299 E.01772
G1 X115.075 Y130.299 E.11786
G1 X114.446 Y129.771 E.02724
G1 X113.791 Y129.08 E.03157
G1 X113.136 Y128.515 E.02871
G1 X112.481 Y128.216 E.02388
G1 X111.826 Y128.125 E.02194
G1 X111.171 Y128.178 E.0218
G1 X110.515 Y128.363 E.02258
G1 X109.86 Y128.709 E.02458
G1 X109.205 Y129.26 E.02838
G1 X108.55 Y129.95 E.03157
G1 X108.145 Y130.299 E.01772
G1 X104.593 Y130.299 E.11786
G1 X103.964 Y129.771 E.02724
G1 X103.309 Y129.08 E.03157
G1 X102.653 Y128.515 E.02871
G1 X101.998 Y128.216 E.02388
G1 X101.343 Y128.125 E.02194
G1 X100.688 Y128.178 E.0218
G1 X100.033 Y128.363 E.02258
G1 X99.378 Y128.709 E.02458
G1 X98.722 Y129.26 E.02838
G1 X98.067 Y129.95 E.03157
G1 X97.663 Y130.299 E.01772
G1 X94.11 Y130.299 E.11786
G1 X93.481 Y129.771 E.02724
G1 X92.826 Y129.08 E.03157
G1 X92.171 Y128.515 E.02871
G1 X91.516 Y128.216 E.02388
G1 X90.86 Y128.125 E.02194
G1 X90.205 Y128.178 E.0218
G1 X89.55 Y128.363 E.02258
G1 X88.895 Y128.709 E.02458
G1 X88.24 Y129.26 E.02838
G1 X87.585 Y129.95 E.03157
G1 X87.18 Y130.299 E.01772
G1 X83.627 Y130.299 E.11786
G1 X82.998 Y129.771 E.02724
G1 X82.343 Y129.08 E.03157
G1 X81.688 Y128.515 E.02871
G1 X81.033 Y128.216 E.02388
G1 X80.378 Y128.125 E.02194
G1 X79.723 Y128.178 E.0218
G1 X79.068 Y128.363 E.02258
G1 X78.412 Y128.709 E.02458
G1 X77.757 Y129.26 E.02838
G1 X77.102 Y129.95 E.03157
G1 X76.698 Y130.299 E.01772
G1 X73.145 Y130.299 E.11786
G1 X72.516 Y129.771 E.02724
G1 X71.861 Y129.08 E.03157
G1 X71.206 Y128.515 E.02871
G1 X70.55 Y128.216 E.02388
G1 X69.895 Y128.125 E.02194
G1 X69.24 Y128.178 E.0218
G1 X68.585 Y128.363 E.02258
G1 X67.93 Y128.709 E.02458
G1 X67.275 Y129.26 E.02838
G1 X66.619 Y129.95 E.03157
G1 X66.215 Y130.299 E.01772
G1 X62.662 Y130.299 E.11786
G1 X62.033 Y129.771 E.02724
G1 X61.378 Y129.08 E.03157
G1 X60.723 Y128.515 E.02871
G1 X60.068 Y128.216 E.02388
G1 X59.413 Y128.125 E.02194
G1 X58.757 Y128.178 E.0218
G1 X58.102 Y128.363 E.02258
G1 X57.447 Y128.709 E.02458
G1 X56.792 Y129.26 E.02838
G1 X56.137 Y129.95 E.03157
G1 X55.732 Y130.299 E.01772
G1 X52.179 Y130.299 E.11786
G1 X51.701 Y129.897 E.02072
G1 X51.701 Y125.343 E.15108
G1 X52.206 Y125.572 E.01839
G1 X52.861 Y125.664 E.02194
G1 X53.516 Y125.611 E.0218
G1 X54.171 Y125.426 E.02258
G1 X54.826 Y125.08 E.02458
G1 X55.482 Y124.529 E.02838
G1 X56.137 Y123.839 E.03157
G1 X56.792 Y123.274 E.02871
G1 X57.447 Y122.975 E.02388
G1 X58.102 Y122.884 E.02194
G1 X58.757 Y122.937 E.0218
G1 X59.413 Y123.122 E.02258
G1 X60.068 Y123.468 E.02458
G1 X60.723 Y124.018 E.02838
G1 X61.378 Y124.708 E.03157
G1 X62.033 Y125.274 E.02871
G1 X62.688 Y125.572 E.02388
G1 X63.344 Y125.664 E.02194
G1 X63.999 Y125.611 E.0218
G1 X64.654 Y125.426 E.02258
G1 X65.309 Y125.08 E.02458
G1 X65.964 Y124.529 E.02838
G1 X66.619 Y123.839 E.03157
G1 X66.752 Y123.724 E.00582
G1 X67.312 Y123.933 E.01982
G1 X68.158 Y124.19 E.0293
G1 X68.976 Y124.381 E.02787
G1 X70.12 Y124.58 E.03855
G1 X71.038 Y124.668 E.03058
G1 X71.849 Y124.696 E.02692
G1 X72.516 Y125.274 E.02927
G1 X73.171 Y125.572 E.02388
G1 X73.826 Y125.664 E.02194
G1 X74.481 Y125.611 E.0218
G1 X75.137 Y125.426 E.02258
G1 X75.792 Y125.08 E.02458
G1 X76.447 Y124.529 E.02838
G1 X77.102 Y123.839 E.03157
G1 X77.228 Y123.73 E.00554
G1 X77.662 Y123.567 E.01538
G1 X78.501 Y123.184 E.0306
G1 X79.066 Y122.884 E.02122
G1 X79.723 Y122.937 E.02184
G1 X80.378 Y123.122 E.02258
G1 X81.033 Y123.468 E.02458
G1 X81.688 Y124.018 E.02838
G1 X82.343 Y124.708 E.03157
G1 X82.998 Y125.274 E.02871
G1 X83.654 Y125.572 E.02388
G1 X84.309 Y125.664 E.02194
G1 X84.964 Y125.611 E.0218
G1 X85.619 Y125.426 E.02258
G1 X86.274 Y125.08 E.02458
G1 X86.929 Y124.529 E.02838
G1 X87.585 Y123.839 E.03157
G1 X88.24 Y123.274 E.02871
G1 X88.895 Y122.975 E.02388
G1 X89.55 Y122.884 E.02194
G1 X90.205 Y122.937 E.0218
G1 X90.86 Y123.122 E.02258
G1 X91.516 Y123.468 E.02458
G1 X92.171 Y124.018 E.02838
G1 X92.826 Y124.708 E.03157
G1 X93.481 Y125.274 E.02871
G1 X94.136 Y125.572 E.02388
G1 X94.791 Y125.664 E.02194
G1 X95.447 Y125.611 E.0218
G1 X96.102 Y125.426 E.02258
G1 X96.757 Y125.08 E.02458
G1 X97.412 Y124.529 E.02838
G1 X98.067 Y123.839 E.03157
G1 X98.722 Y123.274 E.02871
G1 X99.378 Y122.975 E.02388
G1 X99.479 Y122.961 E.00341
G1 X99.018 Y122.582 E.01979
G1 X98.219 Y121.837 E.03625
G1 X97.418 Y120.982 E.03886
G1 X96.849 Y120.289 E.02975
G1 X96.757 Y120.331 E.00336
G1 X96.102 Y120.423 E.02194
G1 X95.447 Y120.37 E.0218
G1 X94.791 Y120.184 E.02258
G1 X94.136 Y119.838 E.02458
G1 X93.481 Y119.288 E.02838
G1 X92.826 Y118.598 E.03157
G1 X92.171 Y118.032 E.02871
G1 X91.516 Y117.734 E.02388
G1 X90.86 Y117.642 E.02194
G1 X90.205 Y117.695 E.0218
G1 X89.55 Y117.88 E.02258
G1 X88.895 Y118.227 E.02458
G1 X88.24 Y118.777 E.02838
G1 X87.585 Y119.467 E.03157
G1 X86.929 Y120.033 E.02871
G1 X86.274 Y120.331 E.02388
G1 X85.619 Y120.423 E.02194
G1 X84.964 Y120.37 E.0218
G1 X84.309 Y120.184 E.02258
G1 X83.654 Y119.838 E.02458
G1 X83.227 Y119.48 E.01849
G1 X83.639 Y118.981 E.02147
G1 X84.204 Y118.179 E.03254
M205 X8 Y8
G1 X86.354 Y109.966 F7200
M205 X10 Y10
;TYPE:Internal solid infill
;WIDTH:0.38292
G1 F3600
G1 X86.324 Y109.074 E.02473
G1 X86.237 Y108.17 E.02516
G1 X86.103 Y107.357 E.02282
G1 X85.858 Y106.258 E.03119
G1 X85.606 Y105.428 E.02405
G1 X85.249 Y104.476 E.02816
G1 X84.859 Y103.62 E.02606
G1 X84.453 Y102.861 E.02386
G1 X83.934 Y102.023 E.02731
G1 X83.415 Y101.296 E.02474
G1 X82.818 Y100.565 E.02615
G1 X82.126 Y99.826 E.02806
G1 X81.438 Y99.185 E.02603
G1 X80.773 Y98.638 E.02386
G1 X80.104 Y98.158 E.02282
G1 X79.153 Y97.555 E.03119
G1 X78.387 Y97.146 E.02405
G1 X77.463 Y96.726 E.02814
G1 X76.581 Y96.396 E.02607
G1 X75.757 Y96.146 E.02386
G1 X74.955 Y95.959 E.02282
G1 X73.846 Y95.765 E.0312
G1 X72.982 Y95.68 E.02404
G1 X71.966 Y95.646 E.02818
G1 X71.23 Y95.671 E.02039
G1 X70.184 Y95.761 E.02911
G1 X69.245 Y95.913 E.02635
G1 X68.327 Y96.123 E.02608
G1 X67.423 Y96.395 E.02616
G1 X66.475 Y96.751 E.02806
G1 X65.62 Y97.141 E.02604
G1 X64.856 Y97.549 E.02398
G1 X63.997 Y98.084 E.02805
G1 X63.234 Y98.633 E.02604
G1 X62.568 Y99.179 E.02386
G1 X61.853 Y99.846 E.0271
G1 X61.208 Y100.536 E.02617
G1 X60.613 Y101.261 E.02598
G1 X60.09 Y101.99 E.02485
G1 X59.552 Y102.852 E.02817
G1 X59.127 Y103.65 E.02505
G1 X58.756 Y104.467 E.02485
G1 X58.396 Y105.418 E.02817
G1 X58.146 Y106.243 E.02388
G1 X57.931 Y107.157 E.02601
G1 X57.769 Y108.128 E.02728
G1 X57.677 Y109.061 E.02598
G1 X57.645 Y109.987 E.02565
G1 X57.679 Y110.973 E.02735
G1 X57.773 Y111.908 E.02603
G1 X57.915 Y112.769 E.02419
G1 X58.124 Y113.672 E.02569
G1 X58.393 Y114.572 E.02601
G1 X58.739 Y115.493 E.02726
G1 X59.138 Y116.372 E.02675
G1 X59.548 Y117.139 E.02408
G1 X60.066 Y117.974 E.02723
G1 X60.628 Y118.76 E.02676
G1 X61.18 Y119.431 E.02408
G1 X61.846 Y120.147 E.02709
G1 X62.503 Y120.763 E.02495
G1 X63.23 Y121.364 E.02615
G1 X64.054 Y121.954 E.02806
G1 X64.853 Y122.449 E.02603
G1 X65.616 Y122.857 E.02398
G1 X66.538 Y123.275 E.02806
G1 X67.419 Y123.604 E.02604
G1 X68.243 Y123.854 E.02386
G1 X69.045 Y124.041 E.02282
G1 X70.154 Y124.235 E.0312
G1 X71.018 Y124.32 E.02404
G1 X71.994 Y124.355 E.02706
G1 X72.973 Y124.321 E.02715
G1 X73.873 Y124.231 E.02505
G1 X74.628 Y124.108 E.02119
G1 X75.672 Y123.875 E.02965
G1 X76.572 Y123.606 E.02602
G1 X77.525 Y123.249 E.02819
G1 X78.309 Y122.892 E.02387
G1 X79.141 Y122.452 E.02607
G1 X80.003 Y121.916 E.02814
G1 X80.738 Y121.387 E.02508
G1 X81.431 Y120.822 E.02477
G1 X82.174 Y120.126 E.02823
G1 X82.763 Y119.497 E.02387
G1 X83.361 Y118.774 E.026
G1 X83.831 Y118.121 E.02229
G1 X84.436 Y117.168 E.03128
G1 X84.854 Y116.387 E.02452
G1 X85.275 Y115.462 E.02816
G1 X85.604 Y114.581 E.02606
G1 X85.855 Y113.753 E.02399
G1 X86.085 Y112.767 E.02805
G1 X86.229 Y111.9 E.02434
G1 X86.321 Y110.978 E.02568
G1 X86.353 Y110.006 E.02695
M205 X8 Y8
G1 X93.675 Y113.498 F7200
M205 X10 Y10
;TYPE:Sparse infill
;WIDTH:0.45
G1 F3000
G1 X93.869 Y114.322 E.02809
G1 X94.095 Y115.071 E.02592
G1 X93.481 Y114.791 E.02236
G1 X92.826 Y114.226 E.02871
G1 X92.171 Y113.536 E.03157
G1 X91.516 Y112.985 E.02838
G1 X90.86 Y112.639 E.02458
G1 X90.205 Y112.454 E.02258
G1 X89.55 Y112.401 E.0218
G1 X88.895 Y112.493 E.02194
G1 X88.24 Y112.791 E.02388
G1 X87.585 Y113.356 E.02871
G1 X86.929 Y114.047 E.03157
G1 X86.274 Y114.597 E.02838
G1 X85.892 Y114.799 E.01435
G1 X86.19 Y113.842 E.03324
G1 X86.426 Y112.83 E.0345
G1 X86.573 Y111.941 E.02988
G1 X86.667 Y111.001 E.03135
G1 X86.701 Y109.961 E.03451
G1 X86.69 Y109.659 E.01002
G1 X86.929 Y109.55 E.00872
G1 X87.585 Y108.985 E.02871
G1 X88.24 Y108.294 E.03157
G1 X88.895 Y107.744 E.02838
G1 X89.55 Y107.398 E.02458
G1 X90.205 Y107.213 E.02258
G1 X90.86 Y107.16 E.0218
G1 X91.516 Y107.251 E.02194
G1 X92.171 Y107.55 E.02388
G1 X92.826 Y108.115 E.02871
G1 X93.357 Y108.674 E.02557
G1 X93.439 Y107.842 E.02774
G1 X93.612 Y106.78 E.03569
G1 X93.878 Y105.64 E.03885
G1 X94.193 Y104.615 E.03556
G1 X94.136 Y104.607 E.0019
G1 X93.481 Y104.309 E.02388
G1 X92.826 Y103.743 E.02871
G1 X92.171 Y103.053 E.03157
G1 X91.516 Y102.503 E.02838
G1 X90.86 Y102.157 E.02458
G1 X90.205 Y101.971 E.02258
G1 X89.55 Y101.918 E.0218
G1 X88.895 Y102.01 E.02194
G1 X88.24 Y102.308 E.02388
G1 X87.585 Y102.874 E.02871
G1 X86.929 Y103.564 E.03157
G1 X86.274 Y104.114 E.02838
G1 X85.613 Y104.462 E.02477
G1 X85.167 Y103.462 E.03632
G1 X84.751 Y102.684 E.02929
G1 X84.22 Y101.827 E.03345
G1 X83.687 Y101.082 E.03036
G1 X83.079 Y100.337 E.03192
G1 X82.367 Y99.577 E.03454
G1 X81.663 Y98.921 E.03191
G1 X80.98 Y98.361 E.0293
G1 X80.297 Y97.871 E.02787
G1 X79.316 Y97.249 E.03855
G1 X78.877 Y97.016 E.01649
G1 X79.068 Y96.915 E.00714
G1 X79.723 Y96.73 E.02258
G1 X80.378 Y96.677 E.0218
G1 X81.033 Y96.769 E.02194
G1 X81.688 Y97.067 E.02388
G1 X82.343 Y97.633 E.02871
G1 X82.998 Y98.323 E.03157
G1 X83.654 Y98.873 E.02838
G1 X84.309 Y99.219 E.02458
G1 X84.964 Y99.404 E.02258
G1 X85.619 Y99.457 E.0218
G1 X86.274 Y99.366 E.02194
G1 X86.929 Y99.067 E.02388
G1 X87.585 Y98.502 E.02871
G1 X88.24 Y97.812 E.03157
G1 X88.895 Y97.261 E.02838
G1 X89.55 Y96.915 E.02458
G1 X90.205 Y96.73 E.02258
G1 X90.86 Y96.677 E.0218
G1 X91.516 Y96.769 E.02194
G1 X92.171 Y97.067 E.02388
G1 X92.826 Y97.633 E.02871
G1 X93.481 Y98.323 E.03157
G1 X94.136 Y98.873 E.02838
G1 X94.791 Y99.219 E.02458
G1 X95.447 Y99.404 E.02258
G1 X96.102 Y99.457 E.0218
G1 X96.757 Y99.366 E.02194
G1 X97.356 Y99.093 E.02184
G1 X98.163 Y98.219 E.03946
G1 X98.483 Y97.919 E.01455
G1 E-4.5 F2700
;WIPE_START
G1 F3000
G1 X98.163 Y98.219 E-.10419
G1 X97.356 Y99.093 E-.28249
G1 X97.018 Y99.247 E-.08832
;WIPE_END
G1 E-.025 F2700
M205 X8 Y8
G1 X95.609 Y106.748 Z2.6 F7200
G1 X94.204 Y114.233 Z2.6
G1 Z2.2
G1 E5 F2400
M205 X10 Y10
;TYPE:Internal solid infill
;WIDTH:0.38292
G1 F3600
G1 X94.499 Y115.213 E.02837
G1 X94.905 Y116.295 E.03201
M73 P63 R16
G1 X95.338 Y117.247 E.02899
G1 X95.817 Y118.144 E.02815
G1 X96.423 Y119.119 E.03182
G1 X97.046 Y119.983 E.02953
G1 X97.678 Y120.754 E.02761
G1 X98.463 Y121.592 E.03181
G1 X99.243 Y122.319 E.02953
G1 X100.013 Y122.951 E.02761
G1 X100.946 Y123.62 E.03182
G1 X101.853 Y124.181 E.02953
G1 X102.732 Y124.651 E.02761
G1 X103.778 Y125.125 E.03182
G1 X104.776 Y125.498 E.02953
G1 X105.729 Y125.787 E.02761
G1 X106.848 Y126.048 E.03181
G1 X107.9 Y126.219 E.02953
G1 X108.891 Y126.317 E.02761
G1 X110 Y126.355 E.03074
G1 X111.109 Y126.317 E.03074
G1 X112.169 Y126.21 E.02952
G1 X113.164 Y126.046 E.02794
G1 X114.195 Y125.808 E.02932
G1 X115.22 Y125.499 E.02965
G1 X116.295 Y125.095 E.03182
G1 X117.264 Y124.653 E.02953
G1 X118.144 Y124.183 E.02761
G1 X119.115 Y123.579 E.03168
G1 X119.925 Y122.999 E.02762
G1 X120.754 Y122.322 E.02965
G1 X121.592 Y121.537 E.03182
G1 X122.319 Y120.757 E.02953
G1 X122.951 Y119.987 E.02761
G1 X123.6 Y119.084 E.0308
G1 X124.179 Y118.151 E.03042
G1 X124.651 Y117.268 E.02773
G1 X125.125 Y116.222 E.03182
G1 X125.498 Y115.224 E.02953
G1 X125.787 Y114.271 E.02761
G1 X126.048 Y113.152 E.03181
G1 X126.219 Y112.1 E.02953
G1 X126.317 Y111.109 E.02761
G1 X126.355 Y109.961 E.03181
G1 X126.319 Y108.918 E.02892
G1 X126.22 Y107.904 E.02822
G1 X126.033 Y106.771 E.03181
G1 X125.788 Y105.734 E.02953
G1 X125.499 Y104.78 E.02761
G1 X125.095 Y103.705 E.03181
G1 X124.653 Y102.736 E.02953
G1 X124.183 Y101.857 E.02761
G1 X123.6 Y100.916 E.03066
G1 X122.98 Y100.049 E.02952
G1 X122.322 Y99.246 E.02877
G1 X121.537 Y98.408 E.03182
G1 X120.757 Y97.681 E.02953
G1 X119.987 Y97.049 E.02761
G1 X119.054 Y96.38 E.03181
G1 X118.147 Y95.819 E.02953
G1 X117.268 Y95.349 E.02761
G1 X116.227 Y94.877 E.03168
G1 X115.294 Y94.526 E.02762
G1 X114.271 Y94.213 E.02965
G1 X113.152 Y93.952 E.03182
G1 X112.1 Y93.781 E.02953
G1 X111.109 Y93.683 E.02761
G1 X109.961 Y93.645 E.03182
G1 X108.896 Y93.683 E.02953
G1 X107.904 Y93.78 E.02761
G1 X106.836 Y93.954 E.02998
G1 X105.805 Y94.192 E.02932
G1 X104.78 Y94.501 E.02965
G1 X103.705 Y94.905 E.03182
G1 X102.736 Y95.347 E.02953
G1 X101.856 Y95.817 E.02761
G1 X100.881 Y96.423 E.03182
G1 X100.017 Y97.046 E.02953
G1 X99.246 Y97.678 E.02761
G1 X98.408 Y98.463 E.03181
G1 X97.681 Y99.243 E.02953
G1 X97.049 Y100.013 E.02761
G1 X96.38 Y100.946 E.03181
G1 X95.832 Y101.829 E.02878
G1 X95.349 Y102.732 E.02836
G1 X94.875 Y103.778 E.03182
G1 X94.502 Y104.776 E.02953
G1 X94.213 Y105.729 E.02761
G1 X93.952 Y106.848 E.03181
G1 X93.783 Y107.883 E.02906
G1 X93.683 Y108.891 E.02809
G1 X93.645 Y110.039 E.03181
G1 X93.68 Y111.078 E.02879
G1 X93.78 Y112.096 E.02835
G1 X93.967 Y113.229 E.03181
G1 X94.195 Y114.194 E.02747
G1 E-4.5 F2700
;WIPE_START
G1 F3600
G1 X93.967 Y113.229 E-.23544
G1 X93.803 Y112.234 E-.23956
;WIPE_END
G1 E-.025 F2700
M205 X8 Y8
G1 X100.108 Y116.535 Z2.6 F7200
G1 X114.216 Y126.158 Z2.6
G1 Z2.2
G1 E5 F2400
M205 X10 Y10
;TYPE:Sparse infill
;WIDTH:0.45
G1 F3000
G1 X115.331 Y125.827 E.03856
G1 X115.767 Y125.663 E.01545
G1 X116.412 Y125.611 E.02147
G1 X117.067 Y125.426 E.02258
G1 X117.722 Y125.08 E.02458
G1 X118.377 Y124.529 E.02838
G1 X118.572 Y124.324 E.0094
G1 X119.311 Y123.865 E.02885
G1 X120.135 Y123.274 E.03365
G1 X120.534 Y122.949 E.01706
G1 X120.998 Y122.884 E.01555
G1 X121.653 Y122.937 E.0218
G1 X122.308 Y123.122 E.02258
G1 X122.963 Y123.468 E.02458
G1 X123.619 Y124.018 E.02838
G1 X124.274 Y124.708 E.03157
G1 X124.929 Y125.274 E.02871
G1 X125.584 Y125.572 E.02388
G1 X126.239 Y125.664 E.02194
G1 X126.894 Y125.611 E.0218
G1 X127.55 Y125.426 E.02258
G1 X128.205 Y125.08 E.02458
G1 X128.86 Y124.529 E.02838
G1 X129.515 Y123.839 E.03157
G1 X130.17 Y123.274 E.02871
G1 X130.825 Y122.975 E.02388
G1 X131.481 Y122.884 E.02194
G1 X132.136 Y122.937 E.0218
G1 X132.791 Y123.122 E.02258
G1 X133.446 Y123.468 E.02458
G1 X134.101 Y124.018 E.02838
G1 X134.756 Y124.708 E.03157
G1 X135.412 Y125.274 E.02871
G1 X136.067 Y125.572 E.02388
G1 X136.722 Y125.664 E.02194
G1 X137.377 Y125.611 E.0218
G1 X137.608 Y125.546 E.00795
G1 X136.585 Y124.813 E.04175
G1 X135.699 Y124.086 E.03799
G1 X134.804 Y123.251 E.04059
G1 X133.914 Y122.301 E.04321
G1 X133.14 Y121.353 E.0406
G1 X132.455 Y120.397 E.03902
G1 X131.785 Y119.316 E.04216
G1 X131.243 Y118.303 E.03813
G1 X131.134 Y118.063 E.00872
G1 X130.825 Y118.227 E.01159
G1 X130.17 Y118.777 E.02838
G1 X129.515 Y119.467 E.03157
G1 X128.86 Y120.033 E.02871
G1 X128.205 Y120.331 E.02388
G1 X127.55 Y120.423 E.02194
G1 X126.894 Y120.37 E.0218
G1 X126.239 Y120.184 E.02258
G1 X125.584 Y119.838 E.02458
G1 X124.929 Y119.288 E.02838
G1 X124.295 Y118.62 E.03054
G1 X124.481 Y118.32 E.01171
G1 X124.961 Y117.422 E.0338
G1 X125.445 Y116.355 E.03886
G1 X125.887 Y115.132 E.04313
G1 X126.239 Y115.181 E.01178
G1 X126.894 Y115.128 E.0218
G1 X127.55 Y114.943 E.02258
G1 X128.205 Y114.597 E.02458
G1 X128.86 Y114.047 E.02838
G1 X129.6 Y113.284 E.03525
G1 X129.454 Y112.402 E.02963
G1 X129.339 Y111.235 E.0389
G1 X129.299 Y110.039 E.0397
G1 X129.328 Y109.146 E.02966
G1 X128.86 Y109.55 E.02053
G1 X128.205 Y109.848 E.02388
G1 X127.55 Y109.94 E.02194
G1 X126.894 Y109.887 E.0218
G1 X126.696 Y109.831 E.00683
G1 X126.665 Y108.895 E.03108
G1 X126.563 Y107.859 E.03453
G1 X126.372 Y106.703 E.03886
G1 X126.121 Y105.639 E.03625
G1 X125.816 Y104.64 E.03468
G1 X126.239 Y104.699 E.01417
G1 X126.894 Y104.646 E.0218
G1 X127.55 Y104.461 E.02258
G1 X128.205 Y104.114 E.02458
G1 X128.86 Y103.564 E.02838
G1 X129.515 Y102.874 E.03157
G1 X130.17 Y102.308 E.02871
G1 X130.825 Y102.01 E.02388
G1 X131.12 Y101.969 E.00988
G1 X131.245 Y101.694 E.01001
G1 X131.805 Y100.647 E.03938
G1 X132.455 Y99.603 E.0408
G1 X133.188 Y98.584 E.04162
G1 X133.966 Y97.64 E.04058
G1 X134.323 Y97.259 E.01733
G1 X134.101 Y97.067 E.00973
G1 X133.446 Y96.769 E.02388
G1 X132.791 Y96.677 E.02194
G1 X132.136 Y96.73 E.0218
G1 X131.481 Y96.915 E.02258
G1 X130.825 Y97.261 E.02458
G1 X130.17 Y97.812 E.02838
G1 X129.515 Y98.502 E.03157
G1 X128.86 Y99.067 E.02871
G1 X128.205 Y99.366 E.02388
G1 X127.55 Y99.457 E.02194
G1 X126.894 Y99.404 E.0218
G1 X126.239 Y99.219 E.02258
G1 X125.584 Y98.873 E.02458
G1 X124.929 Y98.323 E.02838
G1 X124.274 Y97.633 E.03157
G1 X123.619 Y97.067 E.02871
G1 X122.963 Y96.769 E.02388
G1 X122.308 Y96.677 E.02194
G1 X121.653 Y96.73 E.0218
G1 X120.998 Y96.915 E.02258
G1 X120.616 Y97.117 E.01434
G1 X120.982 Y97.418 E.01571
G1 X121.824 Y98.208 E.0383
M205 X8 Y8
G1 X129.645 Y110.039 F7200
M205 X10 Y10
;TYPE:Internal solid infill
;WIDTH:0.38292
G1 F3600
G1 X129.685 Y111.212 E.03253
G1 X129.797 Y112.357 E.03187
G1 X130.006 Y113.619 E.03544
G1 X130.281 Y114.788 E.03328
G1 X130.607 Y115.863 E.03111
G1 X131.058 Y117.06 E.03544
G1 X131.554 Y118.149 E.03316
G1 X132.085 Y119.143 E.03123
G1 X132.743 Y120.204 E.03459
G1 X133.414 Y121.143 E.03196
G1 X134.174 Y122.073 E.03328
G1 X135.049 Y123.006 E.03544
G1 X135.927 Y123.826 E.03328
G1 X136.795 Y124.538 E.03111
G1 X137.835 Y125.283 E.03544
G1 X138.857 Y125.915 E.03328
G1 X139.847 Y126.445 E.03111
G1 X141.012 Y126.972 E.03544
G1 X142.063 Y127.368 E.03111
G1 X143.212 Y127.719 E.03328
G1 X144.457 Y128.01 E.03544
G1 X145.565 Y128.192 E.03111
G1 X146.76 Y128.313 E.03327
G1 X148 Y128.355 E.03436
G1 X149.24 Y128.313 E.03437
G1 X150.435 Y128.192 E.03327
G1 X151.554 Y128.008 E.03144
G1 X152.713 Y127.739 E.03294
G1 X153.863 Y127.393 E.03328
G1 X155.06 Y126.942 E.03544
G1 X156.153 Y126.444 E.03328
G1 X157.144 Y125.915 E.03111
G1 X158.23 Y125.24 E.03544
G1 X159.205 Y124.538 E.03328
G1 X160.073 Y123.825 E.03111
G1 X160.979 Y122.979 E.03436
G1 X161.774 Y122.131 E.0322
G1 X162.538 Y121.205 E.03328
G1 X163.283 Y120.165 E.03544
G1 X163.885 Y119.194 E.03165
G1 X164.444 Y118.155 E.0327
G1 X164.972 Y116.988 E.0355
G1 X165.393 Y115.863 E.03328
G1 X165.719 Y114.788 E.03111
G1 X166.008 Y113.554 E.03511
G1 X166.192 Y112.435 E.03145
G1 X166.313 Y111.24 E.03327
G1 X166.355 Y110 E.03436
G1 X166.313 Y108.76 E.03436
G1 X166.192 Y107.565 E.03327
G1 X166.01 Y106.457 E.03111
G1 X165.719 Y105.212 E.03544
G1 X165.368 Y104.063 E.03328
G1 X164.972 Y103.012 E.03111
G1 X164.445 Y101.847 E.03544
G1 X163.915 Y100.857 E.03111
G1 X163.283 Y99.835 E.03328
G1 X162.538 Y98.795 E.03544
G1 X161.774 Y97.869 E.03328
G1 X160.979 Y97.021 E.03219
G1 X160.131 Y96.226 E.03219
G1 X159.205 Y95.462 E.03328
G1 X158.165 Y94.717 E.03544
G1 X157.143 Y94.085 E.03328
G1 X156.153 Y93.555 E.03111
G1 X154.988 Y93.028 E.03544
G1 X153.863 Y92.607 E.03328
G1 X152.788 Y92.281 E.03112
G1 X151.542 Y91.99 E.03544
G1 X150.357 Y91.797 E.03328
G1 X149.239 Y91.687 E.03111
G1 X147.961 Y91.645 E.03544
G1 X146.761 Y91.687 E.03328
G1 X145.643 Y91.797 E.03111
G1 X144.446 Y91.992 E.0336
G1 X143.287 Y92.261 E.03295
G1 X142.137 Y92.607 E.03328
G1 X140.94 Y93.057 E.03544
G1 X139.864 Y93.548 E.03275
G1 X138.863 Y94.082 E.03145
G1 X137.77 Y94.76 E.03563
G1 X136.811 Y95.451 E.03275
G1 X135.933 Y96.17 E.03145
G1 X134.994 Y97.049 E.03563
G1 X134.226 Y97.869 E.03111
G1 X133.462 Y98.795 E.03327
G1 X132.743 Y99.795 E.03413
G1 X132.105 Y100.82 E.03345
G1 X131.556 Y101.847 E.03227
G1 X131.028 Y103.012 E.03544
G1 X130.632 Y104.063 E.03111
G1 X130.281 Y105.212 E.03328
G1 X129.99 Y106.457 E.03544
G1 X129.808 Y107.565 E.03111
G1 X129.687 Y108.761 E.03328
G1 X129.647 Y109.999 E.03433
G1 E-4.5 F2700
;WIPE_START
G1 F3600
G1 X129.687 Y108.761 E-.29432
G1 X129.763 Y108.004 E-.18068
;WIPE_END
G1 E-.025 F2700
M205 X8 Y8
G1 X122.339 Y106.234 Z2.6 F7200
G1 X51.498 Y89.355 Z2.6
G1 Z2.2
G1 E5 F2400
M205 X10 Y10
G1 F3600
G1 X51.355 Y89.385 E.00403
G1 X51.355 Y130.502 E1.13919
G1 X51.385 Y130.645 E.00403
M73 P63 R15
G1 X168.502 Y130.645 E3.24483
G1 X168.645 Y130.615 E.00403
G1 X168.645 Y89.498 E1.13919
G1 X168.615 Y89.355 E.00403
G1 X51.538 Y89.355 E3.24372
; stop printing object V7_00_pH_fit_gauge_26_30_34.stl id:0 copy 0
;TIME_ELAPSED:1666.118530

;LAYER_CHANGE
;:2.4
;HEIGHT:0.2
;BEFORE_LAYER_CHANGE
;2.4
G92 E0
;TIME_ELAPSED:1724.275635
G1 E-4.5 F2700
;WIPE_START
G1 F3600
G1 X53.538 Y89.355 E-.475
;WIPE_END
G1 E-.025 F2700
;_SET_FAN_SPEED_CHANGING_LAYER
; OBJECT_ID: 15
; printing object V7_00_pH_fit_gauge_26_30_34.stl id:0 copy 0
M205 X8 Y8
G17
G3 Z2.6 I-.413 J1.145 P1  F7200
G1 X168.991 Y130.991 Z2.6
G1 Z2.4
G1 E5 F2400
M205 X10 Y10
;TYPE:Inner wall
;WIDTH:0.449999
G1 F2700
G1 X51.009 Y130.991 E3.91366
G1 X51.009 Y89.009 E1.39261
G1 X168.991 Y89.009 E3.91366
G1 X168.991 Y130.951 E1.39128
M205 X8 Y8
G1 X169.398 Y131.398 F7200
M205 X10 Y10
G1 F2700
G1 X50.602 Y131.398 E3.94067
G1 X50.602 Y88.602 E1.41961
M73 P64 R15
G1 X169.398 Y88.602 E3.94067
G1 X169.398 Y131.358 E1.41829
M205 X8 Y8
G1 X169.79 Y131.79 F7200
M205 X10 Y10
;TYPE:Outer wall
;WIDTH:0.419999
G1 F2400
G1 X50.21 Y131.79 E3.67435
G1 X50.21 Y88.21 E1.33909
G1 X169.79 Y88.21 E3.67435
G1 X169.79 Y131.75 E1.33786
G1 E-4.5 F2700
;WIPE_START
G1 F2400
G1 X167.79 Y131.751 E-.475
;WIPE_END
G1 E-.025 F2700
M205 X8 Y8
G1 X161.537 Y127.374 Z2.8 F7200
G1 X130.526 Y105.672 Z2.8
G1 Z2.4
G1 E5 F2400
M205 X10 Y10
;TYPE:Inner wall
;WIDTH:0.449999
G1 F2700
G1 X130.597 Y105.37 E.01027
G1 X130.937 Y104.242 E.03909
G1 X131.35 Y103.138 E.03909
G1 X131.567 Y102.654 E.0176
G1 X131.834 Y102.064 E.02149
G1 X132.388 Y101.024 E.03909
G1 X133.008 Y100.022 E.03909
G1 X133.711 Y99.037 E.04014
G1 X134.46 Y98.125 E.03912
G1 X135.265 Y97.265 E.03909
G1 X136.125 Y96.46 E.03909
G1 X137.036 Y95.712 E.03909
G1 X137.994 Y95.025 E.03909
G1 X138.995 Y94.403 E.03909
G1 X140.035 Y93.848 E.03909
G1 X141.108 Y93.361 E.03909
G1 X142.211 Y92.946 E.03909
G1 X143.339 Y92.604 E.03909
G1 X144.486 Y92.336 E.03909
G1 X145.649 Y92.144 E.03909
G1 X146.822 Y92.029 E.03909
G1 X148 Y91.99 E.03909
G1 X149.178 Y92.029 E.03909
G1 X150.351 Y92.144 E.03909
G1 X151.514 Y92.336 E.03909
G1 X152.661 Y92.604 E.03909
G1 X153.789 Y92.946 E.03909
G1 X154.892 Y93.361 E.03909
G1 X155.965 Y93.848 E.03909
G1 X157.005 Y94.403 E.03909
G1 X158.006 Y95.025 E.03909
G1 X158.964 Y95.712 E.03909
G1 X159.875 Y96.46 E.03909
G1 X160.735 Y97.265 E.03909
G1 X161.54 Y98.125 E.03909
G1 X162.288 Y99.036 E.03909
G1 X162.975 Y99.994 E.03909
G1 X163.597 Y100.995 E.03909
G1 X164.152 Y102.034 E.03909
G1 X164.639 Y103.108 E.03909
G1 X165.054 Y104.211 E.03909
G1 X165.396 Y105.339 E.03909
G1 X165.664 Y106.486 E.03909
G1 X165.856 Y107.649 E.03909
G1 X165.971 Y108.822 E.03909
G1 X166.01 Y110 E.03909
G1 X165.971 Y111.178 E.03909
G1 X165.856 Y112.351 E.03909
G1 X165.664 Y113.514 E.03909
G1 X165.396 Y114.661 E.03909
G1 X165.054 Y115.789 E.03909
G1 X164.639 Y116.892 E.03909
G1 X164.152 Y117.965 E.03909
G1 X163.597 Y119.005 E.03909
G1 X162.975 Y120.006 E.03909
G1 X162.288 Y120.964 E.03909
G1 X161.54 Y121.875 E.03909
G1 X160.735 Y122.735 E.03909
G1 X159.875 Y123.54 E.03909
G1 X158.964 Y124.288 E.03909
G1 X158.006 Y124.975 E.03909
G1 X157.005 Y125.597 E.03909
G1 X155.966 Y126.152 E.03909
G1 X154.892 Y126.639 E.03909
G1 X153.789 Y127.054 E.03909
G1 X152.661 Y127.396 E.03909
G1 X151.514 Y127.664 E.03909
G1 X150.351 Y127.856 E.03909
G1 X149.178 Y127.971 E.03909
G1 X148 Y128.01 E.03909
G1 X146.822 Y127.971 E.03909
G1 X145.649 Y127.856 E.03909
G1 X144.486 Y127.664 E.03909
G1 X143.339 Y127.396 E.03909
G1 X142.211 Y127.054 E.03909
G1 X141.108 Y126.639 E.03909
G1 X140.034 Y126.152 E.03909
G1 X138.995 Y125.597 E.03909
G1 X137.994 Y124.975 E.03909
G1 X137.036 Y124.288 E.03909
G1 X136.125 Y123.54 E.03909
G1 X135.265 Y122.735 E.03909
G1 X134.46 Y121.875 E.03909
G1 X133.732 Y120.989 E.03802
G1 X133.24 Y120.305 E.02796
G1 X132.539 Y119.223 E.04273
G1 X132.026 Y118.3 E.03504
G1 X131.35 Y116.862 E.05273
G1 X130.957 Y115.819 E.03695
G1 X130.597 Y114.63 E.04123
G1 X130.344 Y113.545 E.03695
G1 X130.15 Y112.383 E.03909
G1 X130.032 Y111.21 E.03909
G1 X129.991 Y110.032 E.03909
G1 X130.024 Y108.985 E.03475
G1 X130.115 Y107.942 E.03472
G1 X130.267 Y106.909 E.03466
G1 X130.476 Y105.888 E.03456
G1 X130.517 Y105.711 E.00604
M205 X8 Y8
G1 X130.923 Y105.764 F7200
M205 X10 Y10
G1 F2700
G1 X130.993 Y105.463 E.01027
G1 X131.206 Y104.756 E.02448
G1 X131.443 Y104.047 E.0248
G1 X131.731 Y103.282 E.02713
G1 X132.205 Y102.232 E.03821
G1 X132.747 Y101.216 E.03821
G1 X133.354 Y100.237 E.03821
G1 X134.035 Y99.285 E.03883
G1 X134.766 Y98.394 E.03822
G1 X135.553 Y97.553 E.03821
G1 X136.394 Y96.766 E.03821
G1 X137.284 Y96.035 E.03821
G1 X138.221 Y95.364 E.03821
G1 X139.199 Y94.756 E.03821
G1 X140.215 Y94.213 E.03821
G1 X141.264 Y93.737 E.03821
G1 X142.342 Y93.332 E.03821
G1 X143.444 Y92.997 E.03821
G1 X144.566 Y92.736 E.03821
G1 X145.702 Y92.548 E.03821
G1 X146.849 Y92.435 E.03821
G1 X148 Y92.398 E.03821
G1 X149.151 Y92.435 E.03821
G1 X150.298 Y92.548 E.03821
G1 X151.434 Y92.736 E.03821
G1 X152.556 Y92.997 E.03821
G1 X153.658 Y93.332 E.03821
G1 X154.736 Y93.737 E.03821
G1 X155.785 Y94.213 E.03821
G1 X156.801 Y94.756 E.03821
G1 X157.779 Y95.364 E.03821
G1 X158.716 Y96.035 E.03821
G1 X159.606 Y96.766 E.03821
G1 X160.447 Y97.553 E.03821
G1 X161.234 Y98.394 E.03821
G1 X161.965 Y99.284 E.03821
G1 X162.636 Y100.221 E.03821
G1 X163.244 Y101.199 E.03821
G1 X163.787 Y102.215 E.03821
G1 X164.263 Y103.264 E.03821
G1 X164.668 Y104.342 E.03821
G1 X165.003 Y105.444 E.03821
G1 X165.264 Y106.566 E.03821
G1 X165.452 Y107.702 E.03821
G1 X165.565 Y108.849 E.03821
G1 X165.602 Y110 E.03821
G1 X165.565 Y111.151 E.03821
G1 X165.452 Y112.298 E.03821
G1 X165.264 Y113.434 E.03821
G1 X165.003 Y114.556 E.03821
G1 X164.668 Y115.658 E.03821
G1 X164.263 Y116.736 E.03821
G1 X163.787 Y117.785 E.03821
G1 X163.244 Y118.801 E.03821
G1 X162.636 Y119.779 E.03821
G1 X161.965 Y120.716 E.03821
G1 X161.234 Y121.606 E.03821
G1 X160.447 Y122.447 E.03821
G1 X159.606 Y123.234 E.03821
G1 X158.716 Y123.965 E.03821
G1 X157.779 Y124.636 E.03821
G1 X156.801 Y125.244 E.03821
G1 X155.785 Y125.787 E.03821
G1 X154.736 Y126.262 E.03821
G1 X153.658 Y126.668 E.03821
G1 X152.556 Y127.003 E.03821
G1 X151.434 Y127.264 E.03821
G1 X150.298 Y127.452 E.03821
G1 X149.151 Y127.565 E.03821
G1 X148 Y127.602 E.03821
G1 X146.849 Y127.565 E.03821
G1 X145.702 Y127.452 E.03821
G1 X144.566 Y127.264 E.03821
G1 X143.444 Y127.003 E.03821
G1 X142.342 Y126.668 E.03821
G1 X141.264 Y126.263 E.03821
G1 X140.215 Y125.787 E.03821
G1 X139.199 Y125.244 E.03821
G1 X138.221 Y124.636 E.03821
G1 X137.284 Y123.965 E.03821
G1 X136.394 Y123.234 E.03821
G1 X135.553 Y122.447 E.03821
G1 X134.766 Y121.606 E.03821
G1 X134.047 Y120.73 E.03758
G1 X133.571 Y120.068 E.02708
G1 X132.885 Y119.009 E.04185
G1 X132.385 Y118.108 E.03415
G1 X131.731 Y116.718 E.05096
G1 X131.338 Y115.676 E.03695
G1 X130.926 Y114.248 E.0493
G1 X130.74 Y113.453 E.0271
G1 X130.551 Y112.316 E.03821
G1 X130.437 Y111.17 E.03821
G1 X130.398 Y110.019 E.03821
G1 X130.43 Y108.999 E.03387
G1 X130.521 Y107.982 E.03384
G1 X130.668 Y106.975 E.03378
G1 X130.872 Y105.98 E.03368
G1 X130.914 Y105.803 E.00604
M205 X8 Y8
G1 X131.305 Y105.853 F7200
M205 X10 Y10
;TYPE:Outer wall
;WIDTH:0.419999
G1 F2400
G1 X131.375 Y105.552 E.00951
G1 X131.581 Y104.87 E.02189
G1 X131.81 Y104.185 E.02218
G1 X132.098 Y103.42 E.02513
G1 X132.562 Y102.394 E.0346
G1 X133.093 Y101.4 E.0346
G1 X133.687 Y100.444 E.0346
G1 X134.346 Y99.523 E.03479
G1 X135.061 Y98.653 E.03461
G1 X135.831 Y97.831 E.0346
G1 X136.653 Y97.061 E.0346
G1 X137.523 Y96.346 E.03461
G1 X138.439 Y95.69 E.03461
G1 X139.395 Y95.096 E.0346
G1 X140.388 Y94.565 E.0346
G1 X141.414 Y94.1 E.0346
G1 X142.468 Y93.703 E.0346
G1 X143.546 Y93.376 E.03461
G1 X144.642 Y93.121 E.0346
G1 X145.754 Y92.937 E.03461
G1 X146.874 Y92.827 E.0346
G1 X148 Y92.79 E.0346
G1 X149.126 Y92.827 E.03461
G1 X150.246 Y92.937 E.0346
G1 X151.358 Y93.121 E.03461
G1 X152.454 Y93.376 E.0346
G1 X153.532 Y93.703 E.0346
G1 X154.586 Y94.1 E.0346
G1 X155.612 Y94.565 E.03461
G1 X156.605 Y95.096 E.0346
G1 X157.561 Y95.69 E.03461
G1 X158.477 Y96.346 E.0346
G1 X159.347 Y97.061 E.03461
G1 X160.169 Y97.831 E.0346
G1 X160.939 Y98.653 E.0346
G1 X161.654 Y99.523 E.0346
G1 X162.31 Y100.439 E.03461
G1 X162.904 Y101.395 E.0346
G1 X163.435 Y102.388 E.0346
G1 X163.9 Y103.414 E.03461
G1 X164.297 Y104.468 E.0346
G1 X164.624 Y105.546 E.0346
G1 X164.879 Y106.642 E.03461
G1 X165.063 Y107.754 E.03461
G1 X165.173 Y108.874 E.0346
G1 X165.21 Y110 E.03461
G1 X165.173 Y111.126 E.03461
G1 X165.063 Y112.246 E.0346
G1 X164.879 Y113.358 E.03461
G1 X164.624 Y114.454 E.0346
G1 X164.297 Y115.532 E.0346
G1 X163.9 Y116.586 E.03461
G1 X163.435 Y117.612 E.0346
G1 X162.904 Y118.605 E.0346
G1 X162.31 Y119.561 E.0346
G1 X161.654 Y120.477 E.03461
G1 X160.939 Y121.347 E.0346
G1 X160.169 Y122.169 E.0346
G1 X159.347 Y122.939 E.0346
G1 X158.477 Y123.654 E.03461
G1 X157.561 Y124.31 E.0346
G1 X156.605 Y124.904 E.03461
G1 X155.612 Y125.435 E.0346
G1 X154.586 Y125.9 E.0346
G1 X153.532 Y126.297 E.03461
G1 X152.454 Y126.624 E.0346
G1 X151.358 Y126.879 E.0346
G1 X150.246 Y127.063 E.03461
G1 X149.126 Y127.173 E.0346
G1 X148 Y127.21 E.0346
G1 X146.874 Y127.173 E.03461
G1 X145.754 Y127.063 E.0346
G1 X144.642 Y126.879 E.03461
G1 X143.546 Y126.624 E.0346
G1 X142.468 Y126.297 E.03461
G1 X141.414 Y125.9 E.0346
G1 X140.388 Y125.435 E.03461
G1 X139.395 Y124.904 E.0346
G1 X138.439 Y124.31 E.0346
G1 X137.523 Y123.654 E.0346
G1 X136.653 Y122.939 E.03461
G1 X135.831 Y122.169 E.0346
G1 X135.061 Y121.347 E.0346
G1 X134.35 Y120.482 E.03441
G1 X133.889 Y119.839 E.0243
G1 X133.218 Y118.801 E.03798
G1 X132.731 Y117.923 E.03085
G1 X132.295 Y117.016 E.03093
G1 X131.911 Y116.084 E.03099
G1 X131.705 Y115.538 E.01792
G1 X131.308 Y114.159 E.04409
G1 X131.122 Y113.364 E.0251
G1 X130.938 Y112.252 E.0346
G1 X130.827 Y111.132 E.0346
G1 X130.79 Y110.006 E.0346
G1 X130.822 Y109.011 E.03058
G1 X130.911 Y108.021 E.03056
G1 X131.055 Y107.039 E.0305
G1 X131.254 Y106.069 E.03041
G1 X131.296 Y105.892 E.00559
G1 E-4.5 F2700
;WIPE_START
G1 F2400
G1 X131.375 Y105.552 E-.08302
G1 X131.581 Y104.87 E-.16916
G1 X131.81 Y104.185 E-.17147
G1 X131.886 Y103.983 E-.05135
;WIPE_END
G1 E-.025 F2700
M205 X8 Y8
G1 X127.81 Y110.436 Z2.8 F7200
G1 X125.456 Y114.162 Z2.8
G1 Z2.4
G1 E5 F2400
M205 X10 Y10
;TYPE:Inner wall
;WIDTH:0.449999
G1 F2700
G1 X125.149 Y115.176 E.03515
G1 X124.802 Y116.096 E.03261
G1 X124.343 Y117.109 E.03689
G1 X123.878 Y117.979 E.03273
G1 X123.443 Y118.684 E.02746
G1 X122.775 Y119.643 E.03878
G1 X122.057 Y120.531 E.03787
G1 X121.343 Y121.297 E.03475
G1 X120.58 Y122.015 E.03475
G1 X119.771 Y122.681 E.03475
G1 X118.921 Y123.293 E.03475
G1 X118.032 Y123.848 E.03475
G1 X117.109 Y124.343 E.03475
G1 X116.156 Y124.778 E.03475
G1 X115.176 Y125.149 E.03475
G1 X114.175 Y125.455 E.03475
G1 X113.155 Y125.695 E.03475
G1 X112.122 Y125.867 E.03475
G1 X111.079 Y125.972 E.03475
G1 X110.032 Y126.009 E.03475
G1 X108.985 Y125.976 E.03475
G1 X107.942 Y125.876 E.03475
G1 X106.909 Y125.707 E.03475
G1 X105.888 Y125.472 E.03475
G1 X104.885 Y125.169 E.03475
G1 X103.904 Y124.802 E.03475
G1 X102.949 Y124.372 E.03475
G1 X102.024 Y123.88 E.03475
G1 X101.133 Y123.329 E.03475
G1 X100.28 Y122.72 E.03475
G1 X99.469 Y122.057 E.03475
G1 X98.703 Y121.343 E.03475
G1 X97.985 Y120.58 E.03475
G1 X97.319 Y119.771 E.03475
G1 X96.707 Y118.921 E.03475
G1 X96.376 Y118.392 E.02069
G1 X95.628 Y117.051 E.05093
G1 X95.222 Y116.156 E.03261
G1 X94.91 Y115.331 E.02927
G1 X94.545 Y114.175 E.04022
G1 X94.293 Y113.091 E.03689
G1 X94.133 Y112.122 E.03261
G1 X94.028 Y111.079 E.03475
G1 X93.991 Y110.032 E.03475
G1 X94.019 Y109.116 E.03041
G1 X94.098 Y108.204 E.03038
G1 X94.196 Y107.495 E.02373
G1 X94.293 Y106.909 E.01971
G1 X94.491 Y106.05 E.02924
G1 X94.831 Y104.885 E.04025
G1 X95.057 Y104.278 E.02149
G1 X95.628 Y102.949 E.04799
G1 X96.12 Y102.024 E.03475
G1 X96.594 Y101.257 E.02992
G1 X97.28 Y100.28 E.03957
G1 X97.943 Y99.469 E.03475
G1 X98.657 Y98.703 E.03475
G1 X99.42 Y97.985 E.03475
G1 X100.229 Y97.319 E.03475
G1 X101.079 Y96.707 E.03475
G1 X101.968 Y96.152 E.03475
G1 X102.891 Y95.657 E.03475
G1 X103.844 Y95.222 E.03475
G1 X104.824 Y94.851 E.03475
G1 X105.825 Y94.545 E.03475
G1 X106.845 Y94.305 E.03475
G1 X107.878 Y94.133 E.03475
G1 X108.921 Y94.028 E.03475
G1 X109.968 Y93.991 E.03475
G1 X111.015 Y94.024 E.03475
G1 X112.058 Y94.124 E.03475
G1 X113.091 Y94.293 E.03475
G1 X114.112 Y94.528 E.03475
G1 X115.115 Y94.831 E.03475
G1 X116.096 Y95.198 E.03475
G1 X117.051 Y95.628 E.03475
G1 X117.976 Y96.12 E.03475
G1 X118.867 Y96.671 E.03475
G1 X119.72 Y97.28 E.03475
G1 X120.531 Y97.943 E.03475
G1 X121.297 Y98.657 E.03475
G1 X122.015 Y99.42 E.03475
G1 X122.531 Y100.046 E.0269
M73 P65 R15
G1 X123.293 Y101.079 E.04259
G1 X123.848 Y101.968 E.03475
G1 X124.343 Y102.891 E.03475
G1 X124.778 Y103.844 E.03475
G1 X125.003 Y104.436 E.02102
G1 X125.455 Y105.825 E.04846
G1 X125.604 Y106.455 E.02146
G1 X125.824 Y107.617 E.03925
G1 X125.959 Y108.79 E.03915
G1 X126.009 Y109.968 E.0391
G1 X125.976 Y111.015 E.03475
G1 X125.876 Y112.058 E.03475
G1 X125.707 Y113.091 E.03475
G1 X125.472 Y114.112 E.03475
G1 X125.468 Y114.124 E.00042
M205 X8 Y8
G1 X125.065 Y114.051 F7200
M205 X10 Y10
G1 F2700
G1 X124.622 Y115.42 E.04774
G1 X124.421 Y115.953 E.01887
G1 X124.188 Y116.471 E.01886
G1 X123.679 Y117.489 E.03774
G1 X123.097 Y118.469 E.0378
G1 X122.444 Y119.406 E.0379
G1 X121.743 Y120.273 E.03699
G1 X121.046 Y121.019 E.03387
G1 X120.301 Y121.717 E.03387
G1 X119.513 Y122.366 E.03387
G1 X118.684 Y122.962 E.03387
G1 X117.817 Y123.502 E.03387
G1 X116.918 Y123.984 E.03387
G1 X115.988 Y124.407 E.03387
G1 X115.033 Y124.768 E.03387
G1 X114.056 Y125.065 E.03387
G1 X113.062 Y125.298 E.03387
G1 X112.055 Y125.466 E.03387
G1 X111.039 Y125.567 E.03387
G1 X110.019 Y125.602 E.03387
G1 X108.999 Y125.57 E.03387
G1 X107.982 Y125.471 E.03387
G1 X106.975 Y125.306 E.03387
G1 X105.98 Y125.075 E.03387
G1 X105.003 Y124.78 E.03387
G1 X104.047 Y124.421 E.03387
G1 X103.117 Y124.001 E.03387
G1 X102.216 Y123.521 E.03387
G1 X101.348 Y122.983 E.03387
G1 X100.517 Y122.389 E.03387
G1 X99.727 Y121.743 E.03387
G1 X98.981 Y121.046 E.03387
G1 X98.283 Y120.301 E.03387
G1 X97.634 Y119.513 E.03387
G1 X97.038 Y118.684 E.03387
G1 X96.722 Y118.177 E.01981
G1 X96.225 Y117.309 E.0332
G1 X95.785 Y116.413 E.0331
G1 X95.579 Y115.953 E.01672
G1 X95.232 Y115.033 E.03261
G1 X94.887 Y113.858 E.04062
G1 X94.702 Y113.062 E.0271
G1 X94.534 Y112.055 E.03387
G1 X94.433 Y111.039 E.03387
G1 X94.398 Y110.019 E.03387
G1 X94.426 Y109.129 E.02953
G1 X94.504 Y108.243 E.0295
G1 X94.598 Y107.561 E.02285
G1 X94.694 Y106.975 E.01971
G1 X94.887 Y106.142 E.02836
G1 X95.22 Y105.003 E.03937
G1 X95.438 Y104.421 E.02061
G1 X95.999 Y103.117 E.04711
G1 X96.479 Y102.216 E.03387
G1 X96.94 Y101.472 E.02904
G1 X97.611 Y100.517 E.03869
G1 X98.257 Y99.727 E.03387
G1 X98.954 Y98.981 E.03387
G1 X99.699 Y98.283 E.03387
G1 X100.487 Y97.634 E.03387
G1 X101.316 Y97.038 E.03387
G1 X102.183 Y96.498 E.03387
G1 X103.082 Y96.016 E.03387
G1 X104.012 Y95.593 E.03387
G1 X104.967 Y95.232 E.03387
G1 X105.944 Y94.935 E.03387
G1 X106.938 Y94.702 E.03387
G1 X107.945 Y94.534 E.03387
G1 X108.961 Y94.433 E.03387
G1 X109.981 Y94.398 E.03387
G1 X111.001 Y94.43 E.03387
G1 X112.018 Y94.529 E.03387
G1 X113.025 Y94.694 E.03387
G1 X114.02 Y94.925 E.03387
G1 X114.997 Y95.22 E.03387
G1 X115.953 Y95.579 E.03387
G1 X116.883 Y95.999 E.03387
G1 X117.784 Y96.479 E.03387
G1 X118.652 Y97.017 E.03387
G1 X119.483 Y97.611 E.03387
G1 X120.273 Y98.257 E.03387
G1 X121.019 Y98.954 E.03387
G1 X121.717 Y99.699 E.03387
G1 X122.216 Y100.304 E.02602
G1 X122.962 Y101.316 E.04171
G1 X123.502 Y102.183 E.03387
G1 X123.984 Y103.082 E.03387
G1 X124.407 Y104.012 E.03387
G1 X124.622 Y104.58 E.02013
G1 X125.065 Y105.944 E.04758
G1 X125.207 Y106.547 E.02058
G1 X125.423 Y107.684 E.03836
G1 X125.554 Y108.83 E.03827
G1 X125.602 Y109.981 E.03822
G1 X125.57 Y111.001 E.03387
G1 X125.471 Y112.018 E.03387
G1 X125.306 Y113.025 E.03387
G1 X125.077 Y114.013 E.03364
M205 X8 Y8
G1 X124.693 Y113.931 F7200
M205 X10 Y10
;TYPE:Outer wall
;WIDTH:0.419999
G1 F2400
G1 X124.255 Y115.282 E.04365
G1 X124.054 Y115.815 E.01748
G1 X123.831 Y116.31 E.01668
G1 X123.333 Y117.304 E.03417
G1 X122.764 Y118.261 E.03422
G1 X122.126 Y119.178 E.03432
G1 X121.439 Y120.024 E.03347
G1 X120.759 Y120.751 E.03058
G1 X120.033 Y121.431 E.03058
G1 X119.264 Y122.063 E.03058
G1 X118.455 Y122.643 E.03058
G1 X117.61 Y123.169 E.03058
G1 X116.733 Y123.639 E.03058
G1 X115.826 Y124.05 E.03058
G1 X114.895 Y124.401 E.03058
G1 X113.943 Y124.69 E.03058
G1 X112.973 Y124.916 E.03058
G1 X111.991 Y125.079 E.03058
G1 X111.001 Y125.177 E.03058
G1 X110.006 Y125.21 E.03058
G1 X109.011 Y125.178 E.03058
G1 X108.021 Y125.081 E.03058
G1 X107.039 Y124.919 E.03058
G1 X106.069 Y124.693 E.03058
G1 X105.117 Y124.405 E.03058
G1 X104.185 Y124.054 E.03058
G1 X103.278 Y123.644 E.03058
G1 X102.4 Y123.175 E.03058
G1 X101.555 Y122.65 E.03058
G1 X100.746 Y122.071 E.03058
G1 X99.976 Y121.439 E.03058
G1 X99.249 Y120.759 E.03058
G1 X98.569 Y120.033 E.03058
G1 X97.937 Y119.264 E.03058
G1 X97.357 Y118.455 E.03058
G1 X97.055 Y117.97 E.01756
G1 X96.57 Y117.124 E.02996
G1 X96.143 Y116.251 E.02987
G1 X95.805 Y115.441 E.02697
G1 X95.599 Y114.895 E.01792
G1 X95.4 Y114.24 E.02102
G1 X95.186 Y113.413 E.02626
G1 X95.073 Y112.914 E.01571
G1 X94.921 Y111.991 E.02874
G1 X94.823 Y111.001 E.03058
G1 X94.79 Y110.006 E.03058
G1 X94.818 Y109.142 E.02656
G1 X94.894 Y108.282 E.02654
G1 X94.984 Y107.625 E.02038
G1 X95.081 Y107.039 E.01826
G1 X95.269 Y106.231 E.02548
G1 X95.513 Y105.388 E.02698
G1 X95.805 Y104.559 E.02699
G1 X96.356 Y103.278 E.04285
G1 X96.825 Y102.4 E.03058
G1 X97.273 Y101.679 E.02611
G1 X97.929 Y100.746 E.03505
G1 X98.561 Y99.976 E.03058
G1 X99.241 Y99.249 E.03058
G1 X99.967 Y98.569 E.03058
G1 X100.736 Y97.937 E.03058
G1 X101.545 Y97.357 E.03058
G1 X102.39 Y96.831 E.03058
G1 X103.267 Y96.361 E.03058
G1 X104.174 Y95.95 E.03058
G1 X105.105 Y95.599 E.03058
G1 X106.057 Y95.31 E.03058
G1 X107.027 Y95.084 E.03058
G1 X108.009 Y94.921 E.03058
G1 X108.999 Y94.823 E.03058
G1 X109.994 Y94.79 E.03058
G1 X110.989 Y94.822 E.03058
G1 X111.979 Y94.919 E.03058
G1 X112.961 Y95.081 E.03058
G1 X113.931 Y95.307 E.03058
G1 X114.883 Y95.595 E.03058
G1 X115.815 Y95.946 E.03058
G1 X116.722 Y96.356 E.03058
G1 X117.6 Y96.825 E.03058
G1 X118.445 Y97.35 E.03058
G1 X119.254 Y97.929 E.03058
G1 X120.024 Y98.561 E.03058
G1 X120.751 Y99.241 E.03058
G1 X121.431 Y99.967 E.03058
G1 X121.913 Y100.553 E.02331
G1 X122.643 Y101.545 E.03784
G1 X123.169 Y102.39 E.03058
G1 X123.639 Y103.267 E.03058
G1 X124.05 Y104.174 E.03058
G1 X124.255 Y104.718 E.01786
G1 X124.69 Y106.057 E.04328
G1 X124.825 Y106.636 E.01827
G1 X125.036 Y107.748 E.03475
G1 X125.164 Y108.868 E.03466
G1 X125.21 Y109.994 E.03461
G1 X125.178 Y110.989 E.03058
G1 X125.081 Y111.979 E.03058
G1 X124.919 Y112.961 E.03058
G1 X124.702 Y113.892 E.02936
G1 E-4.5 F2700
;WIPE_START
G1 F2400
G1 X124.255 Y115.282 E-.34686
G1 X124.065 Y115.787 E-.12814
;WIPE_END
G1 E-.025 F2700
M205 X8 Y8
G1 X116.472 Y115.014 Z2.8 F7200
G1 X58.024 Y109.066 Z2.8
G1 Z2.4
G1 E5 F2400
M205 X10 Y10
;TYPE:Inner wall
;WIDTH:0.449999
G1 F2700
G1 X58.107 Y108.204 E.02873
G1 X58.254 Y107.299 E.03041
G1 X58.46 Y106.406 E.03041
G1 X58.724 Y105.528 E.03041
G1 X59.045 Y104.669 E.03041
G1 X59.422 Y103.833 E.03041
G1 X59.852 Y103.024 E.03041
G1 X60.334 Y102.244 E.03041
G1 X60.867 Y101.498 E.03041
G1 X61.446 Y100.788 E.03041
G1 X62.072 Y100.117 E.03041
G1 X62.739 Y99.489 E.03041
G1 X63.446 Y98.906 E.03041
G1 X64.19 Y98.37 E.03041
G1 X64.968 Y97.884 E.03041
G1 X65.775 Y97.45 E.03041
G1 X66.609 Y97.07 E.03041
G1 X67.466 Y96.745 E.03041
G1 X68.343 Y96.477 E.03041
G1 X69.235 Y96.267 E.03041
G1 X70.176 Y96.109 E.03165
G1 X71.262 Y96.016 E.03615
G1 X71.968 Y95.991 E.02342
G1 X72.884 Y96.019 E.03041
G1 X73.834 Y96.111 E.03165
G1 X74.907 Y96.301 E.03615
G1 X75.594 Y96.46 E.02341
G1 X76.472 Y96.724 E.03041
G1 X77.331 Y97.045 E.03041
G1 X78.167 Y97.422 E.03041
G1 X79.009 Y97.87 E.03165
G1 X79.928 Y98.456 E.03615
G1 X80.502 Y98.867 E.02342
G1 X81.212 Y99.446 E.03041
G1 X81.883 Y100.072 E.03041
G1 X82.511 Y100.739 E.03041
G1 X83.094 Y101.446 E.03041
G1 X83.63 Y102.19 E.03041
G1 X84.116 Y102.968 E.03041
G1 X84.55 Y103.775 E.03041
G1 X85.013 Y104.824 E.03802
G1 X85.255 Y105.466 E.02279
G1 X85.475 Y106.184 E.0249
G1 X85.768 Y107.443 E.04288
G1 X85.885 Y108.139 E.02342
G1 X85.964 Y108.921 E.02605
G1 X86.009 Y109.968 E.03476
G1 X85.981 Y110.884 E.03041
G1 X85.893 Y111.796 E.03041
G1 X85.746 Y112.701 E.03041
G1 X85.54 Y113.594 E.03041
G1 X85.366 Y114.175 E.02009
G1 X84.955 Y115.331 E.04072
G1 X84.583 Y116.156 E.03002
G1 X84.306 Y116.681 E.01969
G1 X83.542 Y117.931 E.0486
G1 X83.133 Y118.502 E.02329
G1 X82.554 Y119.212 E.03041
G1 X81.928 Y119.883 E.03041
G1 X81.261 Y120.511 E.03041
G1 X80.554 Y121.094 E.03041
G1 X79.81 Y121.63 E.03041
G1 X79.032 Y122.116 E.03041
G1 X78.225 Y122.55 E.03041
G1 X77.391 Y122.93 E.03041
G1 X76.534 Y123.255 E.03041
G1 X75.621 Y123.534 E.03165
G1 X74.557 Y123.768 E.03615
G1 X73.861 Y123.885 E.02342
G1 X72.948 Y123.977 E.03041
G1 X72.032 Y124.009 E.03041
G1 X71.116 Y123.981 E.03041
G1 X70.166 Y123.889 E.03165
G1 X69.093 Y123.699 E.03615
G1 X68.406 Y123.54 E.02341
G1 X67.528 Y123.276 E.03041
G1 X66.669 Y122.955 E.03041
G1 X65.833 Y122.578 E.03041
G1 X65.024 Y122.148 E.03041
G1 X64.244 Y121.666 E.03041
G1 X63.498 Y121.133 E.03041
G1 X62.788 Y120.554 E.03041
G1 X62.117 Y119.928 E.03041
G1 X61.489 Y119.261 E.03041
G1 X60.906 Y118.554 E.03041
G1 X60.37 Y117.81 E.03041
G1 X59.884 Y117.032 E.03041
G1 X59.45 Y116.225 E.03041
G1 X59.07 Y115.391 E.03041
G1 X58.745 Y114.534 E.03041
G1 X58.477 Y113.657 E.03041
G1 X58.267 Y112.765 E.03041
G1 X58.115 Y111.861 E.03041
G1 X58.023 Y110.948 E.03041
G1 X57.991 Y110.032 E.03041
G1 X58.019 Y109.116 E.03041
G1 X58.02 Y109.105 E.00035
M205 X8 Y8
G1 X58.429 Y109.104 F7200
M205 X10 Y10
G1 F2700
G1 X58.512 Y108.243 E.02868
G1 X58.656 Y107.365 E.02953
G1 X58.857 Y106.498 E.02952
G1 X59.114 Y105.646 E.02953
G1 X59.426 Y104.812 E.02953
G1 X59.793 Y104.001 E.02953
G1 X60.211 Y103.216 E.02953
G1 X60.68 Y102.459 E.02953
G1 X61.197 Y101.735 E.02953
G1 X61.761 Y101.046 E.02953
G1 X62.369 Y100.396 E.02952
G1 X63.017 Y99.786 E.02953
G1 X63.705 Y99.221 E.02953
G1 X64.427 Y98.701 E.02953
G1 X65.183 Y98.23 E.02953
G1 X65.967 Y97.809 E.02952
G1 X66.777 Y97.441 E.02953
G1 X67.61 Y97.126 E.02952
G1 X68.461 Y96.867 E.02953
G1 X69.328 Y96.663 E.02952
G1 X70.228 Y96.513 E.03027
G1 X71.297 Y96.421 E.0356
G1 X71.981 Y96.398 E.0227
G1 X72.871 Y96.426 E.02953
G1 X73.779 Y96.514 E.03027
G1 X74.835 Y96.702 E.0356
G1 X75.502 Y96.857 E.0227
G1 X76.354 Y97.114 E.02953
G1 X77.188 Y97.426 E.02952
G1 X77.999 Y97.793 E.02953
G1 X78.804 Y98.222 E.03027
G1 X79.708 Y98.799 E.0356
G1 X80.265 Y99.197 E.0227
G1 X80.954 Y99.761 E.02953
G1 X81.604 Y100.369 E.02952
G1 X82.214 Y101.017 E.02952
G1 X82.779 Y101.705 E.02953
G1 X83.299 Y102.427 E.02953
G1 X83.77 Y103.183 E.02953
G1 X84.191 Y103.967 E.02952
G1 X84.559 Y104.777 E.02953
G1 X84.976 Y105.944 E.04109
G1 X85.133 Y106.461 E.01795
G1 X85.303 Y107.224 E.02592
G1 X85.44 Y107.945 E.02433
G1 X85.559 Y108.961 E.03393
G1 X85.602 Y109.981 E.03388
G1 X85.574 Y110.871 E.02953
G1 X85.488 Y111.757 E.02953
G1 X85.344 Y112.635 E.02953
G1 X85.143 Y113.502 E.02952
G1 X84.976 Y114.056 E.0192
G1 X84.574 Y115.188 E.03983
G1 X84.212 Y115.988 E.02913
G1 X83.947 Y116.489 E.0188
G1 X83.199 Y117.71 E.0475
G1 X82.803 Y118.265 E.02263
G1 X82.239 Y118.954 E.02953
G1 X81.631 Y119.604 E.02952
G1 X80.983 Y120.214 E.02952
G1 X80.295 Y120.779 E.02953
G1 X79.573 Y121.299 E.02953
G1 X78.817 Y121.77 E.02953
G1 X78.033 Y122.191 E.02952
G1 X77.223 Y122.559 E.02953
G1 X76.39 Y122.874 E.02953
G1 X75.517 Y123.14 E.03027
G1 X74.469 Y123.371 E.0356
G1 X73.794 Y123.483 E.0227
G1 X72.909 Y123.571 E.02953
G1 X72.019 Y123.602 E.02953
G1 X71.129 Y123.574 E.02953
G1 X70.221 Y123.486 E.03027
G1 X69.165 Y123.298 E.0356
G1 X68.498 Y123.143 E.0227
G1 X67.646 Y122.886 E.02953
G1 X66.812 Y122.574 E.02952
G1 X66.001 Y122.207 E.02953
G1 X65.216 Y121.789 E.02952
G1 X64.459 Y121.32 E.02953
G1 X63.735 Y120.803 E.02953
G1 X63.046 Y120.239 E.02953
G1 X62.396 Y119.631 E.02953
G1 X61.786 Y118.983 E.02952
G1 X61.221 Y118.295 E.02953
G1 X60.701 Y117.573 E.02953
G1 X60.23 Y116.817 E.02953
G1 X59.809 Y116.033 E.02953
G1 X59.441 Y115.223 E.02953
G1 X59.126 Y114.39 E.02953
G1 X58.867 Y113.539 E.02953
G1 X58.663 Y112.672 E.02953
G1 X58.517 Y111.794 E.02953
G1 X58.429 Y110.909 E.02953
G1 X58.398 Y110.019 E.02953
G1 X58.426 Y109.144 E.02904
M205 X8 Y8
G1 X58.818 Y109.142 F7200
M205 X10 Y10
;TYPE:Outer wall
;WIDTH:0.419999
G1 F2400
G1 X58.902 Y108.282 E.02655
G1 X59.043 Y107.429 E.02656
G1 X59.239 Y106.587 E.02656
G1 X59.489 Y105.76 E.02656
G1 X59.793 Y104.95 E.02656
G1 X60.15 Y104.163 E.02656
G1 X60.557 Y103.4 E.02656
G1 X61.013 Y102.666 E.02656
G1 X61.516 Y101.963 E.02656
G1 X62.064 Y101.295 E.02656
G1 X62.655 Y100.664 E.02656
G1 X63.285 Y100.072 E.02656
G1 X63.953 Y99.524 E.02656
G1 X64.656 Y99.02 E.02656
G1 X65.39 Y98.563 E.02656
G1 X66.152 Y98.155 E.02656
G1 X66.939 Y97.798 E.02656
G1 X67.748 Y97.493 E.02656
G1 X68.575 Y97.242 E.02656
G1 X69.417 Y97.045 E.02656
G1 X70.277 Y96.903 E.02679
G1 X71.331 Y96.812 E.0325
G1 X71.994 Y96.79 E.02039
G1 X72.858 Y96.818 E.02656
G1 X73.726 Y96.903 E.02679
G1 X74.767 Y97.088 E.0325
G1 X75.413 Y97.239 E.02039
G1 X76.24 Y97.489 E.02656
G1 X77.05 Y97.793 E.02656
G1 X77.837 Y98.15 E.02656
G1 X78.606 Y98.56 E.02679
G1 X79.497 Y99.13 E.0325
G1 X80.037 Y99.516 E.02039
G1 X80.705 Y100.064 E.02656
G1 X81.336 Y100.655 E.02656
G1 X81.928 Y101.285 E.02656
G1 X82.476 Y101.953 E.02656
G1 X82.98 Y102.656 E.02656
G1 X83.437 Y103.39 E.02656
G1 X83.845 Y104.152 E.02656
G1 X84.202 Y104.939 E.02656
G1 X84.407 Y105.483 E.01786
G1 X84.758 Y106.575 E.03525
G1 X84.92 Y107.308 E.02307
G1 X85.053 Y108.009 E.0219
G1 X85.168 Y108.999 E.03064
G1 X85.21 Y109.994 E.03059
G1 X85.182 Y110.858 E.02656
G1 X85.098 Y111.718 E.02656
G1 X84.957 Y112.571 E.02656
G1 X84.761 Y113.413 E.02656
G1 X84.601 Y113.943 E.017
G1 X84.207 Y115.05 E.03611
G1 X83.855 Y115.826 E.0262
G1 X83.601 Y116.304 E.01663
G1 X82.87 Y117.498 E.04302
G1 X82.484 Y118.037 E.02037
G1 X81.936 Y118.705 E.02656
G1 X81.345 Y119.336 E.02656
G1 X80.715 Y119.928 E.02656
G1 X80.047 Y120.476 E.02656
G1 X79.344 Y120.98 E.02656
G1 X78.61 Y121.437 E.02656
G1 X77.848 Y121.845 E.02656
G1 X77.061 Y122.202 E.02656
G1 X76.252 Y122.507 E.02656
G1 X75.418 Y122.76 E.02679
G1 X74.385 Y122.988 E.0325
G1 X73.73 Y123.096 E.02039
G1 X72.87 Y123.181 E.02656
G1 X72.006 Y123.21 E.02656
G1 X71.142 Y123.182 E.02656
G1 X70.274 Y123.097 E.02679
G1 X69.233 Y122.912 E.0325
G1 X68.587 Y122.761 E.02039
G1 X67.76 Y122.511 E.02656
G1 X66.95 Y122.207 E.02656
G1 X66.163 Y121.85 E.02656
G1 X65.4 Y121.443 E.02656
G1 X64.666 Y120.987 E.02656
G1 X63.963 Y120.484 E.02656
G1 X63.295 Y119.936 E.02656
G1 X62.664 Y119.345 E.02656
G1 X62.072 Y118.715 E.02656
G1 X61.524 Y118.047 E.02656
G1 X61.02 Y117.344 E.02656
G1 X60.563 Y116.61 E.02656
G1 X60.155 Y115.848 E.02656
G1 X59.798 Y115.061 E.02656
G1 X59.493 Y114.252 E.02656
G1 X59.242 Y113.425 E.02656
G1 X59.045 Y112.583 E.02656
G1 X58.904 Y111.73 E.02656
G1 X58.819 Y110.87 E.02656
G1 X58.79 Y110.006 E.02656
G1 X58.817 Y109.182 E.02534
G1 E-4.5 F2700
;WIPE_START
G1 F2400
G1 X58.902 Y108.282 E-.21472
G1 X59.043 Y107.429 E-.20531
G1 X59.095 Y107.203 E-.05497
;WIPE_END
G1 E-.025 F2700
M205 X8 Y8
G1 X168.095 Y130.887 Z2.8 F7200
G1 Z2.4
G1 E5 F2400
M204 S250
M205 X10 Y10
;TYPE:Internal Bridge
;WIDTH:0.391265
;HEIGHT:0.389872
G1 F4500
G1 X168.689 Y130.104 E.04817
G1 X168.689 Y129.374 E.03577
G1 X167.692 Y130.689 E.08089
G1 X167.138 Y130.689 E.02713
G1 X168.689 Y128.644 E.12579
G1 X168.689 Y127.914 E.03577
G1 X166.584 Y130.689 E.17068
G1 X166.03 Y130.689 E.02713
G1 X168.689 Y127.183 E.21558
G1 X168.689 Y126.453 E.03577
G1 X165.476 Y130.689 E.26047
G1 X164.922 Y130.689 E.02713
G1 X168.689 Y125.723 E.30537
G1 X168.689 Y124.993 E.03577
G1 X164.368 Y130.689 E.35026
G1 X163.815 Y130.689 E.02713
G1 X168.689 Y124.263 E.39516
G1 X168.689 Y123.533 E.03577
G1 X163.261 Y130.689 E.44005
G1 X162.707 Y130.689 E.02713
G1 X168.689 Y122.803 E.48495
G1 X168.689 Y122.072 E.03577
G1 X162.153 Y130.689 E.52984
G1 X161.599 Y130.689 E.02713
G1 X168.689 Y121.342 E.57474
G1 X168.689 Y120.612 E.03577
M73 P65 R14
G1 X161.045 Y130.689 E.61963
G1 X160.491 Y130.689 E.02713
G1 X168.689 Y119.882 E.66453
G1 X168.689 Y119.152 E.03577
G1 X159.938 Y130.689 E.70942
G1 X159.384 Y130.689 E.02713
G1 X168.689 Y118.422 E.75432
G1 X168.689 Y117.692 E.03577
G1 X158.83 Y130.689 E.79921
G1 X158.276 Y130.689 E.02713
G1 X168.689 Y116.961 E.84411
G1 X168.689 Y116.231 E.03577
G1 X157.722 Y130.689 E.889
G1 X157.168 Y130.689 E.02713
G1 X168.689 Y115.501 E.9339
G1 X168.689 Y114.771 E.03577
G1 X156.615 Y130.689 E.97879
G1 X156.061 Y130.689 E.02713
G1 X168.689 Y114.041 E1.02369
G1 X168.689 Y113.311 E.03577
G1 X155.507 Y130.689 E1.06858
G1 X154.953 Y130.689 E.02713
G1 X160.53 Y123.338 E.45204
G1 X160.947 Y122.948 E.02801
G1 X161.74 Y122.102 E.05679
G1 X162.502 Y121.177 E.0587
G1 X163.246 Y120.14 E.06252
G1 X163.876 Y119.121 E.0587
G1 X164.23 Y118.459 E.03677
G1 X168.689 Y112.58 E.36147
G1 X168.689 Y111.85 E.03577
G1 X165.053 Y116.644 E.29474
G1 X165.351 Y115.849 E.0416
G1 X165.516 Y115.304 E.02789
G1 X168.689 Y111.12 E.25724
G1 X168.689 Y110.39 E.03577
G1 X165.816 Y114.179 E.23294
G1 X165.964 Y113.546 E.03184
G1 X166.025 Y113.172 E.01856
G1 X168.689 Y109.66 E.21595
G1 X168.689 Y108.93 E.03577
G1 X166.165 Y112.257 E.2046
G1 X166.25 Y111.415 E.04145
G1 X168.689 Y108.2 E.19773
G1 X168.689 Y107.469 E.03577
G1 X166.289 Y110.634 E.1946
G1 X166.306 Y109.881 E.03692
G1 X168.689 Y106.739 E.19316
G1 X168.689 Y106.009 E.03577
G1 X166.283 Y109.182 E.19511
G1 X166.242 Y108.505 E.03322
G1 X168.689 Y105.279 E.19838
G1 X168.689 Y104.549 E.03577
M73 P66 R14
G1 X166.177 Y107.861 E.20364
G1 X166.094 Y107.241 E.03064
G1 X168.689 Y103.819 E.21042
G1 X168.689 Y103.089 E.03577
G1 X165.995 Y106.641 E.21844
G1 X165.874 Y106.071 E.02857
G1 X168.689 Y102.358 E.22826
G1 X168.689 Y101.628 E.03577
G1 X165.743 Y105.512 E.23882
G1 X165.599 Y104.972 E.02739
G1 X168.689 Y100.898 E.2505
G1 X168.689 Y100.168 E.03577
G1 X165.44 Y104.452 E.2634
G1 X165.274 Y103.94 E.02634
G1 X168.689 Y99.438 E.27685
G1 X168.689 Y98.708 E.03577
G1 X165.09 Y103.452 E.29174
G1 X164.904 Y102.968 E.02541
G1 X168.689 Y97.978 E.30688
G1 X168.689 Y97.247 E.03577
G1 X164.697 Y102.511 E.32367
G1 X164.489 Y102.054 E.02458
G1 X168.689 Y96.517 E.34046
G1 X168.689 Y95.787 E.03577
G1 X164.269 Y101.614 E.35829
G1 X164.04 Y101.186 E.02379
G1 X168.689 Y95.057 E.37685
G1 X168.689 Y94.327 E.03577
G1 X163.806 Y100.765 E.39586
G1 X163.557 Y100.363 E.02316
G1 X168.689 Y93.597 E.41604
G1 X168.689 Y92.866 E.03577
G1 X163.308 Y99.961 E.43621
G1 X163.044 Y99.579 E.02275
G1 X168.689 Y92.136 E.45761
G1 X168.689 Y91.406 E.03577
G1 X162.775 Y99.203 E.47941
G1 X162.506 Y98.828 E.02263
G1 X168.689 Y90.676 E.50122
G1 X168.689 Y89.946 E.03577
G1 X162.218 Y98.477 E.52458
G1 X161.929 Y98.127 E.02221
G1 X168.618 Y89.311 E.54213
G1 X168.064 Y89.311 E.02713
G1 X161.635 Y97.786 E.52111
G1 X161.329 Y97.459 E.02193
G1 X167.51 Y89.311 E.50104
G1 X166.956 Y89.311 E.02713
G1 X161.023 Y97.133 E.48096
G1 X160.703 Y96.823 E.02177
G1 X166.402 Y89.311 E.46195
G1 X165.848 Y89.311 E.02713
G1 X160.38 Y96.52 E.44329
G1 X160.054 Y96.22 E.02172
G1 X165.294 Y89.311 E.42483
G1 X164.741 Y89.311 E.02713
G1 X159.713 Y95.939 E.40756
G1 X159.372 Y95.658 E.02163
G1 X164.187 Y89.311 E.39029
G1 X163.633 Y89.311 E.02713
G1 X159.023 Y95.387 E.37364
G1 X158.665 Y95.13 E.02162
G1 X163.079 Y89.311 E.35783
G1 X162.525 Y89.311 E.02713
G1 X158.306 Y94.873 E.34202
G1 X157.937 Y94.629 E.02166
G1 X161.971 Y89.311 E.327
G1 X161.418 Y89.311 E.02713
G1 X157.56 Y94.395 E.31266
G1 X157.183 Y94.162 E.02171
G1 X160.864 Y89.311 E.29832
G1 X160.31 Y89.311 E.02713
G1 X156.792 Y93.948 E.28513
G1 X156.398 Y93.737 E.02189
G1 X159.756 Y89.311 E.27218
G1 X159.202 Y89.311 E.02713
G1 X155.998 Y93.534 E.25971
G1 X155.586 Y93.348 E.02217
G1 X158.648 Y89.311 E.24823
G1 X158.094 Y89.311 E.02713
G1 X155.174 Y93.161 E.23675
G1 X154.752 Y92.987 E.02236
G1 X157.541 Y89.311 E.22606
G1 X156.987 Y89.311 E.02713
G1 X154.32 Y92.826 E.21614
G1 X153.889 Y92.664 E.02257
G1 X156.433 Y89.311 E.20622
G1 X155.879 Y89.311 E.02713
G1 X153.44 Y92.525 E.19768
G1 X152.99 Y92.389 E.02305
G1 X155.325 Y89.311 E.18928
G1 X154.771 Y89.311 E.02713
G1 X152.529 Y92.266 E.18175
G1 X152.059 Y92.157 E.02367
G1 X154.217 Y89.311 E.175
G1 X153.664 Y89.311 E.02713
G1 X151.588 Y92.047 E.16825
G1 X151.098 Y91.963 E.02437
G1 X153.11 Y89.311 E.16311
G1 X152.556 Y89.311 E.02713
G1 X150.605 Y91.883 E.15817
G1 X150.101 Y91.817 E.02489
G1 X152.002 Y89.311 E.15411
G1 X151.448 Y89.311 E.02713
G1 X149.585 Y91.766 E.15099
G1 X149.062 Y91.726 E.02572
G1 X150.894 Y89.311 E.14853
G1 X150.34 Y89.311 E.02713
G1 X148.522 Y91.708 E.14744
G1 X147.981 Y91.691 E.02649
G1 X149.787 Y89.311 E.14635
G1 X149.233 Y89.311 E.02713
G1 X147.413 Y91.709 E.14749
G1 X146.844 Y91.729 E.02789
G1 X148.679 Y89.311 E.14871
G1 X148.125 Y89.311 E.02713
G1 X146.25 Y91.782 E.15199
G1 X145.651 Y91.841 E.02946
G1 X147.571 Y89.311 E.15562
G1 X147.017 Y89.311 E.02713
G1 X145.02 Y91.944 E.16194
G1 X144.383 Y92.053 E.03162
G1 X146.464 Y89.311 E.16861
G1 X145.91 Y89.311 E.02713
G1 X143.712 Y92.208 E.17818
G1 X143.022 Y92.387 E.0349
G1 X145.356 Y89.311 E.18918
G1 X144.802 Y89.311 E.02713
G1 X142.304 Y92.603 E.20246
G1 X141.541 Y92.879 E.03974
G1 X144.248 Y89.311 E.21941
G1 X143.694 Y89.311 E.02713
G1 X140.749 Y93.193 E.23872
G1 X139.902 Y93.579 E.04561
G1 X143.14 Y89.311 E.26248
G1 X142.587 Y89.311 E.02713
G1 X138.974 Y94.073 E.29284
G1 X137.938 Y94.709 E.05955
G1 X142.033 Y89.311 E.33192
G1 X141.479 Y89.311 E.02713
G1 X136.209 Y96.257 E.42715
G1 E-4.5 F2700
;WIPE_START
G1 F4500
G1 X137.418 Y94.664 E-.475
;WIPE_END
G1 E-.025 F2700
M205 X8 Y8
M204 S500
G1 X142.003 Y100.766 Z2.8 F7200
G1 X159.466 Y124.009 Z2.8
G1 Z2.4
G1 E5 F2400
M204 S250
M205 X10 Y10
G1 F4500
G1 X154.399 Y130.689 E.41076
G1 X153.845 Y130.689 E.02713
G1 X157.831 Y125.435 E.32309
G1 X157.121 Y125.876 E.04095
G1 X156.82 Y126.037 E.01671
G1 X153.291 Y130.689 E.28606
G1 X152.738 Y130.689 E.02713
G1 X155.911 Y126.506 E.25726
G1 X155.065 Y126.891 E.04557
G1 X152.184 Y130.689 E.23354
G1 X151.63 Y130.689 E.02713
G1 X154.288 Y127.185 E.21545
G1 X153.849 Y127.351 E.02299
G1 X153.538 Y127.444 E.01591
G1 X151.076 Y130.689 E.19953
G1 X150.522 Y130.689 E.02713
G1 X152.82 Y127.66 E.18625
G1 X152.14 Y127.826 E.03426
G1 X149.968 Y130.689 E.17607
G1 X149.414 Y130.689 E.02713
G1 X151.473 Y127.976 E.16686
G1 X150.84 Y128.08 E.03144
G1 X148.861 Y130.689 E.16043
G1 X148.307 Y130.689 E.02713
G1 X150.218 Y128.169 E.15496
G1 X149.619 Y128.23 E.02952
G1 X147.753 Y130.689 E.15125
G1 X147.199 Y130.689 E.02713
G1 X149.03 Y128.275 E.14845
G1 X148.462 Y128.295 E.02787
G1 X146.645 Y130.689 E.14725
G1 X146.091 Y130.689 E.02713
G1 X147.898 Y128.307 E.14649
G1 X147.359 Y128.289 E.02646
G1 X145.537 Y130.689 E.14763
G1 X144.984 Y130.689 E.02713
G1 X146.819 Y128.27 E.14876
G1 X146.302 Y128.222 E.02545
G1 X144.43 Y130.689 E.15174
G1 X143.876 Y130.689 E.02713
G1 X145.787 Y128.17 E.15492
G1 X145.286 Y128.101 E.0248
G1 X143.322 Y130.689 E.15916
G1 X142.768 Y130.689 E.02713
G1 X144.793 Y128.02 E.16416
G1 X144.308 Y127.929 E.02417
G1 X142.214 Y130.689 E.16974
G1 X141.661 Y130.689 E.02713
G1 X143.838 Y127.819 E.17649
G1 X143.367 Y127.709 E.02367
G1 X141.107 Y130.689 E.18323
G1 X140.553 Y130.689 E.02713
G1 X142.911 Y127.581 E.19116
G1 X142.462 Y127.443 E.02303
G1 X139.999 Y130.689 E.19961
G1 X139.445 Y130.689 E.02713
G1 X142.015 Y127.302 E.20829
G1 X141.584 Y127.14 E.02255
M73 P67 R14
G1 X138.891 Y130.689 E.21826
G1 X138.337 Y130.689 E.02713
G1 X141.153 Y126.978 E.22823
G1 X140.735 Y126.798 E.02227
G1 X137.784 Y130.689 E.23928
G1 X137.23 Y130.689 E.02713
G1 X140.323 Y126.611 E.25076
G1 X139.911 Y126.424 E.02217
G1 X136.676 Y130.689 E.26224
G1 X136.122 Y130.689 E.02713
G1 X139.515 Y126.216 E.27504
G1 X139.121 Y126.006 E.02189
G1 X135.568 Y130.689 E.28799
G1 X135.014 Y130.689 E.02713
G1 X138.733 Y125.786 E.30148
G1 X138.357 Y125.553 E.02171
G1 X134.46 Y130.689 E.31582
G1 X133.907 Y130.689 E.02713
G1 X137.98 Y125.32 E.33016
G1 X137.615 Y125.07 E.02164
G1 X133.353 Y130.689 E.34551
G1 X132.799 Y130.689 E.02713
G1 X137.256 Y124.813 E.36132
G1 X136.897 Y124.556 E.02162
G1 X132.245 Y130.689 E.37713
G1 X131.691 Y130.689 E.02713
G1 X136.552 Y124.281 E.39406
G1 X136.211 Y124.001 E.02163
G1 X131.137 Y130.689 E.41128
G1 X130.583 Y130.689 E.02713
G1 X135.874 Y123.715 E.42886
G1 X135.55 Y123.412 E.02173
G1 X130.03 Y130.689 E.44746
G1 X129.476 Y130.689 E.02713
G1 X135.225 Y123.11 E.46606
G1 X134.911 Y122.794 E.02183
G1 X128.922 Y130.689 E.48548
G1 X128.368 Y130.689 E.02713
G1 X134.605 Y122.467 E.50557
G1 X134.299 Y122.14 E.02193
G1 X127.814 Y130.689 E.52566
G1 X127.26 Y130.689 E.02713
G1 X134.006 Y121.796 E.54682
G1 X133.719 Y121.445 E.02224
G1 X126.706 Y130.689 E.56844
G1 X126.153 Y130.689 E.02713
G1 X133.433 Y121.092 E.59014
G1 X133.164 Y120.716 E.02263
G1 X125.599 Y130.689 E.61324
G1 X125.045 Y130.689 E.02713
G1 X132.895 Y120.341 E.63633
G1 X132.638 Y119.95 E.02292
G1 X124.491 Y130.689 E.66035
G1 X123.937 Y130.689 E.02713
G1 X132.388 Y119.548 E.68505
G1 X132.139 Y119.146 E.02316
G1 X123.383 Y130.689 E.70975
G1 X122.83 Y130.689 E.02713
G1 X131.909 Y118.72 E.73599
G1 X131.68 Y118.291 E.02379
G1 X122.276 Y130.689 E.76232
G1 X121.722 Y130.689 E.02713
G1 X131.464 Y117.846 E.78973
G1 X131.257 Y117.39 E.02456
G1 X121.168 Y130.689 E.81778
G1 X120.614 Y130.689 E.02713
G1 X131.055 Y116.926 E.8463
G1 X130.871 Y116.438 E.02554
G1 X120.06 Y130.689 E.87631
G1 X119.506 Y130.689 E.02713
G1 X130.687 Y115.95 E.90632
G1 X130.524 Y115.435 E.02645
G1 X118.953 Y130.689 E.93796
G1 X118.399 Y130.689 E.02713
G1 X130.366 Y114.913 E.97003
G1 X130.227 Y114.366 E.02768
G1 X117.845 Y130.689 E1.00371
G1 X117.291 Y130.689 E.02713
G1 X130.096 Y113.808 E1.03798
G1 X129.986 Y113.224 E.02914
G1 X116.737 Y130.689 E1.07392
G1 X116.183 Y130.689 E.02713
G1 X129.887 Y112.624 E1.11079
G1 X129.807 Y111.999 E.03087
G1 X115.629 Y130.689 E1.14923
G1 X115.076 Y130.689 E.02713
G1 X129.744 Y111.353 E1.18898
G1 X129.711 Y110.665 E.03371
G1 X124.356 Y117.724 E.43405
G1 X124.142 Y118.125 E.02226
G1 X123.563 Y119.06 E.05387
G1 X122.916 Y119.96 E.05432
G1 X122.288 Y120.724 E.04846
G1 X121.561 Y121.505 E.05228
G1 X121.312 Y121.738 E.01671
G1 X114.372 Y130.887 E.56255
M205 X8 Y8
M204 S500
G1 X120.225 Y122.44 F7200
M204 S250
M205 X10 Y10
G1 F4500
G1 X113.968 Y130.689 E.50721
G1 X113.414 Y130.689 E.02713
G1 X118.609 Y123.841 E.42109
G1 X118.121 Y124.144 E.02813
G1 X117.623 Y124.411 E.02767
G1 X112.86 Y130.689 E.38607
G1 X112.306 Y130.689 E.02713
G1 X116.742 Y124.842 E.35957
G1 X116.278 Y125.053 E.02501
G1 X115.928 Y125.185 E.01831
G1 X111.752 Y130.689 E.33845
G1 X111.199 Y130.689 E.02713
G1 X115.157 Y125.472 E.32083
G1 X114.439 Y125.687 E.03671
G1 X110.645 Y130.689 E.30756
G1 X110.091 Y130.689 E.02713
G1 X113.751 Y125.864 E.29668
G1 X113.084 Y126.014 E.0335
G1 X109.537 Y130.689 E.28748
G1 X108.983 Y130.689 E.02713
G1 X112.45 Y126.119 E.28105
G1 X111.836 Y126.199 E.03037
G1 X108.429 Y130.689 E.27612
G1 X107.876 Y130.689 E.02713
G1 X111.236 Y126.259 E.2724
G1 X110.661 Y126.288 E.02823
G1 X107.322 Y130.689 E.27065
G1 X106.768 Y130.689 E.02713
G1 X110.092 Y126.307 E.26944
G1 X109.547 Y126.295 E.02668
G1 X106.214 Y130.689 E.27021
G1 X105.66 Y130.689 E.02713
G1 X109.008 Y126.276 E.27135
G1 X108.487 Y126.232 E.02559
G1 X105.106 Y130.689 E.27406
G1 X104.552 Y130.689 E.02713
G1 X107.972 Y126.182 E.27718
G1 X107.476 Y126.105 E.02457
G1 X103.999 Y130.689 E.28189
G1 X103.445 Y130.689 E.02713
G1 X106.983 Y126.025 E.28682
G1 X106.507 Y125.923 E.02387
G1 X102.891 Y130.689 E.2931
G1 X102.337 Y130.689 E.02713
G1 X106.036 Y125.813 E.29985
G1 X105.573 Y125.693 E.02343
G1 X101.783 Y130.689 E.30721
G1 X101.229 Y130.689 E.02713
G1 X105.123 Y125.557 E.31561
G1 X104.678 Y125.413 E.02291
M73 P67 R13
G1 X100.675 Y130.689 E.32442
G1 X100.122 Y130.689 E.02713
G1 X104.246 Y125.252 E.33433
G1 X103.815 Y125.091 E.02257
G1 X99.568 Y130.689 E.34425
G1 X99.014 Y130.689 E.02713
M73 P68 R13
G1 X103.401 Y124.905 E.35566
G1 X102.989 Y124.719 E.02217
G1 X98.46 Y130.689 E.36714
G1 X97.906 Y130.689 E.02713
G1 X102.585 Y124.522 E.37924
G1 X102.191 Y124.311 E.02189
G1 X97.352 Y130.689 E.3922
G1 X96.798 Y130.689 E.02713
G1 X101.8 Y124.096 E.40544
G1 X101.423 Y123.863 E.02171
G1 X96.245 Y130.689 E.41977
G1 X95.691 Y130.689 E.02713
G1 X101.046 Y123.629 E.43411
G1 X100.684 Y123.377 E.02163
G1 X95.137 Y130.689 E.44963
G1 X94.583 Y130.689 E.02713
G1 X100.325 Y123.12 E.46544
G1 X99.97 Y122.858 E.02162
G1 X94.029 Y130.689 E.48154
G1 X93.475 Y130.689 E.02713
G1 X99.628 Y122.578 E.49876
G1 X99.287 Y122.298 E.02163
G1 X92.921 Y130.689 E.51599
G1 X92.368 Y130.689 E.02713
G1 X98.962 Y121.996 E.53454
G1 X98.638 Y121.694 E.02173
G1 X91.814 Y130.689 E.55313
G1 X91.26 Y130.689 E.02713
G1 X98.323 Y121.378 E.57257
G1 X98.017 Y121.051 E.02193
G1 X90.706 Y130.689 E.59265
G1 X90.152 Y130.689 E.02713
G1 X97.711 Y120.724 E.61275
G1 X97.424 Y120.373 E.02223
G1 X89.598 Y130.689 E.63431
G1 X89.045 Y130.689 E.02713
G1 X97.136 Y120.023 E.65588
G1 X96.863 Y119.652 E.02254
G1 X88.491 Y130.689 E.67864
G1 X87.937 Y130.689 E.02713
G1 X96.593 Y119.278 E.70167
G1 X96.334 Y118.89 E.02287
G1 X87.383 Y130.689 E.72554
G1 X86.829 Y130.689 E.02713
G1 X96.084 Y118.489 E.75021
G1 X95.836 Y118.085 E.0232
G1 X86.275 Y130.689 E.77502
G1 X85.721 Y130.689 E.02713
G1 X95.607 Y117.657 E.80136
G1 X95.379 Y117.228 E.0238
G1 X85.168 Y130.689 E.8277
G1 X84.614 Y130.689 E.02713
G1 X95.171 Y116.772 E.85577
G1 X94.964 Y116.315 E.02457
G1 X84.06 Y130.689 E.88385
G1 X83.506 Y130.689 E.02713
G1 X94.778 Y115.83 E.9137
G1 X94.594 Y115.342 E.02554
G1 X82.952 Y130.689 E.9437
G1 X82.398 Y130.689 E.02713
G1 X94.43 Y114.828 E.97525
G1 X94.272 Y114.306 E.02675
G1 X81.844 Y130.689 E1.0074
G1 X81.291 Y130.689 E.02713
G1 X94.136 Y113.755 E1.04123
G1 X94.007 Y113.195 E.02816
G1 X80.737 Y130.689 E1.07568
G1 X80.183 Y130.689 E.02713
G1 X93.908 Y112.596 E1.11255
G1 X93.815 Y111.989 E.03009
G1 X79.629 Y130.689 E1.14987
G1 X79.075 Y130.689 E.02713
G1 X93.751 Y111.342 E1.18962
G1 X93.711 Y110.665 E.03324
G1 X78.521 Y130.689 E1.23128
G1 X77.967 Y130.689 E.02713
G1 X93.693 Y109.959 E1.27468
G1 X93.718 Y109.196 E.0374
G1 X77.414 Y130.689 E1.3216
G1 X76.86 Y130.689 E.02713
G1 X93.778 Y108.387 E1.37135
G1 X93.826 Y107.893 E.0243
G1 X93.889 Y107.51 E.01903
G1 X76.306 Y130.689 E1.42528
G1 X75.752 Y130.689 E.02713
G1 X94.069 Y106.542 E1.48478
G1 X94.256 Y105.741 E.04028
G1 X94.345 Y105.449 E.01497
G1 X75.198 Y130.689 E1.552
G1 X74.644 Y130.689 E.02713
G1 X95.265 Y103.505 E1.67152
G1 E-4.5 F2700
;WIPE_START
G1 F4500
G1 X94.057 Y105.098 E-.475
;WIPE_END
G1 E-.025 F2700
M205 X8 Y8
M204 S500
G1 X101.211 Y107.756 Z2.8 F7200
G1 X124.735 Y116.496 Z2.8
G1 Z2.4
G1 E5 F2400
M204 S250
M205 X10 Y10
G1 F4500
G1 X129.693 Y109.959 E.4019
G1 X129.718 Y109.196 E.0374
G1 X125.655 Y114.552 E.32929
G1 X125.744 Y114.259 E.01499
G1 X125.931 Y113.458 E.04027
G1 X129.768 Y108.399 E.31108
G1 X129.854 Y107.556 E.04153
G1 X126.11 Y112.492 E.3035
G1 X126.176 Y112.09 E.01993
G1 X126.222 Y111.614 E.02346
G1 X130.008 Y106.622 E.3069
G1 X130.239 Y105.588 E.05189
G1 X126.282 Y110.805 E.32072
G1 X126.307 Y110.041 E.0374
G1 X130.568 Y104.424 E.3454
G1 X130.674 Y104.077 E.01775
G1 X131.065 Y103.039 E.05437
G1 X126.289 Y109.336 E.38718
G1 X126.249 Y108.658 E.03325
G1 X140.925 Y89.311 E1.18963
G1 X140.371 Y89.311 E.02713
G1 X126.185 Y108.012 E1.14988
G1 X126.092 Y107.405 E.03009
G1 X139.817 Y89.311 E1.11256
G1 X139.263 Y89.311 E.02713
M73 P69 R13
G1 X125.993 Y106.805 E1.07569
G1 X125.863 Y106.246 E.02811
G1 X138.71 Y89.311 E1.04133
G1 X138.156 Y89.311 E.02713
G1 X125.729 Y105.692 E1.00728
G1 X125.571 Y105.171 E.0267
G1 X137.602 Y89.311 E.97521
G1 X137.048 Y89.311 E.02713
G1 X125.406 Y104.659 E.94371
G1 X125.222 Y104.171 E.02554
G1 X136.494 Y89.311 E.9137
G1 X135.94 Y89.311 E.02713
G1 X125.036 Y103.685 E.88386
G1 X124.829 Y103.229 E.02455
G1 X135.386 Y89.311 E.85582
G1 X134.833 Y89.311 E.02713
G1 X124.621 Y102.773 E.82778
G1 X124.393 Y102.343 E.02383
G1 X134.279 Y89.311 E.80136
G1 X133.725 Y89.311 E.02713
G1 X124.164 Y101.915 E.77502
G1 X123.916 Y101.511 E.02321
G1 X133.171 Y89.311 E.75017
G1 X132.617 Y89.311 E.02713
G1 X123.668 Y101.109 E.72546
G1 X123.407 Y100.722 E.02284
G1 X132.063 Y89.311 E.70168
G1 X131.509 Y89.311 E.02713
G1 X123.138 Y100.347 E.67859
G1 X122.864 Y99.978 E.02251
G1 X130.956 Y89.311 E.65592
G1 X130.402 Y89.311 E.02713
G1 X122.576 Y99.627 E.63434
G1 X122.289 Y99.276 E.02223
G1 X129.848 Y89.311 E.61275
G1 X129.294 Y89.311 E.02713
G1 X121.983 Y98.949 E.59266
G1 X121.677 Y98.623 E.02193
G1 X128.74 Y89.311 E.57257
G1 X128.186 Y89.311 E.02713
G1 X121.363 Y98.306 E.55314
G1 X121.038 Y98.004 E.02173
G1 X127.633 Y89.311 E.53454
G1 X127.079 Y89.311 E.02713
G1 X120.713 Y97.702 E.51599
G1 X120.372 Y97.422 E.02163
G1 X126.525 Y89.311 E.49877
G1 X125.971 Y89.311 E.02713
G1 X120.03 Y97.142 E.48154
G1 X119.675 Y96.88 E.02162
G1 X125.417 Y89.311 E.46544
G1 X124.863 Y89.311 E.02713
G1 X119.316 Y96.623 E.44963
G1 X118.954 Y96.371 E.02163
G1 X124.309 Y89.311 E.43411
G1 X123.756 Y89.311 E.02713
G1 X118.577 Y96.138 E.41978
G1 X118.2 Y95.904 E.02171
G1 X123.202 Y89.311 E.40544
G1 X122.648 Y89.311 E.02713
G1 X117.809 Y95.689 E.3922
G1 X117.415 Y95.478 E.02189
G1 X122.094 Y89.311 E.37925
G1 X121.54 Y89.311 E.02713
G1 X117.011 Y95.282 E.36714
G1 X116.599 Y95.095 E.02217
G1 X120.986 Y89.311 E.35566
G1 X120.432 Y89.311 E.02713
G1 X116.186 Y94.909 E.34425
G1 X115.755 Y94.747 E.02255
G1 X119.879 Y89.311 E.33428
G1 X119.325 Y89.311 E.02713
G1 X115.324 Y94.585 E.32431
G1 X114.876 Y94.445 E.02298
G1 X118.771 Y89.311 E.31569
G1 X118.217 Y89.311 E.02713
G1 X114.427 Y94.307 E.30724
G1 X113.964 Y94.187 E.02342
G1 X117.663 Y89.311 E.29985
G1 X117.109 Y89.311 E.02713
G1 X113.493 Y94.077 E.2931
G1 X113.017 Y93.975 E.02387
G1 X116.555 Y89.311 E.28682
G1 X116.002 Y89.311 E.02713
G1 X112.524 Y93.895 E.28189
G1 X112.028 Y93.818 E.02457
G1 X115.448 Y89.311 E.27718
G1 X114.894 Y89.311 E.02713
G1 X111.513 Y93.768 E.27406
G1 X110.992 Y93.724 E.02559
G1 X114.34 Y89.311 E.27136
G1 X113.786 Y89.311 E.02713
G1 X110.452 Y93.706 E.27028
G1 X109.909 Y93.692 E.02661
G1 X113.232 Y89.311 E.2694
G1 X112.679 Y89.311 E.02713
G1 X109.34 Y93.712 E.27063
G1 X108.764 Y93.74 E.02822
G1 X112.125 Y89.311 E.27238
G1 X111.571 Y89.311 E.02713
G1 X108.166 Y93.799 E.276
G1 X107.548 Y93.883 E.03053
G1 X111.017 Y89.311 E.28117
G1 X110.463 Y89.311 E.02713
G1 X106.916 Y93.986 E.28749
G1 X106.249 Y94.136 E.03349
G1 X109.909 Y89.311 E.29668
G1 X109.355 Y89.311 E.02713
G1 X105.561 Y94.312 E.30756
G1 X104.844 Y94.528 E.03671
G1 X108.802 Y89.311 E.32083
G1 X108.248 Y89.311 E.02713
G1 X104.072 Y94.815 E.33844
G1 X103.722 Y94.947 E.01833
G1 X103.258 Y95.158 E.025
G1 X107.694 Y89.311 E.35956
G1 X107.14 Y89.311 E.02713
G1 X102.377 Y95.589 E.38606
G1 X101.879 Y95.856 E.02769
G1 X101.391 Y96.159 E.02812
G1 X106.586 Y89.311 E.42108
G1 X106.032 Y89.311 E.02713
G1 X99.778 Y97.555 E.50695
M205 X8 Y8
M204 S500
G1 X105.629 Y89.113 F7200
M204 S250
M205 X10 Y10
G1 F4500
G1 X98.689 Y98.261 E.56252
G1 X98.439 Y98.495 E.01675
G1 X97.712 Y99.276 E.05228
G1 X97.084 Y100.04 E.04846
G1 X96.417 Y100.971 E.0561
G1 X95.871 Y101.851 E.05074
G1 X95.644 Y102.275 E.02356
G1 X74.091 Y130.689 E1.74711
G1 X73.537 Y130.689 E.02713
G1 X80.506 Y121.501 E.56496
G1 X79.983 Y121.877 E.03156
G1 X79.387 Y122.247 E.03437
G1 X72.983 Y130.689 E.5191
G1 X72.429 Y130.689 E.02713
G1 X78.426 Y122.784 E.48608
G1 X77.573 Y123.178 E.04602
G1 X71.875 Y130.689 E.46186
G1 X71.321 Y130.689 E.02713
G1 X76.79 Y123.48 E.44331
G1 X76.058 Y123.715 E.0377
G1 X70.767 Y130.689 E.42882
G1 X70.214 Y130.689 E.02713
G1 X75.367 Y123.896 E.41771
G1 X74.7 Y124.045 E.03348
G1 X69.66 Y130.689 E.40855
G1 X69.106 Y130.689 E.02713
M73 P70 R13
G1 X74.063 Y124.154 E.40184
G1 X73.452 Y124.23 E.03017
G1 X68.552 Y130.689 E.39719
G1 X67.998 Y130.689 E.02713
G1 X72.859 Y124.281 E.39406
G1 X72.291 Y124.3 E.02788
G1 X67.444 Y130.689 E.39284
G1 X66.89 Y130.689 E.02713
G1 X71.736 Y124.302 E.39274
G1 X71.195 Y124.285 E.0265
G1 X66.337 Y130.689 E.39381
G1 X65.783 Y130.689 E.02713
G1 X70.674 Y124.241 E.39651
G1 X70.159 Y124.191 E.02538
G1 X65.229 Y130.689 E.39961
G1 X64.675 Y130.689 E.02713
G1 X69.67 Y124.105 E.40486
G1 X69.18 Y124.02 E.02432
G1 X64.121 Y130.689 E.41011
G1 X63.567 Y130.689 E.02713
G1 X68.705 Y123.917 E.41644
G1 X68.236 Y123.805 E.02363
G1 X63.013 Y130.689 E.4233
G1 X62.46 Y130.689 E.02713
G1 X67.785 Y123.669 E.43169
G1 X67.339 Y123.526 E.02293
G1 X61.906 Y130.689 E.44043
G1 X61.352 Y130.689 E.02713
G1 X66.908 Y123.365 E.45034
G1 X66.48 Y123.199 E.02248
G1 X60.798 Y130.689 E.46055
G1 X60.244 Y130.689 E.02713
G1 X66.068 Y123.013 E.47204
G1 X65.655 Y122.826 E.02217
G1 X59.69 Y130.689 E.48352
G1 X59.136 Y130.689 E.02713
G1 X65.26 Y122.616 E.4964
G1 X64.867 Y122.405 E.02188
G1 X58.583 Y130.689 E.5094
G1 X58.029 Y130.689 E.02713
M73 P70 R12
G1 X64.49 Y122.172 E.52373
G1 X64.113 Y121.939 E.02172
G1 X57.475 Y130.689 E.53806
G1 X56.921 Y130.689 E.02713
G1 X63.752 Y121.684 E.55375
G1 X63.394 Y121.426 E.02162
G1 X56.367 Y130.689 E.56956
G1 X55.813 Y130.689 E.02713
G1 X63.046 Y121.154 E.58628
G1 X62.706 Y120.873 E.02164
G1 X55.26 Y130.689 E.60357
G1 X54.706 Y130.689 E.02713
G1 X62.373 Y120.581 E.62154
G1 X62.05 Y120.278 E.02174
G1 X54.152 Y130.689 E.64021
G1 X53.598 Y130.689 E.02713
G1 X61.734 Y119.963 E.65954
G1 X61.428 Y119.637 E.02193
G1 X53.044 Y130.689 E.67962
G1 X52.49 Y130.689 E.02713
G1 X61.13 Y119.299 E.70037
G1 X60.842 Y118.949 E.02221
G1 X51.936 Y130.689 E.72187
G1 X51.383 Y130.689 E.02713
G1 X60.561 Y118.589 E.74402
G1 X60.292 Y118.214 E.02263
G1 X51.311 Y130.054 E.72805
G1 X51.311 Y129.324 E.03577
G1 X60.027 Y117.833 E.70657
G1 X59.778 Y117.432 E.02315
G1 X51.311 Y128.594 E.68635
G1 X51.311 Y127.864 E.03577
G1 X59.536 Y117.02 E.66676
G1 X59.306 Y116.593 E.02376
G1 X51.311 Y127.134 E.64813
G1 X51.311 Y126.404 E.03577
G1 X59.087 Y116.152 E.63035
G1 X58.88 Y115.695 E.02458
G1 X51.311 Y125.673 E.61356
G1 X51.311 Y124.943 E.03577
G1 X58.684 Y115.223 E.59765
G1 X58.501 Y114.734 E.02559
G1 X51.311 Y124.213 E.58285
G1 X51.311 Y123.483 E.03577
G1 X58.334 Y114.224 E.56933
G1 X58.178 Y113.699 E.0268
G1 X51.311 Y122.753 E.55667
G1 X51.311 Y122.023 E.03577
G1 X58.047 Y113.141 E.54609
G1 X57.927 Y112.57 E.02861
G1 X51.311 Y121.293 E.53634
G1 X51.311 Y120.562 E.03577
G1 X57.828 Y111.97 E.52831
G1 X57.759 Y111.331 E.03151
G1 X51.311 Y119.832 E.52273
G1 X51.311 Y119.102 E.03577
G1 X57.712 Y110.662 E.51894
G1 X57.691 Y109.961 E.03439
G1 X51.311 Y118.372 E.51718
G1 X51.311 Y117.642 E.03577
G1 X57.717 Y109.196 E.51933
G1 X57.79 Y108.37 E.04059
G1 X51.311 Y116.912 E.52519
G1 X51.311 Y116.181 E.03577
G1 X57.921 Y107.467 E.53585
G1 X58.145 Y106.441 E.05143
G1 X51.311 Y115.451 E.55402
G1 X51.311 Y114.721 E.03577
G1 X58.934 Y104.671 E.61799
G1 E-4.5 F2700
;WIPE_START
G1 F4500
G1 X57.726 Y106.264 E-.475
;WIPE_END
G1 E-.025 F2700
M205 X8 Y8
M204 S500
G1 X64.934 Y108.772 Z2.8 F7200
G1 X84.894 Y115.717 Z2.8
G1 Z2.4
G1 E5 F2400
M204 S250
M205 X10 Y10
G1 F4500
G1 X104.925 Y89.311 E1.62367
G1 X104.371 Y89.311 E.02713
G1 X85.795 Y113.8 E1.50577
G1 X86.045 Y112.739 E.05336
G1 X103.817 Y89.311 E1.44059
G1 X103.263 Y89.311 E.02713
G1 X86.193 Y111.815 E1.38372
G1 X86.277 Y110.973 E.04141
G1 X102.709 Y89.311 E1.332
G1 X102.155 Y89.311 E.02713
G1 X86.302 Y110.21 E1.28508
G1 X86.293 Y109.491 E.03522
G1 X101.601 Y89.311 E1.24087
G1 X101.048 Y89.311 E.02713
M73 P71 R12
G1 X86.255 Y108.811 E1.19906
G1 X86.191 Y108.166 E.03175
G1 X100.494 Y89.311 E1.1594
G1 X99.94 Y89.311 E.02713
G1 X86.094 Y107.564 E1.12237
G1 X85.976 Y106.99 E.02873
G1 X99.386 Y89.311 E1.08704
G1 X98.832 Y89.311 E.02713
G1 X85.85 Y106.426 E1.05236
G1 X85.7 Y105.893 E.02712
G1 X98.278 Y89.311 E1.01959
G1 X97.724 Y89.311 E.02713
G1 X85.541 Y105.372 E.98761
G1 X85.357 Y104.885 E.02552
G1 X97.171 Y89.311 E.95765
G1 X96.617 Y89.311 E.02713
G1 X85.168 Y104.404 E.92807
G1 X84.96 Y103.948 E.02455
G1 X96.063 Y89.311 E.90004
G1 X95.509 Y89.311 E.02713
G1 X84.745 Y103.501 E.87254
G1 X84.516 Y103.073 E.02379
G1 X94.955 Y89.311 E.8462
G1 X94.401 Y89.311 E.02713
G1 X84.276 Y102.659 E.82076
G1 X84.027 Y102.257 E.02316
G1 X93.848 Y89.311 E.79604
G1 X93.294 Y89.311 E.02713
G1 X83.769 Y101.867 E.77209
G1 X83.5 Y101.492 E.02263
G1 X92.74 Y89.311 E.74899
G1 X92.186 Y89.311 E.02713
G1 X83.221 Y101.129 E.72669
G1 X82.934 Y100.777 E.02224
G1 X91.632 Y89.311 E.70506
G1 X91.078 Y89.311 E.02713
G1 X82.638 Y100.438 E.68417
G1 X82.332 Y100.111 E.02193
G1 X90.524 Y89.311 E.66408
G1 X89.971 Y89.311 E.02713
G1 X82.022 Y99.789 E.64431
G1 X81.697 Y99.487 E.02173
G1 X89.417 Y89.311 E.62573
G1 X88.863 Y89.311 E.02713
G1 X81.371 Y99.187 E.60728
G1 X81.03 Y98.907 E.02163
G1 X88.309 Y89.311 E.59005
G1 X87.755 Y89.311 E.02713
G1 X80.686 Y98.63 E.57305
G1 X80.327 Y98.373 E.02162
G1 X87.201 Y89.311 E.55721
G1 X86.647 Y89.311 E.02713
G1 X79.963 Y98.122 E.54181
G1 X79.589 Y97.885 E.02169
G1 X86.094 Y89.311 E.52722
G1 X85.54 Y89.311 E.02713
G1 X79.216 Y97.648 E.51263
G1 X78.826 Y97.431 E.02184
G1 X84.986 Y89.311 E.49931
G1 X84.432 Y89.311 E.02713
G1 X78.431 Y97.221 E.48642
G1 X78.025 Y97.027 E.02207
G1 X83.878 Y89.311 E.47449
G1 X83.324 Y89.311 E.02713
G1 X77.612 Y96.842 E.46307
G1 X77.188 Y96.67 E.0224
G1 X82.77 Y89.311 E.45253
G1 X82.217 Y89.311 E.02713
G1 X76.756 Y96.509 E.44262
G1 X76.314 Y96.362 E.02282
G1 X81.663 Y89.311 E.43355
G1 X81.109 Y89.311 E.02713
G1 X75.864 Y96.225 E.42515
G1 X75.399 Y96.108 E.02349
G1 X80.555 Y89.311 E.41793
G1 X80.001 Y89.311 E.02713
G1 X74.928 Y95.999 E.41127
G1 X74.438 Y95.914 E.02432
G1 X79.447 Y89.311 E.40602
G1 X78.894 Y89.311 E.02713
G1 X73.949 Y95.828 E.40077
G1 X73.44 Y95.77 E.02513
G1 X78.34 Y89.311 E.39718
G1 X77.786 Y89.311 E.02713
G1 X72.923 Y95.721 E.39415
G1 X72.383 Y95.703 E.02648
G1 X77.232 Y89.311 E.39304
G1 X76.678 Y89.311 E.02713
G1 X71.836 Y95.694 E.39253
G1 X71.267 Y95.714 E.02789
G1 X76.124 Y89.311 E.39376
G1 X75.57 Y89.311 E.02713
G1 X70.675 Y95.764 E.3968
G1 X70.076 Y95.824 E.0295
G1 X75.017 Y89.311 E.40048
G1 X74.463 Y89.311 E.02713
G1 X69.445 Y95.926 E.40674
G1 X68.787 Y96.063 E.03293
G1 X73.909 Y89.311 E.41519
G1 X73.355 Y89.311 E.02713
G1 X68.1 Y96.238 E.42594
G1 X67.379 Y96.459 E.03698
G1 X72.801 Y89.311 E.43954
G1 X72.247 Y89.311 E.02713
G1 X66.604 Y96.751 E.45748
G1 X65.767 Y97.123 E.04485
G1 X71.693 Y89.311 E.48038
G1 X71.14 Y89.311 E.02713
G1 X64.845 Y97.609 E.51024
G1 X64.017 Y98.123 E.04774
G1 X63.76 Y98.309 E.01554
G1 X70.586 Y89.311 E.55329
G1 X70.032 Y89.311 E.02713
G1 X62.335 Y99.457 E.62388
G1 X61.881 Y99.881 E.03044
G1 X61.267 Y100.535 E.04396
G1 X60.671 Y101.258 E.04588
G1 X60.08 Y102.082 E.0497
G1 X59.588 Y102.879 E.04587
G1 X59.225 Y103.557 E.03767
G1 X51.311 Y113.991 E.64156
G1 X51.311 Y113.261 E.03577
G1 X69.478 Y89.311 E1.47265
G1 X68.924 Y89.311 E.02713
G1 X51.311 Y112.531 E1.42775
G1 X51.311 Y111.801 E.03577
G1 X68.37 Y89.311 E1.38286
G1 X67.816 Y89.311 E.02713
G1 X51.311 Y111.07 E1.33796
G1 X51.311 Y110.34 E.03577
M73 P72 R12
G1 X67.263 Y89.311 E1.29307
G1 X66.709 Y89.311 E.02713
G1 X51.311 Y109.61 E1.24817
G1 X51.311 Y108.88 E.03577
G1 X66.155 Y89.311 E1.20328
G1 X65.601 Y89.311 E.02713
G1 X51.311 Y108.15 E1.15838
G1 X51.311 Y107.42 E.03577
G1 X65.047 Y89.311 E1.11349
G1 X64.493 Y89.311 E.02713
G1 X51.311 Y106.69 E1.06859
G1 X51.311 Y105.959 E.03577
G1 X63.939 Y89.311 E1.0237
G1 X63.386 Y89.311 E.02713
G1 X51.311 Y105.229 E.9788
G1 X51.311 Y104.499 E.03577
G1 X62.832 Y89.311 E.93391
G1 X62.278 Y89.311 E.02713
G1 X51.311 Y103.769 E.88901
G1 X51.311 Y103.039 E.03577
G1 X61.724 Y89.311 E.84412
G1 X61.17 Y89.311 E.02713
G1 X51.311 Y102.309 E.79922
G1 X51.311 Y101.579 E.03577
G1 X60.616 Y89.311 E.75433
G1 X60.063 Y89.311 E.02713
G1 X51.311 Y100.848 E.70943
G1 X51.311 Y100.118 E.03577
G1 X59.509 Y89.311 E.66454
G1 X58.955 Y89.311 E.02713
G1 X51.311 Y99.388 E.61964
G1 X51.311 Y98.658 E.03577
G1 X58.401 Y89.311 E.57475
G1 X57.847 Y89.311 E.02713
G1 X51.311 Y97.928 E.52985
G1 X51.311 Y97.198 E.03577
G1 X57.293 Y89.311 E.48496
G1 X56.739 Y89.311 E.02713
G1 X51.311 Y96.467 E.44006
G1 X51.311 Y95.737 E.03577
G1 X56.186 Y89.311 E.39517
G1 X55.632 Y89.311 E.02713
G1 X51.311 Y95.007 E.35027
G1 X51.311 Y94.277 E.03577
G1 X55.078 Y89.311 E.30538
G1 X54.524 Y89.311 E.02713
G1 X51.311 Y93.547 E.26048
G1 X51.311 Y92.817 E.03577
G1 X53.97 Y89.311 E.21559
G1 X53.416 Y89.311 E.02713
G1 X51.311 Y92.087 E.17069
G1 X51.311 Y91.356 E.03577
G1 X52.862 Y89.311 E.1258
G1 X52.309 Y89.311 E.02713
G1 X51.311 Y90.626 E.0809
G1 X51.311 Y89.896 E.03577
G1 X51.905 Y89.113 E.04818
; stop printing object V7_00_pH_fit_gauge_26_30_34.stl id:0 copy 0
;TIME_ELAPSED:1898.746948

;LAYER_CHANGE
;:2.6
;HEIGHT:0.2
;BEFORE_LAYER_CHANGE
;2.6
G92 E0
;TIME_ELAPSED:1954.177856
G1 E-4.5 F2700
;WIPE_START
G1 F4500
G1 X51.311 Y89.896 E-.23358
G1 X51.311 Y90.626 E-.17341
G1 X51.484 Y90.398 E-.06801
;WIPE_END
G1 E-.025 F2700
;_SET_FAN_SPEED_CHANGING_LAYER
; OBJECT_ID: 15
; printing object V7_00_pH_fit_gauge_26_30_34.stl id:0 copy 0
M205 X8 Y8
M204 S500
G17
G3 Z2.8 I-.397 J1.15 P1  F7200
G1 X168.991 Y130.991 Z2.8
G1 Z2.6
G1 E5 F2400
M205 X10 Y10
;TYPE:Inner wall
;WIDTH:0.449999
G1 F2700
G1 X51.009 Y130.991 E3.91366
G1 X51.009 Y89.009 E1.39261
M73 P72 R11
G1 X168.991 Y89.009 E3.91366
G1 X168.991 Y130.951 E1.39128
M205 X8 Y8
G1 X169.398 Y131.398 F7200
M205 X10 Y10
G1 F2700
G1 X50.602 Y131.398 E3.94067
G1 X50.602 Y88.602 E1.41961
G1 X169.398 Y88.602 E3.94067
G1 X169.398 Y131.358 E1.41829
M205 X8 Y8
M73 P73 R11
G1 X169.79 Y131.79 F7200
M205 X10 Y10
;TYPE:Outer wall
;WIDTH:0.419999
G1 F2400
G1 X50.21 Y131.79 E3.67435
G1 X50.21 Y88.21 E1.33909
G1 X169.79 Y88.21 E3.67435
G1 X169.79 Y131.75 E1.33786
G1 E-4.5 F2700
;WIPE_START
G1 F2400
G1 X167.79 Y131.751 E-.475
;WIPE_END
G1 E-.025 F2700
M205 X8 Y8
G1 X161.533 Y127.38 Z3 F7200
G1 X130.517 Y105.713 Z3
G1 Z2.6
G1 E5 F2400
M205 X10 Y10
;TYPE:Inner wall
;WIDTH:0.449999
G1 F2700
G1 X130.529 Y105.659 E.00182
G1 X130.937 Y104.242 E.04893
G1 X131.43 Y102.961 E.04553
G1 X131.834 Y102.064 E.03263
G1 X132.403 Y100.996 E.04013
G1 X133.008 Y100.022 E.03805
G1 X133.711 Y99.037 E.04014
G1 X134.46 Y98.125 E.03912
G1 X135.265 Y97.265 E.03909
G1 X136.125 Y96.46 E.03909
G1 X137.036 Y95.712 E.0391
G1 X137.994 Y95.025 E.03909
G1 X138.995 Y94.403 E.03909
G1 X140.035 Y93.848 E.03909
G1 X141.108 Y93.361 E.03909
G1 X142.211 Y92.946 E.03909
G1 X143.339 Y92.604 E.03909
G1 X144.486 Y92.336 E.03909
G1 X145.654 Y92.144 E.03925
G1 X146.985 Y92.025 E.04431
G1 X147.999 Y91.99 E.03368
G1 X149.178 Y92.029 E.03912
G1 X150.355 Y92.145 E.03925
G1 X151.671 Y92.375 E.04431
G1 X152.661 Y92.604 E.03368
G1 X153.789 Y92.946 E.03912
G1 X154.892 Y93.361 E.03909
G1 X155.965 Y93.848 E.03909
G1 X157.005 Y94.403 E.03909
G1 X158.006 Y95.025 E.03909
G1 X158.964 Y95.712 E.03909
G1 X159.875 Y96.46 E.03909
G1 X160.735 Y97.265 E.03909
G1 X161.54 Y98.125 E.03909
G1 X162.288 Y99.036 E.03909
G1 X162.975 Y99.994 E.03909
G1 X163.597 Y100.995 E.03909
G1 X164.152 Y102.035 E.03909
G1 X164.639 Y103.108 E.03909
G1 X165.054 Y104.211 E.03909
G1 X165.397 Y105.343 E.03925
G1 X165.689 Y106.647 E.04431
G1 X165.856 Y107.648 E.03368
G1 X165.971 Y108.822 E.03912
G1 X166.01 Y110 E.03909
G1 X165.971 Y111.178 E.03909
G1 X165.855 Y112.355 E.03925
G1 X165.625 Y113.671 E.04431
G1 X165.396 Y114.661 E.03368
G1 X165.054 Y115.789 E.03912
G1 X164.639 Y116.892 E.03909
G1 X164.152 Y117.965 E.03909
G1 X163.597 Y119.005 E.03909
G1 X162.975 Y120.006 E.03909
G1 X162.288 Y120.964 E.03909
G1 X161.537 Y121.878 E.03925
G1 X160.649 Y122.809 E.04268
G1 X159.876 Y123.539 E.03527
G1 X158.964 Y124.288 E.03916
G1 X158.006 Y124.975 E.03909
G1 X157.005 Y125.597 E.03909
G1 X155.965 Y126.152 E.03909
G1 X154.892 Y126.639 E.03909
G1 X153.789 Y127.054 E.03909
G1 X152.657 Y127.397 E.03925
G1 X151.353 Y127.689 E.04431
G1 X150.351 Y127.856 E.03368
G1 X149.173 Y127.972 E.03928
G1 X147.838 Y128.003 E.04431
G1 X146.823 Y127.971 E.03368
G1 X145.645 Y127.855 E.03928
G1 X144.329 Y127.625 E.04431
G1 X143.339 Y127.396 E.03368
G1 X142.211 Y127.054 E.03912
G1 X141.108 Y126.639 E.03909
G1 X140.035 Y126.152 E.03909
G1 X138.995 Y125.597 E.03909
G1 X137.994 Y124.975 E.03909
G1 X137.036 Y124.288 E.03909
G1 X136.125 Y123.54 E.03909
G1 X135.265 Y122.735 E.03909
G1 X134.46 Y121.875 E.03909
G1 X133.732 Y120.989 E.03802
G1 X133.24 Y120.305 E.02796
G1 X132.539 Y119.224 E.04273
G1 X132.026 Y118.3 E.03504
G1 X131.35 Y116.862 E.05273
G1 X130.957 Y115.819 E.03695
G1 X130.595 Y114.621 E.04154
G1 X130.311 Y113.353 E.04309
G1 X130.15 Y112.383 E.03263
G1 X130.032 Y111.21 E.03909
G1 X130.002 Y110.051 E.03846
G1 X130.024 Y108.985 E.03536
G1 X130.115 Y107.942 E.03472
G1 X130.375 Y106.329 E.05422
G1 X130.508 Y105.752 E.01963
M205 X8 Y8
G1 X130.914 Y105.804 F7200
M205 X10 Y10
G1 F2700
G1 X130.926 Y105.752 E.00178
G1 X131.326 Y104.36 E.04805
G1 X131.809 Y103.108 E.04453
G1 X132.205 Y102.232 E.03188
G1 X132.756 Y101.199 E.03883
G1 X133.354 Y100.237 E.03759
G1 X134.035 Y99.285 E.03883
G1 X134.766 Y98.394 E.03822
G1 X135.553 Y97.553 E.03821
G1 X136.394 Y96.766 E.03821
G1 X137.284 Y96.035 E.03821
G1 X138.221 Y95.364 E.03821
G1 X139.199 Y94.756 E.03821
G1 X140.215 Y94.213 E.03821
G1 X141.264 Y93.737 E.03821
G1 X142.342 Y93.332 E.03821
G1 X143.444 Y92.997 E.03821
G1 X144.566 Y92.736 E.03821
G1 X145.705 Y92.548 E.0383
G1 X147.021 Y92.431 E.04381
G1 X148 Y92.398 E.0325
G1 X149.151 Y92.435 E.03822
G1 X150.3 Y92.548 E.0383
G1 X151.601 Y92.776 E.04381
G1 X152.556 Y92.997 E.0325
G1 X153.658 Y93.332 E.03822
G1 X154.736 Y93.737 E.03821
G1 X155.785 Y94.213 E.03821
G1 X156.801 Y94.756 E.03821
G1 X157.779 Y95.364 E.03821
G1 X158.716 Y96.035 E.03821
G1 X159.606 Y96.766 E.03821
G1 X160.447 Y97.553 E.03821
G1 X161.234 Y98.394 E.03821
G1 X161.965 Y99.284 E.03821
G1 X162.636 Y100.221 E.03821
G1 X163.244 Y101.199 E.03821
G1 X163.787 Y102.215 E.03821
G1 X164.263 Y103.264 E.03821
G1 X164.668 Y104.342 E.03821
G1 X165.003 Y105.447 E.0383
G1 X165.291 Y106.736 E.04381
G1 X165.452 Y107.702 E.0325
G1 X165.565 Y108.849 E.03822
G1 X165.602 Y110 E.03821
G1 X165.565 Y111.151 E.03821
G1 X165.452 Y112.3 E.0383
G1 X165.224 Y113.601 E.04381
G1 X165.003 Y114.556 E.0325
G1 X164.668 Y115.658 E.03822
G1 X164.263 Y116.736 E.03821
G1 X163.787 Y117.785 E.03821
G1 X163.244 Y118.801 E.03821
G1 X162.636 Y119.779 E.03821
G1 X161.965 Y120.716 E.03821
G1 X161.232 Y121.608 E.0383
G1 X160.355 Y122.528 E.04218
G1 X159.607 Y123.234 E.0341
G1 X158.716 Y123.965 E.03824
G1 X157.779 Y124.636 E.03821
G1 X156.801 Y125.244 E.03821
G1 X155.785 Y125.787 E.03821
G1 X154.736 Y126.262 E.03821
G1 X153.658 Y126.668 E.03821
G1 X152.553 Y127.003 E.0383
G1 X151.264 Y127.291 E.04381
G1 X150.298 Y127.452 E.0325
G1 X149.148 Y127.565 E.03831
G1 X147.828 Y127.596 E.04381
G1 X146.849 Y127.565 E.0325
G1 X145.7 Y127.452 E.03831
G1 X144.399 Y127.224 E.04381
G1 X143.444 Y127.003 E.0325
G1 X142.342 Y126.668 E.03822
G1 X141.264 Y126.263 E.03821
G1 X140.215 Y125.787 E.03821
G1 X139.199 Y125.244 E.03821
G1 X138.221 Y124.636 E.03821
G1 X137.284 Y123.965 E.03821
G1 X136.394 Y123.234 E.03821
G1 X135.553 Y122.447 E.03821
G1 X134.766 Y121.606 E.03821
G1 X134.047 Y120.73 E.03758
G1 X133.571 Y120.068 E.02708
G1 X132.885 Y119.009 E.04185
G1 X132.385 Y118.108 E.03415
G1 X131.731 Y116.718 E.05096
G1 X131.338 Y115.676 E.03695
G1 X131.131 Y114.997 E.02354
G1 X130.935 Y114.276 E.02479
G1 X130.709 Y113.264 E.03439
G1 X130.551 Y112.316 E.03187
G1 X130.437 Y111.17 E.03821
G1 X130.409 Y110.041 E.03745
G1 X130.43 Y108.999 E.0346
G1 X130.521 Y107.982 E.03384
G1 X130.776 Y106.399 E.05321
G1 X130.904 Y105.843 E.01892
M205 X8 Y8
G1 X131.295 Y105.893 F7200
M205 X10 Y10
;TYPE:Outer wall
;WIDTH:0.419999
G1 F2400
G1 X131.307 Y105.841 E.00163
G1 X131.701 Y104.474 E.04372
G1 X132.175 Y103.249 E.04034
G1 X132.562 Y102.394 E.02885
G1 X133.096 Y101.395 E.03479
G1 X133.687 Y100.444 E.03442
G1 X134.346 Y99.523 E.03479
G1 X135.061 Y98.653 E.03461
G1 X135.831 Y97.831 E.0346
G1 X136.653 Y97.061 E.0346
G1 X137.523 Y96.346 E.03461
G1 X138.439 Y95.69 E.0346
G1 X139.395 Y95.096 E.0346
G1 X140.388 Y94.565 E.03461
G1 X141.414 Y94.1 E.0346
G1 X142.468 Y93.703 E.0346
G1 X143.546 Y93.376 E.03461
G1 X144.642 Y93.121 E.0346
G1 X145.755 Y92.937 E.03464
G1 X147.055 Y92.821 E.04013
G1 X148 Y92.79 E.02904
G1 X149.126 Y92.827 E.03461
G1 X150.247 Y92.937 E.03463
G1 X151.534 Y93.162 E.04013
G1 X152.454 Y93.376 E.02904
G1 X153.532 Y93.703 E.03461
G1 X154.586 Y94.1 E.03461
G1 X155.612 Y94.565 E.0346
G1 X156.605 Y95.096 E.03461
G1 X157.561 Y95.69 E.03461
G1 X158.477 Y96.346 E.0346
G1 X159.347 Y97.061 E.03461
G1 X160.169 Y97.831 E.0346
G1 X160.939 Y98.653 E.0346
G1 X161.654 Y99.523 E.0346
G1 X162.31 Y100.439 E.03461
G1 X162.904 Y101.395 E.0346
G1 X163.435 Y102.388 E.03461
G1 X163.9 Y103.414 E.0346
G1 X164.297 Y104.468 E.03461
G1 X164.624 Y105.547 E.03464
G1 X164.909 Y106.821 E.04013
G1 X165.063 Y107.754 E.02904
G1 X165.173 Y108.874 E.03461
G1 X165.21 Y110 E.0346
G1 X165.173 Y111.126 E.03461
G1 X165.063 Y112.247 E.03463
G1 X164.838 Y113.534 E.04013
G1 X164.624 Y114.454 E.02904
G1 X164.297 Y115.532 E.03461
G1 X163.9 Y116.586 E.03461
G1 X163.435 Y117.612 E.0346
G1 X162.904 Y118.605 E.0346
G1 X162.31 Y119.561 E.0346
G1 X161.654 Y120.477 E.03461
G1 X160.939 Y121.348 E.03463
G1 X160.071 Y122.257 E.03862
G1 X159.348 Y122.939 E.03054
G1 X158.477 Y123.654 E.03461
G1 X157.561 Y124.31 E.0346
G1 X156.605 Y124.904 E.0346
G1 X155.612 Y125.435 E.03461
G1 X154.586 Y125.9 E.0346
G1 X153.532 Y126.297 E.03461
G1 X152.453 Y126.624 E.03464
G1 X151.179 Y126.909 E.04013
G1 X150.246 Y127.063 E.02904
G1 X149.125 Y127.173 E.03464
G1 X147.819 Y127.204 E.04013
G1 X146.874 Y127.173 E.02904
G1 X145.753 Y127.063 E.03464
G1 X144.466 Y126.838 E.04013
G1 X143.546 Y126.624 E.02904
G1 X142.468 Y126.297 E.03461
G1 X141.414 Y125.9 E.03461
G1 X140.388 Y125.435 E.0346
G1 X139.395 Y124.904 E.03461
G1 X138.439 Y124.31 E.03461
G1 X137.523 Y123.654 E.0346
G1 X136.653 Y122.939 E.03461
G1 X135.831 Y122.169 E.0346
G1 X135.061 Y121.347 E.0346
G1 X134.35 Y120.482 E.03442
G1 X133.889 Y119.839 E.0243
G1 X133.218 Y118.801 E.03798
G1 X132.731 Y117.923 E.03085
G1 X132.295 Y117.016 E.03093
G1 X131.705 Y115.538 E.0489
G1 X131.317 Y114.191 E.04308
G1 X131.091 Y113.179 E.03185
G1 X130.938 Y112.252 E.02885
G1 X130.827 Y111.132 E.03461
G1 X130.801 Y110.032 E.03379
G1 X130.822 Y109.011 E.03138
G1 X130.911 Y108.021 E.03056
G1 X131.162 Y106.466 E.04839
G1 X131.286 Y105.932 E.01687
G1 E-4.5 F2700
;WIPE_START
G1 F2400
G1 X131.307 Y105.841 E-.02211
G1 X131.701 Y104.474 E-.3379
G1 X131.876 Y104.022 E-.11498
;WIPE_END
G1 E-.025 F2700
M205 X8 Y8
G1 X127.793 Y110.471 Z3 F7200
G1 X125.456 Y114.163 Z3
G1 Z2.6
G1 E5 F2400
M205 X10 Y10
;TYPE:Inner wall
;WIDTH:0.449999
G1 F2700
G1 X125.149 Y115.176 E.03515
G1 X124.802 Y116.096 E.03261
G1 X124.559 Y116.639 E.01974
G1 X124.343 Y117.109 E.01715
G1 X123.878 Y117.979 E.03273
G1 X123.443 Y118.684 E.02746
G1 X122.775 Y119.643 E.03878
G1 X122.036 Y120.557 E.03899
G1 X121.217 Y121.416 E.03936
G1 X120.58 Y122.015 E.02901
G1 X119.771 Y122.681 E.03475
G1 X118.921 Y123.293 E.03475
G1 X118.032 Y123.848 E.03475
G1 X117.078 Y124.36 E.03595
G1 X115.994 Y124.839 E.03928
G1 X115.176 Y125.149 E.02901
G1 X114.14 Y125.465 E.03595
G1 X112.984 Y125.723 E.03928
G1 X112.122 Y125.867 E.02901
G1 X111.079 Y125.972 E.03475
G1 X110.032 Y126.009 E.03475
G1 X108.985 Y125.976 E.03475
G1 X107.942 Y125.876 E.03475
G1 X106.909 Y125.707 E.03475
G1 X105.888 Y125.472 E.03475
G1 X104.85 Y125.159 E.03595
G1 X103.746 Y124.732 E.03928
G1 X102.949 Y124.372 E.02902
G1 X102.024 Y123.88 E.03475
G1 X101.133 Y123.329 E.03475
G1 X100.28 Y122.72 E.03475
G1 X99.469 Y122.057 E.03475
G1 X98.703 Y121.343 E.03475
G1 X97.985 Y120.58 E.03475
G1 X97.319 Y119.771 E.03475
G1 X96.707 Y118.921 E.03475
G1 X96.346 Y118.344 E.02258
G1 X95.854 Y117.48 E.03299
G1 X95.415 Y116.581 E.0332
G1 X95.198 Y116.096 E.0176
G1 X94.851 Y115.176 E.03261
G1 X94.636 Y114.472 E.02443
G1 X94.422 Y113.636 E.02863
G1 X94.277 Y112.984 E.02215
G1 X94.133 Y112.122 E.02901
G1 X94.028 Y111.079 E.03475
G1 X93.991 Y110.032 E.03475
G1 X94.019 Y109.116 E.03041
G1 X94.098 Y108.204 E.03038
G1 X94.228 Y107.299 E.03032
G1 X94.528 Y105.888 E.04785
G1 X94.748 Y105.156 E.02536
G1 X95.044 Y104.325 E.02923
G1 X95.268 Y103.746 E.02062
G1 X95.628 Y102.949 E.02902
G1 X96.12 Y102.024 E.03475
G1 X96.594 Y101.257 E.02992
G1 X97.28 Y100.28 E.03957
G1 X97.943 Y99.469 E.03475
G1 X98.657 Y98.703 E.03475
G1 X99.42 Y97.985 E.03475
G1 X100.229 Y97.319 E.03475
G1 X101.079 Y96.707 E.03475
G1 X101.968 Y96.152 E.03475
G1 X102.891 Y95.657 E.03475
G1 X103.844 Y95.222 E.03475
G1 X104.824 Y94.851 E.03475
G1 X105.825 Y94.545 E.03475
G1 X106.845 Y94.305 E.03475
G1 X107.914 Y94.127 E.03595
G1 X109.094 Y94.022 E.03928
G1 X109.968 Y93.991 E.02901
G1 X111.015 Y94.024 E.03475
G1 X112.058 Y94.124 E.03475
G1 X113.091 Y94.293 E.03475
G1 X114.112 Y94.528 E.03475
G1 X115.115 Y94.831 E.03475
G1 X116.096 Y95.198 E.03475
G1 X117.051 Y95.628 E.03475
G1 X117.976 Y96.12 E.03475
G1 X118.867 Y96.671 E.03475
G1 X119.72 Y97.28 E.03475
G1 X120.531 Y97.943 E.03475
G1 X121.297 Y98.657 E.03475
G1 X122.015 Y99.42 E.03475
G1 X122.699 Y100.25 E.03567
G1 X123.381 Y101.221 E.03938
G1 X123.848 Y101.968 E.02919
G1 X124.343 Y102.891 E.03475
G1 X124.839 Y104.006 E.04047
G1 X125.149 Y104.824 E.02901
G1 X125.455 Y105.826 E.03475
G1 X125.723 Y107.016 E.04047
G1 X125.82 Y107.588 E.01925
G1 X125.959 Y108.79 E.04014
G1 X126.003 Y109.782 E.03295
G1 X125.976 Y111.015 E.04089
G1 X125.876 Y112.058 E.03475
G1 X125.707 Y113.091 E.03475
G1 X125.472 Y114.112 E.03475
G1 X125.468 Y114.124 E.00042
M205 X8 Y8
G1 X125.068 Y114.044 F7200
M205 X10 Y10
G1 F2700
G1 X124.908 Y114.574 E.01836
G1 X124.421 Y115.953 E.04851
G1 X124.188 Y116.471 E.01886
G1 X123.679 Y117.489 E.03774
G1 X123.097 Y118.469 E.0378
G1 X122.444 Y119.406 E.0379
G1 X121.73 Y120.288 E.03765
G1 X120.922 Y121.135 E.0388
G1 X120.301 Y121.718 E.02826
G1 X119.513 Y122.366 E.03387
G1 X118.684 Y122.962 E.03387
G1 X117.817 Y123.502 E.03387
G1 X116.899 Y123.995 E.03458
G1 X115.83 Y124.467 E.03876
G1 X115.033 Y124.768 E.02826
G1 X114.036 Y125.072 E.03458
G1 X112.896 Y125.326 E.03876
G1 X112.055 Y125.466 E.02826
G1 X111.039 Y125.567 E.03387
G1 X110.019 Y125.602 E.03387
G1 X108.999 Y125.57 E.03387
G1 X107.982 Y125.471 E.03387
G1 X106.975 Y125.306 E.03387
G1 X105.98 Y125.075 E.03387
G1 X104.982 Y124.774 E.03458
G1 X103.893 Y124.352 E.03876
G1 X103.117 Y124.001 E.02826
G1 X102.216 Y123.521 E.03387
G1 X101.348 Y122.983 E.03387
G1 X100.517 Y122.389 E.03387
G1 X99.727 Y121.743 E.03387
G1 X98.981 Y121.046 E.03387
G1 X98.282 Y120.301 E.03387
G1 X97.634 Y119.513 E.03387
G1 X97.038 Y118.684 E.03387
G1 X96.692 Y118.129 E.02169
G1 X96.213 Y117.288 E.0321
G1 X95.785 Y116.413 E.03232
G1 X95.579 Y115.953 E.01672
G1 X95.232 Y115.033 E.03261
G1 X95.025 Y114.354 E.02354
G1 X94.819 Y113.547 E.02762
G1 X94.674 Y112.896 E.02215
G1 X94.534 Y112.055 E.02826
G1 X94.433 Y111.039 E.03387
G1 X94.398 Y110.019 E.03387
G1 X94.426 Y109.129 E.02953
G1 X94.504 Y108.243 E.0295
G1 X94.63 Y107.365 E.02944
G1 X94.925 Y105.98 E.04696
G1 X95.138 Y105.274 E.02448
G1 X95.424 Y104.472 E.02822
G1 X95.648 Y103.893 E.02062
G1 X95.999 Y103.117 E.02826
G1 X96.479 Y102.216 E.03387
G1 X96.94 Y101.472 E.02904
G1 X97.611 Y100.517 E.03869
G1 X98.257 Y99.727 E.03387
G1 X98.954 Y98.981 E.03387
G1 X99.699 Y98.282 E.03387
G1 X100.487 Y97.634 E.03387
G1 X101.316 Y97.038 E.03387
G1 X102.183 Y96.498 E.03387
G1 X103.082 Y96.016 E.03387
G1 X104.012 Y95.593 E.03387
G1 X104.967 Y95.232 E.03387
G1 X105.944 Y94.935 E.03387
G1 X106.938 Y94.702 E.03387
G1 X107.966 Y94.531 E.03458
G1 X109.13 Y94.427 E.03876
G1 X109.981 Y94.398 E.02826
G1 X111.001 Y94.43 E.03387
G1 X112.018 Y94.529 E.03387
G1 X113.025 Y94.694 E.03387
G1 X114.02 Y94.925 E.03387
G1 X114.997 Y95.22 E.03387
G1 X115.953 Y95.579 E.03387
G1 X116.883 Y95.999 E.03387
G1 X117.784 Y96.479 E.03387
G1 X118.652 Y97.017 E.03387
G1 X119.483 Y97.611 E.03387
G1 X120.273 Y98.257 E.03387
G1 X121.019 Y98.954 E.03387
G1 X121.718 Y99.699 E.03387
G1 X122.377 Y100.5 E.03441
G1 X123.048 Y101.455 E.03874
G1 X123.502 Y102.183 E.02844
G1 X123.984 Y103.083 E.03387
G1 X124.467 Y104.17 E.03946
G1 X124.768 Y104.967 E.02826
G1 X124.979 Y105.66 E.02402
G1 X125.156 Y106.34 E.02333
G1 X125.326 Y107.104 E.02597
G1 X125.418 Y107.654 E.01849
G1 X125.554 Y108.83 E.03926
G1 X125.596 Y109.796 E.03207
G1 X125.57 Y111.001 E.04001
G1 X125.471 Y112.018 E.03387
G1 X125.306 Y113.025 E.03387
G1 X125.078 Y114.005 E.03338
M205 X8 Y8
G1 X124.693 Y113.931 F7200
M205 X10 Y10
;TYPE:Outer wall
;WIDTH:0.419999
G1 F2400
G1 X124.533 Y114.46 E.01698
G1 X124.054 Y115.815 E.04415
G1 X123.831 Y116.31 E.01668
G1 X123.333 Y117.304 E.03417
G1 X122.764 Y118.262 E.03422
G1 X122.126 Y119.178 E.03432
G1 X121.435 Y120.029 E.03368
G1 X120.639 Y120.864 E.03546
G1 X120.033 Y121.431 E.0255
G1 X119.264 Y122.063 E.03058
G1 X118.455 Y122.643 E.03058
G1 X117.61 Y123.169 E.03058
G1 X116.726 Y123.642 E.0308
G1 X115.671 Y124.108 E.03544
G1 X114.895 Y124.401 E.0255
G1 X113.936 Y124.692 E.0308
G1 X112.81 Y124.944 E.03544
G1 X111.991 Y125.079 E.0255
G1 X111.001 Y125.177 E.03058
M73 P74 R11
G1 X110.006 Y125.21 E.03058
G1 X109.011 Y125.178 E.03058
G1 X108.021 Y125.081 E.03058
G1 X107.039 Y124.919 E.03058
G1 X106.069 Y124.693 E.03058
G1 X105.11 Y124.403 E.0308
G1 X104.034 Y123.986 E.03544
G1 X103.278 Y123.644 E.0255
G1 X102.4 Y123.175 E.03058
G1 X101.555 Y122.65 E.03058
G1 X100.746 Y122.071 E.03058
G1 X99.976 Y121.439 E.03058
G1 X99.249 Y120.759 E.03058
G1 X98.569 Y120.033 E.03058
G1 X97.937 Y119.264 E.03058
G1 X97.357 Y118.455 E.03058
G1 X97.025 Y117.922 E.01931
G1 X96.559 Y117.103 E.02895
G1 X96.143 Y116.251 E.02915
G1 X95.805 Y115.441 E.02697
G1 X95.599 Y114.895 E.01792
G1 X95.4 Y114.24 E.02102
G1 X95.202 Y113.462 E.02469
G1 X95.056 Y112.81 E.02052
G1 X94.921 Y111.991 E.0255
G1 X94.823 Y111.001 E.03058
G1 X94.79 Y110.006 E.03058
G1 X94.818 Y109.142 E.02656
G1 X94.894 Y108.282 E.02654
G1 X95.017 Y107.429 E.02648
G1 X95.307 Y106.069 E.04272
G1 X95.513 Y105.388 E.02188
G1 X95.789 Y104.614 E.02524
G1 X96.014 Y104.034 E.0191
G1 X96.356 Y103.278 E.0255
G1 X96.825 Y102.4 E.03058
G1 X97.273 Y101.679 E.02611
G1 X97.929 Y100.746 E.03505
G1 X98.561 Y99.976 E.03058
G1 X99.241 Y99.249 E.03058
G1 X99.967 Y98.569 E.03058
G1 X100.736 Y97.937 E.03058
G1 X101.545 Y97.357 E.03058
G1 X102.39 Y96.831 E.03058
G1 X103.267 Y96.361 E.03058
G1 X104.174 Y95.95 E.03058
G1 X105.105 Y95.599 E.03058
G1 X106.057 Y95.31 E.03058
G1 X107.027 Y95.084 E.03058
G1 X108.016 Y94.92 E.0308
G1 X109.164 Y94.818 E.03544
G1 X109.994 Y94.79 E.0255
G1 X110.989 Y94.822 E.03058
G1 X111.979 Y94.919 E.03058
G1 X112.961 Y95.081 E.03058
G1 X113.931 Y95.307 E.03058
G1 X114.883 Y95.595 E.03058
G1 X115.815 Y95.946 E.03058
G1 X116.722 Y96.356 E.03058
G1 X117.6 Y96.825 E.03058
G1 X118.445 Y97.35 E.03058
G1 X119.254 Y97.929 E.03058
G1 X120.024 Y98.561 E.03058
G1 X120.751 Y99.241 E.03058
G1 X121.431 Y99.967 E.03058
G1 X122.067 Y100.74 E.03075
G1 X122.728 Y101.681 E.03533
G1 X123.169 Y102.39 E.02567
G1 X123.639 Y103.267 E.03059
G1 X124.108 Y104.329 E.03565
G1 X124.401 Y105.105 E.0255
G1 X124.604 Y105.773 E.02146
G1 X124.773 Y106.426 E.02071
G1 X124.944 Y107.19 E.02405
G1 X125.031 Y107.718 E.01645
G1 X125.164 Y108.868 E.03558
G1 X125.204 Y109.808 E.02891
G1 X125.178 Y110.989 E.03627
G1 X125.081 Y111.979 E.03058
G1 X124.919 Y112.961 E.03058
G1 X124.702 Y113.892 E.02937
G1 E-4.5 F2700
;WIPE_START
G1 F2400
G1 X124.533 Y114.46 E-.14076
G1 X124.064 Y115.787 E-.33424
;WIPE_END
G1 E-.025 F2700
M205 X8 Y8
G1 X116.471 Y115.014 Z3 F7200
G1 X58.024 Y109.065 Z3
G1 Z2.6
G1 E5 F2400
M205 X10 Y10
;TYPE:Inner wall
;WIDTH:0.449999
G1 F2700
G1 X58.107 Y108.204 E.02872
G1 X58.254 Y107.299 E.03041
G1 X58.46 Y106.406 E.03041
G1 X58.724 Y105.528 E.03041
G1 X59.045 Y104.669 E.03041
G1 X59.422 Y103.833 E.03041
G1 X59.852 Y103.024 E.03041
G1 X60.334 Y102.244 E.03041
G1 X60.867 Y101.498 E.03041
G1 X61.446 Y100.788 E.03041
G1 X62.072 Y100.117 E.03041
G1 X62.739 Y99.489 E.03041
G1 X63.446 Y98.906 E.03041
G1 X64.19 Y98.37 E.03041
G1 X64.968 Y97.884 E.03041
G1 X65.775 Y97.45 E.03041
G1 X66.609 Y97.07 E.03041
G1 X67.466 Y96.745 E.03041
G1 X68.343 Y96.477 E.03041
G1 X69.235 Y96.267 E.03041
G1 X70.14 Y96.115 E.03041
G1 X71.203 Y96.018 E.03541
G1 X71.968 Y95.991 E.0254
G1 X72.884 Y96.019 E.03041
G1 X73.797 Y96.107 E.03041
G1 X74.849 Y96.288 E.03541
G1 X75.594 Y96.46 E.0254
G1 X76.472 Y96.724 E.03041
G1 X77.331 Y97.045 E.03041
G1 X78.167 Y97.422 E.03041
G1 X78.976 Y97.852 E.03041
G1 X79.879 Y98.422 E.03541
G1 X80.502 Y98.867 E.0254
G1 X81.212 Y99.446 E.03041
G1 X81.883 Y100.072 E.03041
G1 X82.511 Y100.739 E.03041
G1 X83.094 Y101.446 E.03041
G1 X83.63 Y102.19 E.03041
G1 X84.116 Y102.968 E.03041
G1 X84.55 Y103.775 E.03041
G1 X84.93 Y104.609 E.03041
G1 X85.155 Y105.201 E.02101
G1 X85.366 Y105.825 E.02185
G1 X85.523 Y106.343 E.01794
G1 X85.642 Y106.845 E.01712
G1 X85.841 Y107.878 E.03491
G1 X85.964 Y108.921 E.03481
G1 X86.009 Y109.968 E.03476
G1 X85.981 Y110.884 E.03041
G1 X85.893 Y111.796 E.03041
G1 X85.746 Y112.701 E.03041
G1 X85.54 Y113.594 E.03041
G1 X85.366 Y114.174 E.02008
G1 X84.955 Y115.331 E.04072
G1 X84.583 Y116.156 E.03002
G1 X84.306 Y116.681 E.01969
G1 X83.809 Y117.516 E.03223
G1 X83.273 Y118.307 E.03171
G1 X82.554 Y119.212 E.03835
G1 X81.928 Y119.883 E.03041
G1 X81.261 Y120.511 E.03041
G1 X80.553 Y121.094 E.03041
G1 X79.682 Y121.71 E.03541
G1 X79.032 Y122.116 E.0254
G1 X78.225 Y122.55 E.03041
G1 X77.391 Y122.93 E.03041
G1 X76.534 Y123.255 E.03041
G1 X75.657 Y123.523 E.03041
G1 X74.765 Y123.733 E.03041
G1 X73.861 Y123.885 E.03041
G1 X72.948 Y123.977 E.03041
G1 X72.032 Y124.009 E.03041
G1 X71.116 Y123.981 E.03041
G1 X70.203 Y123.893 E.03041
G1 X69.151 Y123.712 E.03541
G1 X68.406 Y123.54 E.0254
G1 X67.528 Y123.276 E.03041
G1 X66.669 Y122.955 E.03041
G1 X65.833 Y122.578 E.03041
G1 X65.024 Y122.148 E.03041
G1 X64.244 Y121.666 E.03041
G1 X63.498 Y121.133 E.03041
G1 X62.788 Y120.554 E.03041
G1 X62.117 Y119.928 E.03041
G1 X61.489 Y119.261 E.03041
G1 X60.906 Y118.554 E.03041
G1 X60.37 Y117.81 E.03041
G1 X59.884 Y117.032 E.03041
G1 X59.45 Y116.225 E.03041
G1 X59.07 Y115.391 E.03041
G1 X58.745 Y114.534 E.03041
G1 X58.477 Y113.657 E.03041
G1 X58.267 Y112.765 E.03041
G1 X58.115 Y111.861 E.03041
G1 X58.023 Y110.948 E.03041
G1 X57.991 Y110.032 E.03041
G1 X58.019 Y109.116 E.03041
G1 X58.02 Y109.105 E.00036
M205 X8 Y8
G1 X58.429 Y109.104 F7200
M205 X10 Y10
G1 F2700
G1 X58.512 Y108.243 E.02868
G1 X58.656 Y107.365 E.02953
G1 X58.857 Y106.498 E.02952
G1 X59.114 Y105.646 E.02953
G1 X59.426 Y104.812 E.02953
G1 X59.793 Y104.001 E.02953
G1 X60.211 Y103.216 E.02953
G1 X60.68 Y102.459 E.02953
G1 X61.197 Y101.735 E.02953
G1 X61.761 Y101.046 E.02953
G1 X62.369 Y100.396 E.02952
G1 X63.017 Y99.786 E.02953
G1 X63.705 Y99.221 E.02953
G1 X64.427 Y98.701 E.02953
G1 X65.183 Y98.23 E.02953
G1 X65.967 Y97.809 E.02952
G1 X66.777 Y97.441 E.02953
G1 X67.61 Y97.126 E.02952
G1 X68.461 Y96.867 E.02953
G1 X69.328 Y96.663 E.02952
G1 X70.206 Y96.517 E.02953
G1 X71.239 Y96.423 E.0344
G1 X71.981 Y96.398 E.02464
G1 X72.871 Y96.426 E.02953
G1 X73.757 Y96.512 E.02953
G1 X74.778 Y96.689 E.0344
G1 X75.502 Y96.857 E.02464
G1 X76.354 Y97.114 E.02953
G1 X77.188 Y97.426 E.02952
G1 X77.999 Y97.793 E.02953
G1 X78.785 Y98.211 E.02953
G1 X79.661 Y98.766 E.0344
G1 X80.265 Y99.197 E.02464
G1 X80.954 Y99.761 E.02953
G1 X81.604 Y100.369 E.02952
G1 X82.214 Y101.017 E.02952
G1 X82.779 Y101.705 E.02953
G1 X83.299 Y102.427 E.02953
G1 X83.77 Y103.183 E.02953
G1 X84.191 Y103.967 E.02952
G1 X84.559 Y104.777 E.02953
G1 X84.976 Y105.944 E.04109
G1 X85.133 Y106.461 E.01794
G1 X85.326 Y107.282 E.02795
G1 X85.44 Y107.945 E.02232
G1 X85.559 Y108.961 E.03393
G1 X85.602 Y109.981 E.03388
G1 X85.574 Y110.871 E.02953
G1 X85.488 Y111.757 E.02953
G1 X85.344 Y112.635 E.02953
G1 X85.143 Y113.502 E.02952
G1 X84.976 Y114.056 E.0192
G1 X84.574 Y115.188 E.03984
G1 X84.212 Y115.988 E.02913
G1 X83.947 Y116.489 E.0188
G1 X83.465 Y117.298 E.03122
G1 X82.942 Y118.07 E.03095
G1 X82.239 Y118.954 E.03747
G1 X81.631 Y119.604 E.02953
G1 X80.983 Y120.214 E.02952
G1 X80.295 Y120.78 E.02953
G1 X79.448 Y121.377 E.0344
G1 X78.817 Y121.77 E.02464
G1 X78.033 Y122.191 E.02952
G1 X77.223 Y122.559 E.02953
G1 X76.39 Y122.874 E.02952
G1 X75.539 Y123.133 E.02953
G1 X74.672 Y123.337 E.02952
G1 X73.794 Y123.483 E.02953
G1 X72.909 Y123.571 E.02953
G1 X72.019 Y123.602 E.02953
G1 X71.129 Y123.574 E.02953
G1 X70.243 Y123.488 E.02953
G1 X69.222 Y123.311 E.0344
G1 X68.498 Y123.143 E.02464
G1 X67.646 Y122.886 E.02953
G1 X66.812 Y122.574 E.02952
G1 X66.001 Y122.207 E.02953
G1 X65.216 Y121.789 E.02952
G1 X64.459 Y121.32 E.02953
G1 X63.735 Y120.803 E.02953
G1 X63.046 Y120.239 E.02953
G1 X62.396 Y119.631 E.02952
G1 X61.786 Y118.983 E.02952
G1 X61.221 Y118.295 E.02953
G1 X60.701 Y117.573 E.02953
G1 X60.23 Y116.817 E.02953
G1 X59.809 Y116.033 E.02953
G1 X59.441 Y115.223 E.02953
G1 X59.126 Y114.39 E.02953
G1 X58.867 Y113.539 E.02953
G1 X58.663 Y112.672 E.02953
G1 X58.517 Y111.794 E.02953
G1 X58.429 Y110.909 E.02953
G1 X58.398 Y110.019 E.02953
G1 X58.426 Y109.144 E.02904
M205 X8 Y8
G1 X58.818 Y109.142 F7200
M205 X10 Y10
;TYPE:Outer wall
;WIDTH:0.419999
G1 F2400
G1 X58.902 Y108.282 E.02655
G1 X59.043 Y107.429 E.02656
G1 X59.239 Y106.587 E.02656
G1 X59.489 Y105.76 E.02656
G1 X59.793 Y104.95 E.02656
G1 X60.15 Y104.163 E.02656
G1 X60.557 Y103.4 E.02656
G1 X61.013 Y102.666 E.02656
G1 X61.516 Y101.963 E.02656
G1 X62.064 Y101.295 E.02656
G1 X62.655 Y100.664 E.02656
G1 X63.285 Y100.072 E.02656
G1 X63.953 Y99.524 E.02656
G1 X64.656 Y99.02 E.02656
G1 X65.39 Y98.563 E.02656
G1 X66.152 Y98.155 E.02656
G1 X66.939 Y97.798 E.02656
G1 X67.748 Y97.493 E.02656
G1 X68.575 Y97.242 E.02656
G1 X69.417 Y97.045 E.02656
G1 X70.27 Y96.904 E.02657
G1 X71.273 Y96.814 E.03096
G1 X71.994 Y96.79 E.02215
G1 X72.858 Y96.818 E.02656
G1 X73.718 Y96.902 E.02656
G1 X74.711 Y97.075 E.03096
G1 X75.413 Y97.239 E.02215
G1 X76.24 Y97.489 E.02656
G1 X77.05 Y97.793 E.02656
G1 X77.837 Y98.15 E.02656
G1 X78.6 Y98.557 E.02656
G1 X79.451 Y99.097 E.03096
G1 X80.037 Y99.516 E.02215
G1 X80.705 Y100.064 E.02656
G1 X81.336 Y100.655 E.02656
G1 X81.928 Y101.285 E.02656
G1 X82.476 Y101.953 E.02656
G1 X82.98 Y102.656 E.02656
G1 X83.437 Y103.39 E.02656
G1 X83.845 Y104.152 E.02656
G1 X84.202 Y104.939 E.02656
G1 X84.601 Y106.057 E.03649
G1 X84.758 Y106.575 E.01662
G1 X84.944 Y107.371 E.0251
G1 X85.053 Y108.009 E.01989
G1 X85.168 Y108.999 E.03064
G1 X85.21 Y109.994 E.03059
G1 X85.182 Y110.858 E.02656
G1 X85.098 Y111.718 E.02656
G1 X84.957 Y112.571 E.02656
G1 X84.761 Y113.413 E.02656
G1 X84.601 Y113.942 E.017
G1 X84.207 Y115.05 E.03611
G1 X83.855 Y115.826 E.0262
G1 X83.601 Y116.304 E.01663
G1 X83.134 Y117.087 E.02802
G1 X82.624 Y117.842 E.02799
G1 X81.936 Y118.705 E.03392
G1 X81.345 Y119.336 E.02656
G1 X80.715 Y119.928 E.02656
G1 X80.046 Y120.476 E.02657
G1 X79.222 Y121.056 E.03096
G1 X78.61 Y121.437 E.02215
G1 X77.848 Y121.845 E.02656
G1 X77.061 Y122.202 E.02656
G1 X76.252 Y122.507 E.02656
G1 X75.425 Y122.758 E.02656
G1 X74.583 Y122.955 E.02656
G1 X73.73 Y123.096 E.02656
G1 X72.87 Y123.181 E.02656
G1 X72.006 Y123.21 E.02656
G1 X71.142 Y123.182 E.02656
G1 X70.282 Y123.098 E.02656
G1 X69.289 Y122.925 E.03096
G1 X68.587 Y122.761 E.02215
G1 X67.76 Y122.511 E.02656
G1 X66.95 Y122.207 E.02656
G1 X66.163 Y121.85 E.02656
G1 X65.4 Y121.443 E.02656
G1 X64.666 Y120.987 E.02656
G1 X63.963 Y120.484 E.02656
G1 X63.295 Y119.936 E.02656
G1 X62.664 Y119.345 E.02656
G1 X62.072 Y118.715 E.02656
G1 X61.524 Y118.047 E.02656
G1 X61.02 Y117.344 E.02656
G1 X60.563 Y116.61 E.02656
G1 X60.155 Y115.848 E.02656
G1 X59.798 Y115.061 E.02656
G1 X59.493 Y114.252 E.02656
G1 X59.242 Y113.425 E.02656
G1 X59.045 Y112.583 E.02656
G1 X58.904 Y111.73 E.02656
G1 X58.819 Y110.87 E.02656
G1 X58.79 Y110.006 E.02656
G1 X58.817 Y109.182 E.02535
G1 E-4.5 F2700
;WIPE_START
G1 F2400
G1 X58.902 Y108.282 E-.21468
G1 X59.043 Y107.429 E-.20531
G1 X59.095 Y107.203 E-.05501
;WIPE_END
G1 E-.025 F2700
M205 X8 Y8
G1 X51.417 Y130.567 Z3 F7200
G1 Z2.6
G1 E5 F2400
M205 X10 Y10
;TYPE:Internal solid infill
;WIDTH:0.405698
G1 F3600
G1 X51.349 Y130.606 E.00232
G1 X51.419 Y130.641 E.00233
M205 X8 Y8
G1 X150.899 Y129.388 F7200
M205 X10 Y10
;WIDTH:0.419574
G1 F3600
G1 X151.132 Y129.369 E.00717
;WIDTH:0.439997
G1 X151.365 Y129.35 E.00756
M205 X8 Y8
G1 X147.941 Y129.26 F7200
M205 X10 Y10
;WIDTH:0.531371
G1 F3600
G1 X148.411 Y129.731 E.02648
G1 X149.309 Y129.726 E.03574
;WIDTH:0.553985
G1 X149.891 Y129.711 E.02423
;WIDTH:0.581347
G1 X150.472 Y129.697 E.02553
;WIDTH:0.570856
G1 X150.615 Y129.721 E.0062
;WIDTH:0.522513
G1 X150.757 Y129.745 E.00564
;WIDTH:0.45096
G1 X150.899 Y129.77 E.0048
G1 X152.425 Y129.77 E.05073
G1 X151.549 Y128.894 E.04116
G1 X150.838 Y129.011 E.02398
;WIDTH:0.474171
G1 X150.707 Y129.056 E.00486
;WIDTH:0.522513
G1 X150.576 Y129.101 E.00541
;WIDTH:0.568018
G1 X150.445 Y129.146 E.00592
G1 X149.334 Y129.228 E.04768
;WIDTH:0.535446
G1 X147.981 Y129.259 E.05434
M205 X8 Y8
G1 X146.833 Y128.784 F7200
M205 X10 Y10
;WIDTH:0.449999
G1 F3600
G1 X148.226 Y130.177 E.06535
G1 X153.408 Y130.177 E.17187
G1 X151.679 Y128.448 E.08108
G1 X150.485 Y128.66 E.04023
G1 X149.29 Y128.778 E.03984
G1 X147.83 Y128.817 E.04843
G1 X146.873 Y128.785 E.03176
M205 X8 Y8
G1 X145.748 Y128.274 F7200
M205 X10 Y10
G1 F3600
G1 X148.036 Y130.562 E.10731
G1 X149.263 Y130.584 E.04072
G1 X154.39 Y130.584 E.17007
G1 X151.809 Y128.002 E.12112
G1 X151.206 Y128.126 E.0204
G1 X150.365 Y128.263 E.02828
G1 X149.25 Y128.373 E.03716
G1 X147.814 Y128.41 E.04766
G1 X146.756 Y128.374 E.03509
G1 X145.788 Y128.278 E.03228
G1 E-4.5 F2700
;WIPE_START
G1 F3600
G1 X146.756 Y128.374 E-.2311
G1 X147.783 Y128.409 E-.2439
;WIPE_END
G1 E-.025 F2700
M205 X8 Y8
G1 X154.317 Y124.464 Z3 F7200
G1 X168.889 Y115.666 Z3
G1 Z2.6
G1 E5 F2400
M205 X10 Y10
;WIDTH:0.451595
G1 F3600
G1 X166.058 Y112.835 E.13331
G1 X165.974 Y113.328 E.01666
G1 X168.706 Y116.06 E.12868
G1 X168.706 Y116.638 E.01925
G1 X165.884 Y113.816 E.13291
G1 X165.774 Y114.285 E.01602
G1 X168.706 Y117.216 E.13807
G1 X168.706 Y117.794 E.01925
G1 X165.665 Y114.753 E.14323
G1 X165.531 Y115.197 E.01545
G1 X168.706 Y118.372 E.14952
G1 X168.706 Y118.95 E.01925
G1 X165.397 Y115.641 E.15585
G1 X165.249 Y116.072 E.01516
G1 X168.706 Y119.528 E.16279
G1 X168.706 Y120.106 E.01925
G1 X165.091 Y116.491 E.17023
G1 X164.933 Y116.911 E.01494
G1 X168.706 Y120.684 E.17768
G1 X168.706 Y121.262 E.01925
G1 X164.76 Y117.316 E.18585
G1 X164.579 Y117.713 E.01454
G1 X168.706 Y121.84 E.19434
G1 X168.706 Y122.418 E.01925
G1 X164.396 Y118.108 E.20296
G1 X164.196 Y118.486 E.01423
G1 X168.706 Y122.996 E.21241
G1 X168.706 Y123.574 E.01925
G1 X163.995 Y118.863 E.22186
G1 X163.787 Y119.233 E.01414
G1 X168.706 Y124.152 E.23164
G1 X168.706 Y124.73 E.01925
G1 X163.566 Y119.59 E.24208
G1 X163.344 Y119.946 E.01397
G1 X168.706 Y125.308 E.25251
G1 X168.706 Y125.886 E.01925
G1 X163.117 Y120.296 E.26324
G1 X162.875 Y120.632 E.01379
G1 X168.706 Y126.464 E.27463
G1 X168.706 Y127.042 E.01925
G1 X162.633 Y120.968 E.28602
G1 X162.383 Y121.297 E.01374
G1 X168.706 Y127.619 E.29777
G1 X168.706 Y128.197 E.01925
G1 X162.123 Y121.614 E.31004
G1 X161.862 Y121.932 E.01368
G1 X168.706 Y128.775 E.32231
G1 X168.706 Y129.353 E.01925
G1 X161.587 Y122.235 E.33527
G1 X161.305 Y122.531 E.01361
G1 X168.706 Y129.931 E.34854
G1 X168.706 Y130.509 E.01925
G1 X161.023 Y122.827 E.36182
G1 X160.739 Y123.121 E.01361
G1 X168.325 Y130.706 E.35723
G1 X167.747 Y130.706 E.01925
G1 X160.44 Y123.399 E.3441
G1 X160.141 Y123.678 E.01362
G1 X167.169 Y130.706 E.33097
G1 X166.591 Y130.706 E.01925
G1 X159.83 Y123.945 E.31839
G1 X159.513 Y124.206 E.01368
G1 X166.013 Y130.706 E.30612
G1 X165.435 Y130.706 E.01925
M73 P74 R10
G1 X159.195 Y124.466 E.29385
G1 X158.86 Y124.709 E.01378
G1 X164.857 Y130.706 E.28241
G1 X164.279 Y130.706 E.01925
G1 X158.524 Y124.951 E.27105
G1 X158.187 Y125.192 E.01379
G1 X163.701 Y130.706 E.25968
G1 X163.123 Y130.706 E.01925
G1 X157.834 Y125.417 E.24909
G1 X157.478 Y125.638 E.01397
G1 X162.545 Y130.706 E.23866
G1 X161.967 Y130.706 E.01925
G1 X157.118 Y125.857 E.22837
G1 X156.742 Y126.059 E.01421
G1 X161.389 Y130.706 E.21886
G1 X160.811 Y130.706 E.01925
G1 X156.366 Y126.261 E.20935
G1 X155.982 Y126.455 E.01432
G1 X160.233 Y130.706 E.20021
G1 X159.655 Y130.706 E.01925
G1 X155.584 Y126.635 E.19172
G1 X155.187 Y126.815 E.01454
G1 X159.077 Y130.706 E.18323
G1 X158.499 Y130.706 E.01925
G1 X154.779 Y126.985 E.17522
G1 X154.358 Y127.143 E.01496
G1 X157.921 Y130.706 E.16781
G1 X157.343 Y130.706 E.01925
G1 X153.938 Y127.3 E.1604
G1 X153.499 Y127.44 E.01532
G1 X156.766 Y130.706 E.15383
G1 X156.188 Y130.706 E.01925
G1 X153.056 Y127.574 E.14749
G1 X152.602 Y127.698 E.01566
G1 X155.61 Y130.706 E.14164
G1 X155.032 Y130.706 E.01925
G1 X151.99 Y127.664 E.14326
M205 X8 Y8
G1 X168.787 Y130.744 F7200
M205 X10 Y10
;TYPE:Gap infill
;WIDTH:0.115512
G1 F2400
M73 P75 R10
G1 X168.569 Y130.787 E.00132
M205 X8 Y8
G1 X166.092 Y106.592 F7200
M205 X10 Y10
;TYPE:Internal solid infill
;WIDTH:0.449999
G1 F3600
G1 X166.263 Y107.635 E.03506
G1 X166.373 Y108.75 E.03717
G1 X166.416 Y109.997 E.04138
G1 X166.379 Y111.159 E.03857
G1 X166.24 Y112.498 E.04465
G1 X168.584 Y114.841 E.10993
G1 X168.584 Y109.062 E.19169
G1 X166.12 Y106.62 E.11507
M205 X8 Y8
G1 X167.162 Y112.179 F7200
M205 X10 Y10
;WIDTH:0.568444
G1 F3600
G1 X167.707 Y112.723 E.03295
G1 X167.727 Y111.236 E.06369
;WIDTH:0.523538
G1 X167.733 Y109.437 E.07047
G1 X167.231 Y108.935 E.02777
G1 X167.266 Y109.932 E.03907
G1 X167.235 Y111.186 E.04914
;WIDTH:0.538638
G1 X167.166 Y112.139 E.0386
M205 X8 Y8
G1 X166.673 Y112.355 F7200
M205 X10 Y10
;WIDTH:0.449999
G1 F3600
G1 X168.177 Y113.858 E.07053
G1 X168.177 Y109.253 E.15278
G1 X166.685 Y107.761 E.06999
G1 X166.778 Y108.71 E.03165
G1 X166.824 Y109.99 E.04248
G1 X166.786 Y111.172 E.03923
G1 X166.677 Y112.315 E.03809
M205 X8 Y8
G1 X167.338 Y89.416 F7200
M205 X10 Y10
G1 F3600
G1 X168.584 Y90.662 E.05843
G1 X168.584 Y89.416 E.04132
G1 X167.378 Y89.416 E.03999
M205 X8 Y8
G1 X168.239 Y89.746 F7200
M205 X10 Y10
;WIDTH:0.36544
G1 F3600
G1 X168.179 Y89.781 E.00184
G1 X168.239 Y89.816 E.00184
M205 X8 Y8
G1 X166.513 Y89.111 F7200
M205 X10 Y10
;WIDTH:0.452625
G1 F3600
G1 X168.706 Y91.304 E.10354
G1 X168.706 Y91.883 E.01934
G1 X166.136 Y89.313 E.12136
G1 X165.556 Y89.313 E.01934
G1 X168.706 Y92.463 E.14871
G1 X168.706 Y93.042 E.01934
G1 X164.977 Y89.313 E.17607
G1 X164.397 Y89.313 E.01934
G1 X168.706 Y93.622 E.20343
G1 X168.706 Y94.201 E.01934
G1 X163.818 Y89.313 E.23078
G1 X163.239 Y89.313 E.01934
G1 X168.706 Y94.78 E.25814
G1 X168.706 Y95.36 E.01934
G1 X162.659 Y89.313 E.2855
G1 X162.08 Y89.313 E.01934
G1 X168.706 Y95.939 E.31285
G1 X168.706 Y96.519 E.01934
G1 X161.5 Y89.313 E.34021
G1 X160.921 Y89.313 E.01934
G1 X168.706 Y97.098 E.36757
G1 X168.706 Y97.677 E.01934
G1 X160.341 Y89.313 E.39492
G1 X159.762 Y89.313 E.01934
G1 X168.706 Y98.257 E.42228
G1 X168.706 Y98.836 E.01934
G1 X159.183 Y89.313 E.44964
G1 X158.603 Y89.313 E.01934
G1 X168.706 Y99.416 E.47699
G1 X168.706 Y99.995 E.01934
G1 X158.024 Y89.313 E.50435
G1 X157.444 Y89.313 E.01934
G1 X168.706 Y100.574 E.53171
G1 X168.706 Y101.154 E.01934
G1 X156.865 Y89.313 E.55906
G1 X156.286 Y89.313 E.01934
G1 X168.706 Y101.733 E.58642
G1 X168.706 Y102.313 E.01934
G1 X155.706 Y89.313 E.61378
G1 X155.127 Y89.313 E.01934
G1 X168.706 Y102.892 E.64113
G1 X168.706 Y103.472 E.01934
G1 X154.547 Y89.313 E.66849
G1 X153.968 Y89.313 E.01934
G1 X168.706 Y104.051 E.69585
G1 X168.706 Y104.63 E.01934
G1 X153.389 Y89.313 E.7232
G1 X152.809 Y89.313 E.01934
G1 X158.6 Y95.104 E.27343
G1 X159.167 Y95.511 E.02329
G1 X160.091 Y96.272 E.03997
G1 X160.936 Y97.064 E.03866
G1 X161.728 Y97.909 E.03866
G1 X162.489 Y98.833 E.03997
G1 X162.896 Y99.4 E.02329
G1 X168.706 Y105.21 E.27432
G1 X168.687 Y105.253 E.00157
G1 X168.687 Y105.77 E.01728
G1 X163.924 Y101.007 E.22488
G1 X164.39 Y101.874 E.03284
G1 X164.538 Y102.2 E.01196
G1 X168.687 Y106.35 E.19592
G1 X168.687 Y106.929 E.01934
G1 X164.989 Y103.231 E.17459
G1 X165.335 Y104.157 E.03299
G1 X168.687 Y107.508 E.15825
G1 X168.687 Y108.088 E.01934
G1 X165.588 Y104.988 E.14634
G1 X165.66 Y105.228 E.00836
G1 X165.781 Y105.761 E.01824
G1 X168.836 Y108.817 E.14428
M205 X8 Y8
G1 X157.525 Y94.608 F7200
M205 X10 Y10
G1 F3600
G1 X152.23 Y89.313 E.25001
G1 X151.65 Y89.313 E.01934
G1 X155.8 Y93.462 E.19592
G1 X154.769 Y93.011 E.03758
G1 X151.071 Y89.313 E.17459
G1 X150.492 Y89.313 E.01934
G1 X153.843 Y92.665 E.15825
G1 X153.012 Y92.412 E.02902
G1 X149.912 Y89.313 E.14634
G1 X149.333 Y89.313 E.01934
G1 X152.479 Y92.459 E.14856
G1 E-4.5 F2700
;WIPE_START
G1 F3600
G1 X151.065 Y91.045 E-.475
;WIPE_END
G1 E-.025 F2700
M205 X8 Y8
G1 X157.132 Y95.676 Z3 F7200
G1 X163.852 Y100.806 Z3
G1 Z2.6
G1 E5 F2400
M205 X10 Y10
;TYPE:Gap infill
;WIDTH:0.226803
G1 X163.728 Y100.649 E.003
;WIDTH:0.188222
G1 X163.603 Y100.492 E.00237
;WIDTH:0.149641
G1 X163.478 Y100.335 E.00174
;WIDTH:0.130351
G1 X163.354 Y100.178 E.00143
M205 X8 Y8
G1 X164.931 Y103.025 F7200
M205 X10 Y10
;WIDTH:0.192124
G1 F2400
G1 X164.847 Y102.903 E.00181
;WIDTH:0.151982
G1 X164.762 Y102.781 E.00132
;WIDTH:0.131912
G1 X164.678 Y102.659 E.00108
M205 X8 Y8
G1 X156.449 Y93.852 F7200
M205 X10 Y10
;WIDTH:0.110173
G1 F2400
G1 X156.342 Y93.772 E.00073
;WIDTH:0.14698
G1 X156.235 Y93.693 E.00113
;WIDTH:0.184524
G1 X156.123 Y93.61 E.0016
;WIDTH:0.203921
G1 X156.004 Y93.527 E.0019
M205 X8 Y8
G1 X157.824 Y94.648 F7200
M205 X10 Y10
;WIDTH:0.0917704
G1 F2400
G1 X157.635 Y94.498 E.00096
M205 X8 Y8
G1 X145.3 Y92.076 F7200
M205 X10 Y10
;TYPE:Internal solid infill
;WIDTH:0.450353
G1 F3600
G1 X142.518 Y89.294 E.1306
G1 X141.942 Y89.294 E.01913
G1 X144.667 Y92.018 E.12791
G1 X144.187 Y92.115 E.01624
G1 X141.366 Y89.294 E.13245
G1 X140.79 Y89.294 E.01913
G1 X143.719 Y92.223 E.13754
G1 X143.254 Y92.334 E.01588
G1 X140.214 Y89.294 E.14275
G1 X139.637 Y89.294 E.01913
G1 X142.811 Y92.468 E.14901
G1 X142.368 Y92.601 E.01536
G1 X139.061 Y89.294 E.15527
G1 X138.485 Y89.294 E.01913
G1 X141.938 Y92.747 E.16213
G1 X141.519 Y92.905 E.01485
G1 X137.909 Y89.294 E.16952
G1 X137.333 Y89.294 E.01913
G1 X141.101 Y93.062 E.17692
G1 X140.697 Y93.235 E.01457
G1 X136.756 Y89.294 E.18504
G1 X136.18 Y89.294 E.01913
G1 X140.302 Y93.415 E.19351
G1 X139.906 Y93.596 E.01444
G1 X135.604 Y89.294 E.20198
G1 X135.028 Y89.294 E.01913
G1 X139.529 Y93.795 E.21132
G1 X139.153 Y93.996 E.01414
G1 X134.452 Y89.294 E.22075
G1 X133.875 Y89.294 E.01913
G1 X138.784 Y94.202 E.23045
G1 X138.428 Y94.423 E.01389
G1 X133.299 Y89.294 E.24082
G1 X132.723 Y89.294 E.01913
G1 X138.073 Y94.644 E.25119
G1 X137.723 Y94.87 E.01384
G1 X132.147 Y89.294 E.26179
G1 X131.571 Y89.294 E.01913
G1 X137.387 Y95.11 E.27308
G1 X137.051 Y95.351 E.01371
G1 X130.994 Y89.294 E.28438
G1 X130.418 Y89.294 E.01913
G1 X136.725 Y95.601 E.29614
G1 X136.408 Y95.86 E.0136
G1 X129.842 Y89.294 E.3083
G1 X129.266 Y89.294 E.01913
G1 X136.091 Y96.119 E.32047
G1 X135.786 Y96.39 E.01355
G1 X128.69 Y89.294 E.33318
G1 X128.114 Y89.294 E.01913
G1 X135.488 Y96.668 E.34623
G1 X135.189 Y96.946 E.01354
G1 X127.537 Y89.294 E.35929
G1 X126.961 Y89.294 E.01913
G1 X134.904 Y97.237 E.37296
G1 X134.626 Y97.535 E.01353
G1 X126.385 Y89.294 E.38693
G1 X125.809 Y89.294 E.01913
G1 X134.347 Y97.832 E.4009
G1 X134.079 Y98.141 E.01356
G1 X125.233 Y89.294 E.41537
G1 X124.656 Y89.294 E.01913
G1 X133.82 Y98.458 E.43026
G1 X133.561 Y98.775 E.0136
G1 X124.08 Y89.294 E.44515
G1 X123.504 Y89.294 E.01913
G1 X133.313 Y99.104 E.46058
G1 X133.073 Y99.439 E.01371
G1 X122.928 Y89.294 E.47635
G1 X122.352 Y89.294 E.01913
G1 X132.833 Y99.775 E.49211
G1 X132.609 Y100.127 E.01386
G1 X121.775 Y89.294 E.50865
G1 X121.199 Y89.294 E.01913
G1 X132.388 Y100.483 E.52536
G1 X132.168 Y100.839 E.01389
G1 X120.623 Y89.294 E.54206
G1 X120.047 Y89.294 E.01913
G1 X131.964 Y101.212 E.55956
G1 X131.764 Y101.587 E.01414
G1 X119.471 Y89.294 E.57719
G1 X118.894 Y89.294 E.01913
M73 P76 R10
G1 X131.568 Y101.967 E.59504
G1 X131.387 Y102.363 E.01444
G1 X118.318 Y89.294 E.61363
G1 X117.742 Y89.294 E.01913
G1 X131.207 Y102.759 E.63221
G1 X131.044 Y103.172 E.01475
G1 X117.166 Y89.294 E.65161
G1 X116.59 Y89.294 E.01913
G1 X130.884 Y103.588 E.67115
G1 X130.723 Y104.004 E.0148
G1 X116.013 Y89.294 E.69068
G1 X115.437 Y89.294 E.01913
G1 X130.58 Y104.437 E.71099
G1 X130.446 Y104.879 E.01534
G1 X114.861 Y89.294 E.73175
G1 X114.285 Y89.294 E.01913
G1 X130.317 Y105.326 E.75274
G1 X130.207 Y105.792 E.0159
G1 X113.709 Y89.294 E.77463
G1 X113.132 Y89.294 E.01913
G1 X130.099 Y106.261 E.79664
G1 X130.014 Y106.752 E.01654
G1 X112.556 Y89.294 E.81969
G1 X111.98 Y89.294 E.01913
G1 X119.362 Y96.676 E.34658
G1 X119.95 Y97.097 E.02403
G1 X120.714 Y97.724 E.03281
G1 X121.494 Y98.451 E.0354
G1 X122.224 Y99.227 E.0354
G1 X122.903 Y100.05 E.03542
G1 X123.303 Y100.617 E.02304
G1 X129.929 Y107.243 E.31109
G1 X129.849 Y107.74 E.0167
G1 X124.283 Y102.174 E.26134
G1 X124.596 Y102.759 E.02203
G1 X124.84 Y103.306 E.01989
G1 X129.798 Y108.265 E.2328
G1 X129.747 Y108.79 E.01751
G1 X125.252 Y104.294 E.21106
G1 X125.441 Y104.8 E.01792
G1 X125.555 Y105.174 E.01298
G1 X129.728 Y109.347 E.19592
G1 X129.714 Y109.909 E.01868
G1 X125.78 Y105.975 E.18469
G1 X125.949 Y106.72 E.02535
G1 X129.729 Y110.501 E.1775
G1 X129.744 Y111.092 E.01964
G1 X126.08 Y107.427 E.17208
G1 X126.178 Y108.102 E.02263
G1 X129.796 Y111.72 E.16987
G1 X129.86 Y112.359 E.02135
G1 X126.241 Y108.741 E.16991
G1 X126.272 Y109.348 E.02019
G1 X129.971 Y113.047 E.1737
G1 X130.114 Y113.766 E.02433
G1 X126.293 Y109.945 E.17941
G1 X126.277 Y110.505 E.01861
G1 X130.281 Y114.509 E.18799
G1 X130.34 Y114.772 E.00894
G1 X130.502 Y115.307 E.01855
G1 X126.259 Y111.064 E.19921
G1 X126.208 Y111.589 E.01751
G1 X130.786 Y116.166 E.21493
G1 X131.147 Y117.105 E.03338
G1 X126.155 Y112.112 E.2344
G1 X126.074 Y112.607 E.01664
G1 X131.631 Y118.164 E.26091
G1 X132.158 Y119.149 E.03711
G1 X132.353 Y119.462 E.01225
G1 X125.833 Y112.942 E.30614
G1 E-4.5 F2700
;WIPE_START
G1 F3600
G1 X127.247 Y114.356 E-.475
;WIPE_END
G1 E-.025 F2700
M205 X8 Y8
G1 X133.197 Y119.137 Z3 F7200
G1 X147.775 Y130.851 Z3
G1 Z2.6
G1 E5 F2400
M205 X10 Y10
G1 F3600
G1 X144.943 Y128.019 E.13298
G1 X144.246 Y127.898 E.0235
G1 X147.035 Y130.687 E.13095
G1 X146.459 Y130.687 E.01913
G1 X143.495 Y127.723 E.13917
G1 X142.693 Y127.498 E.02763
G1 X145.882 Y130.687 E.14973
G1 X145.306 Y130.687 E.01913
G1 X141.832 Y127.213 E.16311
G1 X140.901 Y126.858 E.03311
G1 X144.73 Y130.687 E.1798
G1 X144.154 Y130.687 E.01913
G1 X139.831 Y126.364 E.20298
G1 X138.887 Y125.862 E.03548
G1 X138.532 Y125.641 E.01389
G1 X143.578 Y130.687 E.23691
G1 X143.075 Y130.687 E.01668
G1 X143.02 Y130.706 E.00192
G1 X125.889 Y113.575 E.80434
G1 X125.78 Y114.042 E.01593
G1 X142.444 Y130.706 E.7824
G1 X141.868 Y130.706 E.01913
G1 X125.654 Y114.492 E.76127
G1 X125.521 Y114.935 E.01536
G1 X141.292 Y130.706 E.74047
G1 X140.715 Y130.706 E.01913
G1 X125.378 Y115.369 E.72013
G1 X125.221 Y115.787 E.01485
G1 X140.139 Y130.706 E.70047
G1 X139.563 Y130.706 E.01913
G1 X125.063 Y116.206 E.68082
G1 X124.887 Y116.606 E.01451
G1 X138.987 Y130.706 E.66204
G1 X138.411 Y130.706 E.01913
G1 X124.707 Y117.002 E.64342
G1 X124.516 Y117.387 E.01427
G1 X137.834 Y130.706 E.62535
G1 X137.258 Y130.706 E.01913
G1 X124.316 Y117.763 E.60768
G1 X124.114 Y118.138 E.01413
G1 X136.682 Y130.706 E.59008
G1 X136.106 Y130.706 E.01913
G1 X123.894 Y118.494 E.57338
G1 X123.674 Y118.85 E.0139
G1 X135.53 Y130.706 E.55667
G1 X134.953 Y130.706 E.01913
G1 X123.445 Y119.197 E.54037
G1 X123.204 Y119.533 E.01371
G1 X134.377 Y130.706 E.52461
G1 X133.801 Y130.706 E.01913
G1 X122.964 Y119.868 E.50885
G1 X122.707 Y120.188 E.01361
G1 X133.225 Y130.706 E.49386
G1 X132.649 Y130.706 E.01913
G1 X122.447 Y120.504 E.47898
G1 X122.181 Y120.814 E.01356
G1 X132.072 Y130.706 E.46445
G1 X131.496 Y130.706 E.01913
G1 X121.9 Y121.11 E.45057
G1 X121.619 Y121.405 E.01353
G1 X130.92 Y130.706 E.43669
G1 X130.344 Y130.706 E.01913
G1 X121.334 Y121.696 E.42305
G1 X121.036 Y121.974 E.01353
G1 X129.768 Y130.706 E.40997
G1 X129.191 Y130.706 E.01913
G1 X120.738 Y122.253 E.3969
G1 X120.423 Y122.514 E.01359
G1 X128.615 Y130.706 E.38463
G1 X128.039 Y130.706 E.01913
G1 X120.107 Y122.774 E.37243
G1 X119.781 Y123.024 E.01364
G1 X127.463 Y130.706 E.36069
G1 X126.887 Y130.706 E.01913
G1 X119.445 Y123.264 E.3494
G1 X119.11 Y123.505 E.01371
G1 X126.31 Y130.706 E.33811
G1 X125.734 Y130.706 E.01913
G1 X118.76 Y123.731 E.32749
G1 X118.404 Y123.952 E.01389
G1 X125.158 Y130.706 E.31711
G1 X124.582 Y130.706 E.01913
G1 X118.042 Y124.166 E.30708
G1 X117.667 Y124.367 E.01413
G1 X124.006 Y130.706 E.29762
G1 X123.43 Y130.706 E.01913
G1 X117.292 Y124.569 E.28816
G1 X116.897 Y124.749 E.01444
G1 X122.853 Y130.706 E.27967
G1 X122.277 Y130.706 E.01913
G1 X116.498 Y124.927 E.27134
G1 X116.099 Y125.104 E.0145
G1 X121.701 Y130.706 E.26303
G1 X121.125 Y130.706 E.01913
M73 P77 R10
G1 X115.68 Y125.261 E.25564
G1 X115.261 Y125.419 E.01486
G1 X120.549 Y130.706 E.24825
G1 X119.972 Y130.706 E.01913
G1 X114.822 Y125.556 E.2418
G1 X114.38 Y125.69 E.01534
G1 X119.396 Y130.706 E.2355
G1 X118.82 Y130.706 E.01913
G1 X113.918 Y125.804 E.23016
G1 X113.448 Y125.91 E.01601
G1 X118.244 Y130.706 E.22519
G1 X117.668 Y130.706 E.01913
G1 X112.977 Y126.015 E.22025
G1 X112.481 Y126.095 E.01667
G1 X117.091 Y130.706 E.21647
G1 X116.515 Y130.706 E.01913
G1 X111.979 Y126.17 E.21297
G1 X111.455 Y126.222 E.0175
G1 X115.939 Y130.706 E.21055
G1 X115.363 Y130.706 E.01913
G1 X110.919 Y126.262 E.20863
G1 X110.362 Y126.282 E.0185
G1 X114.787 Y130.706 E.20773
G1 X114.21 Y130.706 E.01913
G1 X109.792 Y126.287 E.20746
G1 X109.197 Y126.268 E.01977
G1 X113.634 Y130.706 E.20835
G1 X113.058 Y130.706 E.01913
G1 X108.575 Y126.223 E.21049
M73 P77 R9
G1 X107.938 Y126.162 E.02126
G1 X112.482 Y130.706 E.21336
G1 X111.906 Y130.706 E.01913
G1 X107.25 Y126.05 E.21861
G1 X106.54 Y125.916 E.02399
G1 X111.329 Y130.706 E.2249
G1 X110.753 Y130.706 E.01913
G1 X105.785 Y125.738 E.23327
G1 X104.961 Y125.49 E.02857
G1 X110.177 Y130.706 E.2449
G1 X109.601 Y130.706 E.01913
G1 X104.048 Y125.153 E.26074
G1 X103.641 Y124.997 E.01446
G1 X103.044 Y124.726 E.02175
G1 X109.025 Y130.706 E.28079
G1 X108.448 Y130.706 E.01913
G1 X101.278 Y123.536 E.33665
G1 E-4.5 F2700
;WIPE_START
G1 F3600
G1 X102.693 Y124.95 E-.475
;WIPE_END
G1 E-.025 F2700
M205 X8 Y8
G1 X106.341 Y118.246 Z3 F7200
G1 X118.328 Y96.218 Z3
G1 Z2.6
G1 E5 F2400
M205 X10 Y10
G1 F3600
G1 X111.404 Y89.294 E.32511
G1 X110.828 Y89.294 E.01913
G1 X116.686 Y95.152 E.27506
G1 X116.199 Y94.932 E.01773
G1 X115.702 Y94.745 E.01764
G1 X110.251 Y89.294 E.25592
G1 X109.675 Y89.294 E.01913
G1 X114.828 Y94.447 E.24195
G1 X114.022 Y94.218 E.02782
G1 X109.099 Y89.294 E.23117
G1 X108.523 Y89.294 E.01913
G1 X113.271 Y94.042 E.22295
G1 X112.572 Y93.919 E.02357
G1 X107.947 Y89.294 E.21717
G1 X107.37 Y89.294 E.01913
G1 X111.898 Y93.822 E.2126
G1 X111.259 Y93.759 E.02132
G1 X106.794 Y89.294 E.20965
G1 X106.218 Y89.294 E.01913
G1 X110.653 Y93.729 E.20824
G1 X110.057 Y93.71 E.01979
G1 X105.642 Y89.294 E.20732
G1 X105.066 Y89.294 E.01913
G1 X109.494 Y93.723 E.20794
G1 X108.944 Y93.749 E.01829
G1 X104.489 Y89.294 E.20916
G1 X103.913 Y89.294 E.01913
G1 X108.415 Y93.796 E.21137
G1 X107.888 Y93.845 E.01756
G1 X103.337 Y89.294 E.21369
G1 X102.761 Y89.294 E.01913
G1 X107.392 Y93.926 E.21747
G1 X106.897 Y94.006 E.01668
G1 X102.185 Y89.294 E.22124
G1 X101.608 Y89.294 E.01913
G1 X106.426 Y94.112 E.22619
G1 X105.958 Y94.22 E.01595
G1 X101.032 Y89.294 E.23127
G1 X100.456 Y89.294 E.01913
G1 X105.508 Y94.346 E.23719
G1 X105.065 Y94.479 E.01536
G1 X99.88 Y89.294 E.24344
G1 X99.304 Y89.294 E.01913
G1 X104.631 Y94.622 E.25015
G1 X104.213 Y94.779 E.01485
G1 X98.727 Y89.294 E.25755
G1 X98.151 Y89.294 E.01913
G1 X103.794 Y94.937 E.26495
G1 X103.395 Y95.114 E.0145
G1 X97.575 Y89.294 E.27326
G1 X96.999 Y89.294 E.01913
G1 X102.999 Y95.294 E.28173
G1 X102.611 Y95.483 E.01431
G1 X96.423 Y89.294 E.29057
G1 X95.846 Y89.294 E.01913
G1 X102.236 Y95.683 E.3
G1 X101.862 Y95.886 E.01412
G1 X95.27 Y89.294 E.30949
G1 X94.694 Y89.294 E.01913
G1 X101.506 Y96.107 E.31986
G1 X101.151 Y96.327 E.01389
G1 X94.118 Y89.294 E.33023
G1 X93.542 Y89.294 E.01913
G1 X100.803 Y96.555 E.34093
G1 X100.468 Y96.796 E.0137
G1 X92.965 Y89.294 E.35226
G1 X92.389 Y89.294 E.01913
G1 X100.133 Y97.038 E.36358
G1 X99.812 Y97.293 E.01362
G1 X91.813 Y89.294 E.37556
G1 X91.237 Y89.294 E.01913
G1 X99.495 Y97.553 E.38776
G1 X99.185 Y97.819 E.01357
G1 X90.661 Y89.294 E.40025
G1 X90.084 Y89.294 E.01913
G1 X98.888 Y98.097 E.41334
G1 X98.59 Y98.376 E.01353
G1 X89.508 Y89.294 E.42642
G1 X88.932 Y89.294 E.01913
G1 X98.303 Y98.665 E.44
G1 X98.025 Y98.963 E.01354
G1 X88.356 Y89.294 E.454
G1 X87.78 Y89.294 E.01913
G1 X97.747 Y99.262 E.468
G1 X97.487 Y99.577 E.01359
G1 X87.204 Y89.294 E.48282
G1 X86.627 Y89.294 E.01913
G1 X97.228 Y99.894 E.49771
G1 X96.974 Y100.217 E.01363
G1 X86.051 Y89.294 E.51287
G1 X85.475 Y89.294 E.01913
G1 X96.734 Y100.553 E.52864
G1 X96.493 Y100.889 E.01371
G1 X84.899 Y89.294 E.5444
G1 X84.323 Y89.294 E.01913
G1 X96.271 Y101.242 E.561
G1 X96.05 Y101.598 E.01389
G1 X83.746 Y89.294 E.57768
G1 X83.17 Y89.294 E.01913
G1 X95.833 Y101.957 E.59454
G1 X95.632 Y102.332 E.01414
G1 X82.594 Y89.294 E.61218
G1 X82.018 Y89.294 E.01913
G1 X95.431 Y102.708 E.62981
G1 X95.247 Y103.1 E.01438
G1 X81.442 Y89.294 E.64823
G1 X80.865 Y89.294 E.01913
G1 X95.067 Y103.496 E.66683
G1 X94.902 Y103.907 E.0147
G1 X80.289 Y89.294 E.68611
G1 X79.713 Y89.294 E.01913
G1 X94.742 Y104.323 E.70565
G1 X94.582 Y104.739 E.0148
G1 X79.137 Y89.294 E.72519
G1 X78.561 Y89.294 E.01913
G1 X94.445 Y105.178 E.74581
G1 X94.312 Y105.621 E.01536
G1 X77.984 Y89.294 E.76661
G1 X77.408 Y89.294 E.01913
G1 X94.192 Y106.078 E.78803
G1 X94.083 Y106.545 E.01593
G1 X76.832 Y89.294 E.80997
G1 X76.256 Y89.294 E.01913
G1 X93.987 Y107.025 E.83254
G1 X93.905 Y107.52 E.01664
G1 X75.68 Y89.294 E.85576
G1 X75.103 Y89.294 E.01913
M73 P78 R9
G1 X93.83 Y108.021 E.87927
G1 X93.779 Y108.546 E.0175
G1 X74.527 Y89.294 E.90391
G1 X73.951 Y89.294 E.01913
G1 X93.736 Y109.08 E.92898
G1 X93.719 Y109.638 E.01856
G1 X73.375 Y89.294 E.95522
G1 X72.799 Y89.294 E.01913
G1 X93.712 Y110.208 E.98196
G1 X93.733 Y110.805 E.01984
G1 X72.222 Y89.294 E1.01
G1 X71.646 Y89.294 E.01913
G1 X93.775 Y111.423 E1.03903
G1 X93.838 Y112.062 E.02133
G1 X83.967 Y102.191 E.46349
G1 X83.364 Y101.33 E.03491
G1 X82.772 Y100.605 E.03106
G1 X82.079 Y99.865 E.03365
G1 X81.395 Y99.228 E.03105
G1 X80.732 Y98.684 E.02846
G1 X79.83 Y98.054 E.03654
G1 X71.07 Y89.294 E.41129
G1 X70.494 Y89.294 E.01913
G1 X78.449 Y97.249 E.37352
G1 X77.385 Y96.761 E.03888
G1 X69.918 Y89.294 E.3506
G1 X69.341 Y89.294 E.01913
G1 X76.475 Y96.427 E.33492
G1 X75.656 Y96.185 E.02836
G1 X68.765 Y89.294 E.32352
G1 X68.189 Y89.294 E.01913
G1 X74.903 Y96.009 E.31526
G1 X74.208 Y95.889 E.02344
G1 X67.613 Y89.294 E.30964
G1 X67.037 Y89.294 E.01913
G1 X73.539 Y95.796 E.30528
G1 X72.901 Y95.735 E.02125
G1 X66.46 Y89.294 E.30242
G1 X65.884 Y89.294 E.01913
G1 X72.307 Y95.717 E.30157
G1 X71.729 Y95.715 E.0192
G1 X65.308 Y89.294 E.30146
G1 X64.732 Y89.294 E.01913
G1 X71.172 Y95.735 E.3024
G1 X70.643 Y95.782 E.01764
G1 X64.156 Y89.294 E.30461
G1 X63.579 Y89.294 E.01913
G1 X70.119 Y95.833 E.30703
G1 X69.622 Y95.913 E.01668
G1 X63.003 Y89.294 E.31079
G1 X62.427 Y89.294 E.01913
G1 X69.133 Y96 E.31485
G1 X68.665 Y96.108 E.01595
G1 X61.851 Y89.294 E.31993
G1 X61.275 Y89.294 E.01913
G1 X68.204 Y96.224 E.32536
G1 X67.761 Y96.357 E.01536
G1 X60.698 Y89.294 E.33161
G1 X60.122 Y89.294 E.01913
G1 X67.325 Y96.497 E.33818
G1 X66.906 Y96.654 E.01485
G1 X59.546 Y89.294 E.34558
G1 X58.97 Y89.294 E.01913
G1 X66.488 Y96.812 E.353
G1 X66.092 Y96.993 E.01444
G1 X58.394 Y89.294 E.36147
G1 X57.817 Y89.294 E.01913
G1 X65.697 Y97.173 E.36995
G1 X65.318 Y97.371 E.01417
G1 X57.241 Y89.294 E.37925
G1 X56.665 Y89.294 E.01913
G1 X64.943 Y97.572 E.38867
G1 X64.585 Y97.79 E.01392
G1 X56.089 Y89.294 E.3989
G1 X55.513 Y89.294 E.01913
G1 X64.229 Y98.011 E.40928
G1 X63.883 Y98.241 E.0138
G1 X54.936 Y89.294 E.42006
G1 X54.36 Y89.294 E.01913
G1 X63.548 Y98.482 E.43139
G1 X63.216 Y98.726 E.01368
G1 X53.784 Y89.294 E.44286
G1 X53.208 Y89.294 E.01913
G1 X62.9 Y98.986 E.45506
G1 X62.584 Y99.247 E.01359
G1 X52.632 Y89.294 E.46731
G1 X52.055 Y89.294 E.01913
G1 X62.286 Y99.525 E.48037
G1 X61.988 Y99.803 E.01354
G1 X51.479 Y89.294 E.49343
G1 X51.294 Y89.294 E.00615
G1 X51.294 Y89.685 E.01298
G1 X61.703 Y100.094 E.48874
G1 X61.424 Y100.392 E.01353
G1 X51.294 Y90.261 E.47564
G1 X51.294 Y90.838 E.01913
G1 X61.154 Y100.698 E.46296
G1 X60.894 Y101.013 E.01359
G1 X51.294 Y91.414 E.45073
G1 X51.294 Y91.99 E.01913
G1 X60.637 Y101.333 E.43868
G1 X60.397 Y101.669 E.01371
G1 X51.294 Y92.566 E.42739
G1 X51.294 Y93.142 E.01913
G1 X60.156 Y102.004 E.41609
G1 X59.931 Y102.355 E.01384
G1 X51.294 Y93.719 E.40551
G1 X51.294 Y94.295 E.01913
G1 X59.711 Y102.711 E.39518
G1 X59.5 Y103.077 E.01401
G1 X51.294 Y94.871 E.3853
G1 X51.294 Y95.447 E.01913
G1 X59.3 Y103.453 E.37588
G1 X59.109 Y103.838 E.01428
G1 X51.294 Y96.023 E.36694
G1 X51.294 Y96.6 E.01913
G1 X58.93 Y104.235 E.35851
G1 X58.754 Y104.635 E.01452
G1 X51.294 Y97.176 E.35025
G1 X51.294 Y97.752 E.01913
G1 X58.597 Y105.055 E.3429
G1 X58.442 Y105.476 E.0149
G1 X51.294 Y98.328 E.33562
G1 X51.294 Y98.904 E.01913
G1 X58.308 Y105.918 E.32933
G1 X58.18 Y106.366 E.01546
G1 X51.294 Y99.48 E.32329
G1 X51.294 Y100.057 E.01913
G1 X58.071 Y106.833 E.31818
G1 X57.965 Y107.303 E.016
G1 X51.294 Y100.633 E.3132
G1 X51.294 Y101.209 E.01913
G1 X57.883 Y107.798 E.30937
G1 X57.813 Y108.304 E.01696
G1 X51.294 Y101.785 E.30607
G1 X51.294 Y102.361 E.01913
G1 X57.76 Y108.827 E.30358
G1 X57.728 Y109.371 E.0181
G1 X51.294 Y102.938 E.30207
G1 X51.294 Y103.514 E.01913
G1 X57.708 Y109.928 E.30117
G1 X57.724 Y110.52 E.01965
G1 X51.294 Y104.09 E.3019
G1 X51.294 Y104.666 E.01913
G1 X57.755 Y111.127 E.30336
G1 X57.82 Y111.768 E.02139
G1 X51.294 Y105.242 E.30641
G1 X51.294 Y105.819 E.01913
G1 X57.924 Y112.448 E.31128
G1 X58.07 Y113.171 E.02447
G1 X51.294 Y106.395 E.31814
G1 X51.294 Y106.971 E.01913
G1 X58.269 Y113.946 E.32748
G1 X58.452 Y114.558 E.02121
G1 X58.542 Y114.795 E.00842
G1 X51.294 Y107.547 E.3403
G1 X51.294 Y108.123 E.01913
G1 X58.921 Y115.75 E.3581
G1 X59.198 Y116.357 E.02214
G1 X59.481 Y116.886 E.01993
G1 X51.111 Y108.516 E.39299
G1 E-4.5 F2700
;WIPE_START
G1 F3600
G1 X52.525 Y109.931 E-.475
;WIPE_END
G1 E-.025 F2700
M205 X8 Y8
G1 X59.988 Y108.329 Z3 F7200
G1 X84.309 Y103.109 Z3
G1 Z2.6
G1 E5 F2400
M205 X10 Y10
G1 F3600
M73 P79 R9
G1 X93.948 Y112.748 E.45257
G1 X94.095 Y113.472 E.02451
G1 X85.235 Y104.611 E.41602
G1 X85.572 Y105.525 E.03235
G1 X94.263 Y114.216 E.40805
G1 X94.512 Y115.041 E.02864
G1 X85.819 Y106.348 E.40819
G1 X85.994 Y107.099 E.02562
G1 X94.837 Y115.942 E.41519
G1 X94.962 Y116.271 E.0117
G1 X95.271 Y116.953 E.02485
G1 X86.114 Y107.795 E.42996
G1 X86.205 Y108.462 E.02234
G1 X96.464 Y118.722 E.48171
M205 X8 Y8
G1 X86.063 Y108.897 F7200
M205 X10 Y10
G1 F3600
G1 X107.872 Y130.706 E1.02401
G1 X107.296 Y130.706 E.01913
G1 X86.285 Y109.695 E.98654
G1 X86.283 Y110.27 E.01909
G1 X106.72 Y130.706 E.95954
G1 X106.144 Y130.706 E.01913
G1 X86.265 Y110.827 E.93335
G1 X86.222 Y111.36 E.01774
G1 X105.567 Y130.706 E.90834
G1 X104.991 Y130.706 E.01913
G1 X86.169 Y111.884 E.88375
G1 X86.087 Y112.378 E.01663
G1 X104.415 Y130.706 E.86054
G1 X103.839 Y130.706 E.01913
G1 X86.001 Y112.868 E.83753
G1 X85.891 Y113.335 E.01591
G1 X103.263 Y130.706 E.81563
G1 X102.686 Y130.706 E.01913
G1 X85.778 Y113.798 E.79389
G1 X85.644 Y114.24 E.01534
G1 X102.11 Y130.706 E.77314
G1 X101.534 Y130.706 E.01913
G1 X85.504 Y114.675 E.75268
G1 X85.347 Y115.095 E.01487
G1 X100.958 Y130.706 E.73298
G1 X100.382 Y130.706 E.01913
G1 X85.186 Y115.51 E.71347
G1 X85.007 Y115.908 E.01447
G1 X99.805 Y130.706 E.69481
G1 X99.229 Y130.706 E.01913
G1 X84.828 Y116.304 E.6762
G1 X84.628 Y116.681 E.01415
M73 P79 R8
G1 X98.653 Y130.706 E.65853
G1 X98.077 Y130.706 E.01913
G1 X84.428 Y117.057 E.64086
G1 X84.208 Y117.414 E.01391
G1 X97.501 Y130.706 E.62411
G1 X96.924 Y130.706 E.01913
G1 X83.986 Y117.767 E.60752
G1 X83.759 Y118.117 E.01383
G1 X96.348 Y130.706 E.5911
G1 X95.772 Y130.706 E.01913
G1 X83.518 Y118.452 E.57537
G1 X83.274 Y118.784 E.01368
G1 X95.196 Y130.706 E.55977
G1 X94.62 Y130.706 E.01913
G1 X83.014 Y119.1 E.54491
G1 X82.753 Y119.416 E.01359
G1 X94.043 Y130.706 E.53011
G1 X93.467 Y130.706 E.01913
G1 X82.475 Y119.714 E.51611
G1 X82.197 Y120.012 E.01354
G1 X92.891 Y130.706 E.5021
G1 X92.315 Y130.706 E.01913
G1 X81.905 Y120.296 E.48878
G1 X81.608 Y120.575 E.01353
G1 X91.739 Y130.706 E.47566
G1 X91.162 Y130.706 E.01913
G1 X81.302 Y120.846 E.46296
G1 X80.987 Y121.106 E.01359
G1 X90.586 Y130.706 E.45073
G1 X90.01 Y130.706 E.01913
G1 X80.667 Y121.363 E.4387
G1 X80.329 Y121.601 E.01372
G1 X89.434 Y130.706 E.42749
G1 X88.858 Y130.706 E.01913
G1 X79.992 Y121.84 E.41628
G1 X79.644 Y122.068 E.01381
G1 X88.281 Y130.706 E.40555
G1 X87.705 Y130.706 E.01913
G1 X79.289 Y122.289 E.39519
G1 X78.923 Y122.5 E.01401
G1 X87.129 Y130.706 E.3853
G1 X86.553 Y130.706 E.01913
G1 X78.547 Y122.7 E.37588
G1 X78.162 Y122.891 E.01428
G1 X85.977 Y130.706 E.36692
G1 X85.4 Y130.706 E.01913
G1 X77.766 Y123.072 E.35844
G1 X77.363 Y123.244 E.01457
G1 X84.824 Y130.706 E.35034
G1 X84.248 Y130.706 E.01913
G1 X76.944 Y123.402 E.34294
G1 X76.524 Y123.558 E.01489
G1 X83.672 Y130.706 E.33563
G1 X83.096 Y130.706 E.01913
G1 X76.081 Y123.691 E.32938
G1 X75.636 Y123.823 E.01539
G1 X82.52 Y130.706 E.32319
G1 X81.943 Y130.706 E.01913
G1 X75.168 Y123.931 E.31812
G1 X74.697 Y124.035 E.01604
G1 X81.367 Y130.706 E.3132
G1 X80.791 Y130.706 E.01913
G1 X74.202 Y124.117 E.30937
G1 X73.696 Y124.187 E.01696
G1 X80.215 Y130.706 E.30607
G1 X79.639 Y130.706 E.01913
G1 X73.173 Y124.24 E.30358
G1 X72.629 Y124.272 E.0181
G1 X79.062 Y130.706 E.30207
G1 X78.486 Y130.706 E.01913
G1 X72.072 Y124.292 E.30117
G1 X71.482 Y124.278 E.0196
G1 X77.91 Y130.706 E.30183
G1 X77.334 Y130.706 E.01913
G1 X70.871 Y124.243 E.30344
G1 X70.234 Y124.182 E.02125
G1 X76.758 Y130.706 E.30631
G1 X76.181 Y130.706 E.01913
G1 X69.544 Y124.068 E.31165
G1 X68.828 Y123.929 E.02422
G1 X75.605 Y130.706 E.31821
G1 X75.029 Y130.706 E.01913
G1 X68.057 Y123.734 E.32735
G1 X67.206 Y123.459 E.02968
G1 X74.453 Y130.706 E.34025
G1 X73.877 Y130.706 E.01913
G1 X66.246 Y123.075 E.35827
G1 X65.643 Y122.802 E.02198
G1 X65.114 Y122.519 E.01993
G1 X73.3 Y130.706 E.38439
G1 X72.724 Y130.706 E.01913
G1 X51.294 Y109.276 E1.0062
G1 X51.294 Y109.852 E.01913
M73 P80 R8
G1 X72.148 Y130.706 E.97915
G1 X71.572 Y130.706 E.01913
G1 X51.294 Y110.428 E.95209
G1 X51.294 Y111.004 E.01913
G1 X70.996 Y130.706 E.92504
G1 X70.419 Y130.706 E.01913
G1 X51.294 Y111.581 E.89798
G1 X51.294 Y112.157 E.01913
G1 X69.843 Y130.706 E.87093
G1 X69.267 Y130.706 E.01913
G1 X51.294 Y112.733 E.84388
G1 X51.294 Y113.309 E.01913
G1 X68.691 Y130.706 E.81682
G1 X68.115 Y130.706 E.01913
G1 X51.294 Y113.885 E.78977
G1 X51.294 Y114.462 E.01913
G1 X67.538 Y130.706 E.76271
G1 X66.962 Y130.706 E.01913
G1 X51.294 Y115.038 E.73566
G1 X51.294 Y115.614 E.01913
G1 X66.386 Y130.706 E.70861
G1 X65.81 Y130.706 E.01913
G1 X51.294 Y116.19 E.68155
G1 X51.294 Y116.766 E.01913
G1 X65.234 Y130.706 E.6545
G1 X64.657 Y130.706 E.01913
G1 X51.294 Y117.343 E.62744
G1 X51.294 Y117.919 E.01913
G1 X64.081 Y130.706 E.60039
G1 X63.505 Y130.706 E.01913
G1 X51.294 Y118.495 E.57333
G1 X51.294 Y119.071 E.01913
G1 X62.929 Y130.706 E.54628
G1 X62.353 Y130.706 E.01913
G1 X51.294 Y119.647 E.51923
G1 X51.294 Y120.224 E.01913
G1 X61.776 Y130.706 E.49217
G1 X61.2 Y130.706 E.01913
G1 X51.294 Y120.8 E.46512
G1 X51.294 Y121.376 E.01913
G1 X60.624 Y130.706 E.43806
G1 X60.048 Y130.706 E.01913
G1 X51.294 Y121.952 E.41101
G1 X51.294 Y122.528 E.01913
G1 X59.472 Y130.706 E.38396
G1 X58.895 Y130.706 E.01913
G1 X51.294 Y123.105 E.3569
G1 X51.294 Y123.681 E.01913
G1 X58.319 Y130.706 E.32985
G1 X57.743 Y130.706 E.01913
G1 X51.294 Y124.257 E.30279
G1 X51.294 Y124.833 E.01913
G1 X57.167 Y130.706 E.27574
G1 X56.591 Y130.706 E.01913
G1 X51.294 Y125.409 E.24869
G1 X51.294 Y125.986 E.01913
G1 X56.014 Y130.706 E.22163
G1 X55.438 Y130.706 E.01913
G1 X51.294 Y126.562 E.19458
G1 X51.294 Y127.138 E.01913
G1 X54.862 Y130.706 E.16752
G1 X54.286 Y130.706 E.01913
G1 X51.294 Y127.714 E.14047
G1 X51.294 Y128.29 E.01913
G1 X53.71 Y130.706 E.11342
G1 X53.133 Y130.706 E.01913
G1 X51.294 Y128.867 E.08636
G1 X51.294 Y129.443 E.01913
G1 X52.557 Y130.706 E.05931
G1 X51.981 Y130.706 E.01913
G1 X51.111 Y129.836 E.04085
G1 E-4.5 F2700
;WIPE_START
G1 F3600
G1 X51.981 Y130.706 E-.29225
G1 X52.557 Y130.706 E-.13685
G1 X52.421 Y130.569 E-.0459
;WIPE_END
G1 E-.025 F2700
M205 X8 Y8
G1 X59.049 Y126.784 Z3 F7200
G1 X115.303 Y94.661 Z3
G1 Z2.6
G1 E5 F2400
M205 X10 Y10
;TYPE:Gap infill
;WIDTH:0.101563
G1 X115.038 Y94.495 E.0015
M205 X8 Y8
G1 X117.292 Y95.5 F7200
M205 X10 Y10
;WIDTH:0.101289
G1 F2400
G1 X117.219 Y95.446 E.00043
;WIDTH:0.129695
G1 X117.109 Y95.37 E.00095
;WIDTH:0.166971
G1 X116.999 Y95.293 E.00136
;WIDTH:0.185608
G1 X116.889 Y95.217 E.00156
M205 X8 Y8
G1 X118.623 Y96.255 F7200
M205 X10 Y10
;WIDTH:0.0917686
G1 F2400
G1 X118.437 Y96.109 E.00094
G1 E-4.5 F2700
;WIPE_START
G1 F2400
G1 X118.623 Y96.255 E-.475
;WIPE_END
G1 E-.025 F2700
M205 X8 Y8
G1 X123.094 Y102.441 Z3 F7200
G1 X140.698 Y126.793 Z3
G1 Z2.6
G1 E5 F2400
M205 X10 Y10
;WIDTH:0.201031
G1 X140.566 Y126.702 E.00206
;WIDTH:0.157327
G1 X140.434 Y126.61 E.00149
;WIDTH:0.135475
G1 X140.302 Y126.519 E.00121
M205 X8 Y8
G1 X138.334 Y125.563 F7200
M205 X10 Y10
;WIDTH:0.236363
G1 F2400
G1 X138.165 Y125.428 E.00341
;WIDTH:0.195077
G1 X137.995 Y125.294 E.00268
;WIDTH:0.153499
G1 X137.823 Y125.157 E.00198
;WIDTH:0.132552
G1 X137.612 Y124.978 E.00202
M205 X8 Y8
G1 X133.024 Y120.389 F7200
M205 X10 Y10
;WIDTH:0.115104
G1 F2400
G1 X132.821 Y120.151 E.00184
;WIDTH:0.158336
G1 X132.691 Y119.987 E.00196
;WIDTH:0.19784
G1 X132.561 Y119.824 E.00264
;WIDTH:0.217592
G1 X132.431 Y119.66 E.00297
M205 X8 Y8
G1 X131.486 Y117.703 F7200
M205 X10 Y10
;WIDTH:0.113624
G1 F2400
G1 X131.395 Y117.571 E.00092
;WIDTH:0.157328
G1 X131.303 Y117.439 E.00149
;WIDTH:0.179181
G1 X131.212 Y117.307 E.00178
M205 X8 Y8
G1 X124.212 Y101.973 F7200
M205 X10 Y10
;WIDTH:0.236444
G1 F2400
G1 X124.138 Y101.874 E.00195
;WIDTH:0.208814
G1 X124.007 Y101.708 E.00286
;WIDTH:0.161996
G1 X123.876 Y101.543 E.00205
;WIDTH:0.138587
G1 X123.744 Y101.377 E.00165
M205 X8 Y8
G1 X125.197 Y104.087 F7200
M205 X10 Y10
;WIDTH:0.148395
G1 F2400
G1 X125.073 Y103.902 E.00191
;WIDTH:0.133766
G1 X125.023 Y103.829 E.00066
;WIDTH:0.119767
G1 X124.972 Y103.755 E.00056
M205 X8 Y8
G1 X125.733 Y105.64 F7200
M205 X10 Y10
;WIDTH:0.113158
G1 F2400
G1 X125.661 Y105.809 E.00105
G1 E-4.5 F2700
;WIPE_START
G1 F2400
G1 X125.733 Y105.64 E-.475
;WIPE_END
G1 E-.025 F2700
M205 X8 Y8
G1 X119.863 Y110.518 Z3 F7200
G1 X102.842 Y124.661 Z3
G1 Z2.6
G1 E5 F2400
M205 X10 Y10
;WIDTH:0.220882
G1 X102.754 Y124.6 E.00155
;WIDTH:0.196257
G1 X102.633 Y124.51 E.00188
;WIDTH:0.154462
G1 X102.512 Y124.42 E.00137
;WIDTH:0.133565
G1 X102.391 Y124.331 E.00111
M205 X8 Y8
G1 X101.169 Y123.645 F7200
M205 X10 Y10
;WIDTH:0.130712
G1 F2400
G1 X100.982 Y123.497 E.00171
M205 X8 Y8
G1 X96.503 Y119.018 F7200
M205 X10 Y10
;WIDTH:0.0917703
G1 F2400
G1 X96.355 Y118.831 E.00095
M205 X8 Y8
G1 X95.67 Y117.61 F7200
M205 X10 Y10
;WIDTH:0.113725
G1 F2400
G1 X95.576 Y117.483 E.00091
;WIDTH:0.157639
G1 X95.482 Y117.356 E.00147
;WIDTH:0.197464
G1 X95.388 Y117.23 E.00199
G1 X95.422 Y117.096 E.00174
M205 X8 Y8
G1 X94.574 Y115.391 F7200
M205 X10 Y10
;WIDTH:0.127707
G1 F2400
G1 X94.644 Y115.2 E.00141
M205 X8 Y8
G1 X85.174 Y104.408 F7200
M205 X10 Y10
;WIDTH:0.195799
G1 F2400
G1 X85.087 Y104.281 E.00191
;WIDTH:0.154186
G1 X85 Y104.155 E.00139
;WIDTH:0.13338
G1 X84.912 Y104.029 E.00113
M205 X8 Y8
G1 X84.419 Y102.999 F7200
M205 X10 Y10
;WIDTH:0.116818
G1 F2400
G1 X84.301 Y102.844 E.00118
M205 X8 Y8
G1 X79.158 Y97.701 F7200
M205 X10 Y10
;WIDTH:0.0990153
G1 F2400
G1 X79.087 Y97.644 E.00041
;WIDTH:0.128527
G1 X78.941 Y97.537 E.00127
;WIDTH:0.1726
G1 X78.796 Y97.429 E.00192
;WIDTH:0.194636
G1 X78.65 Y97.321 E.00224
G1 E-4.5 F2700
;WIPE_START
G1 F2400
G1 X78.796 Y97.429 E-.475
;WIPE_END
G1 E-.025 F2700
M205 X8 Y8
G1 X73.108 Y102.519 Z3 F7200
G1 X58.806 Y115.32 Z3
G1 Z2.6
G1 E5 F2400
M205 X10 Y10
;WIDTH:0.0917687
G1 X58.6 Y115 E.00151
M205 X8 Y8
G1 X60.038 Y117.701 F7200
M205 X10 Y10
;WIDTH:0.110594
G1 F2400
G1 X59.916 Y117.548 E.00108
;WIDTH:0.148241
G1 X59.795 Y117.394 E.00168
;WIDTH:0.185888
G1 X59.673 Y117.241 E.00228
;WIDTH:0.204711
G1 X59.551 Y117.088 E.00258
M205 X8 Y8
G1 X64.912 Y122.449 F7200
M205 X10 Y10
;WIDTH:0.223432
G1 F2400
G1 X64.76 Y122.329 E.00285
;WIDTH:0.185815
G1 X64.609 Y122.208 E.00226
;WIDTH:0.148197
G1 X64.457 Y122.088 E.00166
;WIDTH:0.129388
G1 X64.305 Y121.968 E.00136
G1 E-4.5 F2700
;WIPE_START
G1 F2400
G1 X64.457 Y122.088 E-.475
;WIPE_END
G1 E-.025 F2700
M205 X8 Y8
G1 X71.559 Y119.294 Z3 F7200
G1 X145.278 Y90.294 Z3
G1 Z2.6
G1 E5 F2400
M205 X10 Y10
;TYPE:Internal solid infill
;WIDTH:0.56548
G1 F3600
G1 X145.823 Y90.839 E.03279
G1 X146.872 Y90.766 E.0448
;WIDTH:0.523916
G1 X147.925 Y90.737 E.04126
G1 X149.063 Y90.767 E.04462
G1 X148.563 Y90.267 E.02768
G1 X146.921 Y90.272 E.06436
;WIDTH:0.550363
G1 X145.318 Y90.294 E.06629
M205 X8 Y8
G1 X144.142 Y89.823 F7200
M205 X10 Y10
;WIDTH:0.449999
G1 F3600
G1 X145.645 Y91.327 E.07054
G1 X146.912 Y91.214 E.04219
G1 X147.94 Y91.178 E.03411
G1 X149.191 Y91.215 E.04151
G1 X150.24 Y91.316 E.03495
G1 X148.747 Y89.823 E.07001
G1 X144.182 Y89.823 E.15145
M205 X8 Y8
G1 X143.159 Y89.416 F7200
M205 X10 Y10
G1 F3600
G1 X145.494 Y91.751 E.10954
G1 X146.948 Y91.62 E.04844
G1 X147.954 Y91.585 E.03338
G1 X149.165 Y91.621 E.04019
G1 X150.366 Y91.737 E.04001
G1 X151.418 Y91.918 E.03542
G1 X148.938 Y89.438 E.11635
G1 X148 Y89.416 E.0311
G1 X143.199 Y89.416 E.15927
; stop printing object V7_00_pH_fit_gauge_26_30_34.stl id:0 copy 0
;TIME_ELAPSED:2120.470459

;LAYER_CHANGE
;:2.8
;HEIGHT:0.2
;BEFORE_LAYER_CHANGE
;2.8
G92 E0
;TIME_ELAPSED:2175.436523
G1 E-4.5 F2700
;WIPE_START
G1 F3600
G1 X145.199 Y89.416 E-.475
;WIPE_END
G1 E-.025 F2700
;_SET_FAN_SPEED_CHANGING_LAYER
; OBJECT_ID: 15
; printing object V7_00_pH_fit_gauge_26_30_34.stl id:0 copy 0
M205 X8 Y8
G17
G3 Z3 I-1.056 J.604 P1  F7200
G1 X168.991 Y130.991 Z3
G1 Z2.8
G1 E5 F2400
M205 X10 Y10
;TYPE:Inner wall
G1 F2700
G1 X51.009 Y130.991 E3.91366
G1 X51.009 Y89.009 E1.39261
M73 P81 R8
G1 X168.991 Y89.009 E3.91366
G1 X168.991 Y130.951 E1.39128
M205 X8 Y8
G1 X169.398 Y131.398 F7200
M205 X10 Y10
G1 F2700
G1 X50.602 Y131.398 E3.94067
G1 X50.602 Y88.602 E1.41961
G1 X169.398 Y88.602 E3.94067
G1 X169.398 Y131.358 E1.41829
M205 X8 Y8
G1 X169.79 Y131.79 F7200
M205 X10 Y10
;TYPE:Outer wall
;WIDTH:0.419999
G1 F2400
G1 X50.21 Y131.79 E3.67435
G1 X50.21 Y88.21 E1.33909
G1 X169.79 Y88.21 E3.67435
G1 X169.79 Y131.75 E1.33786
M73 P81 R7
G1 E-4.5 F2700
;WIPE_START
G1 F2400
G1 X167.79 Y131.751 E-.475
;WIPE_END
G1 E-.025 F2700
M205 X8 Y8
G1 X161.53 Y127.384 Z3.2 F7200
G1 X130.509 Y105.747 Z3.2
G1 Z2.8
G1 E5 F2400
M205 X10 Y10
;TYPE:Inner wall
;WIDTH:0.449999
G1 F2700
G1 X130.597 Y105.37 E.01285
G1 X130.937 Y104.242 E.03909
G1 X131.35 Y103.138 E.03909
G1 X131.567 Y102.654 E.0176
G1 X131.834 Y102.064 E.02149
G1 X132.403 Y100.996 E.04013
G1 X133.008 Y100.022 E.03805
G1 X133.711 Y99.037 E.04014
G1 X134.46 Y98.125 E.03912
G1 X135.265 Y97.265 E.03909
G1 X136.125 Y96.46 E.03909
G1 X137.036 Y95.712 E.03909
G1 X137.994 Y95.025 E.03909
G1 X138.995 Y94.403 E.03909
G1 X140.035 Y93.848 E.03909
G1 X141.108 Y93.361 E.03909
G1 X142.211 Y92.946 E.03909
G1 X143.339 Y92.604 E.03909
G1 X144.486 Y92.336 E.03909
G1 X145.652 Y92.144 E.03919
G1 X146.936 Y92.025 E.04278
G1 X148 Y91.99 E.0353
G1 X149.178 Y92.029 E.03909
G1 X150.354 Y92.145 E.03919
G1 X151.625 Y92.362 E.04278
G1 X152.661 Y92.604 E.0353
G1 X153.792 Y92.947 E.03919
G1 X154.996 Y93.408 E.04278
G1 X155.965 Y93.848 E.0353
G1 X157.005 Y94.403 E.03909
G1 X158.006 Y95.025 E.03909
G1 X158.964 Y95.712 E.03909
G1 X159.875 Y96.46 E.03909
G1 X160.735 Y97.265 E.03909
G1 X161.54 Y98.125 E.03909
G1 X162.288 Y99.036 E.03909
G1 X162.975 Y99.994 E.03909
G1 X163.597 Y100.995 E.03909
G1 X164.152 Y102.034 E.03909
G1 X164.639 Y103.108 E.03909
G1 X165.054 Y104.211 E.03909
G1 X165.397 Y105.342 E.03919
G1 X165.682 Y106.599 E.04278
G1 X165.856 Y107.649 E.0353
G1 X165.971 Y108.822 E.03909
G1 X166.01 Y110 E.03909
G1 X165.971 Y111.178 E.03909
G1 X165.855 Y112.354 E.03919
G1 X165.638 Y113.625 E.04278
G1 X165.396 Y114.661 E.0353
G1 X165.054 Y115.789 E.03909
G1 X164.639 Y116.892 E.03909
G1 X164.152 Y117.965 E.03909
G1 X163.597 Y119.005 E.03909
G1 X162.975 Y120.006 E.03909
G1 X162.288 Y120.964 E.03909
G1 X161.54 Y121.875 E.03909
G1 X160.735 Y122.735 E.03909
G1 X159.875 Y123.54 E.03909
G1 X158.964 Y124.288 E.03909
G1 X158.006 Y124.975 E.03909
G1 X157.005 Y125.597 E.03909
G1 X155.963 Y126.154 E.03919
G1 X154.785 Y126.679 E.04278
G1 X153.789 Y127.054 E.0353
G1 X152.658 Y127.397 E.03919
G1 X151.401 Y127.682 E.04278
G1 X150.351 Y127.856 E.0353
G1 X149.178 Y127.971 E.03909
G1 X148 Y128.01 E.03909
G1 X146.822 Y127.971 E.03909
G1 X145.646 Y127.855 E.03919
G1 X144.375 Y127.638 E.04278
G1 X143.339 Y127.396 E.0353
G1 X142.208 Y127.053 E.03919
G1 X141.004 Y126.592 E.04278
G1 X140.035 Y126.152 E.0353
G1 X138.995 Y125.597 E.03909
G1 X137.994 Y124.975 E.03909
G1 X137.036 Y124.288 E.03909
G1 X136.125 Y123.54 E.03909
G1 X135.265 Y122.735 E.03909
G1 X134.46 Y121.875 E.03909
G1 X133.732 Y120.989 E.03802
G1 X133.24 Y120.305 E.02796
G1 X132.539 Y119.224 E.04273
G1 X132.026 Y118.3 E.03504
G1 X131.35 Y116.862 E.05273
G1 X130.957 Y115.819 E.03695
G1 X130.595 Y114.624 E.04143
G1 X130.324 Y113.429 E.04063
G1 X130.15 Y112.383 E.0352
G1 X130.032 Y111.21 E.03909
G1 X129.991 Y110.032 E.03909
G1 X130.024 Y108.985 E.03475
G1 X130.115 Y107.942 E.03472
G1 X130.252 Y107.019 E.03097
G1 X130.471 Y105.909 E.03754
M73 P82 R7
G1 X130.5 Y105.786 E.00416
M205 X8 Y8
G1 X130.905 Y105.84 F7200
M205 X10 Y10
G1 F2700
G1 X130.993 Y105.463 E.01285
G1 X131.443 Y104.047 E.04927
G1 X131.731 Y103.282 E.02713
G1 X132.205 Y102.232 E.03821
G1 X132.756 Y101.199 E.03883
G1 X133.354 Y100.237 E.03759
G1 X134.035 Y99.285 E.03883
G1 X134.766 Y98.394 E.03822
G1 X135.553 Y97.553 E.03821
G1 X136.394 Y96.766 E.03821
G1 X137.284 Y96.035 E.03821
G1 X138.221 Y95.364 E.03821
G1 X139.199 Y94.756 E.03821
G1 X140.215 Y94.213 E.03821
G1 X141.264 Y93.738 E.03821
G1 X142.342 Y93.332 E.03821
G1 X143.444 Y92.997 E.03821
G1 X144.566 Y92.736 E.03821
G1 X145.704 Y92.548 E.03827
G1 X146.962 Y92.432 E.04189
G1 X148 Y92.398 E.03446
G1 X149.151 Y92.435 E.03821
G1 X150.299 Y92.548 E.03827
G1 X151.544 Y92.761 E.04189
G1 X152.556 Y92.997 E.03446
G1 X153.66 Y93.332 E.03827
G1 X154.839 Y93.784 E.04189
G1 X155.785 Y94.213 E.03446
G1 X156.801 Y94.756 E.03821
G1 X157.779 Y95.364 E.03821
G1 X158.716 Y96.035 E.03821
G1 X159.606 Y96.766 E.03821
G1 X160.447 Y97.553 E.03821
G1 X161.234 Y98.394 E.03821
G1 X161.965 Y99.284 E.03821
G1 X162.636 Y100.221 E.03821
G1 X163.244 Y101.199 E.03821
G1 X163.787 Y102.215 E.03821
G1 X164.263 Y103.264 E.03821
G1 X164.668 Y104.342 E.03821
G1 X165.003 Y105.446 E.03827
G1 X165.283 Y106.677 E.04189
G1 X165.452 Y107.702 E.03446
G1 X165.565 Y108.849 E.03821
G1 X165.602 Y110 E.03821
G1 X165.565 Y111.151 E.03821
G1 X165.452 Y112.299 E.03827
G1 X165.239 Y113.544 E.04189
G1 X165.003 Y114.556 E.03446
G1 X164.668 Y115.658 E.03821
G1 X164.263 Y116.736 E.03821
G1 X163.787 Y117.785 E.03821
G1 X163.244 Y118.801 E.03821
G1 X162.636 Y119.779 E.03821
G1 X161.965 Y120.716 E.03821
G1 X161.234 Y121.606 E.03821
G1 X160.447 Y122.447 E.03821
G1 X159.606 Y123.234 E.03821
G1 X158.716 Y123.965 E.03821
G1 X157.779 Y124.636 E.03821
G1 X156.801 Y125.244 E.03821
G1 X155.784 Y125.788 E.03827
G1 X154.63 Y126.302 E.04189
G1 X153.658 Y126.668 E.03446
G1 X152.554 Y127.003 E.03827
G1 X151.323 Y127.283 E.04189
G1 X150.298 Y127.452 E.03446
G1 X149.151 Y127.565 E.03821
G1 X148 Y127.602 E.03821
G1 X146.849 Y127.565 E.03821
G1 X145.701 Y127.452 E.03827
G1 X144.456 Y127.239 E.04189
G1 X143.444 Y127.003 E.03446
G1 X142.34 Y126.668 E.03827
G1 X141.161 Y126.216 E.04189
G1 X140.215 Y125.787 E.03446
G1 X139.199 Y125.244 E.03821
G1 X138.221 Y124.636 E.03821
G1 X137.284 Y123.965 E.03821
G1 X136.394 Y123.234 E.03821
G1 X135.553 Y122.447 E.03821
G1 X134.766 Y121.606 E.03821
G1 X134.047 Y120.73 E.03758
G1 X133.571 Y120.068 E.02708
G1 X132.885 Y119.009 E.04185
G1 X132.385 Y118.108 E.03415
G1 X131.731 Y116.718 E.05096
G1 X131.338 Y115.676 E.03695
G1 X130.931 Y114.266 E.04868
G1 X130.721 Y113.339 E.03152
G1 X130.551 Y112.316 E.0344
G1 X130.437 Y111.17 E.03821
G1 X130.398 Y110.019 E.03821
G1 X130.43 Y108.999 E.03387
G1 X130.521 Y107.982 E.03384
G1 X130.653 Y107.088 E.03001
G1 X130.868 Y106.001 E.03674
G1 X130.896 Y105.879 E.00416
M205 X8 Y8
G1 X131.287 Y105.929 F7200
M205 X10 Y10
;TYPE:Outer wall
;WIDTH:0.419999
G1 F2400
G1 X131.375 Y105.552 E.0119
G1 X131.81 Y104.185 E.04407
G1 X132.098 Y103.42 E.02513
G1 X132.562 Y102.394 E.0346
G1 X133.096 Y101.395 E.03479
G1 X133.687 Y100.444 E.03442
G1 X134.346 Y99.523 E.03479
G1 X135.061 Y98.653 E.03461
G1 X135.831 Y97.831 E.0346
G1 X136.653 Y97.061 E.0346
G1 X137.523 Y96.346 E.03461
G1 X138.439 Y95.69 E.0346
G1 X139.395 Y95.096 E.0346
G1 X140.388 Y94.565 E.0346
G1 X141.414 Y94.1 E.0346
G1 X142.468 Y93.703 E.0346
G1 X143.546 Y93.376 E.0346
G1 X144.642 Y93.121 E.0346
G1 X145.754 Y92.937 E.03462
G1 X146.986 Y92.823 E.03802
G1 X148 Y92.79 E.03117
G1 X149.126 Y92.827 E.03461
G1 X150.247 Y92.937 E.03462
G1 X151.466 Y93.146 E.03802
G1 X152.454 Y93.376 E.03117
G1 X153.533 Y93.703 E.03462
G1 X154.688 Y94.146 E.03802
G1 X155.612 Y94.565 E.03117
G1 X156.605 Y95.096 E.0346
G1 X157.561 Y95.69 E.0346
G1 X158.477 Y96.346 E.0346
G1 X159.347 Y97.061 E.0346
G1 X160.169 Y97.831 E.0346
G1 X160.939 Y98.653 E.0346
G1 X161.654 Y99.523 E.0346
G1 X162.31 Y100.439 E.03461
G1 X162.904 Y101.395 E.0346
G1 X163.435 Y102.388 E.0346
G1 X163.9 Y103.414 E.03461
G1 X164.297 Y104.468 E.03461
G1 X164.624 Y105.546 E.03462
G1 X164.898 Y106.753 E.03802
G1 X165.063 Y107.754 E.03117
G1 X165.173 Y108.874 E.0346
G1 X165.21 Y110 E.0346
G1 X165.173 Y111.126 E.03461
G1 X165.063 Y112.247 E.03462
G1 X164.854 Y113.466 E.03802
G1 X164.624 Y114.454 E.03117
G1 X164.297 Y115.532 E.0346
G1 X163.9 Y116.586 E.03461
G1 X163.435 Y117.612 E.0346
G1 X162.904 Y118.605 E.0346
G1 X162.31 Y119.561 E.0346
G1 X161.654 Y120.477 E.03461
G1 X160.939 Y121.347 E.0346
G1 X160.169 Y122.169 E.0346
G1 X159.347 Y122.939 E.0346
G1 X158.477 Y123.654 E.03461
G1 X157.561 Y124.31 E.0346
G1 X156.605 Y124.904 E.0346
G1 X155.611 Y125.436 E.03462
G1 X154.481 Y125.939 E.03802
G1 X153.532 Y126.297 E.03117
G1 X152.454 Y126.624 E.03462
G1 X151.247 Y126.898 E.03802
G1 X150.246 Y127.063 E.03117
G1 X149.126 Y127.173 E.0346
G1 X148 Y127.21 E.0346
G1 X146.874 Y127.173 E.03461
G1 X145.753 Y127.063 E.03462
G1 X144.534 Y126.854 E.03802
G1 X143.546 Y126.624 E.03117
G1 X142.467 Y126.297 E.03462
G1 X141.312 Y125.854 E.03802
G1 X140.388 Y125.435 E.03117
G1 X139.395 Y124.904 E.0346
G1 X138.439 Y124.31 E.0346
G1 X137.523 Y123.654 E.0346
G1 X136.653 Y122.939 E.03461
G1 X135.831 Y122.169 E.0346
G1 X135.061 Y121.347 E.0346
G1 X134.35 Y120.482 E.03441
G1 X133.889 Y119.839 E.0243
G1 X133.218 Y118.802 E.03798
G1 X132.731 Y117.923 E.03085
G1 X132.295 Y117.016 E.03094
G1 X131.911 Y116.084 E.03099
G1 X131.705 Y115.538 E.01792
G1 X131.314 Y114.179 E.04345
G1 X131.104 Y113.253 E.02919
G1 X130.938 Y112.252 E.03115
G1 X130.827 Y111.132 E.0346
G1 X130.79 Y110.006 E.0346
G1 X130.822 Y109.011 E.03058
G1 X130.911 Y108.021 E.03056
G1 X131.04 Y107.154 E.02693
G1 X131.249 Y106.09 E.03332
G1 X131.278 Y105.968 E.00386
G1 E-4.5 F2700
;WIPE_START
G1 F2400
G1 X131.375 Y105.552 E-.10147
G1 X131.81 Y104.185 E-.3406
G1 X131.859 Y104.055 E-.03293
;WIPE_END
G1 E-.025 F2700
M205 X8 Y8
G1 X127.774 Y110.503 Z3.2 F7200
G1 X125.456 Y114.163 Z3.2
G1 Z2.8
G1 E5 F2400
M205 X10 Y10
;TYPE:Inner wall
;WIDTH:0.449999
G1 F2700
G1 X125.149 Y115.176 E.03514
G1 X124.802 Y116.096 E.03261
G1 X124.343 Y117.109 E.03689
G1 X123.878 Y117.979 E.03273
G1 X123.443 Y118.683 E.02746
G1 X122.775 Y119.643 E.03878
G1 X122.057 Y120.531 E.03787
G1 X121.343 Y121.297 E.03475
G1 X120.58 Y122.015 E.03475
G1 X119.771 Y122.681 E.03475
G1 X118.921 Y123.293 E.03475
G1 X118.032 Y123.848 E.03475
G1 X117.109 Y124.343 E.03475
G1 X116.156 Y124.778 E.03475
G1 X115.176 Y125.149 E.03475
G1 X114.142 Y125.465 E.03589
G1 X113.052 Y125.712 E.03706
G1 X112.122 Y125.867 E.0313
G1 X111.079 Y125.972 E.03475
G1 X110.032 Y126.009 E.03475
G1 X108.985 Y125.976 E.03475
G1 X107.942 Y125.876 E.03475
G1 X106.909 Y125.707 E.03475
G1 X105.888 Y125.472 E.03475
G1 X104.852 Y125.16 E.03589
G1 X103.809 Y124.76 E.03706
G1 X102.949 Y124.372 E.0313
G1 X102.024 Y123.88 E.03475
G1 X101.133 Y123.329 E.03475
G1 X100.28 Y122.72 E.03475
G1 X99.469 Y122.057 E.03475
G1 X98.703 Y121.343 E.03475
G1 X97.985 Y120.58 E.03475
G1 X97.319 Y119.771 E.03475
G1 X96.707 Y118.921 E.03475
G1 X96.271 Y118.224 E.02728
G1 X95.82 Y117.415 E.0307
G1 X95.415 Y116.581 E.03079
G1 X95.198 Y116.096 E.0176
G1 X94.851 Y115.176 E.03261
G1 X94.498 Y113.977 E.04146
G1 X94.288 Y113.052 E.03147
G1 X94.133 Y112.122 E.0313
G1 X94.028 Y111.079 E.03475
G1 X93.994 Y110.117 E.03193
G1 X94.018 Y109.146 E.03224
G1 X94.098 Y108.204 E.03137
G1 X94.228 Y107.299 E.03032
G1 X94.528 Y105.888 E.04785
G1 X94.748 Y105.156 E.02536
G1 X95.049 Y104.308 E.02983
G1 X95.24 Y103.809 E.01774
G1 X95.628 Y102.949 E.0313
G1 X96.12 Y102.024 E.03475
G1 X96.594 Y101.257 E.0299
G1 X97.28 Y100.28 E.0396
G1 X97.943 Y99.469 E.03475
G1 X98.657 Y98.703 E.03475
G1 X99.42 Y97.985 E.03475
G1 X100.255 Y97.297 E.03589
G1 X101.167 Y96.652 E.03706
G1 X101.968 Y96.152 E.0313
G1 X102.891 Y95.657 E.03475
G1 X103.844 Y95.222 E.03475
G1 X104.824 Y94.851 E.03475
G1 X105.825 Y94.545 E.03475
G1 X106.845 Y94.305 E.03475
G1 X107.912 Y94.127 E.03589
G1 X109.025 Y94.024 E.03706
G1 X109.968 Y93.991 E.0313
G1 X111.015 Y94.024 E.03475
G1 X112.058 Y94.124 E.03475
G1 X113.091 Y94.293 E.03475
G1 X114.112 Y94.528 E.03475
G1 X115.115 Y94.831 E.03475
G1 X116.096 Y95.198 E.03475
G1 X117.051 Y95.628 E.03475
G1 X117.976 Y96.12 E.03475
G1 X118.867 Y96.671 E.03475
G1 X119.72 Y97.28 E.03475
G1 X120.531 Y97.943 E.03475
G1 X121.297 Y98.657 E.03475
G1 X122.015 Y99.42 E.03475
G1 X122.698 Y100.248 E.03561
G1 X123.348 Y101.167 E.03735
G1 X123.848 Y101.968 E.0313
G1 X124.343 Y102.891 E.03475
G1 X124.778 Y103.844 E.03475
G1 X125.003 Y104.436 E.02102
G1 X125.455 Y105.826 E.04846
G1 X125.712 Y106.948 E.03819
G1 X125.821 Y107.599 E.02189
G1 X125.959 Y108.79 E.03978
G1 X126.009 Y109.968 E.0391
G1 X125.976 Y111.015 E.03475
G1 X125.876 Y112.058 E.03475
G1 X125.707 Y113.091 E.03475
G1 X125.472 Y114.112 E.03475
G1 X125.468 Y114.124 E.00043
M205 X8 Y8
G1 X125.065 Y114.052 F7200
M205 X10 Y10
G1 F2700
G1 X124.622 Y115.42 E.04772
G1 X124.421 Y115.953 E.01888
G1 X124.188 Y116.471 E.01886
G1 X123.679 Y117.489 E.03774
G1 X123.097 Y118.469 E.0378
G1 X122.444 Y119.406 E.0379
G1 X121.743 Y120.273 E.03699
G1 X121.046 Y121.019 E.03387
G1 X120.301 Y121.717 E.03387
G1 X119.513 Y122.366 E.03387
G1 X118.684 Y122.962 E.03387
G1 X117.817 Y123.502 E.03387
G1 X116.918 Y123.984 E.03387
G1 X115.988 Y124.407 E.03387
G1 X115.033 Y124.768 E.03387
G1 X114.037 Y125.071 E.03455
G1 X112.962 Y125.315 E.03656
G1 X112.055 Y125.466 E.03049
G1 X111.039 Y125.567 E.03387
G1 X110.019 Y125.602 E.03387
G1 X108.999 Y125.57 E.03387
G1 X107.982 Y125.471 E.03387
G1 X106.975 Y125.306 E.03387
G1 X105.98 Y125.075 E.03387
G1 X104.983 Y124.774 E.03455
G1 X103.954 Y124.38 E.03656
G1 X103.117 Y124.001 E.03049
G1 X102.216 Y123.521 E.03387
G1 X101.348 Y122.983 E.03387
G1 X100.517 Y122.389 E.03387
G1 X99.727 Y121.743 E.03387
G1 X98.981 Y121.046 E.03387
G1 X98.283 Y120.301 E.03387
G1 X97.634 Y119.513 E.03387
G1 X97.038 Y118.684 E.03387
G1 X96.617 Y118.009 E.0264
G1 X96.179 Y117.224 E.02981
G1 X95.785 Y116.413 E.02991
G1 X95.579 Y115.953 E.01672
G1 X95.232 Y115.033 E.03261
G1 X95.025 Y114.354 E.02354
G1 X94.814 Y113.531 E.0282
G1 X94.685 Y112.962 E.01934
G1 X94.534 Y112.055 E.03049
G1 X94.433 Y111.039 E.03387
G1 X94.401 Y110.104 E.03104
G1 X94.425 Y109.159 E.03135
G1 X94.504 Y108.243 E.03049
G1 X94.63 Y107.365 E.02944
G1 X94.925 Y105.98 E.04696
G1 X95.138 Y105.274 E.02448
G1 X95.429 Y104.454 E.02887
G1 X95.62 Y103.954 E.01774
G1 X95.999 Y103.117 E.03049
G1 X96.479 Y102.216 E.03387
G1 X96.94 Y101.472 E.02901
G1 X97.611 Y100.517 E.03871
G1 X98.257 Y99.727 E.03387
G1 X98.954 Y98.981 E.03387
G1 X99.699 Y98.283 E.03387
G1 X100.503 Y97.621 E.03455
G1 X101.403 Y96.984 E.03656
G1 X102.183 Y96.498 E.03049
G1 X103.082 Y96.016 E.03387
G1 X104.012 Y95.593 E.03387
G1 X104.967 Y95.232 E.03387
G1 X105.944 Y94.935 E.03387
G1 X106.938 Y94.702 E.03387
G1 X107.965 Y94.531 E.03455
G1 X109.062 Y94.429 E.03656
G1 X109.981 Y94.398 E.03049
G1 X111.001 Y94.43 E.03387
G1 X112.018 Y94.529 E.03387
G1 X113.025 Y94.694 E.03387
G1 X114.02 Y94.925 E.03387
G1 X114.997 Y95.22 E.03387
G1 X115.953 Y95.579 E.03387
G1 X116.883 Y95.999 E.03387
G1 X117.784 Y96.479 E.03387
G1 X118.652 Y97.017 E.03387
G1 X119.483 Y97.611 E.03387
G1 X120.273 Y98.257 E.03387
G1 X121.019 Y98.954 E.03387
G1 X121.717 Y99.699 E.03387
G1 X122.376 Y100.499 E.03437
G1 X123.016 Y101.403 E.03673
G1 X123.502 Y102.183 E.03049
G1 X123.984 Y103.082 E.03387
G1 X124.407 Y104.012 E.03387
G1 X124.622 Y104.58 E.02013
G1 X125.065 Y105.944 E.04758
G1 X125.221 Y106.621 E.02306
G1 X125.42 Y107.665 E.03525
G1 X125.554 Y108.83 E.0389
G1 X125.602 Y109.981 E.03822
G1 X125.57 Y111.001 E.03387
G1 X125.471 Y112.018 E.03387
G1 X125.306 Y113.025 E.03387
G1 X125.077 Y114.014 E.03366
M205 X8 Y8
G1 X124.693 Y113.931 F7200
M205 X10 Y10
;TYPE:Outer wall
;WIDTH:0.419999
G1 F2400
G1 X124.255 Y115.282 E.04364
G1 X124.054 Y115.815 E.01748
G1 X123.831 Y116.31 E.01668
G1 X123.333 Y117.304 E.03417
G1 X122.764 Y118.261 E.03422
G1 X122.126 Y119.178 E.03432
G1 X121.439 Y120.024 E.03348
G1 X120.759 Y120.751 E.03058
G1 X120.033 Y121.431 E.03058
G1 X119.264 Y122.063 E.03058
G1 X118.455 Y122.643 E.03058
G1 X117.61 Y123.169 E.03058
G1 X116.733 Y123.639 E.03058
G1 X115.826 Y124.05 E.03058
G1 X114.895 Y124.401 E.03058
G1 X113.936 Y124.692 E.03079
G1 X112.875 Y124.933 E.03342
G1 X111.991 Y125.079 E.02753
G1 X111.001 Y125.177 E.03058
G1 X110.006 Y125.21 E.03058
G1 X109.011 Y125.178 E.03058
G1 X108.021 Y125.081 E.03058
G1 X107.039 Y124.919 E.03058
G1 X106.069 Y124.693 E.03058
G1 X105.11 Y124.403 E.03079
G1 X104.095 Y124.014 E.03342
G1 X103.278 Y123.644 E.02753
G1 X102.4 Y123.175 E.03058
G1 X101.555 Y122.65 E.03058
G1 X100.746 Y122.071 E.03058
G1 X99.976 Y121.439 E.03058
G1 X99.249 Y120.759 E.03058
G1 X98.569 Y120.033 E.03058
G1 X97.937 Y119.264 E.03058
G1 X97.357 Y118.455 E.03058
G1 X96.95 Y117.801 E.02366
G1 X96.525 Y117.039 E.02683
G1 X96.143 Y116.251 E.02691
G1 X95.805 Y115.441 E.02697
G1 X95.599 Y114.895 E.01792
G1 X95.4 Y114.24 E.02102
G1 X95.196 Y113.444 E.02526
G1 X95.067 Y112.875 E.01792
G1 X94.921 Y111.991 E.02753
G1 X94.823 Y111.001 E.03058
G1 X94.793 Y110.091 E.02797
G1 X94.817 Y109.172 E.02825
G1 X94.894 Y108.282 E.02745
G1 X95.017 Y107.429 E.02648
G1 X95.307 Y106.069 E.04272
G1 X95.513 Y105.388 E.02188
G1 X95.795 Y104.594 E.02588
G1 X95.986 Y104.095 E.01644
G1 X96.356 Y103.278 E.02753
G1 X96.825 Y102.4 E.03058
G1 X97.273 Y101.679 E.02609
G1 X97.929 Y100.746 E.03507
G1 X98.561 Y99.976 E.03058
G1 X99.241 Y99.249 E.03058
G1 X99.967 Y98.569 E.03058
G1 X100.741 Y97.933 E.03079
G1 X101.629 Y97.304 E.03342
G1 X102.39 Y96.831 E.02753
G1 X103.267 Y96.361 E.03058
G1 X104.174 Y95.95 E.03058
G1 X105.105 Y95.599 E.03058
G1 X106.057 Y95.31 E.03058
G1 X107.027 Y95.084 E.03058
G1 X108.015 Y94.92 E.03079
G1 X109.098 Y94.82 E.03342
G1 X109.994 Y94.79 E.02753
G1 X110.989 Y94.822 E.03058
G1 X111.979 Y94.919 E.03058
G1 X112.961 Y95.081 E.03058
G1 X113.931 Y95.307 E.03058
G1 X114.883 Y95.595 E.03058
G1 X115.815 Y95.946 E.03058
G1 X116.722 Y96.356 E.03058
G1 X117.6 Y96.825 E.03058
G1 X118.445 Y97.35 E.03058
G1 X119.254 Y97.929 E.03058
G1 X120.024 Y98.561 E.03058
G1 X120.751 Y99.241 E.03058
G1 X121.431 Y99.967 E.03058
G1 X122.066 Y100.74 E.03074
G1 X122.696 Y101.629 E.03348
G1 X123.169 Y102.39 E.02753
G1 X123.639 Y103.267 E.03058
G1 X124.05 Y104.174 E.03058
G1 X124.255 Y104.718 E.01786
G1 X124.69 Y106.057 E.04329
G1 X124.838 Y106.708 E.0205
G1 X125.033 Y107.729 E.03193
G1 X125.164 Y108.868 E.03524
G1 X125.21 Y109.994 E.03461
G1 X125.178 Y110.989 E.03058
G1 X125.081 Y111.979 E.03058
G1 X124.919 Y112.961 E.03058
G1 X124.702 Y113.893 E.02938
G1 E-4.5 F2700
;WIPE_START
G1 F2400
G1 X124.255 Y115.282 E-.34675
G1 X124.065 Y115.788 E-.12825
;WIPE_END
G1 E-.025 F2700
M205 X8 Y8
G1 X116.471 Y115.015 Z3.2 F7200
G1 X58.024 Y109.065 Z3.2
G1 Z2.8
G1 E5 F2400
M205 X10 Y10
;TYPE:Inner wall
;WIDTH:0.449999
G1 F2700
G1 X58.107 Y108.204 E.02872
G1 X58.254 Y107.299 E.03041
G1 X58.46 Y106.406 E.03041
G1 X58.724 Y105.528 E.03041
G1 X59.045 Y104.669 E.03041
G1 X59.422 Y103.833 E.03041
G1 X59.852 Y103.024 E.03041
G1 X60.334 Y102.244 E.03041
G1 X60.867 Y101.498 E.03041
G1 X61.446 Y100.788 E.03041
G1 X62.138 Y100.055 E.03342
G1 X62.739 Y99.489 E.02739
G1 X63.446 Y98.906 E.03041
G1 X64.19 Y98.37 E.03041
G1 X64.968 Y97.884 E.03041
G1 X65.775 Y97.45 E.03041
G1 X66.609 Y97.07 E.03041
G1 X67.466 Y96.745 E.03041
G1 X68.343 Y96.477 E.03041
G1 X69.235 Y96.267 E.03041
G1 X70.14 Y96.115 E.03041
G1 X71.142 Y96.02 E.03342
G1 X71.968 Y95.991 E.02739
G1 X72.884 Y96.019 E.03041
G1 X73.797 Y96.107 E.03041
G1 X74.79 Y96.275 E.03342
G1 X75.594 Y96.46 E.02739
G1 X76.472 Y96.724 E.03041
G1 X77.331 Y97.045 E.03041
G1 X78.167 Y97.422 E.03041
G1 X78.976 Y97.852 E.03041
G1 X79.83 Y98.387 E.03342
G1 X80.502 Y98.867 E.02739
G1 X81.212 Y99.446 E.03041
G1 X81.883 Y100.072 E.03041
G1 X82.511 Y100.739 E.03041
G1 X83.094 Y101.447 E.03041
G1 X83.678 Y102.267 E.03342
G1 X84.116 Y102.968 E.02739
G1 X84.55 Y103.775 E.03041
G1 X84.93 Y104.609 E.03041
G1 X85.155 Y105.201 E.02102
G1 X85.366 Y105.825 E.02185
G1 X85.523 Y106.343 E.01794
G1 X85.642 Y106.845 E.01712
G1 X85.841 Y107.878 E.03491
G1 X85.964 Y108.921 E.03481
G1 X86.003 Y109.944 E.03397
G1 X85.981 Y110.884 E.03119
G1 X85.893 Y111.796 E.03041
G1 X85.746 Y112.701 E.03041
G1 X85.54 Y113.594 E.03041
G1 X85.366 Y114.174 E.02008
G1 X84.955 Y115.331 E.04072
G1 X84.583 Y116.156 E.03002
G1 X84.306 Y116.681 E.01969
G1 X83.78 Y117.572 E.03434
G1 X83.273 Y118.307 E.02961
G1 X82.554 Y119.212 E.03836
G1 X81.862 Y119.945 E.03342
G1 X81.261 Y120.511 E.02739
G1 X80.554 Y121.094 E.03041
G1 X79.81 Y121.63 E.03041
G1 X79.032 Y122.116 E.03041
G1 X78.225 Y122.55 E.03041
G1 X77.391 Y122.93 E.03041
G1 X76.534 Y123.255 E.03041
G1 X75.657 Y123.523 E.03041
G1 X74.675 Y123.748 E.03342
G1 X73.861 Y123.885 E.02739
G1 X72.948 Y123.977 E.03041
G1 X71.941 Y124.006 E.03342
G1 X71.116 Y123.981 E.02739
G1 X70.203 Y123.893 E.03041
G1 X69.21 Y123.725 E.03342
G1 X68.406 Y123.54 E.02739
G1 X67.528 Y123.276 E.03041
G1 X66.669 Y122.955 E.03041
G1 X65.833 Y122.578 E.03041
G1 X65.024 Y122.148 E.03041
G1 X64.244 Y121.666 E.03041
G1 X63.498 Y121.133 E.03041
G1 X62.788 Y120.554 E.03041
G1 X62.117 Y119.928 E.03041
G1 X61.489 Y119.261 E.03041
G1 X60.906 Y118.554 E.03041
G1 X60.37 Y117.81 E.03041
G1 X59.884 Y117.032 E.03041
G1 X59.45 Y116.225 E.03041
G1 X59.07 Y115.391 E.03041
G1 X58.745 Y114.534 E.03041
G1 X58.477 Y113.657 E.03041
G1 X58.267 Y112.765 E.03041
G1 X58.115 Y111.861 E.03041
G1 X58.023 Y110.948 E.03041
G1 X57.994 Y109.941 E.03342
G1 X58.019 Y109.116 E.02739
G1 X58.02 Y109.105 E.00036
M205 X8 Y8
G1 X58.429 Y109.104 F7200
M205 X10 Y10
G1 F2700
G1 X58.512 Y108.243 E.02867
G1 X58.656 Y107.365 E.02953
G1 X58.857 Y106.498 E.02953
G1 X59.114 Y105.646 E.02953
G1 X59.426 Y104.812 E.02952
G1 X59.793 Y104.001 E.02953
G1 X60.211 Y103.216 E.02952
G1 X60.68 Y102.459 E.02953
G1 X61.197 Y101.735 E.02953
G1 X61.761 Y101.046 E.02953
G1 X62.433 Y100.335 E.03246
G1 X63.017 Y99.786 E.02659
G1 X63.705 Y99.221 E.02953
G1 X64.427 Y98.701 E.02953
G1 X65.183 Y98.23 E.02952
G1 X65.967 Y97.809 E.02953
G1 X66.777 Y97.441 E.02953
G1 X67.61 Y97.126 E.02952
G1 X68.461 Y96.867 E.02953
G1 X69.328 Y96.663 E.02953
G1 X70.206 Y96.517 E.02953
G1 X71.18 Y96.425 E.03246
G1 X71.981 Y96.398 E.02659
G1 X72.871 Y96.426 E.02953
G1 X73.757 Y96.512 E.02953
G1 X74.721 Y96.676 E.03246
G1 X75.502 Y96.857 E.02659
G1 X76.354 Y97.114 E.02953
G1 X77.188 Y97.426 E.02952
G1 X77.999 Y97.793 E.02953
G1 X78.784 Y98.211 E.02953
G1 X79.613 Y98.731 E.03246
G1 X80.265 Y99.197 E.02659
G1 X80.954 Y99.761 E.02953
G1 X81.604 Y100.369 E.02952
G1 X82.214 Y101.017 E.02952
G1 X82.78 Y101.705 E.02953
G1 X83.346 Y102.503 E.03246
G1 X83.77 Y103.183 E.02659
G1 X84.191 Y103.967 E.02953
G1 X84.559 Y104.777 E.02953
G1 X84.976 Y105.944 E.04109
G1 X85.133 Y106.461 E.01794
G1 X85.326 Y107.282 E.02795
G1 X85.44 Y107.945 E.02232
G1 X85.559 Y108.961 E.03393
G1 X85.596 Y109.955 E.033
G1 X85.574 Y110.871 E.03039
G1 X85.488 Y111.757 E.02953
G1 X85.344 Y112.635 E.02953
G1 X85.143 Y113.502 E.02952
G1 X84.976 Y114.056 E.0192
G1 X84.574 Y115.188 E.03983
G1 X84.212 Y115.988 E.02913
G1 X83.947 Y116.489 E.0188
G1 X83.434 Y117.357 E.03346
G1 X82.942 Y118.07 E.02873
G1 X82.239 Y118.954 E.03747
G1 X81.567 Y119.665 E.03246
G1 X80.983 Y120.214 E.02659
G1 X80.295 Y120.779 E.02953
G1 X79.573 Y121.299 E.02953
G1 X78.817 Y121.77 E.02952
G1 X78.033 Y122.191 E.02953
G1 X77.223 Y122.559 E.02953
G1 X76.39 Y122.874 E.02953
G1 X75.539 Y123.133 E.02953
G1 X74.585 Y123.351 E.03246
G1 X73.794 Y123.483 E.02659
G1 X72.908 Y123.571 E.02953
G1 X71.93 Y123.599 E.03246
G1 X71.129 Y123.574 E.02659
G1 X70.243 Y123.488 E.02953
G1 X69.279 Y123.324 E.03246
G1 X68.498 Y123.143 E.02659
G1 X67.646 Y122.886 E.02953
G1 X66.812 Y122.574 E.02952
G1 X66.001 Y122.207 E.02953
G1 X65.216 Y121.789 E.02953
G1 X64.459 Y121.32 E.02952
G1 X63.735 Y120.803 E.02953
G1 X63.046 Y120.239 E.02953
G1 X62.396 Y119.631 E.02952
G1 X61.786 Y118.983 E.02953
G1 X61.221 Y118.295 E.02953
G1 X60.701 Y117.573 E.02953
G1 X60.23 Y116.817 E.02953
G1 X59.809 Y116.033 E.02952
G1 X59.441 Y115.223 E.02953
G1 X59.126 Y114.39 E.02952
G1 X58.867 Y113.539 E.02953
G1 X58.663 Y112.672 E.02953
G1 X58.517 Y111.794 E.02952
G1 X58.429 Y110.908 E.02953
G1 X58.401 Y109.93 E.03246
G1 X58.426 Y109.144 E.02611
M205 X8 Y8
G1 X58.818 Y109.142 F7200
M205 X10 Y10
;TYPE:Outer wall
;WIDTH:0.419999
G1 F2400
G1 X58.902 Y108.282 E.02654
G1 X59.043 Y107.429 E.02656
G1 X59.239 Y106.587 E.02656
G1 X59.489 Y105.76 E.02656
G1 X59.793 Y104.95 E.02656
G1 X60.15 Y104.163 E.02656
G1 X60.557 Y103.4 E.02656
G1 X61.013 Y102.666 E.02656
G1 X61.516 Y101.963 E.02656
G1 X62.064 Y101.295 E.02656
G1 X62.718 Y100.605 E.02921
G1 X63.285 Y100.072 E.02391
G1 X63.953 Y99.524 E.02656
G1 X64.656 Y99.02 E.02656
G1 X65.39 Y98.563 E.02656
G1 X66.152 Y98.155 E.02656
G1 X66.939 Y97.798 E.02656
G1 X67.748 Y97.493 E.02656
G1 X68.575 Y97.242 E.02656
G1 X69.417 Y97.045 E.02656
G1 X70.27 Y96.904 E.02656
G1 X71.216 Y96.816 E.0292
G1 X71.994 Y96.79 E.02391
G1 X72.858 Y96.818 E.02656
G1 X73.718 Y96.902 E.02656
G1 X74.655 Y97.062 E.0292
G1 X75.413 Y97.239 E.02391
G1 X76.24 Y97.489 E.02656
G1 X77.05 Y97.793 E.02656
G1 X77.837 Y98.15 E.02656
G1 X78.6 Y98.557 E.02656
G1 X79.404 Y99.063 E.0292
G1 X80.037 Y99.516 E.02391
G1 X80.705 Y100.064 E.02656
G1 X81.336 Y100.655 E.02656
G1 X81.928 Y101.285 E.02656
G1 X82.476 Y101.953 E.02656
G1 X83.026 Y102.729 E.0292
G1 X83.437 Y103.39 E.02391
G1 X83.845 Y104.152 E.02656
G1 X84.202 Y104.939 E.02656
G1 X84.601 Y106.057 E.03649
G1 X84.758 Y106.575 E.01662
G1 X84.944 Y107.371 E.0251
G1 X85.053 Y108.009 E.01989
G1 X85.168 Y108.999 E.03064
G1 X85.204 Y109.965 E.02971
G1 X85.182 Y110.858 E.02743
G1 X85.098 Y111.718 E.02656
G1 X84.957 Y112.571 E.02656
G1 X84.761 Y113.413 E.02656
G1 X84.601 Y113.942 E.017
G1 X84.207 Y115.05 E.03611
G1 X83.855 Y115.826 E.0262
G1 X83.601 Y116.304 E.01663
G1 X83.101 Y117.15 E.0302
G1 X82.624 Y117.842 E.02582
G1 X81.936 Y118.705 E.03392
G1 X81.282 Y119.395 E.0292
G1 X80.715 Y119.928 E.02391
G1 X80.047 Y120.476 E.02656
G1 X79.344 Y120.98 E.02656
G1 X78.61 Y121.437 E.02656
G1 X77.848 Y121.845 E.02656
G1 X77.061 Y122.202 E.02656
G1 X76.252 Y122.507 E.02656
G1 X75.425 Y122.758 E.02656
G1 X74.498 Y122.969 E.0292
G1 X73.73 Y123.096 E.02391
G1 X72.87 Y123.181 E.02656
G1 X71.92 Y123.207 E.0292
G1 X71.142 Y123.182 E.02391
G1 X70.282 Y123.098 E.02656
G1 X69.345 Y122.938 E.0292
G1 X68.587 Y122.761 E.02391
G1 X67.76 Y122.511 E.02656
G1 X66.95 Y122.207 E.02656
G1 X66.163 Y121.85 E.02656
G1 X65.4 Y121.443 E.02656
G1 X64.666 Y120.987 E.02656
G1 X63.963 Y120.484 E.02656
G1 X63.295 Y119.936 E.02656
G1 X62.664 Y119.345 E.02656
G1 X62.072 Y118.715 E.02656
G1 X61.524 Y118.047 E.02656
G1 X61.02 Y117.344 E.02656
G1 X60.563 Y116.61 E.02656
G1 X60.155 Y115.848 E.02656
G1 X59.798 Y115.061 E.02656
G1 X59.493 Y114.252 E.02656
G1 X59.242 Y113.425 E.02656
G1 X59.045 Y112.583 E.02656
G1 X58.904 Y111.73 E.02656
G1 X58.819 Y110.87 E.02656
G1 X58.793 Y109.92 E.0292
G1 X58.817 Y109.182 E.0227
G1 E-4.5 F2700
;WIPE_START
G1 F2400
G1 X58.902 Y108.282 E-.21465
G1 X59.043 Y107.429 E-.2053
G1 X59.095 Y107.203 E-.05505
;WIPE_END
G1 E-.025 F2700
M205 X8 Y8
G1 X51.417 Y89.355 Z3.2 F7200
G1 Z2.8
G1 E5 F2400
M205 X10 Y10
;TYPE:Internal solid infill
;WIDTH:0.405698
G1 F3600
G1 X51.349 Y89.394 E.00232
G1 X51.419 Y89.429 E.00233
M205 X8 Y8
G1 X144.73 Y92.194 F7200
M205 X10 Y10
;WIDTH:0.450353
G1 F3600
G1 X147.611 Y89.313 E.13525
G1 X147.035 Y89.313 E.01913
G1 X144.246 Y92.101 E.13092
G1 X143.497 Y92.275 E.02555
G1 X146.459 Y89.313 E.13907
G1 X145.882 Y89.313 E.01913
G1 X142.692 Y92.504 E.14981
G1 X142.157 Y92.665 E.01854
G1 X141.832 Y92.787 E.01151
G1 X145.306 Y89.313 E.16311
G1 X144.73 Y89.313 E.01913
G1 X140.9 Y93.143 E.17981
G1 X139.836 Y93.63 E.03886
G1 X144.154 Y89.313 E.20271
G1 X143.578 Y89.313 E.01913
G1 X137.961 Y94.929 E.26369
G1 E-4.5 F2700
;WIPE_START
G1 F3600
G1 X139.376 Y93.515 E-.475
;WIPE_END
G1 E-.025 F2700
M205 X8 Y8
G1 X140.671 Y101.037 Z3.2 F7200
G1 X145.302 Y127.922 Z3.2
G1 Z2.8
G1 E5 F2400
M205 X10 Y10
G1 F3600
G1 X142.518 Y130.706 E.13071
G1 X141.942 Y130.706 E.01913
G1 X144.671 Y127.977 E.12814
G1 X144.187 Y127.885 E.01636
G1 X141.366 Y130.706 E.13246
G1 X140.79 Y130.706 E.01913
G1 X143.719 Y127.776 E.13754
M73 P83 R7
G1 X143.254 Y127.666 E.01588
G1 X140.214 Y130.706 E.14275
G1 X139.637 Y130.706 E.01913
G1 X142.811 Y127.532 E.14901
G1 X142.368 Y127.399 E.01536
G1 X139.061 Y130.706 E.15527
G1 X138.485 Y130.706 E.01913
G1 X141.939 Y127.252 E.16216
G1 X141.521 Y127.093 E.01483
G1 X137.909 Y130.706 E.16961
G1 X137.333 Y130.706 E.01913
G1 X141.104 Y126.935 E.17707
G1 X140.698 Y126.764 E.01461
G1 X136.756 Y130.706 E.18507
G1 X136.18 Y130.706 E.01913
G1 X140.301 Y126.585 E.19348
G1 X139.906 Y126.404 E.01443
G1 X135.604 Y130.706 E.20199
G1 X135.028 Y130.706 E.01913
G1 X139.53 Y126.204 E.21138
G1 X139.154 Y126.004 E.01414
G1 X134.452 Y130.706 E.22077
G1 X133.875 Y130.706 E.01913
G1 X138.784 Y125.798 E.23045
G1 X138.428 Y125.577 E.01389
G1 X133.299 Y130.706 E.24082
G1 X132.723 Y130.706 E.01913
G1 X138.073 Y125.356 E.25119
G1 X137.723 Y125.13 E.01384
G1 X132.147 Y130.706 E.2618
G1 X131.571 Y130.706 E.01913
G1 X137.388 Y124.889 E.27312
G1 X137.053 Y124.648 E.01371
G1 X130.995 Y130.706 E.28444
G1 X130.418 Y130.706 E.01913
G1 X136.724 Y124.4 E.29607
G1 X136.407 Y124.141 E.01359
G1 X129.842 Y130.706 E.30826
G1 X129.266 Y130.706 E.01913
G1 X136.091 Y123.881 E.32046
G1 X135.786 Y123.61 E.01355
G1 X128.69 Y130.706 E.33318
G1 X128.114 Y130.706 E.01913
G1 X135.488 Y123.332 E.34623
G1 X135.189 Y123.054 E.01354
G1 X127.537 Y130.706 E.35929
G1 X126.961 Y130.706 E.01913
G1 X134.904 Y122.763 E.37296
G1 X134.626 Y122.465 E.01353
G1 X126.385 Y130.706 E.38693
G1 X125.809 Y130.706 E.01913
G1 X134.347 Y122.168 E.4009
G1 X134.079 Y121.859 E.01356
G1 X125.233 Y130.706 E.41537
G1 X124.656 Y130.706 E.01913
G1 X133.82 Y121.542 E.43026
G1 X133.561 Y121.225 E.0136
G1 X124.08 Y130.706 E.44515
G1 X123.504 Y130.706 E.01913
G1 X133.313 Y120.896 E.46058
G1 X133.073 Y120.561 E.01371
G1 X122.928 Y130.706 E.47635
G1 X122.352 Y130.706 E.01913
G1 X132.833 Y120.225 E.49211
G1 X132.609 Y119.872 E.01386
G1 X121.775 Y130.706 E.50866
G1 X121.199 Y130.706 E.01913
G1 X132.388 Y119.517 E.52536
G1 X132.168 Y119.161 E.01389
G1 X120.623 Y130.706 E.54206
G1 X120.047 Y130.706 E.01913
G1 X131.964 Y118.788 E.55956
G1 X131.764 Y118.413 E.01414
G1 X119.471 Y130.706 E.57719
G1 X118.894 Y130.706 E.01913
G1 X131.568 Y118.033 E.59504
G1 X131.387 Y117.637 E.01444
G1 X118.318 Y130.706 E.61363
G1 X117.742 Y130.706 E.01913
G1 X131.207 Y117.241 E.63222
G1 X131.037 Y116.834 E.01463
G1 X117.166 Y130.706 E.65131
G1 X116.59 Y130.706 E.01913
G1 X130.879 Y116.416 E.67093
G1 X130.721 Y115.999 E.01484
G1 X116.013 Y130.706 E.69055
G1 X115.437 Y130.706 E.01913
G1 X130.581 Y115.562 E.71106
G1 X130.446 Y115.121 E.01532
G1 X114.861 Y130.706 E.73178
G1 X114.285 Y130.706 E.01913
G1 X130.317 Y114.673 E.75277
G1 X130.21 Y114.205 E.01597
G1 X113.709 Y130.706 E.77477
G1 X113.132 Y130.706 E.01913
G1 X130.102 Y113.736 E.79678
G1 X130.007 Y113.255 E.01627
G1 X112.556 Y130.706 E.81935
G1 X111.98 Y130.706 E.01913
G1 X119.35 Y123.335 E.34606
G1 X119.888 Y122.95 E.02195
G1 X120.714 Y122.276 E.0354
G1 X121.549 Y121.494 E.03799
G1 X122.276 Y120.714 E.0354
G1 X122.903 Y119.95 E.03281
G1 X123.33 Y119.356 E.02427
G1 X129.924 Y112.762 E.30963
G1 X129.851 Y112.259 E.01688
G1 X124.283 Y117.826 E.26143
G1 X124.596 Y117.241 E.02202
G1 X124.848 Y116.686 E.02025
G1 X129.798 Y111.735 E.23245
G1 X129.747 Y111.21 E.01751
G1 X125.253 Y115.704 E.21101
G1 X125.441 Y115.2 E.01785
G1 X125.555 Y114.826 E.01298
G1 X129.728 Y110.653 E.19593
G1 X129.708 Y110.096 E.0185
G1 X125.782 Y114.022 E.18434
G1 X125.958 Y113.271 E.02562
G1 X129.723 Y109.506 E.17679
G1 X129.741 Y108.911 E.01975
G1 X126.081 Y112.572 E.17188
G1 X126.178 Y111.898 E.0226
G1 X129.797 Y108.28 E.16991
G1 X129.86 Y107.64 E.02133
G1 X126.241 Y111.259 E.16991
G1 X126.271 Y110.653 E.02015
G1 X129.977 Y106.947 E.174
G1 X130.102 Y106.246 E.02365
G1 X126.29 Y110.057 E.17896
G1 X126.278 Y109.494 E.01871
G1 X130.275 Y105.497 E.18768
G1 X130.504 Y104.692 E.02778
G1 X126.259 Y108.936 E.19931
G1 X126.208 Y108.411 E.01753
G1 X130.786 Y103.834 E.21492
G1 X131.147 Y102.895 E.03338
G1 X126.155 Y107.888 E.2344
G1 X126.074 Y107.393 E.01665
G1 X131.63 Y101.836 E.2609
G1 X132.149 Y100.867 E.03649
G1 X132.354 Y100.536 E.01293
G1 X125.992 Y106.898 E.29871
G1 X125.885 Y106.429 E.01598
G1 X143.001 Y89.313 E.80365
G1 X142.425 Y89.313 E.01913
G1 X125.778 Y105.96 E.78164
G1 X125.655 Y105.507 E.0156
G1 X141.849 Y89.313 E.76034
G1 X141.273 Y89.313 E.01913
G1 X125.52 Y105.065 E.73962
G1 X125.38 Y104.63 E.0152
G1 X140.697 Y89.313 E.71916
G1 X140.12 Y89.313 E.01913
G1 X125.221 Y104.212 E.69954
G1 X125.063 Y103.794 E.01483
G1 X139.544 Y89.313 E.67993
G1 X138.968 Y89.313 E.01913
G1 X124.886 Y103.395 E.66118
G1 X124.706 Y102.999 E.01444
G1 X138.392 Y89.313 E.6426
G1 X137.816 Y89.313 E.01913
G1 X124.517 Y102.611 E.62439
G1 X124.317 Y102.236 E.01414
G1 X137.239 Y89.313 E.60676
G1 X136.663 Y89.313 E.01913
G1 X124.115 Y101.862 E.58919
G1 X123.894 Y101.506 E.01389
G1 X136.087 Y89.313 E.57249
G1 X135.511 Y89.313 E.01913
M73 P83 R6
G1 X123.673 Y101.15 E.5558
G1 X123.441 Y100.807 E.01378
M73 P84 R6
G1 X134.935 Y89.313 E.53966
G1 X134.358 Y89.313 E.01913
G1 X123.201 Y100.47 E.52385
G1 X122.962 Y100.133 E.01372
G1 X133.782 Y89.313 E.50804
G1 X133.206 Y89.313 E.01913
G1 X122.707 Y99.812 E.49297
G1 X122.446 Y99.497 E.01359
G1 X132.63 Y89.313 E.47815
G1 X132.054 Y89.313 E.01913
G1 X122.183 Y99.184 E.46345
G1 X121.904 Y98.887 E.01353
G1 X131.477 Y89.313 E.44951
G1 X130.901 Y89.313 E.01913
G1 X121.624 Y98.59 E.43558
G1 X121.335 Y98.303 E.01353
G1 X130.325 Y89.313 E.42211
G1 X129.749 Y89.313 E.01913
G1 X121.037 Y98.025 E.40906
G1 X120.738 Y97.747 E.01354
G1 X129.173 Y89.313 E.39601
G1 X128.596 Y89.313 E.01913
G1 X120.423 Y97.486 E.38374
G1 X120.107 Y97.226 E.01359
G1 X128.02 Y89.313 E.37155
G1 X127.444 Y89.313 E.01913
G1 X119.781 Y96.976 E.35981
G1 X119.445 Y96.736 E.01371
G1 X126.868 Y89.313 E.34851
G1 X126.292 Y89.313 E.01913
G1 X119.11 Y96.495 E.33722
G1 X118.759 Y96.269 E.01384
G1 X125.715 Y89.313 E.32662
G1 X125.139 Y89.313 E.01913
G1 X118.403 Y96.049 E.31629
G1 X118.043 Y95.833 E.01394
G1 X124.563 Y89.313 E.30612
G1 X123.987 Y89.313 E.01913
G1 X117.668 Y95.632 E.29669
G1 X117.292 Y95.431 E.01414
G1 X123.411 Y89.313 E.28727
G1 X122.834 Y89.313 E.01913
G1 X116.899 Y95.249 E.2787
G1 X116.502 Y95.069 E.01445
G1 X122.258 Y89.313 E.27026
G1 X121.682 Y89.313 E.01913
G1 X116.1 Y94.895 E.26207
G1 X115.682 Y94.737 E.01485
G1 X121.106 Y89.313 E.25467
G1 X120.53 Y89.313 E.01913
G1 X115.263 Y94.58 E.2473
G1 X114.821 Y94.445 E.01532
G1 X119.953 Y89.313 E.24097
G1 X119.377 Y89.313 E.01913
G1 X114.38 Y94.31 E.23463
G1 X113.92 Y94.194 E.01575
G1 X118.801 Y89.313 E.22917
G1 X118.225 Y89.313 E.01913
G1 X113.453 Y94.085 E.22405
G1 X112.976 Y93.985 E.01617
G1 X117.649 Y89.313 E.21937
G1 X117.072 Y89.313 E.01913
G1 X112.481 Y93.905 E.21559
G1 X111.979 Y93.83 E.01684
G1 X116.496 Y89.313 E.21209
G1 X115.92 Y89.313 E.01913
G1 X111.455 Y93.778 E.20966
G1 X110.919 Y93.738 E.01783
G1 X115.344 Y89.313 E.20776
G1 X114.768 Y89.313 E.01913
G1 X110.361 Y93.72 E.2069
G1 X109.792 Y93.712 E.01889
G1 X114.191 Y89.313 E.20656
G1 X113.615 Y89.313 E.01913
G1 X109.195 Y93.733 E.20754
G1 X108.572 Y93.78 E.02073
G1 X113.039 Y89.313 E.20972
G1 X112.463 Y89.313 E.01913
G1 X107.938 Y93.838 E.21248
G1 X107.251 Y93.948 E.02308
G1 X111.887 Y89.313 E.21765
G1 X111.31 Y89.313 E.01913
G1 X106.538 Y94.086 E.22409
G1 X105.785 Y94.262 E.02567
G1 X110.734 Y89.313 E.23238
G1 X110.158 Y89.313 E.01913
G1 X104.961 Y94.51 E.24402
G1 X104.057 Y94.838 E.03194
G1 X109.582 Y89.313 E.25942
G1 X109.006 Y89.313 E.01913
G1 X103.045 Y95.273 E.27985
G1 X102.759 Y95.404 E.01047
G1 X101.849 Y95.894 E.03429
G1 X108.613 Y89.13 E.31757
G1 E-4.5 F2700
;WIPE_START
G1 F3600
G1 X107.198 Y90.544 E-.475
;WIPE_END
G1 E-.025 F2700
M205 X8 Y8
G1 X109.623 Y97.781 Z3.2 F7200
G1 X118.331 Y123.779 Z3.2
G1 Z2.8
G1 E5 F2400
M205 X10 Y10
G1 F3600
G1 X111.404 Y130.706 E.32523
G1 X110.828 Y130.706 E.01913
G1 X116.683 Y124.851 E.27492
G1 X116.271 Y125.038 E.01501
G1 X115.704 Y125.253 E.02015
G1 X110.251 Y130.706 E.25601
G1 X109.675 Y130.706 E.01913
G1 X114.828 Y125.553 E.24195
G1 X114.255 Y125.728 E.01992
G1 X114.024 Y125.781 E.00785
G1 X109.099 Y130.706 E.23124
G1 X108.523 Y130.706 E.01913
G1 X113.277 Y125.951 E.22324
G1 X112.572 Y126.081 E.02381
G1 X107.947 Y130.706 E.21717
G1 X107.37 Y130.706 E.01913
G1 X111.898 Y126.178 E.2126
G1 X111.259 Y126.241 E.02132
G1 X106.794 Y130.706 E.20965
G1 X106.218 Y130.706 E.01913
G1 X110.652 Y126.272 E.2082
G1 X110.055 Y126.292 E.01982
G1 X105.642 Y130.706 E.20723
G1 X105.066 Y130.706 E.01913
G1 X109.494 Y126.278 E.20791
G1 X108.938 Y126.258 E.01847
G1 X104.489 Y130.706 E.20885
G1 X103.913 Y130.706 E.01913
G1 X108.412 Y126.207 E.21122
G1 X107.888 Y126.155 E.01749
G1 X103.337 Y130.706 E.21367
G1 X102.761 Y130.706 E.01913
G1 X107.393 Y126.074 E.2175
G1 X106.899 Y125.992 E.01664
G1 X102.185 Y130.706 E.22133
G1 X101.608 Y130.706 E.01913
G1 X106.426 Y125.889 E.22618
G1 X105.959 Y125.779 E.01591
G1 X101.032 Y130.706 E.23134
G1 X100.456 Y130.706 E.01913
G1 X105.506 Y125.656 E.23712
G1 X105.064 Y125.522 E.01534
G1 X99.88 Y130.706 E.24342
G1 X99.304 Y130.706 E.01913
G1 X104.632 Y125.378 E.25018
G1 X104.214 Y125.219 E.01483
G1 X98.727 Y130.706 E.25763
G1 X98.151 Y130.706 E.01913
G1 X103.797 Y125.06 E.26508
G1 X103.395 Y124.886 E.01454
G1 X97.575 Y130.706 E.27327
G1 X96.999 Y130.706 E.01913
G1 X102.998 Y124.707 E.28167
G1 X102.613 Y124.516 E.01427
G1 X96.423 Y130.706 E.29064
G1 X95.846 Y130.706 E.01913
G1 X102.237 Y124.316 E.30003
G1 X101.862 Y124.114 E.01413
G1 X95.27 Y130.706 E.30949
G1 X94.694 Y130.706 E.01913
G1 X101.506 Y123.893 E.31986
G1 X101.151 Y123.673 E.01389
G1 X94.118 Y130.706 E.33023
G1 X93.542 Y130.706 E.01913
G1 X100.803 Y123.445 E.34092
G1 X100.467 Y123.205 E.01371
G1 X92.965 Y130.706 E.35221
G1 X92.389 Y130.706 E.01913
G1 X100.131 Y122.964 E.3635
G1 X99.813 Y122.706 E.0136
G1 X91.813 Y130.706 E.37562
G1 X91.237 Y130.706 E.01913
G1 X99.496 Y122.447 E.38778
G1 X99.185 Y122.181 E.01357
G1 X90.661 Y130.706 E.40025
G1 X90.084 Y130.706 E.01913
G1 X98.888 Y121.903 E.41334
G1 X98.59 Y121.624 E.01353
G1 X89.508 Y130.706 E.42642
G1 X88.932 Y130.706 E.01913
G1 X98.303 Y121.335 E.44
G1 X98.025 Y121.037 E.01354
G1 X88.356 Y130.706 E.454
G1 X87.78 Y130.706 E.01913
G1 X97.747 Y120.738 E.468
G1 X97.486 Y120.423 E.01359
G1 X87.204 Y130.706 E.48279
G1 X86.627 Y130.706 E.01913
G1 X97.226 Y120.107 E.49765
G1 X96.976 Y119.781 E.01364
G1 X86.051 Y130.706 E.51296
G1 X85.475 Y130.706 E.01913
G1 X96.736 Y119.445 E.52872
G1 X96.495 Y119.11 E.01371
M73 P85 R6
G1 X84.899 Y130.706 E.54448
G1 X84.323 Y130.706 E.01913
G1 X96.269 Y118.759 E.56093
G1 X96.048 Y118.404 E.01389
G1 X83.746 Y130.706 E.57762
G1 X83.17 Y130.706 E.01913
G1 X95.833 Y118.043 E.59455
G1 X95.632 Y117.668 E.01413
G1 X82.594 Y130.706 E.61218
G1 X82.018 Y130.706 E.01913
G1 X95.431 Y117.292 E.6298
G1 X95.249 Y116.899 E.01441
G1 X81.442 Y130.706 E.64829
G1 X80.865 Y130.706 E.01913
G1 X95.069 Y116.502 E.6669
G1 X94.895 Y116.1 E.01454
G1 X80.289 Y130.706 E.68577
G1 X79.713 Y130.706 E.01913
G1 X94.737 Y115.682 E.70542
G1 X94.58 Y115.263 E.01486
G1 X79.137 Y130.706 E.72511
G1 X78.561 Y130.706 E.01913
G1 X94.445 Y114.821 E.74582
G1 X94.31 Y114.38 E.01532
G1 X77.984 Y130.706 E.76654
G1 X77.408 Y130.706 E.01913
G1 X94.195 Y113.919 E.78819
G1 X94.088 Y113.45 E.01598
G1 X76.832 Y130.706 E.81022
G1 X76.256 Y130.706 E.01913
G1 X93.985 Y112.977 E.83244
G1 X93.904 Y112.481 E.01666
G1 X75.68 Y130.706 E.85569
G1 X75.103 Y130.706 E.01913
G1 X93.83 Y111.979 E.87927
G1 X93.778 Y111.455 E.0175
G1 X74.527 Y130.706 E.9039
G1 X73.951 Y130.706 E.01913
G1 X93.738 Y110.919 E.92904
G1 X93.719 Y110.362 E.01851
G1 X73.375 Y130.706 E.9552
G1 X72.799 Y130.706 E.01913
G1 X93.712 Y109.792 E.98196
G1 X93.732 Y109.196 E.0198
G1 X72.222 Y130.706 E1.00995
G1 X71.646 Y130.706 E.01913
G1 X93.776 Y108.576 E1.03904
G1 X93.838 Y107.938 E.02131
G1 X83.967 Y117.809 E.46349
G1 X83.364 Y118.67 E.03491
G1 X82.772 Y119.395 E.03106
G1 X82.017 Y120.193 E.03647
G1 X81.395 Y120.772 E.02822
G1 X80.732 Y121.316 E.02846
G1 X79.806 Y121.97 E.03763
G1 X71.07 Y130.706 E.4102
G1 X70.494 Y130.706 E.01913
G1 X78.444 Y122.756 E.37329
G1 X77.385 Y123.239 E.03866
G1 X69.918 Y130.706 E.3506
G1 X69.341 Y130.706 E.01913
G1 X76.475 Y123.573 E.33492
G1 X75.656 Y123.815 E.02834
G1 X68.765 Y130.706 E.32355
G1 X68.189 Y130.706 E.01913
G1 X74.909 Y123.986 E.31554
G1 X74.203 Y124.115 E.02383
G1 X67.613 Y130.706 E.30945
G1 X67.037 Y130.706 E.01913
G1 X73.538 Y124.205 E.30524
G1 X72.904 Y124.262 E.02113
G1 X66.46 Y130.706 E.30254
G1 X65.884 Y130.706 E.01913
G1 X72.31 Y124.28 E.30172
G1 X71.729 Y124.285 E.0193
G1 X65.308 Y130.706 E.30148
G1 X64.732 Y130.706 E.01913
G1 X71.172 Y124.265 E.3024
G1 X70.639 Y124.222 E.01775
G1 X64.156 Y130.706 E.30442
G1 X63.579 Y130.706 E.01913
G1 X70.118 Y124.167 E.30702
G1 X69.626 Y124.083 E.01658
G1 X63.003 Y130.706 E.31096
G1 X62.427 Y130.706 E.01913
G1 X69.134 Y123.999 E.31489
G1 X68.665 Y123.891 E.01596
G1 X61.851 Y130.706 E.31996
G1 X61.275 Y130.706 E.01913
G1 X68.202 Y123.778 E.32528
G1 X67.76 Y123.644 E.01534
G1 X60.698 Y130.706 E.33158
G1 X60.122 Y130.706 E.01913
G1 X67.325 Y123.503 E.33818
G1 X66.906 Y123.346 E.01485
G1 X59.546 Y130.706 E.34558
G1 X58.97 Y130.706 E.01913
G1 X66.488 Y123.188 E.353
G1 X66.091 Y123.008 E.01445
G1 X58.394 Y130.706 E.36143
G1 X57.817 Y130.706 E.01913
G1 X65.696 Y122.828 E.36991
G1 X65.319 Y122.628 E.01415
G1 X57.241 Y130.706 E.37929
G1 X56.665 Y130.706 E.01913
G1 X64.943 Y122.428 E.38868
G1 X64.585 Y122.21 E.01392
G1 X56.089 Y130.706 E.3989
G1 X55.513 Y130.706 E.01913
G1 X64.229 Y121.989 E.40928
G1 X63.883 Y121.759 E.0138
G1 X54.936 Y130.706 E.42006
G1 X54.36 Y130.706 E.01913
G1 X63.548 Y121.518 E.43139
G1 X63.216 Y121.274 E.01368
G1 X53.784 Y130.706 E.44286
G1 X53.208 Y130.706 E.01913
G1 X62.9 Y121.014 E.45506
G1 X62.584 Y120.753 E.01359
G1 X52.632 Y130.706 E.46731
G1 X52.055 Y130.706 E.01913
G1 X62.286 Y120.475 E.48037
G1 X61.988 Y120.197 E.01354
G1 X51.479 Y130.706 E.49343
G1 X51.294 Y130.706 E.00615
G1 X51.294 Y130.315 E.01298
G1 X61.703 Y119.906 E.48874
G1 X61.424 Y119.608 E.01353
G1 X51.294 Y129.739 E.47564
G1 X51.294 Y129.162 E.01913
G1 X61.154 Y119.302 E.46296
G1 X60.894 Y118.987 E.01359
G1 X51.294 Y128.586 E.45073
G1 X51.294 Y128.01 E.01913
G1 X60.637 Y118.667 E.43868
G1 X60.397 Y118.331 E.01371
G1 X51.294 Y127.434 E.42739
G1 X51.294 Y126.858 E.01913
G1 X60.156 Y117.996 E.41609
G1 X59.93 Y117.646 E.01384
G1 X51.294 Y126.281 E.40548
G1 X51.294 Y125.705 E.01913
G1 X59.709 Y117.29 E.39511
G1 X59.502 Y116.922 E.01405
G1 X51.294 Y125.129 E.38536
G1 X51.294 Y124.553 E.01913
G1 X59.3 Y116.547 E.3759
G1 X59.109 Y116.162 E.01428
M73 P86 R6
G1 X51.294 Y123.977 E.36694
G1 X51.294 Y123.4 E.01913
G1 X58.93 Y115.765 E.35851
G1 X58.754 Y115.365 E.01452
G1 X51.294 Y122.824 E.35025
G1 X51.294 Y122.248 E.01913
G1 X58.597 Y114.945 E.3429
G1 X58.442 Y114.524 E.0149
G1 X51.294 Y121.672 E.33562
G1 X51.294 Y121.096 E.01913
G1 X58.308 Y114.082 E.32933
G1 X58.18 Y113.634 E.01546
G1 X51.294 Y120.519 E.32329
G1 X51.294 Y119.943 E.01913
G1 X58.07 Y113.167 E.31816
G1 X57.965 Y112.697 E.01601
G1 X51.294 Y119.367 E.3132
G1 X51.294 Y118.791 E.01913
G1 X57.883 Y112.202 E.30937
G1 X57.813 Y111.696 E.01696
G1 X51.294 Y118.215 E.30607
G1 X51.294 Y117.639 E.01913
G1 X57.76 Y111.173 E.30358
G1 X57.729 Y110.627 E.01815
G1 X51.294 Y117.062 E.30216
G1 X51.294 Y116.486 E.01913
G1 X57.713 Y110.067 E.30139
G1 X57.724 Y109.48 E.01949
G1 X51.294 Y115.91 E.30189
G1 X51.294 Y115.334 E.01913
G1 X57.755 Y108.873 E.30334
G1 X57.818 Y108.234 E.02132
G1 X51.294 Y114.758 E.3063
G1 X51.294 Y114.181 E.01913
G1 X57.927 Y107.549 E.31142
G1 X57.989 Y107.173 E.01264
G1 X58.07 Y106.829 E.01173
G1 X51.294 Y113.605 E.31814
G1 X51.294 Y113.029 E.01913
G1 X58.266 Y106.057 E.32735
G1 X58.542 Y105.205 E.02973
G1 X51.294 Y112.453 E.3403
G1 X51.294 Y111.877 E.01913
G1 X58.919 Y104.251 E.35803
G1 X59.163 Y103.713 E.01961
G1 X59.482 Y103.112 E.0226
G1 X51.111 Y111.484 E.39307
G1 E-4.5 F2700
;WIPE_START
G1 F3600
G1 X52.525 Y110.069 E-.475
;WIPE_END
G1 E-.025 F2700
M205 X8 Y8
G1 X59.988 Y111.671 Z3.2 F7200
G1 X84.309 Y116.89 Z3.2
G1 Z2.8
M73 P86 R5
G1 E5 F2400
M205 X10 Y10
G1 F3600
G1 X93.95 Y107.25 E.45266
G1 X94.084 Y106.54 E.02399
G1 X85.235 Y115.389 E.4155
G1 X85.572 Y114.475 E.03235
G1 X94.262 Y105.785 E.40802
G1 X94.51 Y104.961 E.02857
G1 X85.819 Y113.652 E.40808
G1 X85.994 Y112.901 E.02561
G1 X94.844 Y104.05 E.41556
G1 X94.996 Y103.653 E.01413
G1 X95.271 Y103.047 E.02208
G1 X86.114 Y112.204 E.42995
G1 X86.205 Y111.538 E.02233
G1 X96.464 Y101.278 E.48171
M205 X8 Y8
G1 X86.063 Y111.103 F7200
M205 X10 Y10
G1 F3600
G1 X107.853 Y89.313 E1.02312
G1 X107.277 Y89.313 E.01913
G1 X86.285 Y110.306 E.98566
G1 X86.281 Y109.733 E.019
G1 X106.701 Y89.313 E.95879
G1 X106.125 Y89.313 E.01913
G1 X86.265 Y109.173 E.93249
G1 X86.222 Y108.64 E.01776
G1 X105.548 Y89.313 E.90745
G1 X104.972 Y89.313 E.01913
G1 X86.169 Y108.116 E.88286
G1 X86.088 Y107.621 E.01665
G1 X104.396 Y89.313 E.85963
G1 X103.82 Y89.313 E.01913
G1 X85.999 Y107.134 E.83672
G1 X85.89 Y106.666 E.01593
G1 X103.244 Y89.313 E.81478
G1 X102.668 Y89.313 E.01913
G1 X85.778 Y106.203 E.79301
G1 X85.643 Y105.762 E.01532
G1 X102.091 Y89.313 E.7723
G1 X101.515 Y89.313 E.01913
G1 X85.505 Y105.323 E.75171
G1 X85.348 Y104.904 E.01485
G1 X100.939 Y89.313 E.73205
G1 X100.363 Y89.313 E.01913
G1 X85.186 Y104.49 E.7126
G1 X85.006 Y104.093 E.01445
G1 X99.787 Y89.313 E.69398
G1 X99.21 Y89.313 E.01913
G1 X84.827 Y103.697 E.67536
G1 X84.629 Y103.319 E.01417
G1 X98.634 Y89.313 E.6576
G1 X98.058 Y89.313 E.01913
G1 X84.428 Y102.943 E.63997
G1 X84.211 Y102.583 E.01394
G1 X97.482 Y89.313 E.62309
G1 X96.906 Y89.313 E.01913
G1 X83.991 Y102.228 E.60639
G1 X83.756 Y101.886 E.01376
G1 X96.329 Y89.313 E.59036
G1 X95.753 Y89.313 E.01913
G1 X83.517 Y101.55 E.57454
G1 X83.274 Y101.216 E.01369
G1 X95.177 Y89.313 E.55889
G1 X94.601 Y89.313 E.01913
G1 X83.014 Y100.9 E.54403
G1 X82.753 Y100.584 E.01359
G1 X94.025 Y89.313 E.52923
G1 X93.448 Y89.313 E.01913
G1 X82.475 Y100.286 E.51522
G1 X82.197 Y99.988 E.01354
G1 X92.872 Y89.313 E.50121
G1 X92.296 Y89.313 E.01913
G1 X81.904 Y99.705 E.48792
G1 X81.607 Y99.426 E.01353
G1 X91.72 Y89.313 E.47484
G1 X91.144 Y89.313 E.01913
G1 X81.303 Y99.153 E.46202
G1 X80.986 Y98.894 E.0136
G1 X90.567 Y89.313 E.44986
G1 X89.991 Y89.313 E.01913
G1 X80.669 Y98.635 E.43771
G1 X80.332 Y98.396 E.01372
G1 X89.415 Y89.313 E.42645
G1 X88.839 Y89.313 E.01913
G1 X79.996 Y98.156 E.41519
G1 X79.642 Y97.933 E.01387
G1 X88.263 Y89.313 E.40475
G1 X87.686 Y89.313 E.01913
G1 X79.288 Y97.711 E.39433
G1 X78.922 Y97.501 E.01401
M73 P87 R5
G1 X87.11 Y89.313 E.38444
G1 X86.534 Y89.313 E.01913
G1 X78.546 Y97.301 E.37505
G1 X78.163 Y97.108 E.01424
G1 X85.958 Y89.313 E.36598
G1 X85.382 Y89.313 E.01913
G1 X77.766 Y96.929 E.35759
G1 X77.365 Y96.754 E.01453
G1 X84.805 Y89.313 E.34936
G1 X84.229 Y89.313 E.01913
G1 X76.945 Y96.597 E.34201
G1 X76.524 Y96.442 E.0149
G1 X83.653 Y89.313 E.33474
G1 X83.077 Y89.313 E.01913
G1 X76.082 Y96.308 E.32844
G1 X75.634 Y96.18 E.01546
G1 X82.501 Y89.313 E.3224
G1 X81.924 Y89.313 E.01913
G1 X75.167 Y96.07 E.31728
G1 X74.692 Y95.969 E.01612
G1 X81.348 Y89.313 E.31252
G1 X80.772 Y89.313 E.01913
G1 X74.199 Y95.886 E.30863
G1 X73.698 Y95.811 E.01683
G1 X80.196 Y89.313 E.30511
G1 X79.62 Y89.313 E.01913
G1 X73.172 Y95.761 E.30275
G1 X72.63 Y95.727 E.01802
G1 X79.043 Y89.313 E.30113
G1 X78.467 Y89.313 E.01913
G1 X72.07 Y95.71 E.30035
G1 X71.481 Y95.723 E.01959
G1 X77.891 Y89.313 E.30099
G1 X77.315 Y89.313 E.01913
G1 X70.869 Y95.759 E.30267
G1 X70.234 Y95.818 E.02117
G1 X76.739 Y89.313 E.30543
G1 X76.162 Y89.313 E.01913
G1 X69.551 Y95.925 E.31045
G1 X69.238 Y95.975 E.01051
G1 X68.828 Y96.071 E.01399
G1 X75.586 Y89.313 E.31733
G1 X75.01 Y89.313 E.01913
G1 X68.056 Y96.267 E.32651
G1 X67.209 Y96.537 E.02951
G1 X74.434 Y89.313 E.33921
G1 X73.858 Y89.313 E.01913
G1 X66.246 Y96.925 E.35739
G1 X65.643 Y97.198 E.02198
G1 X65.11 Y97.485 E.02011
G1 X73.281 Y89.313 E.38369
G1 X72.705 Y89.313 E.01913
G1 X51.294 Y110.724 E1.00531
G1 X51.294 Y110.148 E.01913
G1 X72.129 Y89.313 E.97826
G1 X71.553 Y89.313 E.01913
G1 X51.294 Y109.572 E.9512
G1 X51.294 Y108.996 E.01913
G1 X70.977 Y89.313 E.92415
G1 X70.4 Y89.313 E.01913
G1 X51.294 Y108.419 E.8971
G1 X51.294 Y107.843 E.01913
G1 X69.824 Y89.313 E.87004
G1 X69.248 Y89.313 E.01913
G1 X51.294 Y107.267 E.84299
G1 X51.294 Y106.691 E.01913
G1 X68.672 Y89.313 E.81593
G1 X68.096 Y89.313 E.01913
G1 X51.294 Y106.115 E.78888
G1 X51.294 Y105.538 E.01913
G1 X67.519 Y89.313 E.76183
G1 X66.943 Y89.313 E.01913
G1 X51.294 Y104.962 E.73477
G1 X51.294 Y104.386 E.01913
G1 X66.367 Y89.313 E.70772
G1 X65.791 Y89.313 E.01913
G1 X51.294 Y103.81 E.68066
G1 X51.294 Y103.234 E.01913
G1 X65.215 Y89.313 E.65361
G1 X64.638 Y89.313 E.01913
G1 X51.294 Y102.657 E.62656
G1 X51.294 Y102.081 E.01913
G1 X64.062 Y89.313 E.5995
G1 X63.486 Y89.313 E.01913
G1 X51.294 Y101.505 E.57245
G1 X51.294 Y100.929 E.01913
G1 X62.91 Y89.313 E.54539
G1 X62.334 Y89.313 E.01913
G1 X51.294 Y100.353 E.51834
G1 X51.294 Y99.776 E.01913
G1 X61.757 Y89.313 E.49128
G1 X61.181 Y89.313 E.01913
G1 X51.294 Y99.2 E.46423
G1 X51.294 Y98.624 E.01913
G1 X60.605 Y89.313 E.43718
G1 X60.029 Y89.313 E.01913
G1 X51.294 Y98.048 E.41012
G1 X51.294 Y97.472 E.01913
G1 X59.453 Y89.313 E.38307
G1 X58.877 Y89.313 E.01913
G1 X51.294 Y96.895 E.35601
G1 X51.294 Y96.319 E.01913
G1 X58.3 Y89.313 E.32896
G1 X57.724 Y89.313 E.01913
G1 X51.294 Y95.743 E.30191
G1 X51.294 Y95.167 E.01913
G1 X57.148 Y89.313 E.27485
G1 X56.572 Y89.313 E.01913
G1 X51.294 Y94.591 E.2478
G1 X51.294 Y94.014 E.01913
G1 X55.996 Y89.313 E.22074
G1 X55.419 Y89.313 E.01913
G1 X51.294 Y93.438 E.19369
G1 X51.294 Y92.862 E.01913
G1 X54.843 Y89.313 E.16664
G1 X54.267 Y89.313 E.01913
G1 X51.294 Y92.286 E.13958
G1 X51.294 Y91.71 E.01913
G1 X53.691 Y89.313 E.11253
G1 X53.115 Y89.313 E.01913
G1 X51.294 Y91.133 E.08547
G1 X51.294 Y90.557 E.01913
G1 X52.538 Y89.313 E.05842
G1 X52.115 Y89.313 E.01406
G1 X52.096 Y89.294 E.00089
G1 X51.981 Y89.294 E.00382
G1 X51.111 Y90.164 E.04085
M205 X8 Y8
G1 X60.038 Y102.299 F7200
M205 X10 Y10
;TYPE:Gap infill
;WIDTH:0.110535
G1 F2400
G1 X59.917 Y102.452 E.00108
;WIDTH:0.148066
G1 X59.795 Y102.605 E.00167
;WIDTH:0.185598
G1 X59.674 Y102.758 E.00227
;WIDTH:0.204363
G1 X59.553 Y102.91 E.00257
M205 X8 Y8
G1 X64.909 Y97.557 F7200
M205 X10 Y10
;WIDTH:0.237185
G1 F2400
G1 X64.81 Y97.631 E.00196
;WIDTH:0.209472
G1 X64.642 Y97.764 E.00291
;WIDTH:0.162391
G1 X64.475 Y97.897 E.00208
;WIDTH:0.138851
G1 X64.307 Y98.03 E.00167
G1 E-4.5 F2700
;WIPE_START
G1 F2400
G1 X64.475 Y97.897 E-.475
;WIPE_END
G1 E-.025 F2700
M205 X8 Y8
G1 X70.276 Y102.856 Z3.2 F7200
G1 X85.174 Y115.592 Z3.2
G1 Z2.8
G1 E5 F2400
M205 X10 Y10
;WIDTH:0.196083
G1 X85.086 Y115.719 E.00193
;WIDTH:0.154358
G1 X84.998 Y115.846 E.0014
;WIDTH:0.133495
G1 X84.91 Y115.973 E.00114
M205 X8 Y8
G1 X84.42 Y117.001 F7200
M205 X10 Y10
;WIDTH:0.116903
G1 F2400
G1 X84.301 Y117.156 E.00118
M205 X8 Y8
G1 X79.156 Y122.301 F7200
M205 X10 Y10
;WIDTH:0.0990341
G1 F2400
G1 X79.087 Y122.356 E.0004
;WIDTH:0.128645
G1 X78.94 Y122.465 E.00128
;WIDTH:0.172957
G1 X78.792 Y122.574 E.00195
;WIDTH:0.195113
G1 X78.645 Y122.684 E.00228
G1 E-4.5 F2700
;WIPE_START
G1 F2400
G1 X78.792 Y122.574 E-.475
;WIPE_END
G1 E-.025 F2700
M205 X8 Y8
G1 X86.421 Y122.798 Z3.2 F7200
G1 X118.627 Y123.74 Z3.2
G1 Z2.8
G1 E5 F2400
M205 X10 Y10
;WIDTH:0.0917701
G1 X118.44 Y123.889 E.00095
M205 X8 Y8
G1 X117.292 Y124.5 F7200
M205 X10 Y10
;WIDTH:0.10128
G1 F2400
G1 X117.219 Y124.554 E.00043
;WIDTH:0.129769
G1 X117.108 Y124.631 E.00096
;WIDTH:0.167251
G1 X116.997 Y124.708 E.00137
;WIDTH:0.185993
G1 X116.886 Y124.786 E.00158
M205 X8 Y8
G1 X115.303 Y125.339 F7200
M205 X10 Y10
;WIDTH:0.101542
G1 F2400
G1 X115.038 Y125.505 E.0015
G1 E-4.5 F2700
;WIPE_START
G1 F2400
G1 X115.303 Y125.339 E-.475
;WIPE_END
G1 E-.025 F2700
M205 X8 Y8
G1 X110.341 Y119.539 Z3.2 F7200
G1 X95.67 Y102.39 Z3.2
G1 Z2.8
G1 E5 F2400
M205 X10 Y10
;WIDTH:0.113725
G1 X95.576 Y102.517 E.00091
;WIDTH:0.157639
G1 X95.482 Y102.644 E.00147
;WIDTH:0.197451
G1 X95.388 Y102.77 E.00199
G1 X95.422 Y102.904 E.00174
M205 X8 Y8
G1 X96.503 Y100.982 F7200
M205 X10 Y10
;WIDTH:0.0917686
G1 F2400
G1 X96.355 Y101.169 E.00095
M205 X8 Y8
G1 X101.651 Y95.972 F7200
M205 X10 Y10
;WIDTH:0.237419
G1 F2400
G1 X101.497 Y96.094 E.00312
;WIDTH:0.198481
G1 X101.343 Y96.217 E.00249
;WIDTH:0.159543
G1 X101.189 Y96.339 E.00187
;WIDTH:0.128692
G1 X100.973 Y96.513 E.00194
M205 X8 Y8
G1 X103.85 Y94.894 F7200
M205 X10 Y10
;WIDTH:0.182604
G1 F2400
G1 X103.731 Y94.974 E.00163
;WIDTH:0.15919
G1 X103.617 Y95.053 E.00131
;WIDTH:0.136716
G1 X103.503 Y95.132 E.00106
G1 E-4.5 F2700
;WIPE_START
G1 F2400
G1 X103.617 Y95.053 E-.475
;WIPE_END
G1 E-.025 F2700
M205 X8 Y8
G1 X109.367 Y100.072 Z3.2 F7200
G1 X125.734 Y114.359 Z3.2
G1 Z2.8
M73 P88 R5
G1 E5 F2400
M205 X10 Y10
;WIDTH:0.117837
G1 X125.662 Y114.188 E.00113
M205 X8 Y8
G1 X125.2 Y115.912 F7200
M205 X10 Y10
;WIDTH:0.105267
G1 F2400
G1 X124.987 Y116.23 E.00195
M205 X8 Y8
G1 X124.212 Y118.027 F7200
M205 X10 Y10
;WIDTH:0.236446
G1 F2400
G1 X124.138 Y118.126 E.00195
;WIDTH:0.208812
G1 X124.007 Y118.292 E.00286
;WIDTH:0.161995
G1 X123.875 Y118.458 E.00205
;WIDTH:0.138587
G1 X123.744 Y118.623 E.00165
M205 X8 Y8
G1 X131.486 Y102.297 F7200
M205 X10 Y10
;WIDTH:0.113623
G1 F2400
G1 X131.395 Y102.429 E.00092
;WIDTH:0.157328
G1 X131.303 Y102.561 E.00149
;WIDTH:0.17918
G1 X131.212 Y102.693 E.00178
M205 X8 Y8
G1 X133.024 Y99.61 F7200
M205 X10 Y10
;WIDTH:0.115433
G1 F2400
G1 X132.819 Y99.852 E.00187
;WIDTH:0.158853
G1 X132.69 Y100.014 E.00196
;WIDTH:0.198071
G1 X132.561 Y100.176 E.00262
;WIDTH:0.21768
G1 X132.433 Y100.338 E.00295
M205 X8 Y8
G1 X137.886 Y94.854 F7200
M205 X10 Y10
;WIDTH:0.127852
G1 F2400
G1 X137.817 Y94.848 E.00048
G1 X137.612 Y95.022 E.00186
M205 X8 Y8
G1 X139.636 Y93.702 F7200
M205 X10 Y10
;WIDTH:0.214815
G1 F2400
G1 X139.468 Y93.826 E.00292
;WIDTH:0.165596
G1 X139.301 Y93.951 E.00209
;WIDTH:0.140987
G1 X139.133 Y94.075 E.00167
M205 X8 Y8
G1 X150.898 Y90.613 F7200
M205 X10 Y10
;TYPE:Internal solid infill
;WIDTH:0.422111
G1 F3600
G1 X151.13 Y90.632 E.0072
;WIDTH:0.443242
G1 X151.362 Y90.652 E.0076
M205 X8 Y8
G1 X147.944 Y90.734 F7200
M205 X10 Y10
;WIDTH:0.528179
G1 F3600
G1 X149.225 Y90.766 E.05064
;WIDTH:0.551935
G1 X149.834 Y90.81 E.02534
;WIDTH:0.580571
G1 X150.443 Y90.854 E.02676
;WIDTH:0.570741
G1 X150.573 Y90.899 E.00594
;WIDTH:0.522444
G1 X150.704 Y90.945 E.00539
;WIDTH:0.450916
G1 X150.834 Y90.99 E.00459
G1 X151.547 Y91.111 E.02405
G1 X152.427 Y90.23 E.04136
G1 X150.898 Y90.23 E.05083
;WIDTH:0.474148
G1 X150.755 Y90.255 E.00509
;WIDTH:0.522444
G1 X150.612 Y90.279 E.00565
;WIDTH:0.566739
G1 X150.47 Y90.303 E.00618
G1 X149.278 Y90.274 E.05089
;WIDTH:0.531262
G1 X148.41 Y90.268 E.03452
G1 X147.973 Y90.705 E.02463
M205 X8 Y8
G1 X146.834 Y91.216 F7200
M205 X10 Y10
;WIDTH:0.449999
G1 F3600
G1 X147.94 Y91.178 E.03672
G1 X149.191 Y91.215 E.04152
G1 X150.397 Y91.331 E.0402
G1 X151.687 Y91.547 E.04338
G1 X153.409 Y89.823 E.08082
G1 X148.226 Y89.823 E.17191
G1 X146.862 Y91.188 E.06401
M205 X8 Y8
G1 X145.748 Y91.726 F7200
M205 X10 Y10
G1 F3600
G1 X146.875 Y91.622 E.03757
G1 X147.954 Y91.585 E.0358
G1 X149.165 Y91.621 E.04019
G1 X150.358 Y91.736 E.03976
G1 X151.818 Y91.991 E.04918
G1 X154.391 Y89.416 E.12074
G1 X148.036 Y89.416 E.2108
G1 X145.776 Y91.698 E.10653
G1 E-4.5 F2700
;WIPE_START
G1 F3600
G1 X147.183 Y90.277 E-.475
;WIPE_END
G1 E-.025 F2700
M205 X8 Y8
G1 X152.833 Y95.409 Z3.2 F7200
G1 X165.925 Y107.299 Z3.2
G1 Z2.8
G1 E5 F2400
M205 X10 Y10
;WIDTH:0.451595
G1 F3600
G1 X168.706 Y104.518 E.13098
G1 X168.706 Y103.94 E.01925
G1 X165.98 Y106.665 E.12837
G1 X165.88 Y106.187 E.01626
G1 X168.706 Y103.362 E.13308
G1 X168.706 Y102.784 E.01925
G1 X165.772 Y105.717 E.13816
G1 X165.665 Y105.247 E.01606
G1 X168.706 Y102.206 E.14323
G1 X168.706 Y101.628 E.01925
G1 X165.53 Y104.803 E.14955
G1 X165.395 Y104.361 E.01541
G1 X168.706 Y101.05 E.15593
G1 X168.706 Y100.472 E.01925
G1 X165.251 Y103.926 E.1627
G1 X165.093 Y103.507 E.01494
G1 X168.706 Y99.894 E.17014
G1 X168.706 Y99.316 E.01925
G1 X164.935 Y103.087 E.17758
G1 X164.758 Y102.686 E.01459
G1 X168.706 Y98.738 E.18594
G1 X168.706 Y98.16 E.01925
G1 X164.578 Y102.288 E.19443
G1 X164.397 Y101.891 E.01454
G1 X168.706 Y97.582 E.20292
G1 X168.706 Y97.004 E.01925
G1 X164.196 Y101.514 E.21239
G1 X163.994 Y101.138 E.01421
G1 X168.706 Y96.426 E.2219
G1 X168.706 Y95.848 E.01925
G1 X163.789 Y100.765 E.23155
G1 X163.568 Y100.409 E.01397
G1 X168.706 Y95.27 E.24199
G1 X168.706 Y94.692 E.01925
G1 X163.346 Y100.052 E.25243
G1 X163.115 Y99.705 E.01388
G1 X168.706 Y94.114 E.26331
G1 X168.706 Y93.536 E.01925
G1 X162.874 Y99.369 E.27468
G1 X162.632 Y99.032 E.01379
G1 X168.706 Y92.958 E.28604
G1 X168.706 Y92.381 E.01925
G1 X162.383 Y98.703 E.29778
G1 X162.122 Y98.387 E.01367
G1 X168.706 Y91.803 E.31008
G1 X168.706 Y91.225 E.01925
G1 X161.861 Y98.07 E.32238
G1 X161.59 Y97.762 E.01364
G1 X168.706 Y90.647 E.33511
G1 X168.706 Y90.069 E.01925
G1 X161.311 Y97.464 E.34828
G1 X161.031 Y97.166 E.01362
G1 X168.706 Y89.491 E.36145
G1 X168.706 Y89.294 E.00655
G1 X168.325 Y89.294 E.0127
G1 X160.739 Y96.88 E.35726
G1 X160.44 Y96.601 E.01362
G1 X167.747 Y89.294 E.34412
G1 X167.169 Y89.294 E.01925
G1 X160.141 Y96.322 E.33098
G1 X159.83 Y96.055 E.01365
G1 X166.591 Y89.294 E.31841
G1 X166.013 Y89.294 E.01925
G1 X159.512 Y95.795 E.30617
G1 X159.194 Y95.535 E.01368
G1 X165.435 Y89.294 E.29393
G1 X164.857 Y89.294 E.01925
G1 X158.862 Y95.289 E.28232
G1 X158.526 Y95.047 E.01379
G1 X164.279 Y89.294 E.27096
G1 X163.701 Y89.294 E.01925
G1 X158.188 Y94.807 E.25962
G1 X157.832 Y94.585 E.01397
G1 X163.123 Y89.294 E.24918
G1 X162.545 Y89.294 E.01925
G1 X157.476 Y94.363 E.23874
G1 X157.119 Y94.142 E.01397
G1 X161.967 Y89.294 E.22831
G1 X161.389 Y89.294 E.01925
G1 X156.742 Y93.941 E.21884
G1 X156.365 Y93.74 E.01423
G1 X160.811 Y89.294 E.20939
G1 X160.233 Y89.294 E.01925
G1 X155.984 Y93.543 E.20012
G1 X155.586 Y93.364 E.01455
G1 X159.655 Y89.294 E.19166
G1 X159.077 Y89.294 E.01925
M73 P88 R4
G1 X155.187 Y93.184 E.18321
G1 X154.774 Y93.019 E.01481
G1 X158.499 Y89.294 E.17543
G1 X157.921 Y89.294 E.01925
G1 X154.356 Y92.86 E.16793
G1 X153.937 Y92.7 E.01492
G1 X157.343 Y89.294 E.16042
G1 X156.766 Y89.294 E.01925
G1 X153.499 Y92.561 E.15386
G1 X153.054 Y92.427 E.01545
G1 X156.188 Y89.294 E.14756
G1 X155.61 Y89.294 E.01925
G1 X152.605 Y92.298 E.14149
G1 X152.136 Y92.19 E.01605
G1 X155.215 Y89.111 E.14501
G1 E-4.5 F2700
;WIPE_START
G1 F3600
G1 X153.801 Y90.525 E-.475
;WIPE_END
G1 E-.025 F2700
M205 X8 Y8
G1 X157.409 Y97.251 Z3.2 F7200
G1 X166.082 Y113.417 Z3.2
G1 Z2.8
G1 E5 F2400
M205 X10 Y10
;WIDTH:0.449999
G1 F3600
G1 X168.562 Y110.938 E.11632
G1 X168.584 Y110.041 E.02974
G1 X168.584 Y105.159 E.16196
G1 X166.248 Y107.495 E.10957
G1 X166.374 Y108.756 E.04206
G1 X166.416 Y109.993 E.04105
G1 X166.379 Y111.165 E.0389
G1 X166.263 Y112.366 E.04
G1 X166.089 Y113.378 E.03407
M205 X8 Y8
G1 X167.162 Y107.822 F7200
M205 X10 Y10
;WIDTH:0.556998
G1 F3600
G1 X167.23 Y108.691 E.03651
;WIDTH:0.524009
G1 X167.263 Y109.964 E.04992
G1 X167.233 Y111.063 E.04311
G1 X167.733 Y110.564 E.0277
G1 X167.726 Y108.725 E.07207
;WIDTH:0.562094
G1 X167.706 Y107.277 E.06126
G1 X167.19 Y107.794 E.03091
M205 X8 Y8
G1 X166.671 Y107.647 F7200
M205 X10 Y10
;WIDTH:0.449999
G1 F3600
G1 X166.78 Y108.729 E.03606
G1 X166.823 Y109.979 E.0415
G1 X166.785 Y111.191 E.04022
G1 X166.684 Y112.24 E.03495
G1 X168.177 Y110.747 E.07001
G1 X168.177 Y106.142 E.15278
G1 X166.7 Y107.619 E.0693
M205 X8 Y8
G1 X168.889 Y128.513 F7200
M205 X10 Y10
;WIDTH:0.452625
G1 F3600
G1 X166.696 Y130.706 E.10354
G1 X166.117 Y130.706 E.01934
G1 X168.687 Y128.136 E.12136
G1 X168.687 Y127.556 E.01934
G1 X165.537 Y130.706 E.14871
G1 X164.958 Y130.706 E.01934
G1 X168.687 Y126.977 E.17607
G1 X168.687 Y126.397 E.01934
G1 X164.378 Y130.706 E.20343
G1 X163.799 Y130.706 E.01934
G1 X168.687 Y125.818 E.23078
G1 X168.687 Y125.239 E.01934
G1 X163.22 Y130.706 E.25814
G1 X162.64 Y130.706 E.01934
G1 X168.687 Y124.659 E.2855
G1 X168.687 Y124.08 E.01934
G1 X162.061 Y130.706 E.31285
G1 X161.481 Y130.706 E.01934
G1 X168.687 Y123.5 E.34021
G1 X168.687 Y122.921 E.01934
G1 X160.902 Y130.706 E.36757
G1 X160.323 Y130.706 E.01934
G1 X168.687 Y122.341 E.39492
G1 X168.687 Y121.762 E.01934
G1 X159.743 Y130.706 E.42228
G1 X159.164 Y130.706 E.01934
G1 X168.687 Y121.183 E.44964
G1 X168.687 Y120.603 E.01934
G1 X158.584 Y130.706 E.47699
G1 X158.005 Y130.706 E.01934
G1 X168.687 Y120.024 E.50435
G1 X168.687 Y119.444 E.01934
G1 X157.426 Y130.706 E.53171
G1 X156.846 Y130.706 E.01934
G1 X168.687 Y118.865 E.55906
G1 X168.687 Y118.286 E.01934
G1 X156.267 Y130.706 E.58642
G1 X155.687 Y130.706 E.01934
G1 X168.687 Y117.706 E.61378
G1 X168.687 Y117.127 E.01934
G1 X155.108 Y130.706 E.64113
G1 X154.528 Y130.706 E.01934
G1 X168.687 Y116.547 E.66849
G1 X168.687 Y115.968 E.01934
M73 P89 R4
G1 X153.949 Y130.706 E.69585
G1 X153.37 Y130.706 E.01934
G1 X168.687 Y115.389 E.7232
G1 X168.687 Y114.809 E.01934
G1 X162.896 Y120.6 E.27343
G1 X162.489 Y121.167 E.02329
G1 X161.728 Y122.091 E.03997
G1 X160.936 Y122.936 E.03866
G1 X160.091 Y123.728 E.03866
G1 X159.167 Y124.489 E.03997
G1 X158.6 Y124.896 E.02329
G1 X152.79 Y130.706 E.27432
G1 X152.747 Y130.687 E.00157
G1 X152.23 Y130.687 E.01728
G1 X156.993 Y125.924 E.22488
G1 X156.126 Y126.39 E.03285
G1 X155.802 Y126.535 E.01184
G1 X151.65 Y130.687 E.19604
G1 X151.071 Y130.687 E.01934
G1 X154.771 Y126.987 E.1747
G1 X153.847 Y127.332 E.03293
G1 X150.492 Y130.687 E.15842
G1 X149.912 Y130.687 E.01934
G1 X153.012 Y127.587 E.14638
G1 X152.772 Y127.66 E.00838
G1 X152.238 Y127.782 E.01831
G1 X149.183 Y130.836 E.1442
M205 X8 Y8
G1 X163.396 Y119.521 F7200
M205 X10 Y10
G1 F3600
G1 X168.687 Y114.23 E.24982
G1 X168.687 Y113.65 E.01934
G1 X164.538 Y117.8 E.19592
G1 X164.989 Y116.769 E.03758
G1 X168.687 Y113.071 E.17459
G1 X168.687 Y112.492 E.01934
G1 X165.335 Y115.843 E.15825
G1 X165.585 Y115.014 E.0289
G1 X168.687 Y111.912 E.14647
G1 X168.687 Y111.333 E.01934
G1 X165.543 Y114.476 E.14843
G1 E-4.5 F2700
;WIPE_START
G1 F3600
G1 X166.958 Y113.062 E-.475
;WIPE_END
G1 E-.025 F2700
M205 X8 Y8
G1 X162.405 Y119.188 Z3.2 F7200
G1 X157.822 Y125.354 Z3.2
G1 Z2.8
G1 E5 F2400
M205 X10 Y10
;TYPE:Gap infill
;WIDTH:0.11106
G1 X157.665 Y125.478 E.00111
;WIDTH:0.149641
G1 X157.508 Y125.603 E.00174
;WIDTH:0.188222
G1 X157.351 Y125.728 E.00237
;WIDTH:0.207512
G1 X157.194 Y125.852 E.00269
M205 X8 Y8
G1 X155.348 Y126.672 F7200
M205 X10 Y10
;WIDTH:0.112276
G1 F2400
G1 X155.224 Y126.757 E.00085
;WIDTH:0.153285
G1 X155.1 Y126.842 E.00135
;WIDTH:0.17379
G1 X154.977 Y126.928 E.0016
M205 X8 Y8
G1 X164.473 Y118.004 F7200
M205 X10 Y10
;WIDTH:0.21332
G1 F2400
G1 X164.387 Y118.128 E.00209
;WIDTH:0.183741
G1 X164.307 Y118.236 E.00154
;WIDTH:0.146952
G1 X164.226 Y118.343 E.00114
;WIDTH:0.128558
G1 X164.146 Y118.451 E.00094
M205 X8 Y8
G1 X163.506 Y119.631 F7200
M205 X10 Y10
;WIDTH:0.131717
G1 F2400
G1 X163.354 Y119.822 E.00176
M205 X8 Y8
G1 X167.338 Y130.584 F7200
M205 X10 Y10
;TYPE:Internal solid infill
;WIDTH:0.449999
G1 F3600
G1 X168.584 Y130.584 E.04132
G1 X168.584 Y129.338 E.04132
G1 X167.367 Y130.555 E.0571
M205 X8 Y8
G1 X168.239 Y130.184 F7200
M205 X10 Y10
;WIDTH:0.36544
G1 F3600
G1 X168.179 Y130.219 E.00184
G1 X168.239 Y130.254 E.00184
M205 X8 Y8
G1 X145.277 Y129.707 F7200
M205 X10 Y10
;WIDTH:0.564458
G1 F3600
G1 X146.764 Y129.727 E.06321
;WIDTH:0.523537
G1 X148.563 Y129.733 E.07047
G1 X149.065 Y129.231 E.02777
G1 X148.068 Y129.266 E.03907
G1 X146.814 Y129.235 E.04914
;WIDTH:0.555368
G1 X145.821 Y129.162 E.04157
G1 X145.305 Y129.678 E.03046
M205 X8 Y8
G1 X144.142 Y130.177 F7200
M205 X10 Y10
;WIDTH:0.449999
G1 F3600
G1 X148.747 Y130.177 E.15278
G1 X150.239 Y128.685 E.06999
G1 X149.29 Y128.778 E.03165
G1 X148.01 Y128.824 E.04248
G1 X146.828 Y128.786 E.03923
G1 X145.645 Y128.673 E.03942
G1 X144.17 Y130.148 E.0692
M205 X8 Y8
G1 X143.159 Y130.584 F7200
M205 X10 Y10
G1 F3600
G1 X148.938 Y130.584 E.19169
G1 X151.406 Y128.094 E.1163
G1 X150.365 Y128.263 E.03499
G1 X149.25 Y128.373 E.03716
G1 X148.003 Y128.416 E.04138
G1 X146.841 Y128.379 E.03857
G1 X145.502 Y128.241 E.04466
G1 X143.187 Y130.555 E.10858
; stop printing object V7_00_pH_fit_gauge_26_30_34.stl id:0 copy 0
;TIME_ELAPSED:2340.334961

;LAYER_CHANGE
;:3
;HEIGHT:0.2
;BEFORE_LAYER_CHANGE
;3
G92 E0
;TIME_ELAPSED:2395.443604
G1 E-4.5 F2700
;WIPE_START
G1 F3600
G1 X144.601 Y129.141 E-.475
;WIPE_END
G1 E-.025 F2700
;_SET_FAN_SPEED_CHANGING_LAYER
; OBJECT_ID: 15
; printing object V7_00_pH_fit_gauge_26_30_34.stl id:0 copy 0
M205 X8 Y8
G17
G3 Z3.2 I-.127 J1.21 P1  F7200
G1 X169.79 Y131.79 Z3.2
G1 Z3
G1 E5 F2400
M205 X10 Y10
;TYPE:Outer wall
;WIDTH:0.419999
G1 X50.21 Y131.79 E3.67435
G1 X50.21 Y88.21 E1.33909
G1 X169.79 Y88.21 E3.67435
G1 X169.79 Y131.75 E1.33786
G1 E-4.5 F2700
;WIPE_START
G1 F2400
G1 X167.79 Y131.751 E-.475
;WIPE_END
G1 E-.025 F2700
M205 X8 Y8
G1 X161.556 Y127.347 Z3.4 F7200
G1 X131.279 Y105.962 Z3.4
G1 Z3
G1 E5 F2400
M205 X10 Y10
G1 X131.375 Y105.552 E.01293
G1 X131.807 Y104.193 E.0438
G1 X132.113 Y103.386 E.02654
G1 X132.562 Y102.394 E.03345
G1 X133.093 Y101.4 E.0346
G1 X133.687 Y100.444 E.0346
G1 X134.346 Y99.523 E.03479
G1 X135.061 Y98.653 E.03461
G1 X135.831 Y97.831 E.0346
G1 X136.653 Y97.061 E.0346
G1 X137.523 Y96.346 E.03461
G1 X138.47 Y95.671 E.03574
G1 X139.395 Y95.096 E.03346
G1 X140.388 Y94.565 E.0346
G1 X141.414 Y94.1 E.0346
G1 X142.468 Y93.703 E.03461
G1 X143.546 Y93.376 E.0346
G1 X144.642 Y93.121 E.0346
G1 X145.754 Y92.937 E.03461
G1 X146.912 Y92.826 E.03574
G1 X148 Y92.79 E.03346
G1 X149.126 Y92.827 E.03461
G1 X150.247 Y92.937 E.03461
G1 X151.394 Y93.129 E.03574
G1 X152.454 Y93.376 E.03346
G1 X153.532 Y93.703 E.0346
G1 X154.586 Y94.1 E.0346
G1 X155.612 Y94.565 E.03461
G1 X156.605 Y95.096 E.0346
G1 X157.561 Y95.69 E.03461
G1 X158.477 Y96.346 E.0346
G1 X159.348 Y97.061 E.03461
G1 X160.195 Y97.858 E.03574
G1 X160.939 Y98.653 E.03346
G1 X161.654 Y99.523 E.03461
G1 X162.329 Y100.47 E.03574
G1 X162.904 Y101.395 E.03346
G1 X163.435 Y102.388 E.0346
G1 X163.9 Y103.414 E.0346
G1 X164.297 Y104.468 E.03461
G1 X164.624 Y105.546 E.03461
G1 X164.886 Y106.679 E.03574
G1 X165.063 Y107.754 E.03346
G1 X165.173 Y108.875 E.03461
G1 X165.209 Y110.037 E.03574
G1 X165.173 Y111.126 E.03346
G1 X165.063 Y112.247 E.03461
G1 X164.871 Y113.394 E.03574
G1 X164.624 Y114.454 E.03346
G1 X164.297 Y115.532 E.0346
G1 X163.9 Y116.586 E.03461
G1 X163.435 Y117.612 E.03461
G1 X162.904 Y118.605 E.0346
G1 X162.31 Y119.561 E.03461
G1 X161.654 Y120.477 E.03461
G1 X160.939 Y121.348 E.03461
G1 X160.142 Y122.195 E.03574
G1 X159.347 Y122.939 E.03346
G1 X158.477 Y123.654 E.03461
G1 X157.53 Y124.329 E.03574
G1 X156.605 Y124.904 E.03346
G1 X155.612 Y125.435 E.0346
G1 X154.586 Y125.9 E.03461
G1 X153.532 Y126.297 E.03461
G1 X152.454 Y126.624 E.03461
G1 X151.321 Y126.885 E.03574
G1 X150.246 Y127.063 E.03346
G1 X149.125 Y127.173 E.03461
G1 X147.963 Y127.209 E.03574
G1 X146.874 Y127.173 E.03346
G1 X145.753 Y127.063 E.03461
G1 X144.606 Y126.871 E.03574
G1 X143.546 Y126.624 E.03346
G1 X142.468 Y126.297 E.03461
G1 X141.414 Y125.9 E.0346
G1 X140.388 Y125.435 E.0346
G1 X139.395 Y124.904 E.0346
G1 X138.439 Y124.31 E.03461
G1 X137.523 Y123.654 E.0346
G1 X136.653 Y122.939 E.03461
G1 X135.831 Y122.169 E.0346
G1 X135.061 Y121.347 E.0346
G1 X134.35 Y120.482 E.03442
G1 X133.9 Y119.851 E.0238
G1 X133.218 Y118.801 E.03847
G1 X132.731 Y117.923 E.03085
G1 X132.295 Y117.016 E.03093
G1 X131.922 Y116.114 E.02998
G1 X131.705 Y115.538 E.01893
G1 X131.31 Y114.166 E.04386
G1 X131.116 Y113.327 E.02648
G1 X130.938 Y112.252 E.03345
G1 X130.827 Y111.132 E.03461
G1 X130.794 Y110.045 E.03341
G1 X130.822 Y109.018 E.03157
G1 X130.932 Y107.786 E.03801
G1 X131.128 Y106.612 E.03657
G1 X131.27 Y106 E.01929
G1 E-4.5 F2700
;WIPE_START
G1 F2400
G1 X131.375 Y105.552 E-.10944
G1 X131.807 Y104.193 E-.33857
G1 X131.848 Y104.087 E-.02699
;WIPE_END
G1 E-.025 F2700
M205 X8 Y8
G1 X127.36 Y110.261 Z3.4 F7200
G1 X124.693 Y113.932 Z3.4
G1 Z3
G1 E5 F2400
M205 X10 Y10
G1 X124.257 Y115.275 E.04338
G1 X124.041 Y115.845 E.01875
G1 X123.831 Y116.31 E.01567
G1 X123.333 Y117.304 E.03417
G1 X122.764 Y118.261 E.03422
G1 X122.147 Y119.148 E.03318
G1 X121.436 Y120.028 E.03479
G1 X120.735 Y120.773 E.03142
G1 X120.033 Y121.431 E.02956
G1 X119.259 Y122.067 E.03078
G1 X118.427 Y122.661 E.0314
G1 X117.61 Y123.169 E.02956
G1 X116.727 Y123.642 E.03078
G1 X115.795 Y124.061 E.0314
G1 X114.895 Y124.401 E.02957
G1 X113.937 Y124.692 E.03078
G1 X112.941 Y124.922 E.0314
G1 X111.991 Y125.079 E.02956
G1 X110.995 Y125.178 E.03078
G1 X109.973 Y125.209 E.0314
G1 X109.011 Y125.178 E.02957
G1 X108.021 Y125.081 E.03058
G1 X107.039 Y124.919 E.03058
G1 X106.069 Y124.693 E.03058
G1 X105.111 Y124.403 E.03078
G1 X104.155 Y124.041 E.0314
G1 X103.278 Y123.644 E.02957
G1 X102.4 Y123.175 E.03058
G1 X101.555 Y122.65 E.03058
G1 X100.746 Y122.071 E.03058
G1 X99.971 Y121.435 E.03078
G1 X99.227 Y120.735 E.0314
G1 X98.569 Y120.033 E.02956
G1 X97.933 Y119.259 E.03078
G1 X97.339 Y118.427 E.0314
G1 X96.95 Y117.801 E.02265
G1 X96.525 Y117.039 E.02683
G1 X96.143 Y116.251 E.02691
G1 X95.805 Y115.441 E.02697
G1 X95.599 Y114.895 E.01792
G1 X95.4 Y114.24 E.02102
G1 X95.19 Y113.424 E.02591
G1 X95.076 Y112.929 E.01561
G1 X94.921 Y111.991 E.0292
G1 X94.823 Y111.001 E.03058
G1 X94.793 Y110.045 E.0294
G1 X94.818 Y109.153 E.02741
G1 X94.894 Y108.282 E.02686
G1 X95.012 Y107.457 E.02561
G1 X95.307 Y106.069 E.04359
G1 X95.513 Y105.388 E.02188
G1 X95.801 Y104.572 E.02659
G1 X96.356 Y103.278 E.04324
G1 X96.825 Y102.4 E.03058
G1 X97.273 Y101.679 E.02611
G1 X97.929 Y100.746 E.03505
G1 X98.565 Y99.971 E.03078
G1 X99.265 Y99.227 E.0314
G1 X99.967 Y98.569 E.02956
G1 X100.741 Y97.933 E.03078
G1 X101.573 Y97.339 E.0314
G1 X102.39 Y96.831 E.02956
G1 X103.267 Y96.361 E.03058
G1 X104.174 Y95.95 E.03058
G1 X105.105 Y95.599 E.03058
G1 X106.057 Y95.31 E.03058
G1 X107.027 Y95.084 E.03058
G1 X108.015 Y94.92 E.03078
G1 X109.032 Y94.822 E.03141
G1 X109.994 Y94.79 E.02956
G1 X110.989 Y94.822 E.03058
G1 X111.979 Y94.919 E.03058
G1 X112.961 Y95.081 E.03058
G1 X113.931 Y95.307 E.03058
G1 X114.889 Y95.597 E.03078
G1 X115.845 Y95.959 E.0314
G1 X116.722 Y96.356 E.02957
G1 X117.6 Y96.825 E.03058
G1 X118.445 Y97.35 E.03058
G1 X119.254 Y97.929 E.03058
G1 X120.029 Y98.565 E.03078
G1 X120.773 Y99.265 E.0314
G1 X121.431 Y99.967 E.02956
G1 X121.913 Y100.553 E.02331
G1 X122.661 Y101.573 E.03886
G1 X123.169 Y102.39 E.02956
G1 X123.639 Y103.267 E.03058
G1 X124.05 Y104.174 E.03058
G1 X124.255 Y104.718 E.01786
G1 X124.69 Y106.057 E.04329
G1 X124.814 Y106.594 E.01691
G1 X125.035 Y107.741 E.0359
G1 X125.164 Y108.868 E.03487
G1 X125.207 Y109.951 E.03329
G1 X125.178 Y110.989 E.0319
G1 X125.081 Y111.979 E.03058
G1 X124.919 Y112.961 E.03058
G1 X124.702 Y113.893 E.02939
G1 E-4.5 F2700
;WIPE_START
G1 F2400
G1 X124.257 Y115.275 E-.34479
G1 X124.063 Y115.787 E-.13021
;WIPE_END
G1 E-.025 F2700
M205 X8 Y8
G1 X116.47 Y115.014 Z3.4 F7200
G1 X58.818 Y109.141 Z3.4
G1 Z3
M73 P90 R4
G1 E5 F2400
M205 X10 Y10
G1 X58.902 Y108.282 E.02654
G1 X59.043 Y107.429 E.02656
G1 X59.239 Y106.587 E.02656
G1 X59.489 Y105.76 E.02656
G1 X59.793 Y104.95 E.02656
G1 X60.15 Y104.163 E.02656
G1 X60.557 Y103.4 E.02656
G1 X61.013 Y102.666 E.02656
G1 X61.516 Y101.963 E.02656
G1 X62.064 Y101.295 E.02656
G1 X62.676 Y100.644 E.02744
G1 X63.285 Y100.072 E.02568
G1 X63.953 Y99.524 E.02656
G1 X64.656 Y99.02 E.02656
G1 X65.39 Y98.563 E.02656
G1 X66.152 Y98.155 E.02656
G1 X66.939 Y97.798 E.02656
G1 X67.748 Y97.493 E.02656
G1 X68.575 Y97.242 E.02656
G1 X69.417 Y97.045 E.02656
G1 X70.27 Y96.904 E.02656
G1 X71.159 Y96.818 E.02744
G1 X71.994 Y96.79 E.02568
G1 X72.858 Y96.818 E.02656
G1 X73.718 Y96.902 E.02656
G1 X74.599 Y97.049 E.02744
G1 X75.413 Y97.239 E.02568
G1 X76.24 Y97.489 E.02656
G1 X77.05 Y97.793 E.02656
G1 X77.837 Y98.15 E.02656
G1 X78.6 Y98.557 E.02656
G1 X79.334 Y99.013 E.02656
G1 X80.037 Y99.516 E.02656
G1 X80.705 Y100.064 E.02656
G1 X81.336 Y100.655 E.02656
G1 X81.928 Y101.285 E.02656
G1 X82.476 Y101.953 E.02656
G1 X82.98 Y102.656 E.02656
G1 X83.437 Y103.39 E.02656
G1 X83.845 Y104.152 E.02656
G1 X84.202 Y104.939 E.02656
G1 X84.601 Y106.057 E.03649
G1 X84.758 Y106.575 E.01662
G1 X84.94 Y107.36 E.02476
G1 X85.053 Y108.009 E.02023
G1 X85.168 Y108.999 E.03064
G1 X85.207 Y109.951 E.02927
G1 X85.182 Y110.858 E.02787
G1 X85.098 Y111.718 E.02656
G1 X84.957 Y112.571 E.02656
G1 X84.761 Y113.413 E.02656
G1 X84.601 Y113.943 E.017
G1 X84.207 Y115.05 E.03611
G1 X83.855 Y115.826 E.0262
G1 X83.601 Y116.304 E.01663
G1 X83.101 Y117.15 E.0302
G1 X82.624 Y117.842 E.02582
G1 X81.936 Y118.705 E.03392
G1 X81.324 Y119.356 E.02744
G1 X80.715 Y119.928 E.02568
G1 X80.047 Y120.476 E.02656
G1 X79.344 Y120.98 E.02656
G1 X78.61 Y121.437 E.02656
G1 X77.848 Y121.845 E.02656
G1 X77.061 Y122.202 E.02656
G1 X76.252 Y122.507 E.02656
G1 X75.425 Y122.758 E.02656
G1 X74.555 Y122.96 E.02744
G1 X73.73 Y123.096 E.02568
G1 X72.87 Y123.181 E.02656
G1 X71.977 Y123.209 E.02744
G1 X71.142 Y123.182 E.02568
G1 X70.282 Y123.098 E.02656
G1 X69.401 Y122.951 E.02744
G1 X68.587 Y122.761 E.02568
G1 X67.76 Y122.511 E.02656
G1 X66.95 Y122.207 E.02656
G1 X66.163 Y121.85 E.02656
G1 X65.4 Y121.443 E.02656
G1 X64.666 Y120.987 E.02656
G1 X63.963 Y120.484 E.02656
G1 X63.295 Y119.936 E.02656
G1 X62.664 Y119.345 E.02656
G1 X62.072 Y118.715 E.02656
G1 X61.524 Y118.047 E.02656
G1 X61.02 Y117.344 E.02656
G1 X60.563 Y116.61 E.02656
G1 X60.155 Y115.848 E.02656
G1 X59.798 Y115.061 E.02656
G1 X59.493 Y114.252 E.02656
G1 X59.242 Y113.425 E.02656
G1 X59.045 Y112.583 E.02656
G1 X58.904 Y111.73 E.02656
G1 X58.819 Y110.87 E.02656
G1 X58.791 Y109.977 E.02744
G1 X58.817 Y109.181 E.02447
G1 E-4.5 F2700
;WIPE_START
G1 F2400
G1 X58.902 Y108.282 E-.21461
G1 X59.043 Y107.429 E-.20531
G1 X59.095 Y107.203 E-.05508
;WIPE_END
G1 E-.025 F2700
M205 X8 Y8
G1 X168.914 Y88.323 Z3.4 F7200
G1 Z3
G1 E5 F2400
M205 X10 Y10
;TYPE:Top surface
;WIDTH:0.420313
G1 X169.507 Y88.916 E.0258
G1 X169.507 Y89.45 E.01641
G1 X168.55 Y88.493 E.04163
G1 X168.016 Y88.493 E.01641
G1 X169.507 Y89.984 E.06484
G1 X169.507 Y90.518 E.01641
G1 X167.482 Y88.493 E.08806
G1 X166.949 Y88.493 E.01641
G1 X169.507 Y91.051 E.11127
G1 X169.507 Y91.585 E.01641
G1 X166.415 Y88.493 E.13448
G1 X165.881 Y88.493 E.01641
G1 X169.507 Y92.119 E.15769
G1 X169.507 Y92.652 E.01641
G1 X165.348 Y88.493 E.1809
G1 X164.814 Y88.493 E.01641
G1 X169.507 Y93.186 E.20412
G1 X169.507 Y93.72 E.01641
G1 X164.28 Y88.493 E.22733
G1 X163.746 Y88.493 E.01641
G1 X169.507 Y94.254 E.25054
G1 X169.507 Y94.787 E.01641
G1 X163.213 Y88.493 E.27375
G1 X162.679 Y88.493 E.01641
G1 X169.507 Y95.321 E.29696
G1 X169.507 Y95.855 E.01641
G1 X162.145 Y88.493 E.32017
G1 X161.612 Y88.493 E.01641
G1 X169.507 Y96.388 E.34339
G1 X169.507 Y96.922 E.01641
G1 X161.078 Y88.493 E.3666
G1 X160.544 Y88.493 E.01641
G1 X169.507 Y97.456 E.38981
G1 X169.507 Y97.99 E.01641
G1 X160.01 Y88.493 E.41302
G1 X159.477 Y88.493 E.01641
G1 X169.507 Y98.523 E.43623
G1 X169.507 Y99.057 E.01641
G1 X158.943 Y88.493 E.45944
G1 X158.409 Y88.493 E.01641
G1 X169.507 Y99.591 E.48266
G1 X169.507 Y100.124 E.01641
G1 X157.876 Y88.493 E.50587
G1 X157.342 Y88.493 E.01641
G1 X169.507 Y100.658 E.52908
G1 X169.507 Y101.192 E.01641
G1 X156.808 Y88.493 E.55229
G1 X156.274 Y88.493 E.01641
G1 X169.507 Y101.726 E.5755
G1 X169.507 Y102.259 E.01641
G1 X155.741 Y88.493 E.59871
G1 X155.207 Y88.493 E.01641
G1 X169.507 Y102.793 E.62193
G1 X169.507 Y103.327 E.01641
G1 X154.673 Y88.493 E.64514
G1 X154.14 Y88.493 E.01641
G1 X169.507 Y103.86 E.66835
G1 X169.507 Y104.394 E.01641
G1 X153.606 Y88.493 E.69156
G1 X153.072 Y88.493 E.01641
G1 X169.507 Y104.928 E.71477
G1 X169.507 Y105.462 E.01641
G1 X152.538 Y88.493 E.73799
G1 X152.005 Y88.493 E.01641
G1 X169.507 Y105.995 E.7612
G1 X169.507 Y106.529 E.01641
G1 X151.471 Y88.493 E.78441
G1 X150.937 Y88.493 E.01641
G1 X158.357 Y95.913 E.3227
G1 X158.639 Y96.115 E.01066
G1 X159.524 Y96.84 E.0352
G1 X160.393 Y97.656 E.03665
G1 X161.16 Y98.476 E.03451
G1 X161.87 Y99.341 E.03445
G1 X162.081 Y99.636 E.01113
G1 X169.507 Y107.063 E.32299
G1 X169.507 Y107.596 E.01641
G1 X163.123 Y101.212 E.27767
G1 X163.728 Y102.351 E.03967
G1 X169.507 Y108.13 E.25135
G1 X169.507 Y108.664 E.01641
G1 X164.169 Y103.326 E.23217
G1 X164.491 Y104.181 E.02812
G1 X169.507 Y109.198 E.21816
G1 X169.507 Y109.731 E.01641
G1 X164.743 Y104.967 E.20718
G1 X164.951 Y105.708 E.02366
G1 X169.507 Y110.265 E.19817
G1 X169.507 Y110.799 E.01641
G1 X165.111 Y106.402 E.19119
G1 X165.235 Y107.06 E.02057
G1 X169.507 Y111.332 E.18582
G1 X169.507 Y111.866 E.01641
G1 X165.34 Y107.698 E.18125
G1 X165.4 Y108.293 E.01837
G1 X169.507 Y112.4 E.17862
G1 X169.507 Y112.934 E.01641
G1 X165.456 Y108.882 E.17621
G1 X165.473 Y109.433 E.01695
G1 X169.507 Y113.467 E.17546
G1 X169.507 Y114.001 E.01641
G1 X165.49 Y109.984 E.17471
G1 X165.476 Y110.504 E.01599
G1 X169.507 Y114.535 E.17532
G1 X169.507 Y115.068 E.01641
G1 X165.459 Y111.02 E.17606
G1 X165.419 Y111.514 E.01524
G1 X169.507 Y115.602 E.17779
G1 X169.507 Y116.136 E.01641
G1 X165.371 Y112 E.17987
G1 X165.311 Y112.473 E.01467
G1 X169.507 Y116.67 E.1825
G1 X169.507 Y117.203 E.01641
M73 P90 R3
G1 X165.235 Y112.931 E.18581
G1 X165.159 Y113.388 E.01426
G1 X169.507 Y117.737 E.18913
G1 X169.507 Y118.271 E.01641
G1 X165.061 Y113.824 E.19339
G1 X164.96 Y114.257 E.01367
G1 X169.507 Y118.804 E.19777
G1 X169.507 Y119.338 E.01641
G1 X164.85 Y114.681 E.20255
G1 X164.726 Y115.09 E.01316
G1 X169.507 Y119.872 E.20795
G1 X169.507 Y120.406 E.01641
G1 X164.602 Y115.5 E.21334
G1 X164.462 Y115.894 E.01285
G1 X169.507 Y120.939 E.21943
G1 X169.507 Y121.473 E.01641
G1 X164.316 Y116.282 E.22577
G1 X164.17 Y116.669 E.01274
G1 X169.507 Y122.007 E.23212
G1 X169.507 Y122.54 E.01641
G1 X164.005 Y117.039 E.23928
G1 X163.839 Y117.406 E.0124
G1 X169.507 Y123.074 E.24651
G1 X169.507 Y123.608 E.01641
G1 X163.67 Y117.771 E.25386
G1 X163.484 Y118.119 E.01213
G1 X169.507 Y124.142 E.26194
G1 X169.507 Y124.675 E.01641
G1 X163.299 Y118.467 E.27001
G1 X163.109 Y118.81 E.01208
M73 P91 R3
G1 X169.507 Y125.209 E.27828
G1 X169.507 Y125.743 E.01641
G1 X162.904 Y119.14 E.28718
G1 X162.699 Y119.469 E.01192
G1 X169.507 Y126.276 E.29608
G1 X169.507 Y126.81 E.01641
G1 X162.491 Y119.794 E.30514
G1 X162.268 Y120.105 E.01176
G1 X169.507 Y127.344 E.31484
G1 X169.507 Y127.878 E.01641
G1 X162.045 Y120.415 E.32454
G1 X161.818 Y120.722 E.01174
G1 X169.507 Y128.411 E.3344
G1 X169.507 Y128.945 E.01641
G1 X161.578 Y121.015 E.34487
G1 X161.337 Y121.308 E.01166
G1 X169.507 Y129.479 E.35533
G1 X169.507 Y130.012 E.01641
G1 X161.092 Y121.597 E.366
G1 X160.833 Y121.872 E.01161
G1 X169.507 Y130.546 E.37724
G1 X169.507 Y131.08 E.01641
G1 X160.575 Y122.147 E.38848
G1 X160.314 Y122.421 E.01161
G1 X169.401 Y131.507 E.39518
G1 X168.867 Y131.507 E.01641
G1 X160.039 Y122.679 E.38396
G1 X159.763 Y122.937 E.01161
G1 X168.333 Y131.507 E.37274
G1 X167.8 Y131.507 E.01641
G1 X159.485 Y123.192 E.36162
G1 X159.192 Y123.433 E.01166
G1 X167.266 Y131.507 E.35116
G1 X166.732 Y131.507 E.01641
G1 X158.899 Y123.673 E.3407
G1 X158.602 Y123.911 E.01168
G1 X166.199 Y131.507 E.33038
G1 X165.665 Y131.507 E.01641
G1 X158.291 Y124.133 E.32071
G1 X157.979 Y124.355 E.01177
G1 X165.131 Y131.507 E.31105
G1 X164.597 Y131.507 E.01641
G1 X157.667 Y124.577 E.3014
G1 X157.338 Y124.781 E.01192
G1 X164.064 Y131.507 E.29251
G1 X163.53 Y131.507 E.01641
G1 X157.009 Y124.986 E.28362
G1 X156.676 Y125.187 E.01195
G1 X162.996 Y131.507 E.27487
G1 X162.463 Y131.507 E.01641
G1 X156.328 Y125.373 E.26678
G1 X155.981 Y125.559 E.01213
G1 X161.929 Y131.507 E.2587
G1 X161.395 Y131.507 E.01641
G1 X155.626 Y125.738 E.25089
G1 X155.259 Y125.905 E.0124
G1 X160.861 Y131.507 E.24366
G1 X160.328 Y131.507 E.01641
G1 X154.892 Y126.071 E.23642
G1 X154.515 Y126.229 E.01254
G1 X159.794 Y131.507 E.22957
G1 X159.26 Y131.507 E.01641
G1 X154.127 Y126.374 E.22323
G1 X153.739 Y126.52 E.01275
G1 X158.727 Y131.507 E.21689
G1 X158.193 Y131.507 E.01641
G1 X153.337 Y126.651 E.21118
G1 X152.928 Y126.776 E.01316
G1 X157.659 Y131.507 E.20578
G1 X157.125 Y131.507 E.01641
G1 X152.517 Y126.899 E.20043
G1 X152.083 Y126.999 E.01368
G1 X156.592 Y131.507 E.19607
G1 X156.058 Y131.507 E.01641
G1 X151.65 Y127.099 E.19171
G1 X151.208 Y127.191 E.01389
G1 X155.524 Y131.507 E.18773
G1 X154.991 Y131.507 E.01641
G1 X150.749 Y127.266 E.18445
G1 X150.291 Y127.341 E.01429
G1 X154.457 Y131.507 E.18118
G1 X153.923 Y131.507 E.01641
G1 X149.806 Y127.39 E.17904
G1 X149.321 Y127.438 E.01501
G1 X153.389 Y131.507 E.17696
G1 X152.856 Y131.507 E.01641
G1 X148.814 Y127.465 E.17579
G1 X148.296 Y127.481 E.01592
G1 X152.322 Y131.507 E.17509
G1 X151.788 Y131.507 E.01641
G1 X147.766 Y127.485 E.17493
G1 X147.214 Y127.467 E.01699
G1 X151.255 Y131.507 E.17572
G1 X150.721 Y131.507 E.01641
G1 X146.649 Y127.435 E.17709
G1 X146.057 Y127.377 E.01829
G1 X150.187 Y131.507 E.17963
G1 X149.653 Y131.507 E.01641
G1 X145.443 Y127.297 E.18311
G1 X144.802 Y127.19 E.01998
G1 X149.12 Y131.507 E.18777
G1 X148.586 Y131.507 E.01641
G1 X144.128 Y127.05 E.19386
G1 X143.429 Y126.884 E.02211
G1 X148.052 Y131.507 E.20108
G1 X147.519 Y131.507 E.01641
G1 X142.663 Y126.651 E.21118
G1 X142.389 Y126.568 E.0088
G1 X141.839 Y126.361 E.01806
G1 X146.985 Y131.507 E.2238
G1 X146.451 Y131.507 E.01641
G1 X140.94 Y125.996 E.2397
G1 X140.274 Y125.694 E.02246
G1 X139.91 Y125.5 E.01269
G1 X145.917 Y131.507 E.26127
G1 X145.384 Y131.507 E.01641
G1 X138.038 Y124.161 E.31948
G1 E-4.5 F2700
;WIPE_START
G1 F2400
G1 X139.452 Y125.576 E-.475
;WIPE_END
G1 E-.025 F2700
M205 X8 Y8
G1 X143.341 Y119.008 Z3.4 F7200
G1 X157.317 Y95.406 Z3.4
G1 Z3
G1 E5 F2400
M205 X10 Y10
G1 X150.404 Y88.493 E.30066
G1 X149.87 Y88.493 E.01641
G1 X155.648 Y94.27 E.25127
G1 X154.676 Y93.832 E.03278
G1 X149.336 Y88.493 E.23223
G1 X148.802 Y88.493 E.01641
G1 X153.82 Y93.51 E.21822
G1 X153.033 Y93.257 E.02544
G1 X148.269 Y88.493 E.20719
G1 X147.735 Y88.493 E.01641
G1 X152.29 Y93.048 E.1981
G1 X151.595 Y92.886 E.02195
G1 X147.201 Y88.493 E.19107
G1 X146.668 Y88.493 E.01641
G1 X150.942 Y92.767 E.18589
G1 X150.302 Y92.66 E.01996
G1 X146.134 Y88.493 E.18126
G1 X145.6 Y88.493 E.01641
G1 X149.708 Y92.6 E.17864
G1 X149.117 Y92.544 E.01824
G1 X145.066 Y88.493 E.17617
G1 X144.533 Y88.493 E.01641
G1 X148.566 Y92.526 E.1754
G1 X148.014 Y92.508 E.01696
G1 X143.999 Y88.493 E.17463
G1 X143.465 Y88.493 E.01641
G1 X147.496 Y92.524 E.17531
G1 X146.98 Y92.541 E.01589
G1 X142.932 Y88.493 E.17606
G1 X142.398 Y88.493 E.01641
G1 X146.487 Y92.582 E.17786
G1 X146.001 Y92.629 E.01504
G1 X141.864 Y88.493 E.1799
G1 X141.33 Y88.493 E.01641
G1 X145.526 Y92.689 E.18249
G1 X145.068 Y92.764 E.01429
G1 X140.797 Y88.493 E.18576
G1 X140.263 Y88.493 E.01641
G1 X144.61 Y92.839 E.18904
G1 X144.176 Y92.939 E.01369
G1 X139.729 Y88.493 E.19338
G1 X139.196 Y88.493 E.01641
G1 X143.743 Y93.04 E.19777
G1 X143.319 Y93.15 E.01346
G1 X138.662 Y88.493 E.20255
G1 X138.128 Y88.493 E.01641
G1 X142.91 Y93.274 E.20795
G1 X142.5 Y93.398 E.01316
G1 X137.594 Y88.493 E.21334
G1 X137.061 Y88.493 E.01641
G1 X142.106 Y93.538 E.21943
G1 X141.718 Y93.684 E.01274
G1 X136.527 Y88.493 E.22577
G1 X135.993 Y88.493 E.01641
G1 X141.331 Y93.83 E.23212
G1 X140.962 Y93.995 E.01243
G1 X135.46 Y88.493 E.23928
G1 X134.926 Y88.493 E.01641
G1 X140.594 Y94.161 E.24653
G1 X140.229 Y94.329 E.01238
G1 X134.392 Y88.493 E.25384
G1 X133.858 Y88.493 E.01641
G1 X139.881 Y94.515 E.26193
G1 X139.534 Y94.702 E.01213
G1 X133.325 Y88.493 E.27002
G1 X132.791 Y88.493 E.01641
G1 X139.189 Y94.891 E.27825
G1 X138.86 Y95.096 E.01192
M73 P92 R3
G1 X132.257 Y88.493 E.28716
G1 X131.724 Y88.493 E.01641
G1 X138.531 Y95.3 E.29607
G1 X138.208 Y95.511 E.01186
G1 X131.19 Y88.493 E.30521
G1 X130.656 Y88.493 E.01641
G1 X137.896 Y95.733 E.31488
G1 X137.585 Y95.955 E.01177
G1 X130.122 Y88.493 E.32456
G1 X129.589 Y88.493 E.01641
G1 X137.278 Y96.182 E.3344
G1 X136.985 Y96.422 E.01166
G1 X129.055 Y88.493 E.34487
G1 X128.521 Y88.493 E.01641
G1 X136.692 Y96.663 E.35533
G1 X136.403 Y96.908 E.01164
G1 X127.988 Y88.493 E.36599
G1 X127.454 Y88.493 E.01641
G1 X136.127 Y97.166 E.37721
G1 X135.851 Y97.424 E.01161
G1 X126.92 Y88.493 E.38843
G1 X126.386 Y88.493 E.01641
G1 X135.58 Y97.686 E.39982
G1 X135.322 Y97.962 E.01161
G1 X125.853 Y88.493 E.41181
G1 X125.319 Y88.493 E.01641
G1 X135.063 Y98.237 E.42379
G1 X134.808 Y98.515 E.01162
G1 X124.785 Y88.493 E.43588
G1 X124.252 Y88.493 E.01641
G1 X134.567 Y98.809 E.44864
G1 X134.327 Y99.102 E.01166
G1 X123.718 Y88.493 E.4614
G1 X123.184 Y88.493 E.01641
G1 X134.089 Y99.397 E.47424
G1 X133.866 Y99.708 E.01176
G1 X122.65 Y88.493 E.48777
G1 X122.117 Y88.493 E.01641
G1 X133.643 Y100.019 E.50129
G1 X133.423 Y100.333 E.01178
G1 X121.583 Y88.493 E.51494
G1 X121.049 Y88.493 E.01641
G1 X133.219 Y100.662 E.52926
G1 X133.014 Y100.991 E.01192
G1 X120.516 Y88.493 E.54358
G1 X119.982 Y88.493 E.01641
G1 X132.813 Y101.324 E.55803
G1 X132.627 Y101.672 E.01213
G1 X119.448 Y88.493 E.57316
G1 X118.914 Y88.493 E.01641
G1 X132.441 Y102.019 E.58829
G1 X132.262 Y102.374 E.01221
G1 X118.381 Y88.493 E.60369
G1 X117.847 Y88.493 E.01641
G1 X132.095 Y102.741 E.61965
G1 X131.928 Y103.108 E.0124
G1 X117.313 Y88.493 E.63562
G1 X116.78 Y88.493 E.01641
G1 X131.773 Y103.487 E.65209
G1 X131.627 Y103.874 E.01273
G1 X116.246 Y88.493 E.66893
G1 X115.712 Y88.493 E.01641
G1 X131.48 Y104.261 E.68576
G1 X131.349 Y104.663 E.01301
G1 X115.178 Y88.493 E.70325
G1 X114.645 Y88.493 E.01641
G1 X131.224 Y105.072 E.72106
G1 X131.101 Y105.483 E.01318
G1 X114.111 Y88.493 E.73892
G1 X113.577 Y88.493 E.01641
G1 X131 Y105.916 E.75773
G1 X130.899 Y106.348 E.01366
G1 X113.044 Y88.493 E.77655
G1 X112.51 Y88.493 E.01641
G1 X130.812 Y106.794 E.79596
G1 X130.735 Y107.252 E.01426
G1 X111.976 Y88.493 E.81584
G1 X111.442 Y88.493 E.01641
G1 X130.659 Y107.709 E.83573
G1 X130.61 Y108.194 E.01498
G1 X110.909 Y88.493 E.85681
G1 X110.375 Y88.493 E.01641
G1 X130.562 Y108.68 E.87795
G1 X130.534 Y109.185 E.01557
G1 X123.112 Y101.764 E.32276
G1 X123.423 Y102.263 E.01808
G1 X123.818 Y103.003 E.02581
G1 X130.517 Y109.702 E.29133
G1 X130.517 Y110.236 E.01642
G1 X124.28 Y103.999 E.27124
G1 X124.613 Y104.865 E.02853
G1 X130.534 Y110.787 E.25753
G1 X130.565 Y111.351 E.01738
G1 X124.861 Y105.647 E.24807
G1 X124.962 Y105.978 E.01065
G1 X125.053 Y106.373 E.01245
G1 X130.623 Y111.943 E.24226
G1 X130.702 Y112.556 E.019
G1 X125.21 Y107.063 E.23888
G1 X125.314 Y107.702 E.0199
G1 X130.807 Y113.195 E.23889
G1 X130.953 Y113.874 E.02137
G1 X125.394 Y108.315 E.24177
G1 X125.452 Y108.907 E.01829
G1 X131.116 Y114.571 E.24634
G1 X131.349 Y115.337 E.02462
G1 X125.474 Y109.462 E.2555
G1 X125.491 Y110.013 E.01695
G1 X131.638 Y116.16 E.26733
G1 X131.834 Y116.683 E.01716
G1 X132.006 Y117.062 E.01281
G1 X125.475 Y110.531 E.28402
G1 X125.457 Y111.046 E.01584
G1 X132.499 Y118.089 E.30629
G1 X132.851 Y118.747 E.02296
G1 X133.225 Y119.349 E.02179
G1 X125.409 Y111.532 E.33996
G1 X125.36 Y112.018 E.015
G1 X144.85 Y131.507 E.84762
G1 X144.316 Y131.507 E.01641
M73 P93 R3
G1 X125.285 Y112.476 E.8277
G1 X125.209 Y112.934 E.01428
G1 X143.783 Y131.507 E.80778
G1 X143.249 Y131.507 E.01641
G1 X125.114 Y113.372 E.78871
G1 X125.013 Y113.805 E.01367
G1 X142.715 Y131.507 E.76989
G1 X142.181 Y131.507 E.01641
G1 X124.899 Y114.225 E.75162
G1 X124.775 Y114.635 E.01317
M73 P93 R2
G1 X141.648 Y131.507 E.7338
G1 X141.114 Y131.507 E.01641
G1 X124.647 Y115.04 E.71616
G1 X124.501 Y115.427 E.01273
G1 X140.58 Y131.507 E.69932
G1 X140.047 Y131.507 E.01641
G1 X124.354 Y115.815 E.68249
G1 X124.195 Y116.19 E.01252
G1 X139.513 Y131.507 E.66617
G1 X138.979 Y131.507 E.01641
G1 X124.029 Y116.557 E.65021
G1 X123.859 Y116.921 E.01235
G1 X138.445 Y131.507 E.63439
G1 X137.912 Y131.507 E.01641
G1 X123.673 Y117.268 E.61926
G1 X123.487 Y117.616 E.01213
G1 X137.378 Y131.507 E.60413
G1 X136.844 Y131.507 E.01641
G1 X123.289 Y117.952 E.58954
G1 X123.084 Y118.281 E.01192
G1 X136.311 Y131.507 E.57522
G1 X135.777 Y131.507 E.01641
G1 X122.88 Y118.61 E.56091
G1 X122.657 Y118.921 E.01176
G1 X135.243 Y131.507 E.54738
G1 X134.709 Y131.507 E.01641
G1 X122.434 Y119.232 E.53386
G1 X122.205 Y119.536 E.01172
G1 X134.176 Y131.507 E.52062
G1 X133.642 Y131.507 E.01641
G1 X121.965 Y119.83 E.50787
G1 X121.724 Y120.123 E.01166
G1 X133.108 Y131.507 E.49511
G1 X132.575 Y131.507 E.01641
G1 X121.471 Y120.403 E.48293
G1 X121.212 Y120.678 E.01161
G1 X132.041 Y131.507 E.47096
G1 X131.507 Y131.507 E.01641
G1 X120.953 Y120.953 E.459
G1 X120.679 Y121.213 E.01161
G1 X130.973 Y131.507 E.4477
G1 X130.44 Y131.507 E.01641
G1 X120.404 Y121.471 E.43648
G1 X120.123 Y121.724 E.01162
G1 X129.906 Y131.507 E.42548
G1 X129.372 Y131.507 E.01641
G1 X119.83 Y121.965 E.41501
G1 X119.537 Y122.205 E.01166
G1 X128.839 Y131.507 E.40455
G1 X128.305 Y131.507 E.01641
G1 X119.231 Y122.433 E.39463
G1 X118.92 Y122.656 E.01177
G1 X127.771 Y131.507 E.38496
G1 X127.237 Y131.507 E.01641
G1 X118.608 Y122.878 E.37529
G1 X118.281 Y123.085 E.0119
G1 X126.704 Y131.507 E.36631
G1 X126.17 Y131.507 E.01641
G1 X117.952 Y123.289 E.35742
G1 X117.616 Y123.487 E.01199
G1 X125.636 Y131.507 E.3488
G1 X125.103 Y131.507 E.01641
G1 X117.268 Y123.673 E.34072
G1 X116.921 Y123.859 E.01213
G1 X124.569 Y131.507 E.33263
G1 X124.035 Y131.507 E.01641
G1 X116.556 Y124.028 E.32528
G1 X116.188 Y124.194 E.01241
G1 X123.501 Y131.507 E.31807
G1 X122.968 Y131.507 E.01641
G1 X115.817 Y124.356 E.31101
G1 X115.428 Y124.502 E.01275
G1 X122.434 Y131.507 E.30468
G1 X121.9 Y131.507 E.01641
G1 X115.04 Y124.647 E.29834
G1 X114.635 Y124.776 E.01308
G1 X121.367 Y131.507 E.29277
G1 X120.833 Y131.507 E.01641
G1 X114.225 Y124.9 E.28736
G1 X113.804 Y125.012 E.01341
G1 X120.299 Y131.507 E.28249
G1 X119.765 Y131.507 E.01641
G1 X113.37 Y125.112 E.27813
G1 X112.934 Y125.21 E.01374
G1 X119.232 Y131.507 E.27388
G1 X118.698 Y131.507 E.01641
G1 X112.476 Y125.285 E.2706
G1 X112.018 Y125.36 E.01429
G1 X118.164 Y131.507 E.26733
G1 X117.631 Y131.507 E.01641
G1 X111.532 Y125.409 E.26523
G1 X111.046 Y125.457 E.01501
G1 X117.097 Y131.507 E.26314
G1 X116.563 Y131.507 E.01641
G1 X110.53 Y125.474 E.26238
G1 X110.013 Y125.49 E.01592
G1 X116.029 Y131.507 E.26168
G1 X115.496 Y131.507 E.01641
G1 X109.464 Y125.475 E.26235
G1 X108.907 Y125.452 E.01713
G1 X114.962 Y131.507 E.26335
G1 X114.428 Y131.507 E.01641
G1 X108.315 Y125.394 E.26588
G1 X107.702 Y125.314 E.01902
G1 X113.895 Y131.507 E.26934
G1 X113.361 Y131.507 E.01641
M73 P94 R2
G1 X107.062 Y125.209 E.27393
G1 X106.375 Y125.055 E.02166
G1 X112.827 Y131.507 E.28062
G1 X112.293 Y131.507 E.01641
G1 X105.647 Y124.86 E.28907
G1 X104.863 Y124.611 E.02529
G1 X111.76 Y131.507 E.29994
G1 X111.226 Y131.507 E.01641
G1 X104.001 Y124.282 E.31424
G1 X103.003 Y123.818 E.03382
G1 X110.692 Y131.507 E.3344
G1 X110.159 Y131.507 E.01641
G1 X101.153 Y122.502 E.39166
G1 E-4.5 F2700
;WIPE_START
G1 F2400
G1 X102.567 Y123.916 E-.475
;WIPE_END
G1 E-.025 F2700
M205 X8 Y8
G1 X106.571 Y117.418 Z3.4 F7200
G1 X118.847 Y97.498 Z3.4
G1 Z3
G1 E5 F2400
M205 X10 Y10
G1 X109.841 Y88.493 E.39165
G1 X109.308 Y88.493 E.01641
G1 X116.998 Y96.183 E.33447
G1 X116.001 Y95.72 E.03383
G1 X108.774 Y88.493 E.3143
G1 X108.24 Y88.493 E.01641
G1 X115.137 Y95.389 E.29993
G1 X114.353 Y95.14 E.02528
G1 X107.706 Y88.493 E.28907
G1 X107.173 Y88.493 E.01641
G1 X113.625 Y94.945 E.28062
G1 X112.938 Y94.791 E.02166
G1 X106.639 Y88.493 E.27393
G1 X106.105 Y88.493 E.01641
G1 X112.298 Y94.686 E.26934
G1 X111.685 Y94.607 E.01901
G1 X105.572 Y88.493 E.26589
G1 X105.038 Y88.493 E.01641
G1 X111.094 Y94.549 E.26338
G1 X110.536 Y94.525 E.01716
G1 X104.504 Y88.493 E.26234
G1 X103.97 Y88.493 E.01641
G1 X109.985 Y94.507 E.26158
G1 X109.469 Y94.525 E.01589
G1 X103.437 Y88.493 E.26233
G1 X102.903 Y88.493 E.01641
G1 X108.955 Y94.545 E.26323
G1 X108.469 Y94.592 E.01504
G1 X102.369 Y88.493 E.26527
G1 X101.836 Y88.493 E.01641
G1 X107.982 Y94.64 E.26733
G1 X107.524 Y94.715 E.01429
G1 X101.302 Y88.493 E.2706
G1 X100.768 Y88.493 E.01641
G1 X107.066 Y94.79 E.27388
G1 X106.628 Y94.887 E.01377
G1 X100.234 Y88.493 E.27808
G1 X99.701 Y88.493 E.01641
G1 X106.196 Y94.988 E.28247
G1 X105.775 Y95.1 E.0134
G1 X99.167 Y88.493 E.28737
G1 X98.633 Y88.493 E.01641
G1 X105.365 Y95.225 E.29278
G1 X104.959 Y95.352 E.0131
G1 X98.1 Y88.493 E.29832
G1 X97.566 Y88.493 E.01641
G1 X104.571 Y95.498 E.30467
G1 X104.183 Y95.644 E.01274
G1 X97.032 Y88.493 E.31101
G1 X96.498 Y88.493 E.01641
G1 X103.811 Y95.805 E.31802
G1 X103.443 Y95.972 E.0124
G1 X95.965 Y88.493 E.32526
G1 X95.431 Y88.493 E.01641
G1 X103.079 Y96.141 E.33264
G1 X102.732 Y96.327 E.01213
G1 X94.897 Y88.493 E.34073
G1 X94.364 Y88.493 E.01641
G1 X102.384 Y96.513 E.34883
G1 X102.048 Y96.711 E.01199
G1 X93.83 Y88.493 E.3574
G1 X93.296 Y88.493 E.01641
G1 X101.719 Y96.916 E.36631
G1 X101.391 Y97.122 E.0119
G1 X92.762 Y88.493 E.37527
G1 X92.229 Y88.493 E.01641
G1 X101.08 Y97.344 E.38495
G1 X100.769 Y97.566 E.01177
G1 X91.695 Y88.493 E.39462
G1 X91.161 Y88.493 E.01641
G1 X100.463 Y97.795 E.40455
G1 X100.17 Y98.036 E.01166
G1 X90.628 Y88.493 E.41503
G1 X90.094 Y88.493 E.01641
G1 X99.878 Y98.276 E.4255
G1 X99.596 Y98.529 E.01162
G1 X89.56 Y88.493 E.43647
G1 X89.026 Y88.493 E.01641
G1 X99.321 Y98.787 E.4477
G1 X99.046 Y99.046 E.01161
G1 X88.493 Y88.493 E.45898
G1 X87.959 Y88.493 E.01641
G1 X98.788 Y99.322 E.47095
G1 X98.529 Y99.597 E.01161
G1 X87.425 Y88.493 E.48292
G1 X86.892 Y88.493 E.01641
G1 X98.276 Y99.877 E.49512
G1 X98.036 Y100.17 E.01166
G1 X86.358 Y88.493 E.50787
G1 X85.824 Y88.493 E.01641
G1 X97.795 Y100.464 E.52063
G1 X97.566 Y100.768 E.01172
G1 X85.29 Y88.493 E.53386
G1 X84.757 Y88.493 E.01641
G1 X97.343 Y101.079 E.54738
G1 X97.12 Y101.39 E.01177
G1 X84.223 Y88.493 E.56092
G1 X83.689 Y88.493 E.01641
G1 X96.916 Y101.719 E.57523
G1 X96.711 Y102.048 E.01192
G1 X83.156 Y88.493 E.58954
G1 X82.622 Y88.493 E.01641
G1 X96.513 Y102.384 E.60413
G1 X96.327 Y102.732 E.01213
G1 X82.088 Y88.493 E.61926
G1 X81.554 Y88.493 E.01641
G1 X96.141 Y103.079 E.63439
G1 X95.971 Y103.443 E.01235
G1 X81.021 Y88.493 E.6502
G1 X80.487 Y88.493 E.01641
G1 X95.805 Y103.81 E.66617
G1 X95.646 Y104.185 E.01252
G1 X79.953 Y88.493 E.68249
G1 X79.42 Y88.493 E.01641
G1 X95.499 Y104.573 E.69932
G1 X95.353 Y104.96 E.01273
M73 P95 R2
G1 X78.886 Y88.493 E.71616
G1 X78.352 Y88.493 E.01641
G1 X95.225 Y105.365 E.7338
G1 X95.101 Y105.775 E.01317
G1 X77.818 Y88.493 E.75162
G1 X77.285 Y88.493 E.01641
G1 X94.987 Y106.195 E.76989
G1 X94.886 Y106.628 E.01367
G1 X76.751 Y88.493 E.78871
G1 X76.217 Y88.493 E.01641
G1 X94.791 Y107.066 E.80778
G1 X94.715 Y107.524 E.01428
G1 X75.684 Y88.493 E.8277
G1 X75.15 Y88.493 E.01641
G1 X94.64 Y107.982 E.84762
G1 X94.591 Y108.468 E.015
G1 X74.616 Y88.493 E.86873
G1 X74.082 Y88.493 E.01641
G1 X94.543 Y108.954 E.88987
G1 X94.525 Y109.469 E.01584
G1 X73.549 Y88.493 E.91225
G1 X73.015 Y88.493 E.01641
G1 X94.509 Y109.987 E.9348
G1 X94.526 Y110.538 E.01695
G1 X72.481 Y88.493 E.95875
G1 X71.948 Y88.493 E.01641
G1 X94.548 Y111.093 E.98291
G1 X94.606 Y111.685 E.0183
G1 X71.414 Y88.493 E1.00866
G1 X70.88 Y88.493 E.01641
M73 P95 R1
G1 X94.685 Y112.298 E1.03531
G1 X94.79 Y112.937 E.01991
G1 X70.346 Y88.493 E1.06309
G1 X69.813 Y88.493 E.01641
G1 X94.947 Y113.627 E1.09312
G1 X95.038 Y114.022 E.01245
G1 X95.139 Y114.353 E.01065
G1 X83.038 Y102.252 E.52628
G1 X82.697 Y101.776 E.01801
G1 X82.136 Y101.094 E.02715
G1 X81.55 Y100.468 E.02639
G1 X80.906 Y99.864 E.02715
G1 X80.224 Y99.303 E.02715
G1 X79.75 Y98.964 E.01792
G1 X69.279 Y88.493 E.45538
G1 X68.745 Y88.493 E.01641
G1 X78.361 Y98.109 E.41821
G1 X77.979 Y97.904 E.01334
G1 X77.328 Y97.61 E.02195
G1 X68.212 Y88.493 E.3965
G1 X67.678 Y88.493 E.01641
G1 X76.452 Y97.267 E.3816
G1 X75.673 Y97.022 E.02512
G1 X67.144 Y88.493 E.37092
G1 X66.61 Y88.493 E.01641
G1 X74.961 Y96.844 E.36319
G1 X74.296 Y96.712 E.02086
G1 X66.077 Y88.493 E.35747
G1 X65.543 Y88.493 E.01641
G1 X73.663 Y96.613 E.35315
G1 X73.072 Y96.555 E.01827
G1 X65.009 Y88.493 E.35064
G1 X64.476 Y88.493 E.01641
G1 X72.507 Y96.524 E.34928
G1 X71.957 Y96.508 E.0169
G1 X63.942 Y88.493 E.3486
G1 X63.408 Y88.493 E.01641
G1 X71.441 Y96.526 E.34936
G1 X70.937 Y96.555 E.01554
G1 X62.874 Y88.493 E.35064
G1 X62.341 Y88.493 E.01641
G1 X70.45 Y96.602 E.35268
G1 X69.98 Y96.666 E.01459
G1 X61.807 Y88.493 E.35545
G1 X61.273 Y88.493 E.01641
G1 X69.522 Y96.741 E.35872
G1 X69.081 Y96.834 E.01386
G1 X60.74 Y88.493 E.36276
G1 X60.206 Y88.493 E.01641
G1 X68.648 Y96.935 E.36715
G1 X68.23 Y97.051 E.01333
G1 X59.672 Y88.493 E.37221
G1 X59.138 Y88.493 E.01641
G1 X67.821 Y97.176 E.37762
G1 X67.425 Y97.313 E.01291
G1 X58.605 Y88.493 E.38358
G1 X58.071 Y88.493 E.01641
G1 X67.037 Y97.459 E.38993
G1 X66.66 Y97.615 E.01256
G1 X57.537 Y88.493 E.39674
G1 X57.004 Y88.493 E.01641
G1 X66.292 Y97.781 E.40397
G1 X65.93 Y97.953 E.01232
G1 X56.47 Y88.493 E.41144
G1 X55.936 Y88.493 E.01641
G1 X65.583 Y98.139 E.41953
G1 X65.236 Y98.326 E.01212
G1 X55.402 Y88.493 E.42765
G1 X54.869 Y88.493 E.01641
G1 X64.906 Y98.53 E.43655
G1 X64.577 Y98.735 E.01192
G1 X54.335 Y88.493 E.44545
G1 X53.801 Y88.493 E.01641
M73 P96 R1
G1 X64.263 Y98.954 E.45499
G1 X63.952 Y99.177 E.01176
G1 X53.268 Y88.493 E.46468
G1 X52.734 Y88.493 E.01641
G1 X63.649 Y99.408 E.4747
G1 X63.356 Y99.648 E.01166
G1 X52.2 Y88.493 E.48516
G1 X51.666 Y88.493 E.01641
G1 X63.066 Y99.892 E.49576
G1 X62.79 Y100.15 E.01161
G1 X51.133 Y88.493 E.50698
G1 X50.599 Y88.493 E.01641
G1 X62.514 Y100.408 E.51819
G1 X62.253 Y100.681 E.01161
G1 X50.493 Y88.92 E.51148
G1 X50.493 Y89.454 E.01641
G1 X61.995 Y100.956 E.50024
G1 X61.744 Y101.239 E.01163
G1 X50.493 Y89.988 E.48933
G1 X50.493 Y90.521 E.01641
G1 X61.504 Y101.532 E.47888
G1 X61.265 Y101.828 E.01167
G1 X50.493 Y91.055 E.46851
G1 X50.493 Y91.589 E.01641
G1 X61.043 Y102.139 E.45882
G1 X60.82 Y102.449 E.01176
G1 X50.493 Y92.123 E.44913
G1 X50.493 Y92.656 E.01641
G1 X60.613 Y102.776 E.44012
G1 X60.408 Y103.105 E.01192
G1 X50.493 Y93.19 E.43122
G1 X50.493 Y93.724 E.01641
G1 X60.213 Y103.444 E.42274
G1 X60.027 Y103.792 E.01213
G1 X50.493 Y94.257 E.41467
G1 X50.493 Y94.791 E.01641
G1 X59.847 Y104.145 E.40683
G1 X59.681 Y104.513 E.0124
G1 X50.493 Y95.325 E.39959
G1 X50.493 Y95.859 E.01641
G1 X59.517 Y104.883 E.39249
G1 X59.371 Y105.271 E.01274
G1 X50.493 Y96.392 E.38614
G1 X50.493 Y96.926 E.01641
G1 X59.225 Y105.659 E.37979
G1 X59.101 Y106.068 E.01315
G1 X50.493 Y97.46 E.37436
G1 X50.493 Y97.993 E.01641
G1 X58.977 Y106.477 E.36897
G1 X58.873 Y106.908 E.01361
G1 X50.493 Y98.527 E.36448
G1 X50.493 Y99.061 E.01641
G1 X58.773 Y107.341 E.36009
G1 X58.696 Y107.798 E.01426
G1 X50.493 Y99.595 E.35677
G1 X50.493 Y100.128 E.01641
G1 X58.621 Y108.256 E.35349
G1 X58.573 Y108.742 E.01501
G1 X50.493 Y100.662 E.35141
G1 X50.493 Y101.196 E.01641
G1 X58.533 Y109.236 E.34966
G1 X58.515 Y109.752 E.01589
G1 X50.493 Y101.729 E.34891
G1 X50.493 Y102.263 E.01641
G1 X58.518 Y110.288 E.34902
G1 X58.535 Y110.839 E.01695
G1 X50.493 Y102.797 E.34978
G1 X50.493 Y103.331 E.01641
G1 X58.59 Y111.428 E.35216
G1 X58.668 Y112.04 E.01898
G1 X50.493 Y103.864 E.35556
G1 X50.493 Y104.398 E.01641
G1 X58.779 Y112.684 E.36037
G1 X58.941 Y113.38 E.02199
G1 X50.493 Y104.932 E.36744
G1 X50.493 Y105.465 E.01641
G1 X59.162 Y114.135 E.37704
G1 X59.46 Y114.966 E.02715
G1 X50.493 Y105.999 E.38998
G1 X50.493 Y106.533 E.01641
G1 X60.279 Y116.319 E.42562
G1 E-4.5 F2700
;WIPE_START
G1 F2400
G1 X58.865 Y114.905 E-.475
;WIPE_END
G1 E-.025 F2700
M205 X8 Y8
G1 X65.756 Y111.624 Z3.4 F7200
G1 X83.451 Y103.198 Z3.4
G1 Z3
G1 E5 F2400
M205 X10 Y10
G1 X95.387 Y115.135 E.51914
G1 X95.72 Y116.001 E.02853
G1 X84.39 Y104.672 E.49273
G1 X84.733 Y105.548 E.02894
G1 X96.182 Y116.997 E.49792
G1 X96.582 Y117.744 E.02607
G1 X96.887 Y118.235 E.01777
G1 X84.978 Y106.327 E.5179
G1 X85.155 Y107.037 E.0225
G1 X109.625 Y131.507 E1.06423
G1 X109.091 Y131.507 E.01641
G1 X85.29 Y107.706 E1.03515
G1 X85.387 Y108.337 E.01963
G1 X108.557 Y131.507 E1.00771
G1 X108.024 Y131.507 E.01641
G1 X85.446 Y108.929 E.98195
G1 X85.475 Y109.492 E.01734
G1 X107.49 Y131.507 E.95746
G1 X106.956 Y131.507 E.01641
G1 X85.492 Y110.043 E.93352
G1 X85.475 Y110.559 E.0159
G1 X106.423 Y131.507 E.91105
G1 X105.889 Y131.507 E.01641
G1 X85.446 Y111.064 E.88908
G1 X85.398 Y111.55 E.01502
M73 P97 R1
G1 X105.355 Y131.507 E.86794
G1 X104.821 Y131.507 E.01641
G1 X85.334 Y112.02 E.84752
G1 X85.258 Y112.478 E.01428
G1 X104.288 Y131.507 E.8276
G1 X103.754 Y131.507 E.01641
G1 X85.167 Y112.92 E.80839
G1 X85.065 Y113.352 E.01366
G1 X103.22 Y131.507 E.78958
G1 X102.687 Y131.507 E.01641
G1 X84.949 Y113.77 E.77142
G1 X84.825 Y114.179 E.01316
G1 X102.153 Y131.507 E.75361
G1 X101.619 Y131.507 E.01641
G1 X84.687 Y114.575 E.73641
G1 X84.541 Y114.963 E.01274
G1 X101.085 Y131.507 E.71954
G1 X100.552 Y131.507 E.01641
G1 X84.386 Y115.341 E.70308
G1 X84.219 Y115.708 E.0124
G1 X100.018 Y131.507 E.68711
G1 X99.484 Y131.507 E.01641
G1 X84.046 Y116.069 E.67141
G1 X83.861 Y116.417 E.01213
G1 X98.951 Y131.507 E.65627
G1 X98.417 Y131.507 E.01641
G1 X83.674 Y116.764 E.6412
G1 X83.469 Y117.093 E.01192
G1 X97.883 Y131.507 E.62688
G1 X97.349 Y131.507 E.01641
G1 X83.265 Y117.422 E.61256
G1 X83.046 Y117.738 E.01179
G1 X96.816 Y131.507 E.59886
G1 X96.282 Y131.507 E.01641
G1 X82.823 Y118.049 E.58533
G1 X82.592 Y118.351 E.01171
G1 X95.748 Y131.507 E.57219
G1 X95.215 Y131.507 E.01641
G1 X82.351 Y118.644 E.55943
G1 X82.108 Y118.934 E.01165
G1 X94.681 Y131.507 E.54681
G1 X94.147 Y131.507 E.01641
G1 X81.849 Y119.209 E.53484
G1 X81.591 Y119.484 E.01161
G1 X93.613 Y131.507 E.52288
G1 X93.08 Y131.507 E.01641
G1 X81.32 Y119.748 E.51144
G1 X81.044 Y120.005 E.01161
G1 X92.546 Y131.507 E.50022
G1 X92.012 Y131.507 E.01641
G1 X80.761 Y120.256 E.48933
G1 X80.468 Y120.496 E.01166
G1 X91.479 Y131.507 E.47887
G1 X90.945 Y131.507 E.01641
G1 X80.172 Y120.734 E.46853
G1 X79.861 Y120.957 E.01176
G1 X90.411 Y131.507 E.45884
G1 X89.877 Y131.507 E.01641
G1 X79.55 Y121.18 E.44915
G1 X79.225 Y121.388 E.01188
G1 X89.344 Y131.507 E.44009
G1 X88.81 Y131.507 E.01641
G1 X78.896 Y121.593 E.43119
G1 X78.556 Y121.787 E.01203
M73 P97 R0
G1 X88.276 Y131.507 E.42276
G1 X87.743 Y131.507 E.01641
G1 X78.208 Y121.973 E.41466
G1 X77.854 Y122.152 E.01221
G1 X87.209 Y131.507 E.40686
G1 X86.675 Y131.507 E.01641
G1 X77.487 Y122.319 E.39962
G1 X77.118 Y122.483 E.01243
G1 X86.141 Y131.507 E.39246
G1 X85.608 Y131.507 E.01641
G1 X76.73 Y122.629 E.38611
G1 X76.342 Y122.775 E.01275
G1 X85.074 Y131.507 E.37978
G1 X84.54 Y131.507 E.01641
G1 X75.932 Y122.899 E.37436
G1 X75.523 Y123.024 E.01315
G1 X84.007 Y131.507 E.36895
G1 X83.473 Y131.507 E.01641
G1 X75.091 Y123.125 E.36454
G1 X74.658 Y123.226 E.01368
G1 X82.939 Y131.507 E.36018
G1 X82.405 Y131.507 E.01641
G1 X74.203 Y123.304 E.35675
G1 X73.744 Y123.379 E.01429
G1 X81.872 Y131.507 E.35349
G1 X81.338 Y131.507 E.01641
G1 X73.258 Y123.427 E.35141
G1 X72.764 Y123.467 E.01524
G1 X80.804 Y131.507 E.34967
G1 X80.271 Y131.507 E.01641
G1 X72.247 Y123.483 E.34897
G1 X71.713 Y123.483 E.01641
G1 X79.737 Y131.507 E.34897
G1 X79.203 Y131.507 E.01641
G1 X71.161 Y123.465 E.34977
G1 X70.573 Y123.411 E.01816
G1 X78.669 Y131.507 E.35213
G1 X78.136 Y131.507 E.01641
M73 P98 R0
G1 X69.958 Y123.33 E.35564
G1 X69.317 Y123.222 E.02001
G1 X77.602 Y131.507 E.36033
G1 X77.068 Y131.507 E.01641
G1 X68.62 Y123.059 E.36743
G1 X67.866 Y122.839 E.02415
G1 X76.535 Y131.507 E.377
G1 X76.001 Y131.507 E.01641
G1 X67.033 Y122.539 E.39004
G1 X66.086 Y122.126 E.03177
G1 X75.467 Y131.507 E.408
G1 X74.933 Y131.507 E.01641
G1 X64.876 Y121.45 E.43742
G1 X64.494 Y121.212 E.01384
G1 X63.796 Y120.712 E.02639
G1 X63.113 Y120.152 E.02715
G1 X62.459 Y119.541 E.02753
G1 X61.864 Y118.906 E.02677
G1 X61.303 Y118.224 E.02715
G1 X60.774 Y117.486 E.02791
G1 X60.548 Y117.122 E.01319
G1 X50.493 Y107.067 E.43731
G1 X50.493 Y107.6 E.01641
G1 X74.4 Y131.507 E1.03974
G1 X73.866 Y131.507 E.01641
G1 X50.493 Y108.134 E1.01652
G1 X50.493 Y108.668 E.01641
G1 X73.332 Y131.507 E.99331
G1 X72.799 Y131.507 E.01641
G1 X50.493 Y109.201 E.9701
G1 X50.493 Y109.735 E.01641
G1 X72.265 Y131.507 E.94689
G1 X71.731 Y131.507 E.01641
G1 X50.493 Y110.269 E.92368
G1 X50.493 Y110.803 E.01641
G1 X71.197 Y131.507 E.90047
G1 X70.664 Y131.507 E.01641
G1 X50.493 Y111.336 E.87725
G1 X50.493 Y111.87 E.01641
G1 X70.13 Y131.507 E.85404
G1 X69.596 Y131.507 E.01641
G1 X50.493 Y112.404 E.83083
G1 X50.493 Y112.937 E.01641
G1 X69.063 Y131.507 E.80762
G1 X68.529 Y131.507 E.01641
G1 X50.493 Y113.471 E.78441
G1 X50.493 Y114.005 E.01641
G1 X67.995 Y131.507 E.7612
G1 X67.461 Y131.507 E.01641
G1 X50.493 Y114.539 E.73798
G1 X50.493 Y115.072 E.01641
G1 X66.928 Y131.507 E.71477
G1 X66.394 Y131.507 E.01641
G1 X50.493 Y115.606 E.69156
G1 X50.493 Y116.14 E.01641
G1 X65.86 Y131.507 E.66835
G1 X65.327 Y131.507 E.01641
G1 X50.493 Y116.673 E.64514
G1 X50.493 Y117.207 E.01641
G1 X64.793 Y131.507 E.62193
G1 X64.259 Y131.507 E.01641
G1 X50.493 Y117.741 E.59871
G1 X50.493 Y118.275 E.01641
G1 X63.725 Y131.507 E.5755
G1 X63.192 Y131.507 E.01641
G1 X50.493 Y118.808 E.55229
G1 X50.493 Y119.342 E.01641
G1 X62.658 Y131.507 E.52908
G1 X62.124 Y131.507 E.01641
G1 X50.493 Y119.876 E.50587
G1 X50.493 Y120.409 E.01641
G1 X61.591 Y131.507 E.48265
G1 X61.057 Y131.507 E.01641
G1 X50.493 Y120.943 E.45944
G1 X50.493 Y121.477 E.01641
G1 X60.523 Y131.507 E.43623
G1 X59.989 Y131.507 E.01641
G1 X50.493 Y122.011 E.41302
G1 X50.493 Y122.544 E.01641
G1 X59.456 Y131.507 E.38981
G1 X58.922 Y131.507 E.01641
G1 X50.493 Y123.078 E.3666
G1 X50.493 Y123.612 E.01641
G1 X58.388 Y131.507 E.34338
G1 X57.855 Y131.507 E.01641
G1 X50.493 Y124.145 E.32017
G1 X50.493 Y124.679 E.01641
G1 X57.321 Y131.507 E.29696
G1 X56.787 Y131.507 E.01641
G1 X50.493 Y125.213 E.27375
G1 X50.493 Y125.747 E.01641
G1 X56.253 Y131.507 E.25054
G1 X55.72 Y131.507 E.01641
G1 X50.493 Y126.28 E.22733
G1 X50.493 Y126.814 E.01641
G1 X55.186 Y131.507 E.20411
G1 X54.652 Y131.507 E.01641
G1 X50.493 Y127.348 E.1809
G1 X50.493 Y127.881 E.01641
G1 X54.119 Y131.507 E.15769
G1 X53.585 Y131.507 E.01641
G1 X50.493 Y128.415 E.13448
G1 X50.493 Y128.949 E.01641
G1 X53.051 Y131.507 E.11127
G1 X52.517 Y131.507 E.01641
G1 X50.493 Y129.483 E.08805
G1 X50.493 Y130.016 E.01641
G1 X51.984 Y131.507 E.06484
G1 X51.45 Y131.507 E.01641
G1 X50.493 Y130.55 E.04163
G1 X50.493 Y131.084 E.01641
G1 X51.086 Y131.677 E.0258
G1 E-4.5 F2700
;WIPE_START
G1 F2400
G1 X50.493 Y131.084 E-.19925
G1 X50.493 Y130.55 E-.12676
M73 P99 R0
G1 X50.936 Y130.994 E-.149
;WIPE_END
G1 E-.025 F2700
M205 X8 Y8
G1 X58.153 Y128.509 Z3.4 F7200
G1 X156.33 Y94.713 Z3.4
G1 Z3
G1 E5 F2400
M205 X10 Y10
;TYPE:Gap infill
;WIDTH:0.11293
G1 X156.163 Y94.589 E.00119
;WIDTH:0.162452
G1 X155.995 Y94.465 E.00203
;WIDTH:0.187213
G1 X155.828 Y94.341 E.00245
G1 E-4.5 F2700
;WIPE_START
G1 F2400
G1 X155.995 Y94.465 E-.475
;WIPE_END
G1 E-.025 F2700
M205 X8 Y8
G1 X157.65 Y95.501 Z3.4 F7200
G1 Z3
G1 E5 F2400
M205 X10 Y10
;WIDTH:0.101467
G1 X157.531 Y95.406 E.00073
;WIDTH:0.114765
G1 X157.411 Y95.311 E.00089
G1 E-4.5 F2700
;WIPE_START
G1 F2400
G1 X157.531 Y95.406 E-.475
;WIPE_END
G1 E-.025 F2700
M205 X8 Y8
G1 X162.871 Y100.859 Z3.4 F7200
G1 X163.043 Y101.034 Z3.4
G1 Z3
G1 E5 F2400
M205 X10 Y10
;WIDTH:0.23672
G1 X162.907 Y100.864 E.00344
;WIDTH:0.194277
G1 X162.772 Y100.693 E.00268
;WIDTH:0.151833
G1 X162.637 Y100.523 E.00193
;WIDTH:0.130612
G1 X162.502 Y100.352 E.00156
G1 E-4.5 F2700
;WIPE_START
G1 F2400
G1 X162.637 Y100.523 E-.475
;WIPE_END
G1 E-.025 F2700
M205 X8 Y8
G1 X164.102 Y103.144 Z3.4 F7200
G1 Z3
G1 E5 F2400
M205 X10 Y10
;WIDTH:0.202647
G1 X164.008 Y103.008 E.00216
;WIDTH:0.156857
G1 X163.913 Y102.871 E.00154
;WIDTH:0.133961
G1 X163.819 Y102.735 E.00123
G1 E-4.5 F2700
;WIPE_START
G1 F2400
G1 X163.913 Y102.871 E-.475
;WIPE_END
G1 E-.025 F2700
M205 X8 Y8
G1 X159.383 Y109.014 Z3.4 F7200
G1 X145.864 Y127.344 Z3.4
G1 Z3
G1 E5 F2400
M205 X10 Y10
;WIDTH:0.104003
G1 X145.695 Y127.259 E.00094
G1 E-4.5 F2700
;WIPE_START
G1 F2400
G1 X145.864 Y127.344 E-.475
;WIPE_END
G1 E-.025 F2700
M205 X8 Y8
G1 X139.73 Y125.426 Z3.4 F7200
G1 Z3
G1 E5 F2400
M205 X10 Y10
;WIDTH:0.219531
G1 X139.585 Y125.318 E.0026
;WIDTH:0.176208
G1 X139.44 Y125.211 E.00196
;WIDTH:0.132611
G1 X139.294 Y125.102 E.00133
;WIDTH:0.110629
G1 X139.199 Y125.027 E.00067
G1 E-4.5 F2700
;WIPE_START
G1 F2400
G1 X139.294 Y125.102 E-.475
;WIPE_END
G1 E-.025 F2700
M205 X8 Y8
G1 X137.944 Y124.255 Z3.4 F7200
G1 Z3
G1 E5 F2400
M205 X10 Y10
;WIDTH:0.131545
G1 X137.78 Y124.116 E.00155
;WIDTH:0.117087
G1 X137.616 Y123.977 E.0013
G1 E-4.5 F2700
;WIPE_START
G1 F2400
G1 X137.78 Y124.116 E-.475
;WIPE_END
G1 E-.025 F2700
M205 X8 Y8
G1 X134.026 Y120.386 Z3.4 F7200
G1 Z3
G1 E5 F2400
M205 X10 Y10
;WIDTH:0.112529
G1 X133.83 Y120.155 E.00172
;WIDTH:0.161251
G1 X133.634 Y119.924 E.00292
;WIDTH:0.21047
G1 X133.434 Y119.688 E.00422
;WIDTH:0.240091
G1 X133.306 Y119.526 E.00332
G1 E-4.5 F2700
;WIPE_START
G1 F2400
G1 X133.434 Y119.688 E-.475
;WIPE_END
G1 E-.025 F2700
M205 X8 Y8
G1 X132.357 Y117.654 Z3.4 F7200
G1 Z3
G1 E5 F2400
M205 X10 Y10
;WIDTH:0.0982185
G1 X132.312 Y117.589 E.00035
;WIDTH:0.127823
G1 X132.233 Y117.474 E.00097
;WIDTH:0.166934
G1 X132.153 Y117.359 E.00141
;WIDTH:0.186489
G1 X132.074 Y117.245 E.00163
G1 E-4.5 F2700
;WIPE_START
G1 F2400
G1 X132.153 Y117.359 E-.475
;WIPE_END
G1 E-.025 F2700
M205 X8 Y8
G1 X131.589 Y115.825 Z3.4 F7200
G1 Z3
G1 E5 F2400
M205 X10 Y10
;WIDTH:0.188279
G1 X131.404 Y115.524 E.00419
G1 E-4.5 F2700
;WIPE_START
G1 F2400
G1 X131.589 Y115.825 E-.475
;WIPE_END
G1 E-.025 F2700
M205 X8 Y8
G1 X126.79 Y109.89 Z3.4 F7200
G1 X125.36 Y108.122 Z3.4
G1 Z3
G1 E5 F2400
M205 X10 Y10
;WIDTH:0.106193
G1 X125.276 Y107.952 E.00098
G1 E-4.5 F2700
;WIPE_START
G1 F2400
G1 X125.36 Y108.122 E-.475
;WIPE_END
G1 E-.025 F2700
M205 X8 Y8
G1 X124.212 Y103.817 Z3.4 F7200
G1 Z3
G1 E5 F2400
M205 X10 Y10
;WIDTH:0.202696
G1 X124.118 Y103.68 E.00216
;WIDTH:0.156886
G1 X124.023 Y103.544 E.00154
;WIDTH:0.133981
G1 X123.929 Y103.407 E.00123
G1 E-4.5 F2700
;WIPE_START
G1 F2400
G1 X124.023 Y103.544 E-.475
;WIPE_END
G1 E-.025 F2700
M205 X8 Y8
G1 X123.032 Y101.586 Z3.4 F7200
G1 Z3
G1 E5 F2400
M205 X10 Y10
;WIDTH:0.245826
G1 X122.897 Y101.417 E.00359
;WIDTH:0.208975
G1 X122.703 Y101.187 E.00407
;WIDTH:0.160652
G1 X122.509 Y100.958 E.00288
;WIDTH:0.136491
G1 X122.314 Y100.728 E.00229
G1 E-4.5 F2700
;WIPE_START
G1 F2400
G1 X122.509 Y100.958 E-.475
;WIPE_END
G1 E-.025 F2700
M205 X8 Y8
G1 X119.267 Y97.681 Z3.4 F7200
G1 Z3
G1 E5 F2400
M205 X10 Y10
;WIDTH:0.102617
G1 X119.104 Y97.543 E.00104
;WIDTH:0.117063
G1 X118.941 Y97.404 E.00129
G1 E-4.5 F2700
;WIPE_START
G1 F2400
G1 X119.104 Y97.543 E-.475
;WIPE_END
G1 E-.025 F2700
M205 X8 Y8
G1 X117.694 Y96.639 Z3.4 F7200
G1 Z3
G1 E5 F2400
M205 X10 Y10
;WIDTH:0.107295
G1 X117.565 Y96.544 E.00084
;WIDTH:0.145545
G1 X117.436 Y96.448 E.00134
;WIDTH:0.183795
G1 X117.307 Y96.353 E.00184
;WIDTH:0.20292
G1 X117.178 Y96.257 E.00209
G1 E-4.5 F2700
;WIPE_START
G1 F2400
G1 X117.307 Y96.353 E-.475
;WIPE_END
G1 E-.025 F2700
M205 X8 Y8
G1 X114.052 Y95.128 Z3.4 F7200
G1 Z3
G1 E5 F2400
M205 X10 Y10
;WIDTH:0.115459
G1 X113.815 Y94.991 E.00162
G1 E-4.5 F2700
;WIPE_START
G1 F2400
G1 X114.052 Y95.128 E-.475
;WIPE_END
G1 E-.025 F2700
M205 X8 Y8
G1 X108.309 Y100.155 Z3.4 F7200
G1 X94.724 Y112.047 Z3.4
G1 Z3
G1 E5 F2400
M205 X10 Y10
;WIDTH:0.100864
G1 X94.64 Y111.878 E.00089
G1 E-4.5 F2700
;WIPE_START
G1 F2400
G1 X94.724 Y112.047 E-.475
;WIPE_END
G1 E-.025 F2700
M205 X8 Y8
G1 X96.071 Y116.593 Z3.4 F7200
G1 Z3
G1 E5 F2400
M205 X10 Y10
;WIDTH:0.0994856
G1 X96.022 Y116.522 E.0004
;WIDTH:0.129934
G1 X95.944 Y116.409 E.00097
;WIDTH:0.1682
G1 X95.866 Y116.296 E.0014
;WIDTH:0.187333
G1 X95.788 Y116.183 E.00162
G1 E-4.5 F2700
;WIPE_START
G1 F2400
G1 X95.866 Y116.296 E-.475
;WIPE_END
G1 E-.025 F2700
M205 X8 Y8
G1 X97.686 Y119.272 Z3.4 F7200
G1 Z3
G1 E5 F2400
M205 X10 Y10
;WIDTH:0.112812
G1 X97.489 Y119.039 E.00174
;WIDTH:0.162096
G1 X97.291 Y118.806 E.00297
;WIDTH:0.21138
G1 X97.094 Y118.573 E.00419
;WIDTH:0.237209
G1 X96.967 Y118.413 E.00324
G1 E-4.5 F2700
;WIPE_START
G1 F2400
G1 X97.094 Y118.573 E-.475
;WIPE_END
G1 E-.025 F2700
M205 X8 Y8
G1 X101.059 Y122.596 Z3.4 F7200
G1 Z3
G1 E5 F2400
M205 X10 Y10
;WIDTH:0.131509
G1 X100.896 Y122.457 E.00154
;WIDTH:0.117063
G1 X100.733 Y122.319 E.00129
G1 E-4.5 F2700
;WIPE_START
G1 F2400
G1 X100.896 Y122.457 E-.475
;WIPE_END
G1 E-.025 F2700
M205 X8 Y8
G1 X102.823 Y123.744 Z3.4 F7200
G1 Z3
G1 E5 F2400
M205 X10 Y10
;WIDTH:0.222219
G1 X102.694 Y123.648 E.00235
;WIDTH:0.183919
G1 X102.565 Y123.552 E.00185
;WIDTH:0.145619
G1 X102.435 Y123.456 E.00135
;WIDTH:0.126469
G1 X102.306 Y123.361 E.0011
G1 E-4.5 F2700
;WIPE_START
G1 F2400
G1 X102.435 Y123.456 E-.475
;WIPE_END
G1 E-.025 F2700
M205 X8 Y8
G1 X106.185 Y125.009 Z3.4 F7200
G1 Z3
G1 E5 F2400
M205 X10 Y10
;WIDTH:0.116755
G1 X105.948 Y124.872 E.00164
G1 E-4.5 F2700
;WIPE_START
G1 F2400
G1 X106.185 Y125.009 E-.475
;WIPE_END
G1 E-.025 F2700
M205 X8 Y8
G1 X100.619 Y119.785 Z3.4 F7200
G1 X84.322 Y104.489 Z3.4
G1 Z3
G1 E5 F2400
M205 X10 Y10
;WIDTH:0.202694
G1 X84.228 Y104.353 E.00216
;WIDTH:0.156885
G1 X84.134 Y104.216 E.00154
;WIDTH:0.13398
G1 X84.039 Y104.08 E.00123
G1 E-4.5 F2700
;WIPE_START
G1 F2400
G1 X84.134 Y104.216 E-.475
;WIPE_END
G1 E-.025 F2700
M205 X8 Y8
G1 X83.545 Y103.103 Z3.4 F7200
G1 Z3
G1 E5 F2400
M205 X10 Y10
;WIDTH:0.128057
G1 X83.451 Y102.984 E.00106
;WIDTH:0.114761
G1 X83.356 Y102.865 E.00089
G1 E-4.5 F2700
;WIPE_START
G1 F2400
G1 X83.451 Y102.984 E-.475
;WIPE_END
G1 E-.025 F2700
M205 X8 Y8
G1 X79.135 Y98.644 Z3.4 F7200
G1 Z3
G1 E5 F2400
M205 X10 Y10
;WIDTH:0.107073
G1 X79 Y98.537 E.0009
;WIDTH:0.144879
G1 X78.865 Y98.43 E.00143
;WIDTH:0.183258
G1 X78.726 Y98.32 E.00203
;WIDTH:0.202943
G1 X78.541 Y98.183 E.003
G1 E-4.5 F2700
;WIPE_START
G1 F2400
G1 X78.726 Y98.32 E-.475
;WIPE_END
G1 E-.025 F2700
M205 X8 Y8
G1 X73.077 Y103.453 Z3.4 F7200
G1 X59.785 Y115.532 Z3.4
G1 Z3
G1 E5 F2400
M205 X10 Y10
;WIDTH:0.109321
G1 X59.697 Y115.405 E.00084
;WIDTH:0.151621
G1 X59.609 Y115.278 E.00137
;WIDTH:0.172771
G1 X59.521 Y115.151 E.00163
G1 E-4.5 F2700
;WIPE_START
G1 F2400
G1 X59.609 Y115.278 E-.475
;WIPE_END
G1 E-.025 F2700
M205 X8 Y8
G1 X60.324 Y116.604 Z3.4 F7200
G1 Z3
G1 E5 F2400
M205 X10 Y10
;WIDTH:0.0906794
G1 X60.184 Y116.415 E.00092
G1 E-4.5 F2700
;WIPE_START
G1 F2400
G1 X60.324 Y116.604 E-.475
;WIPE_END
G1 E-.025 F2700
M205 X8 Y8
G1 X65.785 Y121.936 Z3.4 F7200
G1 X65.906 Y122.054 Z3.4
G1 Z3
G1 E5 F2400
M205 X10 Y10
;WIDTH:0.22005
G1 X65.779 Y121.96 E.00228
;WIDTH:0.182371
G1 X65.652 Y121.866 E.0018
;WIDTH:0.144691
G1 X65.525 Y121.772 E.00131
;WIDTH:0.125851
G1 X65.398 Y121.677 E.00107
G1 E-4.5 F2700
;WIPE_START
G1 F2400
G1 X65.525 Y121.772 E-.475
;WIPE_END
G1 E-.025 F2700
M205 X8 Y8
G1 X70.38 Y123.377 Z3.4 F7200
G1 Z3
G1 E5 F2400
M205 X10 Y10
;WIDTH:0.108382
G1 X70.21 Y123.292 E.00101
; stop printing object V7_00_pH_fit_gauge_26_30_34.stl id:0 copy 0
;TIME_ELAPSED:2615.878174

G1 E-4.5 F2700
;WIPE_START
G1 F2400
G1 X70.38 Y123.377 E-.475
;WIPE_END
G1 E-.025 F2700
M106 S0
;TYPE:Custom
;filament end gcode
G91 ;Relative positionning
G1 E-2 F2700 ;Retract a bit 
G1 E-2 Z1 F2400 ;Retract and raise Z 
G1 X5 Y5 F3000 ;Wipe out 
G1 Z10 ;Raise Z more 
G90 ;Absolute positionning  
G1 X0 Y0 ;Present print 
M106 S0 ;Turn-off fan 
M104 S0 ;Turn-off hotend 
M140 S0 ;Turn-off bed  
M84 X Y E ;Disable all steppers but Z 
M73 P100 R0
;TIME_ELAPSED:2615.878200

; EXECUTABLE_BLOCK_END

; filament used [mm] = 2834.33
; filament used [cm3] = 6.82
; filament used [g] = 8.45
; filament cost = 0.17
; total filament cost = 0.17
; total layers count = 15
; estimated printing time (normal mode) = 43m 40s

; CONFIG_BLOCK_START
; accel_to_decel_enable = 1
; accel_to_decel_factor = 50%
; acceleration_limit_mess = [[0.5,1.0,100,6000,210],[1.0,1.5,80,5500,200],[1.5,2.0,60,5000,190]]
; acceleration_limit_mess_enable = 0
; activate_air_filtration = 0
; activate_chamber_layer = 1
; activate_chamber_temp_control = 0
; adaptive_bed_mesh_margin = 0
; additional_cooling_fan_speed = 80
; ai_infill = 0
; align_infill_direction_to_model = 0
; alternate_extra_wall = 0
; arc_tolerance = 12
; automatic_extrusion_widths = 0
; auxiliary_fan = 0
; bbl_calib_mark_logo = 1
; bbl_use_printhost = 0
; bed_custom_model = 
; bed_custom_texture = 
; bed_exclude_area = 0x0
; bed_mesh_max = 99999,99999
; bed_mesh_min = -99999,-99999
; bed_mesh_probe_distance = 50,50
; bed_temperature_mode = use_first_material
; before_layer_change_gcode = ;BEFORE_LAYER_CHANGE\n;[layer_z]\nG92 E0\n
; belt_Z_offset = 0
; best_object_pos = 0.5,0.5
; bottom_shell_layers = 4
; bottom_shell_thickness = 0
; bottom_solid_infill_flow_ratio = 1
; bottom_surface_pattern = monotonic
; bridge_acceleration = 50%
; bridge_angle = 0
; bridge_density = 100%
; bridge_flow = 0.95
; bridge_no_support = 0
; bridge_speed = 50
; brim_ears_detection_length = 1
; brim_ears_max_angle = 125
; brim_object_gap = 0.2
; brim_type = auto_brim
; brim_width = 5
; chamber_temperature = 0
; change_extrusion_role_gcode = 
; change_filament_gcode = 
; close_fan_the_first_x_layers = 1
; color_bed_exclude_area = 
; complete_print_exhaust_fan_speed = 80
; cool_cds_fan_start_at_height = 0.5
; cool_plate_temp = 60
; cool_plate_temp_initial_layer = 60
; cool_special_cds_fan_speed = 100
; cooling_perimeter_transition_distance = 0
; cooling_slowdown_logic = uniform_cooling
; cooling_tube_length = 5
; cooling_tube_retraction = 91.5
; counterbore_hole_bridging = none
; creality_flush_time = 86
; curr_bed_type = Cool Plate
; customized_plate_temp = 60
; customized_plate_temp_initial_layer = 60
; default_acceleration = 500
; default_filament_colour = #F2754E
; default_filament_profile = "CR-PLA @Creality Ender-3 V2 0.4 nozzle"
; default_filament_type = PLA
; default_flush_multiplier = 1.3
; default_jerk = 10
; default_print_profile = 0.20mm Standard @Creality Ender-3 V2 0.4 nozzle
; deretraction_speed = 40
; detect_narrow_internal_solid_infill = 1
; detect_overhang_wall = 1
; detect_thin_wall = 1
; disable_m73 = 0
; dithering_local_z_mode = 0
; dithering_step_painted_zones_only = 0
; dithering_z_step_size = 0
; dont_filter_internal_bridges = disabled
; dont_slow_down_outer_wall = 0
; draft_shield = disabled
; during_print_exhaust_fan_speed = 60
; elefant_foot_compensation = 0.15
; elefant_foot_compensation_layers = 1
; embedding_wall_into_infill = 0
; emit_machine_limits_to_gcode = 1
; enable_arc_fitting = 0
; enable_filament_ramming = 0
; enable_long_retraction_when_cut = 0
; enable_overhang_bridge_fan = 1
; enable_overhang_speed = 1
; enable_pressure_advance = 0
; enable_prime_tower = 0
; enable_special_area_additional_cooling_fan = 0
; enable_support = 1
; enforce_support_layers = 0
; eng_plate_temp = 60
; eng_plate_temp_initial_layer = 60
; ensure_vertical_shell_thickness = ensure_all
; epoxy_resin_plate_temp = 0
; epoxy_resin_plate_temp_initial_layer = 0
; exclude_object = 0
; external_infill_margin = 0
; extra_loading_move = -2
; extra_perimeters_on_overhangs = 0
; extruder_clearance_height_to_lid = 250
; extruder_clearance_height_to_rod = 35
; extruder_clearance_radius = 60
; extruder_colour = #FCE94F
; extruder_offset = 0x0
; fan_cooling_layer_time = 100
; fan_kickstart = 0
; fan_max_speed = 100
; fan_min_speed = 100
; fan_speedup_overhangs = 1
; fan_speedup_time = 0
; filament_adhesiveness_category = 100
; filament_can_change = 1
; filament_colour = #F2754E
; filament_cooling_final_speed = 3.4
; filament_cooling_initial_speed = 2.2
; filament_cooling_moves = 4
; filament_cost = 20
; filament_density = 1.24
; filament_diameter = 1.75
; filament_end_gcode = ";filament end gcode"
; filament_flow_ratio = 0.98
; filament_ids = 04001
; filament_is_support = 0
; filament_load_time = 0
; filament_loading_speed = 28
; filament_loading_speed_start = 3
; filament_max_volumetric_speed = 10
; filament_minimal_purge_on_wipe_tower = 15
; filament_multitool_ramming = 0
; filament_multitool_ramming_flow = 10
; filament_multitool_ramming_volume = 10
; filament_notes = ""
; filament_ramming_parameters = "120 100 6.6 6.8 7.2 7.6 7.9 8.2 8.7 9.4 9.9 10.0| 0.05 6.6 0.45 6.8 0.95 7.8 1.45 8.3 1.95 9.7 2.45 10 2.95 7.6 3.45 7.6 3.95 7.6 4.45 7.6 4.95 7.6"
; filament_retraction_length = 5
; filament_retraction_minimum_travel = 1
; filament_retraction_speed = 45
; filament_settings_id = "CR-PLA @Creality Ender-3 V2 0.4 nozzle"
; filament_shrink = 100%
; filament_shrinkage_compensation_z = 100%
; filament_soluble = 0
; filament_stamping_distance = 0
; filament_stamping_loading_speed = 0
; filament_start_gcode = ";filament start gcode\n"
; filament_toolchange_delay = 0
; filament_type = PLA
; filament_unload_time = 0
; filament_unloading_speed = 90
; filament_unloading_speed_start = 100
; filament_vendor = Creality
; filename_format = {input_filename_base}_{filament_type[initial_tool]}_{print_time}.gcode
; fill_multiline = 1
; filter_out_gap_fill = 0
; first_layer_print_sequence = 0
; flush_box_first_clean_length = 90
; flush_box_need_clean_length = 70
; flush_box_need_clean_length_max = 100
; flush_into_infill = 0
; flush_into_objects = 0
; flush_into_skeleton = 0
; flush_into_support = 1
; flush_multiplier = 1
; flush_volumes_changed = 0
; flush_volumes_matrix = 0,280,280,280,280,0,280,280,280,280,0,280,280,280,280,0
; flush_volumes_vector = 140,140,140,140,140,140,140,140
; full_fan_speed_layer = 0
; fuzzy_skin = none
; fuzzy_skin_first_layer = 0
; fuzzy_skin_mode = displacement
; fuzzy_skin_noise_type = classic
; fuzzy_skin_octaves = 4
; fuzzy_skin_persistence = 0.5
; fuzzy_skin_point_distance = 0.8
; fuzzy_skin_scale = 1
; fuzzy_skin_thickness = 0.3
; gap_fill_target = everywhere
; gap_infill_speed = 40
; gcode_add_line_number = 0
; gcode_comments = 0
; gcode_flavor = marlin
; gcode_label_objects = 1
; has_scarf_joint_seam = 0
; head_wrap_detect_zone = 
; high_current_on_filament_swap = 0
; hole_to_polyhole = 0
; hole_to_polyhole_threshold = 0.01
; hole_to_polyhole_twisted = 1
; host_type = octoprint
; hot_plate_temp = 60
; hot_plate_temp_initial_layer = 60
; idle_temperature = 0
; ignore_inner_color = 0
; independent_support_layer_height = 1
; infill_anchor = 400%
; infill_anchor_max = 20
; infill_combination = 0
; infill_combination_max_layer_height = 100%
; infill_direction = 45
; infill_jerk = 10
; infill_lock_depth = 1
; infill_overhang_angle = 45
; infill_rotate_step = 0
; infill_shift_step = 0.4
; infill_wall_overlap = 30%
; inherits_group = ;;
; initial_layer_acceleration = 500
; initial_layer_infill_speed = 20
; initial_layer_jerk = 8
; initial_layer_line_width = 0.5
; initial_layer_min_bead_width = 85%
; initial_layer_print_height = 0.2
; initial_layer_speed = 15
; initial_layer_travel_acceleration = 0
; initial_layer_travel_speed = 50%
; inner_wall_acceleration = 500
; inner_wall_jerk = 10
; inner_wall_line_width = 0.45
; inner_wall_speed = 45
; interface_shells = 0
; interlocking_beam = 0
; interlocking_beam_layer_count = 2
; interlocking_beam_width = 0.8
; interlocking_boundary_avoidance = 2
; interlocking_depth = 2
; interlocking_orientation = 22.5
; internal_bridge_flow = 1
; internal_bridge_speed = 150%
; internal_solid_infill_acceleration = 100%
; internal_solid_infill_line_width = 0.45
; internal_solid_infill_pattern = monotonic
; internal_solid_infill_speed = 60
; ironing_angle = -1
; ironing_flow = 15%
; ironing_pattern = zig-zag
; ironing_spacing = 0.1
; ironing_speed = 20
; ironing_support_layer = 0
; ironing_type = no ironing
; is_infill_first = 0
; lateral_lattice_angle_1 = -45
; lateral_lattice_angle_2 = 45
; layer_change_gcode = 
; layer_height = 0.2
; line_width = 0.45
; locked_skeleton_infill_pattern = zig-zag2
; locked_skin_infill_pattern = cross-zag
; long_retractions_when_cut = 0
; machine_LED_light_exist = 0
; machine_end_gcode = G91 ;Relative positionning\nG1 E-2 F2700 ;Retract a bit \nG1 E-2 Z1 F2400 ;Retract and raise Z \nG1 X5 Y5 F3000 ;Wipe out \nG1 Z10 ;Raise Z more \nG90 ;Absolute positionning  \nG1 X0 Y0 ;Present print \nM106 S0 ;Turn-off fan \nM104 S0 ;Turn-off hotend \nM140 S0 ;Turn-off bed  \nM84 X Y E ;Disable all steppers but Z 
; machine_is_belt = 0
; machine_load_filament_time = 0
; machine_max_acceleration_e = 5000,5000
; machine_max_acceleration_extruding = 500,500
; machine_max_acceleration_retracting = 500,1000
; machine_max_acceleration_travel = 500,500
; machine_max_acceleration_x = 500,500
; machine_max_acceleration_y = 500,500
; machine_max_acceleration_z = 500,500
; machine_max_jerk_e = 5,5
; machine_max_jerk_x = 10,8
; machine_max_jerk_y = 10,8
; machine_max_jerk_z = 0.4,0.4
; machine_max_speed_e = 50,60
; machine_max_speed_x = 500,500
; machine_max_speed_y = 500,500
; machine_max_speed_z = 10,10
; machine_min_extruding_rate = 0,0
; machine_min_travel_rate = 0,0
; machine_pause_gcode = M25 ;pause print
; machine_platform_motion_enable = 0
; machine_ptc_exist = 0
; machine_start_gcode = M220 S100 ;Reset Feedrate\nM221 S100 ;Reset Flowrate\n\nM140 S[bed_temperature_initial_layer_single] ;Set final bed temp  \nG28 ;Home\nG92 E0 ;Reset Extruder\nG1 Z2.0 F3000 ;Move Z Axis up\nM104 S[nozzle_temperature_initial_layer] ;Set final nozzle temp  \nG1 X10.1 Y20 Z0.28 F5000.0 ;Move to start position\nM190 S[bed_temperature_initial_layer_single] ;Wait for bed temp to stabilize  \nM109 S[nozzle_temperature_initial_layer] ;Wait for nozzle temp to stabilize  \nG1 X10.1 Y145.0 Z0.28 F1500.0 E15 ;Draw the first line\nG1 X10.4 Y145.0 Z0.28 F5000.0 ;Move to side a little\nG1 X10.4 Y20 Z0.28 F1500.0 E30 ;Draw the second line\nG92 E0  ;Reset Extruder\nG1 E-1.0000 F1800 ;Retract a bit\nG1 Z2.0 F3000 ;Move Z Axis up\nG1 E0.0000 F1800
; machine_tool_change_time = 0
; machine_unload_filament_time = 0
; make_overhang_printable = 0
; make_overhang_printable_angle = 55
; make_overhang_printable_hole_size = 0
; manual_filament_change = 0
; material_flow_dependent_temperature = 0
; material_flow_temp_graph = [[3.0,210],[10.0,220],[12.0,230]]
; max_bridge_length = 10
; max_layer_height = 0.2
; max_travel_detour_distance = 0
; max_volumetric_extrusion_rate_slope = 0
; max_volumetric_extrusion_rate_slope_segment_length = 3
; min_bead_width = 85%
; min_feature_size = 25%
; min_layer_height = 0.08
; min_length_factor = 0.5
; min_skirt_length = 0
; min_width_top_surface = 300%
; minimum_sparse_infill_area = 10
; minimum_support_area = 5
; mixed_color_layer_height_a = 0
; mixed_color_layer_height_b = 0
; mixed_filament_advanced_dithering = 0
; mixed_filament_definitions = 
; mixed_filament_gradient_mode = 0
; mixed_filament_height_lower_bound = 0.04
; mixed_filament_height_upper_bound = 0.16
; mixed_filament_pointillism_line_gap = 0
; mixed_filament_pointillism_pixel_size = 0
; mixed_filament_surface_indentation = 0
; mmu_segmented_region_interlocking_depth = 0
; mmu_segmented_region_max_width = 0
; msao_recovery_enable = 0
; msao_safe_accel = 200
; msao_safe_velocity = 50
; multicolor_method = 0
; notes = 
; nozzle_diameter = 0.4
; nozzle_height = 2.5
; nozzle_hrc = 0
; nozzle_temperature = 205
; nozzle_temperature_initial_layer = 205
; nozzle_temperature_range_high = 240
; nozzle_temperature_range_low = 190
; nozzle_type = brass
; nozzle_volume = 0
; only_one_wall_first_layer = 0
; only_one_wall_top = 1
; ooze_prevention = 0
; other_layers_print_sequence = 0
; other_layers_print_sequence_nums = 0
; outer_wall_acceleration = 500
; outer_wall_jerk = 10
; outer_wall_line_width = 0.42
; outer_wall_speed = 40
; overhang_1_4_speed = 0
; overhang_2_4_speed = 30
; overhang_3_4_speed = 20
; overhang_4_4_speed = 10
; overhang_fan_speed = 100
; overhang_fan_threshold = 50%
; overhang_optimization = 0
; overhang_reverse = 0
; overhang_reverse_internal_only = 0
; overhang_reverse_threshold = 50%
; overhang_speed_classic = 0
; overhang_totally_speed = 10
; parking_pos_retraction = 92
; pellet_modded_printer = 0
; post_process = 
; precise_outer_wall = 0
; precise_z_height = 0
; preferred_orientation = 0
; preheat_steps = 1
; preheat_time = 30
; pressure_advance = 0.04
; prime_tower_brim_width = 3
; prime_tower_enable_framework = 0
; prime_tower_enhance_type = chamfer
; prime_tower_position_type = Middle Upper
; prime_tower_rib_wall = 1
; prime_tower_skip_points = 1
; prime_tower_width = 60
; prime_volume = 45
; print_compatible_printers = "Creality Ender-3 V2 0.4 nozzle"
; print_flow_ratio = 1
; print_order = default
; print_sequence = by layer
; print_settings_id = 0.20mm SmartSoil Low Material @Creality Ender-3 V2 0.4 nozzle
; printable_area = 0x0,220x0,220x220,0x220
; printable_height = 250
; printer_model = Creality Ender-3 V2
; printer_notes = 
; printer_settings_id = Creality Ender-3 V2 0.4 nozzle
; printer_structure = i3
; printer_technology = FFF
; printer_variant = 0.4
; printhost_authorization_type = key
; printhost_ssl_ignore_revoke = 0
; printing_by_object_gcode = 
; purge_in_prime_tower = 0
; raft_contact_distance = 0.1
; raft_expansion = 1.5
; raft_first_layer_density = 90%
; raft_first_layer_expansion = 2
; raft_layers = 0
; reduce_crossing_wall = 0
; reduce_fan_stop_start_freq = 1
; reduce_infill_retraction = 1
; required_nozzle_HRC = 0
; resolution = 0.012
; retract_before_wipe = 90%
; retract_length_toolchange = 0
; retract_lift_above = 0
; retract_lift_below = 0
; retract_lift_enforce = All Surfaces
; retract_restart_extra = 0
; retract_restart_extra_toolchange = 0
; retract_when_changing_layer = 1
; retraction_distances_when_cut = 18
; retraction_length = 5
; retraction_minimum_travel = 2
; retraction_speed = 50
; role_based_wipe_speed = 1
; rotate_solid_infill_direction = 1
; scan_first_layer = 0
; scarf_angle_threshold = 155
; scarf_joint_flow_ratio = 1
; scarf_joint_speed = 100%
; scarf_overhang_threshold = 40%
; seam_gap = 10%
; seam_position = aligned
; seam_slope_conditional = 0
; seam_slope_entire_loop = 0
; seam_slope_inner_walls = 0
; seam_slope_min_length = 20
; seam_slope_start_height = 0
; seam_slope_steps = 10
; seam_slope_type = none
; silent_mode = 0
; single_extruder_multi_material = 1
; single_extruder_multi_material_priming = 0
; skeleton_infill_density = 25%
; skeleton_infill_line_width = 100%
; skin_infill_density = 25%
; skin_infill_depth = 2
; skin_infill_line_width = 100%
; skirt_distance = 5
; skirt_height = 2
; skirt_loops = 2
; skirt_speed = 50
; skirt_type = combined
; slice_closing_radius = 0.049
; slicing_mode = regular
; slow_down_for_layer_cooling = 1
; slow_down_layer_time = 8
; slow_down_layers = 0
; slow_down_min_speed = 10
; slowdown_for_curled_perimeters = 0
; small_area_infill_flow_compensation = 0
; small_area_infill_flow_compensation_model = 0,0;"\n0.2,0.4444";"\n0.4,0.6145";"\n0.6,0.7059";"\n0.8,0.7619";"\n1.5,0.8571";"\n2,0.8889";"\n3,0.9231";"\n5,0.9520";"\n10,1"
; small_perimeter_speed = 40%
; small_perimeter_threshold = 0
; smart_cooling_zones = 0
; smooth_coefficient = 80
; smooth_speed_discontinuity_area = 0
; solid_infill_direction = 45
; solid_infill_filament = 0
; sparse_infill_acceleration = 100%
; sparse_infill_density = 10%
; sparse_infill_filament = 0
; sparse_infill_line_width = 0.45
; sparse_infill_pattern = gyroid
; sparse_infill_speed = 50
; speed_limit_to_height = [[100,150,100,6000,210],[150,200,80,5500,200],[200,250,60,5000,190]]
; speed_limit_to_height_enable = 0
; spiral_mode = 0
; spiral_mode_max_xy_smoothing = 200%
; spiral_mode_smooth = 0
; staggered_inner_seams = 0
; standby_temperature_delta = -5
; start_end_points = 30x-3,54x245
; support_air_filtration = 0
; support_angle = 0
; support_base_pattern = rectilinear
; support_base_pattern_spacing = 2.5
; support_base_pattern_tree = default
; support_bottom_interface_spacing = 0.5
; support_bottom_z_distance = 0.2
; support_chamber_temp_control = 0
; support_critical_regions_only = 0
; support_expansion = 0
; support_filament = 0
; support_interface_bottom_layers = 2
; support_interface_filament = 0
; support_interface_loop_pattern = 0
; support_interface_min_area = 0.25
; support_interface_not_for_body = 1
; support_interface_pattern = auto
; support_interface_spacing = 0.5
; support_interface_speed = 50
; support_interface_top_layers = 2
; support_ironing = 0
; support_ironing_flow = 10%
; support_ironing_pattern = zig-zag
; support_ironing_spacing = 0.2
; support_line_width = 0.42
; support_material_interface_fan_speed = -1
; support_multi_bed_types = 1
; support_object_first_layer_gap = 0.2
; support_object_xy_distance = 0.35
; support_on_build_plate_only = 1
; support_remove_small_overhang = 1
; support_speed = 50
; support_style = default
; support_threshold_angle = 30
; support_top_z_distance = 0.2
; support_type = normal(auto)
; support_xy_overrides_z = xy_overrides_z
; symmetric_infill_y_axis = 0
; temperature_vitrification = 60
; template_custom_gcode = 
; textured_plate_temp = 60
; textured_plate_temp_initial_layer = 60
; thick_bridges = 0
; thick_internal_bridges = 1
; thumbnails = 48x48/PNG, 300x300/PNG
; thumbnails_format = PNG
; time_cost = 0
; time_lapse_gcode = 
; timelapse_type = 0
; top_bottom_infill_wall_overlap = 25%
; top_shell_layers = 4
; top_shell_thickness = 0.8
; top_solid_infill_flow_ratio = 1
; top_surface_acceleration = 500
; top_surface_jerk = 10
; top_surface_line_width = 0.42
; top_surface_pattern = monotonic
; top_surface_speed = 40
; tpms_end_infill_density = 15%
; tpms_gradual_direction = gradualdir_x
; tpms_start_infill_density = 8%
; transmittance_matrix = 0.8,0.8,0.8,0.8,0.8,0.8,0.8,0.8,0.8,0.8,0.8,0.8,0.8,0.8,0.8,0.8
; travel_acceleration = 500
; travel_jerk = 8
; travel_short_distance_acceleration = 0
; travel_short_distance_threshold = 1.5
; travel_slope = 3
; travel_speed = 120
; travel_speed_z = 0
; tree_hybrid_cross_height = 0
; tree_support_adaptive_layer_height = 1
; tree_support_angle_slow = 25
; tree_support_auto_brim = 1
; tree_support_branch_angle = 45
; tree_support_branch_angle_organic = 40
; tree_support_branch_diameter = 2
; tree_support_branch_diameter_angle = 5
; tree_support_branch_diameter_double_wall = 3
; tree_support_branch_diameter_organic = 2
; tree_support_branch_distance = 5
; tree_support_branch_distance_organic = 1
; tree_support_brim_width = 3
; tree_support_organic_validate_repair = 0
; tree_support_tip_diameter = 0.8
; tree_support_top_rate = 30%
; tree_support_wall_count = 0
; tree_support_wall_count_tree = 0
; use_firmware_retraction = 0
; use_relative_e_distances = 1
; wall_direction = auto
; wall_distribution_count = 1
; wall_filament = 0
; wall_generator = arachne
; wall_loops = 3
; wall_sequence = inner wall/outer wall
; wall_transition_angle = 10
; wall_transition_filter_deviation = 25%
; wall_transition_length = 100%
; wipe = 1
; wipe_before_external_loop = 0
; wipe_distance = 2
; wipe_on_loops = 0
; wipe_speed = 80%
; wipe_tower_bridging = 10
; wipe_tower_cone_angle = 0
; wipe_tower_extra_flow = 100%
; wipe_tower_extra_spacing = 100%
; wipe_tower_filament = 0
; wipe_tower_max_purge_speed = 90
; wipe_tower_no_sparse_layers = 0
; wipe_tower_rotation_angle = 0
; wipe_tower_x = 0.000
; wipe_tower_y = 0.000
; wiping_volumes_extruders = 70,70,70,70,70,70,70,70,70,70
; xy_contour_compensation = 0
; xy_hole_compensation = 0
; z_direction_outwall_speed_continuous = 0
; z_hop = 0.4
; z_hop_types = Auto Lift
; z_offset = 0
; first_layer_bed_temperature = 60
; bed_shape = 0x0,220x0,220x220,0x220
; first_layer_temperature = 205
; first_layer_height = 0.200
; all_surface_with_shell = 1
; should_enable_preview_lod = 0
; CONFIG_BLOCK_END


; gcode_lines = 34072
