; HEADER_BLOCK_START
; generated by Creality_Print V7.2.1.5476 on 2026-09-22 at 17:37:17
; total layer number: 15
; filament_density: 1.24
; filament_diameter: 1.75
; max_z_height: 3.00
; creality_uuid: 7b88043b-2e78-43db-9a9f-df7862705c57
; HEADER_BLOCK_END

; MINX = 89.00
; MINY = 101.50
; MINZ = 0.00
; MAXX = 131.00
; MAXY = 118.50
; MAXZ = 3.00

; multicolor_method = 0 
; external perimeters extrusion width = 0.42mm
; perimeters extrusion width = 0.45mm
; infill extrusion width = 0.45mm
; solid infill extrusion width = 0.45mm
; top infill extrusion width = 0.42mm
; support material extrusion width = 0.42mm
; first layer extrusion width = 0.50mm

; EXECUTABLE_BLOCK_START
M73 P0 R9
M201 X500 Y500 Z500 E5000
M203 X500 Y500 Z10 E50
M204 P500 R500 T500
M205 X10.00 Y10.00 Z0.40 E5.00 ; sets the jerk limits, mm/sec
; max_print_temp = 60,205
;TYPE:Custom
M220 S100 ;Reset Feedrate
M221 S100 ;Reset Flowrate

M140 S60 ;Set final bed temp  
G28 ;Home
G92 E0 ;Reset Extruder
G1 Z2.0 F3000 ;Move Z Axis up
M104 S205 ;Set final nozzle temp  
G1 X10.1 Y20 Z0.28 F5000.0 ;Move to start position
M190 S60 ;Wait for bed temp to stabilize  
M109 S205 ;Wait for nozzle temp to stabilize  
G1 X10.1 Y145.0 Z0.28 F1500.0 E15 ;Draw the first line
G1 X10.4 Y145.0 Z0.28 F5000.0 ;Move to side a little
M73 P1 R8
G1 X10.4 Y20 Z0.28 F1500.0 E30 ;Draw the second line
G92 E0  ;Reset Extruder
G1 E-1.0000 F1800 ;Retract a bit
G1 Z2.0 F3000 ;Move Z Axis up
G1 E0.0000 F1800
G90
G21
M83 ; use relative distances for extrusion
;filament start gcode
M73 P2 R8
G1 E-5 F2700
G1 Z.2 F3600
M106 S0
;LAYER_CHANGE
;:0.2
;HEIGHT:0.2
;BEFORE_LAYER_CHANGE
;0.2
G92 E0
;TIME_ELAPSED:50.867886
;_SET_FAN_SPEED_CHANGING_LAYER
M204 S500
M205 X8 Y8
G1 X84.619 Y97.527 Z.6 F3600
G1 Z.2
G1 E5 F2400
;TYPE:Skirt
;WIDTH:0.5
G1 F3000
G1 X86.343 Y96.216 E.08067
G1 X89 Y95.586 E.1017
G1 X131 Y95.586 E1.56434
G1 X133.129 Y95.982 E.08067
G1 X134.973 Y97.119 E.08067
G1 X136.284 Y98.843 E.08067
G1 X136.914 Y101.5 E.1017
G1 X136.914 Y118.5 E.63319
G1 X136.518 Y120.629 E.08067
G1 X135.381 Y122.473 E.08067
G1 X133.657 Y123.784 E.08067
G1 X131 Y124.414 E.1017
G1 X89 Y124.414 E1.56434
G1 X86.871 Y124.018 E.08067
M73 P3 R8
G1 X85.027 Y122.881 E.08067
G1 X83.716 Y121.157 E.08067
G1 X83.086 Y118.5 E.1017
G1 X83.086 Y101.5 E.63319
G1 X83.482 Y99.371 E.08067
G1 X84.598 Y97.561 E.07918
G1 X85 Y97.822 F3600
G1 F3000
G1 X85.071 Y97.713 E.00482
G1 X86.773 Y96.518 E.07747
G1 X89 Y96.043 E.08482
G1 X131 Y96.043 E1.56434
G1 X133.042 Y96.439 E.07747
G1 X134.787 Y97.571 E.07747
G1 X135.982 Y99.273 E.07747
G1 X136.457 Y101.5 E.08482
G1 X136.457 Y118.5 E.63319
G1 X136.061 Y120.542 E.07747
G1 X134.929 Y122.287 E.07747
G1 X133.227 Y123.482 E.07747
G1 X131 Y123.957 E.08482
G1 X89 Y123.957 E1.56434
G1 X86.958 Y123.561 E.07747
G1 X85.213 Y122.429 E.07747
G1 X84.018 Y120.727 E.07747
G1 X83.543 Y118.5 E.08482
G1 X83.543 Y101.5 E.63319
G1 X83.939 Y99.458 E.07747
G1 X84.979 Y97.855 E.07116
; OBJECT_ID: 15
; printing object V7_00_capacitive_fit_gauge_32x7.stl id:0 copy 0
G1 E-4.5 F2700
;WIPE_START
G1 F3000
G1 X85.071 Y97.713 E-.04023
G1 X86.569 Y96.661 E-.43477
;WIPE_END
G1 E-.025 F2700
G1 X93.46 Y99.942 Z.6 F3600
G1 X129.686 Y117.186 Z.6
G1 Z.2
M73 P4 R8
G1 E5 F2400
;TYPE:Inner wall
;WIDTH:0.499999
G1 F900
G1 X90.314 Y117.186 E1.46644
G1 X90.314 Y102.814 E.53529
G1 X129.686 Y102.814 E1.46644
G1 X129.686 Y117.146 E.5338
M73 P5 R8
G1 X130.143 Y117.643 F3600
G1 F900
G1 X89.857 Y117.643 E1.50049
G1 X89.857 Y102.357 E.56934
G1 X130.143 Y102.357 E1.50049
M73 P6 R8
G1 X130.143 Y117.603 E.56785
G1 X130.6 Y118.1 F3600
;TYPE:Outer wall
G1 F900
G1 X89.4 Y118.1 E1.53454
G1 X89.4 Y101.9 E.60339
M73 P7 R8
G1 X130.6 Y101.9 E1.53454
G1 X130.6 Y118.06 E.6019
G1 E-4.5 F2700
;WIPE_START
M73 P8 R8
G1 F900
G1 X128.6 Y118.062 E-.475
;WIPE_END
G1 E-.025 F2700
G1 X127.277 Y113.853 Z.6 F3600
G1 Z.2
G1 E5 F2400
;TYPE:Inner wall
G1 F900
G1 X127.22 Y114.125 E.01036
G1 X126.979 Y114.479 E.01595
G1 X126.625 Y114.72 E.01595
G1 X126.171 Y114.814 E.01726
G1 X93.829 Y114.814 E1.20465
G1 X93.375 Y114.72 E.01726
G1 X93.021 Y114.479 E.01595
G1 X92.78 Y114.125 E.01595
G1 X92.686 Y113.671 E.01726
G1 X92.686 Y106.329 E.2735
G1 X92.78 Y105.875 E.01726
G1 X93.021 Y105.521 E.01595
G1 X93.375 Y105.28 E.01595
G1 X93.829 Y105.186 E.01726
G1 X126.171 Y105.186 E1.20465
G1 X126.625 Y105.28 E.01726
M73 P9 R8
G1 X126.979 Y105.521 E.01595
G1 X127.22 Y105.875 E.01595
G1 X127.314 Y106.329 E.01726
G1 X127.314 Y113.671 E.2735
G1 X127.285 Y113.814 E.00542
G1 X126.838 Y113.762 F3600
G1 F900
G1 X126.801 Y113.944 E.00691
G1 X126.656 Y114.156 E.00957
G1 X126.444 Y114.301 E.00957
G1 X126.171 Y114.357 E.01036
G1 X93.829 Y114.357 E1.20465
G1 X93.556 Y114.301 E.01036
G1 X93.344 Y114.156 E.00957
G1 X93.199 Y113.944 E.00957
G1 X93.143 Y113.671 E.01036
G1 X93.143 Y106.329 E.2735
G1 X93.199 Y106.056 E.01036
G1 X93.344 Y105.844 E.00957
G1 X93.556 Y105.699 E.00957
G1 X93.829 Y105.643 E.01036
G1 X126.171 Y105.643 E1.20465
G1 X126.444 Y105.699 E.01036
M73 P10 R8
G1 X126.656 Y105.844 E.00957
G1 X126.801 Y106.056 E.00957
G1 X126.857 Y106.329 E.01036
G1 X126.857 Y113.671 E.2735
G1 X126.846 Y113.723 E.00196
G1 X126.4 Y113.671 F3600
;TYPE:Outer wall
G1 F900
G1 X126.333 Y113.833 E.00651
G1 X126.171 Y113.9 E.00651
G1 X93.829 Y113.9 E1.20465
G1 X93.667 Y113.833 E.00651
G1 X93.6 Y113.671 E.00651
G1 X93.6 Y106.329 E.2735
G1 X93.667 Y106.167 E.00651
G1 X93.829 Y106.1 E.00651
G1 X126.171 Y106.1 E1.20465
G1 X126.333 Y106.167 E.00651
M73 P11 R8
G1 X126.4 Y106.329 E.00651
G1 X126.4 Y113.631 E.27201
G1 E-4.5 F2700
;WIPE_START
G1 F900
G1 X126.333 Y113.833 E-.05045
G1 X126.171 Y113.9 E-.04154
G1 X124.559 Y113.9 E-.38301
;WIPE_END
G1 E-.025 F2700
G1 X128.62 Y102.951 Z.6 F3600
G1 Z.2
M73 P11 R7
G1 E5 F2400
;TYPE:Bottom surface
;WIDTH:0.502421
G1 F1200
G1 X129.343 Y103.675 E.03831
G1 X129.343 Y104.325 E.02433
G1 X128.175 Y103.157 E.06183
G1 X127.526 Y103.157 E.02433
G1 X129.343 Y104.974 E.09624
G1 X129.343 Y105.624 E.02433
G1 X126.876 Y103.157 E.13065
G1 X126.226 Y103.157 E.02433
G1 X129.343 Y106.274 E.16506
G1 X129.343 Y106.924 E.02433
G1 X125.576 Y103.157 E.19947
G1 X124.926 Y103.157 E.02433
G1 X129.343 Y107.574 E.23388
G1 X129.343 Y108.224 E.02433
G1 X127.657 Y106.537 E.08928
G1 X127.657 Y107.187 E.02433
G1 X129.343 Y108.873 E.08928
G1 X129.343 Y109.523 E.02433
G1 X127.657 Y107.837 E.08928
G1 X127.657 Y108.487 E.02433
G1 X129.343 Y110.173 E.08928
G1 X129.343 Y110.823 E.02433
M73 P12 R7
G1 X127.657 Y109.137 E.08928
G1 X127.657 Y109.787 E.02433
G1 X129.343 Y111.473 E.08928
G1 X129.343 Y112.123 E.02433
G1 X127.657 Y110.436 E.08928
G1 X127.657 Y111.086 E.02433
G1 X129.343 Y112.772 E.08928
G1 X129.343 Y113.422 E.02433
G1 X127.657 Y111.736 E.08928
G1 X127.657 Y112.386 E.02433
G1 X129.343 Y114.072 E.08928
G1 X129.343 Y114.722 E.02433
G1 X127.657 Y113.036 E.08928
G1 X127.656 Y113.685 E.0243
G1 X129.343 Y115.372 E.08932
G1 X129.343 Y116.022 E.02433
G1 X127.547 Y114.225 E.09513
G1 X127.293 Y114.621 E.01761
G1 X129.343 Y116.671 E.10857
G1 X129.343 Y116.843 E.00643
G1 X128.865 Y116.843 E.0179
G1 X126.939 Y114.917 E.102
G1 X126.766 Y115.034 E.00783
G1 X126.489 Y115.117 E.01081
G1 X128.215 Y116.843 E.09139
G1 X127.565 Y116.843 E.02433
G1 X125.879 Y115.157 E.08928
G1 X125.229 Y115.157 E.02433
G1 X126.915 Y116.843 E.08928
G1 X126.266 Y116.843 E.02433
G1 X124.579 Y115.157 E.08928
G1 X123.93 Y115.157 E.02433
G1 X125.616 Y116.843 E.08928
G1 X124.966 Y116.843 E.02433
G1 X123.28 Y115.157 E.08928
G1 X122.63 Y115.157 E.02433
G1 X124.316 Y116.843 E.08928
G1 X123.666 Y116.843 E.02433
G1 X121.98 Y115.157 E.08928
G1 X121.33 Y115.157 E.02433
G1 X123.016 Y116.843 E.08928
G1 X122.367 Y116.843 E.02433
G1 X120.68 Y115.157 E.08928
G1 X120.031 Y115.157 E.02433
G1 X121.717 Y116.843 E.08928
G1 X121.067 Y116.843 E.02433
G1 X119.381 Y115.157 E.08928
G1 X118.731 Y115.157 E.02433
G1 X120.417 Y116.843 E.08928
G1 X119.767 Y116.843 E.02433
G1 X118.081 Y115.157 E.08928
G1 X117.431 Y115.157 E.02433
G1 X119.117 Y116.843 E.08928
G1 X118.468 Y116.843 E.02433
G1 X116.782 Y115.157 E.08928
G1 X116.132 Y115.157 E.02433
G1 X117.818 Y116.843 E.08928
G1 X117.168 Y116.843 E.02433
G1 X115.482 Y115.157 E.08928
G1 X114.832 Y115.157 E.02433
G1 X116.518 Y116.843 E.08928
G1 X115.868 Y116.843 E.02433
G1 X114.182 Y115.157 E.08928
G1 X113.532 Y115.157 E.02433
M73 P13 R7
G1 X115.218 Y116.843 E.08928
G1 X114.569 Y116.843 E.02433
G1 X112.883 Y115.157 E.08928
G1 X112.233 Y115.157 E.02433
G1 X113.919 Y116.843 E.08928
G1 X113.269 Y116.843 E.02433
G1 X111.583 Y115.157 E.08928
G1 X110.933 Y115.157 E.02433
G1 X112.619 Y116.843 E.08928
G1 X111.969 Y116.843 E.02433
G1 X110.283 Y115.157 E.08928
G1 X109.633 Y115.157 E.02433
G1 X111.319 Y116.843 E.08928
G1 X110.67 Y116.843 E.02433
G1 X108.984 Y115.157 E.08928
G1 X108.334 Y115.157 E.02433
G1 X110.02 Y116.843 E.08928
G1 X109.37 Y116.843 E.02433
G1 X107.684 Y115.157 E.08928
G1 X107.034 Y115.157 E.02433
G1 X108.72 Y116.843 E.08928
G1 X108.07 Y116.843 E.02433
G1 X106.384 Y115.157 E.08928
G1 X105.734 Y115.157 E.02433
G1 X107.42 Y116.843 E.08928
G1 X106.771 Y116.843 E.02433
G1 X105.085 Y115.157 E.08928
G1 X104.435 Y115.157 E.02433
G1 X106.121 Y116.843 E.08928
G1 X105.471 Y116.843 E.02433
G1 X103.785 Y115.157 E.08928
G1 X103.135 Y115.157 E.02433
G1 X104.821 Y116.843 E.08928
G1 X104.171 Y116.843 E.02433
G1 X102.485 Y115.157 E.08928
G1 X101.835 Y115.157 E.02433
G1 X103.521 Y116.843 E.08928
G1 X102.872 Y116.843 E.02433
G1 X101.186 Y115.157 E.08928
G1 X100.536 Y115.157 E.02433
G1 X102.222 Y116.843 E.08928
G1 X101.572 Y116.843 E.02433
G1 X99.886 Y115.157 E.08928
G1 X99.236 Y115.157 E.02433
G1 X100.922 Y116.843 E.08928
G1 X100.272 Y116.843 E.02433
G1 X98.586 Y115.157 E.08928
G1 X97.936 Y115.157 E.02433
G1 X99.622 Y116.843 E.08928
G1 X98.973 Y116.843 E.02433
G1 X97.287 Y115.157 E.08928
G1 X96.637 Y115.157 E.02433
G1 X98.323 Y116.843 E.08928
G1 X97.673 Y116.843 E.02433
G1 X95.987 Y115.157 E.08928
G1 X95.337 Y115.157 E.02433
G1 X97.023 Y116.843 E.08928
G1 X96.373 Y116.843 E.02433
G1 X94.687 Y115.157 E.08928
G1 X94.037 Y115.157 E.02433
G1 X95.929 Y117.049 E.10018
G1 E-4.5 F2700
;WIPE_START
M73 P14 R7
G1 F1200
G1 X94.515 Y115.635 E-.475
;WIPE_END
G1 E-.025 F2700
G1 X101.529 Y112.625 Z.6 F3600
G1 X124.071 Y102.951 Z.6
G1 Z.2
G1 E5 F2400
G1 F1200
G1 X125.963 Y104.843 E.10018
G1 X125.313 Y104.843 E.02433
G1 X123.627 Y103.157 E.08928
G1 X122.977 Y103.157 E.02433
G1 X124.663 Y104.843 E.08928
G1 X124.013 Y104.843 E.02433
G1 X122.327 Y103.157 E.08928
G1 X121.677 Y103.157 E.02433
G1 X123.363 Y104.843 E.08928
G1 X122.713 Y104.843 E.02433
G1 X121.027 Y103.157 E.08928
G1 X120.377 Y103.157 E.02433
G1 X122.064 Y104.843 E.08928
G1 X121.414 Y104.843 E.02433
G1 X119.728 Y103.157 E.08928
G1 X119.078 Y103.157 E.02433
G1 X120.764 Y104.843 E.08928
G1 X120.114 Y104.843 E.02433
G1 X118.428 Y103.157 E.08928
G1 X117.778 Y103.157 E.02433
G1 X119.464 Y104.843 E.08928
G1 X118.814 Y104.843 E.02433
G1 X117.128 Y103.157 E.08928
G1 X116.478 Y103.157 E.02433
G1 X118.165 Y104.843 E.08928
G1 X117.515 Y104.843 E.02433
G1 X115.829 Y103.157 E.08928
G1 X115.179 Y103.157 E.02433
G1 X116.865 Y104.843 E.08928
G1 X116.215 Y104.843 E.02433
G1 X114.529 Y103.157 E.08928
G1 X113.879 Y103.157 E.02433
G1 X115.565 Y104.843 E.08928
G1 X114.915 Y104.843 E.02433
G1 X113.229 Y103.157 E.08928
G1 X112.579 Y103.157 E.02433
G1 X114.266 Y104.843 E.08928
G1 X113.616 Y104.843 E.02433
G1 X111.93 Y103.157 E.08928
G1 X111.28 Y103.157 E.02433
G1 X112.966 Y104.843 E.08928
G1 X112.316 Y104.843 E.02433
G1 X110.63 Y103.157 E.08928
G1 X109.98 Y103.157 E.02433
G1 X111.666 Y104.843 E.08928
G1 X111.016 Y104.843 E.02433
G1 X109.33 Y103.157 E.08928
G1 X108.68 Y103.157 E.02433
M73 P15 R7
G1 X110.367 Y104.843 E.08928
G1 X109.717 Y104.843 E.02433
G1 X108.031 Y103.157 E.08928
G1 X107.381 Y103.157 E.02433
G1 X109.067 Y104.843 E.08928
G1 X108.417 Y104.843 E.02433
G1 X106.731 Y103.157 E.08928
G1 X106.081 Y103.157 E.02433
G1 X107.767 Y104.843 E.08928
G1 X107.117 Y104.843 E.02433
G1 X105.431 Y103.157 E.08928
G1 X104.782 Y103.157 E.02433
G1 X106.468 Y104.843 E.08928
G1 X105.818 Y104.843 E.02433
G1 X104.132 Y103.157 E.08928
G1 X103.482 Y103.157 E.02433
G1 X105.168 Y104.843 E.08928
G1 X104.518 Y104.843 E.02433
G1 X102.832 Y103.157 E.08928
G1 X102.182 Y103.157 E.02433
G1 X103.868 Y104.843 E.08928
G1 X103.218 Y104.843 E.02433
G1 X101.532 Y103.157 E.08928
G1 X100.883 Y103.157 E.02433
G1 X102.569 Y104.843 E.08928
G1 X101.919 Y104.843 E.02433
G1 X100.233 Y103.157 E.08928
G1 X99.583 Y103.157 E.02433
G1 X101.269 Y104.843 E.08928
G1 X100.619 Y104.843 E.02433
G1 X98.933 Y103.157 E.08928
G1 X98.283 Y103.157 E.02433
G1 X99.969 Y104.843 E.08928
G1 X99.319 Y104.843 E.02433
G1 X97.633 Y103.157 E.08928
G1 X96.984 Y103.157 E.02433
G1 X98.67 Y104.843 E.08928
G1 X98.02 Y104.843 E.02433
G1 X96.334 Y103.157 E.08928
G1 X95.684 Y103.157 E.02433
G1 X97.37 Y104.843 E.08928
G1 X96.72 Y104.843 E.02433
G1 X95.034 Y103.157 E.08928
G1 X94.384 Y103.157 E.02433
G1 X96.07 Y104.843 E.08928
G1 X95.42 Y104.843 E.02433
G1 X93.734 Y103.157 E.08928
G1 X93.085 Y103.157 E.02433
G1 X94.771 Y104.843 E.08928
G1 X94.121 Y104.843 E.02433
G1 X92.435 Y103.157 E.08928
G1 X91.785 Y103.157 E.02433
G1 X93.511 Y104.883 E.09139
G1 X93.234 Y104.966 E.01081
G1 X93.061 Y105.083 E.00783
G1 X91.135 Y103.157 E.102
G1 X90.657 Y103.157 E.0179
G1 X90.657 Y103.329 E.00643
G1 X92.707 Y105.379 E.10857
G1 X92.463 Y105.738 E.01628
G1 X92.455 Y105.777 E.00146
G1 X90.657 Y103.979 E.09521
G1 X90.657 Y104.628 E.02433
G1 X92.343 Y106.315 E.0893
G1 X92.343 Y106.964 E.02432
M73 P16 R7
G1 X90.657 Y105.278 E.08928
G1 X90.657 Y105.928 E.02433
G1 X92.343 Y107.614 E.08928
G1 X92.343 Y108.264 E.02433
G1 X90.657 Y106.578 E.08928
G1 X90.657 Y107.228 E.02433
G1 X92.343 Y108.914 E.08928
G1 X92.343 Y109.564 E.02433
G1 X90.657 Y107.878 E.08928
G1 X90.657 Y108.527 E.02433
G1 X92.343 Y110.213 E.08928
G1 X92.343 Y110.863 E.02433
G1 X90.657 Y109.177 E.08928
G1 X90.657 Y109.827 E.02433
G1 X92.343 Y111.513 E.08928
G1 X92.343 Y112.163 E.02433
G1 X90.657 Y110.477 E.08928
G1 X90.657 Y111.127 E.02433
G1 X92.343 Y112.813 E.08928
G1 X92.343 Y113.463 E.02433
G1 X90.657 Y111.777 E.08928
G1 X90.657 Y112.426 E.02433
G1 X95.074 Y116.843 E.23388
G1 X94.424 Y116.843 E.02433
G1 X90.657 Y113.076 E.19947
G1 X90.657 Y113.726 E.02433
G1 X93.774 Y116.843 E.16505
G1 X93.124 Y116.843 E.02433
G1 X90.657 Y114.376 E.13064
G1 X90.657 Y115.026 E.02433
G1 X92.474 Y116.843 E.09623
G1 X91.824 Y116.843 E.02433
G1 X90.657 Y115.676 E.06182
G1 X90.657 Y116.325 E.02433
G1 X91.38 Y117.049 E.0383
; stop printing object V7_00_capacitive_fit_gauge_32x7.stl id:0 copy 0
;TIME_ELAPSED:90.296600

M106 S255
;LAYER_CHANGE
;:0.4
;HEIGHT:0.2
;BEFORE_LAYER_CHANGE
;0.4
G92 E0

G1 E-4.5 F2700
;WIPE_START
G1 F1200
G1 X90.657 Y116.325 E-.24296
G1 X90.657 Y115.676 E-.15434
G1 X90.888 Y115.907 E-.07771
;WIPE_END
G1 E-.025 F2700
;_SET_FAN_SPEED_CHANGING_LAYER
M205 X10 Y10
M205 X8 Y8
G17
G3 Z.6 I0 J-1.217 P1  F7200
G1 X83.543 Y115.907 Z.6
G1 Z.4
G1 E5 F2400
M205 X10 Y10
;TYPE:Skirt
;WIDTH:0.5
G1 F3000
G1 X83.543 Y101.5 E.5366
G1 X83.939 Y99.458 E.07747
G1 X85.071 Y97.713 E.07747
G1 X86.773 Y96.518 E.07747
G1 X89 Y96.043 E.08482
G1 X131 Y96.043 E1.56434
G1 X133.042 Y96.439 E.07747
M73 P17 R7
G1 X134.787 Y97.571 E.07747
G1 X135.982 Y99.273 E.07747
G1 X136.457 Y101.5 E.08482
G1 X136.457 Y118.5 E.63319
G1 X136.061 Y120.542 E.07747
G1 X134.929 Y122.287 E.07747
G1 X133.227 Y123.482 E.07747
G1 X131 Y123.957 E.08482
G1 X89 Y123.957 E1.56434
G1 X86.958 Y123.561 E.07747
G1 X85.213 Y122.429 E.07747
G1 X84.018 Y120.727 E.07747
G1 X83.543 Y118.5 E.08482
G1 X83.543 Y115.947 E.09509
; OBJECT_ID: 15
; printing object V7_00_capacitive_fit_gauge_32x7.stl id:0 copy 0
G1 E-4.5 F2700
;WIPE_START
G1 F3000
G1 X83.543 Y113.947 E-.475
;WIPE_END
G1 E-.025 F2700
M205 X8 Y8
G1 X91.153 Y114.528 Z.8 F7200
G1 X129.991 Y117.491 Z.8
G1 Z.4
G1 E5 F2400
M205 X10 Y10
;TYPE:Inner wall
;WIDTH:0.449999
G1 F2700
G1 X90.009 Y117.491 E1.32626
G1 X90.009 Y102.509 E.49697
G1 X129.991 Y102.509 E1.32626
G1 X129.991 Y117.451 E.49564
M205 X8 Y8
M73 P18 R7
G1 X130.398 Y117.898 F7200
M205 X10 Y10
G1 F2700
G1 X89.602 Y117.898 E1.35327
G1 X89.602 Y102.102 E.52398
G1 X130.398 Y102.102 E1.35327
G1 X130.398 Y117.858 E.52265
M205 X8 Y8
G1 X130.79 Y118.29 F7200
M205 X10 Y10
;TYPE:Outer wall
;WIDTH:0.419999
G1 F2400
G1 X89.21 Y118.29 E1.27764
G1 X89.21 Y101.71 E.50946
G1 X130.79 Y101.71 E1.27764
M73 P19 R7
G1 X130.79 Y118.25 E.50823
G1 E-4.5 F2700
;WIPE_START
G1 F2400
G1 X128.79 Y118.252 E-.475
;WIPE_END
G1 E-.025 F2700
M205 X8 Y8
G1 X126.994 Y113.63 Z.8 F7200
G1 Z.4
G1 E5 F2400
M205 X10 Y10
;TYPE:Inner wall
;WIDTH:0.449999
G1 F2700
G1 X126.972 Y113.789 E.00534
G1 X126.869 Y114.028 E.00864
G1 X126.72 Y114.22 E.00806
G1 X126.528 Y114.369 E.00806
G1 X126.152 Y114.509 E.01331
G1 X93.979 Y114.509 E1.06726
G1 X93.711 Y114.472 E.00896
G1 X93.472 Y114.369 E.00864
G1 X93.28 Y114.22 E.00806
G1 X93.131 Y114.028 E.00806
G1 X92.991 Y113.652 E.01331
G1 X92.991 Y106.479 E.23796
G1 X93.028 Y106.211 E.00896
G1 X93.131 Y105.972 E.00864
G1 X93.28 Y105.78 E.00806
G1 X93.472 Y105.631 E.00806
G1 X93.848 Y105.491 E.01331
G1 X126.021 Y105.491 E1.06726
G1 X126.289 Y105.528 E.00896
G1 X126.528 Y105.631 E.00864
G1 X126.72 Y105.78 E.00806
G1 X126.869 Y105.972 E.00806
G1 X126.972 Y106.211 E.00864
G1 X127.009 Y106.479 E.00896
G1 X127.009 Y113.521 E.23363
G1 X127 Y113.59 E.0023
M205 X8 Y8
G1 X126.574 Y113.622 F7200
M205 X10 Y10
G1 F2700
G1 X126.52 Y113.819 E.00679
G1 X126.319 Y114.02 E.0094
G1 X126.021 Y114.102 E.01025
G1 X93.979 Y114.102 E1.06292
G1 X93.681 Y114.02 E.01025
G1 X93.48 Y113.819 E.0094
G1 X93.398 Y113.521 E.01025
G1 X93.398 Y106.479 E.23363
G1 X93.48 Y106.181 E.01025
M73 P20 R7
G1 X93.681 Y105.98 E.0094
G1 X93.979 Y105.898 E.01025
G1 X126.021 Y105.898 E1.06292
G1 X126.319 Y105.98 E.01025
G1 X126.52 Y106.181 E.0094
G1 X126.602 Y106.479 E.01025
G1 X126.602 Y113.521 E.23363
G1 X126.585 Y113.584 E.00214
M205 X8 Y8
G1 X126.21 Y113.521 F7200
M205 X10 Y10
;TYPE:Outer wall
;WIDTH:0.419999
G1 F2400
G1 X126.155 Y113.655 E.00443
G1 X126.021 Y113.71 E.00443
G1 X93.979 Y113.71 E.98459
G1 X93.845 Y113.655 E.00443
G1 X93.79 Y113.521 E.00443
G1 X93.79 Y106.479 E.21641
G1 X93.845 Y106.345 E.00443
G1 X93.979 Y106.29 E.00443
G1 X126.021 Y106.29 E.98459
G1 X126.155 Y106.345 E.00443
G1 X126.21 Y106.479 E.00443
G1 X126.21 Y113.481 E.21518
G1 E-4.5 F2700
;WIPE_START
G1 F2400
G1 X126.155 Y113.655 E-.0432
G1 X126.021 Y113.71 E-.03427
G1 X124.348 Y113.71 E-.39753
;WIPE_END
G1 E-.025 F2700
M205 X8 Y8
G1 X127.73 Y117.389 Z.8 F7200
G1 Z.4
G1 E5 F2400
M205 X10 Y10
;TYPE:Internal solid infill
;WIDTH:0.461632
G1 F3600
G1 X129.706 Y115.413 E.09534
G1 X129.706 Y115.306 E.00365
G1 X129.687 Y115.287 E.00091
G1 X129.687 Y114.84 E.01527
G1 X127.34 Y117.187 E.11326
G1 X126.748 Y117.187 E.0202
G1 X129.687 Y114.248 E.14184
G1 X129.687 Y113.655 E.0202
G1 X126.155 Y117.187 E.17041
G1 X125.563 Y117.187 E.0202
G1 X129.687 Y113.063 E.19898
G1 X129.687 Y112.471 E.0202
G1 X124.971 Y117.187 E.22755
G1 X124.379 Y117.187 E.0202
G1 X129.84 Y111.726 E.26349
M205 X8 Y8
G1 X128.677 Y117.036 F7200
M205 X10 Y10
;WIDTH:0.545883
G1 F3600
M73 P21 R7
G1 X129.536 Y117.036 E.03519
G1 X129.536 Y116.177 E.03519
G1 X128.705 Y117.008 E.04813
M205 X8 Y8
G1 X127.333 Y104.18 F7200
M205 X10 Y10
;WIDTH:0.534237
G1 F3600
G1 X127.766 Y104.479 E.02109
G1 X128.021 Y104.734 E.01444
G1 X128.32 Y105.167 E.02109
G1 X128.32 Y104.18 E.03955
G1 X127.373 Y104.18 E.03795
G1 E-4.5 F2700
;WIPE_START
G1 F3600
G1 X128.32 Y104.18 E-.22513
G1 X128.32 Y105.167 E-.23463
G1 X128.284 Y105.115 E-.01525
;WIPE_END
G1 E-.025 F2700
M205 X8 Y8
G1 X124.94 Y111.976 Z.8 F7200
G1 X123.507 Y114.916 Z.8
G1 Z.4
G1 E5 F2400
M205 X10 Y10
;WIDTH:0.449999
G1 F3600
G1 X93.979 Y114.916 E.97951
G1 X93.575 Y114.855 E.01353
G1 X93.242 Y114.704 E.01213
G1 X92.976 Y114.489 E.01137
G1 X92.769 Y114.213 E.01143
G1 X92.63 Y113.872 E.01222
G1 X92.584 Y113.521 E.01173
G1 X92.584 Y107.581 E.19704
G1 X90.416 Y109.749 E.10168
G1 X90.416 Y117.084 E.24331
G1 X123.956 Y117.084 E1.11257
G1 X126.123 Y114.916 E.10168
G1 X123.547 Y114.916 E.08547
M205 X8 Y8
G1 X123.605 Y116.237 F7200
M205 X10 Y10
;WIDTH:0.51628
G1 F3600
G1 X124.078 Y115.763 E.02581
G1 X93.979 Y115.763 E1.16103
G1 X93.51 Y115.723 E.01814
;WIDTH:0.5209
G1 X93.237 Y115.601 E.01164
;WIDTH:0.456626
G1 X92.965 Y115.479 E.01007
G1 X92.511 Y115.166 E.01858
G1 X92.153 Y114.758 E.01828
G1 X91.888 Y114.251 E.01931
;WIDTH:0.489234
G1 X91.832 Y114.12 E.00515
;WIDTH:0.517745
G1 X91.777 Y113.99 E.00548
G1 X91.737 Y113.521 E.01819
G1 X91.737 Y109.627 E.1507
G1 X91.263 Y110.1 E.02589
G1 X91.263 Y113.521 E.13239
G1 X91.278 Y114.024 E.01946
;WIDTH:0.5209
G1 X91.254 Y114.361 E.01316
;WIDTH:0.452294
G1 X91.23 Y114.698 E.01127
G1 X91.23 Y116.27 E.05242
G1 X92.802 Y116.27 E.05242
;WIDTH:0.473633
G1 X93.139 Y116.246 E.01186
;WIDTH:0.516328
G1 X93.476 Y116.222 E.01303
G1 X93.979 Y116.237 E.0194
G1 X123.565 Y116.237 E1.14135
M205 X8 Y8
G1 X123.787 Y116.677 F7200
M205 X10 Y10
;WIDTH:0.449999
M73 P22 R7
G1 F3600
G1 X125.141 Y115.323 E.06349
G1 X93.979 Y115.323 E1.0337
G1 X93.414 Y115.229 E.01898
G1 X92.992 Y115.025 E.01555
G1 X92.655 Y114.739 E.01467
G1 X92.395 Y114.374 E.01485
G1 X92.227 Y113.928 E.01583
G1 X92.177 Y113.521 E.01358
G1 X92.177 Y108.564 E.16444
G1 X90.823 Y109.918 E.06349
G1 X90.823 Y116.677 E.22421
G1 X123.747 Y116.677 E1.09215
G1 E-4.5 F2700
;WIPE_START
G1 F3600
G1 X121.747 Y116.677 E-.475
;WIPE_END
G1 E-.025 F2700
M205 X8 Y8
G1 X115.093 Y112.939 Z.8 F7200
G1 X97.249 Y102.916 Z.8
G1 Z.4
G1 E5 F2400
M205 X10 Y10
G1 F3600
G1 X95.081 Y105.084 E.10168
G1 X126.021 Y105.084 E1.02634
M73 P22 R6
G1 X126.425 Y105.145 E.01353
G1 X126.758 Y105.296 E.01213
G1 X127.024 Y105.511 E.01137
G1 X127.231 Y105.787 E.01143
G1 X127.37 Y106.128 E.01222
G1 X127.416 Y106.479 E.01173
G1 X127.416 Y113.521 E.23363
G1 X127.402 Y113.638 E.00388
G1 X129.584 Y111.456 E.10234
G1 X129.584 Y102.916 E.28328
G1 X97.289 Y102.916 E1.07128
M205 X8 Y8
G1 X97.418 Y103.323 F7200
M205 X10 Y10
G1 F3600
G1 X96.064 Y104.677 E.06349
G1 X126.021 Y104.677 E.99374
G1 X126.586 Y104.771 E.01898
M73 P23 R6
G1 X127.008 Y104.975 E.01555
G1 X127.345 Y105.261 E.01467
G1 X127.605 Y105.626 E.01485
G1 X127.773 Y106.072 E.01583
G1 X127.823 Y106.479 E.01358
G1 X127.823 Y112.641 E.20441
G1 X129.177 Y111.287 E.06349
G1 X129.177 Y103.323 E.26418
G1 X97.458 Y103.323 E1.05218
M205 X8 Y8
G1 X97.6 Y103.763 F7200
M205 X10 Y10
;WIDTH:0.516289
G1 F3600
G1 X97.127 Y104.237 E.02581
G1 X126.021 Y104.237 E1.11457
G1 X126.49 Y104.277 E.01814
;WIDTH:0.520899
G1 X126.763 Y104.399 E.01164
;WIDTH:0.454854
G1 X127.035 Y104.521 E.01003
G1 X127.489 Y104.834 E.0185
G1 X127.847 Y105.242 E.0182
G1 X128.107 Y105.752 E.01922
;WIDTH:0.480117
G1 X128.165 Y105.881 E.00505
;WIDTH:0.517356
G1 X128.223 Y106.01 E.00548
G1 X128.263 Y106.479 E.01818
G1 X128.263 Y111.578 E.19715
G1 X128.737 Y111.105 E.02587
G1 X128.737 Y106.479 E.17886
G1 X128.722 Y105.976 E.01944
;WIDTH:0.520899
G1 X128.746 Y105.639 E.01316
;WIDTH:0.452294
G1 X128.77 Y105.302 E.01127
G1 X128.77 Y103.73 E.05242
G1 X127.198 Y103.73 E.05242
;WIDTH:0.473633
G1 X126.861 Y103.754 E.01186
;WIDTH:0.516339
G1 X126.524 Y103.778 E.01304
G1 X126.021 Y103.763 E.0194
G1 X97.64 Y103.763 E1.09489
G1 E-4.5 F2700
;WIPE_START
G1 F3600
G1 X99.64 Y103.763 E-.475
;WIPE_END
G1 E-.025 F2700
M205 X8 Y8
G1 X95.819 Y110.371 Z.8 F7200
G1 X92.667 Y115.82 Z.8
G1 Z.4
G1 E5 F2400
M205 X10 Y10
;WIDTH:0.534237
G1 F3600
G1 X92.234 Y115.521 E.02109
G1 X91.979 Y115.266 E.01444
G1 X91.68 Y114.833 E.02109
G1 X91.68 Y115.82 E.03955
G1 X92.627 Y115.82 E.03795
M205 X8 Y8
G1 X90.417 Y102.855 F7200
M205 X10 Y10
;WIDTH:0.405696
G1 F3600
G1 X90.349 Y102.894 E.00232
G1 X90.419 Y102.929 E.00233
M205 X8 Y8
G1 X96.98 Y102.662 F7200
M205 X10 Y10
;WIDTH:0.457402
G1 F3600
G1 X94.253 Y105.389 E.13026
M205 X8 Y8
G1 X92.889 Y106.753 F7200
M205 X10 Y10
G1 F3600
G1 X90.313 Y109.329 E.12305
G1 X90.313 Y108.796 E.01799
G1 X90.294 Y108.762 E.00133
G1 X92.726 Y106.33 E.11614
G1 X92.753 Y106.134 E.00669
M73 P24 R6
G1 X92.885 Y105.825 E.01133
G1 X93.078 Y105.578 E.01059
G1 X93.325 Y105.385 E.01059
G1 X93.634 Y105.253 E.01133
G1 X93.83 Y105.226 E.00669
G1 X96.243 Y102.813 E.11524
G1 X95.656 Y102.813 E.0198
G1 X90.294 Y108.175 E.25613
G1 X90.294 Y107.589 E.0198
G1 X95.07 Y102.813 E.22813
G1 X94.484 Y102.813 E.0198
G1 X90.294 Y107.003 E.20014
G1 X90.294 Y106.417 E.0198
G1 X93.898 Y102.813 E.17214
G1 X93.312 Y102.813 E.0198
G1 X90.294 Y105.831 E.14414
G1 X90.294 Y105.245 E.0198
G1 X92.726 Y102.813 E.11614
G1 X92.139 Y102.813 E.0198
G1 X90.294 Y104.658 E.08814
G1 X90.294 Y104.072 E.0198
G1 X91.553 Y102.813 E.06014
G1 X91.115 Y102.813 E.01481
G1 X91.096 Y102.794 E.0009
G1 X90.986 Y102.794 E.00372
G1 X90.111 Y103.669 E.0418
; stop printing object V7_00_capacitive_fit_gauge_32x7.stl id:0 copy 0
;TIME_ELAPSED:131.880112

;LAYER_CHANGE
;:0.6
;HEIGHT:0.2
;BEFORE_LAYER_CHANGE
;0.6
G92 E0

G1 E-4.5 F2700
;WIPE_START
G1 F3600
G1 X90.986 Y102.794 E-.29392
G1 X91.096 Y102.794 E-.02613
G1 X91.115 Y102.813 E-.00635
G1 X91.553 Y102.813 E-.10411
G1 X91.421 Y102.945 E-.04449
;WIPE_END
G1 E-.025 F2700
;_SET_FAN_SPEED_CHANGING_LAYER
; OBJECT_ID: 15
; printing object V7_00_capacitive_fit_gauge_32x7.stl id:0 copy 0
M205 X8 Y8
G17
G3 Z.8 I-.429 J1.139 P1  F7200
G1 X129.991 Y117.491 Z.8
G1 Z.6
G1 E5 F2400
M205 X10 Y10
;TYPE:Inner wall
;WIDTH:0.449999
G1 F2700
G1 X90.009 Y117.491 E1.32626
G1 X90.009 Y102.509 E.49697
G1 X129.991 Y102.509 E1.32626
G1 X129.991 Y117.451 E.49564
M205 X8 Y8
M73 P25 R6
G1 X130.398 Y117.898 F7200
M205 X10 Y10
G1 F2700
G1 X89.602 Y117.898 E1.35327
G1 X89.602 Y102.102 E.52398
G1 X130.398 Y102.102 E1.35327
G1 X130.398 Y117.858 E.52265
M205 X8 Y8
G1 X130.79 Y118.29 F7200
M205 X10 Y10
;TYPE:Outer wall
;WIDTH:0.419999
G1 F2400
G1 X89.21 Y118.29 E1.27764
G1 X89.21 Y101.71 E.50946
G1 X130.79 Y101.71 E1.27764
G1 X130.79 Y118.25 E.50823
M73 P26 R6
G1 E-4.5 F2700
;WIPE_START
G1 F2400
G1 X128.79 Y118.252 E-.475
;WIPE_END
G1 E-.025 F2700
M205 X8 Y8
G1 X126.994 Y113.63 Z1 F7200
G1 Z.6
G1 E5 F2400
M205 X10 Y10
;TYPE:Inner wall
;WIDTH:0.449999
G1 F2700
G1 X126.972 Y113.789 E.00534
G1 X126.869 Y114.028 E.00864
G1 X126.72 Y114.22 E.00806
G1 X126.528 Y114.369 E.00806
G1 X126.152 Y114.509 E.01331
G1 X93.979 Y114.509 E1.06726
G1 X93.711 Y114.472 E.00896
G1 X93.472 Y114.369 E.00864
G1 X93.28 Y114.22 E.00806
G1 X93.131 Y114.028 E.00806
G1 X92.991 Y113.652 E.01331
G1 X92.991 Y106.479 E.23796
G1 X93.028 Y106.211 E.00896
G1 X93.131 Y105.972 E.00864
G1 X93.28 Y105.78 E.00806
G1 X93.472 Y105.631 E.00806
G1 X93.848 Y105.491 E.01331
G1 X126.021 Y105.491 E1.06726
G1 X126.289 Y105.528 E.00896
G1 X126.528 Y105.631 E.00864
G1 X126.72 Y105.78 E.00806
G1 X126.869 Y105.972 E.00806
G1 X126.972 Y106.211 E.00864
G1 X127.009 Y106.479 E.00896
G1 X127.009 Y113.521 E.23363
G1 X127 Y113.59 E.0023
M205 X8 Y8
G1 X126.574 Y113.622 F7200
M205 X10 Y10
G1 F2700
G1 X126.52 Y113.819 E.00679
G1 X126.319 Y114.02 E.0094
G1 X126.021 Y114.102 E.01025
G1 X93.979 Y114.102 E1.06292
G1 X93.681 Y114.02 E.01025
G1 X93.48 Y113.819 E.0094
G1 X93.398 Y113.521 E.01025
G1 X93.398 Y106.479 E.23363
G1 X93.48 Y106.181 E.01025
G1 X93.681 Y105.98 E.0094
G1 X93.979 Y105.898 E.01025
G1 X126.021 Y105.898 E1.06292
G1 X126.319 Y105.98 E.01025
M73 P27 R6
G1 X126.52 Y106.181 E.0094
G1 X126.602 Y106.479 E.01025
G1 X126.602 Y113.521 E.23363
G1 X126.585 Y113.584 E.00214
M205 X8 Y8
G1 X126.21 Y113.521 F7200
M205 X10 Y10
;TYPE:Outer wall
;WIDTH:0.419999
G1 F2400
G1 X126.155 Y113.655 E.00443
G1 X126.021 Y113.71 E.00443
G1 X93.979 Y113.71 E.98459
G1 X93.845 Y113.655 E.00443
G1 X93.79 Y113.521 E.00443
G1 X93.79 Y106.479 E.21641
G1 X93.845 Y106.345 E.00443
G1 X93.979 Y106.29 E.00443
G1 X126.021 Y106.29 E.98459
G1 X126.155 Y106.345 E.00443
G1 X126.21 Y106.479 E.00443
G1 X126.21 Y113.481 E.21518
G1 E-4.5 F2700
;WIPE_START
G1 F2400
G1 X126.155 Y113.655 E-.0432
G1 X126.021 Y113.71 E-.03427
G1 X124.348 Y113.71 E-.39753
;WIPE_END
G1 E-.025 F2700
M205 X8 Y8
G1 X123.956 Y102.916 Z1 F7200
G1 Z.6
G1 E5 F2400
M205 X10 Y10
;TYPE:Internal solid infill
;WIDTH:0.449999
G1 F3600
G1 X90.416 Y102.916 E1.11257
G1 X90.416 Y110.251 E.24331
G1 X92.584 Y112.419 E.10168
G1 X92.584 Y106.479 E.19704
G1 X92.645 Y106.075 E.01353
G1 X92.796 Y105.742 E.01213
G1 X93.011 Y105.476 E.01137
G1 X93.287 Y105.269 E.01143
G1 X93.628 Y105.13 E.01222
G1 X93.979 Y105.084 E.01173
G1 X126.021 Y105.084 E1.06292
G1 X126.138 Y105.098 E.00388
G1 X123.984 Y102.945 E.10102
M205 X8 Y8
G1 X123.787 Y103.323 F7200
M205 X10 Y10
M73 P28 R6
G1 F3600
G1 X90.823 Y103.323 E1.09347
G1 X90.823 Y110.082 E.22421
G1 X92.177 Y111.436 E.06349
G1 X92.177 Y106.479 E.16444
G1 X92.271 Y105.914 E.01898
G1 X92.475 Y105.492 E.01555
G1 X92.761 Y105.155 E.01467
G1 X93.126 Y104.895 E.01485
G1 X93.572 Y104.727 E.01583
G1 X93.979 Y104.677 E.01358
G1 X125.141 Y104.677 E1.0337
G1 X123.816 Y103.352 E.06216
M205 X8 Y8
G1 X123.605 Y103.763 F7200
M205 X10 Y10
;WIDTH:0.516303
G1 F3600
G1 X93.979 Y103.763 E1.14283
G1 X93.476 Y103.778 E.0194
;WIDTH:0.5209
G1 X93.139 Y103.754 E.01316
;WIDTH:0.452294
G1 X92.802 Y103.73 E.01127
G1 X91.23 Y103.73 E.05242
G1 X91.23 Y105.302 E.05242
;WIDTH:0.473633
G1 X91.254 Y105.639 E.01186
;WIDTH:0.517732
G1 X91.278 Y105.976 E.01307
G1 X91.263 Y106.479 E.01946
G1 X91.263 Y109.9 E.13238
G1 X91.737 Y110.373 E.02589
G1 X91.737 Y106.479 E.15069
G1 X91.777 Y106.01 E.01819
;WIDTH:0.520899
G1 X91.899 Y105.737 E.01164
;WIDTH:0.456626
G1 X92.021 Y105.465 E.01007
G1 X92.334 Y105.011 E.01858
G1 X92.742 Y104.653 E.01828
G1 X93.249 Y104.388 E.01931
;WIDTH:0.489234
G1 X93.38 Y104.332 E.00516
;WIDTH:0.516455
G1 X93.51 Y104.277 E.00547
G1 X93.979 Y104.237 E.01814
G1 X124.078 Y104.237 E1.16146
G1 X123.633 Y103.792 E.02428
G1 E-4.5 F2700
;WIPE_START
G1 F3600
G1 X124.078 Y104.237 E-.14942
G1 X122.707 Y104.237 E-.32558
;WIPE_END
G1 E-.025 F2700
M205 X8 Y8
G1 X125.538 Y111.325 Z1 F7200
G1 X127.333 Y115.82 Z1
G1 Z.6
G1 E5 F2400
M205 X10 Y10
;WIDTH:0.534237
G1 F3600
G1 X128.32 Y115.82 E.03955
G1 X128.32 Y114.833 E.03955
G1 X128.021 Y115.266 E.02109
G1 X127.766 Y115.521 E.01444
G1 X127.365 Y115.798 E.01949
M205 X8 Y8
G1 X97.249 Y117.084 F7200
M205 X10 Y10
;WIDTH:0.449999
G1 F3600
G1 X129.584 Y117.084 E1.0726
G1 X129.584 Y108.544 E.28328
M73 P29 R6
G1 X127.416 Y106.377 E.10168
G1 X127.416 Y113.521 E.23701
G1 X127.355 Y113.925 E.01353
G1 X127.204 Y114.258 E.01213
G1 X126.989 Y114.524 E.01137
G1 X126.713 Y114.731 E.01143
G1 X126.372 Y114.87 E.01222
G1 X126.021 Y114.916 E.01173
G1 X95.081 Y114.916 E1.02634
G1 X97.221 Y117.055 E.10036
M205 X8 Y8
G1 X97.418 Y116.677 F7200
M205 X10 Y10
G1 F3600
G1 X129.177 Y116.677 E1.05351
G1 X129.177 Y108.713 E.26418
G1 X127.823 Y107.359 E.06349
G1 X127.823 Y113.521 E.20441
G1 X127.729 Y114.086 E.01898
G1 X127.525 Y114.508 E.01555
G1 X127.239 Y114.845 E.01467
G1 X126.874 Y115.105 E.01485
G1 X126.428 Y115.273 E.01583
G1 X126.021 Y115.323 E.01358
G1 X96.064 Y115.323 E.99374
G1 X97.389 Y116.648 E.06216
M205 X8 Y8
G1 X97.6 Y116.237 F7200
M205 X10 Y10
;WIDTH:0.516314
G1 F3600
G1 X126.021 Y116.237 E1.09638
G1 X126.524 Y116.222 E.0194
;WIDTH:0.520899
G1 X126.861 Y116.246 E.01316
;WIDTH:0.452294
G1 X127.198 Y116.27 E.01127
G1 X128.77 Y116.27 E.05242
G1 X128.77 Y114.698 E.05242
;WIDTH:0.474568
G1 X128.745 Y114.385 E.01104
;WIDTH:0.517721
G1 X128.72 Y114.072 E.01215
G1 X128.737 Y113.521 E.02132
G1 X128.737 Y108.895 E.179
G1 X128.263 Y108.422 E.02589
G1 X128.263 Y113.521 E.1973
G1 X128.219 Y114.029 E.0197
;WIDTH:0.523704
G1 X128.099 Y114.282 E.01098
;WIDTH:0.456599
G1 X127.979 Y114.535 E.00945
G1 X127.666 Y114.989 E.01858
G1 X127.258 Y115.347 E.01828
G1 X126.751 Y115.612 E.01931
;WIDTH:0.489233
G1 X126.62 Y115.668 E.00515
;WIDTH:0.516471
G1 X126.49 Y115.723 E.00547
G1 X126.021 Y115.763 E.01814
G1 X97.127 Y115.763 E1.115
G1 X97.572 Y116.208 E.02428
M73 P30 R6
G1 E-4.5 F2700
;WIPE_START
G1 F3600
G1 X97.127 Y115.763 E-.14942
G1 X98.498 Y115.763 E-.32558
;WIPE_END
G1 E-.025 F2700
M205 X8 Y8
G1 X95.066 Y108.946 Z1 F7200
G1 X92.667 Y104.18 Z1
G1 Z.6
G1 E5 F2400
M205 X10 Y10
;WIDTH:0.534237
G1 F3600
G1 X91.68 Y104.18 E.03955
G1 X91.68 Y105.167 E.03955
G1 X91.979 Y104.734 E.02109
G1 X92.234 Y104.479 E.01444
G1 X92.635 Y104.202 E.01949
M205 X8 Y8
G1 X90.162 Y110.52 F7200
M205 X10 Y10
;WIDTH:0.457402
G1 F3600
G1 X92.889 Y113.247 E.13026
M205 X8 Y8
G1 X94.253 Y114.611 F7200
M205 X10 Y10
G1 F3600
G1 X96.829 Y117.187 E.12305
G1 X96.296 Y117.187 E.01799
G1 X96.262 Y117.206 E.00133
G1 X93.83 Y114.774 E.11614
G1 X93.634 Y114.747 E.00669
G1 X93.325 Y114.615 E.01133
G1 X93.078 Y114.422 E.01059
G1 X92.885 Y114.175 E.01059
G1 X92.754 Y113.87 E.01121
G1 X92.718 Y113.662 E.00711
G1 X90.313 Y111.257 E.11487
G1 X90.313 Y111.844 E.0198
G1 X95.675 Y117.206 E.25613
G1 X95.089 Y117.206 E.0198
G1 X90.313 Y112.43 E.22813
G1 X90.313 Y113.016 E.0198
G1 X94.503 Y117.206 E.20014
G1 X93.917 Y117.206 E.0198
G1 X90.313 Y113.602 E.17214
G1 X90.313 Y114.188 E.0198
G1 X93.331 Y117.206 E.14414
G1 X92.745 Y117.206 E.0198
G1 X90.313 Y114.774 E.11614
G1 X90.313 Y115.361 E.0198
G1 X92.158 Y117.206 E.08814
G1 X91.572 Y117.206 E.0198
G1 X90.313 Y115.947 E.06014
G1 X90.313 Y116.385 E.01481
G1 X90.294 Y116.404 E.0009
G1 X90.294 Y116.514 E.00372
G1 X91.169 Y117.389 E.0418
M205 X8 Y8
G1 X90.417 Y117.067 F7200
M205 X10 Y10
;WIDTH:0.405698
G1 F3600
G1 X90.349 Y117.106 E.00232
G1 X90.419 Y117.141 E.00233
G1 E-4.5 F2700
;WIPE_START
G1 F3600
G1 X90.349 Y117.106 E-.23778
G1 X90.417 Y117.067 E-.23722
;WIPE_END
G1 E-.025 F2700
M205 X8 Y8
G1 X97.534 Y114.309 Z1 F7200
G1 X127.73 Y102.611 Z1
G1 Z.6
G1 E5 F2400
M205 X10 Y10
;WIDTH:0.461632
G1 F3600
G1 X129.706 Y104.587 E.09534
G1 X129.706 Y104.694 E.00365
G1 X129.687 Y104.713 E.00091
G1 X129.687 Y105.16 E.01527
G1 X127.34 Y102.813 E.11326
G1 X126.748 Y102.813 E.0202
G1 X129.687 Y105.752 E.14184
G1 X129.687 Y106.345 E.0202
G1 X126.155 Y102.813 E.17041
M73 P31 R6
G1 X125.563 Y102.813 E.0202
G1 X129.687 Y106.937 E.19898
G1 X129.687 Y107.529 E.0202
G1 X124.971 Y102.813 E.22755
G1 X124.379 Y102.813 E.0202
G1 X129.84 Y108.274 E.26349
M205 X8 Y8
G1 X128.677 Y102.964 F7200
M205 X10 Y10
;WIDTH:0.545883
G1 F3600
G1 X129.536 Y103.823 E.04977
G1 X129.536 Y102.964 E.03519
G1 X128.717 Y102.964 E.03355
; stop printing object V7_00_capacitive_fit_gauge_32x7.stl id:0 copy 0
;TIME_ELAPSED:169.203995

;LAYER_CHANGE
;:0.8
;HEIGHT:0.2
;BEFORE_LAYER_CHANGE
;0.8
G92 E0

G1 E-4.5 F2700
;WIPE_START
G1 F3600
G1 X129.536 Y102.964 E-.19442
G1 X129.536 Y103.823 E-.20392
G1 X129.308 Y103.595 E-.07666
;WIPE_END
G1 E-.025 F2700
;_SET_FAN_SPEED_CHANGING_LAYER
; OBJECT_ID: 15
; printing object V7_00_capacitive_fit_gauge_32x7.stl id:0 copy 0
M205 X8 Y8
G17
G3 Z1 I-1.215 J.06 P1  F7200
G1 X129.991 Y117.491 Z1
G1 Z.8
G1 E5 F2400
M205 X10 Y10
;TYPE:Inner wall
;WIDTH:0.449999
G1 F2700
G1 X90.009 Y117.491 E1.32626
G1 X90.009 Y102.509 E.49697
G1 X129.991 Y102.509 E1.32626
G1 X129.991 Y117.451 E.49564
M205 X8 Y8
G1 X130.398 Y117.898 F7200
M205 X10 Y10
G1 F2700
G1 X89.602 Y117.898 E1.35327
G1 X89.602 Y102.102 E.52398
M73 P32 R6
G1 X130.398 Y102.102 E1.35327
G1 X130.398 Y117.858 E.52265
M205 X8 Y8
G1 X130.79 Y118.29 F7200
M205 X10 Y10
;TYPE:Outer wall
;WIDTH:0.419999
G1 F2400
G1 X89.21 Y118.29 E1.27764
G1 X89.21 Y101.71 E.50946
G1 X130.79 Y101.71 E1.27764
G1 X130.79 Y118.25 E.50823
G1 E-4.5 F2700
;WIPE_START
M73 P33 R6
G1 F2400
G1 X128.79 Y118.252 E-.475
;WIPE_END
G1 E-.025 F2700
M205 X8 Y8
G1 X126.994 Y113.63 Z1.2 F7200
G1 Z.8
G1 E5 F2400
M205 X10 Y10
;TYPE:Inner wall
;WIDTH:0.449999
G1 F2700
G1 X126.972 Y113.789 E.00534
G1 X126.869 Y114.028 E.00864
G1 X126.72 Y114.22 E.00806
G1 X126.528 Y114.369 E.00806
G1 X126.152 Y114.509 E.01331
G1 X93.979 Y114.509 E1.06726
G1 X93.711 Y114.472 E.00896
G1 X93.472 Y114.369 E.00864
G1 X93.28 Y114.22 E.00806
G1 X93.131 Y114.028 E.00806
G1 X92.991 Y113.652 E.01331
G1 X92.991 Y106.479 E.23796
G1 X93.028 Y106.211 E.00896
G1 X93.131 Y105.972 E.00864
G1 X93.28 Y105.78 E.00806
G1 X93.472 Y105.631 E.00806
G1 X93.848 Y105.491 E.01331
G1 X126.021 Y105.491 E1.06726
G1 X126.289 Y105.528 E.00896
G1 X126.528 Y105.631 E.00864
G1 X126.72 Y105.78 E.00806
G1 X126.869 Y105.972 E.00806
G1 X126.972 Y106.211 E.00864
G1 X127.009 Y106.479 E.00896
G1 X127.009 Y113.521 E.23363
G1 X127 Y113.59 E.0023
M205 X8 Y8
G1 X126.574 Y113.622 F7200
M205 X10 Y10
G1 F2700
G1 X126.52 Y113.819 E.00679
G1 X126.319 Y114.02 E.0094
G1 X126.021 Y114.102 E.01025
G1 X93.979 Y114.102 E1.06292
G1 X93.681 Y114.02 E.01025
M73 P33 R5
G1 X93.48 Y113.819 E.0094
G1 X93.398 Y113.521 E.01025
G1 X93.398 Y106.479 E.23363
G1 X93.48 Y106.181 E.01025
G1 X93.681 Y105.98 E.0094
G1 X93.979 Y105.898 E.01025
G1 X126.021 Y105.898 E1.06292
G1 X126.319 Y105.98 E.01025
G1 X126.52 Y106.181 E.0094
G1 X126.602 Y106.479 E.01025
G1 X126.602 Y113.521 E.23363
G1 X126.585 Y113.584 E.00214
M205 X8 Y8
G1 X126.21 Y113.521 F7200
M205 X10 Y10
;TYPE:Outer wall
;WIDTH:0.419999
G1 F2400
G1 X126.155 Y113.655 E.00443
G1 X126.021 Y113.71 E.00443
G1 X93.979 Y113.71 E.98459
G1 X93.845 Y113.655 E.00443
M73 P34 R5
G1 X93.79 Y113.521 E.00443
G1 X93.79 Y106.479 E.21641
G1 X93.845 Y106.345 E.00443
G1 X93.979 Y106.29 E.00443
G1 X126.021 Y106.29 E.98459
G1 X126.155 Y106.345 E.00443
G1 X126.21 Y106.479 E.00443
G1 X126.21 Y113.481 E.21518
G1 E-4.5 F2700
;WIPE_START
G1 F2400
G1 X126.155 Y113.655 E-.0432
G1 X126.021 Y113.71 E-.03427
G1 X124.348 Y113.71 E-.39753
;WIPE_END
G1 E-.025 F2700
M205 X8 Y8
G1 X127.73 Y117.389 Z1.2 F7200
G1 Z.8
G1 E5 F2400
M205 X10 Y10
;TYPE:Internal solid infill
;WIDTH:0.461632
G1 F3600
G1 X129.706 Y115.413 E.09534
G1 X129.706 Y115.306 E.00365
G1 X129.687 Y115.287 E.00091
G1 X129.687 Y114.84 E.01527
G1 X127.34 Y117.187 E.11326
G1 X126.748 Y117.187 E.0202
G1 X129.687 Y114.248 E.14184
G1 X129.687 Y113.655 E.0202
G1 X126.155 Y117.187 E.17041
G1 X125.563 Y117.187 E.0202
G1 X129.687 Y113.063 E.19898
G1 X129.687 Y112.471 E.0202
G1 X124.971 Y117.187 E.22755
G1 X124.379 Y117.187 E.0202
G1 X129.84 Y111.726 E.26349
M205 X8 Y8
G1 X128.677 Y117.036 F7200
M205 X10 Y10
;WIDTH:0.545883
G1 F3600
G1 X129.536 Y117.036 E.03519
G1 X129.536 Y116.177 E.03519
G1 X128.705 Y117.008 E.04813
M205 X8 Y8
G1 X127.333 Y104.18 F7200
M205 X10 Y10
;WIDTH:0.534237
G1 F3600
G1 X127.766 Y104.479 E.02109
G1 X128.021 Y104.734 E.01444
G1 X128.32 Y105.167 E.02109
G1 X128.32 Y104.18 E.03955
G1 X127.373 Y104.18 E.03795
G1 E-4.5 F2700
;WIPE_START
G1 F3600
G1 X128.32 Y104.18 E-.22513
G1 X128.32 Y105.167 E-.23463
G1 X128.284 Y105.115 E-.01525
;WIPE_END
G1 E-.025 F2700
M205 X8 Y8
G1 X124.94 Y111.976 Z1.2 F7200
G1 X123.507 Y114.916 Z1.2
G1 Z.8
G1 E5 F2400
M205 X10 Y10
;WIDTH:0.449999
M73 P35 R5
G1 F3600
G1 X93.979 Y114.916 E.97951
G1 X93.575 Y114.855 E.01353
G1 X93.242 Y114.704 E.01213
G1 X92.976 Y114.489 E.01137
G1 X92.769 Y114.213 E.01143
G1 X92.63 Y113.872 E.01222
G1 X92.584 Y113.521 E.01173
G1 X92.584 Y107.581 E.19704
G1 X90.416 Y109.749 E.10168
G1 X90.416 Y117.084 E.24331
G1 X123.956 Y117.084 E1.11257
G1 X126.123 Y114.916 E.10168
G1 X123.547 Y114.916 E.08547
M205 X8 Y8
G1 X123.605 Y116.237 F7200
M205 X10 Y10
;WIDTH:0.51628
G1 F3600
G1 X124.078 Y115.763 E.02581
G1 X93.979 Y115.763 E1.16103
G1 X93.51 Y115.723 E.01814
;WIDTH:0.5209
G1 X93.237 Y115.601 E.01164
;WIDTH:0.456626
G1 X92.965 Y115.479 E.01007
G1 X92.511 Y115.166 E.01858
G1 X92.153 Y114.758 E.01828
G1 X91.888 Y114.251 E.01931
;WIDTH:0.489234
G1 X91.832 Y114.12 E.00515
;WIDTH:0.517745
G1 X91.777 Y113.99 E.00548
G1 X91.737 Y113.521 E.01819
G1 X91.737 Y109.627 E.1507
G1 X91.263 Y110.1 E.02589
G1 X91.263 Y113.521 E.13239
G1 X91.278 Y114.024 E.01946
;WIDTH:0.5209
G1 X91.254 Y114.361 E.01316
;WIDTH:0.452294
G1 X91.23 Y114.698 E.01127
G1 X91.23 Y116.27 E.05242
G1 X92.802 Y116.27 E.05242
;WIDTH:0.473633
G1 X93.139 Y116.246 E.01186
;WIDTH:0.516328
G1 X93.476 Y116.222 E.01303
G1 X93.979 Y116.237 E.0194
G1 X123.565 Y116.237 E1.14135
M205 X8 Y8
G1 X123.787 Y116.677 F7200
M205 X10 Y10
;WIDTH:0.449999
G1 F3600
G1 X125.141 Y115.323 E.06349
G1 X93.979 Y115.323 E1.0337
G1 X93.414 Y115.229 E.01898
G1 X92.992 Y115.025 E.01555
G1 X92.655 Y114.739 E.01467
G1 X92.395 Y114.374 E.01485
G1 X92.227 Y113.928 E.01583
G1 X92.177 Y113.521 E.01358
G1 X92.177 Y108.564 E.16444
G1 X90.823 Y109.918 E.06349
G1 X90.823 Y116.677 E.22421
G1 X123.747 Y116.677 E1.09215
G1 E-4.5 F2700
;WIPE_START
M73 P36 R5
G1 F3600
G1 X121.747 Y116.677 E-.475
;WIPE_END
G1 E-.025 F2700
M205 X8 Y8
G1 X115.093 Y112.939 Z1.2 F7200
G1 X97.249 Y102.916 Z1.2
G1 Z.8
G1 E5 F2400
M205 X10 Y10
G1 F3600
G1 X95.081 Y105.084 E.10168
G1 X126.021 Y105.084 E1.02634
G1 X126.425 Y105.145 E.01353
G1 X126.758 Y105.296 E.01213
G1 X127.024 Y105.511 E.01137
G1 X127.231 Y105.787 E.01143
G1 X127.37 Y106.128 E.01222
G1 X127.416 Y106.479 E.01173
G1 X127.416 Y113.521 E.23363
G1 X127.402 Y113.638 E.00388
G1 X129.584 Y111.456 E.10234
G1 X129.584 Y102.916 E.28328
G1 X97.289 Y102.916 E1.07128
M205 X8 Y8
G1 X97.418 Y103.323 F7200
M205 X10 Y10
G1 F3600
G1 X96.064 Y104.677 E.06349
G1 X126.021 Y104.677 E.99374
G1 X126.586 Y104.771 E.01898
G1 X127.008 Y104.975 E.01555
G1 X127.345 Y105.261 E.01467
G1 X127.605 Y105.626 E.01485
G1 X127.773 Y106.072 E.01583
G1 X127.823 Y106.479 E.01358
G1 X127.823 Y112.641 E.20441
G1 X129.177 Y111.287 E.06349
G1 X129.177 Y103.323 E.26418
G1 X97.458 Y103.323 E1.05218
M205 X8 Y8
G1 X97.6 Y103.763 F7200
M205 X10 Y10
;WIDTH:0.516289
M73 P37 R5
G1 F3600
G1 X97.127 Y104.237 E.02581
G1 X126.021 Y104.237 E1.11457
G1 X126.49 Y104.277 E.01814
;WIDTH:0.520899
G1 X126.763 Y104.399 E.01164
;WIDTH:0.454854
G1 X127.035 Y104.521 E.01003
G1 X127.489 Y104.834 E.0185
G1 X127.847 Y105.242 E.0182
G1 X128.107 Y105.752 E.01922
;WIDTH:0.480117
G1 X128.165 Y105.881 E.00505
;WIDTH:0.517356
G1 X128.223 Y106.01 E.00548
G1 X128.263 Y106.479 E.01818
G1 X128.263 Y111.578 E.19715
G1 X128.737 Y111.105 E.02587
G1 X128.737 Y106.479 E.17886
G1 X128.722 Y105.976 E.01944
;WIDTH:0.520899
G1 X128.746 Y105.639 E.01316
;WIDTH:0.452294
G1 X128.77 Y105.302 E.01127
G1 X128.77 Y103.73 E.05242
G1 X127.198 Y103.73 E.05242
;WIDTH:0.473633
G1 X126.861 Y103.754 E.01186
;WIDTH:0.516339
G1 X126.524 Y103.778 E.01304
G1 X126.021 Y103.763 E.0194
G1 X97.64 Y103.763 E1.09489
G1 E-4.5 F2700
;WIPE_START
G1 F3600
G1 X99.64 Y103.763 E-.475
;WIPE_END
G1 E-.025 F2700
M205 X8 Y8
G1 X95.819 Y110.371 Z1.2 F7200
G1 X92.667 Y115.82 Z1.2
G1 Z.8
G1 E5 F2400
M205 X10 Y10
;WIDTH:0.534237
G1 F3600
G1 X92.234 Y115.521 E.02109
G1 X91.979 Y115.266 E.01444
G1 X91.68 Y114.833 E.02109
G1 X91.68 Y115.82 E.03955
G1 X92.627 Y115.82 E.03795
M205 X8 Y8
G1 X90.417 Y102.855 F7200
M205 X10 Y10
;WIDTH:0.405696
G1 F3600
G1 X90.349 Y102.894 E.00232
G1 X90.419 Y102.929 E.00233
M205 X8 Y8
G1 X96.98 Y102.662 F7200
M205 X10 Y10
;WIDTH:0.457402
G1 F3600
G1 X94.253 Y105.389 E.13026
M205 X8 Y8
G1 X92.889 Y106.753 F7200
M205 X10 Y10
G1 F3600
G1 X90.313 Y109.329 E.12305
G1 X90.313 Y108.796 E.01799
G1 X90.294 Y108.762 E.00133
G1 X92.726 Y106.33 E.11614
G1 X92.753 Y106.134 E.00669
G1 X92.885 Y105.825 E.01133
G1 X93.078 Y105.578 E.01059
G1 X93.325 Y105.385 E.01059
G1 X93.634 Y105.253 E.01133
G1 X93.83 Y105.226 E.00669
G1 X96.243 Y102.813 E.11524
G1 X95.656 Y102.813 E.0198
G1 X90.294 Y108.175 E.25613
G1 X90.294 Y107.589 E.0198
G1 X95.07 Y102.813 E.22813
G1 X94.484 Y102.813 E.0198
G1 X90.294 Y107.003 E.20014
G1 X90.294 Y106.417 E.0198
G1 X93.898 Y102.813 E.17214
G1 X93.312 Y102.813 E.0198
G1 X90.294 Y105.831 E.14414
G1 X90.294 Y105.245 E.0198
G1 X92.726 Y102.813 E.11614
G1 X92.139 Y102.813 E.0198
G1 X90.294 Y104.658 E.08814
M73 P38 R5
G1 X90.294 Y104.072 E.0198
G1 X91.553 Y102.813 E.06014
G1 X91.115 Y102.813 E.01481
G1 X91.096 Y102.794 E.0009
G1 X90.986 Y102.794 E.00372
G1 X90.111 Y103.669 E.0418
; stop printing object V7_00_capacitive_fit_gauge_32x7.stl id:0 copy 0
;TIME_ELAPSED:206.274170

;LAYER_CHANGE
;:1
;HEIGHT:0.2
;BEFORE_LAYER_CHANGE
;1
G92 E0

G1 E-4.5 F2700
;WIPE_START
G1 F3600
G1 X90.986 Y102.794 E-.29392
G1 X91.096 Y102.794 E-.02613
G1 X91.115 Y102.813 E-.00635
G1 X91.553 Y102.813 E-.10411
G1 X91.421 Y102.945 E-.04449
;WIPE_END
G1 E-.025 F2700
;_SET_FAN_SPEED_CHANGING_LAYER
; OBJECT_ID: 15
; printing object V7_00_capacitive_fit_gauge_32x7.stl id:0 copy 0
M205 X8 Y8
G17
G3 Z1.2 I-.429 J1.139 P1  F7200
G1 X129.991 Y117.491 Z1.2
G1 Z1
G1 E5 F2400
M205 X10 Y10
;TYPE:Inner wall
;WIDTH:0.449999
G1 F2700
G1 X90.009 Y117.491 E1.32626
G1 X90.009 Y102.509 E.49697
G1 X129.991 Y102.509 E1.32626
G1 X129.991 Y117.451 E.49564
M205 X8 Y8
G1 X130.398 Y117.898 F7200
M205 X10 Y10
G1 F2700
G1 X89.602 Y117.898 E1.35327
G1 X89.602 Y102.102 E.52398
M73 P39 R5
G1 X130.398 Y102.102 E1.35327
G1 X130.398 Y117.858 E.52265
M205 X8 Y8
G1 X130.79 Y118.29 F7200
M205 X10 Y10
;TYPE:Outer wall
;WIDTH:0.419999
G1 F2400
G1 X89.21 Y118.29 E1.27764
G1 X89.21 Y101.71 E.50946
G1 X130.79 Y101.71 E1.27764
G1 X130.79 Y118.25 E.50823
G1 E-4.5 F2700
;WIPE_START
G1 F2400
G1 X128.79 Y118.252 E-.475
;WIPE_END
G1 E-.025 F2700
M205 X8 Y8
G1 X126.994 Y113.63 Z1.4 F7200
G1 Z1
G1 E5 F2400
M205 X10 Y10
;TYPE:Inner wall
;WIDTH:0.449999
M73 P40 R5
G1 F2700
G1 X126.972 Y113.789 E.00534
G1 X126.869 Y114.028 E.00864
G1 X126.72 Y114.22 E.00806
G1 X126.528 Y114.369 E.00806
G1 X126.152 Y114.509 E.01331
G1 X93.979 Y114.509 E1.06726
G1 X93.711 Y114.472 E.00896
G1 X93.472 Y114.369 E.00864
G1 X93.28 Y114.22 E.00806
G1 X93.131 Y114.028 E.00806
G1 X92.991 Y113.652 E.01331
G1 X92.991 Y106.479 E.23796
G1 X93.028 Y106.211 E.00896
G1 X93.131 Y105.972 E.00864
G1 X93.28 Y105.78 E.00806
G1 X93.472 Y105.631 E.00806
G1 X93.848 Y105.491 E.01331
G1 X126.021 Y105.491 E1.06726
G1 X126.289 Y105.528 E.00896
G1 X126.528 Y105.631 E.00864
G1 X126.72 Y105.78 E.00806
G1 X126.869 Y105.972 E.00806
G1 X126.972 Y106.211 E.00864
G1 X127.009 Y106.479 E.00896
G1 X127.009 Y113.521 E.23363
G1 X127 Y113.59 E.0023
M205 X8 Y8
G1 X126.574 Y113.622 F7200
M205 X10 Y10
G1 F2700
G1 X126.52 Y113.819 E.00679
G1 X126.319 Y114.02 E.0094
G1 X126.021 Y114.102 E.01025
G1 X93.979 Y114.102 E1.06292
G1 X93.681 Y114.02 E.01025
G1 X93.48 Y113.819 E.0094
G1 X93.398 Y113.521 E.01025
G1 X93.398 Y106.479 E.23363
G1 X93.48 Y106.181 E.01025
G1 X93.681 Y105.98 E.0094
G1 X93.979 Y105.898 E.01025
G1 X126.021 Y105.898 E1.06292
G1 X126.319 Y105.98 E.01025
G1 X126.52 Y106.181 E.0094
G1 X126.602 Y106.479 E.01025
G1 X126.602 Y113.521 E.23363
G1 X126.585 Y113.584 E.00214
M205 X8 Y8
G1 X126.21 Y113.521 F7200
M205 X10 Y10
;TYPE:Outer wall
;WIDTH:0.419999
G1 F2400
G1 X126.155 Y113.655 E.00443
G1 X126.021 Y113.71 E.00443
G1 X93.979 Y113.71 E.98459
G1 X93.845 Y113.655 E.00443
G1 X93.79 Y113.521 E.00443
G1 X93.79 Y106.479 E.21641
G1 X93.845 Y106.345 E.00443
M73 P41 R5
G1 X93.979 Y106.29 E.00443
G1 X126.021 Y106.29 E.98459
G1 X126.155 Y106.345 E.00443
G1 X126.21 Y106.479 E.00443
G1 X126.21 Y113.481 E.21518
G1 E-4.5 F2700
;WIPE_START
G1 F2400
G1 X126.155 Y113.655 E-.0432
G1 X126.021 Y113.71 E-.03427
G1 X124.348 Y113.71 E-.39753
;WIPE_END
G1 E-.025 F2700
M205 X8 Y8
G1 X127.294 Y112.216 Z1.4 F7200
G1 Z1
G1 E5 F2400
M205 X10 Y10
;TYPE:Sparse infill
;WIDTH:0.45
G1 F3000
G1 X127.294 Y110.588 E.05401
G1 X128.149 Y111.171 E.03433
G1 X128.467 Y111.498 E.01513
G1 X128.636 Y111.826 E.01223
G1 X128.703 Y112.481 E.02185
G1 X128.59 Y113.136 E.02205
G1 X128.364 Y113.791 E.023
G1 X128.006 Y114.446 E.02476
G1 X127.449 Y115.101 E.02853
G1 X126.601 Y115.757 E.03555
G1 X125.639 Y116.412 E.0386
G1 X125.322 Y116.739 E.01513
G1 X125.153 Y117.067 E.01223
G1 X125.139 Y117.206 E.00463
G1 X121.767 Y117.206 E.11186
G1 X122.908 Y116.412 E.04612
G1 X123.225 Y116.084 E.01513
G1 X123.395 Y115.757 E.01223
G1 X123.461 Y115.101 E.02185
G1 X123.409 Y114.794 E.01034
G1 X117.228 Y114.794 E.20503
G1 X116.966 Y115.101 E.01338
G1 X116.119 Y115.757 E.03555
G1 X115.157 Y116.412 E.0386
G1 X114.839 Y116.739 E.01513
G1 X114.67 Y117.067 E.01223
G1 X114.656 Y117.206 E.00463
G1 X111.284 Y117.206 E.11186
G1 X112.425 Y116.412 E.04612
G1 X112.743 Y116.084 E.01513
G1 X112.912 Y115.757 E.01223
G1 X112.979 Y115.101 E.02185
G1 X112.926 Y114.794 E.01034
G1 X106.745 Y114.794 E.20503
G1 X106.484 Y115.101 E.01338
G1 X105.636 Y115.757 E.03555
G1 X104.674 Y116.412 E.0386
G1 X104.357 Y116.739 E.01513
G1 X104.188 Y117.067 E.01223
G1 X104.174 Y117.206 E.00463
G1 X100.801 Y117.206 E.11186
G1 X101.943 Y116.412 E.04612
G1 X102.26 Y116.084 E.01513
G1 X102.429 Y115.757 E.01223
G1 X102.496 Y115.101 E.02185
G1 X102.444 Y114.794 E.01034
G1 X96.263 Y114.794 E.20503
G1 X96.001 Y115.101 E.01338
G1 X95.153 Y115.757 E.03555
G1 X94.192 Y116.412 E.0386
G1 X93.874 Y116.739 E.01513
G1 X93.705 Y117.067 E.01223
G1 X93.691 Y117.206 E.00463
G1 X90.319 Y117.206 E.11186
G1 X91.46 Y116.412 E.04612
G1 X91.778 Y116.084 E.01513
G1 X91.947 Y115.757 E.01223
G1 X92.014 Y115.101 E.02185
G1 X91.901 Y114.446 E.02205
G1 X91.674 Y113.791 E.023
G1 X91.317 Y113.136 E.02476
G1 X90.76 Y112.481 E.02853
G1 X90.294 Y112.121 E.01953
G1 X90.294 Y106.742 E.17842
G1 X90.499 Y106.584 E.00857
G1 X91.46 Y105.929 E.0386
G1 X91.778 Y105.602 E.01513
G1 X91.947 Y105.274 E.01223
G1 X92.014 Y104.619 E.02185
G1 X91.901 Y103.964 E.02205
G1 X91.674 Y103.309 E.023
G1 X91.394 Y102.794 E.01944
G1 X93.022 Y102.794 E.05401
M205 X8 Y8
G1 X93.618 Y105.26 F7200
M205 X10 Y10
G1 F3000
G1 X93.973 Y105.206 E.01191
G1 X95.241 Y105.206 E.04208
G1 X96.001 Y104.619 E.03185
G1 X96.558 Y103.964 E.02853
G1 X96.916 Y103.309 E.02476
G1 X97.094 Y102.794 E.01806
G1 X101.876 Y102.794 E.15864
G1 X102.157 Y103.309 E.01944
G1 X102.384 Y103.964 E.023
G1 X102.496 Y104.619 E.02205
G1 X102.436 Y105.206 E.01957
G1 X105.724 Y105.206 E.10906
G1 X106.484 Y104.619 E.03185
G1 X107.041 Y103.964 E.02853
G1 X107.398 Y103.309 E.02476
M73 P42 R5
G1 X107.577 Y102.794 E.01806
G1 X112.359 Y102.794 E.15864
G1 X112.64 Y103.309 E.01944
G1 X112.867 Y103.964 E.023
G1 X112.979 Y104.619 E.02205
G1 X112.919 Y105.206 E.01957
G1 X116.207 Y105.206 E.10906
G1 X116.966 Y104.619 E.03185
G1 X117.524 Y103.964 E.02853
G1 X117.881 Y103.309 E.02476
G1 X118.059 Y102.794 E.01806
G1 X122.842 Y102.794 E.15864
G1 X123.122 Y103.309 E.01944
G1 X123.349 Y103.964 E.023
G1 X123.461 Y104.619 E.02205
G1 X123.402 Y105.206 E.01957
G1 X126.027 Y105.206 E.08709
G1 X126.366 Y105.253 E.01136
G1 X126.529 Y105.323 E.00589
G1 X127.449 Y104.619 E.03842
G1 X128.006 Y103.964 E.02853
G1 X128.364 Y103.309 E.02476
G1 X128.542 Y102.794 E.01806
G1 X129.706 Y102.794 E.03862
G1 X129.706 Y103.258 E.0154
; stop printing object V7_00_capacitive_fit_gauge_32x7.stl id:0 copy 0
;TIME_ELAPSED:228.773651

;LAYER_CHANGE
;:1.2
;HEIGHT:0.2
;BEFORE_LAYER_CHANGE
;1.2
G92 E0

G1 E-4.5 F2700
;WIPE_START
G1 F3000
G1 X129.706 Y102.794 E-.11024
G1 X128.542 Y102.794 E-.27649
G1 X128.42 Y103.145 E-.08827
;WIPE_END
G1 E-.025 F2700
;_SET_FAN_SPEED_CHANGING_LAYER
; OBJECT_ID: 15
; printing object V7_00_capacitive_fit_gauge_32x7.stl id:0 copy 0
M205 X8 Y8
G17
G3 Z1.4 I-1.21 J.132 P1  F7200
G1 X129.991 Y117.491 Z1.4
G1 Z1.2
G1 E5 F2400
M205 X10 Y10
;TYPE:Inner wall
;WIDTH:0.449999
G1 F2700
G1 X90.009 Y117.491 E1.32626
G1 X90.009 Y102.509 E.49697
G1 X129.991 Y102.509 E1.32626
G1 X129.991 Y117.451 E.49564
M205 X8 Y8
G1 X130.398 Y117.898 F7200
M205 X10 Y10
G1 F2700
G1 X89.602 Y117.898 E1.35327
G1 X89.602 Y102.102 E.52398
M73 P43 R5
G1 X130.398 Y102.102 E1.35327
G1 X130.398 Y117.858 E.52265
M205 X8 Y8
G1 X130.79 Y118.29 F7200
M205 X10 Y10
;TYPE:Outer wall
;WIDTH:0.419999
G1 F2400
G1 X89.21 Y118.29 E1.27764
G1 X89.21 Y101.71 E.50946
G1 X130.79 Y101.71 E1.27764
G1 X130.79 Y118.25 E.50823
G1 E-4.5 F2700
;WIPE_START
M73 P44 R5
G1 F2400
G1 X128.79 Y118.252 E-.475
;WIPE_END
G1 E-.025 F2700
M205 X8 Y8
G1 X126.994 Y113.63 Z1.6 F7200
G1 Z1.2
G1 E5 F2400
M205 X10 Y10
;TYPE:Inner wall
;WIDTH:0.449999
G1 F2700
G1 X126.972 Y113.789 E.00534
G1 X126.869 Y114.028 E.00864
G1 X126.72 Y114.22 E.00806
G1 X126.528 Y114.369 E.00806
G1 X126.152 Y114.509 E.01331
G1 X93.979 Y114.509 E1.06726
G1 X93.711 Y114.472 E.00896
G1 X93.472 Y114.369 E.00864
G1 X93.28 Y114.22 E.00806
G1 X93.131 Y114.028 E.00806
G1 X92.991 Y113.652 E.01331
G1 X92.991 Y106.479 E.23796
G1 X93.028 Y106.211 E.00896
G1 X93.131 Y105.972 E.00864
G1 X93.28 Y105.78 E.00806
G1 X93.472 Y105.631 E.00806
G1 X93.848 Y105.491 E.01331
G1 X126.021 Y105.491 E1.06726
G1 X126.289 Y105.528 E.00896
G1 X126.528 Y105.631 E.00864
G1 X126.72 Y105.78 E.00806
G1 X126.869 Y105.972 E.00806
G1 X126.972 Y106.211 E.00864
G1 X127.009 Y106.479 E.00896
G1 X127.009 Y113.521 E.23363
G1 X127 Y113.59 E.0023
M205 X8 Y8
G1 X126.574 Y113.622 F7200
M205 X10 Y10
G1 F2700
G1 X126.52 Y113.819 E.00679
G1 X126.319 Y114.02 E.0094
G1 X126.021 Y114.102 E.01025
G1 X93.979 Y114.102 E1.06292
G1 X93.681 Y114.02 E.01025
G1 X93.48 Y113.819 E.0094
G1 X93.398 Y113.521 E.01025
G1 X93.398 Y106.479 E.23363
G1 X93.48 Y106.181 E.01025
M73 P44 R4
G1 X93.681 Y105.98 E.0094
G1 X93.979 Y105.898 E.01025
G1 X126.021 Y105.898 E1.06292
G1 X126.319 Y105.98 E.01025
G1 X126.52 Y106.181 E.0094
G1 X126.602 Y106.479 E.01025
G1 X126.602 Y113.521 E.23363
G1 X126.585 Y113.584 E.00214
M205 X8 Y8
G1 X126.21 Y113.521 F7200
M205 X10 Y10
;TYPE:Outer wall
;WIDTH:0.419999
G1 F2400
G1 X126.155 Y113.655 E.00443
G1 X126.021 Y113.71 E.00443
G1 X93.979 Y113.71 E.98459
G1 X93.845 Y113.655 E.00443
M73 P45 R4
G1 X93.79 Y113.521 E.00443
G1 X93.79 Y106.479 E.21641
G1 X93.845 Y106.345 E.00443
G1 X93.979 Y106.29 E.00443
G1 X126.021 Y106.29 E.98459
G1 X126.155 Y106.345 E.00443
G1 X126.21 Y106.479 E.00443
G1 X126.21 Y113.481 E.21518
G1 E-4.5 F2700
;WIPE_START
G1 F2400
G1 X126.155 Y113.655 E-.0432
G1 X126.021 Y113.71 E-.03427
G1 X124.348 Y113.71 E-.39753
;WIPE_END
G1 E-.025 F2700
M205 X8 Y8
G1 X127.294 Y112.043 Z1.6 F7200
G1 Z1.2
G1 E5 F2400
M205 X10 Y10
;TYPE:Sparse infill
;WIDTH:0.45
G1 F3000
G1 X127.294 Y110.415 E.05401
G1 X128.675 Y111.171 E.05221
G1 X128.956 Y111.498 E.01432
G1 X129.023 Y111.826 E.0111
G1 X128.934 Y112.481 E.02193
G1 X128.731 Y113.136 E.02276
G1 X128.439 Y113.791 E.02379
G1 X128.019 Y114.446 E.02581
G1 X127.372 Y115.101 E.03055
G1 X126.336 Y115.757 E.04067
G1 X125.114 Y116.412 E.04598
G1 X124.833 Y116.739 E.01432
G1 X124.765 Y117.067 E.0111
G1 X124.784 Y117.206 E.00465
G1 X121.992 Y117.206 E.09263
G1 X122.212 Y117.067 E.00862
G1 X123.433 Y116.412 E.04598
G1 X123.714 Y116.084 E.01432
G1 X123.782 Y115.757 E.0111
G1 X123.693 Y115.101 E.02193
G1 X123.597 Y114.794 E.01068
G1 X117.193 Y114.794 E.21244
G1 X116.889 Y115.101 E.01433
G1 X115.853 Y115.757 E.04067
G1 X114.632 Y116.412 E.04598
G1 X114.351 Y116.739 E.01432
G1 X114.283 Y117.067 E.0111
G1 X114.302 Y117.206 E.00465
G1 X111.51 Y117.206 E.09263
G1 X111.729 Y117.067 E.00862
G1 X112.951 Y116.412 E.04598
G1 X113.232 Y116.084 E.01432
G1 X113.299 Y115.757 E.0111
G1 X113.21 Y115.101 E.02193
G1 X113.115 Y114.794 E.01068
G1 X106.71 Y114.794 E.21244
G1 X106.407 Y115.101 E.01433
G1 X105.37 Y115.757 E.04067
G1 X104.149 Y116.412 E.04598
G1 X103.868 Y116.739 E.01432
G1 X103.8 Y117.067 E.0111
G1 X103.819 Y117.206 E.00465
G1 X101.027 Y117.206 E.09263
G1 X101.247 Y117.067 E.00862
G1 X102.468 Y116.412 E.04598
G1 X102.749 Y116.084 E.01432
G1 X102.817 Y115.757 E.0111
G1 X102.728 Y115.101 E.02193
G1 X102.632 Y114.794 E.01068
G1 X96.228 Y114.794 E.21244
G1 X95.924 Y115.101 E.01433
G1 X94.888 Y115.757 E.04067
G1 X93.666 Y116.412 E.04598
G1 X93.385 Y116.739 E.01432
G1 X93.318 Y117.067 E.0111
G1 X93.337 Y117.206 E.00465
G1 X90.544 Y117.206 E.09263
G1 X90.764 Y117.067 E.00862
G1 X91.985 Y116.412 E.04598
G1 X92.266 Y116.084 E.01432
G1 X92.334 Y115.757 E.0111
G1 X92.245 Y115.101 E.02193
G1 X92.042 Y114.446 E.02276
G1 X91.75 Y113.791 E.02379
G1 X91.33 Y113.136 E.02581
G1 X90.683 Y112.481 E.03055
G1 X90.294 Y112.235 E.01526
G1 X90.294 Y106.881 E.17759
G1 X90.764 Y106.584 E.01844
G1 X91.985 Y105.929 E.04598
G1 X92.266 Y105.602 E.01432
G1 X92.334 Y105.274 E.0111
G1 X92.245 Y104.619 E.02193
G1 X92.042 Y103.964 E.02276
G1 X91.75 Y103.309 E.02379
G1 X91.42 Y102.794 E.02027
G1 X93.049 Y102.794 E.05401
M205 X8 Y8
M73 P46 R4
G1 X93.392 Y105.357 F7200
M205 X10 Y10
G1 F3000
G1 X93.634 Y105.253 E.00873
G1 X93.973 Y105.206 E.01136
G1 X94.996 Y105.206 E.03393
G1 X95.924 Y104.619 E.03644
G1 X96.571 Y103.964 E.03055
G1 X96.991 Y103.309 E.02581
G1 X97.22 Y102.794 E.01868
G1 X101.903 Y102.794 E.15533
G1 X102.233 Y103.309 E.02027
G1 X102.524 Y103.964 E.02379
G1 X102.728 Y104.619 E.02276
G1 X102.808 Y105.206 E.01965
G1 X105.478 Y105.206 E.08859
G1 X106.407 Y104.619 E.03644
G1 X107.054 Y103.964 E.03055
G1 X107.474 Y103.309 E.02581
G1 X107.703 Y102.794 E.01868
G1 X112.385 Y102.794 E.15533
G1 X112.715 Y103.309 E.02027
G1 X113.007 Y103.964 E.02379
G1 X113.21 Y104.619 E.02276
G1 X113.29 Y105.206 E.01965
G1 X115.961 Y105.206 E.08859
G1 X116.889 Y104.619 E.03644
G1 X117.537 Y103.964 E.03055
G1 X117.956 Y103.309 E.02581
G1 X118.185 Y102.794 E.01868
G1 X122.868 Y102.794 E.15533
G1 X123.198 Y103.309 E.02027
G1 X123.489 Y103.964 E.02379
G1 X123.693 Y104.619 E.02276
G1 X123.773 Y105.206 E.01965
G1 X126.027 Y105.206 E.07478
G1 X126.368 Y105.254 E.01142
G1 X127.372 Y104.619 E.0394
G1 X128.019 Y103.964 E.03055
G1 X128.439 Y103.309 E.02581
G1 X128.668 Y102.794 E.01868
G1 X129.706 Y102.794 E.03443
G1 X129.706 Y103.385 E.01959
; stop printing object V7_00_capacitive_fit_gauge_32x7.stl id:0 copy 0
;TIME_ELAPSED:251.233185

;LAYER_CHANGE
;:1.4
;HEIGHT:0.2
;BEFORE_LAYER_CHANGE
;1.4
G92 E0

G1 E-4.5 F2700
;WIPE_START
G1 F3000
G1 X129.706 Y102.794 E-.14024
G1 X128.668 Y102.794 E-.24649
G1 X128.517 Y103.134 E-.08827
;WIPE_END
G1 E-.025 F2700
;_SET_FAN_SPEED_CHANGING_LAYER
; OBJECT_ID: 15
; printing object V7_00_capacitive_fit_gauge_32x7.stl id:0 copy 0
M205 X8 Y8
G17
G3 Z1.6 I-1.211 J.124 P1  F7200
G1 X129.991 Y117.491 Z1.6
G1 Z1.4
G1 E5 F2400
M205 X10 Y10
;TYPE:Inner wall
;WIDTH:0.449999
G1 F2700
G1 X90.009 Y117.491 E1.32626
G1 X90.009 Y102.509 E.49697
G1 X129.991 Y102.509 E1.32626
G1 X129.991 Y117.451 E.49564
M205 X8 Y8
G1 X130.398 Y117.898 F7200
M205 X10 Y10
M73 P47 R4
G1 F2700
G1 X89.602 Y117.898 E1.35327
G1 X89.602 Y102.102 E.52398
G1 X130.398 Y102.102 E1.35327
G1 X130.398 Y117.858 E.52265
M205 X8 Y8
G1 X130.79 Y118.29 F7200
M205 X10 Y10
;TYPE:Outer wall
;WIDTH:0.419999
G1 F2400
G1 X89.21 Y118.29 E1.27764
G1 X89.21 Y101.71 E.50946
G1 X130.79 Y101.71 E1.27764
G1 X130.79 Y118.25 E.50823
M73 P48 R4
G1 E-4.5 F2700
;WIPE_START
G1 F2400
G1 X128.79 Y118.252 E-.475
;WIPE_END
G1 E-.025 F2700
M205 X8 Y8
G1 X126.994 Y113.63 Z1.8 F7200
G1 Z1.4
G1 E5 F2400
M205 X10 Y10
;TYPE:Inner wall
;WIDTH:0.449999
G1 F2700
G1 X126.972 Y113.789 E.00534
G1 X126.869 Y114.028 E.00864
G1 X126.72 Y114.22 E.00806
G1 X126.528 Y114.369 E.00806
G1 X126.152 Y114.509 E.01331
G1 X93.979 Y114.509 E1.06726
G1 X93.711 Y114.472 E.00896
G1 X93.472 Y114.369 E.00864
G1 X93.28 Y114.22 E.00806
G1 X93.131 Y114.028 E.00806
G1 X92.991 Y113.652 E.01331
G1 X92.991 Y106.479 E.23796
G1 X93.028 Y106.211 E.00896
G1 X93.131 Y105.972 E.00864
G1 X93.28 Y105.78 E.00806
G1 X93.472 Y105.631 E.00806
G1 X93.848 Y105.491 E.01331
G1 X126.021 Y105.491 E1.06726
G1 X126.289 Y105.528 E.00896
G1 X126.528 Y105.631 E.00864
G1 X126.72 Y105.78 E.00806
G1 X126.869 Y105.972 E.00806
G1 X126.972 Y106.211 E.00864
G1 X127.009 Y106.479 E.00896
G1 X127.009 Y113.521 E.23363
G1 X127 Y113.59 E.0023
M205 X8 Y8
G1 X126.574 Y113.622 F7200
M205 X10 Y10
G1 F2700
G1 X126.52 Y113.819 E.00679
G1 X126.319 Y114.02 E.0094
G1 X126.021 Y114.102 E.01025
G1 X93.979 Y114.102 E1.06292
G1 X93.681 Y114.02 E.01025
G1 X93.48 Y113.819 E.0094
G1 X93.398 Y113.521 E.01025
G1 X93.398 Y106.479 E.23363
G1 X93.48 Y106.181 E.01025
G1 X93.681 Y105.98 E.0094
G1 X93.979 Y105.898 E.01025
G1 X126.021 Y105.898 E1.06292
G1 X126.319 Y105.98 E.01025
M73 P49 R4
G1 X126.52 Y106.181 E.0094
G1 X126.602 Y106.479 E.01025
G1 X126.602 Y113.521 E.23363
G1 X126.585 Y113.584 E.00214
M205 X8 Y8
G1 X126.21 Y113.521 F7200
M205 X10 Y10
;TYPE:Outer wall
;WIDTH:0.419999
G1 F2400
G1 X126.155 Y113.655 E.00443
G1 X126.021 Y113.71 E.00443
G1 X93.979 Y113.71 E.98459
G1 X93.845 Y113.655 E.00443
G1 X93.79 Y113.521 E.00443
G1 X93.79 Y106.479 E.21641
G1 X93.845 Y106.345 E.00443
G1 X93.979 Y106.29 E.00443
G1 X126.021 Y106.29 E.98459
G1 X126.155 Y106.345 E.00443
G1 X126.21 Y106.479 E.00443
G1 X126.21 Y113.481 E.21518
G1 E-4.5 F2700
;WIPE_START
G1 F2400
G1 X126.155 Y113.655 E-.0432
G1 X126.021 Y113.71 E-.03427
G1 X124.348 Y113.71 E-.39753
;WIPE_END
G1 E-.025 F2700
M205 X8 Y8
G1 X127.294 Y111.914 Z1.8 F7200
G1 Z1.4
G1 E5 F2400
M205 X10 Y10
;TYPE:Sparse infill
;WIDTH:0.45
G1 F3000
G1 X127.294 Y110.285 E.05401
G1 X127.55 Y110.402 E.00931
G1 X128.205 Y110.616 E.02286
G1 X128.86 Y110.727 E.02204
G1 X129.187 Y110.679 E.01098
G1 X129.515 Y110.41 E.01405
G1 X129.706 Y110.041 E.01379
G1 X129.706 Y111.775 E.05752
G1 X129.515 Y111.931 E.00818
G1 X128.86 Y113.2 E.04736
G1 X128.205 Y114.261 E.04138
G1 X127.55 Y114.918 E.03078
G1 X126.894 Y115.345 E.02593
G1 X126.239 Y115.643 E.02388
G1 X125.584 Y115.857 E.02286
G1 X124.929 Y115.968 E.02204
G1 X124.601 Y115.92 E.01098
G1 X124.274 Y115.651 E.01405
G1 X123.831 Y114.794 E.032
G1 X117.191 Y114.794 E.22027
G1 X117.067 Y114.918 E.00581
G1 X116.412 Y115.345 E.02593
G1 X115.757 Y115.643 E.02388
G1 X115.101 Y115.857 E.02286
G1 X114.446 Y115.968 E.02204
G1 X114.119 Y115.92 E.01098
G1 X113.791 Y115.651 E.01405
G1 X113.348 Y114.794 E.032
G1 X106.708 Y114.794 E.22027
G1 X106.584 Y114.918 E.00581
G1 X105.929 Y115.345 E.02593
G1 X105.274 Y115.643 E.02388
G1 X104.619 Y115.857 E.02286
G1 X103.964 Y115.968 E.02204
G1 X103.636 Y115.92 E.01098
G1 X103.309 Y115.651 E.01405
G1 X102.866 Y114.794 E.032
G1 X96.225 Y114.794 E.22027
G1 X96.102 Y114.918 E.00581
G1 X95.447 Y115.345 E.02593
G1 X94.791 Y115.643 E.02388
G1 X94.136 Y115.857 E.02286
G1 X93.481 Y115.968 E.02204
G1 X93.154 Y115.92 E.01098
G1 X92.826 Y115.651 E.01405
G1 X92.171 Y114.383 E.04736
G1 X91.516 Y113.321 E.04138
G1 X90.86 Y112.664 E.03078
G1 X90.294 Y112.296 E.02241
G1 X90.294 Y106.956 E.17712
G1 X90.86 Y106.698 E.02064
G1 X91.516 Y106.484 E.02286
G1 X92.171 Y106.373 E.02204
G1 X92.498 Y106.421 E.01098
G1 X92.706 Y106.591 E.0089
G1 X92.706 Y106.473 E.00393
G1 X92.753 Y106.134 E.01136
G1 X92.885 Y105.825 E.01113
G1 X93.078 Y105.578 E.0104
G1 X93.242 Y105.45 E.0069
G1 X93.154 Y105.437 E.00298
G1 X92.826 Y105.169 E.01405
G1 X92.171 Y103.9 E.04736
G1 X91.516 Y102.839 E.04138
G1 X91.471 Y102.794 E.00208
M73 P50 R4
G1 X93.1 Y102.794 E.05401
M205 X8 Y8
G1 X93.416 Y105.347 F7200
M205 X10 Y10
G1 F3000
G1 X93.634 Y105.253 E.00788
G1 X93.973 Y105.206 E.01136
G1 X94.652 Y105.206 E.02253
G1 X94.791 Y105.16 E.00486
G1 X95.447 Y104.862 E.02388
G1 X96.102 Y104.436 E.02593
G1 X96.757 Y103.778 E.03078
G1 X97.364 Y102.794 E.03837
G1 X101.954 Y102.794 E.15224
G1 X101.998 Y102.839 E.00208
G1 X102.653 Y103.9 E.04138
G1 X103.309 Y105.169 E.04736
G1 X103.354 Y105.206 E.00195
G1 X105.135 Y105.206 E.05908
G1 X105.274 Y105.16 E.00486
G1 X105.929 Y104.862 E.02388
G1 X106.584 Y104.436 E.02593
G1 X107.24 Y103.778 E.03078
G1 X107.847 Y102.794 E.03837
G1 X112.436 Y102.794 E.15224
G1 X112.481 Y102.839 E.00208
G1 X113.136 Y103.9 E.04138
G1 X113.791 Y105.169 E.04736
G1 X113.837 Y105.206 E.00195
G1 X115.617 Y105.206 E.05908
G1 X115.757 Y105.16 E.00486
G1 X116.412 Y104.862 E.02388
G1 X117.067 Y104.436 E.02593
G1 X117.722 Y103.778 E.03078
G1 X118.33 Y102.794 E.03837
G1 X122.919 Y102.794 E.15224
G1 X122.963 Y102.839 E.00208
G1 X123.619 Y103.9 E.04138
G1 X124.274 Y105.169 E.04736
G1 X124.319 Y105.206 E.00195
G1 X126.078 Y105.213 E.05836
G1 X126.239 Y105.16 E.00561
G1 X126.894 Y104.862 E.02388
G1 X127.55 Y104.436 E.02593
G1 X128.205 Y103.778 E.03078
G1 X128.812 Y102.794 E.03837
G1 X129.706 Y102.794 E.02964
G1 X129.706 Y103.529 E.02437
M205 X8 Y8
G1 X125.919 Y117.206 F7200
M205 X10 Y10
G1 F3000
G1 X124.291 Y117.206 E.05401
G1 X124.274 Y117.172 E.00125
G1 X123.946 Y116.904 E.01405
G1 X123.619 Y116.856 E.01098
G1 X122.963 Y116.967 E.02204
G1 X122.253 Y117.206 E.02488
G1 X113.808 Y117.206 E.28011
G1 X113.791 Y117.172 E.00125
G1 X113.464 Y116.904 E.01405
G1 X113.136 Y116.856 E.01098
G1 X112.481 Y116.967 E.02204
G1 X111.77 Y117.206 E.02488
G1 X103.326 Y117.206 E.28011
G1 X103.309 Y117.172 E.00125
G1 X102.981 Y116.904 E.01405
G1 X102.653 Y116.856 E.01098
G1 X101.998 Y116.967 E.02204
G1 X101.287 Y117.206 E.02488
G1 X92.843 Y117.206 E.28011
G1 X92.826 Y117.172 E.00125
G1 X92.498 Y116.904 E.01405
G1 X92.171 Y116.856 E.01098
G1 X91.516 Y116.967 E.02204
G1 X90.805 Y117.206 E.02488
G1 X90.294 Y117.206 E.01694
G1 X90.294 Y116.088 E.03707
; stop printing object V7_00_capacitive_fit_gauge_32x7.stl id:0 copy 0
;TIME_ELAPSED:274.407288

;LAYER_CHANGE
;:1.6
;HEIGHT:0.2
;BEFORE_LAYER_CHANGE
;1.6
G92 E0

G1 E-4.5 F2700
;WIPE_START
G1 F3000
G1 X90.294 Y117.206 E-.26542
G1 X90.805 Y117.206 E-.1213
G1 X91.157 Y117.087 E-.08827
;WIPE_END
G1 E-.025 F2700
;_SET_FAN_SPEED_CHANGING_LAYER
; OBJECT_ID: 15
; printing object V7_00_capacitive_fit_gauge_32x7.stl id:0 copy 0
M205 X8 Y8
G17
G3 Z1.8 I-.013 J1.217 P1  F7200
G1 X129.991 Y117.491 Z1.8
G1 Z1.6
G1 E5 F2400
M205 X10 Y10
;TYPE:Inner wall
;WIDTH:0.449999
G1 F2700
G1 X90.009 Y117.491 E1.32626
G1 X90.009 Y102.509 E.49697
M73 P51 R4
G1 X129.991 Y102.509 E1.32626
G1 X129.991 Y117.451 E.49564
M205 X8 Y8
G1 X130.398 Y117.898 F7200
M205 X10 Y10
G1 F2700
G1 X89.602 Y117.898 E1.35327
G1 X89.602 Y102.102 E.52398
G1 X130.398 Y102.102 E1.35327
G1 X130.398 Y117.858 E.52265
M205 X8 Y8
G1 X130.79 Y118.29 F7200
M205 X10 Y10
;TYPE:Outer wall
;WIDTH:0.419999
G1 F2400
G1 X89.21 Y118.29 E1.27764
G1 X89.21 Y101.71 E.50946
M73 P52 R4
G1 X130.79 Y101.71 E1.27764
G1 X130.79 Y118.25 E.50823
G1 E-4.5 F2700
;WIPE_START
G1 F2400
G1 X128.79 Y118.252 E-.475
;WIPE_END
G1 E-.025 F2700
M205 X8 Y8
G1 X126.994 Y113.63 Z2 F7200
G1 Z1.6
G1 E5 F2400
M205 X10 Y10
;TYPE:Inner wall
;WIDTH:0.449999
G1 F2700
G1 X126.972 Y113.789 E.00534
G1 X126.869 Y114.028 E.00864
G1 X126.72 Y114.22 E.00806
G1 X126.528 Y114.369 E.00806
G1 X126.152 Y114.509 E.01331
G1 X93.979 Y114.509 E1.06726
G1 X93.711 Y114.472 E.00896
G1 X93.472 Y114.369 E.00864
G1 X93.28 Y114.22 E.00806
G1 X93.131 Y114.028 E.00806
G1 X92.991 Y113.652 E.01331
G1 X92.991 Y106.479 E.23796
G1 X93.028 Y106.211 E.00896
G1 X93.131 Y105.972 E.00864
G1 X93.28 Y105.78 E.00806
G1 X93.472 Y105.631 E.00806
G1 X93.848 Y105.491 E.01331
G1 X126.021 Y105.491 E1.06726
G1 X126.289 Y105.528 E.00896
G1 X126.528 Y105.631 E.00864
G1 X126.72 Y105.78 E.00806
G1 X126.869 Y105.972 E.00806
G1 X126.972 Y106.211 E.00864
G1 X127.009 Y106.479 E.00896
G1 X127.009 Y113.521 E.23363
G1 X127 Y113.59 E.0023
M205 X8 Y8
M73 P53 R4
G1 X126.574 Y113.622 F7200
M205 X10 Y10
G1 F2700
G1 X126.52 Y113.819 E.00679
G1 X126.319 Y114.02 E.0094
G1 X126.021 Y114.102 E.01025
G1 X93.979 Y114.102 E1.06292
G1 X93.681 Y114.02 E.01025
G1 X93.48 Y113.819 E.0094
G1 X93.398 Y113.521 E.01025
G1 X93.398 Y106.479 E.23363
G1 X93.48 Y106.181 E.01025
G1 X93.681 Y105.98 E.0094
G1 X93.979 Y105.898 E.01025
G1 X126.021 Y105.898 E1.06292
G1 X126.319 Y105.98 E.01025
G1 X126.52 Y106.181 E.0094
G1 X126.602 Y106.479 E.01025
G1 X126.602 Y113.521 E.23363
G1 X126.585 Y113.584 E.00214
M205 X8 Y8
G1 X126.21 Y113.521 F7200
M205 X10 Y10
;TYPE:Outer wall
;WIDTH:0.419999
G1 F2400
G1 X126.155 Y113.655 E.00443
G1 X126.021 Y113.71 E.00443
G1 X93.979 Y113.71 E.98459
G1 X93.845 Y113.655 E.00443
G1 X93.79 Y113.521 E.00443
G1 X93.79 Y106.479 E.21641
G1 X93.845 Y106.345 E.00443
G1 X93.979 Y106.29 E.00443
G1 X126.021 Y106.29 E.98459
G1 X126.155 Y106.345 E.00443
G1 X126.21 Y106.479 E.00443
G1 X126.21 Y113.481 E.21518
G1 E-4.5 F2700
;WIPE_START
G1 F2400
G1 X126.155 Y113.655 E-.0432
G1 X126.021 Y113.71 E-.03427
G1 X124.348 Y113.71 E-.39753
;WIPE_END
G1 E-.025 F2700
M205 X8 Y8
G1 X127.294 Y111.797 Z2 F7200
G1 Z1.6
G1 E5 F2400
M205 X10 Y10
;TYPE:Sparse infill
;WIDTH:0.45
G1 F3000
G1 X127.294 Y110.168 E.05401
G1 X127.55 Y110.259 E.009
G1 X128.205 Y110.381 E.0221
G1 X128.86 Y110.326 E.02181
G1 X129.187 Y110.164 E.01213
G1 X129.515 Y109.847 E.01511
G1 X129.706 Y109.562 E.01139
G1 X129.706 Y112.31 E.09115
G1 X129.515 Y112.494 E.0088
G1 X128.86 Y113.474 E.0391
G1 X128.205 Y114.338 E.03597
G1 X127.55 Y114.903 E.02872
G1 X126.894 Y115.267 E.02486
G1 X126.239 Y115.501 E.02307
G1 X125.584 Y115.622 E.0221
G1 X124.929 Y115.568 E.02181
G1 X124.601 Y115.405 E.01213
M73 P54 R4
G1 X124.274 Y115.088 E.01511
G1 X124.077 Y114.794 E.01174
G1 X117.194 Y114.794 E.22833
G1 X117.067 Y114.903 E.00555
G1 X116.412 Y115.267 E.02486
G1 X115.757 Y115.501 E.02307
G1 X115.101 Y115.622 E.0221
G1 X114.446 Y115.568 E.02181
G1 X114.119 Y115.405 E.01213
G1 X113.791 Y115.088 E.01511
G1 X113.594 Y114.794 E.01174
G1 X106.711 Y114.794 E.22833
G1 X106.584 Y114.903 E.00555
G1 X105.929 Y115.267 E.02486
G1 X105.274 Y115.501 E.02307
G1 X104.619 Y115.622 E.0221
G1 X103.964 Y115.568 E.02181
G1 X103.636 Y115.405 E.01213
G1 X103.309 Y115.088 E.01511
G1 X103.112 Y114.794 E.01174
G1 X96.228 Y114.794 E.22833
G1 X96.102 Y114.903 E.00555
G1 X95.447 Y115.267 E.02486
G1 X94.791 Y115.501 E.02307
G1 X94.136 Y115.622 E.0221
G1 X93.481 Y115.568 E.02181
G1 X93.154 Y115.405 E.01213
G1 X92.826 Y115.088 E.01511
G1 X92.171 Y114.109 E.0391
G1 X91.516 Y113.245 E.03597
G1 X90.86 Y112.679 E.02872
G1 X90.294 Y112.364 E.02149
G1 X90.294 Y107.042 E.17655
G1 X90.86 Y106.84 E.01994
G1 X91.516 Y106.719 E.0221
G1 X92.171 Y106.773 E.02181
G1 X92.498 Y106.936 E.01213
G1 X92.706 Y107.137 E.00957
G1 X92.706 Y108.765 E.05401
M205 X8 Y8
G1 X93.168 Y102.794 F7200
M205 X10 Y10
G1 F3000
G1 X91.54 Y102.794 E.05401
G1 X92.171 Y103.626 E.03463
G1 X92.826 Y104.606 E.0391
G1 X93.154 Y104.922 E.01511
G1 X93.481 Y105.085 E.01213
G1 X94.136 Y105.139 E.02181
G1 X94.791 Y105.018 E.0221
G1 X95.447 Y104.785 E.02307
G1 X96.102 Y104.421 E.02486
G1 X96.757 Y103.855 E.02872
G1 X97.544 Y102.794 E.04382
G1 X102.023 Y102.794 E.14857
G1 X102.653 Y103.626 E.03463
G1 X103.309 Y104.606 E.0391
G1 X103.636 Y104.922 E.01511
G1 X103.964 Y105.085 E.01213
G1 X104.619 Y105.139 E.02181
G1 X105.274 Y105.018 E.0221
G1 X105.929 Y104.785 E.02307
G1 X106.584 Y104.421 E.02486
G1 X107.24 Y103.855 E.02872
G1 X108.026 Y102.794 E.04382
G1 X112.505 Y102.794 E.14857
G1 X113.136 Y103.626 E.03463
G1 X113.791 Y104.606 E.0391
G1 X114.119 Y104.922 E.01511
G1 X114.446 Y105.085 E.01213
G1 X115.101 Y105.139 E.02181
G1 X115.757 Y105.018 E.0221
G1 X116.412 Y104.785 E.02307
G1 X117.067 Y104.421 E.02486
G1 X117.722 Y103.855 E.02872
G1 X118.509 Y102.794 E.04382
G1 X122.988 Y102.794 E.14857
G1 X123.619 Y103.626 E.03463
G1 X124.274 Y104.606 E.0391
G1 X124.601 Y104.922 E.01511
G1 X124.929 Y105.085 E.01213
G1 X125.584 Y105.139 E.02181
G1 X126.239 Y105.018 E.0221
G1 X126.894 Y104.785 E.02307
G1 X127.55 Y104.421 E.02486
G1 X128.205 Y103.855 E.02872
G1 X128.992 Y102.794 E.04382
G1 X129.706 Y102.794 E.02369
G1 X129.706 Y103.708 E.03032
; stop printing object V7_00_capacitive_fit_gauge_32x7.stl id:0 copy 0
;TIME_ELAPSED:296.014893

;LAYER_CHANGE
;:1.8
;HEIGHT:0.2
;BEFORE_LAYER_CHANGE
;1.8
G92 E0

G1 E-4.5 F2700
;WIPE_START
G1 F3000
G1 X129.706 Y102.794 E-.21709
G1 X128.992 Y102.794 E-.16964
G1 X128.77 Y103.093 E-.08827
;WIPE_END
G1 E-.025 F2700
;_SET_FAN_SPEED_CHANGING_LAYER
; OBJECT_ID: 15
; printing object V7_00_capacitive_fit_gauge_32x7.stl id:0 copy 0
M205 X8 Y8
G17
G3 Z2 I-1.213 J.103 P1  F7200
G1 X129.991 Y117.491 Z2
G1 Z1.8
G1 E5 F2400
M205 X10 Y10
;TYPE:Inner wall
;WIDTH:0.449999
G1 F2700
G1 X90.009 Y117.491 E1.32626
G1 X90.009 Y102.509 E.49697
M73 P55 R4
G1 X129.991 Y102.509 E1.32626
G1 X129.991 Y117.451 E.49564
M205 X8 Y8
G1 X130.398 Y117.898 F7200
M205 X10 Y10
G1 F2700
G1 X89.602 Y117.898 E1.35327
G1 X89.602 Y102.102 E.52398
G1 X130.398 Y102.102 E1.35327
G1 X130.398 Y117.858 E.52265
M205 X8 Y8
G1 X130.79 Y118.29 F7200
M205 X10 Y10
;TYPE:Outer wall
;WIDTH:0.419999
M73 P55 R3
G1 F2400
G1 X89.21 Y118.29 E1.27764
G1 X89.21 Y101.71 E.50946
M73 P56 R3
G1 X130.79 Y101.71 E1.27764
G1 X130.79 Y118.25 E.50823
G1 E-4.5 F2700
;WIPE_START
G1 F2400
G1 X128.79 Y118.252 E-.475
;WIPE_END
G1 E-.025 F2700
M205 X8 Y8
G1 X126.994 Y113.63 Z2.2 F7200
G1 Z1.8
G1 E5 F2400
M205 X10 Y10
;TYPE:Inner wall
;WIDTH:0.449999
G1 F2700
G1 X126.972 Y113.789 E.00534
G1 X126.869 Y114.028 E.00864
G1 X126.72 Y114.22 E.00806
G1 X126.528 Y114.369 E.00806
G1 X126.152 Y114.509 E.01331
G1 X93.979 Y114.509 E1.06726
G1 X93.711 Y114.472 E.00896
G1 X93.472 Y114.369 E.00864
G1 X93.28 Y114.22 E.00806
G1 X93.131 Y114.028 E.00806
G1 X92.991 Y113.652 E.01331
G1 X92.991 Y106.479 E.23796
G1 X93.028 Y106.211 E.00896
G1 X93.131 Y105.972 E.00864
G1 X93.28 Y105.78 E.00806
G1 X93.472 Y105.631 E.00806
G1 X93.848 Y105.491 E.01331
G1 X126.021 Y105.491 E1.06726
G1 X126.289 Y105.528 E.00896
G1 X126.528 Y105.631 E.00864
G1 X126.72 Y105.78 E.00806
G1 X126.869 Y105.972 E.00806
G1 X126.972 Y106.211 E.00864
G1 X127.009 Y106.479 E.00896
G1 X127.009 Y113.521 E.23363
G1 X127 Y113.59 E.0023
M205 X8 Y8
G1 X126.574 Y113.622 F7200
M205 X10 Y10
G1 F2700
G1 X126.52 Y113.819 E.00679
G1 X126.319 Y114.02 E.0094
G1 X126.021 Y114.102 E.01025
G1 X93.979 Y114.102 E1.06292
G1 X93.681 Y114.02 E.01025
M73 P57 R3
G1 X93.48 Y113.819 E.0094
G1 X93.398 Y113.521 E.01025
G1 X93.398 Y106.479 E.23363
G1 X93.48 Y106.181 E.01025
G1 X93.681 Y105.98 E.0094
G1 X93.979 Y105.898 E.01025
G1 X126.021 Y105.898 E1.06292
G1 X126.319 Y105.98 E.01025
G1 X126.52 Y106.181 E.0094
G1 X126.602 Y106.479 E.01025
G1 X126.602 Y113.521 E.23363
G1 X126.585 Y113.584 E.00214
M205 X8 Y8
G1 X126.21 Y113.521 F7200
M205 X10 Y10
;TYPE:Outer wall
;WIDTH:0.419999
G1 F2400
G1 X126.155 Y113.655 E.00443
G1 X126.021 Y113.71 E.00443
G1 X93.979 Y113.71 E.98459
G1 X93.845 Y113.655 E.00443
G1 X93.79 Y113.521 E.00443
G1 X93.79 Y106.479 E.21641
G1 X93.845 Y106.345 E.00443
G1 X93.979 Y106.29 E.00443
G1 X126.021 Y106.29 E.98459
G1 X126.155 Y106.345 E.00443
G1 X126.21 Y106.479 E.00443
G1 X126.21 Y113.481 E.21518
G1 E-4.5 F2700
;WIPE_START
G1 F2400
G1 X126.155 Y113.655 E-.0432
G1 X126.021 Y113.71 E-.03427
G1 X124.348 Y113.71 E-.39753
;WIPE_END
G1 E-.025 F2700
M205 X8 Y8
G1 X127.294 Y111.698 Z2.2 F7200
G1 Z1.8
G1 E5 F2400
M205 X10 Y10
;TYPE:Sparse infill
;WIDTH:0.45
G1 F3000
G1 X127.294 Y110.07 E.05401
G1 X127.55 Y110.136 E.00876
G1 X128.205 Y110.178 E.02178
G1 X128.86 Y110.02 E.02236
G1 X129.515 Y109.493 E.02788
G1 X129.706 Y109.249 E.0103
G1 X129.706 Y112.694 E.11431
G1 X129.515 Y112.848 E.00812
G1 X128.86 Y113.688 E.03535
G1 X128.205 Y114.419 E.03255
G1 X127.55 Y114.904 E.02704
G1 X126.894 Y115.206 E.02394
G1 X126.239 Y115.378 E.02246
G1 X125.584 Y115.42 E.02178
G1 X124.929 Y115.261 E.02236
G1 X124.348 Y114.794 E.02472
G1 X117.215 Y114.794 E.23661
G1 X117.067 Y114.904 E.00611
G1 X116.412 Y115.206 E.02394
G1 X115.757 Y115.378 E.02246
G1 X115.101 Y115.42 E.02178
G1 X114.446 Y115.261 E.02236
M73 P58 R3
G1 X113.865 Y114.794 E.02472
G1 X106.732 Y114.794 E.23661
G1 X106.584 Y114.904 E.00611
G1 X105.929 Y115.206 E.02394
G1 X105.274 Y115.378 E.02246
G1 X104.619 Y115.42 E.02178
G1 X103.964 Y115.261 E.02236
G1 X103.383 Y114.794 E.02472
G1 X96.25 Y114.794 E.23661
G1 X96.102 Y114.904 E.00611
G1 X95.447 Y115.206 E.02394
G1 X94.791 Y115.378 E.02246
G1 X94.136 Y115.42 E.02178
G1 X93.481 Y115.261 E.02236
G1 X92.826 Y114.735 E.02788
G1 X92.171 Y113.894 E.03535
G1 X91.516 Y113.164 E.03255
G1 X90.86 Y112.679 E.02704
G1 X90.294 Y112.417 E.0207
G1 X90.294 Y107.111 E.17599
G1 X90.86 Y106.963 E.01942
G1 X91.516 Y106.921 E.02178
G1 X92.171 Y107.08 E.02236
G1 X92.706 Y107.51 E.02277
G1 X92.706 Y109.138 E.05401
M205 X8 Y8
G1 X93.245 Y102.794 F7200
M205 X10 Y10
G1 F3000
G1 X91.617 Y102.794 E.05401
G1 X92.171 Y103.412 E.02751
G1 X92.826 Y104.252 E.03535
G1 X93.481 Y104.778 E.02788
G1 X94.136 Y104.937 E.02236
G1 X94.791 Y104.895 E.02178
G1 X95.447 Y104.724 E.02246
G1 X96.102 Y104.421 E.02394
G1 X96.757 Y103.936 E.02704
G1 X97.412 Y103.206 E.03255
G1 X97.733 Y102.794 E.0173
G1 X102.1 Y102.794 E.14485
G1 X102.653 Y103.412 E.02751
G1 X103.309 Y104.252 E.03535
G1 X103.964 Y104.778 E.02788
G1 X104.619 Y104.937 E.02236
G1 X105.274 Y104.895 E.02178
G1 X105.929 Y104.724 E.02246
G1 X106.584 Y104.421 E.02394
G1 X107.24 Y103.936 E.02704
G1 X107.895 Y103.206 E.03255
G1 X108.215 Y102.794 E.0173
G1 X112.582 Y102.794 E.14485
G1 X113.136 Y103.412 E.02751
G1 X113.791 Y104.252 E.03535
G1 X114.446 Y104.778 E.02788
G1 X115.101 Y104.937 E.02236
G1 X115.757 Y104.895 E.02178
G1 X116.412 Y104.724 E.02246
G1 X117.067 Y104.421 E.02394
G1 X117.722 Y103.936 E.02704
G1 X118.377 Y103.206 E.03255
G1 X118.698 Y102.794 E.0173
G1 X123.065 Y102.794 E.14485
G1 X123.619 Y103.412 E.02751
G1 X124.274 Y104.252 E.03535
G1 X124.929 Y104.778 E.02788
G1 X125.584 Y104.937 E.02236
G1 X126.239 Y104.895 E.02178
G1 X126.894 Y104.724 E.02246
G1 X127.55 Y104.421 E.02394
G1 X128.205 Y103.936 E.02704
G1 X128.86 Y103.206 E.03255
G1 X129.181 Y102.794 E.0173
G1 X129.706 Y102.794 E.01742
G1 X129.706 Y103.897 E.03659
; stop printing object V7_00_capacitive_fit_gauge_32x7.stl id:0 copy 0
;TIME_ELAPSED:317.273956

;LAYER_CHANGE
;:2
;HEIGHT:0.2
;BEFORE_LAYER_CHANGE
;2
G92 E0

G1 E-4.5 F2700
;WIPE_START
G1 F3000
G1 X129.706 Y102.794 E-.26198
G1 X129.181 Y102.794 E-.12474
G1 X128.952 Y103.087 E-.08827
;WIPE_END
G1 E-.025 F2700
;_SET_FAN_SPEED_CHANGING_LAYER
; OBJECT_ID: 15
; printing object V7_00_capacitive_fit_gauge_32x7.stl id:0 copy 0
M205 X8 Y8
G17
G3 Z2.2 I-1.214 J.088 P1  F7200
G1 X129.991 Y117.491 Z2.2
G1 Z2
G1 E5 F2400
M205 X10 Y10
;TYPE:Inner wall
;WIDTH:0.449999
G1 F2700
G1 X90.009 Y117.491 E1.32626
G1 X90.009 Y102.509 E.49697
G1 X129.991 Y102.509 E1.32626
M73 P59 R3
G1 X129.991 Y117.451 E.49564
M205 X8 Y8
G1 X130.398 Y117.898 F7200
M205 X10 Y10
G1 F2700
G1 X89.602 Y117.898 E1.35327
G1 X89.602 Y102.102 E.52398
G1 X130.398 Y102.102 E1.35327
G1 X130.398 Y117.858 E.52265
M205 X8 Y8
G1 X130.79 Y118.29 F7200
M205 X10 Y10
;TYPE:Outer wall
;WIDTH:0.419999
G1 F2400
G1 X89.21 Y118.29 E1.27764
G1 X89.21 Y101.71 E.50946
G1 X130.79 Y101.71 E1.27764
M73 P60 R3
G1 X130.79 Y118.25 E.50823
G1 E-4.5 F2700
;WIPE_START
G1 F2400
G1 X128.79 Y118.252 E-.475
;WIPE_END
G1 E-.025 F2700
M205 X8 Y8
G1 X126.994 Y113.63 Z2.4 F7200
G1 Z2
G1 E5 F2400
M205 X10 Y10
;TYPE:Inner wall
;WIDTH:0.449999
G1 F2700
G1 X126.972 Y113.789 E.00534
G1 X126.869 Y114.028 E.00864
G1 X126.72 Y114.22 E.00806
G1 X126.528 Y114.369 E.00806
G1 X126.152 Y114.509 E.01331
G1 X93.979 Y114.509 E1.06726
G1 X93.711 Y114.472 E.00896
G1 X93.472 Y114.369 E.00864
G1 X93.28 Y114.22 E.00806
G1 X93.131 Y114.028 E.00806
G1 X92.991 Y113.652 E.01331
G1 X92.991 Y106.479 E.23796
G1 X93.028 Y106.211 E.00896
G1 X93.131 Y105.972 E.00864
G1 X93.28 Y105.78 E.00806
G1 X93.472 Y105.631 E.00806
G1 X93.848 Y105.491 E.01331
G1 X126.021 Y105.491 E1.06726
G1 X126.289 Y105.528 E.00896
G1 X126.528 Y105.631 E.00864
G1 X126.72 Y105.78 E.00806
G1 X126.869 Y105.972 E.00806
G1 X126.972 Y106.211 E.00864
G1 X127.009 Y106.479 E.00896
G1 X127.009 Y113.521 E.23363
G1 X127 Y113.59 E.0023
M205 X8 Y8
G1 X126.574 Y113.622 F7200
M205 X10 Y10
G1 F2700
G1 X126.52 Y113.819 E.00679
G1 X126.319 Y114.02 E.0094
G1 X126.021 Y114.102 E.01025
G1 X93.979 Y114.102 E1.06292
G1 X93.681 Y114.02 E.01025
M73 P61 R3
G1 X93.48 Y113.819 E.0094
G1 X93.398 Y113.521 E.01025
G1 X93.398 Y106.479 E.23363
G1 X93.48 Y106.181 E.01025
G1 X93.681 Y105.98 E.0094
G1 X93.979 Y105.898 E.01025
G1 X126.021 Y105.898 E1.06292
G1 X126.319 Y105.98 E.01025
G1 X126.52 Y106.181 E.0094
G1 X126.602 Y106.479 E.01025
G1 X126.602 Y113.521 E.23363
G1 X126.585 Y113.584 E.00214
M205 X8 Y8
G1 X126.21 Y113.521 F7200
M205 X10 Y10
;TYPE:Outer wall
;WIDTH:0.419999
G1 F2400
G1 X126.155 Y113.655 E.00443
G1 X126.021 Y113.71 E.00443
G1 X93.979 Y113.71 E.98459
G1 X93.845 Y113.655 E.00443
G1 X93.79 Y113.521 E.00443
G1 X93.79 Y106.479 E.21641
G1 X93.845 Y106.345 E.00443
G1 X93.979 Y106.29 E.00443
G1 X126.021 Y106.29 E.98459
G1 X126.155 Y106.345 E.00443
G1 X126.21 Y106.479 E.00443
G1 X126.21 Y113.481 E.21518
G1 E-4.5 F2700
;WIPE_START
G1 F2400
G1 X126.155 Y113.655 E-.0432
G1 X126.021 Y113.71 E-.03427
G1 X124.348 Y113.71 E-.39753
;WIPE_END
G1 E-.025 F2700
M205 X8 Y8
G1 X127.294 Y108.359 Z2.4 F7200
G1 Z2
G1 E5 F2400
M205 X10 Y10
;TYPE:Sparse infill
;WIDTH:0.45
G1 F3000
G1 X127.294 Y109.987 E.05401
G1 X127.55 Y110.03 E.0086
G1 X128.205 Y110.003 E.02175
G1 X128.86 Y109.767 E.02309
G1 X129.515 Y109.219 E.02835
G1 X129.706 Y109 E.00963
G1 X129.706 Y112.963 E.13146
G1 X129.515 Y113.122 E.00826
G1 X128.86 Y113.874 E.03308
G1 X128.205 Y114.505 E.03016
G1 X127.55 Y114.917 E.02568
G1 X126.894 Y115.161 E.02318
G1 X126.239 Y115.272 E.02204
G1 X125.584 Y115.244 E.02175
G1 X124.929 Y115.009 E.02309
G1 X124.673 Y114.794 E.01108
G1 X117.263 Y114.794 E.24581
G1 X117.067 Y114.917 E.00767
G1 X116.412 Y115.161 E.02318
G1 X115.757 Y115.272 E.02204
G1 X115.101 Y115.244 E.02175
G1 X114.446 Y115.009 E.02309
G1 X114.19 Y114.794 E.01108
G1 X106.78 Y114.794 E.24581
G1 X106.584 Y114.917 E.00767
G1 X105.929 Y115.161 E.02318
G1 X105.274 Y115.272 E.02204
G1 X104.619 Y115.244 E.02175
G1 X103.964 Y115.009 E.02309
G1 X103.708 Y114.794 E.01108
G1 X96.297 Y114.794 E.24581
G1 X96.102 Y114.917 E.00767
M73 P62 R3
G1 X95.447 Y115.161 E.02318
G1 X94.791 Y115.272 E.02204
G1 X94.136 Y115.244 E.02175
G1 X93.481 Y115.009 E.02309
G1 X92.826 Y114.46 E.02835
G1 X92.171 Y113.708 E.03308
G1 X91.516 Y113.078 E.03016
G1 X90.86 Y112.665 E.02568
G1 X90.294 Y112.455 E.02004
G1 X90.294 Y107.165 E.17546
G1 X90.86 Y107.069 E.01906
G1 X91.516 Y107.097 E.02175
G1 X92.171 Y107.332 E.02309
G1 X92.706 Y107.781 E.02315
G1 X92.706 Y106.473 E.04338
G1 X92.75 Y106.155 E.01064
M205 X8 Y8
G1 X93.351 Y102.794 F7200
M205 X10 Y10
G1 F3000
G1 X91.723 Y102.794 E.05401
G1 X92.171 Y103.225 E.02064
G1 X92.826 Y103.977 E.03308
G1 X93.481 Y104.526 E.02835
G1 X94.136 Y104.761 E.02309
G1 X94.791 Y104.789 E.02175
G1 X95.447 Y104.678 E.02204
G1 X96.102 Y104.435 E.02318
G1 X96.757 Y104.022 E.02568
G1 X97.412 Y103.392 E.03016
G1 X97.933 Y102.794 E.02629
G1 X102.205 Y102.794 E.14172
G1 X102.653 Y103.225 E.02064
G1 X103.309 Y103.977 E.03308
G1 X103.964 Y104.526 E.02835
G1 X104.619 Y104.761 E.02309
G1 X105.274 Y104.789 E.02175
G1 X105.929 Y104.678 E.02204
G1 X106.584 Y104.435 E.02318
G1 X107.24 Y104.022 E.02568
G1 X107.895 Y103.392 E.03016
G1 X108.415 Y102.794 E.02629
G1 X112.688 Y102.794 E.14172
G1 X113.136 Y103.225 E.02064
G1 X113.791 Y103.977 E.03308
G1 X114.446 Y104.526 E.02835
G1 X115.101 Y104.761 E.02309
G1 X115.757 Y104.789 E.02175
G1 X116.412 Y104.678 E.02204
G1 X117.067 Y104.435 E.02318
G1 X117.722 Y104.022 E.02568
G1 X118.377 Y103.392 E.03016
G1 X118.898 Y102.794 E.02629
G1 X123.17 Y102.794 E.14172
G1 X123.619 Y103.225 E.02064
G1 X124.274 Y103.977 E.03308
G1 X124.929 Y104.526 E.02835
G1 X125.584 Y104.761 E.02309
G1 X126.239 Y104.789 E.02175
G1 X126.894 Y104.678 E.02204
G1 X127.55 Y104.435 E.02318
G1 X128.205 Y104.022 E.02568
G1 X128.86 Y103.392 E.03016
G1 X129.381 Y102.794 E.02629
G1 X129.706 Y102.794 E.01079
G1 X129.706 Y104.097 E.04322
; stop printing object V7_00_capacitive_fit_gauge_32x7.stl id:0 copy 0
;TIME_ELAPSED:338.418091

;LAYER_CHANGE
;:2.2
;HEIGHT:0.2
;BEFORE_LAYER_CHANGE
;2.2
G92 E0

G1 E-4.5 F2700
;WIPE_START
G1 F3000
G1 X129.706 Y102.794 E-.30948
G1 X129.381 Y102.794 E-.07725
G1 X129.136 Y103.074 E-.08827
;WIPE_END
G1 E-.025 F2700
;_SET_FAN_SPEED_CHANGING_LAYER
; OBJECT_ID: 15
; printing object V7_00_capacitive_fit_gauge_32x7.stl id:0 copy 0
M205 X8 Y8
G17
G3 Z2.4 I-1.215 J.072 P1  F7200
G1 X129.991 Y117.491 Z2.4
G1 Z2.2
G1 E5 F2400
M205 X10 Y10
;TYPE:Inner wall
;WIDTH:0.449999
G1 F2700
G1 X90.009 Y117.491 E1.32626
G1 X90.009 Y102.509 E.49697
G1 X129.991 Y102.509 E1.32626
G1 X129.991 Y117.451 E.49564
M205 X8 Y8
M73 P63 R3
G1 X130.398 Y117.898 F7200
M205 X10 Y10
G1 F2700
G1 X89.602 Y117.898 E1.35327
G1 X89.602 Y102.102 E.52398
G1 X130.398 Y102.102 E1.35327
G1 X130.398 Y117.858 E.52265
M205 X8 Y8
G1 X130.79 Y118.29 F7200
M205 X10 Y10
;TYPE:Outer wall
;WIDTH:0.419999
G1 F2400
G1 X89.21 Y118.29 E1.27764
G1 X89.21 Y101.71 E.50946
G1 X130.79 Y101.71 E1.27764
G1 X130.79 Y118.25 E.50823
M73 P64 R3
G1 E-4.5 F2700
;WIPE_START
G1 F2400
G1 X128.79 Y118.252 E-.475
;WIPE_END
G1 E-.025 F2700
M205 X8 Y8
G1 X126.994 Y113.63 Z2.6 F7200
G1 Z2.2
G1 E5 F2400
M205 X10 Y10
;TYPE:Inner wall
;WIDTH:0.449999
G1 F2700
G1 X126.972 Y113.789 E.00534
G1 X126.869 Y114.028 E.00864
G1 X126.72 Y114.22 E.00806
G1 X126.528 Y114.369 E.00806
G1 X126.152 Y114.509 E.01331
G1 X93.979 Y114.509 E1.06726
G1 X93.711 Y114.472 E.00896
G1 X93.472 Y114.369 E.00864
G1 X93.28 Y114.22 E.00806
G1 X93.131 Y114.028 E.00806
G1 X92.991 Y113.652 E.01331
G1 X92.991 Y106.479 E.23796
G1 X93.028 Y106.211 E.00896
G1 X93.131 Y105.972 E.00864
G1 X93.28 Y105.78 E.00806
G1 X93.472 Y105.631 E.00806
G1 X93.848 Y105.491 E.01331
G1 X126.021 Y105.491 E1.06726
G1 X126.289 Y105.528 E.00896
G1 X126.528 Y105.631 E.00864
G1 X126.72 Y105.78 E.00806
G1 X126.869 Y105.972 E.00806
G1 X126.972 Y106.211 E.00864
G1 X127.009 Y106.479 E.00896
G1 X127.009 Y113.521 E.23363
G1 X127 Y113.59 E.0023
M205 X8 Y8
G1 X126.574 Y113.622 F7200
M205 X10 Y10
G1 F2700
G1 X126.52 Y113.819 E.00679
G1 X126.319 Y114.02 E.0094
G1 X126.021 Y114.102 E.01025
G1 X93.979 Y114.102 E1.06292
G1 X93.681 Y114.02 E.01025
G1 X93.48 Y113.819 E.0094
G1 X93.398 Y113.521 E.01025
G1 X93.398 Y106.479 E.23363
G1 X93.48 Y106.181 E.01025
G1 X93.681 Y105.98 E.0094
G1 X93.979 Y105.898 E.01025
G1 X126.021 Y105.898 E1.06292
G1 X126.319 Y105.98 E.01025
M73 P65 R3
G1 X126.52 Y106.181 E.0094
G1 X126.602 Y106.479 E.01025
G1 X126.602 Y113.521 E.23363
G1 X126.585 Y113.584 E.00214
M205 X8 Y8
G1 X126.21 Y113.521 F7200
M205 X10 Y10
;TYPE:Outer wall
;WIDTH:0.419999
G1 F2400
G1 X126.155 Y113.655 E.00443
G1 X126.021 Y113.71 E.00443
G1 X93.979 Y113.71 E.98459
G1 X93.845 Y113.655 E.00443
G1 X93.79 Y113.521 E.00443
G1 X93.79 Y106.479 E.21641
G1 X93.845 Y106.345 E.00443
G1 X93.979 Y106.29 E.00443
G1 X126.021 Y106.29 E.98459
G1 X126.155 Y106.345 E.00443
G1 X126.21 Y106.479 E.00443
G1 X126.21 Y113.481 E.21518
G1 E-4.5 F2700
;WIPE_START
G1 F2400
G1 X126.155 Y113.655 E-.0432
G1 X126.021 Y113.71 E-.03427
G1 X124.348 Y113.71 E-.39753
;WIPE_END
G1 E-.025 F2700
M205 X8 Y8
G1 X124.592 Y115.201 Z2.6 F7200
G1 Z2.2
G1 E5 F2400
M205 X10 Y10
;TYPE:Sparse infill
;WIDTH:0.45
G1 F3000
G1 X126.055 Y115.201 E.04852
G1 X126.894 Y115.128 E.02795
G1 X127.55 Y114.943 E.02258
G1 X128.205 Y114.597 E.02458
G1 X128.86 Y114.047 E.02838
G1 X129.299 Y113.584 E.02115
G1 X129.299 Y109.171 E.14639
G1 X128.86 Y109.55 E.01923
G1 X128.205 Y109.848 E.02388
G1 X127.701 Y109.919 E.01687
G1 X127.701 Y108.291 E.05401
M205 X8 Y8
G1 X129.299 Y104.735 F7200
M205 X10 Y10
G1 F3000
G1 X129.299 Y103.201 E.05088
G1 X129.204 Y103.201 E.00313
G1 X128.86 Y103.564 E.0166
G1 X128.205 Y104.114 E.02838
G1 X127.55 Y104.461 E.02458
G1 X126.894 Y104.646 E.02258
G1 X126.239 Y104.699 E.0218
G1 X125.584 Y104.607 E.02194
G1 X124.929 Y104.309 E.02388
G1 X124.274 Y103.743 E.02871
G1 X123.759 Y103.201 E.02479
G1 X118.722 Y103.201 E.1671
G1 X118.377 Y103.564 E.0166
G1 X117.722 Y104.114 E.02838
G1 X117.067 Y104.461 E.02458
G1 X116.412 Y104.646 E.02258
G1 X115.757 Y104.699 E.0218
G1 X115.101 Y104.607 E.02194
G1 X114.446 Y104.309 E.02388
G1 X113.791 Y103.743 E.02871
G1 X113.277 Y103.201 E.02479
G1 X108.239 Y103.201 E.1671
G1 X107.895 Y103.564 E.0166
G1 X107.24 Y104.114 E.02838
G1 X106.584 Y104.461 E.02458
G1 X105.929 Y104.646 E.02258
G1 X105.274 Y104.699 E.0218
G1 X104.619 Y104.607 E.02194
G1 X103.964 Y104.309 E.02388
G1 X103.309 Y103.743 E.02871
G1 X102.794 Y103.201 E.02479
G1 X97.757 Y103.201 E.1671
G1 X97.412 Y103.564 E.0166
G1 X96.757 Y104.114 E.02838
G1 X96.102 Y104.461 E.02458
G1 X95.447 Y104.646 E.02258
G1 X94.791 Y104.699 E.0218
M73 P66 R3
G1 X94.136 Y104.607 E.02194
G1 X93.481 Y104.309 E.02388
G1 X92.826 Y103.743 E.02871
G1 X92.311 Y103.201 E.02479
G1 X90.701 Y103.201 E.05341
G1 X90.701 Y103.219 E.0006
M205 X8 Y8
G1 X92.299 Y109.288 F7200
M205 X10 Y10
G1 F3000
G1 X92.299 Y107.66 E.05401
G1 X92.171 Y107.55 E.00561
G1 X91.516 Y107.251 E.02388
G1 X90.86 Y107.16 E.02194
G1 X90.701 Y107.173 E.0053
G1 X90.701 Y112.594 E.17984
G1 X90.86 Y112.639 E.00549
G1 X91.516 Y112.985 E.02458
G1 X92.171 Y113.536 E.02838
G1 X92.311 Y113.683 E.00676
G1 X92.366 Y113.996 E.01054
G1 X92.532 Y114.384 E.01398
G1 X92.788 Y114.712 E.01381
G1 X93.116 Y114.968 E.01381
G1 X93.168 Y114.99 E.00186
M205 X8 Y8
G1 X126.021 Y114.855 F7200
M205 X10 Y10
;TYPE:Internal solid infill
;WIDTH:0.38292
G1 F3600
G1 X126.401 Y114.799 E.01062
G1 X126.72 Y114.656 E.0097
G1 X126.976 Y114.451 E.00908
G1 X127.175 Y114.189 E.00911
G1 X127.309 Y113.864 E.00975
G1 X127.355 Y113.521 E.00957
G1 X127.355 Y106.479 E.19513
G1 X127.299 Y106.099 E.01062
G1 X127.156 Y105.78 E.0097
G1 X126.951 Y105.524 E.00908
G1 X126.689 Y105.325 E.00911
G1 X126.364 Y105.191 E.00975
G1 X126.021 Y105.145 E.00957
G1 X93.979 Y105.145 E.88777
G1 X93.599 Y105.201 E.01062
G1 X93.28 Y105.344 E.0097
G1 X93.024 Y105.549 E.00908
G1 X92.825 Y105.811 E.00911
G1 X92.691 Y106.136 E.00975
G1 X92.645 Y106.479 E.00957
G1 X92.645 Y113.521 E.19513
G1 X92.71 Y113.897 E.01055
G1 X92.844 Y114.22 E.0097
G1 X93.049 Y114.476 E.00908
G1 X93.311 Y114.675 E.00911
G1 X93.636 Y114.809 E.00975
G1 X93.979 Y114.855 E.00957
G1 X125.981 Y114.855 E.88666
M205 X8 Y8
G1 X129.502 Y117.145 F7200
M205 X10 Y10
G1 F3600
G1 X129.645 Y117.115 E.00403
G1 X129.645 Y102.998 E.39114
G1 X129.615 Y102.855 E.00403
G1 X90.498 Y102.855 E1.08378
G1 X90.355 Y102.885 E.00403
G1 X90.355 Y117.002 E.39114
G1 X90.385 Y117.145 E.00403
G1 X129.462 Y117.145 E1.08267
; stop printing object V7_00_capacitive_fit_gauge_32x7.stl id:0 copy 0
;TIME_ELAPSED:363.183472

;LAYER_CHANGE
;:2.4
;HEIGHT:0.2
;BEFORE_LAYER_CHANGE
;2.4
G92 E0

M73 P66 R2
G1 E-4.5 F2700
;WIPE_START
M73 P67 R2
G1 F3600
G1 X127.462 Y117.145 E-.475
;WIPE_END
G1 E-.025 F2700
;_SET_FAN_SPEED_CHANGING_LAYER
; OBJECT_ID: 15
; printing object V7_00_capacitive_fit_gauge_32x7.stl id:0 copy 0
M205 X8 Y8
G17
G3 Z2.6 I-.165 J1.206 P1  F7200
G1 X129.991 Y117.491 Z2.6
G1 Z2.4
G1 E5 F2400
M205 X10 Y10
;TYPE:Inner wall
;WIDTH:0.449999
G1 F2700
G1 X90.009 Y117.491 E1.32626
G1 X90.009 Y102.509 E.49697
G1 X129.991 Y102.509 E1.32626
G1 X129.991 Y117.451 E.49564
M205 X8 Y8
G1 X130.398 Y117.898 F7200
M205 X10 Y10
G1 F2700
G1 X89.602 Y117.898 E1.35327
G1 X89.602 Y102.102 E.52398
G1 X130.398 Y102.102 E1.35327
G1 X130.398 Y117.858 E.52265
M205 X8 Y8
M73 P68 R2
G1 X130.79 Y118.29 F7200
M205 X10 Y10
;TYPE:Outer wall
;WIDTH:0.419999
G1 F2400
G1 X89.21 Y118.29 E1.27764
G1 X89.21 Y101.71 E.50946
G1 X130.79 Y101.71 E1.27764
G1 X130.79 Y118.25 E.50823
G1 E-4.5 F2700
;WIPE_START
G1 F2400
G1 X128.79 Y118.252 E-.475
;WIPE_END
G1 E-.025 F2700
M205 X8 Y8
G1 X126.994 Y113.63 Z2.8 F7200
G1 Z2.4
G1 E5 F2400
M205 X10 Y10
;TYPE:Inner wall
;WIDTH:0.449999
G1 F2700
G1 X126.972 Y113.789 E.00534
G1 X126.869 Y114.028 E.00864
G1 X126.72 Y114.22 E.00806
G1 X126.528 Y114.369 E.00806
G1 X126.152 Y114.509 E.01331
G1 X93.979 Y114.509 E1.06726
G1 X93.711 Y114.472 E.00896
M73 P69 R2
G1 X93.472 Y114.369 E.00864
G1 X93.28 Y114.22 E.00806
G1 X93.131 Y114.028 E.00806
G1 X92.991 Y113.652 E.01331
G1 X92.991 Y106.479 E.23796
G1 X93.028 Y106.211 E.00896
G1 X93.131 Y105.972 E.00864
G1 X93.28 Y105.78 E.00806
G1 X93.472 Y105.631 E.00806
G1 X93.848 Y105.491 E.01331
G1 X126.021 Y105.491 E1.06726
G1 X126.289 Y105.528 E.00896
G1 X126.528 Y105.631 E.00864
G1 X126.72 Y105.78 E.00806
G1 X126.869 Y105.972 E.00806
G1 X126.972 Y106.211 E.00864
G1 X127.009 Y106.479 E.00896
G1 X127.009 Y113.521 E.23363
G1 X127 Y113.59 E.0023
M205 X8 Y8
G1 X126.574 Y113.622 F7200
M205 X10 Y10
G1 F2700
G1 X126.52 Y113.819 E.00679
G1 X126.319 Y114.02 E.0094
G1 X126.021 Y114.102 E.01025
G1 X93.979 Y114.102 E1.06292
G1 X93.681 Y114.02 E.01025
G1 X93.48 Y113.819 E.0094
G1 X93.398 Y113.521 E.01025
G1 X93.398 Y106.479 E.23363
G1 X93.48 Y106.181 E.01025
G1 X93.681 Y105.98 E.0094
G1 X93.979 Y105.898 E.01025
G1 X126.021 Y105.898 E1.06292
G1 X126.319 Y105.98 E.01025
G1 X126.52 Y106.181 E.0094
G1 X126.602 Y106.479 E.01025
G1 X126.602 Y113.521 E.23363
G1 X126.585 Y113.584 E.00214
M205 X8 Y8
G1 X126.21 Y113.521 F7200
M205 X10 Y10
;TYPE:Outer wall
;WIDTH:0.419999
G1 F2400
G1 X126.155 Y113.655 E.00443
G1 X126.021 Y113.71 E.00443
G1 X93.979 Y113.71 E.98459
G1 X93.845 Y113.655 E.00443
G1 X93.79 Y113.521 E.00443
G1 X93.79 Y106.479 E.21641
G1 X93.845 Y106.345 E.00443
G1 X93.979 Y106.29 E.00443
G1 X126.021 Y106.29 E.98459
G1 X126.155 Y106.345 E.00443
M73 P70 R2
G1 X126.21 Y106.479 E.00443
G1 X126.21 Y113.481 E.21518
G1 E-4.5 F2700
;WIPE_START
G1 F2400
G1 X126.155 Y113.655 E-.0432
G1 X126.021 Y113.71 E-.03427
G1 X124.348 Y113.71 E-.39753
;WIPE_END
G1 E-.025 F2700
M205 X8 Y8
G1 X129.887 Y115.998 Z2.8 F7200
G1 Z2.4
G1 E5 F2400
M204 S250
M205 X10 Y10
;TYPE:Internal Bridge
;WIDTH:0.394033
;HEIGHT:0.389872
G1 F4500
G1 X129.273 Y117.189 E.06659
G1 X128.774 Y117.189 E.02482
G1 X129.689 Y115.413 E.09929
G1 X129.689 Y114.444 E.04815
G1 X128.274 Y117.189 E.15346
G1 X127.775 Y117.189 E.02482
G1 X129.689 Y113.475 E.20763
G1 X129.689 Y112.506 E.04815
G1 X127.275 Y117.189 E.26181
G1 X126.776 Y117.189 E.02482
G1 X129.689 Y111.537 E.31598
G1 X129.689 Y110.567 E.04815
G1 X126.276 Y117.189 E.37015
G1 X125.777 Y117.189 E.02482
G1 X129.689 Y109.598 E.42432
G1 X129.689 Y108.629 E.04815
G1 X127.311 Y113.244 E.25798
G1 X127.311 Y113.528 E.0141
G1 X127.263 Y113.871 E.01718
G1 X127.129 Y114.183 E.01689
G1 X126.933 Y114.433 E.01578
G1 X126.683 Y114.629 E.01578
G1 X126.572 Y114.676 E.00598
G1 X125.277 Y117.189 E.14047
G1 X124.777 Y117.189 E.02482
G1 X126.004 Y114.811 E.13298
G1 X125.504 Y114.811 E.02482
G1 X124.278 Y117.189 E.13298
G1 X123.778 Y117.189 E.02482
G1 X125.005 Y114.811 E.13297
G1 X124.505 Y114.811 E.02482
G1 X123.279 Y117.189 E.13297
G1 X122.779 Y117.189 E.02482
G1 X124.006 Y114.811 E.13298
G1 X123.506 Y114.811 E.02482
G1 X122.28 Y117.189 E.13297
G1 X121.78 Y117.189 E.02482
G1 X123.006 Y114.811 E.13297
G1 X122.507 Y114.811 E.02482
G1 X121.281 Y117.189 E.13297
G1 X120.781 Y117.189 E.02482
G1 X122.007 Y114.811 E.13298
G1 X121.508 Y114.811 E.02482
G1 X120.282 Y117.189 E.13298
G1 X119.782 Y117.189 E.02482
G1 X121.008 Y114.811 E.13297
G1 X120.509 Y114.811 E.02482
M73 P71 R2
G1 X119.282 Y117.189 E.13297
G1 X118.783 Y117.189 E.02482
G1 X120.009 Y114.811 E.13298
G1 X119.51 Y114.811 E.02482
G1 X118.283 Y117.189 E.13298
G1 X117.784 Y117.189 E.02482
G1 X119.01 Y114.811 E.13297
G1 X118.51 Y114.811 E.02482
G1 X117.284 Y117.189 E.13297
G1 X116.785 Y117.189 E.02482
G1 X118.011 Y114.811 E.13298
G1 X117.511 Y114.811 E.02482
G1 X116.285 Y117.189 E.13298
G1 X115.786 Y117.189 E.02482
G1 X117.012 Y114.811 E.13297
G1 X116.512 Y114.811 E.02482
G1 X115.286 Y117.189 E.13297
G1 X114.786 Y117.189 E.02482
G1 X116.013 Y114.811 E.13298
G1 X115.513 Y114.811 E.02482
G1 X114.287 Y117.189 E.13298
G1 X113.787 Y117.189 E.02482
G1 X115.014 Y114.811 E.13297
G1 X114.514 Y114.811 E.02482
G1 X113.288 Y117.189 E.13297
G1 X112.788 Y117.189 E.02482
G1 X114.015 Y114.811 E.13297
G1 X113.515 Y114.811 E.02482
G1 X112.289 Y117.189 E.13298
G1 X111.789 Y117.189 E.02482
G1 X113.015 Y114.811 E.13298
G1 X112.516 Y114.811 E.02482
G1 X111.29 Y117.189 E.13298
G1 X110.79 Y117.189 E.02482
G1 X112.016 Y114.811 E.13297
G1 X111.517 Y114.811 E.02482
G1 X110.291 Y117.189 E.13298
G1 X109.791 Y117.189 E.02482
G1 X111.017 Y114.811 E.13298
G1 X110.518 Y114.811 E.02482
G1 X109.291 Y117.189 E.13298
G1 X108.792 Y117.189 E.02482
G1 X110.018 Y114.811 E.13297
G1 X109.519 Y114.811 E.02482
G1 X108.292 Y117.189 E.13298
G1 X107.793 Y117.189 E.02482
G1 X109.019 Y114.811 E.13298
G1 X108.519 Y114.811 E.02482
G1 X107.293 Y117.189 E.13298
G1 X106.794 Y117.189 E.02482
G1 X108.02 Y114.811 E.13298
G1 X107.52 Y114.811 E.02482
G1 X106.294 Y117.189 E.13298
G1 X105.795 Y117.189 E.02482
G1 X107.021 Y114.811 E.13298
G1 X106.521 Y114.811 E.02482
G1 X105.295 Y117.189 E.13298
G1 X104.795 Y117.189 E.02482
G1 X106.022 Y114.811 E.13298
G1 X105.522 Y114.811 E.02482
G1 X104.296 Y117.189 E.13298
M73 P72 R2
G1 X103.796 Y117.189 E.02482
G1 X105.023 Y114.811 E.13298
G1 X104.523 Y114.811 E.02482
G1 X103.297 Y117.189 E.13298
G1 X102.797 Y117.189 E.02482
G1 X104.024 Y114.811 E.13298
G1 X103.524 Y114.811 E.02482
G1 X102.298 Y117.189 E.13298
G1 X101.798 Y117.189 E.02482
G1 X103.024 Y114.811 E.13298
G1 X102.525 Y114.811 E.02482
G1 X101.299 Y117.189 E.13297
G1 X100.799 Y117.189 E.02482
G1 X102.025 Y114.811 E.13298
G1 X101.526 Y114.811 E.02482
G1 X100.3 Y117.189 E.13298
G1 X99.8 Y117.189 E.02482
G1 X101.026 Y114.811 E.13298
G1 X100.527 Y114.811 E.02482
G1 X99.3 Y117.189 E.13297
G1 X98.801 Y117.189 E.02482
G1 X100.027 Y114.811 E.13298
G1 X99.528 Y114.811 E.02482
G1 X98.301 Y117.189 E.13298
G1 X97.802 Y117.189 E.02482
G1 X99.028 Y114.811 E.13298
G1 X98.528 Y114.811 E.02482
G1 X97.302 Y117.189 E.13298
G1 X96.803 Y117.189 E.02482
G1 X98.029 Y114.811 E.13298
G1 X97.529 Y114.811 E.02482
G1 X96.303 Y117.189 E.13298
G1 X95.804 Y117.189 E.02482
G1 X97.03 Y114.811 E.13298
G1 X96.53 Y114.811 E.02482
G1 X95.304 Y117.189 E.13298
G1 X94.805 Y117.189 E.02482
G1 X96.031 Y114.811 E.13298
G1 X95.531 Y114.811 E.02482
G1 X94.305 Y117.189 E.13298
G1 X93.805 Y117.189 E.02482
G1 X95.032 Y114.811 E.13298
G1 X94.532 Y114.811 E.02482
G1 X93.306 Y117.189 E.13298
G1 X92.806 Y117.189 E.02482
G1 X94.033 Y114.811 E.13298
G1 X93.629 Y114.763 E.02018
G1 X93.57 Y114.738 E.00318
G1 X92.307 Y117.189 E.13703
G1 X91.807 Y117.189 E.02482
G1 X93.182 Y114.523 E.14904
G1 X93.067 Y114.433 E.00725
G1 X92.865 Y114.168 E.01655
G1 X91.308 Y117.189 E.16887
G1 X90.808 Y117.189 E.02482
G1 X92.691 Y113.538 E.20413
G1 X92.689 Y112.57 E.04805
G1 X90.311 Y117.186 E.25798
G1 X90.311 Y116.217 E.04815
G1 X92.689 Y111.601 E.25798
G1 X92.689 Y110.632 E.04815
M73 P73 R2
G1 X90.311 Y115.247 E.25798
G1 X90.311 Y114.278 E.04815
G1 X92.689 Y109.663 E.25798
G1 X92.689 Y108.694 E.04815
G1 X90.311 Y113.309 E.25798
G1 X90.311 Y112.34 E.04815
G1 X92.887 Y107.341 E.27944
G1 E-4.5 F2700
;WIPE_START
G1 F4500
G1 X91.971 Y109.118 E-.475
;WIPE_END
G1 E-.025 F2700
M205 X8 Y8
M204 S500
G1 X99.565 Y109.883 Z2.8 F7200
G1 X127.113 Y112.659 Z2.8
G1 Z2.4
G1 E5 F2400
M204 S250
M205 X10 Y10
G1 F4500
G1 X129.689 Y107.66 E.27944
G1 X129.689 Y106.691 E.04815
G1 X127.311 Y111.306 E.25798
G1 X127.311 Y110.337 E.04815
G1 X129.689 Y105.722 E.25798
G1 X129.689 Y104.752 E.04815
G1 X127.311 Y109.368 E.25798
G1 X127.311 Y108.399 E.04815
G1 X129.689 Y103.783 E.25798
G1 X129.689 Y102.814 E.04815
G1 X127.311 Y107.429 E.25798
G1 X127.309 Y106.463 E.04803
G1 X129.192 Y102.811 E.20414
G1 X128.692 Y102.811 E.02482
G1 X127.135 Y105.832 E.16887
G1 X126.933 Y105.567 E.01654
G1 X126.818 Y105.477 E.00725
G1 X128.193 Y102.811 E.14903
G1 X127.693 Y102.811 E.02482
G1 X126.429 Y105.262 E.13703
G1 X126.371 Y105.237 E.00318
G1 X125.967 Y105.189 E.02018
G1 X127.194 Y102.811 E.13298
G1 X126.694 Y102.811 E.02482
G1 X125.468 Y105.189 E.13298
G1 X124.968 Y105.189 E.02482
G1 X126.195 Y102.811 E.13298
G1 X125.695 Y102.811 E.02482
G1 X124.469 Y105.189 E.13298
G1 X123.969 Y105.189 E.02482
G1 X125.195 Y102.811 E.13298
G1 X124.696 Y102.811 E.02482
M73 P74 R2
G1 X123.47 Y105.189 E.13298
G1 X122.97 Y105.189 E.02482
G1 X124.196 Y102.811 E.13298
G1 X123.697 Y102.811 E.02482
G1 X122.471 Y105.189 E.13298
G1 X121.971 Y105.189 E.02482
G1 X123.197 Y102.811 E.13298
G1 X122.698 Y102.811 E.02482
G1 X121.471 Y105.189 E.13298
G1 X120.972 Y105.189 E.02482
G1 X122.198 Y102.811 E.13298
G1 X121.699 Y102.811 E.02482
G1 X120.472 Y105.189 E.13298
G1 X119.973 Y105.189 E.02482
G1 X121.199 Y102.811 E.13298
G1 X120.699 Y102.811 E.02482
G1 X119.473 Y105.189 E.13298
G1 X118.974 Y105.189 E.02482
G1 X120.2 Y102.811 E.13298
G1 X119.7 Y102.811 E.02482
G1 X118.474 Y105.189 E.13298
G1 X117.975 Y105.189 E.02482
G1 X119.201 Y102.811 E.13297
G1 X118.701 Y102.811 E.02482
G1 X117.475 Y105.189 E.13298
G1 X116.975 Y105.189 E.02482
G1 X118.202 Y102.811 E.13298
G1 X117.702 Y102.811 E.02482
G1 X116.476 Y105.189 E.13298
G1 X115.976 Y105.189 E.02482
G1 X117.203 Y102.811 E.13297
G1 X116.703 Y102.811 E.02482
G1 X115.477 Y105.189 E.13298
G1 X114.977 Y105.189 E.02482
G1 X116.204 Y102.811 E.13298
G1 X115.704 Y102.811 E.02482
G1 X114.478 Y105.189 E.13298
G1 X113.978 Y105.189 E.02482
G1 X115.204 Y102.811 E.13298
G1 X114.705 Y102.811 E.02482
G1 X113.479 Y105.189 E.13298
G1 X112.979 Y105.189 E.02482
G1 X114.205 Y102.811 E.13298
G1 X113.706 Y102.811 E.02482
G1 X112.48 Y105.189 E.13298
G1 X111.98 Y105.189 E.02482
G1 X113.206 Y102.811 E.13298
G1 X112.707 Y102.811 E.02482
G1 X111.48 Y105.189 E.13298
G1 X110.981 Y105.189 E.02482
G1 X112.207 Y102.811 E.13298
G1 X111.708 Y102.811 E.02482
G1 X110.481 Y105.189 E.13298
G1 X109.982 Y105.189 E.02482
G1 X111.208 Y102.811 E.13298
G1 X110.708 Y102.811 E.02482
G1 X109.482 Y105.189 E.13298
G1 X108.983 Y105.189 E.02482
G1 X110.209 Y102.811 E.13298
G1 X109.709 Y102.811 E.02482
M73 P75 R2
G1 X108.483 Y105.189 E.13297
G1 X107.984 Y105.189 E.02482
G1 X109.21 Y102.811 E.13298
G1 X108.71 Y102.811 E.02482
G1 X107.484 Y105.189 E.13298
G1 X106.984 Y105.189 E.02482
G1 X108.211 Y102.811 E.13298
G1 X107.711 Y102.811 E.02482
G1 X106.485 Y105.189 E.13297
G1 X105.985 Y105.189 E.02482
G1 X107.212 Y102.811 E.13298
G1 X106.712 Y102.811 E.02482
G1 X105.486 Y105.189 E.13297
G1 X104.986 Y105.189 E.02482
G1 X106.213 Y102.811 E.13298
G1 X105.713 Y102.811 E.02482
G1 X104.487 Y105.189 E.13297
G1 X103.987 Y105.189 E.02482
G1 X105.213 Y102.811 E.13297
G1 X104.714 Y102.811 E.02482
G1 X103.488 Y105.189 E.13297
G1 X102.988 Y105.189 E.02482
G1 X104.214 Y102.811 E.13298
G1 X103.715 Y102.811 E.02482
G1 X102.489 Y105.189 E.13298
G1 X101.989 Y105.189 E.02482
G1 X103.215 Y102.811 E.13297
G1 X102.716 Y102.811 E.02482
G1 X101.489 Y105.189 E.13297
G1 X100.99 Y105.189 E.02482
G1 X102.216 Y102.811 E.13298
G1 X101.717 Y102.811 E.02482
G1 X100.49 Y105.189 E.13298
G1 X99.991 Y105.189 E.02482
G1 X101.217 Y102.811 E.13297
G1 X100.717 Y102.811 E.02482
G1 X99.491 Y105.189 E.13297
G1 X98.992 Y105.189 E.02482
G1 X100.218 Y102.811 E.13298
G1 X99.718 Y102.811 E.02482
G1 X98.492 Y105.189 E.13298
G1 X97.993 Y105.189 E.02482
G1 X99.219 Y102.811 E.13297
G1 X98.719 Y102.811 E.02482
G1 X97.493 Y105.189 E.13297
G1 X96.993 Y105.189 E.02482
G1 X98.22 Y102.811 E.13297
G1 X97.72 Y102.811 E.02482
G1 X96.494 Y105.189 E.13298
G1 X95.994 Y105.189 E.02482
G1 X97.221 Y102.811 E.13297
G1 X96.721 Y102.811 E.02482
G1 X95.495 Y105.189 E.13297
G1 X94.995 Y105.189 E.02482
G1 X96.222 Y102.811 E.13297
G1 X95.722 Y102.811 E.02482
G1 X94.496 Y105.189 E.13298
G1 X93.996 Y105.189 E.02482
G1 X95.222 Y102.811 E.13297
G1 X94.723 Y102.811 E.02482
G1 X93.427 Y105.324 E.14048
G1 X93.317 Y105.371 E.00598
M73 P76 R2
G1 X93.067 Y105.567 E.01578
G1 X92.871 Y105.817 E.01578
G1 X92.737 Y106.129 E.01689
G1 X92.689 Y106.472 E.01718
G1 X92.689 Y106.755 E.01409
G1 X90.311 Y111.371 E.25798
G1 X90.311 Y110.402 E.04815
G1 X94.223 Y102.811 E.42431
G1 X93.724 Y102.811 E.02482
G1 X90.311 Y109.432 E.37014
G1 X90.311 Y108.463 E.04815
G1 X93.224 Y102.811 E.31597
G1 X92.725 Y102.811 E.02482
G1 X90.311 Y107.494 E.2618
G1 X90.311 Y106.525 E.04815
G1 X92.225 Y102.811 E.20762
G1 X91.726 Y102.811 E.02482
G1 X90.311 Y105.556 E.15345
G1 X90.311 Y104.587 E.04815
G1 X91.226 Y102.811 E.09928
G1 X90.726 Y102.811 E.02482
G1 X90.113 Y104.002 E.06658
; stop printing object V7_00_capacitive_fit_gauge_32x7.stl id:0 copy 0
;TIME_ELAPSED:414.122406

;LAYER_CHANGE
;:2.6
;HEIGHT:0.2
;BEFORE_LAYER_CHANGE
;2.6
G92 E0

G1 E-4.5 F2700
;WIPE_START
G1 F4500
G1 X90.726 Y102.811 E-.31824
G1 X91.226 Y102.811 E-.11864
G1 X91.153 Y102.953 E-.03811
;WIPE_END
G1 E-.025 F2700
;_SET_FAN_SPEED_CHANGING_LAYER
; OBJECT_ID: 15
; printing object V7_00_capacitive_fit_gauge_32x7.stl id:0 copy 0
M205 X8 Y8
M204 S500
G17
G3 Z2.8 I-.427 J1.14 P1  F7200
G1 X129.991 Y117.491 Z2.8
G1 Z2.6
G1 E5 F2400
M205 X10 Y10
;TYPE:Inner wall
;WIDTH:0.449999
G1 F2700
G1 X90.009 Y117.491 E1.32626
G1 X90.009 Y102.509 E.49697
G1 X129.991 Y102.509 E1.32626
G1 X129.991 Y117.451 E.49564
M205 X8 Y8
M73 P77 R2
G1 X130.398 Y117.898 F7200
M205 X10 Y10
G1 F2700
G1 X89.602 Y117.898 E1.35327
G1 X89.602 Y102.102 E.52398
G1 X130.398 Y102.102 E1.35327
G1 X130.398 Y117.858 E.52265
M205 X8 Y8
G1 X130.79 Y118.29 F7200
M205 X10 Y10
;TYPE:Outer wall
;WIDTH:0.419999
G1 F2400
G1 X89.21 Y118.29 E1.27764
G1 X89.21 Y101.71 E.50946
G1 X130.79 Y101.71 E1.27764
M73 P77 R1
G1 X130.79 Y118.25 E.50823
M73 P78 R1
G1 E-4.5 F2700
;WIPE_START
G1 F2400
G1 X128.79 Y118.252 E-.475
;WIPE_END
G1 E-.025 F2700
M205 X8 Y8
G1 X126.994 Y113.63 Z3 F7200
G1 Z2.6
G1 E5 F2400
M205 X10 Y10
;TYPE:Inner wall
;WIDTH:0.449999
G1 F2700
G1 X126.972 Y113.789 E.00534
G1 X126.869 Y114.028 E.00864
G1 X126.72 Y114.22 E.00806
G1 X126.528 Y114.369 E.00806
G1 X126.152 Y114.509 E.01331
G1 X93.979 Y114.509 E1.06726
G1 X93.711 Y114.472 E.00896
G1 X93.472 Y114.369 E.00864
G1 X93.28 Y114.22 E.00806
G1 X93.131 Y114.028 E.00806
G1 X92.991 Y113.652 E.01331
G1 X92.991 Y106.479 E.23796
G1 X93.028 Y106.211 E.00896
G1 X93.131 Y105.972 E.00864
G1 X93.28 Y105.78 E.00806
G1 X93.472 Y105.631 E.00806
G1 X93.848 Y105.491 E.01331
G1 X126.021 Y105.491 E1.06726
G1 X126.289 Y105.528 E.00896
G1 X126.528 Y105.631 E.00864
G1 X126.72 Y105.78 E.00806
G1 X126.869 Y105.972 E.00806
G1 X126.972 Y106.211 E.00864
G1 X127.009 Y106.479 E.00896
G1 X127.009 Y113.521 E.23363
G1 X127 Y113.59 E.0023
M205 X8 Y8
G1 X126.574 Y113.622 F7200
M205 X10 Y10
G1 F2700
G1 X126.52 Y113.819 E.00679
G1 X126.319 Y114.02 E.0094
G1 X126.021 Y114.102 E.01025
G1 X93.979 Y114.102 E1.06292
G1 X93.681 Y114.02 E.01025
G1 X93.48 Y113.819 E.0094
G1 X93.398 Y113.521 E.01025
G1 X93.398 Y106.479 E.23363
G1 X93.48 Y106.181 E.01025
G1 X93.681 Y105.98 E.0094
G1 X93.979 Y105.898 E.01025
G1 X126.021 Y105.898 E1.06292
G1 X126.319 Y105.98 E.01025
M73 P79 R1
G1 X126.52 Y106.181 E.0094
G1 X126.602 Y106.479 E.01025
G1 X126.602 Y113.521 E.23363
G1 X126.585 Y113.584 E.00214
M205 X8 Y8
G1 X126.21 Y113.521 F7200
M205 X10 Y10
;TYPE:Outer wall
;WIDTH:0.419999
G1 F2400
G1 X126.155 Y113.655 E.00443
G1 X126.021 Y113.71 E.00443
G1 X93.979 Y113.71 E.98459
G1 X93.845 Y113.655 E.00443
G1 X93.79 Y113.521 E.00443
G1 X93.79 Y106.479 E.21641
G1 X93.845 Y106.345 E.00443
G1 X93.979 Y106.29 E.00443
G1 X126.021 Y106.29 E.98459
G1 X126.155 Y106.345 E.00443
G1 X126.21 Y106.479 E.00443
G1 X126.21 Y113.481 E.21518
G1 E-4.5 F2700
;WIPE_START
G1 F2400
G1 X126.155 Y113.655 E-.0432
G1 X126.021 Y113.71 E-.03427
G1 X124.348 Y113.71 E-.39753
;WIPE_END
G1 E-.025 F2700
M205 X8 Y8
G1 X123.956 Y102.916 Z3 F7200
G1 Z2.6
G1 E5 F2400
M205 X10 Y10
;TYPE:Internal solid infill
;WIDTH:0.449999
G1 F3600
G1 X90.416 Y102.916 E1.11257
G1 X90.416 Y110.251 E.24331
G1 X92.584 Y112.419 E.10168
G1 X92.584 Y106.479 E.19704
G1 X92.645 Y106.075 E.01353
G1 X92.796 Y105.742 E.01213
G1 X93.011 Y105.476 E.01137
G1 X93.287 Y105.269 E.01143
G1 X93.628 Y105.13 E.01222
G1 X93.979 Y105.084 E.01173
G1 X126.021 Y105.084 E1.06292
G1 X126.138 Y105.098 E.00388
M73 P80 R1
G1 X123.984 Y102.945 E.10102
M205 X8 Y8
G1 X123.787 Y103.323 F7200
M205 X10 Y10
G1 F3600
G1 X90.823 Y103.323 E1.09347
G1 X90.823 Y110.082 E.22421
G1 X92.177 Y111.436 E.06349
G1 X92.177 Y106.479 E.16444
G1 X92.271 Y105.914 E.01898
G1 X92.475 Y105.492 E.01555
G1 X92.761 Y105.155 E.01467
G1 X93.126 Y104.895 E.01485
G1 X93.572 Y104.727 E.01583
G1 X93.979 Y104.677 E.01358
G1 X125.141 Y104.677 E1.0337
G1 X123.816 Y103.352 E.06216
M205 X8 Y8
G1 X123.605 Y103.763 F7200
M205 X10 Y10
;WIDTH:0.516303
G1 F3600
G1 X93.979 Y103.763 E1.14283
G1 X93.476 Y103.778 E.0194
;WIDTH:0.5209
G1 X93.139 Y103.754 E.01316
;WIDTH:0.452294
G1 X92.802 Y103.73 E.01127
G1 X91.23 Y103.73 E.05242
G1 X91.23 Y105.302 E.05242
;WIDTH:0.473633
G1 X91.254 Y105.639 E.01186
;WIDTH:0.517732
G1 X91.278 Y105.976 E.01307
G1 X91.263 Y106.479 E.01946
G1 X91.263 Y109.9 E.13238
G1 X91.737 Y110.373 E.02589
G1 X91.737 Y106.479 E.15069
G1 X91.777 Y106.01 E.01819
;WIDTH:0.520899
G1 X91.899 Y105.737 E.01164
;WIDTH:0.456626
G1 X92.021 Y105.465 E.01007
G1 X92.334 Y105.011 E.01858
G1 X92.742 Y104.653 E.01828
G1 X93.249 Y104.388 E.01931
;WIDTH:0.489234
G1 X93.38 Y104.332 E.00516
;WIDTH:0.516455
G1 X93.51 Y104.277 E.00547
G1 X93.979 Y104.237 E.01814
G1 X124.078 Y104.237 E1.16146
G1 X123.633 Y103.792 E.02428
G1 E-4.5 F2700
;WIPE_START
G1 F3600
G1 X124.078 Y104.237 E-.14942
G1 X122.707 Y104.237 E-.32558
;WIPE_END
G1 E-.025 F2700
M205 X8 Y8
G1 X125.538 Y111.325 Z3 F7200
G1 X127.333 Y115.82 Z3
G1 Z2.6
G1 E5 F2400
M205 X10 Y10
;WIDTH:0.534237
G1 F3600
G1 X128.32 Y115.82 E.03955
G1 X128.32 Y114.833 E.03955
G1 X128.021 Y115.266 E.02109
G1 X127.766 Y115.521 E.01444
G1 X127.365 Y115.798 E.01949
M205 X8 Y8
G1 X97.249 Y117.084 F7200
M205 X10 Y10
;WIDTH:0.449999
G1 F3600
M73 P81 R1
G1 X129.584 Y117.084 E1.0726
G1 X129.584 Y108.544 E.28328
G1 X127.416 Y106.377 E.10168
G1 X127.416 Y113.521 E.23701
G1 X127.355 Y113.925 E.01353
G1 X127.204 Y114.258 E.01213
G1 X126.989 Y114.524 E.01137
G1 X126.713 Y114.731 E.01143
G1 X126.372 Y114.87 E.01222
G1 X126.021 Y114.916 E.01173
G1 X95.081 Y114.916 E1.02634
G1 X97.221 Y117.055 E.10036
M205 X8 Y8
G1 X97.418 Y116.677 F7200
M205 X10 Y10
G1 F3600
G1 X129.177 Y116.677 E1.05351
G1 X129.177 Y108.713 E.26418
G1 X127.823 Y107.359 E.06349
G1 X127.823 Y113.521 E.20441
G1 X127.729 Y114.086 E.01898
G1 X127.525 Y114.508 E.01555
G1 X127.239 Y114.845 E.01467
G1 X126.874 Y115.105 E.01485
G1 X126.428 Y115.273 E.01583
G1 X126.021 Y115.323 E.01358
G1 X96.064 Y115.323 E.99374
G1 X97.389 Y116.648 E.06216
M205 X8 Y8
G1 X97.6 Y116.237 F7200
M205 X10 Y10
;WIDTH:0.516314
G1 F3600
G1 X126.021 Y116.237 E1.09638
G1 X126.524 Y116.222 E.0194
;WIDTH:0.520899
G1 X126.861 Y116.246 E.01316
;WIDTH:0.452294
G1 X127.198 Y116.27 E.01127
G1 X128.77 Y116.27 E.05242
G1 X128.77 Y114.698 E.05242
;WIDTH:0.474568
G1 X128.745 Y114.385 E.01104
;WIDTH:0.517721
G1 X128.72 Y114.072 E.01215
G1 X128.737 Y113.521 E.02132
G1 X128.737 Y108.895 E.179
G1 X128.263 Y108.422 E.02589
G1 X128.263 Y113.521 E.1973
G1 X128.219 Y114.029 E.0197
;WIDTH:0.523704
G1 X128.099 Y114.282 E.01098
;WIDTH:0.456599
G1 X127.979 Y114.535 E.00945
G1 X127.666 Y114.989 E.01858
G1 X127.258 Y115.347 E.01828
G1 X126.751 Y115.612 E.01931
;WIDTH:0.489233
G1 X126.62 Y115.668 E.00515
;WIDTH:0.516471
G1 X126.49 Y115.723 E.00547
G1 X126.021 Y115.763 E.01814
G1 X97.127 Y115.763 E1.115
G1 X97.572 Y116.208 E.02428
M73 P82 R1
G1 E-4.5 F2700
;WIPE_START
G1 F3600
G1 X97.127 Y115.763 E-.14942
G1 X98.498 Y115.763 E-.32558
;WIPE_END
G1 E-.025 F2700
M205 X8 Y8
G1 X95.066 Y108.946 Z3 F7200
G1 X92.667 Y104.18 Z3
G1 Z2.6
G1 E5 F2400
M205 X10 Y10
;WIDTH:0.534237
G1 F3600
G1 X91.68 Y104.18 E.03955
G1 X91.68 Y105.167 E.03955
G1 X91.979 Y104.734 E.02109
G1 X92.234 Y104.479 E.01444
G1 X92.635 Y104.202 E.01949
M205 X8 Y8
G1 X90.162 Y110.52 F7200
M205 X10 Y10
;WIDTH:0.457402
G1 F3600
G1 X92.889 Y113.247 E.13026
M205 X8 Y8
G1 X94.253 Y114.611 F7200
M205 X10 Y10
G1 F3600
G1 X96.829 Y117.187 E.12305
G1 X96.296 Y117.187 E.01799
G1 X96.262 Y117.206 E.00133
G1 X93.83 Y114.774 E.11614
G1 X93.634 Y114.747 E.00669
G1 X93.325 Y114.615 E.01133
G1 X93.078 Y114.422 E.01059
G1 X92.885 Y114.175 E.01059
G1 X92.754 Y113.87 E.01121
G1 X92.718 Y113.662 E.00711
G1 X90.313 Y111.257 E.11487
G1 X90.313 Y111.844 E.0198
G1 X95.675 Y117.206 E.25613
G1 X95.089 Y117.206 E.0198
G1 X90.313 Y112.43 E.22813
G1 X90.313 Y113.016 E.0198
G1 X94.503 Y117.206 E.20014
G1 X93.917 Y117.206 E.0198
G1 X90.313 Y113.602 E.17214
G1 X90.313 Y114.188 E.0198
G1 X93.331 Y117.206 E.14414
G1 X92.745 Y117.206 E.0198
G1 X90.313 Y114.774 E.11614
G1 X90.313 Y115.361 E.0198
G1 X92.158 Y117.206 E.08814
G1 X91.572 Y117.206 E.0198
G1 X90.313 Y115.947 E.06014
G1 X90.313 Y116.385 E.01481
G1 X90.294 Y116.404 E.0009
G1 X90.294 Y116.514 E.00372
G1 X91.169 Y117.389 E.0418
M205 X8 Y8
G1 X90.417 Y117.067 F7200
M205 X10 Y10
;WIDTH:0.405698
G1 F3600
G1 X90.349 Y117.106 E.00232
G1 X90.419 Y117.141 E.00233
G1 E-4.5 F2700
;WIPE_START
G1 F3600
G1 X90.349 Y117.106 E-.23778
G1 X90.417 Y117.067 E-.23722
;WIPE_END
G1 E-.025 F2700
M205 X8 Y8
G1 X97.534 Y114.309 Z3 F7200
G1 X127.73 Y102.611 Z3
G1 Z2.6
G1 E5 F2400
M205 X10 Y10
;WIDTH:0.461632
G1 F3600
G1 X129.706 Y104.587 E.09534
G1 X129.706 Y104.694 E.00365
M73 P83 R1
G1 X129.687 Y104.713 E.00091
G1 X129.687 Y105.16 E.01527
G1 X127.34 Y102.813 E.11326
G1 X126.748 Y102.813 E.0202
G1 X129.687 Y105.752 E.14184
G1 X129.687 Y106.345 E.0202
G1 X126.155 Y102.813 E.17041
G1 X125.563 Y102.813 E.0202
G1 X129.687 Y106.937 E.19898
G1 X129.687 Y107.529 E.0202
G1 X124.971 Y102.813 E.22755
G1 X124.379 Y102.813 E.0202
G1 X129.84 Y108.274 E.26349
M205 X8 Y8
G1 X128.677 Y102.964 F7200
M205 X10 Y10
;WIDTH:0.545883
G1 F3600
G1 X129.536 Y103.823 E.04977
G1 X129.536 Y102.964 E.03519
G1 X128.717 Y102.964 E.03355
; stop printing object V7_00_capacitive_fit_gauge_32x7.stl id:0 copy 0
;TIME_ELAPSED:451.468536

;LAYER_CHANGE
;:2.8
;HEIGHT:0.2
;BEFORE_LAYER_CHANGE
;2.8
G92 E0

G1 E-4.5 F2700
;WIPE_START
G1 F3600
G1 X129.536 Y102.964 E-.19442
G1 X129.536 Y103.823 E-.20392
G1 X129.308 Y103.595 E-.07666
;WIPE_END
G1 E-.025 F2700
;_SET_FAN_SPEED_CHANGING_LAYER
; OBJECT_ID: 15
; printing object V7_00_capacitive_fit_gauge_32x7.stl id:0 copy 0
M205 X8 Y8
G17
G3 Z3 I-1.215 J.06 P1  F7200
G1 X129.991 Y117.491 Z3
G1 Z2.8
G1 E5 F2400
M205 X10 Y10
;TYPE:Inner wall
;WIDTH:0.449999
G1 F2700
G1 X90.009 Y117.491 E1.32626
G1 X90.009 Y102.509 E.49697
G1 X129.991 Y102.509 E1.32626
G1 X129.991 Y117.451 E.49564
M205 X8 Y8
G1 X130.398 Y117.898 F7200
M205 X10 Y10
M73 P84 R1
G1 F2700
G1 X89.602 Y117.898 E1.35327
G1 X89.602 Y102.102 E.52398
G1 X130.398 Y102.102 E1.35327
G1 X130.398 Y117.858 E.52265
M205 X8 Y8
G1 X130.79 Y118.29 F7200
M205 X10 Y10
;TYPE:Outer wall
;WIDTH:0.419999
G1 F2400
G1 X89.21 Y118.29 E1.27764
G1 X89.21 Y101.71 E.50946
G1 X130.79 Y101.71 E1.27764
G1 X130.79 Y118.25 E.50823
M73 P85 R1
G1 E-4.5 F2700
;WIPE_START
G1 F2400
G1 X128.79 Y118.252 E-.475
;WIPE_END
G1 E-.025 F2700
M205 X8 Y8
G1 X126.994 Y113.63 Z3.2 F7200
G1 Z2.8
G1 E5 F2400
M205 X10 Y10
;TYPE:Inner wall
;WIDTH:0.449999
G1 F2700
G1 X126.972 Y113.789 E.00534
G1 X126.869 Y114.028 E.00864
G1 X126.72 Y114.22 E.00806
G1 X126.528 Y114.369 E.00806
G1 X126.152 Y114.509 E.01331
G1 X93.979 Y114.509 E1.06726
G1 X93.711 Y114.472 E.00896
G1 X93.472 Y114.369 E.00864
G1 X93.28 Y114.22 E.00806
G1 X93.131 Y114.028 E.00806
G1 X92.991 Y113.652 E.01331
G1 X92.991 Y106.479 E.23796
G1 X93.028 Y106.211 E.00896
G1 X93.131 Y105.972 E.00864
G1 X93.28 Y105.78 E.00806
G1 X93.472 Y105.631 E.00806
G1 X93.848 Y105.491 E.01331
G1 X126.021 Y105.491 E1.06726
G1 X126.289 Y105.528 E.00896
G1 X126.528 Y105.631 E.00864
G1 X126.72 Y105.78 E.00806
G1 X126.869 Y105.972 E.00806
G1 X126.972 Y106.211 E.00864
G1 X127.009 Y106.479 E.00896
G1 X127.009 Y113.521 E.23363
G1 X127 Y113.59 E.0023
M205 X8 Y8
G1 X126.574 Y113.622 F7200
M205 X10 Y10
G1 F2700
G1 X126.52 Y113.819 E.00679
G1 X126.319 Y114.02 E.0094
G1 X126.021 Y114.102 E.01025
G1 X93.979 Y114.102 E1.06292
G1 X93.681 Y114.02 E.01025
G1 X93.48 Y113.819 E.0094
G1 X93.398 Y113.521 E.01025
G1 X93.398 Y106.479 E.23363
G1 X93.48 Y106.181 E.01025
G1 X93.681 Y105.98 E.0094
G1 X93.979 Y105.898 E.01025
G1 X126.021 Y105.898 E1.06292
G1 X126.319 Y105.98 E.01025
G1 X126.52 Y106.181 E.0094
G1 X126.602 Y106.479 E.01025
G1 X126.602 Y113.521 E.23363
G1 X126.585 Y113.584 E.00214
M205 X8 Y8
M73 P86 R1
G1 X126.21 Y113.521 F7200
M205 X10 Y10
;TYPE:Outer wall
;WIDTH:0.419999
G1 F2400
G1 X126.155 Y113.655 E.00443
G1 X126.021 Y113.71 E.00443
G1 X93.979 Y113.71 E.98459
G1 X93.845 Y113.655 E.00443
G1 X93.79 Y113.521 E.00443
G1 X93.79 Y106.479 E.21641
G1 X93.845 Y106.345 E.00443
G1 X93.979 Y106.29 E.00443
G1 X126.021 Y106.29 E.98459
G1 X126.155 Y106.345 E.00443
G1 X126.21 Y106.479 E.00443
G1 X126.21 Y113.481 E.21518
G1 E-4.5 F2700
;WIPE_START
G1 F2400
G1 X126.155 Y113.655 E-.0432
G1 X126.021 Y113.71 E-.03427
G1 X124.348 Y113.71 E-.39753
;WIPE_END
G1 E-.025 F2700
M205 X8 Y8
G1 X127.73 Y117.389 Z3.2 F7200
G1 Z2.8
G1 E5 F2400
M205 X10 Y10
;TYPE:Internal solid infill
;WIDTH:0.461632
G1 F3600
G1 X129.706 Y115.413 E.09534
G1 X129.706 Y115.306 E.00365
G1 X129.687 Y115.287 E.00091
G1 X129.687 Y114.84 E.01527
G1 X127.34 Y117.187 E.11326
G1 X126.748 Y117.187 E.0202
G1 X129.687 Y114.248 E.14184
G1 X129.687 Y113.655 E.0202
G1 X126.155 Y117.187 E.17041
G1 X125.563 Y117.187 E.0202
G1 X129.687 Y113.063 E.19898
G1 X129.687 Y112.471 E.0202
G1 X124.971 Y117.187 E.22755
G1 X124.379 Y117.187 E.0202
G1 X129.84 Y111.726 E.26349
M205 X8 Y8
G1 X128.677 Y117.036 F7200
M205 X10 Y10
;WIDTH:0.545883
G1 F3600
G1 X129.536 Y117.036 E.03519
G1 X129.536 Y116.177 E.03519
G1 X128.705 Y117.008 E.04813
M205 X8 Y8
G1 X127.333 Y104.18 F7200
M205 X10 Y10
;WIDTH:0.534237
G1 F3600
G1 X127.766 Y104.479 E.02109
G1 X128.021 Y104.734 E.01444
G1 X128.32 Y105.167 E.02109
G1 X128.32 Y104.18 E.03955
G1 X127.373 Y104.18 E.03795
G1 E-4.5 F2700
;WIPE_START
G1 F3600
G1 X128.32 Y104.18 E-.22513
G1 X128.32 Y105.167 E-.23463
G1 X128.284 Y105.115 E-.01525
;WIPE_END
M73 P87 R1
G1 E-.025 F2700
M205 X8 Y8
G1 X124.94 Y111.976 Z3.2 F7200
G1 X123.507 Y114.916 Z3.2
G1 Z2.8
G1 E5 F2400
M205 X10 Y10
;WIDTH:0.449999
G1 F3600
G1 X93.979 Y114.916 E.97951
G1 X93.575 Y114.855 E.01353
G1 X93.242 Y114.704 E.01213
G1 X92.976 Y114.489 E.01137
G1 X92.769 Y114.213 E.01143
G1 X92.63 Y113.872 E.01222
G1 X92.584 Y113.521 E.01173
G1 X92.584 Y107.581 E.19704
G1 X90.416 Y109.749 E.10168
G1 X90.416 Y117.084 E.24331
G1 X123.956 Y117.084 E1.11257
G1 X126.123 Y114.916 E.10168
G1 X123.547 Y114.916 E.08547
M205 X8 Y8
G1 X123.605 Y116.237 F7200
M205 X10 Y10
;WIDTH:0.51628
G1 F3600
G1 X124.078 Y115.763 E.02581
G1 X93.979 Y115.763 E1.16103
G1 X93.51 Y115.723 E.01814
;WIDTH:0.5209
G1 X93.237 Y115.601 E.01164
;WIDTH:0.456626
G1 X92.965 Y115.479 E.01007
G1 X92.511 Y115.166 E.01858
G1 X92.153 Y114.758 E.01828
G1 X91.888 Y114.251 E.01931
;WIDTH:0.489234
G1 X91.832 Y114.12 E.00515
;WIDTH:0.517745
G1 X91.777 Y113.99 E.00548
G1 X91.737 Y113.521 E.01819
G1 X91.737 Y109.627 E.1507
G1 X91.263 Y110.1 E.02589
G1 X91.263 Y113.521 E.13239
G1 X91.278 Y114.024 E.01946
;WIDTH:0.5209
G1 X91.254 Y114.361 E.01316
;WIDTH:0.452294
G1 X91.23 Y114.698 E.01127
G1 X91.23 Y116.27 E.05242
G1 X92.802 Y116.27 E.05242
;WIDTH:0.473633
G1 X93.139 Y116.246 E.01186
;WIDTH:0.516328
G1 X93.476 Y116.222 E.01303
G1 X93.979 Y116.237 E.0194
G1 X123.565 Y116.237 E1.14135
M205 X8 Y8
G1 X123.787 Y116.677 F7200
M205 X10 Y10
;WIDTH:0.449999
G1 F3600
G1 X125.141 Y115.323 E.06349
G1 X93.979 Y115.323 E1.0337
G1 X93.414 Y115.229 E.01898
G1 X92.992 Y115.025 E.01555
G1 X92.655 Y114.739 E.01467
G1 X92.395 Y114.374 E.01485
G1 X92.227 Y113.928 E.01583
G1 X92.177 Y113.521 E.01358
G1 X92.177 Y108.564 E.16444
G1 X90.823 Y109.918 E.06349
M73 P88 R1
G1 X90.823 Y116.677 E.22421
G1 X123.747 Y116.677 E1.09215
G1 E-4.5 F2700
;WIPE_START
G1 F3600
G1 X121.747 Y116.677 E-.475
;WIPE_END
G1 E-.025 F2700
M205 X8 Y8
G1 X115.093 Y112.939 Z3.2 F7200
G1 X97.249 Y102.916 Z3.2
G1 Z2.8
G1 E5 F2400
M205 X10 Y10
G1 F3600
G1 X95.081 Y105.084 E.10168
G1 X126.021 Y105.084 E1.02634
G1 X126.425 Y105.145 E.01353
G1 X126.758 Y105.296 E.01213
G1 X127.024 Y105.511 E.01137
G1 X127.231 Y105.787 E.01143
G1 X127.37 Y106.128 E.01222
G1 X127.416 Y106.479 E.01173
G1 X127.416 Y113.521 E.23363
G1 X127.402 Y113.638 E.00388
G1 X129.584 Y111.456 E.10234
G1 X129.584 Y102.916 E.28328
G1 X97.289 Y102.916 E1.07128
M205 X8 Y8
G1 X97.418 Y103.323 F7200
M205 X10 Y10
G1 F3600
G1 X96.064 Y104.677 E.06349
G1 X126.021 Y104.677 E.99374
G1 X126.586 Y104.771 E.01898
G1 X127.008 Y104.975 E.01555
G1 X127.345 Y105.261 E.01467
G1 X127.605 Y105.626 E.01485
G1 X127.773 Y106.072 E.01583
G1 X127.823 Y106.479 E.01358
G1 X127.823 Y112.641 E.20441
G1 X129.177 Y111.287 E.06349
G1 X129.177 Y103.323 E.26418
G1 X97.458 Y103.323 E1.05218
M205 X8 Y8
G1 X97.6 Y103.763 F7200
M205 X10 Y10
;WIDTH:0.516289
M73 P89 R0
G1 F3600
G1 X97.127 Y104.237 E.02581
G1 X126.021 Y104.237 E1.11457
G1 X126.49 Y104.277 E.01814
;WIDTH:0.520899
G1 X126.763 Y104.399 E.01164
;WIDTH:0.454854
G1 X127.035 Y104.521 E.01003
G1 X127.489 Y104.834 E.0185
G1 X127.847 Y105.242 E.0182
G1 X128.107 Y105.752 E.01922
;WIDTH:0.480117
G1 X128.165 Y105.881 E.00505
;WIDTH:0.517356
G1 X128.223 Y106.01 E.00548
G1 X128.263 Y106.479 E.01818
G1 X128.263 Y111.578 E.19715
G1 X128.737 Y111.105 E.02587
G1 X128.737 Y106.479 E.17886
G1 X128.722 Y105.976 E.01944
;WIDTH:0.520899
G1 X128.746 Y105.639 E.01316
;WIDTH:0.452294
G1 X128.77 Y105.302 E.01127
G1 X128.77 Y103.73 E.05242
G1 X127.198 Y103.73 E.05242
;WIDTH:0.473633
G1 X126.861 Y103.754 E.01186
;WIDTH:0.516339
G1 X126.524 Y103.778 E.01304
G1 X126.021 Y103.763 E.0194
G1 X97.64 Y103.763 E1.09489
G1 E-4.5 F2700
;WIPE_START
G1 F3600
G1 X99.64 Y103.763 E-.475
;WIPE_END
G1 E-.025 F2700
M205 X8 Y8
G1 X95.819 Y110.371 Z3.2 F7200
G1 X92.667 Y115.82 Z3.2
G1 Z2.8
G1 E5 F2400
M205 X10 Y10
;WIDTH:0.534237
G1 F3600
G1 X92.234 Y115.521 E.02109
G1 X91.979 Y115.266 E.01444
G1 X91.68 Y114.833 E.02109
G1 X91.68 Y115.82 E.03955
G1 X92.627 Y115.82 E.03795
M205 X8 Y8
G1 X90.417 Y102.855 F7200
M205 X10 Y10
;WIDTH:0.405696
G1 F3600
G1 X90.349 Y102.894 E.00232
G1 X90.419 Y102.929 E.00233
M205 X8 Y8
G1 X96.98 Y102.662 F7200
M205 X10 Y10
;WIDTH:0.457402
G1 F3600
G1 X94.253 Y105.389 E.13026
M205 X8 Y8
G1 X92.889 Y106.753 F7200
M205 X10 Y10
G1 F3600
G1 X90.313 Y109.329 E.12305
G1 X90.313 Y108.796 E.01799
G1 X90.294 Y108.762 E.00133
G1 X92.726 Y106.33 E.11614
G1 X92.753 Y106.134 E.00669
G1 X92.885 Y105.825 E.01133
G1 X93.078 Y105.578 E.01059
G1 X93.325 Y105.385 E.01059
G1 X93.634 Y105.253 E.01133
G1 X93.83 Y105.226 E.00669
G1 X96.243 Y102.813 E.11524
G1 X95.656 Y102.813 E.0198
G1 X90.294 Y108.175 E.25613
G1 X90.294 Y107.589 E.0198
G1 X95.07 Y102.813 E.22813
G1 X94.484 Y102.813 E.0198
G1 X90.294 Y107.003 E.20014
G1 X90.294 Y106.417 E.0198
G1 X93.898 Y102.813 E.17214
G1 X93.312 Y102.813 E.0198
M73 P90 R0
G1 X90.294 Y105.831 E.14414
G1 X90.294 Y105.245 E.0198
G1 X92.726 Y102.813 E.11614
G1 X92.139 Y102.813 E.0198
G1 X90.294 Y104.658 E.08814
G1 X90.294 Y104.072 E.0198
G1 X91.553 Y102.813 E.06014
G1 X91.115 Y102.813 E.01481
G1 X91.096 Y102.794 E.0009
G1 X90.986 Y102.794 E.00372
G1 X90.111 Y103.669 E.0418
; stop printing object V7_00_capacitive_fit_gauge_32x7.stl id:0 copy 0
;TIME_ELAPSED:488.538696

;LAYER_CHANGE
;:3
;HEIGHT:0.2
;BEFORE_LAYER_CHANGE
;3
G92 E0

G1 E-4.5 F2700
;WIPE_START
G1 F3600
G1 X90.986 Y102.794 E-.29392
G1 X91.096 Y102.794 E-.02613
G1 X91.115 Y102.813 E-.00635
G1 X91.553 Y102.813 E-.10411
G1 X91.421 Y102.945 E-.04449
;WIPE_END
G1 E-.025 F2700
;_SET_FAN_SPEED_CHANGING_LAYER
; OBJECT_ID: 15
; printing object V7_00_capacitive_fit_gauge_32x7.stl id:0 copy 0
M205 X8 Y8
G17
G3 Z3.2 I-.442 J1.134 P1  F7200
G1 X130.79 Y118.29 Z3.2
G1 Z3
G1 E5 F2400
M205 X10 Y10
;TYPE:Outer wall
;WIDTH:0.419999
G1 X89.21 Y118.29 E1.27764
G1 X89.21 Y101.71 E.50946
G1 X130.79 Y101.71 E1.27764
G1 X130.79 Y118.25 E.50823
G1 E-4.5 F2700
;WIPE_START
G1 F2400
M73 P91 R0
G1 X128.79 Y118.252 E-.475
;WIPE_END
G1 E-.025 F2700
M205 X8 Y8
G1 X126.21 Y113.521 Z3.4 F7200
G1 Z3
G1 E5 F2400
M205 X10 Y10
G1 X126.155 Y113.655 E.00443
G1 X126.021 Y113.71 E.00443
G1 X93.979 Y113.71 E.98459
G1 X93.845 Y113.655 E.00443
G1 X93.79 Y113.521 E.00443
G1 X93.79 Y106.479 E.21641
G1 X93.845 Y106.345 E.00443
G1 X93.979 Y106.29 E.00443
G1 X126.021 Y106.29 E.98459
G1 X126.155 Y106.345 E.00443
G1 X126.21 Y106.479 E.00443
G1 X126.21 Y113.481 E.21518
G1 E-4.5 F2700
;WIPE_START
G1 F2400
G1 X126.155 Y113.655 E-.0432
G1 X126.021 Y113.71 E-.03427
G1 X124.348 Y113.71 E-.39753
;WIPE_END
G1 E-.025 F2700
M205 X8 Y8
G1 X130.677 Y102.588 Z3.4 F7200
G1 Z3
G1 E5 F2400
M205 X10 Y10
;TYPE:Top surface
;WIDTH:0.421241
G1 X130.082 Y101.993 E.02595
G1 X129.547 Y101.993 E.01649
G1 X130.507 Y102.953 E.04188
G1 X130.507 Y103.488 E.01649
G1 X129.012 Y101.993 E.0652
G1 X128.477 Y101.993 E.01649
G1 X130.507 Y104.023 E.08853
G1 X130.507 Y104.558 E.01649
G1 X127.942 Y101.993 E.11186
G1 X127.407 Y101.993 E.01649
G1 X130.507 Y105.093 E.13518
G1 X130.507 Y105.628 E.01649
G1 X126.872 Y101.993 E.15851
G1 X126.336 Y101.993 E.01649
G1 X130.507 Y106.164 E.18183
G1 X130.507 Y106.699 E.01649
G1 X125.801 Y101.993 E.20516
G1 X125.266 Y101.993 E.01649
G1 X130.507 Y107.234 E.22849
G1 X130.507 Y107.769 E.01649
G1 X124.731 Y101.993 E.25181
G1 X124.196 Y101.993 E.01649
M73 P92 R0
G1 X130.507 Y108.304 E.27514
G1 X130.507 Y108.839 E.01649
G1 X123.661 Y101.993 E.29846
G1 X123.126 Y101.993 E.01649
G1 X130.507 Y109.374 E.32179
G1 X130.507 Y109.909 E.01649
G1 X122.591 Y101.993 E.34512
G1 X122.056 Y101.993 E.01649
G1 X130.507 Y110.444 E.36844
G1 X130.507 Y110.979 E.01649
G1 X126.493 Y106.964 E.17502
G1 X126.493 Y107.499 E.01649
G1 X130.507 Y111.514 E.17502
G1 X130.507 Y112.049 E.01649
G1 X126.493 Y108.034 E.17502
G1 X126.493 Y108.569 E.01649
G1 X130.507 Y112.584 E.17502
G1 X130.507 Y113.119 E.01649
G1 X126.493 Y109.104 E.17502
G1 X126.493 Y109.639 E.01649
G1 X130.507 Y113.654 E.17502
G1 X130.507 Y114.189 E.01649
G1 X126.493 Y110.175 E.17502
G1 X126.493 Y110.71 E.01649
G1 X130.507 Y114.724 E.17502
G1 X130.507 Y115.259 E.01649
G1 X126.493 Y111.245 E.17502
G1 X126.493 Y111.78 E.01649
G1 X130.507 Y115.794 E.17502
G1 X130.507 Y116.329 E.01649
G1 X126.493 Y112.315 E.17502
G1 X126.493 Y112.85 E.01649
G1 X130.507 Y116.864 E.17502
G1 X130.507 Y117.399 E.01649
G1 X126.493 Y113.385 E.17502
G1 X126.476 Y113.649 E.00817
G1 X126.425 Y113.769 E.00402
G1 X126.383 Y113.81 E.0018
G1 X130.507 Y117.934 E.1798
G1 X130.507 Y118.007 E.00225
G1 X130.045 Y118.007 E.01424
G1 X126.031 Y113.992 E.17504
G1 X125.496 Y113.993 E.01648
G1 X129.51 Y118.007 E.17502
G1 X128.975 Y118.007 E.01649
G1 X124.961 Y113.993 E.17502
G1 X124.426 Y113.993 E.01649
M73 P93 R0
G1 X128.44 Y118.007 E.17502
G1 X127.905 Y118.007 E.01649
G1 X123.891 Y113.993 E.17502
G1 X123.356 Y113.993 E.01649
G1 X127.37 Y118.007 E.17502
G1 X126.835 Y118.007 E.01649
G1 X122.821 Y113.993 E.17502
G1 X122.286 Y113.993 E.01649
G1 X126.3 Y118.007 E.17502
G1 X125.765 Y118.007 E.01649
G1 X121.751 Y113.993 E.17502
G1 X121.216 Y113.993 E.01649
G1 X125.23 Y118.007 E.17502
G1 X124.695 Y118.007 E.01649
G1 X120.681 Y113.993 E.17502
G1 X120.146 Y113.993 E.01649
G1 X124.16 Y118.007 E.17502
G1 X123.625 Y118.007 E.01649
G1 X119.611 Y113.993 E.17502
G1 X119.076 Y113.993 E.01649
G1 X123.09 Y118.007 E.17502
G1 X122.555 Y118.007 E.01649
G1 X118.54 Y113.993 E.17502
G1 X118.005 Y113.993 E.01649
G1 X122.02 Y118.007 E.17502
G1 X121.485 Y118.007 E.01649
G1 X117.47 Y113.993 E.17502
G1 X116.935 Y113.993 E.01649
G1 X120.95 Y118.007 E.17502
G1 X120.415 Y118.007 E.01649
G1 X116.4 Y113.993 E.17502
G1 X115.865 Y113.993 E.01649
G1 X119.88 Y118.007 E.17502
G1 X119.345 Y118.007 E.01649
G1 X115.33 Y113.993 E.17502
G1 X114.795 Y113.993 E.01649
G1 X118.81 Y118.007 E.17502
G1 X118.275 Y118.007 E.01649
G1 X114.26 Y113.993 E.17502
G1 X113.725 Y113.993 E.01649
G1 X117.74 Y118.007 E.17502
G1 X117.205 Y118.007 E.01649
G1 X113.19 Y113.993 E.17502
G1 X112.655 Y113.993 E.01649
G1 X116.67 Y118.007 E.17502
G1 X116.135 Y118.007 E.01649
G1 X112.12 Y113.993 E.17502
G1 X111.585 Y113.993 E.01649
G1 X115.6 Y118.007 E.17502
G1 X115.065 Y118.007 E.01649
M73 P94 R0
G1 X111.05 Y113.993 E.17502
G1 X110.515 Y113.993 E.01649
G1 X114.53 Y118.007 E.17502
G1 X113.994 Y118.007 E.01649
G1 X109.98 Y113.993 E.17502
G1 X109.445 Y113.993 E.01649
G1 X113.459 Y118.007 E.17502
G1 X112.924 Y118.007 E.01649
G1 X108.91 Y113.993 E.17502
G1 X108.375 Y113.993 E.01649
G1 X112.389 Y118.007 E.17502
G1 X111.854 Y118.007 E.01649
G1 X107.84 Y113.993 E.17502
G1 X107.305 Y113.993 E.01649
G1 X111.319 Y118.007 E.17502
G1 X110.784 Y118.007 E.01649
G1 X106.77 Y113.993 E.17502
G1 X106.235 Y113.993 E.01649
G1 X110.249 Y118.007 E.17502
G1 X109.714 Y118.007 E.01649
G1 X105.7 Y113.993 E.17502
G1 X105.165 Y113.993 E.01649
G1 X109.179 Y118.007 E.17502
G1 X108.644 Y118.007 E.01649
G1 X104.63 Y113.993 E.17502
G1 X104.095 Y113.993 E.01649
G1 X108.109 Y118.007 E.17502
G1 X107.574 Y118.007 E.01649
G1 X103.56 Y113.993 E.17502
G1 X103.025 Y113.993 E.01649
G1 X107.039 Y118.007 E.17502
G1 X106.504 Y118.007 E.01649
G1 X102.49 Y113.993 E.17502
G1 X101.955 Y113.993 E.01649
G1 X105.969 Y118.007 E.17502
G1 X105.434 Y118.007 E.01649
G1 X101.42 Y113.993 E.17502
G1 X100.885 Y113.993 E.01649
G1 X104.899 Y118.007 E.17502
G1 X104.364 Y118.007 E.01649
G1 X100.35 Y113.993 E.17502
G1 X99.815 Y113.993 E.01649
G1 X103.829 Y118.007 E.17502
G1 X103.294 Y118.007 E.01649
G1 X99.28 Y113.993 E.17502
G1 X98.745 Y113.993 E.01649
G1 X102.759 Y118.007 E.17502
G1 X102.224 Y118.007 E.01649
G1 X98.209 Y113.993 E.17502
G1 X97.674 Y113.993 E.01649
G1 X101.689 Y118.007 E.17502
G1 X101.154 Y118.007 E.01649
M73 P95 R0
G1 X97.139 Y113.993 E.17502
G1 X96.604 Y113.993 E.01649
G1 X100.619 Y118.007 E.17502
G1 X100.084 Y118.007 E.01649
G1 X96.069 Y113.993 E.17502
G1 X95.534 Y113.993 E.01649
G1 X99.549 Y118.007 E.17502
G1 X99.014 Y118.007 E.01649
G1 X94.999 Y113.993 E.17502
G1 X94.464 Y113.993 E.01649
G1 X98.648 Y118.177 E.18242
G1 E-4.5 F2700
;WIPE_START
G1 F2400
G1 X97.234 Y116.763 E-.475
;WIPE_END
G1 E-.025 F2700
M205 X8 Y8
G1 X103.723 Y112.743 Z3.4 F7200
G1 X121.352 Y101.823 Z3.4
G1 Z3
G1 E5 F2400
M205 X10 Y10
G1 X125.536 Y106.007 E.18242
G1 X125.001 Y106.007 E.01649
G1 X120.986 Y101.993 E.17502
G1 X120.451 Y101.993 E.01649
G1 X124.466 Y106.007 E.17502
G1 X123.931 Y106.007 E.01649
G1 X119.916 Y101.993 E.17502
G1 X119.381 Y101.993 E.01649
G1 X123.396 Y106.007 E.17502
G1 X122.861 Y106.007 E.01649
G1 X118.846 Y101.993 E.17502
G1 X118.311 Y101.993 E.01649
G1 X122.325 Y106.007 E.17502
G1 X121.79 Y106.007 E.01649
G1 X117.776 Y101.993 E.17502
G1 X117.241 Y101.993 E.01649
G1 X121.255 Y106.007 E.17502
G1 X120.72 Y106.007 E.01649
G1 X116.706 Y101.993 E.17502
G1 X116.171 Y101.993 E.01649
G1 X120.185 Y106.007 E.17502
G1 X119.65 Y106.007 E.01649
G1 X115.636 Y101.993 E.17502
G1 X115.101 Y101.993 E.01649
G1 X119.115 Y106.007 E.17502
G1 X118.58 Y106.007 E.01649
G1 X114.566 Y101.993 E.17502
G1 X114.031 Y101.993 E.01649
M73 P96 R0
G1 X118.045 Y106.007 E.17502
G1 X117.51 Y106.007 E.01649
G1 X113.496 Y101.993 E.17502
G1 X112.961 Y101.993 E.01649
G1 X116.975 Y106.007 E.17502
G1 X116.44 Y106.007 E.01649
G1 X112.426 Y101.993 E.17502
G1 X111.891 Y101.993 E.01649
G1 X115.905 Y106.007 E.17502
G1 X115.37 Y106.007 E.01649
G1 X111.356 Y101.993 E.17502
G1 X110.821 Y101.993 E.01649
G1 X114.835 Y106.007 E.17502
G1 X114.3 Y106.007 E.01649
G1 X110.286 Y101.993 E.17502
G1 X109.751 Y101.993 E.01649
G1 X113.765 Y106.007 E.17502
G1 X113.23 Y106.007 E.01649
G1 X109.216 Y101.993 E.17502
G1 X108.681 Y101.993 E.01649
G1 X112.695 Y106.007 E.17502
G1 X112.16 Y106.007 E.01649
G1 X108.146 Y101.993 E.17502
G1 X107.611 Y101.993 E.01649
G1 X111.625 Y106.007 E.17502
G1 X111.09 Y106.007 E.01649
G1 X107.076 Y101.993 E.17502
G1 X106.54 Y101.993 E.01649
G1 X110.555 Y106.007 E.17502
G1 X110.02 Y106.007 E.01649
G1 X106.005 Y101.993 E.17502
G1 X105.47 Y101.993 E.01649
G1 X109.485 Y106.007 E.17502
G1 X108.95 Y106.007 E.01649
G1 X104.935 Y101.993 E.17502
G1 X104.4 Y101.993 E.01649
G1 X108.415 Y106.007 E.17502
G1 X107.88 Y106.007 E.01649
G1 X103.865 Y101.993 E.17502
G1 X103.33 Y101.993 E.01649
G1 X107.345 Y106.007 E.17502
G1 X106.81 Y106.007 E.01649
G1 X102.795 Y101.993 E.17502
G1 X102.26 Y101.993 E.01649
G1 X106.275 Y106.007 E.17502
G1 X105.74 Y106.007 E.01649
G1 X101.725 Y101.993 E.17502
G1 X101.19 Y101.993 E.01649
G1 X105.205 Y106.007 E.17502
G1 X104.67 Y106.007 E.01649
M73 P97 R0
G1 X100.655 Y101.993 E.17502
G1 X100.12 Y101.993 E.01649
G1 X104.135 Y106.007 E.17502
G1 X103.6 Y106.007 E.01649
G1 X99.585 Y101.993 E.17502
G1 X99.05 Y101.993 E.01649
G1 X103.065 Y106.007 E.17502
G1 X102.53 Y106.007 E.01649
G1 X98.515 Y101.993 E.17502
G1 X97.98 Y101.993 E.01649
G1 X101.994 Y106.007 E.17502
G1 X101.459 Y106.007 E.01649
G1 X97.445 Y101.993 E.17502
G1 X96.91 Y101.993 E.01649
G1 X100.924 Y106.007 E.17502
G1 X100.389 Y106.007 E.01649
G1 X96.375 Y101.993 E.17502
G1 X95.84 Y101.993 E.01649
G1 X99.854 Y106.007 E.17502
G1 X99.319 Y106.007 E.01649
G1 X95.305 Y101.993 E.17502
G1 X94.77 Y101.993 E.01649
G1 X98.784 Y106.007 E.17502
G1 X98.249 Y106.007 E.01649
G1 X94.235 Y101.993 E.17502
G1 X93.7 Y101.993 E.01649
G1 X97.714 Y106.007 E.17502
G1 X97.179 Y106.007 E.01649
G1 X93.165 Y101.993 E.17502
G1 X92.63 Y101.993 E.01649
G1 X96.644 Y106.007 E.17502
G1 X96.109 Y106.007 E.01649
G1 X92.095 Y101.993 E.17502
G1 X91.56 Y101.993 E.01649
G1 X95.574 Y106.007 E.17502
G1 X95.039 Y106.007 E.01649
G1 X91.025 Y101.993 E.17502
G1 X90.49 Y101.993 E.01649
G1 X94.504 Y106.007 E.17502
G1 X93.969 Y106.008 E.01648
G1 X89.955 Y101.993 E.17504
G1 X89.493 Y101.993 E.01424
G1 X89.493 Y102.066 E.00226
G1 X93.613 Y106.186 E.17962
G1 X93.524 Y106.351 E.00577
G1 X93.507 Y106.615 E.00817
G1 X89.493 Y102.601 E.17502
G1 X89.493 Y103.136 E.01649
G1 X93.507 Y107.15 E.17502
G1 X93.507 Y107.685 E.01649
G1 X89.493 Y103.671 E.17502
G1 X89.493 Y104.206 E.01649
M73 P98 R0
G1 X93.507 Y108.22 E.17502
G1 X93.507 Y108.755 E.01649
G1 X89.493 Y104.741 E.17502
G1 X89.493 Y105.276 E.01649
G1 X93.507 Y109.291 E.17502
G1 X93.507 Y109.826 E.01649
G1 X89.493 Y105.811 E.17502
G1 X89.493 Y106.346 E.01649
G1 X93.507 Y110.361 E.17502
G1 X93.507 Y110.896 E.01649
G1 X89.493 Y106.881 E.17502
G1 X89.493 Y107.416 E.01649
G1 X93.507 Y111.431 E.17502
G1 X93.507 Y111.966 E.01649
G1 X89.493 Y107.951 E.17502
G1 X89.493 Y108.486 E.01649
G1 X93.507 Y112.501 E.17502
G1 X93.507 Y113.036 E.01649
G1 X89.493 Y109.021 E.17502
G1 X89.493 Y109.556 E.01649
G1 X97.944 Y118.007 E.36844
G1 X97.409 Y118.007 E.01649
G1 X89.493 Y110.091 E.34511
G1 X89.493 Y110.626 E.01649
G1 X96.874 Y118.007 E.32179
G1 X96.339 Y118.007 E.01649
G1 X89.493 Y111.161 E.29846
G1 X89.493 Y111.696 E.01649
G1 X95.804 Y118.007 E.27514
G1 X95.269 Y118.007 E.01649
G1 X89.493 Y112.231 E.25181
G1 X89.493 Y112.766 E.01649
G1 X94.734 Y118.007 E.22848
G1 X94.198 Y118.007 E.01649
G1 X89.493 Y113.302 E.20516
G1 X89.493 Y113.837 E.01649
G1 X93.663 Y118.007 E.18183
G1 X93.128 Y118.007 E.01649
G1 X89.493 Y114.372 E.15851
G1 X89.493 Y114.907 E.01649
G1 X92.593 Y118.007 E.13518
G1 X92.058 Y118.007 E.01649
G1 X89.493 Y115.442 E.11185
G1 X89.493 Y115.977 E.01649
M73 P99 R0
G1 X91.523 Y118.007 E.08853
G1 X90.988 Y118.007 E.01649
G1 X89.493 Y116.512 E.0652
G1 X89.493 Y117.047 E.01649
G1 X90.453 Y118.007 E.04188
G1 X89.918 Y118.007 E.01649
G1 X89.323 Y117.412 E.02595
; stop printing object V7_00_capacitive_fit_gauge_32x7.stl id:0 copy 0
;TIME_ELAPSED:536.993652

G1 E-4.5 F2700
;WIPE_START
G1 F2400
G1 X89.918 Y118.007 E-.1999
G1 X90.453 Y118.007 E-.12707
G1 X90.013 Y117.566 E-.14803
;WIPE_END
G1 E-.025 F2700
M106 S0
;TYPE:Custom
;filament end gcode
G91 ;Relative positionning
G1 E-2 F2700 ;Retract a bit 
G1 E-2 Z1 F2400 ;Retract and raise Z 
G1 X5 Y5 F3000 ;Wipe out 
G1 Z10 ;Raise Z more 
G90 ;Absolute positionning  
G1 X0 Y0 ;Present print 
M106 S0 ;Turn-off fan 
M104 S0 ;Turn-off hotend 
M140 S0 ;Turn-off bed  
M84 X Y E ;Disable all steppers but Z 
M73 P100 R0
;TIME_ELAPSED:536.993639

; EXECUTABLE_BLOCK_END

; filament used [mm] = 540.70
; filament used [cm3] = 1.30
; filament used [g] = 1.61
; filament cost = 0.03
; total filament cost = 0.03
; total layers count = 15
; estimated printing time (normal mode) = 9m 1s

; CONFIG_BLOCK_START
; accel_to_decel_enable = 1
; accel_to_decel_factor = 50%
; acceleration_limit_mess = [[0.5,1.0,100,6000,210],[1.0,1.5,80,5500,200],[1.5,2.0,60,5000,190]]
; acceleration_limit_mess_enable = 0
; activate_air_filtration = 0
; activate_chamber_layer = 1
; activate_chamber_temp_control = 0
; adaptive_bed_mesh_margin = 0
; additional_cooling_fan_speed = 80
; ai_infill = 0
; align_infill_direction_to_model = 0
; alternate_extra_wall = 0
; arc_tolerance = 12
; automatic_extrusion_widths = 0
; auxiliary_fan = 0
; bbl_calib_mark_logo = 1
; bbl_use_printhost = 0
; bed_custom_model = 
; bed_custom_texture = 
; bed_exclude_area = 0x0
; bed_mesh_max = 99999,99999
; bed_mesh_min = -99999,-99999
; bed_mesh_probe_distance = 50,50
; bed_temperature_mode = use_first_material
; before_layer_change_gcode = ;BEFORE_LAYER_CHANGE\n;[layer_z]\nG92 E0\n
; belt_Z_offset = 0
; best_object_pos = 0.5,0.5
; bottom_shell_layers = 4
; bottom_shell_thickness = 0
; bottom_solid_infill_flow_ratio = 1
; bottom_surface_pattern = monotonic
; bridge_acceleration = 50%
; bridge_angle = 0
; bridge_density = 100%
; bridge_flow = 0.95
; bridge_no_support = 0
; bridge_speed = 50
; brim_ears_detection_length = 1
; brim_ears_max_angle = 125
; brim_object_gap = 0.2
; brim_type = auto_brim
; brim_width = 5
; chamber_temperature = 0
; change_extrusion_role_gcode = 
; change_filament_gcode = 
; close_fan_the_first_x_layers = 1
; color_bed_exclude_area = 
; complete_print_exhaust_fan_speed = 80
; cool_cds_fan_start_at_height = 0.5
; cool_plate_temp = 60
; cool_plate_temp_initial_layer = 60
; cool_special_cds_fan_speed = 100
; cooling_perimeter_transition_distance = 0
; cooling_slowdown_logic = uniform_cooling
; cooling_tube_length = 5
; cooling_tube_retraction = 91.5
; counterbore_hole_bridging = none
; creality_flush_time = 86
; curr_bed_type = Cool Plate
; customized_plate_temp = 60
; customized_plate_temp_initial_layer = 60
; default_acceleration = 500
; default_filament_colour = #F2754E
; default_filament_profile = "CR-PLA @Creality Ender-3 V2 0.4 nozzle"
; default_filament_type = PLA
; default_flush_multiplier = 1.3
; default_jerk = 10
; default_print_profile = 0.20mm Standard @Creality Ender-3 V2 0.4 nozzle
; deretraction_speed = 40
; detect_narrow_internal_solid_infill = 1
; detect_overhang_wall = 1
; detect_thin_wall = 1
; disable_m73 = 0
; dithering_local_z_mode = 0
; dithering_step_painted_zones_only = 0
; dithering_z_step_size = 0
; dont_filter_internal_bridges = disabled
; dont_slow_down_outer_wall = 0
; draft_shield = disabled
; during_print_exhaust_fan_speed = 60
; elefant_foot_compensation = 0.15
; elefant_foot_compensation_layers = 1
; embedding_wall_into_infill = 0
; emit_machine_limits_to_gcode = 1
; enable_arc_fitting = 0
; enable_filament_ramming = 0
; enable_long_retraction_when_cut = 0
; enable_overhang_bridge_fan = 1
; enable_overhang_speed = 1
; enable_pressure_advance = 0
; enable_prime_tower = 0
; enable_special_area_additional_cooling_fan = 0
; enable_support = 1
; enforce_support_layers = 0
; eng_plate_temp = 60
; eng_plate_temp_initial_layer = 60
; ensure_vertical_shell_thickness = ensure_all
; epoxy_resin_plate_temp = 0
; epoxy_resin_plate_temp_initial_layer = 0
; exclude_object = 0
; external_infill_margin = 0
; extra_loading_move = -2
; extra_perimeters_on_overhangs = 0
; extruder_clearance_height_to_lid = 250
; extruder_clearance_height_to_rod = 35
; extruder_clearance_radius = 60
; extruder_colour = #FCE94F
; extruder_offset = 0x0
; fan_cooling_layer_time = 100
; fan_kickstart = 0
; fan_max_speed = 100
; fan_min_speed = 100
; fan_speedup_overhangs = 1
; fan_speedup_time = 0
; filament_adhesiveness_category = 100
; filament_can_change = 1
; filament_colour = #F2754E
; filament_cooling_final_speed = 3.4
; filament_cooling_initial_speed = 2.2
; filament_cooling_moves = 4
; filament_cost = 20
; filament_density = 1.24
; filament_diameter = 1.75
; filament_end_gcode = ";filament end gcode"
; filament_flow_ratio = 0.98
; filament_ids = 04001
; filament_is_support = 0
; filament_load_time = 0
; filament_loading_speed = 28
; filament_loading_speed_start = 3
; filament_max_volumetric_speed = 10
; filament_minimal_purge_on_wipe_tower = 15
; filament_multitool_ramming = 0
; filament_multitool_ramming_flow = 10
; filament_multitool_ramming_volume = 10
; filament_notes = ""
; filament_ramming_parameters = "120 100 6.6 6.8 7.2 7.6 7.9 8.2 8.7 9.4 9.9 10.0| 0.05 6.6 0.45 6.8 0.95 7.8 1.45 8.3 1.95 9.7 2.45 10 2.95 7.6 3.45 7.6 3.95 7.6 4.45 7.6 4.95 7.6"
; filament_retraction_length = 5
; filament_retraction_minimum_travel = 1
; filament_retraction_speed = 45
; filament_settings_id = "CR-PLA @Creality Ender-3 V2 0.4 nozzle"
; filament_shrink = 100%
; filament_shrinkage_compensation_z = 100%
; filament_soluble = 0
; filament_stamping_distance = 0
; filament_stamping_loading_speed = 0
; filament_start_gcode = ";filament start gcode\n"
; filament_toolchange_delay = 0
; filament_type = PLA
; filament_unload_time = 0
; filament_unloading_speed = 90
; filament_unloading_speed_start = 100
; filament_vendor = Creality
; filename_format = {input_filename_base}_{filament_type[initial_tool]}_{print_time}.gcode
; fill_multiline = 1
; filter_out_gap_fill = 0
; first_layer_print_sequence = 0
; flush_box_first_clean_length = 90
; flush_box_need_clean_length = 70
; flush_box_need_clean_length_max = 100
; flush_into_infill = 0
; flush_into_objects = 0
; flush_into_skeleton = 0
; flush_into_support = 1
; flush_multiplier = 1
; flush_volumes_changed = 0
; flush_volumes_matrix = 0,280,280,280,280,0,280,280,280,280,0,280,280,280,280,0
; flush_volumes_vector = 140,140,140,140,140,140,140,140
; full_fan_speed_layer = 0
; fuzzy_skin = none
; fuzzy_skin_first_layer = 0
; fuzzy_skin_mode = displacement
; fuzzy_skin_noise_type = classic
; fuzzy_skin_octaves = 4
; fuzzy_skin_persistence = 0.5
; fuzzy_skin_point_distance = 0.8
; fuzzy_skin_scale = 1
; fuzzy_skin_thickness = 0.3
; gap_fill_target = everywhere
; gap_infill_speed = 40
; gcode_add_line_number = 0
; gcode_comments = 0
; gcode_flavor = marlin
; gcode_label_objects = 1
; has_scarf_joint_seam = 0
; head_wrap_detect_zone = 
; high_current_on_filament_swap = 0
; hole_to_polyhole = 0
; hole_to_polyhole_threshold = 0.01
; hole_to_polyhole_twisted = 1
; host_type = octoprint
; hot_plate_temp = 60
; hot_plate_temp_initial_layer = 60
; idle_temperature = 0
; ignore_inner_color = 0
; independent_support_layer_height = 1
; infill_anchor = 400%
; infill_anchor_max = 20
; infill_combination = 0
; infill_combination_max_layer_height = 100%
; infill_direction = 45
; infill_jerk = 10
; infill_lock_depth = 1
; infill_overhang_angle = 45
; infill_rotate_step = 0
; infill_shift_step = 0.4
; infill_wall_overlap = 30%
; inherits_group = ;;
; initial_layer_acceleration = 500
; initial_layer_infill_speed = 20
; initial_layer_jerk = 8
; initial_layer_line_width = 0.5
; initial_layer_min_bead_width = 85%
; initial_layer_print_height = 0.2
; initial_layer_speed = 15
; initial_layer_travel_acceleration = 0
; initial_layer_travel_speed = 50%
; inner_wall_acceleration = 500
; inner_wall_jerk = 10
; inner_wall_line_width = 0.45
; inner_wall_speed = 45
; interface_shells = 0
; interlocking_beam = 0
; interlocking_beam_layer_count = 2
; interlocking_beam_width = 0.8
; interlocking_boundary_avoidance = 2
; interlocking_depth = 2
; interlocking_orientation = 22.5
; internal_bridge_flow = 1
; internal_bridge_speed = 150%
; internal_solid_infill_acceleration = 100%
; internal_solid_infill_line_width = 0.45
; internal_solid_infill_pattern = monotonic
; internal_solid_infill_speed = 60
; ironing_angle = -1
; ironing_flow = 15%
; ironing_pattern = zig-zag
; ironing_spacing = 0.1
; ironing_speed = 20
; ironing_support_layer = 0
; ironing_type = no ironing
; is_infill_first = 0
; lateral_lattice_angle_1 = -45
; lateral_lattice_angle_2 = 45
; layer_change_gcode = 
; layer_height = 0.2
; line_width = 0.45
; locked_skeleton_infill_pattern = zig-zag2
; locked_skin_infill_pattern = cross-zag
; long_retractions_when_cut = 0
; machine_LED_light_exist = 0
; machine_end_gcode = G91 ;Relative positionning\nG1 E-2 F2700 ;Retract a bit \nG1 E-2 Z1 F2400 ;Retract and raise Z \nG1 X5 Y5 F3000 ;Wipe out \nG1 Z10 ;Raise Z more \nG90 ;Absolute positionning  \nG1 X0 Y0 ;Present print \nM106 S0 ;Turn-off fan \nM104 S0 ;Turn-off hotend \nM140 S0 ;Turn-off bed  \nM84 X Y E ;Disable all steppers but Z 
; machine_is_belt = 0
; machine_load_filament_time = 0
; machine_max_acceleration_e = 5000,5000
; machine_max_acceleration_extruding = 500,500
; machine_max_acceleration_retracting = 500,1000
; machine_max_acceleration_travel = 500,500
; machine_max_acceleration_x = 500,500
; machine_max_acceleration_y = 500,500
; machine_max_acceleration_z = 500,500
; machine_max_jerk_e = 5,5
; machine_max_jerk_x = 10,8
; machine_max_jerk_y = 10,8
; machine_max_jerk_z = 0.4,0.4
; machine_max_speed_e = 50,60
; machine_max_speed_x = 500,500
; machine_max_speed_y = 500,500
; machine_max_speed_z = 10,10
; machine_min_extruding_rate = 0,0
; machine_min_travel_rate = 0,0
; machine_pause_gcode = M25 ;pause print
; machine_platform_motion_enable = 0
; machine_ptc_exist = 0
; machine_start_gcode = M220 S100 ;Reset Feedrate\nM221 S100 ;Reset Flowrate\n\nM140 S[bed_temperature_initial_layer_single] ;Set final bed temp  \nG28 ;Home\nG92 E0 ;Reset Extruder\nG1 Z2.0 F3000 ;Move Z Axis up\nM104 S[nozzle_temperature_initial_layer] ;Set final nozzle temp  \nG1 X10.1 Y20 Z0.28 F5000.0 ;Move to start position\nM190 S[bed_temperature_initial_layer_single] ;Wait for bed temp to stabilize  \nM109 S[nozzle_temperature_initial_layer] ;Wait for nozzle temp to stabilize  \nG1 X10.1 Y145.0 Z0.28 F1500.0 E15 ;Draw the first line\nG1 X10.4 Y145.0 Z0.28 F5000.0 ;Move to side a little\nG1 X10.4 Y20 Z0.28 F1500.0 E30 ;Draw the second line\nG92 E0  ;Reset Extruder\nG1 E-1.0000 F1800 ;Retract a bit\nG1 Z2.0 F3000 ;Move Z Axis up\nG1 E0.0000 F1800
; machine_tool_change_time = 0
; machine_unload_filament_time = 0
; make_overhang_printable = 0
; make_overhang_printable_angle = 55
; make_overhang_printable_hole_size = 0
; manual_filament_change = 0
; material_flow_dependent_temperature = 0
; material_flow_temp_graph = [[3.0,210],[10.0,220],[12.0,230]]
; max_bridge_length = 10
; max_layer_height = 0.2
; max_travel_detour_distance = 0
; max_volumetric_extrusion_rate_slope = 0
; max_volumetric_extrusion_rate_slope_segment_length = 3
; min_bead_width = 85%
; min_feature_size = 25%
; min_layer_height = 0.08
; min_length_factor = 0.5
; min_skirt_length = 0
; min_width_top_surface = 300%
; minimum_sparse_infill_area = 10
; minimum_support_area = 5
; mixed_color_layer_height_a = 0
; mixed_color_layer_height_b = 0
; mixed_filament_advanced_dithering = 0
; mixed_filament_definitions = 
; mixed_filament_gradient_mode = 0
; mixed_filament_height_lower_bound = 0.04
; mixed_filament_height_upper_bound = 0.16
; mixed_filament_pointillism_line_gap = 0
; mixed_filament_pointillism_pixel_size = 0
; mixed_filament_surface_indentation = 0
; mmu_segmented_region_interlocking_depth = 0
; mmu_segmented_region_max_width = 0
; msao_recovery_enable = 0
; msao_safe_accel = 200
; msao_safe_velocity = 50
; multicolor_method = 0
; notes = 
; nozzle_diameter = 0.4
; nozzle_height = 2.5
; nozzle_hrc = 0
; nozzle_temperature = 205
; nozzle_temperature_initial_layer = 205
; nozzle_temperature_range_high = 240
; nozzle_temperature_range_low = 190
; nozzle_type = brass
; nozzle_volume = 0
; only_one_wall_first_layer = 0
; only_one_wall_top = 1
; ooze_prevention = 0
; other_layers_print_sequence = 0
; other_layers_print_sequence_nums = 0
; outer_wall_acceleration = 500
; outer_wall_jerk = 10
; outer_wall_line_width = 0.42
; outer_wall_speed = 40
; overhang_1_4_speed = 0
; overhang_2_4_speed = 30
; overhang_3_4_speed = 20
; overhang_4_4_speed = 10
; overhang_fan_speed = 100
; overhang_fan_threshold = 50%
; overhang_optimization = 0
; overhang_reverse = 0
; overhang_reverse_internal_only = 0
; overhang_reverse_threshold = 50%
; overhang_speed_classic = 0
; overhang_totally_speed = 10
; parking_pos_retraction = 92
; pellet_modded_printer = 0
; post_process = 
; precise_outer_wall = 0
; precise_z_height = 0
; preferred_orientation = 0
; preheat_steps = 1
; preheat_time = 30
; pressure_advance = 0.04
; prime_tower_brim_width = 3
; prime_tower_enable_framework = 0
; prime_tower_enhance_type = chamfer
; prime_tower_position_type = Middle Upper
; prime_tower_rib_wall = 1
; prime_tower_skip_points = 1
; prime_tower_width = 60
; prime_volume = 45
; print_compatible_printers = "Creality Ender-3 V2 0.4 nozzle"
; print_flow_ratio = 1
; print_order = default
; print_sequence = by layer
; print_settings_id = 0.20mm SmartSoil Low Material @Creality Ender-3 V2 0.4 nozzle
; printable_area = 0x0,220x0,220x220,0x220
; printable_height = 250
; printer_model = Creality Ender-3 V2
; printer_notes = 
; printer_settings_id = Creality Ender-3 V2 0.4 nozzle
; printer_structure = i3
; printer_technology = FFF
; printer_variant = 0.4
; printhost_authorization_type = key
; printhost_ssl_ignore_revoke = 0
; printing_by_object_gcode = 
; purge_in_prime_tower = 0
; raft_contact_distance = 0.1
; raft_expansion = 1.5
; raft_first_layer_density = 90%
; raft_first_layer_expansion = 2
; raft_layers = 0
; reduce_crossing_wall = 0
; reduce_fan_stop_start_freq = 1
; reduce_infill_retraction = 1
; required_nozzle_HRC = 0
; resolution = 0.012
; retract_before_wipe = 90%
; retract_length_toolchange = 0
; retract_lift_above = 0
; retract_lift_below = 0
; retract_lift_enforce = All Surfaces
; retract_restart_extra = 0
; retract_restart_extra_toolchange = 0
; retract_when_changing_layer = 1
; retraction_distances_when_cut = 18
; retraction_length = 5
; retraction_minimum_travel = 2
; retraction_speed = 50
; role_based_wipe_speed = 1
; rotate_solid_infill_direction = 1
; scan_first_layer = 0
; scarf_angle_threshold = 155
; scarf_joint_flow_ratio = 1
; scarf_joint_speed = 100%
; scarf_overhang_threshold = 40%
; seam_gap = 10%
; seam_position = aligned
; seam_slope_conditional = 0
; seam_slope_entire_loop = 0
; seam_slope_inner_walls = 0
; seam_slope_min_length = 20
; seam_slope_start_height = 0
; seam_slope_steps = 10
; seam_slope_type = none
; silent_mode = 0
; single_extruder_multi_material = 1
; single_extruder_multi_material_priming = 0
; skeleton_infill_density = 25%
; skeleton_infill_line_width = 100%
; skin_infill_density = 25%
; skin_infill_depth = 2
; skin_infill_line_width = 100%
; skirt_distance = 5
; skirt_height = 2
; skirt_loops = 2
; skirt_speed = 50
; skirt_type = combined
; slice_closing_radius = 0.049
; slicing_mode = regular
; slow_down_for_layer_cooling = 1
; slow_down_layer_time = 8
; slow_down_layers = 0
; slow_down_min_speed = 10
; slowdown_for_curled_perimeters = 0
; small_area_infill_flow_compensation = 0
; small_area_infill_flow_compensation_model = 0,0;"\n0.2,0.4444";"\n0.4,0.6145";"\n0.6,0.7059";"\n0.8,0.7619";"\n1.5,0.8571";"\n2,0.8889";"\n3,0.9231";"\n5,0.9520";"\n10,1"
; small_perimeter_speed = 40%
; small_perimeter_threshold = 0
; smart_cooling_zones = 0
; smooth_coefficient = 80
; smooth_speed_discontinuity_area = 0
; solid_infill_direction = 45
; solid_infill_filament = 0
; sparse_infill_acceleration = 100%
; sparse_infill_density = 10%
; sparse_infill_filament = 0
; sparse_infill_line_width = 0.45
; sparse_infill_pattern = gyroid
; sparse_infill_speed = 50
; speed_limit_to_height = [[100,150,100,6000,210],[150,200,80,5500,200],[200,250,60,5000,190]]
; speed_limit_to_height_enable = 0
; spiral_mode = 0
; spiral_mode_max_xy_smoothing = 200%
; spiral_mode_smooth = 0
; staggered_inner_seams = 0
; standby_temperature_delta = -5
; start_end_points = 30x-3,54x245
; support_air_filtration = 0
; support_angle = 0
; support_base_pattern = rectilinear
; support_base_pattern_spacing = 2.5
; support_base_pattern_tree = default
; support_bottom_interface_spacing = 0.5
; support_bottom_z_distance = 0.2
; support_chamber_temp_control = 0
; support_critical_regions_only = 0
; support_expansion = 0
; support_filament = 0
; support_interface_bottom_layers = 2
; support_interface_filament = 0
; support_interface_loop_pattern = 0
; support_interface_min_area = 0.25
; support_interface_not_for_body = 1
; support_interface_pattern = auto
; support_interface_spacing = 0.5
; support_interface_speed = 50
; support_interface_top_layers = 2
; support_ironing = 0
; support_ironing_flow = 10%
; support_ironing_pattern = zig-zag
; support_ironing_spacing = 0.2
; support_line_width = 0.42
; support_material_interface_fan_speed = -1
; support_multi_bed_types = 1
; support_object_first_layer_gap = 0.2
; support_object_xy_distance = 0.35
; support_on_build_plate_only = 1
; support_remove_small_overhang = 1
; support_speed = 50
; support_style = default
; support_threshold_angle = 30
; support_top_z_distance = 0.2
; support_type = normal(auto)
; support_xy_overrides_z = xy_overrides_z
; symmetric_infill_y_axis = 0
; temperature_vitrification = 60
; template_custom_gcode = 
; textured_plate_temp = 60
; textured_plate_temp_initial_layer = 60
; thick_bridges = 0
; thick_internal_bridges = 1
; thumbnails = 48x48/PNG, 300x300/PNG
; thumbnails_format = PNG
; time_cost = 0
; time_lapse_gcode = 
; timelapse_type = 0
; top_bottom_infill_wall_overlap = 25%
; top_shell_layers = 4
; top_shell_thickness = 0.8
; top_solid_infill_flow_ratio = 1
; top_surface_acceleration = 500
; top_surface_jerk = 10
; top_surface_line_width = 0.42
; top_surface_pattern = monotonic
; top_surface_speed = 40
; tpms_end_infill_density = 15%
; tpms_gradual_direction = gradualdir_x
; tpms_start_infill_density = 8%
; transmittance_matrix = 0.8,0.8,0.8,0.8,0.8,0.8,0.8,0.8,0.8,0.8,0.8,0.8,0.8,0.8,0.8,0.8
; travel_acceleration = 500
; travel_jerk = 8
; travel_short_distance_acceleration = 0
; travel_short_distance_threshold = 1.5
; travel_slope = 3
; travel_speed = 120
; travel_speed_z = 0
; tree_hybrid_cross_height = 0
; tree_support_adaptive_layer_height = 1
; tree_support_angle_slow = 25
; tree_support_auto_brim = 1
; tree_support_branch_angle = 45
; tree_support_branch_angle_organic = 40
; tree_support_branch_diameter = 2
; tree_support_branch_diameter_angle = 5
; tree_support_branch_diameter_double_wall = 3
; tree_support_branch_diameter_organic = 2
; tree_support_branch_distance = 5
; tree_support_branch_distance_organic = 1
; tree_support_brim_width = 3
; tree_support_organic_validate_repair = 0
; tree_support_tip_diameter = 0.8
; tree_support_top_rate = 30%
; tree_support_wall_count = 0
; tree_support_wall_count_tree = 0
; use_firmware_retraction = 0
; use_relative_e_distances = 1
; wall_direction = auto
; wall_distribution_count = 1
; wall_filament = 0
; wall_generator = arachne
; wall_loops = 3
; wall_sequence = inner wall/outer wall
; wall_transition_angle = 10
; wall_transition_filter_deviation = 25%
; wall_transition_length = 100%
; wipe = 1
; wipe_before_external_loop = 0
; wipe_distance = 2
; wipe_on_loops = 0
; wipe_speed = 80%
; wipe_tower_bridging = 10
; wipe_tower_cone_angle = 0
; wipe_tower_extra_flow = 100%
; wipe_tower_extra_spacing = 100%
; wipe_tower_filament = 0
; wipe_tower_max_purge_speed = 90
; wipe_tower_no_sparse_layers = 0
; wipe_tower_rotation_angle = 0
; wipe_tower_x = 0.000
; wipe_tower_y = 0.000
; wiping_volumes_extruders = 70,70,70,70,70,70,70,70,70,70
; xy_contour_compensation = 0
; xy_hole_compensation = 0
; z_direction_outwall_speed_continuous = 0
; z_hop = 0.4
; z_hop_types = Auto Lift
; z_offset = 0
; first_layer_bed_temperature = 60
; bed_shape = 0x0,220x0,220x220,0x220
; first_layer_temperature = 205
; first_layer_height = 0.200
; all_surface_with_shell = 1
; should_enable_preview_lod = 0
; CONFIG_BLOCK_END


; gcode_lines = 6161
