; HEADER_BLOCK_START
; generated by Creality_Print V7.2.1.5476 on 2026-09-22 at 17:37:24
; total layer number: 15
; filament_density: 1.24
; filament_diameter: 1.75
; max_z_height: 3.00
; creality_uuid: 0bad75c3-32f7-4464-bd39-fef9d3c65229
; HEADER_BLOCK_END

; MINX = 78.00
; MINY = 99.00
; MINZ = 0.00
; MAXX = 142.00
; MAXY = 121.00
; MAXZ = 3.00

; multicolor_method = 0 
; external perimeters extrusion width = 0.42mm
; perimeters extrusion width = 0.45mm
; infill extrusion width = 0.45mm
; solid infill extrusion width = 0.45mm
; top infill extrusion width = 0.42mm
; support material extrusion width = 0.42mm
; first layer extrusion width = 0.50mm

; EXECUTABLE_BLOCK_START
M73 P0 R18
M201 X500 Y500 Z500 E5000
M203 X500 Y500 Z10 E50
M204 P500 R500 T500
M205 X10.00 Y10.00 Z0.40 E5.00 ; sets the jerk limits, mm/sec
; max_print_temp = 60,205
;TYPE:Custom
M220 S100 ;Reset Feedrate
M221 S100 ;Reset Flowrate

M140 S60 ;Set final bed temp  
G28 ;Home
G92 E0 ;Reset Extruder
G1 Z2.0 F3000 ;Move Z Axis up
M104 S205 ;Set final nozzle temp  
G1 X10.1 Y20 Z0.28 F5000.0 ;Move to start position
M190 S60 ;Wait for bed temp to stabilize  
M109 S205 ;Wait for nozzle temp to stabilize  
G1 X10.1 Y145.0 Z0.28 F1500.0 E15 ;Draw the first line
G1 X10.4 Y145.0 Z0.28 F5000.0 ;Move to side a little
G1 X10.4 Y20 Z0.28 F1500.0 E30 ;Draw the second line
G92 E0  ;Reset Extruder
G1 E-1.0000 F1800 ;Retract a bit
G1 Z2.0 F3000 ;Move Z Axis up
G1 E0.0000 F1800
G90
G21
M83 ; use relative distances for extrusion
;filament start gcode
G1 E-5 F2700
G1 Z.2 F3600
M106 S0
;LAYER_CHANGE
;:0.2
;HEIGHT:0.2
;BEFORE_LAYER_CHANGE
;0.2
G92 E0
;TIME_ELAPSED:69.901443
;_SET_FAN_SPEED_CHANGING_LAYER
M204 S500
M205 X8 Y8
G1 X73.619 Y95.027 Z.6 F3600
M73 P1 R18
G1 Z.2
G1 E5 F2400
;TYPE:Skirt
;WIDTH:0.5
G1 F3000
G1 X75.343 Y93.716 E.08067
G1 X78 Y93.086 E.1017
G1 X142 Y93.086 E2.38376
G1 X144.129 Y93.482 E.08067
G1 X145.973 Y94.619 E.08067
G1 X147.284 Y96.343 E.08067
G1 X147.914 Y99 E.1017
G1 X147.914 Y121 E.81942
G1 X147.518 Y123.129 E.08067
G1 X146.381 Y124.973 E.08067
G1 X144.657 Y126.284 E.08067
G1 X142 Y126.914 E.1017
G1 X78 Y126.914 E2.38376
G1 X75.871 Y126.518 E.08067
G1 X74.027 Y125.381 E.08067
G1 X72.716 Y123.657 E.08067
G1 X72.086 Y121 E.1017
G1 X72.086 Y99 E.81942
G1 X72.482 Y96.871 E.08067
G1 X73.598 Y95.061 E.07918
G1 X74 Y95.322 F3600
G1 F3000
G1 X74.071 Y95.213 E.00482
G1 X75.773 Y94.018 E.07747
G1 X78 Y93.543 E.08482
G1 X142 Y93.543 E2.38376
G1 X144.042 Y93.939 E.07747
G1 X145.787 Y95.071 E.07747
G1 X146.982 Y96.773 E.07747
G1 X147.457 Y99 E.08482
G1 X147.457 Y121 E.81942
G1 X147.061 Y123.042 E.07747
G1 X145.929 Y124.787 E.07747
G1 X144.227 Y125.982 E.07747
G1 X142 Y126.457 E.08482
G1 X78 Y126.457 E2.38376
G1 X75.958 Y126.061 E.07747
G1 X74.213 Y124.929 E.07747
G1 X73.018 Y123.227 E.07747
G1 X72.543 Y121 E.08482
G1 X72.543 Y99 E.81942
G1 X72.939 Y96.958 E.07747
G1 X73.979 Y95.355 E.07116
; OBJECT_ID: 15
; printing object V7_00_DS18B20_fit_gauge_8_10_12.stl id:0 copy 0
G1 E-4.5 F2700
;WIPE_START
G1 F3000
M73 P2 R18
G1 X74.071 Y95.213 E-.04023
G1 X75.569 Y94.161 E-.43477
;WIPE_END
G1 E-.025 F2700
G1 X82.675 Y96.947 Z.6 F3600
G1 X140.686 Y119.686 Z.6
G1 Z.2
G1 E5 F2400
;TYPE:Inner wall
;WIDTH:0.499999
G1 F900
G1 X79.314 Y119.686 E2.28586
G1 X79.314 Y100.314 E.72152
G1 X140.686 Y100.314 E2.28586
G1 X140.686 Y119.646 E.72003
M73 P3 R18
G1 X141.143 Y120.143 F3600
G1 F900
G1 X78.857 Y120.143 E2.31991
G1 X78.857 Y99.857 E.75557
G1 X141.143 Y99.857 E2.31991
G1 X141.143 Y120.103 E.75408
G1 X141.6 Y120.6 F3600
;TYPE:Outer wall
M73 P4 R18
G1 F900
G1 X78.4 Y120.6 E2.35396
G1 X78.4 Y99.4 E.78962
M73 P4 R17
G1 X141.6 Y99.4 E2.35396
G1 X141.6 Y120.56 E.78813
G1 E-4.5 F2700
;WIPE_START
M73 P5 R17
G1 F900
G1 X139.6 Y120.561 E-.475
;WIPE_END
G1 E-.025 F2700
G1 X132.488 Y117.79 Z.6 F3600
G1 X124.328 Y114.611 Z.6
G1 Z.2
G1 E5 F2400
;TYPE:Inner wall
G1 F900
G1 X123.951 Y114.109 E.02337
G1 X123.577 Y113.497 E.02673
G1 X123.301 Y112.926 E.0236
G1 X123.085 Y112.364 E.02244
G1 X122.913 Y111.779 E.02272
G1 X122.788 Y111.177 E.02291
G1 X122.687 Y110.056 E.0419
G1 X122.712 Y109.437 E.02308
G1 X122.788 Y108.823 E.02303
G1 X122.913 Y108.221 E.02291
G1 X123.085 Y107.636 E.02272
G1 X123.265 Y107.15 E.01931
G1 X123.524 Y106.602 E.02256
G1 X123.888 Y105.984 E.02673
G1 X124.311 Y105.404 E.02673
G1 X124.789 Y104.869 E.02673
G1 X125.317 Y104.383 E.02673
G1 X125.891 Y103.951 E.02673
G1 X126.503 Y103.577 E.02673
G1 X127.15 Y103.265 E.02673
G1 X127.823 Y103.018 E.02673
G1 X128.518 Y102.838 E.02673
G1 X129.227 Y102.728 E.02673
G1 X129.924 Y102.688 E.02599
G1 X130.657 Y102.717 E.02732
G1 X131.372 Y102.817 E.02687
G1 X132.069 Y102.986 E.02673
G1 X132.747 Y103.222 E.02673
G1 X133.398 Y103.524 E.02673
G1 X134.016 Y103.888 E.02673
G1 X134.596 Y104.311 E.02673
G1 X135.131 Y104.789 E.02673
G1 X135.551 Y105.244 E.02305
G1 X136.049 Y105.891 E.03039
G1 X136.423 Y106.503 E.02673
G1 X136.735 Y107.15 E.02673
G1 X136.982 Y107.823 E.02673
G1 X137.162 Y108.518 E.02673
G1 X137.272 Y109.227 E.02673
G1 X137.313 Y109.944 E.02673
G1 X137.283 Y110.661 E.02673
G1 X137.183 Y111.372 E.02673
G1 X137.014 Y112.069 E.02673
G1 X136.778 Y112.747 E.02673
G1 X136.476 Y113.398 E.02673
G1 X136.112 Y114.016 E.02673
G1 X135.689 Y114.596 E.02673
G1 X135.211 Y115.131 E.02673
G1 X134.683 Y115.617 E.02673
G1 X134.11 Y116.049 E.02673
G1 X133.497 Y116.423 E.02673
G1 X132.85 Y116.735 E.02673
G1 X132.177 Y116.982 E.02673
G1 X131.482 Y117.162 E.02673
G1 X130.773 Y117.272 E.02673
G1 X130.056 Y117.313 E.02673
G1 X129.339 Y117.283 E.02673
G1 X128.628 Y117.183 E.02673
G1 X127.931 Y117.014 E.02673
G1 X127.253 Y116.778 E.02673
G1 X126.602 Y116.476 E.02673
G1 X125.984 Y116.112 E.02673
G1 X125.404 Y115.689 E.02673
G1 X124.869 Y115.211 E.02673
G1 X124.383 Y114.683 E.02673
G1 X124.352 Y114.643 E.00187
G1 X124.691 Y114.335 F3600
G1 F900
G1 X124.318 Y113.837 E.02318
G1 X123.969 Y113.262 E.02506
G1 X123.714 Y112.731 E.02193
G1 X123.516 Y112.21 E.02077
G1 X123.356 Y111.668 E.02105
G1 X123.24 Y111.11 E.02124
G1 X123.144 Y110.034 E.04023
G1 X123.168 Y109.459 E.02141
G1 X123.24 Y108.89 E.02136
G1 X123.356 Y108.332 E.02124
G1 X123.516 Y107.79 E.02105
G1 X123.714 Y107.269 E.02077
G1 X123.937 Y106.798 E.01942
G1 X124.28 Y106.219 E.02506
G1 X124.679 Y105.676 E.02506
G1 X125.128 Y105.176 E.02506
G1 X125.624 Y104.721 E.02506
G1 X126.163 Y104.318 E.02506
G1 X126.738 Y103.969 E.02506
G1 X127.345 Y103.678 E.02506
G1 X127.977 Y103.449 E.02506
G1 X128.629 Y103.282 E.02506
G1 X129.294 Y103.18 E.02506
G1 X129.946 Y103.145 E.02432
G1 X130.636 Y103.173 E.02571
G1 X131.305 Y103.269 E.02515
G1 X131.958 Y103.429 E.02506
G1 X132.593 Y103.653 E.02506
G1 X133.202 Y103.937 E.02506
G1 X133.781 Y104.28 E.02506
G1 X134.324 Y104.679 E.02506
G1 X134.824 Y105.128 E.02506
G1 X135.212 Y105.551 E.02139
G1 X135.682 Y106.163 E.02872
G1 X136.031 Y106.738 E.02506
G1 X136.322 Y107.345 E.02506
G1 X136.551 Y107.977 E.02506
G1 X136.718 Y108.629 E.02506
G1 X136.82 Y109.294 E.02506
G1 X136.856 Y109.966 E.02506
G1 X136.827 Y110.639 E.02506
G1 X136.731 Y111.305 E.02506
G1 X136.571 Y111.958 E.02506
G1 X136.347 Y112.593 E.02506
G1 X136.063 Y113.202 E.02506
G1 X135.72 Y113.781 E.02506
G1 X135.321 Y114.324 E.02506
G1 X134.872 Y114.824 E.02506
G1 X134.376 Y115.279 E.02506
G1 X133.837 Y115.682 E.02506
G1 X133.262 Y116.031 E.02506
G1 X132.655 Y116.322 E.02506
G1 X132.023 Y116.551 E.02506
G1 X131.371 Y116.718 E.02506
G1 X130.706 Y116.82 E.02506
G1 X130.034 Y116.856 E.02506
G1 X129.361 Y116.827 E.02506
G1 X128.695 Y116.731 E.02506
G1 X128.042 Y116.571 E.02506
G1 X127.407 Y116.347 E.02506
G1 X126.798 Y116.063 E.02506
G1 X126.219 Y115.72 E.02506
G1 X125.676 Y115.321 E.02506
G1 X125.176 Y114.872 E.02506
G1 X124.721 Y114.376 E.02506
G1 X124.715 Y114.367 E.00039
G1 X125.055 Y114.062 F3600
;TYPE:Outer wall
G1 F900
G1 X124.685 Y113.565 E.02308
G1 X124.361 Y113.027 E.02339
G1 X124.128 Y112.536 E.02026
G1 X123.946 Y112.056 E.0191
G1 X123.8 Y111.557 E.01938
G1 X123.692 Y111.042 E.01957
G1 X123.6 Y110.011 E.03856
G1 X123.625 Y109.482 E.01974
G1 X123.692 Y108.958 E.01969
G1 X123.8 Y108.443 E.01957
G1 X123.946 Y107.944 E.01938
G1 X124.128 Y107.464 E.0191
G1 X124.35 Y106.993 E.01942
G1 X124.672 Y106.454 E.02339
G1 X125.046 Y105.949 E.02339
G1 X125.467 Y105.482 E.02339
G1 X125.931 Y105.06 E.02339
G1 X126.435 Y104.685 E.02339
G1 X126.973 Y104.361 E.02339
G1 X127.54 Y104.092 E.02339
G1 X128.131 Y103.879 E.02339
G1 X128.74 Y103.725 E.02339
G1 X129.362 Y103.632 E.02339
G1 X129.969 Y103.601 E.02265
G1 X130.615 Y103.63 E.02409
G1 X131.238 Y103.721 E.02343
G1 X131.847 Y103.872 E.02339
G1 X132.439 Y104.083 E.02339
G1 X133.007 Y104.35 E.02339
G1 X133.546 Y104.672 E.02339
G1 X134.051 Y105.046 E.02339
G1 X134.518 Y105.467 E.02339
G1 X134.874 Y105.858 E.01972
G1 X135.315 Y106.435 E.02705
G1 X135.639 Y106.973 E.02339
G1 X135.908 Y107.54 E.02339
G1 X136.121 Y108.131 E.02339
G1 X136.275 Y108.74 E.02339
G1 X136.368 Y109.362 E.02339
G1 X136.4 Y109.989 E.02339
G1 X136.37 Y110.616 E.02339
G1 X136.279 Y111.238 E.02339
G1 X136.128 Y111.847 E.02339
G1 X135.917 Y112.439 E.02339
G1 X135.65 Y113.007 E.02339
G1 X135.328 Y113.546 E.02339
G1 X134.954 Y114.051 E.02339
G1 X134.533 Y114.518 E.02339
G1 X134.069 Y114.94 E.02339
G1 X133.565 Y115.315 E.02339
G1 X133.027 Y115.639 E.02339
G1 X132.46 Y115.908 E.02339
G1 X131.869 Y116.121 E.02339
G1 X131.26 Y116.275 E.02339
G1 X130.638 Y116.368 E.02339
G1 X130.011 Y116.4 E.02339
G1 X129.384 Y116.37 E.02339
G1 X128.762 Y116.279 E.02339
G1 X128.153 Y116.128 E.02339
G1 X127.561 Y115.917 E.02339
G1 X126.993 Y115.65 E.02339
G1 X126.454 Y115.328 E.02339
G1 X125.949 Y114.954 E.02339
G1 X125.482 Y114.533 E.02339
G1 X125.081 Y114.092 E.02222
G1 E-4.5 F2700
;WIPE_START
G1 F900
G1 X124.685 Y113.565 E-.15662
G1 X124.361 Y113.027 E-.14916
G1 X124.128 Y112.536 E-.12917
G1 X124.068 Y112.378 E-.04004
;WIPE_END
G1 E-.025 F2700
G1 X116.704 Y114.384 Z.6 F3600
G1 X113.484 Y115.261 Z.6
M73 P6 R17
G1 Z.2
G1 E5 F2400
;TYPE:Inner wall
G1 F900
G1 X113.025 Y115.541 E.02003
G1 X112.468 Y115.811 E.02308
G1 X111.886 Y116.025 E.02308
G1 X111.287 Y116.181 E.02308
G1 X110.675 Y116.277 E.02308
G1 X110.056 Y116.313 E.02308
G1 X109.437 Y116.288 E.02308
G1 X108.823 Y116.203 E.02308
G1 X108.221 Y116.057 E.02308
G1 X107.636 Y115.854 E.02308
G1 X107.074 Y115.594 E.02307
G1 X106.539 Y115.28 E.02308
G1 X106.038 Y114.916 E.02308
G1 X105.576 Y114.504 E.02308
G1 X105.156 Y114.048 E.02308
G1 X104.782 Y113.554 E.02308
G1 X104.459 Y113.025 E.02308
G1 X104.189 Y112.468 E.02308
G1 X103.975 Y111.886 E.02308
G1 X103.837 Y111.358 E.02034
G1 X103.729 Y110.717 E.0242
G1 X103.687 Y110.056 E.02467
G1 X103.712 Y109.437 E.02308
G1 X103.797 Y108.823 E.02308
G1 X103.943 Y108.221 E.02308
G1 X104.146 Y107.636 E.02308
G1 X104.406 Y107.074 E.02308
G1 X104.72 Y106.539 E.02308
G1 X105.084 Y106.038 E.02308
G1 X105.496 Y105.576 E.02308
G1 X105.952 Y105.156 E.02308
G1 X106.446 Y104.782 E.02308
G1 X106.975 Y104.459 E.02308
G1 X107.532 Y104.189 E.02308
G1 X108.114 Y103.975 E.02308
G1 X108.713 Y103.819 E.02308
G1 X109.87 Y103.692 E.04336
G1 X110.559 Y103.712 E.02566
G1 X111.177 Y103.797 E.02322
G1 X111.779 Y103.943 E.02308
G1 X112.364 Y104.146 E.02308
G1 X112.926 Y104.406 E.02308
G1 X113.461 Y104.72 E.02308
G1 X113.962 Y105.084 E.02308
G1 X114.424 Y105.496 E.02308
G1 X114.844 Y105.952 E.02308
G1 X115.218 Y106.446 E.02308
G1 X115.541 Y106.975 E.02308
G1 X115.811 Y107.532 E.02308
G1 X116.025 Y108.114 E.02308
G1 X116.181 Y108.713 E.02308
G1 X116.263 Y109.227 E.01938
G1 X116.313 Y109.944 E.02675
G1 X116.288 Y110.563 E.02308
G1 X116.203 Y111.177 E.02308
G1 X116.057 Y111.779 E.02308
G1 X115.854 Y112.364 E.02308
G1 X115.63 Y112.85 E.01994
G1 X115.28 Y113.461 E.0262
G1 X114.916 Y113.962 E.02308
G1 X114.504 Y114.424 E.02308
G1 X114.048 Y114.844 E.02308
G1 X113.554 Y115.218 E.02308
G1 X113.518 Y115.24 E.00156
G1 X113.245 Y114.873 F3600
G1 F900
G1 X112.79 Y115.149 E.01981
G1 X112.272 Y115.398 E.02141
G1 X111.732 Y115.595 E.02141
G1 X111.176 Y115.737 E.02141
G1 X110.608 Y115.825 E.02141
G1 X110.034 Y115.856 E.02141
G1 X109.459 Y115.832 E.02141
G1 X108.89 Y115.75 E.02141
G1 X108.332 Y115.614 E.02141
G1 X107.79 Y115.424 E.02141
G1 X107.269 Y115.181 E.02141
G1 X106.774 Y114.888 E.02141
G1 X106.311 Y114.548 E.02141
G1 X105.883 Y114.165 E.02141
G1 X105.494 Y113.741 E.02141
G1 X105.149 Y113.282 E.02141
G1 X104.851 Y112.79 E.02141
G1 X104.602 Y112.272 E.02141
G1 X104.405 Y111.732 E.02141
G1 X104.281 Y111.247 E.01867
G1 X104.181 Y110.65 E.02253
G1 X104.144 Y110.034 E.023
G1 X104.168 Y109.459 E.02141
G1 X104.25 Y108.89 E.02141
G1 X104.386 Y108.332 E.02141
G1 X104.576 Y107.79 E.02141
G1 X104.819 Y107.269 E.02141
G1 X105.112 Y106.774 E.02141
G1 X105.452 Y106.311 E.02141
G1 X105.835 Y105.883 E.02141
G1 X106.259 Y105.494 E.02141
G1 X106.718 Y105.149 E.02141
G1 X107.21 Y104.851 E.02141
G1 X107.728 Y104.602 E.02141
G1 X108.268 Y104.405 E.02141
G1 X108.824 Y104.263 E.02141
G1 X109.916 Y104.147 E.04087
G1 X110.538 Y104.168 E.0232
G1 X111.11 Y104.25 E.0215
G1 X111.668 Y104.386 E.02141
G1 X112.21 Y104.576 E.02141
G1 X112.731 Y104.819 E.02141
G1 X113.226 Y105.112 E.02141
G1 X113.689 Y105.452 E.02141
G1 X114.117 Y105.835 E.02141
G1 X114.506 Y106.259 E.02141
G1 X114.851 Y106.718 E.02141
G1 X115.149 Y107.21 E.02141
G1 X115.398 Y107.728 E.02141
G1 X115.595 Y108.268 E.02141
G1 X115.737 Y108.824 E.02141
G1 X115.825 Y109.392 E.02141
G1 X115.856 Y109.966 E.02141
G1 X115.832 Y110.541 E.02141
G1 X115.75 Y111.11 E.02141
G1 X115.614 Y111.668 E.02141
G1 X115.424 Y112.21 E.02141
G1 X115.181 Y112.731 E.02141
G1 X114.888 Y113.226 E.02141
G1 X114.548 Y113.689 E.02141
G1 X114.165 Y114.117 E.02141
G1 X113.741 Y114.506 E.02141
G1 X113.282 Y114.851 E.02141
G1 X113.279 Y114.852 E.00011
G1 X113.02 Y114.476 F3600
;TYPE:Outer wall
G1 F900
G1 X113.009 Y114.484 E.0005
G1 X112.555 Y114.757 E.01974
G1 X112.077 Y114.985 E.01974
G1 X111.578 Y115.164 E.01974
G1 X111.064 Y115.294 E.01974
G1 X110.54 Y115.373 E.01974
G1 X110.011 Y115.4 E.01974
G1 X109.482 Y115.375 E.01974
G1 X108.958 Y115.298 E.01974
G1 X108.443 Y115.171 E.01974
G1 X107.944 Y114.993 E.01974
G1 X107.464 Y114.768 E.01974
G1 X107.009 Y114.496 E.01974
G1 X106.583 Y114.181 E.01974
G1 X106.19 Y113.826 E.01974
G1 X105.833 Y113.434 E.01974
G1 X105.516 Y113.009 E.01974
G1 X105.243 Y112.555 E.01974
G1 X105.015 Y112.077 E.01974
G1 X104.836 Y111.578 E.01974
G1 X104.706 Y111.064 E.01974
G1 X104.627 Y110.54 E.01974
G1 X104.6 Y110.011 E.01974
G1 X104.625 Y109.482 E.01974
G1 X104.702 Y108.958 E.01974
G1 X104.829 Y108.443 E.01974
G1 X105.007 Y107.944 E.01974
G1 X105.232 Y107.464 E.01974
G1 X105.504 Y107.009 E.01974
G1 X105.819 Y106.583 E.01974
G1 X106.174 Y106.19 E.01974
G1 X106.566 Y105.833 E.01974
G1 X106.991 Y105.516 E.01974
G1 X107.445 Y105.243 E.01974
G1 X107.923 Y105.015 E.01974
G1 X108.422 Y104.836 E.01974
G1 X108.936 Y104.706 E.01974
G1 X109.961 Y104.602 E.03838
G1 X110.517 Y104.625 E.02074
G1 X111.042 Y104.702 E.01977
G1 X111.557 Y104.829 E.01974
G1 X112.056 Y105.007 E.01974
G1 X112.536 Y105.232 E.01974
G1 X112.991 Y105.504 E.01974
G1 X113.417 Y105.819 E.01974
G1 X113.81 Y106.174 E.01974
G1 X114.167 Y106.566 E.01974
G1 X114.484 Y106.991 E.01974
G1 X114.757 Y107.445 E.01974
G1 X114.985 Y107.923 E.01974
G1 X115.164 Y108.422 E.01974
G1 X115.294 Y108.936 E.01974
G1 X115.373 Y109.46 E.01974
G1 X115.4 Y109.989 E.01974
G1 X115.375 Y110.518 E.01974
G1 X115.298 Y111.042 E.01974
G1 X115.171 Y111.557 E.01974
G1 X114.993 Y112.056 E.01974
G1 X114.768 Y112.536 E.01974
G1 X114.496 Y112.991 E.01974
G1 X114.181 Y113.417 E.01974
G1 X113.826 Y113.81 E.01974
G1 X113.434 Y114.167 E.01974
G1 X113.052 Y114.452 E.01775
G1 E-4.5 F2700
;WIPE_START
G1 F900
G1 X113.009 Y114.484 E-.01267
G1 X112.555 Y114.757 E-.12586
G1 X112.077 Y114.985 E-.12586
G1 X111.578 Y115.164 E-.12586
G1 X111.232 Y115.252 E-.08476
;WIPE_END
G1 E-.025 F2700
G1 X104.252 Y112.164 Z.6 F3600
G1 X94.916 Y108.033 Z.6
G1 Z.2
G1 E5 F2400
;TYPE:Inner wall
G1 F900
G1 X95.203 Y108.922 E.0348
G1 X95.285 Y109.644 E.02704
G1 X95.309 Y110.112 E.01746
G1 X95.229 Y110.926 E.03046
G1 X95.059 Y111.561 E.02448
G1 X94.902 Y112.053 E.01924
G1 X94.476 Y112.856 E.03386
G1 X93.833 Y113.675 E.03877
G1 X93.043 Y114.352 E.03877
G1 X92.135 Y114.862 E.03877
G1 X91.146 Y115.185 E.03877
G1 X90.112 Y115.309 E.03877
G1 X89.074 Y115.229 E.03877
G1 X88.072 Y114.948 E.03877
G1 X87.144 Y114.476 E.03877
G1 X86.325 Y113.833 E.03877
G1 X85.648 Y113.043 E.03877
G1 X85.138 Y112.135 E.03877
G1 X84.815 Y111.146 E.03877
G1 X84.691 Y110.112 E.03877
G1 X84.771 Y109.074 E.03877
G1 X85.052 Y108.072 E.03877
G1 X85.524 Y107.144 E.03877
G1 X86.024 Y106.499 E.03038
G1 X86.325 Y106.167 E.01671
G1 X86.957 Y105.648 E.03046
G1 X87.865 Y105.138 E.03877
G1 X88.854 Y104.815 E.03877
G1 X89.874 Y104.692 E.03824
G1 X90.923 Y104.771 E.0392
G1 X91.928 Y105.052 E.03887
G1 X92.856 Y105.524 E.03877
G1 X93.675 Y106.167 E.03877
G1 X94.352 Y106.957 E.03877
G1 X94.862 Y107.865 E.03877
G1 X94.904 Y107.995 E.0051
M73 P7 R17
G1 X94.489 Y108.177 F3600
G1 F900
G1 X94.766 Y109.061 E.03451
G1 X94.854 Y110.067 E.03761
G1 X94.774 Y110.881 E.03046
G1 X94.622 Y111.428 E.02115
G1 X94.462 Y111.914 E.01905
G1 X94.073 Y112.641 E.0307
G1 X93.48 Y113.385 E.03544
G1 X92.753 Y113.999 E.03544
G1 X91.92 Y114.459 E.03544
G1 X91.013 Y114.748 E.03545
G1 X90.067 Y114.854 E.03544
G1 X89.119 Y114.774 E.03544
G1 X88.205 Y114.51 E.03545
G1 X87.359 Y114.073 E.03544
G1 X86.615 Y113.48 E.03544
G1 X86.001 Y112.753 E.03544
G1 X85.541 Y111.92 E.03544
G1 X85.252 Y111.013 E.03545
G1 X85.146 Y110.067 E.03544
G1 X85.226 Y109.119 E.03544
G1 X85.49 Y108.205 E.03544
G1 X85.927 Y107.359 E.03545
G1 X86.377 Y106.789 E.02706
G1 X86.615 Y106.52 E.01338
G1 X87.247 Y106.001 E.03046
G1 X88.08 Y105.541 E.03544
G1 X88.987 Y105.252 E.03545
G1 X89.919 Y105.147 E.03493
G1 X90.879 Y105.226 E.0359
G1 X91.795 Y105.49 E.0355
G1 X92.641 Y105.927 E.03544
G1 X93.385 Y106.52 E.03544
G1 X93.999 Y107.247 E.03544
G1 X94.459 Y108.08 E.03544
G1 X94.477 Y108.139 E.00228
G1 X94.061 Y108.312 F3600
;TYPE:Outer wall
G1 F900
G1 X94.31 Y109.12 E.03151
G1 X94.399 Y110.022 E.03378
G1 X94.319 Y110.836 E.03046
G1 X94.073 Y111.663 E.03212
G1 X93.67 Y112.425 E.03212
G1 X93.126 Y113.095 E.03212
G1 X92.463 Y113.645 E.03212
G1 X91.704 Y114.056 E.03212
G1 X90.88 Y114.31 E.03212
G1 X90.022 Y114.399 E.03212
G1 X89.164 Y114.319 E.03212
G1 X88.337 Y114.073 E.03212
G1 X87.575 Y113.67 E.03212
G1 X86.905 Y113.126 E.03212
G1 X86.355 Y112.463 E.03212
G1 X85.944 Y111.704 E.03212
G1 X85.69 Y110.88 E.03212
G1 X85.601 Y110.022 E.03212
G1 X85.681 Y109.164 E.03212
G1 X85.927 Y108.337 E.03212
G1 X86.33 Y107.575 E.03212
G1 X86.905 Y106.874 E.03378
G1 X87.537 Y106.355 E.03046
G1 X88.296 Y105.944 E.03212
G1 X89.12 Y105.69 E.03212
G1 X89.964 Y105.602 E.03162
G1 X90.836 Y105.681 E.0326
G1 X91.663 Y105.927 E.03214
G1 X92.425 Y106.33 E.03212
G1 X93.095 Y106.874 E.03212
G1 X93.645 Y107.537 E.03212
G1 X94.044 Y108.275 E.03125
G1 E-4.5 F2700
;WIPE_START
G1 F900
G1 X94.31 Y109.12 E-.2103
G1 X94.399 Y110.022 E-.2154
G1 X94.379 Y110.229 E-.0493
;WIPE_END
G1 E-.025 F2700
G1 X140.549 Y101.377 Z.6 F3600
G1 Z.2
G1 E5 F2400
;TYPE:Bottom surface
;WIDTH:0.50075
G1 F1200
G1 X139.829 Y100.657 E.03798
G1 X139.181 Y100.657 E.02416
G1 X140.343 Y101.819 E.06129
G1 X140.343 Y102.466 E.02416
G1 X138.534 Y100.657 E.09545
G1 X137.886 Y100.657 E.02416
G1 X140.343 Y103.114 E.12961
G1 X140.343 Y103.761 E.02416
G1 X137.239 Y100.657 E.16377
G1 X136.592 Y100.657 E.02416
G1 X140.343 Y104.409 E.19793
G1 X140.343 Y105.056 E.02416
G1 X135.944 Y100.657 E.23209
G1 X135.297 Y100.657 E.02416
G1 X140.343 Y105.703 E.26626
G1 X140.343 Y106.351 E.02416
G1 X134.649 Y100.657 E.30042
G1 X134.002 Y100.657 E.02416
G1 X140.343 Y106.998 E.33458
G1 X140.343 Y107.646 E.02416
G1 X133.354 Y100.657 E.36874
G1 X132.707 Y100.657 E.02416
G1 X140.343 Y108.293 E.4029
G1 X140.343 Y108.941 E.02416
G1 X132.059 Y100.657 E.43706
G1 X131.412 Y100.657 E.02416
G1 X140.343 Y109.588 E.47122
G1 X140.343 Y110.236 E.02416
G1 X136.983 Y106.876 E.17727
G1 X137.306 Y107.712 E.03345
G1 X137.353 Y107.893 E.00698
G1 X140.343 Y110.883 E.15774
G1 X140.343 Y111.531 E.02416
M73 P8 R17
G1 X137.541 Y108.728 E.14785
G1 X137.612 Y109.182 E.01713
G1 X137.628 Y109.463 E.0105
G1 X140.343 Y112.178 E.14327
G1 X140.343 Y112.826 E.02416
G1 X137.651 Y110.134 E.14203
G1 X137.616 Y110.747 E.0229
G1 X140.343 Y113.473 E.14385
G1 X140.343 Y114.121 E.02416
G1 X137.537 Y111.314 E.14806
G1 X137.422 Y111.847 E.02032
G1 X140.343 Y114.768 E.15412
G1 X140.343 Y115.415 E.02416
G1 X137.278 Y112.351 E.16169
G1 X137.111 Y112.831 E.01898
G1 X140.343 Y116.063 E.17051
G1 X140.343 Y116.71 E.02416
G1 X136.909 Y113.277 E.18116
G1 X136.691 Y113.706 E.01797
G1 X140.343 Y117.358 E.19267
G1 X140.343 Y118.005 E.02416
G1 X136.452 Y114.114 E.20531
G1 X136.186 Y114.495 E.01735
G1 X140.343 Y118.653 E.21934
G1 X140.343 Y119.3 E.02416
G1 X135.907 Y114.865 E.23403
G1 X135.602 Y115.207 E.01711
G1 X139.738 Y119.343 E.21822
G1 X139.091 Y119.343 E.02416
G1 X135.28 Y115.532 E.20105
G1 X134.944 Y115.843 E.01709
G1 X138.443 Y119.343 E.18466
G1 X137.796 Y119.343 E.02416
G1 X134.578 Y116.125 E.16978
G1 X134.2 Y116.395 E.01732
G1 X137.148 Y119.343 E.15556
G1 X136.501 Y119.343 E.02416
G1 X133.798 Y116.64 E.14259
G1 X133.373 Y116.863 E.0179
G1 X135.854 Y119.343 E.13086
G1 X135.206 Y119.343 E.02416
G1 X132.932 Y117.069 E.11998
G1 X132.459 Y117.243 E.01882
G1 X134.559 Y119.343 E.11079
G1 X133.911 Y119.343 E.02416
G1 X131.958 Y117.39 E.10304
G1 X131.44 Y117.519 E.01993
G1 X133.264 Y119.343 E.09623
G1 X132.616 Y119.343 E.02416
G1 X130.872 Y117.599 E.09202
G1 X130.683 Y117.625 E.00713
G1 X130.27 Y117.645 E.01541
G1 X131.969 Y119.343 E.08961
G1 X131.321 Y119.343 E.02416
G1 X129.614 Y117.636 E.09006
G1 X129.182 Y117.612 E.01616
G1 X128.898 Y117.567 E.01071
G1 X130.674 Y119.343 E.09368
G1 X130.026 Y119.343 E.02416
G1 X128.087 Y117.404 E.10233
G1 X127.712 Y117.306 E.01443
G1 X127.126 Y117.091 E.02329
G1 X129.584 Y119.549 E.12969
G1 E-4.5 F2700
;WIPE_START
G1 F1200
G1 X128.17 Y118.135 E-.475
;WIPE_END
G1 E-.025 F2700
G1 X129.192 Y110.571 Z.6 F3600
G1 X130.559 Y100.451 Z.6
G1 Z.2
G1 E5 F2400
G1 F1200
G1 X133.13 Y103.023 E.13567
G1 X132.867 Y102.901 E.01083
G1 X132.1 Y102.641 E.03019
G1 X130.117 Y100.657 E.10466
G1 X129.469 Y100.657 E.02416
G1 X131.269 Y102.456 E.09493
G1 X130.534 Y102.369 E.02761
G1 X128.822 Y100.657 E.09032
G1 X128.174 Y100.657 E.02416
G1 X129.865 Y102.348 E.08922
G1 X129.254 Y102.384 E.02286
G1 X127.527 Y100.657 E.0911
G1 X126.879 Y100.657 E.02416
G1 X128.685 Y102.462 E.09524
G1 X128.156 Y102.581 E.02021
G1 X126.232 Y100.657 E.10151
G1 X125.585 Y100.657 E.02416
G1 X127.646 Y102.718 E.10876
G1 X127.173 Y102.892 E.01882
G1 X124.937 Y100.657 E.11794
G1 X124.29 Y100.657 E.02416
G1 X126.723 Y103.091 E.1284
G1 X126.29 Y103.305 E.01802
G1 X123.642 Y100.657 E.13973
G1 X122.995 Y100.657 E.02416
G1 X125.889 Y103.551 E.15269
G1 X125.504 Y103.813 E.01738
M73 P9 R17
G1 X122.347 Y100.657 E.16653
G1 X121.7 Y100.657 E.02416
G1 X125.135 Y104.092 E.18124
G1 X124.794 Y104.399 E.0171
G1 X121.052 Y100.657 E.19743
G1 X120.405 Y100.657 E.02416
G1 X124.465 Y104.717 E.21422
G1 X124.16 Y105.06 E.01711
G1 X119.757 Y100.657 E.2323
G1 X119.11 Y100.657 E.02416
G1 X123.875 Y105.422 E.25139
G1 X123.602 Y105.796 E.01729
G1 X118.462 Y100.657 E.27116
G1 X117.815 Y100.657 E.02416
G1 X123.362 Y106.204 E.29265
G1 X123.135 Y106.625 E.01784
G1 X117.167 Y100.657 E.31487
G1 X116.52 Y100.657 E.02416
G1 X122.93 Y107.067 E.33818
G1 X122.757 Y107.541 E.01885
G1 X115.872 Y100.657 E.36323
G1 X115.225 Y100.657 E.02416
G1 X122.606 Y108.038 E.38944
G1 X122.482 Y108.561 E.02006
G1 X114.578 Y100.657 E.41704
G1 X113.93 Y100.657 E.02416
G1 X122.397 Y109.124 E.44672
G1 X122.357 Y109.731 E.0227
M73 P9 R16
G1 X113.283 Y100.657 E.47875
G1 X112.635 Y100.657 E.02416
G1 X122.361 Y110.383 E.51314
G1 X122.377 Y110.72 E.0126
G1 X122.433 Y111.102 E.01441
G1 X111.988 Y100.657 E.55109
G1 X111.34 Y100.657 E.02416
G1 X122.593 Y111.91 E.59373
G1 X122.667 Y112.204 E.01128
G1 X122.901 Y112.865 E.02617
G1 X110.693 Y100.657 E.6441
G1 X110.045 Y100.657 E.02416
G1 X128.731 Y119.343 E.98589
G1 X128.084 Y119.343 E.02416
M73 P10 R16
G1 X116.115 Y107.374 E.63149
G1 X116.365 Y108.048 E.02683
G1 X116.44 Y108.346 E.01147
G1 X127.436 Y119.343 E.58019
G1 X126.789 Y119.343 E.02416
G1 X116.594 Y109.148 E.53787
G1 X116.628 Y109.384 E.00888
G1 X116.65 Y109.852 E.01747
G1 X126.141 Y119.343 E.50076
G1 X125.494 Y119.343 E.02416
G1 X116.634 Y110.483 E.46748
G1 X116.565 Y111.061 E.02174
G1 X124.847 Y119.343 E.43695
G1 X124.199 Y119.343 E.02416
G1 X116.454 Y111.598 E.40865
G1 X116.31 Y112.102 E.01955
G1 X123.552 Y119.343 E.38206
G1 X122.904 Y119.343 E.02416
G1 X116.137 Y112.576 E.35702
G1 X115.928 Y113.015 E.01812
G1 X122.257 Y119.343 E.33389
G1 X121.609 Y119.343 E.02416
G1 X115.697 Y113.431 E.31191
G1 X115.441 Y113.822 E.01744
G1 X120.962 Y119.343 E.2913
G1 X120.314 Y119.343 E.02416
G1 X115.166 Y114.195 E.27163
G1 X114.861 Y114.538 E.01711
G1 X119.667 Y119.343 E.25354
G1 X119.019 Y119.343 E.02416
G1 X114.536 Y114.86 E.23653
G1 X114.193 Y115.164 E.01711
G1 X118.372 Y119.343 E.22049
G1 X117.724 Y119.343 E.02416
G1 X113.824 Y115.443 E.20577
G1 X113.429 Y115.695 E.01749
G1 X117.077 Y119.343 E.19245
G1 X116.429 Y119.343 E.02416
G1 X113.013 Y115.927 E.18023
G1 X112.575 Y116.136 E.01812
G1 X115.782 Y119.343 E.16921
G1 X115.134 Y119.343 E.02416
G1 X112.102 Y116.311 E.15999
G1 X111.596 Y116.452 E.01961
G1 X114.487 Y119.343 E.15255
G1 X113.84 Y119.343 E.02416
M73 P11 R16
G1 X111.061 Y116.564 E.14662
G1 X110.484 Y116.635 E.02167
G1 X113.192 Y119.343 E.14288
G1 X112.545 Y119.343 E.02416
G1 X109.852 Y116.65 E.14206
G1 X109.415 Y116.63 E.01631
G1 X109.147 Y116.593 E.01009
G1 X111.897 Y119.343 E.14508
G1 X111.25 Y119.343 E.02416
G1 X108.347 Y116.44 E.15317
G1 X108.133 Y116.389 E.00818
G1 X107.516 Y116.175 E.02437
G1 X107.364 Y116.105 E.00623
G1 X110.808 Y119.549 E.18168
G1 E-4.5 F2700
;WIPE_START
G1 F1200
G1 X109.394 Y118.135 E-.475
;WIPE_END
G1 E-.025 F2700
G1 X111.362 Y110.76 Z.6 F3600
G1 X113.077 Y104.336 Z.6
G1 Z.2
G1 E5 F2400
G1 F1200
G1 X109.398 Y100.657 E.19413
G1 X108.75 Y100.657 E.02416
G1 X111.653 Y103.56 E.15317
G1 X111.231 Y103.459 E.01619
G1 X110.853 Y103.407 E.01425
G1 X108.103 Y100.657 E.14509
G1 X107.455 Y100.657 E.02416
G1 X110.157 Y103.358 E.14253
G1 X109.844 Y103.35 E.01168
G1 X109.532 Y103.381 E.01168
G1 X106.808 Y100.657 E.14373
G1 X106.16 Y100.657 E.02416
G1 X108.943 Y103.44 E.14682
G1 X108.634 Y103.486 E.01168
G1 X108.402 Y103.546 E.00892
G1 X105.513 Y100.657 E.15244
G1 X104.866 Y100.657 E.02416
G1 X107.898 Y103.689 E.15999
G1 X107.425 Y103.864 E.0188
G1 X104.218 Y100.657 E.16921
G1 X103.571 Y100.657 E.02416
G1 X106.987 Y104.073 E.18023
G1 X106.571 Y104.305 E.01776
G1 X102.923 Y100.657 E.19245
G1 X102.276 Y100.657 E.02416
G1 X106.176 Y104.557 E.20577
G1 X105.807 Y104.836 E.01724
G1 X101.628 Y100.657 E.22049
G1 X100.981 Y100.657 E.02416
G1 X105.464 Y105.14 E.23653
G1 X105.139 Y105.462 E.01708
G1 X100.333 Y100.657 E.25354
G1 X99.686 Y100.657 E.02416
G1 X104.834 Y105.805 E.27163
G1 X104.559 Y106.178 E.01728
G1 X99.038 Y100.657 E.2913
G1 X98.391 Y100.657 E.02416
G1 X104.304 Y106.57 E.312
G1 X104.07 Y106.983 E.01772
G1 X97.743 Y100.657 E.33379
G1 X97.096 Y100.657 E.02416
G1 X103.863 Y107.425 E.35706
G1 X103.689 Y107.898 E.01881
G1 X96.448 Y100.657 E.38203
G1 X95.801 Y100.657 E.02416
G1 X103.546 Y108.402 E.40864
G1 X103.471 Y108.7 E.01147
G1 X103.435 Y108.938 E.00898
G1 X95.153 Y100.657 E.43693
G1 X94.506 Y100.657 E.02416
M73 P12 R16
G1 X103.37 Y109.521 E.46765
G1 X103.35 Y110.148 E.02343
G1 X93.859 Y100.657 E.50076
G1 X93.211 Y100.657 E.02416
G1 X103.406 Y110.851 E.53787
G1 X103.471 Y111.299 E.01689
G1 X103.56 Y111.654 E.01363
G1 X92.564 Y100.657 E.58019
G1 X91.916 Y100.657 E.02416
G1 X104.329 Y113.07 E.65492
G1 E-4.5 F2700
;WIPE_START
G1 F1200
G1 X102.915 Y111.656 E-.475
;WIPE_END
G1 E-.025 F2700
G1 X108.076 Y117.278 Z.6 F3600
G1 X110.16 Y119.549 Z.6
G1 Z.2
G1 E5 F2400
G1 F1200
G1 X91.269 Y100.657 E.99674
G1 X90.621 Y100.657 E.02416
G1 X109.307 Y119.343 E.98589
G1 X108.66 Y119.343 E.02416
G1 X89.974 Y100.657 E.98589
G1 X89.326 Y100.657 E.02416
G1 X108.012 Y119.343 E.98589
G1 X107.365 Y119.343 E.02416
G1 X88.679 Y100.657 E.98589
G1 X88.031 Y100.657 E.02416
M73 P13 R16
G1 X92.148 Y104.774 E.21719
G1 X92.292 Y104.833 E.00581
G1 X93.023 Y105.224 E.03093
G1 X93.256 Y105.38 E.01045
G1 X93.897 Y105.905 E.03093
G1 X94.095 Y106.103 E.01045
G1 X94.62 Y106.744 E.03093
G1 X94.776 Y106.977 E.01046
G1 X95.231 Y107.856 E.03692
G1 X106.717 Y119.343 E.60604
G1 X106.07 Y119.343 E.02416
G1 X95.514 Y108.787 E.55695
G1 X95.552 Y108.914 E.00495
G1 X95.612 Y109.533 E.02321
G1 X105.422 Y119.343 E.51758
G1 X104.775 Y119.343 E.02416
G1 X95.638 Y110.206 E.48209
G1 X95.581 Y110.796 E.02212
G1 X104.128 Y119.343 E.45094
G1 X103.48 Y119.343 E.02416
G1 X95.476 Y111.339 E.42232
G1 X95.325 Y111.835 E.01936
G1 X102.833 Y119.343 E.39612
G1 X102.185 Y119.343 E.02416
G1 X95.153 Y112.31 E.37104
G1 X94.929 Y112.734 E.01787
G1 X101.538 Y119.343 E.34869
G1 X100.89 Y119.343 E.02416
G1 X94.694 Y113.146 E.32694
G1 X94.411 Y113.511 E.01722
G1 X100.243 Y119.343 E.30769
G1 X99.595 Y119.343 E.02416
G1 X94.119 Y113.867 E.28893
G1 X93.788 Y114.183 E.01708
G1 X98.948 Y119.343 E.27222
G1 X98.3 Y119.343 E.02416
G1 X93.433 Y114.475 E.25682
G1 X93.061 Y114.751 E.01727
G1 X97.653 Y119.343 E.24229
G1 X97.005 Y119.343 E.02416
G1 X92.642 Y114.98 E.23021
G1 X92.214 Y115.199 E.01795
G1 X96.358 Y119.343 E.21864
G1 X95.71 Y119.343 E.02416
G1 X91.73 Y115.363 E.21001
G1 X91.229 Y115.509 E.01947
G1 X95.063 Y119.343 E.20228
G1 X94.415 Y119.343 E.02416
G1 X90.666 Y115.594 E.19781
G1 X90.075 Y115.65 E.02214
M73 P14 R16
G1 X93.768 Y119.343 E.19482
G1 X93.121 Y119.343 E.02416
G1 X89.378 Y115.601 E.19745
G1 X89.035 Y115.569 E.01285
G1 X88.594 Y115.464 E.01691
G1 X92.679 Y119.549 E.2155
G1 E-4.5 F2700
;WIPE_START
G1 F1200
G1 X91.265 Y118.135 E-.475
;WIPE_END
G1 E-.025 F2700
G1 X91.404 Y110.503 Z.6 F3600
G1 X91.509 Y104.782 Z.6
G1 Z.2
G1 E5 F2400
G1 F1200
G1 X87.384 Y100.657 E.21763
G1 X86.736 Y100.657 E.02416
G1 X90.462 Y104.382 E.19655
G1 X90.123 Y104.35 E.01269
G1 X89.788 Y104.356 E.01251
G1 X86.089 Y100.657 E.19517
G1 X85.441 Y100.657 E.02416
G1 X89.201 Y104.417 E.19838
G1 X88.927 Y104.445 E.01029
G1 X88.66 Y104.523 E.01037
G1 X84.794 Y100.657 E.20399
G1 X84.146 Y100.657 E.02416
G1 X88.159 Y104.67 E.21172
G1 X87.968 Y104.726 E.00745
G1 X87.687 Y104.845 E.01138
G1 X83.499 Y100.657 E.22095
G1 X82.852 Y100.657 E.02416
G1 X87.265 Y105.07 E.23284
G1 X86.854 Y105.306 E.01769
G1 X82.204 Y100.657 E.24531
G1 X81.557 Y100.657 E.02416
G1 X86.489 Y105.589 E.26023
G1 X86.133 Y105.881 E.01716
G1 X80.909 Y100.657 E.27563
G1 X80.262 Y100.657 E.02416
G1 X85.817 Y106.212 E.29308
G1 X85.525 Y106.567 E.01716
G1 X79.657 Y100.7 E.30958
G1 X79.657 Y101.347 E.02416
G1 X85.249 Y106.939 E.29505
G1 X85.02 Y107.358 E.0178
G1 X79.657 Y101.995 E.28298
G1 X79.657 Y102.642 E.02416
G1 X84.801 Y107.786 E.2714
G1 X84.635 Y108.267 E.019
G1 X79.657 Y103.29 E.26264
G1 X79.657 Y103.937 E.02416
G1 X84.484 Y108.765 E.2547
G1 X84.431 Y109.035 E.0103
G1 X84.404 Y109.331 E.01108
G1 X79.657 Y104.585 E.25043
G1 X79.657 Y105.232 E.02416
G1 X84.349 Y109.924 E.24757
G1 X84.342 Y110 E.00284
G1 X84.402 Y110.625 E.02341
G1 X79.657 Y105.879 E.25036
G1 X79.657 Y106.527 E.02416
M73 P14 R15
G1 X84.848 Y111.718 E.27389
G1 E-4.5 F2700
;WIPE_START
G1 F1200
G1 X83.434 Y110.304 E-.475
;WIPE_END
G1 E-.025 F2700
G1 X79.451 Y106.969 Z.6 F3600
G1 Z.2
G1 E5 F2400
G1 F1200
G1 X84.901 Y112.418 E.28752
G1 X85.224 Y113.023 E.02558
M73 P15 R15
G1 X85.38 Y113.256 E.01045
G1 X85.905 Y113.897 E.03093
G1 X86.103 Y114.095 E.01045
G1 X86.744 Y114.62 E.03093
G1 X86.977 Y114.776 E.01045
G1 X87.582 Y115.099 E.02558
G1 X91.826 Y119.343 E.2239
G1 X91.178 Y119.343 E.02416
G1 X79.657 Y107.822 E.60786
G1 X79.657 Y108.469 E.02416
G1 X90.531 Y119.343 E.5737
G1 X89.883 Y119.343 E.02416
G1 X79.657 Y109.117 E.53954
G1 X79.657 Y109.764 E.02416
G1 X89.236 Y119.343 E.50538
G1 X88.588 Y119.343 E.02416
G1 X79.657 Y110.412 E.47122
G1 X79.657 Y111.059 E.02416
G1 X87.941 Y119.343 E.43706
G1 X87.293 Y119.343 E.02416
G1 X79.657 Y111.707 E.4029
G1 X79.657 Y112.354 E.02416
G1 X86.646 Y119.343 E.36874
G1 X85.998 Y119.343 E.02416
G1 X79.657 Y113.002 E.33458
G1 X79.657 Y113.649 E.02416
G1 X85.351 Y119.343 E.30042
G1 X84.703 Y119.343 E.02416
G1 X79.657 Y114.297 E.26625
G1 X79.657 Y114.944 E.02416
G1 X84.056 Y119.343 E.23209
G1 X83.408 Y119.343 E.02416
G1 X79.657 Y115.592 E.19793
G1 X79.657 Y116.239 E.02416
G1 X82.761 Y119.343 E.16377
G1 X82.114 Y119.343 E.02416
G1 X79.657 Y116.886 E.12961
G1 X79.657 Y117.534 E.02416
G1 X81.466 Y119.343 E.09545
G1 X80.819 Y119.343 E.02416
G1 X79.657 Y118.181 E.06129
G1 X79.657 Y118.829 E.02416
G1 X80.377 Y119.549 E.03798
G1 E-4.5 F2700
;WIPE_START
G1 F1200
G1 X79.657 Y118.829 E-.24179
G1 X79.657 Y118.181 E-.15377
G1 X79.893 Y118.418 E-.07944
;WIPE_END
G1 E-.025 F2700
G1 X87.375 Y116.906 Z.6 F3600
G1 X104.428 Y113.458 Z.6
G1 Z.2
G1 E5 F2400
;TYPE:Gap infill
;WIDTH:0.113074
G1 F900
G1 X104.321 Y113.322 E.00099
;WIDTH:0.128377
G1 X104.213 Y113.186 E.00121
G1 E-4.5 F2700
;WIPE_START
G1 F900
G1 X104.321 Y113.322 E-.475
;WIPE_END
G1 E-.025 F2700
G1 X107.143 Y116.022 Z.6 F3600
G1 Z.2
G1 E5 F2400
;WIDTH:0.242048
G1 F900
G1 X106.939 Y115.88 E.00404
;WIDTH:0.216595
G1 X106.932 Y115.875 E.00012
;WIDTH:0.195698
M73 P16 R15
G1 X106.803 Y115.775 E.00203
;WIDTH:0.156527
G1 X106.675 Y115.676 E.00151
;WIDTH:0.136941
G1 X106.546 Y115.577 E.00125
G1 E-4.5 F2700
;WIPE_START
G1 F900
G1 X106.675 Y115.676 E-.475
;WIPE_END
G1 E-.025 F2700
G1 X108.914 Y116.549 Z.6 F3600
G1 Z.2
G1 E5 F2400
;WIDTH:0.145859
G1 F900
G1 X108.681 Y116.426 E.00221
G1 E-4.5 F2700
;WIPE_START
G1 F900
G1 X108.914 Y116.549 E-.475
;WIPE_END
G1 E-.025 F2700
G1 X114.312 Y111.153 Z.6 F3600
G1 X116.551 Y108.914 Z.6
G1 Z.2
G1 E5 F2400
;WIDTH:0.106621
G1 F900
G1 X116.428 Y108.687 E.00134
G1 E-4.5 F2700
;WIPE_START
G1 F900
G1 X116.551 Y108.914 E-.475
;WIPE_END
G1 E-.025 F2700
G1 X116.03 Y107.154 Z.6 F3600
G1 Z.2
G1 E5 F2400
;WIDTH:0.249418
G1 F900
G1 X115.923 Y107.003 E.0031
;WIDTH:0.205747
G1 X115.812 Y106.847 E.00254
;WIDTH:0.161775
G1 X115.692 Y106.694 E.00189
;WIDTH:0.14044
G1 X115.571 Y106.541 E.00155
G1 E-4.5 F2700
;WIPE_START
G1 F900
G1 X115.692 Y106.694 E-.475
;WIPE_END
G1 E-.025 F2700
G1 X113.454 Y104.423 Z.6 F3600
G1 Z.2
G1 E5 F2400
;WIDTH:0.11334
G1 F900
G1 X113.323 Y104.322 E.00095
;WIDTH:0.128909
G1 X113.192 Y104.221 E.00116
G1 E-4.5 F2700
;WIPE_START
G1 F900
G1 X113.323 Y104.322 E-.475
;WIPE_END
G1 E-.025 F2700
G1 X118.924 Y109.507 Z.6 F3600
G1 X123.358 Y113.612 Z.6
G1 Z.2
G1 E5 F2400
;WIDTH:0.110205
G1 F900
G1 X123.281 Y113.512 E.00069
;WIDTH:0.146848
G1 X123.181 Y113.37 E.00147
;WIDTH:0.194485
G1 X123.082 Y113.227 E.00215
;WIDTH:0.218303
G1 X122.982 Y113.085 E.00249
G1 E-4.5 F2700
;WIPE_START
G1 F900
G1 X123.082 Y113.227 E-.475
;WIPE_END
G1 E-.025 F2700
G1 X126.905 Y117.012 Z.6 F3600
G1 Z.2
G1 E5 F2400
;WIDTH:0.241328
G1 F900
G1 X126.777 Y116.921 E.00254
;WIDTH:0.200311
G1 X126.648 Y116.83 E.00202
;WIDTH:0.159295
G1 X126.52 Y116.739 E.00149
;WIDTH:0.138787
G1 X126.392 Y116.647 E.00123
G1 E-4.5 F2700
;WIPE_START
G1 F900
G1 X126.52 Y116.739 E-.475
;WIPE_END
G1 E-.025 F2700
G1 X128.664 Y117.522 Z.6 F3600
G1 Z.2
G1 E5 F2400
;WIDTH:0.0994975
G1 F900
G1 X128.432 Y117.396 E.00122
G1 E-4.5 F2700
;WIPE_START
G1 F900
G1 X128.664 Y117.522 E-.475
;WIPE_END
G1 E-.025 F2700
G1 X133.274 Y111.439 Z.6 F3600
G1 X136.898 Y106.656 Z.6
G1 Z.2
G1 E5 F2400
;WIDTH:0.250464
G1 F900
G1 X136.791 Y106.505 E.00312
;WIDTH:0.207143
G1 X136.68 Y106.349 E.00257
;WIDTH:0.162967
G1 X136.557 Y106.193 E.00194
;WIDTH:0.141234
G1 X136.435 Y106.038 E.00159
G1 E-4.5 F2700
;WIPE_START
G1 F900
G1 X136.557 Y106.193 E-.475
;WIPE_END
G1 E-.025 F2700
G1 X133.959 Y103.562 Z.6 F3600
G1 Z.2
G1 E5 F2400
;WIDTH:0.118928
G1 F900
G1 X133.82 Y103.454 E.00109
;WIDTH:0.161242
G1 X133.681 Y103.347 E.0017
;WIDTH:0.204663
G1 X133.534 Y103.234 E.00244
;WIDTH:0.227464
G1 X133.351 Y103.106 E.00336
; stop printing object V7_00_DS18B20_fit_gauge_8_10_12.stl id:0 copy 0
;TIME_ELAPSED:186.826004

M106 S255
;LAYER_CHANGE
;:0.4
;HEIGHT:0.2
;BEFORE_LAYER_CHANGE
;0.4
G92 E0
;TIME_ELAPSED:236.048920
G1 E-4.5 F2700
;WIPE_START
G1 F900
G1 X133.534 Y103.234 E-.475
;WIPE_END
G1 E-.025 F2700
;_SET_FAN_SPEED_CHANGING_LAYER
M205 X10 Y10
M205 X8 Y8
G17
G3 Z.6 I1.217 J0 P1  F7200
G1 X133.534 Y93.543 Z.6
G1 Z.4
G1 E5 F2400
M205 X10 Y10
;TYPE:Skirt
;WIDTH:0.5
G1 F3000
G1 X142 Y93.543 E.31532
G1 X144.042 Y93.939 E.07747
G1 X145.787 Y95.071 E.07747
G1 X146.982 Y96.773 E.07747
G1 X147.457 Y99 E.08482
G1 X147.457 Y121 E.81942
G1 X147.061 Y123.042 E.07747
G1 X145.929 Y124.787 E.07747
G1 X144.227 Y125.982 E.07747
G1 X142 Y126.457 E.08482
G1 X78 Y126.457 E2.38376
G1 X75.958 Y126.061 E.07747
G1 X74.213 Y124.929 E.07747
G1 X73.018 Y123.227 E.07747
G1 X72.543 Y121 E.08482
G1 X72.543 Y99 E.81942
G1 X72.939 Y96.958 E.07747
G1 X74.071 Y95.213 E.07747
G1 X75.773 Y94.018 E.07747
G1 X78 Y93.543 E.08482
G1 X133.494 Y93.543 E2.06695
; OBJECT_ID: 15
; printing object V7_00_DS18B20_fit_gauge_8_10_12.stl id:0 copy 0
G1 E-4.5 F2700
;WIPE_START
M73 P17 R15
G1 F3000
G1 X135.494 Y93.543 E-.475
;WIPE_END
G1 E-.025 F2700
M205 X8 Y8
G1 X137.047 Y101.016 Z.8 F7200
G1 X140.991 Y119.991 Z.8
G1 Z.4
G1 E5 F2400
M205 X10 Y10
;TYPE:Inner wall
;WIDTH:0.449999
G1 F2700
G1 X79.009 Y119.991 E2.05604
G1 X79.009 Y100.009 E.66283
G1 X140.991 Y100.009 E2.05604
G1 X140.991 Y119.951 E.6615
M205 X8 Y8
G1 X141.398 Y120.398 F7200
M205 X10 Y10
G1 F2700
G1 X78.602 Y120.398 E2.08305
G1 X78.602 Y99.602 E.68984
G1 X141.398 Y99.602 E2.08305
G1 X141.398 Y120.358 E.68851
M205 X8 Y8
G1 X141.79 Y120.79 F7200
M205 X10 Y10
;TYPE:Outer wall
;WIDTH:0.419999
G1 F2400
G1 X78.21 Y120.79 E1.95363
G1 X78.21 Y99.21 E.66309
G1 X141.79 Y99.21 E1.95363
M73 P18 R15
G1 X141.79 Y120.75 E.66186
G1 E-4.5 F2700
;WIPE_START
G1 F2400
G1 X139.79 Y120.751 E-.475
;WIPE_END
G1 E-.025 F2700
M205 X8 Y8
G1 X132.742 Y117.822 Z.8 F7200
G1 X124.571 Y114.427 Z.8
G1 Z.4
G1 E5 F2400
M205 X10 Y10
;TYPE:Inner wall
;WIDTH:0.449999
G1 F2700
G1 X124.2 Y113.934 E.02047
G1 X123.842 Y113.346 E.02281
G1 X123.544 Y112.727 E.02281
G1 X123.308 Y112.081 E.02281
G1 X123.144 Y111.445 E.02178
G1 X123.055 Y110.901 E.01828
G1 X122.992 Y110.048 E.02836
G1 X123.021 Y109.361 E.02281
G1 X123.117 Y108.68 E.02281
G1 X123.28 Y108.012 E.02281
G1 X123.507 Y107.363 E.02281
G1 X123.75 Y106.837 E.01921
G1 X124.146 Y106.147 E.0264
G1 X124.552 Y105.592 E.02281
G1 X125.01 Y105.079 E.02281
G1 X125.517 Y104.613 E.02281
G1 X126.066 Y104.2 E.02281
G1 X126.654 Y103.842 E.02281
G1 X127.273 Y103.544 E.02281
G1 X127.919 Y103.308 E.02281
G1 X128.585 Y103.136 E.02281
G1 X129.265 Y103.031 E.02281
G1 X129.893 Y102.995 E.02086
G1 X130.63 Y103.021 E.02447
G1 X131.32 Y103.117 E.02311
G1 X131.988 Y103.28 E.02281
G1 X132.637 Y103.507 E.02281
G1 X133.261 Y103.797 E.02281
G1 X133.853 Y104.146 E.02281
G1 X134.408 Y104.552 E.02281
G1 X134.921 Y105.01 E.02281
G1 X135.325 Y105.449 E.01978
G1 X135.8 Y106.066 E.02583
G1 X136.158 Y106.654 E.02281
G1 X136.456 Y107.273 E.02281
G1 X136.692 Y107.919 E.02281
G1 X136.864 Y108.585 E.02281
G1 X136.969 Y109.265 E.02281
G1 X137.008 Y109.952 E.02281
G1 X136.979 Y110.639 E.02281
G1 X136.883 Y111.32 E.02281
G1 X136.72 Y111.988 E.02281
G1 X136.493 Y112.637 E.02281
G1 X136.203 Y113.261 E.02281
G1 X135.854 Y113.853 E.02281
G1 X135.448 Y114.408 E.02281
G1 X134.99 Y114.921 E.02281
G1 X134.483 Y115.387 E.02281
G1 X133.934 Y115.8 E.02281
G1 X133.346 Y116.158 E.02281
G1 X132.727 Y116.456 E.02281
G1 X132.081 Y116.692 E.02281
G1 X131.415 Y116.864 E.02281
G1 X130.735 Y116.969 E.02281
G1 X130.048 Y117.008 E.02281
G1 X129.361 Y116.979 E.02281
G1 X128.68 Y116.883 E.02281
G1 X128.012 Y116.72 E.02281
G1 X127.363 Y116.493 E.02281
G1 X126.739 Y116.203 E.02281
G1 X126.147 Y115.854 E.02281
G1 X125.592 Y115.448 E.02281
G1 X125.079 Y114.99 E.02281
G1 X124.613 Y114.483 E.02281
G1 X124.595 Y114.459 E.00102
M205 X8 Y8
G1 X124.894 Y114.182 F7200
M205 X10 Y10
G1 F2700
G1 X124.527 Y113.691 E.02034
G1 X124.192 Y113.137 E.02149
G1 X123.912 Y112.553 E.02149
G1 X123.691 Y111.944 E.02149
G1 X123.539 Y111.346 E.02046
G1 X123.458 Y110.841 E.01696
G1 X123.399 Y110.028 E.02703
G1 X123.428 Y109.381 E.02149
G1 X123.52 Y108.74 E.02149
G1 X123.675 Y108.111 E.02149
G1 X123.89 Y107.5 E.02149
G1 X124.118 Y107.011 E.01789
G1 X124.495 Y106.356 E.02508
G1 X124.879 Y105.834 E.02149
G1 X125.312 Y105.352 E.02149
G1 X125.79 Y104.915 E.02149
G1 X126.309 Y104.527 E.02149
G1 X126.863 Y104.192 E.02149
G1 X127.447 Y103.912 E.02149
G1 X128.056 Y103.691 E.02149
G1 X128.684 Y103.531 E.02149
G1 X129.325 Y103.433 E.02149
G1 X129.913 Y103.401 E.01953
G1 X130.613 Y103.427 E.02326
G1 X131.26 Y103.52 E.02166
G1 X131.889 Y103.675 E.02149
G1 X132.5 Y103.89 E.02149
G1 X133.087 Y104.165 E.02149
G1 X133.644 Y104.495 E.02149
G1 X134.166 Y104.879 E.02149
G1 X134.648 Y105.312 E.02149
G1 X135.024 Y105.722 E.01846
G1 X135.473 Y106.309 E.02451
G1 X135.808 Y106.863 E.02149
G1 X136.088 Y107.447 E.02149
G1 X136.309 Y108.056 E.02149
G1 X136.469 Y108.684 E.02149
G1 X136.567 Y109.325 E.02149
G1 X136.601 Y109.972 E.02149
G1 X136.572 Y110.619 E.02149
G1 X136.48 Y111.26 E.02149
G1 X136.325 Y111.889 E.02149
G1 X136.11 Y112.5 E.02149
G1 X135.835 Y113.087 E.02149
G1 X135.505 Y113.644 E.02149
G1 X135.121 Y114.166 E.02149
G1 X134.688 Y114.648 E.02149
G1 X134.21 Y115.085 E.02149
G1 X133.691 Y115.473 E.02149
G1 X133.137 Y115.808 E.02149
G1 X132.553 Y116.088 E.02149
G1 X131.944 Y116.309 E.02149
G1 X131.316 Y116.469 E.02149
G1 X130.675 Y116.567 E.02149
G1 X130.028 Y116.601 E.02149
G1 X129.381 Y116.572 E.02149
G1 X128.74 Y116.48 E.02149
G1 X128.111 Y116.325 E.02149
G1 X127.5 Y116.11 E.02149
G1 X126.913 Y115.835 E.02149
G1 X126.356 Y115.505 E.02149
G1 X125.834 Y115.121 E.02149
G1 X125.352 Y114.688 E.02149
G1 X124.919 Y114.214 E.02131
M205 X8 Y8
G1 X125.206 Y113.947 F7200
M205 X10 Y10
;TYPE:Outer wall
;WIDTH:0.419999
G1 F2400
G1 X124.842 Y113.458 E.01873
G1 X124.528 Y112.935 E.01873
G1 X124.266 Y112.385 E.01873
G1 X124.06 Y111.811 E.01873
G1 X123.919 Y111.251 E.01777
G1 X123.821 Y110.618 E.01968
G1 X123.79 Y110.009 E.01873
G1 X123.819 Y109.401 E.01873
G1 X123.908 Y108.798 E.01872
G1 X124.055 Y108.206 E.01873
G1 X124.259 Y107.632 E.01873
G1 X124.473 Y107.179 E.01539
G1 X124.832 Y106.558 E.02205
G1 X125.194 Y106.068 E.01872
G1 X125.602 Y105.616 E.01873
G1 X126.053 Y105.206 E.01873
G1 X126.542 Y104.842 E.01872
G1 X127.065 Y104.528 E.01873
G1 X127.615 Y104.266 E.01872
G1 X128.189 Y104.06 E.01873
G1 X128.779 Y103.911 E.01873
G1 X129.382 Y103.821 E.01872
G1 X129.932 Y103.793 E.01691
G1 X130.598 Y103.819 E.02048
G1 X131.202 Y103.908 E.01878
G1 X131.794 Y104.055 E.01873
G1 X132.368 Y104.259 E.01873
G1 X132.919 Y104.519 E.01872
G1 X133.442 Y104.832 E.01873
G1 X133.932 Y105.194 E.01872
G1 X134.384 Y105.602 E.01873
G1 X134.733 Y105.986 E.01592
G1 X135.158 Y106.542 E.02152
G1 X135.472 Y107.065 E.01873
G1 X135.734 Y107.615 E.01872
G1 X135.94 Y108.189 E.01873
G1 X136.089 Y108.779 E.01873
G1 X136.179 Y109.382 E.01872
G1 X136.21 Y109.991 E.01873
G1 X136.181 Y110.599 E.01873
G1 X136.092 Y111.202 E.01872
G1 X135.945 Y111.794 E.01873
G1 X135.741 Y112.368 E.01873
G1 X135.481 Y112.919 E.01872
G1 X135.168 Y113.442 E.01873
G1 X134.806 Y113.932 E.01872
G1 X134.398 Y114.384 E.01873
G1 X133.947 Y114.794 E.01873
G1 X133.458 Y115.158 E.01872
G1 X132.935 Y115.472 E.01873
G1 X132.385 Y115.734 E.01872
G1 X131.811 Y115.94 E.01873
G1 X131.221 Y116.089 E.01873
G1 X130.618 Y116.179 E.01872
G1 X130.009 Y116.21 E.01873
G1 X129.401 Y116.181 E.01873
G1 X128.798 Y116.092 E.01872
G1 X128.206 Y115.945 E.01873
G1 X127.632 Y115.741 E.01873
G1 X127.081 Y115.481 E.01872
G1 X126.558 Y115.168 E.01873
G1 X126.068 Y114.806 E.01872
G1 X125.616 Y114.398 E.01873
G1 X125.233 Y113.976 E.0175
G1 E-4.5 F2700
;WIPE_START
G1 F2400
G1 X124.842 Y113.458 E-.15419
G1 X124.528 Y112.935 E-.14473
G1 X124.266 Y112.385 E-.14473
G1 X124.222 Y112.261 E-.03135
;WIPE_END
G1 E-.025 F2700
M205 X8 Y8
G1 X116.82 Y114.121 Z.8 F7200
G1 X113.293 Y115.007 Z.8
G1 Z.4
G1 E5 F2400
M205 X10 Y10
;TYPE:Inner wall
;WIDTH:0.449999
G1 F2700
G1 X112.387 Y115.51 E.03435
G1 X111.266 Y115.87 E.03905
G1 X110.097 Y116.004 E.03905
G1 X108.924 Y115.908 E.03905
G1 X107.792 Y115.584 E.03905
G1 X106.745 Y115.046 E.03905
G1 X105.823 Y114.314 E.03905
G1 X105.061 Y113.416 E.03905
G1 X104.49 Y112.387 E.03905
G1 X104.13 Y111.266 E.03905
G1 X103.996 Y110.097 E.03905
G1 X104.073 Y109.119 E.03255
G1 X104.13 Y108.734 E.01291
G1 X104.416 Y107.792 E.03265
G1 X104.954 Y106.745 E.03905
G1 X105.686 Y105.823 E.03905
G1 X106.584 Y105.061 E.03905
G1 X107.613 Y104.49 E.03905
G1 X108.734 Y104.13 E.03905
G1 X109.852 Y103.998 E.03734
G1 X110.532 Y104.016 E.02257
G1 X111.125 Y104.098 E.01985
G1 X112.208 Y104.416 E.03746
G1 X113.255 Y104.954 E.03905
G1 X114.177 Y105.686 E.03905
G1 X114.939 Y106.584 E.03905
G1 X115.51 Y107.613 E.03905
G1 X115.872 Y108.74 E.03927
G1 X115.968 Y109.534 E.02655
G1 X116.008 Y110.048 E.0171
G1 X115.895 Y111.166 E.03726
G1 X115.54 Y112.326 E.04023
G1 X114.939 Y113.416 E.04131
G1 X114.314 Y114.177 E.03265
G1 X113.416 Y114.939 E.03905
G1 X113.328 Y114.988 E.00337
M205 X8 Y8
G1 X113.096 Y114.658 F7200
M205 X10 Y10
G1 F2700
G1 X112.195 Y115.151 E.03407
G1 X111.148 Y115.481 E.03641
G1 X110.057 Y115.599 E.03641
G1 X108.963 Y115.503 E.03641
G1 X107.91 Y115.195 E.03641
G1 X106.937 Y114.687 E.03641
G1 X106.081 Y114 E.03641
G1 X105.376 Y113.158 E.03641
G1 X104.849 Y112.195 E.03641
G1 X104.519 Y111.148 E.03641
G1 X104.401 Y110.057 E.03641
G1 X104.519 Y108.852 E.04017
G1 X104.805 Y107.91 E.03265
G1 X105.313 Y106.937 E.03641
G1 X106 Y106.081 E.03641
G1 X106.842 Y105.376 E.03641
G1 X107.805 Y104.849 E.03641
G1 X108.852 Y104.519 E.03641
G1 X109.892 Y104.403 E.03474
G1 X110.515 Y104.423 E.02067
G1 X111.065 Y104.501 E.01841
G1 X112.09 Y104.805 E.03548
G1 X113.063 Y105.313 E.03641
G1 X113.919 Y106 E.03641
G1 X114.624 Y106.842 E.03641
G1 X115.195 Y107.91 E.04017
G1 X115.482 Y108.855 E.03278
G1 X115.599 Y110.057 E.04004
G1 X115.503 Y111.037 E.03265
G1 X115.16 Y112.178 E.03952
G1 X114.624 Y113.158 E.03707
G1 X114 Y113.919 E.03265
G1 X113.158 Y114.624 E.03641
G1 X113.131 Y114.639 E.00102
M205 X8 Y8
G1 X112.909 Y114.321 F7200
M205 X10 Y10
;TYPE:Outer wall
;WIDTH:0.419999
G1 F2400
G1 X112.011 Y114.806 E.03138
G1 X111.034 Y115.105 E.03138
G1 X110.018 Y115.209 E.03138
G1 X109.002 Y115.113 E.03138
G1 X108.024 Y114.82 E.03138
G1 X107.121 Y114.341 E.03138
G1 X106.33 Y113.696 E.03138
G1 X105.679 Y112.909 E.03138
G1 X105.194 Y112.011 E.03138
G1 X104.895 Y111.034 E.03138
G1 X104.791 Y110.018 E.03138
G1 X104.895 Y108.966 E.03251
G1 X105.18 Y108.024 E.03025
G1 X105.659 Y107.121 E.03138
G1 X106.304 Y106.33 E.03138
G1 X107.091 Y105.679 E.03138
G1 X107.989 Y105.194 E.03138
G1 X108.966 Y104.895 E.03138
G1 X109.932 Y104.793 E.02985
G1 X110.5 Y104.814 E.01746
G1 X111.007 Y104.889 E.01576
G1 X111.976 Y105.18 E.0311
G1 X112.879 Y105.659 E.03138
G1 X113.67 Y106.304 E.03138
G1 X114.321 Y107.091 E.03138
G1 X114.731 Y107.849 E.02649
G1 X114.943 Y108.43 E.019
G1 X115.106 Y108.967 E.01724
G1 X115.209 Y110.018 E.03247
G1 X115.113 Y110.998 E.03025
G1 X114.943 Y111.57 E.01833
G1 X114.731 Y112.151 E.019
G1 X114.341 Y112.879 E.02536
G1 X113.696 Y113.67 E.03138
G1 X112.94 Y114.295 E.03015
G1 E-4.5 F2700
;WIPE_START
G1 F2400
G1 X112.011 Y114.806 E-.25185
G1 X111.112 Y115.081 E-.22315
;WIPE_END
G1 E-.025 F2700
M205 X8 Y8
G1 X104.081 Y112.113 Z.8 F7200
G1 X94.628 Y108.122 Z.8
G1 Z.4
G1 E5 F2400
M205 X10 Y10
;TYPE:Inner wall
;WIDTH:0.449999
M73 P19 R15
G1 F2700
G1 X94.83 Y108.734 E.02138
G1 X94.927 Y109.119 E.01317
G1 X95.004 Y109.903 E.02615
G1 X94.927 Y110.881 E.03255
G1 X94.661 Y111.826 E.03255
G1 X94.215 Y112.7 E.03255
G1 X93.607 Y113.47 E.03255
G1 X92.861 Y114.107 E.03255
G1 X92.005 Y114.586 E.03255
G1 X91.071 Y114.889 E.03255
G1 X90.097 Y115.004 E.03255
G1 X89.119 Y114.927 E.03255
G1 X88.174 Y114.661 E.03255
G1 X87.3 Y114.215 E.03255
G1 X86.53 Y113.607 E.03255
G1 X85.893 Y112.861 E.03255
G1 X85.414 Y112.005 E.03255
G1 X85.111 Y111.071 E.03255
G1 X84.996 Y110.097 E.03255
G1 X85.073 Y109.119 E.03255
G1 X85.339 Y108.174 E.03255
G1 X85.785 Y107.3 E.03255
G1 X86.259 Y106.693 E.02557
G1 X86.53 Y106.393 E.01339
G1 X87.139 Y105.893 E.02615
G1 X87.995 Y105.414 E.03255
G1 X88.929 Y105.111 E.03255
G1 X89.861 Y104.998 E.03116
G1 X90.874 Y105.072 E.0337
G1 X91.826 Y105.339 E.03277
G1 X92.7 Y105.785 E.03255
G1 X93.47 Y106.393 E.03255
G1 X94.107 Y107.139 E.03255
G1 X94.586 Y107.995 E.03255
G1 X94.616 Y108.084 E.00309
M205 X8 Y8
G1 X94.248 Y108.256 F7200
M205 X10 Y10
G1 F2700
G1 X94.522 Y109.159 E.03128
G1 X94.599 Y109.943 E.02615
G1 X94.522 Y110.841 E.02991
G1 X94.271 Y111.708 E.02991
G1 X93.856 Y112.508 E.02991
G1 X93.292 Y113.212 E.02991
G1 X92.603 Y113.793 E.02991
G1 X91.813 Y114.227 E.02991
G1 X90.953 Y114.5 E.02991
G1 X90.057 Y114.599 E.02991
G1 X89.159 Y114.522 E.02991
G1 X88.292 Y114.271 E.02991
G1 X87.492 Y113.856 E.02991
G1 X86.788 Y113.292 E.02991
G1 X86.207 Y112.603 E.02991
G1 X85.773 Y111.813 E.02991
G1 X85.5 Y110.953 E.02991
G1 X85.401 Y110.057 E.02991
G1 X85.478 Y109.159 E.02991
G1 X85.729 Y108.292 E.02991
G1 X86.144 Y107.492 E.02991
G1 X86.788 Y106.708 E.03367
G1 X87.397 Y106.207 E.02615
G1 X88.187 Y105.773 E.02991
G1 X89.047 Y105.5 E.02991
G1 X89.902 Y105.403 E.02856
G1 X90.837 Y105.478 E.03112
G1 X91.708 Y105.729 E.03004
G1 X92.508 Y106.144 E.02991
G1 X93.212 Y106.708 E.02991
G1 X93.793 Y107.397 E.02991
G1 X94.227 Y108.187 E.02991
G1 X94.237 Y108.218 E.00106
M205 X8 Y8
G1 X93.882 Y108.372 F7200
M205 X10 Y10
;TYPE:Outer wall
;WIDTH:0.419999
G1 F2400
G1 X94.132 Y109.197 E.02648
G1 X94.209 Y109.984 E.02429
G1 X94.132 Y110.803 E.02529
G1 X93.896 Y111.594 E.02535
G1 X93.51 Y112.323 E.02535
G1 X92.989 Y112.963 E.02535
G1 X92.354 Y113.489 E.02535
G1 X91.628 Y113.882 E.02535
G1 X90.839 Y114.125 E.02535
G1 X90.018 Y114.209 E.02535
G1 X89.197 Y114.132 E.02535
G1 X88.406 Y113.896 E.02535
G1 X87.677 Y113.51 E.02535
G1 X87.037 Y112.989 E.02535
G1 X86.511 Y112.354 E.02535
G1 X86.118 Y111.628 E.02535
G1 X85.875 Y110.839 E.02535
G1 X85.791 Y110.018 E.02535
G1 X85.868 Y109.197 E.02535
G1 X86.104 Y108.406 E.02535
G1 X86.49 Y107.677 E.02535
G1 X87.037 Y107.011 E.02648
G1 X87.646 Y106.511 E.02422
G1 X88.372 Y106.118 E.02535
G1 X89.161 Y105.875 E.02535
G1 X89.942 Y105.793 E.02413
G1 X90.802 Y105.868 E.02653
G1 X91.594 Y106.104 E.02539
G1 X92.323 Y106.49 E.02535
G1 X92.963 Y107.011 E.02535
G1 X93.489 Y107.646 E.02535
G1 X93.863 Y108.337 E.02412
G1 E-4.5 F2700
;WIPE_START
G1 F2400
G1 X94.132 Y109.197 E-.21403
G1 X94.209 Y109.984 E-.18772
G1 X94.18 Y110.291 E-.07325
;WIPE_END
G1 E-.025 F2700
M205 X8 Y8
G1 X79.417 Y100.355 Z.8 F7200
G1 Z.4
G1 E5 F2400
M205 X10 Y10
;TYPE:Internal solid infill
;WIDTH:0.405698
G1 F3600
G1 X79.349 Y100.394 E.00232
G1 X79.419 Y100.429 E.00233
G1 E-4.5 F2700
;WIPE_START
G1 F3600
G1 X79.349 Y100.394 E-.23778
G1 X79.417 Y100.355 E-.23722
;WIPE_END
G1 E-.025 F2700
M205 X8 Y8
G1 X86.445 Y103.331 Z.8 F7200
G1 X125.554 Y119.889 Z.8
G1 Z.4
G1 E5 F2400
M205 X10 Y10
;WIDTH:0.450713
G1 F3600
G1 X128.347 Y117.096 E.13124
G1 X127.889 Y116.978 E.01572
G1 X125.161 Y119.706 E.12821
G1 X124.584 Y119.706 E.01916
G1 X127.462 Y116.828 E.13525
G1 X127.049 Y116.664 E.01476
G1 X124.007 Y119.706 E.14295
G1 X123.431 Y119.706 E.01916
G1 X126.66 Y116.476 E.15177
G1 X126.29 Y116.27 E.01408
G1 X122.854 Y119.706 E.16149
G1 X122.277 Y119.706 E.01916
G1 X125.932 Y116.051 E.17176
G1 X125.601 Y115.806 E.0137
G1 X121.7 Y119.706 E.18329
G1 X121.124 Y119.706 E.01916
G1 X125.277 Y115.553 E.19517
G1 X124.977 Y115.276 E.01356
G1 X120.547 Y119.706 E.20816
G1 X119.97 Y119.706 E.01916
G1 X124.688 Y114.988 E.22171
G1 X124.416 Y114.683 E.01357
G1 X119.394 Y119.706 E.23604
G1 X118.817 Y119.706 E.01916
G1 X124.164 Y114.359 E.25126
G1 X123.92 Y114.026 E.01372
G1 X118.24 Y119.706 E.26693
G1 X117.663 Y119.706 E.01916
G1 X123.705 Y113.665 E.2839
G1 X123.498 Y113.295 E.01408
G1 X117.087 Y119.706 E.30129
G1 X116.51 Y119.706 E.01916
G1 X123.314 Y112.902 E.31974
G1 X123.151 Y112.488 E.01479
G1 X115.933 Y119.706 E.3392
G1 X115.357 Y119.706 E.01916
G1 X123.007 Y112.056 E.35952
G1 X122.89 Y111.596 E.01576
G1 X114.78 Y119.706 E.38112
G1 X114.203 Y119.706 E.01916
G1 X122.8 Y111.109 E.404
G1 X122.734 Y110.598 E.01712
G1 X113.627 Y119.706 E.42801
G1 X113.05 Y119.706 E.01916
G1 X122.708 Y110.048 E.45388
G1 X122.736 Y109.443 E.02012
G1 X112.473 Y119.706 E.48231
G1 X111.896 Y119.706 E.01916
G1 X122.814 Y108.788 E.51307
G1 X122.846 Y108.576 E.00713
G1 X122.982 Y108.044 E.01824
G1 X111.32 Y119.706 E.54804
G1 X110.743 Y119.706 E.01916
G1 X123.662 Y106.787 E.60711
M205 X8 Y8
G1 X128.562 Y103.041 F7200
M205 X10 Y10
M73 P20 R15
G1 F3600
G1 X131.289 Y100.313 E.12818
G1 X130.713 Y100.313 E.01916
G1 X128.042 Y102.984 E.1255
G1 X127.827 Y103.038 E.00738
G1 X127.169 Y103.28 E.02326
G1 X130.136 Y100.313 E.13941
G1 X129.559 Y100.313 E.01916
G1 X110.166 Y119.706 E.91135
G1 X109.59 Y119.706 E.01916
G1 X128.982 Y100.313 E.91135
G1 X128.406 Y100.313 E.01916
G1 X109.013 Y119.706 E.91135
G1 X108.436 Y119.706 E.01916
M73 P20 R14
G1 X112.282 Y115.86 E.18075
G1 X111.464 Y116.101 E.02834
G1 X107.859 Y119.706 E.16941
G1 X107.283 Y119.706 E.01916
G1 X110.768 Y116.22 E.1638
G1 X110.13 Y116.282 E.02131
G1 X106.706 Y119.706 E.1609
G1 X106.129 Y119.706 E.01916
G1 X109.58 Y116.255 E.16216
G1 X109.052 Y116.206 E.01761
G1 X105.553 Y119.706 E.16447
G1 X104.976 Y119.706 E.01916
G1 X108.565 Y116.117 E.16867
G1 X108.123 Y115.983 E.01537
G1 X104.399 Y119.706 E.17497
G1 X103.823 Y119.706 E.01916
G1 X107.682 Y115.846 E.18137
G1 X107.291 Y115.661 E.01439
G1 X103.246 Y119.706 E.19008
G1 X102.669 Y119.706 E.01916
G1 X106.915 Y115.46 E.19952
G1 X106.544 Y115.254 E.01409
G1 X102.092 Y119.706 E.20921
G1 X101.516 Y119.706 E.01916
G1 X106.216 Y115.006 E.22089
G1 X105.899 Y114.746 E.01362
G1 X100.939 Y119.706 E.2331
G1 X100.362 Y119.706 E.01916
G1 X105.588 Y114.481 E.24556
G1 X105.316 Y114.176 E.01357
G1 X99.786 Y119.706 E.25989
G1 X99.209 Y119.706 E.01916
G1 X105.056 Y113.859 E.27477
G1 X104.801 Y113.537 E.01364
G1 X98.632 Y119.706 E.28988
G1 X98.055 Y119.706 E.01916
G1 X104.589 Y113.172 E.30703
G1 X104.391 Y112.794 E.0142
G1 X97.479 Y119.706 E.32484
G1 X96.902 Y119.706 E.01916
G1 X104.193 Y112.415 E.34264
G1 X104.052 Y111.979 E.01522
G1 X96.325 Y119.706 E.36313
G1 X95.749 Y119.706 E.01916
G1 X103.92 Y111.535 E.384
G1 X103.823 Y111.209 E.0113
G1 X103.809 Y111.069 E.00468
G1 X95.172 Y119.706 E.4059
G1 X94.595 Y119.706 E.01916
G1 X103.758 Y110.543 E.43061
G1 X103.707 Y110.017 E.01755
G1 X94.019 Y119.706 E.45531
G1 X93.442 Y119.706 E.01916
G1 X103.765 Y109.382 E.48515
G1 X103.841 Y108.73 E.02182
G1 X92.865 Y119.706 E.51581
G1 X92.288 Y119.706 E.01916
G1 X104.39 Y107.605 E.56869
G1 E-4.5 F2700
;WIPE_START
G1 F3600
G1 X102.975 Y109.019 E-.475
;WIPE_END
G1 E-.025 F2700
M205 X8 Y8
G1 X110.302 Y111.159 Z.8 F7200
G1 X115.473 Y112.669 Z.8
G1 Z.4
G1 E5 F2400
M205 X10 Y10
G1 F3600
G1 X127.829 Y100.313 E.58068
G1 X127.252 Y100.313 E.01916
M73 P21 R14
G1 X116.1 Y111.465 E.52409
G1 X116.175 Y111.22 E.00851
G1 X116.219 Y110.769 E.01506
G1 X126.676 Y100.313 E.49139
G1 X126.099 Y100.313 E.01916
G1 X116.282 Y110.13 E.46135
G1 X116.295 Y110 E.00435
G1 X116.254 Y109.582 E.01397
G1 X125.522 Y100.313 E.43557
G1 X124.946 Y100.313 E.01916
G1 X116.202 Y109.056 E.41089
G1 X116.175 Y108.78 E.00924
G1 X116.111 Y108.571 E.00726
G1 X124.369 Y100.313 E.38806
G1 X123.792 Y100.313 E.01916
G1 X115.976 Y108.129 E.36731
G1 X115.841 Y107.688 E.01535
G1 X123.215 Y100.313 E.34656
G1 X122.639 Y100.313 E.01916
G1 X115.66 Y107.292 E.32798
G1 X115.46 Y106.915 E.01417
G1 X122.062 Y100.313 E.31027
G1 X121.485 Y100.313 E.01916
G1 X115.254 Y106.544 E.29284
G1 X115.006 Y106.216 E.01368
G1 X120.909 Y100.313 E.27741
G1 X120.332 Y100.313 E.01916
G1 X114.746 Y105.899 E.26252
G1 X114.481 Y105.588 E.0136
G1 X119.755 Y100.313 E.24787
G1 X119.178 Y100.313 E.01916
G1 X114.176 Y105.316 E.2351
G1 X113.859 Y105.056 E.01362
G1 X118.602 Y100.313 E.22289
G1 X118.025 Y100.313 E.01916
G1 X113.537 Y104.801 E.21089
G1 X113.174 Y104.587 E.014
G1 X117.448 Y100.313 E.20086
G1 X116.872 Y100.313 E.01916
G1 X112.798 Y104.386 E.19142
G1 X112.414 Y104.194 E.01428
G1 X116.295 Y100.313 E.18236
G1 X115.718 Y100.313 E.01916
G1 X111.979 Y104.052 E.17571
G1 X111.533 Y103.922 E.01546
G1 X115.142 Y100.313 E.1696
G1 X114.565 Y100.313 E.01916
G1 X111.074 Y103.803 E.16403
G1 X110.567 Y103.734 E.01701
G1 X113.988 Y100.313 E.16077
G1 X113.411 Y100.313 E.01916
G1 X110.006 Y103.718 E.16003
G1 X109.828 Y103.714 E.00592
G1 X109.388 Y103.76 E.01471
G1 X112.835 Y100.313 E.16199
G1 X112.258 Y100.313 E.01916
G1 X108.729 Y103.842 E.16584
G1 X107.911 Y104.083 E.02834
G1 X111.681 Y100.313 E.17718
G1 X111.105 Y100.313 E.01916
G1 X106.836 Y104.582 E.20062
G1 X106.607 Y104.704 E.00862
G1 X106.406 Y104.838 E.00803
G1 X105.639 Y105.468 E.03298
G1 X105.468 Y105.639 E.00803
G1 X104.838 Y106.406 E.03298
G1 X104.704 Y106.607 E.00804
G1 X104.588 Y106.83 E.00835
G1 X91.712 Y119.706 E.6051
G1 X91.135 Y119.706 E.01916
G1 X110.528 Y100.313 E.91135
G1 X109.951 Y100.313 E.01916
G1 X90.558 Y119.706 E.91135
G1 X89.982 Y119.706 E.01916
G1 X109.374 Y100.313 E.91135
G1 X108.798 Y100.313 E.01916
G1 X89.405 Y119.706 E.91135
G1 X88.828 Y119.706 E.01916
G1 X108.221 Y100.313 E.91135
G1 X107.644 Y100.313 E.01916
G1 X88.251 Y119.706 E.91135
G1 X87.675 Y119.706 E.01916
G1 X107.068 Y100.313 E.91135
G1 X106.491 Y100.313 E.01916
M73 P22 R14
G1 X94.946 Y111.858 E.54257
G1 X95.19 Y111.037 E.02847
G1 X105.914 Y100.313 E.50398
G1 X105.338 Y100.313 E.01916
G1 X95.255 Y110.396 E.47384
G1 X95.295 Y110 E.01322
G1 X95.274 Y109.799 E.0067
G1 X104.761 Y100.313 E.44581
G1 X104.184 Y100.313 E.01916
G1 X95.222 Y109.276 E.42119
G1 X95.188 Y108.945 E.01105
G1 X95.138 Y108.782 E.00565
G1 X103.607 Y100.313 E.39802
G1 X103.031 Y100.313 E.01916
G1 X95.002 Y108.342 E.37732
G1 X94.859 Y107.908 E.01519
G1 X102.454 Y100.313 E.3569
G1 X101.877 Y100.313 E.01916
G1 X94.66 Y107.531 E.33919
G1 X94.459 Y107.155 E.01417
G1 X101.301 Y100.313 E.32151
G1 X100.724 Y100.313 E.01916
G1 X94.215 Y106.822 E.30587
G1 X93.955 Y106.505 E.01362
G1 X100.147 Y100.313 E.29098
G1 X99.57 Y100.313 E.01916
G1 X93.681 Y106.202 E.27676
G1 X93.367 Y105.94 E.0136
G1 X98.994 Y100.313 E.26442
G1 X98.417 Y100.313 E.01916
G1 X93.05 Y105.68 E.2522
G1 X92.694 Y105.459 E.01392
G1 X97.84 Y100.313 E.24184
G1 X97.264 Y100.313 E.01916
G1 X92.318 Y105.258 E.2324
G1 X91.926 Y105.074 E.0144
G1 X96.687 Y100.313 E.22373
G1 X96.11 Y100.313 E.01916
G1 X91.485 Y104.938 E.21736
G1 X91.033 Y104.814 E.01559
G1 X95.534 Y100.313 E.21151
G1 X94.957 Y100.313 E.01916
G1 X90.517 Y104.753 E.20867
G1 X89.98 Y104.713 E.01788
G1 X94.38 Y100.313 E.20678
G1 X93.803 Y100.313 E.01916
G1 X89.352 Y104.765 E.2092
G1 X88.994 Y104.802 E.01196
G1 X88.631 Y104.909 E.01256
G1 X93.41 Y100.13 E.22458
G1 E-4.5 F2700
;WIPE_START
G1 F3600
G1 X91.996 Y101.544 E-.475
;WIPE_END
G1 E-.025 F2700
M205 X8 Y8
G1 X92.123 Y109.175 Z.8 F7200
G1 X92.214 Y114.59 Z.8
G1 Z.4
G1 E5 F2400
M205 X10 Y10
G1 F3600
G1 X87.098 Y119.706 E.24043
G1 X86.521 Y119.706 E.01916
G1 X91.039 Y115.188 E.21231
G1 X90.394 Y115.257 E.02156
G1 X85.945 Y119.706 E.20909
G1 X85.368 Y119.706 E.01916
G1 X89.798 Y115.276 E.20819
G1 X89.27 Y115.227 E.01762
G1 X84.791 Y119.706 E.21047
G1 X84.215 Y119.706 E.01916
G1 X88.779 Y115.142 E.21449
G1 X88.336 Y115.007 E.01537
G1 X83.638 Y119.706 E.2208
G1 X83.061 Y119.706 E.01916
G1 X87.909 Y114.858 E.22782
G1 X87.53 Y114.661 E.01421
G1 X82.484 Y119.706 E.2371
G1 X81.908 Y119.706 E.01916
G1 X87.155 Y114.459 E.24657
G1 X86.822 Y114.215 E.01371
G1 X81.331 Y119.706 E.25803
G1 X80.754 Y119.706 E.01916
G1 X86.505 Y113.955 E.27024
G1 X86.202 Y113.681 E.01357
G1 X80.178 Y119.706 E.28313
G1 X79.601 Y119.706 E.01916
G1 X85.94 Y113.367 E.29789
G1 X85.68 Y113.05 E.01362
G1 X79.294 Y119.436 E.30009
G1 X79.294 Y118.859 E.01916
M73 P23 R14
G1 X85.459 Y112.694 E.28972
G1 X85.258 Y112.318 E.01416
G1 X79.294 Y118.283 E.28028
G1 X79.294 Y117.706 E.01916
G1 X85.074 Y111.926 E.27161
G1 X84.942 Y111.482 E.01541
G1 X79.294 Y117.129 E.2654
G1 X79.294 Y116.552 E.01916
G1 X84.811 Y111.036 E.25926
G1 X84.755 Y110.515 E.01741
G1 X79.294 Y115.976 E.25663
G1 X79.294 Y115.399 E.01916
G1 X84.707 Y109.986 E.25436
G1 X84.765 Y109.351 E.0212
G1 X79.294 Y114.822 E.25711
G1 X79.294 Y114.246 E.01916
G1 X85.176 Y108.364 E.27639
M205 X8 Y8
G1 X79.111 Y113.852 F7200
M205 X10 Y10
G1 F3600
G1 X85.232 Y107.731 E.28764
G1 X85.536 Y107.162 E.02144
G1 X85.67 Y106.962 E.00803
G1 X86.175 Y106.346 E.02646
G1 X86.346 Y106.175 E.00803
G1 X86.962 Y105.67 E.02646
G1 X87.162 Y105.536 E.00803
G1 X87.731 Y105.232 E.02144
G1 X92.65 Y100.313 E.23115
G1 X92.073 Y100.313 E.01916
G1 X79.294 Y113.092 E.60055
G1 X79.294 Y112.515 E.01916
G1 X91.497 Y100.313 E.57345
G1 X90.92 Y100.313 E.01916
G1 X79.294 Y111.939 E.54634
G1 X79.294 Y111.362 E.01916
G1 X90.343 Y100.313 E.51924
G1 X89.766 Y100.313 E.01916
G1 X79.294 Y110.785 E.49214
G1 X79.294 Y110.209 E.01916
G1 X89.19 Y100.313 E.46504
G1 X88.613 Y100.313 E.01916
G1 X79.294 Y109.632 E.43794
G1 X79.294 Y109.055 E.01916
G1 X88.036 Y100.313 E.41083
G1 X87.46 Y100.313 E.01916
G1 X79.294 Y108.479 E.38373
G1 X79.294 Y107.902 E.01916
G1 X86.883 Y100.313 E.35663
G1 X86.306 Y100.313 E.01916
G1 X79.294 Y107.325 E.32953
G1 X79.294 Y106.748 E.01916
G1 X85.73 Y100.313 E.30243
G1 X85.153 Y100.313 E.01916
G1 X79.294 Y106.172 E.27532
G1 X79.294 Y105.595 E.01916
G1 X84.576 Y100.313 E.24822
G1 X83.999 Y100.313 E.01916
G1 X79.294 Y105.018 E.22112
G1 X79.294 Y104.442 E.01916
G1 X83.423 Y100.313 E.19402
G1 X82.846 Y100.313 E.01916
G1 X79.294 Y103.865 E.16692
G1 X79.294 Y103.288 E.01916
G1 X82.269 Y100.313 E.13981
G1 X81.693 Y100.313 E.01916
G1 X79.294 Y102.711 E.11271
G1 X79.294 Y102.135 E.01916
G1 X81.116 Y100.313 E.08561
G1 X80.539 Y100.313 E.01916
G1 X79.294 Y101.558 E.05851
G1 X79.294 Y100.981 E.01916
G1 X80.165 Y100.111 E.0409
M205 X8 Y8
G1 X84.876 Y108.975 F7200
M205 X10 Y10
;TYPE:Gap infill
;WIDTH:0.152062
G1 F2400
G1 X84.816 Y109.089 E.00115
G1 X84.861 Y109.171 E.00082
G1 E-4.5 F2700
;WIPE_START
G1 F2400
G1 X84.816 Y109.089 E-.19859
G1 X84.876 Y108.975 E-.27641
;WIPE_END
G1 E-.025 F2700
M205 X8 Y8
G1 X92.17 Y111.224 Z.8 F7200
G1 X94.889 Y112.062 Z.8
G1 Z.4
G1 E5 F2400
M205 X10 Y10
;WIDTH:0.19542
G1 X94.786 Y112.202 E.00216
;WIDTH:0.15396
G1 X94.684 Y112.342 E.00157
;WIDTH:0.13323
G1 X94.581 Y112.482 E.00128
M205 X8 Y8
G1 X92.472 Y114.591 F7200
M205 X10 Y10
;WIDTH:0.09177
G1 F2400
G1 X92.325 Y114.7 E.00073
M205 X8 Y8
G1 X107.703 Y104.133 F7200
M205 X10 Y10
;WIDTH:0.180924
G1 F2400
G1 X107.602 Y104.201 E.00138
;WIDTH:0.147642
G1 X107.496 Y104.272 E.00108
;WIDTH:0.130386
G1 X107.371 Y104.365 E.00111
M205 X8 Y8
G1 X104.384 Y107.352 F7200
M205 X10 Y10
;WIDTH:0.0917663
G1 F2400
G1 X104.279 Y107.494 E.0007
G1 E-4.5 F2700
;WIPE_START
G1 F2400
G1 X104.384 Y107.352 E-.475
;WIPE_END
G1 E-.025 F2700
M205 X8 Y8
G1 X109.912 Y112.614 Z.8 F7200
G1 X112.922 Y115.479 Z.8
G1 Z.4
M73 P24 R14
G1 E5 F2400
M205 X10 Y10
;WIDTH:0.11284
G1 X112.777 Y115.587 E.00103
;WIDTH:0.154983
G1 X112.631 Y115.695 E.00165
;WIDTH:0.176055
G1 X112.486 Y115.803 E.00196
M205 X8 Y8
G1 X115.583 Y112.78 F7200
M205 X10 Y10
;WIDTH:0.125782
G1 F2400
G1 X115.476 Y112.925 E.00122
M205 X8 Y8
G1 X123.658 Y106.532 F7200
M205 X10 Y10
;WIDTH:0.0996067
G1 F2400
G1 X123.55 Y106.676 E.00083
M205 X8 Y8
G1 X126.969 Y103.345 F7200
M205 X10 Y10
;WIDTH:0.205718
G1 F2400
G1 X126.826 Y103.446 E.00233
;WIDTH:0.160139
G1 X126.683 Y103.548 E.00168
;WIDTH:0.137349
G1 X126.54 Y103.65 E.00135
M205 X8 Y8
G1 X129.537 Y102.608 F7200
M205 X10 Y10
;TYPE:Internal solid infill
;WIDTH:0.449999
G1 F3600
G1 X130.645 Y102.614 E.03673
G1 X131.377 Y102.714 E.02453
G1 X132.118 Y102.906 E.02538
G1 X134.607 Y100.416 E.11678
G1 X131.707 Y100.416 E.09621
G1 X129.566 Y102.579 E.10097
M205 X8 Y8
G1 X130.519 Y102.202 F7200
M205 X10 Y10
G1 F3600
G1 X131.433 Y102.311 E.03055
G1 X131.995 Y102.453 E.01922
G1 X133.625 Y100.823 E.07645
G1 X131.898 Y100.823 E.05729
G1 X130.547 Y102.174 E.06336
M205 X8 Y8
G1 X131.401 Y101.896 F7200
M205 X10 Y10
G1 F3600
G1 X131.872 Y102 E.01601
G1 X132.642 Y101.23 E.03612
G1 X132.066 Y101.23 E.0191
G1 X131.429 Y101.867 E.02988
G1 E-4.5 F2700
;WIPE_START
G1 F3600
G1 X132.066 Y101.23 E-.21392
G1 X132.642 Y101.23 E-.13673
G1 X132.272 Y101.601 E-.12435
;WIPE_END
G1 E-.025 F2700
M205 X8 Y8
G1 X130.57 Y109.041 Z.8 F7200
G1 X128.344 Y118.77 Z.8
G1 Z.4
G1 E5 F2400
M205 X10 Y10
G1 F3600
G1 X128.919 Y118.77 E.0191
G1 X129.485 Y118.204 E.02654
G1 X128.956 Y118.157 E.01762
G1 X128.372 Y118.741 E.0274
M205 X8 Y8
G1 X127.361 Y119.177 F7200
M205 X10 Y10
G1 F3600
G1 X129.088 Y119.177 E.05729
G1 X130.462 Y117.802 E.06447
G1 X129.967 Y117.822 E.01646
G1 X129.202 Y117.781 E.02541
G1 X128.815 Y117.723 E.01298
G1 X127.389 Y119.148 E.06687
M205 X8 Y8
G1 X126.378 Y119.584 F7200
M205 X10 Y10
G1 F3600
G1 X129.278 Y119.584 E.09621
G1 X129.746 Y119.094 E.02247
G1 X131.61 Y117.231 E.0874
G1 X130.677 Y117.384 E.03134
G1 X130.01 Y117.416 E.02217
G1 X129.224 Y117.374 E.0261
G1 X128.673 Y117.289 E.01849
G1 X126.406 Y119.555 E.10633
M205 X8 Y8
G1 X138.794 Y119.889 F7200
M205 X10 Y10
;WIDTH:0.451985
G1 F3600
G1 X140.706 Y117.978 E.09011
G1 X140.706 Y117.399 E.01928
G1 X138.399 Y119.706 E.10875
G1 X137.82 Y119.706 E.01928
G1 X140.706 Y116.82 E.13602
G1 X140.706 Y116.242 E.01928
G1 X137.242 Y119.706 E.16329
G1 X136.663 Y119.706 E.01928
G1 X140.706 Y115.663 E.19056
G1 X140.706 Y115.085 E.01928
G1 X136.085 Y119.706 E.21783
G1 X135.506 Y119.706 E.01928
G1 X140.706 Y114.506 E.2451
G1 X140.706 Y113.928 E.01928
G1 X134.928 Y119.706 E.27238
G1 X134.349 Y119.706 E.01928
G1 X140.706 Y113.349 E.29965
G1 X140.706 Y112.771 E.01928
G1 X133.771 Y119.706 E.32692
G1 X133.192 Y119.706 E.01928
G1 X140.706 Y112.192 E.35419
G1 X140.706 Y111.614 E.01928
G1 X132.614 Y119.706 E.38146
G1 X132.035 Y119.706 E.01928
G1 X140.706 Y111.035 E.40873
G1 X140.706 Y110.457 E.01928
G1 X131.457 Y119.706 E.436
G1 X130.878 Y119.706 E.01928
G1 X140.706 Y109.878 E.46327
G1 X140.706 Y109.3 E.01928
G1 X136.23 Y113.776 E.211
G1 X136.097 Y114.003 E.00877
G1 X135.675 Y114.581 E.02386
G1 X135.199 Y115.115 E.02386
G1 X134.672 Y115.6 E.02386
G1 X134.101 Y116.031 E.02386
G1 X133.778 Y116.228 E.01262
G1 X130.3 Y119.706 E.16394
G1 X130.228 Y119.706 E.00239
G1 X130.209 Y119.687 E.00089
G1 X129.74 Y119.687 E.01564
G1 X132.981 Y116.446 E.15278
M205 X8 Y8
G1 X136.444 Y112.983 F7200
M205 X10 Y10
G1 F3600
G1 X140.706 Y108.721 E.20091
G1 X140.706 Y108.143 E.01928
G1 X137.064 Y111.785 E.1717
G1 X137.159 Y111.396 E.01336
G1 X137.206 Y111.064 E.01116
G1 X140.706 Y107.564 E.16499
G1 X140.706 Y106.986 E.01928
G1 X137.275 Y110.417 E.16175
G1 X137.294 Y110 E.01393
G1 X137.285 Y109.828 E.00572
G1 X140.706 Y106.407 E.16127
G1 X140.706 Y105.829 E.01928
G1 X137.255 Y109.28 E.16269
G1 X137.181 Y108.775 E.01701
G1 X140.706 Y105.25 E.16616
G1 X140.706 Y104.672 E.01928
G1 X137.083 Y108.295 E.17079
G1 X136.964 Y107.835 E.01582
G1 X140.706 Y104.093 E.1764
G1 X140.706 Y103.515 E.01928
G1 X136.809 Y107.411 E.18369
G1 X136.641 Y107.001 E.01478
G1 X140.706 Y102.936 E.19162
G1 X140.706 Y102.358 E.01928
G1 X136.453 Y106.611 E.2005
G1 X136.241 Y106.244 E.01412
M73 P25 R14
G1 X140.706 Y101.779 E.21046
G1 X140.706 Y101.201 E.01928
G1 X136.021 Y105.886 E.22086
G1 X135.772 Y105.556 E.01377
G1 X140.706 Y100.622 E.23258
G1 X140.706 Y100.294 E.01094
G1 X140.456 Y100.294 E.00834
G1 X135.515 Y105.235 E.23293
G1 X135.237 Y104.934 E.01365
G1 X139.877 Y100.294 E.21873
G1 X139.299 Y100.294 E.01928
G1 X134.944 Y104.649 E.20529
G1 X134.638 Y104.376 E.01366
G1 X138.72 Y100.294 E.19243
G1 X138.142 Y100.294 E.01928
G1 X134.309 Y104.127 E.18068
G1 X133.972 Y103.885 E.01382
G1 X137.563 Y100.294 E.16929
G1 X136.985 Y100.294 E.01928
G1 X133.608 Y103.671 E.15919
G1 X133.231 Y103.469 E.01424
G1 X136.406 Y100.294 E.14966
G1 X135.828 Y100.294 E.01928
G1 X132.836 Y103.286 E.14103
G1 X132.415 Y103.128 E.01497
G1 X135.432 Y100.111 E.14222
M205 X8 Y8
G1 X136.94 Y111.951 F7200
M205 X10 Y10
;TYPE:Gap infill
;WIDTH:0.180882
G1 F2400
G1 X136.985 Y112.055 E.00128
G1 X136.869 Y112.248 E.00253
M205 X8 Y8
G1 X139.715 Y119.544 F7200
M205 X10 Y10
;TYPE:Internal solid infill
;WIDTH:0.52897
G1 F3600
G1 X140.544 Y119.544 E.03286
G1 X140.544 Y118.715 E.03286
G1 X139.743 Y119.516 E.04489
; stop printing object V7_00_DS18B20_fit_gauge_8_10_12.stl id:0 copy 0
;TIME_ELAPSED:285.271851

;LAYER_CHANGE
;:0.6
;HEIGHT:0.2
;BEFORE_LAYER_CHANGE
;0.6
G92 E0
;TIME_ELAPSED:331.723206
G1 E-4.5 F2700
;WIPE_START
G1 F3600
G1 X140.544 Y118.715 E-.26919
G1 X140.544 Y119.544 E-.19706
G1 X140.507 Y119.544 E-.00875
;WIPE_END
G1 E-.025 F2700
;_SET_FAN_SPEED_CHANGING_LAYER
; OBJECT_ID: 15
; printing object V7_00_DS18B20_fit_gauge_8_10_12.stl id:0 copy 0
M205 X8 Y8
G17
G3 Z.8 I-.826 J.894 P1  F7200
G1 X140.991 Y119.991 Z.8
G1 Z.6
G1 E5 F2400
M205 X10 Y10
;TYPE:Inner wall
;WIDTH:0.449999
G1 F2700
G1 X79.009 Y119.991 E2.05604
G1 X79.009 Y100.009 E.66283
G1 X140.991 Y100.009 E2.05604
M73 P25 R13
G1 X140.991 Y119.951 E.6615
M205 X8 Y8
G1 X141.398 Y120.398 F7200
M205 X10 Y10
G1 F2700
G1 X78.602 Y120.398 E2.08305
G1 X78.602 Y99.602 E.68984
G1 X141.398 Y99.602 E2.08305
G1 X141.398 Y120.358 E.68851
M205 X8 Y8
M73 P26 R13
G1 X141.79 Y120.79 F7200
M205 X10 Y10
;TYPE:Outer wall
;WIDTH:0.419999
G1 F2400
G1 X78.21 Y120.79 E1.95363
G1 X78.21 Y99.21 E.66309
G1 X141.79 Y99.21 E1.95363
G1 X141.79 Y120.75 E.66186
G1 E-4.5 F2700
;WIPE_START
G1 F2400
G1 X139.79 Y120.751 E-.475
;WIPE_END
G1 E-.025 F2700
M205 X8 Y8
G1 X132.742 Y117.822 Z1 F7200
G1 X124.571 Y114.427 Z1
G1 Z.6
G1 E5 F2400
M205 X10 Y10
;TYPE:Inner wall
;WIDTH:0.449999
G1 F2700
G1 X124.2 Y113.934 E.02046
G1 X123.842 Y113.346 E.02281
G1 X123.544 Y112.727 E.02281
G1 X123.308 Y112.081 E.02281
G1 X123.144 Y111.445 E.02178
G1 X123.055 Y110.901 E.01828
G1 X122.992 Y110.048 E.02836
G1 X123.021 Y109.361 E.02281
G1 X123.117 Y108.68 E.02281
G1 X123.28 Y108.012 E.02281
G1 X123.507 Y107.363 E.02281
G1 X123.75 Y106.837 E.01921
G1 X124.146 Y106.147 E.0264
G1 X124.552 Y105.592 E.02281
G1 X125.01 Y105.079 E.02281
G1 X125.517 Y104.613 E.02281
G1 X126.066 Y104.2 E.02281
G1 X126.654 Y103.842 E.02281
G1 X127.273 Y103.544 E.02281
G1 X127.919 Y103.308 E.02281
G1 X128.585 Y103.136 E.02281
G1 X129.265 Y103.031 E.02281
G1 X129.853 Y102.997 E.01955
G1 X130.625 Y103.02 E.0256
G1 X131.32 Y103.117 E.02328
G1 X131.988 Y103.28 E.02281
G1 X132.637 Y103.507 E.02281
G1 X133.261 Y103.797 E.02281
G1 X133.853 Y104.146 E.02281
G1 X134.408 Y104.552 E.02281
G1 X134.921 Y105.01 E.02281
G1 X135.325 Y105.449 E.01978
G1 X135.8 Y106.066 E.02583
G1 X136.158 Y106.654 E.02281
G1 X136.456 Y107.273 E.02281
G1 X136.692 Y107.919 E.02281
G1 X136.864 Y108.585 E.02281
G1 X136.969 Y109.265 E.02281
G1 X137.008 Y109.952 E.02281
G1 X136.979 Y110.639 E.02281
G1 X136.883 Y111.32 E.02281
G1 X136.72 Y111.988 E.02281
G1 X136.493 Y112.637 E.02281
G1 X136.203 Y113.261 E.02281
G1 X135.854 Y113.853 E.02281
G1 X135.448 Y114.408 E.02281
G1 X134.99 Y114.921 E.02281
G1 X134.483 Y115.387 E.02281
G1 X133.934 Y115.8 E.02281
G1 X133.346 Y116.158 E.02281
G1 X132.727 Y116.456 E.02281
G1 X132.081 Y116.692 E.02281
G1 X131.415 Y116.864 E.02281
G1 X130.735 Y116.969 E.02281
G1 X130.048 Y117.008 E.02281
G1 X129.361 Y116.979 E.02281
G1 X128.68 Y116.883 E.02281
G1 X128.012 Y116.72 E.02281
G1 X127.363 Y116.493 E.02281
G1 X126.739 Y116.203 E.02281
G1 X126.147 Y115.854 E.02281
G1 X125.592 Y115.448 E.02281
G1 X125.079 Y114.99 E.02281
G1 X124.613 Y114.483 E.02281
G1 X124.595 Y114.459 E.00103
M205 X8 Y8
G1 X124.894 Y114.182 F7200
M205 X10 Y10
G1 F2700
G1 X124.527 Y113.691 E.02034
G1 X124.192 Y113.137 E.02149
G1 X123.912 Y112.553 E.02149
G1 X123.691 Y111.944 E.02149
G1 X123.539 Y111.346 E.02046
G1 X123.458 Y110.841 E.01696
G1 X123.399 Y110.028 E.02703
G1 X123.428 Y109.381 E.02149
G1 X123.52 Y108.74 E.02149
G1 X123.675 Y108.111 E.02149
G1 X123.89 Y107.5 E.02149
G1 X124.118 Y107.011 E.01789
G1 X124.495 Y106.356 E.02508
G1 X124.879 Y105.834 E.02149
G1 X125.312 Y105.352 E.02149
G1 X125.79 Y104.915 E.02149
G1 X126.309 Y104.527 E.02149
G1 X126.863 Y104.192 E.02149
G1 X127.447 Y103.912 E.02149
G1 X128.056 Y103.691 E.02149
G1 X128.684 Y103.531 E.02149
G1 X129.325 Y103.433 E.02149
G1 X129.873 Y103.403 E.01823
G1 X130.61 Y103.427 E.02446
G1 X131.26 Y103.52 E.02176
G1 X131.889 Y103.675 E.02149
G1 X132.5 Y103.89 E.02149
G1 X133.087 Y104.165 E.02149
G1 X133.644 Y104.495 E.02149
G1 X134.166 Y104.879 E.02149
G1 X134.648 Y105.312 E.02149
G1 X135.024 Y105.722 E.01846
G1 X135.473 Y106.309 E.02451
G1 X135.808 Y106.863 E.02149
G1 X136.088 Y107.447 E.02149
G1 X136.309 Y108.056 E.02149
G1 X136.469 Y108.684 E.02149
G1 X136.567 Y109.325 E.02149
G1 X136.601 Y109.972 E.02149
G1 X136.572 Y110.619 E.02149
G1 X136.48 Y111.26 E.02149
G1 X136.325 Y111.889 E.02149
G1 X136.11 Y112.5 E.02149
G1 X135.835 Y113.087 E.02149
G1 X135.505 Y113.644 E.02149
G1 X135.121 Y114.166 E.02149
G1 X134.688 Y114.648 E.02149
G1 X134.21 Y115.085 E.02149
G1 X133.691 Y115.473 E.02149
G1 X133.137 Y115.808 E.02149
G1 X132.553 Y116.088 E.02149
G1 X131.944 Y116.309 E.02149
G1 X131.316 Y116.469 E.02149
G1 X130.675 Y116.567 E.02149
G1 X130.028 Y116.601 E.02149
G1 X129.381 Y116.572 E.02149
G1 X128.74 Y116.48 E.02149
G1 X128.111 Y116.325 E.02149
G1 X127.5 Y116.11 E.02149
G1 X126.913 Y115.835 E.02149
G1 X126.356 Y115.505 E.02149
G1 X125.834 Y115.121 E.02149
G1 X125.352 Y114.688 E.02149
G1 X124.919 Y114.214 E.02132
M205 X8 Y8
G1 X125.206 Y113.947 F7200
M205 X10 Y10
;TYPE:Outer wall
;WIDTH:0.419999
G1 F2400
G1 X124.842 Y113.458 E.01872
G1 X124.528 Y112.935 E.01873
G1 X124.266 Y112.385 E.01872
G1 X124.06 Y111.811 E.01873
G1 X123.919 Y111.251 E.01777
G1 X123.821 Y110.618 E.01968
G1 X123.79 Y110.009 E.01873
G1 X123.819 Y109.401 E.01873
G1 X123.908 Y108.798 E.01872
G1 X124.055 Y108.206 E.01873
G1 X124.259 Y107.632 E.01873
G1 X124.473 Y107.179 E.01539
G1 X124.832 Y106.558 E.02205
G1 X125.194 Y106.068 E.01873
G1 X125.602 Y105.616 E.01873
G1 X126.053 Y105.206 E.01873
G1 X126.542 Y104.842 E.01872
G1 X127.065 Y104.528 E.01873
G1 X127.615 Y104.266 E.01872
G1 X128.189 Y104.06 E.01873
G1 X128.779 Y103.911 E.01873
G1 X129.382 Y103.821 E.01872
G1 X129.893 Y103.795 E.01571
G1 X130.597 Y103.819 E.02165
G1 X131.202 Y103.908 E.01881
G1 X131.794 Y104.055 E.01873
G1 X132.368 Y104.259 E.01873
G1 X132.919 Y104.519 E.01872
G1 X133.442 Y104.832 E.01873
G1 X133.932 Y105.194 E.01872
G1 X134.384 Y105.602 E.01873
G1 X134.733 Y105.986 E.01592
G1 X135.158 Y106.542 E.02152
G1 X135.472 Y107.065 E.01873
G1 X135.734 Y107.615 E.01872
G1 X135.94 Y108.189 E.01873
G1 X136.089 Y108.779 E.01873
G1 X136.179 Y109.382 E.01872
G1 X136.21 Y109.991 E.01873
G1 X136.181 Y110.599 E.01873
G1 X136.092 Y111.202 E.01872
G1 X135.945 Y111.794 E.01873
G1 X135.741 Y112.368 E.01873
G1 X135.481 Y112.919 E.01872
G1 X135.168 Y113.442 E.01873
G1 X134.806 Y113.932 E.01872
G1 X134.398 Y114.384 E.01873
G1 X133.947 Y114.794 E.01873
G1 X133.458 Y115.158 E.01872
G1 X132.935 Y115.472 E.01873
G1 X132.385 Y115.734 E.01872
G1 X131.811 Y115.94 E.01873
G1 X131.221 Y116.089 E.01873
G1 X130.618 Y116.179 E.01872
G1 X130.009 Y116.21 E.01873
G1 X129.401 Y116.181 E.01873
G1 X128.798 Y116.092 E.01872
G1 X128.206 Y115.945 E.01873
G1 X127.632 Y115.741 E.01873
G1 X127.081 Y115.481 E.01872
G1 X126.558 Y115.168 E.01873
G1 X126.068 Y114.806 E.01872
G1 X125.616 Y114.398 E.01873
G1 X125.233 Y113.976 E.0175
G1 E-4.5 F2700
;WIPE_START
G1 F2400
G1 X124.842 Y113.458 E-.15419
G1 X124.528 Y112.935 E-.14474
G1 X124.266 Y112.385 E-.14473
G1 X124.222 Y112.261 E-.03135
;WIPE_END
G1 E-.025 F2700
M205 X8 Y8
G1 X116.82 Y114.121 Z1 F7200
G1 X113.292 Y115.008 Z1
G1 Z.6
G1 E5 F2400
M205 X10 Y10
;TYPE:Inner wall
;WIDTH:0.449999
G1 F2700
G1 X112.387 Y115.51 E.03435
G1 X111.266 Y115.87 E.03905
G1 X110.097 Y116.004 E.03905
G1 X108.924 Y115.908 E.03905
G1 X107.792 Y115.584 E.03905
G1 X106.745 Y115.046 E.03905
G1 X105.823 Y114.314 E.03905
G1 X105.061 Y113.416 E.03905
G1 X104.49 Y112.387 E.03905
G1 X104.13 Y111.266 E.03905
G1 X103.996 Y110.097 E.03905
G1 X104.073 Y109.119 E.03255
G1 X104.13 Y108.734 E.01291
G1 X104.416 Y107.792 E.03265
G1 X104.954 Y106.745 E.03905
G1 X105.686 Y105.823 E.03905
G1 X106.584 Y105.061 E.03905
G1 X107.613 Y104.49 E.03905
G1 X108.734 Y104.13 E.03905
G1 X109.817 Y104 E.03619
G1 X110.527 Y104.016 E.02355
G1 X111.125 Y104.098 E.02002
G1 X112.208 Y104.416 E.03746
G1 X113.255 Y104.954 E.03905
G1 X114.177 Y105.686 E.03905
G1 X114.939 Y106.584 E.03905
G1 X115.51 Y107.613 E.03905
G1 X115.872 Y108.74 E.03927
G1 X115.968 Y109.534 E.02655
G1 X116.008 Y110.048 E.0171
G1 X115.895 Y111.166 E.03726
G1 X115.54 Y112.326 E.04023
M73 P27 R13
G1 X114.939 Y113.416 E.04131
G1 X114.314 Y114.177 E.03265
G1 X113.416 Y114.939 E.03905
G1 X113.327 Y114.988 E.00338
M205 X8 Y8
G1 X113.096 Y114.658 F7200
M205 X10 Y10
G1 F2700
G1 X112.195 Y115.151 E.03406
G1 X111.148 Y115.481 E.03641
G1 X110.057 Y115.599 E.03641
G1 X108.963 Y115.503 E.03641
G1 X107.91 Y115.195 E.03641
G1 X106.937 Y114.687 E.03641
G1 X106.081 Y114 E.03641
G1 X105.376 Y113.158 E.03641
G1 X104.849 Y112.195 E.03641
G1 X104.519 Y111.148 E.03641
G1 X104.401 Y110.057 E.03641
G1 X104.519 Y108.852 E.04017
G1 X104.805 Y107.91 E.03265
G1 X105.313 Y106.937 E.03641
G1 X106 Y106.081 E.03641
G1 X106.842 Y105.376 E.03641
G1 X107.805 Y104.849 E.03641
G1 X108.852 Y104.519 E.03641
G1 X109.859 Y104.405 E.03361
G1 X110.512 Y104.422 E.02169
G1 X111.065 Y104.501 E.01851
G1 X112.09 Y104.805 E.03548
G1 X113.063 Y105.313 E.03641
G1 X113.919 Y106 E.03641
G1 X114.624 Y106.842 E.03641
G1 X115.195 Y107.91 E.04017
G1 X115.482 Y108.855 E.03278
G1 X115.599 Y110.057 E.04004
G1 X115.503 Y111.037 E.03265
G1 X115.16 Y112.178 E.03952
G1 X114.624 Y113.158 E.03707
G1 X114 Y113.919 E.03265
G1 X113.158 Y114.624 E.03641
G1 X113.131 Y114.639 E.00102
M205 X8 Y8
G1 X112.909 Y114.321 F7200
M205 X10 Y10
;TYPE:Outer wall
;WIDTH:0.419999
G1 F2400
G1 X112.011 Y114.806 E.03138
G1 X111.034 Y115.105 E.03138
G1 X110.018 Y115.209 E.03138
G1 X109.002 Y115.113 E.03138
G1 X108.024 Y114.82 E.03138
G1 X107.121 Y114.341 E.03138
G1 X106.33 Y113.696 E.03138
G1 X105.679 Y112.909 E.03138
G1 X105.194 Y112.011 E.03138
G1 X104.895 Y111.034 E.03138
G1 X104.791 Y110.018 E.03138
G1 X104.895 Y108.966 E.03251
G1 X105.18 Y108.024 E.03025
G1 X105.659 Y107.121 E.03138
G1 X106.304 Y106.33 E.03138
G1 X107.091 Y105.679 E.03138
G1 X107.989 Y105.194 E.03138
G1 X108.966 Y104.895 E.03138
G1 X109.899 Y104.795 E.02884
G1 X110.499 Y104.814 E.01844
G1 X111.007 Y104.889 E.01579
G1 X111.976 Y105.18 E.0311
G1 X112.879 Y105.659 E.03138
G1 X113.67 Y106.304 E.03138
G1 X114.321 Y107.091 E.03138
G1 X114.731 Y107.849 E.02649
G1 X114.943 Y108.43 E.019
G1 X115.106 Y108.967 E.01724
G1 X115.209 Y110.018 E.03247
G1 X115.113 Y110.998 E.03025
G1 X114.943 Y111.57 E.01833
G1 X114.731 Y112.151 E.019
G1 X114.341 Y112.879 E.02536
G1 X113.696 Y113.67 E.03138
G1 X112.94 Y114.295 E.03015
G1 E-4.5 F2700
;WIPE_START
G1 F2400
G1 X112.011 Y114.806 E-.25185
G1 X111.112 Y115.081 E-.22315
;WIPE_END
G1 E-.025 F2700
M205 X8 Y8
G1 X104.081 Y112.113 Z1 F7200
G1 X94.628 Y108.122 Z1
G1 Z.6
G1 E5 F2400
M205 X10 Y10
;TYPE:Inner wall
;WIDTH:0.449999
G1 F2700
G1 X94.83 Y108.734 E.02136
G1 X94.927 Y109.119 E.01317
G1 X95.004 Y109.903 E.02615
G1 X94.927 Y110.881 E.03255
G1 X94.661 Y111.826 E.03255
G1 X94.215 Y112.7 E.03255
G1 X93.607 Y113.47 E.03255
G1 X92.861 Y114.107 E.03255
G1 X92.005 Y114.586 E.03255
G1 X91.071 Y114.889 E.03255
G1 X90.097 Y115.004 E.03255
G1 X89.119 Y114.927 E.03255
G1 X88.174 Y114.661 E.03255
G1 X87.3 Y114.215 E.03255
G1 X86.53 Y113.607 E.03255
G1 X85.893 Y112.861 E.03255
G1 X85.414 Y112.005 E.03255
G1 X85.111 Y111.071 E.03255
G1 X84.996 Y110.097 E.03255
G1 X85.073 Y109.119 E.03255
G1 X85.339 Y108.174 E.03255
G1 X85.785 Y107.3 E.03255
G1 X86.259 Y106.693 E.02557
G1 X86.53 Y106.393 E.01339
G1 X87.139 Y105.893 E.02615
G1 X87.995 Y105.414 E.03255
G1 X88.929 Y105.111 E.03255
G1 X89.833 Y104.999 E.03023
G1 X90.87 Y105.072 E.03448
G1 X91.826 Y105.339 E.03291
G1 X92.7 Y105.785 E.03255
G1 X93.47 Y106.393 E.03255
G1 X94.107 Y107.139 E.03255
G1 X94.586 Y107.995 E.03255
G1 X94.616 Y108.084 E.0031
M205 X8 Y8
G1 X94.248 Y108.257 F7200
M205 X10 Y10
G1 F2700
G1 X94.522 Y109.159 E.03127
G1 X94.599 Y109.943 E.02615
G1 X94.522 Y110.841 E.02991
G1 X94.271 Y111.708 E.02991
G1 X93.856 Y112.508 E.02991
G1 X93.292 Y113.212 E.02991
G1 X92.603 Y113.793 E.02991
G1 X91.813 Y114.227 E.02991
G1 X90.953 Y114.5 E.02991
G1 X90.057 Y114.599 E.02991
G1 X89.159 Y114.522 E.02991
G1 X88.292 Y114.271 E.02991
G1 X87.492 Y113.856 E.02991
G1 X86.788 Y113.292 E.02991
G1 X86.207 Y112.603 E.02991
G1 X85.773 Y111.813 E.02991
G1 X85.5 Y110.953 E.02991
G1 X85.401 Y110.057 E.02991
G1 X85.478 Y109.159 E.02991
G1 X85.729 Y108.292 E.02991
G1 X86.144 Y107.492 E.02991
G1 X86.788 Y106.708 E.03367
G1 X87.397 Y106.207 E.02615
G1 X88.187 Y105.773 E.02991
G1 X89.047 Y105.5 E.02991
G1 X89.875 Y105.404 E.02765
G1 X90.835 Y105.477 E.03193
G1 X91.708 Y105.729 E.03012
G1 X92.508 Y106.144 E.02991
G1 X93.212 Y106.708 E.02991
G1 X93.793 Y107.397 E.02991
G1 X94.227 Y108.187 E.02991
G1 X94.237 Y108.218 E.00107
M205 X8 Y8
G1 X93.882 Y108.372 F7200
M205 X10 Y10
;TYPE:Outer wall
;WIDTH:0.419999
G1 F2400
G1 X94.132 Y109.197 E.02648
G1 X94.209 Y109.984 E.02429
G1 X94.132 Y110.803 E.02529
G1 X93.896 Y111.594 E.02535
G1 X93.51 Y112.323 E.02535
G1 X92.989 Y112.963 E.02535
G1 X92.354 Y113.489 E.02535
G1 X91.628 Y113.882 E.02535
G1 X90.839 Y114.125 E.02535
G1 X90.018 Y114.209 E.02535
G1 X89.197 Y114.132 E.02535
G1 X88.406 Y113.896 E.02535
G1 X87.677 Y113.51 E.02535
G1 X87.037 Y112.989 E.02535
G1 X86.511 Y112.354 E.02535
G1 X86.118 Y111.628 E.02535
G1 X85.875 Y110.839 E.02535
G1 X85.791 Y110.018 E.02535
G1 X85.868 Y109.197 E.02535
G1 X86.104 Y108.406 E.02535
G1 X86.49 Y107.677 E.02535
G1 X87.037 Y107.011 E.02648
G1 X87.646 Y106.511 E.02422
G1 X88.372 Y106.118 E.02535
G1 X89.161 Y105.875 E.02535
G1 X89.915 Y105.794 E.02332
G1 X90.801 Y105.868 E.02731
G1 X91.594 Y106.104 E.02542
G1 X92.323 Y106.49 E.02535
G1 X92.963 Y107.011 E.02535
G1 X93.489 Y107.646 E.02535
G1 X93.863 Y108.337 E.02412
G1 E-4.5 F2700
;WIPE_START
G1 F2400
G1 X94.132 Y109.197 E-.21403
G1 X94.209 Y109.984 E-.18772
G1 X94.18 Y110.291 E-.07325
;WIPE_END
G1 E-.025 F2700
M205 X8 Y8
G1 X79.417 Y119.567 Z1 F7200
G1 Z.6
G1 E5 F2400
M205 X10 Y10
;TYPE:Internal solid infill
;WIDTH:0.405698
G1 F3600
G1 X79.349 Y119.606 E.00232
G1 X79.419 Y119.641 E.00233
G1 E-4.5 F2700
;WIPE_START
G1 F3600
G1 X79.349 Y119.606 E-.23778
G1 X79.417 Y119.567 E-.23722
;WIPE_END
G1 E-.025 F2700
M205 X8 Y8
G1 X86.449 Y116.601 Z1 F7200
G1 X125.554 Y100.111 Z1
G1 Z.6
G1 E5 F2400
M205 X10 Y10
;WIDTH:0.450713
G1 F3600
G1 X128.347 Y102.904 E.13124
G1 X127.889 Y103.022 E.01572
G1 X125.161 Y100.294 E.12821
G1 X124.584 Y100.294 E.01916
G1 X127.462 Y103.172 E.13525
G1 X127.049 Y103.336 E.01476
G1 X124.007 Y100.294 E.14295
G1 X123.431 Y100.294 E.01916
G1 X126.66 Y103.524 E.15177
G1 X126.29 Y103.73 E.01408
G1 X122.854 Y100.294 E.16149
G1 X122.277 Y100.294 E.01916
G1 X125.932 Y103.949 E.17176
G1 X125.601 Y104.194 E.0137
G1 X121.7 Y100.294 E.18329
G1 X121.124 Y100.294 E.01916
G1 X125.277 Y104.447 E.19517
G1 X124.977 Y104.724 E.01356
G1 X120.547 Y100.294 E.20816
G1 X119.97 Y100.294 E.01916
G1 X124.688 Y105.012 E.22171
G1 X124.416 Y105.317 E.01357
G1 X119.394 Y100.294 E.23604
G1 X118.817 Y100.294 E.01916
G1 X124.164 Y105.641 E.25126
G1 X123.92 Y105.974 E.01372
G1 X118.24 Y100.294 E.26693
G1 X117.663 Y100.294 E.01916
G1 X123.705 Y106.335 E.2839
G1 X123.498 Y106.705 E.01408
G1 X117.087 Y100.294 E.30129
G1 X116.51 Y100.294 E.01916
G1 X123.314 Y107.098 E.31974
G1 X123.151 Y107.512 E.01479
G1 X115.933 Y100.294 E.3392
G1 X115.357 Y100.294 E.01916
G1 X123.007 Y107.944 E.35952
G1 X122.89 Y108.404 E.01576
M73 P28 R13
G1 X114.78 Y100.294 E.38112
G1 X114.203 Y100.294 E.01916
G1 X122.799 Y108.89 E.40394
G1 X122.738 Y109.406 E.01727
G1 X113.627 Y100.294 E.4282
G1 X113.05 Y100.294 E.01916
G1 X122.708 Y109.953 E.45389
G1 X122.732 Y110.553 E.01997
G1 X112.473 Y100.294 E.48211
G1 X111.896 Y100.294 E.01916
G1 X122.815 Y111.213 E.51312
G1 X122.846 Y111.424 E.00708
G1 X122.982 Y111.956 E.01825
G1 X111.32 Y100.294 E.54804
G1 X110.743 Y100.294 E.01916
G1 X123.662 Y113.213 E.60711
M205 X8 Y8
G1 X128.565 Y116.963 F7200
M205 X10 Y10
G1 F3600
G1 X131.289 Y119.687 E.12802
G1 X130.713 Y119.687 E.01916
G1 X128.043 Y117.018 E.12543
G1 X127.826 Y116.962 E.00745
G1 X127.169 Y116.72 E.02326
G1 X130.136 Y119.687 E.13941
G1 X129.625 Y119.687 E.01698
G1 X129.578 Y119.706 E.00168
G1 X110.166 Y100.294 E.91224
G1 X109.59 Y100.294 E.01916
G1 X129.001 Y119.706 E.91224
G1 X128.425 Y119.706 E.01916
G1 X109.013 Y100.294 E.91224
G1 X108.436 Y100.294 E.01916
G1 X112.282 Y104.14 E.18075
G1 X111.469 Y103.903 E.02816
G1 X107.859 Y100.294 E.16962
G1 X107.283 Y100.294 E.01916
G1 X110.748 Y103.759 E.16284
G1 X110.54 Y103.731 E.00696
G1 X110.135 Y103.723 E.01347
G1 X106.706 Y100.294 E.16113
G1 X106.129 Y100.294 E.01916
G1 X109.574 Y103.739 E.1619
G1 X109.053 Y103.795 E.01742
G1 X105.553 Y100.294 E.1645
G1 X104.976 Y100.294 E.01916
G1 X108.571 Y103.889 E.16893
G1 X108.125 Y104.02 E.01543
G1 X104.399 Y100.294 E.1751
G1 X103.823 Y100.294 E.01916
G1 X107.682 Y104.154 E.18137
G1 X107.291 Y104.339 E.01439
G1 X103.246 Y100.294 E.19008
G1 X102.669 Y100.294 E.01916
G1 X106.915 Y104.54 E.19952
G1 X106.544 Y104.746 E.01409
G1 X102.092 Y100.294 E.20921
G1 X101.516 Y100.294 E.01916
G1 X106.216 Y104.994 E.22089
G1 X105.899 Y105.254 E.01362
G1 X100.939 Y100.294 E.2331
G1 X100.362 Y100.294 E.01916
G1 X105.588 Y105.519 E.24556
G1 X105.316 Y105.824 E.01357
G1 X99.786 Y100.294 E.25989
G1 X99.209 Y100.294 E.01916
G1 X105.056 Y106.141 E.27477
G1 X104.801 Y106.463 E.01364
G1 X98.632 Y100.294 E.28988
G1 X98.055 Y100.294 E.01916
G1 X104.589 Y106.828 E.30703
G1 X104.391 Y107.206 E.0142
G1 X97.479 Y100.294 E.32484
G1 X96.902 Y100.294 E.01916
G1 X104.193 Y107.585 E.34264
G1 X104.052 Y108.021 E.01522
G1 X96.325 Y100.294 E.36313
G1 X95.749 Y100.294 E.01916
G1 X103.92 Y108.465 E.384
G1 X103.823 Y108.791 E.0113
G1 X103.809 Y108.931 E.00468
G1 X95.172 Y100.294 E.4059
G1 X94.595 Y100.294 E.01916
G1 X103.758 Y109.457 E.43061
G1 X103.707 Y109.983 E.01755
G1 X94.019 Y100.294 E.45531
M73 P29 R13
G1 X93.442 Y100.294 E.01916
G1 X103.765 Y110.618 E.48515
G1 X103.841 Y111.27 E.02184
G1 X92.865 Y100.294 E.51583
G1 X92.288 Y100.294 E.01916
G1 X104.374 Y112.38 E.56797
G1 E-4.5 F2700
;WIPE_START
G1 F3600
G1 X102.96 Y110.966 E-.475
;WIPE_END
G1 E-.025 F2700
M205 X8 Y8
G1 X110.29 Y108.837 Z1 F7200
G1 X115.473 Y107.331 Z1
G1 Z.6
G1 E5 F2400
M205 X10 Y10
G1 F3600
G1 X127.848 Y119.706 E.58156
G1 X127.271 Y119.706 E.01916
G1 X116.1 Y108.535 E.52498
G1 X116.175 Y108.78 E.00851
G1 X116.219 Y109.231 E.01506
G1 X126.695 Y119.706 E.49228
G1 X126.118 Y119.706 E.01916
G1 X116.282 Y109.87 E.46224
G1 X116.295 Y110 E.00435
G1 X116.254 Y110.418 E.01397
G1 X125.541 Y119.706 E.43646
G1 X124.964 Y119.706 E.01916
G1 X116.202 Y110.944 E.41178
G1 X116.175 Y111.22 E.00924
G1 X116.111 Y111.429 E.00726
G1 X124.388 Y119.706 E.38895
G1 X123.811 Y119.706 E.01916
G1 X115.976 Y111.871 E.3682
G1 X115.841 Y112.312 E.01535
G1 X123.234 Y119.706 E.34745
G1 X122.658 Y119.706 E.01916
G1 X115.66 Y112.708 E.32886
G1 X115.46 Y113.085 E.01417
G1 X122.081 Y119.706 E.31116
G1 X121.504 Y119.706 E.01916
G1 X115.254 Y113.456 E.29372
G1 X115.006 Y113.784 E.01368
G1 X120.927 Y119.706 E.27829
G1 X120.351 Y119.706 E.01916
G1 X114.746 Y114.101 E.26341
G1 X114.481 Y114.412 E.0136
G1 X119.774 Y119.706 E.24876
G1 X119.197 Y119.706 E.01916
G1 X114.176 Y114.684 E.23599
G1 X113.859 Y114.944 E.01362
G1 X118.621 Y119.706 E.22377
G1 X118.044 Y119.706 E.01916
G1 X113.537 Y115.199 E.21178
G1 X113.174 Y115.413 E.014
G1 X117.467 Y119.706 E.20175
G1 X116.891 Y119.706 E.01916
G1 X112.798 Y115.614 E.19231
G1 X112.414 Y115.806 E.01428
G1 X116.314 Y119.706 E.18325
G1 X115.737 Y119.706 E.01916
G1 X111.98 Y115.949 E.17656
G1 X111.535 Y116.08 E.01543
G1 X115.16 Y119.706 E.17039
G1 X114.584 Y119.706 E.01916
G1 X111.069 Y116.191 E.16516
G1 X110.543 Y116.242 E.01756
G1 X114.007 Y119.706 E.16278
G1 X113.43 Y119.706 E.01916
G1 X110.017 Y116.293 E.16039
G1 X109.385 Y116.237 E.0211
G1 X112.854 Y119.706 E.16301
G1 X112.277 Y119.706 E.01916
G1 X108.73 Y116.159 E.16668
G1 X107.913 Y115.919 E.02828
G1 X111.7 Y119.706 E.17796
G1 X111.123 Y119.706 E.01916
G1 X106.836 Y115.418 E.2015
G1 X106.607 Y115.296 E.00862
G1 X106.406 Y115.162 E.00803
G1 X105.639 Y114.532 E.03298
G1 X105.468 Y114.361 E.00803
G1 X104.838 Y113.594 E.03298
G1 X104.704 Y113.393 E.00803
G1 X104.584 Y113.166 E.00853
G1 X91.712 Y100.294 E.60492
G1 X91.135 Y100.294 E.01916
G1 X110.547 Y119.706 E.91224
G1 X109.97 Y119.706 E.01916
G1 X90.558 Y100.294 E.91224
G1 X89.982 Y100.294 E.01916
M73 P30 R13
G1 X109.393 Y119.706 E.91224
G1 X108.817 Y119.706 E.01916
G1 X89.405 Y100.294 E.91224
G1 X88.828 Y100.294 E.01916
G1 X108.24 Y119.706 E.91224
G1 X107.663 Y119.706 E.01916
G1 X88.251 Y100.294 E.91224
G1 X87.675 Y100.294 E.01916
G1 X107.087 Y119.706 E.91224
G1 X106.51 Y119.706 E.01916
G1 X94.937 Y108.133 E.54386
G1 X95.19 Y108.963 E.02883
G1 X105.933 Y119.706 E.50487
G1 X105.356 Y119.706 E.01916
G1 X95.255 Y109.604 E.47473
G1 X95.295 Y110 E.01322
G1 X95.274 Y110.201 E.0067
G1 X104.78 Y119.706 E.4467
G1 X104.203 Y119.706 E.01916
G1 X95.222 Y110.724 E.42208
G1 X95.188 Y111.055 E.01105
G1 X95.138 Y111.218 E.00565
G1 X103.626 Y119.706 E.3989
G1 X103.05 Y119.706 E.01916
G1 X95.002 Y111.658 E.37821
G1 X94.859 Y112.092 E.01519
G1 X102.473 Y119.706 E.35779
G1 X101.896 Y119.706 E.01916
G1 X94.66 Y112.469 E.34008
G1 X94.459 Y112.845 E.01417
G1 X101.319 Y119.706 E.3224
G1 X100.743 Y119.706 E.01916
G1 X94.215 Y113.178 E.30676
G1 X93.955 Y113.495 E.01362
G1 X100.166 Y119.706 E.29187
G1 X99.589 Y119.706 E.01916
G1 X93.681 Y113.798 E.27765
G1 X93.367 Y114.06 E.0136
G1 X99.013 Y119.706 E.26531
G1 X98.436 Y119.706 E.01916
G1 X93.05 Y114.32 E.25309
G1 X92.694 Y114.541 E.01392
G1 X97.859 Y119.706 E.24272
G1 X97.283 Y119.706 E.01916
G1 X92.318 Y114.742 E.23328
G1 X91.926 Y114.926 E.0144
G1 X96.706 Y119.706 E.22461
G1 X96.129 Y119.706 E.01916
G1 X91.482 Y115.058 E.21841
G1 X91.036 Y115.189 E.01544
G1 X95.552 Y119.706 E.21226
G1 X94.976 Y119.706 E.01916
G1 X90.515 Y115.245 E.20963
G1 X89.986 Y115.293 E.01764
G1 X94.399 Y119.706 E.20737
G1 X93.822 Y119.706 E.01916
G1 X89.351 Y115.235 E.21012
G1 X89.087 Y115.21 E.00881
M73 P30 R12
G1 X88.639 Y115.099 E.01534
G1 X93.429 Y119.889 E.22509
G1 E-4.5 F2700
;WIPE_START
G1 F3600
G1 X92.015 Y118.475 E-.475
;WIPE_END
G1 E-.025 F2700
M205 X8 Y8
G1 X89.972 Y111.121 Z1 F7200
G1 X86.915 Y100.111 Z1
G1 Z.6
G1 E5 F2400
M205 X10 Y10
G1 F3600
G1 X91.854 Y105.05 E.23213
G1 X91.043 Y104.816 E.02805
G1 X86.521 Y100.294 E.21251
G1 X85.945 Y100.294 E.01916
G1 X90.395 Y104.744 E.20914
M73 P31 R12
G1 X90.041 Y104.714 E.0118
G1 X89.791 Y104.717 E.00831
G1 X85.368 Y100.294 E.20786
G1 X84.791 Y100.294 E.01916
G1 X89.27 Y104.773 E.21047
G1 X88.994 Y104.802 E.00923
G1 X88.784 Y104.864 E.00726
G1 X84.215 Y100.294 E.21475
G1 X83.638 Y100.294 E.01916
G1 X88.338 Y104.994 E.22089
G1 X87.909 Y105.142 E.01508
G1 X83.061 Y100.294 E.22782
G1 X82.484 Y100.294 E.01916
G1 X87.53 Y105.339 E.2371
G1 X87.155 Y105.541 E.01415
G1 X81.908 Y100.294 E.24657
G1 X81.331 Y100.294 E.01916
G1 X86.822 Y105.785 E.25803
G1 X86.505 Y106.045 E.01362
G1 X80.754 Y100.294 E.27024
G1 X80.178 Y100.294 E.01916
G1 X86.202 Y106.319 E.28313
G1 X85.94 Y106.633 E.0136
G1 X79.601 Y100.294 E.29789
G1 X79.294 Y100.294 E.01019
G1 X79.294 Y100.564 E.00897
G1 X85.68 Y106.95 E.30009
G1 X85.459 Y107.306 E.01392
G1 X79.294 Y101.141 E.28972
G1 X79.294 Y101.717 E.01916
G1 X85.258 Y107.682 E.28028
G1 X85.074 Y108.074 E.0144
G1 X79.294 Y102.294 E.27161
G1 X79.294 Y102.871 E.01916
G1 X84.938 Y108.515 E.26525
G1 X84.813 Y108.967 E.01558
G1 X79.294 Y103.448 E.25938
G1 X79.294 Y104.024 E.01916
G1 X84.753 Y109.483 E.25654
G1 X84.707 Y110.014 E.01769
G1 X79.294 Y104.601 E.25437
G1 X79.294 Y105.178 E.01916
G1 X84.768 Y110.652 E.25725
G1 X84.802 Y111.006 E.01182
G1 X84.909 Y111.369 E.01257
G1 X79.294 Y105.754 E.26385
G1 X79.294 Y106.331 E.01916
G1 X85.232 Y112.269 E.27903
G1 X85.536 Y112.838 E.02144
G1 X85.67 Y113.038 E.00803
G1 X86.175 Y113.654 E.02646
G1 X86.346 Y113.825 E.00803
G1 X86.962 Y114.33 E.02646
G1 X87.162 Y114.464 E.00803
G1 X87.731 Y114.768 E.02144
G1 X92.669 Y119.706 E.23203
G1 X92.092 Y119.706 E.01916
G1 X79.294 Y106.908 E.60144
G1 X79.294 Y107.485 E.01916
G1 X91.515 Y119.706 E.57433
G1 X90.939 Y119.706 E.01916
G1 X79.294 Y108.061 E.54723
G1 X79.294 Y108.638 E.01916
G1 X90.362 Y119.706 E.52013
G1 X89.785 Y119.706 E.01916
G1 X79.294 Y109.215 E.49303
G1 X79.294 Y109.791 E.01916
G1 X89.209 Y119.706 E.46593
G1 X88.632 Y119.706 E.01916
G1 X79.294 Y110.368 E.43882
G1 X79.294 Y110.945 E.01916
G1 X88.055 Y119.706 E.41172
G1 X87.479 Y119.706 E.01916
G1 X79.294 Y111.521 E.38462
G1 X79.294 Y112.098 E.01916
G1 X86.902 Y119.706 E.35752
G1 X86.325 Y119.706 E.01916
G1 X79.294 Y112.675 E.33042
G1 X79.294 Y113.252 E.01916
G1 X85.748 Y119.706 E.30331
G1 X85.172 Y119.706 E.01916
G1 X79.294 Y113.828 E.27621
G1 X79.294 Y114.405 E.01916
G1 X84.595 Y119.706 E.24911
G1 X84.018 Y119.706 E.01916
G1 X79.294 Y114.982 E.22201
G1 X79.294 Y115.558 E.01916
G1 X83.442 Y119.706 E.19491
G1 X82.865 Y119.706 E.01916
G1 X79.294 Y116.135 E.1678
G1 X79.294 Y116.712 E.01916
G1 X82.288 Y119.706 E.1407
G1 X81.711 Y119.706 E.01916
G1 X79.294 Y117.289 E.1136
G1 X79.294 Y117.865 E.01916
M73 P32 R12
G1 X81.135 Y119.706 E.0865
G1 X80.558 Y119.706 E.01916
G1 X79.294 Y118.442 E.0594
G1 X79.294 Y119.019 E.01916
G1 X80.165 Y119.889 E.0409
G1 E-4.5 F2700
;WIPE_START
G1 F3600
G1 X79.294 Y119.019 E-.29235
G1 X79.294 Y118.442 E-.13697
G1 X79.43 Y118.578 E-.04568
;WIPE_END
G1 E-.025 F2700
M205 X8 Y8
G1 X84.801 Y113.155 Z1 F7200
G1 X92.472 Y105.409 Z1
G1 Z.6
G1 E5 F2400
M205 X10 Y10
;TYPE:Gap infill
;WIDTH:0.110828
G1 X92.361 Y105.327 E.00076
;WIDTH:0.148946
G1 X92.25 Y105.244 E.00119
;WIDTH:0.184878
G1 X92.058 Y105.108 E.00273
M205 X8 Y8
G1 X94.885 Y107.926 F7200
M205 X10 Y10
;WIDTH:0.188594
G1 F2400
G1 X94.786 Y107.793 E.00197
;WIDTH:0.149864
G1 X94.687 Y107.659 E.00145
;WIDTH:0.130499
G1 X94.588 Y107.525 E.00119
M205 X8 Y8
G1 X107.703 Y115.874 F7200
M205 X10 Y10
;WIDTH:0.131318
G1 F2400
G1 X107.371 Y115.635 E.00294
M205 X8 Y8
G1 X104.371 Y112.636 F7200
M205 X10 Y10
;WIDTH:0.0917701
G1 F2400
G1 X104.264 Y112.491 E.00072
G1 E-4.5 F2700
;WIPE_START
G1 F2400
G1 X104.371 Y112.636 E-.475
;WIPE_END
G1 E-.025 F2700
M205 X8 Y8
G1 X107.861 Y105.848 Z1 F7200
G1 X108.865 Y103.895 Z1
G1 Z.6
G1 E5 F2400
M205 X10 Y10
;WIDTH:0.0932958
G1 X108.81 Y103.876 E.00024
G1 X108.775 Y103.911 E.0002
M205 X8 Y8
G1 X112.922 Y104.521 F7200
M205 X10 Y10
;WIDTH:0.112842
G1 F2400
G1 X112.777 Y104.413 E.00103
;WIDTH:0.154987
G1 X112.631 Y104.305 E.00165
;WIDTH:0.176059
G1 X112.486 Y104.197 E.00197
M205 X8 Y8
G1 X115.583 Y107.22 F7200
M205 X10 Y10
;WIDTH:0.125782
G1 F2400
G1 X115.476 Y107.075 E.00122
M205 X8 Y8
G1 X123.658 Y113.468 F7200
M205 X10 Y10
;WIDTH:0.099606
G1 F2400
G1 X123.55 Y113.324 E.00083
M205 X8 Y8
G1 X126.969 Y116.655 F7200
M205 X10 Y10
;WIDTH:0.205717
G1 F2400
G1 X126.826 Y116.554 E.00233
;WIDTH:0.160138
G1 X126.683 Y116.452 E.00168
;WIDTH:0.137348
G1 X126.54 Y116.35 E.00135
M205 X8 Y8
G1 X129.534 Y117.389 F7200
M205 X10 Y10
;TYPE:Internal solid infill
;WIDTH:0.449999
G1 F3600
G1 X131.729 Y119.584 E.10298
G1 X134.607 Y119.584 E.09548
G1 X132.121 Y117.098 E.11663
G1 X131.432 Y117.276 E.02364
G1 X130.677 Y117.384 E.02528
G1 X130.01 Y117.416 E.02217
G1 X129.574 Y117.391 E.01448
M205 X8 Y8
G1 X130.521 Y117.8 F7200
M205 X10 Y10
G1 F3600
G1 X131.898 Y119.177 E.0646
G1 X133.625 Y119.177 E.05729
G1 X131.998 Y117.55 E.07631
G1 X131.466 Y117.684 E.0182
G1 X130.56 Y117.797 E.03027
M205 X8 Y8
G1 X131.401 Y118.104 F7200
M205 X10 Y10
G1 F3600
G1 X132.066 Y118.77 E.03122
G1 X132.642 Y118.77 E.0191
G1 X131.875 Y118.002 E.03599
G1 X131.44 Y118.096 E.01476
G1 E-4.5 F2700
;WIPE_START
G1 F3600
G1 X131.875 Y118.002 E-.10565
G1 X132.642 Y118.77 E-.25768
G1 X132.172 Y118.77 E-.11167
;WIPE_END
G1 E-.025 F2700
M205 X8 Y8
G1 X129.874 Y111.491 Z1 F7200
G1 X126.378 Y100.416 Z1
G1 Z.6
G1 E5 F2400
M205 X10 Y10
G1 F3600
G1 X128.673 Y102.711 E.10766
G1 X129.203 Y102.628 E.01781
G1 X129.831 Y102.59 E.02087
G1 X130.638 Y102.614 E.02676
G1 X131.377 Y102.714 E.02475
G1 X131.611 Y102.771 E.00798
G1 X129.257 Y100.416 E.11046
G1 X126.418 Y100.416 E.09416
M205 X8 Y8
G1 X127.361 Y100.823 F7200
M205 X10 Y10
G1 F3600
G1 X128.815 Y102.277 E.06819
G1 X129.808 Y102.184 E.03309
G1 X130.466 Y102.201 E.02184
G1 X129.088 Y100.823 E.06464
G1 X127.401 Y100.823 E.05596
M205 X8 Y8
G1 X128.344 Y101.23 F7200
M205 X10 Y10
G1 F3600
G1 X128.956 Y101.843 E.02873
G1 X129.484 Y101.795 E.01759
G1 X128.919 Y101.23 E.02649
G1 X128.384 Y101.23 E.01777
M205 X8 Y8
G1 X138.794 Y100.111 F7200
M205 X10 Y10
;WIDTH:0.451985
G1 F3600
G1 X140.706 Y102.022 E.09011
G1 X140.706 Y102.601 E.01928
G1 X138.399 Y100.294 E.10875
G1 X137.82 Y100.294 E.01928
G1 X140.706 Y103.18 E.13602
G1 X140.706 Y103.758 E.01928
G1 X137.242 Y100.294 E.16329
G1 X136.663 Y100.294 E.01928
G1 X140.706 Y104.337 E.19056
G1 X140.706 Y104.915 E.01928
G1 X136.085 Y100.294 E.21783
G1 X135.506 Y100.294 E.01928
G1 X140.706 Y105.494 E.2451
G1 X140.706 Y106.072 E.01928
G1 X134.928 Y100.294 E.27238
G1 X134.349 Y100.294 E.01928
G1 X140.706 Y106.651 E.29965
G1 X140.706 Y107.229 E.01928
G1 X133.771 Y100.294 E.32692
G1 X133.192 Y100.294 E.01928
G1 X140.706 Y107.808 E.35419
G1 X140.706 Y108.386 E.01928
G1 X132.614 Y100.294 E.38146
G1 X132.035 Y100.294 E.01928
G1 X140.706 Y108.965 E.40873
G1 X140.706 Y109.543 E.01928
G1 X131.457 Y100.294 E.436
G1 X130.878 Y100.294 E.01928
G1 X140.706 Y110.122 E.46327
G1 X140.706 Y110.7 E.01928
G1 X136.228 Y106.222 E.21108
G1 X136.031 Y105.899 E.01262
G1 X135.6 Y105.328 E.02386
G1 X135.115 Y104.801 E.02386
G1 X134.581 Y104.325 E.02386
M73 P33 R12
G1 X134.003 Y103.903 E.02386
G1 X133.776 Y103.77 E.00877
G1 X130.3 Y100.294 E.16386
G1 X130.228 Y100.294 E.00239
G1 X130.209 Y100.313 E.00089
G1 X129.74 Y100.313 E.01564
G1 X132.983 Y103.556 E.15288
M205 X8 Y8
G1 X136.446 Y107.019 F7200
M205 X10 Y10
G1 F3600
G1 X140.706 Y111.279 E.20081
G1 X140.706 Y111.857 E.01928
G1 X137.062 Y108.213 E.17179
G1 X137.141 Y108.519 E.01055
G1 X137.206 Y108.936 E.01406
G1 X140.706 Y112.436 E.16497
G1 X140.706 Y113.014 E.01928
G1 X137.271 Y109.579 E.16191
G1 X137.294 Y110 E.01403
G1 X137.286 Y110.173 E.00578
G1 X140.706 Y113.593 E.16121
G1 X140.706 Y114.171 E.01928
G1 X137.254 Y110.72 E.1627
G1 X137.183 Y111.227 E.01707
G1 X140.706 Y114.75 E.16607
G1 X140.706 Y115.328 E.01928
G1 X137.083 Y111.705 E.17078
G1 X136.961 Y112.161 E.01574
G1 X140.706 Y115.907 E.17655
G1 X140.706 Y116.485 E.01928
G1 X136.811 Y112.59 E.1836
G1 X136.639 Y112.997 E.01472
G1 X140.706 Y117.064 E.1917
G1 X140.706 Y117.642 E.01928
G1 X136.456 Y113.392 E.20035
G1 X136.241 Y113.756 E.01409
G1 X140.706 Y118.221 E.21046
G1 X140.706 Y118.799 E.01928
G1 X136.018 Y114.111 E.22101
G1 X135.774 Y114.445 E.0138
G1 X140.706 Y119.378 E.23251
G1 X140.706 Y119.706 E.01094
G1 X140.456 Y119.706 E.00834
G1 X135.513 Y114.763 E.23302
G1 X135.24 Y115.069 E.01366
G1 X139.877 Y119.706 E.2186
G1 X139.299 Y119.706 E.01928
G1 X134.943 Y115.35 E.20532
G1 X134.639 Y115.625 E.01365
G1 X138.72 Y119.706 E.19238
G1 X138.142 Y119.706 E.01928
G1 X134.309 Y115.874 E.18066
G1 X133.969 Y116.112 E.01385
G1 X137.563 Y119.706 E.16944
G1 X136.985 Y119.706 E.01928
G1 X133.61 Y116.331 E.1591
G1 X133.23 Y116.529 E.01429
G1 X136.406 Y119.706 E.14974
G1 X135.828 Y119.706 E.01928
G1 X132.839 Y116.717 E.14088
G1 X132.416 Y116.873 E.01503
G1 X135.432 Y119.889 E.14219
M205 X8 Y8
G1 X137.02 Y108.001 F7200
M205 X10 Y10
;TYPE:Gap infill
;WIDTH:0.122652
G1 F2400
G1 X136.873 Y107.759 E.00184
M205 X8 Y8
G1 X139.715 Y100.456 F7200
M205 X10 Y10
;TYPE:Internal solid infill
;WIDTH:0.528971
G1 F3600
G1 X140.544 Y101.285 E.04648
G1 X140.544 Y100.456 E.03286
G1 X139.755 Y100.456 E.03128
; stop printing object V7_00_DS18B20_fit_gauge_8_10_12.stl id:0 copy 0
;TIME_ELAPSED:378.174561

;LAYER_CHANGE
;:0.8
;HEIGHT:0.2
;BEFORE_LAYER_CHANGE
;0.8
G92 E0
;TIME_ELAPSED:424.789795
G1 E-4.5 F2700
;WIPE_START
G1 F3600
G1 X140.544 Y100.456 E-.18756
G1 X140.544 Y101.285 E-.19706
G1 X140.275 Y101.016 E-.09037
;WIPE_END
G1 E-.025 F2700
;_SET_FAN_SPEED_CHANGING_LAYER
; OBJECT_ID: 15
; printing object V7_00_DS18B20_fit_gauge_8_10_12.stl id:0 copy 0
M205 X8 Y8
G17
G3 Z1 I-1.216 J.046 P1  F7200
G1 X140.991 Y119.991 Z1
G1 Z.8
G1 E5 F2400
M205 X10 Y10
;TYPE:Inner wall
;WIDTH:0.449999
G1 F2700
G1 X79.009 Y119.991 E2.05604
G1 X79.009 Y100.009 E.66283
G1 X140.991 Y100.009 E2.05604
G1 X140.991 Y119.951 E.6615
M205 X8 Y8
G1 X141.398 Y120.398 F7200
M205 X10 Y10
M73 P34 R12
G1 F2700
G1 X78.602 Y120.398 E2.08305
G1 X78.602 Y99.602 E.68984
G1 X141.398 Y99.602 E2.08305
G1 X141.398 Y120.358 E.68851
M205 X8 Y8
G1 X141.79 Y120.79 F7200
M205 X10 Y10
;TYPE:Outer wall
;WIDTH:0.419999
G1 F2400
G1 X78.21 Y120.79 E1.95363
G1 X78.21 Y99.21 E.66309
G1 X141.79 Y99.21 E1.95363
G1 X141.79 Y120.75 E.66186
G1 E-4.5 F2700
;WIPE_START
G1 F2400
G1 X139.79 Y120.751 E-.475
;WIPE_END
G1 E-.025 F2700
M205 X8 Y8
G1 X132.742 Y117.822 Z1.2 F7200
G1 X124.571 Y114.426 Z1.2
G1 Z.8
G1 E5 F2400
M205 X10 Y10
;TYPE:Inner wall
;WIDTH:0.449999
G1 F2700
G1 X124.2 Y113.934 E.02045
G1 X123.842 Y113.346 E.02281
G1 X123.544 Y112.727 E.02281
G1 X123.308 Y112.081 E.02281
G1 X123.144 Y111.445 E.02178
G1 X123.055 Y110.901 E.01828
G1 X122.992 Y110.048 E.02836
G1 X123.021 Y109.361 E.02281
G1 X123.117 Y108.68 E.02281
G1 X123.28 Y108.012 E.02281
G1 X123.507 Y107.363 E.02281
G1 X123.75 Y106.837 E.01921
G1 X124.146 Y106.147 E.0264
G1 X124.552 Y105.592 E.02281
G1 X125.01 Y105.079 E.02281
G1 X125.517 Y104.613 E.02281
G1 X126.066 Y104.2 E.02281
G1 X126.654 Y103.842 E.02281
G1 X127.273 Y103.544 E.02281
G1 X127.919 Y103.308 E.02281
G1 X128.585 Y103.136 E.02281
G1 X129.265 Y103.031 E.02281
G1 X129.814 Y102.999 E.01825
G1 X130.62 Y103.02 E.02675
G1 X131.32 Y103.117 E.02343
G1 X131.988 Y103.28 E.02281
G1 X132.637 Y103.507 E.02281
G1 X133.261 Y103.797 E.02281
G1 X133.853 Y104.146 E.02281
G1 X134.408 Y104.552 E.02281
G1 X134.921 Y105.01 E.02281
G1 X135.325 Y105.449 E.01978
G1 X135.8 Y106.066 E.02583
G1 X136.158 Y106.654 E.02281
G1 X136.456 Y107.273 E.02281
G1 X136.692 Y107.919 E.02281
G1 X136.864 Y108.585 E.02281
G1 X136.969 Y109.265 E.02281
G1 X137.008 Y109.952 E.02281
G1 X136.979 Y110.639 E.02281
G1 X136.883 Y111.32 E.02281
G1 X136.72 Y111.988 E.02281
G1 X136.493 Y112.637 E.02281
G1 X136.203 Y113.261 E.02281
G1 X135.854 Y113.853 E.02281
G1 X135.448 Y114.408 E.02281
G1 X134.99 Y114.921 E.02281
G1 X134.483 Y115.387 E.02281
G1 X133.934 Y115.8 E.02281
G1 X133.346 Y116.158 E.02281
G1 X132.727 Y116.456 E.02281
G1 X132.081 Y116.692 E.02281
G1 X131.415 Y116.864 E.02281
G1 X130.735 Y116.969 E.02281
G1 X130.048 Y117.008 E.02281
G1 X129.361 Y116.979 E.02281
G1 X128.68 Y116.883 E.02281
G1 X128.012 Y116.72 E.02281
G1 X127.363 Y116.493 E.02281
G1 X126.739 Y116.203 E.02281
G1 X126.147 Y115.854 E.02281
G1 X125.592 Y115.448 E.02281
G1 X125.079 Y114.99 E.02281
G1 X124.613 Y114.483 E.02281
G1 X124.595 Y114.458 E.00103
M205 X8 Y8
G1 X124.894 Y114.182 F7200
M205 X10 Y10
G1 F2700
G1 X124.527 Y113.691 E.02033
G1 X124.192 Y113.137 E.02149
G1 X123.912 Y112.553 E.02149
G1 X123.691 Y111.944 E.02149
G1 X123.539 Y111.346 E.02046
G1 X123.458 Y110.841 E.01696
G1 X123.399 Y110.028 E.02703
G1 X123.428 Y109.381 E.02149
G1 X123.52 Y108.74 E.02149
G1 X123.675 Y108.111 E.02149
G1 X123.89 Y107.5 E.02149
G1 X124.118 Y107.011 E.01789
G1 X124.495 Y106.356 E.02508
G1 X124.879 Y105.834 E.02149
G1 X125.312 Y105.352 E.02149
G1 X125.79 Y104.915 E.02149
G1 X126.309 Y104.527 E.02149
G1 X126.863 Y104.192 E.02149
G1 X127.447 Y103.912 E.02149
G1 X128.056 Y103.691 E.02149
G1 X128.684 Y103.531 E.02149
G1 X129.325 Y103.433 E.02149
G1 X129.834 Y103.405 E.01693
G1 X130.608 Y103.427 E.02567
G1 X131.26 Y103.52 E.02185
G1 X131.889 Y103.675 E.02149
G1 X132.5 Y103.89 E.02149
G1 X133.087 Y104.165 E.02149
G1 X133.644 Y104.495 E.02149
G1 X134.166 Y104.879 E.02149
G1 X134.648 Y105.312 E.02149
G1 X135.024 Y105.722 E.01846
G1 X135.473 Y106.309 E.02451
G1 X135.808 Y106.863 E.02149
G1 X136.088 Y107.447 E.02149
G1 X136.309 Y108.056 E.02149
G1 X136.469 Y108.684 E.02149
G1 X136.567 Y109.325 E.02149
G1 X136.601 Y109.972 E.02149
G1 X136.572 Y110.619 E.02149
G1 X136.48 Y111.26 E.02149
G1 X136.325 Y111.889 E.02149
G1 X136.11 Y112.5 E.02149
G1 X135.835 Y113.087 E.02149
G1 X135.505 Y113.644 E.02149
G1 X135.121 Y114.166 E.02149
G1 X134.688 Y114.648 E.02149
M73 P35 R12
G1 X134.21 Y115.085 E.02149
G1 X133.691 Y115.473 E.02149
G1 X133.137 Y115.808 E.02149
G1 X132.553 Y116.088 E.02149
G1 X131.944 Y116.309 E.02149
G1 X131.316 Y116.469 E.02149
G1 X130.675 Y116.567 E.02149
G1 X130.028 Y116.601 E.02149
G1 X129.381 Y116.572 E.02149
G1 X128.74 Y116.48 E.02149
G1 X128.111 Y116.325 E.02149
G1 X127.5 Y116.11 E.02149
G1 X126.913 Y115.835 E.02149
G1 X126.356 Y115.505 E.02149
G1 X125.834 Y115.121 E.02149
G1 X125.352 Y114.688 E.02149
G1 X124.918 Y114.214 E.02132
M205 X8 Y8
G1 X125.206 Y113.947 F7200
M205 X10 Y10
;TYPE:Outer wall
;WIDTH:0.419999
G1 F2400
G1 X124.842 Y113.458 E.01872
G1 X124.528 Y112.935 E.01873
G1 X124.266 Y112.385 E.01872
G1 X124.06 Y111.811 E.01873
G1 X123.919 Y111.251 E.01777
G1 X123.821 Y110.618 E.01968
G1 X123.79 Y110.009 E.01873
G1 X123.819 Y109.401 E.01873
G1 X123.908 Y108.798 E.01872
G1 X124.055 Y108.206 E.01873
G1 X124.259 Y107.632 E.01873
G1 X124.473 Y107.179 E.01539
G1 X124.832 Y106.558 E.02205
G1 X125.194 Y106.068 E.01873
G1 X125.602 Y105.616 E.01873
G1 X126.053 Y105.206 E.01873
G1 X126.542 Y104.842 E.01873
G1 X127.065 Y104.528 E.01873
G1 X127.615 Y104.266 E.01872
G1 X128.189 Y104.06 E.01873
G1 X128.779 Y103.911 E.01873
G1 X129.382 Y103.821 E.01872
G1 X130.596 Y103.819 E.03729
G1 X131.202 Y103.908 E.01884
G1 X131.794 Y104.055 E.01873
G1 X132.368 Y104.259 E.01873
G1 X132.919 Y104.519 E.01872
G1 X133.442 Y104.832 E.01873
G1 X133.932 Y105.194 E.01872
G1 X134.384 Y105.602 E.01873
G1 X134.733 Y105.986 E.01592
G1 X135.158 Y106.542 E.02152
G1 X135.472 Y107.065 E.01873
G1 X135.734 Y107.615 E.01872
G1 X135.94 Y108.189 E.01873
G1 X136.089 Y108.779 E.01873
G1 X136.179 Y109.382 E.01872
G1 X136.21 Y109.991 E.01873
G1 X136.181 Y110.599 E.01873
G1 X136.092 Y111.202 E.01872
G1 X135.945 Y111.794 E.01873
G1 X135.741 Y112.368 E.01873
G1 X135.481 Y112.919 E.01872
G1 X135.168 Y113.442 E.01873
G1 X134.806 Y113.932 E.01872
G1 X134.398 Y114.384 E.01873
G1 X133.947 Y114.794 E.01873
G1 X133.458 Y115.158 E.01872
G1 X132.935 Y115.472 E.01873
G1 X132.385 Y115.734 E.01872
G1 X131.811 Y115.94 E.01873
G1 X131.221 Y116.089 E.01873
G1 X130.618 Y116.179 E.01872
G1 X130.009 Y116.21 E.01873
G1 X129.401 Y116.181 E.01873
G1 X128.798 Y116.092 E.01872
G1 X128.206 Y115.945 E.01873
G1 X127.632 Y115.741 E.01873
G1 X127.081 Y115.481 E.01872
G1 X126.558 Y115.168 E.01873
G1 X126.068 Y114.806 E.01872
G1 X125.616 Y114.398 E.01873
G1 X125.233 Y113.976 E.0175
G1 E-4.5 F2700
;WIPE_START
G1 F2400
G1 X124.842 Y113.458 E-.15419
G1 X124.528 Y112.935 E-.14474
G1 X124.266 Y112.385 E-.14473
G1 X124.222 Y112.261 E-.03135
;WIPE_END
G1 E-.025 F2700
M205 X8 Y8
G1 X116.82 Y114.121 Z1.2 F7200
G1 X113.292 Y115.008 Z1.2
G1 Z.8
G1 E5 F2400
M205 X10 Y10
;TYPE:Inner wall
;WIDTH:0.449999
G1 F2700
G1 X112.387 Y115.51 E.03434
G1 X111.266 Y115.87 E.03905
G1 X110.097 Y116.004 E.03905
G1 X108.924 Y115.908 E.03905
G1 X107.792 Y115.584 E.03905
G1 X106.745 Y115.046 E.03905
G1 X105.823 Y114.314 E.03905
G1 X105.061 Y113.416 E.03905
G1 X104.49 Y112.387 E.03905
G1 X104.13 Y111.266 E.03905
G1 X103.996 Y110.097 E.03905
G1 X104.073 Y109.119 E.03255
G1 X104.13 Y108.734 E.01291
G1 X104.416 Y107.792 E.03265
G1 X104.954 Y106.745 E.03905
G1 X105.686 Y105.823 E.03905
G1 X106.584 Y105.061 E.03905
G1 X107.613 Y104.49 E.03905
G1 X108.734 Y104.13 E.03905
G1 X109.782 Y104.002 E.03504
G1 X110.522 Y104.015 E.02455
G1 X111.125 Y104.098 E.02017
G1 X112.208 Y104.416 E.03746
G1 X113.255 Y104.954 E.03905
G1 X114.177 Y105.686 E.03905
G1 X114.939 Y106.584 E.03905
G1 X115.51 Y107.613 E.03905
G1 X115.872 Y108.74 E.03927
G1 X115.968 Y109.534 E.02655
G1 X116.008 Y110.048 E.0171
G1 X115.895 Y111.166 E.03726
G1 X115.54 Y112.326 E.04023
G1 X114.939 Y113.416 E.04131
G1 X114.314 Y114.177 E.03265
G1 X113.416 Y114.939 E.03905
G1 X113.327 Y114.988 E.00338
M205 X8 Y8
G1 X113.096 Y114.658 F7200
M205 X10 Y10
G1 F2700
G1 X112.195 Y115.151 E.03405
G1 X111.148 Y115.481 E.03641
G1 X110.057 Y115.599 E.03641
G1 X108.963 Y115.503 E.03641
G1 X107.91 Y115.195 E.03641
G1 X106.937 Y114.687 E.03641
G1 X106.081 Y114 E.03641
G1 X105.376 Y113.158 E.03641
G1 X104.849 Y112.195 E.03641
G1 X104.519 Y111.148 E.03641
G1 X104.401 Y110.057 E.03641
G1 X104.519 Y108.852 E.04017
G1 X104.805 Y107.91 E.03265
G1 X105.313 Y106.937 E.03641
G1 X106 Y106.081 E.03641
G1 X106.842 Y105.376 E.03641
G1 X107.805 Y104.849 E.03641
G1 X108.852 Y104.519 E.03641
G1 X109.825 Y104.407 E.03249
G1 X110.51 Y104.422 E.02273
G1 X111.065 Y104.501 E.0186
G1 X112.09 Y104.805 E.03548
G1 X113.063 Y105.313 E.03641
G1 X113.919 Y106 E.03641
G1 X114.624 Y106.842 E.03641
G1 X115.195 Y107.91 E.04017
G1 X115.482 Y108.855 E.03278
G1 X115.599 Y110.057 E.04004
G1 X115.503 Y111.037 E.03265
G1 X115.16 Y112.178 E.03952
G1 X114.624 Y113.158 E.03707
G1 X114 Y113.919 E.03265
G1 X113.158 Y114.624 E.03641
G1 X113.131 Y114.639 E.00103
M205 X8 Y8
G1 X112.909 Y114.321 F7200
M205 X10 Y10
;TYPE:Outer wall
;WIDTH:0.419999
G1 F2400
G1 X112.011 Y114.806 E.03138
G1 X111.034 Y115.105 E.03138
G1 X110.018 Y115.209 E.03138
G1 X109.002 Y115.113 E.03138
G1 X108.024 Y114.82 E.03138
G1 X107.121 Y114.341 E.03138
G1 X106.33 Y113.696 E.03138
G1 X105.679 Y112.909 E.03138
G1 X105.194 Y112.011 E.03138
G1 X104.895 Y111.034 E.03138
G1 X104.791 Y110.018 E.03138
G1 X104.895 Y108.966 E.03251
G1 X105.18 Y108.024 E.03025
G1 X105.659 Y107.121 E.03138
G1 X106.304 Y106.33 E.03138
G1 X107.091 Y105.679 E.03138
G1 X107.989 Y105.194 E.03138
G1 X108.966 Y104.895 E.03138
G1 X109.866 Y104.797 E.02782
G1 X110.498 Y104.814 E.01943
G1 X111.007 Y104.889 E.01582
G1 X111.976 Y105.18 E.0311
G1 X112.879 Y105.659 E.03138
G1 X113.67 Y106.304 E.03138
G1 X114.321 Y107.091 E.03138
G1 X114.731 Y107.849 E.02649
G1 X114.943 Y108.43 E.019
G1 X115.106 Y108.967 E.01724
G1 X115.209 Y110.018 E.03247
G1 X115.113 Y110.998 E.03025
G1 X114.943 Y111.57 E.01833
G1 X114.731 Y112.151 E.019
G1 X114.341 Y112.879 E.02536
G1 X113.696 Y113.67 E.03138
G1 X112.94 Y114.295 E.03015
G1 E-4.5 F2700
;WIPE_START
G1 F2400
G1 X112.011 Y114.806 E-.25185
G1 X111.112 Y115.081 E-.22315
;WIPE_END
G1 E-.025 F2700
M205 X8 Y8
G1 X104.081 Y112.113 Z1.2 F7200
G1 X94.628 Y108.122 Z1.2
G1 Z.8
G1 E5 F2400
M205 X10 Y10
;TYPE:Inner wall
;WIDTH:0.449999
G1 F2700
G1 X94.83 Y108.734 E.02135
G1 X94.927 Y109.119 E.01317
G1 X95.004 Y109.903 E.02615
G1 X94.927 Y110.881 E.03255
G1 X94.661 Y111.826 E.03255
G1 X94.215 Y112.7 E.03255
G1 X93.607 Y113.47 E.03255
G1 X92.861 Y114.107 E.03255
G1 X92.005 Y114.586 E.03255
G1 X91.071 Y114.889 E.03255
G1 X90.097 Y115.004 E.03255
G1 X89.119 Y114.927 E.03255
G1 X88.174 Y114.661 E.03255
G1 X87.3 Y114.215 E.03255
G1 X86.53 Y113.607 E.03255
G1 X85.893 Y112.861 E.03255
G1 X85.414 Y112.005 E.03255
G1 X85.111 Y111.071 E.03255
G1 X84.996 Y110.097 E.03255
G1 X85.073 Y109.119 E.03255
G1 X85.339 Y108.174 E.03255
G1 X85.785 Y107.3 E.03255
G1 X86.259 Y106.693 E.02557
G1 X86.53 Y106.393 E.01339
G1 X87.139 Y105.893 E.02615
G1 X87.995 Y105.414 E.03255
G1 X88.929 Y105.111 E.03255
G1 X89.805 Y105.001 E.0293
G1 X90.424 Y105.011 E.02053
G1 X90.929 Y105.079 E.01692
G1 X91.826 Y105.339 E.03096
G1 X92.7 Y105.785 E.03255
G1 X93.47 Y106.393 E.03255
G1 X94.107 Y107.139 E.03255
G1 X94.586 Y107.995 E.03255
G1 X94.616 Y108.084 E.00311
M205 X8 Y8
G1 X94.249 Y108.257 F7200
M205 X10 Y10
G1 F2700
G1 X94.522 Y109.159 E.03125
G1 X94.599 Y109.943 E.02615
G1 X94.522 Y110.841 E.02991
G1 X94.271 Y111.708 E.02991
G1 X93.856 Y112.508 E.02991
G1 X93.292 Y113.212 E.02991
G1 X92.603 Y113.793 E.02991
G1 X91.813 Y114.227 E.02991
G1 X90.953 Y114.5 E.02991
G1 X90.057 Y114.599 E.02991
G1 X89.159 Y114.522 E.02991
G1 X88.292 Y114.271 E.02991
G1 X87.492 Y113.856 E.02991
G1 X86.788 Y113.292 E.02991
G1 X86.207 Y112.603 E.02991
G1 X85.773 Y111.813 E.02991
G1 X85.5 Y110.953 E.02991
G1 X85.401 Y110.057 E.02991
G1 X85.478 Y109.159 E.02991
G1 X85.729 Y108.292 E.02991
G1 X86.144 Y107.492 E.02991
G1 X86.788 Y106.708 E.03367
G1 X87.397 Y106.207 E.02615
G1 X88.187 Y105.773 E.02991
G1 X89.047 Y105.5 E.02991
G1 X89.848 Y105.406 E.02675
G1 X90.412 Y105.418 E.01871
G1 X90.953 Y105.5 E.01817
G1 X91.708 Y105.729 E.02615
G1 X92.508 Y106.144 E.02991
G1 X93.212 Y106.708 E.02991
G1 X93.793 Y107.397 E.02991
G1 X94.227 Y108.187 E.02991
G1 X94.237 Y108.219 E.00109
M205 X8 Y8
G1 X93.882 Y108.372 F7200
M205 X10 Y10
;TYPE:Outer wall
;WIDTH:0.419999
G1 F2400
G1 X94.132 Y109.197 E.02648
G1 X94.209 Y109.984 E.02429
G1 X94.132 Y110.803 E.02529
G1 X93.896 Y111.594 E.02535
G1 X93.51 Y112.323 E.02535
G1 X92.989 Y112.963 E.02535
G1 X92.354 Y113.489 E.02535
G1 X91.628 Y113.882 E.02535
G1 X90.839 Y114.125 E.02535
G1 X90.018 Y114.209 E.02535
G1 X89.197 Y114.132 E.02535
G1 X88.406 Y113.896 E.02535
G1 X87.677 Y113.51 E.02535
G1 X87.037 Y112.989 E.02535
G1 X86.511 Y112.354 E.02535
G1 X86.118 Y111.628 E.02535
G1 X85.875 Y110.839 E.02535
G1 X85.791 Y110.018 E.02535
G1 X85.868 Y109.197 E.02535
G1 X86.104 Y108.406 E.02535
G1 X86.49 Y107.677 E.02535
G1 X87.037 Y107.011 E.02648
G1 X87.646 Y106.511 E.02422
G1 X88.372 Y106.118 E.02535
G1 X89.161 Y105.875 E.02535
G1 X89.889 Y105.796 E.0225
G1 X90.4 Y105.809 E.01571
G1 X90.839 Y105.875 E.01366
G1 X91.594 Y106.104 E.02422
G1 X92.323 Y106.49 E.02535
G1 X92.963 Y107.011 E.02535
G1 X93.489 Y107.646 E.02535
G1 X93.863 Y108.337 E.02412
G1 E-4.5 F2700
;WIPE_START
G1 F2400
G1 X94.132 Y109.197 E-.21403
G1 X94.209 Y109.984 E-.18772
G1 X94.18 Y110.291 E-.07325
;WIPE_END
G1 E-.025 F2700
M205 X8 Y8
G1 X79.417 Y100.355 Z1.2 F7200
G1 Z.8
G1 E5 F2400
M205 X10 Y10
;TYPE:Internal solid infill
;WIDTH:0.405696
G1 F3600
G1 X79.349 Y100.394 E.00232
G1 X79.419 Y100.429 E.00233
G1 E-4.5 F2700
;WIPE_START
G1 F3600
G1 X79.349 Y100.394 E-.23778
G1 X79.417 Y100.355 E-.23722
;WIPE_END
G1 E-.025 F2700
M205 X8 Y8
G1 X86.445 Y103.331 Z1.2 F7200
G1 X125.554 Y119.889 Z1.2
G1 Z.8
G1 E5 F2400
M205 X10 Y10
;WIDTH:0.450713
G1 F3600
G1 X128.347 Y117.096 E.13124
G1 X127.889 Y116.978 E.01572
G1 X125.161 Y119.706 E.12821
G1 X124.584 Y119.706 E.01916
G1 X127.462 Y116.828 E.13525
G1 X127.049 Y116.664 E.01476
G1 X124.007 Y119.706 E.14295
G1 X123.431 Y119.706 E.01916
G1 X126.66 Y116.476 E.15177
G1 X126.29 Y116.27 E.01408
G1 X122.854 Y119.706 E.16149
G1 X122.277 Y119.706 E.01916
M73 P36 R12
G1 X125.932 Y116.051 E.17176
G1 X125.601 Y115.806 E.0137
G1 X121.7 Y119.706 E.18329
G1 X121.124 Y119.706 E.01916
G1 X125.277 Y115.553 E.19517
G1 X124.977 Y115.276 E.01356
G1 X120.547 Y119.706 E.20816
G1 X119.97 Y119.706 E.01916
G1 X124.688 Y114.988 E.22171
G1 X124.416 Y114.683 E.01357
G1 X119.394 Y119.706 E.23604
G1 X118.817 Y119.706 E.01916
G1 X124.164 Y114.359 E.25126
G1 X123.92 Y114.026 E.01372
G1 X118.24 Y119.706 E.26693
G1 X117.663 Y119.706 E.01916
M73 P36 R11
G1 X123.705 Y113.665 E.2839
G1 X123.498 Y113.295 E.01408
G1 X117.087 Y119.706 E.30129
G1 X116.51 Y119.706 E.01916
G1 X123.314 Y112.902 E.31974
G1 X123.151 Y112.488 E.01479
G1 X115.933 Y119.706 E.3392
G1 X115.357 Y119.706 E.01916
G1 X123.007 Y112.056 E.35952
G1 X122.89 Y111.596 E.01576
G1 X114.78 Y119.706 E.38112
G1 X114.203 Y119.706 E.01916
G1 X122.8 Y111.109 E.404
G1 X122.734 Y110.598 E.01712
G1 X113.627 Y119.706 E.42801
G1 X113.05 Y119.706 E.01916
G1 X122.708 Y110.048 E.45388
G1 X122.736 Y109.443 E.02012
G1 X112.473 Y119.706 E.48231
G1 X111.896 Y119.706 E.01916
G1 X122.814 Y108.788 E.51307
G1 X122.846 Y108.576 E.00713
G1 X122.982 Y108.044 E.01824
G1 X111.32 Y119.706 E.54804
G1 X110.743 Y119.706 E.01916
G1 X123.662 Y106.787 E.60711
M205 X8 Y8
G1 X128.565 Y103.037 F7200
M205 X10 Y10
G1 F3600
G1 X131.289 Y100.313 E.12802
G1 X130.713 Y100.313 E.01916
G1 X128.043 Y102.982 E.12543
G1 X127.826 Y103.038 E.00745
G1 X127.169 Y103.28 E.02326
G1 X130.136 Y100.313 E.13941
G1 X129.559 Y100.313 E.01916
G1 X110.166 Y119.706 E.91135
G1 X109.59 Y119.706 E.01916
G1 X128.982 Y100.313 E.91135
G1 X128.406 Y100.313 E.01916
G1 X109.013 Y119.706 E.91135
G1 X108.436 Y119.706 E.01916
G1 X112.282 Y115.86 E.18075
G1 X111.464 Y116.101 E.02834
G1 X107.859 Y119.706 E.16941
G1 X107.283 Y119.706 E.01916
G1 X110.768 Y116.22 E.1638
G1 X110.13 Y116.282 E.02131
G1 X106.706 Y119.706 E.1609
G1 X106.129 Y119.706 E.01916
G1 X109.58 Y116.255 E.16216
G1 X109.052 Y116.206 E.01761
G1 X105.553 Y119.706 E.16447
G1 X104.976 Y119.706 E.01916
G1 X108.565 Y116.117 E.16867
G1 X108.123 Y115.983 E.01537
G1 X104.399 Y119.706 E.17497
G1 X103.823 Y119.706 E.01916
G1 X107.682 Y115.846 E.18137
G1 X107.291 Y115.661 E.01439
G1 X103.246 Y119.706 E.19008
G1 X102.669 Y119.706 E.01916
G1 X106.915 Y115.46 E.19952
G1 X106.544 Y115.254 E.01409
G1 X102.092 Y119.706 E.20921
G1 X101.516 Y119.706 E.01916
G1 X106.216 Y115.006 E.22089
G1 X105.899 Y114.746 E.01362
G1 X100.939 Y119.706 E.2331
G1 X100.362 Y119.706 E.01916
G1 X105.588 Y114.481 E.24556
G1 X105.316 Y114.176 E.01357
M73 P37 R11
G1 X99.786 Y119.706 E.25989
G1 X99.209 Y119.706 E.01916
G1 X105.056 Y113.859 E.27477
G1 X104.801 Y113.537 E.01364
G1 X98.632 Y119.706 E.28988
G1 X98.055 Y119.706 E.01916
G1 X104.589 Y113.172 E.30703
G1 X104.391 Y112.794 E.0142
G1 X97.479 Y119.706 E.32484
G1 X96.902 Y119.706 E.01916
G1 X104.193 Y112.415 E.34264
G1 X104.052 Y111.979 E.01522
G1 X96.325 Y119.706 E.36313
G1 X95.749 Y119.706 E.01916
G1 X103.92 Y111.535 E.384
G1 X103.823 Y111.209 E.0113
G1 X103.809 Y111.069 E.00468
G1 X95.172 Y119.706 E.4059
G1 X94.595 Y119.706 E.01916
G1 X103.758 Y110.543 E.43061
G1 X103.707 Y110.017 E.01755
G1 X94.019 Y119.706 E.45531
G1 X93.442 Y119.706 E.01916
G1 X103.765 Y109.382 E.48515
G1 X103.841 Y108.73 E.02182
G1 X92.865 Y119.706 E.51581
G1 X92.288 Y119.706 E.01916
G1 X104.39 Y107.605 E.56869
G1 E-4.5 F2700
;WIPE_START
G1 F3600
G1 X102.975 Y109.019 E-.475
;WIPE_END
G1 E-.025 F2700
M205 X8 Y8
G1 X110.302 Y111.159 Z1.2 F7200
G1 X115.473 Y112.669 Z1.2
G1 Z.8
G1 E5 F2400
M205 X10 Y10
G1 F3600
G1 X127.829 Y100.313 E.58068
G1 X127.252 Y100.313 E.01916
G1 X116.1 Y111.465 E.52409
G1 X116.175 Y111.22 E.00851
G1 X116.219 Y110.769 E.01506
G1 X126.676 Y100.313 E.49139
G1 X126.099 Y100.313 E.01916
G1 X116.282 Y110.13 E.46135
G1 X116.295 Y110 E.00435
G1 X116.254 Y109.582 E.01397
G1 X125.522 Y100.313 E.43557
G1 X124.946 Y100.313 E.01916
G1 X116.202 Y109.056 E.41089
G1 X116.175 Y108.78 E.00924
G1 X116.111 Y108.571 E.00726
G1 X124.369 Y100.313 E.38806
G1 X123.792 Y100.313 E.01916
G1 X115.976 Y108.129 E.36731
G1 X115.841 Y107.688 E.01535
G1 X123.215 Y100.313 E.34656
G1 X122.639 Y100.313 E.01916
G1 X115.66 Y107.292 E.32798
G1 X115.46 Y106.915 E.01417
G1 X122.062 Y100.313 E.31027
G1 X121.485 Y100.313 E.01916
G1 X115.254 Y106.544 E.29284
G1 X115.006 Y106.216 E.01368
G1 X120.909 Y100.313 E.27741
G1 X120.332 Y100.313 E.01916
G1 X114.746 Y105.899 E.26252
G1 X114.481 Y105.588 E.0136
G1 X119.755 Y100.313 E.24787
G1 X119.178 Y100.313 E.01916
G1 X114.176 Y105.316 E.2351
G1 X113.859 Y105.056 E.01362
G1 X118.602 Y100.313 E.22289
G1 X118.025 Y100.313 E.01916
G1 X113.537 Y104.801 E.21089
G1 X113.174 Y104.587 E.014
G1 X117.448 Y100.313 E.20086
G1 X116.872 Y100.313 E.01916
G1 X112.798 Y104.386 E.19142
G1 X112.414 Y104.194 E.01428
G1 X116.295 Y100.313 E.18236
G1 X115.718 Y100.313 E.01916
M73 P38 R11
G1 X111.979 Y104.052 E.17571
G1 X111.533 Y103.922 E.01546
G1 X115.142 Y100.313 E.1696
G1 X114.565 Y100.313 E.01916
G1 X111.074 Y103.804 E.16404
G1 X110.566 Y103.735 E.01703
G1 X113.988 Y100.313 E.16081
G1 X113.411 Y100.313 E.01916
G1 X110.002 Y103.722 E.1602
G1 X109.757 Y103.718 E.00815
G1 X109.39 Y103.758 E.01227
G1 X112.835 Y100.313 E.16188
G1 X112.258 Y100.313 E.01916
G1 X108.729 Y103.842 E.16584
G1 X107.911 Y104.083 E.02834
G1 X111.681 Y100.313 E.17718
G1 X111.105 Y100.313 E.01916
G1 X106.836 Y104.582 E.20062
G1 X106.607 Y104.704 E.00862
G1 X106.406 Y104.838 E.00803
G1 X105.639 Y105.468 E.03298
G1 X105.468 Y105.639 E.00803
G1 X104.838 Y106.406 E.03298
G1 X104.704 Y106.607 E.00804
G1 X104.588 Y106.83 E.00835
G1 X91.712 Y119.706 E.6051
G1 X91.135 Y119.706 E.01916
G1 X110.528 Y100.313 E.91135
G1 X109.951 Y100.313 E.01916
G1 X90.558 Y119.706 E.91135
G1 X89.982 Y119.706 E.01916
G1 X109.374 Y100.313 E.91135
G1 X108.798 Y100.313 E.01916
G1 X89.405 Y119.706 E.91135
G1 X88.828 Y119.706 E.01916
G1 X108.221 Y100.313 E.91135
G1 X107.644 Y100.313 E.01916
G1 X88.251 Y119.706 E.91135
G1 X87.675 Y119.706 E.01916
G1 X107.068 Y100.313 E.91135
G1 X106.491 Y100.313 E.01916
G1 X94.937 Y111.867 E.54297
G1 X95.19 Y111.037 E.02883
G1 X105.914 Y100.313 E.50398
G1 X105.338 Y100.313 E.01916
G1 X95.255 Y110.396 E.47384
G1 X95.295 Y110 E.01322
G1 X95.274 Y109.799 E.0067
G1 X104.761 Y100.313 E.44581
G1 X104.184 Y100.313 E.01916
G1 X95.222 Y109.276 E.42119
G1 X95.188 Y108.945 E.01105
G1 X95.138 Y108.782 E.00565
G1 X103.607 Y100.313 E.39802
G1 X103.031 Y100.313 E.01916
G1 X95.002 Y108.342 E.37732
G1 X94.859 Y107.908 E.01519
G1 X102.454 Y100.313 E.3569
G1 X101.877 Y100.313 E.01916
G1 X94.66 Y107.531 E.33919
G1 X94.459 Y107.155 E.01417
G1 X101.301 Y100.313 E.32151
G1 X100.724 Y100.313 E.01916
G1 X94.215 Y106.822 E.30587
G1 X93.955 Y106.505 E.01362
G1 X100.147 Y100.313 E.29098
G1 X99.57 Y100.313 E.01916
G1 X93.681 Y106.202 E.27676
G1 X93.367 Y105.94 E.0136
G1 X98.994 Y100.313 E.26442
G1 X98.417 Y100.313 E.01916
G1 X93.05 Y105.68 E.2522
G1 X92.694 Y105.459 E.01392
G1 X97.84 Y100.313 E.24184
G1 X97.264 Y100.313 E.01916
G1 X92.318 Y105.258 E.2324
G1 X91.926 Y105.074 E.0144
G1 X96.687 Y100.313 E.22373
M73 P39 R11
G1 X96.11 Y100.313 E.01916
G1 X91.48 Y104.943 E.21759
G1 X91.033 Y104.814 E.01548
G1 X95.534 Y100.313 E.21151
G1 X94.957 Y100.313 E.01916
G1 X90.531 Y104.738 E.20797
G1 X89.974 Y104.719 E.01854
G1 X94.38 Y100.313 E.20708
G1 X93.803 Y100.313 E.01916
G1 X89.353 Y104.763 E.20913
G1 X88.994 Y104.802 E.01202
G1 X88.631 Y104.909 E.01255
G1 X93.41 Y100.13 E.22458
G1 E-4.5 F2700
;WIPE_START
G1 F3600
G1 X91.996 Y101.544 E-.475
;WIPE_END
G1 E-.025 F2700
M205 X8 Y8
G1 X92.123 Y109.175 Z1.2 F7200
G1 X92.214 Y114.59 Z1.2
G1 Z.8
G1 E5 F2400
M205 X10 Y10
G1 F3600
G1 X87.098 Y119.706 E.24043
G1 X86.521 Y119.706 E.01916
G1 X91.039 Y115.188 E.21231
G1 X90.394 Y115.257 E.02156
G1 X85.945 Y119.706 E.20909
G1 X85.368 Y119.706 E.01916
G1 X89.798 Y115.276 E.20819
G1 X89.27 Y115.227 E.01762
G1 X84.791 Y119.706 E.21047
G1 X84.215 Y119.706 E.01916
G1 X88.779 Y115.142 E.21449
G1 X88.336 Y115.007 E.01537
G1 X83.638 Y119.706 E.2208
G1 X83.061 Y119.706 E.01916
G1 X87.909 Y114.858 E.22782
G1 X87.53 Y114.661 E.01421
G1 X82.484 Y119.706 E.2371
G1 X81.908 Y119.706 E.01916
G1 X87.155 Y114.459 E.24657
G1 X86.822 Y114.215 E.01371
G1 X81.331 Y119.706 E.25803
G1 X80.754 Y119.706 E.01916
G1 X86.505 Y113.955 E.27024
G1 X86.202 Y113.681 E.01357
G1 X80.178 Y119.706 E.28313
G1 X79.601 Y119.706 E.01916
G1 X85.94 Y113.367 E.29789
G1 X85.68 Y113.05 E.01362
G1 X79.294 Y119.436 E.30009
G1 X79.294 Y118.859 E.01916
G1 X85.459 Y112.694 E.28972
G1 X85.258 Y112.318 E.01416
G1 X79.294 Y118.283 E.28028
G1 X79.294 Y117.706 E.01916
G1 X85.074 Y111.926 E.27161
G1 X84.942 Y111.482 E.01541
G1 X79.294 Y117.129 E.2654
G1 X79.294 Y116.552 E.01916
G1 X84.811 Y111.036 E.25926
G1 X84.755 Y110.515 E.01741
G1 X79.294 Y115.976 E.25663
G1 X79.294 Y115.399 E.01916
G1 X84.707 Y109.986 E.25436
G1 X84.765 Y109.351 E.0212
G1 X79.294 Y114.822 E.25711
G1 X79.294 Y114.246 E.01916
G1 X85.176 Y108.364 E.27639
M205 X8 Y8
G1 X79.111 Y113.852 F7200
M205 X10 Y10
G1 F3600
G1 X85.232 Y107.731 E.28764
G1 X85.536 Y107.162 E.02144
G1 X85.67 Y106.962 E.00803
G1 X86.175 Y106.346 E.02646
G1 X86.346 Y106.175 E.00803
G1 X86.962 Y105.67 E.02646
G1 X87.162 Y105.536 E.00803
G1 X87.731 Y105.232 E.02144
G1 X92.65 Y100.313 E.23115
G1 X92.073 Y100.313 E.01916
G1 X79.294 Y113.092 E.60055
G1 X79.294 Y112.515 E.01916
G1 X91.497 Y100.313 E.57345
G1 X90.92 Y100.313 E.01916
G1 X79.294 Y111.939 E.54634
G1 X79.294 Y111.362 E.01916
G1 X90.343 Y100.313 E.51924
G1 X89.766 Y100.313 E.01916
G1 X79.294 Y110.785 E.49214
G1 X79.294 Y110.209 E.01916
G1 X89.19 Y100.313 E.46504
G1 X88.613 Y100.313 E.01916
G1 X79.294 Y109.632 E.43794
G1 X79.294 Y109.055 E.01916
M73 P40 R11
G1 X88.036 Y100.313 E.41083
G1 X87.46 Y100.313 E.01916
G1 X79.294 Y108.479 E.38373
G1 X79.294 Y107.902 E.01916
G1 X86.883 Y100.313 E.35663
G1 X86.306 Y100.313 E.01916
G1 X79.294 Y107.325 E.32953
G1 X79.294 Y106.748 E.01916
G1 X85.729 Y100.313 E.30243
G1 X85.153 Y100.313 E.01916
G1 X79.294 Y106.172 E.27532
G1 X79.294 Y105.595 E.01916
G1 X84.576 Y100.313 E.24822
G1 X83.999 Y100.313 E.01916
G1 X79.294 Y105.018 E.22112
G1 X79.294 Y104.442 E.01916
G1 X83.423 Y100.313 E.19402
G1 X82.846 Y100.313 E.01916
G1 X79.294 Y103.865 E.16692
G1 X79.294 Y103.288 E.01916
G1 X82.269 Y100.313 E.13981
G1 X81.693 Y100.313 E.01916
G1 X79.294 Y102.711 E.11271
G1 X79.294 Y102.135 E.01916
G1 X81.116 Y100.313 E.08561
G1 X80.539 Y100.313 E.01916
G1 X79.294 Y101.558 E.05851
G1 X79.294 Y100.981 E.01916
G1 X80.165 Y100.111 E.0409
M205 X8 Y8
G1 X84.876 Y108.975 F7200
M205 X10 Y10
;TYPE:Gap infill
;WIDTH:0.152063
G1 F2400
G1 X84.816 Y109.089 E.00115
G1 X84.861 Y109.171 E.00082
G1 E-4.5 F2700
;WIPE_START
G1 F2400
G1 X84.816 Y109.089 E-.19858
G1 X84.876 Y108.975 E-.27642
;WIPE_END
G1 E-.025 F2700
M205 X8 Y8
G1 X92.167 Y111.232 Z1.2 F7200
G1 X94.885 Y112.074 Z1.2
G1 Z.8
G1 E5 F2400
M205 X10 Y10
;WIDTH:0.188592
G1 X94.786 Y112.207 E.00197
;WIDTH:0.149863
G1 X94.687 Y112.341 E.00145
;WIDTH:0.130498
G1 X94.588 Y112.475 E.00119
M205 X8 Y8
G1 X92.472 Y114.591 F7200
M205 X10 Y10
;WIDTH:0.0917685
G1 F2400
G1 X92.325 Y114.7 E.00073
M205 X8 Y8
G1 X107.7 Y104.128 F7200
M205 X10 Y10
;WIDTH:0.131309
G1 F2400
G1 X107.371 Y104.365 E.00292
M205 X8 Y8
G1 X104.384 Y107.352 F7200
M205 X10 Y10
;WIDTH:0.0917663
G1 F2400
G1 X104.279 Y107.494 E.0007
G1 E-4.5 F2700
;WIPE_START
G1 F2400
G1 X104.384 Y107.352 E-.475
;WIPE_END
G1 E-.025 F2700
M205 X8 Y8
G1 X109.912 Y112.614 Z1.2 F7200
G1 X112.922 Y115.479 Z1.2
G1 Z.8
G1 E5 F2400
M205 X10 Y10
;WIDTH:0.11284
G1 X112.777 Y115.587 E.00103
;WIDTH:0.154983
G1 X112.631 Y115.695 E.00165
;WIDTH:0.176055
G1 X112.486 Y115.803 E.00196
M205 X8 Y8
G1 X115.583 Y112.78 F7200
M205 X10 Y10
;WIDTH:0.125782
G1 F2400
G1 X115.476 Y112.925 E.00122
M205 X8 Y8
G1 X123.658 Y106.532 F7200
M205 X10 Y10
;WIDTH:0.0996086
G1 F2400
G1 X123.55 Y106.676 E.00083
M205 X8 Y8
G1 X126.969 Y103.345 F7200
M205 X10 Y10
;WIDTH:0.205718
G1 F2400
G1 X126.826 Y103.446 E.00233
;WIDTH:0.160139
G1 X126.683 Y103.548 E.00168
;WIDTH:0.137349
G1 X126.54 Y103.65 E.00135
M205 X8 Y8
G1 X129.538 Y102.607 F7200
M205 X10 Y10
;TYPE:Internal solid infill
;WIDTH:0.449999
G1 F3600
G1 X130.632 Y102.613 E.03628
G1 X131.377 Y102.714 E.02496
G1 X132.118 Y102.906 E.02539
G1 X134.607 Y100.416 E.11678
G1 X131.707 Y100.416 E.09621
G1 X129.566 Y102.579 E.10095
M205 X8 Y8
G1 X130.518 Y102.203 F7200
M205 X10 Y10
G1 F3600
G1 X131.432 Y102.311 E.03055
G1 X131.995 Y102.453 E.01925
G1 X133.625 Y100.823 E.07645
G1 X131.898 Y100.823 E.05729
G1 X130.546 Y102.175 E.0634
M205 X8 Y8
G1 X131.401 Y101.896 F7200
M205 X10 Y10
G1 F3600
G1 X131.872 Y102 E.01601
G1 X132.642 Y101.23 E.03612
G1 X132.066 Y101.23 E.0191
G1 X131.429 Y101.867 E.02988
G1 E-4.5 F2700
;WIPE_START
G1 F3600
G1 X132.066 Y101.23 E-.21396
G1 X132.642 Y101.23 E-.13673
G1 X132.272 Y101.6 E-.12431
;WIPE_END
G1 E-.025 F2700
M205 X8 Y8
G1 X129.895 Y108.853 Z1.2 F7200
G1 X126.378 Y119.584 Z1.2
G1 Z.8
G1 E5 F2400
M205 X10 Y10
G1 F3600
G1 X129.278 Y119.584 E.09621
G1 X129.746 Y119.094 E.02247
G1 X131.609 Y117.231 E.0874
G1 X130.677 Y117.384 E.03134
G1 X130.01 Y117.416 E.02217
G1 X129.224 Y117.374 E.0261
G1 X128.673 Y117.289 E.01849
G1 X126.406 Y119.555 E.10633
M205 X8 Y8
G1 X127.361 Y119.177 F7200
M205 X10 Y10
G1 F3600
G1 X129.088 Y119.177 E.05729
G1 X130.462 Y117.802 E.06447
G1 X129.967 Y117.822 E.01646
G1 X129.202 Y117.781 E.02542
G1 X128.815 Y117.723 E.01298
G1 X127.389 Y119.148 E.06687
M205 X8 Y8
G1 X128.344 Y118.77 F7200
M205 X10 Y10
G1 F3600
G1 X128.919 Y118.77 E.0191
G1 X129.485 Y118.204 E.02654
G1 X128.956 Y118.157 E.01762
G1 X128.372 Y118.741 E.0274
M205 X8 Y8
G1 X138.794 Y119.889 F7200
M205 X10 Y10
;WIDTH:0.451985
G1 F3600
G1 X140.706 Y117.978 E.09011
G1 X140.706 Y117.399 E.01928
G1 X138.399 Y119.706 E.10875
G1 X137.82 Y119.706 E.01928
G1 X140.706 Y116.82 E.13602
G1 X140.706 Y116.242 E.01928
G1 X137.242 Y119.706 E.16329
G1 X136.663 Y119.706 E.01928
G1 X140.706 Y115.663 E.19056
G1 X140.706 Y115.085 E.01928
G1 X136.085 Y119.706 E.21783
G1 X135.506 Y119.706 E.01928
M73 P41 R11
G1 X140.706 Y114.506 E.2451
G1 X140.706 Y113.928 E.01928
G1 X134.928 Y119.706 E.27238
G1 X134.349 Y119.706 E.01928
G1 X140.706 Y113.349 E.29965
G1 X140.706 Y112.771 E.01928
G1 X133.771 Y119.706 E.32692
G1 X133.192 Y119.706 E.01928
G1 X140.706 Y112.192 E.35419
G1 X140.706 Y111.614 E.01928
G1 X132.614 Y119.706 E.38146
G1 X132.035 Y119.706 E.01928
G1 X140.706 Y111.035 E.40873
G1 X140.706 Y110.457 E.01928
G1 X131.457 Y119.706 E.436
G1 X130.878 Y119.706 E.01928
G1 X140.706 Y109.878 E.46327
G1 X140.706 Y109.3 E.01928
G1 X136.23 Y113.776 E.211
G1 X136.097 Y114.003 E.00876
G1 X135.675 Y114.581 E.02386
G1 X135.199 Y115.115 E.02386
G1 X134.672 Y115.6 E.02386
G1 X134.101 Y116.031 E.02386
G1 X133.778 Y116.228 E.01262
G1 X130.3 Y119.706 E.16394
G1 X130.228 Y119.706 E.00239
G1 X130.209 Y119.687 E.00089
G1 X129.74 Y119.687 E.01564
G1 X132.981 Y116.446 E.15278
M205 X8 Y8
G1 X136.444 Y112.983 F7200
M205 X10 Y10
G1 F3600
G1 X140.706 Y108.721 E.20091
G1 X140.706 Y108.143 E.01928
G1 X137.064 Y111.785 E.1717
G1 X137.159 Y111.396 E.01336
G1 X137.206 Y111.064 E.01116
G1 X140.706 Y107.564 E.16499
G1 X140.706 Y106.986 E.01928
G1 X137.275 Y110.417 E.16175
G1 X137.294 Y110 E.01393
G1 X137.285 Y109.828 E.00572
G1 X140.706 Y106.407 E.16127
G1 X140.706 Y105.829 E.01928
G1 X137.255 Y109.28 E.16269
G1 X137.181 Y108.775 E.01701
G1 X140.706 Y105.25 E.16616
G1 X140.706 Y104.672 E.01928
G1 X137.083 Y108.295 E.17079
G1 X136.964 Y107.835 E.01582
G1 X140.706 Y104.093 E.1764
G1 X140.706 Y103.515 E.01928
G1 X136.809 Y107.411 E.18369
G1 X136.641 Y107.001 E.01478
G1 X140.706 Y102.936 E.19162
G1 X140.706 Y102.358 E.01928
M73 P41 R10
G1 X136.453 Y106.611 E.2005
G1 X136.241 Y106.244 E.01412
G1 X140.706 Y101.779 E.21046
G1 X140.706 Y101.201 E.01928
G1 X136.021 Y105.886 E.22086
G1 X135.772 Y105.556 E.01377
G1 X140.706 Y100.622 E.23258
G1 X140.706 Y100.294 E.01094
G1 X140.456 Y100.294 E.00834
G1 X135.515 Y105.235 E.23293
G1 X135.237 Y104.934 E.01365
G1 X139.877 Y100.294 E.21873
G1 X139.299 Y100.294 E.01928
G1 X134.944 Y104.649 E.20529
G1 X134.638 Y104.376 E.01366
G1 X138.72 Y100.294 E.19243
G1 X138.142 Y100.294 E.01928
G1 X134.309 Y104.127 E.18068
G1 X133.972 Y103.885 E.01382
G1 X137.563 Y100.294 E.1693
G1 X136.985 Y100.294 E.01928
G1 X133.608 Y103.671 E.15919
G1 X133.231 Y103.469 E.01424
G1 X136.406 Y100.294 E.14966
G1 X135.828 Y100.294 E.01928
G1 X132.836 Y103.286 E.14103
G1 X132.415 Y103.128 E.01497
G1 X135.432 Y100.111 E.14222
M205 X8 Y8
G1 X136.94 Y111.951 F7200
M205 X10 Y10
;TYPE:Gap infill
;WIDTH:0.180883
G1 F2400
G1 X136.985 Y112.055 E.00128
G1 X136.869 Y112.248 E.00253
M205 X8 Y8
G1 X139.715 Y119.544 F7200
M205 X10 Y10
;TYPE:Internal solid infill
;WIDTH:0.52897
G1 F3600
G1 X140.544 Y119.544 E.03286
G1 X140.544 Y118.715 E.03286
G1 X139.743 Y119.516 E.04489
; stop printing object V7_00_DS18B20_fit_gauge_8_10_12.stl id:0 copy 0
;TIME_ELAPSED:471.405060

;LAYER_CHANGE
;:1
;HEIGHT:0.2
;BEFORE_LAYER_CHANGE
;1
G92 E0

G1 E-4.5 F2700
;WIPE_START
G1 F3600
G1 X140.544 Y118.715 E-.26919
G1 X140.544 Y119.544 E-.19706
G1 X140.507 Y119.544 E-.00875
;WIPE_END
G1 E-.025 F2700
;_SET_FAN_SPEED_CHANGING_LAYER
; OBJECT_ID: 15
; printing object V7_00_DS18B20_fit_gauge_8_10_12.stl id:0 copy 0
M205 X8 Y8
G17
G3 Z1.2 I-.826 J.894 P1  F7200
G1 X140.991 Y119.991 Z1.2
G1 Z1
G1 E5 F2400
M205 X10 Y10
;TYPE:Inner wall
;WIDTH:0.449999
G1 F2700
G1 X79.009 Y119.991 E2.05604
G1 X79.009 Y100.009 E.66283
M73 P42 R10
G1 X140.991 Y100.009 E2.05604
G1 X140.991 Y119.951 E.6615
M205 X8 Y8
G1 X141.398 Y120.398 F7200
M205 X10 Y10
G1 F2700
G1 X78.602 Y120.398 E2.08305
G1 X78.602 Y99.602 E.68984
G1 X141.398 Y99.602 E2.08305
G1 X141.398 Y120.358 E.68851
M205 X8 Y8
G1 X141.79 Y120.79 F7200
M205 X10 Y10
;TYPE:Outer wall
;WIDTH:0.419999
G1 F2400
G1 X78.21 Y120.79 E1.95363
G1 X78.21 Y99.21 E.66309
G1 X141.79 Y99.21 E1.95363
G1 X141.79 Y120.75 E.66186
G1 E-4.5 F2700
;WIPE_START
G1 F2400
M73 P43 R10
G1 X139.79 Y120.751 E-.475
;WIPE_END
G1 E-.025 F2700
M205 X8 Y8
G1 X132.742 Y117.822 Z1.4 F7200
G1 X124.571 Y114.426 Z1.4
G1 Z1
G1 E5 F2400
M205 X10 Y10
;TYPE:Inner wall
;WIDTH:0.449999
G1 F2700
G1 X124.2 Y113.934 E.02044
G1 X123.842 Y113.346 E.02281
G1 X123.544 Y112.727 E.02281
G1 X123.308 Y112.081 E.02281
G1 X123.144 Y111.445 E.02178
G1 X123.055 Y110.901 E.01828
G1 X122.992 Y110.048 E.02836
G1 X123.021 Y109.361 E.02281
G1 X123.117 Y108.68 E.02281
G1 X123.28 Y108.012 E.02281
G1 X123.507 Y107.363 E.02281
G1 X123.75 Y106.837 E.01921
G1 X124.146 Y106.147 E.0264
G1 X124.552 Y105.592 E.02281
G1 X125.01 Y105.079 E.02281
G1 X125.517 Y104.613 E.02281
G1 X126.066 Y104.2 E.02281
G1 X126.654 Y103.842 E.02281
G1 X127.273 Y103.544 E.02281
G1 X127.919 Y103.308 E.02281
G1 X128.585 Y103.136 E.02281
G1 X129.265 Y103.031 E.02281
G1 X129.952 Y102.992 E.02281
G1 X130.639 Y103.021 E.02281
G1 X131.32 Y103.117 E.02281
G1 X131.988 Y103.28 E.02281
G1 X132.637 Y103.507 E.02281
G1 X133.261 Y103.797 E.02281
G1 X133.853 Y104.146 E.02281
G1 X134.408 Y104.552 E.02281
G1 X134.921 Y105.01 E.02281
G1 X135.325 Y105.449 E.01978
G1 X135.8 Y106.066 E.02583
G1 X136.158 Y106.654 E.02281
G1 X136.456 Y107.273 E.02281
G1 X136.692 Y107.919 E.02281
G1 X136.864 Y108.585 E.02281
G1 X136.969 Y109.265 E.02281
G1 X137.008 Y109.952 E.02281
G1 X136.979 Y110.639 E.02281
G1 X136.883 Y111.32 E.02281
G1 X136.72 Y111.988 E.02281
G1 X136.493 Y112.637 E.02281
G1 X136.203 Y113.261 E.02281
G1 X135.854 Y113.853 E.02281
G1 X135.448 Y114.408 E.02281
G1 X134.99 Y114.921 E.02281
G1 X134.483 Y115.387 E.02281
G1 X133.934 Y115.8 E.02281
G1 X133.346 Y116.158 E.02281
G1 X132.727 Y116.456 E.02281
G1 X132.081 Y116.692 E.02281
G1 X131.415 Y116.864 E.02281
G1 X130.735 Y116.969 E.02281
G1 X130.048 Y117.008 E.02281
G1 X129.361 Y116.979 E.02281
G1 X128.68 Y116.883 E.02281
G1 X128.012 Y116.72 E.02281
G1 X127.363 Y116.493 E.02281
G1 X126.739 Y116.203 E.02281
G1 X126.147 Y115.854 E.02281
G1 X125.592 Y115.448 E.02281
G1 X125.079 Y114.99 E.02281
G1 X124.613 Y114.483 E.02281
G1 X124.595 Y114.458 E.00104
M205 X8 Y8
G1 X124.894 Y114.182 F7200
M205 X10 Y10
G1 F2700
G1 X124.527 Y113.691 E.02032
G1 X124.192 Y113.137 E.02149
G1 X123.912 Y112.553 E.02149
G1 X123.691 Y111.944 E.02149
G1 X123.539 Y111.346 E.02046
G1 X123.458 Y110.841 E.01696
G1 X123.399 Y110.028 E.02703
G1 X123.428 Y109.381 E.02149
G1 X123.52 Y108.74 E.02149
G1 X123.675 Y108.111 E.02149
G1 X123.89 Y107.5 E.02149
G1 X124.118 Y107.011 E.01789
G1 X124.495 Y106.356 E.02508
G1 X124.879 Y105.834 E.02149
G1 X125.312 Y105.352 E.02149
G1 X125.79 Y104.915 E.02149
G1 X126.309 Y104.527 E.02149
G1 X126.863 Y104.192 E.02149
G1 X127.447 Y103.912 E.02149
G1 X128.056 Y103.691 E.02149
G1 X128.684 Y103.531 E.02149
G1 X129.325 Y103.433 E.02149
G1 X129.972 Y103.399 E.02149
G1 X130.619 Y103.428 E.02149
G1 X131.26 Y103.52 E.02149
G1 X131.889 Y103.675 E.02149
G1 X132.5 Y103.89 E.02149
G1 X133.087 Y104.165 E.02149
G1 X133.644 Y104.495 E.02149
G1 X134.166 Y104.879 E.02149
G1 X134.648 Y105.312 E.02149
G1 X135.024 Y105.722 E.01846
G1 X135.473 Y106.309 E.02451
G1 X135.808 Y106.863 E.02149
G1 X136.088 Y107.447 E.02149
G1 X136.309 Y108.056 E.02149
G1 X136.469 Y108.684 E.02149
G1 X136.567 Y109.325 E.02149
G1 X136.601 Y109.972 E.02149
G1 X136.572 Y110.619 E.02149
G1 X136.48 Y111.26 E.02149
G1 X136.325 Y111.889 E.02149
G1 X136.11 Y112.5 E.02149
G1 X135.835 Y113.087 E.02149
G1 X135.505 Y113.644 E.02149
G1 X135.121 Y114.166 E.02149
G1 X134.688 Y114.648 E.02149
G1 X134.21 Y115.085 E.02149
G1 X133.691 Y115.473 E.02149
G1 X133.137 Y115.808 E.02149
G1 X132.553 Y116.088 E.02149
G1 X131.944 Y116.309 E.02149
G1 X131.316 Y116.469 E.02149
G1 X130.675 Y116.567 E.02149
G1 X130.028 Y116.601 E.02149
G1 X129.381 Y116.572 E.02149
G1 X128.74 Y116.48 E.02149
G1 X128.111 Y116.325 E.02149
G1 X127.5 Y116.11 E.02149
G1 X126.913 Y115.835 E.02149
G1 X126.356 Y115.505 E.02149
G1 X125.834 Y115.121 E.02149
G1 X125.352 Y114.688 E.02149
G1 X124.918 Y114.213 E.02133
M205 X8 Y8
G1 X125.206 Y113.947 F7200
M205 X10 Y10
;TYPE:Outer wall
;WIDTH:0.419999
G1 F2400
G1 X124.842 Y113.458 E.01872
G1 X124.528 Y112.935 E.01873
G1 X124.266 Y112.385 E.01872
G1 X124.06 Y111.811 E.01873
G1 X123.919 Y111.251 E.01777
G1 X123.821 Y110.618 E.01968
G1 X123.79 Y110.009 E.01873
G1 X123.819 Y109.401 E.01873
G1 X123.908 Y108.798 E.01872
G1 X124.055 Y108.206 E.01873
G1 X124.259 Y107.632 E.01873
G1 X124.473 Y107.179 E.01539
G1 X124.832 Y106.558 E.02205
G1 X125.194 Y106.068 E.01872
G1 X125.602 Y105.616 E.01873
G1 X126.053 Y105.206 E.01873
G1 X126.542 Y104.842 E.01872
G1 X127.065 Y104.528 E.01873
G1 X127.615 Y104.266 E.01872
G1 X128.189 Y104.06 E.01873
G1 X128.779 Y103.911 E.01873
G1 X129.382 Y103.821 E.01872
G1 X129.991 Y103.79 E.01873
G1 X130.599 Y103.819 E.01873
G1 X131.202 Y103.908 E.01872
G1 X131.794 Y104.055 E.01873
G1 X132.368 Y104.259 E.01873
G1 X132.919 Y104.519 E.01872
G1 X133.442 Y104.832 E.01873
G1 X133.932 Y105.194 E.01872
G1 X134.384 Y105.602 E.01873
G1 X134.733 Y105.986 E.01592
G1 X135.158 Y106.542 E.02152
G1 X135.472 Y107.065 E.01873
G1 X135.734 Y107.615 E.01872
G1 X135.94 Y108.189 E.01873
G1 X136.089 Y108.779 E.01873
G1 X136.179 Y109.382 E.01872
G1 X136.21 Y109.991 E.01873
G1 X136.181 Y110.599 E.01873
G1 X136.092 Y111.202 E.01872
G1 X135.945 Y111.794 E.01873
G1 X135.741 Y112.368 E.01873
G1 X135.481 Y112.919 E.01872
G1 X135.168 Y113.442 E.01873
G1 X134.806 Y113.932 E.01872
G1 X134.398 Y114.384 E.01873
G1 X133.947 Y114.794 E.01873
G1 X133.458 Y115.158 E.01872
G1 X132.935 Y115.472 E.01873
G1 X132.385 Y115.734 E.01872
G1 X131.811 Y115.94 E.01873
G1 X131.221 Y116.089 E.01873
G1 X130.618 Y116.179 E.01872
G1 X130.009 Y116.21 E.01873
G1 X129.401 Y116.181 E.01873
G1 X128.798 Y116.092 E.01872
G1 X128.206 Y115.945 E.01873
G1 X127.632 Y115.741 E.01873
G1 X127.081 Y115.481 E.01872
G1 X126.558 Y115.168 E.01873
G1 X126.068 Y114.806 E.01872
G1 X125.616 Y114.398 E.01873
G1 X125.233 Y113.976 E.0175
G1 E-4.5 F2700
;WIPE_START
G1 F2400
G1 X124.842 Y113.458 E-.15419
G1 X124.528 Y112.935 E-.14474
G1 X124.266 Y112.385 E-.14473
G1 X124.222 Y112.261 E-.03135
;WIPE_END
G1 E-.025 F2700
M205 X8 Y8
G1 X116.82 Y114.121 Z1.4 F7200
G1 X113.292 Y115.008 Z1.4
G1 Z1
G1 E5 F2400
M205 X10 Y10
;TYPE:Inner wall
;WIDTH:0.449999
G1 F2700
G1 X112.387 Y115.51 E.03434
G1 X111.266 Y115.87 E.03905
G1 X110.097 Y116.004 E.03905
G1 X108.924 Y115.908 E.03905
G1 X107.792 Y115.584 E.03905
G1 X106.745 Y115.046 E.03905
G1 X105.823 Y114.314 E.03905
G1 X105.061 Y113.416 E.03905
G1 X104.49 Y112.387 E.03905
G1 X104.13 Y111.266 E.03905
G1 X103.996 Y110.097 E.03905
G1 X104.073 Y109.119 E.03255
G1 X104.13 Y108.734 E.01291
G1 X104.416 Y107.792 E.03265
G1 X104.954 Y106.745 E.03905
G1 X105.686 Y105.823 E.03905
G1 X106.584 Y105.061 E.03905
G1 X107.613 Y104.49 E.03905
G1 X108.734 Y104.13 E.03905
G1 X109.747 Y104.004 E.03389
G1 X110.518 Y104.015 E.02557
G1 X111.125 Y104.098 E.0203
G1 X112.208 Y104.416 E.03746
G1 X113.255 Y104.954 E.03905
G1 X114.177 Y105.686 E.03905
G1 X114.939 Y106.584 E.03905
G1 X115.51 Y107.613 E.03905
G1 X115.872 Y108.74 E.03927
G1 X115.968 Y109.534 E.02655
G1 X116.008 Y110.048 E.0171
G1 X115.895 Y111.166 E.03726
G1 X115.54 Y112.326 E.04023
G1 X114.939 Y113.416 E.04131
G1 X114.314 Y114.177 E.03265
G1 X113.416 Y114.939 E.03905
G1 X113.327 Y114.988 E.00339
M205 X8 Y8
G1 X113.096 Y114.658 F7200
M205 X10 Y10
G1 F2700
G1 X112.195 Y115.151 E.03405
G1 X111.148 Y115.481 E.03641
G1 X110.057 Y115.599 E.03641
G1 X108.963 Y115.503 E.03641
G1 X107.91 Y115.195 E.03641
G1 X106.937 Y114.687 E.03641
G1 X106.081 Y114 E.03641
G1 X105.376 Y113.158 E.03641
G1 X104.849 Y112.195 E.03641
G1 X104.519 Y111.148 E.03641
G1 X104.401 Y110.057 E.03641
G1 X104.519 Y108.852 E.04017
G1 X104.805 Y107.91 E.03265
G1 X105.313 Y106.937 E.03641
G1 X106 Y106.081 E.03641
G1 X106.842 Y105.376 E.03641
G1 X107.805 Y104.849 E.03641
G1 X108.852 Y104.519 E.03641
G1 X109.791 Y104.408 E.03137
G1 X110.507 Y104.422 E.02377
G1 X111.065 Y104.501 E.01868
G1 X112.09 Y104.805 E.03548
G1 X113.063 Y105.313 E.03641
G1 X113.919 Y106 E.03641
G1 X114.624 Y106.842 E.03641
G1 X115.195 Y107.91 E.04017
G1 X115.482 Y108.855 E.03278
G1 X115.599 Y110.057 E.04004
G1 X115.503 Y111.037 E.03265
G1 X115.16 Y112.178 E.03952
G1 X114.624 Y113.158 E.03707
G1 X114 Y113.919 E.03265
G1 X113.158 Y114.624 E.03641
G1 X113.131 Y114.639 E.00104
M205 X8 Y8
G1 X112.909 Y114.321 F7200
M205 X10 Y10
;TYPE:Outer wall
;WIDTH:0.419999
G1 F2400
G1 X112.011 Y114.806 E.03138
G1 X111.034 Y115.105 E.03138
G1 X110.018 Y115.209 E.03138
G1 X109.002 Y115.113 E.03138
G1 X108.024 Y114.82 E.03138
G1 X107.121 Y114.341 E.03138
G1 X106.33 Y113.696 E.03138
G1 X105.679 Y112.909 E.03138
G1 X105.194 Y112.011 E.03138
G1 X104.895 Y111.034 E.03138
G1 X104.791 Y110.018 E.03138
G1 X104.895 Y108.966 E.03251
G1 X105.18 Y108.024 E.03025
G1 X105.659 Y107.121 E.03138
G1 X106.304 Y106.33 E.03138
G1 X107.091 Y105.679 E.03138
G1 X107.989 Y105.194 E.03138
G1 X108.966 Y104.895 E.03138
G1 X109.833 Y104.798 E.0268
G1 X110.497 Y104.814 E.02042
G1 X111.007 Y104.889 E.01585
G1 X111.976 Y105.18 E.0311
G1 X112.879 Y105.659 E.03138
G1 X113.67 Y106.304 E.03138
G1 X114.321 Y107.091 E.03138
G1 X114.731 Y107.849 E.02649
G1 X114.943 Y108.43 E.019
G1 X115.106 Y108.967 E.01724
G1 X115.209 Y110.018 E.03247
G1 X115.113 Y110.998 E.03025
G1 X114.943 Y111.57 E.01833
G1 X114.731 Y112.151 E.019
G1 X114.341 Y112.879 E.02536
G1 X113.696 Y113.67 E.03138
G1 X112.94 Y114.295 E.03015
G1 E-4.5 F2700
;WIPE_START
G1 F2400
G1 X112.011 Y114.806 E-.25185
G1 X111.112 Y115.081 E-.22315
;WIPE_END
G1 E-.025 F2700
M205 X8 Y8
G1 X104.081 Y112.113 Z1.4 F7200
G1 X94.629 Y108.123 Z1.4
G1 Z1
G1 E5 F2400
M205 X10 Y10
;TYPE:Inner wall
;WIDTH:0.449999
G1 F2700
G1 X94.83 Y108.734 E.02134
G1 X94.927 Y109.119 E.01317
G1 X95.004 Y109.903 E.02615
G1 X94.927 Y110.881 E.03255
G1 X94.661 Y111.826 E.03255
G1 X94.215 Y112.7 E.03255
G1 X93.607 Y113.47 E.03255
G1 X92.861 Y114.107 E.03255
G1 X92.005 Y114.586 E.03255
G1 X91.071 Y114.889 E.03255
G1 X90.097 Y115.004 E.03255
G1 X89.119 Y114.927 E.03255
G1 X88.174 Y114.661 E.03255
G1 X87.3 Y114.215 E.03255
G1 X86.53 Y113.607 E.03255
G1 X85.893 Y112.861 E.03255
G1 X85.414 Y112.005 E.03255
G1 X85.111 Y111.071 E.03255
G1 X84.996 Y110.097 E.03255
G1 X85.073 Y109.119 E.03255
G1 X85.339 Y108.174 E.03255
G1 X85.785 Y107.3 E.03255
G1 X86.259 Y106.693 E.02557
G1 X86.53 Y106.393 E.01339
G1 X87.139 Y105.893 E.02615
G1 X87.995 Y105.414 E.03255
G1 X88.929 Y105.111 E.03255
G1 X89.777 Y105.002 E.02836
G1 X90.42 Y105.01 E.02134
G1 X90.929 Y105.079 E.01705
G1 X91.826 Y105.339 E.03096
G1 X92.7 Y105.785 E.03255
G1 X93.47 Y106.393 E.03255
G1 X94.107 Y107.139 E.03255
G1 X94.586 Y107.995 E.03255
G1 X94.616 Y108.085 E.00312
M205 X8 Y8
G1 X94.249 Y108.257 F7200
M205 X10 Y10
G1 F2700
G1 X94.522 Y109.159 E.03123
G1 X94.599 Y109.943 E.02615
G1 X94.522 Y110.841 E.02991
G1 X94.271 Y111.708 E.02991
G1 X93.856 Y112.508 E.02991
G1 X93.292 Y113.212 E.02991
G1 X92.603 Y113.793 E.02991
G1 X91.813 Y114.227 E.02991
G1 X90.953 Y114.5 E.02991
G1 X90.057 Y114.599 E.02991
G1 X89.159 Y114.522 E.02991
G1 X88.292 Y114.271 E.02991
G1 X87.492 Y113.856 E.02991
G1 X86.788 Y113.292 E.02991
G1 X86.207 Y112.603 E.02991
G1 X85.773 Y111.813 E.02991
G1 X85.5 Y110.953 E.02991
G1 X85.401 Y110.057 E.02991
G1 X85.478 Y109.159 E.02991
G1 X85.729 Y108.292 E.02991
G1 X86.144 Y107.492 E.02991
G1 X86.788 Y106.708 E.03367
G1 X87.397 Y106.207 E.02615
G1 X88.187 Y105.773 E.02991
G1 X89.047 Y105.5 E.02991
G1 X89.82 Y105.407 E.02584
G1 X90.409 Y105.417 E.01954
G1 X90.953 Y105.5 E.01825
G1 X91.708 Y105.729 E.02615
G1 X92.508 Y106.144 E.02991
G1 X93.212 Y106.708 E.02991
G1 X93.793 Y107.397 E.02991
G1 X94.227 Y108.187 E.02991
G1 X94.237 Y108.219 E.00111
M205 X8 Y8
G1 X93.882 Y108.372 F7200
M205 X10 Y10
;TYPE:Outer wall
;WIDTH:0.419999
G1 F2400
G1 X94.132 Y109.197 E.02648
G1 X94.209 Y109.984 E.02429
G1 X94.132 Y110.803 E.02529
G1 X93.896 Y111.594 E.02535
G1 X93.51 Y112.323 E.02535
G1 X92.989 Y112.963 E.02535
G1 X92.354 Y113.489 E.02535
G1 X91.628 Y113.882 E.02535
G1 X90.839 Y114.125 E.02535
G1 X90.018 Y114.209 E.02535
G1 X89.197 Y114.132 E.02535
G1 X88.406 Y113.896 E.02535
G1 X87.677 Y113.51 E.02535
G1 X87.037 Y112.989 E.02535
G1 X86.511 Y112.354 E.02535
G1 X86.118 Y111.628 E.02535
G1 X85.875 Y110.839 E.02535
G1 X85.791 Y110.018 E.02535
G1 X85.868 Y109.197 E.02535
G1 X86.104 Y108.406 E.02535
G1 X86.49 Y107.677 E.02535
G1 X87.037 Y107.011 E.02648
G1 X87.646 Y106.511 E.02422
G1 X88.372 Y106.118 E.02535
G1 X89.161 Y105.875 E.02535
G1 X89.862 Y105.797 E.02168
G1 X90.399 Y105.809 E.0165
G1 X90.839 Y105.875 E.01368
G1 X91.594 Y106.104 E.02422
G1 X92.323 Y106.49 E.02535
G1 X92.963 Y107.011 E.02535
G1 X93.489 Y107.646 E.02535
G1 X93.863 Y108.337 E.02412
G1 E-4.5 F2700
;WIPE_START
G1 F2400
G1 X94.132 Y109.197 E-.21403
G1 X94.209 Y109.984 E-.18772
G1 X94.18 Y110.291 E-.07325
;WIPE_END
G1 E-.025 F2700
M205 X8 Y8
G1 X94.973 Y111.75 Z1.4 F7200
G1 Z1
M73 P44 R10
G1 E5 F2400
M205 X10 Y10
;TYPE:Sparse infill
;WIDTH:0.45
G1 F3000
G1 X95.188 Y111.055 E.02413
G1 X95.279 Y110.159 E.02988
G1 X95.74 Y110.515 E.01934
G1 X96.702 Y111.171 E.0386
G1 X97.019 Y111.498 E.01513
G1 X97.188 Y111.826 E.01223
G1 X97.255 Y112.481 E.02185
G1 X97.143 Y113.136 E.02205
G1 X96.916 Y113.791 E.023
G1 X96.558 Y114.446 E.02476
G1 X96.001 Y115.101 E.02853
G1 X95.153 Y115.757 E.03555
G1 X94.192 Y116.412 E.0386
G1 X93.874 Y116.739 E.01513
G1 X93.705 Y117.067 E.01223
G1 X93.638 Y117.722 E.02185
G1 X93.751 Y118.377 E.02205
G1 X93.977 Y119.032 E.023
G1 X94.35 Y119.706 E.02554
G1 X98.989 Y119.706 E.15386
G1 X99.219 Y119.032 E.02361
G1 X99.576 Y118.377 E.02476
G1 X100.133 Y117.722 E.02853
G1 X100.981 Y117.067 E.03555
G1 X101.943 Y116.412 E.0386
G1 X102.26 Y116.084 E.01513
G1 X102.429 Y115.757 E.01223
G1 X102.496 Y115.101 E.02185
G1 X102.384 Y114.446 E.02205
G1 X102.157 Y113.791 E.023
G1 X101.8 Y113.136 E.02476
G1 X101.243 Y112.481 E.02853
G1 X100.395 Y111.826 E.03555
G1 X99.433 Y111.171 E.0386
G1 X99.116 Y110.843 E.01513
G1 X98.946 Y110.515 E.01223
G1 X98.88 Y109.86 E.02185
G1 X98.992 Y109.205 E.02205
G1 X99.219 Y108.55 E.023
G1 X99.576 Y107.895 E.02476
G1 X100.133 Y107.24 E.02853
G1 X100.981 Y106.584 E.03555
G1 X101.943 Y105.929 E.0386
G1 X102.26 Y105.602 E.01513
G1 X102.429 Y105.274 E.01223
G1 X102.496 Y104.619 E.02185
G1 X102.384 Y103.964 E.02205
G1 X102.157 Y103.309 E.023
G1 X101.8 Y102.653 E.02476
G1 X101.243 Y101.998 E.02853
G1 X100.395 Y101.343 E.03555
G1 X99.433 Y100.688 E.0386
G1 X99.116 Y100.36 E.01513
G1 X99.081 Y100.294 E.00247
G1 X96.124 Y100.294 E.09812
G1 X96.702 Y100.688 E.0232
G1 X97.019 Y101.015 E.01513
G1 X97.188 Y101.343 E.01223
G1 X97.255 Y101.998 E.02185
G1 X97.143 Y102.653 E.02205
G1 X96.916 Y103.309 E.023
G1 X96.558 Y103.964 E.02476
G1 X96.001 Y104.619 E.02853
G1 X95.153 Y105.274 E.03555
G1 X94.192 Y105.929 E.0386
G1 X93.874 Y106.257 E.01513
G1 X93.827 Y106.348 E.00342
G1 X93.654 Y106.175 E.00812
G1 X93.038 Y105.67 E.02642
G1 X92.838 Y105.536 E.00801
G1 X92.135 Y105.16 E.02642
G1 X91.966 Y105.09 E.0061
G1 X92.014 Y104.619 E.01571
G1 X91.901 Y103.964 E.02205
G1 X91.674 Y103.309 E.023
G1 X91.317 Y102.653 E.02476
G1 X90.76 Y101.998 E.02853
G1 X89.912 Y101.343 E.03555
G1 X88.95 Y100.688 E.0386
G1 X88.633 Y100.36 E.01513
G1 X88.599 Y100.294 E.00247
G1 X85.641 Y100.294 E.09812
G1 X86.219 Y100.688 E.0232
G1 X86.536 Y101.015 E.01513
G1 X86.705 Y101.343 E.01223
G1 X86.772 Y101.998 E.02185
G1 X86.66 Y102.653 E.02205
G1 X86.433 Y103.309 E.023
G1 X86.076 Y103.964 E.02476
G1 X85.519 Y104.619 E.02853
G1 X84.671 Y105.274 E.03555
G1 X83.709 Y105.929 E.0386
G1 X83.392 Y106.257 E.01513
G1 X83.223 Y106.584 E.01223
G1 X83.156 Y107.24 E.02185
G1 X83.268 Y107.895 E.02205
G1 X83.495 Y108.55 E.023
G1 X83.852 Y109.205 E.02476
G1 X84.409 Y109.86 E.02853
G1 X84.715 Y110.096 E.0128
G1 X84.802 Y111.006 E.03032
G1 X85.068 Y111.912 E.03132
G1 X85.16 Y112.135 E.00802
G1 X85.536 Y112.838 E.02642
G1 X85.67 Y113.038 E.00801
G1 X86.175 Y113.654 E.02642
G1 X86.393 Y113.864 E.01004
G1 X86.076 Y114.446 E.02201
G1 X85.519 Y115.101 E.02853
G1 X84.671 Y115.757 E.03555
G1 X83.709 Y116.412 E.0386
G1 X83.392 Y116.739 E.01513
G1 X83.223 Y117.067 E.01223
G1 X83.156 Y117.722 E.02185
G1 X83.268 Y118.377 E.02205
G1 X83.495 Y119.032 E.023
G1 X83.852 Y119.688 E.02476
G1 X83.868 Y119.706 E.00079
G1 X88.506 Y119.706 E.15386
G1 X88.736 Y119.032 E.02361
G1 X89.094 Y118.377 E.02476
G1 X89.651 Y117.722 E.02853
G1 X90.499 Y117.067 E.03555
G1 X91.46 Y116.412 E.0386
G1 X91.778 Y116.084 E.01513
G1 X91.947 Y115.757 E.01223
G1 X92.014 Y115.101 E.02185
G1 X91.98 Y114.904 E.00664
G1 X91.006 Y115.198 E.03375
G1 X90.398 Y115.256 E.02026
M205 X8 Y8
G1 X79.294 Y119.253 F7200
M205 X10 Y10
G1 F3000
G1 X79.294 Y117.625 E.05401
G1 X80.016 Y117.067 E.03026
G1 X80.978 Y116.412 E.0386
G1 X81.295 Y116.084 E.01513
G1 X81.464 Y115.757 E.01223
G1 X81.531 Y115.101 E.02185
G1 X81.419 Y114.446 E.02205
G1 X81.192 Y113.791 E.023
G1 X80.834 Y113.136 E.02476
G1 X80.277 Y112.481 E.02853
G1 X79.294 Y111.734 E.04097
G1 X79.294 Y107.142 E.15231
G1 X80.016 Y106.584 E.03026
G1 X80.978 Y105.929 E.0386
G1 X81.295 Y105.602 E.01513
G1 X81.464 Y105.274 E.01223
G1 X81.531 Y104.619 E.02185
G1 X81.419 Y103.964 E.02205
G1 X81.192 Y103.309 E.023
G1 X80.834 Y102.653 E.02476
G1 X80.277 Y101.998 E.02853
G1 X79.294 Y101.251 E.04097
G1 X79.294 Y100.294 E.03174
G1 X79.966 Y100.294 E.02228
M205 X8 Y8
G1 X103.785 Y109.176 F7200
M205 X10 Y10
G1 F3000
G1 X103.823 Y108.791 E.01284
G1 X104.183 Y107.604 E.04116
G1 X104.121 Y107.24 E.01227
G1 X104.188 Y106.584 E.02185
G1 X104.357 Y106.257 E.01223
G1 X104.674 Y105.929 E.01513
G1 X105.636 Y105.274 E.0386
G1 X106.484 Y104.619 E.03555
G1 X107.041 Y103.964 E.02853
G1 X107.398 Y103.309 E.02476
G1 X107.625 Y102.653 E.023
G1 X107.738 Y101.998 E.02205
G1 X107.671 Y101.343 E.02185
G1 X107.502 Y101.015 E.01223
G1 X107.184 Y100.688 E.01513
G1 X106.606 Y100.294 E.0232
G1 X109.564 Y100.294 E.09812
G1 X109.598 Y100.36 E.00247
G1 X109.916 Y100.688 E.01513
G1 X110.877 Y101.343 E.0386
G1 X111.725 Y101.998 E.03555
G1 X112.282 Y102.653 E.02853
G1 X112.64 Y103.309 E.02476
G1 X112.867 Y103.964 E.023
G1 X112.953 Y104.469 E.01701
G1 X113.393 Y104.704 E.01655
G1 X113.594 Y104.838 E.00801
G1 X114.361 Y105.468 E.03292
G1 X114.532 Y105.639 E.00801
G1 X114.948 Y106.145 E.02173
G1 X115.157 Y105.929 E.00998
G1 X116.119 Y105.274 E.0386
G1 X116.966 Y104.619 E.03555
G1 X117.524 Y103.964 E.02853
G1 X117.881 Y103.309 E.02476
G1 X118.108 Y102.653 E.023
G1 X118.22 Y101.998 E.02205
G1 X118.153 Y101.343 E.02185
G1 X117.984 Y101.015 E.01223
G1 X117.667 Y100.688 E.01513
G1 X117.089 Y100.294 E.0232
G1 X120.047 Y100.294 E.09812
G1 X120.081 Y100.36 E.00247
G1 X120.398 Y100.688 E.01513
G1 X121.36 Y101.343 E.0386
G1 X122.208 Y101.998 E.03555
G1 X122.765 Y102.653 E.02853
G1 X123.122 Y103.309 E.02476
G1 X123.349 Y103.964 E.023
G1 X123.461 Y104.619 E.02205
G1 X123.395 Y105.274 E.02185
G1 X123.225 Y105.602 E.01223
G1 X122.908 Y105.929 E.01513
G1 X121.946 Y106.584 E.0386
G1 X121.098 Y107.24 E.03555
G1 X120.541 Y107.895 E.02853
G1 X120.184 Y108.55 E.02476
G1 X119.957 Y109.205 E.023
G1 X119.845 Y109.86 E.02205
G1 X119.912 Y110.515 E.02185
G1 X120.081 Y110.843 E.01223
G1 X120.398 Y111.171 E.01513
G1 X121.36 Y111.826 E.0386
G1 X122.208 Y112.481 E.03555
G1 X122.765 Y113.136 E.02853
G1 X123.122 Y113.791 E.02476
G1 X123.349 Y114.446 E.023
G1 X123.461 Y115.101 E.02205
G1 X123.395 Y115.757 E.02185
G1 X123.225 Y116.084 E.01223
G1 X122.908 Y116.412 E.01513
G1 X121.946 Y117.067 E.0386
G1 X121.098 Y117.722 E.03555
G1 X120.541 Y118.377 E.02853
G1 X120.184 Y119.032 E.02476
G1 X119.954 Y119.706 E.02361
G1 X115.316 Y119.706 E.15386
G1 X114.943 Y119.032 E.02554
G1 X114.716 Y118.377 E.023
G1 X114.603 Y117.722 E.02205
G1 X114.67 Y117.067 E.02185
G1 X114.839 Y116.739 E.01223
G1 X115.157 Y116.412 E.01513
G1 X116.119 Y115.757 E.0386
G1 X116.966 Y115.101 E.03555
G1 X117.524 Y114.446 E.02853
G1 X117.881 Y113.791 E.02476
G1 X118.108 Y113.136 E.023
G1 X118.22 Y112.481 E.02205
G1 X118.153 Y111.826 E.02185
G1 X117.984 Y111.498 E.01223
G1 X117.667 Y111.171 E.01513
G1 X116.705 Y110.515 E.0386
G1 X116.277 Y110.184 E.01797
G1 X116.175 Y111.22 E.03454
G1 X115.802 Y112.441 E.04233
G1 X115.296 Y113.393 E.03578
G1 X115.162 Y113.594 E.00802
G1 X114.532 Y114.361 E.03292
G1 X114.361 Y114.532 E.00801
G1 X113.594 Y115.162 E.03292
G1 X113.393 Y115.296 E.00801
G1 X112.934 Y115.541 E.01727
G1 X112.912 Y115.757 E.00718
G1 X112.743 Y116.084 E.01223
G1 X112.425 Y116.412 E.01513
G1 X111.464 Y117.067 E.0386
G1 X110.616 Y117.722 E.03555
G1 X110.059 Y118.377 E.02853
G1 X109.701 Y119.032 E.02476
G1 X109.471 Y119.706 E.02361
G1 X104.833 Y119.706 E.15386
G1 X104.818 Y119.688 E.0008
G1 X104.46 Y119.032 E.02476
G1 X104.233 Y118.377 E.023
G1 X104.121 Y117.722 E.02205
G1 X104.188 Y117.067 E.02185
G1 X104.357 Y116.739 E.01223
G1 X104.674 Y116.412 E.01513
G1 X105.636 Y115.757 E.0386
G1 X106.406 Y115.162 E.03228
G1 X105.639 Y114.532 E.03292
G1 X105.468 Y114.361 E.00801
G1 X105.218 Y114.056 E.01308
G1 E-4.5 F2700
;WIPE_START
G1 F3000
G1 X105.468 Y114.361 E-.09364
G1 X105.639 Y114.532 E-.05736
G1 X106.406 Y115.162 E-.23573
G1 X106.112 Y115.389 E-.08827
;WIPE_END
G1 E-.025 F2700
M205 X8 Y8
G1 X113.675 Y116.416 Z1.4 F7200
G1 X137.909 Y119.706 Z1.4
G1 Z1
G1 E5 F2400
M205 X10 Y10
G1 F3000
G1 X136.281 Y119.706 E.05401
G1 X135.908 Y119.032 E.02554
G1 X135.681 Y118.377 E.023
G1 X135.569 Y117.722 E.02205
G1 X135.636 Y117.067 E.02185
G1 X135.805 Y116.739 E.01223
G1 X136.122 Y116.412 E.01513
G1 X137.084 Y115.757 E.0386
G1 X137.932 Y115.101 E.03555
G1 X138.489 Y114.446 E.02853
G1 X138.846 Y113.791 E.02476
G1 X139.073 Y113.136 E.023
G1 X139.185 Y112.481 E.02205
G1 X139.118 Y111.826 E.02185
G1 X138.949 Y111.498 E.01223
G1 X138.632 Y111.171 E.01513
G1 X137.67 Y110.515 E.0386
G1 X137.284 Y110.217 E.01619
G1 X137.263 Y110.656 E.01459
G1 X137.159 Y111.396 E.02478
G1 X136.996 Y112.061 E.0227
G1 X136.76 Y112.736 E.02374
G1 X136.46 Y113.386 E.02374
G1 X136.097 Y114.003 E.02374
G1 X135.675 Y114.581 E.02374
G1 X135.199 Y115.115 E.02374
G1 X134.672 Y115.6 E.02374
G1 X134.101 Y116.031 E.02374
G1 X133.49 Y116.404 E.02374
G1 X133.189 Y116.549 E.01107
G1 X132.429 Y117.067 E.03052
G1 X131.581 Y117.722 E.03555
G1 X131.024 Y118.377 E.02853
G1 X130.667 Y119.032 E.02476
G1 X130.437 Y119.706 E.02361
G1 X125.798 Y119.706 E.15386
G1 X125.425 Y119.032 E.02554
G1 X125.198 Y118.377 E.023
G1 X125.086 Y117.722 E.02205
G1 X125.153 Y117.067 E.02185
G1 X125.322 Y116.739 E.01223
G1 X125.639 Y116.412 E.01513
G1 X126.057 Y116.127 E.01676
G1 X125.899 Y116.031 E.00614
G1 X125.328 Y115.6 E.02374
G1 X124.801 Y115.115 E.02374
G1 X124.325 Y114.581 E.02374
G1 X123.903 Y114.003 E.02374
G1 X123.541 Y113.386 E.02374
G1 X123.255 Y112.776 E.02234
G1 X123.033 Y112.159 E.02175
G1 X122.846 Y111.424 E.02516
G1 X122.739 Y110.688 E.02467
G1 X122.706 Y110 E.02285
G1 X122.748 Y109.227 E.02568
G1 X122.846 Y108.576 E.02182
G1 X123.033 Y107.841 E.02515
G1 X123.255 Y107.224 E.02176
G1 X123.541 Y106.614 E.02234
G1 X123.903 Y105.997 E.02374
G1 X124.325 Y105.419 E.02374
G1 X124.801 Y104.885 E.02374
G1 X125.328 Y104.4 E.02374
G1 X125.899 Y103.969 E.02374
G1 X126.51 Y103.596 E.02374
G1 X127.155 Y103.285 E.02374
G1 X127.827 Y103.038 E.02375
G1 X128.518 Y102.863 E.02366
G1 X128.59 Y102.653 E.00735
G1 X128.703 Y101.998 E.02205
G1 X128.636 Y101.343 E.02185
G1 X128.467 Y101.015 E.01223
G1 X128.149 Y100.688 E.01513
G1 X127.571 Y100.294 E.0232
M73 P45 R10
G1 X130.529 Y100.294 E.09812
G1 X130.563 Y100.36 E.00247
G1 X130.881 Y100.688 E.01513
G1 X131.842 Y101.343 E.0386
G1 X132.69 Y101.998 E.03555
G1 X133.247 Y102.653 E.02853
G1 X133.605 Y103.309 E.02476
G1 X133.762 Y103.762 E.01591
G1 X134.003 Y103.903 E.00926
G1 X134.581 Y104.325 E.02374
G1 X135.115 Y104.801 E.02374
G1 X135.6 Y105.328 E.02374
G1 X136.077 Y105.975 E.02669
G1 X136.122 Y105.929 E.00213
G1 X137.084 Y105.274 E.0386
G1 X137.932 Y104.619 E.03555
G1 X138.489 Y103.964 E.02853
G1 X138.846 Y103.309 E.02476
G1 X139.073 Y102.653 E.023
G1 X139.185 Y101.998 E.02205
G1 X139.118 Y101.343 E.02185
G1 X138.949 Y101.015 E.01223
G1 X138.632 Y100.688 E.01513
G1 X138.054 Y100.294 E.0232
G1 X139.682 Y100.294 E.05401
; stop printing object V7_00_DS18B20_fit_gauge_8_10_12.stl id:0 copy 0
;TIME_ELAPSED:507.975159

;LAYER_CHANGE
;:1.2
;HEIGHT:0.2
;BEFORE_LAYER_CHANGE
;1.2
G92 E0

G1 E-4.5 F2700
;WIPE_START
G1 F3000
G1 X138.054 Y100.294 E-.38673
G1 X138.361 Y100.503 E-.08827
;WIPE_END
G1 E-.025 F2700
;_SET_FAN_SPEED_CHANGING_LAYER
; OBJECT_ID: 15
; printing object V7_00_DS18B20_fit_gauge_8_10_12.stl id:0 copy 0
M205 X8 Y8
G17
G3 Z1.4 I-1.206 J.163 P1  F7200
G1 X140.991 Y119.991 Z1.4
G1 Z1.2
G1 E5 F2400
M205 X10 Y10
;TYPE:Inner wall
;WIDTH:0.449999
G1 F2700
G1 X79.009 Y119.991 E2.05604
G1 X79.009 Y100.009 E.66283
G1 X140.991 Y100.009 E2.05604
G1 X140.991 Y119.951 E.6615
M205 X8 Y8
G1 X141.398 Y120.398 F7200
M205 X10 Y10
G1 F2700
G1 X78.602 Y120.398 E2.08305
G1 X78.602 Y99.602 E.68984
G1 X141.398 Y99.602 E2.08305
G1 X141.398 Y120.358 E.68851
M205 X8 Y8
G1 X141.79 Y120.79 F7200
M205 X10 Y10
;TYPE:Outer wall
;WIDTH:0.419999
G1 F2400
G1 X78.21 Y120.79 E1.95363
G1 X78.21 Y99.21 E.66309
M73 P46 R10
G1 X141.79 Y99.21 E1.95363
G1 X141.79 Y120.75 E.66186
G1 E-4.5 F2700
;WIPE_START
G1 F2400
G1 X139.79 Y120.751 E-.475
;WIPE_END
G1 E-.025 F2700
M205 X8 Y8
G1 X132.742 Y117.822 Z1.6 F7200
G1 X124.57 Y114.426 Z1.6
G1 Z1.2
G1 E5 F2400
M205 X10 Y10
;TYPE:Inner wall
;WIDTH:0.449999
G1 F2700
G1 X124.2 Y113.934 E.02044
G1 X123.842 Y113.346 E.02281
G1 X123.544 Y112.727 E.02281
G1 X123.308 Y112.081 E.02281
G1 X123.144 Y111.445 E.02178
G1 X123.055 Y110.901 E.01828
G1 X122.992 Y110.048 E.02836
G1 X123.021 Y109.361 E.02281
G1 X123.117 Y108.68 E.02281
G1 X123.28 Y108.012 E.02281
G1 X123.507 Y107.363 E.02281
G1 X123.75 Y106.837 E.01921
G1 X124.146 Y106.147 E.0264
G1 X124.552 Y105.592 E.02281
G1 X125.01 Y105.079 E.02281
G1 X125.517 Y104.613 E.02281
G1 X126.066 Y104.2 E.02281
G1 X126.654 Y103.842 E.02281
G1 X127.273 Y103.544 E.02281
G1 X127.919 Y103.308 E.02281
G1 X128.585 Y103.136 E.02281
G1 X129.265 Y103.031 E.02281
G1 X129.952 Y102.992 E.02281
G1 X130.639 Y103.021 E.02281
G1 X131.32 Y103.117 E.02281
G1 X131.988 Y103.28 E.02281
G1 X132.637 Y103.507 E.02281
G1 X133.261 Y103.797 E.02281
G1 X133.853 Y104.146 E.02281
G1 X134.408 Y104.552 E.02281
G1 X134.921 Y105.01 E.02281
G1 X135.325 Y105.449 E.01978
G1 X135.8 Y106.066 E.02583
G1 X136.158 Y106.654 E.02281
G1 X136.456 Y107.273 E.02281
G1 X136.692 Y107.919 E.02281
G1 X136.864 Y108.585 E.02281
G1 X136.969 Y109.265 E.02281
G1 X137.008 Y109.952 E.02281
G1 X136.979 Y110.639 E.02281
G1 X136.883 Y111.32 E.02281
G1 X136.72 Y111.988 E.02281
G1 X136.493 Y112.637 E.02281
G1 X136.203 Y113.261 E.02281
G1 X135.854 Y113.853 E.02281
G1 X135.448 Y114.408 E.02281
G1 X134.99 Y114.921 E.02281
G1 X134.483 Y115.387 E.02281
G1 X133.934 Y115.8 E.02281
G1 X133.346 Y116.158 E.02281
G1 X132.727 Y116.456 E.02281
G1 X132.081 Y116.692 E.02281
G1 X131.415 Y116.864 E.02281
G1 X130.735 Y116.969 E.02281
G1 X130.048 Y117.008 E.02281
G1 X129.361 Y116.979 E.02281
G1 X128.68 Y116.883 E.02281
G1 X128.012 Y116.72 E.02281
G1 X127.363 Y116.493 E.02281
G1 X126.739 Y116.203 E.02281
G1 X126.147 Y115.854 E.02281
G1 X125.592 Y115.448 E.02281
G1 X125.079 Y114.99 E.02281
G1 X124.613 Y114.483 E.02281
G1 X124.594 Y114.458 E.00105
M205 X8 Y8
G1 X124.894 Y114.181 F7200
M205 X10 Y10
G1 F2700
G1 X124.527 Y113.691 E.02031
G1 X124.192 Y113.137 E.02149
G1 X123.912 Y112.553 E.02149
G1 X123.691 Y111.944 E.02149
G1 X123.539 Y111.346 E.02046
G1 X123.458 Y110.841 E.01696
G1 X123.399 Y110.028 E.02703
G1 X123.428 Y109.381 E.02149
G1 X123.52 Y108.74 E.02149
G1 X123.675 Y108.111 E.02149
G1 X123.89 Y107.5 E.02149
G1 X124.118 Y107.011 E.01789
G1 X124.495 Y106.356 E.02508
G1 X124.879 Y105.834 E.02149
G1 X125.312 Y105.352 E.02149
G1 X125.79 Y104.915 E.02149
G1 X126.309 Y104.527 E.02149
G1 X126.863 Y104.192 E.02149
G1 X127.447 Y103.912 E.02149
G1 X128.056 Y103.691 E.02149
G1 X128.684 Y103.531 E.02149
G1 X129.325 Y103.433 E.02149
G1 X129.972 Y103.399 E.02149
G1 X130.619 Y103.428 E.02149
G1 X131.26 Y103.52 E.02149
G1 X131.889 Y103.675 E.02149
G1 X132.5 Y103.89 E.02149
G1 X133.087 Y104.165 E.02149
G1 X133.644 Y104.495 E.02149
G1 X134.166 Y104.879 E.02149
G1 X134.648 Y105.312 E.02149
G1 X135.024 Y105.722 E.01846
G1 X135.473 Y106.309 E.02451
G1 X135.808 Y106.863 E.02149
G1 X136.088 Y107.447 E.02149
G1 X136.309 Y108.056 E.02149
G1 X136.469 Y108.684 E.02149
G1 X136.567 Y109.325 E.02149
G1 X136.601 Y109.972 E.02149
G1 X136.572 Y110.619 E.02149
G1 X136.48 Y111.26 E.02149
G1 X136.325 Y111.889 E.02149
G1 X136.11 Y112.5 E.02149
G1 X135.835 Y113.087 E.02149
G1 X135.505 Y113.644 E.02149
G1 X135.121 Y114.166 E.02149
G1 X134.688 Y114.648 E.02149
G1 X134.21 Y115.085 E.02149
G1 X133.691 Y115.473 E.02149
G1 X133.137 Y115.808 E.02149
G1 X132.553 Y116.088 E.02149
G1 X131.944 Y116.309 E.02149
G1 X131.316 Y116.469 E.02149
G1 X130.675 Y116.567 E.02149
G1 X130.028 Y116.601 E.02149
G1 X129.381 Y116.572 E.02149
G1 X128.74 Y116.48 E.02149
G1 X128.111 Y116.325 E.02149
G1 X127.5 Y116.11 E.02149
G1 X126.913 Y115.835 E.02149
G1 X126.356 Y115.505 E.02149
G1 X125.834 Y115.121 E.02149
G1 X125.352 Y114.688 E.02149
G1 X124.918 Y114.213 E.02134
M205 X8 Y8
G1 X125.206 Y113.947 F7200
M205 X10 Y10
;TYPE:Outer wall
;WIDTH:0.419999
G1 F2400
G1 X124.842 Y113.458 E.01872
G1 X124.528 Y112.935 E.01873
G1 X124.266 Y112.385 E.01872
G1 X124.06 Y111.811 E.01873
G1 X123.919 Y111.251 E.01777
G1 X123.821 Y110.618 E.01968
G1 X123.79 Y110.009 E.01873
G1 X123.819 Y109.401 E.01873
G1 X123.908 Y108.798 E.01872
G1 X124.055 Y108.206 E.01873
G1 X124.259 Y107.632 E.01873
G1 X124.473 Y107.179 E.01539
G1 X124.832 Y106.558 E.02205
G1 X125.194 Y106.068 E.01873
G1 X125.602 Y105.616 E.01873
G1 X126.053 Y105.206 E.01873
G1 X126.542 Y104.842 E.01872
G1 X127.065 Y104.528 E.01873
G1 X127.615 Y104.266 E.01872
G1 X128.189 Y104.06 E.01873
G1 X128.779 Y103.911 E.01873
G1 X129.382 Y103.821 E.01872
G1 X129.991 Y103.79 E.01873
G1 X130.599 Y103.819 E.01873
G1 X131.202 Y103.908 E.01872
G1 X131.794 Y104.055 E.01873
G1 X132.368 Y104.259 E.01873
G1 X132.919 Y104.519 E.01873
G1 X133.442 Y104.832 E.01873
G1 X133.932 Y105.194 E.01872
G1 X134.384 Y105.602 E.01873
G1 X134.733 Y105.986 E.01592
G1 X135.158 Y106.542 E.02152
G1 X135.472 Y107.065 E.01873
G1 X135.734 Y107.615 E.01872
G1 X135.94 Y108.189 E.01873
G1 X136.089 Y108.779 E.01873
G1 X136.179 Y109.382 E.01872
G1 X136.21 Y109.991 E.01873
G1 X136.181 Y110.599 E.01873
G1 X136.092 Y111.202 E.01872
G1 X135.945 Y111.794 E.01873
G1 X135.741 Y112.368 E.01873
G1 X135.481 Y112.919 E.01872
G1 X135.168 Y113.442 E.01873
G1 X134.806 Y113.932 E.01872
G1 X134.398 Y114.384 E.01873
G1 X133.947 Y114.794 E.01873
G1 X133.458 Y115.158 E.01872
G1 X132.935 Y115.472 E.01873
G1 X132.385 Y115.734 E.01873
G1 X131.811 Y115.94 E.01873
G1 X131.221 Y116.089 E.01873
G1 X130.618 Y116.179 E.01872
G1 X130.009 Y116.21 E.01873
G1 X129.401 Y116.181 E.01873
G1 X128.798 Y116.092 E.01872
G1 X128.206 Y115.945 E.01873
G1 X127.632 Y115.741 E.01873
G1 X127.081 Y115.481 E.01872
G1 X126.558 Y115.168 E.01873
G1 X126.068 Y114.806 E.01872
G1 X125.616 Y114.398 E.01873
G1 X125.233 Y113.976 E.0175
G1 E-4.5 F2700
;WIPE_START
G1 F2400
G1 X124.842 Y113.458 E-.15419
G1 X124.528 Y112.935 E-.14474
G1 X124.266 Y112.385 E-.14473
G1 X124.222 Y112.261 E-.03135
;WIPE_END
G1 E-.025 F2700
M205 X8 Y8
G1 X116.82 Y114.121 Z1.6 F7200
G1 X113.292 Y115.008 Z1.6
G1 Z1.2
G1 E5 F2400
M205 X10 Y10
;TYPE:Inner wall
;WIDTH:0.449999
G1 F2700
G1 X112.387 Y115.51 E.03433
G1 X111.266 Y115.87 E.03905
G1 X110.097 Y116.004 E.03905
G1 X108.924 Y115.908 E.03905
G1 X107.792 Y115.584 E.03905
G1 X106.745 Y115.046 E.03905
G1 X105.823 Y114.314 E.03905
G1 X105.061 Y113.416 E.03905
G1 X104.49 Y112.387 E.03905
G1 X104.13 Y111.266 E.03905
G1 X103.996 Y110.097 E.03905
G1 X104.073 Y109.119 E.03255
G1 X104.13 Y108.734 E.01291
G1 X104.416 Y107.792 E.03265
G1 X104.954 Y106.745 E.03905
G1 X105.686 Y105.823 E.03905
G1 X106.584 Y105.061 E.03905
G1 X107.613 Y104.49 E.03905
G1 X108.734 Y104.13 E.03905
G1 X109.903 Y103.996 E.03905
G1 X111.076 Y104.092 E.03905
G1 X112.208 Y104.416 E.03905
G1 X113.255 Y104.954 E.03905
G1 X114.177 Y105.686 E.03905
G1 X114.939 Y106.584 E.03905
G1 X115.51 Y107.613 E.03905
G1 X115.872 Y108.74 E.03927
G1 X115.968 Y109.534 E.02655
G1 X116.008 Y110.048 E.0171
G1 X115.895 Y111.166 E.03726
G1 X115.54 Y112.326 E.04023
G1 X114.939 Y113.416 E.04131
G1 X114.314 Y114.177 E.03265
G1 X113.416 Y114.939 E.03905
G1 X113.327 Y114.988 E.00339
M205 X8 Y8
G1 X113.095 Y114.658 F7200
M205 X10 Y10
G1 F2700
G1 X112.195 Y115.151 E.03404
G1 X111.148 Y115.481 E.03641
G1 X110.057 Y115.599 E.03641
G1 X108.963 Y115.503 E.03641
G1 X107.91 Y115.195 E.03641
G1 X106.937 Y114.687 E.03641
M73 P46 R9
G1 X106.081 Y114 E.03641
G1 X105.376 Y113.158 E.03641
G1 X104.849 Y112.195 E.03641
G1 X104.519 Y111.148 E.03641
G1 X104.401 Y110.057 E.03641
G1 X104.519 Y108.852 E.04017
G1 X104.805 Y107.91 E.03265
G1 X105.313 Y106.937 E.03641
G1 X106 Y106.081 E.03641
G1 X106.842 Y105.376 E.03641
G1 X107.805 Y104.849 E.03641
G1 X108.852 Y104.519 E.03641
G1 X109.943 Y104.401 E.03641
G1 X111.037 Y104.497 E.03641
G1 X112.09 Y104.805 E.03641
G1 X113.063 Y105.313 E.03641
G1 X113.919 Y106 E.03641
G1 X114.624 Y106.842 E.03641
G1 X115.195 Y107.91 E.04017
G1 X115.482 Y108.855 E.03278
G1 X115.599 Y110.057 E.04004
G1 X115.503 Y111.037 E.03265
G1 X115.16 Y112.178 E.03952
G1 X114.624 Y113.158 E.03707
G1 X114 Y113.919 E.03265
G1 X113.158 Y114.624 E.03641
G1 X113.13 Y114.639 E.00105
M205 X8 Y8
G1 X112.909 Y114.321 F7200
M205 X10 Y10
;TYPE:Outer wall
;WIDTH:0.419999
G1 F2400
G1 X112.011 Y114.806 E.03138
G1 X111.034 Y115.105 E.03138
G1 X110.018 Y115.209 E.03138
G1 X109.002 Y115.113 E.03138
G1 X108.024 Y114.82 E.03138
G1 X107.121 Y114.341 E.03138
G1 X106.33 Y113.696 E.03138
G1 X105.679 Y112.909 E.03138
G1 X105.194 Y112.011 E.03138
G1 X104.895 Y111.034 E.03138
G1 X104.791 Y110.018 E.03138
G1 X104.895 Y108.966 E.03251
G1 X105.18 Y108.024 E.03025
G1 X105.659 Y107.121 E.03138
G1 X106.304 Y106.33 E.03138
G1 X107.091 Y105.679 E.03138
G1 X107.989 Y105.194 E.03138
G1 X108.966 Y104.895 E.03138
G1 X109.982 Y104.791 E.03138
G1 X110.998 Y104.887 E.03138
G1 X111.976 Y105.18 E.03138
G1 X112.879 Y105.659 E.03138
G1 X113.67 Y106.304 E.03138
G1 X114.321 Y107.091 E.03138
G1 X114.731 Y107.849 E.02649
G1 X114.943 Y108.43 E.019
G1 X115.106 Y108.967 E.01724
G1 X115.209 Y110.018 E.03247
G1 X115.113 Y110.998 E.03025
G1 X114.943 Y111.57 E.01833
G1 X114.731 Y112.151 E.019
G1 X114.341 Y112.879 E.02536
G1 X113.696 Y113.67 E.03138
G1 X112.94 Y114.295 E.03015
G1 E-4.5 F2700
;WIPE_START
G1 F2400
G1 X112.011 Y114.806 E-.25185
G1 X111.112 Y115.081 E-.22315
;WIPE_END
G1 E-.025 F2700
M205 X8 Y8
G1 X104.081 Y112.113 Z1.6 F7200
G1 X94.629 Y108.123 Z1.6
G1 Z1.2
M73 P47 R9
G1 E5 F2400
M205 X10 Y10
;TYPE:Inner wall
;WIDTH:0.449999
G1 F2700
G1 X94.83 Y108.734 E.02132
G1 X94.927 Y109.119 E.01317
G1 X95.004 Y109.903 E.02615
G1 X94.927 Y110.881 E.03255
G1 X94.661 Y111.826 E.03255
G1 X94.215 Y112.7 E.03255
G1 X93.607 Y113.47 E.03255
G1 X92.861 Y114.107 E.03255
G1 X92.005 Y114.586 E.03255
G1 X91.071 Y114.889 E.03255
G1 X90.097 Y115.004 E.03255
G1 X89.119 Y114.927 E.03255
G1 X88.174 Y114.661 E.03255
G1 X87.3 Y114.215 E.03255
G1 X86.53 Y113.607 E.03255
G1 X85.893 Y112.861 E.03255
G1 X85.414 Y112.005 E.03255
G1 X85.111 Y111.071 E.03255
G1 X84.996 Y110.097 E.03255
G1 X85.073 Y109.119 E.03255
G1 X85.339 Y108.174 E.03255
G1 X85.785 Y107.3 E.03255
G1 X86.259 Y106.693 E.02557
G1 X86.53 Y106.393 E.01339
G1 X87.139 Y105.893 E.02615
G1 X87.995 Y105.414 E.03255
G1 X88.929 Y105.111 E.03255
G1 X89.748 Y105.004 E.02742
G1 X90.416 Y105.01 E.02216
G1 X90.929 Y105.079 E.01717
G1 X91.826 Y105.339 E.03096
G1 X92.7 Y105.785 E.03255
G1 X93.47 Y106.393 E.03255
G1 X94.107 Y107.139 E.03255
G1 X94.586 Y107.995 E.03255
G1 X94.616 Y108.085 E.00314
M205 X8 Y8
G1 X94.249 Y108.258 F7200
M205 X10 Y10
G1 F2700
G1 X94.522 Y109.159 E.03122
G1 X94.599 Y109.943 E.02615
G1 X94.522 Y110.841 E.02991
G1 X94.271 Y111.708 E.02991
G1 X93.856 Y112.508 E.02991
G1 X93.292 Y113.212 E.02991
G1 X92.603 Y113.793 E.02991
G1 X91.813 Y114.227 E.02991
G1 X90.953 Y114.5 E.02991
G1 X90.057 Y114.599 E.02991
G1 X89.159 Y114.522 E.02991
G1 X88.292 Y114.271 E.02991
G1 X87.492 Y113.856 E.02991
G1 X86.788 Y113.292 E.02991
G1 X86.207 Y112.603 E.02991
G1 X85.773 Y111.813 E.02991
G1 X85.5 Y110.953 E.02991
G1 X85.401 Y110.057 E.02991
G1 X85.478 Y109.159 E.02991
G1 X85.729 Y108.292 E.02991
G1 X86.144 Y107.492 E.02991
G1 X86.788 Y106.708 E.03367
G1 X87.397 Y106.207 E.02615
G1 X88.187 Y105.773 E.02991
G1 X89.047 Y105.5 E.02991
G1 X89.793 Y105.408 E.02493
G1 X90.407 Y105.417 E.02038
G1 X90.953 Y105.5 E.01832
G1 X91.708 Y105.729 E.02615
G1 X92.508 Y106.144 E.02991
G1 X93.212 Y106.708 E.02991
G1 X93.793 Y107.397 E.02991
G1 X94.227 Y108.187 E.02991
G1 X94.237 Y108.22 E.00112
M205 X8 Y8
G1 X93.882 Y108.372 F7200
M205 X10 Y10
;TYPE:Outer wall
;WIDTH:0.419999
G1 F2400
G1 X94.132 Y109.197 E.02648
G1 X94.209 Y109.984 E.02429
G1 X94.132 Y110.803 E.02529
G1 X93.896 Y111.594 E.02535
G1 X93.51 Y112.323 E.02535
G1 X92.989 Y112.963 E.02535
G1 X92.354 Y113.489 E.02535
G1 X91.628 Y113.882 E.02535
G1 X90.839 Y114.125 E.02535
G1 X90.018 Y114.209 E.02535
G1 X89.197 Y114.132 E.02535
G1 X88.406 Y113.896 E.02535
G1 X87.677 Y113.51 E.02535
G1 X87.037 Y112.989 E.02535
G1 X86.511 Y112.354 E.02535
G1 X86.118 Y111.628 E.02535
G1 X85.875 Y110.839 E.02535
G1 X85.791 Y110.018 E.02535
G1 X85.868 Y109.197 E.02535
G1 X86.104 Y108.406 E.02535
G1 X86.49 Y107.677 E.02535
G1 X87.037 Y107.011 E.02648
G1 X87.646 Y106.511 E.02422
G1 X88.372 Y106.118 E.02535
G1 X89.161 Y105.875 E.02535
G1 X89.835 Y105.798 E.02087
G1 X90.398 Y105.809 E.0173
G1 X90.839 Y105.875 E.0137
G1 X91.594 Y106.104 E.02422
G1 X92.323 Y106.49 E.02535
G1 X92.963 Y107.011 E.02535
G1 X93.489 Y107.646 E.02535
G1 X93.863 Y108.337 E.02413
G1 E-4.5 F2700
;WIPE_START
G1 F2400
G1 X94.132 Y109.197 E-.21403
G1 X94.209 Y109.984 E-.18772
G1 X94.18 Y110.291 E-.07325
;WIPE_END
G1 E-.025 F2700
M205 X8 Y8
G1 X95.002 Y111.657 Z1.6 F7200
G1 Z1.2
G1 E5 F2400
M205 X10 Y10
;TYPE:Sparse infill
;WIDTH:0.45
G1 F3000
G1 X95.188 Y111.055 E.0209
G1 X95.288 Y110.062 E.03311
G1 X96.005 Y110.515 E.02814
G1 X97.227 Y111.171 E.04598
G1 X97.508 Y111.498 E.01432
G1 X97.576 Y111.826 E.0111
G1 X97.486 Y112.481 E.02193
G1 X97.283 Y113.136 E.02276
G1 X96.991 Y113.791 E.02379
G1 X96.571 Y114.446 E.02581
G1 X95.924 Y115.101 E.03055
G1 X94.888 Y115.757 E.04067
G1 X93.666 Y116.412 E.04598
G1 X93.385 Y116.739 E.01432
G1 X93.318 Y117.067 E.0111
G1 X93.407 Y117.722 E.02193
G1 X93.61 Y118.377 E.02276
G1 X93.902 Y119.032 E.02379
G1 X94.34 Y119.706 E.02665
G1 X98.846 Y119.706 E.14948
G1 X99.143 Y119.032 E.02442
G1 X99.563 Y118.377 E.02581
G1 X100.21 Y117.722 E.03055
G1 X101.247 Y117.067 E.04067
G1 X102.468 Y116.412 E.04598
G1 X102.749 Y116.084 E.01432
G1 X102.817 Y115.757 E.0111
G1 X102.728 Y115.101 E.02193
G1 X102.524 Y114.446 E.02276
G1 X102.233 Y113.791 E.02379
G1 X101.813 Y113.136 E.02581
G1 X101.166 Y112.481 E.03055
G1 X100.129 Y111.826 E.04067
G1 X98.908 Y111.171 E.04598
G1 X98.627 Y110.843 E.01432
G1 X98.559 Y110.515 E.0111
G1 X98.648 Y109.86 E.02193
G1 X98.852 Y109.205 E.02276
G1 X99.143 Y108.55 E.02379
G1 X99.563 Y107.895 E.02581
G1 X100.21 Y107.24 E.03055
G1 X101.247 Y106.584 E.04067
G1 X102.468 Y105.929 E.04598
G1 X102.749 Y105.602 E.01432
G1 X102.817 Y105.274 E.0111
G1 X102.728 Y104.619 E.02193
G1 X102.524 Y103.964 E.02276
G1 X102.233 Y103.309 E.02379
G1 X101.813 Y102.653 E.02581
G1 X101.166 Y101.998 E.03055
G1 X100.129 Y101.343 E.04067
G1 X98.908 Y100.688 E.04598
G1 X98.627 Y100.36 E.01432
G1 X98.613 Y100.294 E.00224
G1 X96.493 Y100.294 E.07034
G1 X97.227 Y100.688 E.02764
G1 X97.508 Y101.015 E.01432
G1 X97.576 Y101.343 E.0111
G1 X97.486 Y101.998 E.02193
G1 X97.283 Y102.653 E.02276
G1 X96.991 Y103.309 E.02379
G1 X96.571 Y103.964 E.02581
G1 X95.924 Y104.619 E.03055
G1 X94.888 Y105.274 E.04067
G1 X93.666 Y105.929 E.04598
G1 X93.538 Y106.079 E.00657
G1 X93.038 Y105.67 E.02141
G1 X92.838 Y105.536 E.00801
G1 X92.333 Y105.266 E.01898
G1 X92.245 Y104.619 E.02167
G1 X92.042 Y103.964 E.02276
G1 X91.75 Y103.309 E.02379
G1 X91.33 Y102.653 E.02581
G1 X90.683 Y101.998 E.03055
G1 X89.647 Y101.343 E.04067
G1 X88.425 Y100.688 E.04598
G1 X88.144 Y100.36 E.01432
G1 X88.13 Y100.294 E.00224
G1 X86.01 Y100.294 E.07034
G1 X86.744 Y100.688 E.02764
G1 X87.025 Y101.015 E.01432
G1 X87.093 Y101.343 E.0111
G1 X87.004 Y101.998 E.02193
G1 X86.8 Y102.653 E.02276
G1 X86.509 Y103.309 E.02379
G1 X86.089 Y103.964 E.02581
G1 X85.442 Y104.619 E.03055
G1 X84.405 Y105.274 E.04067
G1 X83.184 Y105.929 E.04598
G1 X82.903 Y106.257 E.01432
G1 X82.835 Y106.584 E.0111
G1 X82.924 Y107.24 E.02193
G1 X83.128 Y107.895 E.02276
G1 X83.419 Y108.55 E.02379
G1 X83.839 Y109.205 E.02581
G1 X84.486 Y109.86 E.03055
G1 X84.706 Y109.999 E.00861
G1 X84.802 Y111.006 E.03356
G1 X85.068 Y111.912 E.03132
G1 X85.16 Y112.135 E.00802
G1 X85.536 Y112.838 E.02642
G1 X85.67 Y113.038 E.00801
G1 X86.175 Y113.654 E.02642
G1 X86.438 Y113.901 E.01197
G1 X86.089 Y114.446 E.0215
G1 X85.442 Y115.101 E.03055
G1 X84.405 Y115.757 E.04067
G1 X83.184 Y116.412 E.04598
G1 X82.903 Y116.739 E.01432
G1 X82.835 Y117.067 E.0111
G1 X82.924 Y117.722 E.02193
G1 X83.128 Y118.377 E.02276
G1 X83.419 Y119.032 E.02379
G1 X83.857 Y119.706 E.02665
G1 X88.363 Y119.706 E.14948
G1 X88.661 Y119.032 E.02442
G1 X89.081 Y118.377 E.02581
G1 X89.728 Y117.722 E.03055
G1 X90.764 Y117.067 E.04067
G1 X91.985 Y116.412 E.04598
G1 X92.266 Y116.084 E.01432
G1 X92.334 Y115.757 E.0111
G1 X92.245 Y115.101 E.02193
G1 X92.16 Y114.827 E.00955
G1 X91.912 Y114.932 E.00893
G1 X91.006 Y115.198 E.03132
G1 X90.593 Y115.238 E.01376
M205 X8 Y8
G1 X79.294 Y119.319 F7200
M205 X10 Y10
G1 F3000
G1 X79.294 Y117.691 E.05401
G1 X80.281 Y117.067 E.03875
G1 X81.503 Y116.412 E.04598
G1 X81.784 Y116.084 E.01432
G1 X81.852 Y115.757 E.0111
G1 X81.762 Y115.101 E.02193
G1 X81.559 Y114.446 E.02276
G1 X81.267 Y113.791 E.02379
G1 X80.847 Y113.136 E.02581
G1 X80.2 Y112.481 E.03055
G1 X79.294 Y111.908 E.03556
G1 X79.294 Y107.208 E.15589
G1 X80.281 Y106.584 E.03875
G1 X81.503 Y105.929 E.04598
G1 X81.784 Y105.602 E.01432
G1 X81.852 Y105.274 E.0111
G1 X81.762 Y104.619 E.02193
G1 X81.559 Y103.964 E.02276
G1 X81.267 Y103.309 E.02379
G1 X80.847 Y102.653 E.02581
G1 X80.2 Y101.998 E.03055
G1 X79.294 Y101.425 E.03556
G1 X79.294 Y100.294 E.03753
G1 X79.791 Y100.294 E.01649
M205 X8 Y8
G1 X103.756 Y109.476 F7200
M205 X10 Y10
G1 F3000
G1 X103.823 Y108.791 E.02282
G1 X104.092 Y107.89 E.03119
G1 X103.889 Y107.24 E.0226
G1 X103.8 Y106.584 E.02193
G1 X103.868 Y106.257 E.0111
G1 X104.149 Y105.929 E.01432
G1 X105.37 Y105.274 E.04598
G1 X106.407 Y104.619 E.04067
G1 X107.054 Y103.964 E.03055
G1 X107.474 Y103.309 E.02581
G1 X107.765 Y102.653 E.02379
G1 X107.969 Y101.998 E.02276
G1 X108.058 Y101.343 E.02193
G1 X107.99 Y101.015 E.0111
G1 X107.709 Y100.688 E.01432
G1 X106.975 Y100.294 E.02764
G1 X109.096 Y100.294 E.07034
G1 X109.109 Y100.36 E.00224
G1 X109.39 Y100.688 E.01432
G1 X110.612 Y101.343 E.04598
G1 X111.648 Y101.998 E.04067
G1 X112.295 Y102.653 E.03055
G1 X112.715 Y103.309 E.02581
G1 X113.007 Y103.964 E.02379
G1 X113.206 Y104.604 E.02224
G1 X113.594 Y104.838 E.01505
G1 X114.361 Y105.468 E.03292
G1 X114.532 Y105.639 E.00801
G1 X114.728 Y105.878 E.01024
G1 X115.853 Y105.274 E.04235
G1 X116.889 Y104.619 E.04067
G1 X117.537 Y103.964 E.03055
G1 X117.956 Y103.309 E.02581
G1 X118.248 Y102.653 E.02379
G1 X118.452 Y101.998 E.02276
G1 X118.541 Y101.343 E.02193
G1 X118.473 Y101.015 E.0111
G1 X118.192 Y100.688 E.01432
G1 X117.458 Y100.294 E.02764
G1 X119.578 Y100.294 E.07034
G1 X119.592 Y100.36 E.00224
G1 X119.873 Y100.688 E.01432
G1 X121.094 Y101.343 E.04598
G1 X122.131 Y101.998 E.04067
G1 X122.778 Y102.653 E.03055
G1 X123.198 Y103.309 E.02581
G1 X123.489 Y103.964 E.02379
G1 X123.693 Y104.619 E.02276
G1 X123.782 Y105.274 E.02193
G1 X123.714 Y105.602 E.0111
G1 X123.433 Y105.929 E.01432
G1 X122.212 Y106.584 E.04598
G1 X121.175 Y107.24 E.04067
G1 X120.528 Y107.895 E.03055
G1 X120.108 Y108.55 E.02581
G1 X119.817 Y109.205 E.02379
G1 X119.613 Y109.86 E.02276
G1 X119.524 Y110.515 E.02193
G1 X119.592 Y110.843 E.0111
G1 X119.873 Y111.171 E.01432
G1 X121.094 Y111.826 E.04598
G1 X122.131 Y112.481 E.04067
G1 X122.778 Y113.136 E.03055
G1 X123.198 Y113.791 E.02581
G1 X123.489 Y114.446 E.02379
G1 X123.693 Y115.101 E.02276
G1 X123.782 Y115.757 E.02193
G1 X123.714 Y116.084 E.0111
G1 X123.433 Y116.412 E.01432
G1 X122.212 Y117.067 E.04598
G1 X121.175 Y117.722 E.04067
G1 X120.528 Y118.377 E.03055
G1 X120.108 Y119.032 E.02581
G1 X119.811 Y119.706 E.02442
G1 X115.305 Y119.706 E.14948
G1 X114.867 Y119.032 E.02665
G1 X114.576 Y118.377 E.02379
G1 X114.372 Y117.722 E.02276
G1 X114.283 Y117.067 E.02193
G1 X114.351 Y116.739 E.0111
G1 X114.632 Y116.412 E.01432
G1 X115.853 Y115.757 E.04598
G1 X116.889 Y115.101 E.04067
G1 X117.537 Y114.446 E.03055
G1 X117.956 Y113.791 E.02581
G1 X118.248 Y113.136 E.02379
G1 X118.452 Y112.481 E.02276
G1 X118.541 Y111.826 E.02193
G1 X118.473 Y111.498 E.0111
G1 X118.192 Y111.171 E.01432
G1 X116.971 Y110.515 E.04598
G1 X116.286 Y110.083 E.02685
G1 X116.175 Y111.22 E.03792
G1 X115.802 Y112.441 E.04233
G1 X115.296 Y113.393 E.03578
G1 X115.162 Y113.594 E.00801
G1 X114.532 Y114.361 E.03292
G1 X114.361 Y114.532 E.00801
G1 X113.594 Y115.162 E.03292
G1 X113.247 Y115.374 E.01349
G1 X113.299 Y115.757 E.01282
G1 X113.232 Y116.084 E.0111
M73 P48 R9
G1 X112.951 Y116.412 E.01432
G1 X111.729 Y117.067 E.04598
G1 X110.693 Y117.722 E.04067
G1 X110.046 Y118.377 E.03055
G1 X109.626 Y119.032 E.02581
G1 X109.329 Y119.706 E.02442
G1 X104.822 Y119.706 E.14948
G1 X104.804 Y119.688 E.00085
G1 X104.385 Y119.032 E.02581
G1 X104.093 Y118.377 E.02379
G1 X103.889 Y117.722 E.02276
G1 X103.8 Y117.067 E.02193
G1 X103.868 Y116.739 E.0111
G1 X104.149 Y116.412 E.01432
G1 X105.37 Y115.757 E.04598
G1 X106.365 Y115.128 E.03903
G1 X105.639 Y114.532 E.03116
G1 X105.468 Y114.361 E.00801
G1 X105.184 Y114.015 E.01484
G1 E-4.5 F2700
;WIPE_START
G1 F3000
G1 X105.468 Y114.361 E-.10625
G1 X105.639 Y114.532 E-.05736
G1 X106.365 Y115.128 E-.22312
G1 X106.051 Y115.327 E-.08827
;WIPE_END
G1 E-.025 F2700
M205 X8 Y8
G1 X113.682 Y115.167 Z1.6 F7200
G1 X124.644 Y114.939 Z1.6
G1 Z1.2
G1 E5 F2400
M205 X10 Y10
G1 F3000
G1 X124.801 Y115.115 E.00782
G1 X125.328 Y115.6 E.02374
G1 X125.868 Y116.007 E.02245
G1 X125.114 Y116.412 E.02838
G1 X124.833 Y116.739 E.01432
G1 X124.765 Y117.067 E.0111
G1 X124.855 Y117.722 E.02193
G1 X125.058 Y118.377 E.02276
G1 X125.35 Y119.032 E.02379
G1 X125.788 Y119.706 E.02665
G1 X130.294 Y119.706 E.14948
G1 X130.591 Y119.032 E.02442
G1 X131.011 Y118.377 E.02581
G1 X131.658 Y117.722 E.03055
G1 X132.694 Y117.067 E.04067
G1 X133.916 Y116.412 E.04598
G1 X134.197 Y116.084 E.01432
G1 X134.228 Y115.935 E.00505
G1 X134.672 Y115.6 E.01847
G1 X135.199 Y115.115 E.02374
G1 X135.675 Y114.581 E.02374
G1 X136.097 Y114.003 E.02374
G1 X136.46 Y113.386 E.02374
G1 X136.76 Y112.736 E.02374
G1 X136.996 Y112.061 E.02374
G1 X137.159 Y111.396 E.0227
G1 X137.263 Y110.656 E.02478
G1 X137.289 Y110.107 E.01825
G1 X137.936 Y110.515 E.02537
G1 X139.157 Y111.171 E.04598
G1 X139.438 Y111.498 E.01432
G1 X139.506 Y111.826 E.0111
G1 X139.417 Y112.481 E.02193
G1 X139.213 Y113.136 E.02276
G1 X138.922 Y113.791 E.02379
G1 X138.502 Y114.446 E.02581
G1 X137.855 Y115.101 E.03055
G1 X136.818 Y115.757 E.04067
G1 X135.597 Y116.412 E.04598
G1 X135.316 Y116.739 E.01432
G1 X135.248 Y117.067 E.0111
G1 X135.337 Y117.722 E.02193
G1 X135.541 Y118.377 E.02276
G1 X135.832 Y119.032 E.02379
G1 X136.27 Y119.706 E.02665
G1 X140.706 Y119.706 E.14714
G1 X140.706 Y111.016 E.28825
G1 X140.557 Y110.843 E.00758
G1 X140.489 Y110.515 E.0111
G1 X140.579 Y109.86 E.02193
G1 X140.706 Y109.45 E.01424
G1 X140.706 Y100.294 E.30373
G1 X138.423 Y100.294 E.07573
G1 X139.157 Y100.688 E.02764
G1 X139.438 Y101.015 E.01432
G1 X139.506 Y101.343 E.0111
G1 X139.417 Y101.998 E.02193
G1 X139.213 Y102.653 E.02276
G1 X138.922 Y103.309 E.02379
G1 X138.502 Y103.964 E.02581
G1 X137.855 Y104.619 E.03055
G1 X136.818 Y105.274 E.04067
G1 X135.922 Y105.755 E.03374
G1 X135.6 Y105.328 E.01774
G1 X135.115 Y104.801 E.02374
G1 X134.581 Y104.325 E.02374
G1 X133.925 Y103.858 E.02672
G1 X133.68 Y103.309 E.01994
G1 X133.261 Y102.653 E.02581
G1 X132.613 Y101.998 E.03055
G1 X131.577 Y101.343 E.04067
G1 X130.356 Y100.688 E.04598
G1 X130.075 Y100.36 E.01432
G1 X130.061 Y100.294 E.00224
G1 X127.94 Y100.294 E.07034
G1 X128.675 Y100.688 E.02764
G1 X128.956 Y101.015 E.01432
G1 X129.023 Y101.343 E.0111
G1 X128.934 Y101.998 E.02193
G1 X128.731 Y102.653 E.02276
G1 X128.65 Y102.834 E.00656
G1 X127.827 Y103.038 E.02815
G1 X127.097 Y103.313 E.02585
; stop printing object V7_00_DS18B20_fit_gauge_8_10_12.stl id:0 copy 0
;TIME_ELAPSED:545.570923

;LAYER_CHANGE
;:1.4
;HEIGHT:0.2
;BEFORE_LAYER_CHANGE
;1.4
G92 E0

G1 E-4.5 F2700
;WIPE_START
G1 F3000
G1 X127.827 Y103.038 E-.18505
G1 X128.65 Y102.834 E-.20155
G1 X128.731 Y102.653 E-.04695
G1 X128.782 Y102.487 E-.04145
;WIPE_END
G1 E-.025 F2700
;_SET_FAN_SPEED_CHANGING_LAYER
; OBJECT_ID: 15
; printing object V7_00_DS18B20_fit_gauge_8_10_12.stl id:0 copy 0
M205 X8 Y8
G17
G3 Z1.6 I-.998 J.696 P1  F7200
G1 X140.991 Y119.991 Z1.6
G1 Z1.4
G1 E5 F2400
M205 X10 Y10
;TYPE:Inner wall
;WIDTH:0.449999
G1 F2700
G1 X79.009 Y119.991 E2.05604
G1 X79.009 Y100.009 E.66283
G1 X140.991 Y100.009 E2.05604
G1 X140.991 Y119.951 E.6615
M205 X8 Y8
G1 X141.398 Y120.398 F7200
M205 X10 Y10
G1 F2700
G1 X78.602 Y120.398 E2.08305
G1 X78.602 Y99.602 E.68984
G1 X141.398 Y99.602 E2.08305
M73 P49 R9
G1 X141.398 Y120.358 E.68851
M205 X8 Y8
G1 X141.79 Y120.79 F7200
M205 X10 Y10
;TYPE:Outer wall
;WIDTH:0.419999
G1 F2400
G1 X78.21 Y120.79 E1.95363
G1 X78.21 Y99.21 E.66309
G1 X141.79 Y99.21 E1.95363
G1 X141.79 Y120.75 E.66186
G1 E-4.5 F2700
;WIPE_START
G1 F2400
G1 X139.79 Y120.751 E-.475
;WIPE_END
G1 E-.025 F2700
M205 X8 Y8
G1 X132.742 Y117.822 Z1.8 F7200
G1 X124.57 Y114.426 Z1.8
G1 Z1.4
G1 E5 F2400
M205 X10 Y10
;TYPE:Inner wall
;WIDTH:0.449999
G1 F2700
G1 X124.2 Y113.934 E.02043
G1 X123.842 Y113.346 E.02281
G1 X123.544 Y112.727 E.02281
G1 X123.308 Y112.081 E.02281
G1 X123.144 Y111.445 E.02178
G1 X123.055 Y110.901 E.01828
G1 X122.992 Y110.048 E.02836
G1 X123.021 Y109.361 E.02281
G1 X123.117 Y108.68 E.02281
G1 X123.28 Y108.012 E.02281
G1 X123.507 Y107.363 E.02281
G1 X123.75 Y106.837 E.01921
G1 X124.146 Y106.147 E.0264
G1 X124.552 Y105.592 E.02281
G1 X125.01 Y105.079 E.02281
G1 X125.517 Y104.613 E.02281
G1 X126.066 Y104.2 E.02281
G1 X126.654 Y103.842 E.02281
G1 X127.273 Y103.544 E.02281
G1 X127.919 Y103.308 E.02281
G1 X128.585 Y103.136 E.02281
G1 X129.265 Y103.031 E.02281
G1 X129.952 Y102.992 E.02281
G1 X130.639 Y103.021 E.02281
G1 X131.32 Y103.117 E.02281
G1 X131.988 Y103.28 E.02281
G1 X132.637 Y103.507 E.02281
G1 X133.261 Y103.797 E.02281
G1 X133.853 Y104.146 E.02281
G1 X134.408 Y104.552 E.02281
G1 X134.921 Y105.01 E.02281
G1 X135.325 Y105.449 E.01978
G1 X135.8 Y106.066 E.02583
G1 X136.158 Y106.654 E.02281
G1 X136.456 Y107.273 E.02281
G1 X136.692 Y107.919 E.02281
G1 X136.864 Y108.585 E.02281
G1 X136.969 Y109.265 E.02281
G1 X137.008 Y109.952 E.02281
G1 X136.979 Y110.639 E.02281
G1 X136.883 Y111.32 E.02281
G1 X136.72 Y111.988 E.02281
G1 X136.493 Y112.637 E.02281
G1 X136.203 Y113.261 E.02281
G1 X135.854 Y113.853 E.02281
G1 X135.448 Y114.408 E.02281
G1 X134.99 Y114.921 E.02281
G1 X134.483 Y115.387 E.02281
G1 X133.934 Y115.8 E.02281
G1 X133.346 Y116.158 E.02281
G1 X132.727 Y116.456 E.02281
G1 X132.081 Y116.692 E.02281
G1 X131.415 Y116.864 E.02281
G1 X130.735 Y116.969 E.02281
G1 X130.048 Y117.008 E.02281
G1 X129.361 Y116.979 E.02281
G1 X128.68 Y116.883 E.02281
G1 X128.012 Y116.72 E.02281
G1 X127.363 Y116.493 E.02281
G1 X126.739 Y116.203 E.02281
G1 X126.147 Y115.854 E.02281
G1 X125.592 Y115.448 E.02281
G1 X125.079 Y114.99 E.02281
G1 X124.613 Y114.483 E.02281
G1 X124.594 Y114.458 E.00106
M205 X8 Y8
G1 X124.894 Y114.181 F7200
M205 X10 Y10
G1 F2700
G1 X124.527 Y113.691 E.0203
G1 X124.192 Y113.137 E.02149
G1 X123.912 Y112.553 E.02149
G1 X123.691 Y111.944 E.02149
G1 X123.539 Y111.346 E.02046
G1 X123.458 Y110.841 E.01696
G1 X123.399 Y110.028 E.02703
G1 X123.428 Y109.381 E.02149
G1 X123.52 Y108.74 E.02149
G1 X123.675 Y108.111 E.02149
G1 X123.89 Y107.5 E.02149
G1 X124.118 Y107.011 E.01789
G1 X124.495 Y106.356 E.02508
G1 X124.879 Y105.834 E.02149
G1 X125.312 Y105.352 E.02149
G1 X125.79 Y104.915 E.02149
G1 X126.309 Y104.527 E.02149
G1 X126.863 Y104.192 E.02149
G1 X127.447 Y103.912 E.02149
G1 X128.056 Y103.691 E.02149
G1 X128.684 Y103.531 E.02149
G1 X129.325 Y103.433 E.02149
G1 X129.972 Y103.399 E.02149
G1 X130.619 Y103.428 E.02149
G1 X131.26 Y103.52 E.02149
G1 X131.889 Y103.675 E.02149
G1 X132.5 Y103.89 E.02149
G1 X133.087 Y104.165 E.02149
G1 X133.644 Y104.495 E.02149
G1 X134.166 Y104.879 E.02149
G1 X134.648 Y105.312 E.02149
G1 X135.024 Y105.722 E.01846
G1 X135.473 Y106.309 E.02451
G1 X135.808 Y106.863 E.02149
G1 X136.088 Y107.447 E.02149
G1 X136.309 Y108.056 E.02149
G1 X136.469 Y108.684 E.02149
G1 X136.567 Y109.325 E.02149
G1 X136.601 Y109.972 E.02149
G1 X136.572 Y110.619 E.02149
G1 X136.48 Y111.26 E.02149
G1 X136.325 Y111.889 E.02149
G1 X136.11 Y112.5 E.02149
G1 X135.835 Y113.087 E.02149
G1 X135.505 Y113.644 E.02149
G1 X135.121 Y114.166 E.02149
G1 X134.688 Y114.648 E.02149
G1 X134.21 Y115.085 E.02149
G1 X133.691 Y115.473 E.02149
G1 X133.137 Y115.808 E.02149
G1 X132.553 Y116.088 E.02149
G1 X131.944 Y116.309 E.02149
G1 X131.316 Y116.469 E.02149
G1 X130.675 Y116.567 E.02149
G1 X130.028 Y116.601 E.02149
G1 X129.381 Y116.572 E.02149
G1 X128.74 Y116.48 E.02149
G1 X128.111 Y116.325 E.02149
G1 X127.5 Y116.11 E.02149
G1 X126.913 Y115.835 E.02149
G1 X126.356 Y115.505 E.02149
G1 X125.834 Y115.121 E.02149
G1 X125.352 Y114.688 E.02149
G1 X124.918 Y114.213 E.02135
M205 X8 Y8
G1 X125.206 Y113.947 F7200
M205 X10 Y10
;TYPE:Outer wall
;WIDTH:0.419999
G1 F2400
G1 X124.842 Y113.458 E.01872
G1 X124.528 Y112.935 E.01873
G1 X124.266 Y112.385 E.01872
G1 X124.06 Y111.811 E.01873
G1 X123.919 Y111.251 E.01777
G1 X123.821 Y110.618 E.01968
G1 X123.79 Y110.009 E.01873
G1 X123.819 Y109.401 E.01873
G1 X123.908 Y108.798 E.01872
G1 X124.055 Y108.206 E.01873
G1 X124.259 Y107.632 E.01873
G1 X124.473 Y107.179 E.01539
G1 X124.832 Y106.558 E.02205
G1 X125.194 Y106.068 E.01873
G1 X125.602 Y105.616 E.01873
G1 X126.053 Y105.206 E.01873
G1 X126.542 Y104.842 E.01872
G1 X127.065 Y104.528 E.01873
G1 X127.615 Y104.266 E.01872
G1 X128.189 Y104.06 E.01873
G1 X128.779 Y103.911 E.01873
G1 X129.382 Y103.821 E.01872
G1 X129.991 Y103.79 E.01873
G1 X130.599 Y103.819 E.01873
G1 X131.202 Y103.908 E.01872
G1 X131.794 Y104.055 E.01873
G1 X132.368 Y104.259 E.01873
G1 X132.919 Y104.519 E.01872
G1 X133.442 Y104.832 E.01873
G1 X133.932 Y105.194 E.01872
G1 X134.384 Y105.602 E.01873
G1 X134.733 Y105.986 E.01592
G1 X135.158 Y106.542 E.02152
G1 X135.472 Y107.065 E.01873
G1 X135.734 Y107.615 E.01872
G1 X135.94 Y108.189 E.01873
G1 X136.089 Y108.779 E.01873
G1 X136.179 Y109.382 E.01872
G1 X136.21 Y109.991 E.01873
G1 X136.181 Y110.599 E.01873
G1 X136.092 Y111.202 E.01872
G1 X135.945 Y111.794 E.01873
G1 X135.741 Y112.368 E.01873
G1 X135.481 Y112.919 E.01872
G1 X135.168 Y113.442 E.01873
G1 X134.806 Y113.932 E.01872
G1 X134.398 Y114.384 E.01873
G1 X133.947 Y114.794 E.01873
G1 X133.458 Y115.158 E.01872
G1 X132.935 Y115.472 E.01873
G1 X132.385 Y115.734 E.01872
G1 X131.811 Y115.94 E.01873
G1 X131.221 Y116.089 E.01873
G1 X130.618 Y116.179 E.01872
G1 X130.009 Y116.21 E.01873
G1 X129.401 Y116.181 E.01873
G1 X128.798 Y116.092 E.01872
G1 X128.206 Y115.945 E.01873
G1 X127.632 Y115.741 E.01873
G1 X127.081 Y115.481 E.01872
G1 X126.558 Y115.168 E.01873
G1 X126.068 Y114.806 E.01872
G1 X125.616 Y114.398 E.01873
G1 X125.233 Y113.976 E.0175
G1 E-4.5 F2700
;WIPE_START
G1 F2400
G1 X124.842 Y113.458 E-.15419
G1 X124.528 Y112.935 E-.14474
G1 X124.266 Y112.385 E-.14473
G1 X124.222 Y112.261 E-.03135
;WIPE_END
G1 E-.025 F2700
M205 X8 Y8
G1 X116.82 Y114.121 Z1.8 F7200
G1 X113.292 Y115.008 Z1.8
M73 P50 R9
G1 Z1.4
G1 E5 F2400
M205 X10 Y10
;TYPE:Inner wall
;WIDTH:0.449999
G1 F2700
G1 X112.387 Y115.51 E.03432
G1 X111.266 Y115.87 E.03905
G1 X110.097 Y116.004 E.03905
G1 X108.924 Y115.908 E.03905
G1 X107.792 Y115.584 E.03905
G1 X106.745 Y115.046 E.03905
G1 X105.823 Y114.314 E.03905
G1 X105.061 Y113.416 E.03905
G1 X104.49 Y112.387 E.03905
G1 X104.13 Y111.266 E.03905
G1 X103.996 Y110.097 E.03905
G1 X104.073 Y109.119 E.03255
G1 X104.13 Y108.734 E.01291
G1 X104.416 Y107.792 E.03265
G1 X104.954 Y106.745 E.03905
G1 X105.686 Y105.823 E.03905
G1 X106.584 Y105.061 E.03905
G1 X107.613 Y104.49 E.03905
G1 X108.734 Y104.13 E.03905
G1 X109.903 Y103.996 E.03905
G1 X111.076 Y104.092 E.03905
G1 X112.208 Y104.416 E.03905
G1 X113.255 Y104.954 E.03905
G1 X114.177 Y105.686 E.03905
G1 X114.939 Y106.584 E.03905
G1 X115.51 Y107.613 E.03905
G1 X115.872 Y108.74 E.03927
G1 X115.968 Y109.534 E.02655
G1 X116.008 Y110.048 E.0171
G1 X115.895 Y111.166 E.03726
G1 X115.54 Y112.326 E.04023
G1 X114.939 Y113.416 E.04131
G1 X114.314 Y114.177 E.03265
G1 X113.416 Y114.939 E.03905
G1 X113.327 Y114.988 E.0034
M205 X8 Y8
G1 X113.095 Y114.659 F7200
M205 X10 Y10
G1 F2700
G1 X112.195 Y115.151 E.03403
G1 X111.148 Y115.481 E.03641
G1 X110.057 Y115.599 E.03641
G1 X108.963 Y115.503 E.03641
G1 X107.91 Y115.195 E.03641
G1 X106.937 Y114.687 E.03641
G1 X106.081 Y114 E.03641
G1 X105.376 Y113.158 E.03641
G1 X104.849 Y112.195 E.03641
G1 X104.519 Y111.148 E.03641
G1 X104.401 Y110.057 E.03641
G1 X104.519 Y108.852 E.04017
G1 X104.805 Y107.91 E.03265
G1 X105.313 Y106.937 E.03641
G1 X106 Y106.081 E.03641
G1 X106.842 Y105.376 E.03641
G1 X107.805 Y104.849 E.03641
G1 X108.852 Y104.519 E.03641
G1 X109.943 Y104.401 E.03641
G1 X111.037 Y104.497 E.03641
G1 X112.09 Y104.805 E.03641
G1 X113.063 Y105.313 E.03641
G1 X113.919 Y106 E.03641
G1 X114.624 Y106.842 E.03641
G1 X115.195 Y107.91 E.04017
G1 X115.482 Y108.855 E.03278
G1 X115.599 Y110.057 E.04004
G1 X115.503 Y111.037 E.03265
G1 X115.16 Y112.178 E.03952
G1 X114.624 Y113.158 E.03707
G1 X114 Y113.919 E.03265
G1 X113.158 Y114.624 E.03641
G1 X113.13 Y114.639 E.00105
M205 X8 Y8
G1 X112.909 Y114.321 F7200
M205 X10 Y10
;TYPE:Outer wall
;WIDTH:0.419999
G1 F2400
G1 X112.011 Y114.806 E.03138
G1 X111.034 Y115.105 E.03138
G1 X110.018 Y115.209 E.03138
G1 X109.002 Y115.113 E.03138
G1 X108.024 Y114.82 E.03138
G1 X107.121 Y114.341 E.03138
G1 X106.33 Y113.696 E.03138
G1 X105.679 Y112.909 E.03138
G1 X105.194 Y112.011 E.03138
G1 X104.895 Y111.034 E.03138
G1 X104.791 Y110.018 E.03138
G1 X104.895 Y108.966 E.03251
G1 X105.18 Y108.024 E.03025
G1 X105.659 Y107.121 E.03138
G1 X106.304 Y106.33 E.03138
G1 X107.091 Y105.679 E.03138
G1 X107.989 Y105.194 E.03138
G1 X108.966 Y104.895 E.03138
G1 X109.982 Y104.791 E.03138
G1 X110.998 Y104.887 E.03138
G1 X111.976 Y105.18 E.03138
G1 X112.879 Y105.659 E.03138
G1 X113.67 Y106.304 E.03138
G1 X114.321 Y107.091 E.03138
G1 X114.731 Y107.849 E.02649
G1 X114.943 Y108.43 E.019
G1 X115.106 Y108.967 E.01724
G1 X115.209 Y110.018 E.03247
G1 X115.113 Y110.998 E.03025
G1 X114.943 Y111.57 E.01833
G1 X114.731 Y112.151 E.019
G1 X114.341 Y112.879 E.02536
G1 X113.696 Y113.67 E.03138
G1 X112.94 Y114.295 E.03015
G1 E-4.5 F2700
;WIPE_START
G1 F2400
G1 X112.011 Y114.806 E-.25185
G1 X111.112 Y115.081 E-.22315
;WIPE_END
G1 E-.025 F2700
M205 X8 Y8
G1 X104.081 Y112.113 Z1.8 F7200
G1 X94.629 Y108.124 Z1.8
G1 Z1.4
G1 E5 F2400
M205 X10 Y10
;TYPE:Inner wall
;WIDTH:0.449999
G1 F2700
G1 X94.83 Y108.734 E.02131
G1 X94.927 Y109.119 E.01317
G1 X95.004 Y109.903 E.02615
G1 X94.927 Y110.881 E.03255
G1 X94.661 Y111.826 E.03255
G1 X94.215 Y112.7 E.03255
G1 X93.607 Y113.47 E.03255
G1 X92.861 Y114.107 E.03255
G1 X92.005 Y114.586 E.03255
G1 X91.071 Y114.889 E.03255
G1 X90.097 Y115.004 E.03255
G1 X89.119 Y114.927 E.03255
G1 X88.174 Y114.661 E.03255
G1 X87.3 Y114.215 E.03255
G1 X86.53 Y113.607 E.03255
G1 X85.893 Y112.861 E.03255
G1 X85.414 Y112.005 E.03255
G1 X85.111 Y111.071 E.03255
G1 X84.996 Y110.097 E.03255
G1 X85.073 Y109.119 E.03255
G1 X85.339 Y108.174 E.03255
G1 X85.785 Y107.3 E.03255
G1 X86.259 Y106.693 E.02557
G1 X86.53 Y106.393 E.01339
G1 X87.139 Y105.893 E.02615
G1 X87.995 Y105.414 E.03255
G1 X88.929 Y105.111 E.03255
G1 X89.72 Y105.005 E.02647
G1 X90.413 Y105.01 E.023
G1 X90.929 Y105.079 E.01728
G1 X91.826 Y105.339 E.03096
G1 X92.7 Y105.785 E.03255
G1 X93.47 Y106.393 E.03255
G1 X94.107 Y107.139 E.03255
G1 X94.586 Y107.995 E.03255
G1 X94.616 Y108.086 E.00315
M205 X8 Y8
G1 X94.249 Y108.259 F7200
M205 X10 Y10
G1 F2700
G1 X94.522 Y109.159 E.0312
G1 X94.599 Y109.943 E.02615
G1 X94.522 Y110.841 E.02991
G1 X94.271 Y111.708 E.02991
G1 X93.856 Y112.508 E.02991
G1 X93.292 Y113.212 E.02991
G1 X92.603 Y113.793 E.02991
G1 X91.813 Y114.227 E.02991
G1 X90.953 Y114.5 E.02991
G1 X90.057 Y114.599 E.02991
G1 X89.159 Y114.522 E.02991
G1 X88.292 Y114.271 E.02991
G1 X87.492 Y113.856 E.02991
G1 X86.788 Y113.292 E.02991
G1 X86.207 Y112.603 E.02991
G1 X85.773 Y111.813 E.02991
G1 X85.5 Y110.953 E.02991
G1 X85.401 Y110.057 E.02991
G1 X85.478 Y109.159 E.02991
G1 X85.729 Y108.292 E.02991
G1 X86.144 Y107.492 E.02991
G1 X86.788 Y106.708 E.03367
G1 X87.397 Y106.207 E.02615
G1 X88.187 Y105.773 E.02991
G1 X89.047 Y105.5 E.02991
G1 X89.765 Y105.41 E.02401
G1 X90.405 Y105.417 E.02123
G1 X90.953 Y105.5 E.01838
G1 X91.708 Y105.729 E.02615
G1 X92.508 Y106.144 E.02991
G1 X93.212 Y106.708 E.02991
G1 X93.793 Y107.397 E.02991
G1 X94.227 Y108.187 E.02991
G1 X94.237 Y108.22 E.00114
M205 X8 Y8
G1 X93.882 Y108.372 F7200
M205 X10 Y10
;TYPE:Outer wall
;WIDTH:0.419999
G1 F2400
G1 X94.132 Y109.197 E.02648
G1 X94.209 Y109.984 E.02429
G1 X94.132 Y110.803 E.02529
G1 X93.896 Y111.594 E.02535
G1 X93.51 Y112.323 E.02535
G1 X92.989 Y112.963 E.02535
G1 X92.354 Y113.489 E.02535
G1 X91.628 Y113.882 E.02535
G1 X90.839 Y114.125 E.02535
G1 X90.018 Y114.209 E.02535
G1 X89.197 Y114.132 E.02535
G1 X88.406 Y113.896 E.02535
G1 X87.677 Y113.51 E.02535
G1 X87.037 Y112.989 E.02535
G1 X86.511 Y112.354 E.02535
G1 X86.118 Y111.628 E.02535
G1 X85.875 Y110.839 E.02535
G1 X85.791 Y110.018 E.02535
G1 X85.868 Y109.197 E.02535
G1 X86.104 Y108.406 E.02535
G1 X86.49 Y107.677 E.02535
G1 X87.037 Y107.011 E.02648
G1 X87.646 Y106.511 E.02422
G1 X88.372 Y106.118 E.02535
G1 X89.161 Y105.875 E.02535
G1 X89.809 Y105.8 E.02005
G1 X90.398 Y105.809 E.01809
G1 X90.839 Y105.875 E.01372
G1 X91.594 Y106.104 E.02422
G1 X92.323 Y106.49 E.02535
G1 X92.963 Y107.011 E.02535
G1 X93.489 Y107.646 E.02535
G1 X93.863 Y108.337 E.02413
G1 E-4.5 F2700
;WIPE_START
G1 F2400
G1 X94.132 Y109.197 E-.21402
G1 X94.209 Y109.984 E-.18772
G1 X94.18 Y110.291 E-.07326
;WIPE_END
G1 E-.025 F2700
M205 X8 Y8
G1 X103.738 Y109.669 Z1.8 F7200
G1 Z1.4
G1 E5 F2400
M205 X10 Y10
;TYPE:Sparse infill
;WIDTH:0.45
G1 F3000
G1 X103.823 Y108.791 E.02924
G1 X104.036 Y108.076 E.02477
G1 X103.309 Y106.69 E.05193
G1 X102.981 Y106.421 E.01405
G1 X102.653 Y106.373 E.01098
G1 X101.998 Y106.484 E.02204
G1 X101.343 Y106.698 E.02286
G1 X100.688 Y106.996 E.02388
G1 X100.033 Y107.423 E.02593
G1 X99.378 Y108.08 E.03078
G1 X98.722 Y109.141 E.04138
G1 X98.067 Y110.41 E.04736
G1 X97.74 Y110.679 E.01405
G1 X97.412 Y110.727 E.01098
G1 X96.757 Y110.616 E.02204
G1 X96.102 Y110.402 E.02286
G1 X95.447 Y110.103 E.02388
G1 X95.294 Y110.004 E.00603
G1 X95.188 Y111.055 E.03504
G1 X94.878 Y112.058 E.03481
G1 X94.464 Y112.838 E.02929
G1 X94.33 Y113.038 E.00802
G1 X93.825 Y113.654 E.02642
G1 X93.654 Y113.825 E.00801
G1 X93.038 Y114.33 E.02642
G1 X92.838 Y114.464 E.00801
G1 X92.348 Y114.726 E.01842
G1 X92.826 Y115.651 E.03455
G1 X93.154 Y115.92 E.01405
G1 X93.481 Y115.968 E.01098
G1 X94.136 Y115.857 E.02204
G1 X94.791 Y115.643 E.02286
G1 X95.447 Y115.345 E.02388
G1 X96.102 Y114.918 E.02593
G1 X96.757 Y114.261 E.03078
G1 X97.412 Y113.2 E.04138
G1 X98.067 Y111.931 E.04736
G1 X98.395 Y111.662 E.01405
G1 X98.722 Y111.614 E.01098
G1 X99.378 Y111.725 E.02204
G1 X100.033 Y111.939 E.02286
G1 X100.688 Y112.238 E.02388
G1 X101.343 Y112.664 E.02593
G1 X101.998 Y113.321 E.03078
G1 X102.653 Y114.383 E.04138
G1 X103.309 Y115.651 E.04736
G1 X103.636 Y115.92 E.01405
G1 X103.964 Y115.968 E.01098
G1 X104.619 Y115.857 E.02204
G1 X105.274 Y115.643 E.02286
G1 X105.929 Y115.345 E.02388
G1 X106.319 Y115.091 E.01545
G1 X105.639 Y114.532 E.02921
G1 X105.468 Y114.361 E.00801
G1 X105.147 Y113.97 E.01679
G1 E-4.5 F2700
;WIPE_START
G1 F3000
G1 X105.468 Y114.361 E-.12023
G1 X105.639 Y114.532 E-.05736
G1 X106.319 Y115.091 E-.20913
G1 X106.008 Y115.293 E-.08827
;WIPE_END
G1 E-.025 F2700
M205 X8 Y8
G1 X113.637 Y115.06 Z1.8 F7200
G1 X124.457 Y114.729 Z1.8
G1 Z1.4
G1 E5 F2400
M205 X10 Y10
G1 F3000
G1 X124.801 Y115.115 E.01718
G1 X125.328 Y115.6 E.02374
G1 X125.643 Y115.838 E.0131
G1 X124.929 Y115.968 E.02408
G1 X124.601 Y115.92 E.01098
G1 X124.274 Y115.651 E.01405
G1 X123.619 Y114.383 E.04736
G1 X122.963 Y113.321 E.04138
G1 X122.308 Y112.664 E.03078
G1 X121.653 Y112.238 E.02593
G1 X120.998 Y111.939 E.02388
G1 X120.343 Y111.725 E.02286
G1 X119.688 Y111.614 E.02204
G1 X119.36 Y111.662 E.01098
G1 X119.032 Y111.931 E.01405
G1 X118.377 Y113.2 E.04736
G1 X117.722 Y114.261 E.04138
G1 X117.067 Y114.918 E.03078
G1 X116.412 Y115.345 E.02593
G1 X115.757 Y115.643 E.02388
G1 X115.101 Y115.857 E.02286
G1 X114.446 Y115.968 E.02204
G1 X114.119 Y115.92 E.01098
G1 X113.791 Y115.651 E.01405
G1 X113.553 Y115.189 E.01725
G1 X114.361 Y114.532 E.03457
G1 X114.532 Y114.361 E.00801
G1 X115.162 Y113.594 E.03292
G1 X115.296 Y113.393 E.00801
G1 X115.802 Y112.441 E.03578
G1 X116.175 Y111.22 E.04233
G1 X116.292 Y110.025 E.03983
G1 X116.412 Y110.103 E.00474
G1 X117.067 Y110.402 E.02388
G1 X117.722 Y110.616 E.02286
G1 X118.377 Y110.727 E.02204
G1 X118.705 Y110.679 E.01098
G1 X119.032 Y110.41 E.01405
G1 X119.688 Y109.141 E.04736
G1 X120.343 Y108.08 E.04138
G1 X120.998 Y107.423 E.03078
G1 X121.653 Y106.996 E.02593
G1 X122.308 Y106.698 E.02388
G1 X122.963 Y106.484 E.02286
G1 X123.619 Y106.373 E.02204
G1 X123.677 Y106.382 E.00197
G1 X123.903 Y105.997 E.01479
G1 X124.325 Y105.419 E.02374
G1 X124.432 Y105.299 E.00535
G1 X124.274 Y105.169 E.00681
G1 X123.619 Y103.9 E.04736
G1 X122.963 Y102.839 E.04138
G1 X122.308 Y102.181 E.03078
G1 X121.653 Y101.755 E.02593
G1 X120.998 Y101.457 E.02388
G1 X120.343 Y101.243 E.02286
G1 X119.688 Y101.132 E.02204
G1 X119.36 Y101.18 E.01098
G1 X119.032 Y101.448 E.01405
G1 X118.377 Y102.717 E.04736
G1 X117.722 Y103.778 E.04138
G1 X117.067 Y104.436 E.03078
G1 X116.412 Y104.862 E.02593
M73 P51 R9
G1 X115.757 Y105.16 E.02388
G1 X115.101 Y105.374 E.02286
G1 X114.446 Y105.485 E.02204
G1 X114.367 Y105.474 E.00267
G1 X113.64 Y104.876 E.0312
G1 X113.136 Y103.9 E.03644
G1 X112.481 Y102.839 E.04138
G1 X111.826 Y102.181 E.03078
G1 X111.171 Y101.755 E.02593
G1 X110.515 Y101.457 E.02388
G1 X109.86 Y101.243 E.02286
G1 X109.205 Y101.132 E.02204
G1 X108.877 Y101.18 E.01098
G1 X108.55 Y101.448 E.01405
G1 X107.895 Y102.717 E.04736
G1 X107.24 Y103.778 E.04138
G1 X106.584 Y104.436 E.03078
G1 X105.929 Y104.862 E.02593
G1 X105.274 Y105.16 E.02388
G1 X104.619 Y105.374 E.02286
G1 X103.964 Y105.485 E.02204
G1 X103.636 Y105.437 E.01098
G1 X103.309 Y105.169 E.01405
G1 X102.653 Y103.9 E.04736
G1 X101.998 Y102.839 E.04138
G1 X101.343 Y102.181 E.03078
G1 X100.688 Y101.755 E.02593
G1 X100.033 Y101.457 E.02388
G1 X99.378 Y101.243 E.02286
G1 X98.722 Y101.132 E.02204
G1 X98.395 Y101.18 E.01098
G1 X98.067 Y101.448 E.01405
G1 X97.412 Y102.717 E.04736
G1 X96.757 Y103.778 E.04138
G1 X96.102 Y104.436 E.03078
G1 X95.447 Y104.862 E.02593
G1 X94.791 Y105.16 E.02388
G1 X94.136 Y105.374 E.02286
G1 X93.481 Y105.485 E.02204
G1 X93.154 Y105.437 E.01098
G1 X92.826 Y105.169 E.01405
G1 X92.171 Y103.9 E.04736
G1 X91.516 Y102.839 E.04138
G1 X90.86 Y102.181 E.03078
G1 X90.205 Y101.755 E.02593
G1 X89.55 Y101.457 E.02388
G1 X88.895 Y101.243 E.02286
G1 X88.24 Y101.132 E.02204
G1 X87.912 Y101.18 E.01098
G1 X87.585 Y101.448 E.01405
G1 X86.929 Y102.717 E.04736
G1 X86.274 Y103.778 E.04138
G1 X85.619 Y104.436 E.03078
G1 X84.964 Y104.862 E.02593
G1 X84.309 Y105.16 E.02388
G1 X83.654 Y105.374 E.02286
G1 X82.998 Y105.485 E.02204
G1 X82.671 Y105.437 E.01098
G1 X82.343 Y105.169 E.01405
G1 X81.688 Y103.9 E.04736
G1 X81.033 Y102.839 E.04138
G1 X80.378 Y102.181 E.03078
G1 X79.723 Y101.755 E.02593
G1 X79.294 Y101.56 E.01562
G1 X79.294 Y107.275 E.18959
G1 X79.723 Y106.996 E.01696
G1 X80.378 Y106.698 E.02388
G1 X81.033 Y106.484 E.02286
G1 X81.688 Y106.373 E.02204
G1 X82.016 Y106.421 E.01098
G1 X82.343 Y106.69 E.01405
G1 X82.998 Y107.958 E.04736
G1 X83.654 Y109.02 E.04138
G1 X84.309 Y109.677 E.03078
G1 X84.711 Y109.939 E.01592
G1 X84.802 Y111.006 E.03553
G1 X85.068 Y111.912 E.03132
G1 X85.16 Y112.135 E.00802
G1 X85.536 Y112.838 E.02642
G1 X85.67 Y113.038 E.00801
G1 X86.175 Y113.654 E.02642
G1 X86.477 Y113.933 E.01362
G1 X86.274 Y114.261 E.01281
G1 X85.619 Y114.918 E.03078
G1 X84.964 Y115.345 E.02593
G1 X84.309 Y115.643 E.02388
G1 X83.654 Y115.857 E.02286
G1 X82.998 Y115.968 E.02204
G1 X82.671 Y115.92 E.01098
G1 X82.343 Y115.651 E.01405
G1 X81.688 Y114.383 E.04736
G1 X81.033 Y113.321 E.04138
G1 X80.378 Y112.664 E.03078
G1 X79.723 Y112.238 E.02593
G1 X79.294 Y112.042 E.01562
G1 X79.294 Y117.758 E.18959
G1 X79.723 Y117.479 E.01696
G1 X80.378 Y117.181 E.02388
G1 X81.033 Y116.967 E.02286
G1 X81.688 Y116.856 E.02204
G1 X82.016 Y116.904 E.01098
G1 X82.343 Y117.172 E.01405
G1 X82.998 Y118.441 E.04736
G1 X83.654 Y119.502 E.04138
G1 X83.857 Y119.706 E.00953
G1 X88.198 Y119.706 E.144
G1 X88.895 Y118.563 E.04443
G1 X89.55 Y117.905 E.03078
G1 X90.205 Y117.479 E.02593
G1 X90.86 Y117.181 E.02388
G1 X91.516 Y116.967 E.02286
G1 X92.171 Y116.856 E.02204
G1 X92.498 Y116.904 E.01098
G1 X92.826 Y117.172 E.01405
G1 X93.481 Y118.441 E.04736
G1 X94.136 Y119.502 E.04138
G1 X94.339 Y119.706 E.00953
G1 X98.68 Y119.706 E.144
G1 X99.378 Y118.563 E.04443
G1 X100.033 Y117.905 E.03078
G1 X100.688 Y117.479 E.02593
G1 X101.343 Y117.181 E.02388
G1 X101.998 Y116.967 E.02286
G1 X102.653 Y116.856 E.02204
G1 X102.981 Y116.904 E.01098
G1 X103.309 Y117.172 E.01405
G1 X103.964 Y118.441 E.04736
G1 X104.619 Y119.502 E.04138
G1 X104.822 Y119.706 E.00953
G1 X109.163 Y119.706 E.144
G1 X109.86 Y118.563 E.04443
G1 X110.515 Y117.905 E.03078
G1 X111.171 Y117.479 E.02593
G1 X111.826 Y117.181 E.02388
G1 X112.481 Y116.967 E.02286
G1 X113.136 Y116.856 E.02204
G1 X113.464 Y116.904 E.01098
G1 X113.791 Y117.172 E.01405
G1 X114.446 Y118.441 E.04736
G1 X115.101 Y119.502 E.04138
G1 X115.304 Y119.706 E.00953
G1 X119.645 Y119.706 E.144
G1 X120.343 Y118.563 E.04443
G1 X120.998 Y117.905 E.03078
G1 X121.653 Y117.479 E.02593
G1 X122.308 Y117.181 E.02388
G1 X122.963 Y116.967 E.02286
G1 X123.619 Y116.856 E.02204
G1 X123.946 Y116.904 E.01098
G1 X124.274 Y117.172 E.01405
G1 X124.929 Y118.441 E.04736
G1 X125.584 Y119.502 E.04138
G1 X125.787 Y119.706 E.00953
G1 X130.128 Y119.706 E.144
G1 X130.825 Y118.563 E.04443
G1 X131.481 Y117.905 E.03078
G1 X132.136 Y117.479 E.02593
G1 X132.791 Y117.181 E.02388
G1 X133.446 Y116.967 E.02286
G1 X134.101 Y116.856 E.02204
G1 X134.429 Y116.904 E.01098
G1 X134.756 Y117.172 E.01405
G1 X135.412 Y118.441 E.04736
G1 X136.067 Y119.502 E.04138
G1 X136.27 Y119.706 E.00953
G1 X140.706 Y119.706 E.14716
G1 X140.706 Y111.623 E.26811
G1 X140.653 Y111.614 E.00178
G1 X140.325 Y111.662 E.01098
G1 X139.998 Y111.931 E.01405
G1 X139.343 Y113.2 E.04736
G1 X138.687 Y114.261 E.04138
G1 X138.032 Y114.918 E.03078
G1 X137.377 Y115.345 E.02593
G1 X136.722 Y115.643 E.02388
G1 X136.067 Y115.857 E.02286
G1 X135.412 Y115.968 E.02204
G1 X135.084 Y115.92 E.01098
G1 X134.756 Y115.651 E.01405
G1 X134.711 Y115.564 E.00326
G1 X135.199 Y115.115 E.02198
G1 X135.675 Y114.581 E.02374
G1 X136.097 Y114.003 E.02374
G1 X136.46 Y113.386 E.02374
G1 X136.76 Y112.736 E.02374
G1 X136.996 Y112.061 E.02374
G1 X137.159 Y111.396 E.0227
G1 X137.263 Y110.656 E.02478
G1 X137.292 Y110.048 E.0202
G1 X137.377 Y110.103 E.00337
G1 X138.032 Y110.402 E.02388
G1 X138.687 Y110.616 E.02286
G1 X139.343 Y110.727 E.02204
G1 X139.67 Y110.679 E.01098
G1 X139.998 Y110.41 E.01405
G1 X140.706 Y109.056 E.0507
G1 X140.706 Y101.141 E.26254
G1 X140.653 Y101.132 E.00178
G1 X140.325 Y101.18 E.01098
G1 X139.998 Y101.448 E.01405
G1 X139.343 Y102.717 E.04736
G1 X138.687 Y103.778 E.04138
G1 X138.032 Y104.436 E.03078
G1 X137.377 Y104.862 E.02593
G1 X136.722 Y105.16 E.02388
G1 X136.067 Y105.374 E.02286
G1 X135.684 Y105.439 E.01288
G1 X135.115 Y104.801 E.02835
G1 X134.581 Y104.325 E.02374
G1 X134.164 Y104.021 E.01713
G1 X133.446 Y102.839 E.04587
G1 X132.791 Y102.181 E.03078
G1 X132.136 Y101.755 E.02593
G1 X131.481 Y101.457 E.02388
G1 X130.825 Y101.243 E.02286
G1 X130.17 Y101.132 E.02204
G1 X129.843 Y101.18 E.01098
G1 X129.515 Y101.448 E.01405
G1 X128.802 Y102.811 E.05103
G1 X128.603 Y102.841 E.00665
G1 X127.827 Y103.038 E.02659
G1 X127.238 Y103.254 E.02078
; stop printing object V7_00_DS18B20_fit_gauge_8_10_12.stl id:0 copy 0
;TIME_ELAPSED:581.782715

;LAYER_CHANGE
;:1.6
;HEIGHT:0.2
;BEFORE_LAYER_CHANGE
;1.6
G92 E0

G1 E-4.5 F2700
;WIPE_START
G1 F3000
G1 X127.827 Y103.038 E-.14879
G1 X128.603 Y102.841 E-.19034
G1 X128.802 Y102.811 E-.04759
G1 X128.974 Y102.482 E-.08827
;WIPE_END
G1 E-.025 F2700
;_SET_FAN_SPEED_CHANGING_LAYER
; OBJECT_ID: 15
; printing object V7_00_DS18B20_fit_gauge_8_10_12.stl id:0 copy 0
M205 X8 Y8
G17
G3 Z1.8 I-1.003 J.689 P1  F7200
G1 X140.991 Y119.991 Z1.8
G1 Z1.6
G1 E5 F2400
M205 X10 Y10
;TYPE:Inner wall
;WIDTH:0.449999
G1 F2700
G1 X79.009 Y119.991 E2.05604
G1 X79.009 Y100.009 E.66283
G1 X140.991 Y100.009 E2.05604
G1 X140.991 Y119.951 E.6615
M205 X8 Y8
M73 P52 R9
G1 X141.398 Y120.398 F7200
M205 X10 Y10
G1 F2700
G1 X78.602 Y120.398 E2.08305
G1 X78.602 Y99.602 E.68984
M73 P52 R8
G1 X141.398 Y99.602 E2.08305
G1 X141.398 Y120.358 E.68851
M205 X8 Y8
G1 X141.79 Y120.79 F7200
M205 X10 Y10
;TYPE:Outer wall
;WIDTH:0.419999
G1 F2400
G1 X78.21 Y120.79 E1.95363
G1 X78.21 Y99.21 E.66309
G1 X141.79 Y99.21 E1.95363
G1 X141.79 Y120.75 E.66186
G1 E-4.5 F2700
;WIPE_START
G1 F2400
G1 X139.79 Y120.751 E-.475
;WIPE_END
G1 E-.025 F2700
M205 X8 Y8
G1 X132.742 Y117.822 Z2 F7200
G1 X124.57 Y114.426 Z2
G1 Z1.6
G1 E5 F2400
M205 X10 Y10
;TYPE:Inner wall
;WIDTH:0.449999
G1 F2700
G1 X124.2 Y113.934 E.02042
G1 X123.842 Y113.346 E.02281
G1 X123.544 Y112.727 E.02281
G1 X123.308 Y112.081 E.02281
G1 X123.144 Y111.445 E.02178
G1 X123.055 Y110.901 E.01828
G1 X122.992 Y110.048 E.02836
G1 X123.021 Y109.361 E.02281
G1 X123.117 Y108.68 E.02281
G1 X123.28 Y108.012 E.02281
G1 X123.507 Y107.363 E.02281
G1 X123.75 Y106.837 E.01921
G1 X124.146 Y106.147 E.0264
G1 X124.552 Y105.592 E.02281
G1 X125.01 Y105.079 E.02281
G1 X125.517 Y104.613 E.02281
G1 X126.066 Y104.2 E.02281
G1 X126.654 Y103.842 E.02281
G1 X127.273 Y103.544 E.02281
G1 X127.919 Y103.308 E.02281
G1 X128.585 Y103.136 E.02281
G1 X129.265 Y103.031 E.02281
G1 X129.952 Y102.992 E.02281
G1 X130.639 Y103.021 E.02281
G1 X131.32 Y103.117 E.02281
G1 X131.988 Y103.28 E.02281
G1 X132.637 Y103.507 E.02281
G1 X133.261 Y103.797 E.02281
G1 X133.853 Y104.146 E.02281
G1 X134.408 Y104.552 E.02281
G1 X134.921 Y105.01 E.02281
G1 X135.325 Y105.449 E.01978
G1 X135.8 Y106.066 E.02583
G1 X136.158 Y106.654 E.02281
G1 X136.456 Y107.273 E.02281
G1 X136.692 Y107.919 E.02281
G1 X136.864 Y108.585 E.02281
G1 X136.969 Y109.265 E.02281
G1 X137.008 Y109.952 E.02281
G1 X136.979 Y110.639 E.02281
G1 X136.883 Y111.32 E.02281
G1 X136.72 Y111.988 E.02281
G1 X136.493 Y112.637 E.02281
G1 X136.203 Y113.261 E.02281
G1 X135.854 Y113.853 E.02281
G1 X135.448 Y114.408 E.02281
G1 X134.99 Y114.921 E.02281
G1 X134.483 Y115.387 E.02281
G1 X133.934 Y115.8 E.02281
G1 X133.346 Y116.158 E.02281
G1 X132.727 Y116.456 E.02281
G1 X132.081 Y116.692 E.02281
G1 X131.415 Y116.864 E.02281
G1 X130.735 Y116.969 E.02281
G1 X130.048 Y117.008 E.02281
G1 X129.361 Y116.979 E.02281
G1 X128.68 Y116.883 E.02281
G1 X128.012 Y116.72 E.02281
G1 X127.363 Y116.493 E.02281
G1 X126.739 Y116.203 E.02281
G1 X126.147 Y115.854 E.02281
G1 X125.592 Y115.448 E.02281
G1 X125.079 Y114.99 E.02281
G1 X124.613 Y114.483 E.02281
G1 X124.594 Y114.458 E.00107
M205 X8 Y8
M73 P53 R8
G1 X124.894 Y114.181 F7200
M205 X10 Y10
G1 F2700
G1 X124.527 Y113.691 E.02029
G1 X124.192 Y113.137 E.02149
G1 X123.912 Y112.553 E.02149
G1 X123.691 Y111.944 E.02149
G1 X123.539 Y111.346 E.02046
G1 X123.458 Y110.841 E.01696
G1 X123.399 Y110.028 E.02703
G1 X123.428 Y109.381 E.02149
G1 X123.52 Y108.74 E.02149
G1 X123.675 Y108.111 E.02149
G1 X123.89 Y107.5 E.02149
G1 X124.118 Y107.011 E.01789
G1 X124.495 Y106.356 E.02508
G1 X124.879 Y105.834 E.02149
G1 X125.312 Y105.352 E.02149
G1 X125.79 Y104.915 E.02149
G1 X126.309 Y104.527 E.02149
G1 X126.863 Y104.192 E.02149
G1 X127.447 Y103.912 E.02149
G1 X128.056 Y103.691 E.02149
G1 X128.684 Y103.531 E.02149
G1 X129.325 Y103.433 E.02149
G1 X129.972 Y103.399 E.02149
G1 X130.619 Y103.428 E.02149
G1 X131.26 Y103.52 E.02149
G1 X131.889 Y103.675 E.02149
G1 X132.5 Y103.89 E.02149
G1 X133.087 Y104.165 E.02149
G1 X133.644 Y104.495 E.02149
G1 X134.166 Y104.879 E.02149
G1 X134.648 Y105.312 E.02149
G1 X135.024 Y105.722 E.01846
G1 X135.473 Y106.309 E.02451
G1 X135.808 Y106.863 E.02149
G1 X136.088 Y107.447 E.02149
G1 X136.309 Y108.056 E.02149
G1 X136.469 Y108.684 E.02149
G1 X136.567 Y109.325 E.02149
G1 X136.601 Y109.972 E.02149
G1 X136.572 Y110.619 E.02149
G1 X136.48 Y111.26 E.02149
G1 X136.325 Y111.889 E.02149
G1 X136.11 Y112.5 E.02149
G1 X135.835 Y113.087 E.02149
G1 X135.505 Y113.644 E.02149
G1 X135.121 Y114.166 E.02149
G1 X134.688 Y114.648 E.02149
G1 X134.21 Y115.085 E.02149
G1 X133.691 Y115.473 E.02149
G1 X133.137 Y115.808 E.02149
G1 X132.553 Y116.088 E.02149
G1 X131.944 Y116.309 E.02149
G1 X131.316 Y116.469 E.02149
G1 X130.675 Y116.567 E.02149
G1 X130.028 Y116.601 E.02149
G1 X129.381 Y116.572 E.02149
G1 X128.74 Y116.48 E.02149
G1 X128.111 Y116.325 E.02149
G1 X127.5 Y116.11 E.02149
G1 X126.913 Y115.835 E.02149
G1 X126.356 Y115.505 E.02149
G1 X125.834 Y115.121 E.02149
G1 X125.352 Y114.688 E.02149
G1 X124.918 Y114.213 E.02136
M205 X8 Y8
G1 X125.206 Y113.947 F7200
M205 X10 Y10
;TYPE:Outer wall
;WIDTH:0.419999
G1 F2400
G1 X124.842 Y113.458 E.01872
G1 X124.528 Y112.935 E.01873
G1 X124.266 Y112.385 E.01872
G1 X124.06 Y111.811 E.01873
G1 X123.919 Y111.251 E.01777
G1 X123.821 Y110.618 E.01968
G1 X123.79 Y110.009 E.01873
G1 X123.819 Y109.401 E.01873
G1 X123.908 Y108.798 E.01872
G1 X124.055 Y108.206 E.01873
G1 X124.259 Y107.632 E.01873
G1 X124.473 Y107.179 E.01539
G1 X124.832 Y106.558 E.02205
G1 X125.194 Y106.068 E.01872
G1 X125.602 Y105.616 E.01873
G1 X126.053 Y105.206 E.01873
G1 X126.542 Y104.842 E.01872
G1 X127.065 Y104.528 E.01873
G1 X127.615 Y104.266 E.01872
G1 X128.189 Y104.06 E.01873
G1 X128.779 Y103.911 E.01873
G1 X129.382 Y103.821 E.01872
G1 X129.991 Y103.79 E.01873
G1 X130.599 Y103.819 E.01873
G1 X131.202 Y103.908 E.01872
G1 X131.794 Y104.055 E.01873
G1 X132.368 Y104.259 E.01873
G1 X132.919 Y104.519 E.01872
G1 X133.442 Y104.832 E.01873
G1 X133.932 Y105.194 E.01872
G1 X134.384 Y105.602 E.01873
G1 X134.733 Y105.986 E.01592
G1 X135.158 Y106.542 E.02152
G1 X135.472 Y107.065 E.01873
G1 X135.734 Y107.615 E.01872
G1 X135.94 Y108.189 E.01873
G1 X136.089 Y108.779 E.01873
G1 X136.179 Y109.382 E.01872
G1 X136.21 Y109.991 E.01873
G1 X136.181 Y110.599 E.01873
G1 X136.092 Y111.202 E.01872
G1 X135.945 Y111.794 E.01873
G1 X135.741 Y112.368 E.01873
G1 X135.481 Y112.919 E.01872
G1 X135.168 Y113.442 E.01873
G1 X134.806 Y113.932 E.01872
G1 X134.398 Y114.384 E.01873
G1 X133.947 Y114.794 E.01873
G1 X133.458 Y115.158 E.01872
G1 X132.935 Y115.472 E.01873
G1 X132.385 Y115.734 E.01872
G1 X131.811 Y115.94 E.01873
G1 X131.221 Y116.089 E.01873
G1 X130.618 Y116.179 E.01872
G1 X130.009 Y116.21 E.01873
G1 X129.401 Y116.181 E.01873
G1 X128.798 Y116.092 E.01872
G1 X128.206 Y115.945 E.01873
G1 X127.632 Y115.741 E.01873
G1 X127.081 Y115.481 E.01872
G1 X126.558 Y115.168 E.01873
G1 X126.068 Y114.806 E.01872
G1 X125.616 Y114.398 E.01873
G1 X125.233 Y113.976 E.0175
G1 E-4.5 F2700
;WIPE_START
G1 F2400
G1 X124.842 Y113.458 E-.15419
G1 X124.528 Y112.935 E-.14474
G1 X124.266 Y112.385 E-.14473
G1 X124.222 Y112.261 E-.03135
;WIPE_END
G1 E-.025 F2700
M205 X8 Y8
G1 X116.82 Y114.121 Z2 F7200
G1 X113.292 Y115.008 Z2
G1 Z1.6
G1 E5 F2400
M205 X10 Y10
;TYPE:Inner wall
;WIDTH:0.449999
G1 F2700
G1 X112.387 Y115.51 E.03432
G1 X111.266 Y115.87 E.03905
G1 X110.097 Y116.004 E.03905
G1 X108.924 Y115.908 E.03905
G1 X107.792 Y115.584 E.03905
G1 X106.745 Y115.046 E.03905
G1 X105.823 Y114.314 E.03905
G1 X105.061 Y113.416 E.03905
G1 X104.49 Y112.387 E.03905
G1 X104.13 Y111.266 E.03905
G1 X103.996 Y110.097 E.03905
G1 X104.073 Y109.119 E.03255
G1 X104.13 Y108.734 E.01291
G1 X104.416 Y107.792 E.03265
G1 X104.954 Y106.745 E.03905
G1 X105.686 Y105.823 E.03905
G1 X106.584 Y105.061 E.03905
G1 X107.613 Y104.49 E.03905
G1 X108.734 Y104.13 E.03905
G1 X109.903 Y103.996 E.03905
G1 X111.076 Y104.092 E.03905
G1 X112.208 Y104.416 E.03905
G1 X113.255 Y104.954 E.03905
G1 X114.177 Y105.686 E.03905
G1 X114.939 Y106.584 E.03905
G1 X115.51 Y107.613 E.03905
G1 X115.872 Y108.74 E.03927
G1 X115.968 Y109.534 E.02655
G1 X116.008 Y110.048 E.0171
G1 X115.895 Y111.166 E.03726
G1 X115.54 Y112.326 E.04023
G1 X114.939 Y113.416 E.04131
G1 X114.314 Y114.177 E.03265
G1 X113.416 Y114.939 E.03905
G1 X113.327 Y114.989 E.00341
M205 X8 Y8
G1 X113.095 Y114.659 F7200
M205 X10 Y10
G1 F2700
G1 X112.195 Y115.151 E.03403
G1 X111.148 Y115.481 E.03641
G1 X110.057 Y115.599 E.03641
G1 X108.963 Y115.503 E.03641
G1 X107.91 Y115.195 E.03641
G1 X106.937 Y114.687 E.03641
G1 X106.081 Y114 E.03641
G1 X105.376 Y113.158 E.03641
G1 X104.849 Y112.195 E.03641
G1 X104.519 Y111.148 E.03641
G1 X104.401 Y110.057 E.03641
G1 X104.519 Y108.852 E.04017
G1 X104.805 Y107.91 E.03265
G1 X105.313 Y106.937 E.03641
G1 X106 Y106.081 E.03641
G1 X106.842 Y105.376 E.03641
G1 X107.805 Y104.849 E.03641
G1 X108.852 Y104.519 E.03641
G1 X109.943 Y104.401 E.03641
G1 X111.037 Y104.497 E.03641
G1 X112.09 Y104.805 E.03641
G1 X113.063 Y105.313 E.03641
G1 X113.919 Y106 E.03641
G1 X114.624 Y106.842 E.03641
G1 X115.195 Y107.91 E.04017
G1 X115.482 Y108.855 E.03278
G1 X115.599 Y110.057 E.04004
G1 X115.503 Y111.037 E.03265
G1 X115.16 Y112.178 E.03952
G1 X114.624 Y113.158 E.03707
G1 X114 Y113.919 E.03265
G1 X113.158 Y114.624 E.03641
G1 X113.13 Y114.639 E.00106
M205 X8 Y8
G1 X112.909 Y114.321 F7200
M205 X10 Y10
;TYPE:Outer wall
;WIDTH:0.419999
G1 F2400
G1 X112.011 Y114.806 E.03138
G1 X111.034 Y115.105 E.03138
G1 X110.018 Y115.209 E.03138
G1 X109.002 Y115.113 E.03138
G1 X108.024 Y114.82 E.03138
G1 X107.121 Y114.341 E.03138
G1 X106.33 Y113.696 E.03138
G1 X105.679 Y112.909 E.03138
G1 X105.194 Y112.011 E.03138
G1 X104.895 Y111.034 E.03138
G1 X104.791 Y110.018 E.03138
G1 X104.895 Y108.966 E.03251
G1 X105.18 Y108.024 E.03025
G1 X105.659 Y107.121 E.03138
G1 X106.304 Y106.33 E.03138
G1 X107.091 Y105.679 E.03138
G1 X107.989 Y105.194 E.03138
G1 X108.966 Y104.895 E.03138
G1 X109.982 Y104.791 E.03138
G1 X110.998 Y104.887 E.03138
G1 X111.976 Y105.18 E.03138
G1 X112.879 Y105.659 E.03138
G1 X113.67 Y106.304 E.03138
G1 X114.321 Y107.091 E.03138
G1 X114.731 Y107.849 E.02649
G1 X114.943 Y108.43 E.019
G1 X115.106 Y108.967 E.01724
G1 X115.209 Y110.018 E.03247
G1 X115.113 Y110.998 E.03025
G1 X114.943 Y111.57 E.01833
G1 X114.731 Y112.151 E.019
G1 X114.341 Y112.879 E.02536
G1 X113.696 Y113.67 E.03138
G1 X112.94 Y114.295 E.03015
G1 E-4.5 F2700
;WIPE_START
G1 F2400
G1 X112.011 Y114.806 E-.25185
G1 X111.112 Y115.081 E-.22315
;WIPE_END
G1 E-.025 F2700
M205 X8 Y8
G1 X104.081 Y112.114 Z2 F7200
G1 X94.629 Y108.124 Z2
G1 Z1.6
G1 E5 F2400
M205 X10 Y10
;TYPE:Inner wall
;WIDTH:0.449999
G1 F2700
G1 X94.83 Y108.734 E.02129
G1 X94.927 Y109.119 E.01317
G1 X95.004 Y109.903 E.02615
G1 X94.927 Y110.881 E.03255
G1 X94.661 Y111.826 E.03255
G1 X94.215 Y112.7 E.03255
G1 X93.607 Y113.47 E.03255
G1 X92.861 Y114.107 E.03255
G1 X92.005 Y114.586 E.03255
G1 X91.071 Y114.889 E.03255
G1 X90.097 Y115.004 E.03255
G1 X89.119 Y114.927 E.03255
G1 X88.174 Y114.661 E.03255
G1 X87.3 Y114.215 E.03255
G1 X86.53 Y113.607 E.03255
G1 X85.893 Y112.861 E.03255
G1 X85.414 Y112.005 E.03255
G1 X85.111 Y111.071 E.03255
G1 X84.996 Y110.097 E.03255
G1 X85.073 Y109.119 E.03255
G1 X85.339 Y108.174 E.03255
G1 X85.785 Y107.3 E.03255
G1 X86.259 Y106.693 E.02557
G1 X86.53 Y106.393 E.01339
G1 X87.139 Y105.893 E.02615
G1 X87.995 Y105.414 E.03255
G1 X88.929 Y105.111 E.03255
G1 X89.903 Y104.996 E.03255
G1 X90.881 Y105.073 E.03255
G1 X91.826 Y105.339 E.03255
G1 X92.7 Y105.785 E.03255
G1 X93.47 Y106.393 E.03255
G1 X94.107 Y107.139 E.03255
G1 X94.586 Y107.995 E.03255
G1 X94.616 Y108.086 E.00317
M205 X8 Y8
G1 X94.249 Y108.259 F7200
M205 X10 Y10
G1 F2700
G1 X94.522 Y109.159 E.03118
G1 X94.599 Y109.943 E.02615
G1 X94.522 Y110.841 E.02991
G1 X94.271 Y111.708 E.02991
G1 X93.856 Y112.508 E.02991
G1 X93.292 Y113.212 E.02991
G1 X92.603 Y113.793 E.02991
G1 X91.813 Y114.227 E.02991
G1 X90.953 Y114.5 E.02991
G1 X90.057 Y114.599 E.02991
G1 X89.159 Y114.522 E.02991
G1 X88.292 Y114.271 E.02991
G1 X87.492 Y113.856 E.02991
G1 X86.788 Y113.292 E.02991
G1 X86.207 Y112.603 E.02991
G1 X85.773 Y111.813 E.02991
G1 X85.5 Y110.953 E.02991
G1 X85.401 Y110.057 E.02991
G1 X85.478 Y109.159 E.02991
G1 X85.729 Y108.292 E.02991
G1 X86.144 Y107.492 E.02991
G1 X86.788 Y106.708 E.03367
G1 X87.397 Y106.207 E.02615
G1 X88.187 Y105.773 E.02991
G1 X89.047 Y105.5 E.02991
G1 X89.943 Y105.401 E.02991
G1 X90.841 Y105.478 E.02991
G1 X91.708 Y105.729 E.02991
G1 X92.508 Y106.144 E.02991
G1 X93.212 Y106.708 E.02991
G1 X93.793 Y107.397 E.02991
G1 X94.227 Y108.187 E.02991
G1 X94.238 Y108.221 E.00116
M205 X8 Y8
G1 X93.882 Y108.372 F7200
M205 X10 Y10
;TYPE:Outer wall
;WIDTH:0.419999
G1 F2400
G1 X94.132 Y109.197 E.02648
G1 X94.209 Y109.984 E.02429
G1 X94.132 Y110.803 E.02529
G1 X93.896 Y111.594 E.02535
G1 X93.51 Y112.323 E.02535
G1 X92.989 Y112.963 E.02535
G1 X92.354 Y113.489 E.02535
G1 X91.628 Y113.882 E.02535
G1 X90.839 Y114.125 E.02535
G1 X90.018 Y114.209 E.02535
G1 X89.197 Y114.132 E.02535
G1 X88.406 Y113.896 E.02535
G1 X87.677 Y113.51 E.02535
G1 X87.037 Y112.989 E.02535
G1 X86.511 Y112.354 E.02535
G1 X86.118 Y111.628 E.02535
G1 X85.875 Y110.839 E.02535
G1 X85.791 Y110.018 E.02535
G1 X85.868 Y109.197 E.02535
G1 X86.104 Y108.406 E.02535
G1 X86.49 Y107.677 E.02535
G1 X87.037 Y107.011 E.02648
G1 X87.646 Y106.511 E.02422
G1 X88.372 Y106.118 E.02535
G1 X89.161 Y105.875 E.02535
G1 X89.982 Y105.791 E.02535
G1 X90.803 Y105.868 E.02535
G1 X91.594 Y106.104 E.02535
G1 X92.323 Y106.49 E.02535
G1 X92.963 Y107.011 E.02535
G1 X93.489 Y107.646 E.02535
G1 X93.863 Y108.337 E.02412
G1 E-4.5 F2700
;WIPE_START
G1 F2400
G1 X94.132 Y109.197 E-.21403
G1 X94.209 Y109.984 E-.18772
G1 X94.18 Y110.291 E-.07325
;WIPE_END
G1 E-.025 F2700
M205 X8 Y8
G1 X103.719 Y109.857 Z2 F7200
G1 Z1.6
G1 E5 F2400
M205 X10 Y10
;TYPE:Sparse infill
;WIDTH:0.45
G1 F3000
G1 X103.823 Y108.791 E.03551
G1 X103.982 Y108.257 E.0185
G1 X103.309 Y107.253 E.04011
G1 X102.981 Y106.936 E.01511
G1 X102.653 Y106.773 E.01213
G1 X101.998 Y106.719 E.02181
G1 X101.343 Y106.84 E.0221
G1 X100.688 Y107.074 E.02307
G1 X100.033 Y107.438 E.02486
G1 X99.378 Y108.003 E.02872
G1 X98.722 Y108.867 E.03597
G1 X98.067 Y109.847 E.0391
G1 X97.74 Y110.164 E.01511
G1 X97.412 Y110.326 E.01213
G1 X96.757 Y110.381 E.02181
G1 X96.102 Y110.259 E.0221
G1 X95.447 Y110.026 E.02307
G1 X95.288 Y109.938 E.00601
G1 X95.188 Y111.055 E.0372
G1 X94.878 Y112.058 E.03481
G1 X94.464 Y112.838 E.02929
G1 X94.33 Y113.038 E.00802
G1 X93.825 Y113.654 E.02642
G1 X93.654 Y113.825 E.00801
G1 X93.038 Y114.33 E.02642
G1 X92.838 Y114.464 E.00801
G1 X92.522 Y114.633 E.01189
G1 X92.826 Y115.088 E.01817
G1 X93.154 Y115.405 E.01511
G1 X93.481 Y115.568 E.01213
G1 X94.136 Y115.622 E.02181
G1 X94.791 Y115.501 E.0221
G1 X95.447 Y115.267 E.02307
G1 X96.102 Y114.903 E.02486
G1 X96.757 Y114.338 E.02872
G1 X97.412 Y113.474 E.03597
G1 X98.067 Y112.494 E.0391
G1 X98.395 Y112.177 E.01511
G1 X98.722 Y112.015 E.01213
G1 X99.378 Y111.961 E.02181
G1 X100.033 Y112.082 E.0221
G1 X100.688 Y112.315 E.02307
G1 X101.343 Y112.679 E.02486
G1 X101.998 Y113.245 E.02872
G1 X102.653 Y114.109 E.03597
G1 X103.309 Y115.088 E.0391
G1 X103.636 Y115.405 E.01511
G1 X103.964 Y115.568 E.01213
G1 X104.619 Y115.622 E.02181
G1 X105.274 Y115.501 E.0221
G1 X105.929 Y115.267 E.02307
G1 X106.29 Y115.067 E.01371
G1 X106.607 Y115.296 E.01295
G1 X107.482 Y115.764 E.03292
G1 X107.708 Y115.857 E.00813
M205 X8 Y8
G1 X140.706 Y117.652 F7200
M205 X10 Y10
G1 F3000
M73 P54 R8
G1 X140.706 Y119.28 E.05401
G1 X140.415 Y119.706 E.01711
G1 X136.214 Y119.706 E.13936
G1 X136.067 Y119.579 E.00644
G1 X135.412 Y118.715 E.03597
G1 X134.756 Y117.735 E.0391
G1 X134.429 Y117.419 E.01511
G1 X134.101 Y117.256 E.01213
G1 X133.446 Y117.202 E.02181
G1 X132.791 Y117.323 E.0221
G1 X132.136 Y117.556 E.02307
G1 X131.481 Y117.92 E.02486
G1 X130.825 Y118.486 E.02872
G1 X130.17 Y119.35 E.03597
G1 X129.932 Y119.706 E.01421
G1 X125.731 Y119.706 E.13936
G1 X125.584 Y119.579 E.00644
G1 X124.929 Y118.715 E.03597
G1 X124.274 Y117.735 E.0391
G1 X123.946 Y117.419 E.01511
G1 X123.619 Y117.256 E.01213
G1 X122.963 Y117.202 E.02181
G1 X122.308 Y117.323 E.0221
G1 X121.653 Y117.556 E.02307
G1 X120.998 Y117.92 E.02486
G1 X120.343 Y118.486 E.02872
G1 X119.688 Y119.35 E.03597
G1 X119.45 Y119.706 E.01421
G1 X115.248 Y119.706 E.13936
G1 X115.101 Y119.579 E.00644
G1 X114.446 Y118.715 E.03597
G1 X113.791 Y117.735 E.0391
G1 X113.464 Y117.419 E.01511
G1 X113.136 Y117.256 E.01213
G1 X112.481 Y117.202 E.02181
G1 X111.826 Y117.323 E.0221
G1 X111.171 Y117.556 E.02307
G1 X110.515 Y117.92 E.02486
G1 X109.86 Y118.486 E.02872
G1 X109.205 Y119.35 E.03597
G1 X108.967 Y119.706 E.01421
G1 X104.766 Y119.706 E.13936
G1 X104.619 Y119.579 E.00644
G1 X103.964 Y118.715 E.03597
G1 X103.309 Y117.735 E.0391
G1 X102.981 Y117.419 E.01511
G1 X102.653 Y117.256 E.01213
G1 X101.998 Y117.202 E.02181
G1 X101.343 Y117.323 E.0221
G1 X100.688 Y117.556 E.02307
G1 X100.033 Y117.92 E.02486
G1 X99.378 Y118.486 E.02872
G1 X98.722 Y119.35 E.03597
G1 X98.484 Y119.706 E.01421
G1 X94.283 Y119.706 E.13936
G1 X94.136 Y119.579 E.00644
G1 X93.481 Y118.715 E.03597
G1 X92.826 Y117.735 E.0391
G1 X92.498 Y117.419 E.01511
G1 X92.171 Y117.256 E.01213
G1 X91.516 Y117.202 E.02181
G1 X90.86 Y117.323 E.0221
G1 X90.205 Y117.556 E.02307
G1 X89.55 Y117.92 E.02486
G1 X88.895 Y118.486 E.02872
G1 X88.24 Y119.35 E.03597
G1 X88.002 Y119.706 E.01421
G1 X83.801 Y119.706 E.13936
G1 X83.654 Y119.579 E.00644
G1 X82.998 Y118.715 E.03597
G1 X82.343 Y117.735 E.0391
G1 X82.016 Y117.419 E.01511
G1 X81.688 Y117.256 E.01213
G1 X81.033 Y117.202 E.02181
G1 X80.378 Y117.323 E.0221
G1 X79.723 Y117.556 E.02307
G1 X79.294 Y117.794 E.01626
G1 X79.294 Y112.162 E.18682
G1 X79.723 Y112.315 E.01509
G1 X80.378 Y112.679 E.02486
G1 X81.033 Y113.245 E.02872
G1 X81.688 Y114.109 E.03597
G1 X82.343 Y115.088 E.0391
G1 X82.671 Y115.405 E.01511
G1 X82.998 Y115.568 E.01213
G1 X83.654 Y115.622 E.02181
G1 X84.309 Y115.501 E.0221
G1 X84.964 Y115.267 E.02307
G1 X85.619 Y114.903 E.02486
G1 X86.274 Y114.338 E.02872
G1 X86.541 Y113.985 E.01467
G1 X86.346 Y113.825 E.00839
G1 X86.175 Y113.654 E.00801
G1 X85.67 Y113.038 E.02642
G1 X85.536 Y112.838 E.00801
G1 X85.16 Y112.135 E.02642
G1 X85.068 Y111.912 E.00802
G1 X84.802 Y111.006 E.03132
G1 X84.706 Y110 E.03351
G1 X84.716 Y109.888 E.00373
G1 X84.309 Y109.662 E.01544
G1 X83.654 Y109.096 E.02872
G1 X82.998 Y108.232 E.03597
G1 X82.343 Y107.253 E.0391
G1 X82.016 Y106.936 E.01511
G1 X81.688 Y106.773 E.01213
G1 X81.033 Y106.719 E.02181
G1 X80.378 Y106.84 E.0221
G1 X79.723 Y107.074 E.02307
G1 X79.294 Y107.312 E.01626
G1 X79.294 Y101.68 E.18682
G1 X79.723 Y101.832 E.01509
G1 X80.378 Y102.196 E.02486
G1 X81.033 Y102.762 E.02872
G1 X81.688 Y103.626 E.03597
G1 X82.343 Y104.606 E.0391
G1 X82.671 Y104.922 E.01511
G1 X82.998 Y105.085 E.01213
G1 X83.654 Y105.139 E.02181
G1 X84.309 Y105.018 E.0221
G1 X84.964 Y104.785 E.02307
G1 X85.619 Y104.421 E.02486
G1 X86.274 Y103.855 E.02872
G1 X86.929 Y102.991 E.03597
G1 X87.585 Y102.011 E.0391
G1 X87.912 Y101.695 E.01511
G1 X88.24 Y101.532 E.01213
G1 X88.895 Y101.478 E.02181
G1 X89.55 Y101.599 E.0221
G1 X90.205 Y101.832 E.02307
G1 X90.86 Y102.196 E.02486
G1 X91.516 Y102.762 E.02872
G1 X92.171 Y103.626 E.03597
G1 X92.826 Y104.606 E.0391
G1 X93.154 Y104.922 E.01511
G1 X93.481 Y105.085 E.01213
G1 X94.136 Y105.139 E.02181
G1 X94.791 Y105.018 E.0221
G1 X95.447 Y104.785 E.02307
G1 X96.102 Y104.421 E.02486
G1 X96.757 Y103.855 E.02872
G1 X97.412 Y102.991 E.03597
G1 X98.067 Y102.011 E.0391
G1 X98.395 Y101.695 E.01511
G1 X98.722 Y101.532 E.01213
G1 X99.378 Y101.478 E.02181
G1 X100.033 Y101.599 E.0221
G1 X100.688 Y101.832 E.02307
G1 X101.343 Y102.196 E.02486
G1 X101.998 Y102.762 E.02872
G1 X102.653 Y103.626 E.03597
G1 X103.309 Y104.606 E.0391
G1 X103.636 Y104.922 E.01511
G1 X103.964 Y105.085 E.01213
G1 X104.619 Y105.139 E.02181
G1 X105.274 Y105.018 E.0221
G1 X105.929 Y104.785 E.02307
G1 X106.584 Y104.421 E.02486
G1 X107.24 Y103.855 E.02872
G1 X107.895 Y102.991 E.03597
G1 X108.55 Y102.011 E.0391
G1 X108.877 Y101.695 E.01511
G1 X109.205 Y101.532 E.01213
G1 X109.86 Y101.478 E.02181
G1 X110.515 Y101.599 E.0221
G1 X111.171 Y101.832 E.02307
G1 X111.826 Y102.196 E.02486
G1 X112.481 Y102.762 E.02872
G1 X113.136 Y103.626 E.03597
G1 X113.791 Y104.606 E.0391
G1 X114.119 Y104.922 E.01511
G1 X114.446 Y105.085 E.01213
G1 X115.101 Y105.139 E.02181
G1 X115.757 Y105.018 E.0221
G1 X116.412 Y104.785 E.02307
G1 X117.067 Y104.421 E.02486
G1 X117.722 Y103.855 E.02872
G1 X118.377 Y102.991 E.03597
G1 X119.032 Y102.011 E.0391
G1 X119.36 Y101.695 E.01511
G1 X119.688 Y101.532 E.01213
G1 X120.343 Y101.478 E.02181
G1 X120.998 Y101.599 E.0221
G1 X121.653 Y101.832 E.02307
G1 X122.308 Y102.196 E.02486
G1 X122.963 Y102.762 E.02872
G1 X123.619 Y103.626 E.03597
G1 X124.274 Y104.606 E.0391
G1 X124.601 Y104.922 E.01511
G1 X124.717 Y104.98 E.00428
G1 X124.325 Y105.419 E.01953
G1 X123.903 Y105.997 E.02374
G1 X123.541 Y106.614 E.02374
G1 X123.472 Y106.761 E.00539
G1 X122.963 Y106.719 E.01692
G1 X122.308 Y106.84 E.0221
G1 X121.653 Y107.074 E.02307
G1 X120.998 Y107.438 E.02486
G1 X120.343 Y108.003 E.02872
G1 X119.688 Y108.867 E.03597
G1 X119.032 Y109.847 E.0391
G1 X118.705 Y110.164 E.01511
G1 X118.377 Y110.326 E.01213
G1 X117.722 Y110.381 E.02181
G1 X117.067 Y110.259 E.0221
G1 X116.412 Y110.026 E.02307
G1 X116.29 Y109.959 E.0046
G1 X116.175 Y111.22 E.04203
G1 X115.802 Y112.441 E.04233
G1 X115.296 Y113.393 E.03578
G1 X115.162 Y113.594 E.00802
G1 X114.532 Y114.361 E.03292
G1 X114.361 Y114.532 E.00801
G1 X113.753 Y115.031 E.0261
G1 X113.791 Y115.088 E.00228
G1 X114.119 Y115.405 E.01511
G1 X114.446 Y115.568 E.01213
G1 X115.101 Y115.622 E.02181
G1 X115.757 Y115.501 E.0221
G1 X116.412 Y115.267 E.02307
G1 X117.067 Y114.903 E.02486
G1 X117.722 Y114.338 E.02872
G1 X118.377 Y113.474 E.03597
G1 X119.032 Y112.494 E.0391
G1 X119.36 Y112.177 E.01511
G1 X119.688 Y112.015 E.01213
G1 X120.343 Y111.961 E.02181
G1 X120.998 Y112.082 E.0221
G1 X121.653 Y112.315 E.02307
G1 X122.308 Y112.679 E.02486
G1 X122.963 Y113.245 E.02872
G1 X123.619 Y114.109 E.03597
G1 X124.274 Y115.088 E.0391
G1 X124.601 Y115.405 E.01511
G1 X124.929 Y115.568 E.01213
G1 X125.329 Y115.601 E.01331
G1 X125.899 Y116.031 E.0237
G1 X126.51 Y116.404 E.02374
G1 X127.155 Y116.715 E.02374
G1 X127.826 Y116.962 E.02374
G1 X128.519 Y117.141 E.02374
G1 X129.226 Y117.252 E.02374
G1 X130 Y117.294 E.02569
G1 X130.656 Y117.263 E.0218
G1 X131.396 Y117.159 E.02479
G1 X132.173 Y116.962 E.0266
G1 X132.845 Y116.715 E.02375
G1 X133.49 Y116.404 E.02374
G1 X134.101 Y116.031 E.02374
G1 X134.672 Y115.6 E.02374
G1 X134.986 Y115.311 E.01417
G1 X135.084 Y115.405 E.0045
G1 X135.412 Y115.568 E.01213
G1 X136.067 Y115.622 E.02181
G1 X136.722 Y115.501 E.0221
G1 X137.377 Y115.267 E.02307
G1 X138.032 Y114.903 E.02486
G1 X138.687 Y114.338 E.02872
G1 X139.343 Y113.474 E.03597
G1 X139.998 Y112.494 E.0391
G1 X140.325 Y112.177 E.01511
G1 X140.653 Y112.015 E.01213
G1 X140.706 Y112.01 E.00177
G1 X140.706 Y108.797 E.10658
G1 X139.998 Y109.847 E.04201
G1 X139.67 Y110.164 E.01511
G1 X139.343 Y110.326 E.01213
G1 X138.687 Y110.381 E.02181
G1 X138.032 Y110.259 E.0221
G1 X137.377 Y110.026 E.02307
G1 X137.293 Y109.979 E.00318
G1 X137.263 Y110.656 E.02247
G1 X137.159 Y111.396 E.02478
G1 X137.111 Y111.594 E.00676
G1 E-4.5 F2700
;WIPE_START
G1 F3000
G1 X137.159 Y111.396 E-.04838
G1 X137.263 Y110.656 E-.17742
G1 X137.293 Y109.979 E-.16091
G1 X137.377 Y110.026 E-.02279
G1 X137.637 Y110.119 E-.06551
;WIPE_END
G1 E-.025 F2700
M205 X8 Y8
G1 X132.38 Y104.585 Z2 F7200
G1 X130.624 Y102.735 Z2
G1 Z1.6
G1 E5 F2400
M205 X10 Y10
G1 F3000
G1 X129.941 Y102.707 E.02267
G1 X129.227 Y102.748 E.02373
G1 X129 Y102.782 E.00761
G1 X129.515 Y102.011 E.03075
G1 X129.843 Y101.695 E.01511
G1 X130.17 Y101.532 E.01213
G1 X130.825 Y101.478 E.02181
G1 X131.481 Y101.599 E.0221
G1 X132.136 Y101.832 E.02307
G1 X132.791 Y102.196 E.02486
G1 X133.446 Y102.762 E.02872
G1 X134.101 Y103.626 E.03597
G1 X134.557 Y104.308 E.02721
G1 X135.115 Y104.801 E.02471
G1 X135.347 Y105.053 E.01134
G1 X135.412 Y105.085 E.00241
G1 X136.067 Y105.139 E.02181
G1 X136.722 Y105.018 E.0221
G1 X137.377 Y104.785 E.02307
G1 X138.032 Y104.421 E.02486
G1 X138.687 Y103.855 E.02872
G1 X139.343 Y102.991 E.03597
G1 X139.998 Y102.011 E.0391
G1 X140.325 Y101.695 E.01511
G1 X140.653 Y101.532 E.01213
G1 X140.706 Y101.528 E.00177
G1 X140.706 Y100.294 E.04092
G1 X140.311 Y100.294 E.0131
; stop printing object V7_00_DS18B20_fit_gauge_8_10_12.stl id:0 copy 0
;TIME_ELAPSED:617.202576

;LAYER_CHANGE
;:1.8
;HEIGHT:0.2
;BEFORE_LAYER_CHANGE
;1.8
G92 E0

G1 E-4.5 F2700
;WIPE_START
G1 F3000
G1 X140.706 Y100.294 E-.09376
G1 X140.706 Y101.528 E-.29296
G1 X140.653 Y101.532 E-.01264
G1 X140.368 Y101.674 E-.07563
;WIPE_END
G1 E-.025 F2700
;_SET_FAN_SPEED_CHANGING_LAYER
; OBJECT_ID: 15
; printing object V7_00_DS18B20_fit_gauge_8_10_12.stl id:0 copy 0
M205 X8 Y8
G17
G3 Z2 I-1.216 J.041 P1  F7200
G1 X140.991 Y119.991 Z2
G1 Z1.8
G1 E5 F2400
M205 X10 Y10
;TYPE:Inner wall
;WIDTH:0.449999
G1 F2700
G1 X79.009 Y119.991 E2.05604
G1 X79.009 Y100.009 E.66283
G1 X140.991 Y100.009 E2.05604
M73 P55 R8
G1 X140.991 Y119.951 E.6615
M205 X8 Y8
G1 X141.398 Y120.398 F7200
M205 X10 Y10
G1 F2700
G1 X78.602 Y120.398 E2.08305
G1 X78.602 Y99.602 E.68984
G1 X141.398 Y99.602 E2.08305
G1 X141.398 Y120.358 E.68851
M205 X8 Y8
G1 X141.79 Y120.79 F7200
M205 X10 Y10
;TYPE:Outer wall
;WIDTH:0.419999
G1 F2400
G1 X78.21 Y120.79 E1.95363
G1 X78.21 Y99.21 E.66309
G1 X141.79 Y99.21 E1.95363
G1 X141.79 Y120.75 E.66186
G1 E-4.5 F2700
;WIPE_START
G1 F2400
G1 X139.79 Y120.751 E-.475
;WIPE_END
G1 E-.025 F2700
M205 X8 Y8
G1 X132.742 Y117.822 Z2.2 F7200
G1 X124.57 Y114.425 Z2.2
M73 P56 R8
G1 Z1.8
G1 E5 F2400
M205 X10 Y10
;TYPE:Inner wall
;WIDTH:0.449999
G1 F2700
G1 X124.2 Y113.934 E.02041
G1 X123.842 Y113.346 E.02281
G1 X123.544 Y112.727 E.02281
G1 X123.308 Y112.081 E.02281
G1 X123.144 Y111.445 E.02178
G1 X123.055 Y110.901 E.01828
G1 X123.003 Y110.269 E.02105
G1 X123.003 Y109.731 E.01782
G1 X123.055 Y109.099 E.02105
G1 X123.136 Y108.585 E.01725
G1 X123.28 Y108.012 E.0196
G1 X123.507 Y107.363 E.02281
G1 X123.75 Y106.837 E.01921
G1 X124.146 Y106.147 E.0264
G1 X124.552 Y105.592 E.02281
G1 X125.01 Y105.079 E.02281
G1 X125.517 Y104.613 E.02281
G1 X126.066 Y104.2 E.02281
G1 X126.654 Y103.842 E.02281
G1 X127.273 Y103.544 E.02281
G1 X127.919 Y103.308 E.02281
G1 X128.585 Y103.136 E.02281
G1 X129.265 Y103.031 E.02281
G1 X129.952 Y102.992 E.02281
G1 X130.639 Y103.021 E.02281
G1 X131.32 Y103.117 E.02281
G1 X131.988 Y103.28 E.02281
G1 X132.637 Y103.507 E.02281
G1 X133.261 Y103.797 E.02281
G1 X133.853 Y104.146 E.02281
G1 X134.408 Y104.552 E.02281
G1 X134.921 Y105.01 E.02281
G1 X135.325 Y105.449 E.01978
G1 X135.8 Y106.066 E.02583
G1 X136.158 Y106.654 E.02281
G1 X136.456 Y107.273 E.02281
G1 X136.692 Y107.919 E.02281
G1 X136.864 Y108.585 E.02281
G1 X136.969 Y109.265 E.02281
G1 X137.008 Y109.952 E.02281
G1 X136.979 Y110.639 E.02281
G1 X136.883 Y111.32 E.02281
G1 X136.72 Y111.988 E.02281
G1 X136.493 Y112.637 E.02281
G1 X136.203 Y113.261 E.02281
G1 X135.854 Y113.853 E.02281
G1 X135.448 Y114.408 E.02281
G1 X134.99 Y114.921 E.02281
G1 X134.483 Y115.387 E.02281
G1 X133.934 Y115.8 E.02281
G1 X133.346 Y116.158 E.02281
G1 X132.727 Y116.456 E.02281
G1 X132.081 Y116.692 E.02281
G1 X131.415 Y116.864 E.02281
G1 X130.735 Y116.969 E.02281
G1 X130.048 Y117.008 E.02281
G1 X129.361 Y116.979 E.02281
G1 X128.68 Y116.883 E.02281
G1 X128.012 Y116.72 E.02281
G1 X127.363 Y116.493 E.02281
G1 X126.739 Y116.203 E.02281
G1 X126.147 Y115.854 E.02281
G1 X125.592 Y115.448 E.02281
G1 X125.079 Y114.99 E.02281
G1 X124.613 Y114.483 E.02281
G1 X124.594 Y114.457 E.00108
M205 X8 Y8
G1 X124.893 Y114.181 F7200
M205 X10 Y10
G1 F2700
G1 X124.527 Y113.691 E.02028
G1 X124.192 Y113.137 E.02149
G1 X123.912 Y112.553 E.02149
G1 X123.691 Y111.944 E.02149
G1 X123.539 Y111.346 E.02046
G1 X123.458 Y110.841 E.01696
G1 X123.409 Y110.249 E.01972
G1 X123.428 Y109.381 E.02878
G1 X123.52 Y108.74 E.02149
G1 X123.675 Y108.111 E.02149
G1 X123.89 Y107.5 E.02149
G1 X124.118 Y107.011 E.01789
G1 X124.495 Y106.356 E.02508
G1 X124.879 Y105.834 E.02149
G1 X125.312 Y105.352 E.02149
G1 X125.79 Y104.915 E.02149
G1 X126.309 Y104.527 E.02149
G1 X126.863 Y104.192 E.02149
G1 X127.447 Y103.912 E.02149
G1 X128.056 Y103.691 E.02149
G1 X128.684 Y103.531 E.02149
G1 X129.325 Y103.433 E.02149
G1 X129.972 Y103.399 E.02149
G1 X130.619 Y103.428 E.02149
G1 X131.26 Y103.52 E.02149
G1 X131.889 Y103.675 E.02149
G1 X132.5 Y103.89 E.02149
G1 X133.087 Y104.165 E.02149
G1 X133.644 Y104.495 E.02149
G1 X134.166 Y104.879 E.02149
G1 X134.648 Y105.312 E.02149
G1 X135.024 Y105.722 E.01846
G1 X135.473 Y106.309 E.02451
G1 X135.808 Y106.863 E.02149
G1 X136.088 Y107.447 E.02149
G1 X136.309 Y108.056 E.02149
G1 X136.469 Y108.684 E.02149
G1 X136.567 Y109.325 E.02149
G1 X136.601 Y109.972 E.02149
G1 X136.572 Y110.619 E.02149
G1 X136.48 Y111.26 E.02149
G1 X136.325 Y111.889 E.02149
G1 X136.11 Y112.5 E.02149
G1 X135.835 Y113.087 E.02149
G1 X135.505 Y113.644 E.02149
G1 X135.121 Y114.166 E.02149
G1 X134.688 Y114.648 E.02149
G1 X134.21 Y115.085 E.02149
G1 X133.691 Y115.473 E.02149
G1 X133.137 Y115.808 E.02149
G1 X132.553 Y116.088 E.02149
G1 X131.944 Y116.309 E.02149
G1 X131.316 Y116.469 E.02149
G1 X130.675 Y116.567 E.02149
G1 X130.028 Y116.601 E.02149
G1 X129.381 Y116.572 E.02149
G1 X128.74 Y116.48 E.02149
G1 X128.111 Y116.325 E.02149
G1 X127.5 Y116.11 E.02149
G1 X126.913 Y115.835 E.02149
G1 X126.356 Y115.505 E.02149
G1 X125.834 Y115.121 E.02149
G1 X125.352 Y114.688 E.02149
G1 X124.918 Y114.213 E.02137
M205 X8 Y8
G1 X125.206 Y113.947 F7200
M205 X10 Y10
;TYPE:Outer wall
;WIDTH:0.419999
G1 F2400
G1 X124.842 Y113.458 E.01872
G1 X124.528 Y112.935 E.01873
G1 X124.266 Y112.385 E.01872
G1 X124.06 Y111.811 E.01873
G1 X123.919 Y111.251 E.01777
G1 X123.821 Y110.618 E.01968
G1 X123.79 Y110.009 E.01873
G1 X123.819 Y109.401 E.01873
G1 X123.908 Y108.798 E.01872
G1 X124.055 Y108.206 E.01873
G1 X124.259 Y107.632 E.01873
G1 X124.473 Y107.179 E.01539
G1 X124.832 Y106.558 E.02205
G1 X125.194 Y106.068 E.01873
G1 X125.602 Y105.616 E.01873
G1 X126.053 Y105.206 E.01873
G1 X126.542 Y104.842 E.01872
G1 X127.065 Y104.528 E.01873
G1 X127.615 Y104.266 E.01872
G1 X128.189 Y104.06 E.01873
G1 X128.779 Y103.911 E.01873
G1 X129.382 Y103.821 E.01872
G1 X129.991 Y103.79 E.01873
G1 X130.599 Y103.819 E.01873
G1 X131.202 Y103.908 E.01872
G1 X131.794 Y104.055 E.01873
G1 X132.368 Y104.259 E.01873
G1 X132.919 Y104.519 E.01873
G1 X133.442 Y104.832 E.01873
G1 X133.932 Y105.194 E.01872
G1 X134.384 Y105.602 E.01873
G1 X134.733 Y105.986 E.01592
G1 X135.158 Y106.542 E.02152
G1 X135.472 Y107.065 E.01873
G1 X135.734 Y107.615 E.01872
G1 X135.94 Y108.189 E.01873
G1 X136.089 Y108.779 E.01873
G1 X136.179 Y109.382 E.01872
G1 X136.21 Y109.991 E.01873
G1 X136.181 Y110.599 E.01873
G1 X136.092 Y111.202 E.01872
G1 X135.945 Y111.794 E.01873
G1 X135.741 Y112.368 E.01873
G1 X135.481 Y112.919 E.01872
G1 X135.168 Y113.442 E.01873
G1 X134.806 Y113.932 E.01872
G1 X134.398 Y114.384 E.01873
G1 X133.947 Y114.794 E.01873
G1 X133.458 Y115.158 E.01872
G1 X132.935 Y115.472 E.01873
G1 X132.385 Y115.734 E.01873
G1 X131.811 Y115.94 E.01873
G1 X131.221 Y116.089 E.01873
G1 X130.618 Y116.179 E.01872
G1 X130.009 Y116.21 E.01873
G1 X129.401 Y116.181 E.01873
G1 X128.798 Y116.092 E.01872
G1 X128.206 Y115.945 E.01873
G1 X127.632 Y115.741 E.01873
G1 X127.081 Y115.481 E.01872
G1 X126.558 Y115.168 E.01873
G1 X126.068 Y114.806 E.01872
G1 X125.616 Y114.398 E.01873
G1 X125.233 Y113.976 E.0175
G1 E-4.5 F2700
;WIPE_START
G1 F2400
G1 X124.842 Y113.458 E-.15419
G1 X124.528 Y112.935 E-.14474
G1 X124.266 Y112.385 E-.14473
G1 X124.222 Y112.261 E-.03135
;WIPE_END
G1 E-.025 F2700
M205 X8 Y8
G1 X116.82 Y114.121 Z2.2 F7200
G1 X113.291 Y115.008 Z2.2
G1 Z1.8
G1 E5 F2400
M205 X10 Y10
;TYPE:Inner wall
;WIDTH:0.449999
G1 F2700
G1 X112.387 Y115.51 E.03431
G1 X111.266 Y115.87 E.03905
G1 X110.097 Y116.004 E.03905
G1 X108.924 Y115.908 E.03905
G1 X107.792 Y115.584 E.03905
G1 X106.745 Y115.046 E.03905
G1 X105.823 Y114.314 E.03905
G1 X105.061 Y113.416 E.03905
G1 X104.49 Y112.387 E.03905
G1 X104.13 Y111.266 E.03905
G1 X103.996 Y110.097 E.03905
G1 X104.073 Y109.119 E.03255
G1 X104.13 Y108.734 E.01291
G1 X104.416 Y107.792 E.03265
G1 X104.954 Y106.745 E.03905
G1 X105.686 Y105.823 E.03905
G1 X106.584 Y105.061 E.03905
G1 X107.613 Y104.49 E.03905
G1 X108.734 Y104.13 E.03905
G1 X109.903 Y103.996 E.03905
G1 X111.076 Y104.092 E.03905
G1 X112.208 Y104.416 E.03905
G1 X113.255 Y104.954 E.03905
G1 X114.177 Y105.686 E.03905
G1 X114.939 Y106.584 E.03905
G1 X115.51 Y107.613 E.03905
G1 X115.872 Y108.74 E.03927
G1 X115.968 Y109.534 E.02655
G1 X116.008 Y110.048 E.0171
G1 X115.895 Y111.166 E.03726
G1 X115.54 Y112.326 E.04023
G1 X114.939 Y113.416 E.04131
G1 X114.314 Y114.177 E.03265
G1 X113.416 Y114.939 E.03905
G1 X113.326 Y114.989 E.00341
M205 X8 Y8
G1 X113.095 Y114.659 F7200
M205 X10 Y10
G1 F2700
G1 X112.195 Y115.151 E.03402
G1 X111.148 Y115.481 E.03641
G1 X110.057 Y115.599 E.03641
G1 X108.963 Y115.503 E.03641
G1 X107.91 Y115.195 E.03641
G1 X106.937 Y114.687 E.03641
G1 X106.081 Y114 E.03641
G1 X105.376 Y113.158 E.03641
G1 X104.849 Y112.195 E.03641
G1 X104.519 Y111.148 E.03641
G1 X104.401 Y110.057 E.03641
G1 X104.519 Y108.852 E.04017
G1 X104.805 Y107.91 E.03265
G1 X105.313 Y106.937 E.03641
G1 X106 Y106.081 E.03641
G1 X106.842 Y105.376 E.03641
G1 X107.805 Y104.849 E.03641
G1 X108.852 Y104.519 E.03641
G1 X109.943 Y104.401 E.03641
G1 X111.037 Y104.497 E.03641
G1 X112.09 Y104.805 E.03641
G1 X113.063 Y105.313 E.03641
G1 X113.919 Y106 E.03641
G1 X114.624 Y106.842 E.03641
G1 X115.195 Y107.91 E.04017
G1 X115.482 Y108.855 E.03278
G1 X115.599 Y110.057 E.04004
G1 X115.503 Y111.037 E.03265
G1 X115.16 Y112.178 E.03952
G1 X114.624 Y113.158 E.03707
G1 X114 Y113.919 E.03265
G1 X113.158 Y114.624 E.03641
G1 X113.13 Y114.64 E.00107
M205 X8 Y8
G1 X112.909 Y114.321 F7200
M205 X10 Y10
;TYPE:Outer wall
;WIDTH:0.419999
G1 F2400
G1 X112.011 Y114.806 E.03138
G1 X111.034 Y115.105 E.03138
G1 X110.018 Y115.209 E.03138
G1 X109.002 Y115.113 E.03138
G1 X108.024 Y114.82 E.03138
G1 X107.121 Y114.341 E.03138
G1 X106.33 Y113.696 E.03138
G1 X105.679 Y112.909 E.03138
G1 X105.194 Y112.011 E.03138
G1 X104.895 Y111.034 E.03138
G1 X104.791 Y110.016 E.03144
G1 X104.895 Y108.966 E.03245
G1 X105.18 Y108.024 E.03025
G1 X105.659 Y107.121 E.03138
G1 X106.304 Y106.33 E.03138
G1 X107.091 Y105.679 E.03138
G1 X107.989 Y105.194 E.03138
G1 X108.966 Y104.895 E.03138
G1 X109.982 Y104.791 E.03138
G1 X110.998 Y104.887 E.03138
G1 X111.976 Y105.18 E.03138
G1 X112.879 Y105.659 E.03138
G1 X113.67 Y106.304 E.03138
G1 X114.321 Y107.091 E.03138
G1 X114.731 Y107.849 E.02649
G1 X114.943 Y108.43 E.019
G1 X115.106 Y108.967 E.01724
G1 X115.209 Y110.018 E.03247
G1 X115.113 Y110.998 E.03025
G1 X114.943 Y111.57 E.01833
G1 X114.731 Y112.151 E.019
G1 X114.341 Y112.879 E.02536
G1 X113.696 Y113.67 E.03138
G1 X112.94 Y114.295 E.03015
G1 E-4.5 F2700
;WIPE_START
G1 F2400
G1 X112.011 Y114.806 E-.25185
G1 X111.112 Y115.081 E-.22315
;WIPE_END
G1 E-.025 F2700
M205 X8 Y8
G1 X104.081 Y112.114 Z2.2 F7200
G1 X94.629 Y108.125 Z2.2
G1 Z1.8
G1 E5 F2400
M205 X10 Y10
;TYPE:Inner wall
;WIDTH:0.449999
G1 F2700
G1 X94.83 Y108.734 E.02128
G1 X94.927 Y109.119 E.01317
G1 X95.004 Y109.903 E.02615
G1 X94.927 Y110.881 E.03255
G1 X94.661 Y111.826 E.03255
G1 X94.215 Y112.7 E.03255
G1 X93.607 Y113.47 E.03255
G1 X92.861 Y114.107 E.03255
G1 X92.005 Y114.586 E.03255
G1 X91.071 Y114.889 E.03255
G1 X90.097 Y115.004 E.03255
G1 X89.119 Y114.927 E.03255
G1 X88.174 Y114.661 E.03255
G1 X87.3 Y114.215 E.03255
G1 X86.53 Y113.607 E.03255
G1 X85.893 Y112.861 E.03255
G1 X85.414 Y112.005 E.03255
G1 X85.111 Y111.071 E.03255
G1 X84.996 Y110.097 E.03255
G1 X85.073 Y109.119 E.03255
G1 X85.339 Y108.174 E.03255
G1 X85.785 Y107.3 E.03255
G1 X86.259 Y106.693 E.02557
G1 X86.53 Y106.393 E.01339
G1 X87.139 Y105.893 E.02615
G1 X87.995 Y105.414 E.03255
G1 X88.929 Y105.111 E.03256
G1 X89.903 Y104.996 E.03254
G1 X90.881 Y105.073 E.03255
G1 X91.826 Y105.339 E.03255
G1 X92.7 Y105.785 E.03255
G1 X93.47 Y106.393 E.03255
G1 X94.107 Y107.139 E.03255
G1 X94.586 Y107.995 E.03255
G1 X94.617 Y108.087 E.00318
M205 X8 Y8
G1 X94.249 Y108.26 F7200
M205 X10 Y10
G1 F2700
G1 X94.522 Y109.159 E.03116
G1 X94.599 Y109.943 E.02615
G1 X94.522 Y110.841 E.02991
G1 X94.271 Y111.708 E.02991
G1 X93.856 Y112.508 E.02991
G1 X93.292 Y113.212 E.02991
G1 X92.603 Y113.793 E.02991
G1 X91.813 Y114.227 E.02991
G1 X90.953 Y114.5 E.02991
G1 X90.057 Y114.599 E.02991
G1 X89.159 Y114.522 E.02991
G1 X88.292 Y114.271 E.02991
G1 X87.492 Y113.856 E.02991
G1 X86.788 Y113.292 E.02991
G1 X86.207 Y112.603 E.02991
G1 X85.773 Y111.813 E.02991
G1 X85.5 Y110.953 E.02991
G1 X85.401 Y110.057 E.02991
G1 X85.478 Y109.159 E.02991
G1 X85.729 Y108.292 E.02991
G1 X86.144 Y107.492 E.02991
G1 X86.788 Y106.708 E.03367
G1 X87.397 Y106.207 E.02615
G1 X88.187 Y105.773 E.02991
G1 X89.047 Y105.5 E.02992
G1 X89.943 Y105.401 E.0299
G1 X90.841 Y105.478 E.02991
G1 X91.708 Y105.729 E.02991
G1 X92.508 Y106.144 E.02991
G1 X93.212 Y106.708 E.02991
G1 X93.793 Y107.397 E.02991
G1 X94.227 Y108.187 E.02991
G1 X94.238 Y108.221 E.00118
M205 X8 Y8
G1 X93.882 Y108.372 F7200
M205 X10 Y10
;TYPE:Outer wall
;WIDTH:0.419999
G1 F2400
G1 X94.132 Y109.197 E.02648
G1 X94.209 Y109.984 E.02429
G1 X94.132 Y110.803 E.02529
G1 X93.896 Y111.594 E.02535
G1 X93.51 Y112.323 E.02535
G1 X92.989 Y112.963 E.02535
G1 X92.354 Y113.489 E.02535
G1 X91.628 Y113.882 E.02535
G1 X90.839 Y114.125 E.02535
G1 X90.018 Y114.209 E.02535
G1 X89.197 Y114.132 E.02535
G1 X88.406 Y113.896 E.02535
G1 X87.677 Y113.51 E.02535
G1 X87.037 Y112.989 E.02535
G1 X86.511 Y112.354 E.02535
G1 X86.118 Y111.628 E.02535
G1 X85.875 Y110.839 E.02535
G1 X85.791 Y110.018 E.02535
G1 X85.868 Y109.197 E.02535
G1 X86.104 Y108.406 E.02535
G1 X86.49 Y107.677 E.02535
G1 X87.037 Y107.011 E.02648
G1 X87.646 Y106.511 E.02422
G1 X88.372 Y106.118 E.02535
G1 X89.161 Y105.875 E.02536
G1 X89.982 Y105.791 E.02534
G1 X90.803 Y105.868 E.02535
G1 X91.594 Y106.104 E.02535
G1 X92.323 Y106.49 E.02535
G1 X92.963 Y107.011 E.02535
G1 X93.489 Y107.646 E.02535
G1 X93.863 Y108.337 E.02412
G1 E-4.5 F2700
;WIPE_START
G1 F2400
G1 X94.132 Y109.197 E-.21403
G1 X94.209 Y109.984 E-.18772
G1 X94.18 Y110.291 E-.07325
;WIPE_END
G1 E-.025 F2700
M205 X8 Y8
G1 X103.707 Y110.017 Z2.2 F7200
G1 Z1.8
G1 E5 F2400
M205 X10 Y10
;TYPE:Sparse infill
;WIDTH:0.45
G1 F3000
M73 P57 R8
G1 X103.823 Y108.791 E.04085
G1 X103.936 Y108.411 E.01315
G1 X103.309 Y107.606 E.03386
G1 X102.653 Y107.08 E.02788
G1 X101.998 Y106.921 E.02236
G1 X101.343 Y106.963 E.02178
G1 X100.688 Y107.135 E.02246
G1 X100.033 Y107.437 E.02394
G1 X99.378 Y107.922 E.02704
G1 X98.722 Y108.653 E.03255
G1 X98.067 Y109.493 E.03535
G1 X97.412 Y110.02 E.02788
G1 X96.757 Y110.178 E.02236
G1 X96.102 Y110.136 E.02178
G1 X95.447 Y109.965 E.02246
G1 X95.283 Y109.89 E.00596
G1 X95.295 Y110 E.00367
G1 X95.188 Y111.055 E.03518
G1 X94.878 Y112.058 E.03481
G1 X94.464 Y112.838 E.02929
G1 X94.33 Y113.038 E.00802
G1 X93.825 Y113.654 E.02642
G1 X93.654 Y113.825 E.00801
G1 X93.039 Y114.33 E.02642
G1 X92.681 Y114.548 E.0139
G1 X92.826 Y114.735 E.00784
G1 X93.481 Y115.261 E.02788
G1 X94.136 Y115.42 E.02236
G1 X94.791 Y115.378 E.02178
G1 X95.447 Y115.206 E.02246
G1 X96.102 Y114.904 E.02394
G1 X96.757 Y114.419 E.02704
G1 X97.412 Y113.688 E.03255
G1 X98.067 Y112.848 E.03535
G1 X98.722 Y112.321 E.02788
G1 X99.378 Y112.163 E.02236
G1 X100.033 Y112.205 E.02178
G1 X100.688 Y112.376 E.02246
G1 X101.343 Y112.679 E.02394
G1 X101.998 Y113.164 E.02704
G1 X102.653 Y113.894 E.03255
G1 X103.309 Y114.735 E.03535
G1 X103.964 Y115.261 E.02788
G1 X104.619 Y115.42 E.02236
G1 X105.274 Y115.378 E.02178
G1 X105.929 Y115.206 E.02246
G1 X106.269 Y115.049 E.01243
G1 X106.607 Y115.296 E.01386
G1 X107.482 Y115.764 E.03292
G1 X107.683 Y115.847 E.00722
M205 X8 Y8
G1 X140.706 Y117.448 F7200
M205 X10 Y10
G1 F3000
G1 X140.706 Y119.076 E.05401
G1 X140.208 Y119.706 E.02662
G1 X136.129 Y119.706 E.13532
G1 X136.067 Y119.66 E.00256
G1 X135.412 Y118.929 E.03255
G1 X134.756 Y118.089 E.03535
G1 X134.101 Y117.563 E.02788
G1 X133.446 Y117.404 E.02236
G1 X132.791 Y117.446 E.02178
G1 X132.136 Y117.617 E.02246
G1 X131.481 Y117.92 E.02394
G1 X130.825 Y118.405 E.02704
G1 X130.17 Y119.135 E.03255
G1 X129.726 Y119.706 E.02399
G1 X125.646 Y119.706 E.13532
G1 X125.584 Y119.66 E.00256
G1 X124.929 Y118.929 E.03255
G1 X124.274 Y118.089 E.03535
G1 X123.619 Y117.563 E.02788
G1 X122.963 Y117.404 E.02236
G1 X122.308 Y117.446 E.02178
G1 X121.653 Y117.617 E.02246
G1 X120.998 Y117.92 E.02394
G1 X120.343 Y118.405 E.02704
G1 X119.688 Y119.135 E.03255
G1 X119.243 Y119.706 E.02399
G1 X115.164 Y119.706 E.13532
G1 X115.101 Y119.66 E.00256
G1 X114.446 Y118.929 E.03255
G1 X113.791 Y118.089 E.03535
G1 X113.136 Y117.563 E.02788
G1 X112.481 Y117.404 E.02236
G1 X111.826 Y117.446 E.02178
G1 X111.171 Y117.617 E.02246
G1 X110.515 Y117.92 E.02394
G1 X109.86 Y118.405 E.02704
G1 X109.205 Y119.135 E.03255
G1 X108.76 Y119.706 E.02399
G1 X104.681 Y119.706 E.13532
G1 X104.619 Y119.66 E.00256
G1 X103.964 Y118.929 E.03255
G1 X103.309 Y118.089 E.03535
G1 X102.653 Y117.563 E.02788
G1 X101.998 Y117.404 E.02236
G1 X101.343 Y117.446 E.02178
G1 X100.688 Y117.617 E.02246
G1 X100.033 Y117.92 E.02394
G1 X99.378 Y118.405 E.02704
G1 X98.722 Y119.135 E.03255
G1 X98.278 Y119.706 E.02399
G1 X94.198 Y119.706 E.13532
G1 X94.136 Y119.66 E.00256
G1 X93.481 Y118.929 E.03255
G1 X92.826 Y118.089 E.03535
G1 X92.171 Y117.563 E.02788
G1 X91.516 Y117.404 E.02236
G1 X90.86 Y117.446 E.02178
G1 X90.205 Y117.617 E.02246
G1 X89.55 Y117.92 E.02394
G1 X88.895 Y118.405 E.02704
G1 X88.24 Y119.135 E.03255
G1 X87.795 Y119.706 E.02399
G1 X83.716 Y119.706 E.13532
G1 X83.654 Y119.66 E.00256
G1 X82.998 Y118.929 E.03255
G1 X82.343 Y118.089 E.03535
G1 X81.688 Y117.563 E.02788
G1 X81.033 Y117.404 E.02236
G1 X80.378 Y117.446 E.02178
G1 X79.723 Y117.617 E.02246
G1 X79.294 Y117.815 E.01566
G1 X79.294 Y112.264 E.18415
G1 X79.723 Y112.376 E.01469
G1 X80.378 Y112.679 E.02394
G1 X81.033 Y113.164 E.02704
G1 X81.688 Y113.894 E.03255
G1 X82.343 Y114.735 E.03535
G1 X82.998 Y115.261 E.02788
G1 X83.654 Y115.42 E.02236
G1 X84.309 Y115.378 E.02178
G1 X84.964 Y115.206 E.02246
G1 X85.619 Y114.904 E.02394
G1 X86.274 Y114.419 E.02704
G1 X86.611 Y114.043 E.01675
G1 X86.346 Y113.825 E.01139
G1 X86.175 Y113.654 E.00801
G1 X85.67 Y113.038 E.02642
G1 X85.536 Y112.838 E.00801
G1 X85.16 Y112.135 E.02642
G1 X85.068 Y111.912 E.00802
G1 X84.802 Y111.006 E.03132
G1 X84.706 Y110 E.03351
G1 X84.719 Y109.852 E.00493
G1 X84.309 Y109.662 E.01499
G1 X83.654 Y109.177 E.02704
G1 X82.998 Y108.447 E.03255
G1 X82.343 Y107.606 E.03535
G1 X81.688 Y107.08 E.02788
G1 X81.033 Y106.921 E.02236
G1 X80.378 Y106.963 E.02178
G1 X79.723 Y107.135 E.02246
G1 X79.294 Y107.333 E.01566
G1 X79.294 Y101.781 E.18415
G1 X79.723 Y101.893 E.01469
G1 X80.378 Y102.196 E.02394
G1 X81.033 Y102.681 E.02704
G1 X81.688 Y103.412 E.03255
G1 X82.343 Y104.252 E.03535
G1 X82.998 Y104.778 E.02788
G1 X83.654 Y104.937 E.02236
G1 X84.309 Y104.895 E.02178
G1 X84.964 Y104.724 E.02246
G1 X85.619 Y104.421 E.02394
G1 X86.274 Y103.936 E.02704
G1 X86.929 Y103.206 E.03255
G1 X87.585 Y102.365 E.03535
M73 P57 R7
G1 X88.24 Y101.839 E.02788
G1 X88.895 Y101.68 E.02236
G1 X89.55 Y101.722 E.02178
G1 X90.205 Y101.893 E.02246
G1 X90.86 Y102.196 E.02394
G1 X91.516 Y102.681 E.02704
G1 X92.171 Y103.412 E.03255
G1 X92.826 Y104.252 E.03535
G1 X93.481 Y104.778 E.02788
G1 X94.136 Y104.937 E.02236
G1 X94.791 Y104.895 E.02178
G1 X95.447 Y104.724 E.02246
G1 X96.102 Y104.421 E.02394
G1 X96.757 Y103.936 E.02704
G1 X97.412 Y103.206 E.03255
G1 X98.067 Y102.365 E.03535
G1 X98.722 Y101.839 E.02788
G1 X99.378 Y101.68 E.02236
G1 X100.033 Y101.722 E.02178
G1 X100.688 Y101.893 E.02246
G1 X101.343 Y102.196 E.02394
G1 X101.998 Y102.681 E.02704
G1 X102.653 Y103.412 E.03255
G1 X103.309 Y104.252 E.03535
G1 X103.964 Y104.778 E.02788
G1 X104.619 Y104.937 E.02236
G1 X105.274 Y104.895 E.02178
G1 X105.929 Y104.724 E.02246
G1 X106.584 Y104.421 E.02394
G1 X107.24 Y103.936 E.02704
G1 X107.895 Y103.206 E.03255
G1 X108.55 Y102.365 E.03535
G1 X109.205 Y101.839 E.02788
G1 X109.86 Y101.68 E.02236
G1 X110.515 Y101.722 E.02178
G1 X111.171 Y101.893 E.02246
G1 X111.826 Y102.196 E.02394
G1 X112.481 Y102.681 E.02704
G1 X113.136 Y103.412 E.03255
G1 X113.791 Y104.252 E.03535
G1 X114.446 Y104.778 E.02788
G1 X115.101 Y104.937 E.02236
G1 X115.757 Y104.895 E.02178
G1 X116.412 Y104.724 E.02246
G1 X117.067 Y104.421 E.02394
G1 X117.722 Y103.936 E.02704
G1 X118.377 Y103.206 E.03255
G1 X119.032 Y102.365 E.03535
G1 X119.688 Y101.839 E.02788
G1 X120.343 Y101.68 E.02236
G1 X120.998 Y101.722 E.02178
G1 X121.653 Y101.893 E.02246
G1 X122.308 Y102.196 E.02394
G1 X122.963 Y102.681 E.02704
G1 X123.619 Y103.412 E.03255
G1 X124.274 Y104.252 E.03535
G1 X124.923 Y104.773 E.02761
G1 X124.801 Y104.885 E.00547
G1 X124.325 Y105.419 E.02374
G1 X123.903 Y105.997 E.02374
G1 X123.541 Y106.614 E.02374
G1 X123.352 Y107.016 E.01471
G1 X122.963 Y106.921 E.01328
G1 X122.308 Y106.963 E.02178
G1 X121.653 Y107.135 E.02246
G1 X120.998 Y107.437 E.02394
G1 X120.343 Y107.922 E.02704
G1 X119.688 Y108.653 E.03255
G1 X119.032 Y109.493 E.03535
G1 X118.377 Y110.02 E.02788
G1 X117.722 Y110.178 E.02236
G1 X117.067 Y110.136 E.02178
G1 X116.412 Y109.965 E.02246
G1 X116.285 Y109.907 E.00462
G1 X116.295 Y110 E.00311
G1 X116.175 Y111.22 E.04068
G1 X115.802 Y112.441 E.04233
G1 X115.296 Y113.393 E.03578
G1 X115.162 Y113.594 E.00801
G1 X114.532 Y114.361 E.03292
G1 X114.361 Y114.532 E.00801
G1 X113.954 Y114.866 E.01745
G1 X114.446 Y115.261 E.02093
G1 X115.101 Y115.42 E.02236
G1 X115.757 Y115.378 E.02178
G1 X116.412 Y115.206 E.02246
G1 X117.067 Y114.904 E.02394
G1 X117.722 Y114.419 E.02704
G1 X118.377 Y113.688 E.03255
G1 X119.032 Y112.848 E.03535
G1 X119.688 Y112.321 E.02788
G1 X120.343 Y112.163 E.02236
G1 X120.998 Y112.205 E.02178
G1 X121.653 Y112.376 E.02246
G1 X122.308 Y112.679 E.02394
G1 X122.963 Y113.164 E.02704
G1 X123.619 Y113.894 E.03255
G1 X124.274 Y114.735 E.03535
G1 X124.929 Y115.261 E.02788
G1 X124.971 Y115.271 E.00143
G1 X125.328 Y115.6 E.0161
G1 X125.899 Y116.031 E.02374
G1 X126.51 Y116.404 E.02374
G1 X127.155 Y116.715 E.02374
G1 X127.826 Y116.962 E.02374
G1 X128.519 Y117.141 E.02374
G1 X129.226 Y117.252 E.02374
G1 X130 Y117.294 E.02569
G1 X130.656 Y117.263 E.0218
G1 X131.396 Y117.159 E.02479
G1 X132.173 Y116.962 E.0266
G1 X132.845 Y116.715 E.02375
G1 X133.49 Y116.404 E.02374
G1 X134.101 Y116.031 E.02374
G1 X134.672 Y115.6 E.02374
G1 X135.212 Y115.1 E.02439
G1 X135.412 Y115.261 E.0085
G1 X136.067 Y115.42 E.02236
G1 X136.722 Y115.378 E.02178
G1 X137.377 Y115.206 E.02246
G1 X138.032 Y114.904 E.02394
G1 X138.687 Y114.419 E.02704
G1 X139.343 Y113.688 E.03255
G1 X139.998 Y112.848 E.03535
G1 X140.653 Y112.321 E.02788
G1 X140.706 Y112.309 E.00181
G1 X140.706 Y108.594 E.12323
G1 X139.998 Y109.493 E.03798
G1 X139.343 Y110.02 E.02788
G1 X138.687 Y110.178 E.02236
G1 X138.032 Y110.136 E.02178
G1 X137.377 Y109.965 E.02246
G1 X137.29 Y109.925 E.00317
G1 X137.263 Y110.656 E.02427
G1 X137.159 Y111.396 E.02478
G1 X137.124 Y111.541 E.00495
G1 E-4.5 F2700
;WIPE_START
G1 F3000
G1 X137.159 Y111.396 E-.03544
G1 X137.263 Y110.656 E-.17742
G1 X137.29 Y109.925 E-.17378
G1 X137.377 Y109.965 E-.02273
G1 X137.644 Y110.035 E-.06563
;WIPE_END
G1 E-.025 F2700
M205 X8 Y8
G1 X132.43 Y104.462 Z2.2 F7200
G1 X130.84 Y102.762 Z2.2
G1 Z1.8
G1 E5 F2400
M205 X10 Y10
G1 F3000
G1 X130.656 Y102.737 E.00616
G1 X129.941 Y102.707 E.02374
G1 X129.215 Y102.75 E.02411
G1 X129.515 Y102.365 E.01618
G1 X130.17 Y101.839 E.02788
G1 X130.825 Y101.68 E.02236
G1 X131.481 Y101.722 E.02178
G1 X132.136 Y101.893 E.02246
G1 X132.791 Y102.196 E.02394
G1 X133.446 Y102.681 E.02704
G1 X134.101 Y103.412 E.03255
G1 X134.756 Y104.252 E.03535
G1 X135.412 Y104.778 E.02788
G1 X136.067 Y104.937 E.02236
G1 X136.722 Y104.895 E.02178
G1 X137.377 Y104.724 E.02246
G1 X138.032 Y104.421 E.02394
G1 X138.687 Y103.936 E.02704
G1 X139.343 Y103.206 E.03255
G1 X139.998 Y102.365 E.03535
G1 X140.653 Y101.839 E.02788
G1 X140.706 Y101.826 E.00181
G1 X140.706 Y100.294 E.05081
G1 X140.609 Y100.294 E.0032
; stop printing object V7_00_DS18B20_fit_gauge_8_10_12.stl id:0 copy 0
;TIME_ELAPSED:652.156677

;LAYER_CHANGE
;:2
;HEIGHT:0.2
;BEFORE_LAYER_CHANGE
;2
G92 E0

G1 E-4.5 F2700
;WIPE_START
G1 F3000
G1 X140.706 Y100.294 E-.02291
G1 X140.706 Y101.826 E-.36381
G1 X140.653 Y101.839 E-.01296
G1 X140.406 Y102.037 E-.07531
;WIPE_END
G1 E-.025 F2700
;_SET_FAN_SPEED_CHANGING_LAYER
; OBJECT_ID: 15
; printing object V7_00_DS18B20_fit_gauge_8_10_12.stl id:0 copy 0
M205 X8 Y8
G17
G3 Z2.2 I-1.216 J.04 P1  F7200
G1 X140.991 Y119.991 Z2.2
G1 Z2
G1 E5 F2400
M205 X10 Y10
;TYPE:Inner wall
;WIDTH:0.449999
G1 F2700
G1 X79.009 Y119.991 E2.05604
G1 X79.009 Y100.009 E.66283
M73 P58 R7
G1 X140.991 Y100.009 E2.05604
G1 X140.991 Y119.951 E.6615
M205 X8 Y8
G1 X141.398 Y120.398 F7200
M205 X10 Y10
G1 F2700
G1 X78.602 Y120.398 E2.08305
G1 X78.602 Y99.602 E.68984
G1 X141.398 Y99.602 E2.08305
G1 X141.398 Y120.358 E.68851
M205 X8 Y8
G1 X141.79 Y120.79 F7200
M205 X10 Y10
;TYPE:Outer wall
;WIDTH:0.419999
G1 F2400
G1 X78.21 Y120.79 E1.95363
G1 X78.21 Y99.21 E.66309
G1 X141.79 Y99.21 E1.95363
G1 X141.79 Y120.75 E.66186
M73 P59 R7
G1 E-4.5 F2700
;WIPE_START
G1 F2400
G1 X139.79 Y120.751 E-.475
;WIPE_END
G1 E-.025 F2700
M205 X8 Y8
G1 X132.742 Y117.822 Z2.4 F7200
G1 X124.57 Y114.425 Z2.4
G1 Z2
G1 E5 F2400
M205 X10 Y10
;TYPE:Inner wall
;WIDTH:0.449999
G1 F2700
G1 X124.2 Y113.934 E.0204
G1 X123.842 Y113.346 E.02281
G1 X123.544 Y112.727 E.02281
G1 X123.308 Y112.081 E.02281
G1 X123.144 Y111.445 E.02178
G1 X123.055 Y110.901 E.01828
G1 X123.003 Y110.269 E.02105
G1 X123.003 Y109.731 E.01782
G1 X123.055 Y109.099 E.02105
G1 X123.136 Y108.585 E.01725
G1 X123.28 Y108.012 E.0196
G1 X123.507 Y107.363 E.02281
G1 X123.75 Y106.837 E.01921
G1 X124.146 Y106.147 E.0264
G1 X124.552 Y105.592 E.02281
G1 X125.01 Y105.079 E.02281
G1 X125.517 Y104.613 E.02281
G1 X126.066 Y104.2 E.02281
G1 X126.654 Y103.842 E.02281
G1 X127.273 Y103.544 E.02281
G1 X127.919 Y103.308 E.02281
G1 X128.585 Y103.136 E.02281
G1 X129.265 Y103.031 E.02281
G1 X129.952 Y102.992 E.02281
G1 X130.639 Y103.021 E.02281
G1 X131.32 Y103.117 E.02281
G1 X131.988 Y103.28 E.02281
G1 X132.637 Y103.507 E.02281
G1 X133.261 Y103.797 E.02281
G1 X133.853 Y104.146 E.02281
G1 X134.408 Y104.552 E.02281
G1 X134.921 Y105.01 E.02281
G1 X135.325 Y105.449 E.01978
G1 X135.8 Y106.066 E.02583
G1 X136.158 Y106.654 E.02281
G1 X136.456 Y107.273 E.02281
G1 X136.692 Y107.919 E.02281
G1 X136.864 Y108.585 E.02281
G1 X136.969 Y109.265 E.02281
G1 X137.008 Y109.952 E.02281
G1 X136.979 Y110.639 E.02281
G1 X136.883 Y111.32 E.02281
G1 X136.72 Y111.988 E.02281
G1 X136.493 Y112.637 E.02281
G1 X136.203 Y113.261 E.02281
G1 X135.854 Y113.853 E.02281
G1 X135.448 Y114.408 E.02281
G1 X134.99 Y114.921 E.02281
G1 X134.483 Y115.387 E.02281
G1 X133.934 Y115.8 E.02281
G1 X133.346 Y116.158 E.02281
G1 X132.727 Y116.456 E.02281
G1 X132.081 Y116.692 E.02281
G1 X131.415 Y116.864 E.02281
G1 X130.735 Y116.969 E.02281
G1 X130.048 Y117.008 E.02281
G1 X129.361 Y116.979 E.02281
G1 X128.68 Y116.883 E.02281
G1 X128.012 Y116.72 E.02281
G1 X127.363 Y116.493 E.02281
G1 X126.739 Y116.203 E.02281
G1 X126.147 Y115.854 E.02281
G1 X125.592 Y115.448 E.02281
G1 X125.079 Y114.99 E.02281
G1 X124.613 Y114.483 E.02281
G1 X124.594 Y114.457 E.00108
M205 X8 Y8
G1 X124.893 Y114.181 F7200
M205 X10 Y10
G1 F2700
G1 X124.527 Y113.691 E.02028
G1 X124.192 Y113.137 E.02149
G1 X123.912 Y112.553 E.02149
G1 X123.691 Y111.944 E.02149
G1 X123.539 Y111.346 E.02046
G1 X123.458 Y110.841 E.01696
G1 X123.409 Y110.249 E.01972
G1 X123.428 Y109.381 E.02878
G1 X123.52 Y108.74 E.02149
G1 X123.675 Y108.111 E.02149
G1 X123.89 Y107.5 E.02149
G1 X124.118 Y107.011 E.01789
G1 X124.495 Y106.356 E.02508
G1 X124.879 Y105.834 E.02149
G1 X125.312 Y105.352 E.02149
G1 X125.79 Y104.915 E.02149
G1 X126.309 Y104.527 E.02149
G1 X126.863 Y104.192 E.02149
G1 X127.447 Y103.912 E.02149
G1 X128.056 Y103.691 E.02149
G1 X128.684 Y103.531 E.02149
G1 X129.325 Y103.433 E.02149
G1 X129.972 Y103.399 E.02149
G1 X130.619 Y103.428 E.02149
G1 X131.26 Y103.52 E.02149
G1 X131.889 Y103.675 E.02149
G1 X132.5 Y103.89 E.02149
G1 X133.087 Y104.165 E.02149
G1 X133.644 Y104.495 E.02149
G1 X134.166 Y104.879 E.02149
G1 X134.648 Y105.312 E.02149
G1 X135.024 Y105.722 E.01846
G1 X135.473 Y106.309 E.02451
G1 X135.808 Y106.863 E.02149
G1 X136.088 Y107.447 E.02149
G1 X136.309 Y108.056 E.02149
G1 X136.469 Y108.684 E.02149
G1 X136.567 Y109.325 E.02149
G1 X136.601 Y109.972 E.02149
G1 X136.572 Y110.619 E.02149
G1 X136.48 Y111.26 E.02149
G1 X136.325 Y111.889 E.02149
G1 X136.11 Y112.5 E.02149
G1 X135.835 Y113.087 E.02149
G1 X135.505 Y113.644 E.02149
G1 X135.121 Y114.166 E.02149
G1 X134.688 Y114.648 E.02149
G1 X134.21 Y115.085 E.02149
G1 X133.691 Y115.473 E.02149
G1 X133.137 Y115.808 E.02149
G1 X132.553 Y116.088 E.02149
G1 X131.944 Y116.309 E.02149
G1 X131.316 Y116.469 E.02149
G1 X130.675 Y116.567 E.02149
G1 X130.028 Y116.601 E.02149
G1 X129.381 Y116.572 E.02149
G1 X128.74 Y116.48 E.02149
G1 X128.111 Y116.325 E.02149
G1 X127.5 Y116.11 E.02149
G1 X126.913 Y115.835 E.02149
G1 X126.356 Y115.505 E.02149
G1 X125.834 Y115.121 E.02149
G1 X125.352 Y114.688 E.02149
G1 X124.917 Y114.212 E.02138
M205 X8 Y8
G1 X125.206 Y113.947 F7200
M205 X10 Y10
;TYPE:Outer wall
;WIDTH:0.419999
G1 F2400
G1 X124.842 Y113.458 E.01872
G1 X124.528 Y112.935 E.01873
G1 X124.266 Y112.385 E.01872
G1 X124.06 Y111.811 E.01873
G1 X123.919 Y111.251 E.01777
G1 X123.821 Y110.618 E.01968
G1 X123.79 Y110.009 E.01873
G1 X123.819 Y109.401 E.01873
G1 X123.908 Y108.798 E.01872
G1 X124.055 Y108.206 E.01873
G1 X124.259 Y107.632 E.01873
G1 X124.473 Y107.179 E.01539
G1 X124.832 Y106.558 E.02205
G1 X125.194 Y106.068 E.01873
G1 X125.602 Y105.616 E.01873
G1 X126.053 Y105.206 E.01873
G1 X126.542 Y104.842 E.01872
G1 X127.065 Y104.528 E.01873
G1 X127.615 Y104.266 E.01872
G1 X128.189 Y104.06 E.01873
G1 X128.779 Y103.911 E.01873
G1 X129.382 Y103.821 E.01872
G1 X129.991 Y103.79 E.01873
G1 X130.599 Y103.819 E.01873
G1 X131.202 Y103.908 E.01872
G1 X131.794 Y104.055 E.01873
G1 X132.368 Y104.259 E.01873
G1 X132.919 Y104.519 E.01872
G1 X133.442 Y104.832 E.01873
G1 X133.932 Y105.194 E.01872
G1 X134.384 Y105.602 E.01873
G1 X134.733 Y105.986 E.01592
G1 X135.158 Y106.542 E.02152
G1 X135.472 Y107.065 E.01873
G1 X135.734 Y107.615 E.01872
G1 X135.94 Y108.189 E.01873
G1 X136.089 Y108.779 E.01873
G1 X136.179 Y109.382 E.01872
G1 X136.21 Y109.991 E.01873
G1 X136.181 Y110.599 E.01873
G1 X136.092 Y111.202 E.01872
G1 X135.945 Y111.794 E.01873
G1 X135.741 Y112.368 E.01873
G1 X135.481 Y112.919 E.01872
G1 X135.168 Y113.442 E.01873
G1 X134.806 Y113.932 E.01872
G1 X134.398 Y114.384 E.01873
G1 X133.947 Y114.794 E.01873
G1 X133.458 Y115.158 E.01872
G1 X132.935 Y115.472 E.01873
G1 X132.385 Y115.734 E.01872
G1 X131.811 Y115.94 E.01873
G1 X131.221 Y116.089 E.01873
G1 X130.618 Y116.179 E.01872
G1 X130.009 Y116.21 E.01873
G1 X129.401 Y116.181 E.01873
G1 X128.798 Y116.092 E.01872
G1 X128.206 Y115.945 E.01873
G1 X127.632 Y115.741 E.01873
G1 X127.081 Y115.481 E.01872
G1 X126.558 Y115.168 E.01873
G1 X126.068 Y114.806 E.01872
G1 X125.616 Y114.398 E.01873
G1 X125.233 Y113.976 E.0175
G1 E-4.5 F2700
;WIPE_START
G1 F2400
G1 X124.842 Y113.458 E-.15419
G1 X124.528 Y112.935 E-.14474
G1 X124.266 Y112.385 E-.14473
G1 X124.222 Y112.261 E-.03135
;WIPE_END
G1 E-.025 F2700
M205 X8 Y8
G1 X116.82 Y114.121 Z2.4 F7200
G1 X113.291 Y115.008 Z2.4
G1 Z2
G1 E5 F2400
M205 X10 Y10
;TYPE:Inner wall
;WIDTH:0.449999
G1 F2700
G1 X112.387 Y115.51 E.0343
G1 X111.266 Y115.87 E.03905
G1 X110.097 Y116.004 E.03905
G1 X108.924 Y115.908 E.03905
G1 X107.792 Y115.584 E.03905
G1 X106.745 Y115.046 E.03905
G1 X105.823 Y114.314 E.03905
G1 X105.061 Y113.416 E.03905
G1 X104.49 Y112.387 E.03905
G1 X104.13 Y111.266 E.03905
G1 X103.996 Y110.097 E.03905
G1 X104.073 Y109.119 E.03255
G1 X104.13 Y108.734 E.01291
G1 X104.416 Y107.792 E.03265
G1 X104.954 Y106.745 E.03905
G1 X105.686 Y105.823 E.03905
G1 X106.584 Y105.061 E.03905
G1 X107.613 Y104.49 E.03905
G1 X108.734 Y104.13 E.03905
G1 X109.903 Y103.996 E.03905
G1 X111.076 Y104.092 E.03905
G1 X112.208 Y104.416 E.03905
G1 X113.255 Y104.954 E.03905
G1 X114.177 Y105.686 E.03905
G1 X114.939 Y106.584 E.03905
G1 X115.51 Y107.613 E.03905
G1 X115.872 Y108.74 E.03927
G1 X115.968 Y109.534 E.02655
G1 X116.008 Y110.048 E.0171
G1 X115.895 Y111.166 E.03726
G1 X115.54 Y112.326 E.04023
G1 X114.939 Y113.416 E.04131
G1 X114.314 Y114.177 E.03265
G1 X113.416 Y114.939 E.03905
G1 X113.326 Y114.989 E.00342
M205 X8 Y8
G1 X113.095 Y114.659 F7200
M205 X10 Y10
G1 F2700
G1 X112.195 Y115.151 E.03401
G1 X111.148 Y115.481 E.03641
G1 X110.057 Y115.599 E.03641
G1 X108.963 Y115.503 E.03641
G1 X107.91 Y115.195 E.03641
G1 X106.937 Y114.687 E.03641
G1 X106.081 Y114 E.03641
G1 X105.376 Y113.158 E.03641
G1 X104.849 Y112.195 E.03641
G1 X104.519 Y111.148 E.03641
G1 X104.401 Y110.057 E.03641
G1 X104.519 Y108.852 E.04017
G1 X104.805 Y107.91 E.03265
G1 X105.313 Y106.937 E.03641
G1 X106 Y106.081 E.03641
G1 X106.842 Y105.376 E.03641
G1 X107.805 Y104.849 E.03641
G1 X108.852 Y104.519 E.03641
G1 X109.943 Y104.401 E.03641
G1 X111.037 Y104.497 E.03641
G1 X112.09 Y104.805 E.03641
G1 X113.063 Y105.313 E.03641
G1 X113.919 Y106 E.03641
G1 X114.624 Y106.842 E.03641
G1 X115.195 Y107.91 E.04017
G1 X115.482 Y108.855 E.03278
G1 X115.599 Y110.057 E.04004
G1 X115.503 Y111.037 E.03265
G1 X115.16 Y112.178 E.03952
G1 X114.624 Y113.158 E.03707
G1 X114 Y113.919 E.03265
G1 X113.158 Y114.624 E.03641
G1 X113.13 Y114.64 E.00108
M205 X8 Y8
G1 X112.909 Y114.321 F7200
M205 X10 Y10
;TYPE:Outer wall
;WIDTH:0.419999
G1 F2400
G1 X112.011 Y114.806 E.03138
G1 X111.034 Y115.105 E.03138
G1 X110.018 Y115.209 E.03138
G1 X109.002 Y115.113 E.03138
G1 X108.024 Y114.82 E.03138
G1 X107.121 Y114.341 E.03138
G1 X106.33 Y113.696 E.03138
G1 X105.679 Y112.909 E.03138
G1 X105.194 Y112.011 E.03138
G1 X104.895 Y111.034 E.03138
G1 X104.791 Y110.016 E.03144
G1 X104.895 Y108.966 E.03245
G1 X105.18 Y108.024 E.03025
G1 X105.659 Y107.121 E.03138
G1 X106.304 Y106.33 E.03138
G1 X107.091 Y105.679 E.03138
G1 X107.989 Y105.194 E.03138
G1 X108.966 Y104.895 E.03138
G1 X109.982 Y104.791 E.03138
G1 X110.998 Y104.887 E.03138
G1 X111.976 Y105.18 E.03138
G1 X112.879 Y105.659 E.03138
G1 X113.67 Y106.304 E.03138
G1 X114.321 Y107.091 E.03138
G1 X114.731 Y107.849 E.02649
G1 X114.943 Y108.43 E.019
G1 X115.106 Y108.967 E.01724
G1 X115.209 Y110.018 E.03247
G1 X115.113 Y110.998 E.03025
G1 X114.943 Y111.57 E.01833
G1 X114.731 Y112.151 E.019
G1 X114.341 Y112.879 E.02536
G1 X113.696 Y113.67 E.03138
G1 X112.94 Y114.295 E.03015
G1 E-4.5 F2700
;WIPE_START
G1 F2400
G1 X112.011 Y114.806 E-.25185
G1 X111.112 Y115.081 E-.22315
;WIPE_END
G1 E-.025 F2700
M205 X8 Y8
G1 X104.081 Y112.114 Z2.4 F7200
G1 X94.629 Y108.125 Z2.4
G1 Z2
G1 E5 F2400
M205 X10 Y10
;TYPE:Inner wall
;WIDTH:0.449999
G1 F2700
G1 X94.83 Y108.734 E.02126
G1 X94.927 Y109.119 E.01317
G1 X95.004 Y109.903 E.02615
G1 X94.927 Y110.881 E.03255
G1 X94.661 Y111.826 E.03255
G1 X94.215 Y112.7 E.03255
G1 X93.607 Y113.47 E.03255
G1 X92.861 Y114.107 E.03255
G1 X92.005 Y114.586 E.03255
G1 X91.071 Y114.889 E.03255
G1 X90.097 Y115.004 E.03255
G1 X89.119 Y114.927 E.03255
G1 X88.174 Y114.661 E.03255
G1 X87.3 Y114.215 E.03255
G1 X86.53 Y113.607 E.03255
G1 X85.893 Y112.861 E.03255
G1 X85.414 Y112.005 E.03255
G1 X85.111 Y111.071 E.03255
G1 X84.996 Y110.097 E.03255
G1 X85.073 Y109.119 E.03255
G1 X85.339 Y108.174 E.03255
G1 X85.785 Y107.3 E.03255
G1 X86.259 Y106.693 E.02557
G1 X86.53 Y106.393 E.01339
G1 X87.139 Y105.893 E.02615
G1 X87.995 Y105.414 E.03255
G1 X88.929 Y105.111 E.03256
G1 X89.903 Y104.996 E.03254
G1 X90.881 Y105.073 E.03255
G1 X91.826 Y105.339 E.03255
G1 X92.7 Y105.785 E.03255
G1 X93.47 Y106.393 E.03255
G1 X94.107 Y107.139 E.03255
G1 X94.586 Y107.995 E.03255
G1 X94.617 Y108.087 E.0032
M205 X8 Y8
G1 X94.25 Y108.26 F7200
M205 X10 Y10
G1 F2700
G1 X94.522 Y109.159 E.03114
G1 X94.599 Y109.943 E.02615
G1 X94.522 Y110.841 E.02991
G1 X94.271 Y111.708 E.02991
G1 X93.856 Y112.508 E.02991
G1 X93.292 Y113.212 E.02991
G1 X92.603 Y113.793 E.02991
G1 X91.813 Y114.227 E.02991
G1 X90.953 Y114.5 E.02991
G1 X90.057 Y114.599 E.02991
G1 X89.159 Y114.522 E.02991
G1 X88.292 Y114.271 E.02991
G1 X87.492 Y113.856 E.02991
G1 X86.788 Y113.292 E.02991
G1 X86.207 Y112.603 E.02991
G1 X85.773 Y111.813 E.02991
G1 X85.5 Y110.953 E.02991
G1 X85.401 Y110.057 E.02991
G1 X85.478 Y109.159 E.02991
G1 X85.729 Y108.292 E.02991
G1 X86.144 Y107.492 E.02991
G1 X86.788 Y106.708 E.03367
G1 X87.397 Y106.207 E.02615
G1 X88.187 Y105.773 E.02991
G1 X89.047 Y105.5 E.02992
G1 X89.943 Y105.401 E.0299
G1 X90.841 Y105.478 E.02991
G1 X91.708 Y105.729 E.02991
G1 X92.508 Y106.144 E.02991
G1 X93.212 Y106.708 E.02991
G1 X93.793 Y107.397 E.02991
G1 X94.227 Y108.187 E.02991
G1 X94.238 Y108.222 E.0012
M205 X8 Y8
G1 X93.882 Y108.372 F7200
M205 X10 Y10
;TYPE:Outer wall
;WIDTH:0.419999
G1 F2400
G1 X94.132 Y109.197 E.02648
G1 X94.209 Y109.984 E.02429
G1 X94.132 Y110.803 E.02529
G1 X93.896 Y111.594 E.02535
G1 X93.51 Y112.323 E.02535
G1 X92.989 Y112.963 E.02535
G1 X92.354 Y113.489 E.02535
G1 X91.628 Y113.882 E.02535
G1 X90.839 Y114.125 E.02535
G1 X90.018 Y114.209 E.02535
G1 X89.197 Y114.132 E.02535
G1 X88.406 Y113.896 E.02535
G1 X87.677 Y113.51 E.02535
G1 X87.037 Y112.989 E.02535
G1 X86.511 Y112.354 E.02535
G1 X86.118 Y111.628 E.02535
G1 X85.875 Y110.839 E.02535
M73 P60 R7
G1 X85.791 Y110.018 E.02535
G1 X85.868 Y109.197 E.02535
G1 X86.104 Y108.406 E.02535
G1 X86.49 Y107.677 E.02535
G1 X87.037 Y107.011 E.02648
G1 X87.646 Y106.511 E.02422
G1 X88.372 Y106.118 E.02535
G1 X89.161 Y105.875 E.02536
G1 X89.982 Y105.791 E.02535
G1 X90.803 Y105.868 E.02535
G1 X91.594 Y106.104 E.02535
G1 X92.323 Y106.49 E.02535
G1 X92.963 Y107.011 E.02535
G1 X93.489 Y107.646 E.02535
G1 X93.863 Y108.337 E.02412
G1 E-4.5 F2700
;WIPE_START
G1 F2400
G1 X94.132 Y109.197 E-.21403
G1 X94.209 Y109.984 E-.18772
G1 X94.18 Y110.291 E-.07325
;WIPE_END
G1 E-.025 F2700
M205 X8 Y8
G1 X103.721 Y110.164 Z2.4 F7200
G1 Z2
G1 E5 F2400
M205 X10 Y10
;TYPE:Sparse infill
;WIDTH:0.45
G1 F3000
G1 X103.705 Y110 E.00548
G1 X103.823 Y108.791 E.04029
G1 X103.894 Y108.553 E.00825
G1 X103.309 Y107.881 E.02955
G1 X102.653 Y107.332 E.02835
G1 X101.998 Y107.097 E.02309
G1 X101.343 Y107.069 E.02175
G1 X100.688 Y107.18 E.02204
G1 X100.033 Y107.424 E.02318
G1 X99.378 Y107.836 E.02568
G1 X98.722 Y108.467 E.03016
G1 X98.067 Y109.219 E.03308
G1 X97.412 Y109.767 E.02835
G1 X96.757 Y110.003 E.02309
G1 X96.102 Y110.03 E.02175
G1 X95.447 Y109.919 E.02204
G1 X95.28 Y109.857 E.00589
G1 X95.295 Y110 E.00475
G1 X95.188 Y111.055 E.03518
G1 X94.878 Y112.058 E.03481
G1 X94.464 Y112.838 E.02929
G1 X94.33 Y113.038 E.00802
G1 X93.825 Y113.654 E.02642
G1 X93.654 Y113.825 E.00801
G1 X93.038 Y114.33 E.02642
G1 X92.834 Y114.466 E.00816
G1 X93.481 Y115.009 E.02801
G1 X94.136 Y115.244 E.02309
G1 X94.791 Y115.272 E.02175
G1 X95.447 Y115.161 E.02204
G1 X96.102 Y114.917 E.02318
G1 X96.757 Y114.505 E.02568
G1 X97.412 Y113.874 E.03016
G1 X98.067 Y113.122 E.03308
G1 X98.722 Y112.574 E.02835
G1 X99.378 Y112.338 E.02309
G1 X100.033 Y112.311 E.02175
G1 X100.688 Y112.422 E.02204
G1 X101.343 Y112.665 E.02318
G1 X101.998 Y113.078 E.02568
G1 X102.653 Y113.708 E.03016
G1 X103.309 Y114.46 E.03308
G1 X103.964 Y115.009 E.02835
G1 X104.619 Y115.244 E.02309
G1 X105.274 Y115.272 E.02175
G1 X105.929 Y115.161 E.02204
G1 X106.257 Y115.039 E.01159
G1 X106.607 Y115.296 E.0144
G1 X107.482 Y115.764 E.03292
G1 X107.668 Y115.841 E.00668
M205 X8 Y8
G1 X140.706 Y117.27 F7200
M205 X10 Y10
G1 F3000
G1 X140.706 Y118.898 E.05401
G1 X139.992 Y119.706 E.03575
G1 X136.025 Y119.706 E.13159
G1 X135.412 Y119.116 E.02824
G1 X134.756 Y118.364 E.03308
G1 X134.101 Y117.815 E.02835
G1 X133.446 Y117.58 E.02309
G1 X132.791 Y117.552 E.02175
G1 X132.136 Y117.663 E.02204
G1 X131.481 Y117.906 E.02318
G1 X130.825 Y118.319 E.02568
G1 X130.17 Y118.949 E.03016
G1 X129.509 Y119.706 E.03332
G1 X125.542 Y119.706 E.13159
G1 X124.929 Y119.116 E.02824
G1 X124.274 Y118.364 E.03308
G1 X123.619 Y117.815 E.02835
G1 X122.963 Y117.58 E.02309
G1 X122.308 Y117.552 E.02175
G1 X121.653 Y117.663 E.02204
G1 X120.998 Y117.906 E.02318
G1 X120.343 Y118.319 E.02568
G1 X119.688 Y118.949 E.03016
G1 X119.027 Y119.706 E.03332
G1 X115.06 Y119.706 E.13159
G1 X114.446 Y119.116 E.02824
G1 X113.791 Y118.364 E.03308
G1 X113.136 Y117.815 E.02835
G1 X112.481 Y117.58 E.02309
G1 X111.826 Y117.552 E.02175
G1 X111.171 Y117.663 E.02204
G1 X110.515 Y117.906 E.02318
G1 X109.86 Y118.319 E.02568
G1 X109.205 Y118.949 E.03016
G1 X108.544 Y119.706 E.03332
G1 X104.577 Y119.706 E.13159
G1 X103.964 Y119.116 E.02824
G1 X103.309 Y118.364 E.03308
G1 X102.653 Y117.815 E.02835
G1 X101.998 Y117.58 E.02309
G1 X101.343 Y117.552 E.02175
G1 X100.688 Y117.663 E.02204
G1 X100.033 Y117.906 E.02318
G1 X99.378 Y118.319 E.02568
G1 X98.722 Y118.949 E.03016
G1 X98.062 Y119.706 E.03332
G1 X94.095 Y119.706 E.13159
G1 X93.481 Y119.116 E.02824
G1 X92.826 Y118.364 E.03308
G1 X92.171 Y117.815 E.02835
G1 X91.516 Y117.58 E.02309
G1 X90.86 Y117.552 E.02175
G1 X90.205 Y117.663 E.02204
G1 X89.55 Y117.906 E.02318
G1 X88.895 Y118.319 E.02568
G1 X88.24 Y118.949 E.03016
G1 X87.579 Y119.706 E.03332
G1 X83.612 Y119.706 E.13159
G1 X82.998 Y119.116 E.02824
G1 X82.343 Y118.364 E.03308
G1 X81.688 Y117.815 E.02835
G1 X81.033 Y117.58 E.02309
G1 X80.378 Y117.552 E.02175
G1 X79.723 Y117.663 E.02204
G1 X79.294 Y117.822 E.01516
G1 X79.294 Y112.349 E.18155
G1 X79.723 Y112.422 E.01442
G1 X80.378 Y112.665 E.02318
G1 X81.033 Y113.078 E.02568
G1 X81.688 Y113.708 E.03016
G1 X82.343 Y114.46 E.03308
G1 X82.998 Y115.009 E.02835
G1 X83.654 Y115.244 E.02309
G1 X84.309 Y115.272 E.02175
G1 X84.964 Y115.161 E.02204
G1 X85.619 Y114.917 E.02318
G1 X86.274 Y114.505 E.02568
G1 X86.689 Y114.106 E.01907
G1 X86.346 Y113.825 E.0147
G1 X86.175 Y113.654 E.00801
G1 X85.67 Y113.038 E.02642
G1 X85.536 Y112.838 E.00801
G1 X85.16 Y112.135 E.02642
G1 X85.068 Y111.912 E.00802
G1 X84.802 Y111.006 E.03132
G1 X84.706 Y110 E.03351
G1 X84.721 Y109.829 E.0057
G1 X84.309 Y109.676 E.01459
G1 X83.654 Y109.263 E.02568
G1 X82.998 Y108.633 E.03016
G1 X82.343 Y107.881 E.03308
G1 X81.688 Y107.332 E.02835
G1 X81.033 Y107.097 E.02309
G1 X80.378 Y107.069 E.02175
G1 X79.723 Y107.18 E.02204
G1 X79.294 Y107.34 E.01516
G1 X79.294 Y101.866 E.18155
G1 X79.723 Y101.939 E.01442
G1 X80.378 Y102.182 E.02318
G1 X81.033 Y102.595 E.02568
G1 X81.688 Y103.225 E.03016
G1 X82.343 Y103.977 E.03308
G1 X82.998 Y104.526 E.02835
G1 X83.654 Y104.761 E.02309
G1 X84.309 Y104.789 E.02175
G1 X84.964 Y104.678 E.02204
G1 X85.619 Y104.435 E.02318
G1 X86.274 Y104.022 E.02568
G1 X86.929 Y103.392 E.03016
G1 X87.585 Y102.64 E.03308
G1 X88.24 Y102.091 E.02835
G1 X88.895 Y101.856 E.02309
G1 X89.55 Y101.828 E.02175
G1 X90.205 Y101.939 E.02204
G1 X90.86 Y102.182 E.02318
G1 X91.516 Y102.595 E.02568
G1 X92.171 Y103.225 E.03016
G1 X92.826 Y103.977 E.03308
G1 X93.481 Y104.526 E.02835
G1 X94.136 Y104.761 E.02309
G1 X94.791 Y104.789 E.02175
G1 X95.447 Y104.678 E.02204
G1 X96.102 Y104.435 E.02318
G1 X96.757 Y104.022 E.02568
G1 X97.412 Y103.392 E.03016
G1 X98.067 Y102.64 E.03308
G1 X98.722 Y102.091 E.02835
G1 X99.378 Y101.856 E.02309
G1 X100.033 Y101.828 E.02175
G1 X100.688 Y101.939 E.02204
G1 X101.343 Y102.182 E.02318
G1 X101.998 Y102.595 E.02568
G1 X102.653 Y103.225 E.03016
G1 X103.309 Y103.977 E.03308
G1 X103.964 Y104.526 E.02835
G1 X104.619 Y104.761 E.02309
G1 X105.274 Y104.789 E.02175
G1 X105.929 Y104.678 E.02204
G1 X106.584 Y104.435 E.02318
G1 X107.24 Y104.022 E.02568
G1 X107.895 Y103.392 E.03016
G1 X108.55 Y102.64 E.03308
G1 X109.205 Y102.091 E.02835
G1 X109.86 Y101.856 E.02309
G1 X110.515 Y101.828 E.02175
G1 X111.171 Y101.939 E.02204
G1 X111.826 Y102.182 E.02318
G1 X112.481 Y102.595 E.02568
G1 X113.136 Y103.225 E.03016
G1 X113.791 Y103.977 E.03308
G1 X114.446 Y104.526 E.02835
G1 X115.101 Y104.761 E.02309
G1 X115.757 Y104.789 E.02175
G1 X116.412 Y104.678 E.02204
G1 X117.067 Y104.435 E.02318
G1 X117.722 Y104.022 E.02568
G1 X118.377 Y103.392 E.03016
G1 X119.032 Y102.64 E.03308
G1 X119.688 Y102.091 E.02835
G1 X120.343 Y101.856 E.02309
G1 X120.998 Y101.828 E.02175
G1 X121.653 Y101.939 E.02204
G1 X122.308 Y102.182 E.02318
G1 X122.963 Y102.595 E.02568
G1 X123.619 Y103.225 E.03016
G1 X124.274 Y103.977 E.03308
G1 X124.929 Y104.526 E.02835
G1 X125.118 Y104.594 E.00665
G1 X124.801 Y104.885 E.01426
G1 X124.325 Y105.419 E.02374
G1 X123.903 Y105.997 E.02374
G1 X123.541 Y106.614 E.02374
G1 X123.264 Y107.205 E.02164
G1 X122.963 Y107.097 E.01058
G1 X122.308 Y107.069 E.02175
G1 X121.653 Y107.18 E.02204
G1 X120.998 Y107.424 E.02318
G1 X120.343 Y107.836 E.02568
G1 X119.688 Y108.467 E.03016
G1 X119.032 Y109.219 E.03308
G1 X118.377 Y109.767 E.02835
G1 X117.722 Y110.003 E.02309
G1 X117.067 Y110.03 E.02175
G1 X116.412 Y109.919 E.02204
G1 X116.282 Y109.871 E.0046
G1 X116.295 Y110 E.0043
G1 X116.175 Y111.22 E.04068
G1 X115.802 Y112.441 E.04233
G1 X115.296 Y113.393 E.03578
G1 X115.162 Y113.594 E.00801
G1 X114.532 Y114.361 E.03292
G1 X114.361 Y114.532 E.00801
G1 X114.117 Y114.733 E.01049
G1 X114.446 Y115.009 E.01426
G1 X115.101 Y115.244 E.02309
G1 X115.757 Y115.272 E.02175
G1 X116.412 Y115.161 E.02204
G1 X117.067 Y114.917 E.02318
G1 X117.722 Y114.505 E.02568
G1 X118.377 Y113.874 E.03016
G1 X119.032 Y113.122 E.03308
G1 X119.688 Y112.574 E.02835
G1 X120.343 Y112.338 E.02309
G1 X120.998 Y112.311 E.02175
G1 X121.653 Y112.422 E.02204
G1 X122.308 Y112.665 E.02318
G1 X122.963 Y113.078 E.02568
G1 X123.619 Y113.708 E.03016
G1 X124.048 Y114.201 E.02168
G1 X124.325 Y114.581 E.0156
G1 X124.801 Y115.115 E.02374
G1 X125.328 Y115.6 E.02374
G1 X125.899 Y116.031 E.02374
G1 X126.51 Y116.404 E.02374
G1 X127.155 Y116.715 E.02374
G1 X127.826 Y116.962 E.02374
G1 X128.519 Y117.141 E.02374
G1 X129.226 Y117.252 E.02374
G1 X130 Y117.294 E.02569
G1 X130.656 Y117.263 E.0218
G1 X131.396 Y117.159 E.02479
G1 X132.173 Y116.962 E.0266
G1 X132.845 Y116.715 E.02375
G1 X133.49 Y116.404 E.02374
G1 X134.101 Y116.031 E.02374
G1 X134.672 Y115.6 E.02374
G1 X135.199 Y115.115 E.02374
G1 X135.344 Y114.952 E.00725
G1 X135.412 Y115.009 E.00292
G1 X136.067 Y115.244 E.02309
G1 X136.722 Y115.272 E.02175
G1 X137.377 Y115.161 E.02204
G1 X138.032 Y114.917 E.02318
G1 X138.687 Y114.505 E.02568
G1 X139.343 Y113.874 E.03016
G1 X139.998 Y113.122 E.03308
G1 X140.653 Y112.574 E.02835
G1 X140.706 Y112.555 E.00187
G1 X140.706 Y108.416 E.1373
G1 X139.998 Y109.219 E.03551
G1 X139.343 Y109.767 E.02835
G1 X138.687 Y110.003 E.02309
G1 X138.032 Y110.03 E.02175
G1 X137.377 Y109.919 E.02204
G1 X137.288 Y109.886 E.00315
G1 X137.252 Y109.226 E.02192
G1 X137.141 Y108.519 E.02374
G1 X136.962 Y107.826 E.02374
G1 X136.715 Y107.155 E.02374
G1 X136.404 Y106.51 E.02374
G1 X136.031 Y105.899 E.02374
G1 X135.6 Y105.328 E.02374
G1 X135.115 Y104.801 E.02374
G1 X134.581 Y104.325 E.02374
G1 X134.003 Y103.903 E.02374
G1 X133.386 Y103.54 E.02374
G1 X132.736 Y103.24 E.02374
G1 X132.06 Y103.004 E.02374
G1 X131.365 Y102.836 E.02374
G1 X130.656 Y102.737 E.02374
G1 X129.941 Y102.707 E.02374
G1 X129.431 Y102.736 E.01694
G1 X129.515 Y102.64 E.00425
G1 X130.17 Y102.091 E.02835
G1 X130.825 Y101.856 E.02309
G1 X131.481 Y101.828 E.02175
G1 X132.136 Y101.939 E.02204
G1 X132.791 Y102.182 E.02318
G1 X133.446 Y102.595 E.02568
G1 X134.101 Y103.225 E.03016
G1 X134.756 Y103.977 E.03308
G1 X135.412 Y104.526 E.02835
G1 X136.067 Y104.761 E.02309
G1 X136.722 Y104.789 E.02175
G1 X137.377 Y104.678 E.02204
G1 X138.032 Y104.435 E.02318
G1 X138.687 Y104.022 E.02568
G1 X139.343 Y103.392 E.03016
G1 X139.998 Y102.64 E.03308
G1 X140.653 Y102.091 E.02835
G1 X140.706 Y102.072 E.00187
G1 X140.706 Y100.444 E.05401
; stop printing object V7_00_DS18B20_fit_gauge_8_10_12.stl id:0 copy 0
;TIME_ELAPSED:686.135315

;LAYER_CHANGE
;:2.2
;HEIGHT:0.2
;BEFORE_LAYER_CHANGE
;2.2
G92 E0

G1 E-4.5 F2700
;WIPE_START
G1 F3000
G1 X140.706 Y102.072 E-.38673
G1 X140.653 Y102.091 E-.01339
G1 X140.411 Y102.294 E-.07489
;WIPE_END
G1 E-.025 F2700
;_SET_FAN_SPEED_CHANGING_LAYER
; OBJECT_ID: 15
; printing object V7_00_DS18B20_fit_gauge_8_10_12.stl id:0 copy 0
M205 X8 Y8
G17
G3 Z2.4 I-1.216 J.04 P1  F7200
G1 X140.991 Y119.991 Z2.4
G1 Z2.2
G1 E5 F2400
M205 X10 Y10
;TYPE:Inner wall
;WIDTH:0.449999
G1 F2700
G1 X79.009 Y119.991 E2.05604
G1 X79.009 Y100.009 E.66283
M73 P61 R7
G1 X140.991 Y100.009 E2.05604
G1 X140.991 Y119.951 E.6615
M205 X8 Y8
G1 X141.398 Y120.398 F7200
M205 X10 Y10
G1 F2700
G1 X78.602 Y120.398 E2.08305
G1 X78.602 Y99.602 E.68984
G1 X141.398 Y99.602 E2.08305
G1 X141.398 Y120.358 E.68851
M205 X8 Y8
G1 X141.79 Y120.79 F7200
M205 X10 Y10
;TYPE:Outer wall
;WIDTH:0.419999
G1 F2400
G1 X78.21 Y120.79 E1.95363
G1 X78.21 Y99.21 E.66309
G1 X141.79 Y99.21 E1.95363
G1 X141.79 Y120.75 E.66186
M73 P62 R7
G1 E-4.5 F2700
;WIPE_START
G1 F2400
G1 X139.79 Y120.751 E-.475
;WIPE_END
G1 E-.025 F2700
M205 X8 Y8
G1 X132.742 Y117.822 Z2.6 F7200
G1 X124.57 Y114.425 Z2.6
G1 Z2.2
G1 E5 F2400
M205 X10 Y10
;TYPE:Inner wall
;WIDTH:0.449999
G1 F2700
G1 X124.2 Y113.934 E.02039
G1 X123.842 Y113.346 E.02281
G1 X123.544 Y112.727 E.02281
G1 X123.308 Y112.081 E.02281
G1 X123.144 Y111.445 E.02178
G1 X123.055 Y110.901 E.01828
G1 X123.003 Y110.269 E.02105
G1 X123.003 Y109.731 E.01782
G1 X123.055 Y109.099 E.02105
G1 X123.136 Y108.585 E.01725
G1 X123.28 Y108.012 E.0196
G1 X123.507 Y107.363 E.02281
G1 X123.75 Y106.837 E.01921
G1 X124.146 Y106.147 E.0264
G1 X124.552 Y105.592 E.02281
G1 X125.01 Y105.079 E.02281
G1 X125.517 Y104.613 E.02281
G1 X126.066 Y104.2 E.02281
G1 X126.654 Y103.842 E.02281
G1 X127.273 Y103.544 E.02281
G1 X127.919 Y103.308 E.02281
G1 X128.585 Y103.136 E.02281
G1 X129.265 Y103.031 E.02281
G1 X129.952 Y102.992 E.02281
G1 X130.639 Y103.021 E.02281
G1 X131.32 Y103.117 E.02281
G1 X131.988 Y103.28 E.02281
G1 X132.637 Y103.507 E.02281
G1 X133.261 Y103.797 E.02281
G1 X133.853 Y104.146 E.02281
G1 X134.408 Y104.552 E.02281
G1 X134.921 Y105.01 E.02281
G1 X135.325 Y105.449 E.01978
G1 X135.8 Y106.066 E.02583
G1 X136.158 Y106.654 E.02281
G1 X136.456 Y107.273 E.02281
G1 X136.692 Y107.919 E.02281
G1 X136.864 Y108.585 E.02281
G1 X136.969 Y109.265 E.02281
G1 X137.008 Y109.952 E.02281
G1 X136.979 Y110.639 E.02281
G1 X136.883 Y111.32 E.02281
G1 X136.72 Y111.988 E.02281
G1 X136.493 Y112.637 E.02281
G1 X136.203 Y113.261 E.02281
G1 X135.854 Y113.853 E.02281
G1 X135.448 Y114.408 E.02281
G1 X134.99 Y114.921 E.02281
G1 X134.483 Y115.387 E.02281
G1 X133.934 Y115.8 E.02281
G1 X133.346 Y116.158 E.02281
G1 X132.727 Y116.456 E.02281
G1 X132.081 Y116.692 E.02281
G1 X131.415 Y116.864 E.02281
G1 X130.735 Y116.969 E.02281
G1 X130.048 Y117.008 E.02281
G1 X129.361 Y116.979 E.02281
G1 X128.68 Y116.883 E.02281
G1 X128.012 Y116.72 E.02281
G1 X127.363 Y116.493 E.02281
G1 X126.739 Y116.203 E.02281
G1 X126.147 Y115.854 E.02281
G1 X125.592 Y115.448 E.02281
G1 X125.079 Y114.99 E.02281
G1 X124.613 Y114.483 E.02281
G1 X124.594 Y114.457 E.00109
M205 X8 Y8
G1 X124.893 Y114.18 F7200
M205 X10 Y10
G1 F2700
G1 X124.527 Y113.691 E.02027
G1 X124.192 Y113.137 E.02149
G1 X123.912 Y112.553 E.02149
G1 X123.691 Y111.944 E.02149
G1 X123.539 Y111.346 E.02046
G1 X123.458 Y110.841 E.01696
G1 X123.409 Y110.249 E.01972
G1 X123.428 Y109.381 E.02878
G1 X123.52 Y108.74 E.02149
G1 X123.675 Y108.111 E.02149
G1 X123.89 Y107.5 E.02149
G1 X124.118 Y107.011 E.01789
G1 X124.495 Y106.356 E.02508
G1 X124.879 Y105.834 E.02149
G1 X125.312 Y105.352 E.02149
G1 X125.79 Y104.915 E.02149
G1 X126.309 Y104.527 E.02149
G1 X126.863 Y104.192 E.02149
G1 X127.447 Y103.912 E.02149
G1 X128.056 Y103.691 E.02149
G1 X128.684 Y103.531 E.02149
G1 X129.325 Y103.433 E.02149
G1 X129.972 Y103.399 E.02149
G1 X130.619 Y103.428 E.02149
G1 X131.26 Y103.52 E.02149
G1 X131.889 Y103.675 E.02149
G1 X132.5 Y103.89 E.02149
G1 X133.087 Y104.165 E.02149
G1 X133.644 Y104.495 E.02149
G1 X134.166 Y104.879 E.02149
G1 X134.648 Y105.312 E.02149
G1 X135.024 Y105.722 E.01846
G1 X135.473 Y106.309 E.02451
G1 X135.808 Y106.863 E.02149
G1 X136.088 Y107.447 E.02149
G1 X136.309 Y108.056 E.02149
G1 X136.469 Y108.684 E.02149
G1 X136.567 Y109.325 E.02149
G1 X136.601 Y109.972 E.02149
G1 X136.572 Y110.619 E.02149
G1 X136.48 Y111.26 E.02149
G1 X136.325 Y111.889 E.02149
G1 X136.11 Y112.5 E.02149
G1 X135.835 Y113.087 E.02149
G1 X135.505 Y113.644 E.02149
G1 X135.121 Y114.166 E.02149
G1 X134.688 Y114.648 E.02149
G1 X134.21 Y115.085 E.02149
G1 X133.691 Y115.473 E.02149
G1 X133.137 Y115.808 E.02149
G1 X132.553 Y116.088 E.02149
G1 X131.944 Y116.309 E.02149
G1 X131.316 Y116.469 E.02149
G1 X130.675 Y116.567 E.02149
G1 X130.028 Y116.601 E.02149
G1 X129.381 Y116.572 E.02149
G1 X128.74 Y116.48 E.02149
G1 X128.111 Y116.325 E.02149
G1 X127.5 Y116.11 E.02149
G1 X126.913 Y115.835 E.02149
G1 X126.356 Y115.505 E.02149
G1 X125.834 Y115.121 E.02149
G1 X125.352 Y114.688 E.02149
G1 X124.917 Y114.212 E.02139
M205 X8 Y8
G1 X125.206 Y113.947 F7200
M205 X10 Y10
;TYPE:Outer wall
;WIDTH:0.419999
G1 F2400
G1 X124.842 Y113.458 E.01872
G1 X124.528 Y112.935 E.01873
G1 X124.266 Y112.385 E.01872
G1 X124.06 Y111.811 E.01873
G1 X123.919 Y111.251 E.01777
G1 X123.821 Y110.618 E.01968
G1 X123.79 Y110.009 E.01873
G1 X123.819 Y109.401 E.01873
G1 X123.908 Y108.798 E.01872
G1 X124.055 Y108.206 E.01873
G1 X124.259 Y107.632 E.01873
G1 X124.473 Y107.179 E.01539
G1 X124.832 Y106.558 E.02205
G1 X125.194 Y106.068 E.01873
G1 X125.602 Y105.616 E.01873
G1 X126.053 Y105.206 E.01873
G1 X126.542 Y104.842 E.01872
G1 X127.065 Y104.528 E.01873
G1 X127.615 Y104.266 E.01872
G1 X128.189 Y104.06 E.01873
G1 X128.779 Y103.911 E.01873
G1 X129.382 Y103.821 E.01872
G1 X129.991 Y103.79 E.01873
G1 X130.599 Y103.819 E.01873
G1 X131.202 Y103.908 E.01872
G1 X131.794 Y104.055 E.01873
G1 X132.368 Y104.259 E.01873
G1 X132.919 Y104.519 E.01872
G1 X133.442 Y104.832 E.01873
G1 X133.932 Y105.194 E.01872
G1 X134.384 Y105.602 E.01873
G1 X134.733 Y105.986 E.01592
G1 X135.158 Y106.542 E.02152
G1 X135.472 Y107.065 E.01873
G1 X135.734 Y107.615 E.01872
G1 X135.94 Y108.189 E.01873
G1 X136.089 Y108.779 E.01873
G1 X136.179 Y109.382 E.01872
G1 X136.21 Y109.991 E.01873
G1 X136.181 Y110.599 E.01873
G1 X136.092 Y111.202 E.01872
G1 X135.945 Y111.794 E.01873
G1 X135.741 Y112.368 E.01873
G1 X135.481 Y112.919 E.01872
G1 X135.168 Y113.442 E.01873
G1 X134.806 Y113.932 E.01872
G1 X134.398 Y114.384 E.01873
G1 X133.947 Y114.794 E.01873
G1 X133.458 Y115.158 E.01872
G1 X132.935 Y115.472 E.01873
G1 X132.385 Y115.734 E.01872
G1 X131.811 Y115.94 E.01873
G1 X131.221 Y116.089 E.01873
G1 X130.618 Y116.179 E.01872
G1 X130.009 Y116.21 E.01873
G1 X129.401 Y116.181 E.01873
G1 X128.798 Y116.092 E.01872
G1 X128.206 Y115.945 E.01873
G1 X127.632 Y115.741 E.01873
G1 X127.081 Y115.481 E.01872
G1 X126.558 Y115.168 E.01873
G1 X126.068 Y114.806 E.01872
G1 X125.616 Y114.398 E.01873
G1 X125.232 Y113.976 E.0175
G1 E-4.5 F2700
;WIPE_START
G1 F2400
G1 X124.842 Y113.458 E-.15416
G1 X124.528 Y112.935 E-.14474
G1 X124.266 Y112.385 E-.14473
G1 X124.222 Y112.261 E-.03137
;WIPE_END
G1 E-.025 F2700
M205 X8 Y8
G1 X116.82 Y114.121 Z2.6 F7200
G1 X113.291 Y115.008 Z2.6
G1 Z2.2
G1 E5 F2400
M205 X10 Y10
;TYPE:Inner wall
;WIDTH:0.449999
G1 F2700
G1 X112.387 Y115.51 E.0343
G1 X111.266 Y115.87 E.03905
G1 X110.097 Y116.004 E.03905
G1 X108.924 Y115.908 E.03905
G1 X107.792 Y115.584 E.03905
G1 X106.745 Y115.046 E.03905
G1 X105.823 Y114.314 E.03905
G1 X105.061 Y113.416 E.03905
G1 X104.49 Y112.387 E.03905
G1 X104.13 Y111.266 E.03905
G1 X103.996 Y110.097 E.03905
G1 X104.073 Y109.119 E.03255
G1 X104.13 Y108.734 E.01291
G1 X104.416 Y107.792 E.03265
G1 X104.954 Y106.745 E.03905
G1 X105.686 Y105.823 E.03905
G1 X106.584 Y105.061 E.03905
G1 X107.613 Y104.49 E.03905
G1 X108.734 Y104.13 E.03906
G1 X109.903 Y103.996 E.03904
G1 X111.076 Y104.092 E.03905
G1 X112.208 Y104.416 E.03905
G1 X113.255 Y104.954 E.03905
G1 X114.177 Y105.686 E.03905
G1 X114.939 Y106.584 E.03905
G1 X115.51 Y107.613 E.03905
G1 X115.872 Y108.74 E.03927
G1 X115.968 Y109.534 E.02655
G1 X116.008 Y110.048 E.0171
G1 X115.895 Y111.166 E.03726
G1 X115.54 Y112.326 E.04023
G1 X114.939 Y113.416 E.04131
G1 X114.314 Y114.177 E.03265
G1 X113.416 Y114.939 E.03905
G1 X113.326 Y114.989 E.00343
M205 X8 Y8
G1 X113.094 Y114.659 F7200
M205 X10 Y10
G1 F2700
G1 X112.195 Y115.151 E.034
G1 X111.148 Y115.481 E.03641
G1 X110.057 Y115.599 E.03641
G1 X108.963 Y115.503 E.03641
G1 X107.91 Y115.195 E.03641
G1 X106.937 Y114.687 E.03641
G1 X106.081 Y114 E.03641
G1 X105.376 Y113.158 E.03641
G1 X104.849 Y112.195 E.03641
G1 X104.519 Y111.148 E.03641
G1 X104.401 Y110.057 E.03641
G1 X104.519 Y108.852 E.04017
G1 X104.805 Y107.91 E.03265
G1 X105.313 Y106.937 E.03641
G1 X106 Y106.081 E.03641
G1 X106.842 Y105.376 E.03641
G1 X107.805 Y104.849 E.03641
G1 X108.852 Y104.519 E.03642
G1 X109.943 Y104.401 E.03641
G1 X111.037 Y104.497 E.03641
G1 X112.09 Y104.805 E.03641
G1 X113.063 Y105.313 E.03641
G1 X113.919 Y106 E.03641
G1 X114.624 Y106.842 E.03641
G1 X115.195 Y107.91 E.04017
G1 X115.482 Y108.855 E.03278
G1 X115.599 Y110.057 E.04004
G1 X115.503 Y111.037 E.03265
G1 X115.16 Y112.178 E.03952
G1 X114.624 Y113.158 E.03707
G1 X114 Y113.919 E.03265
G1 X113.158 Y114.624 E.03641
G1 X113.129 Y114.64 E.00108
M205 X8 Y8
G1 X112.91 Y114.321 F7200
M205 X10 Y10
;TYPE:Outer wall
;WIDTH:0.419999
G1 F2400
G1 X112.909 Y114.321 E.00001
G1 X112.011 Y114.806 E.03138
G1 X111.034 Y115.105 E.03138
G1 X110.018 Y115.209 E.03138
G1 X109.002 Y115.113 E.03138
G1 X108.024 Y114.82 E.03138
G1 X107.121 Y114.341 E.03138
G1 X106.33 Y113.696 E.03138
G1 X105.679 Y112.909 E.03138
G1 X105.194 Y112.011 E.03138
G1 X104.895 Y111.034 E.03138
G1 X104.791 Y110.016 E.03144
G1 X104.895 Y108.966 E.03245
G1 X105.18 Y108.024 E.03025
G1 X105.659 Y107.121 E.03138
G1 X106.304 Y106.33 E.03138
G1 X107.091 Y105.679 E.03138
G1 X107.989 Y105.194 E.03138
G1 X108.966 Y104.895 E.03139
G1 X109.982 Y104.791 E.03137
G1 X110.998 Y104.887 E.03138
G1 X111.976 Y105.18 E.03138
G1 X112.879 Y105.659 E.03138
G1 X113.67 Y106.304 E.03138
G1 X114.321 Y107.091 E.03138
G1 X114.731 Y107.849 E.02649
G1 X114.943 Y108.43 E.019
G1 X115.106 Y108.967 E.01724
G1 X115.209 Y110.018 E.03247
G1 X115.113 Y110.998 E.03025
G1 X114.943 Y111.57 E.01833
G1 X114.731 Y112.151 E.019
G1 X114.341 Y112.879 E.02536
G1 X113.696 Y113.67 E.03138
G1 X112.94 Y114.295 E.03014
G1 E-4.5 F2700
;WIPE_START
G1 F2400
G1 X112.909 Y114.321 E-.00956
G1 X112.011 Y114.806 E-.24253
G1 X111.113 Y115.081 E-.22292
;WIPE_END
G1 E-.025 F2700
M205 X8 Y8
G1 X104.081 Y112.114 Z2.6 F7200
G1 X94.629 Y108.125 Z2.6
M73 P62 R6
G1 Z2.2
G1 E5 F2400
M205 X10 Y10
;TYPE:Inner wall
;WIDTH:0.449999
G1 F2700
G1 X94.83 Y108.734 E.02125
G1 X94.927 Y109.119 E.01317
G1 X95.004 Y109.903 E.02615
G1 X94.927 Y110.881 E.03255
G1 X94.661 Y111.826 E.03255
G1 X94.215 Y112.7 E.03255
G1 X93.607 Y113.47 E.03255
G1 X92.861 Y114.107 E.03255
G1 X92.005 Y114.586 E.03255
G1 X91.071 Y114.889 E.03255
G1 X90.097 Y115.004 E.03255
G1 X89.119 Y114.927 E.03255
G1 X88.174 Y114.661 E.03255
G1 X87.3 Y114.215 E.03255
G1 X86.53 Y113.607 E.03255
G1 X85.893 Y112.861 E.03255
G1 X85.414 Y112.005 E.03255
G1 X85.111 Y111.071 E.03255
G1 X84.996 Y110.097 E.03255
G1 X85.073 Y109.119 E.03255
G1 X85.339 Y108.174 E.03255
G1 X85.785 Y107.3 E.03255
G1 X86.259 Y106.693 E.02557
G1 X86.53 Y106.393 E.01339
G1 X87.139 Y105.893 E.02615
G1 X87.995 Y105.414 E.03255
G1 X88.929 Y105.111 E.03256
G1 X89.903 Y104.996 E.03254
G1 X90.881 Y105.073 E.03255
G1 X91.826 Y105.339 E.03255
G1 X92.7 Y105.785 E.03255
G1 X93.47 Y106.393 E.03255
G1 X94.107 Y107.139 E.03255
G1 X94.586 Y107.995 E.03255
G1 X94.617 Y108.087 E.00321
M205 X8 Y8
G1 X94.25 Y108.261 F7200
M205 X10 Y10
G1 F2700
G1 X94.522 Y109.159 E.03112
G1 X94.599 Y109.943 E.02615
G1 X94.522 Y110.841 E.02991
G1 X94.271 Y111.708 E.02991
G1 X93.856 Y112.508 E.02991
G1 X93.292 Y113.212 E.02991
G1 X92.603 Y113.793 E.02991
G1 X91.813 Y114.227 E.02991
G1 X90.953 Y114.5 E.02991
G1 X90.057 Y114.599 E.02991
G1 X89.159 Y114.522 E.02991
G1 X88.292 Y114.271 E.02991
G1 X87.492 Y113.856 E.02991
G1 X86.788 Y113.292 E.02991
G1 X86.207 Y112.603 E.02991
G1 X85.773 Y111.813 E.02991
G1 X85.5 Y110.953 E.02991
G1 X85.401 Y110.057 E.02991
G1 X85.478 Y109.159 E.02991
G1 X85.729 Y108.292 E.02991
G1 X86.144 Y107.492 E.02991
G1 X86.788 Y106.708 E.03367
G1 X87.397 Y106.207 E.02615
G1 X88.187 Y105.773 E.02991
G1 X89.047 Y105.5 E.02992
G1 X89.943 Y105.401 E.0299
G1 X90.841 Y105.478 E.02991
G1 X91.708 Y105.729 E.02991
G1 X92.508 Y106.144 E.02991
G1 X93.212 Y106.708 E.02991
G1 X93.793 Y107.397 E.02991
G1 X94.227 Y108.187 E.02991
G1 X94.238 Y108.222 E.00122
M205 X8 Y8
G1 X93.882 Y108.372 F7200
M205 X10 Y10
;TYPE:Outer wall
;WIDTH:0.419999
G1 F2400
G1 X94.132 Y109.197 E.02648
G1 X94.209 Y109.984 E.02429
G1 X94.132 Y110.803 E.02529
G1 X93.896 Y111.594 E.02535
G1 X93.51 Y112.323 E.02535
G1 X92.989 Y112.963 E.02535
G1 X92.354 Y113.489 E.02535
G1 X91.628 Y113.882 E.02535
G1 X90.839 Y114.125 E.02535
G1 X90.018 Y114.209 E.02535
G1 X89.197 Y114.132 E.02535
M73 P63 R6
G1 X88.406 Y113.896 E.02535
G1 X87.677 Y113.51 E.02535
G1 X87.037 Y112.989 E.02535
G1 X86.511 Y112.354 E.02535
G1 X86.118 Y111.628 E.02535
G1 X85.875 Y110.839 E.02535
G1 X85.791 Y110.018 E.02535
G1 X85.868 Y109.197 E.02535
G1 X86.104 Y108.406 E.02535
G1 X86.49 Y107.677 E.02535
G1 X87.037 Y107.011 E.02648
G1 X87.646 Y106.511 E.02422
G1 X88.372 Y106.118 E.02535
G1 X89.161 Y105.875 E.02536
G1 X89.982 Y105.791 E.02535
G1 X90.803 Y105.868 E.02535
G1 X91.594 Y106.104 E.02535
G1 X92.323 Y106.49 E.02535
G1 X92.963 Y107.011 E.02535
G1 X93.489 Y107.646 E.02535
G1 X93.863 Y108.337 E.02413
G1 E-4.5 F2700
;WIPE_START
G1 F2400
G1 X94.132 Y109.197 E-.21397
G1 X94.209 Y109.984 E-.18772
G1 X94.18 Y110.291 E-.07331
;WIPE_END
G1 E-.025 F2700
M205 X8 Y8
G1 X95.356 Y110 Z2.6 F7200
G1 Z2.2
G1 E5 F2400
M205 X10 Y10
;TYPE:Internal solid infill
;WIDTH:0.38292
G1 F3600
G1 X95.248 Y108.933 E.02972
G1 X94.939 Y107.932 E.02903
G1 X94.511 Y107.142 E.02487
G1 X93.869 Y106.319 E.02893
G1 X93.077 Y105.635 E.02901
G1 X92.166 Y105.118 E.02901
G1 X91.172 Y104.79 E.02901
G1 X90.133 Y104.661 E.02901
G1 X88.998 Y104.74 E.03151
G1 X88.078 Y105.018 E.02663
G1 X87.144 Y105.487 E.02895
G1 X86.319 Y106.131 E.02901
G1 X85.635 Y106.923 E.02901
G1 X85.118 Y107.834 E.02901
G1 X84.79 Y108.828 E.02901
G1 X84.646 Y109.984 E.03227
G1 X84.741 Y111.004 E.02839
G1 X85.018 Y111.922 E.02657
G1 X85.487 Y112.856 E.02895
G1 X86.131 Y113.681 E.02901
G1 X86.923 Y114.365 E.02901
G1 X87.834 Y114.882 E.02901
G1 X88.828 Y115.21 E.02901
G1 X89.984 Y115.354 E.03227
G1 X91.004 Y115.259 E.02838
G1 X91.922 Y114.982 E.02657
G1 X92.856 Y114.513 E.02895
G1 X93.681 Y113.869 E.02901
G1 X94.365 Y113.077 E.02901
G1 X94.934 Y112.083 E.03171
G1 X95.248 Y111.067 E.02946
G1 X95.352 Y110.04 E.02861
M205 X8 Y8
G1 X103.301 Y109.955 F7200
M205 X10 Y10
;TYPE:Sparse infill
;WIDTH:0.45
G1 F3000
G1 X103.421 Y108.713 E.04141
G1 X103.53 Y108.348 E.01261
G1 X103.309 Y108.115 E.01067
G1 X102.653 Y107.55 E.02871
G1 X101.998 Y107.251 E.02388
G1 X101.343 Y107.16 E.02194
G1 X100.688 Y107.213 E.0218
G1 X100.033 Y107.398 E.02258
G1 X99.378 Y107.744 E.02458
G1 X98.722 Y108.294 E.02838
G1 X98.067 Y108.985 E.03157
G1 X97.412 Y109.55 E.02871
G1 X96.757 Y109.848 E.02388
G1 X96.102 Y109.94 E.02194
G1 X95.694 Y109.907 E.01356
G1 X95.704 Y110 E.0031
G1 X95.589 Y111.137 E.03789
G1 X95.255 Y112.214 E.03743
G1 X94.814 Y113.047 E.03124
G1 X94.657 Y113.281 E.00937
G1 X94.127 Y113.928 E.02774
G1 X93.928 Y114.127 E.00934
G1 X93.304 Y114.639 E.02676
G1 X93.481 Y114.791 E.00776
G1 X94.136 Y115.09 E.02388
G1 X94.791 Y115.181 E.02194
G1 X95.447 Y115.128 E.0218
G1 X96.102 Y114.943 E.02258
G1 X96.757 Y114.597 E.02458
G1 X97.412 Y114.047 E.02838
G1 X98.067 Y113.356 E.03157
G1 X98.722 Y112.791 E.02871
G1 X99.378 Y112.493 E.02388
G1 X100.033 Y112.401 E.02194
G1 X100.688 Y112.454 E.0218
G1 X101.343 Y112.639 E.02258
G1 X101.998 Y112.985 E.02458
G1 X102.653 Y113.536 E.02838
G1 X103.309 Y114.226 E.03157
G1 X103.964 Y114.791 E.02871
G1 X104.619 Y115.09 E.02388
G1 X105.274 Y115.181 E.02194
G1 X105.742 Y115.143 E.01558
G1 X106.163 Y115.489 E.01806
G1 X106.397 Y115.645 E.00934
G1 X107.105 Y116.023 E.02661
M205 X8 Y8
G1 X104.644 Y113.411 F7200
M205 X10 Y10
;TYPE:Internal solid infill
;WIDTH:0.38292
G1 F3600
G1 X105.417 Y114.395 E.03466
G1 X106.362 Y115.204 E.03449
G1 X107.447 Y115.814 E.03449
G1 X108.749 Y116.239 E.03794
G1 X110 Y116.356 E.03481
G1 X111.213 Y116.239 E.03375
G1 X112.308 Y115.916 E.03163
G1 X113.416 Y115.353 E.03444
G1 X114.395 Y114.583 E.03449
G1 X115.285 Y113.544 E.0379
G1 X115.858 Y112.464 E.0339
G1 X116.235 Y111.232 E.03568
G1 X116.356 Y110 E.03431
G1 X116.235 Y108.768 E.03431
G1 X115.858 Y107.536 E.03568
G1 X115.352 Y106.582 E.02993
G1 X114.583 Y105.605 E.03443
G1 X113.638 Y104.796 E.03449
G1 X112.553 Y104.186 E.03449
G1 X111.369 Y103.8 E.03449
G1 X110.011 Y103.637 E.03791
G1 X108.787 Y103.761 E.03408
G1 X107.692 Y104.084 E.03163
G1 X106.584 Y104.647 E.03444
G1 X105.605 Y105.417 E.03449
G1 X104.713 Y106.459 E.03802
G1 X104.111 Y107.61 E.03598
G1 X103.763 Y108.779 E.03382
G1 X103.644 Y110 E.03397
G1 X103.763 Y111.221 E.03398
G1 X104.133 Y112.438 E.03525
G1 X104.626 Y113.375 E.02934
M205 X8 Y8
G1 X87.85 Y115.274 F7200
M205 X10 Y10
;TYPE:Sparse infill
;WIDTH:0.45
G1 F3000
G1 X87.69 Y115.208 E.00573
G1 X86.953 Y114.814 E.02774
G1 X86.719 Y114.657 E.00934
G1 X86.458 Y114.443 E.01121
G1 X86.274 Y114.597 E.00794
G1 X85.619 Y114.943 E.02458
G1 X84.964 Y115.128 E.02258
G1 X84.309 Y115.181 E.0218
G1 X83.654 Y115.09 E.02194
G1 X82.998 Y114.791 E.02388
G1 X82.343 Y114.226 E.02871
G1 X81.688 Y113.536 E.03157
G1 X81.033 Y112.985 E.02838
G1 X80.378 Y112.639 E.02458
G1 X79.701 Y112.452 E.02329
G1 X79.701 Y107.219 E.1736
G1 X80.378 Y107.16 E.02253
G1 X81.033 Y107.251 E.02194
G1 X81.688 Y107.55 E.02388
G1 X82.343 Y108.115 E.02871
G1 X82.998 Y108.805 E.03157
G1 X83.654 Y109.356 E.02838
G1 X84.324 Y109.706 E.02508
G1 X84.386 Y109.028 E.02257
G1 X84.441 Y108.751 E.00939
G1 X84.634 Y108.115 E.02205
M205 X8 Y8
G1 X80.061 Y100.701 F7200
M205 X10 Y10
G1 F3000
G1 X79.701 Y100.701 E.01194
G1 X79.701 Y101.97 E.04208
G1 X80.378 Y102.157 E.02329
G1 X81.033 Y102.503 E.02458
G1 X81.688 Y103.053 E.02838
G1 X82.343 Y103.743 E.03157
G1 X82.998 Y104.309 E.02871
G1 X83.654 Y104.607 E.02388
G1 X84.309 Y104.699 E.02194
G1 X84.964 Y104.646 E.0218
G1 X85.619 Y104.461 E.02258
G1 X86.274 Y104.114 E.02458
G1 X86.929 Y103.564 E.02838
G1 X87.585 Y102.874 E.03157
G1 X88.24 Y102.308 E.02871
G1 X88.895 Y102.01 E.02388
G1 X89.55 Y101.918 E.02194
G1 X90.205 Y101.971 E.0218
G1 X90.86 Y102.157 E.02258
G1 X91.516 Y102.503 E.02458
G1 X92.171 Y103.053 E.02838
G1 X92.826 Y103.743 E.03157
G1 X93.481 Y104.309 E.02871
G1 X94.136 Y104.607 E.02388
G1 X94.791 Y104.699 E.02194
G1 X95.447 Y104.646 E.0218
G1 X96.102 Y104.461 E.02258
G1 X96.757 Y104.114 E.02458
G1 X97.412 Y103.564 E.02838
G1 X98.067 Y102.874 E.03157
G1 X98.722 Y102.308 E.02871
G1 X99.378 Y102.01 E.02388
G1 X100.033 Y101.918 E.02194
G1 X100.688 Y101.971 E.0218
G1 X101.343 Y102.157 E.02258
G1 X101.998 Y102.503 E.02458
G1 X102.653 Y103.053 E.02838
G1 X103.309 Y103.743 E.03157
G1 X103.964 Y104.309 E.02871
G1 X104.619 Y104.607 E.02388
G1 X105.274 Y104.699 E.02194
G1 X105.929 Y104.646 E.0218
G1 X106.036 Y104.616 E.00368
G1 X106.397 Y104.355 E.01478
G1 X107.308 Y103.868 E.03425
G1 X107.712 Y103.718 E.01431
G1 X107.895 Y103.564 E.00792
G1 X108.55 Y102.874 E.03157
G1 X109.205 Y102.308 E.02871
G1 X109.86 Y102.01 E.02388
G1 X110.515 Y101.918 E.02194
G1 X111.171 Y101.971 E.0218
G1 X111.826 Y102.157 E.02258
G1 X112.481 Y102.503 E.02458
G1 X113.136 Y103.053 E.02838
G1 X113.791 Y103.743 E.03157
G1 X114.446 Y104.309 E.02871
G1 X115.101 Y104.607 E.02388
G1 X115.757 Y104.699 E.02194
G1 X116.412 Y104.646 E.0218
G1 X117.067 Y104.461 E.02258
G1 X117.722 Y104.114 E.02458
G1 X118.377 Y103.564 E.02838
G1 X119.032 Y102.874 E.03157
G1 X119.688 Y102.308 E.02871
G1 X120.343 Y102.01 E.02388
G1 X120.998 Y101.918 E.02194
G1 X121.653 Y101.971 E.0218
G1 X122.308 Y102.157 E.02258
G1 X122.963 Y102.503 E.02458
G1 X123.619 Y103.053 E.02838
G1 X124.274 Y103.743 E.03157
G1 X124.876 Y104.263 E.02638
G1 X124.511 Y104.599 E.01646
G1 X124.008 Y105.163 E.02507
G1 X123.563 Y105.774 E.02507
G1 X123.18 Y106.424 E.02503
G1 X122.878 Y107.069 E.02361
G1 X122.82 Y107.231 E.00573
G1 X122.308 Y107.16 E.01713
G1 X121.653 Y107.213 E.0218
G1 X120.998 Y107.398 E.02258
G1 X120.343 Y107.744 E.02458
G1 X119.688 Y108.294 E.02838
G1 X119.032 Y108.985 E.03157
G1 X118.377 Y109.55 E.02871
G1 X117.722 Y109.848 E.02388
G1 X117.067 Y109.94 E.02194
G1 X116.695 Y109.91 E.01239
G1 X116.704 Y110 E.003
G1 X116.576 Y111.301 E.04335
G1 X116.18 Y112.597 E.04497
G1 X115.646 Y113.602 E.03776
G1 X115.489 Y113.837 E.00936
G1 X114.834 Y114.635 E.03425
G1 X114.601 Y114.862 E.01079
G1 X115.101 Y115.09 E.01825
G1 X115.757 Y115.181 E.02194
G1 X116.412 Y115.128 E.0218
G1 X117.067 Y114.943 E.02258
G1 X117.722 Y114.597 E.02458
G1 X118.377 Y114.047 E.02838
G1 X119.032 Y113.356 E.03157
G1 X119.688 Y112.791 E.02871
G1 X120.343 Y112.493 E.02388
G1 X120.998 Y112.401 E.02194
G1 X121.653 Y112.454 E.0218
G1 X122.308 Y112.639 E.02258
G1 X122.884 Y112.943 E.02158
G1 X123.18 Y113.576 E.02318
G1 X123.563 Y114.226 E.02503
G1 X123.666 Y114.368 E.0058
M205 X8 Y8
G1 X122.645 Y109.992 F7200
M205 X10 Y10
;TYPE:Internal solid infill
;WIDTH:0.38292
G1 F3600
G1 X122.677 Y110.687 E.01927
G1 X122.785 Y111.428 E.02076
G1 X122.973 Y112.17 E.0212
G1 X123.196 Y112.793 E.01833
G1 X123.484 Y113.408 E.01882
G1 X123.849 Y114.03 E.01998
G1 X124.273 Y114.614 E.01999
G1 X124.753 Y115.153 E.01999
G1 X125.283 Y115.642 E.01999
G1 X125.859 Y116.077 E.01999
G1 X126.475 Y116.454 E.01999
G1 X127.124 Y116.768 E.01999
G1 X127.802 Y117.018 E.01999
G1 X128.5 Y117.199 E.01999
G1 X129.213 Y117.312 E.01999
G1 X129.992 Y117.355 E.02162
G1 X130.655 Y117.325 E.01839
G1 X131.4 Y117.22 E.02085
G1 X132.184 Y117.022 E.0224
G1 X132.863 Y116.774 E.02001
G1 X133.513 Y116.461 E.01999
G1 X134.129 Y116.085 E.01999
G1 X134.706 Y115.651 E.01999
G1 X135.237 Y115.163 E.01999
G1 X135.718 Y114.624 E.01999
G1 X136.144 Y114.042 E.01999
G1 X136.51 Y113.42 E.01999
G1 X136.814 Y112.766 E.01999
G1 X137.052 Y112.084 E.01999
G1 X137.217 Y111.415 E.01911
G1 X137.323 Y110.669 E.02088
G1 X137.355 Y110.007 E.01836
G1 X137.313 Y109.227 E.02163
G1 X137.202 Y108.514 E.02
G1 X137.022 Y107.815 E.01999
G1 X136.774 Y107.137 E.01999
G1 X136.461 Y106.487 E.01999
G1 X136.085 Y105.871 E.02
G1 X135.651 Y105.294 E.01999
G1 X135.163 Y104.763 E.01999
G1 X134.624 Y104.282 E.01999
G1 X134.042 Y103.856 E.01999
G1 X133.42 Y103.49 E.01999
G1 X132.766 Y103.186 E.01999
G1 X132.084 Y102.948 E.01999
G1 X131.383 Y102.777 E.01999
G1 X130.668 Y102.677 E.01999
G1 X129.947 Y102.649 E.01999
G1 X129.228 Y102.701 E.01999
G1 X128.61 Y102.778 E.01726
G1 X127.816 Y102.978 E.02268
G1 X127.137 Y103.226 E.02001
G1 X126.487 Y103.539 E.01999
G1 X125.871 Y103.915 E.02
G1 X125.294 Y104.349 E.01999
G1 X124.763 Y104.837 E.01999
G1 X124.282 Y105.376 E.01999
G1 X123.856 Y105.958 E.01999
G1 X123.49 Y106.58 E.01999
G1 X123.201 Y107.195 E.01882
G1 X122.977 Y107.817 E.01833
G1 X122.788 Y108.557 E.02116
G1 X122.688 Y109.214 E.0184
G1 X122.647 Y109.952 E.02049
G1 E-4.5 F2700
;WIPE_START
G1 F3600
G1 X122.688 Y109.214 E-.17567
G1 X122.788 Y108.557 E-.15775
G1 X122.936 Y107.979 E-.14159
;WIPE_END
G1 E-.025 F2700
M205 X8 Y8
G1 X128.365 Y102.615 Z2.6 F7200
G1 X128.543 Y102.438 Z2.6
G1 Z2.2
G1 E5 F2400
M205 X10 Y10
;TYPE:Sparse infill
;WIDTH:0.45
G1 F3000
G1 X129.866 Y102.304 E.04413
G1 X130.164 Y102.313 E.00989
G1 X130.825 Y102.01 E.02413
G1 X131.481 Y101.918 E.02194
G1 X132.136 Y101.971 E.0218
G1 X132.791 Y102.157 E.02258
G1 X133.446 Y102.503 E.02458
G1 X134.101 Y103.053 E.02838
G1 X134.756 Y103.743 E.03157
G1 X135.412 Y104.309 E.02871
G1 X136.067 Y104.607 E.02388
G1 X136.722 Y104.699 E.02194
G1 X137.377 Y104.646 E.0218
G1 X138.032 Y104.461 E.02258
G1 X138.687 Y104.114 E.02458
G1 X139.343 Y103.564 E.02838
G1 X139.998 Y102.874 E.03157
G1 X140.299 Y102.614 E.0132
G1 X140.299 Y100.986 E.05401
M205 X8 Y8
G1 X137.505 Y108.299 F7200
M205 X10 Y10
G1 F3000
G1 X137.657 Y109.184 E.02977
G1 X137.697 Y109.913 E.02422
G1 X138.032 Y109.94 E.01115
G1 X138.687 Y109.848 E.02194
G1 X139.343 Y109.55 E.02388
G1 X139.998 Y108.985 E.02871
G1 X140.299 Y108.667 E.01451
G1 X140.299 Y113.097 E.14692
G1 X139.998 Y113.356 E.0132
G1 X139.343 Y114.047 E.03157
G1 X138.687 Y114.597 E.02838
G1 X138.032 Y114.943 E.02458
G1 X137.377 Y115.128 E.02258
G1 X136.722 Y115.181 E.0218
G1 X136.067 Y115.09 E.02194
G1 X135.853 Y114.993 E.00778
G1 X135.992 Y114.837 E.00692
G1 X136.437 Y114.226 E.02507
G1 X136.774 Y113.654 E.02203
M205 X8 Y8
G1 X137.053 Y119.299 F7200
M205 X10 Y10
G1 F3000
G1 X135.424 Y119.299 E.05401
G1 X134.756 Y118.598 E.03212
G1 X134.101 Y118.032 E.02871
G1 X133.446 Y117.734 E.02388
G1 X132.791 Y117.642 E.02194
G1 X132.136 Y117.695 E.0218
G1 X131.481 Y117.88 E.02258
G1 X130.825 Y118.227 E.02458
G1 X130.17 Y118.777 E.02838
G1 X129.675 Y119.299 E.02387
G1 X124.942 Y119.299 E.157
G1 X124.274 Y118.598 E.03212
M73 P64 R6
G1 X123.619 Y118.032 E.02871
G1 X122.963 Y117.734 E.02388
G1 X122.308 Y117.642 E.02194
G1 X121.653 Y117.695 E.0218
G1 X120.998 Y117.88 E.02258
G1 X120.343 Y118.227 E.02458
G1 X119.688 Y118.777 E.02838
G1 X119.192 Y119.299 E.02387
G1 X114.459 Y119.299 E.157
G1 X113.791 Y118.598 E.03212
G1 X113.136 Y118.032 E.02871
G1 X112.481 Y117.734 E.02388
G1 X111.826 Y117.642 E.02194
G1 X111.171 Y117.695 E.0218
G1 X110.515 Y117.88 E.02258
G1 X109.86 Y118.227 E.02458
G1 X109.205 Y118.777 E.02838
G1 X108.71 Y119.299 E.02387
G1 X103.977 Y119.299 E.157
G1 X103.309 Y118.598 E.03212
G1 X102.653 Y118.032 E.02871
G1 X101.998 Y117.734 E.02388
G1 X101.343 Y117.642 E.02194
G1 X100.688 Y117.695 E.0218
G1 X100.033 Y117.88 E.02258
G1 X99.378 Y118.227 E.02458
G1 X98.722 Y118.777 E.02838
G1 X98.227 Y119.299 E.02387
G1 X93.494 Y119.299 E.157
G1 X92.826 Y118.598 E.03212
G1 X92.171 Y118.032 E.02871
G1 X91.516 Y117.734 E.02388
G1 X90.86 Y117.642 E.02194
G1 X90.205 Y117.695 E.0218
G1 X89.55 Y117.88 E.02258
G1 X88.895 Y118.227 E.02458
G1 X88.24 Y118.777 E.02838
G1 X87.744 Y119.299 E.02387
G1 X83.011 Y119.299 E.157
G1 X82.343 Y118.598 E.03212
G1 X81.688 Y118.032 E.02871
G1 X81.033 Y117.734 E.02388
G1 X80.378 Y117.642 E.02194
G1 X79.701 Y117.701 E.02253
G1 X79.701 Y116.073 E.05401
M205 X8 Y8
G1 X79.498 Y100.355 F7200
M205 X10 Y10
;TYPE:Internal solid infill
;WIDTH:0.38292
G1 F3600
G1 X79.355 Y100.385 E.00403
G1 X79.355 Y119.502 E.52967
G1 X79.385 Y119.645 E.00403
G1 X140.502 Y119.645 E1.69331
G1 X140.645 Y119.615 E.00403
G1 X140.645 Y100.498 E.52967
G1 X140.615 Y100.355 E.00403
G1 X79.538 Y100.355 E1.6922
; stop printing object V7_00_DS18B20_fit_gauge_8_10_12.stl id:0 copy 0
;TIME_ELAPSED:726.512573

;LAYER_CHANGE
;:2.4
;HEIGHT:0.2
;BEFORE_LAYER_CHANGE
;2.4
G92 E0
;TIME_ELAPSED:776.142883
G1 E-4.5 F2700
;WIPE_START
G1 F3600
G1 X81.538 Y100.355 E-.475
;WIPE_END
G1 E-.025 F2700
;_SET_FAN_SPEED_CHANGING_LAYER
; OBJECT_ID: 15
; printing object V7_00_DS18B20_fit_gauge_8_10_12.stl id:0 copy 0
M205 X8 Y8
G17
G3 Z2.6 I-.382 J1.156 P1  F7200
G1 X140.991 Y119.991 Z2.6
G1 Z2.4
G1 E5 F2400
M205 X10 Y10
;TYPE:Inner wall
;WIDTH:0.449999
G1 F2700
G1 X79.009 Y119.991 E2.05604
G1 X79.009 Y100.009 E.66283
G1 X140.991 Y100.009 E2.05604
G1 X140.991 Y119.951 E.6615
M205 X8 Y8
G1 X141.398 Y120.398 F7200
M205 X10 Y10
G1 F2700
G1 X78.602 Y120.398 E2.08305
G1 X78.602 Y99.602 E.68984
M73 P65 R6
G1 X141.398 Y99.602 E2.08305
G1 X141.398 Y120.358 E.68851
M205 X8 Y8
G1 X141.79 Y120.79 F7200
M205 X10 Y10
;TYPE:Outer wall
;WIDTH:0.419999
G1 F2400
G1 X78.21 Y120.79 E1.95363
G1 X78.21 Y99.21 E.66309
G1 X141.79 Y99.21 E1.95363
G1 X141.79 Y120.75 E.66186
G1 E-4.5 F2700
;WIPE_START
G1 F2400
G1 X139.79 Y120.751 E-.475
;WIPE_END
G1 E-.025 F2700
M205 X8 Y8
G1 X132.742 Y117.822 Z2.8 F7200
G1 X124.569 Y114.425 Z2.8
G1 Z2.4
G1 E5 F2400
M205 X10 Y10
;TYPE:Inner wall
;WIDTH:0.449999
G1 F2700
G1 X124.2 Y113.934 E.02039
G1 X123.842 Y113.346 E.02281
G1 X123.544 Y112.727 E.02281
G1 X123.308 Y112.081 E.02281
G1 X123.144 Y111.445 E.02178
G1 X123.055 Y110.901 E.01828
G1 X122.992 Y110.048 E.02836
G1 X123.021 Y109.361 E.02281
G1 X123.117 Y108.68 E.02281
G1 X123.28 Y108.012 E.02281
G1 X123.507 Y107.363 E.02281
G1 X123.75 Y106.837 E.01921
G1 X124.146 Y106.147 E.0264
G1 X124.552 Y105.592 E.02281
G1 X125.01 Y105.079 E.02281
G1 X125.517 Y104.613 E.02281
G1 X126.066 Y104.2 E.02281
G1 X126.654 Y103.842 E.02281
G1 X127.273 Y103.544 E.02281
G1 X127.919 Y103.308 E.02281
G1 X128.653 Y103.119 E.02513
G1 X129.903 Y102.996 E.04168
G1 X130.639 Y103.021 E.02441
G1 X131.32 Y103.117 E.02281
G1 X131.988 Y103.28 E.02281
G1 X132.637 Y103.507 E.02281
G1 X133.261 Y103.797 E.02281
G1 X133.853 Y104.146 E.02281
G1 X134.408 Y104.552 E.02281
G1 X134.921 Y105.01 E.02281
G1 X135.325 Y105.449 E.01978
G1 X135.8 Y106.066 E.02583
G1 X136.158 Y106.654 E.02281
G1 X136.456 Y107.273 E.02281
G1 X136.692 Y107.919 E.02281
G1 X136.864 Y108.585 E.02281
G1 X136.969 Y109.265 E.02281
G1 X137.008 Y109.952 E.02281
G1 X136.979 Y110.639 E.02281
G1 X136.883 Y111.32 E.02281
G1 X136.72 Y111.988 E.02281
G1 X136.493 Y112.637 E.02281
G1 X136.203 Y113.261 E.02281
G1 X135.854 Y113.853 E.02281
G1 X135.448 Y114.408 E.02281
G1 X134.99 Y114.921 E.02281
G1 X134.483 Y115.387 E.02281
G1 X133.934 Y115.8 E.02281
G1 X133.346 Y116.158 E.02281
G1 X132.727 Y116.456 E.02281
G1 X132.081 Y116.692 E.02281
G1 X131.415 Y116.864 E.02281
G1 X130.735 Y116.969 E.02281
G1 X130.048 Y117.008 E.02281
G1 X129.361 Y116.979 E.02281
G1 X128.68 Y116.883 E.02281
G1 X128.012 Y116.72 E.02281
G1 X127.363 Y116.493 E.02281
G1 X126.739 Y116.203 E.02281
G1 X126.147 Y115.854 E.02281
G1 X125.592 Y115.448 E.02281
G1 X125.079 Y114.99 E.02281
G1 X124.613 Y114.483 E.02281
G1 X124.594 Y114.457 E.0011
M205 X8 Y8
G1 X124.893 Y114.18 F7200
M205 X10 Y10
G1 F2700
G1 X124.527 Y113.691 E.02026
G1 X124.192 Y113.137 E.02149
G1 X123.912 Y112.553 E.02149
G1 X123.691 Y111.944 E.02149
G1 X123.539 Y111.346 E.02046
G1 X123.458 Y110.841 E.01696
G1 X123.399 Y110.028 E.02703
G1 X123.428 Y109.381 E.02149
G1 X123.52 Y108.74 E.02149
G1 X123.675 Y108.111 E.02149
G1 X123.89 Y107.5 E.02149
G1 X124.118 Y107.011 E.01789
G1 X124.495 Y106.356 E.02508
G1 X124.879 Y105.834 E.02149
G1 X125.312 Y105.352 E.02149
G1 X125.79 Y104.915 E.02149
G1 X126.309 Y104.527 E.02149
G1 X126.863 Y104.192 E.02149
G1 X127.447 Y103.912 E.02149
G1 X128.056 Y103.691 E.02149
G1 X128.725 Y103.521 E.02288
G1 X129.943 Y103.401 E.04061
G1 X130.619 Y103.428 E.02243
G1 X131.26 Y103.52 E.02149
G1 X131.889 Y103.675 E.02149
G1 X132.5 Y103.89 E.02149
G1 X133.087 Y104.165 E.02149
G1 X133.644 Y104.495 E.02149
G1 X134.166 Y104.879 E.02149
G1 X134.648 Y105.312 E.02149
G1 X135.024 Y105.722 E.01846
G1 X135.473 Y106.309 E.02451
G1 X135.808 Y106.863 E.02149
G1 X136.088 Y107.447 E.02149
G1 X136.309 Y108.056 E.02149
G1 X136.469 Y108.684 E.02149
G1 X136.567 Y109.325 E.02149
G1 X136.601 Y109.972 E.02149
G1 X136.572 Y110.619 E.02149
G1 X136.48 Y111.26 E.02149
G1 X136.325 Y111.889 E.02149
G1 X136.11 Y112.5 E.02149
G1 X135.835 Y113.087 E.02149
G1 X135.505 Y113.644 E.02149
G1 X135.121 Y114.166 E.02149
G1 X134.688 Y114.648 E.02149
G1 X134.21 Y115.085 E.02149
G1 X133.691 Y115.473 E.02149
G1 X133.137 Y115.808 E.02149
G1 X132.553 Y116.088 E.02149
G1 X131.944 Y116.309 E.02149
G1 X131.316 Y116.469 E.02149
G1 X130.675 Y116.567 E.02149
G1 X130.028 Y116.601 E.02149
G1 X129.381 Y116.572 E.02149
G1 X128.74 Y116.48 E.02149
G1 X128.111 Y116.325 E.02149
G1 X127.5 Y116.11 E.02149
G1 X126.913 Y115.835 E.02149
G1 X126.356 Y115.505 E.02149
G1 X125.834 Y115.121 E.02149
G1 X125.352 Y114.688 E.02149
G1 X124.917 Y114.212 E.02139
M205 X8 Y8
G1 X125.205 Y113.946 F7200
M205 X10 Y10
;TYPE:Outer wall
;WIDTH:0.419999
G1 F2400
G1 X124.842 Y113.458 E.01871
G1 X124.528 Y112.935 E.01873
G1 X124.266 Y112.385 E.01872
G1 X124.06 Y111.811 E.01873
G1 X123.919 Y111.251 E.01777
G1 X123.821 Y110.618 E.01968
G1 X123.79 Y110.009 E.01873
G1 X123.819 Y109.401 E.01873
G1 X123.908 Y108.798 E.01872
G1 X124.055 Y108.206 E.01873
G1 X124.259 Y107.632 E.01873
G1 X124.473 Y107.179 E.01539
G1 X124.832 Y106.558 E.02205
G1 X125.194 Y106.068 E.01872
G1 X125.602 Y105.616 E.01873
G1 X126.053 Y105.206 E.01873
G1 X126.542 Y104.842 E.01872
G1 X127.065 Y104.528 E.01873
G1 X127.615 Y104.266 E.01872
G1 X128.189 Y104.06 E.01873
G1 X128.793 Y103.908 E.01915
G1 X129.982 Y103.791 E.0367
G1 X130.599 Y103.819 E.01901
G1 X131.202 Y103.908 E.01872
G1 X131.794 Y104.055 E.01873
G1 X132.368 Y104.259 E.01873
G1 X132.919 Y104.519 E.01873
G1 X133.442 Y104.832 E.01873
M73 P66 R6
G1 X133.932 Y105.194 E.01872
G1 X134.384 Y105.602 E.01873
G1 X134.733 Y105.986 E.01592
G1 X135.158 Y106.542 E.02152
G1 X135.472 Y107.065 E.01873
G1 X135.734 Y107.615 E.01872
G1 X135.94 Y108.189 E.01873
G1 X136.089 Y108.779 E.01873
G1 X136.179 Y109.382 E.01872
G1 X136.21 Y109.991 E.01873
G1 X136.181 Y110.599 E.01873
G1 X136.092 Y111.202 E.01872
G1 X135.945 Y111.794 E.01873
G1 X135.741 Y112.368 E.01873
G1 X135.481 Y112.919 E.01872
G1 X135.168 Y113.442 E.01873
G1 X134.806 Y113.932 E.01872
G1 X134.398 Y114.384 E.01873
G1 X133.947 Y114.794 E.01873
G1 X133.458 Y115.158 E.01872
G1 X132.935 Y115.472 E.01873
G1 X132.385 Y115.734 E.01873
G1 X131.811 Y115.94 E.01873
G1 X131.221 Y116.089 E.01873
G1 X130.618 Y116.179 E.01872
G1 X130.009 Y116.21 E.01873
G1 X129.401 Y116.181 E.01873
G1 X128.798 Y116.092 E.01872
G1 X128.206 Y115.945 E.01873
G1 X127.632 Y115.741 E.01873
G1 X127.081 Y115.481 E.01872
G1 X126.558 Y115.168 E.01873
G1 X126.068 Y114.806 E.01872
G1 X125.616 Y114.398 E.01873
G1 X125.232 Y113.976 E.01751
G1 E-4.5 F2700
;WIPE_START
G1 F2400
G1 X124.842 Y113.458 E-.1541
G1 X124.528 Y112.935 E-.14474
G1 X124.266 Y112.385 E-.14473
G1 X124.222 Y112.26 E-.03143
;WIPE_END
G1 E-.025 F2700
M205 X8 Y8
G1 X116.82 Y114.121 Z2.8 F7200
G1 X113.291 Y115.008 Z2.8
G1 Z2.4
G1 E5 F2400
M205 X10 Y10
;TYPE:Inner wall
;WIDTH:0.449999
G1 F2700
G1 X112.387 Y115.51 E.03429
G1 X111.266 Y115.87 E.03905
G1 X110.097 Y116.004 E.03905
G1 X108.924 Y115.908 E.03905
G1 X107.792 Y115.584 E.03905
G1 X106.745 Y115.046 E.03905
G1 X105.823 Y114.314 E.03905
G1 X105.061 Y113.416 E.03905
G1 X104.49 Y112.387 E.03905
G1 X104.13 Y111.266 E.03905
G1 X103.996 Y110.097 E.03905
G1 X104.073 Y109.119 E.03255
G1 X104.13 Y108.734 E.01291
G1 X104.416 Y107.792 E.03265
G1 X104.954 Y106.745 E.03905
G1 X105.686 Y105.823 E.03905
G1 X106.584 Y105.061 E.03905
G1 X107.613 Y104.49 E.03905
G1 X108.734 Y104.13 E.03906
G1 X109.903 Y103.996 E.03904
G1 X111.076 Y104.092 E.03905
G1 X112.208 Y104.416 E.03905
G1 X113.255 Y104.954 E.03905
G1 X114.177 Y105.686 E.03905
G1 X114.939 Y106.584 E.03905
G1 X115.51 Y107.613 E.03905
G1 X115.872 Y108.74 E.03927
G1 X115.968 Y109.534 E.02655
G1 X116.008 Y110.048 E.0171
G1 X115.895 Y111.166 E.03726
G1 X115.54 Y112.326 E.04023
G1 X114.939 Y113.416 E.04131
G1 X114.314 Y114.177 E.03265
G1 X113.416 Y114.939 E.03905
G1 X113.326 Y114.989 E.00343
M205 X8 Y8
G1 X113.094 Y114.659 F7200
M205 X10 Y10
G1 F2700
G1 X112.195 Y115.151 E.034
G1 X111.148 Y115.481 E.03641
G1 X110.057 Y115.599 E.03641
G1 X108.963 Y115.503 E.03641
G1 X107.91 Y115.195 E.03641
G1 X106.937 Y114.687 E.03641
G1 X106.081 Y114 E.03641
G1 X105.376 Y113.158 E.03641
G1 X104.849 Y112.195 E.03641
G1 X104.519 Y111.148 E.03641
G1 X104.401 Y110.057 E.03641
G1 X104.519 Y108.852 E.04017
G1 X104.805 Y107.91 E.03265
G1 X105.313 Y106.937 E.03641
G1 X106 Y106.081 E.03641
G1 X106.842 Y105.376 E.03641
G1 X107.805 Y104.849 E.03641
G1 X108.852 Y104.519 E.03642
G1 X109.943 Y104.401 E.03641
G1 X111.037 Y104.497 E.03641
G1 X112.09 Y104.805 E.03641
G1 X113.063 Y105.313 E.03641
G1 X113.919 Y106 E.03641
G1 X114.624 Y106.842 E.03641
G1 X115.195 Y107.91 E.04017
G1 X115.482 Y108.855 E.03278
G1 X115.599 Y110.057 E.04004
G1 X115.503 Y111.037 E.03265
G1 X115.16 Y112.178 E.03952
G1 X114.624 Y113.158 E.03707
G1 X114 Y113.919 E.03265
G1 X113.158 Y114.624 E.03641
G1 X113.129 Y114.64 E.00109
M205 X8 Y8
G1 X112.91 Y114.32 F7200
M205 X10 Y10
;TYPE:Outer wall
;WIDTH:0.419999
G1 F2400
G1 X112.909 Y114.321 E.00003
G1 X112.011 Y114.806 E.03138
G1 X111.034 Y115.105 E.03138
G1 X110.018 Y115.209 E.03138
G1 X109.002 Y115.113 E.03138
G1 X108.024 Y114.82 E.03138
G1 X107.121 Y114.341 E.03138
G1 X106.33 Y113.696 E.03138
G1 X105.679 Y112.909 E.03138
G1 X105.194 Y112.011 E.03138
G1 X104.895 Y111.034 E.03138
G1 X104.791 Y110.018 E.03138
G1 X104.887 Y109.002 E.03138
G1 X105.194 Y107.989 E.03251
G1 X105.659 Y107.121 E.03025
G1 X106.304 Y106.33 E.03138
G1 X107.091 Y105.679 E.03138
G1 X107.989 Y105.194 E.03138
G1 X108.966 Y104.895 E.03138
G1 X109.982 Y104.791 E.03137
G1 X110.998 Y104.887 E.03138
G1 X111.976 Y105.18 E.03138
G1 X112.879 Y105.659 E.03138
G1 X113.67 Y106.304 E.03138
G1 X114.321 Y107.091 E.03138
G1 X114.731 Y107.849 E.02649
G1 X114.943 Y108.43 E.019
G1 X115.106 Y108.967 E.01724
G1 X115.209 Y110.018 E.03247
G1 X115.113 Y110.998 E.03025
G1 X114.943 Y111.57 E.01833
G1 X114.731 Y112.151 E.019
G1 X114.341 Y112.879 E.02536
G1 X113.696 Y113.67 E.03138
G1 X112.941 Y114.295 E.03012
G1 E-4.5 F2700
;WIPE_START
G1 F2400
G1 X112.909 Y114.321 E-.0097
G1 X112.011 Y114.806 E-.24253
G1 X111.114 Y115.081 E-.22277
;WIPE_END
G1 E-.025 F2700
M205 X8 Y8
G1 X104.082 Y112.114 Z2.8 F7200
G1 X94.629 Y108.126 Z2.8
G1 Z2.4
G1 E5 F2400
M205 X10 Y10
;TYPE:Inner wall
;WIDTH:0.449999
G1 F2700
G1 X94.83 Y108.734 E.02123
G1 X94.927 Y109.119 E.01317
G1 X95.004 Y109.903 E.02615
G1 X94.927 Y110.881 E.03255
G1 X94.661 Y111.826 E.03255
G1 X94.215 Y112.7 E.03255
G1 X93.607 Y113.47 E.03255
G1 X92.861 Y114.107 E.03255
G1 X92.005 Y114.586 E.03255
G1 X91.071 Y114.889 E.03255
G1 X90.097 Y115.004 E.03255
G1 X89.119 Y114.927 E.03255
G1 X88.174 Y114.661 E.03255
G1 X87.3 Y114.215 E.03255
G1 X86.53 Y113.607 E.03255
G1 X85.893 Y112.861 E.03255
G1 X85.414 Y112.005 E.03255
G1 X85.111 Y111.071 E.03255
G1 X84.996 Y110.097 E.03255
G1 X85.073 Y109.119 E.03255
G1 X85.339 Y108.174 E.03255
G1 X85.785 Y107.3 E.03255
G1 X86.259 Y106.693 E.02557
G1 X86.53 Y106.393 E.01339
G1 X87.139 Y105.893 E.02615
G1 X87.995 Y105.414 E.03255
G1 X88.929 Y105.111 E.03256
G1 X89.903 Y104.996 E.03254
G1 X90.881 Y105.073 E.03255
G1 X91.826 Y105.339 E.03255
G1 X92.7 Y105.785 E.03255
G1 X93.47 Y106.393 E.03255
G1 X94.107 Y107.139 E.03255
G1 X94.586 Y107.995 E.03255
G1 X94.617 Y108.088 E.00323
M205 X8 Y8
G1 X94.25 Y108.261 F7200
M205 X10 Y10
G1 F2700
G1 X94.522 Y109.159 E.0311
G1 X94.599 Y109.943 E.02615
G1 X94.522 Y110.841 E.02991
G1 X94.271 Y111.708 E.02991
G1 X93.856 Y112.508 E.02991
G1 X93.292 Y113.212 E.02991
G1 X92.603 Y113.793 E.02991
G1 X91.813 Y114.227 E.02991
G1 X90.953 Y114.5 E.02991
G1 X90.057 Y114.599 E.02991
G1 X89.159 Y114.522 E.02991
G1 X88.292 Y114.271 E.02991
G1 X87.492 Y113.856 E.02991
G1 X86.788 Y113.292 E.02991
G1 X86.207 Y112.603 E.02991
G1 X85.773 Y111.813 E.02991
G1 X85.5 Y110.953 E.02991
G1 X85.401 Y110.057 E.02991
G1 X85.478 Y109.159 E.02991
G1 X85.729 Y108.292 E.02991
G1 X86.144 Y107.492 E.02991
G1 X86.788 Y106.708 E.03367
G1 X87.397 Y106.207 E.02615
G1 X88.187 Y105.773 E.02991
G1 X89.047 Y105.5 E.02992
G1 X89.943 Y105.401 E.0299
G1 X90.841 Y105.478 E.02991
G1 X91.708 Y105.729 E.02991
G1 X92.508 Y106.144 E.02991
G1 X93.212 Y106.708 E.02991
G1 X93.793 Y107.397 E.02991
G1 X94.227 Y108.187 E.02991
G1 X94.238 Y108.223 E.00124
M205 X8 Y8
G1 X93.882 Y108.373 F7200
M205 X10 Y10
;TYPE:Outer wall
;WIDTH:0.419999
G1 F2400
G1 X94.132 Y109.197 E.02646
G1 X94.209 Y109.984 E.02429
G1 X94.132 Y110.803 E.02529
G1 X93.896 Y111.594 E.02535
G1 X93.51 Y112.323 E.02535
G1 X92.989 Y112.963 E.02535
G1 X92.354 Y113.489 E.02535
G1 X91.628 Y113.882 E.02535
G1 X90.839 Y114.125 E.02535
G1 X90.018 Y114.209 E.02535
G1 X89.197 Y114.132 E.02535
G1 X88.406 Y113.896 E.02535
G1 X87.677 Y113.51 E.02535
G1 X87.037 Y112.989 E.02535
G1 X86.511 Y112.354 E.02535
G1 X86.118 Y111.628 E.02535
G1 X85.875 Y110.839 E.02535
G1 X85.791 Y110.018 E.02535
G1 X85.868 Y109.197 E.02535
G1 X86.104 Y108.406 E.02535
G1 X86.49 Y107.677 E.02535
G1 X87.037 Y107.011 E.02648
G1 X87.646 Y106.511 E.02422
G1 X88.372 Y106.118 E.02535
G1 X89.161 Y105.875 E.02536
G1 X89.982 Y105.791 E.02535
G1 X90.803 Y105.868 E.02535
G1 X91.594 Y106.104 E.02535
G1 X92.323 Y106.49 E.02535
G1 X92.963 Y107.011 E.02535
G1 X93.489 Y107.646 E.02535
G1 X93.863 Y108.338 E.02415
G1 E-4.5 F2700
;WIPE_START
G1 F2400
G1 X94.132 Y109.197 E-.21385
G1 X94.209 Y109.984 E-.18772
G1 X94.18 Y110.291 E-.07343
;WIPE_END
G1 E-.025 F2700
M205 X8 Y8
G1 X79.113 Y118.604 Z2.8 F7200
G1 Z2.4
G1 E5 F2400
M204 S250
M205 X10 Y10
;TYPE:Internal Bridge
;WIDTH:0.391394
;HEIGHT:0.389872
G1 F4500
G1 X79.727 Y119.689 E.06114
G1 X80.234 Y119.689 E.02486
G1 X79.311 Y118.058 E.09191
G1 X79.311 Y117.162 E.04392
G1 X80.741 Y119.689 E.14239
G1 X81.249 Y119.689 E.02486
G1 X79.311 Y116.266 E.19286
G1 X79.311 Y115.37 E.04392
G1 X81.756 Y119.689 E.24333
G1 X82.263 Y119.689 E.02486
G1 X79.311 Y114.474 E.2938
G1 X79.311 Y113.578 E.04392
G1 X82.77 Y119.689 E.34428
G1 X83.277 Y119.689 E.02486
G1 X79.311 Y112.682 E.39475
G1 X79.311 Y111.786 E.04392
G1 X83.785 Y119.689 E.44522
G1 X84.292 Y119.689 E.02486
G1 X79.311 Y110.89 E.4957
G1 X79.311 Y109.993 E.04392
G1 X84.799 Y119.689 E.54617
G1 X85.306 Y119.689 E.02486
G1 X79.311 Y109.097 E.59664
G1 X79.311 Y108.201 E.04392
M73 P67 R6
G1 X85.813 Y119.689 E.64711
G1 X86.321 Y119.689 E.02486
G1 X79.311 Y107.305 E.69759
G1 X79.311 Y106.409 E.04392
G1 X86.828 Y119.689 E.74806
G1 X87.335 Y119.689 E.02486
G1 X79.311 Y105.513 E.79853
G1 X79.311 Y104.617 E.04392
G1 X87.842 Y119.689 E.84901
G1 X88.349 Y119.689 E.02486
G1 X79.311 Y103.721 E.89948
G1 X79.311 Y102.825 E.04392
G1 X88.857 Y119.689 E.94995
G1 X89.364 Y119.689 E.02486
G1 X79.311 Y101.929 E1.00042
G1 X79.311 Y101.033 E.04392
G1 X84.751 Y110.644 E.54139
G1 X84.786 Y111.009 E.01796
G1 X85.052 Y111.917 E.0464
G1 X85.146 Y112.142 E.01194
G1 X85.522 Y112.846 E.03912
G1 X85.657 Y113.048 E.01192
G1 X86.163 Y113.665 E.03912
G1 X86.335 Y113.837 E.01192
G1 X86.752 Y114.179 E.02644
G1 X89.871 Y119.689 E.31039
G1 X90.378 Y119.689 E.02486
G1 X87.547 Y114.689 E.28169
G1 X87.858 Y114.854 E.01724
G1 X88.226 Y114.991 E.01925
G1 X90.885 Y119.689 E.26466
G1 X91.393 Y119.689 E.02486
G1 X88.838 Y115.177 E.25419
G1 X89.085 Y115.227 E.01232
G1 X89.39 Y115.255 E.01501
G1 X91.9 Y119.689 E.24981
G1 X92.407 Y119.689 E.02486
G1 X89.925 Y115.304 E.24703
G1 X90.413 Y115.271 E.02401
G1 X92.914 Y119.689 E.24888
G1 X93.421 Y119.689 E.02486
G1 X90.894 Y115.225 E.25148
G1 X91.009 Y115.214 E.00565
G1 X91.34 Y115.117 E.01692
G1 X93.929 Y119.689 E.25757
G1 X94.436 Y119.689 E.02486
G1 X91.775 Y114.989 E.26476
G1 X91.917 Y114.948 E.00726
G1 X92.191 Y114.828 E.01465
G1 X94.943 Y119.689 E.27383
G1 X95.45 Y119.689 E.02486
G1 X92.581 Y114.62 E.28555
G1 X92.963 Y114.4 E.02164
G1 X95.957 Y119.689 E.29795
G1 X96.465 Y119.689 E.02486
G1 X93.315 Y114.125 E.31346
G1 X93.661 Y113.84 E.02196
G1 X96.972 Y119.689 E.32947
G1 X97.479 Y119.689 E.02486
G1 X93.974 Y113.498 E.34877
G1 X94.274 Y113.132 E.02319
G1 X97.986 Y119.689 E.36937
G1 X98.493 Y119.689 E.02486
G1 X94.547 Y112.717 E.39275
G1 X94.792 Y112.254 E.02567
G1 X99.001 Y119.689 E.41881
G1 X99.508 Y119.689 E.02486
G1 X94.999 Y111.723 E.44873
G1 X95.178 Y111.144 E.02973
G1 X100.015 Y119.689 E.48136
G1 X100.522 Y119.689 E.02486
G1 X95.27 Y110.41 E.5227
G1 X95.311 Y110 E.02021
G1 X95.26 Y109.498 E.02475
G1 X101.142 Y119.887 E.58524
G1 E-4.5 F2700
;WIPE_START
M73 P68 R6
G1 F4500
G1 X100.156 Y118.147 E-.475
;WIPE_END
G1 E-.025 F2700
M205 X8 Y8
M204 S500
G1 X93.424 Y114.551 Z2.8 F7200
G1 X84.889 Y109.991 Z2.8
G1 Z2.4
G1 E5 F2400
M204 S250
M205 X10 Y10
G1 F4500
G1 X79.409 Y100.311 E.54532
G1 X79.916 Y100.311 E.02486
M73 P68 R5
G1 X84.802 Y108.942 E.4862
G1 X84.972 Y108.347 E.03034
G1 X80.423 Y100.311 E.45269
G1 X80.93 Y100.311 E.02486
G1 X85.173 Y107.806 E.42222
G1 X85.419 Y107.345 E.02562
G1 X81.437 Y100.311 E.39626
G1 X81.945 Y100.311 E.02486
G1 X85.685 Y106.918 E.37218
G1 X85.985 Y106.552 E.02319
G1 X82.452 Y100.311 E.35158
G1 X82.959 Y100.311 E.02486
G1 X86.295 Y106.203 E.33193
G1 X86.638 Y105.914 E.02201
G1 X83.466 Y100.311 E.31564
G1 X83.973 Y100.311 E.02486
G1 X86.987 Y105.633 E.29984
G1 X87.366 Y105.408 E.02164
G1 X84.481 Y100.311 E.28715
G1 X84.988 Y100.311 E.02486
G1 X87.756 Y105.2 E.27542
G1 X88.165 Y105.028 E.02179
G1 X85.495 Y100.311 E.26574
G1 X86.002 Y100.311 E.02486
G1 X88.6 Y104.9 E.25855
G1 X89.04 Y104.781 E.02233
G1 X86.509 Y100.311 E.25182
G1 X87.017 Y100.311 E.02486
G1 X89.519 Y104.732 E.24906
G1 X90.006 Y104.695 E.02391
G1 X87.524 Y100.311 E.24699
G1 X88.031 Y100.311 E.02486
G1 X90.536 Y104.736 E.24929
G1 X91.083 Y104.807 E.02705
G1 X88.538 Y100.311 E.25327
G1 X89.046 Y100.311 E.02486
G1 X91.691 Y104.984 E.26323
G1 X92.142 Y105.146 E.02352
G1 X92.353 Y105.258 E.01173
G1 X89.553 Y100.311 E.27871
G1 X90.06 Y100.311 E.02486
G1 X93.39 Y106.193 E.33136
M205 X8 Y8
M204 S500
G1 X90.455 Y100.113 F7200
M204 S250
M205 X10 Y10
G1 F4500
G1 X101.537 Y119.689 E1.10275
G1 X102.044 Y119.689 E.02486
G1 X91.074 Y100.311 E1.0916
G1 X91.582 Y100.311 E.02486
G1 X102.551 Y119.689 E1.0916
G1 X103.058 Y119.689 E.02486
G1 X92.089 Y100.311 E1.0916
G1 X92.596 Y100.311 E.02486
G1 X103.566 Y119.689 E1.0916
G1 X104.073 Y119.689 E.02486
G1 X93.103 Y100.311 E1.0916
G1 X93.61 Y100.311 E.02486
G1 X104.58 Y119.689 E1.0916
G1 X105.087 Y119.689 E.02486
M73 P69 R5
G1 X94.118 Y100.311 E1.0916
G1 X94.625 Y100.311 E.02486
G1 X105.594 Y119.689 E1.0916
G1 X106.102 Y119.689 E.02486
G1 X95.132 Y100.311 E1.0916
G1 X95.639 Y100.311 E.02486
G1 X106.609 Y119.689 E1.0916
G1 X107.116 Y119.689 E.02486
G1 X96.146 Y100.311 E1.0916
G1 X96.654 Y100.311 E.02486
G1 X107.623 Y119.689 E1.0916
G1 X108.13 Y119.689 E.02486
G1 X97.161 Y100.311 E1.0916
G1 X97.668 Y100.311 E.02486
G1 X103.8 Y111.143 E.6102
G1 X103.807 Y111.212 E.00338
G1 X104.153 Y112.373 E.05941
G1 X104.69 Y113.401 E.05685
G1 X104.825 Y113.604 E.01194
G1 X105.456 Y114.372 E.04873
G1 X105.809 Y114.693 E.0234
G1 X108.638 Y119.689 E.28144
G1 X109.145 Y119.689 E.02486
G1 X106.695 Y115.361 E.2438
G1 X107.422 Y115.75 E.04042
G1 X109.652 Y119.689 E.22191
G1 X110.159 Y119.689 E.02486
G1 X108.06 Y115.981 E.20892
G1 X108.671 Y116.164 E.03127
G1 X110.666 Y119.689 E.19859
G1 X111.174 Y119.689 E.02486
G1 X109.22 Y116.238 E.19441
G1 X109.755 Y116.288 E.02636
G1 X111.681 Y119.689 E.19159
G1 X112.188 Y119.689 E.02486
G1 X110.261 Y116.286 E.19173
G1 X110.742 Y116.239 E.02369
G1 X112.695 Y119.689 E.19434
G1 X113.202 Y119.689 E.02486
G1 X111.221 Y116.19 E.19714
G1 X111.656 Y116.062 E.02221
G1 X113.71 Y119.689 E.20436
G1 X114.217 Y119.689 E.02486
G1 X112.091 Y115.933 E.21158
G1 X112.513 Y115.783 E.02197
G1 X114.724 Y119.689 E.22003
G1 X115.231 Y119.689 E.02486
G1 X112.903 Y115.576 E.23169
G1 X113.292 Y115.368 E.02164
G1 X115.738 Y119.689 E.24341
G1 X116.246 Y119.689 E.02486
G1 X113.663 Y115.126 E.25703
G1 X114.009 Y114.842 E.02196
G1 X116.753 Y119.689 E.27304
G1 X117.26 Y119.689 E.02486
G1 X114.355 Y114.558 E.28905
G1 X114.544 Y114.372 E.01299
G1 X114.67 Y114.218 E.00975
G1 X117.767 Y119.689 E.30818
G1 X118.274 Y119.689 E.02486
G1 X114.97 Y113.853 E.32878
G1 X115.262 Y113.473 E.0235
G1 X118.782 Y119.689 E.3502
G1 X119.289 Y119.689 E.02486
G1 X115.513 Y113.019 E.37574
G1 X115.759 Y112.557 E.02566
G1 X119.796 Y119.689 E.40178
G1 X120.303 Y119.689 E.02486
G1 X115.953 Y112.004 E.43294
G1 X116.131 Y111.422 E.02982
G1 X120.81 Y119.689 E.4657
G1 X121.318 Y119.689 E.02486
G1 X116.241 Y110.72 E.50523
M73 P70 R5
G1 X116.305 Y109.938 E.03848
G1 X121.937 Y119.887 E.56045
G1 E-4.5 F2700
;WIPE_START
G1 F4500
G1 X120.952 Y118.147 E-.475
;WIPE_END
G1 E-.025 F2700
M205 X8 Y8
M204 S500
G1 X113.992 Y115.014 Z2.8 F7200
G1 X103.935 Y110.486 Z2.8
G1 Z2.4
G1 E5 F2400
M204 S250
M205 X10 Y10
G1 F4500
G1 X98.175 Y100.311 E.57318
G1 X98.682 Y100.311 E.02486
G1 X103.759 Y109.279 E.50518
G1 X103.807 Y108.788 E.02417
G1 X103.869 Y108.578 E.01076
G1 X99.19 Y100.311 E.46569
G1 X99.697 Y100.311 E.02486
G1 X104.044 Y107.991 E.43263
G1 X104.153 Y107.627 E.01864
G1 X104.245 Y107.45 E.00977
G1 X100.204 Y100.311 E.40216
G1 X100.711 Y100.311 E.02486
G1 X104.489 Y106.984 E.37591
G1 X104.738 Y106.527 E.02548
G1 X101.218 Y100.311 E.3502
G1 X101.726 Y100.311 E.02486
G1 X105.03 Y106.147 E.32878
G1 X105.33 Y105.782 E.02319
G1 X102.233 Y100.311 E.30818
G1 X102.74 Y100.311 E.02486
G1 X105.645 Y105.442 E.28905
G1 X105.991 Y105.158 E.02196
G1 X103.247 Y100.311 E.27304
G1 X103.754 Y100.311 E.02486
G1 X106.337 Y104.874 E.25703
G1 X106.708 Y104.632 E.02168
G1 X104.262 Y100.311 E.24341
G1 X104.769 Y100.311 E.02486
G1 X107.097 Y104.424 E.23169
G1 X107.487 Y104.217 E.02165
G1 X105.276 Y100.311 E.22003
G1 X105.783 Y100.311 E.02486
G1 X107.909 Y104.067 E.21158
G1 X108.344 Y103.938 E.02221
G1 X106.29 Y100.311 E.20436
G1 X106.798 Y100.311 E.02486
G1 X108.779 Y103.81 E.19714
G1 X109.257 Y103.758 E.02356
G1 X107.305 Y100.311 E.19422
G1 X107.812 Y100.311 E.02486
G1 X109.736 Y103.71 E.19147
G1 X109.878 Y103.695 E.00701
G1 X110.242 Y103.707 E.01783
G1 X108.319 Y100.311 E.19132
G1 X108.826 Y100.311 E.02486
G1 X110.779 Y103.76 E.1943
G1 X111.111 Y103.793 E.01634
G1 X111.329 Y103.836 E.01092
G1 X109.334 Y100.311 E.19859
G1 X109.841 Y100.311 E.02486
G1 X111.94 Y104.019 E.20892
G1 X112.3 Y104.129 E.01845
G1 X112.578 Y104.25 E.01485
G1 X110.348 Y100.311 E.22191
G1 X110.855 Y100.311 E.02486
G1 X113.514 Y105.008 E.26459
M205 X8 Y8
M204 S500
G1 X111.25 Y100.113 F7200
M204 S250
M205 X10 Y10
G1 F4500
G1 X114.191 Y105.307 E.29259
G1 X114.544 Y105.628 E.0234
G1 X115.175 Y106.396 E.04873
G1 X115.31 Y106.598 E.01193
G1 X115.817 Y107.553 E.05299
G1 X116.191 Y108.776 E.0627
G1 X116.199 Y108.855 E.00386
G1 X122.332 Y119.689 E.61032
G1 X122.839 Y119.689 E.02486
G1 X111.87 Y100.311 E1.0916
G1 X112.377 Y100.311 E.02486
G1 X123.346 Y119.689 E1.0916
G1 X123.854 Y119.689 E.02486
G1 X112.884 Y100.311 E1.0916
G1 X113.391 Y100.311 E.02486
M73 P71 R5
G1 X124.361 Y119.689 E1.0916
G1 X124.868 Y119.689 E.02486
G1 X113.898 Y100.311 E1.0916
G1 X114.406 Y100.311 E.02486
G1 X125.375 Y119.689 E1.0916
G1 X125.882 Y119.689 E.02486
G1 X114.913 Y100.311 E1.0916
G1 X115.42 Y100.311 E.02486
G1 X126.39 Y119.689 E1.0916
G1 X126.897 Y119.689 E.02486
G1 X115.927 Y100.311 E1.0916
G1 X116.434 Y100.311 E.02486
G1 X122.914 Y111.757 E.6448
G1 X123.017 Y112.163 E.02053
G1 X123.24 Y112.782 E.03222
G1 X123.526 Y113.393 E.0331
G1 X123.89 Y114.012 E.03515
G1 X124.312 Y114.591 E.03516
G1 X124.855 Y115.187 E.03953
G1 X127.404 Y119.689 E.25362
G1 X127.911 Y119.689 E.02486
G1 X125.817 Y115.989 E.20843
G1 X126.591 Y116.461 E.04445
G1 X128.418 Y119.689 E.18185
G1 X128.926 Y119.689 E.02486
G1 X127.277 Y116.778 E.16403
G1 X127.911 Y117 E.03291
G1 X129.433 Y119.689 E.15148
G1 X129.94 Y119.689 E.02486
G1 X128.505 Y117.154 E.1428
G1 X129.062 Y117.243 E.02766
G1 X130.447 Y119.689 E.13782
G1 X130.954 Y119.689 E.02486
G1 X129.595 Y117.289 E.13524
G1 X130.112 Y117.305 E.02534
G1 X131.462 Y119.689 E.1343
G1 X131.969 Y119.689 E.02486
G1 X130.606 Y117.282 E.1356
G1 X131.078 Y117.22 E.02335
G1 X132.476 Y119.689 E.13908
G1 X132.983 Y119.689 E.02486
G1 X131.54 Y117.14 E.14364
G1 X131.983 Y117.027 E.02243
G1 X133.491 Y119.689 E.14998
G1 X133.998 Y119.689 E.02486
G1 X132.414 Y116.891 E.15764
G1 X132.834 Y116.737 E.02193
G1 X134.505 Y119.689 E.16632
G1 X135.012 Y119.689 E.02486
G1 X133.233 Y116.546 E.17706
G1 X133.624 Y116.341 E.02165
G1 X135.519 Y119.689 E.18861
G1 X136.027 Y119.689 E.02486
G1 X134.001 Y116.111 E.20157
G1 X134.363 Y115.854 E.02175
G1 X136.534 Y119.689 E.21605
G1 X137.041 Y119.689 E.02486
G1 X134.716 Y115.582 E.23137
G1 X135.049 Y115.275 E.02222
G1 X137.548 Y119.689 E.24867
G1 X138.055 Y119.689 E.02486
G1 X135.371 Y114.947 E.26716
G1 X135.681 Y114.599 E.02285
G1 X138.563 Y119.689 E.28676
G1 X139.07 Y119.689 E.02486
G1 X135.967 Y114.208 E.30876
G1 X136.11 Y114.012 E.01193
G1 X136.239 Y113.793 E.01244
G1 X139.577 Y119.689 E.33216
G1 X140.084 Y119.689 E.02486
G1 X136.495 Y113.349 E.35718
G1 X136.723 Y112.856 E.02662
G1 X140.591 Y119.689 E.38494
G1 X140.689 Y119.689 E.00481
G1 X140.689 Y118.967 E.03543
G1 X136.924 Y112.315 E.37467
G1 X137.012 Y112.065 E.01299
G1 X137.096 Y111.722 E.01731
G1 X140.689 Y118.071 E.35761
G1 X140.689 Y117.175 E.04392
G1 X137.224 Y111.053 E.34485
G1 X137.28 Y110.658 E.01955
G1 X137.297 Y110.286 E.01825
G1 X140.689 Y116.279 E.33757
G1 X140.689 Y115.383 E.04392
M73 P72 R5
G1 X137.016 Y108.893 E.36557
G1 E-4.5 F2700
;WIPE_START
G1 F4500
G1 X138.001 Y110.633 E-.475
;WIPE_END
G1 E-.025 F2700
M205 X8 Y8
M204 S500
G1 X130.37 Y110.789 Z2.8 F7200
G1 X122.959 Y110.941 Z2.8
G1 Z2.4
G1 E5 F2400
M204 S250
M205 X10 Y10
G1 F4500
G1 X116.942 Y100.311 E.59879
G1 X117.449 Y100.311 E.02486
G1 X122.711 Y109.606 E.52363
G1 X122.732 Y109.225 E.01872
G1 X122.789 Y108.848 E.01871
G1 X117.956 Y100.311 E.48089
G1 X118.463 Y100.311 E.02486
G1 X122.926 Y108.195 E.44412
G1 X123.017 Y107.837 E.01812
G1 X123.1 Y107.606 E.01201
G1 X118.971 Y100.311 E.41095
G1 X119.478 Y100.311 E.02486
G1 X123.307 Y107.075 E.38102
G1 X123.538 Y106.587 E.02646
G1 X119.985 Y100.311 E.35354
G1 X120.492 Y100.311 E.02486
G1 X123.796 Y106.147 E.32879
G1 X124.072 Y105.739 E.02418
G1 X120.999 Y100.311 E.30576
G1 X121.507 Y100.311 E.02486
G1 X124.361 Y105.354 E.28409
G1 X124.672 Y105.006 E.02285
G1 X122.014 Y100.311 E.26449
G1 X122.521 Y100.311 E.02486
G1 X124.996 Y104.683 E.24632
G1 X125.33 Y104.378 E.0222
G1 X123.028 Y100.311 E.2291
G1 X123.535 Y100.311 E.02486
G1 X125.686 Y104.11 E.214
G1 X126.05 Y103.858 E.02172
G1 X124.043 Y100.311 E.1998
G1 X124.55 Y100.311 E.02486
G1 X126.427 Y103.627 E.18684
G1 X126.821 Y103.428 E.02166
G1 X125.057 Y100.311 E.17559
G1 X125.564 Y100.311 E.02486
G1 X127.224 Y103.242 E.16514
G1 X127.644 Y103.088 E.02193
G1 X126.071 Y100.311 E.15646
G1 X126.579 Y100.311 E.02486
G1 X128.077 Y102.958 E.14912
G1 X128.52 Y102.845 E.02243
G1 X127.086 Y100.311 E.14277
G1 X127.593 Y100.311 E.02486
G1 X128.994 Y102.785 E.13937
G1 X129.473 Y102.736 E.02364
G1 X128.1 Y100.311 E.13664
G1 X128.607 Y100.311 E.02486
G1 X129.959 Y102.698 E.13446
G1 X130.475 Y102.714 E.02534
G1 X129.115 Y100.311 E.1354
G1 X129.622 Y100.311 E.02486
G1 X131.014 Y102.77 E.13855
G1 X131.368 Y102.82 E.01751
G1 X131.578 Y102.871 E.0106
G1 X130.129 Y100.311 E.1442
G1 X130.636 Y100.311 E.02486
G1 X132.173 Y103.026 E.15297
G1 X132.811 Y103.256 E.03322
G1 X131.143 Y100.311 E.16593
G1 X131.651 Y100.311 E.02486
G1 X133.509 Y103.594 E.18497
G1 X134.012 Y103.89 E.02856
G1 X134.305 Y104.104 E.0178
G1 X132.158 Y100.311 E.21366
G1 X132.665 Y100.311 E.02486
G1 X135.318 Y104.998 E.26404
G1 X135.613 Y105.317 E.02128
G1 X136.044 Y105.89 E.03516
G1 X136.418 Y106.502 E.03516
G1 X136.73 Y107.148 E.03516
G1 X136.977 Y107.822 E.03516
G1 X137.028 Y108.019 E.01
G1 X140.689 Y114.487 E.36432
G1 X140.689 Y113.591 E.04392
G1 X133.172 Y100.311 E.74806
G1 X133.679 Y100.311 E.02486
G1 X140.689 Y112.695 E.69759
G1 X140.689 Y111.799 E.04392
G1 X134.187 Y100.311 E.64711
G1 X134.694 Y100.311 E.02486
G1 X140.689 Y110.903 E.59664
G1 X140.689 Y110.007 E.04392
M73 P73 R5
G1 X135.201 Y100.311 E.54617
G1 X135.708 Y100.311 E.02486
G1 X140.689 Y109.11 E.4957
G1 X140.689 Y108.214 E.04392
G1 X136.215 Y100.311 E.44522
G1 X136.723 Y100.311 E.02486
G1 X140.689 Y107.318 E.39475
G1 X140.689 Y106.422 E.04392
G1 X137.23 Y100.311 E.34428
G1 X137.737 Y100.311 E.02486
G1 X140.689 Y105.526 E.2938
G1 X140.689 Y104.63 E.04392
G1 X138.244 Y100.311 E.24333
G1 X138.751 Y100.311 E.02486
G1 X140.689 Y103.734 E.19286
G1 X140.689 Y102.838 E.04392
G1 X139.259 Y100.311 E.14239
G1 X139.766 Y100.311 E.02486
G1 X140.689 Y101.942 E.09191
G1 X140.689 Y101.046 E.04392
G1 X140.161 Y100.113 E.05259
; stop printing object V7_00_DS18B20_fit_gauge_8_10_12.stl id:0 copy 0
;TIME_ELAPSED:825.773193

;LAYER_CHANGE
;:2.6
;HEIGHT:0.2
;BEFORE_LAYER_CHANGE
;2.6
G92 E0
;TIME_ELAPSED:872.415344
G1 E-4.5 F2700
;WIPE_START
G1 F4500
G1 X140.689 Y101.046 E-.2548
G1 X140.689 Y101.942 E-.21281
G1 X140.674 Y101.915 E-.0074
;WIPE_END
G1 E-.025 F2700
;_SET_FAN_SPEED_CHANGING_LAYER
; OBJECT_ID: 15
; printing object V7_00_DS18B20_fit_gauge_8_10_12.stl id:0 copy 0
M205 X8 Y8
M204 S500
G17
G3 Z2.8 I-1.217 J.021 P1  F7200
G1 X140.991 Y119.991 Z2.8
G1 Z2.6
G1 E5 F2400
M205 X10 Y10
;TYPE:Inner wall
;WIDTH:0.449999
G1 F2700
G1 X79.009 Y119.991 E2.05604
G1 X79.009 Y100.009 E.66283
M73 P73 R4
G1 X140.991 Y100.009 E2.05604
G1 X140.991 Y119.951 E.6615
M205 X8 Y8
G1 X141.398 Y120.398 F7200
M205 X10 Y10
G1 F2700
G1 X78.602 Y120.398 E2.08305
G1 X78.602 Y99.602 E.68984
G1 X141.398 Y99.602 E2.08305
G1 X141.398 Y120.358 E.68851
M205 X8 Y8
M73 P74 R4
G1 X141.79 Y120.79 F7200
M205 X10 Y10
;TYPE:Outer wall
;WIDTH:0.419999
G1 F2400
G1 X78.21 Y120.79 E1.95363
G1 X78.21 Y99.21 E.66309
G1 X141.79 Y99.21 E1.95363
G1 X141.79 Y120.75 E.66186
G1 E-4.5 F2700
;WIPE_START
G1 F2400
G1 X139.79 Y120.751 E-.475
;WIPE_END
G1 E-.025 F2700
M205 X8 Y8
G1 X132.742 Y117.822 Z3 F7200
G1 X124.569 Y114.425 Z3
G1 Z2.6
G1 E5 F2400
M205 X10 Y10
;TYPE:Inner wall
;WIDTH:0.449999
G1 F2700
G1 X124.2 Y113.934 E.02038
G1 X123.842 Y113.346 E.02281
G1 X123.544 Y112.727 E.02281
G1 X123.308 Y112.081 E.02281
G1 X123.144 Y111.445 E.02178
G1 X123.055 Y110.901 E.01828
G1 X122.992 Y110.048 E.02836
G1 X123.021 Y109.361 E.02281
G1 X123.117 Y108.68 E.02281
G1 X123.28 Y108.012 E.02281
G1 X123.507 Y107.363 E.02281
G1 X123.75 Y106.837 E.01921
G1 X124.146 Y106.147 E.0264
G1 X124.552 Y105.592 E.02281
G1 X125.01 Y105.079 E.02281
G1 X125.517 Y104.613 E.02281
G1 X126.066 Y104.2 E.02281
G1 X126.654 Y103.842 E.02281
G1 X127.273 Y103.544 E.02281
G1 X127.919 Y103.308 E.02281
G1 X128.653 Y103.119 E.02513
G1 X129.903 Y102.996 E.04168
G1 X130.639 Y103.021 E.02441
G1 X131.32 Y103.117 E.02281
G1 X131.988 Y103.28 E.02281
G1 X132.637 Y103.507 E.02281
G1 X133.261 Y103.797 E.02281
G1 X133.853 Y104.146 E.02281
G1 X134.408 Y104.552 E.02281
G1 X134.921 Y105.01 E.02281
G1 X135.325 Y105.449 E.01978
G1 X135.8 Y106.066 E.02583
G1 X136.158 Y106.654 E.02281
G1 X136.456 Y107.273 E.02281
G1 X136.692 Y107.919 E.02281
G1 X136.864 Y108.585 E.02281
G1 X136.969 Y109.265 E.02281
G1 X137.008 Y109.952 E.02281
G1 X136.979 Y110.639 E.02281
G1 X136.883 Y111.32 E.02281
G1 X136.72 Y111.988 E.02281
G1 X136.493 Y112.637 E.02281
G1 X136.203 Y113.261 E.02281
G1 X135.854 Y113.853 E.02281
G1 X135.448 Y114.408 E.02281
G1 X134.99 Y114.921 E.02281
G1 X134.483 Y115.387 E.02281
G1 X133.934 Y115.8 E.02281
G1 X133.346 Y116.158 E.02281
G1 X132.727 Y116.456 E.02281
G1 X132.081 Y116.692 E.02281
G1 X131.415 Y116.864 E.02281
G1 X130.735 Y116.969 E.02281
G1 X130.048 Y117.008 E.02281
G1 X129.361 Y116.979 E.02281
G1 X128.68 Y116.883 E.02281
G1 X128.012 Y116.72 E.02281
G1 X127.363 Y116.493 E.02281
G1 X126.739 Y116.203 E.02281
G1 X126.147 Y115.854 E.02281
G1 X125.592 Y115.448 E.02281
G1 X125.079 Y114.99 E.02281
G1 X124.613 Y114.483 E.02281
G1 X124.593 Y114.457 E.00111
M205 X8 Y8
G1 X124.893 Y114.18 F7200
M205 X10 Y10
G1 F2700
G1 X124.527 Y113.691 E.02025
G1 X124.192 Y113.137 E.02149
G1 X123.912 Y112.553 E.02149
G1 X123.691 Y111.944 E.02149
G1 X123.539 Y111.346 E.02046
G1 X123.458 Y110.841 E.01696
G1 X123.399 Y110.028 E.02703
G1 X123.428 Y109.381 E.02149
G1 X123.52 Y108.74 E.02149
G1 X123.675 Y108.111 E.02149
G1 X123.89 Y107.5 E.02149
G1 X124.118 Y107.011 E.01789
G1 X124.495 Y106.356 E.02508
G1 X124.879 Y105.834 E.02149
G1 X125.312 Y105.352 E.02149
G1 X125.79 Y104.915 E.02149
G1 X126.309 Y104.527 E.02149
G1 X126.863 Y104.192 E.02149
G1 X127.447 Y103.912 E.02149
G1 X128.056 Y103.691 E.02149
G1 X128.725 Y103.521 E.02288
G1 X129.943 Y103.401 E.04061
G1 X130.619 Y103.428 E.02243
G1 X131.26 Y103.52 E.02149
G1 X131.889 Y103.675 E.02149
G1 X132.5 Y103.89 E.02149
G1 X133.087 Y104.165 E.02149
G1 X133.644 Y104.495 E.02149
G1 X134.166 Y104.879 E.02149
G1 X134.648 Y105.312 E.02149
G1 X135.024 Y105.722 E.01846
G1 X135.473 Y106.309 E.02451
G1 X135.808 Y106.863 E.02149
G1 X136.088 Y107.447 E.02149
G1 X136.309 Y108.056 E.02149
G1 X136.469 Y108.684 E.02149
G1 X136.567 Y109.325 E.02149
G1 X136.601 Y109.972 E.02149
G1 X136.572 Y110.619 E.02149
G1 X136.48 Y111.26 E.02149
G1 X136.325 Y111.889 E.02149
G1 X136.11 Y112.5 E.02149
G1 X135.835 Y113.087 E.02149
G1 X135.505 Y113.644 E.02149
G1 X135.121 Y114.166 E.02149
G1 X134.688 Y114.648 E.02149
G1 X134.21 Y115.085 E.02149
G1 X133.691 Y115.473 E.02149
G1 X133.137 Y115.808 E.02149
G1 X132.553 Y116.088 E.02149
G1 X131.944 Y116.309 E.02149
G1 X131.316 Y116.469 E.02149
G1 X130.675 Y116.567 E.02149
G1 X130.028 Y116.601 E.02149
G1 X129.381 Y116.572 E.02149
G1 X128.74 Y116.48 E.02149
G1 X128.111 Y116.325 E.02149
G1 X127.5 Y116.11 E.02149
G1 X126.913 Y115.835 E.02149
G1 X126.356 Y115.505 E.02149
G1 X125.834 Y115.121 E.02149
G1 X125.352 Y114.688 E.02149
G1 X124.917 Y114.212 E.0214
M205 X8 Y8
G1 X125.205 Y113.946 F7200
M205 X10 Y10
;TYPE:Outer wall
;WIDTH:0.419999
G1 F2400
G1 X124.842 Y113.458 E.01871
G1 X124.528 Y112.935 E.01873
G1 X124.266 Y112.385 E.01872
G1 X124.06 Y111.811 E.01873
G1 X123.919 Y111.251 E.01777
G1 X123.821 Y110.618 E.01968
G1 X123.79 Y110.009 E.01873
G1 X123.819 Y109.401 E.01873
G1 X123.908 Y108.798 E.01872
G1 X124.055 Y108.206 E.01873
G1 X124.259 Y107.632 E.01873
G1 X124.473 Y107.179 E.01539
G1 X124.832 Y106.558 E.02205
G1 X125.194 Y106.068 E.01872
G1 X125.602 Y105.616 E.01873
G1 X126.053 Y105.206 E.01873
G1 X126.542 Y104.842 E.01872
G1 X127.065 Y104.528 E.01873
G1 X127.615 Y104.266 E.01872
G1 X128.189 Y104.06 E.01873
G1 X128.793 Y103.908 E.01915
G1 X129.982 Y103.791 E.0367
G1 X130.599 Y103.819 E.01901
G1 X131.202 Y103.908 E.01872
G1 X131.794 Y104.055 E.01873
G1 X132.368 Y104.259 E.01873
G1 X132.919 Y104.519 E.01872
G1 X133.442 Y104.832 E.01873
G1 X133.932 Y105.194 E.01872
G1 X134.384 Y105.602 E.01873
G1 X134.733 Y105.986 E.01592
G1 X135.158 Y106.542 E.02152
G1 X135.472 Y107.065 E.01873
G1 X135.734 Y107.615 E.01872
G1 X135.94 Y108.189 E.01873
G1 X136.089 Y108.779 E.01873
G1 X136.179 Y109.382 E.01872
G1 X136.21 Y109.991 E.01873
G1 X136.181 Y110.599 E.01873
G1 X136.092 Y111.202 E.01872
G1 X135.945 Y111.794 E.01873
G1 X135.741 Y112.368 E.01873
G1 X135.481 Y112.919 E.01872
G1 X135.168 Y113.442 E.01873
G1 X134.806 Y113.932 E.01872
G1 X134.398 Y114.384 E.01873
G1 X133.947 Y114.794 E.01873
G1 X133.458 Y115.158 E.01872
G1 X132.935 Y115.472 E.01873
G1 X132.385 Y115.734 E.01872
G1 X131.811 Y115.94 E.01873
G1 X131.221 Y116.089 E.01873
G1 X130.618 Y116.179 E.01872
G1 X130.009 Y116.21 E.01873
G1 X129.401 Y116.181 E.01873
G1 X128.798 Y116.092 E.01872
G1 X128.206 Y115.945 E.01873
G1 X127.632 Y115.741 E.01873
G1 X127.081 Y115.481 E.01872
G1 X126.558 Y115.168 E.01873
G1 X126.068 Y114.806 E.01873
G1 X125.616 Y114.398 E.01873
G1 X125.232 Y113.976 E.01752
G1 E-4.5 F2700
;WIPE_START
G1 F2400
G1 X124.842 Y113.458 E-.15404
G1 X124.528 Y112.935 E-.14474
G1 X124.266 Y112.385 E-.14473
G1 X124.222 Y112.26 E-.03149
;WIPE_END
G1 E-.025 F2700
M205 X8 Y8
G1 X116.82 Y114.121 Z3 F7200
G1 X113.291 Y115.008 Z3
G1 Z2.6
G1 E5 F2400
M205 X10 Y10
;TYPE:Inner wall
;WIDTH:0.449999
G1 F2700
G1 X112.387 Y115.51 E.03428
G1 X111.266 Y115.87 E.03905
G1 X110.097 Y116.004 E.03905
G1 X108.924 Y115.908 E.03905
G1 X107.792 Y115.584 E.03905
G1 X106.745 Y115.046 E.03905
G1 X105.823 Y114.314 E.03905
G1 X105.061 Y113.416 E.03905
G1 X104.49 Y112.387 E.03905
G1 X104.13 Y111.266 E.03905
G1 X103.996 Y110.097 E.03905
G1 X104.103 Y108.843 E.04173
G1 X104.456 Y107.681 E.04029
G1 X104.954 Y106.745 E.03518
G1 X105.686 Y105.823 E.03905
G1 X106.584 Y105.061 E.03905
G1 X107.613 Y104.49 E.03905
G1 X108.734 Y104.13 E.03906
G1 X109.903 Y103.996 E.03905
G1 X111.076 Y104.092 E.03905
G1 X112.208 Y104.416 E.03905
G1 X113.255 Y104.954 E.03905
G1 X114.177 Y105.686 E.03905
G1 X114.939 Y106.584 E.03905
G1 X115.51 Y107.613 E.03905
G1 X115.872 Y108.74 E.03926
G1 X115.968 Y109.534 E.02655
G1 X116.008 Y110.048 E.0171
G1 X115.895 Y111.166 E.03726
G1 X115.54 Y112.326 E.04023
G1 X114.939 Y113.416 E.04131
G1 X114.314 Y114.177 E.03265
G1 X113.416 Y114.939 E.03905
G1 X113.326 Y114.989 E.00344
M205 X8 Y8
G1 X113.094 Y114.659 F7200
M205 X10 Y10
G1 F2700
G1 X112.195 Y115.151 E.03399
G1 X111.148 Y115.481 E.03641
G1 X110.057 Y115.599 E.03641
M73 P75 R4
G1 X108.963 Y115.503 E.03641
G1 X107.91 Y115.195 E.03641
G1 X106.937 Y114.687 E.03641
G1 X106.081 Y114 E.03641
G1 X105.376 Y113.158 E.03641
G1 X104.849 Y112.195 E.03641
G1 X104.519 Y111.148 E.03641
G1 X104.401 Y110.057 E.03641
G1 X104.504 Y108.916 E.03799
G1 X104.849 Y107.805 E.03861
G1 X105.313 Y106.937 E.03265
G1 X106 Y106.081 E.03641
G1 X106.842 Y105.376 E.03641
G1 X107.805 Y104.849 E.03641
G1 X108.852 Y104.519 E.03642
G1 X109.943 Y104.401 E.03641
G1 X111.037 Y104.497 E.03641
G1 X112.09 Y104.805 E.03641
G1 X113.063 Y105.313 E.03641
G1 X113.919 Y106 E.03641
G1 X114.624 Y106.842 E.03641
G1 X115.195 Y107.91 E.04017
G1 X115.482 Y108.855 E.03278
G1 X115.599 Y110.057 E.04005
G1 X115.503 Y111.037 E.03265
G1 X115.16 Y112.178 E.03952
G1 X114.624 Y113.158 E.03707
G1 X114 Y113.919 E.03265
G1 X113.158 Y114.624 E.03641
G1 X113.129 Y114.64 E.0011
M205 X8 Y8
G1 X112.91 Y114.32 F7200
M205 X10 Y10
;TYPE:Outer wall
;WIDTH:0.419999
G1 F2400
G1 X112.909 Y114.321 E.00004
G1 X112.011 Y114.806 E.03138
G1 X111.034 Y115.105 E.03138
G1 X110.018 Y115.209 E.03138
G1 X109.002 Y115.113 E.03138
G1 X108.024 Y114.82 E.03138
G1 X107.121 Y114.341 E.03138
G1 X106.33 Y113.696 E.03138
G1 X105.679 Y112.909 E.03138
G1 X105.194 Y112.011 E.03138
G1 X104.895 Y111.034 E.03138
G1 X104.791 Y110.018 E.03138
G1 X104.89 Y108.987 E.03185
G1 X105.194 Y107.989 E.03204
G1 X105.659 Y107.121 E.03025
G1 X106.304 Y106.33 E.03138
G1 X107.091 Y105.679 E.03138
G1 X107.989 Y105.194 E.03138
G1 X108.966 Y104.895 E.03138
G1 X109.982 Y104.791 E.03137
G1 X110.998 Y104.887 E.03138
G1 X111.976 Y105.18 E.03138
G1 X112.879 Y105.659 E.03138
G1 X113.67 Y106.304 E.03138
G1 X114.321 Y107.091 E.03138
G1 X114.731 Y107.849 E.02649
G1 X114.943 Y108.43 E.019
G1 X115.106 Y108.967 E.01724
G1 X115.209 Y110.018 E.03247
G1 X115.113 Y110.998 E.03025
G1 X114.943 Y111.57 E.01833
G1 X114.731 Y112.151 E.019
G1 X114.341 Y112.879 E.02536
G1 X113.696 Y113.67 E.03138
G1 X112.941 Y114.295 E.03011
G1 E-4.5 F2700
;WIPE_START
G1 F2400
G1 X112.909 Y114.321 E-.00983
G1 X112.011 Y114.806 E-.24253
G1 X111.114 Y115.081 E-.22264
;WIPE_END
G1 E-.025 F2700
M205 X8 Y8
G1 X104.082 Y112.114 Z3 F7200
G1 X94.63 Y108.126 Z3
G1 Z2.6
G1 E5 F2400
M205 X10 Y10
;TYPE:Inner wall
;WIDTH:0.449999
G1 F2700
G1 X94.83 Y108.734 E.02122
G1 X94.927 Y109.119 E.01317
G1 X95.004 Y109.903 E.02615
G1 X94.927 Y110.881 E.03255
G1 X94.661 Y111.826 E.03255
G1 X94.215 Y112.7 E.03255
G1 X93.607 Y113.47 E.03255
G1 X92.861 Y114.107 E.03255
G1 X92.005 Y114.586 E.03255
G1 X91.071 Y114.889 E.03255
G1 X90.097 Y115.004 E.03255
G1 X89.119 Y114.927 E.03255
G1 X88.174 Y114.661 E.03255
G1 X87.3 Y114.215 E.03255
G1 X86.53 Y113.607 E.03255
G1 X85.893 Y112.861 E.03255
G1 X85.414 Y112.005 E.03255
G1 X85.111 Y111.071 E.03255
G1 X84.996 Y110.097 E.03255
G1 X85.073 Y109.119 E.03255
G1 X85.339 Y108.174 E.03255
G1 X85.785 Y107.3 E.03255
G1 X86.259 Y106.693 E.02557
G1 X86.53 Y106.393 E.01339
G1 X87.139 Y105.893 E.02615
G1 X87.995 Y105.414 E.03255
G1 X88.929 Y105.111 E.03255
G1 X89.903 Y104.996 E.03254
G1 X90.881 Y105.073 E.03255
G1 X91.826 Y105.339 E.03255
G1 X92.7 Y105.785 E.03255
G1 X93.47 Y106.393 E.03255
G1 X94.107 Y107.139 E.03255
G1 X94.586 Y107.995 E.03255
G1 X94.617 Y108.088 E.00324
M205 X8 Y8
G1 X94.25 Y108.262 F7200
M205 X10 Y10
G1 F2700
G1 X94.522 Y109.159 E.03109
G1 X94.599 Y109.943 E.02615
G1 X94.522 Y110.841 E.02991
G1 X94.271 Y111.708 E.02991
G1 X93.856 Y112.508 E.02991
G1 X93.292 Y113.212 E.02991
G1 X92.603 Y113.793 E.02991
G1 X91.813 Y114.227 E.02991
G1 X90.953 Y114.5 E.02991
G1 X90.057 Y114.599 E.02991
G1 X89.159 Y114.522 E.02991
G1 X88.292 Y114.271 E.02991
G1 X87.492 Y113.856 E.02991
G1 X86.788 Y113.292 E.02991
G1 X86.207 Y112.603 E.02991
G1 X85.773 Y111.813 E.02991
G1 X85.5 Y110.953 E.02991
G1 X85.401 Y110.057 E.02991
G1 X85.478 Y109.159 E.02991
G1 X85.729 Y108.292 E.02991
G1 X86.144 Y107.492 E.02991
G1 X86.788 Y106.708 E.03367
G1 X87.397 Y106.207 E.02615
G1 X88.187 Y105.773 E.02991
G1 X89.047 Y105.5 E.02992
G1 X89.943 Y105.401 E.02991
G1 X90.841 Y105.478 E.02991
G1 X91.708 Y105.729 E.02991
G1 X92.508 Y106.144 E.02991
G1 X93.212 Y106.708 E.02991
G1 X93.793 Y107.397 E.02991
G1 X94.227 Y108.187 E.02991
G1 X94.238 Y108.223 E.00125
M205 X8 Y8
G1 X93.882 Y108.373 F7200
M205 X10 Y10
;TYPE:Outer wall
;WIDTH:0.419999
G1 F2400
G1 X94.132 Y109.197 E.02645
G1 X94.209 Y109.984 E.02429
G1 X94.132 Y110.803 E.02529
G1 X93.896 Y111.594 E.02535
G1 X93.51 Y112.323 E.02535
G1 X92.989 Y112.963 E.02535
G1 X92.354 Y113.489 E.02535
G1 X91.628 Y113.882 E.02535
G1 X90.839 Y114.125 E.02535
G1 X90.018 Y114.209 E.02535
G1 X89.197 Y114.132 E.02535
G1 X88.406 Y113.896 E.02535
G1 X87.677 Y113.51 E.02535
G1 X87.037 Y112.989 E.02535
G1 X86.511 Y112.354 E.02535
G1 X86.118 Y111.628 E.02535
G1 X85.875 Y110.839 E.02535
G1 X85.791 Y110.018 E.02535
G1 X85.868 Y109.197 E.02535
G1 X86.104 Y108.406 E.02535
G1 X86.49 Y107.677 E.02535
G1 X87.037 Y107.011 E.02648
G1 X87.646 Y106.511 E.02422
G1 X88.372 Y106.118 E.02535
G1 X89.161 Y105.875 E.02536
G1 X89.982 Y105.791 E.02535
G1 X90.803 Y105.868 E.02535
G1 X91.594 Y106.104 E.02535
G1 X92.323 Y106.49 E.02535
G1 X92.963 Y107.011 E.02535
G1 X93.489 Y107.646 E.02535
G1 X93.863 Y108.338 E.02416
G1 E-4.5 F2700
;WIPE_START
G1 F2400
G1 X94.132 Y109.197 E-.21373
G1 X94.209 Y109.984 E-.18772
G1 X94.18 Y110.292 E-.07354
;WIPE_END
G1 E-.025 F2700
M205 X8 Y8
G1 X79.417 Y119.567 Z3 F7200
G1 Z2.6
G1 E5 F2400
M205 X10 Y10
;TYPE:Internal solid infill
;WIDTH:0.405698
G1 F3600
G1 X79.349 Y119.606 E.00232
G1 X79.419 Y119.641 E.00233
G1 E-4.5 F2700
;WIPE_START
G1 F3600
G1 X79.349 Y119.606 E-.23778
G1 X79.417 Y119.567 E-.23722
;WIPE_END
G1 E-.025 F2700
M205 X8 Y8
G1 X86.449 Y116.601 Z3 F7200
G1 X125.554 Y100.111 Z3
G1 Z2.6
G1 E5 F2400
M205 X10 Y10
;WIDTH:0.450713
G1 F3600
G1 X128.349 Y102.906 E.13134
G1 X127.889 Y103.022 E.01577
G1 X125.161 Y100.294 E.12822
G1 X124.584 Y100.294 E.01916
G1 X127.462 Y103.172 E.13525
G1 X127.049 Y103.336 E.01476
G1 X124.007 Y100.294 E.14295
G1 X123.431 Y100.294 E.01916
G1 X126.66 Y103.524 E.15177
G1 X126.29 Y103.73 E.01408
G1 X122.854 Y100.294 E.16149
G1 X122.277 Y100.294 E.01916
G1 X125.932 Y103.949 E.17176
G1 X125.601 Y104.194 E.0137
G1 X121.7 Y100.294 E.18329
G1 X121.124 Y100.294 E.01916
G1 X125.277 Y104.447 E.19517
G1 X124.977 Y104.724 E.01356
G1 X120.547 Y100.294 E.20816
G1 X119.97 Y100.294 E.01916
G1 X124.688 Y105.012 E.22171
G1 X124.416 Y105.317 E.01357
G1 X119.394 Y100.294 E.23604
G1 X118.817 Y100.294 E.01916
G1 X124.164 Y105.641 E.25126
G1 X123.92 Y105.974 E.01372
G1 X118.24 Y100.294 E.26693
G1 X117.663 Y100.294 E.01916
G1 X123.705 Y106.335 E.2839
G1 X123.498 Y106.705 E.01408
G1 X117.087 Y100.294 E.30129
G1 X116.51 Y100.294 E.01916
G1 X123.314 Y107.098 E.31974
G1 X123.151 Y107.512 E.01479
G1 X115.933 Y100.294 E.3392
G1 X115.357 Y100.294 E.01916
G1 X123.007 Y107.944 E.35952
G1 X122.89 Y108.404 E.01576
G1 X114.78 Y100.294 E.38112
G1 X114.203 Y100.294 E.01916
M73 P76 R4
G1 X122.799 Y108.89 E.40394
G1 X122.738 Y109.406 E.01727
G1 X113.627 Y100.294 E.4282
G1 X113.05 Y100.294 E.01916
G1 X122.708 Y109.953 E.45389
G1 X122.732 Y110.553 E.01997
G1 X112.473 Y100.294 E.48211
G1 X111.896 Y100.294 E.01916
G1 X122.815 Y111.213 E.51312
G1 X122.846 Y111.424 E.00708
G1 X122.982 Y111.956 E.01825
G1 X111.32 Y100.294 E.54804
G1 X110.743 Y100.294 E.01916
G1 X123.662 Y113.213 E.60711
M205 X8 Y8
G1 X128.565 Y116.963 F7200
M205 X10 Y10
G1 F3600
G1 X131.289 Y119.687 E.12802
G1 X130.713 Y119.687 E.01916
G1 X128.043 Y117.018 E.12543
G1 X127.826 Y116.962 E.00745
G1 X127.169 Y116.72 E.02326
G1 X130.136 Y119.687 E.13941
G1 X129.625 Y119.687 E.01698
G1 X129.578 Y119.706 E.00168
G1 X110.166 Y100.294 E.91224
G1 X109.59 Y100.294 E.01916
G1 X129.001 Y119.706 E.91224
G1 X128.425 Y119.706 E.01916
G1 X109.013 Y100.294 E.91224
G1 X108.436 Y100.294 E.01916
G1 X112.282 Y104.14 E.18075
G1 X111.455 Y103.889 E.02875
G1 X107.859 Y100.294 E.16895
G1 X107.283 Y100.294 E.01916
G1 X110.764 Y103.775 E.16358
G1 X110.124 Y103.712 E.02136
G1 X106.706 Y100.294 E.16062
G1 X106.129 Y100.294 E.01916
G1 X109.578 Y103.742 E.16204
G1 X109.054 Y103.795 E.01749
G1 X105.553 Y100.294 E.16454
G1 X104.976 Y100.294 E.01916
G1 X108.571 Y103.889 E.16893
G1 X108.125 Y104.02 E.01543
G1 X104.399 Y100.294 E.1751
G1 X103.823 Y100.294 E.01916
G1 X107.682 Y104.154 E.18137
G1 X107.291 Y104.339 E.01439
G1 X103.246 Y100.294 E.19008
G1 X102.669 Y100.294 E.01916
G1 X106.915 Y104.54 E.19952
G1 X106.544 Y104.746 E.01409
G1 X102.092 Y100.294 E.20921
G1 X101.516 Y100.294 E.01916
G1 X106.216 Y104.994 E.22089
G1 X105.899 Y105.254 E.01362
G1 X100.939 Y100.294 E.2331
G1 X100.362 Y100.294 E.01916
G1 X105.588 Y105.519 E.24556
G1 X105.316 Y105.824 E.01357
G1 X99.786 Y100.294 E.25989
G1 X99.209 Y100.294 E.01916
G1 X105.056 Y106.141 E.27477
G1 X104.801 Y106.463 E.01364
G1 X98.632 Y100.294 E.28988
G1 X98.055 Y100.294 E.01916
G1 X104.589 Y106.828 E.30703
G1 X104.391 Y107.206 E.0142
G1 X97.479 Y100.294 E.32484
G1 X96.902 Y100.294 E.01916
G1 X104.193 Y107.585 E.34264
G1 X104.052 Y108.021 E.01522
G1 X96.325 Y100.294 E.36313
G1 X95.749 Y100.294 E.01916
G1 X103.92 Y108.465 E.384
G1 X103.823 Y108.791 E.0113
G1 X103.809 Y108.931 E.00468
G1 X95.172 Y100.294 E.4059
G1 X94.595 Y100.294 E.01916
G1 X103.758 Y109.457 E.4306
G1 X103.707 Y109.983 E.01755
G1 X94.019 Y100.294 E.45531
G1 X93.442 Y100.294 E.01916
M73 P77 R4
G1 X103.765 Y110.618 E.48515
G1 X103.841 Y111.27 E.02184
G1 X92.865 Y100.294 E.51583
G1 X92.288 Y100.294 E.01916
G1 X104.374 Y112.38 E.56797
G1 E-4.5 F2700
;WIPE_START
G1 F3600
G1 X102.96 Y110.966 E-.475
;WIPE_END
G1 E-.025 F2700
M205 X8 Y8
G1 X110.29 Y108.837 Z3 F7200
G1 X115.473 Y107.331 Z3
G1 Z2.6
G1 E5 F2400
M205 X10 Y10
G1 F3600
G1 X127.848 Y119.706 E.58156
G1 X127.271 Y119.706 E.01916
G1 X116.1 Y108.535 E.52498
G1 X116.175 Y108.78 E.00851
G1 X116.219 Y109.231 E.01506
G1 X126.695 Y119.706 E.49228
G1 X126.118 Y119.706 E.01916
G1 X116.282 Y109.87 E.46224
G1 X116.295 Y110 E.00435
G1 X116.254 Y110.418 E.01397
G1 X125.541 Y119.706 E.43646
G1 X124.964 Y119.706 E.01916
G1 X116.202 Y110.944 E.41178
G1 X116.175 Y111.22 E.00924
G1 X116.111 Y111.429 E.00726
G1 X124.388 Y119.706 E.38895
G1 X123.811 Y119.706 E.01916
G1 X115.976 Y111.871 E.3682
G1 X115.841 Y112.312 E.01535
G1 X123.234 Y119.706 E.34745
G1 X122.658 Y119.706 E.01916
G1 X115.66 Y112.708 E.32886
G1 X115.46 Y113.085 E.01417
G1 X122.081 Y119.706 E.31116
G1 X121.504 Y119.706 E.01916
G1 X115.254 Y113.456 E.29372
G1 X115.006 Y113.784 E.01368
G1 X120.927 Y119.706 E.27829
G1 X120.351 Y119.706 E.01916
G1 X114.746 Y114.101 E.26341
G1 X114.481 Y114.412 E.0136
G1 X119.774 Y119.706 E.24876
G1 X119.197 Y119.706 E.01916
G1 X114.176 Y114.684 E.23599
G1 X113.859 Y114.944 E.01362
G1 X118.621 Y119.706 E.22377
G1 X118.044 Y119.706 E.01916
G1 X113.537 Y115.199 E.21178
G1 X113.174 Y115.413 E.014
G1 X117.467 Y119.706 E.20175
G1 X116.891 Y119.706 E.01916
G1 X112.798 Y115.614 E.19231
G1 X112.414 Y115.806 E.01428
G1 X116.314 Y119.706 E.18325
G1 X115.737 Y119.706 E.01916
G1 X111.98 Y115.949 E.17656
G1 X111.535 Y116.08 E.01543
G1 X115.16 Y119.706 E.17039
G1 X114.584 Y119.706 E.01916
G1 X111.069 Y116.191 E.16516
G1 X110.543 Y116.242 E.01756
G1 X114.007 Y119.706 E.16278
G1 X113.43 Y119.706 E.01916
G1 X110.017 Y116.293 E.16039
G1 X109.385 Y116.237 E.0211
G1 X112.854 Y119.706 E.16301
G1 X112.277 Y119.706 E.01916
G1 X108.73 Y116.159 E.16668
G1 X107.913 Y115.919 E.02828
G1 X111.7 Y119.706 E.17796
G1 X111.123 Y119.706 E.01916
G1 X106.836 Y115.418 E.2015
G1 X106.607 Y115.296 E.00862
G1 X106.406 Y115.162 E.00803
G1 X105.639 Y114.532 E.03298
G1 X105.468 Y114.361 E.00803
G1 X104.838 Y113.594 E.03298
G1 X104.704 Y113.393 E.00803
G1 X104.584 Y113.166 E.00853
G1 X91.712 Y100.294 E.60492
G1 X91.135 Y100.294 E.01916
G1 X110.547 Y119.706 E.91224
G1 X109.97 Y119.706 E.01916
G1 X90.558 Y100.294 E.91224
G1 X89.982 Y100.294 E.01916
M73 P78 R4
G1 X109.393 Y119.706 E.91224
G1 X108.817 Y119.706 E.01916
G1 X89.405 Y100.294 E.91224
G1 X88.828 Y100.294 E.01916
G1 X108.24 Y119.706 E.91224
G1 X107.663 Y119.706 E.01916
G1 X88.251 Y100.294 E.91224
G1 X87.675 Y100.294 E.01916
G1 X107.087 Y119.706 E.91224
G1 X106.51 Y119.706 E.01916
G1 X94.937 Y108.133 E.54386
G1 X95.19 Y108.963 E.02883
G1 X105.933 Y119.706 E.50487
G1 X105.356 Y119.706 E.01916
G1 X95.255 Y109.604 E.47473
G1 X95.295 Y110 E.01322
G1 X95.274 Y110.201 E.0067
G1 X104.78 Y119.706 E.4467
G1 X104.203 Y119.706 E.01916
G1 X95.222 Y110.724 E.42208
G1 X95.188 Y111.055 E.01105
G1 X95.138 Y111.218 E.00565
G1 X103.626 Y119.706 E.3989
G1 X103.05 Y119.706 E.01916
G1 X95.002 Y111.658 E.37821
G1 X94.859 Y112.092 E.01519
G1 X102.473 Y119.706 E.35779
G1 X101.896 Y119.706 E.01916
G1 X94.66 Y112.469 E.34008
G1 X94.459 Y112.845 E.01417
G1 X101.319 Y119.706 E.3224
G1 X100.743 Y119.706 E.01916
G1 X94.215 Y113.178 E.30676
G1 X93.955 Y113.495 E.01362
G1 X100.166 Y119.706 E.29187
G1 X99.589 Y119.706 E.01916
G1 X93.681 Y113.798 E.27765
G1 X93.367 Y114.06 E.0136
G1 X99.013 Y119.706 E.26531
G1 X98.436 Y119.706 E.01916
G1 X93.05 Y114.32 E.25309
G1 X92.694 Y114.541 E.01392
G1 X97.859 Y119.706 E.24272
G1 X97.283 Y119.706 E.01916
G1 X92.318 Y114.742 E.23328
G1 X91.926 Y114.926 E.0144
G1 X96.706 Y119.706 E.22461
G1 X96.129 Y119.706 E.01916
G1 X91.482 Y115.058 E.21841
G1 X91.036 Y115.189 E.01544
G1 X95.552 Y119.706 E.21226
G1 X94.976 Y119.706 E.01916
M73 P78 R3
G1 X90.515 Y115.245 E.20963
G1 X89.986 Y115.293 E.01764
G1 X94.399 Y119.706 E.20737
G1 X93.822 Y119.706 E.01916
G1 X89.351 Y115.235 E.21012
G1 X89.087 Y115.21 E.00881
G1 X88.639 Y115.099 E.01534
G1 X93.429 Y119.889 E.22509
G1 E-4.5 F2700
;WIPE_START
G1 F3600
G1 X92.015 Y118.475 E-.475
;WIPE_END
G1 E-.025 F2700
M205 X8 Y8
G1 X89.972 Y111.121 Z3 F7200
G1 X86.915 Y100.111 Z3
G1 Z2.6
G1 E5 F2400
M205 X10 Y10
G1 F3600
G1 X91.854 Y105.05 E.23213
G1 X91.043 Y104.815 E.02808
G1 X86.521 Y100.294 E.21247
G1 X85.945 Y100.294 E.01916
G1 X90.388 Y104.738 E.20884
G1 X90.121 Y104.712 E.00894
G1 X89.794 Y104.72 E.01086
G1 X85.368 Y100.294 E.20801
G1 X84.791 Y100.294 E.01916
M73 P79 R3
G1 X89.271 Y104.774 E.21052
G1 X88.994 Y104.802 E.00925
G1 X88.784 Y104.864 E.00727
G1 X84.215 Y100.294 E.21475
G1 X83.638 Y100.294 E.01916
G1 X88.338 Y104.994 E.22089
G1 X87.909 Y105.142 E.01508
G1 X83.061 Y100.294 E.22782
G1 X82.484 Y100.294 E.01916
G1 X87.53 Y105.339 E.2371
G1 X87.155 Y105.541 E.01415
G1 X81.908 Y100.294 E.24657
G1 X81.331 Y100.294 E.01916
G1 X86.822 Y105.785 E.25803
G1 X86.505 Y106.045 E.01362
G1 X80.754 Y100.294 E.27024
G1 X80.178 Y100.294 E.01916
G1 X86.202 Y106.319 E.28313
G1 X85.94 Y106.633 E.0136
G1 X79.601 Y100.294 E.29789
G1 X79.294 Y100.294 E.01019
G1 X79.294 Y100.564 E.00897
G1 X85.68 Y106.95 E.30009
G1 X85.459 Y107.306 E.01392
G1 X79.294 Y101.141 E.28972
G1 X79.294 Y101.717 E.01916
G1 X85.258 Y107.682 E.28028
G1 X85.074 Y108.074 E.0144
G1 X79.294 Y102.294 E.27161
G1 X79.294 Y102.871 E.01916
G1 X84.938 Y108.515 E.26525
G1 X84.813 Y108.967 E.01558
G1 X79.294 Y103.448 E.25938
G1 X79.294 Y104.024 E.01916
G1 X84.753 Y109.483 E.25654
G1 X84.707 Y110.014 E.01769
G1 X79.294 Y104.601 E.25437
G1 X79.294 Y105.178 E.01916
G1 X84.768 Y110.652 E.25725
G1 X84.802 Y111.006 E.01182
G1 X84.909 Y111.369 E.01257
G1 X79.294 Y105.754 E.26385
G1 X79.294 Y106.331 E.01916
G1 X85.232 Y112.269 E.27903
G1 X85.536 Y112.838 E.02144
G1 X85.67 Y113.038 E.00803
G1 X86.175 Y113.654 E.02646
G1 X86.346 Y113.825 E.00803
G1 X86.962 Y114.33 E.02646
G1 X87.162 Y114.464 E.00803
G1 X87.731 Y114.768 E.02144
G1 X92.669 Y119.706 E.23203
G1 X92.092 Y119.706 E.01916
G1 X79.294 Y106.908 E.60144
G1 X79.294 Y107.485 E.01916
G1 X91.515 Y119.706 E.57433
G1 X90.939 Y119.706 E.01916
G1 X79.294 Y108.061 E.54723
G1 X79.294 Y108.638 E.01916
G1 X90.362 Y119.706 E.52013
G1 X89.785 Y119.706 E.01916
G1 X79.294 Y109.215 E.49303
G1 X79.294 Y109.791 E.01916
G1 X89.209 Y119.706 E.46593
G1 X88.632 Y119.706 E.01916
G1 X79.294 Y110.368 E.43882
G1 X79.294 Y110.945 E.01916
G1 X88.055 Y119.706 E.41172
G1 X87.479 Y119.706 E.01916
G1 X79.294 Y111.521 E.38462
G1 X79.294 Y112.098 E.01916
G1 X86.902 Y119.706 E.35752
G1 X86.325 Y119.706 E.01916
G1 X79.294 Y112.675 E.33042
G1 X79.294 Y113.252 E.01916
G1 X85.748 Y119.706 E.30331
G1 X85.172 Y119.706 E.01916
G1 X79.294 Y113.828 E.27621
G1 X79.294 Y114.405 E.01916
G1 X84.595 Y119.706 E.24911
G1 X84.018 Y119.706 E.01916
G1 X79.294 Y114.982 E.22201
G1 X79.294 Y115.558 E.01916
G1 X83.442 Y119.706 E.19491
G1 X82.865 Y119.706 E.01916
G1 X79.294 Y116.135 E.1678
G1 X79.294 Y116.712 E.01916
G1 X82.288 Y119.706 E.1407
G1 X81.711 Y119.706 E.01916
G1 X79.294 Y117.289 E.1136
G1 X79.294 Y117.865 E.01916
G1 X81.135 Y119.706 E.0865
G1 X80.558 Y119.706 E.01916
G1 X79.294 Y118.442 E.0594
G1 X79.294 Y119.019 E.01916
M73 P80 R3
G1 X80.165 Y119.889 E.0409
G1 E-4.5 F2700
;WIPE_START
G1 F3600
G1 X79.294 Y119.019 E-.29235
G1 X79.294 Y118.442 E-.13697
G1 X79.43 Y118.578 E-.04568
;WIPE_END
G1 E-.025 F2700
M205 X8 Y8
G1 X84.801 Y113.155 Z3 F7200
G1 X92.472 Y105.409 Z3
G1 Z2.6
G1 E5 F2400
M205 X10 Y10
;TYPE:Gap infill
;WIDTH:0.110828
G1 X92.361 Y105.327 E.00076
;WIDTH:0.148944
G1 X92.25 Y105.244 E.00119
;WIDTH:0.184878
G1 X92.058 Y105.108 E.00273
M205 X8 Y8
G1 X94.885 Y107.926 F7200
M205 X10 Y10
;WIDTH:0.188592
G1 F2400
G1 X94.786 Y107.793 E.00197
;WIDTH:0.149863
G1 X94.687 Y107.659 E.00145
;WIDTH:0.130499
G1 X94.588 Y107.525 E.00119
M205 X8 Y8
G1 X107.703 Y115.874 F7200
M205 X10 Y10
;WIDTH:0.131316
G1 F2400
G1 X107.371 Y115.635 E.00294
M205 X8 Y8
G1 X104.371 Y112.636 F7200
M205 X10 Y10
;WIDTH:0.0917701
G1 F2400
G1 X104.264 Y112.491 E.00072
M205 X8 Y8
G1 X104.06 Y111.71 F7200
M205 X10 Y10
;WIDTH:0.138051
G1 F2400
G1 X103.852 Y111.502 E.00228
G1 E-4.5 F2700
;WIPE_START
G1 F2400
G1 X104.06 Y111.71 E-.475
;WIPE_END
G1 E-.025 F2700
M205 X8 Y8
G1 X108.058 Y105.208 Z3 F7200
G1 X108.865 Y103.895 Z3
G1 Z2.6
G1 E5 F2400
M205 X10 Y10
;WIDTH:0.0931556
G1 X108.81 Y103.876 E.00024
G1 X108.775 Y103.911 E.0002
M205 X8 Y8
G1 X111.131 Y103.879 F7200
M205 X10 Y10
;WIDTH:0.0960273
G1 F2400
G1 X110.977 Y103.8 E.00075
M205 X8 Y8
G1 X112.922 Y104.521 F7200
M205 X10 Y10
;WIDTH:0.112839
G1 F2400
G1 X112.777 Y104.413 E.00103
;WIDTH:0.154979
G1 X112.631 Y104.305 E.00165
;WIDTH:0.176049
G1 X112.486 Y104.198 E.00196
M205 X8 Y8
G1 X115.583 Y107.22 F7200
M205 X10 Y10
;WIDTH:0.125782
G1 F2400
G1 X115.476 Y107.075 E.00122
M205 X8 Y8
G1 X123.658 Y113.468 F7200
M205 X10 Y10
;WIDTH:0.0996068
G1 F2400
G1 X123.55 Y113.324 E.00083
M205 X8 Y8
G1 X126.969 Y116.655 F7200
M205 X10 Y10
;WIDTH:0.205719
G1 F2400
G1 X126.826 Y116.554 E.00233
;WIDTH:0.160139
G1 X126.683 Y116.452 E.00168
;WIDTH:0.137349
G1 X126.54 Y116.35 E.00135
M205 X8 Y8
G1 X129.534 Y117.389 F7200
M205 X10 Y10
;TYPE:Internal solid infill
;WIDTH:0.449999
G1 F3600
G1 X131.729 Y119.584 E.10298
G1 X134.607 Y119.584 E.09548
G1 X132.142 Y117.119 E.11565
G1 X131.572 Y117.242 E.01936
G1 X130.677 Y117.384 E.03005
G1 X130.01 Y117.416 E.02217
G1 X129.574 Y117.391 E.01448
M205 X8 Y8
G1 X130.521 Y117.8 F7200
M205 X10 Y10
G1 F3600
G1 X131.898 Y119.177 E.0646
G1 X133.625 Y119.177 E.05729
G1 X132.003 Y117.555 E.07608
G1 X131.466 Y117.684 E.01832
G1 X130.56 Y117.797 E.03027
M205 X8 Y8
G1 X131.401 Y118.104 F7200
M205 X10 Y10
;WIDTH:0.45
G1 F3600
G1 X132.066 Y118.77 E.03122
G1 X132.642 Y118.77 E.0191
G1 X131.877 Y118.005 E.03587
G1 X131.44 Y118.096 E.01482
G1 E-4.5 F2700
;WIPE_START
G1 F3600
G1 X131.877 Y118.005 E-.10613
G1 X132.642 Y118.77 E-.25681
G1 X132.17 Y118.77 E-.11206
;WIPE_END
G1 E-.025 F2700
M205 X8 Y8
G1 X130.543 Y111.313 Z3 F7200
G1 X128.344 Y101.23 Z3
G1 Z2.6
G1 E5 F2400
M205 X10 Y10
;WIDTH:0.449999
G1 F3600
G1 X128.977 Y101.864 E.02971
G1 X129.499 Y101.81 E.0174
G1 X128.919 Y101.23 E.02718
G1 X128.384 Y101.23 E.01777
M205 X8 Y8
G1 X127.361 Y100.823 F7200
M205 X10 Y10
G1 F3600
G1 X128.826 Y102.289 E.06874
G1 X129.82 Y102.186 E.03316
G1 X130.466 Y102.201 E.02141
G1 X129.088 Y100.823 E.06462
G1 X127.401 Y100.823 E.05596
M205 X8 Y8
G1 X126.378 Y100.416 F7200
M205 X10 Y10
G1 F3600
G1 X128.675 Y102.713 E.10777
G1 X129.862 Y102.591 E.03958
G1 X130.655 Y102.614 E.02631
G1 X131.378 Y102.714 E.0242
G1 X131.611 Y102.771 E.00797
G1 X129.257 Y100.416 E.11046
G1 X126.418 Y100.416 E.09416
M205 X8 Y8
G1 X138.794 Y100.111 F7200
M205 X10 Y10
;WIDTH:0.451985
G1 F3600
G1 X140.706 Y102.022 E.09011
G1 X140.706 Y102.601 E.01928
G1 X138.399 Y100.294 E.10875
G1 X137.82 Y100.294 E.01928
G1 X140.706 Y103.18 E.13602
G1 X140.706 Y103.758 E.01928
G1 X137.242 Y100.294 E.16329
G1 X136.663 Y100.294 E.01928
G1 X140.706 Y104.337 E.19056
G1 X140.706 Y104.915 E.01928
G1 X136.085 Y100.294 E.21783
G1 X135.506 Y100.294 E.01928
G1 X140.706 Y105.494 E.24511
G1 X140.706 Y106.072 E.01928
G1 X134.928 Y100.294 E.27238
G1 X134.349 Y100.294 E.01928
G1 X140.706 Y106.651 E.29965
G1 X140.706 Y107.229 E.01928
G1 X133.771 Y100.294 E.32692
G1 X133.192 Y100.294 E.01928
G1 X140.706 Y107.808 E.35419
G1 X140.706 Y108.386 E.01928
G1 X132.614 Y100.294 E.38146
G1 X132.035 Y100.294 E.01928
G1 X140.706 Y108.965 E.40873
G1 X140.706 Y109.543 E.01928
G1 X131.457 Y100.294 E.436
G1 X130.878 Y100.294 E.01928
G1 X140.706 Y110.122 E.46327
G1 X140.706 Y110.7 E.01928
G1 X136.228 Y106.222 E.21108
G1 X136.031 Y105.899 E.01262
G1 X135.6 Y105.328 E.02386
G1 X135.115 Y104.801 E.02386
G1 X134.581 Y104.325 E.02386
G1 X134.003 Y103.903 E.02386
G1 X133.776 Y103.77 E.00877
G1 X130.3 Y100.294 E.16386
G1 X130.228 Y100.294 E.00239
M73 P81 R3
G1 X130.209 Y100.313 E.00089
G1 X129.74 Y100.313 E.01564
G1 X132.983 Y103.556 E.15288
M205 X8 Y8
G1 X136.446 Y107.019 F7200
M205 X10 Y10
G1 F3600
G1 X140.706 Y111.279 E.20081
G1 X140.706 Y111.857 E.01928
G1 X137.062 Y108.213 E.17179
G1 X137.141 Y108.519 E.01055
G1 X137.206 Y108.936 E.01407
G1 X140.706 Y112.436 E.16497
G1 X140.706 Y113.014 E.01928
G1 X137.271 Y109.579 E.16191
G1 X137.294 Y110 E.01403
G1 X137.286 Y110.173 E.00578
G1 X140.706 Y113.593 E.16121
G1 X140.706 Y114.171 E.01928
G1 X137.254 Y110.72 E.1627
G1 X137.183 Y111.227 E.01707
G1 X140.706 Y114.75 E.16607
G1 X140.706 Y115.328 E.01928
G1 X137.081 Y111.703 E.17088
G1 X136.964 Y112.165 E.01587
G1 X140.706 Y115.907 E.1764
G1 X140.706 Y116.485 E.01928
G1 X136.809 Y112.589 E.18369
G1 X136.641 Y112.999 E.01478
G1 X140.706 Y117.064 E.19162
G1 X140.706 Y117.642 E.01928
G1 X136.453 Y113.389 E.2005
G1 X136.241 Y113.756 E.01412
G1 X140.706 Y118.221 E.21046
G1 X140.706 Y118.799 E.01928
G1 X136.021 Y114.114 E.22086
G1 X135.772 Y114.444 E.01377
G1 X140.706 Y119.378 E.23258
G1 X140.706 Y119.706 E.01094
G1 X140.456 Y119.706 E.00834
G1 X135.515 Y114.765 E.23293
G1 X135.237 Y115.066 E.01365
G1 X139.877 Y119.706 E.21873
G1 X139.299 Y119.706 E.01928
G1 X134.944 Y115.351 E.20529
G1 X134.638 Y115.624 E.01366
G1 X138.72 Y119.706 E.19243
G1 X138.142 Y119.706 E.01928
G1 X134.309 Y115.873 E.18068
G1 X133.972 Y116.115 E.01382
G1 X137.563 Y119.706 E.16929
G1 X136.985 Y119.706 E.01928
G1 X133.608 Y116.329 E.15919
G1 X133.231 Y116.531 E.01424
G1 X136.406 Y119.706 E.14966
G1 X135.828 Y119.706 E.01928
G1 X132.836 Y116.714 E.14103
G1 X132.415 Y116.872 E.01497
G1 X135.432 Y119.889 E.14222
M205 X8 Y8
G1 X137.02 Y108.001 F7200
M205 X10 Y10
;TYPE:Gap infill
;WIDTH:0.122655
G1 F2400
G1 X136.873 Y107.759 E.00184
M205 X8 Y8
G1 X139.715 Y100.456 F7200
M205 X10 Y10
;TYPE:Internal solid infill
;WIDTH:0.52897
G1 F3600
G1 X140.544 Y101.285 E.04648
G1 X140.544 Y100.456 E.03286
G1 X139.755 Y100.456 E.03128
; stop printing object V7_00_DS18B20_fit_gauge_8_10_12.stl id:0 copy 0
;TIME_ELAPSED:919.057495

;LAYER_CHANGE
;:2.8
;HEIGHT:0.2
;BEFORE_LAYER_CHANGE
;2.8
G92 E0
;TIME_ELAPSED:965.666504
G1 E-4.5 F2700
;WIPE_START
G1 F3600
G1 X140.544 Y100.456 E-.18756
G1 X140.544 Y101.285 E-.19706
G1 X140.275 Y101.016 E-.09037
;WIPE_END
G1 E-.025 F2700
;_SET_FAN_SPEED_CHANGING_LAYER
; OBJECT_ID: 15
; printing object V7_00_DS18B20_fit_gauge_8_10_12.stl id:0 copy 0
M205 X8 Y8
G17
G3 Z3 I-1.216 J.046 P1  F7200
G1 X140.991 Y119.991 Z3
G1 Z2.8
G1 E5 F2400
M205 X10 Y10
;TYPE:Inner wall
;WIDTH:0.449999
G1 F2700
G1 X79.009 Y119.991 E2.05604
G1 X79.009 Y100.009 E.66283
G1 X140.991 Y100.009 E2.05604
G1 X140.991 Y119.951 E.6615
M205 X8 Y8
G1 X141.398 Y120.398 F7200
M205 X10 Y10
G1 F2700
G1 X78.602 Y120.398 E2.08305
G1 X78.602 Y99.602 E.68984
M73 P82 R3
G1 X141.398 Y99.602 E2.08305
G1 X141.398 Y120.358 E.68851
M205 X8 Y8
G1 X141.79 Y120.79 F7200
M205 X10 Y10
;TYPE:Outer wall
;WIDTH:0.419999
G1 F2400
G1 X78.21 Y120.79 E1.95363
G1 X78.21 Y99.21 E.66309
G1 X141.79 Y99.21 E1.95363
G1 X141.79 Y120.75 E.66186
G1 E-4.5 F2700
;WIPE_START
G1 F2400
G1 X139.79 Y120.751 E-.475
;WIPE_END
G1 E-.025 F2700
M205 X8 Y8
G1 X132.742 Y117.822 Z3.2 F7200
G1 X124.569 Y114.424 Z3.2
G1 Z2.8
G1 E5 F2400
M205 X10 Y10
;TYPE:Inner wall
;WIDTH:0.449999
G1 F2700
G1 X124.2 Y113.934 E.02037
G1 X123.842 Y113.346 E.02281
G1 X123.544 Y112.727 E.02281
G1 X123.308 Y112.081 E.02281
G1 X123.144 Y111.445 E.02178
G1 X123.055 Y110.901 E.01828
G1 X123.003 Y110.269 E.02105
G1 X123.003 Y109.731 E.01782
G1 X123.055 Y109.099 E.02105
G1 X123.136 Y108.585 E.01725
G1 X123.28 Y108.012 E.0196
G1 X123.507 Y107.363 E.02281
G1 X123.75 Y106.837 E.01921
G1 X124.146 Y106.147 E.0264
G1 X124.552 Y105.592 E.02281
G1 X125.01 Y105.079 E.02281
G1 X125.517 Y104.613 E.02281
G1 X126.066 Y104.2 E.02281
G1 X126.654 Y103.842 E.02281
G1 X127.273 Y103.544 E.02281
G1 X127.919 Y103.308 E.02281
G1 X128.585 Y103.136 E.02282
G1 X129.332 Y103.026 E.02505
G1 X129.952 Y102.992 E.02057
G1 X130.639 Y103.021 E.02281
G1 X131.32 Y103.117 E.02281
G1 X131.988 Y103.28 E.02281
G1 X132.637 Y103.507 E.02281
G1 X133.261 Y103.797 E.02281
G1 X133.853 Y104.146 E.02281
G1 X134.408 Y104.552 E.02281
G1 X134.921 Y105.01 E.02281
G1 X135.325 Y105.449 E.01978
G1 X135.8 Y106.066 E.02583
G1 X136.158 Y106.654 E.02281
G1 X136.456 Y107.273 E.02281
G1 X136.692 Y107.919 E.02281
G1 X136.864 Y108.585 E.02281
G1 X136.969 Y109.265 E.02281
G1 X137.008 Y109.952 E.02281
G1 X136.979 Y110.639 E.02281
G1 X136.883 Y111.32 E.02281
G1 X136.72 Y111.988 E.02281
G1 X136.493 Y112.637 E.02281
G1 X136.203 Y113.261 E.02281
G1 X135.854 Y113.853 E.02281
G1 X135.448 Y114.408 E.02281
G1 X134.99 Y114.921 E.02281
G1 X134.483 Y115.387 E.02281
G1 X133.934 Y115.8 E.02281
G1 X133.346 Y116.158 E.02281
G1 X132.727 Y116.456 E.02281
G1 X132.081 Y116.692 E.02281
G1 X131.415 Y116.864 E.02281
G1 X130.735 Y116.969 E.02281
G1 X130.048 Y117.008 E.02281
G1 X129.361 Y116.979 E.02281
G1 X128.68 Y116.883 E.02281
G1 X128.012 Y116.72 E.02281
G1 X127.363 Y116.493 E.02281
G1 X126.739 Y116.203 E.02281
G1 X126.147 Y115.854 E.02281
G1 X125.592 Y115.448 E.02281
G1 X125.079 Y114.99 E.02281
G1 X124.613 Y114.483 E.02281
G1 X124.593 Y114.456 E.00111
M205 X8 Y8
G1 X124.893 Y114.18 F7200
M205 X10 Y10
G1 F2700
G1 X124.527 Y113.691 E.02024
G1 X124.192 Y113.137 E.02149
G1 X123.912 Y112.553 E.02149
G1 X123.691 Y111.944 E.02149
G1 X123.539 Y111.346 E.02046
G1 X123.458 Y110.841 E.01696
G1 X123.409 Y110.249 E.01972
G1 X123.428 Y109.381 E.02878
G1 X123.52 Y108.74 E.02149
G1 X123.675 Y108.111 E.02149
G1 X123.89 Y107.5 E.02149
G1 X124.118 Y107.011 E.01789
G1 X124.495 Y106.356 E.02508
G1 X124.879 Y105.834 E.02149
G1 X125.312 Y105.352 E.02149
G1 X125.79 Y104.915 E.02149
G1 X126.309 Y104.527 E.02149
G1 X126.863 Y104.192 E.02149
G1 X127.447 Y103.912 E.02149
G1 X128.056 Y103.691 E.02149
G1 X128.684 Y103.531 E.02149
G1 X129.389 Y103.43 E.02361
G1 X129.972 Y103.399 E.01936
G1 X130.619 Y103.428 E.02149
G1 X131.26 Y103.52 E.02149
G1 X131.889 Y103.675 E.02149
G1 X132.5 Y103.89 E.02149
G1 X133.087 Y104.165 E.02149
G1 X133.644 Y104.495 E.02149
G1 X134.166 Y104.879 E.02149
G1 X134.648 Y105.312 E.02149
G1 X135.024 Y105.722 E.01846
G1 X135.473 Y106.309 E.02451
G1 X135.808 Y106.863 E.02149
G1 X136.088 Y107.447 E.02149
G1 X136.309 Y108.056 E.02149
G1 X136.469 Y108.684 E.02149
G1 X136.567 Y109.325 E.02149
G1 X136.601 Y109.972 E.02149
G1 X136.572 Y110.619 E.02149
G1 X136.48 Y111.26 E.02149
G1 X136.325 Y111.889 E.02149
G1 X136.11 Y112.5 E.02149
G1 X135.835 Y113.087 E.02149
G1 X135.505 Y113.644 E.02149
G1 X135.121 Y114.166 E.02149
G1 X134.688 Y114.648 E.02149
G1 X134.21 Y115.085 E.02149
G1 X133.691 Y115.473 E.02149
G1 X133.137 Y115.808 E.02149
G1 X132.553 Y116.088 E.02149
G1 X131.944 Y116.309 E.02149
G1 X131.316 Y116.469 E.02149
G1 X130.675 Y116.567 E.02149
G1 X130.028 Y116.601 E.02149
G1 X129.381 Y116.572 E.02149
G1 X128.74 Y116.48 E.02149
G1 X128.111 Y116.325 E.02149
M73 P83 R3
G1 X127.5 Y116.11 E.02149
G1 X126.913 Y115.835 E.02149
G1 X126.356 Y115.505 E.02149
G1 X125.834 Y115.121 E.02149
G1 X125.352 Y114.688 E.02149
G1 X124.917 Y114.212 E.02141
M205 X8 Y8
G1 X125.205 Y113.946 F7200
M205 X10 Y10
;TYPE:Outer wall
;WIDTH:0.419999
G1 F2400
G1 X124.842 Y113.458 E.0187
G1 X124.528 Y112.935 E.01873
G1 X124.266 Y112.385 E.01872
G1 X124.06 Y111.811 E.01873
G1 X123.919 Y111.251 E.01777
G1 X123.821 Y110.618 E.01968
G1 X123.819 Y109.401 E.03741
G1 X123.908 Y108.798 E.01873
G1 X124.055 Y108.206 E.01872
G1 X124.259 Y107.632 E.01873
G1 X124.473 Y107.179 E.01539
G1 X124.832 Y106.558 E.02205
G1 X125.194 Y106.068 E.01873
G1 X125.602 Y105.616 E.01873
G1 X126.053 Y105.206 E.01873
G1 X126.542 Y104.842 E.01872
G1 X127.065 Y104.528 E.01873
G1 X127.615 Y104.266 E.01872
G1 X128.189 Y104.06 E.01873
G1 X128.78 Y103.911 E.01873
G1 X129.443 Y103.818 E.02058
G1 X129.991 Y103.79 E.01686
G1 X130.599 Y103.819 E.01873
G1 X131.202 Y103.908 E.01872
G1 X131.794 Y104.055 E.01873
G1 X132.368 Y104.259 E.01873
G1 X132.919 Y104.519 E.01873
G1 X133.442 Y104.832 E.01873
G1 X133.932 Y105.194 E.01872
G1 X134.384 Y105.602 E.01873
G1 X134.733 Y105.986 E.01592
G1 X135.158 Y106.542 E.02152
G1 X135.472 Y107.065 E.01873
G1 X135.734 Y107.615 E.01872
G1 X135.94 Y108.189 E.01873
G1 X136.089 Y108.779 E.01873
G1 X136.179 Y109.382 E.01872
G1 X136.21 Y109.991 E.01873
G1 X136.181 Y110.599 E.01873
G1 X136.092 Y111.202 E.01873
G1 X135.945 Y111.794 E.01872
G1 X135.741 Y112.368 E.01873
G1 X135.481 Y112.919 E.01872
G1 X135.168 Y113.442 E.01873
G1 X134.806 Y113.932 E.01872
G1 X134.398 Y114.384 E.01873
G1 X133.947 Y114.794 E.01873
G1 X133.458 Y115.158 E.01873
G1 X132.935 Y115.472 E.01873
G1 X132.385 Y115.734 E.01873
G1 X131.811 Y115.94 E.01873
G1 X131.221 Y116.089 E.01873
G1 X130.618 Y116.179 E.01872
G1 X130.009 Y116.21 E.01873
G1 X129.401 Y116.181 E.01873
G1 X128.798 Y116.092 E.01872
G1 X128.206 Y115.945 E.01873
G1 X127.632 Y115.741 E.01873
G1 X127.081 Y115.481 E.01872
G1 X126.558 Y115.168 E.01873
G1 X126.068 Y114.806 E.01872
G1 X125.616 Y114.398 E.01873
G1 X125.232 Y113.976 E.01752
G1 E-4.5 F2700
;WIPE_START
G1 F2400
G1 X124.842 Y113.458 E-.15399
G1 X124.528 Y112.935 E-.14473
G1 X124.266 Y112.385 E-.14473
G1 X124.222 Y112.26 E-.03155
;WIPE_END
G1 E-.025 F2700
M205 X8 Y8
G1 X116.819 Y114.121 Z3.2 F7200
G1 X113.291 Y115.009 Z3.2
G1 Z2.8
G1 E5 F2400
M205 X10 Y10
;TYPE:Inner wall
;WIDTH:0.449999
G1 F2700
G1 X112.387 Y115.51 E.03428
G1 X111.266 Y115.87 E.03905
G1 X110.097 Y116.004 E.03905
G1 X108.924 Y115.908 E.03905
G1 X107.792 Y115.584 E.03905
G1 X106.745 Y115.046 E.03905
G1 X105.823 Y114.314 E.03905
G1 X105.061 Y113.416 E.03905
G1 X104.49 Y112.387 E.03905
G1 X104.13 Y111.266 E.03905
G1 X103.996 Y110.097 E.03905
G1 X104.092 Y108.924 E.03905
G1 X104.456 Y107.681 E.04295
G1 X104.954 Y106.745 E.03518
G1 X105.686 Y105.823 E.03905
G1 X106.584 Y105.061 E.03905
G1 X107.613 Y104.49 E.03905
G1 X108.734 Y104.13 E.03905
G1 X109.903 Y103.996 E.03905
G1 X111.076 Y104.092 E.03905
G1 X112.208 Y104.416 E.03905
G1 X113.255 Y104.954 E.03905
G1 X114.177 Y105.686 E.03905
G1 X114.939 Y106.584 E.03905
G1 X115.51 Y107.613 E.03905
G1 X115.872 Y108.74 E.03927
G1 X115.968 Y109.534 E.02655
G1 X116.008 Y110.048 E.0171
G1 X115.895 Y111.166 E.03726
G1 X115.54 Y112.326 E.04023
G1 X114.939 Y113.416 E.04131
G1 X114.314 Y114.177 E.03265
G1 X113.416 Y114.939 E.03905
G1 X113.326 Y114.989 E.00344
M205 X8 Y8
G1 X113.094 Y114.659 F7200
M205 X10 Y10
G1 F2700
G1 X112.195 Y115.151 E.03398
G1 X111.148 Y115.481 E.03641
G1 X110.057 Y115.599 E.03641
G1 X108.963 Y115.503 E.03641
G1 X107.91 Y115.195 E.03641
G1 X106.937 Y114.687 E.03641
G1 X106.081 Y114 E.03641
G1 X105.376 Y113.158 E.03641
G1 X104.849 Y112.195 E.03641
G1 X104.519 Y111.148 E.03641
G1 X104.401 Y110.057 E.03641
G1 X104.497 Y108.963 E.03641
G1 X104.849 Y107.805 E.04017
G1 X105.313 Y106.937 E.03265
G1 X106 Y106.081 E.03641
G1 X106.842 Y105.376 E.03641
G1 X107.805 Y104.849 E.03641
G1 X108.852 Y104.519 E.03642
G1 X109.943 Y104.401 E.03641
G1 X111.037 Y104.497 E.03641
G1 X112.09 Y104.805 E.03641
G1 X113.063 Y105.313 E.03641
G1 X113.919 Y106 E.03641
G1 X114.624 Y106.842 E.03641
G1 X115.195 Y107.91 E.04017
G1 X115.482 Y108.855 E.03278
G1 X115.599 Y110.057 E.04004
G1 X115.503 Y111.037 E.03265
G1 X115.16 Y112.178 E.03952
G1 X114.624 Y113.158 E.03707
G1 X114 Y113.919 E.03265
G1 X113.158 Y114.624 E.03641
G1 X113.129 Y114.64 E.0011
M205 X8 Y8
G1 X112.911 Y114.32 F7200
M205 X10 Y10
;TYPE:Outer wall
;WIDTH:0.419999
G1 F2400
G1 X112.909 Y114.321 E.00006
G1 X112.011 Y114.806 E.03138
G1 X111.034 Y115.105 E.03138
G1 X110.018 Y115.209 E.03138
G1 X109.002 Y115.113 E.03138
G1 X108.024 Y114.82 E.03138
G1 X107.121 Y114.341 E.03138
G1 X106.33 Y113.696 E.03138
G1 X105.679 Y112.909 E.03138
G1 X105.194 Y112.011 E.03138
G1 X104.895 Y111.034 E.03138
G1 X104.791 Y110.018 E.03138
G1 X104.887 Y109.002 E.03138
G1 X105.194 Y107.989 E.03251
G1 X105.659 Y107.121 E.03025
G1 X106.304 Y106.33 E.03138
G1 X107.091 Y105.679 E.03138
G1 X107.989 Y105.194 E.03138
G1 X108.966 Y104.895 E.03138
G1 X109.982 Y104.791 E.03137
G1 X110.998 Y104.887 E.03138
G1 X111.976 Y105.18 E.03138
G1 X112.879 Y105.659 E.03138
G1 X113.67 Y106.304 E.03138
G1 X114.321 Y107.091 E.03138
G1 X114.731 Y107.849 E.02649
G1 X114.943 Y108.43 E.019
G1 X115.106 Y108.967 E.01724
G1 X115.209 Y110.018 E.03247
G1 X115.113 Y110.998 E.03025
G1 X114.943 Y111.57 E.01833
G1 X114.731 Y112.151 E.019
G1 X114.341 Y112.879 E.02536
G1 X113.696 Y113.67 E.03138
G1 X112.942 Y114.294 E.03009
G1 E-4.5 F2700
;WIPE_START
G1 F2400
G1 X112.909 Y114.321 E-.00995
G1 X112.011 Y114.806 E-.24253
G1 X111.115 Y115.081 E-.22252
;WIPE_END
G1 E-.025 F2700
M205 X8 Y8
G1 X104.083 Y112.114 Z3.2 F7200
G1 X94.63 Y108.127 Z3.2
G1 Z2.8
G1 E5 F2400
M205 X10 Y10
;TYPE:Inner wall
;WIDTH:0.449999
G1 F2700
G1 X94.83 Y108.734 E.02121
G1 X94.927 Y109.119 E.01317
G1 X95.004 Y109.903 E.02615
G1 X94.927 Y110.881 E.03255
G1 X94.661 Y111.826 E.03255
G1 X94.215 Y112.7 E.03255
G1 X93.607 Y113.47 E.03255
G1 X92.861 Y114.107 E.03255
G1 X92.005 Y114.586 E.03255
G1 X91.071 Y114.889 E.03255
G1 X90.097 Y115.004 E.03255
G1 X89.119 Y114.927 E.03255
G1 X88.174 Y114.661 E.03255
G1 X87.3 Y114.215 E.03255
G1 X86.53 Y113.607 E.03255
G1 X85.893 Y112.861 E.03255
G1 X85.414 Y112.005 E.03255
G1 X85.111 Y111.071 E.03255
G1 X84.996 Y110.097 E.03255
G1 X85.073 Y109.119 E.03255
G1 X85.339 Y108.174 E.03255
G1 X85.785 Y107.3 E.03255
G1 X86.259 Y106.693 E.02557
G1 X86.53 Y106.393 E.01339
G1 X87.139 Y105.893 E.02615
G1 X87.995 Y105.414 E.03255
G1 X88.929 Y105.111 E.03255
G1 X89.903 Y104.996 E.03255
G1 X90.881 Y105.073 E.03255
G1 X91.826 Y105.339 E.03255
G1 X92.7 Y105.785 E.03255
G1 X93.47 Y106.393 E.03255
G1 X94.107 Y107.139 E.03255
G1 X94.586 Y107.995 E.03255
G1 X94.617 Y108.089 E.00325
M205 X8 Y8
G1 X94.25 Y108.262 F7200
M205 X10 Y10
G1 F2700
G1 X94.522 Y109.159 E.03107
G1 X94.599 Y109.943 E.02615
G1 X94.522 Y110.841 E.02991
G1 X94.271 Y111.708 E.02991
G1 X93.856 Y112.508 E.02991
G1 X93.292 Y113.212 E.02991
G1 X92.603 Y113.793 E.02991
G1 X91.813 Y114.227 E.02991
G1 X90.953 Y114.5 E.02991
G1 X90.057 Y114.599 E.02991
G1 X89.159 Y114.522 E.02991
G1 X88.293 Y114.271 E.02991
G1 X87.492 Y113.856 E.02991
G1 X86.788 Y113.292 E.02991
G1 X86.207 Y112.603 E.02991
G1 X85.773 Y111.813 E.02991
G1 X85.5 Y110.953 E.02991
G1 X85.401 Y110.057 E.02991
G1 X85.478 Y109.159 E.02991
G1 X85.729 Y108.292 E.02991
G1 X86.144 Y107.492 E.02991
G1 X86.788 Y106.708 E.03367
G1 X87.397 Y106.207 E.02615
G1 X88.187 Y105.773 E.02991
G1 X89.047 Y105.5 E.02991
G1 X89.943 Y105.401 E.02991
G1 X90.841 Y105.478 E.02991
G1 X91.708 Y105.729 E.02991
G1 X92.508 Y106.144 E.02991
G1 X93.212 Y106.708 E.02991
G1 X93.793 Y107.397 E.02991
G1 X94.227 Y108.187 E.02991
G1 X94.239 Y108.224 E.00127
M205 X8 Y8
G1 X93.882 Y108.374 F7200
M205 X10 Y10
;TYPE:Outer wall
;WIDTH:0.419999
G1 F2400
G1 X94.132 Y109.197 E.02643
G1 X94.209 Y109.984 E.02429
G1 X94.132 Y110.803 E.02529
G1 X93.896 Y111.594 E.02535
G1 X93.51 Y112.323 E.02535
G1 X92.989 Y112.963 E.02535
G1 X92.354 Y113.489 E.02535
G1 X91.628 Y113.882 E.02535
G1 X90.839 Y114.125 E.02535
G1 X90.018 Y114.209 E.02535
G1 X89.197 Y114.132 E.02535
G1 X88.406 Y113.896 E.02535
G1 X87.677 Y113.51 E.02535
G1 X87.037 Y112.989 E.02535
G1 X86.511 Y112.354 E.02535
G1 X86.118 Y111.628 E.02535
G1 X85.875 Y110.839 E.02535
G1 X85.791 Y110.018 E.02535
G1 X85.868 Y109.197 E.02535
G1 X86.104 Y108.406 E.02535
G1 X86.49 Y107.677 E.02535
G1 X87.037 Y107.011 E.02648
G1 X87.646 Y106.511 E.02422
G1 X88.372 Y106.118 E.02535
G1 X89.161 Y105.875 E.02536
G1 X89.982 Y105.791 E.02535
G1 X90.803 Y105.868 E.02535
G1 X91.594 Y106.104 E.02535
G1 X92.323 Y106.49 E.02535
G1 X92.963 Y107.011 E.02535
G1 X93.489 Y107.646 E.02535
G1 X93.863 Y108.338 E.02418
G1 E-4.5 F2700
;WIPE_START
G1 F2400
G1 X94.132 Y109.197 E-.21363
G1 X94.209 Y109.984 E-.18772
G1 X94.18 Y110.292 E-.07365
;WIPE_END
G1 E-.025 F2700
M205 X8 Y8
G1 X79.417 Y100.355 Z3.2 F7200
G1 Z2.8
G1 E5 F2400
M205 X10 Y10
;TYPE:Internal solid infill
;WIDTH:0.405698
G1 F3600
G1 X79.349 Y100.394 E.00232
G1 X79.419 Y100.429 E.00233
G1 E-4.5 F2700
;WIPE_START
G1 F3600
G1 X79.349 Y100.394 E-.23778
G1 X79.417 Y100.355 E-.23722
;WIPE_END
G1 E-.025 F2700
M205 X8 Y8
G1 X86.445 Y103.331 Z3.2 F7200
G1 X125.554 Y119.889 Z3.2
G1 Z2.8
G1 E5 F2400
M205 X10 Y10
;WIDTH:0.450713
G1 F3600
G1 X128.347 Y117.096 E.13124
G1 X127.889 Y116.978 E.01572
G1 X125.161 Y119.706 E.12821
G1 X124.584 Y119.706 E.01916
G1 X127.462 Y116.828 E.13525
G1 X127.049 Y116.664 E.01476
G1 X124.007 Y119.706 E.14295
G1 X123.431 Y119.706 E.01916
G1 X126.66 Y116.476 E.15177
G1 X126.29 Y116.27 E.01408
G1 X122.854 Y119.706 E.16149
G1 X122.277 Y119.706 E.01916
G1 X125.932 Y116.051 E.17176
G1 X125.601 Y115.806 E.0137
M73 P84 R3
G1 X121.7 Y119.706 E.18329
G1 X121.124 Y119.706 E.01916
G1 X125.277 Y115.553 E.19517
G1 X124.977 Y115.276 E.01356
G1 X120.547 Y119.706 E.20816
G1 X119.97 Y119.706 E.01916
G1 X124.688 Y114.988 E.22171
G1 X124.416 Y114.683 E.01357
M73 P84 R2
G1 X119.394 Y119.706 E.23604
G1 X118.817 Y119.706 E.01916
G1 X124.164 Y114.359 E.25126
G1 X123.92 Y114.026 E.01372
G1 X118.24 Y119.706 E.26693
G1 X117.663 Y119.706 E.01916
G1 X123.705 Y113.665 E.2839
G1 X123.498 Y113.295 E.01408
G1 X117.087 Y119.706 E.30129
G1 X116.51 Y119.706 E.01916
G1 X123.314 Y112.902 E.31974
G1 X123.151 Y112.488 E.01479
G1 X115.933 Y119.706 E.3392
G1 X115.357 Y119.706 E.01916
G1 X123.007 Y112.056 E.35952
G1 X122.89 Y111.596 E.01576
G1 X114.78 Y119.706 E.38112
G1 X114.203 Y119.706 E.01916
G1 X122.8 Y111.109 E.404
G1 X122.734 Y110.598 E.01712
G1 X113.627 Y119.706 E.42801
G1 X113.05 Y119.706 E.01916
G1 X122.708 Y110.048 E.45388
G1 X122.736 Y109.443 E.02012
G1 X112.473 Y119.706 E.48231
G1 X111.896 Y119.706 E.01916
G1 X122.814 Y108.788 E.51307
G1 X122.846 Y108.576 E.00713
G1 X122.982 Y108.044 E.01824
G1 X111.32 Y119.706 E.54804
G1 X110.743 Y119.706 E.01916
G1 X123.662 Y106.787 E.60711
M205 X8 Y8
G1 X128.562 Y103.041 F7200
M205 X10 Y10
G1 F3600
G1 X131.289 Y100.313 E.12818
G1 X130.713 Y100.313 E.01916
G1 X128.042 Y102.984 E.1255
G1 X127.827 Y103.038 E.00739
G1 X127.169 Y103.28 E.02326
G1 X130.136 Y100.313 E.13941
G1 X129.559 Y100.313 E.01916
G1 X110.166 Y119.706 E.91135
G1 X109.59 Y119.706 E.01916
G1 X128.982 Y100.313 E.91135
G1 X128.406 Y100.313 E.01916
G1 X109.013 Y119.706 E.91135
G1 X108.436 Y119.706 E.01916
G1 X112.282 Y115.86 E.18075
G1 X111.464 Y116.101 E.02834
G1 X107.859 Y119.706 E.16941
G1 X107.283 Y119.706 E.01916
G1 X110.768 Y116.22 E.1638
G1 X110.13 Y116.282 E.02131
G1 X106.706 Y119.706 E.1609
G1 X106.129 Y119.706 E.01916
G1 X109.58 Y116.255 E.16216
G1 X109.052 Y116.206 E.01761
G1 X105.553 Y119.706 E.16447
G1 X104.976 Y119.706 E.01916
G1 X108.565 Y116.117 E.16867
G1 X108.123 Y115.983 E.01537
G1 X104.399 Y119.706 E.17497
G1 X103.823 Y119.706 E.01916
G1 X107.682 Y115.846 E.18137
G1 X107.291 Y115.661 E.01439
G1 X103.246 Y119.706 E.19008
G1 X102.669 Y119.706 E.01916
G1 X106.915 Y115.46 E.19952
G1 X106.544 Y115.254 E.01409
G1 X102.092 Y119.706 E.20921
G1 X101.516 Y119.706 E.01916
G1 X106.216 Y115.006 E.22089
G1 X105.899 Y114.746 E.01362
G1 X100.939 Y119.706 E.2331
G1 X100.362 Y119.706 E.01916
G1 X105.588 Y114.481 E.24556
G1 X105.316 Y114.176 E.01357
M73 P85 R2
G1 X99.786 Y119.706 E.25989
G1 X99.209 Y119.706 E.01916
G1 X105.056 Y113.859 E.27477
G1 X104.801 Y113.537 E.01364
G1 X98.632 Y119.706 E.28988
G1 X98.055 Y119.706 E.01916
G1 X104.588 Y113.174 E.30698
G1 X104.388 Y112.797 E.01417
G1 X97.479 Y119.706 E.32469
G1 X96.902 Y119.706 E.01916
G1 X104.19 Y112.418 E.3425
G1 X104.056 Y111.975 E.01536
G1 X96.325 Y119.706 E.36328
G1 X95.749 Y119.706 E.01916
G1 X103.921 Y111.533 E.38407
G1 X103.823 Y111.209 E.01126
G1 X103.809 Y111.069 E.00468
G1 X95.172 Y119.706 E.4059
G1 X94.595 Y119.706 E.01916
G1 X103.758 Y110.543 E.43061
G1 X103.707 Y110.017 E.01755
G1 X94.019 Y119.706 E.45531
G1 X93.442 Y119.706 E.01916
G1 X103.765 Y109.382 E.48515
G1 X103.841 Y108.73 E.02182
G1 X92.865 Y119.706 E.51581
G1 X92.288 Y119.706 E.01916
G1 X104.39 Y107.605 E.56869
G1 E-4.5 F2700
;WIPE_START
G1 F3600
G1 X102.975 Y109.019 E-.475
;WIPE_END
G1 E-.025 F2700
M205 X8 Y8
G1 X110.302 Y111.159 Z3.2 F7200
G1 X115.473 Y112.669 Z3.2
G1 Z2.8
G1 E5 F2400
M205 X10 Y10
G1 F3600
G1 X127.829 Y100.313 E.58068
G1 X127.252 Y100.313 E.01916
G1 X116.1 Y111.465 E.52409
G1 X116.175 Y111.22 E.00851
G1 X116.219 Y110.769 E.01506
G1 X126.676 Y100.313 E.49139
G1 X126.099 Y100.313 E.01916
G1 X116.282 Y110.13 E.46135
G1 X116.295 Y110 E.00435
G1 X116.254 Y109.582 E.01397
G1 X125.522 Y100.313 E.43557
G1 X124.946 Y100.313 E.01916
G1 X116.202 Y109.056 E.41089
G1 X116.175 Y108.78 E.00924
G1 X116.111 Y108.571 E.00726
G1 X124.369 Y100.313 E.38806
G1 X123.792 Y100.313 E.01916
G1 X115.976 Y108.129 E.36731
G1 X115.841 Y107.688 E.01535
G1 X123.215 Y100.313 E.34656
G1 X122.639 Y100.313 E.01916
G1 X115.66 Y107.292 E.32798
G1 X115.46 Y106.915 E.01417
G1 X122.062 Y100.313 E.31027
G1 X121.485 Y100.313 E.01916
G1 X115.254 Y106.544 E.29284
G1 X115.006 Y106.216 E.01368
G1 X120.909 Y100.313 E.27741
G1 X120.332 Y100.313 E.01916
G1 X114.746 Y105.899 E.26252
G1 X114.481 Y105.588 E.0136
G1 X119.755 Y100.313 E.24787
G1 X119.178 Y100.313 E.01916
G1 X114.176 Y105.316 E.2351
G1 X113.859 Y105.056 E.01362
G1 X118.602 Y100.313 E.22289
G1 X118.025 Y100.313 E.01916
G1 X113.537 Y104.801 E.21089
G1 X113.174 Y104.587 E.014
G1 X117.448 Y100.313 E.20086
G1 X116.872 Y100.313 E.01916
G1 X112.798 Y104.386 E.19142
G1 X112.414 Y104.194 E.01428
G1 X116.295 Y100.313 E.18236
G1 X115.718 Y100.313 E.01916
G1 X111.982 Y104.049 E.17558
G1 X111.54 Y103.915 E.01537
M73 P86 R2
G1 X115.142 Y100.313 E.16927
G1 X114.565 Y100.313 E.01916
G1 X111.072 Y103.805 E.16412
G1 X110.547 Y103.754 E.01753
G1 X113.988 Y100.313 E.16169
G1 X113.411 Y100.313 E.01916
G1 X110.013 Y103.712 E.15971
G1 X109.386 Y103.762 E.0209
G1 X112.835 Y100.313 E.16207
G1 X112.258 Y100.313 E.01916
G1 X108.729 Y103.842 E.16584
G1 X107.911 Y104.083 E.02834
G1 X111.681 Y100.313 E.17718
G1 X111.105 Y100.313 E.01916
G1 X106.836 Y104.582 E.20062
G1 X106.607 Y104.704 E.00862
G1 X106.406 Y104.838 E.00803
G1 X105.639 Y105.468 E.03298
G1 X105.468 Y105.639 E.00803
G1 X104.838 Y106.406 E.03298
G1 X104.704 Y106.607 E.00804
G1 X104.588 Y106.83 E.00835
G1 X91.712 Y119.706 E.6051
G1 X91.135 Y119.706 E.01916
G1 X110.528 Y100.313 E.91135
G1 X109.951 Y100.313 E.01916
G1 X90.558 Y119.706 E.91135
G1 X89.982 Y119.706 E.01916
G1 X109.374 Y100.313 E.91135
G1 X108.798 Y100.313 E.01916
G1 X89.405 Y119.706 E.91135
G1 X88.828 Y119.706 E.01916
G1 X108.221 Y100.313 E.91135
G1 X107.644 Y100.313 E.01916
G1 X88.251 Y119.706 E.91135
G1 X87.675 Y119.706 E.01916
G1 X107.068 Y100.313 E.91135
G1 X106.491 Y100.313 E.01916
G1 X94.937 Y111.867 E.54297
G1 X95.19 Y111.037 E.02883
G1 X105.914 Y100.313 E.50398
G1 X105.338 Y100.313 E.01916
G1 X95.255 Y110.396 E.47384
G1 X95.295 Y110 E.01322
G1 X95.274 Y109.799 E.0067
G1 X104.761 Y100.313 E.44581
G1 X104.184 Y100.313 E.01916
G1 X95.222 Y109.276 E.42119
G1 X95.188 Y108.945 E.01105
G1 X95.138 Y108.782 E.00565
G1 X103.607 Y100.313 E.39802
G1 X103.031 Y100.313 E.01916
G1 X95.002 Y108.342 E.37732
G1 X94.859 Y107.908 E.01519
G1 X102.454 Y100.313 E.3569
G1 X101.877 Y100.313 E.01916
G1 X94.66 Y107.531 E.33919
G1 X94.459 Y107.155 E.01417
G1 X101.301 Y100.313 E.32151
G1 X100.724 Y100.313 E.01916
G1 X94.215 Y106.822 E.30587
G1 X93.955 Y106.505 E.01362
G1 X100.147 Y100.313 E.29098
G1 X99.57 Y100.313 E.01916
G1 X93.681 Y106.202 E.27676
G1 X93.367 Y105.94 E.0136
G1 X98.994 Y100.313 E.26442
G1 X98.417 Y100.313 E.01916
G1 X93.05 Y105.68 E.2522
G1 X92.694 Y105.459 E.01392
G1 X97.84 Y100.313 E.24184
G1 X97.264 Y100.313 E.01916
G1 X92.318 Y105.258 E.2324
G1 X91.926 Y105.074 E.0144
G1 X96.687 Y100.313 E.22373
G1 X96.11 Y100.313 E.01916
M73 P87 R2
G1 X91.485 Y104.938 E.21736
G1 X91.033 Y104.813 E.01558
G1 X95.534 Y100.313 E.2115
G1 X94.957 Y100.313 E.01916
G1 X90.519 Y104.751 E.20855
G1 X89.982 Y104.712 E.01791
G1 X94.38 Y100.313 E.20671
G1 X93.803 Y100.313 E.01916
G1 X89.351 Y104.766 E.20925
G1 X88.994 Y104.802 E.01192
G1 X88.631 Y104.909 E.01257
G1 X93.41 Y100.13 E.22458
G1 E-4.5 F2700
;WIPE_START
G1 F3600
G1 X91.996 Y101.544 E-.475
;WIPE_END
G1 E-.025 F2700
M205 X8 Y8
G1 X92.123 Y109.175 Z3.2 F7200
G1 X92.214 Y114.59 Z3.2
G1 Z2.8
G1 E5 F2400
M205 X10 Y10
G1 F3600
G1 X87.098 Y119.706 E.24043
G1 X86.521 Y119.706 E.01916
G1 X91.039 Y115.188 E.21231
G1 X90.394 Y115.257 E.02156
G1 X85.945 Y119.706 E.20909
G1 X85.368 Y119.706 E.01916
G1 X89.798 Y115.276 E.20819
G1 X89.27 Y115.227 E.01762
G1 X84.791 Y119.706 E.21047
G1 X84.215 Y119.706 E.01916
G1 X88.779 Y115.142 E.21449
G1 X88.336 Y115.007 E.01537
G1 X83.638 Y119.706 E.2208
G1 X83.061 Y119.706 E.01916
G1 X87.909 Y114.858 E.22782
G1 X87.53 Y114.661 E.01421
G1 X82.484 Y119.706 E.2371
G1 X81.908 Y119.706 E.01916
G1 X87.155 Y114.459 E.24657
G1 X86.822 Y114.215 E.01371
G1 X81.331 Y119.706 E.25803
G1 X80.754 Y119.706 E.01916
G1 X86.505 Y113.955 E.27024
G1 X86.202 Y113.681 E.01357
G1 X80.178 Y119.706 E.28313
G1 X79.601 Y119.706 E.01916
G1 X85.94 Y113.367 E.29789
G1 X85.68 Y113.05 E.01362
G1 X79.294 Y119.436 E.30009
G1 X79.294 Y118.859 E.01916
G1 X85.459 Y112.694 E.28972
G1 X85.258 Y112.318 E.01416
G1 X79.294 Y118.283 E.28028
G1 X79.294 Y117.706 E.01916
G1 X85.074 Y111.926 E.27161
G1 X84.942 Y111.482 E.01541
G1 X79.294 Y117.129 E.2654
G1 X79.294 Y116.552 E.01916
G1 X84.811 Y111.036 E.25926
G1 X84.755 Y110.515 E.01741
G1 X79.294 Y115.976 E.25663
G1 X79.294 Y115.399 E.01916
G1 X84.707 Y109.986 E.25436
G1 X84.765 Y109.351 E.0212
G1 X79.294 Y114.822 E.25711
G1 X79.294 Y114.246 E.01916
G1 X85.176 Y108.364 E.27639
M205 X8 Y8
G1 X79.111 Y113.852 F7200
M205 X10 Y10
G1 F3600
G1 X85.232 Y107.731 E.28764
G1 X85.536 Y107.162 E.02144
G1 X85.67 Y106.962 E.00803
G1 X86.175 Y106.346 E.02646
G1 X86.346 Y106.175 E.00803
G1 X86.962 Y105.67 E.02646
G1 X87.162 Y105.536 E.00803
G1 X87.731 Y105.232 E.02144
G1 X92.65 Y100.313 E.23115
G1 X92.073 Y100.313 E.01916
G1 X79.294 Y113.092 E.60055
G1 X79.294 Y112.515 E.01916
G1 X91.497 Y100.313 E.57345
G1 X90.92 Y100.313 E.01916
G1 X79.294 Y111.939 E.54634
G1 X79.294 Y111.362 E.01916
G1 X90.343 Y100.313 E.51924
G1 X89.766 Y100.313 E.01916
G1 X79.294 Y110.785 E.49214
G1 X79.294 Y110.209 E.01916
G1 X89.19 Y100.313 E.46504
G1 X88.613 Y100.313 E.01916
G1 X79.294 Y109.632 E.43794
G1 X79.294 Y109.055 E.01916
M73 P88 R2
G1 X88.036 Y100.313 E.41083
G1 X87.46 Y100.313 E.01916
G1 X79.294 Y108.479 E.38373
G1 X79.294 Y107.902 E.01916
G1 X86.883 Y100.313 E.35663
G1 X86.306 Y100.313 E.01916
G1 X79.294 Y107.325 E.32953
G1 X79.294 Y106.748 E.01916
G1 X85.729 Y100.313 E.30243
G1 X85.153 Y100.313 E.01916
G1 X79.294 Y106.172 E.27532
G1 X79.294 Y105.595 E.01916
G1 X84.576 Y100.313 E.24822
G1 X83.999 Y100.313 E.01916
G1 X79.294 Y105.018 E.22112
G1 X79.294 Y104.442 E.01916
G1 X83.423 Y100.313 E.19402
G1 X82.846 Y100.313 E.01916
G1 X79.294 Y103.865 E.16692
G1 X79.294 Y103.288 E.01916
G1 X82.269 Y100.313 E.13981
G1 X81.693 Y100.313 E.01916
G1 X79.294 Y102.711 E.11271
G1 X79.294 Y102.135 E.01916
G1 X81.116 Y100.313 E.08561
G1 X80.539 Y100.313 E.01916
G1 X79.294 Y101.558 E.05851
G1 X79.294 Y100.981 E.01916
G1 X80.165 Y100.111 E.0409
M205 X8 Y8
G1 X84.876 Y108.975 F7200
M205 X10 Y10
;TYPE:Gap infill
;WIDTH:0.152068
G1 F2400
G1 X84.816 Y109.089 E.00115
G1 X84.861 Y109.171 E.00082
G1 E-4.5 F2700
;WIPE_START
G1 F2400
G1 X84.816 Y109.089 E-.19856
G1 X84.876 Y108.975 E-.27644
;WIPE_END
G1 E-.025 F2700
M205 X8 Y8
G1 X92.167 Y111.232 Z3.2 F7200
G1 X94.885 Y112.074 Z3.2
G1 Z2.8
G1 E5 F2400
M205 X10 Y10
;WIDTH:0.188595
G1 X94.786 Y112.207 E.00197
;WIDTH:0.149865
G1 X94.687 Y112.341 E.00145
;WIDTH:0.1305
G1 X94.588 Y112.475 E.00119
M205 X8 Y8
G1 X92.472 Y114.591 F7200
M205 X10 Y10
;WIDTH:0.0917685
G1 F2400
G1 X92.325 Y114.7 E.00073
M205 X8 Y8
G1 X107.7 Y104.128 F7200
M205 X10 Y10
;WIDTH:0.131312
G1 F2400
G1 X107.371 Y104.365 E.00292
M205 X8 Y8
G1 X104.384 Y107.352 F7200
M205 X10 Y10
;WIDTH:0.0917686
G1 F2400
G1 X104.279 Y107.494 E.0007
G1 E-4.5 F2700
;WIPE_START
G1 F2400
G1 X104.384 Y107.352 E-.475
;WIPE_END
G1 E-.025 F2700
M205 X8 Y8
G1 X109.912 Y112.614 Z3.2 F7200
G1 X112.922 Y115.479 Z3.2
G1 Z2.8
G1 E5 F2400
M205 X10 Y10
;WIDTH:0.11284
G1 X112.777 Y115.587 E.00103
;WIDTH:0.154984
G1 X112.631 Y115.695 E.00165
;WIDTH:0.176055
G1 X112.486 Y115.803 E.00196
M205 X8 Y8
G1 X115.583 Y112.78 F7200
M205 X10 Y10
;WIDTH:0.125782
G1 F2400
G1 X115.476 Y112.925 E.00122
M205 X8 Y8
G1 X123.658 Y106.532 F7200
M205 X10 Y10
;WIDTH:0.0996079
G1 F2400
G1 X123.55 Y106.676 E.00083
M205 X8 Y8
G1 X126.969 Y103.345 F7200
M205 X10 Y10
;WIDTH:0.205717
G1 F2400
G1 X126.826 Y103.446 E.00233
;WIDTH:0.160138
G1 X126.683 Y103.548 E.00168
;WIDTH:0.137349
G1 X126.54 Y103.65 E.00135
M205 X8 Y8
G1 X129.538 Y102.608 F7200
M205 X10 Y10
;TYPE:Internal solid infill
;WIDTH:0.449999
G1 F3600
G1 X129.95 Y102.585 E.0137
G1 X130.657 Y102.614 E.02348
G1 X131.378 Y102.714 E.02414
G1 X132.118 Y102.906 E.02537
G1 X134.607 Y100.416 E.11678
G1 X131.707 Y100.416 E.09621
G1 X129.566 Y102.579 E.10097
M205 X8 Y8
G1 X130.52 Y102.201 F7200
M205 X10 Y10
G1 F3600
G1 X131.434 Y102.311 E.03056
G1 X131.995 Y102.453 E.01919
G1 X133.625 Y100.823 E.07645
G1 X131.898 Y100.823 E.05729
G1 X130.548 Y102.173 E.06332
M205 X8 Y8
G1 X131.401 Y101.895 F7200
M205 X10 Y10
G1 F3600
G1 X131.872 Y102 E.016
G1 X132.642 Y101.23 E.03612
G1 X132.066 Y101.23 E.0191
G1 X131.429 Y101.867 E.02987
G1 E-4.5 F2700
;WIPE_START
G1 F3600
G1 X132.066 Y101.23 E-.21388
G1 X132.642 Y101.23 E-.13673
G1 X132.272 Y101.601 E-.12439
;WIPE_END
G1 E-.025 F2700
M205 X8 Y8
G1 X129.895 Y108.854 Z3.2 F7200
G1 X126.378 Y119.584 Z3.2
G1 Z2.8
G1 E5 F2400
M205 X10 Y10
G1 F3600
G1 X129.278 Y119.584 E.09621
G1 X129.746 Y119.094 E.02247
G1 X131.609 Y117.231 E.0874
G1 X130.677 Y117.384 E.03134
G1 X130.01 Y117.416 E.02217
G1 X129.224 Y117.374 E.0261
G1 X128.673 Y117.289 E.01849
G1 X126.406 Y119.555 E.10633
M205 X8 Y8
G1 X127.361 Y119.177 F7200
M205 X10 Y10
G1 F3600
G1 X129.088 Y119.177 E.05729
G1 X130.462 Y117.802 E.06447
G1 X129.967 Y117.822 E.01646
G1 X129.202 Y117.781 E.02541
G1 X128.815 Y117.723 E.01298
G1 X127.389 Y119.148 E.06687
M205 X8 Y8
G1 X128.344 Y118.77 F7200
M205 X10 Y10
;WIDTH:0.449998
G1 F3600
G1 X128.919 Y118.77 E.0191
G1 X129.485 Y118.204 E.02654
G1 X128.956 Y118.157 E.01762
G1 X128.372 Y118.741 E.0274
M205 X8 Y8
G1 X138.794 Y119.889 F7200
M205 X10 Y10
;WIDTH:0.451985
G1 F3600
G1 X140.706 Y117.978 E.09011
G1 X140.706 Y117.399 E.01928
G1 X138.399 Y119.706 E.10875
G1 X137.82 Y119.706 E.01928
G1 X140.706 Y116.82 E.13602
G1 X140.706 Y116.242 E.01928
G1 X137.242 Y119.706 E.16329
G1 X136.663 Y119.706 E.01928
G1 X140.706 Y115.663 E.19056
G1 X140.706 Y115.085 E.01928
G1 X136.085 Y119.706 E.21783
G1 X135.506 Y119.706 E.01928
M73 P89 R2
G1 X140.706 Y114.506 E.2451
G1 X140.706 Y113.928 E.01928
G1 X134.928 Y119.706 E.27238
G1 X134.349 Y119.706 E.01928
G1 X140.706 Y113.349 E.29965
G1 X140.706 Y112.771 E.01928
G1 X133.771 Y119.706 E.32692
G1 X133.192 Y119.706 E.01928
G1 X140.706 Y112.192 E.35419
G1 X140.706 Y111.614 E.01928
G1 X132.614 Y119.706 E.38146
G1 X132.035 Y119.706 E.01928
G1 X140.706 Y111.035 E.40873
G1 X140.706 Y110.457 E.01928
G1 X131.457 Y119.706 E.436
G1 X130.878 Y119.706 E.01928
G1 X140.706 Y109.878 E.46327
G1 X140.706 Y109.3 E.01928
G1 X136.23 Y113.776 E.211
G1 X136.097 Y114.003 E.00877
G1 X135.675 Y114.581 E.02386
G1 X135.199 Y115.115 E.02386
G1 X134.672 Y115.6 E.02386
G1 X134.101 Y116.031 E.02386
G1 X133.778 Y116.228 E.01262
G1 X130.3 Y119.706 E.16394
G1 X130.228 Y119.706 E.00239
G1 X130.209 Y119.687 E.00089
G1 X129.74 Y119.687 E.01564
G1 X132.981 Y116.446 E.15278
M205 X8 Y8
G1 X136.444 Y112.983 F7200
M205 X10 Y10
G1 F3600
G1 X140.706 Y108.721 E.20091
G1 X140.706 Y108.143 E.01928
G1 X137.064 Y111.785 E.1717
G1 X137.159 Y111.396 E.01336
G1 X137.206 Y111.064 E.01116
G1 X140.706 Y107.564 E.16499
G1 X140.706 Y106.986 E.01928
G1 X137.275 Y110.417 E.16175
G1 X137.294 Y110 E.01393
G1 X137.285 Y109.828 E.00572
G1 X140.706 Y106.407 E.16127
G1 X140.706 Y105.829 E.01928
G1 X137.255 Y109.28 E.16269
G1 X137.181 Y108.775 E.01701
M73 P89 R1
G1 X140.706 Y105.25 E.16616
G1 X140.706 Y104.672 E.01928
G1 X137.083 Y108.295 E.17079
G1 X136.964 Y107.835 E.01582
G1 X140.706 Y104.093 E.1764
G1 X140.706 Y103.515 E.01928
G1 X136.809 Y107.411 E.18369
G1 X136.641 Y107.001 E.01478
G1 X140.706 Y102.936 E.19162
G1 X140.706 Y102.358 E.01928
G1 X136.453 Y106.611 E.2005
G1 X136.241 Y106.244 E.01412
G1 X140.706 Y101.779 E.21046
G1 X140.706 Y101.201 E.01928
G1 X136.021 Y105.886 E.22086
G1 X135.772 Y105.556 E.01377
G1 X140.706 Y100.622 E.23258
G1 X140.706 Y100.294 E.01094
G1 X140.456 Y100.294 E.00834
G1 X135.515 Y105.235 E.23293
G1 X135.237 Y104.934 E.01365
G1 X139.877 Y100.294 E.21873
G1 X139.299 Y100.294 E.01928
G1 X134.944 Y104.649 E.20529
G1 X134.638 Y104.376 E.01366
G1 X138.72 Y100.294 E.19243
G1 X138.142 Y100.294 E.01928
G1 X134.309 Y104.127 E.18068
G1 X133.972 Y103.885 E.01382
G1 X137.563 Y100.294 E.16929
G1 X136.985 Y100.294 E.01928
G1 X133.608 Y103.671 E.15919
G1 X133.231 Y103.469 E.01424
G1 X136.406 Y100.294 E.14966
G1 X135.828 Y100.294 E.01928
G1 X132.836 Y103.286 E.14103
G1 X132.415 Y103.128 E.01497
G1 X135.432 Y100.111 E.14222
M205 X8 Y8
G1 X136.94 Y111.95 F7200
M205 X10 Y10
;TYPE:Gap infill
;WIDTH:0.18088
G1 F2400
G1 X136.985 Y112.055 E.00128
G1 X136.869 Y112.248 E.00253
M205 X8 Y8
G1 X139.715 Y119.544 F7200
M205 X10 Y10
;TYPE:Internal solid infill
;WIDTH:0.528971
G1 F3600
G1 X140.544 Y119.544 E.03286
G1 X140.544 Y118.715 E.03286
G1 X139.743 Y119.516 E.04489
; stop printing object V7_00_DS18B20_fit_gauge_8_10_12.stl id:0 copy 0
;TIME_ELAPSED:1012.275574

;LAYER_CHANGE
;:3
;HEIGHT:0.2
;BEFORE_LAYER_CHANGE
;3
G92 E0
;TIME_ELAPSED:1066.934204
G1 E-4.5 F2700
;WIPE_START
G1 F3600
G1 X140.544 Y118.715 E-.26919
G1 X140.544 Y119.544 E-.19706
G1 X140.507 Y119.544 E-.00875
;WIPE_END
G1 E-.025 F2700
;_SET_FAN_SPEED_CHANGING_LAYER
; OBJECT_ID: 15
; printing object V7_00_DS18B20_fit_gauge_8_10_12.stl id:0 copy 0
M205 X8 Y8
G17
G3 Z3.2 I-.848 J.873 P1  F7200
G1 X141.79 Y120.79 Z3.2
G1 Z3
G1 E5 F2400
M205 X10 Y10
;TYPE:Outer wall
;WIDTH:0.419999
G1 X78.21 Y120.79 E1.95363
G1 X78.21 Y99.21 E.66309
M73 P90 R1
G1 X141.79 Y99.21 E1.95363
G1 X141.79 Y120.75 E.66186
G1 E-4.5 F2700
;WIPE_START
G1 F2400
G1 X139.79 Y120.751 E-.475
;WIPE_END
G1 E-.025 F2700
M205 X8 Y8
G1 X132.873 Y117.524 Z3.4 F7200
G1 X125.205 Y113.946 Z3.4
G1 Z3
G1 E5 F2400
M205 X10 Y10
G1 X124.842 Y113.458 E.01869
G1 X124.528 Y112.935 E.01873
G1 X124.266 Y112.385 E.01872
G1 X124.06 Y111.811 E.01873
G1 X123.919 Y111.251 E.01777
G1 X123.801 Y110.229 E.03159
G1 X123.819 Y109.401 E.02547
G1 X123.908 Y108.798 E.01872
G1 X124.055 Y108.206 E.01873
G1 X124.259 Y107.632 E.01873
G1 X124.473 Y107.179 E.01539
G1 X124.832 Y106.558 E.02205
G1 X125.194 Y106.068 E.01873
G1 X125.602 Y105.616 E.01873
G1 X126.053 Y105.206 E.01873
G1 X126.542 Y104.842 E.01872
G1 X127.065 Y104.528 E.01873
G1 X127.615 Y104.266 E.01872
G1 X128.189 Y104.06 E.01873
G1 X128.779 Y103.911 E.01873
G1 X129.402 Y103.82 E.01934
G1 X129.991 Y103.79 E.0181
G1 X130.599 Y103.819 E.01873
G1 X131.202 Y103.908 E.01872
G1 X131.794 Y104.055 E.01873
G1 X132.368 Y104.259 E.01873
G1 X132.919 Y104.519 E.01872
G1 X133.442 Y104.832 E.01873
G1 X133.932 Y105.194 E.01872
G1 X134.384 Y105.602 E.01873
G1 X134.733 Y105.986 E.01592
G1 X135.158 Y106.542 E.02152
G1 X135.472 Y107.065 E.01873
G1 X135.734 Y107.615 E.01872
G1 X135.94 Y108.189 E.01873
G1 X136.089 Y108.779 E.01873
G1 X136.179 Y109.382 E.01872
G1 X136.21 Y109.991 E.01873
G1 X136.181 Y110.599 E.01873
G1 X136.092 Y111.202 E.01872
G1 X135.945 Y111.794 E.01873
G1 X135.741 Y112.368 E.01873
G1 X135.481 Y112.919 E.01873
G1 X135.168 Y113.442 E.01873
G1 X134.806 Y113.932 E.01873
G1 X134.398 Y114.384 E.01873
G1 X133.947 Y114.794 E.01873
G1 X133.458 Y115.158 E.01872
G1 X132.935 Y115.472 E.01873
G1 X132.385 Y115.734 E.01872
G1 X131.811 Y115.94 E.01873
G1 X131.221 Y116.089 E.01873
G1 X130.618 Y116.179 E.01872
G1 X130.009 Y116.21 E.01873
G1 X129.401 Y116.181 E.01873
G1 X128.798 Y116.092 E.01872
G1 X128.206 Y115.945 E.01873
G1 X127.632 Y115.741 E.01873
G1 X127.081 Y115.481 E.01872
G1 X126.558 Y115.168 E.01873
G1 X126.068 Y114.806 E.01872
G1 X125.616 Y114.398 E.01873
G1 X125.232 Y113.975 E.01753
G1 E-4.5 F2700
;WIPE_START
G1 F2400
G1 X124.842 Y113.458 E-.15394
G1 X124.528 Y112.935 E-.14474
G1 X124.266 Y112.385 E-.14473
G1 X124.221 Y112.26 E-.03159
;WIPE_END
G1 E-.025 F2700
M205 X8 Y8
G1 X116.712 Y113.627 Z3.4 F7200
G1 X112.911 Y114.319 Z3.4
G1 Z3
G1 E5 F2400
M205 X10 Y10
G1 X112.909 Y114.321 E.00007
G1 X112.011 Y114.806 E.03138
G1 X111.034 Y115.105 E.03138
G1 X110.018 Y115.209 E.03138
G1 X109.002 Y115.113 E.03138
G1 X108.024 Y114.82 E.03138
G1 X107.121 Y114.341 E.03138
G1 X106.33 Y113.696 E.03138
G1 X105.679 Y112.909 E.03138
G1 X105.194 Y112.011 E.03138
G1 X104.895 Y111.034 E.03138
G1 X104.791 Y110.018 E.03138
G1 X104.89 Y108.987 E.03185
G1 X105.194 Y107.989 E.03204
G1 X105.659 Y107.121 E.03025
G1 X106.304 Y106.33 E.03138
G1 X107.091 Y105.679 E.03138
G1 X107.989 Y105.194 E.03138
G1 X108.966 Y104.895 E.03138
G1 X109.982 Y104.791 E.03138
G1 X110.998 Y104.887 E.03138
G1 X111.976 Y105.18 E.03138
G1 X112.879 Y105.659 E.03138
G1 X113.67 Y106.304 E.03138
G1 X114.321 Y107.091 E.03138
G1 X114.731 Y107.849 E.02649
G1 X114.943 Y108.43 E.019
G1 X115.106 Y108.967 E.01724
G1 X115.209 Y110.018 E.03247
G1 X115.113 Y110.998 E.03025
G1 X114.943 Y111.57 E.01833
G1 X114.731 Y112.151 E.019
G1 X114.341 Y112.879 E.02536
G1 X113.696 Y113.67 E.03138
G1 X112.942 Y114.294 E.03008
G1 E-4.5 F2700
;WIPE_START
G1 F2400
G1 X112.909 Y114.321 E-.01006
G1 X112.011 Y114.806 E-.24253
G1 X111.115 Y115.081 E-.22241
;WIPE_END
G1 E-.025 F2700
M205 X8 Y8
G1 X104.003 Y112.313 Z3.4 F7200
G1 X93.882 Y108.374 Z3.4
G1 Z3
G1 E5 F2400
M205 X10 Y10
G1 X94.132 Y109.197 E.02642
G1 X94.209 Y109.984 E.02429
G1 X94.132 Y110.803 E.02529
G1 X93.896 Y111.594 E.02535
G1 X93.51 Y112.323 E.02535
G1 X92.989 Y112.963 E.02535
G1 X92.354 Y113.489 E.02535
G1 X91.628 Y113.882 E.02535
G1 X90.839 Y114.125 E.02535
G1 X90.018 Y114.209 E.02535
G1 X89.197 Y114.132 E.02535
G1 X88.406 Y113.896 E.02535
G1 X87.677 Y113.51 E.02535
G1 X87.037 Y112.989 E.02535
G1 X86.511 Y112.354 E.02535
G1 X86.118 Y111.628 E.02535
G1 X85.875 Y110.839 E.02535
G1 X85.791 Y110.018 E.02535
G1 X85.868 Y109.197 E.02535
G1 X86.104 Y108.406 E.02535
G1 X86.49 Y107.677 E.02535
G1 X87.037 Y107.011 E.02648
G1 X87.646 Y106.511 E.02422
G1 X88.372 Y106.118 E.02535
G1 X89.161 Y105.875 E.02536
G1 X89.982 Y105.791 E.02535
G1 X90.803 Y105.868 E.02535
G1 X91.594 Y106.104 E.02535
G1 X92.323 Y106.49 E.02535
G1 X92.963 Y107.011 E.02535
G1 X93.489 Y107.646 E.02535
G1 X93.864 Y108.339 E.02419
G1 E-4.5 F2700
;WIPE_START
G1 F2400
G1 X94.132 Y109.197 E-.21353
G1 X94.209 Y109.984 E-.18772
G1 X94.18 Y110.293 E-.07375
;WIPE_END
G1 E-.025 F2700
M205 X8 Y8
G1 X141.677 Y100.09 Z3.4 F7200
G1 Z3
G1 E5 F2400
M205 X10 Y10
;TYPE:Top surface
;WIDTH:0.422354
G1 X141.079 Y99.493 E.02613
G1 X140.543 Y99.493 E.01659
G1 X141.507 Y100.457 E.04217
G1 X141.507 Y100.994 E.01659
G1 X140.006 Y99.493 E.06564
G1 X139.47 Y99.493 E.01659
G1 X141.507 Y101.53 E.0891
G1 X141.507 Y102.067 E.01659
G1 X138.933 Y99.493 E.11256
G1 X138.396 Y99.493 E.01659
G1 X141.507 Y102.604 E.13603
G1 X141.507 Y103.14 E.01659
G1 X137.86 Y99.493 E.15949
G1 X137.323 Y99.493 E.01659
G1 X141.507 Y103.677 E.18295
G1 X141.507 Y104.213 E.01659
G1 X136.787 Y99.493 E.20642
G1 X136.25 Y99.493 E.01659
M73 P91 R1
G1 X141.507 Y104.75 E.22988
G1 X141.507 Y105.287 E.01659
G1 X135.713 Y99.493 E.25335
G1 X135.177 Y99.493 E.01659
G1 X141.507 Y105.823 E.27681
G1 X141.507 Y106.36 E.01659
G1 X134.64 Y99.493 E.30027
G1 X134.104 Y99.493 E.01659
G1 X141.507 Y106.897 E.32374
G1 X141.507 Y107.433 E.01659
G1 X133.567 Y99.493 E.3472
G1 X133.03 Y99.493 E.01659
G1 X141.507 Y107.97 E.37066
G1 X141.507 Y108.506 E.01659
G1 X132.494 Y99.493 E.39413
G1 X131.957 Y99.493 E.01659
G1 X141.507 Y109.043 E.41759
G1 X141.507 Y109.58 E.01659
G1 X131.42 Y99.493 E.44105
G1 X130.884 Y99.493 E.01659
G1 X141.507 Y110.116 E.46452
G1 X141.507 Y110.653 E.01659
G1 X130.347 Y99.493 E.48798
G1 X129.811 Y99.493 E.01659
G1 X141.507 Y111.189 E.51144
G1 X141.507 Y111.726 E.01659
G1 X129.274 Y99.493 E.53491
G1 X128.737 Y99.493 E.01659
G1 X141.507 Y112.263 E.55837
G1 X141.507 Y112.799 E.01659
G1 X135.795 Y107.087 E.24976
G1 X135.717 Y106.923 E.00563
G1 X135.388 Y106.377 E.0197
G1 X135.007 Y105.867 E.0197
G1 X134.578 Y105.396 E.0197
G1 X134.104 Y104.969 E.0197
G1 X133.591 Y104.591 E.0197
G1 X132.911 Y104.203 E.02423
G1 X128.201 Y99.493 E.20595
G1 X127.664 Y99.493 E.01659
G1 X132.001 Y103.829 E.18961
G1 X131.269 Y103.634 E.02343
G1 X127.128 Y99.493 E.18106
G1 X126.591 Y99.493 E.01659
G1 X130.638 Y103.54 E.17697
G1 X130.073 Y103.512 E.01748
G1 X126.054 Y99.493 E.17573
G1 X125.518 Y99.493 E.01659
G1 X129.555 Y103.53 E.17652
G1 X129.071 Y103.582 E.01505
G1 X124.981 Y99.493 E.17882
G1 X124.445 Y99.493 E.01659
G1 X128.614 Y103.662 E.18232
G1 X128.186 Y103.77 E.01367
G1 X123.908 Y99.493 E.18704
G1 X123.371 Y99.493 E.01659
G1 X127.784 Y103.906 E.19295
G1 X127.398 Y104.056 E.01281
G1 X122.835 Y99.493 E.19955
G1 X122.298 Y99.493 E.01659
G1 X127.035 Y104.23 E.20712
G1 X126.691 Y104.423 E.01218
G1 X121.762 Y99.493 E.21556
G1 X121.225 Y99.493 E.01659
G1 X126.358 Y104.626 E.22446
G1 X126.051 Y104.856 E.01186
G1 X120.688 Y99.493 E.23449
G1 X120.152 Y99.493 E.01659
G1 X125.755 Y105.095 E.24498
G1 X125.474 Y105.351 E.01174
G1 X119.615 Y99.493 E.25617
G1 X119.079 Y99.493 E.01659
G1 X125.212 Y105.626 E.26819
G1 X124.959 Y105.91 E.01175
G1 X118.542 Y99.493 E.28059
G1 X118.005 Y99.493 E.01659
G1 X124.731 Y106.219 E.29409
G1 X124.514 Y106.538 E.01194
G1 X117.469 Y99.493 E.30806
G1 X116.932 Y99.493 E.01659
M73 P92 R1
G1 X124.314 Y106.874 E.32277
G1 X124.135 Y107.232 E.01237
G1 X116.396 Y99.493 E.33841
G1 X115.859 Y99.493 E.01659
G1 X123.97 Y107.603 E.35464
G1 X123.828 Y107.998 E.01298
G1 X115.322 Y99.493 E.37192
G1 X114.786 Y99.493 E.01659
G1 X123.711 Y108.418 E.39027
G1 X123.613 Y108.857 E.0139
G1 X114.249 Y99.493 E.40946
G1 X113.713 Y99.493 E.01659
G1 X123.544 Y109.324 E.42988
G1 X123.516 Y109.832 E.01575
G1 X113.176 Y99.493 E.45211
G1 X112.639 Y99.493 E.01659
G1 X123.525 Y110.379 E.476
G1 X123.538 Y110.628 E.00771
G1 X123.589 Y110.979 E.01099
G1 X112.103 Y99.493 E.50226
G1 X111.566 Y99.493 E.01659
G1 X123.73 Y111.657 E.53188
G1 X123.791 Y111.898 E.00769
G1 X123.99 Y112.453 E.01822
G1 X110.86 Y99.323 E.57411
G1 E-4.5 F2700
;WIPE_START
G1 F2400
G1 X112.274 Y100.737 E-.475
;WIPE_END
G1 E-.025 F2700
M205 X8 Y8
G1 X119.594 Y102.901 Z3.4 F7200
G1 X135.89 Y107.719 Z3.4
G1 Z3
G1 E5 F2400
M205 X10 Y10
G1 X141.507 Y113.336 E.2456
G1 X141.507 Y113.872 E.01659
G1 X136.367 Y108.732 E.22478
G1 X136.46 Y109.362 E.0197
G1 X141.507 Y114.409 E.22068
G1 X141.507 Y114.946 E.01659
G1 X136.489 Y109.928 E.21942
G1 X136.471 Y110.446 E.01605
G1 X141.507 Y115.482 E.2202
G1 X141.507 Y116.019 E.01659
G1 X136.418 Y110.929 E.22254
G1 X136.338 Y111.386 E.01434
G1 X141.507 Y116.555 E.22603
G1 X141.507 Y117.092 E.01659
G1 X136.231 Y111.816 E.23071
G1 X136.095 Y112.216 E.01307
G1 X141.507 Y117.629 E.23667
G1 X141.507 Y118.165 E.01659
G1 X135.943 Y112.601 E.24331
G1 X135.771 Y112.966 E.01247
G1 X141.507 Y118.702 E.25081
G1 X141.507 Y119.238 E.01659
G1 X135.577 Y113.308 E.25929
G1 X135.373 Y113.64 E.01206
G1 X141.507 Y119.775 E.26824
G1 X141.507 Y120.312 E.01659
G1 X135.145 Y113.949 E.2782
G1 X134.904 Y114.245 E.01179
G1 X141.166 Y120.507 E.27383
G1 X140.63 Y120.507 E.01659
G1 X134.65 Y114.527 E.26149
G1 X134.374 Y114.788 E.01174
G1 X140.093 Y120.507 E.25009
G1 X139.556 Y120.507 E.01659
G1 X134.089 Y115.04 E.23907
G1 X133.782 Y115.269 E.01186
G1 X139.02 Y120.507 E.22904
G1 X138.483 Y120.507 E.01659
M73 P93 R1
G1 X133.461 Y115.485 E.21959
G1 X133.127 Y115.687 E.01209
G1 X137.947 Y120.507 E.21076
G1 X137.41 Y120.507 E.01659
G1 X132.767 Y115.865 E.203
G1 X132.396 Y116.029 E.01257
G1 X136.873 Y120.507 E.1958
G1 X136.337 Y120.507 E.01659
G1 X132.001 Y116.172 E.18957
G1 X131.581 Y116.288 E.01348
G1 X135.8 Y120.507 E.18447
G1 X135.264 Y120.507 E.01659
G1 X131.143 Y116.387 E.18018
G1 X130.675 Y116.455 E.01463
G1 X134.727 Y120.507 E.1772
G1 X134.19 Y120.507 E.01659
G1 X130.168 Y116.485 E.17588
G1 X129.62 Y116.473 E.01694
G1 X133.654 Y120.507 E.17638
G1 X133.117 Y120.507 E.01659
G1 X129.02 Y116.41 E.17914
G1 X128.715 Y116.364 E.00955
G1 X128.343 Y116.27 E.01186
G1 X132.581 Y120.507 E.18528
G1 X132.044 Y120.507 E.01659
G1 X127.196 Y115.659 E.21198
G1 E-4.5 F2700
;WIPE_START
G1 F2400
G1 X128.61 Y117.073 E-.475
;WIPE_END
G1 E-.025 F2700
M205 X8 Y8
G1 X131.677 Y120.677 Z3.4 F7200
G1 Z3
G1 E5 F2400
M205 X10 Y10
G1 X110.493 Y99.493 E.9263
G1 X109.956 Y99.493 E.01659
G1 X130.971 Y120.507 E.91888
G1 X130.434 Y120.507 E.01659
G1 X109.42 Y99.493 E.91888
G1 X108.883 Y99.493 E.01659
G1 X129.898 Y120.507 E.91888
G1 X129.361 Y120.507 E.01659
G1 X108.347 Y99.493 E.91888
G1 X107.81 Y99.493 E.01659
G1 X128.824 Y120.507 E.91888
G1 X128.288 Y120.507 E.01659
G1 X107.273 Y99.493 E.91888
G1 X106.737 Y99.493 E.01659
G1 X112.255 Y105.011 E.24131
G1 X113.02 Y105.413 E.0267
G1 X113.856 Y106.09 E.03329
G1 X114.545 Y106.918 E.03329
G1 X114.999 Y107.755 E.02943
G1 X127.751 Y120.507 E.55762
G1 X127.215 Y120.507 E.01659
G1 X115.279 Y108.571 E.52191
G1 X115.388 Y108.931 E.01161
G1 X115.419 Y109.249 E.00988
G1 X126.678 Y120.507 E.4923
G1 X126.141 Y120.507 E.01659
M73 P94 R1
G1 X115.478 Y109.844 E.46628
G1 X115.493 Y110 E.00486
G1 X115.458 Y110.36 E.01119
G1 X125.605 Y120.507 E.44369
G1 X125.068 Y120.507 E.01659
G1 X115.41 Y110.849 E.42232
G1 X115.388 Y111.069 E.00685
G1 X115.319 Y111.295 E.0073
G1 X124.532 Y120.507 E.40281
G1 X123.995 Y120.507 E.01659
G1 X115.194 Y111.706 E.38482
G1 X115.068 Y112.117 E.01328
G1 X123.458 Y120.507 E.36687
G1 X122.922 Y120.507 E.01659
G1 X114.882 Y112.467 E.35157
G1 X114.695 Y112.817 E.01226
G1 X122.385 Y120.507 E.33627
G1 X121.849 Y120.507 E.01659
G1 X114.486 Y113.144 E.32195
G1 X114.246 Y113.441 E.0118
G1 X121.312 Y120.507 E.30898
G1 X120.775 Y120.507 E.01659
G1 X114.006 Y113.738 E.29601
G1 X113.91 Y113.856 E.00473
G1 X113.734 Y114.003 E.00706
G1 X120.239 Y120.507 E.28443
G1 X119.702 Y120.507 E.01659
G1 X113.441 Y114.246 E.27377
G1 X113.148 Y114.49 E.01178
G1 X119.166 Y120.507 E.26311
G1 X118.629 Y120.507 E.01659
G1 X112.813 Y114.691 E.25431
G1 X112.465 Y114.88 E.01223
G1 X118.092 Y120.507 E.24605
G1 X117.556 Y120.507 E.01659
G1 X112.114 Y115.066 E.23793
G1 X111.704 Y115.192 E.01327
G1 X117.019 Y120.507 E.23241
G1 X116.483 Y120.507 E.01659
G1 X111.294 Y115.318 E.22689
G1 X111.063 Y115.389 E.00745
G1 X110.849 Y115.41 E.00666
G1 X115.946 Y120.507 E.22287
G1 X115.409 Y120.507 E.01659
G1 X110.36 Y115.458 E.22078
G1 X110 Y115.493 E.01119
G1 X109.844 Y115.478 E.00485
G1 X114.873 Y120.507 E.2199
G1 X114.336 Y120.507 E.01659
G1 X109.25 Y115.421 E.22241
G1 X108.965 Y115.393 E.00884
G1 X108.568 Y115.276 E.01281
G1 X113.969 Y120.677 E.23617
G1 E-4.5 F2700
;WIPE_START
G1 F2400
G1 X112.555 Y119.263 E-.475
;WIPE_END
G1 E-.025 F2700
M205 X8 Y8
G1 X110.182 Y112.009 Z3.4 F7200
G1 X106.031 Y99.323 Z3.4
M73 P94 R0
G1 Z3
G1 E5 F2400
M205 X10 Y10
G1 X111.432 Y104.724 E.23617
G1 X111.034 Y104.607 E.01281
G1 X110.752 Y104.581 E.00878
G1 X105.664 Y99.493 E.22248
G1 X105.127 Y99.493 E.01659
G1 X110.161 Y104.527 E.22011
G1 X109.963 Y104.509 E.00616
G1 X109.638 Y104.541 E.01007
G1 X104.59 Y99.493 E.22073
G1 X104.054 Y99.493 E.01659
G1 X109.15 Y104.589 E.22286
G1 X108.937 Y104.611 E.00665
G1 X108.706 Y104.682 E.00745
G1 X103.517 Y99.493 E.22689
G1 X102.981 Y99.493 E.01659
G1 X108.296 Y104.808 E.23241
G1 X107.885 Y104.934 E.01327
G1 X102.444 Y99.493 E.23793
G1 X101.907 Y99.493 E.01659
G1 X107.535 Y105.12 E.24605
G1 X107.187 Y105.309 E.01223
G1 X101.371 Y99.493 E.25431
G1 X100.834 Y99.493 E.01659
M73 P95 R0
G1 X106.852 Y105.51 E.26311
G1 X106.559 Y105.754 E.01178
G1 X100.298 Y99.493 E.27377
G1 X99.761 Y99.493 E.01659
G1 X106.266 Y105.998 E.28443
G1 X106.09 Y106.144 E.00706
G1 X105.994 Y106.262 E.00473
G1 X99.224 Y99.493 E.29601
G1 X98.688 Y99.493 E.01659
G1 X105.754 Y106.559 E.30898
G1 X105.514 Y106.856 E.0118
G1 X98.151 Y99.493 E.32195
G1 X97.615 Y99.493 E.01659
G1 X105.305 Y107.183 E.33627
G1 X105.118 Y107.533 E.01226
G1 X97.078 Y99.493 E.35158
G1 X96.541 Y99.493 E.01659
G1 X104.932 Y107.883 E.36688
G1 X104.806 Y108.294 E.01327
G1 X96.005 Y99.493 E.38482
G1 X95.468 Y99.493 E.01659
G1 X104.681 Y108.705 E.40282
G1 X104.611 Y108.934 E.0074
G1 X104.59 Y109.151 E.00673
G1 X94.932 Y99.493 E.42232
G1 X94.395 Y99.493 E.01659
G1 X104.542 Y109.64 E.44369
G1 X104.507 Y110 E.01119
G1 X104.522 Y110.156 E.00486
G1 X93.858 Y99.493 E.46628
G1 X93.322 Y99.493 E.01659
G1 X104.58 Y110.751 E.49229
G1 X104.611 Y111.066 E.00977
G1 X104.721 Y111.429 E.01174
G1 X92.785 Y99.493 E.52192
G1 X92.249 Y99.493 E.01659
G1 X105.002 Y112.246 E.55765
G1 X105.455 Y113.082 E.0294
G1 X106.144 Y113.91 E.03329
G1 X106.98 Y114.587 E.03329
G1 X107.744 Y114.989 E.02669
G1 X113.263 Y120.507 E.24131
G1 X112.726 Y120.507 E.01659
G1 X91.712 Y99.493 E.91888
G1 X91.175 Y99.493 E.01659
G1 X112.19 Y120.507 E.91888
G1 X111.653 Y120.507 E.01659
G1 X90.639 Y99.493 E.91888
G1 X90.102 Y99.493 E.01659
G1 X111.117 Y120.507 E.91888
G1 X110.58 Y120.507 E.01659
G1 X89.566 Y99.493 E.91888
G1 X89.029 Y99.493 E.01659
G1 X110.043 Y120.507 E.91888
G1 X109.507 Y120.507 E.01659
M73 P96 R0
G1 X88.492 Y99.493 E.91888
G1 X87.956 Y99.493 E.01659
G1 X108.97 Y120.507 E.91888
G1 X108.434 Y120.507 E.01659
G1 X87.419 Y99.493 E.91888
G1 X86.883 Y99.493 E.01659
G1 X107.897 Y120.507 E.91888
G1 X107.36 Y120.507 E.01659
G1 X86.346 Y99.493 E.91888
G1 X85.809 Y99.493 E.01659
G1 X106.824 Y120.507 E.91888
G1 X106.287 Y120.507 E.01659
G1 X94.189 Y108.409 E.52899
G1 X94.411 Y109.167 E.02441
G1 X105.751 Y120.507 E.49586
G1 X105.214 Y120.507 E.01659
G1 X94.47 Y109.763 E.46981
G1 X94.493 Y110 E.00737
G1 X94.464 Y110.294 E.00913
G1 X104.677 Y120.507 E.44659
G1 X104.141 Y120.507 E.01659
G1 X94.416 Y110.782 E.42525
G1 X94.405 Y110.884 E.00316
G1 X94.306 Y111.209 E.01052
G1 X103.604 Y120.507 E.40657
G1 X103.068 Y120.507 E.01659
G1 X94.18 Y111.62 E.3886
G1 X94.147 Y111.73 E.00355
G1 X94.008 Y111.985 E.00896
G1 X102.531 Y120.507 E.37266
G1 X101.994 Y120.507 E.01659
G1 X93.819 Y112.332 E.35746
G1 X93.714 Y112.527 E.00685
G1 X93.606 Y112.655 E.00519
G1 X101.458 Y120.507 E.34333
G1 X100.921 Y120.507 E.01659
G1 X93.362 Y112.948 E.33054
G1 X93.111 Y113.234 E.01176
G1 X100.385 Y120.507 E.31805
G1 X99.848 Y120.507 E.01659
G1 X92.814 Y113.473 E.30757
G1 X92.517 Y113.713 E.0118
G1 X99.311 Y120.507 E.2971
G1 X98.775 Y120.507 E.01659
G1 X92.175 Y113.907 E.2886
G1 X91.822 Y114.091 E.01229
G1 X98.238 Y120.507 E.28054
M73 P97 R0
G1 X97.702 Y120.507 E.01659
G1 X91.433 Y114.239 E.27408
G1 X91.021 Y114.363 E.01333
G1 X97.165 Y120.507 E.26867
G1 X96.628 Y120.507 E.01659
G1 X90.56 Y114.439 E.26536
G1 X90.071 Y114.486 E.01519
G1 X96.092 Y120.507 E.26327
G1 X95.555 Y120.507 E.01659
G1 X89.492 Y114.444 E.2651
G1 X89.161 Y114.412 E.01031
G1 X88.825 Y114.314 E.01081
G1 X95.188 Y120.677 E.27823
G1 E-4.5 F2700
;WIPE_START
G1 F2400
G1 X93.774 Y119.263 E-.475
;WIPE_END
G1 E-.025 F2700
M205 X8 Y8
G1 X92.718 Y111.704 Z3.4 F7200
G1 X91.944 Y106.164 Z3.4
G1 Z3
G1 E5 F2400
M205 X10 Y10
G1 X85.273 Y99.493 E.29168
G1 X84.736 Y99.493 E.01659
G1 X90.83 Y105.587 E.26646
G1 X90.24 Y105.534 E.01831
G1 X84.2 Y99.493 E.26414
G1 X83.663 Y99.493 E.01659
G1 X89.705 Y105.534 E.26417
G1 X89.217 Y105.583 E.01516
G1 X83.126 Y99.493 E.2663
G1 X82.59 Y99.493 E.01659
G1 X88.793 Y105.696 E.27124
G1 X88.383 Y105.823 E.01327
G1 X82.053 Y99.493 E.27678
G1 X81.517 Y99.493 E.01659
G1 X88.015 Y105.991 E.28414
G1 X87.668 Y106.18 E.01223
G1 X80.98 Y99.493 E.29243
G1 X80.443 Y99.493 E.01659
G1 X87.345 Y106.394 E.30176
G1 X87.052 Y106.638 E.01178
G1 X79.907 Y99.493 E.31244
G1 X79.37 Y99.493 E.01659
G1 X86.766 Y106.889 E.32341
G1 X86.527 Y107.186 E.0118
G1 X78.834 Y99.493 E.3364
G1 X78.493 Y99.493 E.01054
G1 X78.493 Y99.689 E.00605
G1 X86.287 Y107.483 E.34082
G1 X86.093 Y107.825 E.01217
G1 X78.493 Y100.225 E.33233
G1 X78.493 Y100.762 E.01659
G1 X85.909 Y108.178 E.32426
G1 X85.836 Y108.316 E.00484
G1 X85.762 Y108.568 E.0081
G1 X78.493 Y101.298 E.31785
G1 X78.493 Y101.835 E.01659
G1 X85.64 Y108.982 E.31252
G1 X85.588 Y109.161 E.00575
G1 X85.561 Y109.439 E.00867
G1 X78.493 Y102.372 E.30905
G1 X78.493 Y102.908 E.01659
G1 X85.514 Y109.929 E.30699
G1 X85.507 Y110 E.00221
G1 X85.556 Y110.508 E.01579
G1 X78.493 Y103.445 E.30886
G1 X78.493 Y103.981 E.01659
G1 X85.943 Y111.432 E.32577
G1 E-4.5 F2700
;WIPE_START
G1 F2400
G1 X84.529 Y110.017 E-.475
;WIPE_END
G1 E-.025 F2700
M205 X8 Y8
G1 X78.894 Y104.87 Z3.4 F7200
G1 X78.323 Y104.348 Z3.4
G1 Z3
G1 E5 F2400
M205 X10 Y10
G1 X86.028 Y112.054 E.33693
G1 X86.286 Y112.527 E.01666
G1 X86.851 Y113.203 E.02722
G1 X87.536 Y113.755 E.02722
G1 X87.944 Y113.969 E.01424
G1 X94.482 Y120.507 E.28589
G1 X93.945 Y120.507 E.01659
M73 P98 R0
G1 X78.493 Y105.055 E.67568
G1 X78.493 Y105.591 E.01659
G1 X93.409 Y120.507 E.65222
G1 X92.872 Y120.507 E.01659
G1 X78.493 Y106.128 E.62876
G1 X78.493 Y106.664 E.01659
G1 X92.336 Y120.507 E.60529
G1 X91.799 Y120.507 E.01659
G1 X78.493 Y107.201 E.58183
G1 X78.493 Y107.738 E.01659
G1 X91.262 Y120.507 E.55837
G1 X90.726 Y120.507 E.01659
G1 X78.493 Y108.274 E.5349
G1 X78.493 Y108.811 E.01659
G1 X90.189 Y120.507 E.51144
G1 X89.653 Y120.507 E.01659
G1 X78.493 Y109.347 E.48798
G1 X78.493 Y109.884 E.01659
G1 X89.116 Y120.507 E.46451
G1 X88.579 Y120.507 E.01659
G1 X78.493 Y110.421 E.44105
G1 X78.493 Y110.957 E.01659
G1 X88.043 Y120.507 E.41759
G1 X87.506 Y120.507 E.01659
G1 X78.493 Y111.494 E.39412
G1 X78.493 Y112.03 E.01659
G1 X86.97 Y120.507 E.37066
G1 X86.433 Y120.507 E.01659
G1 X78.493 Y112.567 E.3472
G1 X78.493 Y113.104 E.01659
G1 X85.896 Y120.507 E.32373
G1 X85.36 Y120.507 E.01659
G1 X78.493 Y113.64 E.30027
G1 X78.493 Y114.177 E.01659
G1 X84.823 Y120.507 E.2768
G1 X84.287 Y120.507 E.01659
G1 X78.493 Y114.713 E.25334
G1 X78.493 Y115.25 E.01659
G1 X83.75 Y120.507 E.22988
G1 X83.213 Y120.507 E.01659
G1 X78.493 Y115.787 E.20641
G1 X78.493 Y116.323 E.01659
G1 X82.677 Y120.507 E.18295
G1 X82.14 Y120.507 E.01659
G1 X78.493 Y116.86 E.15949
G1 X78.493 Y117.396 E.01659
G1 X81.604 Y120.507 E.13602
G1 X81.067 Y120.507 E.01659
G1 X78.493 Y117.933 E.11256
G1 X78.493 Y118.47 E.01659
G1 X80.53 Y120.507 E.0891
G1 X79.994 Y120.507 E.01659
G1 X78.493 Y119.006 E.06563
G1 X78.493 Y119.543 E.01659
G1 X79.457 Y120.507 E.04217
G1 X78.921 Y120.507 E.01659
G1 X78.323 Y119.91 E.02613
G1 E-4.5 F2700
;WIPE_START
G1 F2400
G1 X78.921 Y120.507 E-.20068
G1 X79.457 Y120.507 E-.12744
G1 X79.02 Y120.07 E-.14688
;WIPE_END
G1 E-.025 F2700
M205 X8 Y8
G1 X84.284 Y114.543 Z3.4 F7200
G1 X92.226 Y106.204 Z3.4
G1 Z3
G1 E5 F2400
M205 X10 Y10
;TYPE:Gap infill
;WIDTH:0.0881704
G1 X92.039 Y106.068 E.00085
M73 P99 R0
G1 E-4.5 F2700
;WIPE_START
G1 F2400
G1 X92.226 Y106.204 E-.475
;WIPE_END
G1 E-.025 F2700
M205 X8 Y8
G1 X94.129 Y108.224 Z3.4 F7200
G1 Z3
G1 E5 F2400
M205 X10 Y10
;WIDTH:0.197666
G1 X94.016 Y108.072 E.0024
;WIDTH:0.153868
G1 X93.902 Y107.919 E.00172
;WIDTH:0.131969
G1 X93.788 Y107.767 E.00138
G1 E-4.5 F2700
;WIPE_START
G1 F2400
G1 X93.902 Y107.919 E-.475
;WIPE_END
G1 E-.025 F2700
M205 X8 Y8
G1 X101.329 Y109.676 Z3.4 F7200
G1 X104.531 Y110.433 Z3.4
G1 Z3
G1 E5 F2400
M205 X10 Y10
;WIDTH:0.0972626
G1 X104.634 Y110.33 E.00065
G1 E-4.5 F2700
;WIPE_START
G1 F2400
G1 X104.531 Y110.433 E-.475
;WIPE_END
G1 E-.025 F2700
M205 X8 Y8
G1 X112.097 Y111.44 Z3.4 F7200
G1 X124.369 Y113.072 Z3.4
G1 Z3
G1 E5 F2400
M205 X10 Y10
;WIDTH:0.0946397
G1 X124.322 Y113.012 E.00032
;WIDTH:0.124885
G1 X124.244 Y112.9 E.00091
;WIDTH:0.17175
G1 X124.165 Y112.789 E.00143
;WIDTH:0.195182
G1 X124.057 Y112.635 E.00234
G1 E-4.5 F2700
;WIPE_START
G1 F2400
G1 X124.165 Y112.789 E-.475
;WIPE_END
G1 E-.025 F2700
M205 X8 Y8
G1 X127.1 Y115.756 Z3.4 F7200
G1 Z3
G1 E5 F2400
M205 X10 Y10
;WIDTH:0.127051
G1 X126.933 Y115.636 E.00141
G1 E-4.5 F2700
;WIPE_START
G1 F2400
G1 X127.1 Y115.756 E-.475
;WIPE_END
G1 E-.025 F2700
M205 X8 Y8
G1 X132.73 Y110.603 Z3.4 F7200
G1 X135.991 Y107.619 Z3.4
G1 Z3
G1 E5 F2400
M205 X10 Y10
;WIDTH:0.0947856
G1 X135.904 Y107.491 E.00065
G1 E-4.5 F2700
;WIPE_START
G1 F2400
G1 X135.991 Y107.619 E-.475
;WIPE_END
G1 E-.025 F2700
M205 X8 Y8
G1 X132.513 Y104.099 Z3.4 F7200
G1 Z3
G1 E5 F2400
M205 X10 Y10
;WIDTH:0.104346
G1 X132.191 Y103.883 E.00194
G1 E-4.5 F2700
;WIPE_START
G1 F2400
G1 X132.513 Y104.099 E-.475
;WIPE_END
G1 E-.025 F2700
M205 X8 Y8
G1 X136.205 Y110.779 Z3.4 F7200
G1 X141.601 Y120.542 Z3.4
G1 Z3
G1 E5 F2400
M205 X10 Y10
;WIDTH:0.130068
G1 X141.476 Y120.567 E.00091
G1 X141.361 Y120.532 E.00085
; stop printing object V7_00_DS18B20_fit_gauge_8_10_12.stl id:0 copy 0
;TIME_ELAPSED:1121.592896

G1 E-4.5 F2700
;WIPE_START
G1 F2400
G1 X141.476 Y120.567 E-.22951
G1 X141.601 Y120.542 E-.24549
;WIPE_END
G1 E-.025 F2700
M106 S0
;TYPE:Custom
;filament end gcode
G91 ;Relative positionning
G1 E-2 F2700 ;Retract a bit 
G1 E-2 Z1 F2400 ;Retract and raise Z 
G1 X5 Y5 F3000 ;Wipe out 
G1 Z10 ;Raise Z more 
G90 ;Absolute positionning  
G1 X0 Y0 ;Present print 
M106 S0 ;Turn-off fan 
M104 S0 ;Turn-off hotend 
M140 S0 ;Turn-off bed  
M84 X Y E ;Disable all steppers but Z 
M73 P100 R0
;TIME_ELAPSED:1121.592914

; EXECUTABLE_BLOCK_END

; filament used [mm] = 1112.91
; filament used [cm3] = 2.68
; filament used [g] = 3.32
; filament cost = 0.07
; total filament cost = 0.07
; total layers count = 15
; estimated printing time (normal mode) = 18m 47s

; CONFIG_BLOCK_START
; accel_to_decel_enable = 1
; accel_to_decel_factor = 50%
; acceleration_limit_mess = [[0.5,1.0,100,6000,210],[1.0,1.5,80,5500,200],[1.5,2.0,60,5000,190]]
; acceleration_limit_mess_enable = 0
; activate_air_filtration = 0
; activate_chamber_layer = 1
; activate_chamber_temp_control = 0
; adaptive_bed_mesh_margin = 0
; additional_cooling_fan_speed = 80
; ai_infill = 0
; align_infill_direction_to_model = 0
; alternate_extra_wall = 0
; arc_tolerance = 12
; automatic_extrusion_widths = 0
; auxiliary_fan = 0
; bbl_calib_mark_logo = 1
; bbl_use_printhost = 0
; bed_custom_model = 
; bed_custom_texture = 
; bed_exclude_area = 0x0
; bed_mesh_max = 99999,99999
; bed_mesh_min = -99999,-99999
; bed_mesh_probe_distance = 50,50
; bed_temperature_mode = use_first_material
; before_layer_change_gcode = ;BEFORE_LAYER_CHANGE\n;[layer_z]\nG92 E0\n
; belt_Z_offset = 0
; best_object_pos = 0.5,0.5
; bottom_shell_layers = 4
; bottom_shell_thickness = 0
; bottom_solid_infill_flow_ratio = 1
; bottom_surface_pattern = monotonic
; bridge_acceleration = 50%
; bridge_angle = 0
; bridge_density = 100%
; bridge_flow = 0.95
; bridge_no_support = 0
; bridge_speed = 50
; brim_ears_detection_length = 1
; brim_ears_max_angle = 125
; brim_object_gap = 0.2
; brim_type = auto_brim
; brim_width = 5
; chamber_temperature = 0
; change_extrusion_role_gcode = 
; change_filament_gcode = 
; close_fan_the_first_x_layers = 1
; color_bed_exclude_area = 
; complete_print_exhaust_fan_speed = 80
; cool_cds_fan_start_at_height = 0.5
; cool_plate_temp = 60
; cool_plate_temp_initial_layer = 60
; cool_special_cds_fan_speed = 100
; cooling_perimeter_transition_distance = 0
; cooling_slowdown_logic = uniform_cooling
; cooling_tube_length = 5
; cooling_tube_retraction = 91.5
; counterbore_hole_bridging = none
; creality_flush_time = 86
; curr_bed_type = Cool Plate
; customized_plate_temp = 60
; customized_plate_temp_initial_layer = 60
; default_acceleration = 500
; default_filament_colour = #F2754E
; default_filament_profile = "CR-PLA @Creality Ender-3 V2 0.4 nozzle"
; default_filament_type = PLA
; default_flush_multiplier = 1.3
; default_jerk = 10
; default_print_profile = 0.20mm Standard @Creality Ender-3 V2 0.4 nozzle
; deretraction_speed = 40
; detect_narrow_internal_solid_infill = 1
; detect_overhang_wall = 1
; detect_thin_wall = 1
; disable_m73 = 0
; dithering_local_z_mode = 0
; dithering_step_painted_zones_only = 0
; dithering_z_step_size = 0
; dont_filter_internal_bridges = disabled
; dont_slow_down_outer_wall = 0
; draft_shield = disabled
; during_print_exhaust_fan_speed = 60
; elefant_foot_compensation = 0.15
; elefant_foot_compensation_layers = 1
; embedding_wall_into_infill = 0
; emit_machine_limits_to_gcode = 1
; enable_arc_fitting = 0
; enable_filament_ramming = 0
; enable_long_retraction_when_cut = 0
; enable_overhang_bridge_fan = 1
; enable_overhang_speed = 1
; enable_pressure_advance = 0
; enable_prime_tower = 0
; enable_special_area_additional_cooling_fan = 0
; enable_support = 1
; enforce_support_layers = 0
; eng_plate_temp = 60
; eng_plate_temp_initial_layer = 60
; ensure_vertical_shell_thickness = ensure_all
; epoxy_resin_plate_temp = 0
; epoxy_resin_plate_temp_initial_layer = 0
; exclude_object = 0
; external_infill_margin = 0
; extra_loading_move = -2
; extra_perimeters_on_overhangs = 0
; extruder_clearance_height_to_lid = 250
; extruder_clearance_height_to_rod = 35
; extruder_clearance_radius = 60
; extruder_colour = #FCE94F
; extruder_offset = 0x0
; fan_cooling_layer_time = 100
; fan_kickstart = 0
; fan_max_speed = 100
; fan_min_speed = 100
; fan_speedup_overhangs = 1
; fan_speedup_time = 0
; filament_adhesiveness_category = 100
; filament_can_change = 1
; filament_colour = #F2754E
; filament_cooling_final_speed = 3.4
; filament_cooling_initial_speed = 2.2
; filament_cooling_moves = 4
; filament_cost = 20
; filament_density = 1.24
; filament_diameter = 1.75
; filament_end_gcode = ";filament end gcode"
; filament_flow_ratio = 0.98
; filament_ids = 04001
; filament_is_support = 0
; filament_load_time = 0
; filament_loading_speed = 28
; filament_loading_speed_start = 3
; filament_max_volumetric_speed = 10
; filament_minimal_purge_on_wipe_tower = 15
; filament_multitool_ramming = 0
; filament_multitool_ramming_flow = 10
; filament_multitool_ramming_volume = 10
; filament_notes = ""
; filament_ramming_parameters = "120 100 6.6 6.8 7.2 7.6 7.9 8.2 8.7 9.4 9.9 10.0| 0.05 6.6 0.45 6.8 0.95 7.8 1.45 8.3 1.95 9.7 2.45 10 2.95 7.6 3.45 7.6 3.95 7.6 4.45 7.6 4.95 7.6"
; filament_retraction_length = 5
; filament_retraction_minimum_travel = 1
; filament_retraction_speed = 45
; filament_settings_id = "CR-PLA @Creality Ender-3 V2 0.4 nozzle"
; filament_shrink = 100%
; filament_shrinkage_compensation_z = 100%
; filament_soluble = 0
; filament_stamping_distance = 0
; filament_stamping_loading_speed = 0
; filament_start_gcode = ";filament start gcode\n"
; filament_toolchange_delay = 0
; filament_type = PLA
; filament_unload_time = 0
; filament_unloading_speed = 90
; filament_unloading_speed_start = 100
; filament_vendor = Creality
; filename_format = {input_filename_base}_{filament_type[initial_tool]}_{print_time}.gcode
; fill_multiline = 1
; filter_out_gap_fill = 0
; first_layer_print_sequence = 0
; flush_box_first_clean_length = 90
; flush_box_need_clean_length = 70
; flush_box_need_clean_length_max = 100
; flush_into_infill = 0
; flush_into_objects = 0
; flush_into_skeleton = 0
; flush_into_support = 1
; flush_multiplier = 1
; flush_volumes_changed = 0
; flush_volumes_matrix = 0,280,280,280,280,0,280,280,280,280,0,280,280,280,280,0
; flush_volumes_vector = 140,140,140,140,140,140,140,140
; full_fan_speed_layer = 0
; fuzzy_skin = none
; fuzzy_skin_first_layer = 0
; fuzzy_skin_mode = displacement
; fuzzy_skin_noise_type = classic
; fuzzy_skin_octaves = 4
; fuzzy_skin_persistence = 0.5
; fuzzy_skin_point_distance = 0.8
; fuzzy_skin_scale = 1
; fuzzy_skin_thickness = 0.3
; gap_fill_target = everywhere
; gap_infill_speed = 40
; gcode_add_line_number = 0
; gcode_comments = 0
; gcode_flavor = marlin
; gcode_label_objects = 1
; has_scarf_joint_seam = 0
; head_wrap_detect_zone = 
; high_current_on_filament_swap = 0
; hole_to_polyhole = 0
; hole_to_polyhole_threshold = 0.01
; hole_to_polyhole_twisted = 1
; host_type = octoprint
; hot_plate_temp = 60
; hot_plate_temp_initial_layer = 60
; idle_temperature = 0
; ignore_inner_color = 0
; independent_support_layer_height = 1
; infill_anchor = 400%
; infill_anchor_max = 20
; infill_combination = 0
; infill_combination_max_layer_height = 100%
; infill_direction = 45
; infill_jerk = 10
; infill_lock_depth = 1
; infill_overhang_angle = 45
; infill_rotate_step = 0
; infill_shift_step = 0.4
; infill_wall_overlap = 30%
; inherits_group = ;;
; initial_layer_acceleration = 500
; initial_layer_infill_speed = 20
; initial_layer_jerk = 8
; initial_layer_line_width = 0.5
; initial_layer_min_bead_width = 85%
; initial_layer_print_height = 0.2
; initial_layer_speed = 15
; initial_layer_travel_acceleration = 0
; initial_layer_travel_speed = 50%
; inner_wall_acceleration = 500
; inner_wall_jerk = 10
; inner_wall_line_width = 0.45
; inner_wall_speed = 45
; interface_shells = 0
; interlocking_beam = 0
; interlocking_beam_layer_count = 2
; interlocking_beam_width = 0.8
; interlocking_boundary_avoidance = 2
; interlocking_depth = 2
; interlocking_orientation = 22.5
; internal_bridge_flow = 1
; internal_bridge_speed = 150%
; internal_solid_infill_acceleration = 100%
; internal_solid_infill_line_width = 0.45
; internal_solid_infill_pattern = monotonic
; internal_solid_infill_speed = 60
; ironing_angle = -1
; ironing_flow = 15%
; ironing_pattern = zig-zag
; ironing_spacing = 0.1
; ironing_speed = 20
; ironing_support_layer = 0
; ironing_type = no ironing
; is_infill_first = 0
; lateral_lattice_angle_1 = -45
; lateral_lattice_angle_2 = 45
; layer_change_gcode = 
; layer_height = 0.2
; line_width = 0.45
; locked_skeleton_infill_pattern = zig-zag2
; locked_skin_infill_pattern = cross-zag
; long_retractions_when_cut = 0
; machine_LED_light_exist = 0
; machine_end_gcode = G91 ;Relative positionning\nG1 E-2 F2700 ;Retract a bit \nG1 E-2 Z1 F2400 ;Retract and raise Z \nG1 X5 Y5 F3000 ;Wipe out \nG1 Z10 ;Raise Z more \nG90 ;Absolute positionning  \nG1 X0 Y0 ;Present print \nM106 S0 ;Turn-off fan \nM104 S0 ;Turn-off hotend \nM140 S0 ;Turn-off bed  \nM84 X Y E ;Disable all steppers but Z 
; machine_is_belt = 0
; machine_load_filament_time = 0
; machine_max_acceleration_e = 5000,5000
; machine_max_acceleration_extruding = 500,500
; machine_max_acceleration_retracting = 500,1000
; machine_max_acceleration_travel = 500,500
; machine_max_acceleration_x = 500,500
; machine_max_acceleration_y = 500,500
; machine_max_acceleration_z = 500,500
; machine_max_jerk_e = 5,5
; machine_max_jerk_x = 10,8
; machine_max_jerk_y = 10,8
; machine_max_jerk_z = 0.4,0.4
; machine_max_speed_e = 50,60
; machine_max_speed_x = 500,500
; machine_max_speed_y = 500,500
; machine_max_speed_z = 10,10
; machine_min_extruding_rate = 0,0
; machine_min_travel_rate = 0,0
; machine_pause_gcode = M25 ;pause print
; machine_platform_motion_enable = 0
; machine_ptc_exist = 0
; machine_start_gcode = M220 S100 ;Reset Feedrate\nM221 S100 ;Reset Flowrate\n\nM140 S[bed_temperature_initial_layer_single] ;Set final bed temp  \nG28 ;Home\nG92 E0 ;Reset Extruder\nG1 Z2.0 F3000 ;Move Z Axis up\nM104 S[nozzle_temperature_initial_layer] ;Set final nozzle temp  \nG1 X10.1 Y20 Z0.28 F5000.0 ;Move to start position\nM190 S[bed_temperature_initial_layer_single] ;Wait for bed temp to stabilize  \nM109 S[nozzle_temperature_initial_layer] ;Wait for nozzle temp to stabilize  \nG1 X10.1 Y145.0 Z0.28 F1500.0 E15 ;Draw the first line\nG1 X10.4 Y145.0 Z0.28 F5000.0 ;Move to side a little\nG1 X10.4 Y20 Z0.28 F1500.0 E30 ;Draw the second line\nG92 E0  ;Reset Extruder\nG1 E-1.0000 F1800 ;Retract a bit\nG1 Z2.0 F3000 ;Move Z Axis up\nG1 E0.0000 F1800
; machine_tool_change_time = 0
; machine_unload_filament_time = 0
; make_overhang_printable = 0
; make_overhang_printable_angle = 55
; make_overhang_printable_hole_size = 0
; manual_filament_change = 0
; material_flow_dependent_temperature = 0
; material_flow_temp_graph = [[3.0,210],[10.0,220],[12.0,230]]
; max_bridge_length = 10
; max_layer_height = 0.2
; max_travel_detour_distance = 0
; max_volumetric_extrusion_rate_slope = 0
; max_volumetric_extrusion_rate_slope_segment_length = 3
; min_bead_width = 85%
; min_feature_size = 25%
; min_layer_height = 0.08
; min_length_factor = 0.5
; min_skirt_length = 0
; min_width_top_surface = 300%
; minimum_sparse_infill_area = 10
; minimum_support_area = 5
; mixed_color_layer_height_a = 0
; mixed_color_layer_height_b = 0
; mixed_filament_advanced_dithering = 0
; mixed_filament_definitions = 
; mixed_filament_gradient_mode = 0
; mixed_filament_height_lower_bound = 0.04
; mixed_filament_height_upper_bound = 0.16
; mixed_filament_pointillism_line_gap = 0
; mixed_filament_pointillism_pixel_size = 0
; mixed_filament_surface_indentation = 0
; mmu_segmented_region_interlocking_depth = 0
; mmu_segmented_region_max_width = 0
; msao_recovery_enable = 0
; msao_safe_accel = 200
; msao_safe_velocity = 50
; multicolor_method = 0
; notes = 
; nozzle_diameter = 0.4
; nozzle_height = 2.5
; nozzle_hrc = 0
; nozzle_temperature = 205
; nozzle_temperature_initial_layer = 205
; nozzle_temperature_range_high = 240
; nozzle_temperature_range_low = 190
; nozzle_type = brass
; nozzle_volume = 0
; only_one_wall_first_layer = 0
; only_one_wall_top = 1
; ooze_prevention = 0
; other_layers_print_sequence = 0
; other_layers_print_sequence_nums = 0
; outer_wall_acceleration = 500
; outer_wall_jerk = 10
; outer_wall_line_width = 0.42
; outer_wall_speed = 40
; overhang_1_4_speed = 0
; overhang_2_4_speed = 30
; overhang_3_4_speed = 20
; overhang_4_4_speed = 10
; overhang_fan_speed = 100
; overhang_fan_threshold = 50%
; overhang_optimization = 0
; overhang_reverse = 0
; overhang_reverse_internal_only = 0
; overhang_reverse_threshold = 50%
; overhang_speed_classic = 0
; overhang_totally_speed = 10
; parking_pos_retraction = 92
; pellet_modded_printer = 0
; post_process = 
; precise_outer_wall = 0
; precise_z_height = 0
; preferred_orientation = 0
; preheat_steps = 1
; preheat_time = 30
; pressure_advance = 0.04
; prime_tower_brim_width = 3
; prime_tower_enable_framework = 0
; prime_tower_enhance_type = chamfer
; prime_tower_position_type = Middle Upper
; prime_tower_rib_wall = 1
; prime_tower_skip_points = 1
; prime_tower_width = 60
; prime_volume = 45
; print_compatible_printers = "Creality Ender-3 V2 0.4 nozzle"
; print_flow_ratio = 1
; print_order = default
; print_sequence = by layer
; print_settings_id = 0.20mm SmartSoil Low Material @Creality Ender-3 V2 0.4 nozzle
; printable_area = 0x0,220x0,220x220,0x220
; printable_height = 250
; printer_model = Creality Ender-3 V2
; printer_notes = 
; printer_settings_id = Creality Ender-3 V2 0.4 nozzle
; printer_structure = i3
; printer_technology = FFF
; printer_variant = 0.4
; printhost_authorization_type = key
; printhost_ssl_ignore_revoke = 0
; printing_by_object_gcode = 
; purge_in_prime_tower = 0
; raft_contact_distance = 0.1
; raft_expansion = 1.5
; raft_first_layer_density = 90%
; raft_first_layer_expansion = 2
; raft_layers = 0
; reduce_crossing_wall = 0
; reduce_fan_stop_start_freq = 1
; reduce_infill_retraction = 1
; required_nozzle_HRC = 0
; resolution = 0.012
; retract_before_wipe = 90%
; retract_length_toolchange = 0
; retract_lift_above = 0
; retract_lift_below = 0
; retract_lift_enforce = All Surfaces
; retract_restart_extra = 0
; retract_restart_extra_toolchange = 0
; retract_when_changing_layer = 1
; retraction_distances_when_cut = 18
; retraction_length = 5
; retraction_minimum_travel = 2
; retraction_speed = 50
; role_based_wipe_speed = 1
; rotate_solid_infill_direction = 1
; scan_first_layer = 0
; scarf_angle_threshold = 155
; scarf_joint_flow_ratio = 1
; scarf_joint_speed = 100%
; scarf_overhang_threshold = 40%
; seam_gap = 10%
; seam_position = aligned
; seam_slope_conditional = 0
; seam_slope_entire_loop = 0
; seam_slope_inner_walls = 0
; seam_slope_min_length = 20
; seam_slope_start_height = 0
; seam_slope_steps = 10
; seam_slope_type = none
; silent_mode = 0
; single_extruder_multi_material = 1
; single_extruder_multi_material_priming = 0
; skeleton_infill_density = 25%
; skeleton_infill_line_width = 100%
; skin_infill_density = 25%
; skin_infill_depth = 2
; skin_infill_line_width = 100%
; skirt_distance = 5
; skirt_height = 2
; skirt_loops = 2
; skirt_speed = 50
; skirt_type = combined
; slice_closing_radius = 0.049
; slicing_mode = regular
; slow_down_for_layer_cooling = 1
; slow_down_layer_time = 8
; slow_down_layers = 0
; slow_down_min_speed = 10
; slowdown_for_curled_perimeters = 0
; small_area_infill_flow_compensation = 0
; small_area_infill_flow_compensation_model = 0,0;"\n0.2,0.4444";"\n0.4,0.6145";"\n0.6,0.7059";"\n0.8,0.7619";"\n1.5,0.8571";"\n2,0.8889";"\n3,0.9231";"\n5,0.9520";"\n10,1"
; small_perimeter_speed = 40%
; small_perimeter_threshold = 0
; smart_cooling_zones = 0
; smooth_coefficient = 80
; smooth_speed_discontinuity_area = 0
; solid_infill_direction = 45
; solid_infill_filament = 0
; sparse_infill_acceleration = 100%
; sparse_infill_density = 10%
; sparse_infill_filament = 0
; sparse_infill_line_width = 0.45
; sparse_infill_pattern = gyroid
; sparse_infill_speed = 50
; speed_limit_to_height = [[100,150,100,6000,210],[150,200,80,5500,200],[200,250,60,5000,190]]
; speed_limit_to_height_enable = 0
; spiral_mode = 0
; spiral_mode_max_xy_smoothing = 200%
; spiral_mode_smooth = 0
; staggered_inner_seams = 0
; standby_temperature_delta = -5
; start_end_points = 30x-3,54x245
; support_air_filtration = 0
; support_angle = 0
; support_base_pattern = rectilinear
; support_base_pattern_spacing = 2.5
; support_base_pattern_tree = default
; support_bottom_interface_spacing = 0.5
; support_bottom_z_distance = 0.2
; support_chamber_temp_control = 0
; support_critical_regions_only = 0
; support_expansion = 0
; support_filament = 0
; support_interface_bottom_layers = 2
; support_interface_filament = 0
; support_interface_loop_pattern = 0
; support_interface_min_area = 0.25
; support_interface_not_for_body = 1
; support_interface_pattern = auto
; support_interface_spacing = 0.5
; support_interface_speed = 50
; support_interface_top_layers = 2
; support_ironing = 0
; support_ironing_flow = 10%
; support_ironing_pattern = zig-zag
; support_ironing_spacing = 0.2
; support_line_width = 0.42
; support_material_interface_fan_speed = -1
; support_multi_bed_types = 1
; support_object_first_layer_gap = 0.2
; support_object_xy_distance = 0.35
; support_on_build_plate_only = 1
; support_remove_small_overhang = 1
; support_speed = 50
; support_style = default
; support_threshold_angle = 30
; support_top_z_distance = 0.2
; support_type = normal(auto)
; support_xy_overrides_z = xy_overrides_z
; symmetric_infill_y_axis = 0
; temperature_vitrification = 60
; template_custom_gcode = 
; textured_plate_temp = 60
; textured_plate_temp_initial_layer = 60
; thick_bridges = 0
; thick_internal_bridges = 1
; thumbnails = 48x48/PNG, 300x300/PNG
; thumbnails_format = PNG
; time_cost = 0
; time_lapse_gcode = 
; timelapse_type = 0
; top_bottom_infill_wall_overlap = 25%
; top_shell_layers = 4
; top_shell_thickness = 0.8
; top_solid_infill_flow_ratio = 1
; top_surface_acceleration = 500
; top_surface_jerk = 10
; top_surface_line_width = 0.42
; top_surface_pattern = monotonic
; top_surface_speed = 40
; tpms_end_infill_density = 15%
; tpms_gradual_direction = gradualdir_x
; tpms_start_infill_density = 8%
; transmittance_matrix = 0.8,0.8,0.8,0.8,0.8,0.8,0.8,0.8,0.8,0.8,0.8,0.8,0.8,0.8,0.8,0.8
; travel_acceleration = 500
; travel_jerk = 8
; travel_short_distance_acceleration = 0
; travel_short_distance_threshold = 1.5
; travel_slope = 3
; travel_speed = 120
; travel_speed_z = 0
; tree_hybrid_cross_height = 0
; tree_support_adaptive_layer_height = 1
; tree_support_angle_slow = 25
; tree_support_auto_brim = 1
; tree_support_branch_angle = 45
; tree_support_branch_angle_organic = 40
; tree_support_branch_diameter = 2
; tree_support_branch_diameter_angle = 5
; tree_support_branch_diameter_double_wall = 3
; tree_support_branch_diameter_organic = 2
; tree_support_branch_distance = 5
; tree_support_branch_distance_organic = 1
; tree_support_brim_width = 3
; tree_support_organic_validate_repair = 0
; tree_support_tip_diameter = 0.8
; tree_support_top_rate = 30%
; tree_support_wall_count = 0
; tree_support_wall_count_tree = 0
; use_firmware_retraction = 0
; use_relative_e_distances = 1
; wall_direction = auto
; wall_distribution_count = 1
; wall_filament = 0
; wall_generator = arachne
; wall_loops = 3
; wall_sequence = inner wall/outer wall
; wall_transition_angle = 10
; wall_transition_filter_deviation = 25%
; wall_transition_length = 100%
; wipe = 1
; wipe_before_external_loop = 0
; wipe_distance = 2
; wipe_on_loops = 0
; wipe_speed = 80%
; wipe_tower_bridging = 10
; wipe_tower_cone_angle = 0
; wipe_tower_extra_flow = 100%
; wipe_tower_extra_spacing = 100%
; wipe_tower_filament = 0
; wipe_tower_max_purge_speed = 90
; wipe_tower_no_sparse_layers = 0
; wipe_tower_rotation_angle = 0
; wipe_tower_x = 0.000
; wipe_tower_y = 0.000
; wiping_volumes_extruders = 70,70,70,70,70,70,70,70,70,70
; xy_contour_compensation = 0
; xy_hole_compensation = 0
; z_direction_outwall_speed_continuous = 0
; z_hop = 0.4
; z_hop_types = Auto Lift
; z_offset = 0
; first_layer_bed_temperature = 60
; bed_shape = 0x0,220x0,220x220,0x220
; first_layer_temperature = 205
; first_layer_height = 0.200
; all_surface_with_shell = 1
; should_enable_preview_lod = 0
; CONFIG_BLOCK_END


; gcode_lines = 16863
