; HEADER_BLOCK_START
; generated by Creality_Print V7.2.1.5476 on 2026-09-19 at 14:40:58
; total layer number: 55
; filament_density: 1.24
; filament_diameter: 1.75
; max_z_height: 11.00
; creality_uuid: e2ccfead-1046-4fab-bf38-f9e0f539a588
; HEADER_BLOCK_END

; MINX = 98.00
; MINY = 93.00
; MINZ = 0.00
; MAXX = 122.00
; MAXY = 127.00
; MAXZ = 11.00

; multicolor_method = 0 
; external perimeters extrusion width = 0.42mm
; perimeters extrusion width = 0.45mm
; infill extrusion width = 0.45mm
; solid infill extrusion width = 0.45mm
; top infill extrusion width = 0.42mm
; support material extrusion width = 0.42mm
; first layer extrusion width = 0.50mm

; EXECUTABLE_BLOCK_START
M73 P0 R21
M201 X500 Y500 Z500 E5000
M203 X500 Y500 Z10 E50
M204 P500 R500 T500
M205 X10.00 Y10.00 Z0.40 E5.00 ; sets the jerk limits, mm/sec
; max_print_temp = 60,205
;TYPE:Custom
M220 S100 ;Reset Feedrate
M221 S100 ;Reset Flowrate

M140 S60 ;Set final bed temp  
G28 ;Home
G92 E0 ;Reset Extruder
G1 Z2.0 F3000 ;Move Z Axis up
M104 S205 ;Set final nozzle temp  
G1 X10.1 Y20 Z0.28 F5000.0 ;Move to start position
M190 S60 ;Wait for bed temp to stabilize  
M109 S205 ;Wait for nozzle temp to stabilize  
G1 X10.1 Y145.0 Z0.28 F1500.0 E15 ;Draw the first line
G1 X10.4 Y145.0 Z0.28 F5000.0 ;Move to side a little
G1 X10.4 Y20 Z0.28 F1500.0 E30 ;Draw the second line
G92 E0  ;Reset Extruder
G1 E-1.0000 F1800 ;Retract a bit
G1 Z2.0 F3000 ;Move Z Axis up
G1 E0.0000 F1800
G90
G21
M83 ; use relative distances for extrusion
;filament start gcode
G1 E-5 F2700
G1 Z.2 F3600
M106 S0
;LAYER_CHANGE
;:0.2
;HEIGHT:0.2
;BEFORE_LAYER_CHANGE
;0.2
G92 E0
;TIME_ELAPSED:64.722580
;_SET_FAN_SPEED_CHANGING_LAYER
M204 S500
M205 X8 Y8
G1 X93.619 Y89.027 Z.6 F3600
G1 Z.2
M73 P1 R21
G1 E5 F2400
;TYPE:Skirt
;WIDTH:0.5
G1 F3000
G1 X95.343 Y87.716 E.08067
G1 X98 Y87.086 E.1017
G1 X122 Y87.086 E.89391
G1 X124.129 Y87.482 E.08067
G1 X125.973 Y88.619 E.08067
G1 X127.284 Y90.343 E.08067
G1 X127.914 Y93 E.1017
G1 X127.914 Y127 E1.26637
G1 X127.518 Y129.129 E.08067
G1 X126.381 Y130.973 E.08067
G1 X124.657 Y132.284 E.08067
G1 X122 Y132.914 E.1017
G1 X98 Y132.914 E.89391
G1 X95.871 Y132.518 E.08067
G1 X94.027 Y131.381 E.08067
G1 X92.716 Y129.657 E.08067
G1 X92.086 Y127 E.1017
G1 X92.086 Y93 E1.26637
G1 X92.482 Y90.871 E.08067
G1 X93.598 Y89.061 E.07918
G1 X94 Y89.322 F3600
G1 F3000
G1 X94.071 Y89.213 E.00482
G1 X95.773 Y88.018 E.07747
G1 X98 Y87.543 E.08482
G1 X122 Y87.543 E.89391
G1 X124.042 Y87.939 E.07747
G1 X125.787 Y89.071 E.07747
G1 X126.982 Y90.773 E.07747
G1 X127.457 Y93 E.08482
G1 X127.457 Y127 E1.26637
G1 X127.061 Y129.042 E.07747
G1 X125.929 Y130.787 E.07747
G1 X124.227 Y131.982 E.07747
G1 X122 Y132.457 E.08482
G1 X98 Y132.457 E.89391
G1 X95.958 Y132.061 E.07747
G1 X94.213 Y130.929 E.07747
G1 X93.018 Y129.227 E.07747
G1 X92.543 Y127 E.08482
G1 X92.543 Y93 E1.26637
G1 X92.939 Y90.958 E.07747
G1 X93.979 Y89.355 E.07116
; OBJECT_ID: 15
; printing object 07_DHT22_ventilated_clip.stl id:0 copy 0
G1 E-4.5 F2700
;WIPE_START
G1 F3000
G1 X94.071 Y89.213 E-.04023
G1 X95.569 Y88.161 E-.43477
;WIPE_END
G1 E-.025 F2700
G1 X99.814 Y94.504 Z.6 F3600
G1 X120.686 Y125.686 Z.6
G1 Z.2
G1 E5 F2400
;TYPE:Inner wall
;WIDTH:0.499999
G1 F900
G1 X99.314 Y125.686 E.79601
G1 X99.314 Y94.314 E1.16847
G1 X120.686 Y94.314 E.79601
G1 X120.686 Y125.646 E1.16698
M73 P2 R21
G1 X121.143 Y126.143 F3600
G1 F900
G1 X98.857 Y126.143 E.83006
G1 X98.857 Y93.857 E1.20252
G1 X121.143 Y93.857 E.83006
G1 X121.143 Y126.103 E1.20103
G1 X121.6 Y126.6 F3600
;TYPE:Outer wall
G1 F900
G1 X98.4 Y126.6 E.86411
G1 X98.4 Y93.4 E1.23657
G1 X121.6 Y93.4 E.86411
M73 P3 R21
G1 X121.6 Y126.56 E1.23508
G1 E-4.5 F2700
;WIPE_START
G1 F900
G1 X119.6 Y126.563 E-.475
;WIPE_END
G1 E-.025 F2700
G1 X119.614 Y94.451 Z.6 F3600
G1 Z.2
G1 E5 F2400
;TYPE:Bottom surface
;WIDTH:0.50507
G1 F1200
G1 X120.343 Y95.18 E.03883
G1 X120.343 Y95.834 E.02461
G1 X119.166 Y94.657 E.06268
G1 X118.513 Y94.657 E.02461
G1 X120.343 Y96.487 E.09749
G1 X120.343 Y97.141 E.02461
G1 X117.859 Y94.657 E.1323
G1 X117.205 Y94.657 E.02461
G1 X120.343 Y97.795 E.16711
G1 X120.343 Y98.448 E.02461
G1 X116.552 Y94.657 E.20192
G1 X115.898 Y94.657 E.02461
G1 X120.343 Y99.102 E.23672
G1 X120.343 Y99.755 E.02461
G1 X115.245 Y94.657 E.27153
G1 X114.591 Y94.657 E.02461
G1 X120.343 Y100.409 E.30634
G1 X120.343 Y101.063 E.02461
G1 X113.937 Y94.657 E.34115
G1 X113.284 Y94.657 E.02461
G1 X120.343 Y101.716 E.37596
G1 X120.343 Y102.37 E.02461
G1 X112.63 Y94.657 E.41077
G1 X111.977 Y94.657 E.02461
G1 X120.343 Y103.023 E.44558
G1 X120.343 Y103.677 E.02461
G1 X111.323 Y94.657 E.48038
G1 X110.67 Y94.657 E.02461
G1 X120.343 Y104.33 E.51519
G1 X120.343 Y104.984 E.02461
G1 X110.016 Y94.657 E.55
G1 X109.362 Y94.657 E.02461
G1 X120.343 Y105.638 E.58481
G1 X120.343 Y106.291 E.02461
M73 P4 R21
G1 X108.709 Y94.657 E.61962
G1 X108.055 Y94.657 E.02461
G1 X120.343 Y106.945 E.65443
G1 X120.343 Y107.598 E.02461
G1 X107.402 Y94.657 E.68924
G1 X106.748 Y94.657 E.02461
G1 X120.343 Y108.252 E.72404
G1 X120.343 Y108.905 E.02461
G1 X106.095 Y94.657 E.75885
G1 X105.441 Y94.657 E.02461
G1 X120.343 Y109.559 E.79366
G1 X120.343 Y110.213 E.02461
M73 P4 R20
G1 X104.787 Y94.657 E.82847
G1 X104.134 Y94.657 E.02461
G1 X120.343 Y110.866 E.86328
G1 X120.343 Y111.52 E.02461
G1 X103.48 Y94.657 E.89809
G1 X102.827 Y94.657 E.02461
G1 X120.343 Y112.173 E.9329
G1 X120.343 Y112.827 E.02461
G1 X102.173 Y94.657 E.9677
G1 X101.519 Y94.657 E.02461
G1 X120.343 Y113.481 E1.00251
G1 X120.343 Y114.134 E.02461
M73 P5 R20
G1 X100.866 Y94.657 E1.03732
G1 X100.212 Y94.657 E.02461
G1 X120.343 Y114.788 E1.07213
G1 X120.343 Y115.441 E.02461
G1 X99.657 Y94.755 E1.10171
G1 X99.657 Y95.409 E.02461
G1 X120.343 Y116.095 E1.10171
G1 X120.343 Y116.748 E.02461
G1 X99.657 Y96.062 E1.10171
G1 X99.657 Y96.716 E.02461
G1 X120.343 Y117.402 E1.10171
G1 X120.343 Y118.056 E.02461
G1 X99.657 Y97.369 E1.10171
G1 X99.657 Y98.023 E.02461
G1 X120.343 Y118.709 E1.10171
G1 X120.343 Y119.363 E.02461
G1 X99.657 Y98.677 E1.10171
G1 X99.657 Y99.33 E.02461
M73 P6 R20
G1 X120.343 Y120.016 E1.10171
G1 X120.343 Y120.67 E.02461
G1 X99.657 Y99.984 E1.10171
G1 X99.657 Y100.637 E.02461
G1 X120.343 Y121.323 E1.10171
G1 X120.343 Y121.977 E.02461
G1 X99.657 Y101.291 E1.10171
G1 X99.657 Y101.945 E.02461
G1 X120.343 Y122.631 E1.10171
G1 X120.343 Y123.284 E.02461
G1 X99.657 Y102.598 E1.10171
G1 X99.657 Y103.252 E.02461
G1 X120.343 Y123.938 E1.10171
G1 X120.343 Y124.591 E.02461
G1 X99.657 Y103.905 E1.10171
G1 X99.657 Y104.559 E.02461
G1 X120.343 Y125.245 E1.10171
G1 X120.343 Y125.343 E.00369
M73 P7 R20
G1 X119.788 Y125.343 E.02092
G1 X99.657 Y105.212 E1.07212
G1 X99.657 Y105.866 E.02461
G1 X119.134 Y125.343 E1.03732
G1 X118.48 Y125.343 E.02461
G1 X99.657 Y106.52 E1.00251
G1 X99.657 Y107.173 E.02461
G1 X117.827 Y125.343 E.9677
G1 X117.173 Y125.343 E.02461
G1 X99.657 Y107.827 E.93289
G1 X99.657 Y108.48 E.02461
G1 X116.52 Y125.343 E.89808
G1 X115.866 Y125.343 E.02461
G1 X99.657 Y109.134 E.86327
G1 X99.657 Y109.787 E.02461
G1 X115.213 Y125.343 E.82846
G1 X114.559 Y125.343 E.02461
G1 X99.657 Y110.441 E.79366
G1 X99.657 Y111.095 E.02461
G1 X113.905 Y125.343 E.75885
G1 X113.252 Y125.343 E.02461
M73 P8 R20
G1 X99.657 Y111.748 E.72404
G1 X99.657 Y112.402 E.02461
G1 X112.598 Y125.343 E.68923
G1 X111.945 Y125.343 E.02461
G1 X99.657 Y113.055 E.65442
G1 X99.657 Y113.709 E.02461
G1 X111.291 Y125.343 E.61961
G1 X110.637 Y125.343 E.02461
G1 X99.657 Y114.363 E.5848
G1 X99.657 Y115.016 E.02461
G1 X109.984 Y125.343 E.55
G1 X109.33 Y125.343 E.02461
G1 X99.657 Y115.67 E.51519
G1 X99.657 Y116.323 E.02461
G1 X108.677 Y125.343 E.48038
G1 X108.023 Y125.343 E.02461
G1 X99.657 Y116.977 E.44557
G1 X99.657 Y117.63 E.02461
G1 X107.37 Y125.343 E.41076
G1 X106.716 Y125.343 E.02461
G1 X99.657 Y118.284 E.37595
G1 X99.657 Y118.938 E.02461
G1 X106.062 Y125.343 E.34114
G1 X105.409 Y125.343 E.02461
G1 X99.657 Y119.591 E.30634
G1 X99.657 Y120.245 E.02461
G1 X104.755 Y125.343 E.27153
G1 X104.102 Y125.343 E.02461
G1 X99.657 Y120.898 E.23672
G1 X99.657 Y121.552 E.02461
G1 X103.448 Y125.343 E.20191
G1 X102.795 Y125.343 E.02461
G1 X99.657 Y122.205 E.1671
G1 X99.657 Y122.859 E.02461
G1 X102.141 Y125.343 E.13229
G1 X101.487 Y125.343 E.02461
G1 X99.657 Y123.513 E.09748
G1 X99.657 Y124.166 E.02461
G1 X100.834 Y125.343 E.06268
G1 X100.18 Y125.343 E.02461
G1 X99.451 Y124.614 E.03882
; stop printing object 07_DHT22_ventilated_clip.stl id:0 copy 0
;TIME_ELAPSED:118.006004

M106 S255
;LAYER_CHANGE
;:0.4
;HEIGHT:0.2
;BEFORE_LAYER_CHANGE
;0.4
G92 E0

G1 E-4.5 F2700
;WIPE_START
G1 F1200
M73 P8 R19
G1 X100.18 Y125.343 E-.24483
G1 X100.834 Y125.343 E-.15523
G1 X100.611 Y125.12 E-.07494
;WIPE_END
G1 E-.025 F2700
;_SET_FAN_SPEED_CHANGING_LAYER
M205 X10 Y10
M205 X8 Y8
G17
G3 Z.6 I-1.217 J0 P1  F7200
G1 X100.611 Y132.457 Z.6
M73 P9 R19
G1 Z.4
G1 E5 F2400
M205 X10 Y10
;TYPE:Skirt
;WIDTH:0.5
G1 F3000
G1 X98 Y132.457 E.09724
G1 X95.958 Y132.061 E.07747
G1 X94.213 Y130.929 E.07747
G1 X93.018 Y129.227 E.07747
G1 X92.543 Y127 E.08482
G1 X92.543 Y93 E1.26637
G1 X92.939 Y90.958 E.07747
G1 X94.071 Y89.213 E.07747
G1 X95.773 Y88.018 E.07747
G1 X98 Y87.543 E.08482
G1 X122 Y87.543 E.89391
G1 X124.042 Y87.939 E.07747
G1 X125.787 Y89.071 E.07747
G1 X126.982 Y90.773 E.07747
G1 X127.457 Y93 E.08482
G1 X127.457 Y127 E1.26637
G1 X127.061 Y129.042 E.07747
G1 X125.929 Y130.787 E.07747
G1 X124.227 Y131.982 E.07747
G1 X122 Y132.457 E.08482
G1 X100.651 Y132.457 E.79518
; OBJECT_ID: 15
; printing object 07_DHT22_ventilated_clip.stl id:0 copy 0
G1 E-4.5 F2700
;WIPE_START
G1 F3000
G1 X98.651 Y132.457 E-.475
;WIPE_END
G1 E-.025 F2700
M205 X8 Y8
G1 X105.982 Y130.335 Z.8 F7200
G1 X120.991 Y125.991 Z.8
G1 Z.4
G1 E5 F2400
M205 X10 Y10
;TYPE:Inner wall
;WIDTH:0.449999
G1 F2700
G1 X99.009 Y125.991 E.72917
G1 X99.009 Y94.009 E1.06089
G1 X120.991 Y94.009 E.72917
G1 X120.991 Y125.951 E1.05956
M205 X8 Y8
G1 X121.398 Y126.398 F7200
M205 X10 Y10
G1 F2700
G1 X98.602 Y126.398 E.75618
G1 X98.602 Y93.602 E1.0879
G1 X121.398 Y93.602 E.75618
G1 X121.398 Y126.358 E1.08657
M205 X8 Y8
G1 X121.79 Y126.79 F7200
M205 X10 Y10
;TYPE:Outer wall
;WIDTH:0.419999
G1 F2400
G1 X98.21 Y126.79 E.72455
G1 X98.21 Y93.21 E1.03182
G1 X121.79 Y93.21 E.72455
G1 X121.79 Y126.75 E1.03059
G1 E-4.5 F2700
;WIPE_START
M73 P10 R19
G1 F2400
G1 X119.79 Y126.753 E-.475
;WIPE_END
G1 E-.025 F2700
M205 X8 Y8
G1 X120.514 Y124.579 Z.8 F7200
G1 Z.4
G1 E5 F2400
M205 X10 Y10
;TYPE:Internal solid infill
;WIDTH:0.590226
G1 F3600
G1 X119.579 Y125.514 E.05893
G1 X120.514 Y125.514 E.04167
G1 X120.514 Y124.619 E.03988
M205 X8 Y8
G1 X120.889 Y123.586 F7200
M205 X10 Y10
;WIDTH:0.450924
G1 F3600
G1 X118.769 Y125.706 E.09968
G1 X118.192 Y125.706 E.01918
G1 X120.706 Y123.192 E.11819
G1 X120.706 Y122.615 E.01918
G1 X117.615 Y125.706 E.14532
G1 X117.038 Y125.706 E.01918
G1 X120.706 Y122.038 E.17245
G1 X120.706 Y121.461 E.01918
G1 X116.461 Y125.706 E.19958
G1 X115.884 Y125.706 E.01918
G1 X120.706 Y120.884 E.22671
G1 X120.706 Y120.307 E.01918
G1 X115.307 Y125.706 E.25384
G1 X114.73 Y125.706 E.01918
G1 X120.706 Y119.73 E.28097
G1 X120.706 Y119.153 E.01918
G1 X114.153 Y125.706 E.3081
G1 X113.576 Y125.706 E.01918
G1 X120.706 Y118.576 E.33523
G1 X120.706 Y117.999 E.01918
G1 X112.999 Y125.706 E.36236
G1 X112.422 Y125.706 E.01918
G1 X120.706 Y117.422 E.38949
G1 X120.706 Y116.845 E.01918
G1 X111.845 Y125.706 E.41662
G1 X111.268 Y125.706 E.01918
G1 X120.706 Y116.268 E.44375
G1 X120.706 Y115.691 E.01918
G1 X110.691 Y125.706 E.47088
G1 X110.114 Y125.706 E.01918
G1 X120.706 Y115.114 E.49801
G1 X120.706 Y114.537 E.01918
G1 X109.537 Y125.706 E.52514
G1 X108.96 Y125.706 E.01918
G1 X120.706 Y113.96 E.55227
G1 X120.706 Y113.383 E.01918
G1 X108.383 Y125.706 E.5794
G1 X107.806 Y125.706 E.01918
G1 X120.706 Y112.806 E.60653
G1 X120.706 Y112.229 E.01918
G1 X107.229 Y125.706 E.63366
G1 X106.652 Y125.706 E.01918
G1 X120.706 Y111.652 E.66079
G1 X120.706 Y111.075 E.01918
G1 X106.075 Y125.706 E.68792
G1 X105.498 Y125.706 E.01918
G1 X120.706 Y110.498 E.71505
G1 X120.706 Y109.921 E.01918
G1 X104.921 Y125.706 E.74218
G1 X104.344 Y125.706 E.01918
G1 X120.706 Y109.344 E.76931
G1 X120.706 Y108.767 E.01918
G1 X103.767 Y125.706 E.79644
G1 X103.19 Y125.706 E.01918
G1 X120.706 Y108.19 E.82357
G1 X120.706 Y107.613 E.01918
G1 X102.613 Y125.706 E.8507
G1 X102.036 Y125.706 E.01918
G1 X120.706 Y107.036 E.87783
G1 X120.706 Y106.459 E.01918
G1 X101.459 Y125.706 E.90496
G1 X100.882 Y125.706 E.01918
G1 X120.706 Y105.882 E.93209
G1 X120.706 Y105.305 E.01918
G1 X100.305 Y125.706 E.95922
G1 X99.728 Y125.706 E.01918
M73 P11 R19
G1 X120.706 Y104.728 E.98635
G1 X120.706 Y104.151 E.01918
G1 X99.294 Y125.563 E1.00675
G1 X99.294 Y124.986 E.01918
G1 X120.706 Y103.574 E1.00675
G1 X120.706 Y102.997 E.01918
G1 X99.294 Y124.409 E1.00675
G1 X99.294 Y123.832 E.01918
G1 X120.706 Y102.42 E1.00675
G1 X120.706 Y101.843 E.01918
G1 X99.294 Y123.255 E1.00675
G1 X99.294 Y122.678 E.01918
G1 X120.706 Y101.266 E1.00675
G1 X120.706 Y100.689 E.01918
G1 X99.294 Y122.101 E1.00675
G1 X99.294 Y121.524 E.01918
G1 X120.706 Y100.112 E1.00675
G1 X120.706 Y99.535 E.01918
G1 X99.294 Y120.947 E1.00675
G1 X99.294 Y120.37 E.01918
G1 X120.706 Y98.958 E1.00675
G1 X120.706 Y98.381 E.01918
G1 X99.294 Y119.793 E1.00675
G1 X99.294 Y119.216 E.01918
G1 X120.706 Y97.804 E1.00675
G1 X120.706 Y97.227 E.01918
G1 X99.294 Y118.639 E1.00675
G1 X99.294 Y118.062 E.01918
G1 X120.706 Y96.65 E1.00675
G1 X120.706 Y96.073 E.01918
G1 X99.294 Y117.485 E1.00675
G1 X99.294 Y116.908 E.01918
G1 X120.706 Y95.496 E1.00675
G1 X120.706 Y94.919 E.01918
G1 X99.294 Y116.331 E1.00675
G1 X99.294 Y115.754 E.01918
G1 X120.706 Y94.342 E1.00675
G1 X120.706 Y94.294 E.00159
G1 X120.177 Y94.294 E.0176
G1 X99.294 Y115.177 E.98187
G1 X99.294 Y114.6 E.01918
G1 X119.6 Y94.294 E.95474
G1 X119.023 Y94.294 E.01918
G1 X99.294 Y114.023 E.92761
G1 X99.294 Y113.446 E.01918
M73 P12 R19
G1 X118.446 Y94.294 E.90048
G1 X117.869 Y94.294 E.01918
G1 X99.294 Y112.869 E.87335
G1 X99.294 Y112.292 E.01918
G1 X117.292 Y94.294 E.84622
G1 X116.715 Y94.294 E.01918
G1 X99.294 Y111.715 E.81909
G1 X99.294 Y111.138 E.01918
G1 X116.138 Y94.294 E.79196
G1 X115.561 Y94.294 E.01918
G1 X99.294 Y110.561 E.76483
G1 X99.294 Y109.984 E.01918
G1 X114.984 Y94.294 E.7377
G1 X114.407 Y94.294 E.01918
G1 X99.294 Y109.407 E.71057
G1 X99.294 Y108.83 E.01918
G1 X113.83 Y94.294 E.68344
G1 X113.253 Y94.294 E.01918
G1 X99.294 Y108.253 E.65631
G1 X99.294 Y107.676 E.01918
G1 X112.676 Y94.294 E.62918
G1 X112.099 Y94.294 E.01918
G1 X99.294 Y107.099 E.60205
G1 X99.294 Y106.522 E.01918
G1 X111.522 Y94.294 E.57492
G1 X110.945 Y94.294 E.01918
G1 X99.294 Y105.945 E.54779
G1 X99.294 Y105.368 E.01918
G1 X110.368 Y94.294 E.52066
G1 X109.791 Y94.294 E.01918
G1 X99.294 Y104.791 E.49353
G1 X99.294 Y104.214 E.01918
G1 X109.214 Y94.294 E.4664
G1 X108.637 Y94.294 E.01918
G1 X99.294 Y103.637 E.43927
G1 X99.294 Y103.06 E.01918
G1 X108.06 Y94.294 E.41214
G1 X107.483 Y94.294 E.01918
G1 X99.294 Y102.483 E.38501
G1 X99.294 Y101.906 E.01918
G1 X106.906 Y94.294 E.35788
G1 X106.329 Y94.294 E.01918
G1 X99.294 Y101.329 E.33075
G1 X99.294 Y100.752 E.01918
G1 X105.752 Y94.294 E.30362
G1 X105.175 Y94.294 E.01918
G1 X99.294 Y100.175 E.27649
G1 X99.294 Y99.598 E.01918
G1 X104.598 Y94.294 E.24936
G1 X104.021 Y94.294 E.01918
G1 X99.294 Y99.021 E.22223
G1 X99.294 Y98.444 E.01918
G1 X103.444 Y94.294 E.1951
G1 X102.867 Y94.294 E.01918
G1 X99.294 Y97.867 E.16797
G1 X99.294 Y97.289 E.01918
G1 X102.289 Y94.294 E.14084
G1 X101.712 Y94.294 E.01918
G1 X99.294 Y96.712 E.11371
G1 X99.294 Y96.135 E.01918
G1 X101.135 Y94.294 E.08658
G1 X100.558 Y94.294 E.01918
G1 X99.294 Y95.558 E.05945
G1 X99.294 Y94.981 E.01918
G1 X100.165 Y94.111 E.04093
M205 X8 Y8
G1 X99.417 Y94.355 F7200
M205 X10 Y10
;WIDTH:0.405698
G1 F3600
G1 X99.349 Y94.394 E.00232
G1 X99.419 Y94.429 E.00233
; stop printing object 07_DHT22_ventilated_clip.stl id:0 copy 0
;TIME_ELAPSED:169.990234

;LAYER_CHANGE
;:0.6
;HEIGHT:0.2
;BEFORE_LAYER_CHANGE
;0.6
G92 E0

G1 E-4.5 F2700
;WIPE_START
G1 F3600
G1 X99.349 Y94.394 E-.23778
G1 X99.417 Y94.355 E-.23722
;WIPE_END
G1 E-.025 F2700
;_SET_FAN_SPEED_CHANGING_LAYER
; OBJECT_ID: 15
; printing object 07_DHT22_ventilated_clip.stl id:0 copy 0
M205 X8 Y8
G17
G3 Z.8 I-1.005 J.686 P1  F7200
G1 X120.991 Y125.991 Z.8
G1 Z.6
G1 E5 F2400
M205 X10 Y10
;TYPE:Inner wall
;WIDTH:0.449999
G1 F2700
M73 P13 R19
G1 X99.009 Y125.991 E.72917
G1 X99.009 Y94.009 E1.06089
G1 X120.991 Y94.009 E.72917
G1 X120.991 Y125.951 E1.05956
M205 X8 Y8
G1 X121.398 Y126.398 F7200
M205 X10 Y10
G1 F2700
G1 X98.602 Y126.398 E.75618
G1 X98.602 Y93.602 E1.0879
G1 X121.398 Y93.602 E.75618
G1 X121.398 Y126.358 E1.08657
M205 X8 Y8
G1 X121.79 Y126.79 F7200
M205 X10 Y10
;TYPE:Outer wall
;WIDTH:0.419999
G1 F2400
G1 X98.21 Y126.79 E.72455
G1 X98.21 Y93.21 E1.03182
G1 X121.79 Y93.21 E.72455
M73 P13 R18
G1 X121.79 Y126.75 E1.03059
G1 E-4.5 F2700
;WIPE_START
G1 F2400
G1 X119.79 Y126.753 E-.475
;WIPE_END
G1 E-.025 F2700
M205 X8 Y8
G1 X99.417 Y125.567 Z1 F7200
G1 Z.6
G1 E5 F2400
M205 X10 Y10
;TYPE:Internal solid infill
;WIDTH:0.405698
G1 F3600
G1 X99.349 Y125.606 E.00232
G1 X99.419 Y125.641 E.00233
M205 X8 Y8
G1 X120.514 Y95.421 F7200
M205 X10 Y10
;WIDTH:0.590226
G1 F3600
G1 X120.514 Y94.486 E.04167
G1 X119.579 Y94.486 E.04167
G1 X120.485 Y95.392 E.05714
M205 X8 Y8
G1 X118.586 Y94.111 F7200
M205 X10 Y10
;WIDTH:0.450924
G1 F3600
G1 X120.706 Y96.231 E.09968
G1 X120.706 Y96.808 E.01918
G1 X118.192 Y94.294 E.11819
G1 X117.615 Y94.294 E.01918
G1 X120.706 Y97.385 E.14532
G1 X120.706 Y97.962 E.01918
G1 X117.038 Y94.294 E.17245
G1 X116.461 Y94.294 E.01918
G1 X120.706 Y98.539 E.19958
G1 X120.706 Y99.116 E.01918
G1 X115.884 Y94.294 E.22671
G1 X115.307 Y94.294 E.01918
G1 X120.706 Y99.693 E.25384
G1 X120.706 Y100.27 E.01918
G1 X114.73 Y94.294 E.28097
G1 X114.153 Y94.294 E.01918
G1 X120.706 Y100.847 E.3081
G1 X120.706 Y101.424 E.01918
G1 X113.576 Y94.294 E.33523
G1 X112.999 Y94.294 E.01918
G1 X120.706 Y102.001 E.36236
G1 X120.706 Y102.578 E.01918
G1 X112.422 Y94.294 E.38949
G1 X111.845 Y94.294 E.01918
G1 X120.706 Y103.155 E.41662
G1 X120.706 Y103.732 E.01918
M73 P14 R18
G1 X111.268 Y94.294 E.44375
G1 X110.691 Y94.294 E.01918
G1 X120.706 Y104.309 E.47088
G1 X120.706 Y104.886 E.01918
G1 X110.114 Y94.294 E.49801
G1 X109.537 Y94.294 E.01918
G1 X120.706 Y105.463 E.52514
G1 X120.706 Y106.04 E.01918
G1 X108.96 Y94.294 E.55227
G1 X108.383 Y94.294 E.01918
G1 X120.706 Y106.617 E.5794
G1 X120.706 Y107.194 E.01918
G1 X107.806 Y94.294 E.60653
G1 X107.229 Y94.294 E.01918
G1 X120.706 Y107.771 E.63366
G1 X120.706 Y108.348 E.01918
G1 X106.652 Y94.294 E.66079
G1 X106.075 Y94.294 E.01918
G1 X120.706 Y108.925 E.68792
G1 X120.706 Y109.502 E.01918
G1 X105.498 Y94.294 E.71505
G1 X104.921 Y94.294 E.01918
G1 X120.706 Y110.079 E.74218
G1 X120.706 Y110.656 E.01918
G1 X104.344 Y94.294 E.76931
G1 X103.767 Y94.294 E.01918
G1 X120.706 Y111.233 E.79644
G1 X120.706 Y111.81 E.01918
G1 X103.19 Y94.294 E.82357
G1 X102.613 Y94.294 E.01918
G1 X120.706 Y112.387 E.8507
G1 X120.706 Y112.964 E.01918
G1 X102.036 Y94.294 E.87783
G1 X101.459 Y94.294 E.01918
G1 X120.706 Y113.541 E.90496
G1 X120.706 Y114.118 E.01918
G1 X100.882 Y94.294 E.93209
G1 X100.305 Y94.294 E.01918
G1 X120.706 Y114.695 E.95922
G1 X120.706 Y115.272 E.01918
G1 X99.728 Y94.294 E.98635
G1 X99.294 Y94.294 E.01442
G1 X99.294 Y94.437 E.00476
G1 X120.706 Y115.849 E1.00675
G1 X120.706 Y116.426 E.01918
G1 X99.294 Y95.014 E1.00675
G1 X99.294 Y95.591 E.01918
G1 X120.706 Y117.003 E1.00675
G1 X120.706 Y117.58 E.01918
G1 X99.294 Y96.168 E1.00675
G1 X99.294 Y96.745 E.01918
G1 X120.706 Y118.157 E1.00675
G1 X120.706 Y118.734 E.01918
G1 X99.294 Y97.322 E1.00675
G1 X99.294 Y97.899 E.01918
M73 P15 R18
G1 X120.706 Y119.311 E1.00675
G1 X120.706 Y119.888 E.01918
G1 X99.294 Y98.476 E1.00675
G1 X99.294 Y99.053 E.01918
G1 X120.706 Y120.465 E1.00675
G1 X120.706 Y121.042 E.01918
G1 X99.294 Y99.63 E1.00675
G1 X99.294 Y100.207 E.01918
G1 X120.706 Y121.619 E1.00675
G1 X120.706 Y122.196 E.01918
G1 X99.294 Y100.784 E1.00675
G1 X99.294 Y101.361 E.01918
G1 X120.706 Y122.773 E1.00675
G1 X120.706 Y123.35 E.01918
G1 X99.294 Y101.938 E1.00675
G1 X99.294 Y102.515 E.01918
G1 X120.706 Y123.927 E1.00675
G1 X120.706 Y124.504 E.01918
G1 X99.294 Y103.092 E1.00675
G1 X99.294 Y103.669 E.01918
G1 X120.706 Y125.081 E1.00675
G1 X120.706 Y125.658 E.01918
G1 X99.294 Y104.246 E1.00675
G1 X99.294 Y104.823 E.01918
G1 X120.177 Y125.706 E.98187
G1 X119.6 Y125.706 E.01918
G1 X99.294 Y105.4 E.95474
G1 X99.294 Y105.977 E.01918
G1 X119.023 Y125.706 E.92761
G1 X118.446 Y125.706 E.01918
G1 X99.294 Y106.554 E.90048
G1 X99.294 Y107.131 E.01918
G1 X117.869 Y125.706 E.87335
G1 X117.292 Y125.706 E.01918
G1 X99.294 Y107.708 E.84622
G1 X99.294 Y108.285 E.01918
G1 X116.715 Y125.706 E.81909
G1 X116.138 Y125.706 E.01918
G1 X99.294 Y108.862 E.79196
G1 X99.294 Y109.439 E.01918
G1 X115.561 Y125.706 E.76483
G1 X114.984 Y125.706 E.01918
G1 X99.294 Y110.016 E.7377
G1 X99.294 Y110.593 E.01918
M73 P16 R18
G1 X114.407 Y125.706 E.71057
G1 X113.83 Y125.706 E.01918
G1 X99.294 Y111.17 E.68344
G1 X99.294 Y111.747 E.01918
G1 X113.253 Y125.706 E.65631
G1 X112.676 Y125.706 E.01918
G1 X99.294 Y112.324 E.62918
G1 X99.294 Y112.901 E.01918
G1 X112.099 Y125.706 E.60205
G1 X111.522 Y125.706 E.01918
G1 X99.294 Y113.478 E.57492
G1 X99.294 Y114.055 E.01918
G1 X110.945 Y125.706 E.54779
G1 X110.368 Y125.706 E.01918
G1 X99.294 Y114.632 E.52066
G1 X99.294 Y115.209 E.01918
G1 X109.791 Y125.706 E.49353
G1 X109.214 Y125.706 E.01918
G1 X99.294 Y115.786 E.4664
G1 X99.294 Y116.363 E.01918
G1 X108.637 Y125.706 E.43927
G1 X108.06 Y125.706 E.01918
G1 X99.294 Y116.94 E.41214
G1 X99.294 Y117.517 E.01918
G1 X107.483 Y125.706 E.38501
G1 X106.906 Y125.706 E.01918
G1 X99.294 Y118.094 E.35788
G1 X99.294 Y118.671 E.01918
G1 X106.329 Y125.706 E.33075
G1 X105.752 Y125.706 E.01918
G1 X99.294 Y119.248 E.30362
G1 X99.294 Y119.825 E.01918
G1 X105.175 Y125.706 E.27649
G1 X104.598 Y125.706 E.01918
G1 X99.294 Y120.402 E.24936
G1 X99.294 Y120.979 E.01918
G1 X104.021 Y125.706 E.22223
G1 X103.444 Y125.706 E.01918
G1 X99.294 Y121.556 E.1951
G1 X99.294 Y122.134 E.01918
G1 X102.866 Y125.706 E.16797
G1 X102.289 Y125.706 E.01918
G1 X99.294 Y122.711 E.14084
G1 X99.294 Y123.288 E.01918
G1 X101.712 Y125.706 E.11371
G1 X101.135 Y125.706 E.01918
G1 X99.294 Y123.865 E.08658
G1 X99.294 Y124.442 E.01918
G1 X100.558 Y125.706 E.05945
G1 X99.981 Y125.706 E.01918
G1 X99.111 Y124.835 E.04093
; stop printing object 07_DHT22_ventilated_clip.stl id:0 copy 0
;TIME_ELAPSED:218.604141

;LAYER_CHANGE
;:0.8
;HEIGHT:0.2
;BEFORE_LAYER_CHANGE
;0.8
G92 E0

G1 E-4.5 F2700
;WIPE_START
G1 F3600
G1 X99.981 Y125.706 E-.2924
G1 X100.558 Y125.706 E-.13704
G1 X100.423 Y125.57 E-.04557
;WIPE_END
G1 E-.025 F2700
;_SET_FAN_SPEED_CHANGING_LAYER
; OBJECT_ID: 15
; printing object 07_DHT22_ventilated_clip.stl id:0 copy 0
M205 X8 Y8
G17
G3 Z1 I-.025 J1.217 P1  F7200
G1 X120.991 Y125.991 Z1
G1 Z.8
G1 E5 F2400
M205 X10 Y10
;TYPE:Inner wall
;WIDTH:0.449999
G1 F2700
G1 X99.009 Y125.991 E.72917
G1 X99.009 Y94.009 E1.06089
G1 X120.991 Y94.009 E.72917
G1 X120.991 Y125.951 E1.05956
M205 X8 Y8
G1 X121.398 Y126.398 F7200
M205 X10 Y10
G1 F2700
G1 X98.602 Y126.398 E.75618
G1 X98.602 Y93.602 E1.0879
G1 X121.398 Y93.602 E.75618
G1 X121.398 Y126.358 E1.08657
M205 X8 Y8
M73 P17 R18
G1 X121.79 Y126.79 F7200
M205 X10 Y10
;TYPE:Outer wall
;WIDTH:0.419999
G1 F2400
G1 X98.21 Y126.79 E.72455
G1 X98.21 Y93.21 E1.03182
G1 X121.79 Y93.21 E.72455
G1 X121.79 Y126.75 E1.03059
G1 E-4.5 F2700
;WIPE_START
G1 F2400
G1 X119.79 Y126.753 E-.475
;WIPE_END
G1 E-.025 F2700
M205 X8 Y8
G1 X120.514 Y124.579 Z1.2 F7200
G1 Z.8
G1 E5 F2400
M205 X10 Y10
;TYPE:Internal solid infill
;WIDTH:0.590226
G1 F3600
G1 X119.579 Y125.514 E.05893
G1 X120.514 Y125.514 E.04167
G1 X120.514 Y124.619 E.03988
M205 X8 Y8
G1 X120.889 Y123.586 F7200
M205 X10 Y10
;WIDTH:0.450924
G1 F3600
G1 X118.769 Y125.706 E.09968
G1 X118.192 Y125.706 E.01918
G1 X120.706 Y123.192 E.11819
G1 X120.706 Y122.615 E.01918
G1 X117.615 Y125.706 E.14532
G1 X117.038 Y125.706 E.01918
G1 X120.706 Y122.038 E.17245
G1 X120.706 Y121.461 E.01918
G1 X116.461 Y125.706 E.19958
G1 X115.884 Y125.706 E.01918
G1 X120.706 Y120.884 E.22671
G1 X120.706 Y120.307 E.01918
G1 X115.307 Y125.706 E.25384
G1 X114.73 Y125.706 E.01918
G1 X120.706 Y119.73 E.28097
G1 X120.706 Y119.153 E.01918
G1 X114.153 Y125.706 E.3081
G1 X113.576 Y125.706 E.01918
G1 X120.706 Y118.576 E.33523
G1 X120.706 Y117.999 E.01918
G1 X112.999 Y125.706 E.36236
G1 X112.422 Y125.706 E.01918
G1 X120.706 Y117.422 E.38949
G1 X120.706 Y116.845 E.01918
G1 X111.845 Y125.706 E.41662
G1 X111.268 Y125.706 E.01918
G1 X120.706 Y116.268 E.44375
G1 X120.706 Y115.691 E.01918
G1 X110.691 Y125.706 E.47088
G1 X110.114 Y125.706 E.01918
G1 X120.706 Y115.114 E.49801
G1 X120.706 Y114.537 E.01918
G1 X109.537 Y125.706 E.52514
G1 X108.96 Y125.706 E.01918
G1 X120.706 Y113.96 E.55227
G1 X120.706 Y113.383 E.01918
G1 X108.383 Y125.706 E.5794
G1 X107.806 Y125.706 E.01918
G1 X120.706 Y112.806 E.60653
G1 X120.706 Y112.229 E.01918
G1 X107.229 Y125.706 E.63366
G1 X106.652 Y125.706 E.01918
G1 X120.706 Y111.652 E.66079
G1 X120.706 Y111.075 E.01918
G1 X106.075 Y125.706 E.68792
G1 X105.498 Y125.706 E.01918
G1 X120.706 Y110.498 E.71505
G1 X120.706 Y109.921 E.01918
G1 X104.921 Y125.706 E.74218
G1 X104.344 Y125.706 E.01918
G1 X120.706 Y109.344 E.76931
M73 P18 R18
G1 X120.706 Y108.767 E.01918
G1 X103.767 Y125.706 E.79644
G1 X103.19 Y125.706 E.01918
M73 P18 R17
G1 X120.706 Y108.19 E.82357
G1 X120.706 Y107.613 E.01918
G1 X102.613 Y125.706 E.8507
G1 X102.036 Y125.706 E.01918
G1 X120.706 Y107.036 E.87783
G1 X120.706 Y106.459 E.01918
G1 X101.459 Y125.706 E.90496
G1 X100.882 Y125.706 E.01918
G1 X120.706 Y105.882 E.93209
G1 X120.706 Y105.305 E.01918
G1 X100.305 Y125.706 E.95922
G1 X99.728 Y125.706 E.01918
G1 X120.706 Y104.728 E.98635
G1 X120.706 Y104.151 E.01918
G1 X99.294 Y125.563 E1.00675
G1 X99.294 Y124.986 E.01918
G1 X120.706 Y103.574 E1.00675
G1 X120.706 Y102.997 E.01918
G1 X99.294 Y124.409 E1.00675
G1 X99.294 Y123.832 E.01918
G1 X120.706 Y102.42 E1.00675
G1 X120.706 Y101.843 E.01918
G1 X99.294 Y123.255 E1.00675
G1 X99.294 Y122.678 E.01918
G1 X120.706 Y101.266 E1.00675
G1 X120.706 Y100.689 E.01918
G1 X99.294 Y122.101 E1.00675
G1 X99.294 Y121.524 E.01918
G1 X120.706 Y100.112 E1.00675
G1 X120.706 Y99.535 E.01918
G1 X99.294 Y120.947 E1.00675
G1 X99.294 Y120.37 E.01918
G1 X120.706 Y98.958 E1.00675
G1 X120.706 Y98.381 E.01918
G1 X99.294 Y119.793 E1.00675
G1 X99.294 Y119.216 E.01918
G1 X120.706 Y97.804 E1.00675
G1 X120.706 Y97.227 E.01918
G1 X99.294 Y118.639 E1.00675
G1 X99.294 Y118.062 E.01918
G1 X120.706 Y96.65 E1.00675
G1 X120.706 Y96.073 E.01918
M73 P19 R17
G1 X99.294 Y117.485 E1.00675
G1 X99.294 Y116.908 E.01918
G1 X120.706 Y95.496 E1.00675
G1 X120.706 Y94.919 E.01918
G1 X99.294 Y116.331 E1.00675
G1 X99.294 Y115.754 E.01918
G1 X120.706 Y94.342 E1.00675
G1 X120.706 Y94.294 E.00159
G1 X120.177 Y94.294 E.0176
G1 X99.294 Y115.177 E.98187
G1 X99.294 Y114.6 E.01918
G1 X119.6 Y94.294 E.95474
G1 X119.023 Y94.294 E.01918
G1 X99.294 Y114.023 E.92761
G1 X99.294 Y113.446 E.01918
G1 X118.446 Y94.294 E.90048
G1 X117.869 Y94.294 E.01918
G1 X99.294 Y112.869 E.87335
G1 X99.294 Y112.292 E.01918
G1 X117.292 Y94.294 E.84622
G1 X116.715 Y94.294 E.01918
G1 X99.294 Y111.715 E.81909
G1 X99.294 Y111.138 E.01918
G1 X116.138 Y94.294 E.79196
G1 X115.561 Y94.294 E.01918
G1 X99.294 Y110.561 E.76483
G1 X99.294 Y109.984 E.01918
G1 X114.984 Y94.294 E.7377
G1 X114.407 Y94.294 E.01918
G1 X99.294 Y109.407 E.71057
G1 X99.294 Y108.83 E.01918
G1 X113.83 Y94.294 E.68344
G1 X113.253 Y94.294 E.01918
G1 X99.294 Y108.253 E.65631
G1 X99.294 Y107.676 E.01918
G1 X112.676 Y94.294 E.62918
G1 X112.099 Y94.294 E.01918
G1 X99.294 Y107.099 E.60205
G1 X99.294 Y106.522 E.01918
G1 X111.522 Y94.294 E.57492
G1 X110.945 Y94.294 E.01918
G1 X99.294 Y105.945 E.54779
G1 X99.294 Y105.368 E.01918
G1 X110.368 Y94.294 E.52066
G1 X109.791 Y94.294 E.01918
G1 X99.294 Y104.791 E.49353
G1 X99.294 Y104.214 E.01918
G1 X109.214 Y94.294 E.4664
G1 X108.637 Y94.294 E.01918
G1 X99.294 Y103.637 E.43927
G1 X99.294 Y103.06 E.01918
G1 X108.06 Y94.294 E.41214
G1 X107.483 Y94.294 E.01918
G1 X99.294 Y102.483 E.38501
G1 X99.294 Y101.906 E.01918
M73 P20 R17
G1 X106.906 Y94.294 E.35788
G1 X106.329 Y94.294 E.01918
G1 X99.294 Y101.329 E.33075
G1 X99.294 Y100.752 E.01918
G1 X105.752 Y94.294 E.30362
G1 X105.175 Y94.294 E.01918
G1 X99.294 Y100.175 E.27649
G1 X99.294 Y99.598 E.01918
G1 X104.598 Y94.294 E.24936
G1 X104.021 Y94.294 E.01918
G1 X99.294 Y99.021 E.22223
G1 X99.294 Y98.444 E.01918
G1 X103.444 Y94.294 E.1951
G1 X102.867 Y94.294 E.01918
G1 X99.294 Y97.867 E.16797
G1 X99.294 Y97.289 E.01918
G1 X102.289 Y94.294 E.14084
G1 X101.712 Y94.294 E.01918
G1 X99.294 Y96.712 E.11371
G1 X99.294 Y96.135 E.01918
G1 X101.135 Y94.294 E.08658
G1 X100.558 Y94.294 E.01918
G1 X99.294 Y95.558 E.05945
G1 X99.294 Y94.981 E.01918
G1 X100.165 Y94.111 E.04093
M205 X8 Y8
G1 X99.417 Y94.355 F7200
M205 X10 Y10
;WIDTH:0.405698
G1 F3600
G1 X99.349 Y94.394 E.00232
G1 X99.419 Y94.429 E.00233
; stop printing object 07_DHT22_ventilated_clip.stl id:0 copy 0
;TIME_ELAPSED:266.395142

;LAYER_CHANGE
;:1
;HEIGHT:0.2
;BEFORE_LAYER_CHANGE
;1
G92 E0

G1 E-4.5 F2700
;WIPE_START
G1 F3600
G1 X99.349 Y94.394 E-.23778
G1 X99.417 Y94.355 E-.23722
;WIPE_END
G1 E-.025 F2700
;_SET_FAN_SPEED_CHANGING_LAYER
; OBJECT_ID: 15
; printing object 07_DHT22_ventilated_clip.stl id:0 copy 0
M205 X8 Y8
G17
G3 Z1.2 I-1.005 J.686 P1  F7200
G1 X120.991 Y125.991 Z1.2
G1 Z1
G1 E5 F2400
M205 X10 Y10
;TYPE:Inner wall
;WIDTH:0.449999
G1 F2700
G1 X99.009 Y125.991 E.72917
G1 X99.009 Y94.009 E1.06089
G1 X120.991 Y94.009 E.72917
G1 X120.991 Y125.951 E1.05956
M205 X8 Y8
G1 X121.398 Y126.398 F7200
M205 X10 Y10
G1 F2700
G1 X98.602 Y126.398 E.75618
G1 X98.602 Y93.602 E1.0879
G1 X121.398 Y93.602 E.75618
G1 X121.398 Y126.358 E1.08657
M205 X8 Y8
G1 X121.79 Y126.79 F7200
M205 X10 Y10
;TYPE:Outer wall
;WIDTH:0.419999
G1 F2400
G1 X98.21 Y126.79 E.72455
G1 X98.21 Y93.21 E1.03182
G1 X121.79 Y93.21 E.72455
G1 X121.79 Y126.75 E1.03059
G1 E-4.5 F2700
;WIPE_START
G1 F2400
G1 X119.79 Y126.753 E-.475
;WIPE_END
G1 E-.025 F2700
M205 X8 Y8
G1 X100.856 Y125.706 Z1.4 F7200
G1 Z1
M73 P21 R17
G1 E5 F2400
M205 X10 Y10
;TYPE:Sparse infill
;WIDTH:0.45
G1 F3000
G1 X102.484 Y125.706 E.05401
G1 X102.496 Y125.584 E.00406
G1 X102.384 Y124.929 E.02205
G1 X102.157 Y124.274 E.023
G1 X101.8 Y123.619 E.02476
G1 X101.243 Y122.963 E.02853
G1 X100.395 Y122.308 E.03555
G1 X99.433 Y121.653 E.0386
G1 X99.294 Y121.51 E.00662
G1 X99.294 Y118.894 E.08676
G1 X99.576 Y118.377 E.01954
G1 X100.133 Y117.722 E.02853
G1 X100.981 Y117.067 E.03555
G1 X101.943 Y116.412 E.0386
G1 X102.26 Y116.084 E.01513
G1 X102.429 Y115.757 E.01223
G1 X102.496 Y115.101 E.02185
G1 X102.384 Y114.446 E.02205
G1 X102.157 Y113.791 E.023
G1 X101.8 Y113.136 E.02476
G1 X101.243 Y112.481 E.02853
G1 X100.395 Y111.826 E.03555
G1 X99.433 Y111.171 E.0386
G1 X99.294 Y111.027 E.00662
G1 X99.294 Y108.412 E.08676
G1 X99.576 Y107.895 E.01954
G1 X100.133 Y107.24 E.02853
G1 X100.981 Y106.584 E.03555
G1 X101.943 Y105.929 E.0386
G1 X102.26 Y105.602 E.01513
G1 X102.429 Y105.274 E.01223
G1 X102.496 Y104.619 E.02185
G1 X102.384 Y103.964 E.02205
G1 X102.157 Y103.309 E.023
G1 X101.8 Y102.653 E.02476
G1 X101.243 Y101.998 E.02853
G1 X100.395 Y101.343 E.03555
G1 X99.433 Y100.688 E.0386
G1 X99.294 Y100.545 E.00662
G1 X99.294 Y97.929 E.08676
G1 X99.576 Y97.412 E.01954
G1 X100.133 Y96.757 E.02853
G1 X100.981 Y96.102 E.03555
G1 X101.943 Y95.447 E.0386
G1 X102.26 Y95.119 E.01513
G1 X102.429 Y94.791 E.01223
G1 X102.48 Y94.294 E.01658
G1 X106.28 Y94.294 E.12603
G1 X105.636 Y94.791 E.02698
G1 X104.674 Y95.447 E.0386
G1 X104.357 Y95.774 E.01513
G1 X104.188 Y96.102 E.01223
G1 X104.121 Y96.757 E.02185
G1 X104.233 Y97.412 E.02205
G1 X104.46 Y98.067 E.023
G1 X104.818 Y98.722 E.02476
G1 X105.375 Y99.378 E.02853
G1 X106.223 Y100.033 E.03555
G1 X107.184 Y100.688 E.0386
G1 X107.502 Y101.015 E.01513
G1 X107.671 Y101.343 E.01223
G1 X107.738 Y101.998 E.02185
G1 X107.625 Y102.653 E.02205
G1 X107.398 Y103.309 E.023
G1 X107.041 Y103.964 E.02476
G1 X106.484 Y104.619 E.02853
G1 X105.636 Y105.274 E.03555
G1 X104.674 Y105.929 E.0386
G1 X104.357 Y106.257 E.01513
G1 X104.188 Y106.584 E.01223
G1 X104.121 Y107.24 E.02185
G1 X104.233 Y107.895 E.02205
G1 X104.46 Y108.55 E.023
G1 X104.818 Y109.205 E.02476
G1 X105.375 Y109.86 E.02853
G1 X106.223 Y110.515 E.03555
G1 X107.184 Y111.171 E.0386
G1 X107.502 Y111.498 E.01513
G1 X107.671 Y111.826 E.01223
G1 X107.738 Y112.481 E.02185
G1 X107.625 Y113.136 E.02205
G1 X107.398 Y113.791 E.023
G1 X107.041 Y114.446 E.02476
G1 X106.484 Y115.101 E.02853
G1 X105.636 Y115.757 E.03555
G1 X104.674 Y116.412 E.0386
G1 X104.357 Y116.739 E.01513
G1 X104.188 Y117.067 E.01223
G1 X104.121 Y117.722 E.02185
G1 X104.233 Y118.377 E.02205
G1 X104.46 Y119.032 E.023
G1 X104.818 Y119.688 E.02476
G1 X105.375 Y120.343 E.02853
G1 X106.223 Y120.998 E.03555
G1 X107.184 Y121.653 E.0386
G1 X107.502 Y121.981 E.01513
G1 X107.671 Y122.308 E.01223
G1 X107.738 Y122.963 E.02185
G1 X107.625 Y123.619 E.02205
G1 X107.398 Y124.274 E.023
G1 X107.041 Y124.929 E.02476
G1 X106.484 Y125.584 E.02853
G1 X106.326 Y125.706 E.00661
G1 X112.966 Y125.706 E.22027
G1 X112.979 Y125.584 E.00406
G1 X112.867 Y124.929 E.02205
G1 X112.64 Y124.274 E.023
G1 X112.282 Y123.619 E.02476
G1 X111.725 Y122.963 E.02853
G1 X110.877 Y122.308 E.03555
G1 X109.916 Y121.653 E.0386
G1 X109.598 Y121.326 E.01513
G1 X109.429 Y120.998 E.01223
G1 X109.362 Y120.343 E.02185
G1 X109.474 Y119.688 E.02205
G1 X109.701 Y119.032 E.023
G1 X110.059 Y118.377 E.02476
G1 X110.616 Y117.722 E.02853
G1 X111.464 Y117.067 E.03555
G1 X112.425 Y116.412 E.0386
G1 X112.743 Y116.084 E.01513
G1 X112.912 Y115.757 E.01223
G1 X112.979 Y115.101 E.02185
G1 X112.867 Y114.446 E.02205
G1 X112.64 Y113.791 E.023
G1 X112.282 Y113.136 E.02476
G1 X111.725 Y112.481 E.02853
G1 X110.877 Y111.826 E.03555
G1 X109.916 Y111.171 E.0386
G1 X109.598 Y110.843 E.01513
G1 X109.429 Y110.515 E.01223
G1 X109.362 Y109.86 E.02185
G1 X109.474 Y109.205 E.02205
G1 X109.701 Y108.55 E.023
G1 X110.059 Y107.895 E.02476
G1 X110.616 Y107.24 E.02853
G1 X111.464 Y106.584 E.03555
G1 X112.425 Y105.929 E.0386
G1 X112.743 Y105.602 E.01513
G1 X112.912 Y105.274 E.01223
G1 X112.979 Y104.619 E.02185
G1 X112.867 Y103.964 E.02205
G1 X112.64 Y103.309 E.023
G1 X112.282 Y102.653 E.02476
G1 X111.725 Y101.998 E.02853
G1 X110.877 Y101.343 E.03555
G1 X109.916 Y100.688 E.0386
G1 X109.598 Y100.36 E.01513
G1 X109.429 Y100.033 E.01223
G1 X109.362 Y99.378 E.02185
G1 X109.474 Y98.722 E.02205
G1 X109.701 Y98.067 E.023
G1 X110.059 Y97.412 E.02476
G1 X110.616 Y96.757 E.02853
G1 X111.464 Y96.102 E.03555
G1 X112.425 Y95.447 E.0386
G1 X112.743 Y95.119 E.01513
G1 X112.912 Y94.791 E.01223
G1 X112.963 Y94.294 E.01658
G1 X116.762 Y94.294 E.12603
G1 X116.119 Y94.791 E.02698
G1 X115.157 Y95.447 E.0386
G1 X114.839 Y95.774 E.01513
G1 X114.67 Y96.102 E.01223
G1 X114.603 Y96.757 E.02185
G1 X114.716 Y97.412 E.02205
G1 X114.943 Y98.067 E.023
G1 X115.3 Y98.722 E.02476
G1 X115.857 Y99.378 E.02853
G1 X116.705 Y100.033 E.03555
G1 X117.667 Y100.688 E.0386
G1 X117.984 Y101.015 E.01513
G1 X118.153 Y101.343 E.01223
G1 X118.22 Y101.998 E.02185
G1 X118.108 Y102.653 E.02205
G1 X117.881 Y103.309 E.023
G1 X117.524 Y103.964 E.02476
G1 X116.966 Y104.619 E.02853
G1 X116.119 Y105.274 E.03555
G1 X115.157 Y105.929 E.0386
G1 X114.839 Y106.257 E.01513
G1 X114.67 Y106.584 E.01223
G1 X114.603 Y107.24 E.02185
G1 X114.716 Y107.895 E.02205
G1 X114.943 Y108.55 E.023
G1 X115.3 Y109.205 E.02476
G1 X115.857 Y109.86 E.02853
G1 X116.705 Y110.515 E.03555
G1 X117.667 Y111.171 E.0386
G1 X117.984 Y111.498 E.01513
G1 X118.153 Y111.826 E.01223
G1 X118.22 Y112.481 E.02185
G1 X118.108 Y113.136 E.02205
G1 X117.881 Y113.791 E.023
G1 X117.524 Y114.446 E.02476
G1 X116.966 Y115.101 E.02853
G1 X116.119 Y115.757 E.03555
G1 X115.157 Y116.412 E.0386
G1 X114.839 Y116.739 E.01513
G1 X114.67 Y117.067 E.01223
G1 X114.603 Y117.722 E.02185
G1 X114.716 Y118.377 E.02205
G1 X114.943 Y119.032 E.023
G1 X115.3 Y119.688 E.02476
G1 X115.857 Y120.343 E.02853
G1 X116.705 Y120.998 E.03555
G1 X117.667 Y121.653 E.0386
G1 X117.984 Y121.981 E.01513
G1 X118.153 Y122.308 E.01223
G1 X118.22 Y122.963 E.02185
G1 X118.108 Y123.619 E.02205
G1 X117.881 Y124.274 E.023
G1 X117.524 Y124.929 E.02476
G1 X116.966 Y125.584 E.02853
G1 X116.809 Y125.706 E.00661
G1 X120.706 Y125.706 E.12927
G1 X120.706 Y121.863 E.12748
G1 X120.398 Y121.653 E.01235
G1 X120.081 Y121.326 E.01513
G1 X119.912 Y120.998 E.01223
G1 X119.845 Y120.343 E.02185
G1 X119.957 Y119.688 E.02205
G1 X120.184 Y119.032 E.023
G1 X120.541 Y118.377 E.02476
G1 X120.706 Y118.184 E.00842
G1 X120.706 Y111.38 E.22569
G1 X120.398 Y111.171 E.01235
G1 X120.081 Y110.843 E.01513
G1 X119.912 Y110.515 E.01223
G1 X119.845 Y109.86 E.02185
G1 X119.957 Y109.205 E.02205
G1 X120.184 Y108.55 E.023
G1 X120.541 Y107.895 E.02476
G1 X120.706 Y107.701 E.00842
G1 X120.706 Y100.898 E.22569
G1 X120.398 Y100.688 E.01235
G1 X120.081 Y100.36 E.01513
G1 X119.912 Y100.033 E.01223
G1 X119.845 Y99.378 E.02185
G1 X119.957 Y98.722 E.02205
G1 X120.184 Y98.067 E.023
G1 X120.541 Y97.412 E.02476
G1 X120.706 Y97.219 E.00842
G1 X120.706 Y95.59 E.05401
; stop printing object 07_DHT22_ventilated_clip.stl id:0 copy 0
;TIME_ELAPSED:283.433746

;LAYER_CHANGE
;:1.2
;HEIGHT:0.2
;BEFORE_LAYER_CHANGE
;1.2
G92 E0

G1 E-4.5 F2700
;WIPE_START
G1 F3000
G1 X120.706 Y97.219 E-.38673
G1 X120.541 Y97.412 E-.0603
G1 X120.485 Y97.515 E-.02797
;WIPE_END
G1 E-.025 F2700
;_SET_FAN_SPEED_CHANGING_LAYER
; OBJECT_ID: 15
; printing object 07_DHT22_ventilated_clip.stl id:0 copy 0
M205 X8 Y8
G17
G3 Z1.4 I-1.217 J.022 P1  F7200
G1 X120.991 Y125.991 Z1.4
G1 Z1.2
G1 E5 F2400
M205 X10 Y10
;TYPE:Inner wall
;WIDTH:0.449999
G1 F2700
G1 X99.009 Y125.991 E.72917
G1 X99.009 Y94.009 E1.06089
G1 X120.991 Y94.009 E.72917
G1 X120.991 Y125.951 E1.05956
M205 X8 Y8
G1 X121.398 Y126.398 F7200
M205 X10 Y10
G1 F2700
G1 X98.602 Y126.398 E.75618
G1 X98.602 Y93.602 E1.0879
G1 X121.398 Y93.602 E.75618
G1 X121.398 Y126.358 E1.08657
M205 X8 Y8
G1 X121.79 Y126.79 F7200
M205 X10 Y10
;TYPE:Outer wall
;WIDTH:0.419999
M73 P22 R17
G1 F2400
G1 X98.21 Y126.79 E.72455
G1 X98.21 Y93.21 E1.03182
G1 X121.79 Y93.21 E.72455
G1 X121.79 Y126.75 E1.03059
G1 E-4.5 F2700
;WIPE_START
G1 F2400
G1 X119.79 Y126.753 E-.475
;WIPE_END
G1 E-.025 F2700
M205 X8 Y8
G1 X101.011 Y125.299 Z1.6 F7200
G1 Z1.2
G1 E5 F2400
M205 X10 Y10
;TYPE:Sparse infill
;WIDTH:0.45
G1 F3000
G1 X102.639 Y125.299 E.05401
G1 X102.524 Y124.929 E.01285
G1 X102.233 Y124.274 E.02379
G1 X101.813 Y123.619 E.02581
G1 X101.166 Y122.963 E.03055
G1 X100.129 Y122.308 E.04067
G1 X99.701 Y122.079 E.01611
G1 X99.701 Y118.238 E.12742
G1 X100.21 Y117.722 E.02403
G1 X101.247 Y117.067 E.04067
G1 X102.468 Y116.412 E.04598
G1 X102.749 Y116.084 E.01432
G1 X102.817 Y115.757 E.0111
G1 X102.728 Y115.101 E.02193
G1 X102.524 Y114.446 E.02276
G1 X102.233 Y113.791 E.02379
G1 X101.813 Y113.136 E.02581
G1 X101.166 Y112.481 E.03055
G1 X100.129 Y111.826 E.04067
G1 X99.701 Y111.596 E.01611
G1 X99.701 Y107.755 E.12742
G1 X100.21 Y107.24 E.02403
G1 X101.247 Y106.584 E.04067
G1 X102.468 Y105.929 E.04598
G1 X102.749 Y105.602 E.01432
G1 X102.817 Y105.274 E.0111
G1 X102.728 Y104.619 E.02193
G1 X102.524 Y103.964 E.02276
G1 X102.233 Y103.309 E.02379
G1 X101.813 Y102.653 E.02581
G1 X101.166 Y101.998 E.03055
G1 X100.129 Y101.343 E.04067
G1 X99.701 Y101.114 E.01611
G1 X99.701 Y97.272 E.12742
G1 X100.21 Y96.757 E.02403
G1 X101.247 Y96.102 E.04067
G1 X102.468 Y95.447 E.04598
G1 X102.749 Y95.119 E.01432
G1 X102.817 Y94.791 E.0111
G1 X102.805 Y94.701 E.00302
G1 X105.513 Y94.701 E.08985
G1 X104.149 Y95.447 E.05157
G1 X103.868 Y95.774 E.01432
G1 X103.8 Y96.102 E.0111
G1 X103.889 Y96.757 E.02193
G1 X104.093 Y97.412 E.02276
G1 X104.385 Y98.067 E.02379
G1 X104.804 Y98.722 E.02581
G1 X105.452 Y99.378 E.03055
G1 X106.488 Y100.033 E.04067
G1 X107.709 Y100.688 E.04598
G1 X107.99 Y101.015 E.01432
G1 X108.058 Y101.343 E.0111
G1 X107.969 Y101.998 E.02193
G1 X107.765 Y102.653 E.02276
G1 X107.474 Y103.309 E.02379
G1 X107.054 Y103.964 E.02581
G1 X106.407 Y104.619 E.03055
G1 X105.37 Y105.274 E.04067
G1 X104.149 Y105.929 E.04598
G1 X103.868 Y106.257 E.01432
G1 X103.8 Y106.584 E.0111
G1 X103.889 Y107.24 E.02193
G1 X104.093 Y107.895 E.02276
G1 X104.385 Y108.55 E.02379
G1 X104.804 Y109.205 E.02581
G1 X105.452 Y109.86 E.03055
G1 X106.488 Y110.515 E.04067
G1 X107.709 Y111.171 E.04598
G1 X107.99 Y111.498 E.01432
G1 X108.058 Y111.826 E.0111
G1 X107.969 Y112.481 E.02193
G1 X107.765 Y113.136 E.02276
G1 X107.474 Y113.791 E.02379
G1 X107.054 Y114.446 E.02581
G1 X106.407 Y115.101 E.03055
G1 X105.37 Y115.757 E.04067
G1 X104.149 Y116.412 E.04598
G1 X103.868 Y116.739 E.01432
G1 X103.8 Y117.067 E.0111
G1 X103.889 Y117.722 E.02193
G1 X104.093 Y118.377 E.02276
G1 X104.385 Y119.032 E.02379
G1 X104.804 Y119.688 E.02581
G1 X105.452 Y120.343 E.03055
G1 X106.488 Y120.998 E.04067
G1 X107.709 Y121.653 E.04598
G1 X107.99 Y121.981 E.01432
G1 X108.058 Y122.308 E.0111
G1 X107.969 Y122.963 E.02193
G1 X107.765 Y123.619 E.02276
G1 X107.474 Y124.274 E.02379
G1 X107.054 Y124.929 E.02581
G1 X106.689 Y125.299 E.01725
G1 X113.122 Y125.299 E.21339
G1 X113.007 Y124.929 E.01285
G1 X112.715 Y124.274 E.02379
G1 X112.295 Y123.619 E.02581
G1 X111.648 Y122.963 E.03055
G1 X110.612 Y122.308 E.04067
G1 X109.39 Y121.653 E.04598
G1 X109.109 Y121.326 E.01432
G1 X109.042 Y120.998 E.0111
G1 X109.131 Y120.343 E.02193
G1 X109.334 Y119.688 E.02276
G1 X109.626 Y119.032 E.02379
G1 X110.046 Y118.377 E.02581
G1 X110.693 Y117.722 E.03055
G1 X111.729 Y117.067 E.04067
G1 X112.951 Y116.412 E.04598
G1 X113.232 Y116.084 E.01432
G1 X113.299 Y115.757 E.0111
G1 X113.21 Y115.101 E.02193
G1 X113.007 Y114.446 E.02276
G1 X112.715 Y113.791 E.02379
G1 X112.295 Y113.136 E.02581
G1 X111.648 Y112.481 E.03055
G1 X110.612 Y111.826 E.04067
G1 X109.39 Y111.171 E.04598
G1 X109.109 Y110.843 E.01432
G1 X109.042 Y110.515 E.0111
G1 X109.131 Y109.86 E.02193
G1 X109.334 Y109.205 E.02276
G1 X109.626 Y108.55 E.02379
G1 X110.046 Y107.895 E.02581
G1 X110.693 Y107.24 E.03055
G1 X111.729 Y106.584 E.04067
G1 X112.951 Y105.929 E.04598
G1 X113.232 Y105.602 E.01432
G1 X113.299 Y105.274 E.0111
G1 X113.21 Y104.619 E.02193
G1 X113.007 Y103.964 E.02276
G1 X112.715 Y103.309 E.02379
G1 X112.295 Y102.653 E.02581
G1 X111.648 Y101.998 E.03055
G1 X110.612 Y101.343 E.04067
G1 X109.39 Y100.688 E.04598
G1 X109.109 Y100.36 E.01432
G1 X109.042 Y100.033 E.0111
G1 X109.131 Y99.378 E.02193
M73 P22 R16
G1 X109.334 Y98.722 E.02276
G1 X109.626 Y98.067 E.02379
G1 X110.046 Y97.412 E.02581
G1 X110.693 Y96.757 E.03055
G1 X111.729 Y96.102 E.04067
G1 X112.951 Y95.447 E.04598
G1 X113.232 Y95.119 E.01432
G1 X113.299 Y94.791 E.0111
G1 X113.287 Y94.701 E.00302
G1 X115.996 Y94.701 E.08985
G1 X114.632 Y95.447 E.05157
G1 X114.351 Y95.774 E.01432
G1 X114.283 Y96.102 E.0111
G1 X114.372 Y96.757 E.02193
G1 X114.576 Y97.412 E.02276
G1 X114.867 Y98.067 E.02379
G1 X115.287 Y98.722 E.02581
G1 X115.934 Y99.378 E.03055
G1 X116.971 Y100.033 E.04067
G1 X118.192 Y100.688 E.04598
G1 X118.473 Y101.015 E.01432
G1 X118.541 Y101.343 E.0111
G1 X118.452 Y101.998 E.02193
G1 X118.248 Y102.653 E.02276
G1 X117.956 Y103.309 E.02379
G1 X117.537 Y103.964 E.02581
G1 X116.889 Y104.619 E.03055
G1 X115.853 Y105.274 E.04067
G1 X114.632 Y105.929 E.04598
G1 X114.351 Y106.257 E.01432
G1 X114.283 Y106.584 E.0111
G1 X114.372 Y107.24 E.02193
G1 X114.576 Y107.895 E.02276
G1 X114.867 Y108.55 E.02379
G1 X115.287 Y109.205 E.02581
G1 X115.934 Y109.86 E.03055
G1 X116.971 Y110.515 E.04067
G1 X118.192 Y111.171 E.04598
G1 X118.473 Y111.498 E.01432
G1 X118.541 Y111.826 E.0111
G1 X118.452 Y112.481 E.02193
G1 X118.248 Y113.136 E.02276
G1 X117.956 Y113.791 E.02379
G1 X117.537 Y114.446 E.02581
G1 X116.889 Y115.101 E.03055
G1 X115.853 Y115.757 E.04067
G1 X114.632 Y116.412 E.04598
G1 X114.351 Y116.739 E.01432
G1 X114.283 Y117.067 E.0111
G1 X114.372 Y117.722 E.02193
G1 X114.576 Y118.377 E.02276
G1 X114.867 Y119.032 E.02379
G1 X115.287 Y119.688 E.02581
G1 X115.934 Y120.343 E.03055
G1 X116.971 Y120.998 E.04067
G1 X118.192 Y121.653 E.04598
G1 X118.473 Y121.981 E.01432
G1 X118.541 Y122.308 E.0111
G1 X118.452 Y122.963 E.02193
G1 X118.248 Y123.619 E.02276
G1 X117.956 Y124.274 E.02379
G1 X117.537 Y124.929 E.02581
G1 X117.171 Y125.299 E.01725
G1 X120.299 Y125.299 E.10375
G1 X120.299 Y121.882 E.11336
G1 X119.873 Y121.653 E.01603
G1 X119.592 Y121.326 E.01432
G1 X119.524 Y120.998 E.0111
G1 X119.613 Y120.343 E.02193
G1 X119.817 Y119.688 E.02276
G1 X120.108 Y119.032 E.02379
G1 X120.299 Y118.735 E.0117
G1 X120.299 Y111.399 E.24337
G1 X119.873 Y111.171 E.01603
G1 X119.592 Y110.843 E.01432
G1 X119.524 Y110.515 E.0111
G1 X119.613 Y109.86 E.02193
G1 X119.817 Y109.205 E.02276
G1 X120.108 Y108.55 E.02379
G1 X120.299 Y108.253 E.0117
G1 X120.299 Y100.916 E.24337
G1 X119.873 Y100.688 E.01603
G1 X119.592 Y100.36 E.01432
G1 X119.524 Y100.033 E.0111
G1 X119.613 Y99.378 E.02193
G1 X119.817 Y98.722 E.02276
G1 X120.108 Y98.067 E.02379
G1 X120.299 Y97.77 E.0117
G1 X120.299 Y96.142 E.05401
M205 X8 Y8
G1 X120.645 Y94.498 F7200
M205 X10 Y10
;TYPE:Internal solid infill
;WIDTH:0.38292
G1 F3600
G1 X120.615 Y94.355 E.00403
G1 X99.498 Y94.355 E.58508
G1 X99.355 Y94.385 E.00403
G1 X99.355 Y125.502 E.86214
G1 X99.385 Y125.645 E.00403
G1 X120.502 Y125.645 E.58508
G1 X120.645 Y125.615 E.00403
G1 X120.645 Y94.538 E.86103
; stop printing object 07_DHT22_ventilated_clip.stl id:0 copy 0
;TIME_ELAPSED:303.036957

;LAYER_CHANGE
;:1.4
;HEIGHT:0.2
;BEFORE_LAYER_CHANGE
;1.4
G92 E0

G1 E-4.5 F2700
;WIPE_START
G1 F3600
M73 P23 R16
G1 X120.645 Y96.538 E-.475
;WIPE_END
G1 E-.025 F2700
;_SET_FAN_SPEED_CHANGING_LAYER
; OBJECT_ID: 15
; printing object 07_DHT22_ventilated_clip.stl id:0 copy 0
M205 X8 Y8
G17
G3 Z1.6 I-1.217 J.014 P1  F7200
G1 X120.991 Y125.991 Z1.6
G1 Z1.4
G1 E5 F2400
M205 X10 Y10
;TYPE:Inner wall
;WIDTH:0.449999
G1 F2700
G1 X99.009 Y125.991 E.72917
G1 X99.009 Y94.009 E1.06089
G1 X120.991 Y94.009 E.72917
G1 X120.991 Y125.951 E1.05956
M205 X8 Y8
G1 X121.398 Y126.398 F7200
M205 X10 Y10
G1 F2700
G1 X98.602 Y126.398 E.75618
G1 X98.602 Y93.602 E1.0879
G1 X121.398 Y93.602 E.75618
G1 X121.398 Y126.358 E1.08657
M205 X8 Y8
G1 X121.79 Y126.79 F7200
M205 X10 Y10
;TYPE:Outer wall
;WIDTH:0.419999
G1 F2400
G1 X98.21 Y126.79 E.72455
G1 X98.21 Y93.21 E1.03182
G1 X121.79 Y93.21 E.72455
G1 X121.79 Y126.75 E1.03059
G1 E-4.5 F2700
;WIPE_START
G1 F2400
G1 X119.79 Y126.753 E-.475
;WIPE_END
G1 E-.025 F2700
M205 X8 Y8
G1 X99.113 Y124.944 Z1.8 F7200
G1 Z1.4
G1 E5 F2400
M204 S250
M205 X10 Y10
;TYPE:Internal Bridge
;WIDTH:0.391166
;HEIGHT:0.389872
G1 F4500
G1 X99.783 Y125.689 E.04908
G1 X100.376 Y125.689 E.02905
G1 X99.311 Y124.504 E.07803
G1 X99.311 Y123.845 E.03231
G1 X100.969 Y125.689 E.12148
G1 X101.563 Y125.689 E.02905
G1 X99.311 Y123.185 E.16493
G1 X99.311 Y122.525 E.03231
G1 X102.156 Y125.689 E.20837
G1 X102.749 Y125.689 E.02905
G1 X99.311 Y121.865 E.25182
G1 X99.311 Y121.205 E.03231
G1 X103.342 Y125.689 E.29527
G1 X103.936 Y125.689 E.02905
G1 X99.311 Y120.545 E.33871
G1 X99.311 Y119.886 E.03231
G1 X104.529 Y125.689 E.38216
G1 X105.122 Y125.689 E.02905
G1 X99.311 Y119.226 E.4256
G1 X99.311 Y118.566 E.03231
G1 X105.716 Y125.689 E.46905
G1 X106.309 Y125.689 E.02905
M73 P24 R16
G1 X99.311 Y117.906 E.5125
G1 X99.311 Y117.246 E.03231
G1 X106.902 Y125.689 E.55594
G1 X107.495 Y125.689 E.02905
G1 X99.311 Y116.586 E.59939
G1 X99.311 Y115.927 E.03231
G1 X108.089 Y125.689 E.64284
G1 X108.682 Y125.689 E.02905
G1 X99.311 Y115.267 E.68628
G1 X99.311 Y114.607 E.03231
G1 X109.275 Y125.689 E.72973
G1 X109.868 Y125.689 E.02905
G1 X99.311 Y113.947 E.77318
G1 X99.311 Y113.287 E.03231
G1 X110.462 Y125.689 E.81662
G1 X111.055 Y125.689 E.02905
G1 X99.311 Y112.627 E.86007
G1 X99.311 Y111.968 E.03231
G1 X111.648 Y125.689 E.90352
G1 X112.242 Y125.689 E.02905
G1 X99.311 Y111.308 E.94696
G1 X99.311 Y110.648 E.03231
G1 X112.835 Y125.689 E.99041
G1 X113.428 Y125.689 E.02905
G1 X99.311 Y109.988 E1.03386
G1 X99.311 Y109.328 E.03231
G1 X114.021 Y125.689 E1.0773
G1 X114.615 Y125.689 E.02905
G1 X99.311 Y108.669 E1.12075
G1 X99.311 Y108.009 E.03231
G1 X115.208 Y125.689 E1.16419
G1 X115.801 Y125.689 E.02905
G1 X99.311 Y107.349 E1.20764
G1 X99.311 Y106.689 E.03231
G1 X116.394 Y125.689 E1.25109
G1 X116.988 Y125.689 E.02905
G1 X99.311 Y106.029 E1.29453
G1 X99.311 Y105.369 E.03231
G1 X117.581 Y125.689 E1.33798
G1 X118.174 Y125.689 E.02905
G1 X99.311 Y104.71 E1.38143
G1 X99.311 Y104.05 E.03231
G1 X118.767 Y125.689 E1.42487
G1 X119.361 Y125.689 E.02905
G1 X99.311 Y103.39 E1.46832
G1 X99.311 Y102.73 E.03231
G1 X119.954 Y125.689 E1.51177
G1 X120.547 Y125.689 E.02905
G1 X99.311 Y102.07 E1.55521
G1 X99.311 Y101.41 E.03231
M73 P25 R16
G1 X120.689 Y125.188 E1.56563
G1 X120.689 Y124.528 E.03231
G1 X99.311 Y100.751 E1.56563
G1 X99.311 Y100.091 E.03231
G1 X120.689 Y123.868 E1.56563
G1 X120.689 Y123.208 E.03231
G1 X99.311 Y99.431 E1.56563
G1 X99.311 Y98.771 E.03231
G1 X120.689 Y122.548 E1.56563
G1 X120.689 Y121.889 E.03231
G1 X99.311 Y98.111 E1.56563
G1 X99.311 Y97.451 E.03231
G1 X120.689 Y121.229 E1.56563
G1 X120.689 Y120.569 E.03231
G1 X99.311 Y96.792 E1.56563
G1 X99.311 Y96.132 E.03231
G1 X120.689 Y119.909 E1.56563
G1 X120.689 Y119.249 E.03231
G1 X99.311 Y95.472 E1.56563
G1 X99.311 Y94.812 E.03231
G1 X120.689 Y118.59 E1.56563
G1 X120.689 Y117.93 E.03231
G1 X99.453 Y94.311 E1.55521
G1 X100.046 Y94.311 E.02905
G1 X120.689 Y117.27 E1.51176
G1 X120.689 Y116.61 E.03231
G1 X100.639 Y94.311 E1.46832
G1 X101.233 Y94.311 E.02905
G1 X120.689 Y115.95 E1.42487
G1 X120.689 Y115.29 E.03231
G1 X101.826 Y94.311 E1.38142
G1 X102.419 Y94.311 E.02905
G1 X120.689 Y114.631 E1.33798
G1 X120.689 Y113.971 E.03231
G1 X103.012 Y94.311 E1.29453
G1 X103.606 Y94.311 E.02905
G1 X120.689 Y113.311 E1.25108
G1 X120.689 Y112.651 E.03231
G1 X104.199 Y94.311 E1.20764
G1 X104.792 Y94.311 E.02905
M73 P26 R16
G1 X120.689 Y111.991 E1.16419
G1 X120.689 Y111.331 E.03231
G1 X105.385 Y94.311 E1.12074
G1 X105.979 Y94.311 E.02905
G1 X120.689 Y110.672 E1.0773
G1 X120.689 Y110.012 E.03231
G1 X106.572 Y94.311 E1.03385
G1 X107.165 Y94.311 E.02905
G1 X120.689 Y109.352 E.9904
G1 X120.689 Y108.692 E.03231
G1 X107.759 Y94.311 E.94696
G1 X108.352 Y94.311 E.02905
G1 X120.689 Y108.032 E.90351
G1 X120.689 Y107.372 E.03231
G1 X108.945 Y94.311 E.86007
G1 X109.538 Y94.311 E.02905
G1 X120.689 Y106.713 E.81662
G1 X120.689 Y106.053 E.03231
G1 X110.132 Y94.311 E.77317
G1 X110.725 Y94.311 E.02905
G1 X120.689 Y105.393 E.72973
G1 X120.689 Y104.733 E.03231
G1 X111.318 Y94.311 E.68628
G1 X111.911 Y94.311 E.02905
G1 X120.689 Y104.073 E.64283
G1 X120.689 Y103.413 E.03231
G1 X112.505 Y94.311 E.59939
G1 X113.098 Y94.311 E.02905
G1 X120.689 Y102.754 E.55594
G1 X120.689 Y102.094 E.03231
G1 X113.691 Y94.311 E.51249
G1 X114.285 Y94.311 E.02905
G1 X120.689 Y101.434 E.46905
G1 X120.689 Y100.774 E.03231
G1 X114.878 Y94.311 E.4256
G1 X115.471 Y94.311 E.02905
G1 X120.689 Y100.114 E.38215
G1 X120.689 Y99.455 E.03231
G1 X116.064 Y94.311 E.33871
G1 X116.658 Y94.311 E.02905
G1 X120.689 Y98.795 E.29526
G1 X120.689 Y98.135 E.03231
G1 X117.251 Y94.311 E.25181
G1 X117.844 Y94.311 E.02905
G1 X120.689 Y97.475 E.20837
G1 X120.689 Y96.815 E.03231
G1 X118.437 Y94.311 E.16492
G1 X119.031 Y94.311 E.02905
G1 X120.689 Y96.155 E.12148
G1 X120.689 Y95.496 E.03231
G1 X119.624 Y94.311 E.07803
G1 X120.217 Y94.311 E.02905
G1 X120.887 Y95.056 E.04908
; stop printing object 07_DHT22_ventilated_clip.stl id:0 copy 0
;TIME_ELAPSED:353.042908

;LAYER_CHANGE
;:1.6
;HEIGHT:0.2
;BEFORE_LAYER_CHANGE
;1.6
G92 E0

G1 E-4.5 F2700
;WIPE_START
G1 F4500
G1 X120.217 Y94.311 E-.23806
G1 X119.624 Y94.311 E-.1409
G1 X119.894 Y94.611 E-.09604
;WIPE_END
G1 E-.025 F2700
;_SET_FAN_SPEED_CHANGING_LAYER
; OBJECT_ID: 15
; printing object 07_DHT22_ventilated_clip.stl id:0 copy 0
M205 X8 Y8
M204 S500
G17
G3 Z1.8 I-1.216 J.042 P1  F7200
G1 X120.991 Y125.991 Z1.8
G1 Z1.6
G1 E5 F2400
M205 X10 Y10
;TYPE:Inner wall
;WIDTH:0.449999
G1 F2700
G1 X99.009 Y125.991 E.72917
G1 X99.009 Y94.009 E1.06089
G1 X120.991 Y94.009 E.72917
M73 P27 R16
G1 X120.991 Y125.951 E1.05956
M205 X8 Y8
G1 X121.398 Y126.398 F7200
M205 X10 Y10
G1 F2700
G1 X98.602 Y126.398 E.75618
G1 X98.602 Y93.602 E1.0879
G1 X121.398 Y93.602 E.75618
M73 P27 R15
G1 X121.398 Y126.358 E1.08657
M205 X8 Y8
G1 X121.79 Y126.79 F7200
M205 X10 Y10
;TYPE:Outer wall
;WIDTH:0.419999
G1 F2400
G1 X98.21 Y126.79 E.72455
G1 X98.21 Y93.21 E1.03182
G1 X121.79 Y93.21 E.72455
G1 X121.79 Y126.75 E1.03059
G1 E-4.5 F2700
;WIPE_START
G1 F2400
G1 X119.79 Y126.753 E-.475
;WIPE_END
G1 E-.025 F2700
M205 X8 Y8
G1 X120.514 Y124.579 Z2 F7200
G1 Z1.6
G1 E5 F2400
M205 X10 Y10
;TYPE:Internal solid infill
;WIDTH:0.590226
G1 F3600
G1 X119.579 Y125.514 E.05893
G1 X120.514 Y125.514 E.04167
G1 X120.514 Y124.619 E.03988
M205 X8 Y8
G1 X120.889 Y123.586 F7200
M205 X10 Y10
;WIDTH:0.450924
G1 F3600
G1 X118.769 Y125.706 E.09968
G1 X118.192 Y125.706 E.01918
G1 X120.706 Y123.192 E.11819
G1 X120.706 Y122.615 E.01918
G1 X117.615 Y125.706 E.14532
G1 X117.038 Y125.706 E.01918
G1 X120.706 Y122.038 E.17245
G1 X120.706 Y121.461 E.01918
G1 X116.461 Y125.706 E.19958
G1 X115.884 Y125.706 E.01918
G1 X120.706 Y120.884 E.22671
G1 X120.706 Y120.307 E.01918
G1 X115.307 Y125.706 E.25384
G1 X114.73 Y125.706 E.01918
G1 X120.706 Y119.73 E.28097
G1 X120.706 Y119.153 E.01918
G1 X114.153 Y125.706 E.3081
G1 X113.576 Y125.706 E.01918
G1 X120.706 Y118.576 E.33523
G1 X120.706 Y117.999 E.01918
G1 X112.999 Y125.706 E.36236
G1 X112.422 Y125.706 E.01918
G1 X120.706 Y117.422 E.38949
G1 X120.706 Y116.845 E.01918
G1 X111.845 Y125.706 E.41662
G1 X111.268 Y125.706 E.01918
G1 X120.706 Y116.268 E.44375
G1 X120.706 Y115.691 E.01918
G1 X110.691 Y125.706 E.47088
G1 X110.114 Y125.706 E.01918
G1 X120.706 Y115.114 E.49801
G1 X120.706 Y114.537 E.01918
G1 X109.537 Y125.706 E.52514
G1 X108.96 Y125.706 E.01918
G1 X120.706 Y113.96 E.55227
G1 X120.706 Y113.383 E.01918
G1 X108.383 Y125.706 E.5794
G1 X107.806 Y125.706 E.01918
M73 P28 R15
G1 X120.706 Y112.806 E.60653
G1 X120.706 Y112.229 E.01918
G1 X107.229 Y125.706 E.63366
G1 X106.652 Y125.706 E.01918
G1 X120.706 Y111.652 E.66079
G1 X120.706 Y111.075 E.01918
G1 X106.075 Y125.706 E.68792
G1 X105.498 Y125.706 E.01918
G1 X120.706 Y110.498 E.71505
G1 X120.706 Y109.921 E.01918
G1 X104.921 Y125.706 E.74218
G1 X104.344 Y125.706 E.01918
G1 X120.706 Y109.344 E.76931
G1 X120.706 Y108.767 E.01918
G1 X103.767 Y125.706 E.79644
G1 X103.19 Y125.706 E.01918
G1 X120.706 Y108.19 E.82357
G1 X120.706 Y107.613 E.01918
G1 X102.613 Y125.706 E.8507
G1 X102.036 Y125.706 E.01918
G1 X120.706 Y107.036 E.87783
G1 X120.706 Y106.459 E.01918
G1 X101.459 Y125.706 E.90496
G1 X100.882 Y125.706 E.01918
G1 X120.706 Y105.882 E.93209
G1 X120.706 Y105.305 E.01918
G1 X100.305 Y125.706 E.95922
G1 X99.728 Y125.706 E.01918
G1 X120.706 Y104.728 E.98635
G1 X120.706 Y104.151 E.01918
G1 X99.294 Y125.563 E1.00675
G1 X99.294 Y124.986 E.01918
G1 X120.706 Y103.574 E1.00675
G1 X120.706 Y102.997 E.01918
G1 X99.294 Y124.409 E1.00675
G1 X99.294 Y123.832 E.01918
G1 X120.706 Y102.42 E1.00675
G1 X120.706 Y101.843 E.01918
G1 X99.294 Y123.255 E1.00675
G1 X99.294 Y122.678 E.01918
G1 X120.706 Y101.266 E1.00675
G1 X120.706 Y100.689 E.01918
G1 X99.294 Y122.101 E1.00675
G1 X99.294 Y121.524 E.01918
G1 X120.706 Y100.112 E1.00675
G1 X120.706 Y99.535 E.01918
G1 X99.294 Y120.947 E1.00675
G1 X99.294 Y120.37 E.01918
M73 P29 R15
G1 X120.706 Y98.958 E1.00675
G1 X120.706 Y98.381 E.01918
G1 X99.294 Y119.793 E1.00675
G1 X99.294 Y119.216 E.01918
G1 X120.706 Y97.804 E1.00675
G1 X120.706 Y97.227 E.01918
G1 X99.294 Y118.639 E1.00675
G1 X99.294 Y118.062 E.01918
G1 X120.706 Y96.65 E1.00675
G1 X120.706 Y96.073 E.01918
G1 X99.294 Y117.485 E1.00675
G1 X99.294 Y116.908 E.01918
G1 X120.706 Y95.496 E1.00675
G1 X120.706 Y94.919 E.01918
G1 X99.294 Y116.331 E1.00675
G1 X99.294 Y115.754 E.01918
G1 X120.706 Y94.342 E1.00675
G1 X120.706 Y94.294 E.00159
G1 X120.177 Y94.294 E.0176
G1 X99.294 Y115.177 E.98187
G1 X99.294 Y114.6 E.01918
G1 X119.6 Y94.294 E.95474
G1 X119.023 Y94.294 E.01918
G1 X99.294 Y114.023 E.92761
G1 X99.294 Y113.446 E.01918
G1 X118.446 Y94.294 E.90048
G1 X117.869 Y94.294 E.01918
G1 X99.294 Y112.869 E.87335
G1 X99.294 Y112.292 E.01918
G1 X117.292 Y94.294 E.84622
G1 X116.715 Y94.294 E.01918
G1 X99.294 Y111.715 E.81909
G1 X99.294 Y111.138 E.01918
G1 X116.138 Y94.294 E.79196
G1 X115.561 Y94.294 E.01918
G1 X99.294 Y110.561 E.76483
G1 X99.294 Y109.984 E.01918
G1 X114.984 Y94.294 E.7377
G1 X114.407 Y94.294 E.01918
G1 X99.294 Y109.407 E.71057
G1 X99.294 Y108.83 E.01918
G1 X113.83 Y94.294 E.68344
G1 X113.253 Y94.294 E.01918
G1 X99.294 Y108.253 E.65631
G1 X99.294 Y107.676 E.01918
G1 X112.676 Y94.294 E.62918
G1 X112.099 Y94.294 E.01918
G1 X99.294 Y107.099 E.60205
G1 X99.294 Y106.522 E.01918
M73 P30 R15
G1 X111.522 Y94.294 E.57492
G1 X110.945 Y94.294 E.01918
G1 X99.294 Y105.945 E.54779
G1 X99.294 Y105.368 E.01918
G1 X110.368 Y94.294 E.52066
G1 X109.791 Y94.294 E.01918
G1 X99.294 Y104.791 E.49353
G1 X99.294 Y104.214 E.01918
G1 X109.214 Y94.294 E.4664
G1 X108.637 Y94.294 E.01918
G1 X99.294 Y103.637 E.43927
G1 X99.294 Y103.06 E.01918
G1 X108.06 Y94.294 E.41214
G1 X107.483 Y94.294 E.01918
G1 X99.294 Y102.483 E.38501
G1 X99.294 Y101.906 E.01918
G1 X106.906 Y94.294 E.35788
G1 X106.329 Y94.294 E.01918
G1 X99.294 Y101.329 E.33075
G1 X99.294 Y100.752 E.01918
G1 X105.752 Y94.294 E.30362
G1 X105.175 Y94.294 E.01918
G1 X99.294 Y100.175 E.27649
G1 X99.294 Y99.598 E.01918
G1 X104.598 Y94.294 E.24936
G1 X104.021 Y94.294 E.01918
G1 X99.294 Y99.021 E.22223
G1 X99.294 Y98.444 E.01918
G1 X103.444 Y94.294 E.1951
G1 X102.867 Y94.294 E.01918
G1 X99.294 Y97.867 E.16797
G1 X99.294 Y97.289 E.01918
G1 X102.289 Y94.294 E.14084
G1 X101.712 Y94.294 E.01918
G1 X99.294 Y96.712 E.11371
G1 X99.294 Y96.135 E.01918
G1 X101.135 Y94.294 E.08658
G1 X100.558 Y94.294 E.01918
G1 X99.294 Y95.558 E.05945
G1 X99.294 Y94.981 E.01918
G1 X100.165 Y94.111 E.04093
M205 X8 Y8
G1 X99.417 Y94.355 F7200
M205 X10 Y10
;WIDTH:0.405698
G1 F3600
G1 X99.349 Y94.394 E.00232
G1 X99.419 Y94.429 E.00233
; stop printing object 07_DHT22_ventilated_clip.stl id:0 copy 0
;TIME_ELAPSED:400.963898

;LAYER_CHANGE
;:1.8
;HEIGHT:0.2
;BEFORE_LAYER_CHANGE
;1.8
G92 E0

G1 E-4.5 F2700
;WIPE_START
G1 F3600
G1 X99.349 Y94.394 E-.23778
G1 X99.417 Y94.355 E-.23722
;WIPE_END
G1 E-.025 F2700
;_SET_FAN_SPEED_CHANGING_LAYER
; OBJECT_ID: 15
; printing object 07_DHT22_ventilated_clip.stl id:0 copy 0
M205 X8 Y8
G17
G3 Z2 I-1.005 J.686 P1  F7200
G1 X120.991 Y125.991 Z2
G1 Z1.8
G1 E5 F2400
M205 X10 Y10
;TYPE:Inner wall
;WIDTH:0.449999
G1 F2700
G1 X99.009 Y125.991 E.72917
G1 X99.009 Y94.009 E1.06089
G1 X120.991 Y94.009 E.72917
G1 X120.991 Y125.951 E1.05956
M205 X8 Y8
G1 X121.398 Y126.398 F7200
M205 X10 Y10
G1 F2700
G1 X98.602 Y126.398 E.75618
G1 X98.602 Y93.602 E1.0879
G1 X121.398 Y93.602 E.75618
G1 X121.398 Y126.358 E1.08657
M205 X8 Y8
G1 X121.79 Y126.79 F7200
M205 X10 Y10
;TYPE:Outer wall
;WIDTH:0.419999
G1 F2400
G1 X98.21 Y126.79 E.72455
G1 X98.21 Y93.21 E1.03182
G1 X121.79 Y93.21 E.72455
M73 P31 R15
G1 X121.79 Y126.75 E1.03059
G1 E-4.5 F2700
;WIPE_START
G1 F2400
G1 X119.79 Y126.753 E-.475
;WIPE_END
G1 E-.025 F2700
M205 X8 Y8
G1 X99.417 Y125.567 Z2.2 F7200
G1 Z1.8
G1 E5 F2400
M205 X10 Y10
;TYPE:Internal solid infill
;WIDTH:0.405698
G1 F3600
G1 X99.349 Y125.606 E.00232
G1 X99.419 Y125.641 E.00233
M205 X8 Y8
G1 X120.514 Y95.421 F7200
M205 X10 Y10
;WIDTH:0.590226
G1 F3600
G1 X120.514 Y94.486 E.04167
G1 X119.579 Y94.486 E.04167
G1 X120.485 Y95.392 E.05714
M205 X8 Y8
G1 X118.586 Y94.111 F7200
M205 X10 Y10
;WIDTH:0.450924
G1 F3600
G1 X120.706 Y96.231 E.09968
G1 X120.706 Y96.808 E.01918
G1 X118.192 Y94.294 E.11819
G1 X117.615 Y94.294 E.01918
G1 X120.706 Y97.385 E.14532
G1 X120.706 Y97.962 E.01918
G1 X117.038 Y94.294 E.17245
G1 X116.461 Y94.294 E.01918
G1 X120.706 Y98.539 E.19958
G1 X120.706 Y99.116 E.01918
G1 X115.884 Y94.294 E.22671
G1 X115.307 Y94.294 E.01918
G1 X120.706 Y99.693 E.25384
G1 X120.706 Y100.27 E.01918
G1 X114.73 Y94.294 E.28097
G1 X114.153 Y94.294 E.01918
G1 X120.706 Y100.847 E.3081
G1 X120.706 Y101.424 E.01918
G1 X113.576 Y94.294 E.33523
G1 X112.999 Y94.294 E.01918
G1 X120.706 Y102.001 E.36236
G1 X120.706 Y102.578 E.01918
G1 X112.422 Y94.294 E.38949
G1 X111.845 Y94.294 E.01918
G1 X120.706 Y103.155 E.41662
G1 X120.706 Y103.732 E.01918
G1 X111.268 Y94.294 E.44375
G1 X110.691 Y94.294 E.01918
G1 X120.706 Y104.309 E.47088
G1 X120.706 Y104.886 E.01918
G1 X110.114 Y94.294 E.49801
G1 X109.537 Y94.294 E.01918
G1 X120.706 Y105.463 E.52514
G1 X120.706 Y106.04 E.01918
G1 X108.96 Y94.294 E.55227
G1 X108.383 Y94.294 E.01918
G1 X120.706 Y106.617 E.5794
G1 X120.706 Y107.194 E.01918
G1 X107.806 Y94.294 E.60653
G1 X107.229 Y94.294 E.01918
M73 P31 R14
G1 X120.706 Y107.771 E.63366
G1 X120.706 Y108.348 E.01918
G1 X106.652 Y94.294 E.66079
G1 X106.075 Y94.294 E.01918
G1 X120.706 Y108.925 E.68792
G1 X120.706 Y109.502 E.01918
G1 X105.498 Y94.294 E.71505
G1 X104.921 Y94.294 E.01918
G1 X120.706 Y110.079 E.74218
G1 X120.706 Y110.656 E.01918
G1 X104.344 Y94.294 E.76931
G1 X103.767 Y94.294 E.01918
G1 X120.706 Y111.233 E.79644
G1 X120.706 Y111.81 E.01918
G1 X103.19 Y94.294 E.82357
G1 X102.613 Y94.294 E.01918
M73 P32 R14
G1 X120.706 Y112.387 E.8507
G1 X120.706 Y112.964 E.01918
G1 X102.036 Y94.294 E.87783
G1 X101.459 Y94.294 E.01918
G1 X120.706 Y113.541 E.90496
G1 X120.706 Y114.118 E.01918
G1 X100.882 Y94.294 E.93209
G1 X100.305 Y94.294 E.01918
G1 X120.706 Y114.695 E.95922
G1 X120.706 Y115.272 E.01918
G1 X99.728 Y94.294 E.98635
G1 X99.294 Y94.294 E.01442
G1 X99.294 Y94.437 E.00476
G1 X120.706 Y115.849 E1.00675
G1 X120.706 Y116.426 E.01918
G1 X99.294 Y95.014 E1.00675
G1 X99.294 Y95.591 E.01918
G1 X120.706 Y117.003 E1.00675
G1 X120.706 Y117.58 E.01918
G1 X99.294 Y96.168 E1.00675
G1 X99.294 Y96.745 E.01918
G1 X120.706 Y118.157 E1.00675
G1 X120.706 Y118.734 E.01918
G1 X99.294 Y97.322 E1.00675
G1 X99.294 Y97.899 E.01918
G1 X120.706 Y119.311 E1.00675
G1 X120.706 Y119.888 E.01918
G1 X99.294 Y98.476 E1.00675
G1 X99.294 Y99.053 E.01918
G1 X120.706 Y120.465 E1.00675
G1 X120.706 Y121.042 E.01918
G1 X99.294 Y99.63 E1.00675
G1 X99.294 Y100.207 E.01918
G1 X120.706 Y121.619 E1.00675
G1 X120.706 Y122.196 E.01918
G1 X99.294 Y100.784 E1.00675
G1 X99.294 Y101.361 E.01918
G1 X120.706 Y122.773 E1.00675
G1 X120.706 Y123.35 E.01918
G1 X99.294 Y101.938 E1.00675
G1 X99.294 Y102.515 E.01918
G1 X120.706 Y123.927 E1.00675
G1 X120.706 Y124.504 E.01918
G1 X99.294 Y103.092 E1.00675
G1 X99.294 Y103.669 E.01918
M73 P33 R14
G1 X120.706 Y125.081 E1.00675
G1 X120.706 Y125.658 E.01918
G1 X99.294 Y104.246 E1.00675
G1 X99.294 Y104.823 E.01918
G1 X120.177 Y125.706 E.98187
G1 X119.6 Y125.706 E.01918
G1 X99.294 Y105.4 E.95474
G1 X99.294 Y105.977 E.01918
G1 X119.023 Y125.706 E.92761
G1 X118.446 Y125.706 E.01918
G1 X99.294 Y106.554 E.90048
G1 X99.294 Y107.131 E.01918
G1 X117.869 Y125.706 E.87335
G1 X117.292 Y125.706 E.01918
G1 X99.294 Y107.708 E.84622
G1 X99.294 Y108.285 E.01918
G1 X116.715 Y125.706 E.81909
G1 X116.138 Y125.706 E.01918
G1 X99.294 Y108.862 E.79196
G1 X99.294 Y109.439 E.01918
G1 X115.561 Y125.706 E.76483
G1 X114.984 Y125.706 E.01918
G1 X99.294 Y110.016 E.7377
G1 X99.294 Y110.593 E.01918
G1 X114.407 Y125.706 E.71057
G1 X113.83 Y125.706 E.01918
G1 X99.294 Y111.17 E.68344
G1 X99.294 Y111.747 E.01918
G1 X113.253 Y125.706 E.65631
G1 X112.676 Y125.706 E.01918
G1 X99.294 Y112.324 E.62918
G1 X99.294 Y112.901 E.01918
G1 X112.099 Y125.706 E.60205
G1 X111.522 Y125.706 E.01918
G1 X99.294 Y113.478 E.57492
G1 X99.294 Y114.055 E.01918
G1 X110.945 Y125.706 E.54779
G1 X110.368 Y125.706 E.01918
G1 X99.294 Y114.632 E.52066
G1 X99.294 Y115.209 E.01918
G1 X109.791 Y125.706 E.49353
G1 X109.214 Y125.706 E.01918
G1 X99.294 Y115.786 E.4664
G1 X99.294 Y116.363 E.01918
G1 X108.637 Y125.706 E.43927
G1 X108.06 Y125.706 E.01918
G1 X99.294 Y116.94 E.41214
G1 X99.294 Y117.517 E.01918
G1 X107.483 Y125.706 E.38501
G1 X106.906 Y125.706 E.01918
G1 X99.294 Y118.094 E.35788
G1 X99.294 Y118.671 E.01918
G1 X106.329 Y125.706 E.33075
G1 X105.752 Y125.706 E.01918
G1 X99.294 Y119.248 E.30362
G1 X99.294 Y119.825 E.01918
G1 X105.175 Y125.706 E.27649
G1 X104.598 Y125.706 E.01918
M73 P34 R14
G1 X99.294 Y120.402 E.24936
G1 X99.294 Y120.979 E.01918
G1 X104.021 Y125.706 E.22223
G1 X103.444 Y125.706 E.01918
G1 X99.294 Y121.556 E.1951
G1 X99.294 Y122.134 E.01918
G1 X102.866 Y125.706 E.16797
G1 X102.289 Y125.706 E.01918
G1 X99.294 Y122.711 E.14084
G1 X99.294 Y123.288 E.01918
G1 X101.712 Y125.706 E.11371
G1 X101.135 Y125.706 E.01918
G1 X99.294 Y123.865 E.08658
G1 X99.294 Y124.442 E.01918
G1 X100.558 Y125.706 E.05945
G1 X99.981 Y125.706 E.01918
G1 X99.111 Y124.835 E.04093
; stop printing object 07_DHT22_ventilated_clip.stl id:0 copy 0
;TIME_ELAPSED:449.577789

;LAYER_CHANGE
;:2
;HEIGHT:0.2
;BEFORE_LAYER_CHANGE
;2
G92 E0
;TIME_ELAPSED:481.935303
G1 E-4.5 F2700
;WIPE_START
G1 F3600
G1 X99.981 Y125.706 E-.2924
G1 X100.558 Y125.706 E-.13704
G1 X100.423 Y125.57 E-.04557
;WIPE_END
G1 E-.025 F2700
;_SET_FAN_SPEED_CHANGING_LAYER
; OBJECT_ID: 15
; printing object 07_DHT22_ventilated_clip.stl id:0 copy 0
M205 X8 Y8
G17
G3 Z2.2 I-.048 J1.216 P1  F7200
G1 X121.398 Y126.398 Z2.2
G1 Z2
G1 E5 F2400
M205 X10 Y10
;TYPE:Inner wall
;WIDTH:0.449999
G1 F2700
G1 X120.586 Y126.398 E.02693
G1 X120.586 Y94.618 E1.05421
G1 X120.526 Y94.474 E.00517
G1 X120.382 Y94.414 E.00517
G1 X99.618 Y94.414 E.68881
G1 X99.474 Y94.474 E.00517
G1 X99.414 Y94.618 E.00517
G1 X99.414 Y126.398 E1.05421
G1 X98.602 Y126.398 E.02693
G1 X98.602 Y93.602 E1.0879
G1 X121.398 Y93.602 E.75618
G1 X121.398 Y126.358 E1.08657
M205 X8 Y8
G1 X121.79 Y126.79 F7200
M205 X10 Y10
;TYPE:Outer wall
;WIDTH:0.419999
G1 F2400
G1 X98.21 Y126.79 E.72455
G1 X98.21 Y93.21 E1.03182
G1 X121.79 Y93.21 E.72455
G1 X121.79 Y126.75 E1.03059
G1 E-4.5 F2700
;WIPE_START
G1 F2400
G1 X119.79 Y126.753 E-.475
;WIPE_END
G1 E-.025 F2700
M205 X8 Y8
G1 X120.992 Y125.992 Z2.4 F7200
G1 Z2
G1 E5 F2400
M205 X10 Y10
;TYPE:Inner wall
;WIDTH:0.447724
G1 F2700
G1 X120.992 Y94.618 E1.03493
;WIDTH:0.489553
G1 X120.971 Y94.517 E.00375
;WIDTH:0.531381
G1 X120.95 Y94.416 E.0041
;WIDTH:0.57321
G1 X120.929 Y94.315 E.00446
;WIDTH:0.615038
G1 X120.908 Y94.214 E.00481
;WIDTH:0.656866
G1 X120.887 Y94.113 E.00516
G1 X120.786 Y94.092 E.00516
;WIDTH:0.615038
G1 X120.685 Y94.071 E.00481
;WIDTH:0.57321
G1 X120.584 Y94.05 E.00446
;WIDTH:0.531382
G1 X120.483 Y94.029 E.0041
;WIDTH:0.489554
G1 X120.382 Y94.008 E.00375
;WIDTH:0.447726
G1 X99.618 Y94.008 E.68497
;WIDTH:0.489554
G1 X99.517 Y94.029 E.00375
;WIDTH:0.531382
G1 X99.416 Y94.05 E.0041
;WIDTH:0.573209
G1 X99.315 Y94.071 E.00446
;WIDTH:0.615037
G1 X99.214 Y94.092 E.00481
;WIDTH:0.656864
G1 X99.113 Y94.113 E.00516
G1 X99.092 Y94.214 E.00516
;WIDTH:0.615037
G1 X99.071 Y94.315 E.00481
;WIDTH:0.573209
G1 X99.05 Y94.416 E.00446
;WIDTH:0.531382
G1 X99.029 Y94.517 E.0041
;WIDTH:0.489554
G1 X99.008 Y94.618 E.00375
;WIDTH:0.447726
G1 X99.008 Y125.992 E1.03494
G1 E-4.5
;WIPE_START
G1 X99.008 Y123.992 E-.475
;WIPE_END
G1 E-.025
M205 X8 Y8
M73 P35 R14
G1 X120.486 Y125.936 Z2.4 F7200
G1 Z2
G1 E5 F2400
M205 X10 Y10
;TYPE:Top surface
;WIDTH:0.423168
G1 X119.886 Y126.535 E.02626
G1 X119.349 Y126.535 E.01666
G1 X120.316 Y125.568 E.04239
G1 X120.316 Y125.03 E.01666
G1 X118.811 Y126.535 E.06595
G1 X118.273 Y126.535 E.01666
G1 X120.316 Y124.492 E.08952
G1 X120.316 Y123.954 E.01666
G1 X117.735 Y126.535 E.11308
G1 X117.198 Y126.535 E.01666
G1 X120.316 Y123.417 E.13665
G1 X120.316 Y122.879 E.01666
G1 X116.66 Y126.535 E.16021
G1 X116.122 Y126.535 E.01666
G1 X120.316 Y122.341 E.18378
G1 X120.316 Y121.803 E.01666
G1 X115.584 Y126.535 E.20734
G1 X115.047 Y126.535 E.01666
G1 X120.316 Y121.266 E.2309
G1 X120.316 Y120.728 E.01666
G1 X114.509 Y126.535 E.25447
G1 X113.971 Y126.535 E.01666
G1 X120.316 Y120.19 E.27803
G1 X120.316 Y119.652 E.01666
G1 X113.433 Y126.535 E.3016
G1 X112.896 Y126.535 E.01666
G1 X120.316 Y119.115 E.32516
G1 X120.316 Y118.577 E.01666
G1 X112.358 Y126.535 E.34873
G1 X111.82 Y126.535 E.01666
G1 X120.316 Y118.039 E.37229
G1 X120.316 Y117.501 E.01666
G1 X111.282 Y126.535 E.39585
G1 X110.745 Y126.535 E.01666
G1 X120.316 Y116.964 E.41942
G1 X120.316 Y116.426 E.01666
G1 X110.207 Y126.535 E.44298
G1 X109.669 Y126.535 E.01666
G1 X120.316 Y115.888 E.46655
G1 X120.316 Y115.35 E.01666
G1 X109.131 Y126.535 E.49011
G1 X108.594 Y126.535 E.01666
G1 X120.316 Y114.813 E.51368
G1 X120.316 Y114.275 E.01666
G1 X108.056 Y126.535 E.53724
G1 X107.518 Y126.535 E.01666
G1 X120.316 Y113.737 E.5608
G1 X120.316 Y113.199 E.01666
G1 X106.98 Y126.535 E.58437
G1 X106.443 Y126.535 E.01666
G1 X120.316 Y112.662 E.60793
G1 X120.316 Y112.124 E.01666
G1 X105.905 Y126.535 E.6315
G1 X105.367 Y126.535 E.01666
G1 X120.316 Y111.586 E.65506
G1 X120.316 Y111.048 E.01666
G1 X104.829 Y126.535 E.67863
G1 X104.292 Y126.535 E.01666
G1 X120.316 Y110.511 E.70219
G1 X120.316 Y109.973 E.01666
G1 X103.754 Y126.535 E.72575
G1 X103.216 Y126.535 E.01666
G1 X120.316 Y109.435 E.74932
G1 X120.316 Y108.897 E.01666
G1 X102.678 Y126.535 E.77288
G1 X102.141 Y126.535 E.01666
M73 P36 R14
G1 X120.316 Y108.36 E.79645
G1 X120.316 Y107.822 E.01666
G1 X101.603 Y126.535 E.82001
G1 X101.065 Y126.535 E.01666
G1 X120.316 Y107.284 E.84358
G1 X120.316 Y106.746 E.01666
G1 X100.527 Y126.535 E.86714
G1 X99.99 Y126.535 E.01666
G1 X120.316 Y106.209 E.8907
G1 X120.316 Y105.671 E.01666
M73 P36 R13
G1 X99.684 Y126.303 E.9041
G1 X99.684 Y125.765 E.01666
G1 X120.316 Y105.133 E.9041
G1 X120.316 Y104.595 E.01666
G1 X99.684 Y125.228 E.9041
G1 X99.684 Y124.69 E.01666
G1 X120.316 Y104.058 E.9041
G1 X120.316 Y103.52 E.01666
G1 X99.684 Y124.152 E.9041
G1 X99.684 Y123.614 E.01666
G1 X120.316 Y102.982 E.9041
G1 X120.316 Y102.444 E.01666
G1 X99.684 Y123.077 E.9041
G1 X99.684 Y122.539 E.01666
G1 X120.316 Y101.907 E.9041
G1 X120.316 Y101.369 E.01666
G1 X99.684 Y122.001 E.9041
G1 X99.684 Y121.463 E.01666
G1 X120.316 Y100.831 E.9041
G1 X120.316 Y100.293 E.01666
G1 X99.684 Y120.926 E.9041
G1 X99.684 Y120.388 E.01666
G1 X120.316 Y99.756 E.9041
G1 X120.316 Y99.218 E.01666
M73 P37 R13
G1 X99.684 Y119.85 E.9041
G1 X99.684 Y119.312 E.01666
G1 X120.316 Y98.68 E.9041
G1 X120.316 Y98.142 E.01666
G1 X99.684 Y118.775 E.9041
G1 X99.684 Y118.237 E.01666
G1 X120.316 Y97.605 E.9041
G1 X120.316 Y97.067 E.01666
G1 X99.684 Y117.699 E.9041
G1 X99.684 Y117.161 E.01666
G1 X120.316 Y96.529 E.9041
G1 X120.316 Y95.991 E.01666
G1 X99.684 Y116.624 E.9041
G1 X99.684 Y116.086 E.01666
G1 X120.316 Y95.454 E.9041
G1 X120.316 Y94.916 E.01666
G1 X99.684 Y115.548 E.9041
G1 X99.684 Y115.01 E.01666
G1 X120.01 Y94.684 E.8907
G1 X119.473 Y94.684 E.01666
G1 X99.684 Y114.473 E.86714
G1 X99.684 Y113.935 E.01666
G1 X118.935 Y94.684 E.84357
G1 X118.397 Y94.684 E.01666
G1 X99.684 Y113.397 E.82001
G1 X99.684 Y112.859 E.01666
G1 X117.859 Y94.684 E.79644
G1 X117.322 Y94.684 E.01666
G1 X99.684 Y112.322 E.77288
G1 X99.684 Y111.784 E.01666
G1 X116.784 Y94.684 E.74931
G1 X116.246 Y94.684 E.01666
G1 X99.684 Y111.246 E.72575
G1 X99.684 Y110.708 E.01666
M73 P38 R13
G1 X115.708 Y94.684 E.70219
G1 X115.171 Y94.684 E.01666
G1 X99.684 Y110.17 E.67862
G1 X99.684 Y109.633 E.01666
G1 X114.633 Y94.684 E.65506
G1 X114.095 Y94.684 E.01666
G1 X99.684 Y109.095 E.63149
G1 X99.684 Y108.557 E.01666
G1 X113.557 Y94.684 E.60793
G1 X113.019 Y94.684 E.01666
G1 X99.684 Y108.019 E.58436
G1 X99.684 Y107.482 E.01666
G1 X112.482 Y94.684 E.5608
G1 X111.944 Y94.684 E.01666
G1 X99.684 Y106.944 E.53724
G1 X99.684 Y106.406 E.01666
G1 X111.406 Y94.684 E.51367
G1 X110.868 Y94.684 E.01666
G1 X99.684 Y105.868 E.49011
G1 X99.684 Y105.331 E.01666
G1 X110.331 Y94.684 E.46654
G1 X109.793 Y94.684 E.01666
G1 X99.684 Y104.793 E.44298
G1 X99.684 Y104.255 E.01666
G1 X109.255 Y94.684 E.41942
G1 X108.717 Y94.684 E.01666
G1 X99.684 Y103.717 E.39585
G1 X99.684 Y103.18 E.01666
G1 X108.18 Y94.684 E.37229
G1 X107.642 Y94.684 E.01666
G1 X99.684 Y102.642 E.34872
G1 X99.684 Y102.104 E.01666
G1 X107.104 Y94.684 E.32516
G1 X106.566 Y94.684 E.01666
G1 X99.684 Y101.566 E.30159
G1 X99.684 Y101.029 E.01666
G1 X106.029 Y94.684 E.27803
G1 X105.491 Y94.684 E.01666
G1 X99.684 Y100.491 E.25447
G1 X99.684 Y99.953 E.01666
G1 X104.953 Y94.684 E.2309
G1 X104.415 Y94.684 E.01666
G1 X99.684 Y99.415 E.20734
G1 X99.684 Y98.878 E.01666
G1 X103.878 Y94.684 E.18377
G1 X103.34 Y94.684 E.01666
G1 X99.684 Y98.34 E.16021
G1 X99.684 Y97.802 E.01666
G1 X102.802 Y94.684 E.13664
G1 X102.264 Y94.684 E.01666
G1 X99.684 Y97.264 E.11308
G1 X99.684 Y96.727 E.01666
G1 X101.727 Y94.684 E.08952
G1 X101.189 Y94.684 E.01666
G1 X99.684 Y96.189 E.06595
G1 X99.684 Y95.651 E.01666
G1 X100.651 Y94.684 E.04239
G1 X100.113 Y94.684 E.01666
G1 X99.514 Y95.283 E.02626
G1 E-4.5 F2700
;WIPE_START
G1 F2400
G1 X100.113 Y94.684 E-.20127
G1 X100.651 Y94.684 E-.12772
G1 X100.216 Y95.119 E-.14602
;WIPE_END
G1 E-.025 F2700
M205 X8 Y8
G1 X107.847 Y94.951 Z2.4 F7200
G1 X120.383 Y94.675 Z2.4
G1 Z2
G1 E5 F2400
M205 X10 Y10
;TYPE:Gap infill
;WIDTH:0.130463
G1 X120.249 Y94.658 E.00096
G1 X120.232 Y94.724 E.00048
G1 E-4.5 F2700
;WIPE_START
G1 F2400
G1 X120.249 Y94.658 E-.15896
G1 X120.383 Y94.675 E-.31604
;WIPE_END
G1 E-.025 F2700
M205 X8 Y8
G1 X116.233 Y101.081 Z2.4 F7200
G1 X99.767 Y126.495 Z2.4
G1 Z2
M73 P39 R13
G1 E5 F2400
M205 X10 Y10
;WIDTH:0.118217
G1 X99.751 Y126.561 E.00041
G1 X99.618 Y126.544 E.00083
; stop printing object 07_DHT22_ventilated_clip.stl id:0 copy 0
;TIME_ELAPSED:514.292847

;LAYER_CHANGE
;:2.2
;HEIGHT:0.2
;BEFORE_LAYER_CHANGE
;2.2
G92 E0

G1 E-4.5 F2700
;WIPE_START
G1 F2400
G1 X99.751 Y126.561 E-.31606
G1 X99.767 Y126.495 E-.15894
;WIPE_END
G1 E-.025 F2700
;_SET_FAN_SPEED_CHANGING_LAYER
; OBJECT_ID: 15
; printing object 07_DHT22_ventilated_clip.stl id:0 copy 0
M205 X8 Y8
G17
G3 Z2.4 I1.217 J-.019 P1  F7200
G1 X99.263 Y94.372 Z2.4
G1 Z2.2
G1 E5 F2400
M205 X10 Y10
;TYPE:Inner wall
;WIDTH:0.431684
G1 F2700
G1 X99 Y94.979 E.02095
G1 X98.987 Y93.987 E.03142
;WIDTH:0.405192
G1 X99.168 Y93.987 E.00535
;WIDTH:0.446512
G1 X99.808 Y94.007 E.02107
G1 X99.296 Y94.296 E.01933
;WIDTH:0.431684
G1 X99.279 Y94.335 E.00135
G1 E-4.5
;WIPE_START
G1 X99 Y94.979 E-.16655
G1 X98.987 Y93.987 E-.23557
G1 X99.168 Y93.987 E-.04302
G1 X99.294 Y93.991 E-.02986
;WIPE_END
G1 E-.025
M205 X8 Y8
G1 X106.926 Y93.994 Z2.6 F7200
G1 X120.021 Y94 Z2.6
G1 Z2.2
G1 E5 F2400
M205 X10 Y10
G1 F2700
G1 X121.013 Y93.987 E.03142
;WIDTH:0.405193
G1 X121.013 Y94.168 E.00535
;WIDTH:0.431684
G1 X121 Y94.979 E.02568
G1 X120.704 Y94.296 E.02357
G1 X120.058 Y94.016 E.0223
G1 E-4.5
;WIPE_START
G1 X121.013 Y93.987 E-.22694
G1 X121.013 Y94.168 E-.04302
G1 X121 Y94.979 E-.19255
G1 X120.979 Y94.93 E-.01249
;WIPE_END
G1 E-.025
M205 X8 Y8
G1 X113.347 Y94.816 Z2.6 F7200
G1 X99.551 Y94.609 Z2.6
G1 Z2.2
G1 E5 F2400
M205 X10 Y10
;WIDTH:0.449999
G1 F2700
G1 X99.398 Y94.979 E.01328
G1 X99.398 Y126.398 E1.04224
G1 X98.602 Y126.398 E.0264
G1 X98.602 Y93.602 E1.0879
G1 X121.398 Y93.602 E.75618
G1 X121.398 Y126.398 E1.0879
G1 X120.602 Y126.398 E.0264
G1 X120.602 Y94.979 E1.04224
G1 X120.432 Y94.568 E.01474
G1 X120.021 Y94.398 E.01474
G1 X99.895 Y94.398 E.66763
G1 X99.568 Y94.568 E.01223
G1 X99.566 Y94.572 E.00014
M205 X8 Y8
G1 X99.845 Y94.845 F7200
M205 X10 Y10
;TYPE:Outer wall
;WIDTH:0.419999
G1 F2400
G1 X99.79 Y94.979 E.00443
G1 X99.79 Y126.79 E.97748
G1 X98.21 Y126.79 E.04855
G1 X98.21 Y93.21 E1.03182
G1 X121.79 Y93.21 E.72455
G1 X121.79 Y126.79 E1.03182
G1 X120.21 Y126.79 E.04855
G1 X120.21 Y94.979 E.97748
G1 X120.155 Y94.845 E.00443
G1 X120.021 Y94.79 E.00443
G1 X99.979 Y94.79 E.61586
G1 X99.882 Y94.83 E.0032
M73 P40 R13
G1 E-4.5 F2700
;WIPE_START
G1 F2400
G1 X99.79 Y94.979 E-.04154
G1 X99.79 Y96.804 E-.43346
;WIPE_END
G1 E-.025 F2700
M205 X8 Y8
G1 X107.394 Y96.149 Z2.6 F7200
G1 X121 Y94.979 Z2.6
G1 Z2.2
G1 E5 F2400
M205 X10 Y10
;TYPE:Inner wall
;WIDTH:0.431684
G1 F2700
G1 X121 Y126 E.98274
G1 E-4.5
;WIPE_START
G1 X121 Y124 E-.475
;WIPE_END
G1 E-.025
M205 X8 Y8
G1 X120.751 Y116.372 Z2.6 F7200
G1 X120.021 Y94 Z2.6
G1 Z2.2
G1 E5 F2400
M205 X10 Y10
G1 F2700
G1 X99.979 Y94 E.63495
;WIDTH:0.446512
G1 X99.808 Y94.007 E.00561
G1 E-4.5
;WIPE_START
G1 X99.979 Y94 E-.0405
G1 X101.808 Y94 E-.4345
;WIPE_END
G1 E-.025
M205 X8 Y8
G1 X99 Y94.979 Z2.6 F7200
G1 Z2.2
G1 E5 F2400
M205 X10 Y10
;WIDTH:0.431684
G1 F2700
G1 X99 Y126 E.98274
; stop printing object 07_DHT22_ventilated_clip.stl id:0 copy 0
G1 E-4.5
;WIPE_START
G1 X99 Y124 E-.475
;WIPE_END
G1 E-.025
;TIME_ELAPSED:532.423584

;LAYER_CHANGE
;:2.4
;HEIGHT:0.2
;BEFORE_LAYER_CHANGE
;2.4
G92 E0

;_SET_FAN_SPEED_CHANGING_LAYER
; OBJECT_ID: 15
; printing object 07_DHT22_ventilated_clip.stl id:0 copy 0
M205 X8 Y8
G1 X99.263 Y94.372 Z2.6 F7200
G1 Z2.4
G1 E5 F2400
M205 X10 Y10
G1 F2700
G1 X99 Y94.979 E.02095
G1 X98.987 Y93.987 E.03142
;WIDTH:0.405192
G1 X99.168 Y93.987 E.00535
;WIDTH:0.446512
G1 X99.808 Y94.007 E.02107
G1 X99.296 Y94.296 E.01933
;WIDTH:0.431684
G1 X99.279 Y94.335 E.00135
G1 E-4.5
;WIPE_START
G1 X99 Y94.979 E-.16655
G1 X98.987 Y93.987 E-.23557
G1 X99.168 Y93.987 E-.04302
G1 X99.294 Y93.991 E-.02986
;WIPE_END
G1 E-.025
M205 X8 Y8
G1 X106.926 Y93.994 Z2.8 F7200
G1 X120.021 Y94 Z2.8
G1 Z2.4
G1 E5 F2400
M205 X10 Y10
G1 F2700
G1 X121.013 Y93.987 E.03142
;WIDTH:0.405193
G1 X121.013 Y94.168 E.00535
;WIDTH:0.431684
G1 X121 Y94.979 E.02568
G1 X120.704 Y94.296 E.02357
G1 X120.058 Y94.016 E.0223
G1 E-4.5
;WIPE_START
G1 X121.013 Y93.987 E-.22694
G1 X121.013 Y94.168 E-.04302
G1 X121 Y94.979 E-.19255
G1 X120.979 Y94.93 E-.01249
;WIPE_END
G1 E-.025
M205 X8 Y8
G1 X113.347 Y94.816 Z2.8 F7200
G1 X99.551 Y94.609 Z2.8
G1 Z2.4
G1 E5 F2400
M205 X10 Y10
;WIDTH:0.449999
G1 F2700
G1 X99.398 Y94.979 E.01328
G1 X99.398 Y126.398 E1.04224
G1 X98.602 Y126.398 E.0264
G1 X98.602 Y93.602 E1.0879
G1 X121.398 Y93.602 E.75618
G1 X121.398 Y126.398 E1.0879
G1 X120.602 Y126.398 E.0264
M73 P40 R12
G1 X120.602 Y94.979 E1.04224
G1 X120.432 Y94.568 E.01474
G1 X120.021 Y94.398 E.01474
G1 X99.895 Y94.398 E.66763
G1 X99.568 Y94.568 E.01223
G1 X99.566 Y94.572 E.00014
M205 X8 Y8
G1 X99.845 Y94.845 F7200
M205 X10 Y10
;TYPE:Outer wall
;WIDTH:0.419999
G1 F2400
G1 X99.79 Y94.979 E.00443
G1 X99.79 Y126.79 E.97748
G1 X98.21 Y126.79 E.04855
M73 P41 R12
G1 X98.21 Y93.21 E1.03182
G1 X121.79 Y93.21 E.72455
G1 X121.79 Y126.79 E1.03182
G1 X120.21 Y126.79 E.04855
G1 X120.21 Y94.979 E.97748
G1 X120.155 Y94.845 E.00443
G1 X120.021 Y94.79 E.00443
G1 X99.979 Y94.79 E.61586
G1 X99.882 Y94.83 E.0032
G1 E-4.5 F2700
;WIPE_START
G1 F2400
G1 X99.79 Y94.979 E-.04154
G1 X99.79 Y96.804 E-.43346
;WIPE_END
G1 E-.025 F2700
M205 X8 Y8
G1 X107.394 Y96.149 Z2.8 F7200
G1 X121 Y94.979 Z2.8
G1 Z2.4
G1 E5 F2400
M205 X10 Y10
;TYPE:Inner wall
;WIDTH:0.431684
G1 F2700
G1 X121 Y126 E.98274
G1 E-4.5
;WIPE_START
G1 X121 Y124 E-.475
;WIPE_END
G1 E-.025
M205 X8 Y8
G1 X120.751 Y116.372 Z2.8 F7200
G1 X120.021 Y94 Z2.8
G1 Z2.4
G1 E5 F2400
M205 X10 Y10
G1 F2700
G1 X99.979 Y94 E.63495
;WIDTH:0.446512
G1 X99.808 Y94.007 E.00561
G1 E-4.5
;WIPE_START
G1 X99.979 Y94 E-.0405
G1 X101.808 Y94 E-.4345
;WIPE_END
G1 E-.025
M205 X8 Y8
G1 X99 Y94.979 Z2.8 F7200
G1 Z2.4
G1 E5 F2400
M205 X10 Y10
;WIDTH:0.431684
G1 F2700
G1 X99 Y126 E.98274
; stop printing object 07_DHT22_ventilated_clip.stl id:0 copy 0
G1 E-4.5
;WIPE_START
G1 X99 Y124 E-.475
;WIPE_END
G1 E-.025
;TIME_ELAPSED:549.994263

;LAYER_CHANGE
;:2.6
;HEIGHT:0.2
;BEFORE_LAYER_CHANGE
;2.6
G92 E0

;_SET_FAN_SPEED_CHANGING_LAYER
; OBJECT_ID: 15
; printing object 07_DHT22_ventilated_clip.stl id:0 copy 0
M205 X8 Y8
G1 X99.263 Y94.372 Z2.8 F7200
G1 Z2.6
G1 E5 F2400
M205 X10 Y10
G1 F2700
G1 X99 Y94.979 E.02095
G1 X98.987 Y93.987 E.03142
;WIDTH:0.405192
G1 X99.168 Y93.987 E.00535
;WIDTH:0.446512
G1 X99.808 Y94.007 E.02107
G1 X99.296 Y94.296 E.01933
;WIDTH:0.431684
G1 X99.279 Y94.335 E.00135
G1 E-4.5
;WIPE_START
G1 X99 Y94.979 E-.16655
G1 X98.987 Y93.987 E-.23557
G1 X99.168 Y93.987 E-.04302
G1 X99.294 Y93.991 E-.02986
;WIPE_END
G1 E-.025
M205 X8 Y8
G1 X106.926 Y93.994 Z3 F7200
G1 X120.021 Y94 Z3
G1 Z2.6
G1 E5 F2400
M205 X10 Y10
G1 F2700
G1 X121.013 Y93.987 E.03142
;WIDTH:0.405193
G1 X121.013 Y94.168 E.00535
;WIDTH:0.431684
G1 X121 Y94.979 E.02568
G1 X120.704 Y94.296 E.02357
G1 X120.058 Y94.016 E.0223
G1 E-4.5
;WIPE_START
G1 X121.013 Y93.987 E-.22694
G1 X121.013 Y94.168 E-.04302
G1 X121 Y94.979 E-.19255
G1 X120.979 Y94.93 E-.01249
;WIPE_END
G1 E-.025
M205 X8 Y8
G1 X113.347 Y94.816 Z3 F7200
G1 X99.551 Y94.609 Z3
G1 Z2.6
G1 E5 F2400
M205 X10 Y10
;WIDTH:0.449999
G1 F2700
G1 X99.398 Y94.979 E.01328
G1 X99.398 Y126.398 E1.04224
G1 X98.602 Y126.398 E.0264
M73 P42 R12
G1 X98.602 Y93.602 E1.0879
G1 X121.398 Y93.602 E.75618
G1 X121.398 Y126.398 E1.0879
G1 X120.602 Y126.398 E.0264
G1 X120.602 Y94.979 E1.04224
G1 X120.432 Y94.568 E.01474
G1 X120.021 Y94.398 E.01474
G1 X99.895 Y94.398 E.66763
G1 X99.568 Y94.568 E.01223
G1 X99.566 Y94.572 E.00014
M205 X8 Y8
G1 X99.845 Y94.845 F7200
M205 X10 Y10
;TYPE:Outer wall
;WIDTH:0.419999
G1 F2400
G1 X99.79 Y94.979 E.00443
G1 X99.79 Y126.79 E.97748
G1 X98.21 Y126.79 E.04855
G1 X98.21 Y93.21 E1.03182
G1 X121.79 Y93.21 E.72455
G1 X121.79 Y126.79 E1.03182
G1 X120.21 Y126.79 E.04855
G1 X120.21 Y94.979 E.97748
G1 X120.155 Y94.845 E.00443
G1 X120.021 Y94.79 E.00443
G1 X99.979 Y94.79 E.61586
G1 X99.882 Y94.83 E.0032
G1 E-4.5 F2700
;WIPE_START
G1 F2400
G1 X99.79 Y94.979 E-.04154
G1 X99.79 Y96.804 E-.43346
;WIPE_END
G1 E-.025 F2700
M205 X8 Y8
G1 X107.394 Y96.149 Z3 F7200
G1 X121 Y94.979 Z3
G1 Z2.6
G1 E5 F2400
M205 X10 Y10
;TYPE:Inner wall
;WIDTH:0.431684
G1 F2700
G1 X121 Y126 E.98274
G1 E-4.5
;WIPE_START
G1 X121 Y124 E-.475
;WIPE_END
G1 E-.025
M205 X8 Y8
G1 X120.751 Y116.372 Z3 F7200
G1 X120.021 Y94 Z3
G1 Z2.6
G1 E5 F2400
M205 X10 Y10
G1 F2700
G1 X99.979 Y94 E.63495
;WIDTH:0.446512
G1 X99.808 Y94.007 E.00561
G1 E-4.5
;WIPE_START
G1 X99.979 Y94 E-.0405
G1 X101.808 Y94 E-.4345
;WIPE_END
G1 E-.025
M205 X8 Y8
G1 X99 Y94.979 Z3 F7200
G1 Z2.6
G1 E5 F2400
M205 X10 Y10
;WIDTH:0.431684
G1 F2700
G1 X99 Y126 E.98274
; stop printing object 07_DHT22_ventilated_clip.stl id:0 copy 0
G1 E-4.5
;WIPE_START
M73 P43 R12
G1 X99 Y124 E-.475
;WIPE_END
G1 E-.025
;TIME_ELAPSED:567.564941

;LAYER_CHANGE
;:2.8
;HEIGHT:0.2
;BEFORE_LAYER_CHANGE
;2.8
G92 E0

;_SET_FAN_SPEED_CHANGING_LAYER
; OBJECT_ID: 15
; printing object 07_DHT22_ventilated_clip.stl id:0 copy 0
M205 X8 Y8
G1 X99.263 Y94.372 Z3 F7200
G1 Z2.8
G1 E5 F2400
M205 X10 Y10
G1 F2700
G1 X99 Y94.979 E.02095
G1 X98.987 Y93.987 E.03142
;WIDTH:0.405192
G1 X99.168 Y93.987 E.00535
;WIDTH:0.446512
G1 X99.808 Y94.007 E.02107
G1 X99.296 Y94.296 E.01933
;WIDTH:0.431684
G1 X99.279 Y94.335 E.00135
G1 E-4.5
;WIPE_START
G1 X99 Y94.979 E-.16655
G1 X98.987 Y93.987 E-.23557
G1 X99.168 Y93.987 E-.04302
G1 X99.294 Y93.991 E-.02986
;WIPE_END
G1 E-.025
M205 X8 Y8
G1 X106.926 Y93.994 Z3.2 F7200
G1 X120.021 Y94 Z3.2
G1 Z2.8
G1 E5 F2400
M205 X10 Y10
G1 F2700
G1 X121.013 Y93.987 E.03142
;WIDTH:0.405193
G1 X121.013 Y94.168 E.00535
;WIDTH:0.431684
G1 X121 Y94.979 E.02568
G1 X120.704 Y94.296 E.02357
G1 X120.058 Y94.016 E.0223
G1 E-4.5
;WIPE_START
G1 X121.013 Y93.987 E-.22694
G1 X121.013 Y94.168 E-.04302
G1 X121 Y94.979 E-.19255
G1 X120.979 Y94.93 E-.01249
;WIPE_END
G1 E-.025
M205 X8 Y8
G1 X113.347 Y94.816 Z3.2 F7200
G1 X99.551 Y94.609 Z3.2
G1 Z2.8
G1 E5 F2400
M205 X10 Y10
;WIDTH:0.449999
G1 F2700
G1 X99.398 Y94.979 E.01328
G1 X99.398 Y126.398 E1.04224
G1 X98.602 Y126.398 E.0264
G1 X98.602 Y93.602 E1.0879
G1 X121.398 Y93.602 E.75618
G1 X121.398 Y126.398 E1.0879
G1 X120.602 Y126.398 E.0264
G1 X120.602 Y94.979 E1.04224
G1 X120.432 Y94.568 E.01474
G1 X120.021 Y94.398 E.01474
G1 X99.895 Y94.398 E.66763
G1 X99.568 Y94.568 E.01223
G1 X99.566 Y94.572 E.00014
M205 X8 Y8
G1 X99.845 Y94.845 F7200
M205 X10 Y10
;TYPE:Outer wall
;WIDTH:0.419999
G1 F2400
G1 X99.79 Y94.979 E.00443
G1 X99.79 Y126.79 E.97748
G1 X98.21 Y126.79 E.04855
G1 X98.21 Y93.21 E1.03182
G1 X121.79 Y93.21 E.72455
G1 X121.79 Y126.79 E1.03182
G1 X120.21 Y126.79 E.04855
G1 X120.21 Y94.979 E.97748
G1 X120.155 Y94.845 E.00443
G1 X120.021 Y94.79 E.00443
G1 X99.979 Y94.79 E.61586
G1 X99.882 Y94.83 E.0032
M73 P44 R12
G1 E-4.5 F2700
;WIPE_START
G1 F2400
G1 X99.79 Y94.979 E-.04154
G1 X99.79 Y96.804 E-.43346
;WIPE_END
G1 E-.025 F2700
M205 X8 Y8
G1 X107.394 Y96.149 Z3.2 F7200
G1 X121 Y94.979 Z3.2
G1 Z2.8
G1 E5 F2400
M205 X10 Y10
;TYPE:Inner wall
;WIDTH:0.431684
G1 F2700
G1 X121 Y126 E.98274
G1 E-4.5
;WIPE_START
G1 X121 Y124 E-.475
;WIPE_END
G1 E-.025
M205 X8 Y8
G1 X120.751 Y116.372 Z3.2 F7200
G1 X120.021 Y94 Z3.2
G1 Z2.8
G1 E5 F2400
M205 X10 Y10
G1 F2700
G1 X99.979 Y94 E.63495
;WIDTH:0.446512
G1 X99.808 Y94.007 E.00561
G1 E-4.5
;WIPE_START
G1 X99.979 Y94 E-.0405
G1 X101.808 Y94 E-.4345
;WIPE_END
G1 E-.025
M205 X8 Y8
G1 X99 Y94.979 Z3.2 F7200
G1 Z2.8
G1 E5 F2400
M205 X10 Y10
;WIDTH:0.431684
G1 F2700
G1 X99 Y126 E.98274
; stop printing object 07_DHT22_ventilated_clip.stl id:0 copy 0
G1 E-4.5
;WIPE_START
G1 X99 Y124 E-.475
;WIPE_END
G1 E-.025
;TIME_ELAPSED:585.135620

;LAYER_CHANGE
;:3
;HEIGHT:0.2
;BEFORE_LAYER_CHANGE
;3
G92 E0

;_SET_FAN_SPEED_CHANGING_LAYER
; OBJECT_ID: 15
; printing object 07_DHT22_ventilated_clip.stl id:0 copy 0
M205 X8 Y8
G1 X99.263 Y94.372 Z3.2 F7200
G1 Z3
G1 E5 F2400
M205 X10 Y10
G1 F2700
G1 X99 Y94.979 E.02095
G1 X98.987 Y93.987 E.03142
;WIDTH:0.405192
G1 X99.168 Y93.987 E.00535
;WIDTH:0.446512
G1 X99.808 Y94.007 E.02107
G1 X99.296 Y94.296 E.01933
;WIDTH:0.431684
G1 X99.279 Y94.335 E.00135
G1 E-4.5
;WIPE_START
G1 X99 Y94.979 E-.16655
G1 X98.987 Y93.987 E-.23557
G1 X99.168 Y93.987 E-.04302
G1 X99.294 Y93.991 E-.02986
;WIPE_END
G1 E-.025
M205 X8 Y8
G1 X106.926 Y93.994 Z3.4 F7200
G1 X120.021 Y94 Z3.4
G1 Z3
G1 E5 F2400
M205 X10 Y10
G1 F2700
G1 X121.013 Y93.987 E.03142
;WIDTH:0.405193
G1 X121.013 Y94.168 E.00535
;WIDTH:0.431684
G1 X121 Y94.979 E.02568
G1 X120.704 Y94.296 E.02357
G1 X120.058 Y94.016 E.0223
G1 E-4.5
;WIPE_START
G1 X121.013 Y93.987 E-.22694
G1 X121.013 Y94.168 E-.04302
G1 X121 Y94.979 E-.19255
G1 X120.979 Y94.93 E-.01249
;WIPE_END
G1 E-.025
M205 X8 Y8
G1 X113.347 Y94.816 Z3.4 F7200
G1 X99.551 Y94.609 Z3.4
G1 Z3
G1 E5 F2400
M205 X10 Y10
;WIDTH:0.449999
G1 F2700
G1 X99.398 Y94.979 E.01328
G1 X99.398 Y126.398 E1.04224
G1 X98.602 Y126.398 E.0264
G1 X98.602 Y93.602 E1.0879
G1 X121.398 Y93.602 E.75618
G1 X121.398 Y126.398 E1.0879
G1 X120.602 Y126.398 E.0264
G1 X120.602 Y94.979 E1.04224
G1 X120.432 Y94.568 E.01474
G1 X120.021 Y94.398 E.01474
G1 X99.895 Y94.398 E.66763
G1 X99.568 Y94.568 E.01223
G1 X99.566 Y94.572 E.00014
M205 X8 Y8
G1 X99.845 Y94.845 F7200
M205 X10 Y10
;TYPE:Outer wall
;WIDTH:0.419999
G1 F2400
G1 X99.79 Y94.979 E.00443
G1 X99.79 Y126.79 E.97748
G1 X98.21 Y126.79 E.04855
M73 P45 R12
G1 X98.21 Y93.21 E1.03182
G1 X121.79 Y93.21 E.72455
G1 X121.79 Y126.79 E1.03182
G1 X120.21 Y126.79 E.04855
G1 X120.21 Y94.979 E.97748
G1 X120.155 Y94.845 E.00443
G1 X120.021 Y94.79 E.00443
G1 X99.979 Y94.79 E.61586
G1 X99.882 Y94.83 E.0032
G1 E-4.5 F2700
;WIPE_START
G1 F2400
G1 X99.79 Y94.979 E-.04154
G1 X99.79 Y96.804 E-.43346
;WIPE_END
G1 E-.025 F2700
M205 X8 Y8
G1 X107.394 Y96.149 Z3.4 F7200
G1 X121 Y94.979 Z3.4
G1 Z3
M73 P45 R11
G1 E5 F2400
M205 X10 Y10
;TYPE:Inner wall
;WIDTH:0.431684
G1 F2700
G1 X121 Y126 E.98274
G1 E-4.5
;WIPE_START
G1 X121 Y124 E-.475
;WIPE_END
G1 E-.025
M205 X8 Y8
G1 X120.751 Y116.372 Z3.4 F7200
G1 X120.021 Y94 Z3.4
G1 Z3
G1 E5 F2400
M205 X10 Y10
G1 F2700
G1 X99.979 Y94 E.63495
;WIDTH:0.446512
G1 X99.808 Y94.007 E.00561
G1 E-4.5
;WIPE_START
G1 X99.979 Y94 E-.0405
G1 X101.808 Y94 E-.4345
;WIPE_END
G1 E-.025
M205 X8 Y8
G1 X99 Y94.979 Z3.4 F7200
G1 Z3
G1 E5 F2400
M205 X10 Y10
;WIDTH:0.431684
G1 F2700
G1 X99 Y126 E.98274
; stop printing object 07_DHT22_ventilated_clip.stl id:0 copy 0
G1 E-4.5
;WIPE_START
G1 X99 Y124 E-.475
;WIPE_END
G1 E-.025
;TIME_ELAPSED:602.706299

;LAYER_CHANGE
;:3.2
;HEIGHT:0.2
;BEFORE_LAYER_CHANGE
;3.2
G92 E0

;_SET_FAN_SPEED_CHANGING_LAYER
; OBJECT_ID: 15
; printing object 07_DHT22_ventilated_clip.stl id:0 copy 0
M205 X8 Y8
G1 X99.263 Y94.372 Z3.4 F7200
G1 Z3.2
G1 E5 F2400
M205 X10 Y10
G1 F2700
G1 X99 Y94.979 E.02095
G1 X98.987 Y93.987 E.03142
;WIDTH:0.405192
G1 X99.168 Y93.987 E.00535
;WIDTH:0.446512
G1 X99.808 Y94.007 E.02107
G1 X99.296 Y94.296 E.01933
;WIDTH:0.431684
G1 X99.279 Y94.335 E.00135
G1 E-4.5
;WIPE_START
G1 X99 Y94.979 E-.16655
G1 X98.987 Y93.987 E-.23557
G1 X99.168 Y93.987 E-.04302
G1 X99.294 Y93.991 E-.02986
;WIPE_END
G1 E-.025
M205 X8 Y8
G1 X106.926 Y93.994 Z3.6 F7200
G1 X120.021 Y94 Z3.6
G1 Z3.2
G1 E5 F2400
M205 X10 Y10
G1 F2700
G1 X121.013 Y93.987 E.03142
;WIDTH:0.405193
G1 X121.013 Y94.168 E.00535
;WIDTH:0.431684
G1 X121 Y94.979 E.02568
G1 X120.704 Y94.296 E.02357
G1 X120.058 Y94.016 E.0223
G1 E-4.5
;WIPE_START
G1 X121.013 Y93.987 E-.22694
G1 X121.013 Y94.168 E-.04302
G1 X121 Y94.979 E-.19255
G1 X120.979 Y94.93 E-.01249
;WIPE_END
G1 E-.025
M205 X8 Y8
G1 X113.347 Y94.816 Z3.6 F7200
G1 X99.551 Y94.609 Z3.6
G1 Z3.2
G1 E5 F2400
M205 X10 Y10
;WIDTH:0.449999
G1 F2700
G1 X99.398 Y94.979 E.01328
G1 X99.398 Y126.398 E1.04224
G1 X98.602 Y126.398 E.0264
M73 P46 R11
G1 X98.602 Y93.602 E1.0879
G1 X121.398 Y93.602 E.75618
G1 X121.398 Y126.398 E1.0879
G1 X120.602 Y126.398 E.0264
G1 X120.602 Y94.979 E1.04224
G1 X120.432 Y94.568 E.01474
G1 X120.021 Y94.398 E.01474
G1 X99.895 Y94.398 E.66763
G1 X99.568 Y94.568 E.01223
G1 X99.566 Y94.572 E.00014
M205 X8 Y8
G1 X99.845 Y94.845 F7200
M205 X10 Y10
;TYPE:Outer wall
;WIDTH:0.419999
G1 F2400
G1 X99.79 Y94.979 E.00443
G1 X99.79 Y126.79 E.97748
G1 X98.21 Y126.79 E.04855
G1 X98.21 Y93.21 E1.03182
G1 X121.79 Y93.21 E.72455
G1 X121.79 Y126.79 E1.03182
G1 X120.21 Y126.79 E.04855
G1 X120.21 Y94.979 E.97748
G1 X120.155 Y94.845 E.00443
G1 X120.021 Y94.79 E.00443
G1 X99.979 Y94.79 E.61586
G1 X99.882 Y94.83 E.0032
G1 E-4.5 F2700
;WIPE_START
G1 F2400
G1 X99.79 Y94.979 E-.04154
G1 X99.79 Y96.804 E-.43346
;WIPE_END
G1 E-.025 F2700
M205 X8 Y8
G1 X107.394 Y96.149 Z3.6 F7200
G1 X121 Y94.979 Z3.6
G1 Z3.2
G1 E5 F2400
M205 X10 Y10
;TYPE:Inner wall
;WIDTH:0.431684
G1 F2700
G1 X121 Y126 E.98274
G1 E-4.5
;WIPE_START
G1 X121 Y124 E-.475
;WIPE_END
G1 E-.025
M205 X8 Y8
G1 X120.751 Y116.372 Z3.6 F7200
G1 X120.021 Y94 Z3.6
G1 Z3.2
G1 E5 F2400
M205 X10 Y10
G1 F2700
G1 X99.979 Y94 E.63495
;WIDTH:0.446512
G1 X99.808 Y94.007 E.00561
G1 E-4.5
;WIPE_START
G1 X99.979 Y94 E-.0405
G1 X101.808 Y94 E-.4345
;WIPE_END
G1 E-.025
M205 X8 Y8
G1 X99 Y94.979 Z3.6 F7200
G1 Z3.2
G1 E5 F2400
M205 X10 Y10
;WIDTH:0.431684
G1 F2700
G1 X99 Y126 E.98274
; stop printing object 07_DHT22_ventilated_clip.stl id:0 copy 0
G1 E-4.5
;WIPE_START
M73 P47 R11
G1 X99 Y124 E-.475
;WIPE_END
G1 E-.025
;TIME_ELAPSED:620.276978

;LAYER_CHANGE
;:3.4
;HEIGHT:0.2
;BEFORE_LAYER_CHANGE
;3.4
G92 E0

;_SET_FAN_SPEED_CHANGING_LAYER
; OBJECT_ID: 15
; printing object 07_DHT22_ventilated_clip.stl id:0 copy 0
M205 X8 Y8
G1 X99.263 Y94.372 Z3.6 F7200
G1 Z3.4
G1 E5 F2400
M205 X10 Y10
G1 F2700
G1 X99 Y94.979 E.02095
G1 X98.987 Y93.987 E.03142
;WIDTH:0.405192
G1 X99.168 Y93.987 E.00535
;WIDTH:0.446512
G1 X99.808 Y94.007 E.02107
G1 X99.296 Y94.296 E.01933
;WIDTH:0.431684
G1 X99.279 Y94.335 E.00135
G1 E-4.5
;WIPE_START
G1 X99 Y94.979 E-.16655
G1 X98.987 Y93.987 E-.23557
G1 X99.168 Y93.987 E-.04302
G1 X99.294 Y93.991 E-.02986
;WIPE_END
G1 E-.025
M205 X8 Y8
G1 X106.926 Y93.994 Z3.8 F7200
G1 X120.021 Y94 Z3.8
G1 Z3.4
G1 E5 F2400
M205 X10 Y10
G1 F2700
G1 X121.013 Y93.987 E.03142
;WIDTH:0.405193
G1 X121.013 Y94.168 E.00535
;WIDTH:0.431684
G1 X121 Y94.979 E.02568
G1 X120.704 Y94.296 E.02357
G1 X120.058 Y94.016 E.0223
G1 E-4.5
;WIPE_START
G1 X121.013 Y93.987 E-.22694
G1 X121.013 Y94.168 E-.04302
G1 X121 Y94.979 E-.19255
G1 X120.979 Y94.93 E-.01249
;WIPE_END
G1 E-.025
M205 X8 Y8
G1 X113.347 Y94.816 Z3.8 F7200
G1 X99.551 Y94.609 Z3.8
G1 Z3.4
G1 E5 F2400
M205 X10 Y10
;WIDTH:0.449999
G1 F2700
G1 X99.398 Y94.979 E.01328
G1 X99.398 Y126.398 E1.04224
G1 X98.602 Y126.398 E.0264
G1 X98.602 Y93.602 E1.0879
G1 X121.398 Y93.602 E.75618
G1 X121.398 Y126.398 E1.0879
G1 X120.602 Y126.398 E.0264
G1 X120.602 Y94.979 E1.04224
G1 X120.432 Y94.568 E.01474
G1 X120.021 Y94.398 E.01474
G1 X99.895 Y94.398 E.66763
G1 X99.568 Y94.568 E.01223
G1 X99.566 Y94.572 E.00014
M205 X8 Y8
G1 X99.845 Y94.845 F7200
M205 X10 Y10
;TYPE:Outer wall
;WIDTH:0.419999
G1 F2400
G1 X99.79 Y94.979 E.00443
G1 X99.79 Y126.79 E.97748
G1 X98.21 Y126.79 E.04855
G1 X98.21 Y93.21 E1.03182
G1 X121.79 Y93.21 E.72455
G1 X121.79 Y126.79 E1.03182
G1 X120.21 Y126.79 E.04855
G1 X120.21 Y94.979 E.97748
G1 X120.155 Y94.845 E.00443
G1 X120.021 Y94.79 E.00443
G1 X99.979 Y94.79 E.61586
G1 X99.882 Y94.83 E.0032
M73 P48 R11
G1 E-4.5 F2700
;WIPE_START
G1 F2400
G1 X99.79 Y94.979 E-.04154
G1 X99.79 Y96.804 E-.43346
;WIPE_END
G1 E-.025 F2700
M205 X8 Y8
G1 X107.394 Y96.149 Z3.8 F7200
G1 X121 Y94.979 Z3.8
G1 Z3.4
G1 E5 F2400
M205 X10 Y10
;TYPE:Inner wall
;WIDTH:0.431684
G1 F2700
G1 X121 Y126 E.98274
G1 E-4.5
;WIPE_START
G1 X121 Y124 E-.475
;WIPE_END
G1 E-.025
M205 X8 Y8
G1 X120.751 Y116.372 Z3.8 F7200
G1 X120.021 Y94 Z3.8
G1 Z3.4
G1 E5 F2400
M205 X10 Y10
G1 F2700
G1 X99.979 Y94 E.63495
;WIDTH:0.446512
G1 X99.808 Y94.007 E.00561
G1 E-4.5
;WIPE_START
G1 X99.979 Y94 E-.0405
G1 X101.808 Y94 E-.4345
;WIPE_END
G1 E-.025
M205 X8 Y8
G1 X99 Y94.979 Z3.8 F7200
G1 Z3.4
G1 E5 F2400
M205 X10 Y10
;WIDTH:0.431684
G1 F2700
G1 X99 Y126 E.98274
; stop printing object 07_DHT22_ventilated_clip.stl id:0 copy 0
G1 E-4.5
;WIPE_START
G1 X99 Y124 E-.475
;WIPE_END
G1 E-.025
;TIME_ELAPSED:637.847717

;LAYER_CHANGE
;:3.6
;HEIGHT:0.2
;BEFORE_LAYER_CHANGE
;3.6
G92 E0

;_SET_FAN_SPEED_CHANGING_LAYER
; OBJECT_ID: 15
; printing object 07_DHT22_ventilated_clip.stl id:0 copy 0
M205 X8 Y8
G1 X99.263 Y94.372 Z3.8 F7200
G1 Z3.6
G1 E5 F2400
M205 X10 Y10
G1 F2700
G1 X99 Y94.979 E.02095
G1 X98.987 Y93.987 E.03142
;WIDTH:0.405192
G1 X99.168 Y93.987 E.00535
;WIDTH:0.446512
G1 X99.808 Y94.007 E.02107
G1 X99.296 Y94.296 E.01933
;WIDTH:0.431684
G1 X99.279 Y94.335 E.00135
G1 E-4.5
;WIPE_START
G1 X99 Y94.979 E-.16655
G1 X98.987 Y93.987 E-.23557
G1 X99.168 Y93.987 E-.04302
G1 X99.294 Y93.991 E-.02986
;WIPE_END
G1 E-.025
M205 X8 Y8
G1 X106.926 Y93.994 Z4 F7200
G1 X120.021 Y94 Z4
G1 Z3.6
G1 E5 F2400
M205 X10 Y10
G1 F2700
G1 X121.013 Y93.987 E.03142
;WIDTH:0.405193
G1 X121.013 Y94.168 E.00535
;WIDTH:0.431684
G1 X121 Y94.979 E.02568
G1 X120.704 Y94.296 E.02357
G1 X120.058 Y94.016 E.0223
G1 E-4.5
;WIPE_START
G1 X121.013 Y93.987 E-.22694
G1 X121.013 Y94.168 E-.04302
G1 X121 Y94.979 E-.19255
G1 X120.979 Y94.93 E-.01249
;WIPE_END
G1 E-.025
M205 X8 Y8
G1 X113.347 Y94.816 Z4 F7200
G1 X99.551 Y94.609 Z4
G1 Z3.6
G1 E5 F2400
M205 X10 Y10
;WIDTH:0.449999
G1 F2700
G1 X99.398 Y94.979 E.01328
G1 X99.398 Y126.398 E1.04224
G1 X98.602 Y126.398 E.0264
G1 X98.602 Y93.602 E1.0879
G1 X121.398 Y93.602 E.75618
G1 X121.398 Y126.398 E1.0879
G1 X120.602 Y126.398 E.0264
G1 X120.602 Y94.979 E1.04224
G1 X120.432 Y94.568 E.01474
G1 X120.021 Y94.398 E.01474
G1 X99.895 Y94.398 E.66763
G1 X99.568 Y94.568 E.01223
G1 X99.566 Y94.572 E.00014
M205 X8 Y8
G1 X99.845 Y94.845 F7200
M205 X10 Y10
;TYPE:Outer wall
;WIDTH:0.419999
G1 F2400
G1 X99.79 Y94.979 E.00443
G1 X99.79 Y126.79 E.97748
G1 X98.21 Y126.79 E.04855
M73 P49 R11
G1 X98.21 Y93.21 E1.03182
G1 X121.79 Y93.21 E.72455
G1 X121.79 Y126.79 E1.03182
G1 X120.21 Y126.79 E.04855
G1 X120.21 Y94.979 E.97748
G1 X120.155 Y94.845 E.00443
G1 X120.021 Y94.79 E.00443
G1 X99.979 Y94.79 E.61586
G1 X99.882 Y94.83 E.0032
G1 E-4.5 F2700
;WIPE_START
G1 F2400
G1 X99.79 Y94.979 E-.04154
G1 X99.79 Y96.804 E-.43346
;WIPE_END
G1 E-.025 F2700
M205 X8 Y8
G1 X107.394 Y96.149 Z4 F7200
G1 X121 Y94.979 Z4
G1 Z3.6
G1 E5 F2400
M205 X10 Y10
;TYPE:Inner wall
;WIDTH:0.431684
G1 F2700
G1 X121 Y126 E.98274
G1 E-4.5
;WIPE_START
G1 X121 Y124 E-.475
;WIPE_END
G1 E-.025
M205 X8 Y8
G1 X120.751 Y116.372 Z4 F7200
G1 X120.021 Y94 Z4
G1 Z3.6
G1 E5 F2400
M205 X10 Y10
G1 F2700
G1 X99.979 Y94 E.63495
;WIDTH:0.446512
G1 X99.808 Y94.007 E.00561
G1 E-4.5
;WIPE_START
G1 X99.979 Y94 E-.0405
G1 X101.808 Y94 E-.4345
;WIPE_END
G1 E-.025
M205 X8 Y8
G1 X99 Y94.979 Z4 F7200
G1 Z3.6
G1 E5 F2400
M205 X10 Y10
;WIDTH:0.431684
G1 F2700
G1 X99 Y126 E.98274
; stop printing object 07_DHT22_ventilated_clip.stl id:0 copy 0
G1 E-4.5
;WIPE_START
G1 X99 Y124 E-.475
;WIPE_END
G1 E-.025
;TIME_ELAPSED:655.418396

;LAYER_CHANGE
;:3.8
;HEIGHT:0.2
;BEFORE_LAYER_CHANGE
;3.8
G92 E0

;_SET_FAN_SPEED_CHANGING_LAYER
; OBJECT_ID: 15
; printing object 07_DHT22_ventilated_clip.stl id:0 copy 0
M205 X8 Y8
G1 X99.263 Y94.372 Z4 F7200
G1 Z3.8
G1 E5 F2400
M205 X10 Y10
G1 F2700
G1 X99 Y94.979 E.02095
G1 X98.987 Y93.987 E.03142
;WIDTH:0.405192
G1 X99.168 Y93.987 E.00535
;WIDTH:0.446512
G1 X99.808 Y94.007 E.02107
G1 X99.296 Y94.296 E.01933
;WIDTH:0.431684
G1 X99.279 Y94.335 E.00135
G1 E-4.5
;WIPE_START
G1 X99 Y94.979 E-.16655
G1 X98.987 Y93.987 E-.23557
G1 X99.168 Y93.987 E-.04302
G1 X99.294 Y93.991 E-.02986
;WIPE_END
G1 E-.025
M205 X8 Y8
G1 X106.926 Y93.994 Z4.2 F7200
G1 X120.021 Y94 Z4.2
G1 Z3.8
G1 E5 F2400
M205 X10 Y10
G1 F2700
G1 X121.013 Y93.987 E.03142
;WIDTH:0.405193
G1 X121.013 Y94.168 E.00535
;WIDTH:0.431684
G1 X121 Y94.979 E.02568
G1 X120.704 Y94.296 E.02357
G1 X120.058 Y94.016 E.0223
G1 E-4.5
;WIPE_START
G1 X121.013 Y93.987 E-.22694
G1 X121.013 Y94.168 E-.04302
G1 X121 Y94.979 E-.19255
G1 X120.979 Y94.93 E-.01249
;WIPE_END
G1 E-.025
M205 X8 Y8
G1 X113.347 Y94.816 Z4.2 F7200
G1 X99.551 Y94.609 Z4.2
M73 P49 R10
G1 Z3.8
G1 E5 F2400
M205 X10 Y10
;WIDTH:0.449999
G1 F2700
G1 X99.398 Y94.979 E.01328
G1 X99.398 Y126.398 E1.04224
G1 X98.602 Y126.398 E.0264
M73 P50 R10
G1 X98.602 Y93.602 E1.0879
G1 X121.398 Y93.602 E.75618
G1 X121.398 Y126.398 E1.0879
G1 X120.602 Y126.398 E.0264
G1 X120.602 Y94.979 E1.04224
G1 X120.432 Y94.568 E.01474
G1 X120.021 Y94.398 E.01474
G1 X99.895 Y94.398 E.66763
G1 X99.568 Y94.568 E.01223
G1 X99.566 Y94.572 E.00014
M205 X8 Y8
G1 X99.845 Y94.845 F7200
M205 X10 Y10
;TYPE:Outer wall
;WIDTH:0.419999
G1 F2400
G1 X99.79 Y94.979 E.00443
G1 X99.79 Y126.79 E.97748
G1 X98.21 Y126.79 E.04855
G1 X98.21 Y93.21 E1.03182
G1 X121.79 Y93.21 E.72455
G1 X121.79 Y126.79 E1.03182
G1 X120.21 Y126.79 E.04855
G1 X120.21 Y94.979 E.97748
G1 X120.155 Y94.845 E.00443
G1 X120.021 Y94.79 E.00443
G1 X99.979 Y94.79 E.61586
G1 X99.882 Y94.83 E.0032
G1 E-4.5 F2700
;WIPE_START
G1 F2400
G1 X99.79 Y94.979 E-.04154
G1 X99.79 Y96.804 E-.43346
;WIPE_END
G1 E-.025 F2700
M205 X8 Y8
G1 X107.394 Y96.149 Z4.2 F7200
G1 X121 Y94.979 Z4.2
G1 Z3.8
G1 E5 F2400
M205 X10 Y10
;TYPE:Inner wall
;WIDTH:0.431684
G1 F2700
G1 X121 Y126 E.98274
G1 E-4.5
;WIPE_START
G1 X121 Y124 E-.475
;WIPE_END
G1 E-.025
M205 X8 Y8
G1 X120.751 Y116.372 Z4.2 F7200
G1 X120.021 Y94 Z4.2
G1 Z3.8
G1 E5 F2400
M205 X10 Y10
G1 F2700
G1 X99.979 Y94 E.63495
;WIDTH:0.446512
G1 X99.808 Y94.007 E.00561
G1 E-4.5
;WIPE_START
G1 X99.979 Y94 E-.0405
G1 X101.808 Y94 E-.4345
;WIPE_END
G1 E-.025
M205 X8 Y8
G1 X99 Y94.979 Z4.2 F7200
G1 Z3.8
G1 E5 F2400
M205 X10 Y10
;WIDTH:0.431684
G1 F2700
M73 P51 R10
G1 X99 Y126 E.98274
; stop printing object 07_DHT22_ventilated_clip.stl id:0 copy 0
G1 E-4.5
;WIPE_START
G1 X99 Y124 E-.475
;WIPE_END
G1 E-.025
;TIME_ELAPSED:672.989075

;LAYER_CHANGE
;:4
;HEIGHT:0.2
;BEFORE_LAYER_CHANGE
;4
G92 E0

;_SET_FAN_SPEED_CHANGING_LAYER
; OBJECT_ID: 15
; printing object 07_DHT22_ventilated_clip.stl id:0 copy 0
M205 X8 Y8
G1 X99.263 Y94.372 Z4.2 F7200
G1 Z4
G1 E5 F2400
M205 X10 Y10
G1 F2700
G1 X99 Y94.979 E.02095
G1 X98.987 Y93.987 E.03142
;WIDTH:0.405192
G1 X99.168 Y93.987 E.00535
;WIDTH:0.446512
G1 X99.808 Y94.007 E.02107
G1 X99.296 Y94.296 E.01933
;WIDTH:0.431684
G1 X99.279 Y94.335 E.00135
G1 E-4.5
;WIPE_START
G1 X99 Y94.979 E-.16655
G1 X98.987 Y93.987 E-.23557
G1 X99.168 Y93.987 E-.04302
G1 X99.294 Y93.991 E-.02986
;WIPE_END
G1 E-.025
M205 X8 Y8
G1 X106.926 Y93.994 Z4.4 F7200
G1 X120.021 Y94 Z4.4
G1 Z4
G1 E5 F2400
M205 X10 Y10
G1 F2700
G1 X121.013 Y93.987 E.03142
;WIDTH:0.405193
G1 X121.013 Y94.168 E.00535
;WIDTH:0.431684
G1 X121 Y94.979 E.02568
G1 X120.704 Y94.296 E.02357
G1 X120.058 Y94.016 E.0223
G1 E-4.5
;WIPE_START
G1 X121.013 Y93.987 E-.22694
G1 X121.013 Y94.168 E-.04302
G1 X121 Y94.979 E-.19255
G1 X120.979 Y94.93 E-.01249
;WIPE_END
G1 E-.025
M205 X8 Y8
G1 X113.347 Y94.816 Z4.4 F7200
G1 X99.551 Y94.609 Z4.4
G1 Z4
G1 E5 F2400
M205 X10 Y10
;WIDTH:0.449999
G1 F2700
G1 X99.398 Y94.979 E.01328
G1 X99.398 Y126.398 E1.04224
G1 X98.602 Y126.398 E.0264
G1 X98.602 Y93.602 E1.0879
G1 X121.398 Y93.602 E.75618
G1 X121.398 Y126.398 E1.0879
G1 X120.602 Y126.398 E.0264
G1 X120.602 Y94.979 E1.04224
G1 X120.432 Y94.568 E.01474
G1 X120.021 Y94.398 E.01474
G1 X99.895 Y94.398 E.66763
G1 X99.568 Y94.568 E.01223
G1 X99.566 Y94.572 E.00014
M205 X8 Y8
G1 X99.845 Y94.845 F7200
M205 X10 Y10
;TYPE:Outer wall
;WIDTH:0.419999
G1 F2400
G1 X99.79 Y94.979 E.00443
G1 X99.79 Y126.79 E.97748
G1 X98.21 Y126.79 E.04855
G1 X98.21 Y93.21 E1.03182
G1 X121.79 Y93.21 E.72455
G1 X121.79 Y126.79 E1.03182
G1 X120.21 Y126.79 E.04855
G1 X120.21 Y94.979 E.97748
G1 X120.155 Y94.845 E.00443
G1 X120.021 Y94.79 E.00443
G1 X99.979 Y94.79 E.61586
G1 X99.882 Y94.83 E.0032
M73 P52 R10
G1 E-4.5 F2700
;WIPE_START
G1 F2400
G1 X99.79 Y94.979 E-.04154
G1 X99.79 Y96.804 E-.43346
;WIPE_END
G1 E-.025 F2700
M205 X8 Y8
G1 X107.394 Y96.149 Z4.4 F7200
G1 X121 Y94.979 Z4.4
G1 Z4
G1 E5 F2400
M205 X10 Y10
;TYPE:Inner wall
;WIDTH:0.431684
G1 F2700
G1 X121 Y126 E.98274
G1 E-4.5
;WIPE_START
G1 X121 Y124 E-.475
;WIPE_END
G1 E-.025
M205 X8 Y8
G1 X120.751 Y116.372 Z4.4 F7200
G1 X120.021 Y94 Z4.4
G1 Z4
G1 E5 F2400
M205 X10 Y10
G1 F2700
G1 X99.979 Y94 E.63495
;WIDTH:0.446512
G1 X99.808 Y94.007 E.00561
G1 E-4.5
;WIPE_START
G1 X99.979 Y94 E-.0405
G1 X101.808 Y94 E-.4345
;WIPE_END
G1 E-.025
M205 X8 Y8
G1 X99 Y94.979 Z4.4 F7200
G1 Z4
G1 E5 F2400
M205 X10 Y10
;WIDTH:0.431684
G1 F2700
G1 X99 Y126 E.98274
; stop printing object 07_DHT22_ventilated_clip.stl id:0 copy 0
G1 E-4.5
;WIPE_START
G1 X99 Y124 E-.475
;WIPE_END
G1 E-.025
;TIME_ELAPSED:690.559753

;LAYER_CHANGE
;:4.2
;HEIGHT:0.2
;BEFORE_LAYER_CHANGE
;4.2
G92 E0

;_SET_FAN_SPEED_CHANGING_LAYER
; OBJECT_ID: 15
; printing object 07_DHT22_ventilated_clip.stl id:0 copy 0
M205 X8 Y8
G1 X99.263 Y94.372 Z4.4 F7200
G1 Z4.2
G1 E5 F2400
M205 X10 Y10
G1 F2700
G1 X99 Y94.979 E.02095
G1 X98.987 Y93.987 E.03142
;WIDTH:0.405192
G1 X99.168 Y93.987 E.00535
;WIDTH:0.446512
G1 X99.808 Y94.007 E.02107
G1 X99.296 Y94.296 E.01933
;WIDTH:0.431684
G1 X99.279 Y94.335 E.00135
G1 E-4.5
;WIPE_START
G1 X99 Y94.979 E-.16655
G1 X98.987 Y93.987 E-.23557
G1 X99.168 Y93.987 E-.04302
G1 X99.294 Y93.991 E-.02986
;WIPE_END
G1 E-.025
M205 X8 Y8
G1 X106.926 Y93.994 Z4.6 F7200
G1 X120.021 Y94 Z4.6
G1 Z4.2
G1 E5 F2400
M205 X10 Y10
G1 F2700
G1 X121.013 Y93.987 E.03142
;WIDTH:0.405193
G1 X121.013 Y94.168 E.00535
;WIDTH:0.431684
G1 X121 Y94.979 E.02568
G1 X120.704 Y94.296 E.02357
G1 X120.058 Y94.016 E.0223
G1 E-4.5
;WIPE_START
G1 X121.013 Y93.987 E-.22694
G1 X121.013 Y94.168 E-.04302
G1 X121 Y94.979 E-.19255
G1 X120.979 Y94.93 E-.01249
;WIPE_END
G1 E-.025
M205 X8 Y8
G1 X113.347 Y94.816 Z4.6 F7200
G1 X99.551 Y94.609 Z4.6
G1 Z4.2
G1 E5 F2400
M205 X10 Y10
;WIDTH:0.449999
G1 F2700
G1 X99.398 Y94.979 E.01328
G1 X99.398 Y126.398 E1.04224
G1 X98.602 Y126.398 E.0264
G1 X98.602 Y93.602 E1.0879
G1 X121.398 Y93.602 E.75618
G1 X121.398 Y126.398 E1.0879
G1 X120.602 Y126.398 E.0264
G1 X120.602 Y94.979 E1.04224
G1 X120.432 Y94.568 E.01474
G1 X120.021 Y94.398 E.01474
G1 X99.895 Y94.398 E.66763
G1 X99.568 Y94.568 E.01223
G1 X99.566 Y94.572 E.00014
M205 X8 Y8
G1 X99.845 Y94.845 F7200
M205 X10 Y10
;TYPE:Outer wall
;WIDTH:0.419999
G1 F2400
G1 X99.79 Y94.979 E.00443
G1 X99.79 Y126.79 E.97748
G1 X98.21 Y126.79 E.04855
M73 P53 R10
G1 X98.21 Y93.21 E1.03182
G1 X121.79 Y93.21 E.72455
G1 X121.79 Y126.79 E1.03182
G1 X120.21 Y126.79 E.04855
G1 X120.21 Y94.979 E.97748
G1 X120.155 Y94.845 E.00443
G1 X120.021 Y94.79 E.00443
G1 X99.979 Y94.79 E.61586
G1 X99.882 Y94.83 E.0032
G1 E-4.5 F2700
;WIPE_START
G1 F2400
G1 X99.79 Y94.979 E-.04154
G1 X99.79 Y96.804 E-.43346
;WIPE_END
G1 E-.025 F2700
M205 X8 Y8
G1 X107.394 Y96.149 Z4.6 F7200
G1 X121 Y94.979 Z4.6
G1 Z4.2
G1 E5 F2400
M205 X10 Y10
;TYPE:Inner wall
;WIDTH:0.431684
G1 F2700
G1 X121 Y126 E.98274
G1 E-4.5
;WIPE_START
G1 X121 Y124 E-.475
;WIPE_END
G1 E-.025
M205 X8 Y8
G1 X120.751 Y116.372 Z4.6 F7200
G1 X120.021 Y94 Z4.6
G1 Z4.2
G1 E5 F2400
M205 X10 Y10
G1 F2700
G1 X99.979 Y94 E.63495
;WIDTH:0.446512
G1 X99.808 Y94.007 E.00561
G1 E-4.5
;WIPE_START
G1 X99.979 Y94 E-.0405
G1 X101.808 Y94 E-.4345
;WIPE_END
G1 E-.025
M205 X8 Y8
G1 X99 Y94.979 Z4.6 F7200
G1 Z4.2
G1 E5 F2400
M205 X10 Y10
;WIDTH:0.431684
G1 F2700
G1 X99 Y126 E.98274
; stop printing object 07_DHT22_ventilated_clip.stl id:0 copy 0
G1 E-4.5
;WIPE_START
G1 X99 Y124 E-.475
;WIPE_END
G1 E-.025
;TIME_ELAPSED:708.130432

;LAYER_CHANGE
;:4.4
;HEIGHT:0.2
;BEFORE_LAYER_CHANGE
;4.4
G92 E0

;_SET_FAN_SPEED_CHANGING_LAYER
; OBJECT_ID: 15
; printing object 07_DHT22_ventilated_clip.stl id:0 copy 0
M205 X8 Y8
G1 X99.263 Y94.372 Z4.6 F7200
G1 Z4.4
G1 E5 F2400
M205 X10 Y10
G1 F2700
G1 X99 Y94.979 E.02095
G1 X98.987 Y93.987 E.03142
;WIDTH:0.405192
G1 X99.168 Y93.987 E.00535
;WIDTH:0.446512
G1 X99.808 Y94.007 E.02107
G1 X99.296 Y94.296 E.01933
;WIDTH:0.431684
G1 X99.279 Y94.335 E.00135
G1 E-4.5
;WIPE_START
G1 X99 Y94.979 E-.16655
G1 X98.987 Y93.987 E-.23557
G1 X99.168 Y93.987 E-.04302
G1 X99.294 Y93.991 E-.02986
;WIPE_END
G1 E-.025
M205 X8 Y8
G1 X106.926 Y93.994 Z4.8 F7200
G1 X120.021 Y94 Z4.8
G1 Z4.4
G1 E5 F2400
M205 X10 Y10
G1 F2700
G1 X121.013 Y93.987 E.03142
;WIDTH:0.405193
G1 X121.013 Y94.168 E.00535
;WIDTH:0.431684
G1 X121 Y94.979 E.02568
G1 X120.704 Y94.296 E.02357
G1 X120.058 Y94.016 E.0223
G1 E-4.5
;WIPE_START
G1 X121.013 Y93.987 E-.22694
G1 X121.013 Y94.168 E-.04302
G1 X121 Y94.979 E-.19255
G1 X120.979 Y94.93 E-.01249
;WIPE_END
G1 E-.025
M205 X8 Y8
G1 X113.347 Y94.816 Z4.8 F7200
G1 X99.551 Y94.609 Z4.8
G1 Z4.4
G1 E5 F2400
M205 X10 Y10
;WIDTH:0.449999
G1 F2700
G1 X99.398 Y94.979 E.01328
G1 X99.398 Y126.398 E1.04224
G1 X98.602 Y126.398 E.0264
M73 P54 R10
G1 X98.602 Y93.602 E1.0879
G1 X121.398 Y93.602 E.75618
G1 X121.398 Y126.398 E1.0879
G1 X120.602 Y126.398 E.0264
G1 X120.602 Y94.979 E1.04224
G1 X120.432 Y94.568 E.01474
G1 X120.021 Y94.398 E.01474
G1 X99.895 Y94.398 E.66763
G1 X99.568 Y94.568 E.01223
G1 X99.566 Y94.572 E.00014
M205 X8 Y8
G1 X99.845 Y94.845 F7200
M205 X10 Y10
;TYPE:Outer wall
;WIDTH:0.419999
G1 F2400
G1 X99.79 Y94.979 E.00443
G1 X99.79 Y126.79 E.97748
G1 X98.21 Y126.79 E.04855
G1 X98.21 Y93.21 E1.03182
G1 X121.79 Y93.21 E.72455
G1 X121.79 Y126.79 E1.03182
M73 P54 R9
G1 X120.21 Y126.79 E.04855
G1 X120.21 Y94.979 E.97748
G1 X120.155 Y94.845 E.00443
G1 X120.021 Y94.79 E.00443
G1 X99.979 Y94.79 E.61586
G1 X99.882 Y94.83 E.0032
G1 E-4.5 F2700
;WIPE_START
G1 F2400
G1 X99.79 Y94.979 E-.04154
G1 X99.79 Y96.804 E-.43346
;WIPE_END
G1 E-.025 F2700
M205 X8 Y8
G1 X107.394 Y96.149 Z4.8 F7200
G1 X121 Y94.979 Z4.8
G1 Z4.4
G1 E5 F2400
M205 X10 Y10
;TYPE:Inner wall
;WIDTH:0.431684
G1 F2700
G1 X121 Y126 E.98274
G1 E-4.5
;WIPE_START
G1 X121 Y124 E-.475
;WIPE_END
G1 E-.025
M205 X8 Y8
G1 X120.751 Y116.372 Z4.8 F7200
G1 X120.021 Y94 Z4.8
G1 Z4.4
G1 E5 F2400
M205 X10 Y10
G1 F2700
G1 X99.979 Y94 E.63495
;WIDTH:0.446512
G1 X99.808 Y94.007 E.00561
G1 E-4.5
;WIPE_START
G1 X99.979 Y94 E-.0405
G1 X101.808 Y94 E-.4345
;WIPE_END
G1 E-.025
M205 X8 Y8
G1 X99 Y94.979 Z4.8 F7200
G1 Z4.4
G1 E5 F2400
M205 X10 Y10
;WIDTH:0.431684
G1 F2700
M73 P55 R9
G1 X99 Y126 E.98274
; stop printing object 07_DHT22_ventilated_clip.stl id:0 copy 0
G1 E-4.5
;WIPE_START
G1 X99 Y124 E-.475
;WIPE_END
G1 E-.025
;TIME_ELAPSED:725.701111

;LAYER_CHANGE
;:4.6
;HEIGHT:0.2
;BEFORE_LAYER_CHANGE
;4.6
G92 E0

;_SET_FAN_SPEED_CHANGING_LAYER
; OBJECT_ID: 15
; printing object 07_DHT22_ventilated_clip.stl id:0 copy 0
M205 X8 Y8
G1 X99.263 Y94.372 Z4.8 F7200
G1 Z4.6
G1 E5 F2400
M205 X10 Y10
G1 F2700
G1 X99 Y94.979 E.02095
G1 X98.987 Y93.987 E.03142
;WIDTH:0.405192
G1 X99.168 Y93.987 E.00535
;WIDTH:0.446512
G1 X99.808 Y94.007 E.02107
G1 X99.296 Y94.296 E.01933
;WIDTH:0.431684
G1 X99.279 Y94.335 E.00135
G1 E-4.5
;WIPE_START
G1 X99 Y94.979 E-.16655
G1 X98.987 Y93.987 E-.23557
G1 X99.168 Y93.987 E-.04302
G1 X99.294 Y93.991 E-.02986
;WIPE_END
G1 E-.025
M205 X8 Y8
G1 X106.926 Y93.994 Z5 F7200
G1 X120.021 Y94 Z5
G1 Z4.6
G1 E5 F2400
M205 X10 Y10
G1 F2700
G1 X121.013 Y93.987 E.03142
;WIDTH:0.405193
G1 X121.013 Y94.168 E.00535
;WIDTH:0.431684
G1 X121 Y94.979 E.02568
G1 X120.704 Y94.296 E.02357
G1 X120.058 Y94.016 E.0223
G1 E-4.5
;WIPE_START
G1 X121.013 Y93.987 E-.22694
G1 X121.013 Y94.168 E-.04302
G1 X121 Y94.979 E-.19255
G1 X120.979 Y94.93 E-.01249
;WIPE_END
G1 E-.025
M205 X8 Y8
G1 X113.347 Y94.816 Z5 F7200
G1 X99.551 Y94.609 Z5
G1 Z4.6
G1 E5 F2400
M205 X10 Y10
;WIDTH:0.449999
G1 F2700
G1 X99.398 Y94.979 E.01328
G1 X99.398 Y126.398 E1.04224
G1 X98.602 Y126.398 E.0264
G1 X98.602 Y93.602 E1.0879
G1 X121.398 Y93.602 E.75618
G1 X121.398 Y126.398 E1.0879
G1 X120.602 Y126.398 E.0264
G1 X120.602 Y94.979 E1.04224
G1 X120.432 Y94.568 E.01474
G1 X120.021 Y94.398 E.01474
G1 X99.895 Y94.398 E.66763
G1 X99.568 Y94.568 E.01223
G1 X99.566 Y94.572 E.00014
M205 X8 Y8
G1 X99.845 Y94.845 F7200
M205 X10 Y10
;TYPE:Outer wall
;WIDTH:0.419999
G1 F2400
G1 X99.79 Y94.979 E.00443
G1 X99.79 Y126.79 E.97748
G1 X98.21 Y126.79 E.04855
G1 X98.21 Y93.21 E1.03182
G1 X121.79 Y93.21 E.72455
G1 X121.79 Y126.79 E1.03182
G1 X120.21 Y126.79 E.04855
G1 X120.21 Y94.979 E.97748
G1 X120.155 Y94.845 E.00443
G1 X120.021 Y94.79 E.00443
G1 X99.979 Y94.79 E.61586
G1 X99.882 Y94.83 E.0032
M73 P56 R9
G1 E-4.5 F2700
;WIPE_START
G1 F2400
G1 X99.79 Y94.979 E-.04154
G1 X99.79 Y96.804 E-.43346
;WIPE_END
G1 E-.025 F2700
M205 X8 Y8
G1 X107.394 Y96.149 Z5 F7200
G1 X121 Y94.979 Z5
G1 Z4.6
G1 E5 F2400
M205 X10 Y10
;TYPE:Inner wall
;WIDTH:0.431684
G1 F2700
G1 X121 Y126 E.98274
G1 E-4.5
;WIPE_START
G1 X121 Y124 E-.475
;WIPE_END
G1 E-.025
M205 X8 Y8
G1 X120.751 Y116.372 Z5 F7200
G1 X120.021 Y94 Z5
G1 Z4.6
G1 E5 F2400
M205 X10 Y10
G1 F2700
G1 X99.979 Y94 E.63495
;WIDTH:0.446512
G1 X99.808 Y94.007 E.00561
G1 E-4.5
;WIPE_START
G1 X99.979 Y94 E-.0405
G1 X101.808 Y94 E-.4345
;WIPE_END
G1 E-.025
M205 X8 Y8
G1 X99 Y94.979 Z5 F7200
G1 Z4.6
G1 E5 F2400
M205 X10 Y10
;WIDTH:0.431684
G1 F2700
G1 X99 Y126 E.98274
; stop printing object 07_DHT22_ventilated_clip.stl id:0 copy 0
G1 E-4.5
;WIPE_START
G1 X99 Y124 E-.475
;WIPE_END
G1 E-.025
;TIME_ELAPSED:743.271790

;LAYER_CHANGE
;:4.8
;HEIGHT:0.2
;BEFORE_LAYER_CHANGE
;4.8
G92 E0

;_SET_FAN_SPEED_CHANGING_LAYER
; OBJECT_ID: 15
; printing object 07_DHT22_ventilated_clip.stl id:0 copy 0
M205 X8 Y8
G1 X99.263 Y94.372 Z5 F7200
G1 Z4.8
G1 E5 F2400
M205 X10 Y10
G1 F2700
G1 X99 Y94.979 E.02095
G1 X98.987 Y93.987 E.03142
;WIDTH:0.405192
G1 X99.168 Y93.987 E.00535
;WIDTH:0.446512
G1 X99.808 Y94.007 E.02107
G1 X99.296 Y94.296 E.01933
;WIDTH:0.431684
G1 X99.279 Y94.335 E.00135
G1 E-4.5
;WIPE_START
G1 X99 Y94.979 E-.16655
G1 X98.987 Y93.987 E-.23557
G1 X99.168 Y93.987 E-.04302
G1 X99.294 Y93.991 E-.02986
;WIPE_END
G1 E-.025
M205 X8 Y8
G1 X106.926 Y93.994 Z5.2 F7200
G1 X120.021 Y94 Z5.2
G1 Z4.8
G1 E5 F2400
M205 X10 Y10
G1 F2700
G1 X121.013 Y93.987 E.03142
;WIDTH:0.405193
G1 X121.013 Y94.168 E.00535
;WIDTH:0.431684
G1 X121 Y94.979 E.02568
G1 X120.704 Y94.296 E.02357
G1 X120.058 Y94.016 E.0223
G1 E-4.5
;WIPE_START
G1 X121.013 Y93.987 E-.22694
G1 X121.013 Y94.168 E-.04302
G1 X121 Y94.979 E-.19255
G1 X120.979 Y94.93 E-.01249
;WIPE_END
G1 E-.025
M205 X8 Y8
G1 X113.347 Y94.816 Z5.2 F7200
G1 X99.551 Y94.609 Z5.2
G1 Z4.8
G1 E5 F2400
M205 X10 Y10
;WIDTH:0.449999
G1 F2700
G1 X99.398 Y94.979 E.01328
G1 X99.398 Y126.398 E1.04224
G1 X98.602 Y126.398 E.0264
G1 X98.602 Y93.602 E1.0879
G1 X121.398 Y93.602 E.75618
G1 X121.398 Y126.398 E1.0879
G1 X120.602 Y126.398 E.0264
G1 X120.602 Y94.979 E1.04224
G1 X120.432 Y94.568 E.01474
G1 X120.021 Y94.398 E.01474
G1 X99.895 Y94.398 E.66763
G1 X99.568 Y94.568 E.01223
G1 X99.566 Y94.572 E.00014
M205 X8 Y8
G1 X99.845 Y94.845 F7200
M205 X10 Y10
;TYPE:Outer wall
;WIDTH:0.419999
G1 F2400
G1 X99.79 Y94.979 E.00443
G1 X99.79 Y126.79 E.97748
G1 X98.21 Y126.79 E.04855
M73 P57 R9
G1 X98.21 Y93.21 E1.03182
G1 X121.79 Y93.21 E.72455
G1 X121.79 Y126.79 E1.03182
G1 X120.21 Y126.79 E.04855
G1 X120.21 Y94.979 E.97748
G1 X120.155 Y94.845 E.00443
G1 X120.021 Y94.79 E.00443
G1 X99.979 Y94.79 E.61586
G1 X99.882 Y94.83 E.0032
G1 E-4.5 F2700
;WIPE_START
G1 F2400
G1 X99.79 Y94.979 E-.04154
G1 X99.79 Y96.804 E-.43346
;WIPE_END
G1 E-.025 F2700
M205 X8 Y8
G1 X107.394 Y96.149 Z5.2 F7200
G1 X121 Y94.979 Z5.2
G1 Z4.8
G1 E5 F2400
M205 X10 Y10
;TYPE:Inner wall
;WIDTH:0.431684
G1 F2700
G1 X121 Y126 E.98274
G1 E-4.5
;WIPE_START
G1 X121 Y124 E-.475
;WIPE_END
G1 E-.025
M205 X8 Y8
G1 X120.751 Y116.372 Z5.2 F7200
G1 X120.021 Y94 Z5.2
G1 Z4.8
G1 E5 F2400
M205 X10 Y10
G1 F2700
G1 X99.979 Y94 E.63495
;WIDTH:0.446512
G1 X99.808 Y94.007 E.00561
G1 E-4.5
;WIPE_START
G1 X99.979 Y94 E-.0405
G1 X101.808 Y94 E-.4345
;WIPE_END
G1 E-.025
M205 X8 Y8
G1 X99 Y94.979 Z5.2 F7200
G1 Z4.8
G1 E5 F2400
M205 X10 Y10
;WIDTH:0.431684
G1 F2700
G1 X99 Y126 E.98274
; stop printing object 07_DHT22_ventilated_clip.stl id:0 copy 0
G1 E-4.5
;WIPE_START
G1 X99 Y124 E-.475
;WIPE_END
G1 E-.025
;TIME_ELAPSED:760.842529

;LAYER_CHANGE
;:5
;HEIGHT:0.2
;BEFORE_LAYER_CHANGE
;5
G92 E0

;_SET_FAN_SPEED_CHANGING_LAYER
; OBJECT_ID: 15
; printing object 07_DHT22_ventilated_clip.stl id:0 copy 0
M205 X8 Y8
G1 X99.263 Y94.372 Z5.2 F7200
G1 Z5
G1 E5 F2400
M205 X10 Y10
G1 F2700
G1 X99 Y94.979 E.02095
G1 X98.987 Y93.987 E.03142
;WIDTH:0.405192
G1 X99.168 Y93.987 E.00535
;WIDTH:0.446512
G1 X99.808 Y94.007 E.02107
G1 X99.296 Y94.296 E.01933
;WIDTH:0.431684
G1 X99.279 Y94.335 E.00135
G1 E-4.5
;WIPE_START
G1 X99 Y94.979 E-.16655
G1 X98.987 Y93.987 E-.23557
G1 X99.168 Y93.987 E-.04302
G1 X99.294 Y93.991 E-.02986
;WIPE_END
G1 E-.025
M205 X8 Y8
G1 X106.926 Y93.994 Z5.4 F7200
G1 X120.021 Y94 Z5.4
G1 Z5
G1 E5 F2400
M205 X10 Y10
G1 F2700
G1 X121.013 Y93.987 E.03142
;WIDTH:0.405193
G1 X121.013 Y94.168 E.00535
;WIDTH:0.431684
G1 X121 Y94.979 E.02568
G1 X120.704 Y94.296 E.02357
G1 X120.058 Y94.016 E.0223
G1 E-4.5
;WIPE_START
G1 X121.013 Y93.987 E-.22694
G1 X121.013 Y94.168 E-.04302
G1 X121 Y94.979 E-.19255
G1 X120.979 Y94.93 E-.01249
;WIPE_END
G1 E-.025
M205 X8 Y8
G1 X113.347 Y94.816 Z5.4 F7200
G1 X99.551 Y94.609 Z5.4
G1 Z5
G1 E5 F2400
M205 X10 Y10
;WIDTH:0.449999
G1 F2700
G1 X99.398 Y94.979 E.01328
G1 X99.398 Y126.398 E1.04224
G1 X98.602 Y126.398 E.0264
M73 P58 R9
G1 X98.602 Y93.602 E1.0879
G1 X121.398 Y93.602 E.75618
G1 X121.398 Y126.398 E1.0879
G1 X120.602 Y126.398 E.0264
G1 X120.602 Y94.979 E1.04224
G1 X120.432 Y94.568 E.01474
G1 X120.021 Y94.398 E.01474
G1 X99.895 Y94.398 E.66763
G1 X99.568 Y94.568 E.01223
G1 X99.566 Y94.572 E.00014
M205 X8 Y8
G1 X99.845 Y94.845 F7200
M205 X10 Y10
;TYPE:Outer wall
;WIDTH:0.419999
G1 F2400
G1 X99.79 Y94.979 E.00443
G1 X99.79 Y126.79 E.97748
G1 X98.21 Y126.79 E.04855
G1 X98.21 Y93.21 E1.03182
G1 X121.79 Y93.21 E.72455
G1 X121.79 Y126.79 E1.03182
G1 X120.21 Y126.79 E.04855
G1 X120.21 Y94.979 E.97748
G1 X120.155 Y94.845 E.00443
G1 X120.021 Y94.79 E.00443
G1 X99.979 Y94.79 E.61586
G1 X99.882 Y94.83 E.0032
G1 E-4.5 F2700
;WIPE_START
G1 F2400
G1 X99.79 Y94.979 E-.04154
G1 X99.79 Y96.804 E-.43346
;WIPE_END
G1 E-.025 F2700
M205 X8 Y8
G1 X107.394 Y96.149 Z5.4 F7200
G1 X121 Y94.979 Z5.4
G1 Z5
G1 E5 F2400
M205 X10 Y10
;TYPE:Inner wall
;WIDTH:0.431684
G1 F2700
G1 X121 Y126 E.98274
G1 E-4.5
;WIPE_START
G1 X121 Y124 E-.475
;WIPE_END
G1 E-.025
M205 X8 Y8
G1 X120.751 Y116.372 Z5.4 F7200
G1 X120.021 Y94 Z5.4
G1 Z5
G1 E5 F2400
M205 X10 Y10
G1 F2700
G1 X99.979 Y94 E.63495
;WIDTH:0.446512
G1 X99.808 Y94.007 E.00561
G1 E-4.5
;WIPE_START
G1 X99.979 Y94 E-.0405
G1 X101.808 Y94 E-.4345
;WIPE_END
G1 E-.025
M205 X8 Y8
G1 X99 Y94.979 Z5.4 F7200
G1 Z5
G1 E5 F2400
M205 X10 Y10
;WIDTH:0.431684
G1 F2700
M73 P59 R9
G1 X99 Y126 E.98274
; stop printing object 07_DHT22_ventilated_clip.stl id:0 copy 0
G1 E-4.5
;WIPE_START
M73 P59 R8
G1 X99 Y124 E-.475
;WIPE_END
G1 E-.025
;TIME_ELAPSED:778.413208

;LAYER_CHANGE
;:5.2
;HEIGHT:0.2
;BEFORE_LAYER_CHANGE
;5.2
G92 E0

;_SET_FAN_SPEED_CHANGING_LAYER
; OBJECT_ID: 15
; printing object 07_DHT22_ventilated_clip.stl id:0 copy 0
M205 X8 Y8
G1 X99.263 Y94.372 Z5.4 F7200
G1 Z5.2
G1 E5 F2400
M205 X10 Y10
G1 F2700
G1 X99 Y94.979 E.02095
G1 X98.987 Y93.987 E.03142
;WIDTH:0.405192
G1 X99.168 Y93.987 E.00535
;WIDTH:0.446512
G1 X99.808 Y94.007 E.02107
G1 X99.296 Y94.296 E.01933
;WIDTH:0.431684
G1 X99.279 Y94.335 E.00135
G1 E-4.5
;WIPE_START
G1 X99 Y94.979 E-.16655
G1 X98.987 Y93.987 E-.23557
G1 X99.168 Y93.987 E-.04302
G1 X99.294 Y93.991 E-.02986
;WIPE_END
G1 E-.025
M205 X8 Y8
G1 X106.926 Y93.994 Z5.6 F7200
G1 X120.021 Y94 Z5.6
G1 Z5.2
G1 E5 F2400
M205 X10 Y10
G1 F2700
G1 X121.013 Y93.987 E.03142
;WIDTH:0.405193
G1 X121.013 Y94.168 E.00535
;WIDTH:0.431684
G1 X121 Y94.979 E.02568
G1 X120.704 Y94.296 E.02357
G1 X120.058 Y94.016 E.0223
G1 E-4.5
;WIPE_START
G1 X121.013 Y93.987 E-.22694
G1 X121.013 Y94.168 E-.04302
G1 X121 Y94.979 E-.19255
G1 X120.979 Y94.93 E-.01249
;WIPE_END
G1 E-.025
M205 X8 Y8
G1 X113.347 Y94.816 Z5.6 F7200
G1 X99.551 Y94.609 Z5.6
G1 Z5.2
G1 E5 F2400
M205 X10 Y10
;WIDTH:0.449999
G1 F2700
G1 X99.398 Y94.979 E.01328
G1 X99.398 Y126.398 E1.04224
G1 X98.602 Y126.398 E.0264
G1 X98.602 Y93.602 E1.0879
G1 X121.398 Y93.602 E.75618
G1 X121.398 Y126.398 E1.0879
G1 X120.602 Y126.398 E.0264
G1 X120.602 Y94.979 E1.04224
G1 X120.432 Y94.568 E.01474
G1 X120.021 Y94.398 E.01474
G1 X99.895 Y94.398 E.66763
G1 X99.568 Y94.568 E.01223
G1 X99.566 Y94.572 E.00014
M205 X8 Y8
G1 X99.845 Y94.845 F7200
M205 X10 Y10
;TYPE:Outer wall
;WIDTH:0.419999
G1 F2400
G1 X99.79 Y94.979 E.00443
G1 X99.79 Y126.79 E.97748
G1 X98.21 Y126.79 E.04855
G1 X98.21 Y93.21 E1.03182
G1 X121.79 Y93.21 E.72455
G1 X121.79 Y126.79 E1.03182
G1 X120.21 Y126.79 E.04855
G1 X120.21 Y94.979 E.97748
G1 X120.155 Y94.845 E.00443
G1 X120.021 Y94.79 E.00443
G1 X99.979 Y94.79 E.61586
G1 X99.882 Y94.83 E.0032
M73 P60 R8
G1 E-4.5 F2700
;WIPE_START
G1 F2400
G1 X99.79 Y94.979 E-.04154
G1 X99.79 Y96.804 E-.43346
;WIPE_END
G1 E-.025 F2700
M205 X8 Y8
G1 X107.394 Y96.149 Z5.6 F7200
G1 X121 Y94.979 Z5.6
G1 Z5.2
G1 E5 F2400
M205 X10 Y10
;TYPE:Inner wall
;WIDTH:0.431684
G1 F2700
G1 X121 Y126 E.98274
G1 E-4.5
;WIPE_START
G1 X121 Y124 E-.475
;WIPE_END
G1 E-.025
M205 X8 Y8
G1 X120.751 Y116.372 Z5.6 F7200
G1 X120.021 Y94 Z5.6
G1 Z5.2
G1 E5 F2400
M205 X10 Y10
G1 F2700
G1 X99.979 Y94 E.63495
;WIDTH:0.446512
G1 X99.808 Y94.007 E.00561
G1 E-4.5
;WIPE_START
G1 X99.979 Y94 E-.0405
G1 X101.808 Y94 E-.4345
;WIPE_END
G1 E-.025
M205 X8 Y8
G1 X99 Y94.979 Z5.6 F7200
G1 Z5.2
G1 E5 F2400
M205 X10 Y10
;WIDTH:0.431684
G1 F2700
G1 X99 Y126 E.98274
; stop printing object 07_DHT22_ventilated_clip.stl id:0 copy 0
G1 E-4.5
;WIPE_START
G1 X99 Y124 E-.475
;WIPE_END
G1 E-.025
;TIME_ELAPSED:795.983887

;LAYER_CHANGE
;:5.4
;HEIGHT:0.2
;BEFORE_LAYER_CHANGE
;5.4
G92 E0

;_SET_FAN_SPEED_CHANGING_LAYER
; OBJECT_ID: 15
; printing object 07_DHT22_ventilated_clip.stl id:0 copy 0
M205 X8 Y8
G1 X99.263 Y94.372 Z5.6 F7200
G1 Z5.4
G1 E5 F2400
M205 X10 Y10
G1 F2700
G1 X99 Y94.979 E.02095
G1 X98.987 Y93.987 E.03142
;WIDTH:0.405192
G1 X99.168 Y93.987 E.00535
;WIDTH:0.446512
G1 X99.808 Y94.007 E.02107
G1 X99.296 Y94.296 E.01933
;WIDTH:0.431684
G1 X99.279 Y94.335 E.00135
G1 E-4.5
;WIPE_START
G1 X99 Y94.979 E-.16655
G1 X98.987 Y93.987 E-.23557
G1 X99.168 Y93.987 E-.04302
G1 X99.294 Y93.991 E-.02986
;WIPE_END
G1 E-.025
M205 X8 Y8
G1 X106.926 Y93.994 Z5.8 F7200
G1 X120.021 Y94 Z5.8
G1 Z5.4
G1 E5 F2400
M205 X10 Y10
G1 F2700
G1 X121.013 Y93.987 E.03142
;WIDTH:0.405193
G1 X121.013 Y94.168 E.00535
;WIDTH:0.431684
G1 X121 Y94.979 E.02568
G1 X120.704 Y94.296 E.02357
G1 X120.058 Y94.016 E.0223
G1 E-4.5
;WIPE_START
G1 X121.013 Y93.987 E-.22694
G1 X121.013 Y94.168 E-.04302
G1 X121 Y94.979 E-.19255
G1 X120.979 Y94.93 E-.01249
;WIPE_END
G1 E-.025
M205 X8 Y8
G1 X113.347 Y94.816 Z5.8 F7200
G1 X99.551 Y94.609 Z5.8
G1 Z5.4
G1 E5 F2400
M205 X10 Y10
;WIDTH:0.449999
G1 F2700
G1 X99.398 Y94.979 E.01328
G1 X99.398 Y126.398 E1.04224
G1 X98.602 Y126.398 E.0264
G1 X98.602 Y93.602 E1.0879
G1 X121.398 Y93.602 E.75618
G1 X121.398 Y126.398 E1.0879
G1 X120.602 Y126.398 E.0264
G1 X120.602 Y94.979 E1.04224
G1 X120.432 Y94.568 E.01474
G1 X120.021 Y94.398 E.01474
G1 X99.895 Y94.398 E.66763
G1 X99.568 Y94.568 E.01223
G1 X99.566 Y94.572 E.00014
M205 X8 Y8
G1 X99.845 Y94.845 F7200
M205 X10 Y10
;TYPE:Outer wall
;WIDTH:0.419999
G1 F2400
G1 X99.79 Y94.979 E.00443
G1 X99.79 Y126.79 E.97748
G1 X98.21 Y126.79 E.04855
M73 P61 R8
G1 X98.21 Y93.21 E1.03182
G1 X121.79 Y93.21 E.72455
G1 X121.79 Y126.79 E1.03182
G1 X120.21 Y126.79 E.04855
G1 X120.21 Y94.979 E.97748
G1 X120.155 Y94.845 E.00443
G1 X120.021 Y94.79 E.00443
G1 X99.979 Y94.79 E.61586
G1 X99.882 Y94.83 E.0032
G1 E-4.5 F2700
;WIPE_START
G1 F2400
G1 X99.79 Y94.979 E-.04154
G1 X99.79 Y96.804 E-.43346
;WIPE_END
G1 E-.025 F2700
M205 X8 Y8
G1 X107.394 Y96.149 Z5.8 F7200
G1 X121 Y94.979 Z5.8
G1 Z5.4
G1 E5 F2400
M205 X10 Y10
;TYPE:Inner wall
;WIDTH:0.431684
G1 F2700
G1 X121 Y126 E.98274
G1 E-4.5
;WIPE_START
G1 X121 Y124 E-.475
;WIPE_END
G1 E-.025
M205 X8 Y8
G1 X120.751 Y116.372 Z5.8 F7200
G1 X120.021 Y94 Z5.8
G1 Z5.4
G1 E5 F2400
M205 X10 Y10
G1 F2700
G1 X99.979 Y94 E.63495
;WIDTH:0.446512
G1 X99.808 Y94.007 E.00561
G1 E-4.5
;WIPE_START
G1 X99.979 Y94 E-.0405
G1 X101.808 Y94 E-.4345
;WIPE_END
G1 E-.025
M205 X8 Y8
G1 X99 Y94.979 Z5.8 F7200
G1 Z5.4
G1 E5 F2400
M205 X10 Y10
;WIDTH:0.431684
G1 F2700
G1 X99 Y126 E.98274
; stop printing object 07_DHT22_ventilated_clip.stl id:0 copy 0
G1 E-4.5
;WIPE_START
G1 X99 Y124 E-.475
;WIPE_END
G1 E-.025
;TIME_ELAPSED:813.554565

;LAYER_CHANGE
;:5.6
;HEIGHT:0.2
;BEFORE_LAYER_CHANGE
;5.6
G92 E0

;_SET_FAN_SPEED_CHANGING_LAYER
; OBJECT_ID: 15
; printing object 07_DHT22_ventilated_clip.stl id:0 copy 0
M205 X8 Y8
G1 X99.263 Y94.372 Z5.8 F7200
G1 Z5.6
G1 E5 F2400
M205 X10 Y10
G1 F2700
G1 X99 Y94.979 E.02095
G1 X98.987 Y93.987 E.03142
;WIDTH:0.405192
G1 X99.168 Y93.987 E.00535
;WIDTH:0.446512
G1 X99.808 Y94.007 E.02107
G1 X99.296 Y94.296 E.01933
;WIDTH:0.431684
G1 X99.279 Y94.335 E.00135
G1 E-4.5
;WIPE_START
G1 X99 Y94.979 E-.16655
G1 X98.987 Y93.987 E-.23557
G1 X99.168 Y93.987 E-.04302
G1 X99.294 Y93.991 E-.02986
;WIPE_END
G1 E-.025
M205 X8 Y8
G1 X106.926 Y93.994 Z6 F7200
G1 X120.021 Y94 Z6
G1 Z5.6
G1 E5 F2400
M205 X10 Y10
G1 F2700
G1 X121.013 Y93.987 E.03142
;WIDTH:0.405193
G1 X121.013 Y94.168 E.00535
;WIDTH:0.431684
G1 X121 Y94.979 E.02568
G1 X120.704 Y94.296 E.02357
G1 X120.058 Y94.016 E.0223
G1 E-4.5
;WIPE_START
G1 X121.013 Y93.987 E-.22694
G1 X121.013 Y94.168 E-.04302
G1 X121 Y94.979 E-.19255
G1 X120.979 Y94.93 E-.01249
;WIPE_END
G1 E-.025
M205 X8 Y8
G1 X113.347 Y94.816 Z6 F7200
G1 X99.551 Y94.609 Z6
G1 Z5.6
G1 E5 F2400
M205 X10 Y10
;WIDTH:0.449999
G1 F2700
G1 X99.398 Y94.979 E.01328
G1 X99.398 Y126.398 E1.04224
G1 X98.602 Y126.398 E.0264
M73 P62 R8
G1 X98.602 Y93.602 E1.0879
G1 X121.398 Y93.602 E.75618
G1 X121.398 Y126.398 E1.0879
G1 X120.602 Y126.398 E.0264
G1 X120.602 Y94.979 E1.04224
G1 X120.432 Y94.568 E.01474
G1 X120.021 Y94.398 E.01474
G1 X99.895 Y94.398 E.66763
G1 X99.568 Y94.568 E.01223
G1 X99.566 Y94.572 E.00014
M205 X8 Y8
G1 X99.845 Y94.845 F7200
M205 X10 Y10
;TYPE:Outer wall
;WIDTH:0.419999
G1 F2400
G1 X99.79 Y94.979 E.00443
G1 X99.79 Y126.79 E.97748
G1 X98.21 Y126.79 E.04855
G1 X98.21 Y93.21 E1.03182
G1 X121.79 Y93.21 E.72455
G1 X121.79 Y126.79 E1.03182
G1 X120.21 Y126.79 E.04855
G1 X120.21 Y94.979 E.97748
G1 X120.155 Y94.845 E.00443
G1 X120.021 Y94.79 E.00443
G1 X99.979 Y94.79 E.61586
G1 X99.882 Y94.83 E.0032
G1 E-4.5 F2700
;WIPE_START
G1 F2400
G1 X99.79 Y94.979 E-.04154
G1 X99.79 Y96.804 E-.43346
;WIPE_END
G1 E-.025 F2700
M205 X8 Y8
G1 X107.394 Y96.149 Z6 F7200
G1 X121 Y94.979 Z6
G1 Z5.6
G1 E5 F2400
M205 X10 Y10
;TYPE:Inner wall
;WIDTH:0.431684
G1 F2700
G1 X121 Y126 E.98274
G1 E-4.5
;WIPE_START
G1 X121 Y124 E-.475
;WIPE_END
G1 E-.025
M205 X8 Y8
G1 X120.751 Y116.372 Z6 F7200
G1 X120.021 Y94 Z6
G1 Z5.6
G1 E5 F2400
M205 X10 Y10
G1 F2700
G1 X99.979 Y94 E.63495
;WIDTH:0.446512
G1 X99.808 Y94.007 E.00561
G1 E-4.5
;WIPE_START
G1 X99.979 Y94 E-.0405
G1 X101.808 Y94 E-.4345
;WIPE_END
G1 E-.025
M205 X8 Y8
G1 X99 Y94.979 Z6 F7200
G1 Z5.6
G1 E5 F2400
M205 X10 Y10
;WIDTH:0.431684
G1 F2700
M73 P63 R8
G1 X99 Y126 E.98274
; stop printing object 07_DHT22_ventilated_clip.stl id:0 copy 0
G1 E-4.5
;WIPE_START
G1 X99 Y124 E-.475
;WIPE_END
G1 E-.025
;TIME_ELAPSED:831.125244

;LAYER_CHANGE
;:5.8
;HEIGHT:0.2
;BEFORE_LAYER_CHANGE
;5.8
G92 E0

;_SET_FAN_SPEED_CHANGING_LAYER
; OBJECT_ID: 15
; printing object 07_DHT22_ventilated_clip.stl id:0 copy 0
M205 X8 Y8
G1 X99.263 Y94.372 Z6 F7200
G1 Z5.8
G1 E5 F2400
M205 X10 Y10
G1 F2700
G1 X99 Y94.979 E.02095
G1 X98.987 Y93.987 E.03142
;WIDTH:0.405192
G1 X99.168 Y93.987 E.00535
;WIDTH:0.446512
G1 X99.808 Y94.007 E.02107
G1 X99.296 Y94.296 E.01933
;WIDTH:0.431684
G1 X99.279 Y94.335 E.00135
G1 E-4.5
;WIPE_START
G1 X99 Y94.979 E-.16655
G1 X98.987 Y93.987 E-.23557
G1 X99.168 Y93.987 E-.04302
G1 X99.294 Y93.991 E-.02986
;WIPE_END
G1 E-.025
M205 X8 Y8
G1 X106.926 Y93.994 Z6.2 F7200
G1 X120.021 Y94 Z6.2
G1 Z5.8
G1 E5 F2400
M205 X10 Y10
G1 F2700
G1 X121.013 Y93.987 E.03142
;WIDTH:0.405193
G1 X121.013 Y94.168 E.00535
;WIDTH:0.431684
G1 X121 Y94.979 E.02568
G1 X120.704 Y94.296 E.02357
G1 X120.058 Y94.016 E.0223
G1 E-4.5
;WIPE_START
G1 X121.013 Y93.987 E-.22694
G1 X121.013 Y94.168 E-.04302
G1 X121 Y94.979 E-.19255
G1 X120.979 Y94.93 E-.01249
;WIPE_END
G1 E-.025
M205 X8 Y8
G1 X113.347 Y94.816 Z6.2 F7200
G1 X99.551 Y94.609 Z6.2
G1 Z5.8
G1 E5 F2400
M205 X10 Y10
;WIDTH:0.449999
G1 F2700
G1 X99.398 Y94.979 E.01328
G1 X99.398 Y126.398 E1.04224
G1 X98.602 Y126.398 E.0264
G1 X98.602 Y93.602 E1.0879
G1 X121.398 Y93.602 E.75618
G1 X121.398 Y126.398 E1.0879
G1 X120.602 Y126.398 E.0264
G1 X120.602 Y94.979 E1.04224
G1 X120.432 Y94.568 E.01474
M73 P63 R7
G1 X120.021 Y94.398 E.01474
G1 X99.895 Y94.398 E.66763
G1 X99.568 Y94.568 E.01223
G1 X99.566 Y94.572 E.00014
M205 X8 Y8
G1 X99.845 Y94.845 F7200
M205 X10 Y10
;TYPE:Outer wall
;WIDTH:0.419999
G1 F2400
G1 X99.79 Y94.979 E.00443
G1 X99.79 Y126.79 E.97748
G1 X98.21 Y126.79 E.04855
G1 X98.21 Y93.21 E1.03182
G1 X121.79 Y93.21 E.72455
G1 X121.79 Y126.79 E1.03182
G1 X120.21 Y126.79 E.04855
G1 X120.21 Y94.979 E.97748
G1 X120.155 Y94.845 E.00443
G1 X120.021 Y94.79 E.00443
G1 X99.979 Y94.79 E.61586
G1 X99.882 Y94.83 E.0032
M73 P64 R7
G1 E-4.5 F2700
;WIPE_START
G1 F2400
G1 X99.79 Y94.979 E-.04154
G1 X99.79 Y96.804 E-.43346
;WIPE_END
G1 E-.025 F2700
M205 X8 Y8
G1 X107.394 Y96.149 Z6.2 F7200
G1 X121 Y94.979 Z6.2
G1 Z5.8
G1 E5 F2400
M205 X10 Y10
;TYPE:Inner wall
;WIDTH:0.431684
G1 F2700
G1 X121 Y126 E.98274
G1 E-4.5
;WIPE_START
G1 X121 Y124 E-.475
;WIPE_END
G1 E-.025
M205 X8 Y8
G1 X120.751 Y116.372 Z6.2 F7200
G1 X120.021 Y94 Z6.2
G1 Z5.8
G1 E5 F2400
M205 X10 Y10
G1 F2700
G1 X99.979 Y94 E.63495
;WIDTH:0.446512
G1 X99.808 Y94.007 E.00561
G1 E-4.5
;WIPE_START
G1 X99.979 Y94 E-.0405
G1 X101.808 Y94 E-.4345
;WIPE_END
G1 E-.025
M205 X8 Y8
G1 X99 Y94.979 Z6.2 F7200
G1 Z5.8
G1 E5 F2400
M205 X10 Y10
;WIDTH:0.431684
G1 F2700
G1 X99 Y126 E.98274
; stop printing object 07_DHT22_ventilated_clip.stl id:0 copy 0
G1 E-4.5
;WIPE_START
G1 X99 Y124 E-.475
;WIPE_END
G1 E-.025
;TIME_ELAPSED:848.695923

;LAYER_CHANGE
;:6
;HEIGHT:0.2
;BEFORE_LAYER_CHANGE
;6
G92 E0

;_SET_FAN_SPEED_CHANGING_LAYER
; OBJECT_ID: 15
; printing object 07_DHT22_ventilated_clip.stl id:0 copy 0
M205 X8 Y8
G1 X99.263 Y94.372 Z6.2 F7200
G1 Z6
G1 E5 F2400
M205 X10 Y10
G1 F2700
G1 X99 Y94.979 E.02095
G1 X98.987 Y93.987 E.03142
;WIDTH:0.405192
G1 X99.168 Y93.987 E.00535
;WIDTH:0.446512
G1 X99.808 Y94.007 E.02107
G1 X99.296 Y94.296 E.01933
;WIDTH:0.431684
G1 X99.279 Y94.335 E.00135
G1 E-4.5
;WIPE_START
G1 X99 Y94.979 E-.16655
G1 X98.987 Y93.987 E-.23557
G1 X99.168 Y93.987 E-.04302
G1 X99.294 Y93.991 E-.02986
;WIPE_END
G1 E-.025
M205 X8 Y8
G1 X106.926 Y93.994 Z6.4 F7200
G1 X120.021 Y94 Z6.4
G1 Z6
G1 E5 F2400
M205 X10 Y10
G1 F2700
G1 X121.013 Y93.987 E.03142
;WIDTH:0.405193
G1 X121.013 Y94.168 E.00535
;WIDTH:0.431684
G1 X121 Y94.979 E.02568
G1 X120.704 Y94.296 E.02357
G1 X120.058 Y94.016 E.0223
G1 E-4.5
;WIPE_START
G1 X121.013 Y93.987 E-.22694
G1 X121.013 Y94.168 E-.04302
G1 X121 Y94.979 E-.19255
G1 X120.979 Y94.93 E-.01249
;WIPE_END
G1 E-.025
M205 X8 Y8
G1 X113.347 Y94.816 Z6.4 F7200
G1 X99.551 Y94.609 Z6.4
G1 Z6
G1 E5 F2400
M205 X10 Y10
;WIDTH:0.449999
G1 F2700
G1 X99.398 Y94.979 E.01328
G1 X99.398 Y126.398 E1.04224
G1 X98.602 Y126.398 E.0264
G1 X98.602 Y93.602 E1.0879
G1 X121.398 Y93.602 E.75618
G1 X121.398 Y126.398 E1.0879
G1 X120.602 Y126.398 E.0264
G1 X120.602 Y94.979 E1.04224
G1 X120.432 Y94.568 E.01474
G1 X120.021 Y94.398 E.01474
G1 X99.895 Y94.398 E.66763
G1 X99.568 Y94.568 E.01223
G1 X99.566 Y94.572 E.00014
M205 X8 Y8
G1 X99.845 Y94.845 F7200
M205 X10 Y10
;TYPE:Outer wall
;WIDTH:0.419999
G1 F2400
G1 X99.79 Y94.979 E.00443
G1 X99.79 Y126.79 E.97748
G1 X98.21 Y126.79 E.04855
M73 P65 R7
G1 X98.21 Y93.21 E1.03182
G1 X121.79 Y93.21 E.72455
G1 X121.79 Y126.79 E1.03182
G1 X120.21 Y126.79 E.04855
G1 X120.21 Y94.979 E.97748
G1 X120.155 Y94.845 E.00443
G1 X120.021 Y94.79 E.00443
G1 X99.979 Y94.79 E.61586
G1 X99.882 Y94.83 E.0032
G1 E-4.5 F2700
;WIPE_START
G1 F2400
G1 X99.79 Y94.979 E-.04154
G1 X99.79 Y96.804 E-.43346
;WIPE_END
G1 E-.025 F2700
M205 X8 Y8
G1 X107.394 Y96.149 Z6.4 F7200
G1 X121 Y94.979 Z6.4
G1 Z6
G1 E5 F2400
M205 X10 Y10
;TYPE:Inner wall
;WIDTH:0.431684
G1 F2700
G1 X121 Y126 E.98274
G1 E-4.5
;WIPE_START
G1 X121 Y124 E-.475
;WIPE_END
G1 E-.025
M205 X8 Y8
G1 X120.751 Y116.372 Z6.4 F7200
G1 X120.021 Y94 Z6.4
G1 Z6
G1 E5 F2400
M205 X10 Y10
G1 F2700
G1 X99.979 Y94 E.63495
;WIDTH:0.446512
G1 X99.808 Y94.007 E.00561
G1 E-4.5
;WIPE_START
G1 X99.979 Y94 E-.0405
G1 X101.808 Y94 E-.4345
;WIPE_END
G1 E-.025
M205 X8 Y8
G1 X99 Y94.979 Z6.4 F7200
G1 Z6
G1 E5 F2400
M205 X10 Y10
;WIDTH:0.431684
G1 F2700
G1 X99 Y126 E.98274
; stop printing object 07_DHT22_ventilated_clip.stl id:0 copy 0
G1 E-4.5
;WIPE_START
G1 X99 Y124 E-.475
;WIPE_END
G1 E-.025
;TIME_ELAPSED:866.266602

;LAYER_CHANGE
;:6.2
;HEIGHT:0.2
;BEFORE_LAYER_CHANGE
;6.2
G92 E0

;_SET_FAN_SPEED_CHANGING_LAYER
; OBJECT_ID: 15
; printing object 07_DHT22_ventilated_clip.stl id:0 copy 0
M205 X8 Y8
G1 X99.263 Y94.372 Z6.4 F7200
G1 Z6.2
G1 E5 F2400
M205 X10 Y10
G1 F2700
G1 X99 Y94.979 E.02095
G1 X98.987 Y93.987 E.03142
;WIDTH:0.405192
G1 X99.168 Y93.987 E.00535
;WIDTH:0.446512
G1 X99.808 Y94.007 E.02107
G1 X99.296 Y94.296 E.01933
;WIDTH:0.431684
G1 X99.279 Y94.335 E.00135
G1 E-4.5
;WIPE_START
G1 X99 Y94.979 E-.16655
G1 X98.987 Y93.987 E-.23557
G1 X99.168 Y93.987 E-.04302
G1 X99.294 Y93.991 E-.02986
;WIPE_END
G1 E-.025
M205 X8 Y8
G1 X106.926 Y93.994 Z6.6 F7200
G1 X120.021 Y94 Z6.6
G1 Z6.2
G1 E5 F2400
M205 X10 Y10
G1 F2700
G1 X121.013 Y93.987 E.03142
;WIDTH:0.405193
G1 X121.013 Y94.168 E.00535
;WIDTH:0.431684
G1 X121 Y94.979 E.02568
G1 X120.704 Y94.296 E.02357
G1 X120.058 Y94.016 E.0223
G1 E-4.5
;WIPE_START
G1 X121.013 Y93.987 E-.22694
G1 X121.013 Y94.168 E-.04302
G1 X121 Y94.979 E-.19255
G1 X120.979 Y94.93 E-.01249
;WIPE_END
G1 E-.025
M205 X8 Y8
G1 X113.347 Y94.816 Z6.6 F7200
G1 X99.551 Y94.609 Z6.6
G1 Z6.2
G1 E5 F2400
M205 X10 Y10
;WIDTH:0.449999
G1 F2700
G1 X99.398 Y94.979 E.01328
G1 X99.398 Y126.398 E1.04224
M73 P66 R7
G1 X98.602 Y126.398 E.0264
G1 X98.602 Y93.602 E1.0879
G1 X121.398 Y93.602 E.75618
G1 X121.398 Y126.398 E1.0879
G1 X120.602 Y126.398 E.0264
G1 X120.602 Y94.979 E1.04224
G1 X120.432 Y94.568 E.01474
G1 X120.021 Y94.398 E.01474
G1 X99.895 Y94.398 E.66763
G1 X99.568 Y94.568 E.01223
G1 X99.566 Y94.572 E.00014
M205 X8 Y8
G1 X99.845 Y94.845 F7200
M205 X10 Y10
;TYPE:Outer wall
;WIDTH:0.419999
G1 F2400
G1 X99.79 Y94.979 E.00443
G1 X99.79 Y126.79 E.97748
G1 X98.21 Y126.79 E.04855
G1 X98.21 Y93.21 E1.03182
G1 X121.79 Y93.21 E.72455
G1 X121.79 Y126.79 E1.03182
G1 X120.21 Y126.79 E.04855
G1 X120.21 Y94.979 E.97748
G1 X120.155 Y94.845 E.00443
G1 X120.021 Y94.79 E.00443
G1 X99.979 Y94.79 E.61586
G1 X99.882 Y94.83 E.0032
G1 E-4.5 F2700
;WIPE_START
G1 F2400
G1 X99.79 Y94.979 E-.04154
G1 X99.79 Y96.804 E-.43346
;WIPE_END
G1 E-.025 F2700
M205 X8 Y8
G1 X107.394 Y96.149 Z6.6 F7200
G1 X121 Y94.979 Z6.6
G1 Z6.2
G1 E5 F2400
M205 X10 Y10
;TYPE:Inner wall
;WIDTH:0.431684
G1 F2700
G1 X121 Y126 E.98274
G1 E-4.5
;WIPE_START
G1 X121 Y124 E-.475
;WIPE_END
G1 E-.025
M205 X8 Y8
G1 X120.751 Y116.372 Z6.6 F7200
G1 X120.021 Y94 Z6.6
G1 Z6.2
G1 E5 F2400
M205 X10 Y10
G1 F2700
G1 X99.979 Y94 E.63495
;WIDTH:0.446512
G1 X99.808 Y94.007 E.00561
G1 E-4.5
;WIPE_START
G1 X99.979 Y94 E-.0405
G1 X101.808 Y94 E-.4345
;WIPE_END
G1 E-.025
M205 X8 Y8
G1 X99 Y94.979 Z6.6 F7200
G1 Z6.2
G1 E5 F2400
M205 X10 Y10
;WIDTH:0.431684
G1 F2700
M73 P67 R7
G1 X99 Y126 E.98274
; stop printing object 07_DHT22_ventilated_clip.stl id:0 copy 0
G1 E-4.5
;WIPE_START
G1 X99 Y124 E-.475
;WIPE_END
G1 E-.025
;TIME_ELAPSED:883.837341

;LAYER_CHANGE
;:6.4
;HEIGHT:0.2
;BEFORE_LAYER_CHANGE
;6.4
G92 E0

;_SET_FAN_SPEED_CHANGING_LAYER
; OBJECT_ID: 15
; printing object 07_DHT22_ventilated_clip.stl id:0 copy 0
M205 X8 Y8
G1 X99.263 Y94.372 Z6.6 F7200
G1 Z6.4
G1 E5 F2400
M205 X10 Y10
G1 F2700
G1 X99 Y94.979 E.02095
G1 X98.987 Y93.987 E.03142
;WIDTH:0.405192
G1 X99.168 Y93.987 E.00535
;WIDTH:0.446512
G1 X99.808 Y94.007 E.02107
G1 X99.296 Y94.296 E.01933
;WIDTH:0.431684
G1 X99.279 Y94.335 E.00135
G1 E-4.5
;WIPE_START
G1 X99 Y94.979 E-.16655
G1 X98.987 Y93.987 E-.23557
G1 X99.168 Y93.987 E-.04302
G1 X99.294 Y93.991 E-.02986
;WIPE_END
G1 E-.025
M205 X8 Y8
G1 X106.926 Y93.994 Z6.8 F7200
G1 X120.021 Y94 Z6.8
G1 Z6.4
G1 E5 F2400
M205 X10 Y10
G1 F2700
G1 X121.013 Y93.987 E.03142
;WIDTH:0.405193
G1 X121.013 Y94.168 E.00535
;WIDTH:0.431684
G1 X121 Y94.979 E.02568
G1 X120.704 Y94.296 E.02357
G1 X120.058 Y94.016 E.0223
G1 E-4.5
;WIPE_START
G1 X121.013 Y93.987 E-.22694
G1 X121.013 Y94.168 E-.04302
G1 X121 Y94.979 E-.19255
G1 X120.979 Y94.93 E-.01249
;WIPE_END
G1 E-.025
M205 X8 Y8
G1 X113.347 Y94.816 Z6.8 F7200
G1 X99.551 Y94.609 Z6.8
G1 Z6.4
G1 E5 F2400
M205 X10 Y10
;WIDTH:0.449999
G1 F2700
G1 X99.398 Y94.979 E.01328
G1 X99.398 Y126.398 E1.04224
G1 X98.602 Y126.398 E.0264
G1 X98.602 Y93.602 E1.0879
G1 X121.398 Y93.602 E.75618
G1 X121.398 Y126.398 E1.0879
G1 X120.602 Y126.398 E.0264
G1 X120.602 Y94.979 E1.04224
G1 X120.432 Y94.568 E.01474
G1 X120.021 Y94.398 E.01474
G1 X99.895 Y94.398 E.66763
G1 X99.568 Y94.568 E.01223
G1 X99.566 Y94.572 E.00014
M205 X8 Y8
G1 X99.845 Y94.845 F7200
M205 X10 Y10
;TYPE:Outer wall
;WIDTH:0.419999
G1 F2400
G1 X99.79 Y94.979 E.00443
G1 X99.79 Y126.79 E.97748
G1 X98.21 Y126.79 E.04855
G1 X98.21 Y93.21 E1.03182
G1 X121.79 Y93.21 E.72455
G1 X121.79 Y126.79 E1.03182
G1 X120.21 Y126.79 E.04855
G1 X120.21 Y94.979 E.97748
G1 X120.155 Y94.845 E.00443
G1 X120.021 Y94.79 E.00443
G1 X99.979 Y94.79 E.61586
G1 X99.882 Y94.83 E.0032
M73 P68 R7
G1 E-4.5 F2700
;WIPE_START
G1 F2400
G1 X99.79 Y94.979 E-.04154
G1 X99.79 Y96.804 E-.43346
;WIPE_END
G1 E-.025 F2700
M205 X8 Y8
G1 X107.394 Y96.149 Z6.8 F7200
G1 X121 Y94.979 Z6.8
G1 Z6.4
G1 E5 F2400
M205 X10 Y10
;TYPE:Inner wall
;WIDTH:0.431684
G1 F2700
G1 X121 Y126 E.98274
G1 E-4.5
;WIPE_START
G1 X121 Y124 E-.475
;WIPE_END
M73 P68 R6
G1 E-.025
M205 X8 Y8
G1 X120.751 Y116.372 Z6.8 F7200
G1 X120.021 Y94 Z6.8
G1 Z6.4
G1 E5 F2400
M205 X10 Y10
G1 F2700
G1 X99.979 Y94 E.63495
;WIDTH:0.446512
G1 X99.808 Y94.007 E.00561
G1 E-4.5
;WIPE_START
G1 X99.979 Y94 E-.0405
G1 X101.808 Y94 E-.4345
;WIPE_END
G1 E-.025
M205 X8 Y8
G1 X99 Y94.979 Z6.8 F7200
G1 Z6.4
G1 E5 F2400
M205 X10 Y10
;WIDTH:0.431684
G1 F2700
G1 X99 Y126 E.98274
; stop printing object 07_DHT22_ventilated_clip.stl id:0 copy 0
G1 E-4.5
;WIPE_START
G1 X99 Y124 E-.475
;WIPE_END
G1 E-.025
;TIME_ELAPSED:901.408020

;LAYER_CHANGE
;:6.6
;HEIGHT:0.2
;BEFORE_LAYER_CHANGE
;6.6
G92 E0

;_SET_FAN_SPEED_CHANGING_LAYER
; OBJECT_ID: 15
; printing object 07_DHT22_ventilated_clip.stl id:0 copy 0
M205 X8 Y8
G1 X99.263 Y94.372 Z6.8 F7200
G1 Z6.6
G1 E5 F2400
M205 X10 Y10
G1 F2700
G1 X99 Y94.979 E.02095
G1 X98.987 Y93.987 E.03142
;WIDTH:0.405192
G1 X99.168 Y93.987 E.00535
;WIDTH:0.446512
G1 X99.808 Y94.007 E.02107
G1 X99.296 Y94.296 E.01933
;WIDTH:0.431684
G1 X99.279 Y94.335 E.00135
G1 E-4.5
;WIPE_START
G1 X99 Y94.979 E-.16655
G1 X98.987 Y93.987 E-.23557
G1 X99.168 Y93.987 E-.04302
G1 X99.294 Y93.991 E-.02986
;WIPE_END
G1 E-.025
M205 X8 Y8
G1 X106.926 Y93.994 Z7 F7200
G1 X120.021 Y94 Z7
G1 Z6.6
G1 E5 F2400
M205 X10 Y10
G1 F2700
G1 X121.013 Y93.987 E.03142
;WIDTH:0.405193
G1 X121.013 Y94.168 E.00535
;WIDTH:0.431684
G1 X121 Y94.979 E.02568
G1 X120.704 Y94.296 E.02357
G1 X120.058 Y94.016 E.0223
G1 E-4.5
;WIPE_START
G1 X121.013 Y93.987 E-.22694
G1 X121.013 Y94.168 E-.04302
G1 X121 Y94.979 E-.19255
G1 X120.979 Y94.93 E-.01249
;WIPE_END
G1 E-.025
M205 X8 Y8
G1 X113.347 Y94.816 Z7 F7200
G1 X99.551 Y94.609 Z7
G1 Z6.6
G1 E5 F2400
M205 X10 Y10
;WIDTH:0.449999
G1 F2700
G1 X99.398 Y94.979 E.01328
G1 X99.398 Y126.398 E1.04224
G1 X98.602 Y126.398 E.0264
G1 X98.602 Y93.602 E1.0879
G1 X121.398 Y93.602 E.75618
G1 X121.398 Y126.398 E1.0879
G1 X120.602 Y126.398 E.0264
G1 X120.602 Y94.979 E1.04224
G1 X120.432 Y94.568 E.01474
G1 X120.021 Y94.398 E.01474
G1 X99.895 Y94.398 E.66763
G1 X99.568 Y94.568 E.01223
G1 X99.566 Y94.572 E.00014
M205 X8 Y8
G1 X99.845 Y94.845 F7200
M205 X10 Y10
;TYPE:Outer wall
;WIDTH:0.419999
G1 F2400
G1 X99.79 Y94.979 E.00443
G1 X99.79 Y126.79 E.97748
G1 X98.21 Y126.79 E.04855
M73 P69 R6
G1 X98.21 Y93.21 E1.03182
G1 X121.79 Y93.21 E.72455
G1 X121.79 Y126.79 E1.03182
G1 X120.21 Y126.79 E.04855
G1 X120.21 Y94.979 E.97748
G1 X120.155 Y94.845 E.00443
G1 X120.021 Y94.79 E.00443
G1 X99.979 Y94.79 E.61586
G1 X99.882 Y94.83 E.0032
G1 E-4.5 F2700
;WIPE_START
G1 F2400
G1 X99.79 Y94.979 E-.04154
G1 X99.79 Y96.804 E-.43346
;WIPE_END
G1 E-.025 F2700
M205 X8 Y8
G1 X107.394 Y96.149 Z7 F7200
G1 X121 Y94.979 Z7
G1 Z6.6
G1 E5 F2400
M205 X10 Y10
;TYPE:Inner wall
;WIDTH:0.431684
G1 F2700
G1 X121 Y126 E.98274
G1 E-4.5
;WIPE_START
G1 X121 Y124 E-.475
;WIPE_END
G1 E-.025
M205 X8 Y8
G1 X120.751 Y116.372 Z7 F7200
G1 X120.021 Y94 Z7
G1 Z6.6
G1 E5 F2400
M205 X10 Y10
G1 F2700
G1 X99.979 Y94 E.63495
;WIDTH:0.446512
G1 X99.808 Y94.007 E.00561
G1 E-4.5
;WIPE_START
G1 X99.979 Y94 E-.0405
G1 X101.808 Y94 E-.4345
;WIPE_END
G1 E-.025
M205 X8 Y8
G1 X99 Y94.979 Z7 F7200
G1 Z6.6
G1 E5 F2400
M205 X10 Y10
;WIDTH:0.431684
G1 F2700
G1 X99 Y126 E.98274
; stop printing object 07_DHT22_ventilated_clip.stl id:0 copy 0
G1 E-4.5
;WIPE_START
G1 X99 Y124 E-.475
;WIPE_END
G1 E-.025
;TIME_ELAPSED:918.978699

;LAYER_CHANGE
;:6.8
;HEIGHT:0.2
;BEFORE_LAYER_CHANGE
;6.8
G92 E0

;_SET_FAN_SPEED_CHANGING_LAYER
; OBJECT_ID: 15
; printing object 07_DHT22_ventilated_clip.stl id:0 copy 0
M205 X8 Y8
G1 X99.263 Y94.372 Z7 F7200
G1 Z6.8
G1 E5 F2400
M205 X10 Y10
G1 F2700
G1 X99 Y94.979 E.02095
G1 X98.987 Y93.987 E.03142
;WIDTH:0.405192
G1 X99.168 Y93.987 E.00535
;WIDTH:0.446512
G1 X99.808 Y94.007 E.02107
G1 X99.296 Y94.296 E.01933
;WIDTH:0.431684
G1 X99.279 Y94.335 E.00135
G1 E-4.5
;WIPE_START
G1 X99 Y94.979 E-.16655
G1 X98.987 Y93.987 E-.23557
G1 X99.168 Y93.987 E-.04302
G1 X99.294 Y93.991 E-.02986
;WIPE_END
G1 E-.025
M205 X8 Y8
G1 X106.926 Y93.994 Z7.2 F7200
G1 X120.021 Y94 Z7.2
G1 Z6.8
G1 E5 F2400
M205 X10 Y10
G1 F2700
G1 X121.013 Y93.987 E.03142
;WIDTH:0.405193
G1 X121.013 Y94.168 E.00535
;WIDTH:0.431684
G1 X121 Y94.979 E.02568
G1 X120.704 Y94.296 E.02357
G1 X120.058 Y94.016 E.0223
G1 E-4.5
;WIPE_START
G1 X121.013 Y93.987 E-.22694
G1 X121.013 Y94.168 E-.04302
G1 X121 Y94.979 E-.19255
G1 X120.979 Y94.93 E-.01249
;WIPE_END
G1 E-.025
M205 X8 Y8
G1 X113.347 Y94.816 Z7.2 F7200
G1 X99.551 Y94.609 Z7.2
G1 Z6.8
G1 E5 F2400
M205 X10 Y10
;WIDTH:0.449999
G1 F2700
G1 X99.398 Y94.979 E.01328
G1 X99.398 Y126.398 E1.04224
M73 P70 R6
G1 X98.602 Y126.398 E.0264
G1 X98.602 Y93.602 E1.0879
G1 X121.398 Y93.602 E.75618
G1 X121.398 Y126.398 E1.0879
G1 X120.602 Y126.398 E.0264
G1 X120.602 Y94.979 E1.04224
G1 X120.432 Y94.568 E.01474
G1 X120.021 Y94.398 E.01474
G1 X99.895 Y94.398 E.66763
G1 X99.568 Y94.568 E.01223
G1 X99.566 Y94.572 E.00014
M205 X8 Y8
G1 X99.845 Y94.845 F7200
M205 X10 Y10
;TYPE:Outer wall
;WIDTH:0.419999
G1 F2400
G1 X99.79 Y94.979 E.00443
G1 X99.79 Y126.79 E.97748
G1 X98.21 Y126.79 E.04855
G1 X98.21 Y93.21 E1.03182
G1 X121.79 Y93.21 E.72455
G1 X121.79 Y126.79 E1.03182
G1 X120.21 Y126.79 E.04855
G1 X120.21 Y94.979 E.97748
G1 X120.155 Y94.845 E.00443
G1 X120.021 Y94.79 E.00443
G1 X99.979 Y94.79 E.61586
G1 X99.882 Y94.83 E.0032
G1 E-4.5 F2700
;WIPE_START
G1 F2400
G1 X99.79 Y94.979 E-.04154
G1 X99.79 Y96.804 E-.43346
;WIPE_END
G1 E-.025 F2700
M205 X8 Y8
G1 X107.394 Y96.149 Z7.2 F7200
G1 X121 Y94.979 Z7.2
G1 Z6.8
G1 E5 F2400
M205 X10 Y10
;TYPE:Inner wall
;WIDTH:0.431684
G1 F2700
G1 X121 Y126 E.98274
G1 E-4.5
;WIPE_START
G1 X121 Y124 E-.475
;WIPE_END
G1 E-.025
M205 X8 Y8
G1 X120.751 Y116.372 Z7.2 F7200
G1 X120.021 Y94 Z7.2
G1 Z6.8
G1 E5 F2400
M205 X10 Y10
G1 F2700
G1 X99.979 Y94 E.63495
;WIDTH:0.446512
G1 X99.808 Y94.007 E.00561
G1 E-4.5
;WIPE_START
G1 X99.979 Y94 E-.0405
G1 X101.808 Y94 E-.4345
;WIPE_END
G1 E-.025
M205 X8 Y8
G1 X99 Y94.979 Z7.2 F7200
G1 Z6.8
G1 E5 F2400
M205 X10 Y10
;WIDTH:0.431684
G1 F2700
M73 P71 R6
G1 X99 Y126 E.98274
; stop printing object 07_DHT22_ventilated_clip.stl id:0 copy 0
G1 E-4.5
;WIPE_START
G1 X99 Y124 E-.475
;WIPE_END
G1 E-.025
;TIME_ELAPSED:936.549377

;LAYER_CHANGE
;:7
;HEIGHT:0.2
;BEFORE_LAYER_CHANGE
;7
G92 E0

;_SET_FAN_SPEED_CHANGING_LAYER
; OBJECT_ID: 15
; printing object 07_DHT22_ventilated_clip.stl id:0 copy 0
M205 X8 Y8
G1 X99.263 Y94.372 Z7.2 F7200
G1 Z7
G1 E5 F2400
M205 X10 Y10
G1 F2700
G1 X99 Y94.979 E.02095
G1 X98.987 Y93.987 E.03142
;WIDTH:0.405192
G1 X99.168 Y93.987 E.00535
;WIDTH:0.446512
G1 X99.808 Y94.007 E.02107
G1 X99.296 Y94.296 E.01933
;WIDTH:0.431684
G1 X99.279 Y94.335 E.00135
G1 E-4.5
;WIPE_START
G1 X99 Y94.979 E-.16655
G1 X98.987 Y93.987 E-.23557
G1 X99.168 Y93.987 E-.04302
G1 X99.294 Y93.991 E-.02986
;WIPE_END
G1 E-.025
M205 X8 Y8
G1 X106.926 Y93.994 Z7.4 F7200
G1 X120.021 Y94 Z7.4
G1 Z7
G1 E5 F2400
M205 X10 Y10
G1 F2700
G1 X121.013 Y93.987 E.03142
;WIDTH:0.405193
G1 X121.013 Y94.168 E.00535
;WIDTH:0.431684
G1 X121 Y94.979 E.02568
G1 X120.704 Y94.296 E.02357
G1 X120.058 Y94.016 E.0223
G1 E-4.5
;WIPE_START
G1 X121.013 Y93.987 E-.22694
G1 X121.013 Y94.168 E-.04302
G1 X121 Y94.979 E-.19255
G1 X120.979 Y94.93 E-.01249
;WIPE_END
G1 E-.025
M205 X8 Y8
G1 X113.347 Y94.816 Z7.4 F7200
G1 X99.551 Y94.609 Z7.4
G1 Z7
G1 E5 F2400
M205 X10 Y10
;WIDTH:0.449999
G1 F2700
G1 X99.398 Y94.979 E.01328
G1 X99.398 Y126.398 E1.04224
G1 X98.602 Y126.398 E.0264
G1 X98.602 Y93.602 E1.0879
G1 X121.398 Y93.602 E.75618
G1 X121.398 Y126.398 E1.0879
G1 X120.602 Y126.398 E.0264
G1 X120.602 Y94.979 E1.04224
G1 X120.432 Y94.568 E.01474
G1 X120.021 Y94.398 E.01474
G1 X99.895 Y94.398 E.66763
G1 X99.568 Y94.568 E.01223
G1 X99.566 Y94.572 E.00014
M205 X8 Y8
G1 X99.845 Y94.845 F7200
M205 X10 Y10
;TYPE:Outer wall
;WIDTH:0.419999
G1 F2400
G1 X99.79 Y94.979 E.00443
G1 X99.79 Y126.79 E.97748
G1 X98.21 Y126.79 E.04855
G1 X98.21 Y93.21 E1.03182
G1 X121.79 Y93.21 E.72455
G1 X121.79 Y126.79 E1.03182
G1 X120.21 Y126.79 E.04855
G1 X120.21 Y94.979 E.97748
G1 X120.155 Y94.845 E.00443
G1 X120.021 Y94.79 E.00443
G1 X99.979 Y94.79 E.61586
G1 X99.882 Y94.83 E.0032
M73 P72 R6
G1 E-4.5 F2700
;WIPE_START
G1 F2400
G1 X99.79 Y94.979 E-.04154
G1 X99.79 Y96.804 E-.43346
;WIPE_END
G1 E-.025 F2700
M205 X8 Y8
G1 X107.394 Y96.149 Z7.4 F7200
G1 X121 Y94.979 Z7.4
G1 Z7
G1 E5 F2400
M205 X10 Y10
;TYPE:Inner wall
;WIDTH:0.431684
G1 F2700
G1 X121 Y126 E.98274
G1 E-4.5
;WIPE_START
G1 X121 Y124 E-.475
;WIPE_END
G1 E-.025
M205 X8 Y8
G1 X120.751 Y116.372 Z7.4 F7200
G1 X120.021 Y94 Z7.4
G1 Z7
G1 E5 F2400
M205 X10 Y10
G1 F2700
G1 X99.979 Y94 E.63495
;WIDTH:0.446512
G1 X99.808 Y94.007 E.00561
G1 E-4.5
;WIPE_START
G1 X99.979 Y94 E-.0405
G1 X101.808 Y94 E-.4345
;WIPE_END
G1 E-.025
M205 X8 Y8
G1 X99 Y94.979 Z7.4 F7200
G1 Z7
G1 E5 F2400
M205 X10 Y10
;WIDTH:0.431684
G1 F2700
G1 X99 Y126 E.98274
; stop printing object 07_DHT22_ventilated_clip.stl id:0 copy 0
G1 E-4.5
;WIPE_START
G1 X99 Y124 E-.475
;WIPE_END
G1 E-.025
;TIME_ELAPSED:954.120056

;LAYER_CHANGE
;:7.2
;HEIGHT:0.2
;BEFORE_LAYER_CHANGE
;7.2
G92 E0

;_SET_FAN_SPEED_CHANGING_LAYER
; OBJECT_ID: 15
; printing object 07_DHT22_ventilated_clip.stl id:0 copy 0
M205 X8 Y8
G1 X99.263 Y94.372 Z7.4 F7200
G1 Z7.2
G1 E5 F2400
M205 X10 Y10
G1 F2700
G1 X99 Y94.979 E.02095
G1 X98.987 Y93.987 E.03142
;WIDTH:0.405192
G1 X99.168 Y93.987 E.00535
;WIDTH:0.446512
G1 X99.808 Y94.007 E.02107
G1 X99.296 Y94.296 E.01933
;WIDTH:0.431684
G1 X99.279 Y94.335 E.00135
G1 E-4.5
;WIPE_START
G1 X99 Y94.979 E-.16655
G1 X98.987 Y93.987 E-.23557
G1 X99.168 Y93.987 E-.04302
G1 X99.294 Y93.991 E-.02986
;WIPE_END
G1 E-.025
M205 X8 Y8
G1 X106.926 Y93.994 Z7.6 F7200
G1 X120.021 Y94 Z7.6
G1 Z7.2
G1 E5 F2400
M205 X10 Y10
G1 F2700
G1 X121.013 Y93.987 E.03142
;WIDTH:0.405193
G1 X121.013 Y94.168 E.00535
;WIDTH:0.431684
G1 X121 Y94.979 E.02568
G1 X120.704 Y94.296 E.02357
G1 X120.058 Y94.016 E.0223
G1 E-4.5
;WIPE_START
G1 X121.013 Y93.987 E-.22694
G1 X121.013 Y94.168 E-.04302
G1 X121 Y94.979 E-.19255
G1 X120.979 Y94.93 E-.01249
;WIPE_END
G1 E-.025
M205 X8 Y8
G1 X113.347 Y94.816 Z7.6 F7200
G1 X99.551 Y94.609 Z7.6
G1 Z7.2
G1 E5 F2400
M205 X10 Y10
;WIDTH:0.449999
G1 F2700
G1 X99.398 Y94.979 E.01328
G1 X99.398 Y126.398 E1.04224
G1 X98.602 Y126.398 E.0264
M73 P72 R5
G1 X98.602 Y93.602 E1.0879
G1 X121.398 Y93.602 E.75618
G1 X121.398 Y126.398 E1.0879
G1 X120.602 Y126.398 E.0264
G1 X120.602 Y94.979 E1.04224
G1 X120.432 Y94.568 E.01474
G1 X120.021 Y94.398 E.01474
G1 X99.895 Y94.398 E.66763
G1 X99.568 Y94.568 E.01223
G1 X99.566 Y94.572 E.00014
M205 X8 Y8
G1 X99.845 Y94.845 F7200
M205 X10 Y10
;TYPE:Outer wall
;WIDTH:0.419999
G1 F2400
G1 X99.79 Y94.979 E.00443
G1 X99.79 Y126.79 E.97748
G1 X98.21 Y126.79 E.04855
M73 P73 R5
G1 X98.21 Y93.21 E1.03182
G1 X121.79 Y93.21 E.72455
G1 X121.79 Y126.79 E1.03182
G1 X120.21 Y126.79 E.04855
G1 X120.21 Y94.979 E.97748
G1 X120.155 Y94.845 E.00443
G1 X120.021 Y94.79 E.00443
G1 X99.979 Y94.79 E.61586
G1 X99.882 Y94.83 E.0032
G1 E-4.5 F2700
;WIPE_START
G1 F2400
G1 X99.79 Y94.979 E-.04154
G1 X99.79 Y96.804 E-.43346
;WIPE_END
G1 E-.025 F2700
M205 X8 Y8
G1 X107.394 Y96.149 Z7.6 F7200
G1 X121 Y94.979 Z7.6
G1 Z7.2
G1 E5 F2400
M205 X10 Y10
;TYPE:Inner wall
;WIDTH:0.431684
G1 F2700
G1 X121 Y126 E.98274
G1 E-4.5
;WIPE_START
G1 X121 Y124 E-.475
;WIPE_END
G1 E-.025
M205 X8 Y8
G1 X120.751 Y116.372 Z7.6 F7200
G1 X120.021 Y94 Z7.6
G1 Z7.2
G1 E5 F2400
M205 X10 Y10
G1 F2700
G1 X99.979 Y94 E.63495
;WIDTH:0.446512
G1 X99.808 Y94.007 E.00561
G1 E-4.5
;WIPE_START
G1 X99.979 Y94 E-.0405
G1 X101.808 Y94 E-.4345
;WIPE_END
G1 E-.025
M205 X8 Y8
G1 X99 Y94.979 Z7.6 F7200
G1 Z7.2
G1 E5 F2400
M205 X10 Y10
;WIDTH:0.431684
G1 F2700
G1 X99 Y126 E.98274
; stop printing object 07_DHT22_ventilated_clip.stl id:0 copy 0
G1 E-4.5
;WIPE_START
G1 X99 Y124 E-.475
;WIPE_END
G1 E-.025
;TIME_ELAPSED:971.690735

;LAYER_CHANGE
;:7.4
;HEIGHT:0.2
;BEFORE_LAYER_CHANGE
;7.4
G92 E0

;_SET_FAN_SPEED_CHANGING_LAYER
; OBJECT_ID: 15
; printing object 07_DHT22_ventilated_clip.stl id:0 copy 0
M205 X8 Y8
G1 X99.263 Y94.372 Z7.6 F7200
G1 Z7.4
G1 E5 F2400
M205 X10 Y10
G1 F2700
G1 X99 Y94.979 E.02095
G1 X98.987 Y93.987 E.03142
;WIDTH:0.405192
G1 X99.168 Y93.987 E.00535
;WIDTH:0.446512
G1 X99.808 Y94.007 E.02107
G1 X99.296 Y94.296 E.01933
;WIDTH:0.431684
G1 X99.279 Y94.335 E.00135
G1 E-4.5
;WIPE_START
G1 X99 Y94.979 E-.16655
G1 X98.987 Y93.987 E-.23557
G1 X99.168 Y93.987 E-.04302
G1 X99.294 Y93.991 E-.02986
;WIPE_END
G1 E-.025
M205 X8 Y8
G1 X106.926 Y93.994 Z7.8 F7200
G1 X120.021 Y94 Z7.8
G1 Z7.4
G1 E5 F2400
M205 X10 Y10
G1 F2700
G1 X121.013 Y93.987 E.03142
;WIDTH:0.405193
G1 X121.013 Y94.168 E.00535
;WIDTH:0.431684
G1 X121 Y94.979 E.02568
G1 X120.704 Y94.296 E.02357
G1 X120.058 Y94.016 E.0223
G1 E-4.5
;WIPE_START
G1 X121.013 Y93.987 E-.22694
G1 X121.013 Y94.168 E-.04302
G1 X121 Y94.979 E-.19255
G1 X120.979 Y94.93 E-.01249
;WIPE_END
G1 E-.025
M205 X8 Y8
G1 X113.347 Y94.816 Z7.8 F7200
G1 X99.551 Y94.609 Z7.8
G1 Z7.4
G1 E5 F2400
M205 X10 Y10
;WIDTH:0.449999
G1 F2700
G1 X99.398 Y94.979 E.01328
G1 X99.398 Y126.398 E1.04224
M73 P74 R5
G1 X98.602 Y126.398 E.0264
G1 X98.602 Y93.602 E1.0879
G1 X121.398 Y93.602 E.75618
G1 X121.398 Y126.398 E1.0879
G1 X120.602 Y126.398 E.0264
G1 X120.602 Y94.979 E1.04224
G1 X120.432 Y94.568 E.01474
G1 X120.021 Y94.398 E.01474
G1 X99.895 Y94.398 E.66763
G1 X99.568 Y94.568 E.01223
G1 X99.566 Y94.572 E.00014
M205 X8 Y8
G1 X99.845 Y94.845 F7200
M205 X10 Y10
;TYPE:Outer wall
;WIDTH:0.419999
G1 F2400
G1 X99.79 Y94.979 E.00443
G1 X99.79 Y126.79 E.97748
G1 X98.21 Y126.79 E.04855
G1 X98.21 Y93.21 E1.03182
G1 X121.79 Y93.21 E.72455
G1 X121.79 Y126.79 E1.03182
G1 X120.21 Y126.79 E.04855
G1 X120.21 Y94.979 E.97748
G1 X120.155 Y94.845 E.00443
G1 X120.021 Y94.79 E.00443
G1 X99.979 Y94.79 E.61586
G1 X99.882 Y94.83 E.0032
G1 E-4.5 F2700
;WIPE_START
G1 F2400
G1 X99.79 Y94.979 E-.04154
G1 X99.79 Y96.804 E-.43346
;WIPE_END
G1 E-.025 F2700
M205 X8 Y8
G1 X107.394 Y96.149 Z7.8 F7200
G1 X121 Y94.979 Z7.8
G1 Z7.4
G1 E5 F2400
M205 X10 Y10
;TYPE:Inner wall
;WIDTH:0.431684
G1 F2700
G1 X121 Y126 E.98274
G1 E-4.5
;WIPE_START
G1 X121 Y124 E-.475
;WIPE_END
G1 E-.025
M205 X8 Y8
G1 X120.751 Y116.372 Z7.8 F7200
G1 X120.021 Y94 Z7.8
G1 Z7.4
G1 E5 F2400
M205 X10 Y10
G1 F2700
G1 X99.979 Y94 E.63495
;WIDTH:0.446512
G1 X99.808 Y94.007 E.00561
G1 E-4.5
;WIPE_START
G1 X99.979 Y94 E-.0405
G1 X101.808 Y94 E-.4345
;WIPE_END
G1 E-.025
M205 X8 Y8
G1 X99 Y94.979 Z7.8 F7200
G1 Z7.4
G1 E5 F2400
M205 X10 Y10
;WIDTH:0.431684
G1 F2700
M73 P75 R5
G1 X99 Y126 E.98274
; stop printing object 07_DHT22_ventilated_clip.stl id:0 copy 0
G1 E-4.5
;WIPE_START
G1 X99 Y124 E-.475
;WIPE_END
G1 E-.025
;TIME_ELAPSED:989.261414

;LAYER_CHANGE
;:7.6
;HEIGHT:0.2
;BEFORE_LAYER_CHANGE
;7.6
G92 E0

;_SET_FAN_SPEED_CHANGING_LAYER
; OBJECT_ID: 15
; printing object 07_DHT22_ventilated_clip.stl id:0 copy 0
M205 X8 Y8
G1 X99.263 Y94.372 Z7.8 F7200
G1 Z7.6
G1 E5 F2400
M205 X10 Y10
G1 F2700
G1 X99 Y94.979 E.02095
G1 X98.987 Y93.987 E.03142
;WIDTH:0.405192
G1 X99.168 Y93.987 E.00535
;WIDTH:0.446512
G1 X99.808 Y94.007 E.02107
G1 X99.296 Y94.296 E.01933
;WIDTH:0.431684
G1 X99.279 Y94.335 E.00135
G1 E-4.5
;WIPE_START
G1 X99 Y94.979 E-.16655
G1 X98.987 Y93.987 E-.23557
G1 X99.168 Y93.987 E-.04302
G1 X99.294 Y93.991 E-.02986
;WIPE_END
G1 E-.025
M205 X8 Y8
G1 X106.926 Y93.994 Z8 F7200
G1 X120.021 Y94 Z8
G1 Z7.6
G1 E5 F2400
M205 X10 Y10
G1 F2700
G1 X121.013 Y93.987 E.03142
;WIDTH:0.405193
G1 X121.013 Y94.168 E.00535
;WIDTH:0.431684
G1 X121 Y94.979 E.02568
G1 X120.704 Y94.296 E.02357
G1 X120.058 Y94.016 E.0223
G1 E-4.5
;WIPE_START
G1 X121.013 Y93.987 E-.22694
G1 X121.013 Y94.168 E-.04302
G1 X121 Y94.979 E-.19255
G1 X120.979 Y94.93 E-.01249
;WIPE_END
G1 E-.025
M205 X8 Y8
G1 X113.347 Y94.816 Z8 F7200
G1 X99.551 Y94.609 Z8
G1 Z7.6
G1 E5 F2400
M205 X10 Y10
;WIDTH:0.449999
G1 F2700
G1 X99.398 Y94.979 E.01328
G1 X99.398 Y126.398 E1.04224
G1 X98.602 Y126.398 E.0264
G1 X98.602 Y93.602 E1.0879
G1 X121.398 Y93.602 E.75618
G1 X121.398 Y126.398 E1.0879
G1 X120.602 Y126.398 E.0264
G1 X120.602 Y94.979 E1.04224
G1 X120.432 Y94.568 E.01474
G1 X120.021 Y94.398 E.01474
G1 X99.895 Y94.398 E.66763
G1 X99.568 Y94.568 E.01223
G1 X99.566 Y94.572 E.00014
M205 X8 Y8
G1 X99.845 Y94.845 F7200
M205 X10 Y10
;TYPE:Outer wall
;WIDTH:0.419999
G1 F2400
G1 X99.79 Y94.979 E.00443
G1 X99.79 Y126.79 E.97748
G1 X98.21 Y126.79 E.04855
G1 X98.21 Y93.21 E1.03182
G1 X121.79 Y93.21 E.72455
G1 X121.79 Y126.79 E1.03182
G1 X120.21 Y126.79 E.04855
G1 X120.21 Y94.979 E.97748
G1 X120.155 Y94.845 E.00443
G1 X120.021 Y94.79 E.00443
G1 X99.979 Y94.79 E.61586
G1 X99.882 Y94.83 E.0032
M73 P76 R5
G1 E-4.5 F2700
;WIPE_START
G1 F2400
G1 X99.79 Y94.979 E-.04154
G1 X99.79 Y96.804 E-.43346
;WIPE_END
G1 E-.025 F2700
M205 X8 Y8
G1 X107.394 Y96.149 Z8 F7200
G1 X121 Y94.979 Z8
G1 Z7.6
G1 E5 F2400
M205 X10 Y10
;TYPE:Inner wall
;WIDTH:0.431684
G1 F2700
G1 X121 Y126 E.98274
G1 E-4.5
;WIPE_START
G1 X121 Y124 E-.475
;WIPE_END
G1 E-.025
M205 X8 Y8
G1 X120.751 Y116.372 Z8 F7200
G1 X120.021 Y94 Z8
G1 Z7.6
G1 E5 F2400
M205 X10 Y10
G1 F2700
G1 X99.979 Y94 E.63495
;WIDTH:0.446512
G1 X99.808 Y94.007 E.00561
G1 E-4.5
;WIPE_START
G1 X99.979 Y94 E-.0405
G1 X101.808 Y94 E-.4345
;WIPE_END
G1 E-.025
M205 X8 Y8
G1 X99 Y94.979 Z8 F7200
G1 Z7.6
G1 E5 F2400
M205 X10 Y10
;WIDTH:0.431684
G1 F2700
G1 X99 Y126 E.98274
; stop printing object 07_DHT22_ventilated_clip.stl id:0 copy 0
G1 E-4.5
;WIPE_START
G1 X99 Y124 E-.475
;WIPE_END
G1 E-.025
;TIME_ELAPSED:1006.832092

;LAYER_CHANGE
;:7.8
;HEIGHT:0.2
;BEFORE_LAYER_CHANGE
;7.8
G92 E0

;_SET_FAN_SPEED_CHANGING_LAYER
; OBJECT_ID: 15
; printing object 07_DHT22_ventilated_clip.stl id:0 copy 0
M205 X8 Y8
G1 X99.263 Y94.372 Z8 F7200
G1 Z7.8
G1 E5 F2400
M205 X10 Y10
G1 F2700
G1 X99 Y94.979 E.02095
G1 X98.987 Y93.987 E.03142
;WIDTH:0.405192
G1 X99.168 Y93.987 E.00535
;WIDTH:0.446512
G1 X99.808 Y94.007 E.02107
G1 X99.296 Y94.296 E.01933
;WIDTH:0.431684
G1 X99.279 Y94.335 E.00135
G1 E-4.5
;WIPE_START
G1 X99 Y94.979 E-.16655
G1 X98.987 Y93.987 E-.23557
G1 X99.168 Y93.987 E-.04302
G1 X99.294 Y93.991 E-.02986
;WIPE_END
G1 E-.025
M205 X8 Y8
G1 X106.926 Y93.994 Z8.2 F7200
G1 X120.021 Y94 Z8.2
G1 Z7.8
G1 E5 F2400
M205 X10 Y10
G1 F2700
G1 X121.013 Y93.987 E.03142
;WIDTH:0.405193
G1 X121.013 Y94.168 E.00535
;WIDTH:0.431684
G1 X121 Y94.979 E.02568
G1 X120.704 Y94.296 E.02357
G1 X120.058 Y94.016 E.0223
G1 E-4.5
;WIPE_START
G1 X121.013 Y93.987 E-.22694
G1 X121.013 Y94.168 E-.04302
G1 X121 Y94.979 E-.19255
G1 X120.979 Y94.93 E-.01249
;WIPE_END
G1 E-.025
M205 X8 Y8
G1 X113.347 Y94.816 Z8.2 F7200
G1 X99.551 Y94.609 Z8.2
G1 Z7.8
G1 E5 F2400
M205 X10 Y10
;WIDTH:0.449999
G1 F2700
G1 X99.398 Y94.979 E.01328
G1 X99.398 Y126.398 E1.04224
G1 X98.602 Y126.398 E.0264
G1 X98.602 Y93.602 E1.0879
G1 X121.398 Y93.602 E.75618
G1 X121.398 Y126.398 E1.0879
G1 X120.602 Y126.398 E.0264
G1 X120.602 Y94.979 E1.04224
G1 X120.432 Y94.568 E.01474
G1 X120.021 Y94.398 E.01474
G1 X99.895 Y94.398 E.66763
G1 X99.568 Y94.568 E.01223
G1 X99.566 Y94.572 E.00014
M205 X8 Y8
G1 X99.845 Y94.845 F7200
M205 X10 Y10
;TYPE:Outer wall
;WIDTH:0.419999
G1 F2400
G1 X99.79 Y94.979 E.00443
G1 X99.79 Y126.79 E.97748
G1 X98.21 Y126.79 E.04855
M73 P77 R5
G1 X98.21 Y93.21 E1.03182
G1 X121.79 Y93.21 E.72455
G1 X121.79 Y126.79 E1.03182
G1 X120.21 Y126.79 E.04855
G1 X120.21 Y94.979 E.97748
G1 X120.155 Y94.845 E.00443
M73 P77 R4
G1 X120.021 Y94.79 E.00443
G1 X99.979 Y94.79 E.61586
G1 X99.882 Y94.83 E.0032
G1 E-4.5 F2700
;WIPE_START
G1 F2400
G1 X99.79 Y94.979 E-.04154
G1 X99.79 Y96.804 E-.43346
;WIPE_END
G1 E-.025 F2700
M205 X8 Y8
G1 X107.394 Y96.149 Z8.2 F7200
G1 X121 Y94.979 Z8.2
G1 Z7.8
G1 E5 F2400
M205 X10 Y10
;TYPE:Inner wall
;WIDTH:0.431684
G1 F2700
G1 X121 Y126 E.98274
G1 E-4.5
;WIPE_START
G1 X121 Y124 E-.475
;WIPE_END
G1 E-.025
M205 X8 Y8
G1 X120.751 Y116.372 Z8.2 F7200
G1 X120.021 Y94 Z8.2
G1 Z7.8
G1 E5 F2400
M205 X10 Y10
G1 F2700
G1 X99.979 Y94 E.63495
;WIDTH:0.446512
G1 X99.808 Y94.007 E.00561
G1 E-4.5
;WIPE_START
G1 X99.979 Y94 E-.0405
G1 X101.808 Y94 E-.4345
;WIPE_END
G1 E-.025
M205 X8 Y8
G1 X99 Y94.979 Z8.2 F7200
G1 Z7.8
G1 E5 F2400
M205 X10 Y10
;WIDTH:0.431684
G1 F2700
G1 X99 Y126 E.98274
; stop printing object 07_DHT22_ventilated_clip.stl id:0 copy 0
G1 E-4.5
;WIPE_START
G1 X99 Y124 E-.475
;WIPE_END
G1 E-.025
;TIME_ELAPSED:1024.402832

;LAYER_CHANGE
;:8
;HEIGHT:0.2
;BEFORE_LAYER_CHANGE
;8
G92 E0

;_SET_FAN_SPEED_CHANGING_LAYER
; OBJECT_ID: 15
; printing object 07_DHT22_ventilated_clip.stl id:0 copy 0
M205 X8 Y8
G1 X99.263 Y94.372 Z8.2 F7200
G1 Z8
G1 E5 F2400
M205 X10 Y10
G1 F2700
G1 X99 Y94.979 E.02095
G1 X98.987 Y93.987 E.03142
;WIDTH:0.405192
G1 X99.168 Y93.987 E.00535
;WIDTH:0.446512
G1 X99.808 Y94.007 E.02107
G1 X99.296 Y94.296 E.01933
;WIDTH:0.431684
G1 X99.279 Y94.335 E.00135
G1 E-4.5
;WIPE_START
G1 X99 Y94.979 E-.16655
G1 X98.987 Y93.987 E-.23557
G1 X99.168 Y93.987 E-.04302
G1 X99.294 Y93.991 E-.02986
;WIPE_END
G1 E-.025
M205 X8 Y8
G1 X106.926 Y93.994 Z8.4 F7200
G1 X120.021 Y94 Z8.4
G1 Z8
G1 E5 F2400
M205 X10 Y10
G1 F2700
G1 X121.013 Y93.987 E.03142
;WIDTH:0.405193
G1 X121.013 Y94.168 E.00535
;WIDTH:0.431684
G1 X121 Y94.979 E.02568
G1 X120.704 Y94.296 E.02357
G1 X120.058 Y94.016 E.0223
G1 E-4.5
;WIPE_START
G1 X121.013 Y93.987 E-.22694
G1 X121.013 Y94.168 E-.04302
G1 X121 Y94.979 E-.19255
G1 X120.979 Y94.93 E-.01249
;WIPE_END
G1 E-.025
M205 X8 Y8
G1 X113.347 Y94.816 Z8.4 F7200
G1 X99.551 Y94.609 Z8.4
G1 Z8
G1 E5 F2400
M205 X10 Y10
;WIDTH:0.449999
G1 F2700
M73 P78 R4
G1 X99.398 Y94.979 E.01328
G1 X99.398 Y126.398 E1.04224
G1 X98.602 Y126.398 E.0264
G1 X98.602 Y93.602 E1.0879
G1 X121.398 Y93.602 E.75618
G1 X121.398 Y126.398 E1.0879
G1 X120.602 Y126.398 E.0264
G1 X120.602 Y94.979 E1.04224
G1 X120.432 Y94.568 E.01474
G1 X120.021 Y94.398 E.01474
G1 X99.895 Y94.398 E.66763
G1 X99.568 Y94.568 E.01223
G1 X99.566 Y94.572 E.00014
M205 X8 Y8
G1 X99.845 Y94.845 F7200
M205 X10 Y10
;TYPE:Outer wall
;WIDTH:0.419999
G1 F2400
G1 X99.79 Y94.979 E.00443
G1 X99.79 Y126.79 E.97748
G1 X98.21 Y126.79 E.04855
G1 X98.21 Y93.21 E1.03182
G1 X121.79 Y93.21 E.72455
G1 X121.79 Y126.79 E1.03182
G1 X120.21 Y126.79 E.04855
G1 X120.21 Y94.979 E.97748
G1 X120.155 Y94.845 E.00443
G1 X120.021 Y94.79 E.00443
G1 X99.979 Y94.79 E.61586
G1 X99.882 Y94.83 E.0032
G1 E-4.5 F2700
;WIPE_START
G1 F2400
G1 X99.79 Y94.979 E-.04154
G1 X99.79 Y96.804 E-.43346
;WIPE_END
G1 E-.025 F2700
M205 X8 Y8
G1 X107.394 Y96.149 Z8.4 F7200
G1 X121 Y94.979 Z8.4
G1 Z8
G1 E5 F2400
M205 X10 Y10
;TYPE:Inner wall
;WIDTH:0.431684
G1 F2700
G1 X121 Y126 E.98274
G1 E-4.5
;WIPE_START
G1 X121 Y124 E-.475
;WIPE_END
G1 E-.025
M205 X8 Y8
G1 X120.751 Y116.372 Z8.4 F7200
G1 X120.021 Y94 Z8.4
G1 Z8
G1 E5 F2400
M205 X10 Y10
G1 F2700
G1 X99.979 Y94 E.63495
;WIDTH:0.446512
G1 X99.808 Y94.007 E.00561
G1 E-4.5
;WIPE_START
G1 X99.979 Y94 E-.0405
G1 X101.808 Y94 E-.4345
;WIPE_END
G1 E-.025
M205 X8 Y8
G1 X99 Y94.979 Z8.4 F7200
G1 Z8
G1 E5 F2400
M205 X10 Y10
;WIDTH:0.431684
G1 F2700
M73 P79 R4
G1 X99 Y126 E.98274
; stop printing object 07_DHT22_ventilated_clip.stl id:0 copy 0
G1 E-4.5
;WIPE_START
G1 X99 Y124 E-.475
;WIPE_END
G1 E-.025
;TIME_ELAPSED:1041.973511

;LAYER_CHANGE
;:8.2
;HEIGHT:0.2
;BEFORE_LAYER_CHANGE
;8.2
G92 E0

;_SET_FAN_SPEED_CHANGING_LAYER
; OBJECT_ID: 15
; printing object 07_DHT22_ventilated_clip.stl id:0 copy 0
M205 X8 Y8
G1 X99.263 Y94.372 Z8.4 F7200
G1 Z8.2
G1 E5 F2400
M205 X10 Y10
G1 F2700
G1 X99 Y94.979 E.02095
G1 X98.987 Y93.987 E.03142
;WIDTH:0.405192
G1 X99.168 Y93.987 E.00535
;WIDTH:0.446512
G1 X99.808 Y94.007 E.02107
G1 X99.296 Y94.296 E.01933
;WIDTH:0.431684
G1 X99.279 Y94.335 E.00135
G1 E-4.5
;WIPE_START
G1 X99 Y94.979 E-.16655
G1 X98.987 Y93.987 E-.23557
G1 X99.168 Y93.987 E-.04302
G1 X99.294 Y93.991 E-.02986
;WIPE_END
G1 E-.025
M205 X8 Y8
G1 X106.926 Y93.994 Z8.6 F7200
G1 X120.021 Y94 Z8.6
G1 Z8.2
G1 E5 F2400
M205 X10 Y10
G1 F2700
G1 X121.013 Y93.987 E.03142
;WIDTH:0.405193
G1 X121.013 Y94.168 E.00535
;WIDTH:0.431684
G1 X121 Y94.979 E.02568
G1 X120.704 Y94.296 E.02357
G1 X120.058 Y94.016 E.0223
G1 E-4.5
;WIPE_START
G1 X121.013 Y93.987 E-.22694
G1 X121.013 Y94.168 E-.04302
G1 X121 Y94.979 E-.19255
G1 X120.979 Y94.93 E-.01249
;WIPE_END
G1 E-.025
M205 X8 Y8
G1 X113.347 Y94.816 Z8.6 F7200
G1 X99.551 Y94.609 Z8.6
G1 Z8.2
G1 E5 F2400
M205 X10 Y10
;WIDTH:0.449999
G1 F2700
G1 X99.398 Y94.979 E.01328
G1 X99.398 Y126.398 E1.04224
G1 X98.602 Y126.398 E.0264
G1 X98.602 Y93.602 E1.0879
G1 X121.398 Y93.602 E.75618
G1 X121.398 Y126.398 E1.0879
G1 X120.602 Y126.398 E.0264
G1 X120.602 Y94.979 E1.04224
G1 X120.432 Y94.568 E.01474
G1 X120.021 Y94.398 E.01474
G1 X99.895 Y94.398 E.66763
G1 X99.568 Y94.568 E.01223
G1 X99.566 Y94.572 E.00014
M205 X8 Y8
G1 X99.845 Y94.845 F7200
M205 X10 Y10
;TYPE:Outer wall
;WIDTH:0.419999
G1 F2400
G1 X99.79 Y94.979 E.00443
G1 X99.79 Y126.79 E.97748
G1 X98.21 Y126.79 E.04855
G1 X98.21 Y93.21 E1.03182
G1 X121.79 Y93.21 E.72455
G1 X121.79 Y126.79 E1.03182
G1 X120.21 Y126.79 E.04855
G1 X120.21 Y94.979 E.97748
G1 X120.155 Y94.845 E.00443
G1 X120.021 Y94.79 E.00443
G1 X99.979 Y94.79 E.61586
G1 X99.882 Y94.83 E.0032
M73 P80 R4
G1 E-4.5 F2700
;WIPE_START
G1 F2400
G1 X99.79 Y94.979 E-.04154
G1 X99.79 Y96.804 E-.43346
;WIPE_END
G1 E-.025 F2700
M205 X8 Y8
G1 X107.394 Y96.149 Z8.6 F7200
G1 X121 Y94.979 Z8.6
G1 Z8.2
G1 E5 F2400
M205 X10 Y10
;TYPE:Inner wall
;WIDTH:0.431684
G1 F2700
G1 X121 Y126 E.98274
G1 E-4.5
;WIPE_START
G1 X121 Y124 E-.475
;WIPE_END
G1 E-.025
M205 X8 Y8
G1 X120.751 Y116.372 Z8.6 F7200
G1 X120.021 Y94 Z8.6
G1 Z8.2
G1 E5 F2400
M205 X10 Y10
G1 F2700
G1 X99.979 Y94 E.63495
;WIDTH:0.446512
G1 X99.808 Y94.007 E.00561
G1 E-4.5
;WIPE_START
G1 X99.979 Y94 E-.0405
G1 X101.808 Y94 E-.4345
;WIPE_END
G1 E-.025
M205 X8 Y8
G1 X99 Y94.979 Z8.6 F7200
G1 Z8.2
G1 E5 F2400
M205 X10 Y10
;WIDTH:0.431684
G1 F2700
G1 X99 Y126 E.98274
; stop printing object 07_DHT22_ventilated_clip.stl id:0 copy 0
G1 E-4.5
;WIPE_START
G1 X99 Y124 E-.475
;WIPE_END
G1 E-.025
;TIME_ELAPSED:1059.544189

;LAYER_CHANGE
;:8.4
;HEIGHT:0.2
;BEFORE_LAYER_CHANGE
;8.4
G92 E0

;_SET_FAN_SPEED_CHANGING_LAYER
; OBJECT_ID: 15
; printing object 07_DHT22_ventilated_clip.stl id:0 copy 0
M205 X8 Y8
G1 X99.263 Y94.372 Z8.6 F7200
G1 Z8.4
G1 E5 F2400
M205 X10 Y10
G1 F2700
G1 X99 Y94.979 E.02095
G1 X98.987 Y93.987 E.03142
;WIDTH:0.405192
G1 X99.168 Y93.987 E.00535
;WIDTH:0.446512
G1 X99.808 Y94.007 E.02107
G1 X99.296 Y94.296 E.01933
;WIDTH:0.431684
G1 X99.279 Y94.335 E.00135
G1 E-4.5
;WIPE_START
G1 X99 Y94.979 E-.16655
G1 X98.987 Y93.987 E-.23557
G1 X99.168 Y93.987 E-.04302
G1 X99.294 Y93.991 E-.02986
;WIPE_END
G1 E-.025
M205 X8 Y8
G1 X106.926 Y93.994 Z8.8 F7200
G1 X120.021 Y94 Z8.8
G1 Z8.4
G1 E5 F2400
M205 X10 Y10
G1 F2700
G1 X121.013 Y93.987 E.03142
;WIDTH:0.405193
G1 X121.013 Y94.168 E.00535
;WIDTH:0.431684
G1 X121 Y94.979 E.02568
G1 X120.704 Y94.296 E.02357
G1 X120.058 Y94.016 E.0223
G1 E-4.5
;WIPE_START
G1 X121.013 Y93.987 E-.22694
G1 X121.013 Y94.168 E-.04302
G1 X121 Y94.979 E-.19255
G1 X120.979 Y94.93 E-.01249
;WIPE_END
G1 E-.025
M205 X8 Y8
G1 X113.347 Y94.816 Z8.8 F7200
G1 X99.551 Y94.609 Z8.8
G1 Z8.4
G1 E5 F2400
M205 X10 Y10
;WIDTH:0.449999
G1 F2700
G1 X99.398 Y94.979 E.01328
G1 X99.398 Y126.398 E1.04224
G1 X98.602 Y126.398 E.0264
G1 X98.602 Y93.602 E1.0879
G1 X121.398 Y93.602 E.75618
G1 X121.398 Y126.398 E1.0879
G1 X120.602 Y126.398 E.0264
G1 X120.602 Y94.979 E1.04224
G1 X120.432 Y94.568 E.01474
G1 X120.021 Y94.398 E.01474
G1 X99.895 Y94.398 E.66763
G1 X99.568 Y94.568 E.01223
G1 X99.566 Y94.572 E.00014
M205 X8 Y8
G1 X99.845 Y94.845 F7200
M205 X10 Y10
;TYPE:Outer wall
;WIDTH:0.419999
G1 F2400
G1 X99.79 Y94.979 E.00443
G1 X99.79 Y126.79 E.97748
G1 X98.21 Y126.79 E.04855
M73 P81 R4
G1 X98.21 Y93.21 E1.03182
G1 X121.79 Y93.21 E.72455
G1 X121.79 Y126.79 E1.03182
G1 X120.21 Y126.79 E.04855
G1 X120.21 Y94.979 E.97748
G1 X120.155 Y94.845 E.00443
G1 X120.021 Y94.79 E.00443
G1 X99.979 Y94.79 E.61586
G1 X99.882 Y94.83 E.0032
G1 E-4.5 F2700
;WIPE_START
G1 F2400
G1 X99.79 Y94.979 E-.04154
G1 X99.79 Y96.804 E-.43346
;WIPE_END
G1 E-.025 F2700
M205 X8 Y8
G1 X107.394 Y96.149 Z8.8 F7200
G1 X121 Y94.979 Z8.8
G1 Z8.4
G1 E5 F2400
M205 X10 Y10
;TYPE:Inner wall
;WIDTH:0.431684
G1 F2700
G1 X121 Y126 E.98274
G1 E-4.5
;WIPE_START
G1 X121 Y124 E-.475
;WIPE_END
G1 E-.025
M205 X8 Y8
G1 X120.751 Y116.372 Z8.8 F7200
G1 X120.021 Y94 Z8.8
G1 Z8.4
G1 E5 F2400
M205 X10 Y10
G1 F2700
G1 X99.979 Y94 E.63495
;WIDTH:0.446512
G1 X99.808 Y94.007 E.00561
G1 E-4.5
;WIPE_START
G1 X99.979 Y94 E-.0405
G1 X101.808 Y94 E-.4345
;WIPE_END
G1 E-.025
M205 X8 Y8
G1 X99 Y94.979 Z8.8 F7200
G1 Z8.4
G1 E5 F2400
M205 X10 Y10
;WIDTH:0.431684
G1 F2700
G1 X99 Y126 E.98274
; stop printing object 07_DHT22_ventilated_clip.stl id:0 copy 0
G1 E-4.5
;WIPE_START
G1 X99 Y124 E-.475
;WIPE_END
G1 E-.025
;TIME_ELAPSED:1077.114868

;LAYER_CHANGE
;:8.6
;HEIGHT:0.200001
;BEFORE_LAYER_CHANGE
;8.6
G92 E0

;_SET_FAN_SPEED_CHANGING_LAYER
; OBJECT_ID: 15
; printing object 07_DHT22_ventilated_clip.stl id:0 copy 0
M205 X8 Y8
G1 X99.263 Y94.372 Z8.8 F7200
G1 Z8.6
G1 E5 F2400
M205 X10 Y10
G1 F2700
G1 X99 Y94.979 E.02095
G1 X98.987 Y93.987 E.03142
;WIDTH:0.405192
G1 X99.168 Y93.987 E.00535
;WIDTH:0.446512
G1 X99.808 Y94.007 E.02107
G1 X99.296 Y94.296 E.01933
;WIDTH:0.431684
G1 X99.279 Y94.335 E.00135
G1 E-4.5
;WIPE_START
G1 X99 Y94.979 E-.16655
M73 P81 R3
G1 X98.987 Y93.987 E-.23557
G1 X99.168 Y93.987 E-.04302
G1 X99.294 Y93.991 E-.02986
;WIPE_END
G1 E-.025
M205 X8 Y8
G1 X106.926 Y93.994 Z9 F7200
G1 X120.021 Y94 Z9
G1 Z8.6
G1 E5 F2400
M205 X10 Y10
G1 F2700
G1 X121.013 Y93.987 E.03142
;WIDTH:0.405193
G1 X121.013 Y94.168 E.00535
;WIDTH:0.431684
G1 X121 Y94.979 E.02568
G1 X120.704 Y94.296 E.02357
G1 X120.058 Y94.016 E.0223
G1 E-4.5
;WIPE_START
G1 X121.013 Y93.987 E-.22694
G1 X121.013 Y94.168 E-.04302
G1 X121 Y94.979 E-.19255
G1 X120.979 Y94.93 E-.01249
;WIPE_END
G1 E-.025
M205 X8 Y8
G1 X113.347 Y94.816 Z9 F7200
G1 X99.551 Y94.609 Z9
G1 Z8.6
G1 E5 F2400
M205 X10 Y10
;WIDTH:0.449999
G1 F2700
M73 P82 R3
G1 X99.398 Y94.979 E.01328
G1 X99.398 Y126.398 E1.04224
G1 X98.602 Y126.398 E.0264
G1 X98.602 Y93.602 E1.0879
G1 X121.398 Y93.602 E.75618
G1 X121.398 Y126.398 E1.0879
G1 X120.602 Y126.398 E.0264
G1 X120.602 Y94.979 E1.04224
G1 X120.432 Y94.568 E.01474
G1 X120.021 Y94.398 E.01474
G1 X99.895 Y94.398 E.66763
G1 X99.568 Y94.568 E.01223
G1 X99.566 Y94.572 E.00014
M205 X8 Y8
G1 X99.845 Y94.845 F7200
M205 X10 Y10
;TYPE:Outer wall
;WIDTH:0.419999
G1 F2400
G1 X99.79 Y94.979 E.00443
G1 X99.79 Y126.79 E.97748
G1 X98.21 Y126.79 E.04855
G1 X98.21 Y93.21 E1.03182
G1 X121.79 Y93.21 E.72455
G1 X121.79 Y126.79 E1.03182
G1 X120.21 Y126.79 E.04855
G1 X120.21 Y94.979 E.97748
G1 X120.155 Y94.845 E.00443
G1 X120.021 Y94.79 E.00443
G1 X99.979 Y94.79 E.61586
G1 X99.882 Y94.83 E.0032
G1 E-4.5 F2700
;WIPE_START
G1 F2400
G1 X99.79 Y94.979 E-.04154
G1 X99.79 Y96.804 E-.43346
;WIPE_END
G1 E-.025 F2700
M205 X8 Y8
G1 X107.394 Y96.149 Z9 F7200
G1 X121 Y94.979 Z9
G1 Z8.6
G1 E5 F2400
M205 X10 Y10
;TYPE:Inner wall
;WIDTH:0.431684
G1 F2700
G1 X121 Y126 E.98274
G1 E-4.5
;WIPE_START
G1 X121 Y124 E-.475
;WIPE_END
G1 E-.025
M205 X8 Y8
G1 X120.751 Y116.372 Z9 F7200
G1 X120.021 Y94 Z9
G1 Z8.6
G1 E5 F2400
M205 X10 Y10
G1 F2700
G1 X99.979 Y94 E.63495
;WIDTH:0.446512
G1 X99.808 Y94.007 E.00561
G1 E-4.5
;WIPE_START
G1 X99.979 Y94 E-.0405
G1 X101.808 Y94 E-.4345
;WIPE_END
G1 E-.025
M205 X8 Y8
G1 X99 Y94.979 Z9 F7200
G1 Z8.6
G1 E5 F2400
M205 X10 Y10
;WIDTH:0.431684
G1 F2700
M73 P83 R3
G1 X99 Y126 E.98274
; stop printing object 07_DHT22_ventilated_clip.stl id:0 copy 0
G1 E-4.5
;WIPE_START
G1 X99 Y124 E-.475
;WIPE_END
G1 E-.025
;TIME_ELAPSED:1094.685547

;LAYER_CHANGE
;:8.8
;HEIGHT:0.2
;BEFORE_LAYER_CHANGE
;8.8
G92 E0

;_SET_FAN_SPEED_CHANGING_LAYER
; OBJECT_ID: 15
; printing object 07_DHT22_ventilated_clip.stl id:0 copy 0
M205 X8 Y8
G1 X99.263 Y94.372 Z9 F7200
G1 Z8.8
G1 E5 F2400
M205 X10 Y10
G1 F2700
G1 X99 Y94.979 E.02095
G1 X98.987 Y93.987 E.03142
;WIDTH:0.405192
G1 X99.168 Y93.987 E.00535
;WIDTH:0.446512
G1 X99.808 Y94.007 E.02107
G1 X99.296 Y94.296 E.01933
;WIDTH:0.431684
G1 X99.279 Y94.335 E.00135
G1 E-4.5
;WIPE_START
G1 X99 Y94.979 E-.16655
G1 X98.987 Y93.987 E-.23557
G1 X99.168 Y93.987 E-.04302
G1 X99.294 Y93.991 E-.02986
;WIPE_END
G1 E-.025
M205 X8 Y8
G1 X106.926 Y93.994 Z9.2 F7200
G1 X120.021 Y94 Z9.2
G1 Z8.8
G1 E5 F2400
M205 X10 Y10
G1 F2700
G1 X121.013 Y93.987 E.03142
;WIDTH:0.405193
G1 X121.013 Y94.168 E.00535
;WIDTH:0.431684
G1 X121 Y94.979 E.02568
G1 X120.704 Y94.296 E.02357
G1 X120.058 Y94.016 E.0223
G1 E-4.5
;WIPE_START
G1 X121.013 Y93.987 E-.22694
G1 X121.013 Y94.168 E-.04302
G1 X121 Y94.979 E-.19255
G1 X120.979 Y94.93 E-.01249
;WIPE_END
G1 E-.025
M205 X8 Y8
G1 X113.347 Y94.816 Z9.2 F7200
G1 X99.551 Y94.609 Z9.2
G1 Z8.8
G1 E5 F2400
M205 X10 Y10
;WIDTH:0.449999
G1 F2700
G1 X99.398 Y94.979 E.01328
G1 X99.398 Y126.398 E1.04224
G1 X98.602 Y126.398 E.0264
G1 X98.602 Y93.602 E1.0879
G1 X121.398 Y93.602 E.75618
G1 X121.398 Y126.398 E1.0879
G1 X120.602 Y126.398 E.0264
G1 X120.602 Y94.979 E1.04224
G1 X120.432 Y94.568 E.01474
G1 X120.021 Y94.398 E.01474
G1 X99.895 Y94.398 E.66763
G1 X99.568 Y94.568 E.01223
G1 X99.566 Y94.572 E.00014
M205 X8 Y8
G1 X99.845 Y94.845 F7200
M205 X10 Y10
;TYPE:Outer wall
;WIDTH:0.419999
G1 F2400
G1 X99.79 Y94.979 E.00443
G1 X99.79 Y126.79 E.97748
G1 X98.21 Y126.79 E.04855
G1 X98.21 Y93.21 E1.03182
G1 X121.79 Y93.21 E.72455
G1 X121.79 Y126.79 E1.03182
G1 X120.21 Y126.79 E.04855
G1 X120.21 Y94.979 E.97748
G1 X120.155 Y94.845 E.00443
G1 X120.021 Y94.79 E.00443
G1 X99.979 Y94.79 E.61586
G1 X99.882 Y94.83 E.0032
M73 P84 R3
G1 E-4.5 F2700
;WIPE_START
G1 F2400
G1 X99.79 Y94.979 E-.04154
G1 X99.79 Y96.804 E-.43346
;WIPE_END
G1 E-.025 F2700
M205 X8 Y8
G1 X107.394 Y96.149 Z9.2 F7200
G1 X121 Y94.979 Z9.2
G1 Z8.8
G1 E5 F2400
M205 X10 Y10
;TYPE:Inner wall
;WIDTH:0.431684
G1 F2700
G1 X121 Y126 E.98274
G1 E-4.5
;WIPE_START
G1 X121 Y124 E-.475
;WIPE_END
G1 E-.025
M205 X8 Y8
G1 X120.751 Y116.372 Z9.2 F7200
G1 X120.021 Y94 Z9.2
G1 Z8.8
G1 E5 F2400
M205 X10 Y10
G1 F2700
G1 X99.979 Y94 E.63495
;WIDTH:0.446512
G1 X99.808 Y94.007 E.00561
G1 E-4.5
;WIPE_START
G1 X99.979 Y94 E-.0405
G1 X101.808 Y94 E-.4345
;WIPE_END
G1 E-.025
M205 X8 Y8
G1 X99 Y94.979 Z9.2 F7200
G1 Z8.8
G1 E5 F2400
M205 X10 Y10
;WIDTH:0.431684
G1 F2700
G1 X99 Y126 E.98274
; stop printing object 07_DHT22_ventilated_clip.stl id:0 copy 0
G1 E-4.5
;WIPE_START
G1 X99 Y124 E-.475
;WIPE_END
G1 E-.025
;TIME_ELAPSED:1112.256226

;LAYER_CHANGE
;:9
;HEIGHT:0.2
;BEFORE_LAYER_CHANGE
;9
G92 E0

;_SET_FAN_SPEED_CHANGING_LAYER
; OBJECT_ID: 15
; printing object 07_DHT22_ventilated_clip.stl id:0 copy 0
M205 X8 Y8
G1 X99.263 Y94.372 Z9.2 F7200
G1 Z9
G1 E5 F2400
M205 X10 Y10
G1 F2700
G1 X99 Y94.979 E.02095
G1 X98.987 Y93.987 E.03142
;WIDTH:0.405192
G1 X99.168 Y93.987 E.00535
;WIDTH:0.446512
G1 X99.808 Y94.007 E.02107
G1 X99.296 Y94.296 E.01933
;WIDTH:0.431684
G1 X99.279 Y94.335 E.00135
G1 E-4.5
;WIPE_START
G1 X99 Y94.979 E-.16655
G1 X98.987 Y93.987 E-.23557
G1 X99.168 Y93.987 E-.04302
G1 X99.294 Y93.991 E-.02986
;WIPE_END
G1 E-.025
M205 X8 Y8
G1 X106.926 Y93.994 Z9.4 F7200
G1 X120.021 Y94 Z9.4
G1 Z9
G1 E5 F2400
M205 X10 Y10
G1 F2700
G1 X121.013 Y93.987 E.03142
;WIDTH:0.405193
G1 X121.013 Y94.168 E.00535
;WIDTH:0.431684
G1 X121 Y94.979 E.02568
G1 X120.704 Y94.296 E.02357
G1 X120.058 Y94.016 E.0223
G1 E-4.5
;WIPE_START
G1 X121.013 Y93.987 E-.22694
G1 X121.013 Y94.168 E-.04302
G1 X121 Y94.979 E-.19255
G1 X120.979 Y94.93 E-.01249
;WIPE_END
G1 E-.025
M205 X8 Y8
G1 X113.347 Y94.816 Z9.4 F7200
G1 X99.551 Y94.609 Z9.4
G1 Z9
G1 E5 F2400
M205 X10 Y10
;WIDTH:0.449999
G1 F2700
G1 X99.398 Y94.979 E.01328
G1 X99.398 Y126.398 E1.04224
G1 X98.602 Y126.398 E.0264
G1 X98.602 Y93.602 E1.0879
G1 X121.398 Y93.602 E.75618
G1 X121.398 Y126.398 E1.0879
G1 X120.602 Y126.398 E.0264
G1 X120.602 Y94.979 E1.04224
G1 X120.432 Y94.568 E.01474
G1 X120.021 Y94.398 E.01474
G1 X99.895 Y94.398 E.66763
G1 X99.568 Y94.568 E.01223
G1 X99.566 Y94.572 E.00014
M205 X8 Y8
G1 X99.845 Y94.845 F7200
M205 X10 Y10
;TYPE:Outer wall
;WIDTH:0.419999
G1 F2400
G1 X99.79 Y94.979 E.00443
G1 X99.79 Y126.79 E.97748
G1 X98.21 Y126.79 E.04855
M73 P85 R3
G1 X98.21 Y93.21 E1.03182
G1 X121.79 Y93.21 E.72455
G1 X121.79 Y126.79 E1.03182
G1 X120.21 Y126.79 E.04855
G1 X120.21 Y94.979 E.97748
G1 X120.155 Y94.845 E.00443
G1 X120.021 Y94.79 E.00443
G1 X99.979 Y94.79 E.61586
G1 X99.882 Y94.83 E.0032
G1 E-4.5 F2700
;WIPE_START
G1 F2400
G1 X99.79 Y94.979 E-.04154
G1 X99.79 Y96.804 E-.43346
;WIPE_END
G1 E-.025 F2700
M205 X8 Y8
G1 X107.394 Y96.149 Z9.4 F7200
G1 X121 Y94.979 Z9.4
G1 Z9
G1 E5 F2400
M205 X10 Y10
;TYPE:Inner wall
;WIDTH:0.431684
G1 F2700
G1 X121 Y126 E.98274
G1 E-4.5
;WIPE_START
G1 X121 Y124 E-.475
;WIPE_END
G1 E-.025
M205 X8 Y8
G1 X120.751 Y116.372 Z9.4 F7200
G1 X120.021 Y94 Z9.4
G1 Z9
G1 E5 F2400
M205 X10 Y10
G1 F2700
G1 X99.979 Y94 E.63495
;WIDTH:0.446512
G1 X99.808 Y94.007 E.00561
G1 E-4.5
;WIPE_START
G1 X99.979 Y94 E-.0405
G1 X101.808 Y94 E-.4345
;WIPE_END
G1 E-.025
M205 X8 Y8
G1 X99 Y94.979 Z9.4 F7200
G1 Z9
G1 E5 F2400
M205 X10 Y10
;WIDTH:0.431684
G1 F2700
G1 X99 Y126 E.98274
; stop printing object 07_DHT22_ventilated_clip.stl id:0 copy 0
G1 E-4.5
;WIPE_START
G1 X99 Y124 E-.475
;WIPE_END
G1 E-.025
;TIME_ELAPSED:1129.826904

;LAYER_CHANGE
;:9.2
;HEIGHT:0.2
;BEFORE_LAYER_CHANGE
;9.2
G92 E0

;_SET_FAN_SPEED_CHANGING_LAYER
; OBJECT_ID: 15
; printing object 07_DHT22_ventilated_clip.stl id:0 copy 0
M205 X8 Y8
G1 X99.263 Y94.372 Z9.4 F7200
G1 Z9.2
G1 E5 F2400
M205 X10 Y10
G1 F2700
G1 X99 Y94.979 E.02095
G1 X98.987 Y93.987 E.03142
;WIDTH:0.405192
G1 X99.168 Y93.987 E.00535
;WIDTH:0.446512
G1 X99.808 Y94.007 E.02107
G1 X99.296 Y94.296 E.01933
;WIDTH:0.431684
G1 X99.279 Y94.335 E.00135
G1 E-4.5
;WIPE_START
G1 X99 Y94.979 E-.16655
G1 X98.987 Y93.987 E-.23557
G1 X99.168 Y93.987 E-.04302
G1 X99.294 Y93.991 E-.02986
;WIPE_END
G1 E-.025
M205 X8 Y8
G1 X106.926 Y93.994 Z9.6 F7200
G1 X120.021 Y94 Z9.6
G1 Z9.2
G1 E5 F2400
M205 X10 Y10
G1 F2700
G1 X121.013 Y93.987 E.03142
;WIDTH:0.405193
G1 X121.013 Y94.168 E.00535
;WIDTH:0.431684
G1 X121 Y94.979 E.02568
G1 X120.704 Y94.296 E.02357
G1 X120.058 Y94.016 E.0223
G1 E-4.5
;WIPE_START
G1 X121.013 Y93.987 E-.22694
G1 X121.013 Y94.168 E-.04302
G1 X121 Y94.979 E-.19255
G1 X120.979 Y94.93 E-.01249
;WIPE_END
G1 E-.025
M205 X8 Y8
G1 X113.347 Y94.816 Z9.6 F7200
G1 X99.551 Y94.609 Z9.6
G1 Z9.2
G1 E5 F2400
M205 X10 Y10
;WIDTH:0.449999
G1 F2700
M73 P86 R3
G1 X99.398 Y94.979 E.01328
G1 X99.398 Y126.398 E1.04224
G1 X98.602 Y126.398 E.0264
G1 X98.602 Y93.602 E1.0879
G1 X121.398 Y93.602 E.75618
G1 X121.398 Y126.398 E1.0879
G1 X120.602 Y126.398 E.0264
G1 X120.602 Y94.979 E1.04224
G1 X120.432 Y94.568 E.01474
G1 X120.021 Y94.398 E.01474
G1 X99.895 Y94.398 E.66763
G1 X99.568 Y94.568 E.01223
G1 X99.566 Y94.572 E.00014
M205 X8 Y8
G1 X99.845 Y94.845 F7200
M205 X10 Y10
;TYPE:Outer wall
;WIDTH:0.419999
G1 F2400
G1 X99.79 Y94.979 E.00443
G1 X99.79 Y126.79 E.97748
G1 X98.21 Y126.79 E.04855
M73 P86 R2
G1 X98.21 Y93.21 E1.03182
G1 X121.79 Y93.21 E.72455
G1 X121.79 Y126.79 E1.03182
G1 X120.21 Y126.79 E.04855
G1 X120.21 Y94.979 E.97748
G1 X120.155 Y94.845 E.00443
G1 X120.021 Y94.79 E.00443
G1 X99.979 Y94.79 E.61586
G1 X99.882 Y94.83 E.0032
G1 E-4.5 F2700
;WIPE_START
G1 F2400
G1 X99.79 Y94.979 E-.04154
G1 X99.79 Y96.804 E-.43346
;WIPE_END
G1 E-.025 F2700
M205 X8 Y8
G1 X107.394 Y96.149 Z9.6 F7200
G1 X121 Y94.979 Z9.6
G1 Z9.2
G1 E5 F2400
M205 X10 Y10
;TYPE:Inner wall
;WIDTH:0.431684
G1 F2700
G1 X121 Y126 E.98274
G1 E-4.5
;WIPE_START
G1 X121 Y124 E-.475
;WIPE_END
G1 E-.025
M205 X8 Y8
G1 X120.751 Y116.372 Z9.6 F7200
G1 X120.021 Y94 Z9.6
G1 Z9.2
G1 E5 F2400
M205 X10 Y10
G1 F2700
G1 X99.979 Y94 E.63495
;WIDTH:0.446512
G1 X99.808 Y94.007 E.00561
G1 E-4.5
;WIPE_START
G1 X99.979 Y94 E-.0405
G1 X101.808 Y94 E-.4345
;WIPE_END
G1 E-.025
M205 X8 Y8
G1 X99 Y94.979 Z9.6 F7200
G1 Z9.2
G1 E5 F2400
M205 X10 Y10
;WIDTH:0.431684
G1 F2700
M73 P87 R2
G1 X99 Y126 E.98274
; stop printing object 07_DHT22_ventilated_clip.stl id:0 copy 0
G1 E-4.5
;WIPE_START
G1 X99 Y124 E-.475
;WIPE_END
G1 E-.025
;TIME_ELAPSED:1147.397583

;LAYER_CHANGE
;:9.4
;HEIGHT:0.2
;BEFORE_LAYER_CHANGE
;9.4
G92 E0

;_SET_FAN_SPEED_CHANGING_LAYER
; OBJECT_ID: 15
; printing object 07_DHT22_ventilated_clip.stl id:0 copy 0
M205 X8 Y8
G1 X99.263 Y94.372 Z9.6 F7200
G1 Z9.4
G1 E5 F2400
M205 X10 Y10
G1 F2700
G1 X99 Y94.979 E.02095
G1 X98.987 Y93.987 E.03142
;WIDTH:0.405192
G1 X99.168 Y93.987 E.00535
;WIDTH:0.446512
G1 X99.808 Y94.007 E.02107
G1 X99.296 Y94.296 E.01933
;WIDTH:0.431684
G1 X99.279 Y94.335 E.00135
G1 E-4.5
;WIPE_START
G1 X99 Y94.979 E-.16655
G1 X98.987 Y93.987 E-.23557
G1 X99.168 Y93.987 E-.04302
G1 X99.294 Y93.991 E-.02986
;WIPE_END
G1 E-.025
M205 X8 Y8
G1 X106.926 Y93.994 Z9.8 F7200
G1 X120.021 Y94 Z9.8
G1 Z9.4
G1 E5 F2400
M205 X10 Y10
G1 F2700
G1 X121.013 Y93.987 E.03142
;WIDTH:0.405193
G1 X121.013 Y94.168 E.00535
;WIDTH:0.431684
G1 X121 Y94.979 E.02568
G1 X120.704 Y94.296 E.02357
G1 X120.058 Y94.016 E.0223
G1 E-4.5
;WIPE_START
G1 X121.013 Y93.987 E-.22694
G1 X121.013 Y94.168 E-.04302
G1 X121 Y94.979 E-.19255
G1 X120.979 Y94.93 E-.01249
;WIPE_END
G1 E-.025
M205 X8 Y8
G1 X113.347 Y94.816 Z9.8 F7200
G1 X99.551 Y94.609 Z9.8
G1 Z9.4
G1 E5 F2400
M205 X10 Y10
;WIDTH:0.449999
G1 F2700
G1 X99.398 Y94.979 E.01328
G1 X99.398 Y126.398 E1.04224
G1 X98.602 Y126.398 E.0264
G1 X98.602 Y93.602 E1.0879
G1 X121.398 Y93.602 E.75618
G1 X121.398 Y126.398 E1.0879
G1 X120.602 Y126.398 E.0264
G1 X120.602 Y94.979 E1.04224
G1 X120.432 Y94.568 E.01474
G1 X120.021 Y94.398 E.01474
G1 X99.895 Y94.398 E.66763
G1 X99.568 Y94.568 E.01223
G1 X99.566 Y94.572 E.00014
M205 X8 Y8
G1 X99.845 Y94.845 F7200
M205 X10 Y10
;TYPE:Outer wall
;WIDTH:0.419999
G1 F2400
G1 X99.79 Y94.979 E.00443
G1 X99.79 Y126.79 E.97748
G1 X98.21 Y126.79 E.04855
G1 X98.21 Y93.21 E1.03182
G1 X121.79 Y93.21 E.72455
G1 X121.79 Y126.79 E1.03182
G1 X120.21 Y126.79 E.04855
G1 X120.21 Y94.979 E.97748
G1 X120.155 Y94.845 E.00443
G1 X120.021 Y94.79 E.00443
G1 X99.979 Y94.79 E.61586
G1 X99.882 Y94.83 E.0032
M73 P88 R2
G1 E-4.5 F2700
;WIPE_START
G1 F2400
G1 X99.79 Y94.979 E-.04154
G1 X99.79 Y96.804 E-.43346
;WIPE_END
G1 E-.025 F2700
M205 X8 Y8
G1 X107.394 Y96.149 Z9.8 F7200
G1 X121 Y94.979 Z9.8
G1 Z9.4
G1 E5 F2400
M205 X10 Y10
;TYPE:Inner wall
;WIDTH:0.431684
G1 F2700
G1 X121 Y126 E.98274
G1 E-4.5
;WIPE_START
G1 X121 Y124 E-.475
;WIPE_END
G1 E-.025
M205 X8 Y8
G1 X120.751 Y116.372 Z9.8 F7200
G1 X120.021 Y94 Z9.8
G1 Z9.4
G1 E5 F2400
M205 X10 Y10
G1 F2700
G1 X99.979 Y94 E.63495
;WIDTH:0.446512
G1 X99.808 Y94.007 E.00561
G1 E-4.5
;WIPE_START
G1 X99.979 Y94 E-.0405
G1 X101.808 Y94 E-.4345
;WIPE_END
G1 E-.025
M205 X8 Y8
G1 X99 Y94.979 Z9.8 F7200
G1 Z9.4
G1 E5 F2400
M205 X10 Y10
;WIDTH:0.431684
G1 F2700
G1 X99 Y126 E.98274
; stop printing object 07_DHT22_ventilated_clip.stl id:0 copy 0
G1 E-4.5
;WIPE_START
G1 X99 Y124 E-.475
;WIPE_END
G1 E-.025
;TIME_ELAPSED:1164.968262

;LAYER_CHANGE
;:9.6
;HEIGHT:0.200001
;BEFORE_LAYER_CHANGE
;9.6
G92 E0

;_SET_FAN_SPEED_CHANGING_LAYER
; OBJECT_ID: 15
; printing object 07_DHT22_ventilated_clip.stl id:0 copy 0
M205 X8 Y8
G1 X99.263 Y94.372 Z9.8 F7200
G1 Z9.6
G1 E5 F2400
M205 X10 Y10
G1 F2700
G1 X99 Y94.979 E.02095
G1 X98.987 Y93.987 E.03142
;WIDTH:0.405192
G1 X99.168 Y93.987 E.00535
;WIDTH:0.446512
G1 X99.808 Y94.007 E.02107
G1 X99.296 Y94.296 E.01933
;WIDTH:0.431684
G1 X99.279 Y94.335 E.00135
G1 E-4.5
;WIPE_START
G1 X99 Y94.979 E-.16655
G1 X98.987 Y93.987 E-.23557
G1 X99.168 Y93.987 E-.04302
G1 X99.294 Y93.991 E-.02986
;WIPE_END
G1 E-.025
M205 X8 Y8
G1 X106.926 Y93.994 Z10 F7200
G1 X120.021 Y94 Z10
G1 Z9.6
G1 E5 F2400
M205 X10 Y10
G1 F2700
G1 X121.013 Y93.987 E.03142
;WIDTH:0.405193
G1 X121.013 Y94.168 E.00535
;WIDTH:0.431684
G1 X121 Y94.979 E.02568
G1 X120.704 Y94.296 E.02357
G1 X120.058 Y94.016 E.0223
G1 E-4.5
;WIPE_START
G1 X121.013 Y93.987 E-.22694
G1 X121.013 Y94.168 E-.04302
G1 X121 Y94.979 E-.19255
G1 X120.979 Y94.93 E-.01249
;WIPE_END
G1 E-.025
M205 X8 Y8
G1 X113.347 Y94.816 Z10 F7200
G1 X99.551 Y94.609 Z10
G1 Z9.6
G1 E5 F2400
M205 X10 Y10
;WIDTH:0.449999
G1 F2700
G1 X99.398 Y94.979 E.01328
G1 X99.398 Y126.398 E1.04224
G1 X98.602 Y126.398 E.0264
G1 X98.602 Y93.602 E1.0879
G1 X121.398 Y93.602 E.75618
G1 X121.398 Y126.398 E1.0879
G1 X120.602 Y126.398 E.0264
G1 X120.602 Y94.979 E1.04224
G1 X120.432 Y94.568 E.01474
G1 X120.021 Y94.398 E.01474
G1 X99.895 Y94.398 E.66763
G1 X99.568 Y94.568 E.01223
G1 X99.566 Y94.572 E.00014
M205 X8 Y8
G1 X99.845 Y94.845 F7200
M205 X10 Y10
;TYPE:Outer wall
;WIDTH:0.419999
G1 F2400
G1 X99.79 Y94.979 E.00443
G1 X99.79 Y126.79 E.97748
G1 X98.21 Y126.79 E.04855
M73 P89 R2
G1 X98.21 Y93.21 E1.03182
G1 X121.79 Y93.21 E.72455
G1 X121.79 Y126.79 E1.03182
G1 X120.21 Y126.79 E.04855
G1 X120.21 Y94.979 E.97748
G1 X120.155 Y94.845 E.00443
G1 X120.021 Y94.79 E.00443
G1 X99.979 Y94.79 E.61586
G1 X99.882 Y94.83 E.0032
G1 E-4.5 F2700
;WIPE_START
G1 F2400
G1 X99.79 Y94.979 E-.04154
G1 X99.79 Y96.804 E-.43346
;WIPE_END
G1 E-.025 F2700
M205 X8 Y8
G1 X107.394 Y96.149 Z10 F7200
G1 X121 Y94.979 Z10
G1 Z9.6
G1 E5 F2400
M205 X10 Y10
;TYPE:Inner wall
;WIDTH:0.431684
G1 F2700
G1 X121 Y126 E.98274
G1 E-4.5
;WIPE_START
G1 X121 Y124 E-.475
;WIPE_END
G1 E-.025
M205 X8 Y8
G1 X120.751 Y116.372 Z10 F7200
G1 X120.021 Y94 Z10
G1 Z9.6
G1 E5 F2400
M205 X10 Y10
G1 F2700
G1 X99.979 Y94 E.63495
;WIDTH:0.446512
G1 X99.808 Y94.007 E.00561
G1 E-4.5
;WIPE_START
G1 X99.979 Y94 E-.0405
G1 X101.808 Y94 E-.4345
;WIPE_END
G1 E-.025
M205 X8 Y8
G1 X99 Y94.979 Z10 F7200
G1 Z9.6
G1 E5 F2400
M205 X10 Y10
;WIDTH:0.431684
G1 F2700
G1 X99 Y126 E.98274
; stop printing object 07_DHT22_ventilated_clip.stl id:0 copy 0
G1 E-4.5
;WIPE_START
G1 X99 Y124 E-.475
;WIPE_END
G1 E-.025
;TIME_ELAPSED:1182.538940

;LAYER_CHANGE
;:9.8
;HEIGHT:0.2
;BEFORE_LAYER_CHANGE
;9.8
G92 E0

;_SET_FAN_SPEED_CHANGING_LAYER
; OBJECT_ID: 15
; printing object 07_DHT22_ventilated_clip.stl id:0 copy 0
M205 X8 Y8
G1 X99.263 Y94.372 Z10 F7200
G1 Z9.8
G1 E5 F2400
M205 X10 Y10
G1 F2700
G1 X99 Y94.979 E.02095
G1 X98.987 Y93.987 E.03142
;WIDTH:0.405192
G1 X99.168 Y93.987 E.00535
;WIDTH:0.446512
G1 X99.808 Y94.007 E.02107
G1 X99.296 Y94.296 E.01933
;WIDTH:0.431684
G1 X99.279 Y94.335 E.00135
G1 E-4.5
;WIPE_START
G1 X99 Y94.979 E-.16655
G1 X98.987 Y93.987 E-.23557
G1 X99.168 Y93.987 E-.04302
G1 X99.294 Y93.991 E-.02986
;WIPE_END
G1 E-.025
M205 X8 Y8
G1 X106.926 Y93.994 Z10.2 F7200
G1 X120.021 Y94 Z10.2
G1 Z9.8
G1 E5 F2400
M205 X10 Y10
G1 F2700
G1 X121.013 Y93.987 E.03142
;WIDTH:0.405193
G1 X121.013 Y94.168 E.00535
;WIDTH:0.431684
G1 X121 Y94.979 E.02568
G1 X120.704 Y94.296 E.02357
G1 X120.058 Y94.016 E.0223
G1 E-4.5
;WIPE_START
G1 X121.013 Y93.987 E-.22694
G1 X121.013 Y94.168 E-.04302
G1 X121 Y94.979 E-.19255
G1 X120.979 Y94.93 E-.01249
;WIPE_END
G1 E-.025
M205 X8 Y8
G1 X113.347 Y94.816 Z10.2 F7200
G1 X99.551 Y94.609 Z10.2
G1 Z9.8
G1 E5 F2400
M205 X10 Y10
;WIDTH:0.449999
G1 F2700
M73 P90 R2
G1 X99.398 Y94.979 E.01328
G1 X99.398 Y126.398 E1.04224
G1 X98.602 Y126.398 E.0264
G1 X98.602 Y93.602 E1.0879
G1 X121.398 Y93.602 E.75618
G1 X121.398 Y126.398 E1.0879
G1 X120.602 Y126.398 E.0264
G1 X120.602 Y94.979 E1.04224
G1 X120.432 Y94.568 E.01474
G1 X120.021 Y94.398 E.01474
G1 X99.895 Y94.398 E.66763
G1 X99.568 Y94.568 E.01223
G1 X99.566 Y94.572 E.00014
M205 X8 Y8
G1 X99.845 Y94.845 F7200
M205 X10 Y10
;TYPE:Outer wall
;WIDTH:0.419999
G1 F2400
G1 X99.79 Y94.979 E.00443
G1 X99.79 Y126.79 E.97748
G1 X98.21 Y126.79 E.04855
G1 X98.21 Y93.21 E1.03182
G1 X121.79 Y93.21 E.72455
G1 X121.79 Y126.79 E1.03182
G1 X120.21 Y126.79 E.04855
G1 X120.21 Y94.979 E.97748
G1 X120.155 Y94.845 E.00443
G1 X120.021 Y94.79 E.00443
G1 X99.979 Y94.79 E.61586
G1 X99.882 Y94.83 E.0032
G1 E-4.5 F2700
;WIPE_START
G1 F2400
G1 X99.79 Y94.979 E-.04154
G1 X99.79 Y96.804 E-.43346
;WIPE_END
G1 E-.025 F2700
M205 X8 Y8
G1 X107.394 Y96.149 Z10.2 F7200
G1 X121 Y94.979 Z10.2
G1 Z9.8
G1 E5 F2400
M205 X10 Y10
;TYPE:Inner wall
;WIDTH:0.431684
G1 F2700
G1 X121 Y126 E.98274
G1 E-4.5
;WIPE_START
G1 X121 Y124 E-.475
;WIPE_END
G1 E-.025
M205 X8 Y8
G1 X120.751 Y116.372 Z10.2 F7200
G1 X120.021 Y94 Z10.2
G1 Z9.8
G1 E5 F2400
M205 X10 Y10
G1 F2700
G1 X99.979 Y94 E.63495
;WIDTH:0.446512
G1 X99.808 Y94.007 E.00561
M73 P90 R1
G1 E-4.5
;WIPE_START
G1 X99.979 Y94 E-.0405
G1 X101.808 Y94 E-.4345
;WIPE_END
G1 E-.025
M205 X8 Y8
G1 X99 Y94.979 Z10.2 F7200
G1 Z9.8
G1 E5 F2400
M205 X10 Y10
;WIDTH:0.431684
G1 F2700
M73 P91 R1
G1 X99 Y126 E.98274
; stop printing object 07_DHT22_ventilated_clip.stl id:0 copy 0
G1 E-4.5
;WIPE_START
G1 X99 Y124 E-.475
;WIPE_END
G1 E-.025
;TIME_ELAPSED:1200.109741

;LAYER_CHANGE
;:10
;HEIGHT:0.2
;BEFORE_LAYER_CHANGE
;10
G92 E0

;_SET_FAN_SPEED_CHANGING_LAYER
; OBJECT_ID: 15
; printing object 07_DHT22_ventilated_clip.stl id:0 copy 0
M205 X8 Y8
G1 X99.263 Y94.372 Z10.2 F7200
G1 Z10
G1 E5 F2400
M205 X10 Y10
G1 F2700
G1 X99 Y94.979 E.02095
G1 X98.987 Y93.987 E.03142
;WIDTH:0.405192
G1 X99.168 Y93.987 E.00535
;WIDTH:0.446512
G1 X99.808 Y94.007 E.02107
G1 X99.296 Y94.296 E.01933
;WIDTH:0.431684
G1 X99.279 Y94.335 E.00135
G1 E-4.5
;WIPE_START
G1 X99 Y94.979 E-.16655
G1 X98.987 Y93.987 E-.23557
G1 X99.168 Y93.987 E-.04302
G1 X99.294 Y93.991 E-.02986
;WIPE_END
G1 E-.025
M205 X8 Y8
G1 X106.926 Y93.994 Z10.4 F7200
G1 X120.021 Y94 Z10.4
G1 Z10
G1 E5 F2400
M205 X10 Y10
G1 F2700
G1 X121.013 Y93.987 E.03142
;WIDTH:0.405193
G1 X121.013 Y94.168 E.00535
;WIDTH:0.431684
G1 X121 Y94.979 E.02568
G1 X120.704 Y94.296 E.02357
G1 X120.058 Y94.016 E.0223
G1 E-4.5
;WIPE_START
G1 X121.013 Y93.987 E-.22694
G1 X121.013 Y94.168 E-.04302
G1 X121 Y94.979 E-.19255
G1 X120.979 Y94.93 E-.01249
;WIPE_END
G1 E-.025
M205 X8 Y8
G1 X113.347 Y94.816 Z10.4 F7200
G1 X99.551 Y94.609 Z10.4
G1 Z10
G1 E5 F2400
M205 X10 Y10
;WIDTH:0.449999
G1 F2700
G1 X99.398 Y94.979 E.01328
G1 X99.398 Y126.398 E1.04224
G1 X98.602 Y126.398 E.0264
G1 X98.602 Y93.602 E1.0879
G1 X121.398 Y93.602 E.75618
G1 X121.398 Y126.398 E1.0879
G1 X120.602 Y126.398 E.0264
G1 X120.602 Y94.979 E1.04224
G1 X120.432 Y94.568 E.01474
G1 X120.021 Y94.398 E.01474
G1 X99.895 Y94.398 E.66763
G1 X99.568 Y94.568 E.01223
G1 X99.566 Y94.572 E.00014
M205 X8 Y8
G1 X99.845 Y94.845 F7200
M205 X10 Y10
;TYPE:Outer wall
;WIDTH:0.419999
G1 F2400
G1 X99.79 Y94.979 E.00443
G1 X99.79 Y126.79 E.97748
G1 X98.21 Y126.79 E.04855
G1 X98.21 Y93.21 E1.03182
G1 X121.79 Y93.21 E.72455
G1 X121.79 Y126.79 E1.03182
G1 X120.21 Y126.79 E.04855
G1 X120.21 Y94.979 E.97748
G1 X120.155 Y94.845 E.00443
G1 X120.021 Y94.79 E.00443
G1 X99.979 Y94.79 E.61586
G1 X99.882 Y94.83 E.0032
M73 P92 R1
G1 E-4.5 F2700
;WIPE_START
G1 F2400
G1 X99.79 Y94.979 E-.04154
G1 X99.79 Y96.804 E-.43346
;WIPE_END
G1 E-.025 F2700
M205 X8 Y8
G1 X107.394 Y96.149 Z10.4 F7200
G1 X121 Y94.979 Z10.4
G1 Z10
G1 E5 F2400
M205 X10 Y10
;TYPE:Inner wall
;WIDTH:0.431684
G1 F2700
G1 X121 Y126 E.98274
G1 E-4.5
;WIPE_START
G1 X121 Y124 E-.475
;WIPE_END
G1 E-.025
M205 X8 Y8
G1 X120.751 Y116.372 Z10.4 F7200
G1 X120.021 Y94 Z10.4
G1 Z10
G1 E5 F2400
M205 X10 Y10
G1 F2700
G1 X99.979 Y94 E.63495
;WIDTH:0.446512
G1 X99.808 Y94.007 E.00561
G1 E-4.5
;WIPE_START
G1 X99.979 Y94 E-.0405
G1 X101.808 Y94 E-.4345
;WIPE_END
G1 E-.025
M205 X8 Y8
G1 X99 Y94.979 Z10.4 F7200
G1 Z10
G1 E5 F2400
M205 X10 Y10
;WIDTH:0.431684
G1 F2700
G1 X99 Y126 E.98274
; stop printing object 07_DHT22_ventilated_clip.stl id:0 copy 0
G1 E-4.5
;WIPE_START
G1 X99 Y124 E-.475
;WIPE_END
G1 E-.025
;TIME_ELAPSED:1217.680420

;LAYER_CHANGE
;:10.2
;HEIGHT:0.2
;BEFORE_LAYER_CHANGE
;10.2
G92 E0

;_SET_FAN_SPEED_CHANGING_LAYER
; OBJECT_ID: 15
; printing object 07_DHT22_ventilated_clip.stl id:0 copy 0
M205 X8 Y8
G1 X99.263 Y94.372 Z10.4 F7200
G1 Z10.2
G1 E5 F2400
M205 X10 Y10
G1 F2700
G1 X99 Y94.979 E.02095
G1 X98.987 Y93.987 E.03142
;WIDTH:0.405192
G1 X99.168 Y93.987 E.00535
;WIDTH:0.446512
G1 X99.808 Y94.007 E.02107
G1 X99.296 Y94.296 E.01933
;WIDTH:0.431684
G1 X99.279 Y94.335 E.00135
G1 E-4.5
;WIPE_START
G1 X99 Y94.979 E-.16655
G1 X98.987 Y93.987 E-.23557
G1 X99.168 Y93.987 E-.04302
G1 X99.294 Y93.991 E-.02986
;WIPE_END
G1 E-.025
M205 X8 Y8
G1 X106.926 Y93.994 Z10.6 F7200
G1 X120.021 Y94 Z10.6
G1 Z10.2
G1 E5 F2400
M205 X10 Y10
G1 F2700
G1 X121.013 Y93.987 E.03142
;WIDTH:0.405193
G1 X121.013 Y94.168 E.00535
;WIDTH:0.431684
G1 X121 Y94.979 E.02568
G1 X120.704 Y94.296 E.02357
G1 X120.058 Y94.016 E.0223
G1 E-4.5
;WIPE_START
G1 X121.013 Y93.987 E-.22694
G1 X121.013 Y94.168 E-.04302
G1 X121 Y94.979 E-.19255
G1 X120.979 Y94.93 E-.01249
;WIPE_END
G1 E-.025
M205 X8 Y8
G1 X113.347 Y94.816 Z10.6 F7200
G1 X99.551 Y94.609 Z10.6
G1 Z10.2
G1 E5 F2400
M205 X10 Y10
;WIDTH:0.449999
G1 F2700
G1 X99.398 Y94.979 E.01328
G1 X99.398 Y126.398 E1.04224
G1 X98.602 Y126.398 E.0264
G1 X98.602 Y93.602 E1.0879
G1 X121.398 Y93.602 E.75618
G1 X121.398 Y126.398 E1.0879
G1 X120.602 Y126.398 E.0264
G1 X120.602 Y94.979 E1.04224
G1 X120.432 Y94.568 E.01474
G1 X120.021 Y94.398 E.01474
G1 X99.895 Y94.398 E.66763
G1 X99.568 Y94.568 E.01223
G1 X99.566 Y94.572 E.00014
M205 X8 Y8
G1 X99.845 Y94.845 F7200
M205 X10 Y10
;TYPE:Outer wall
;WIDTH:0.419999
G1 F2400
G1 X99.79 Y94.979 E.00443
G1 X99.79 Y126.79 E.97748
G1 X98.21 Y126.79 E.04855
M73 P93 R1
G1 X98.21 Y93.21 E1.03182
G1 X121.79 Y93.21 E.72455
G1 X121.79 Y126.79 E1.03182
G1 X120.21 Y126.79 E.04855
G1 X120.21 Y94.979 E.97748
G1 X120.155 Y94.845 E.00443
G1 X120.021 Y94.79 E.00443
G1 X99.979 Y94.79 E.61586
G1 X99.882 Y94.83 E.0032
G1 E-4.5 F2700
;WIPE_START
G1 F2400
G1 X99.79 Y94.979 E-.04154
G1 X99.79 Y96.804 E-.43346
;WIPE_END
G1 E-.025 F2700
M205 X8 Y8
G1 X107.394 Y96.149 Z10.6 F7200
G1 X121 Y94.979 Z10.6
G1 Z10.2
G1 E5 F2400
M205 X10 Y10
;TYPE:Inner wall
;WIDTH:0.431684
G1 F2700
G1 X121 Y126 E.98274
G1 E-4.5
;WIPE_START
G1 X121 Y124 E-.475
;WIPE_END
G1 E-.025
M205 X8 Y8
G1 X120.751 Y116.372 Z10.6 F7200
G1 X120.021 Y94 Z10.6
G1 Z10.2
G1 E5 F2400
M205 X10 Y10
G1 F2700
G1 X99.979 Y94 E.63495
;WIDTH:0.446512
G1 X99.808 Y94.007 E.00561
G1 E-4.5
;WIPE_START
G1 X99.979 Y94 E-.0405
G1 X101.808 Y94 E-.4345
;WIPE_END
G1 E-.025
M205 X8 Y8
G1 X99 Y94.979 Z10.6 F7200
G1 Z10.2
G1 E5 F2400
M205 X10 Y10
;WIDTH:0.431684
G1 F2700
G1 X99 Y126 E.98274
; stop printing object 07_DHT22_ventilated_clip.stl id:0 copy 0
G1 E-4.5
;WIPE_START
G1 X99 Y124 E-.475
;WIPE_END
G1 E-.025
;TIME_ELAPSED:1235.251099

;LAYER_CHANGE
;:10.4
;HEIGHT:0.2
;BEFORE_LAYER_CHANGE
;10.4
G92 E0

;_SET_FAN_SPEED_CHANGING_LAYER
; OBJECT_ID: 15
; printing object 07_DHT22_ventilated_clip.stl id:0 copy 0
M205 X8 Y8
G1 X99.263 Y94.372 Z10.6 F7200
G1 Z10.4
G1 E5 F2400
M205 X10 Y10
G1 F2700
G1 X99 Y94.979 E.02095
G1 X98.987 Y93.987 E.03142
;WIDTH:0.405192
G1 X99.168 Y93.987 E.00535
;WIDTH:0.446512
G1 X99.808 Y94.007 E.02107
G1 X99.296 Y94.296 E.01933
;WIDTH:0.431684
G1 X99.279 Y94.335 E.00135
G1 E-4.5
;WIPE_START
G1 X99 Y94.979 E-.16655
G1 X98.987 Y93.987 E-.23557
G1 X99.168 Y93.987 E-.04302
G1 X99.294 Y93.991 E-.02986
;WIPE_END
G1 E-.025
M205 X8 Y8
G1 X106.926 Y93.994 Z10.8 F7200
G1 X120.021 Y94 Z10.8
G1 Z10.4
G1 E5 F2400
M205 X10 Y10
G1 F2700
G1 X121.013 Y93.987 E.03142
;WIDTH:0.405193
G1 X121.013 Y94.168 E.00535
;WIDTH:0.431684
G1 X121 Y94.979 E.02568
G1 X120.704 Y94.296 E.02357
G1 X120.058 Y94.016 E.0223
G1 E-4.5
;WIPE_START
G1 X121.013 Y93.987 E-.22694
G1 X121.013 Y94.168 E-.04302
G1 X121 Y94.979 E-.19255
G1 X120.979 Y94.93 E-.01249
;WIPE_END
G1 E-.025
M205 X8 Y8
G1 X113.347 Y94.816 Z10.8 F7200
G1 X99.551 Y94.609 Z10.8
G1 Z10.4
G1 E5 F2400
M205 X10 Y10
;WIDTH:0.449999
G1 F2700
M73 P94 R1
G1 X99.398 Y94.979 E.01328
G1 X99.398 Y126.398 E1.04224
G1 X98.602 Y126.398 E.0264
G1 X98.602 Y93.602 E1.0879
G1 X121.398 Y93.602 E.75618
G1 X121.398 Y126.398 E1.0879
G1 X120.602 Y126.398 E.0264
G1 X120.602 Y94.979 E1.04224
G1 X120.432 Y94.568 E.01474
G1 X120.021 Y94.398 E.01474
G1 X99.895 Y94.398 E.66763
G1 X99.568 Y94.568 E.01223
G1 X99.566 Y94.572 E.00014
M205 X8 Y8
G1 X99.845 Y94.845 F7200
M205 X10 Y10
;TYPE:Outer wall
;WIDTH:0.419999
G1 F2400
G1 X99.79 Y94.979 E.00443
G1 X99.79 Y126.79 E.97748
G1 X98.21 Y126.79 E.04855
G1 X98.21 Y93.21 E1.03182
G1 X121.79 Y93.21 E.72455
G1 X121.79 Y126.79 E1.03182
G1 X120.21 Y126.79 E.04855
G1 X120.21 Y94.979 E.97748
G1 X120.155 Y94.845 E.00443
G1 X120.021 Y94.79 E.00443
G1 X99.979 Y94.79 E.61586
G1 X99.882 Y94.83 E.0032
G1 E-4.5 F2700
;WIPE_START
G1 F2400
G1 X99.79 Y94.979 E-.04154
G1 X99.79 Y96.804 E-.43346
;WIPE_END
G1 E-.025 F2700
M205 X8 Y8
G1 X107.394 Y96.149 Z10.8 F7200
G1 X121 Y94.979 Z10.8
G1 Z10.4
G1 E5 F2400
M205 X10 Y10
;TYPE:Inner wall
;WIDTH:0.431684
G1 F2700
G1 X121 Y126 E.98274
G1 E-4.5
;WIPE_START
G1 X121 Y124 E-.475
;WIPE_END
G1 E-.025
M205 X8 Y8
G1 X120.751 Y116.372 Z10.8 F7200
G1 X120.021 Y94 Z10.8
G1 Z10.4
G1 E5 F2400
M205 X10 Y10
G1 F2700
G1 X99.979 Y94 E.63495
;WIDTH:0.446512
G1 X99.808 Y94.007 E.00561
G1 E-4.5
;WIPE_START
G1 X99.979 Y94 E-.0405
G1 X101.808 Y94 E-.4345
;WIPE_END
G1 E-.025
M205 X8 Y8
G1 X99 Y94.979 Z10.8 F7200
G1 Z10.4
G1 E5 F2400
M205 X10 Y10
;WIDTH:0.431684
G1 F2700
M73 P95 R1
G1 X99 Y126 E.98274
; stop printing object 07_DHT22_ventilated_clip.stl id:0 copy 0
G1 E-4.5
;WIPE_START
G1 X99 Y124 E-.475
;WIPE_END
G1 E-.025
;TIME_ELAPSED:1252.821777

;LAYER_CHANGE
;:10.6
;HEIGHT:0.200001
;BEFORE_LAYER_CHANGE
;10.6
G92 E0

;_SET_FAN_SPEED_CHANGING_LAYER
; OBJECT_ID: 15
; printing object 07_DHT22_ventilated_clip.stl id:0 copy 0
M205 X8 Y8
G1 X99.263 Y94.372 Z10.8 F7200
G1 Z10.6
G1 E5 F2400
M205 X10 Y10
G1 F2700
G1 X99 Y94.979 E.02095
G1 X98.987 Y93.987 E.03142
;WIDTH:0.405192
G1 X99.168 Y93.987 E.00535
;WIDTH:0.446512
G1 X99.808 Y94.007 E.02107
G1 X99.296 Y94.296 E.01933
;WIDTH:0.431684
G1 X99.279 Y94.335 E.00135
G1 E-4.5
;WIPE_START
G1 X99 Y94.979 E-.16655
G1 X98.987 Y93.987 E-.23557
G1 X99.168 Y93.987 E-.04302
G1 X99.294 Y93.991 E-.02986
;WIPE_END
G1 E-.025
M205 X8 Y8
G1 X106.926 Y93.994 Z11 F7200
G1 X120.021 Y94 Z11
G1 Z10.6
G1 E5 F2400
M205 X10 Y10
G1 F2700
G1 X121.013 Y93.987 E.03142
;WIDTH:0.405193
G1 X121.013 Y94.168 E.00535
;WIDTH:0.431684
G1 X121 Y94.979 E.02568
G1 X120.704 Y94.296 E.02357
G1 X120.058 Y94.016 E.0223
G1 E-4.5
;WIPE_START
G1 X121.013 Y93.987 E-.22694
G1 X121.013 Y94.168 E-.04302
G1 X121 Y94.979 E-.19255
G1 X120.979 Y94.93 E-.01249
;WIPE_END
G1 E-.025
M205 X8 Y8
G1 X113.347 Y94.816 Z11 F7200
G1 X99.551 Y94.609 Z11
G1 Z10.6
G1 E5 F2400
M205 X10 Y10
;WIDTH:0.449999
G1 F2700
G1 X99.398 Y94.979 E.01328
G1 X99.398 Y126.398 E1.04224
G1 X98.602 Y126.398 E.0264
G1 X98.602 Y93.602 E1.0879
G1 X121.398 Y93.602 E.75618
G1 X121.398 Y126.398 E1.0879
M73 P95 R0
G1 X120.602 Y126.398 E.0264
G1 X120.602 Y94.979 E1.04224
G1 X120.432 Y94.568 E.01474
G1 X120.021 Y94.398 E.01474
G1 X99.895 Y94.398 E.66763
G1 X99.568 Y94.568 E.01223
G1 X99.566 Y94.572 E.00014
M205 X8 Y8
G1 X99.845 Y94.845 F7200
M205 X10 Y10
;TYPE:Outer wall
;WIDTH:0.419999
G1 F2400
G1 X99.79 Y94.979 E.00443
G1 X99.79 Y126.79 E.97748
G1 X98.21 Y126.79 E.04855
G1 X98.21 Y93.21 E1.03182
G1 X121.79 Y93.21 E.72455
G1 X121.79 Y126.79 E1.03182
G1 X120.21 Y126.79 E.04855
G1 X120.21 Y94.979 E.97748
G1 X120.155 Y94.845 E.00443
G1 X120.021 Y94.79 E.00443
G1 X99.979 Y94.79 E.61586
G1 X99.882 Y94.83 E.0032
M73 P96 R0
G1 E-4.5 F2700
;WIPE_START
G1 F2400
G1 X99.79 Y94.979 E-.04154
G1 X99.79 Y96.804 E-.43346
;WIPE_END
G1 E-.025 F2700
M205 X8 Y8
G1 X107.394 Y96.149 Z11 F7200
G1 X121 Y94.979 Z11
G1 Z10.6
G1 E5 F2400
M205 X10 Y10
;TYPE:Inner wall
;WIDTH:0.431684
G1 F2700
G1 X121 Y126 E.98274
G1 E-4.5
;WIPE_START
G1 X121 Y124 E-.475
;WIPE_END
G1 E-.025
M205 X8 Y8
G1 X120.751 Y116.372 Z11 F7200
G1 X120.021 Y94 Z11
G1 Z10.6
G1 E5 F2400
M205 X10 Y10
G1 F2700
G1 X99.979 Y94 E.63495
;WIDTH:0.446512
G1 X99.808 Y94.007 E.00561
G1 E-4.5
;WIPE_START
G1 X99.979 Y94 E-.0405
G1 X101.808 Y94 E-.4345
;WIPE_END
G1 E-.025
M205 X8 Y8
G1 X99 Y94.979 Z11 F7200
G1 Z10.6
G1 E5 F2400
M205 X10 Y10
;WIDTH:0.431684
G1 F2700
G1 X99 Y126 E.98274
; stop printing object 07_DHT22_ventilated_clip.stl id:0 copy 0
G1 E-4.5
;WIPE_START
G1 X99 Y124 E-.475
;WIPE_END
G1 E-.025
;TIME_ELAPSED:1270.392456

;LAYER_CHANGE
;:10.8
;HEIGHT:0.2
;BEFORE_LAYER_CHANGE
;10.8
G92 E0

;_SET_FAN_SPEED_CHANGING_LAYER
; OBJECT_ID: 15
; printing object 07_DHT22_ventilated_clip.stl id:0 copy 0
M205 X8 Y8
G1 X99.263 Y94.372 Z11 F7200
G1 Z10.8
G1 E5 F2400
M205 X10 Y10
G1 F2700
G1 X99 Y94.979 E.02095
G1 X98.987 Y93.987 E.03142
;WIDTH:0.405192
G1 X99.168 Y93.987 E.00535
;WIDTH:0.446512
G1 X99.808 Y94.007 E.02107
G1 X99.296 Y94.296 E.01933
;WIDTH:0.431684
G1 X99.279 Y94.335 E.00135
G1 E-4.5
;WIPE_START
G1 X99 Y94.979 E-.16655
G1 X98.987 Y93.987 E-.23557
G1 X99.168 Y93.987 E-.04302
G1 X99.294 Y93.991 E-.02986
;WIPE_END
G1 E-.025
M205 X8 Y8
G1 X106.926 Y93.994 Z11.2 F7200
G1 X120.021 Y94 Z11.2
G1 Z10.8
G1 E5 F2400
M205 X10 Y10
G1 F2700
G1 X121.013 Y93.987 E.03142
;WIDTH:0.405193
G1 X121.013 Y94.168 E.00535
;WIDTH:0.431684
G1 X121 Y94.979 E.02568
G1 X120.704 Y94.296 E.02357
G1 X120.058 Y94.016 E.0223
G1 E-4.5
;WIPE_START
G1 X121.013 Y93.987 E-.22694
G1 X121.013 Y94.168 E-.04302
G1 X121 Y94.979 E-.19255
G1 X120.979 Y94.93 E-.01249
;WIPE_END
G1 E-.025
M205 X8 Y8
G1 X113.347 Y94.816 Z11.2 F7200
G1 X99.551 Y94.609 Z11.2
G1 Z10.8
G1 E5 F2400
M205 X10 Y10
;WIDTH:0.449999
G1 F2700
G1 X99.398 Y94.979 E.01328
G1 X99.398 Y126.398 E1.04224
G1 X98.602 Y126.398 E.0264
G1 X98.602 Y93.602 E1.0879
G1 X121.398 Y93.602 E.75618
G1 X121.398 Y126.398 E1.0879
G1 X120.602 Y126.398 E.0264
G1 X120.602 Y94.979 E1.04224
G1 X120.432 Y94.568 E.01474
G1 X120.021 Y94.398 E.01474
G1 X99.895 Y94.398 E.66763
G1 X99.568 Y94.568 E.01223
G1 X99.566 Y94.572 E.00014
M205 X8 Y8
G1 X99.845 Y94.845 F7200
M205 X10 Y10
;TYPE:Outer wall
;WIDTH:0.419999
G1 F2400
G1 X99.79 Y94.979 E.00443
G1 X99.79 Y126.79 E.97748
G1 X98.21 Y126.79 E.04855
M73 P97 R0
G1 X98.21 Y93.21 E1.03182
G1 X121.79 Y93.21 E.72455
G1 X121.79 Y126.79 E1.03182
G1 X120.21 Y126.79 E.04855
G1 X120.21 Y94.979 E.97748
G1 X120.155 Y94.845 E.00443
G1 X120.021 Y94.79 E.00443
G1 X99.979 Y94.79 E.61586
G1 X99.882 Y94.83 E.0032
G1 E-4.5 F2700
;WIPE_START
G1 F2400
G1 X99.79 Y94.979 E-.04154
G1 X99.79 Y96.804 E-.43346
;WIPE_END
G1 E-.025 F2700
M205 X8 Y8
G1 X107.394 Y96.149 Z11.2 F7200
G1 X121 Y94.979 Z11.2
G1 Z10.8
G1 E5 F2400
M205 X10 Y10
;TYPE:Inner wall
;WIDTH:0.431684
G1 F2700
G1 X121 Y126 E.98274
G1 E-4.5
;WIPE_START
G1 X121 Y124 E-.475
;WIPE_END
G1 E-.025
M205 X8 Y8
G1 X120.751 Y116.372 Z11.2 F7200
G1 X120.021 Y94 Z11.2
G1 Z10.8
G1 E5 F2400
M205 X10 Y10
G1 F2700
G1 X99.979 Y94 E.63495
;WIDTH:0.446512
G1 X99.808 Y94.007 E.00561
G1 E-4.5
;WIPE_START
G1 X99.979 Y94 E-.0405
G1 X101.808 Y94 E-.4345
;WIPE_END
G1 E-.025
M205 X8 Y8
G1 X99 Y94.979 Z11.2 F7200
G1 Z10.8
G1 E5 F2400
M205 X10 Y10
;WIDTH:0.431684
G1 F2700
G1 X99 Y126 E.98274
; stop printing object 07_DHT22_ventilated_clip.stl id:0 copy 0
G1 E-4.5
;WIPE_START
G1 X99 Y124 E-.475
;WIPE_END
G1 E-.025
;TIME_ELAPSED:1287.963135

;LAYER_CHANGE
;:11
;HEIGHT:0.2
;BEFORE_LAYER_CHANGE
;11
G92 E0

;_SET_FAN_SPEED_CHANGING_LAYER
; OBJECT_ID: 15
; printing object 07_DHT22_ventilated_clip.stl id:0 copy 0
M205 X8 Y8
G1 X99.845 Y94.845 Z11.2 F7200
G1 Z11
G1 E5 F2400
M205 X10 Y10
;TYPE:Outer wall
;WIDTH:0.419999
G1 X99.79 Y94.979 E.00443
G1 X99.79 Y126.79 E.97748
G1 X98.21 Y126.79 E.04855
G1 X98.21 Y93.21 E1.03182
G1 X121.79 Y93.21 E.72455
G1 X121.79 Y126.79 E1.03182
G1 X120.21 Y126.79 E.04855
M73 P98 R0
G1 X120.21 Y94.979 E.97748
G1 X120.155 Y94.845 E.00443
G1 X120.021 Y94.79 E.00443
G1 X99.979 Y94.79 E.61586
G1 X99.882 Y94.83 E.0032
G1 E-4.5 F2700
;WIPE_START
G1 F2400
G1 X99.79 Y94.979 E-.04154
G1 X99.79 Y96.804 E-.43346
;WIPE_END
G1 E-.025 F2700
M205 X8 Y8
G1 X120.911 Y93.323 Z11.4 F7200
G1 Z11
G1 E5 F2400
M205 X10 Y10
;TYPE:Top surface
;WIDTH:0.421708
G1 X121.507 Y93.919 E.02603
G1 X121.507 Y94.455 E.01653
G1 X120.545 Y93.493 E.042
G1 X120.009 Y93.493 E.01653
G1 X121.507 Y94.991 E.06539
G1 X121.507 Y95.526 E.01653
G1 X119.474 Y93.493 E.08877
G1 X118.938 Y93.493 E.01653
G1 X119.952 Y94.507 E.04428
G1 X120.04 Y94.507 E.00271
G1 X120.36 Y94.64 E.01069
G1 X120.493 Y94.96 E.01069
G1 X120.493 Y95.048 E.00271
G1 X121.507 Y96.062 E.04428
G1 X121.507 Y96.598 E.01653
G1 X120.493 Y95.583 E.04428
G1 X120.493 Y96.119 E.01653
G1 X121.507 Y97.133 E.04428
G1 X121.507 Y97.669 E.01653
G1 X120.493 Y96.655 E.04428
G1 X120.493 Y97.19 E.01653
G1 X121.507 Y98.205 E.04428
G1 X121.507 Y98.741 E.01653
G1 X120.493 Y97.726 E.04428
G1 X120.493 Y98.262 E.01653
G1 X121.507 Y99.276 E.04428
G1 X121.507 Y99.812 E.01653
G1 X120.493 Y98.797 E.04428
G1 X120.493 Y99.333 E.01653
G1 X121.507 Y100.348 E.04428
G1 X121.507 Y100.883 E.01653
G1 X120.493 Y99.869 E.04428
G1 X120.493 Y100.405 E.01653
G1 X121.507 Y101.419 E.04428
G1 X121.507 Y101.955 E.01653
G1 X120.493 Y100.94 E.04428
G1 X120.493 Y101.476 E.01653
G1 X121.507 Y102.49 E.04428
G1 X121.507 Y103.026 E.01653
G1 X120.493 Y102.012 E.04428
G1 X120.493 Y102.547 E.01653
G1 X121.507 Y103.562 E.04428
G1 X121.507 Y104.097 E.01653
G1 X120.493 Y103.083 E.04428
G1 X120.493 Y103.619 E.01653
G1 X121.507 Y104.633 E.04428
G1 X121.507 Y105.169 E.01653
G1 X120.493 Y104.154 E.04428
G1 X120.493 Y104.69 E.01653
G1 X121.507 Y105.704 E.04428
G1 X121.507 Y106.24 E.01653
G1 X120.493 Y105.226 E.04428
G1 X120.493 Y105.761 E.01653
G1 X121.507 Y106.776 E.04428
G1 X121.507 Y107.311 E.01653
G1 X120.493 Y106.297 E.04428
G1 X120.493 Y106.833 E.01653
G1 X121.507 Y107.847 E.04428
G1 X121.507 Y108.383 E.01653
G1 X120.493 Y107.368 E.04428
G1 X120.493 Y107.904 E.01653
G1 X121.507 Y108.919 E.04428
G1 X121.507 Y109.454 E.01653
G1 X120.493 Y108.44 E.04428
G1 X120.493 Y108.976 E.01653
G1 X121.507 Y109.99 E.04428
G1 X121.507 Y110.526 E.01653
G1 X120.493 Y109.511 E.04428
G1 X120.493 Y110.047 E.01653
G1 X121.507 Y111.061 E.04428
G1 X121.507 Y111.597 E.01653
G1 X120.493 Y110.583 E.04428
G1 X120.493 Y111.118 E.01653
G1 X121.507 Y112.133 E.04428
G1 X121.507 Y112.668 E.01653
G1 X120.493 Y111.654 E.04428
G1 X120.493 Y112.19 E.01653
G1 X121.507 Y113.204 E.04428
G1 X121.507 Y113.74 E.01653
G1 X120.493 Y112.725 E.04428
G1 X120.493 Y113.261 E.01653
G1 X121.507 Y114.275 E.04428
G1 X121.507 Y114.811 E.01653
G1 X120.493 Y113.797 E.04428
G1 X120.493 Y114.332 E.01653
G1 X121.507 Y115.347 E.04428
G1 X121.507 Y115.882 E.01653
G1 X120.493 Y114.868 E.04428
G1 X120.493 Y115.404 E.01653
G1 X121.507 Y116.418 E.04428
G1 X121.507 Y116.954 E.01653
G1 X120.493 Y115.939 E.04428
G1 X120.493 Y116.475 E.01653
G1 X121.507 Y117.49 E.04428
G1 X121.507 Y118.025 E.01653
G1 X120.493 Y117.011 E.04428
G1 X120.493 Y117.547 E.01653
G1 X121.507 Y118.561 E.04428
G1 X121.507 Y119.097 E.01653
G1 X120.493 Y118.082 E.04428
G1 X120.493 Y118.618 E.01653
G1 X121.507 Y119.632 E.04428
G1 X121.507 Y120.168 E.01653
G1 X120.493 Y119.154 E.04428
G1 X120.493 Y119.689 E.01653
G1 X121.507 Y120.704 E.04428
G1 X121.507 Y121.239 E.01653
G1 X120.493 Y120.225 E.04428
G1 X120.493 Y120.761 E.01653
G1 X121.507 Y121.775 E.04428
G1 X121.507 Y122.311 E.01653
G1 X120.493 Y121.296 E.04428
G1 X120.493 Y121.832 E.01653
G1 X121.507 Y122.846 E.04428
G1 X121.507 Y123.382 E.01653
G1 X120.493 Y122.368 E.04428
G1 X120.493 Y122.903 E.01653
G1 X121.507 Y123.918 E.04428
G1 X121.507 Y124.453 E.01653
G1 X120.493 Y123.439 E.04428
G1 X120.493 Y123.975 E.01653
G1 X121.507 Y124.989 E.04428
G1 X121.507 Y125.525 E.01653
G1 X120.493 Y124.51 E.04428
G1 X120.493 Y125.046 E.01653
G1 X121.507 Y126.061 E.04428
G1 X121.507 Y126.507 E.01379
G1 X121.418 Y126.507 E.00275
G1 X120.493 Y125.582 E.04039
G1 X120.493 Y126.118 E.01653
G1 X121.052 Y126.677 E.02442
G1 E-4.5 F2700
;WIPE_START
G1 F2400
G1 X120.493 Y126.118 E-.18788
G1 X120.493 Y125.582 E-.12723
G1 X120.969 Y126.058 E-.15989
;WIPE_END
G1 E-.025 F2700
M205 X8 Y8
G1 X120.633 Y118.433 Z11.4 F7200
G1 X119.586 Y94.677 Z11.4
G1 Z11
G1 E5 F2400
M205 X10 Y10
G1 X118.402 Y93.493 E.05169
G1 X117.867 Y93.493 E.01653
G1 X118.881 Y94.507 E.04428
G1 X118.345 Y94.507 E.01653
G1 X117.331 Y93.493 E.04428
G1 X116.795 Y93.493 E.01653
G1 X117.81 Y94.507 E.04428
G1 X117.274 Y94.507 E.01653
G1 X116.259 Y93.493 E.04428
G1 X115.724 Y93.493 E.01653
G1 X116.738 Y94.507 E.04428
G1 X116.203 Y94.507 E.01653
G1 X115.188 Y93.493 E.04428
G1 X114.652 Y93.493 E.01653
G1 X115.667 Y94.507 E.04428
G1 X115.131 Y94.507 E.01653
G1 X114.117 Y93.493 E.04428
G1 X113.581 Y93.493 E.01653
G1 X114.595 Y94.507 E.04428
G1 X114.06 Y94.507 E.01653
G1 X113.045 Y93.493 E.04428
G1 X112.51 Y93.493 E.01653
G1 X113.524 Y94.507 E.04428
G1 X112.988 Y94.507 E.01653
G1 X111.974 Y93.493 E.04428
G1 X111.438 Y93.493 E.01653
G1 X112.453 Y94.507 E.04428
G1 X111.917 Y94.507 E.01653
G1 X110.903 Y93.493 E.04428
G1 X110.367 Y93.493 E.01653
G1 X111.381 Y94.507 E.04428
G1 X110.846 Y94.507 E.01653
G1 X109.831 Y93.493 E.04428
G1 X109.296 Y93.493 E.01653
G1 X110.31 Y94.507 E.04428
G1 X109.774 Y94.507 E.01653
G1 X108.76 Y93.493 E.04428
G1 X108.224 Y93.493 E.01653
G1 X109.239 Y94.507 E.04428
G1 X108.703 Y94.507 E.01653
G1 X107.689 Y93.493 E.04428
G1 X107.153 Y93.493 E.01653
G1 X108.167 Y94.507 E.04428
G1 X107.632 Y94.507 E.01653
M73 P99 R0
G1 X106.617 Y93.493 E.04428
G1 X106.081 Y93.493 E.01653
G1 X107.096 Y94.507 E.04428
G1 X106.56 Y94.507 E.01653
G1 X105.546 Y93.493 E.04428
G1 X105.01 Y93.493 E.01653
G1 X106.024 Y94.507 E.04428
G1 X105.489 Y94.507 E.01653
G1 X104.474 Y93.493 E.04428
G1 X103.939 Y93.493 E.01653
G1 X104.953 Y94.507 E.04428
G1 X104.417 Y94.507 E.01653
G1 X103.403 Y93.493 E.04428
G1 X102.867 Y93.493 E.01653
G1 X103.882 Y94.507 E.04428
G1 X103.346 Y94.507 E.01653
G1 X102.332 Y93.493 E.04428
G1 X101.796 Y93.493 E.01653
G1 X102.81 Y94.507 E.04428
G1 X102.275 Y94.507 E.01653
G1 X101.26 Y93.493 E.04428
G1 X100.725 Y93.493 E.01653
G1 X101.739 Y94.507 E.04428
G1 X101.203 Y94.507 E.01653
G1 X100.189 Y93.493 E.04428
G1 X99.653 Y93.493 E.01653
G1 X100.668 Y94.507 E.04428
G1 X100.132 Y94.507 E.01653
G1 X99.118 Y93.493 E.04428
G1 X98.582 Y93.493 E.01653
G1 X99.701 Y94.612 E.04884
G1 X99.638 Y94.644 E.00218
G1 X99.509 Y94.956 E.01041
G1 X98.493 Y93.939 E.04436
G1 X98.493 Y94.475 E.01653
G1 X99.507 Y95.49 E.04428
G1 X99.507 Y96.025 E.01653
G1 X98.493 Y95.011 E.04428
G1 X98.493 Y95.547 E.01653
G1 X99.507 Y96.561 E.04428
G1 X99.507 Y97.097 E.01653
G1 X98.493 Y96.082 E.04428
G1 X98.493 Y96.618 E.01653
G1 X99.507 Y97.632 E.04428
G1 X99.507 Y98.168 E.01653
G1 X98.493 Y97.154 E.04428
G1 X98.493 Y97.689 E.01653
G1 X99.507 Y98.704 E.04428
G1 X99.507 Y99.239 E.01653
G1 X98.493 Y98.225 E.04428
G1 X98.493 Y98.761 E.01653
G1 X99.507 Y99.775 E.04428
G1 X99.507 Y100.311 E.01653
G1 X98.493 Y99.296 E.04428
G1 X98.493 Y99.832 E.01653
G1 X99.507 Y100.846 E.04428
G1 X99.507 Y101.382 E.01653
G1 X98.493 Y100.368 E.04428
G1 X98.493 Y100.903 E.01653
G1 X99.507 Y101.918 E.04428
G1 X99.507 Y102.453 E.01653
G1 X98.493 Y101.439 E.04428
G1 X98.493 Y101.975 E.01653
G1 X99.507 Y102.989 E.04428
G1 X99.507 Y103.525 E.01653
G1 X98.493 Y102.51 E.04428
G1 X98.493 Y103.046 E.01653
G1 X99.507 Y104.061 E.04428
G1 X99.507 Y104.596 E.01653
G1 X98.493 Y103.582 E.04428
G1 X98.493 Y104.118 E.01653
G1 X99.507 Y105.132 E.04428
G1 X99.507 Y105.668 E.01653
G1 X98.493 Y104.653 E.04428
G1 X98.493 Y105.189 E.01653
G1 X99.507 Y106.203 E.04428
G1 X99.507 Y106.739 E.01653
G1 X98.493 Y105.725 E.04428
G1 X98.493 Y106.26 E.01653
G1 X99.507 Y107.275 E.04428
G1 X99.507 Y107.81 E.01653
G1 X98.493 Y106.796 E.04428
G1 X98.493 Y107.332 E.01653
G1 X99.507 Y108.346 E.04428
G1 X99.507 Y108.882 E.01653
G1 X98.493 Y107.867 E.04428
G1 X98.493 Y108.403 E.01653
G1 X99.507 Y109.417 E.04428
G1 X99.507 Y109.953 E.01653
G1 X98.493 Y108.939 E.04428
G1 X98.493 Y109.474 E.01653
G1 X99.507 Y110.489 E.04428
G1 X99.507 Y111.024 E.01653
G1 X98.493 Y110.01 E.04428
G1 X98.493 Y110.546 E.01653
G1 X99.507 Y111.56 E.04428
G1 X99.507 Y112.096 E.01653
G1 X98.493 Y111.081 E.04428
G1 X98.493 Y111.617 E.01653
G1 X99.507 Y112.632 E.04428
G1 X99.507 Y113.167 E.01653
G1 X98.493 Y112.153 E.04428
G1 X98.493 Y112.689 E.01653
G1 X99.507 Y113.703 E.04428
G1 X99.507 Y114.239 E.01653
G1 X98.493 Y113.224 E.04428
G1 X98.493 Y113.76 E.01653
G1 X99.507 Y114.774 E.04428
G1 X99.507 Y115.31 E.01653
G1 X98.493 Y114.296 E.04428
G1 X98.493 Y114.831 E.01653
G1 X99.507 Y115.846 E.04428
G1 X99.507 Y116.381 E.01653
G1 X98.493 Y115.367 E.04428
G1 X98.493 Y115.903 E.01653
G1 X99.507 Y116.917 E.04428
G1 X99.507 Y117.453 E.01653
G1 X98.493 Y116.438 E.04428
G1 X98.493 Y116.974 E.01653
G1 X99.507 Y117.988 E.04428
G1 X99.507 Y118.524 E.01653
G1 X98.493 Y117.51 E.04428
G1 X98.493 Y118.045 E.01653
G1 X99.507 Y119.06 E.04428
G1 X99.507 Y119.595 E.01653
G1 X98.493 Y118.581 E.04428
G1 X98.493 Y119.117 E.01653
G1 X99.507 Y120.131 E.04428
G1 X99.507 Y120.667 E.01653
G1 X98.493 Y119.652 E.04428
G1 X98.493 Y120.188 E.01653
G1 X99.507 Y121.203 E.04428
G1 X99.507 Y121.738 E.01653
G1 X98.493 Y120.724 E.04428
G1 X98.493 Y121.26 E.01653
G1 X99.507 Y122.274 E.04428
G1 X99.507 Y122.81 E.01653
G1 X98.493 Y121.795 E.04428
G1 X98.493 Y122.331 E.01653
G1 X99.507 Y123.345 E.04428
G1 X99.507 Y123.881 E.01653
G1 X98.493 Y122.867 E.04428
G1 X98.493 Y123.402 E.01653
G1 X99.507 Y124.417 E.04428
G1 X99.507 Y124.952 E.01653
G1 X98.493 Y123.938 E.04428
G1 X98.493 Y124.474 E.01653
G1 X99.507 Y125.488 E.04428
G1 X99.507 Y126.024 E.01653
G1 X98.493 Y125.009 E.04428
G1 X98.493 Y125.545 E.01653
G1 X99.455 Y126.507 E.042
G1 X98.919 Y126.507 E.01653
G1 X98.323 Y125.911 E.02603
; stop printing object 07_DHT22_ventilated_clip.stl id:0 copy 0
;TIME_ELAPSED:1312.354736

G1 E-4.5 F2700
;WIPE_START
G1 F2400
G1 X98.919 Y126.507 E-.20025
G1 X99.455 Y126.507 E-.12723
G1 X99.016 Y126.068 E-.14752
;WIPE_END
G1 E-.025 F2700
M106 S0
;TYPE:Custom
;filament end gcode
G91 ;Relative positionning
G1 E-2 F2700 ;Retract a bit 
G1 E-2 Z1 F2400 ;Retract and raise Z 
G1 X5 Y5 F3000 ;Wipe out 
G1 Z10 ;Raise Z more 
G90 ;Absolute positionning  
G1 X0 Y0 ;Present print 
M106 S0 ;Turn-off fan 
M104 S0 ;Turn-off hotend 
M140 S0 ;Turn-off bed  
M84 X Y E ;Disable all steppers but Z 
M73 P100 R0
;TIME_ELAPSED:1312.354745

; EXECUTABLE_BLOCK_END

; filament used [mm] = 1277.63
; filament used [cm3] = 3.07
; filament used [g] = 3.81
; filament cost = 0.08
; total filament cost = 0.08
; total layers count = 55
; estimated printing time (normal mode) = 21m 57s

; CONFIG_BLOCK_START
; accel_to_decel_enable = 1
; accel_to_decel_factor = 50%
; acceleration_limit_mess = [[0.5,1.0,100,6000,210],[1.0,1.5,80,5500,200],[1.5,2.0,60,5000,190]]
; acceleration_limit_mess_enable = 0
; activate_air_filtration = 0
; activate_chamber_layer = 1
; activate_chamber_temp_control = 0
; adaptive_bed_mesh_margin = 0
; additional_cooling_fan_speed = 80
; ai_infill = 0
; align_infill_direction_to_model = 0
; alternate_extra_wall = 0
; arc_tolerance = 12
; automatic_extrusion_widths = 0
; auxiliary_fan = 0
; bbl_calib_mark_logo = 1
; bbl_use_printhost = 0
; bed_custom_model = 
; bed_custom_texture = 
; bed_exclude_area = 0x0
; bed_mesh_max = 99999,99999
; bed_mesh_min = -99999,-99999
; bed_mesh_probe_distance = 50,50
; bed_temperature_mode = use_first_material
; before_layer_change_gcode = ;BEFORE_LAYER_CHANGE\n;[layer_z]\nG92 E0\n
; belt_Z_offset = 0
; best_object_pos = 0.5,0.5
; bottom_shell_layers = 4
; bottom_shell_thickness = 0
; bottom_solid_infill_flow_ratio = 1
; bottom_surface_pattern = monotonic
; bridge_acceleration = 50%
; bridge_angle = 0
; bridge_density = 100%
; bridge_flow = 0.95
; bridge_no_support = 0
; bridge_speed = 50
; brim_ears_detection_length = 1
; brim_ears_max_angle = 125
; brim_object_gap = 0.2
; brim_type = auto_brim
; brim_width = 5
; chamber_temperature = 0
; change_extrusion_role_gcode = 
; change_filament_gcode = 
; close_fan_the_first_x_layers = 1
; color_bed_exclude_area = 
; complete_print_exhaust_fan_speed = 80
; cool_cds_fan_start_at_height = 0.5
; cool_plate_temp = 60
; cool_plate_temp_initial_layer = 60
; cool_special_cds_fan_speed = 100
; cooling_perimeter_transition_distance = 0
; cooling_slowdown_logic = uniform_cooling
; cooling_tube_length = 5
; cooling_tube_retraction = 91.5
; counterbore_hole_bridging = none
; creality_flush_time = 86
; curr_bed_type = Cool Plate
; customized_plate_temp = 60
; customized_plate_temp_initial_layer = 60
; default_acceleration = 500
; default_filament_colour = #F2754E
; default_filament_profile = "CR-PLA @Creality Ender-3 V2 0.4 nozzle"
; default_filament_type = PLA
; default_flush_multiplier = 1.3
; default_jerk = 10
; default_print_profile = 0.20mm Standard @Creality Ender-3 V2 0.4 nozzle
; deretraction_speed = 40
; detect_narrow_internal_solid_infill = 1
; detect_overhang_wall = 1
; detect_thin_wall = 1
; disable_m73 = 0
; dithering_local_z_mode = 0
; dithering_step_painted_zones_only = 0
; dithering_z_step_size = 0
; dont_filter_internal_bridges = disabled
; dont_slow_down_outer_wall = 0
; draft_shield = disabled
; during_print_exhaust_fan_speed = 60
; elefant_foot_compensation = 0.15
; elefant_foot_compensation_layers = 1
; embedding_wall_into_infill = 0
; emit_machine_limits_to_gcode = 1
; enable_arc_fitting = 0
; enable_filament_ramming = 0
; enable_long_retraction_when_cut = 0
; enable_overhang_bridge_fan = 1
; enable_overhang_speed = 1
; enable_pressure_advance = 0
; enable_prime_tower = 0
; enable_special_area_additional_cooling_fan = 0
; enable_support = 1
; enforce_support_layers = 0
; eng_plate_temp = 60
; eng_plate_temp_initial_layer = 60
; ensure_vertical_shell_thickness = ensure_all
; epoxy_resin_plate_temp = 0
; epoxy_resin_plate_temp_initial_layer = 0
; exclude_object = 0
; external_infill_margin = 0
; extra_loading_move = -2
; extra_perimeters_on_overhangs = 0
; extruder_clearance_height_to_lid = 250
; extruder_clearance_height_to_rod = 35
; extruder_clearance_radius = 60
; extruder_colour = #FCE94F
; extruder_offset = 0x0
; fan_cooling_layer_time = 100
; fan_kickstart = 0
; fan_max_speed = 100
; fan_min_speed = 100
; fan_speedup_overhangs = 1
; fan_speedup_time = 0
; filament_adhesiveness_category = 100
; filament_can_change = 1
; filament_colour = #F2754E
; filament_cooling_final_speed = 3.4
; filament_cooling_initial_speed = 2.2
; filament_cooling_moves = 4
; filament_cost = 20
; filament_density = 1.24
; filament_diameter = 1.75
; filament_end_gcode = ";filament end gcode"
; filament_flow_ratio = 0.98
; filament_ids = 04001
; filament_is_support = 0
; filament_load_time = 0
; filament_loading_speed = 28
; filament_loading_speed_start = 3
; filament_max_volumetric_speed = 10
; filament_minimal_purge_on_wipe_tower = 15
; filament_multitool_ramming = 0
; filament_multitool_ramming_flow = 10
; filament_multitool_ramming_volume = 10
; filament_notes = ""
; filament_ramming_parameters = "120 100 6.6 6.8 7.2 7.6 7.9 8.2 8.7 9.4 9.9 10.0| 0.05 6.6 0.45 6.8 0.95 7.8 1.45 8.3 1.95 9.7 2.45 10 2.95 7.6 3.45 7.6 3.95 7.6 4.45 7.6 4.95 7.6"
; filament_retraction_length = 5
; filament_retraction_minimum_travel = 1
; filament_retraction_speed = 45
; filament_settings_id = "CR-PLA @Creality Ender-3 V2 0.4 nozzle"
; filament_shrink = 100%
; filament_shrinkage_compensation_z = 100%
; filament_soluble = 0
; filament_stamping_distance = 0
; filament_stamping_loading_speed = 0
; filament_start_gcode = ";filament start gcode\n"
; filament_toolchange_delay = 0
; filament_type = PLA
; filament_unload_time = 0
; filament_unloading_speed = 90
; filament_unloading_speed_start = 100
; filament_vendor = Creality
; filename_format = {input_filename_base}_{filament_type[initial_tool]}_{print_time}.gcode
; fill_multiline = 1
; filter_out_gap_fill = 0
; first_layer_print_sequence = 0
; flush_box_first_clean_length = 90
; flush_box_need_clean_length = 70
; flush_box_need_clean_length_max = 100
; flush_into_infill = 0
; flush_into_objects = 0
; flush_into_skeleton = 0
; flush_into_support = 1
; flush_multiplier = 1
; flush_volumes_changed = 0
; flush_volumes_matrix = 0,280,280,280,280,0,280,280,280,280,0,280,280,280,280,0
; flush_volumes_vector = 140,140,140,140,140,140,140,140
; full_fan_speed_layer = 0
; fuzzy_skin = none
; fuzzy_skin_first_layer = 0
; fuzzy_skin_mode = displacement
; fuzzy_skin_noise_type = classic
; fuzzy_skin_octaves = 4
; fuzzy_skin_persistence = 0.5
; fuzzy_skin_point_distance = 0.8
; fuzzy_skin_scale = 1
; fuzzy_skin_thickness = 0.3
; gap_fill_target = everywhere
; gap_infill_speed = 40
; gcode_add_line_number = 0
; gcode_comments = 0
; gcode_flavor = marlin
; gcode_label_objects = 1
; has_scarf_joint_seam = 0
; head_wrap_detect_zone = 
; high_current_on_filament_swap = 0
; hole_to_polyhole = 0
; hole_to_polyhole_threshold = 0.01
; hole_to_polyhole_twisted = 1
; host_type = octoprint
; hot_plate_temp = 60
; hot_plate_temp_initial_layer = 60
; idle_temperature = 0
; ignore_inner_color = 0
; independent_support_layer_height = 1
; infill_anchor = 400%
; infill_anchor_max = 20
; infill_combination = 0
; infill_combination_max_layer_height = 100%
; infill_direction = 45
; infill_jerk = 10
; infill_lock_depth = 1
; infill_overhang_angle = 45
; infill_rotate_step = 0
; infill_shift_step = 0.4
; infill_wall_overlap = 30%
; inherits_group = ;;
; initial_layer_acceleration = 500
; initial_layer_infill_speed = 20
; initial_layer_jerk = 8
; initial_layer_line_width = 0.5
; initial_layer_min_bead_width = 85%
; initial_layer_print_height = 0.2
; initial_layer_speed = 15
; initial_layer_travel_acceleration = 0
; initial_layer_travel_speed = 50%
; inner_wall_acceleration = 500
; inner_wall_jerk = 10
; inner_wall_line_width = 0.45
; inner_wall_speed = 45
; interface_shells = 0
; interlocking_beam = 0
; interlocking_beam_layer_count = 2
; interlocking_beam_width = 0.8
; interlocking_boundary_avoidance = 2
; interlocking_depth = 2
; interlocking_orientation = 22.5
; internal_bridge_flow = 1
; internal_bridge_speed = 150%
; internal_solid_infill_acceleration = 100%
; internal_solid_infill_line_width = 0.45
; internal_solid_infill_pattern = monotonic
; internal_solid_infill_speed = 60
; ironing_angle = -1
; ironing_flow = 15%
; ironing_pattern = zig-zag
; ironing_spacing = 0.1
; ironing_speed = 20
; ironing_support_layer = 0
; ironing_type = no ironing
; is_infill_first = 0
; lateral_lattice_angle_1 = -45
; lateral_lattice_angle_2 = 45
; layer_change_gcode = 
; layer_height = 0.2
; line_width = 0.45
; locked_skeleton_infill_pattern = zig-zag2
; locked_skin_infill_pattern = cross-zag
; long_retractions_when_cut = 0
; machine_LED_light_exist = 0
; machine_end_gcode = G91 ;Relative positionning\nG1 E-2 F2700 ;Retract a bit \nG1 E-2 Z1 F2400 ;Retract and raise Z \nG1 X5 Y5 F3000 ;Wipe out \nG1 Z10 ;Raise Z more \nG90 ;Absolute positionning  \nG1 X0 Y0 ;Present print \nM106 S0 ;Turn-off fan \nM104 S0 ;Turn-off hotend \nM140 S0 ;Turn-off bed  \nM84 X Y E ;Disable all steppers but Z 
; machine_is_belt = 0
; machine_load_filament_time = 0
; machine_max_acceleration_e = 5000,5000
; machine_max_acceleration_extruding = 500,500
; machine_max_acceleration_retracting = 500,1000
; machine_max_acceleration_travel = 500,500
; machine_max_acceleration_x = 500,500
; machine_max_acceleration_y = 500,500
; machine_max_acceleration_z = 500,500
; machine_max_jerk_e = 5,5
; machine_max_jerk_x = 10,8
; machine_max_jerk_y = 10,8
; machine_max_jerk_z = 0.4,0.4
; machine_max_speed_e = 50,60
; machine_max_speed_x = 500,500
; machine_max_speed_y = 500,500
; machine_max_speed_z = 10,10
; machine_min_extruding_rate = 0,0
; machine_min_travel_rate = 0,0
; machine_pause_gcode = M25 ;pause print
; machine_platform_motion_enable = 0
; machine_ptc_exist = 0
; machine_start_gcode = M220 S100 ;Reset Feedrate\nM221 S100 ;Reset Flowrate\n\nM140 S[bed_temperature_initial_layer_single] ;Set final bed temp  \nG28 ;Home\nG92 E0 ;Reset Extruder\nG1 Z2.0 F3000 ;Move Z Axis up\nM104 S[nozzle_temperature_initial_layer] ;Set final nozzle temp  \nG1 X10.1 Y20 Z0.28 F5000.0 ;Move to start position\nM190 S[bed_temperature_initial_layer_single] ;Wait for bed temp to stabilize  \nM109 S[nozzle_temperature_initial_layer] ;Wait for nozzle temp to stabilize  \nG1 X10.1 Y145.0 Z0.28 F1500.0 E15 ;Draw the first line\nG1 X10.4 Y145.0 Z0.28 F5000.0 ;Move to side a little\nG1 X10.4 Y20 Z0.28 F1500.0 E30 ;Draw the second line\nG92 E0  ;Reset Extruder\nG1 E-1.0000 F1800 ;Retract a bit\nG1 Z2.0 F3000 ;Move Z Axis up\nG1 E0.0000 F1800
; machine_tool_change_time = 0
; machine_unload_filament_time = 0
; make_overhang_printable = 0
; make_overhang_printable_angle = 55
; make_overhang_printable_hole_size = 0
; manual_filament_change = 0
; material_flow_dependent_temperature = 0
; material_flow_temp_graph = [[3.0,210],[10.0,220],[12.0,230]]
; max_bridge_length = 10
; max_layer_height = 0.2
; max_travel_detour_distance = 0
; max_volumetric_extrusion_rate_slope = 0
; max_volumetric_extrusion_rate_slope_segment_length = 3
; min_bead_width = 85%
; min_feature_size = 25%
; min_layer_height = 0.08
; min_length_factor = 0.5
; min_skirt_length = 0
; min_width_top_surface = 300%
; minimum_sparse_infill_area = 10
; minimum_support_area = 5
; mixed_color_layer_height_a = 0
; mixed_color_layer_height_b = 0
; mixed_filament_advanced_dithering = 0
; mixed_filament_definitions = 
; mixed_filament_gradient_mode = 0
; mixed_filament_height_lower_bound = 0.04
; mixed_filament_height_upper_bound = 0.16
; mixed_filament_pointillism_line_gap = 0
; mixed_filament_pointillism_pixel_size = 0
; mixed_filament_surface_indentation = 0
; mmu_segmented_region_interlocking_depth = 0
; mmu_segmented_region_max_width = 0
; msao_recovery_enable = 0
; msao_safe_accel = 200
; msao_safe_velocity = 50
; multicolor_method = 0
; notes = 
; nozzle_diameter = 0.4
; nozzle_height = 2.5
; nozzle_hrc = 0
; nozzle_temperature = 205
; nozzle_temperature_initial_layer = 205
; nozzle_temperature_range_high = 240
; nozzle_temperature_range_low = 190
; nozzle_type = brass
; nozzle_volume = 0
; only_one_wall_first_layer = 0
; only_one_wall_top = 1
; ooze_prevention = 0
; other_layers_print_sequence = 0
; other_layers_print_sequence_nums = 0
; outer_wall_acceleration = 500
; outer_wall_jerk = 10
; outer_wall_line_width = 0.42
; outer_wall_speed = 40
; overhang_1_4_speed = 0
; overhang_2_4_speed = 30
; overhang_3_4_speed = 20
; overhang_4_4_speed = 10
; overhang_fan_speed = 100
; overhang_fan_threshold = 50%
; overhang_optimization = 0
; overhang_reverse = 0
; overhang_reverse_internal_only = 0
; overhang_reverse_threshold = 50%
; overhang_speed_classic = 0
; overhang_totally_speed = 10
; parking_pos_retraction = 92
; pellet_modded_printer = 0
; post_process = 
; precise_outer_wall = 0
; precise_z_height = 0
; preferred_orientation = 0
; preheat_steps = 1
; preheat_time = 30
; pressure_advance = 0.04
; prime_tower_brim_width = 3
; prime_tower_enable_framework = 0
; prime_tower_enhance_type = chamfer
; prime_tower_position_type = Middle Upper
; prime_tower_rib_wall = 1
; prime_tower_skip_points = 1
; prime_tower_width = 60
; prime_volume = 45
; print_compatible_printers = "Creality Ender-3 V2 0.4 nozzle"
; print_flow_ratio = 1
; print_order = default
; print_sequence = by layer
; print_settings_id = 0.20mm SmartSoil Low Material @Creality Ender-3 V2 0.4 nozzle
; printable_area = 0x0,220x0,220x220,0x220
; printable_height = 250
; printer_model = Creality Ender-3 V2
; printer_notes = 
; printer_settings_id = Creality Ender-3 V2 0.4 nozzle
; printer_structure = i3
; printer_technology = FFF
; printer_variant = 0.4
; printhost_authorization_type = key
; printhost_ssl_ignore_revoke = 0
; printing_by_object_gcode = 
; purge_in_prime_tower = 0
; raft_contact_distance = 0.1
; raft_expansion = 1.5
; raft_first_layer_density = 90%
; raft_first_layer_expansion = 2
; raft_layers = 0
; reduce_crossing_wall = 0
; reduce_fan_stop_start_freq = 1
; reduce_infill_retraction = 1
; required_nozzle_HRC = 0
; resolution = 0.012
; retract_before_wipe = 90%
; retract_length_toolchange = 0
; retract_lift_above = 0
; retract_lift_below = 0
; retract_lift_enforce = All Surfaces
; retract_restart_extra = 0
; retract_restart_extra_toolchange = 0
; retract_when_changing_layer = 1
; retraction_distances_when_cut = 18
; retraction_length = 5
; retraction_minimum_travel = 2
; retraction_speed = 50
; role_based_wipe_speed = 1
; rotate_solid_infill_direction = 1
; scan_first_layer = 0
; scarf_angle_threshold = 155
; scarf_joint_flow_ratio = 1
; scarf_joint_speed = 100%
; scarf_overhang_threshold = 40%
; seam_gap = 10%
; seam_position = aligned
; seam_slope_conditional = 0
; seam_slope_entire_loop = 0
; seam_slope_inner_walls = 0
; seam_slope_min_length = 20
; seam_slope_start_height = 0
; seam_slope_steps = 10
; seam_slope_type = none
; silent_mode = 0
; single_extruder_multi_material = 1
; single_extruder_multi_material_priming = 0
; skeleton_infill_density = 25%
; skeleton_infill_line_width = 100%
; skin_infill_density = 25%
; skin_infill_depth = 2
; skin_infill_line_width = 100%
; skirt_distance = 5
; skirt_height = 2
; skirt_loops = 2
; skirt_speed = 50
; skirt_type = combined
; slice_closing_radius = 0.049
; slicing_mode = regular
; slow_down_for_layer_cooling = 1
; slow_down_layer_time = 8
; slow_down_layers = 0
; slow_down_min_speed = 10
; slowdown_for_curled_perimeters = 0
; small_area_infill_flow_compensation = 0
; small_area_infill_flow_compensation_model = 0,0;"\n0.2,0.4444";"\n0.4,0.6145";"\n0.6,0.7059";"\n0.8,0.7619";"\n1.5,0.8571";"\n2,0.8889";"\n3,0.9231";"\n5,0.9520";"\n10,1"
; small_perimeter_speed = 40%
; small_perimeter_threshold = 0
; smart_cooling_zones = 0
; smooth_coefficient = 80
; smooth_speed_discontinuity_area = 0
; solid_infill_direction = 45
; solid_infill_filament = 0
; sparse_infill_acceleration = 100%
; sparse_infill_density = 10%
; sparse_infill_filament = 0
; sparse_infill_line_width = 0.45
; sparse_infill_pattern = gyroid
; sparse_infill_speed = 50
; speed_limit_to_height = [[100,150,100,6000,210],[150,200,80,5500,200],[200,250,60,5000,190]]
; speed_limit_to_height_enable = 0
; spiral_mode = 0
; spiral_mode_max_xy_smoothing = 200%
; spiral_mode_smooth = 0
; staggered_inner_seams = 0
; standby_temperature_delta = -5
; start_end_points = 30x-3,54x245
; support_air_filtration = 0
; support_angle = 0
; support_base_pattern = rectilinear
; support_base_pattern_spacing = 2.5
; support_base_pattern_tree = default
; support_bottom_interface_spacing = 0.5
; support_bottom_z_distance = 0.2
; support_chamber_temp_control = 0
; support_critical_regions_only = 0
; support_expansion = 0
; support_filament = 0
; support_interface_bottom_layers = 2
; support_interface_filament = 0
; support_interface_loop_pattern = 0
; support_interface_min_area = 0.25
; support_interface_not_for_body = 1
; support_interface_pattern = auto
; support_interface_spacing = 0.5
; support_interface_speed = 50
; support_interface_top_layers = 2
; support_ironing = 0
; support_ironing_flow = 10%
; support_ironing_pattern = zig-zag
; support_ironing_spacing = 0.2
; support_line_width = 0.42
; support_material_interface_fan_speed = -1
; support_multi_bed_types = 1
; support_object_first_layer_gap = 0.2
; support_object_xy_distance = 0.35
; support_on_build_plate_only = 1
; support_remove_small_overhang = 1
; support_speed = 50
; support_style = default
; support_threshold_angle = 30
; support_top_z_distance = 0.2
; support_type = normal(auto)
; support_xy_overrides_z = xy_overrides_z
; symmetric_infill_y_axis = 0
; temperature_vitrification = 60
; template_custom_gcode = 
; textured_plate_temp = 60
; textured_plate_temp_initial_layer = 60
; thick_bridges = 0
; thick_internal_bridges = 1
; thumbnails = 48x48/PNG, 300x300/PNG
; thumbnails_format = PNG
; time_cost = 0
; time_lapse_gcode = 
; timelapse_type = 0
; top_bottom_infill_wall_overlap = 25%
; top_shell_layers = 4
; top_shell_thickness = 0.8
; top_solid_infill_flow_ratio = 1
; top_surface_acceleration = 500
; top_surface_jerk = 10
; top_surface_line_width = 0.42
; top_surface_pattern = monotonic
; top_surface_speed = 40
; tpms_end_infill_density = 15%
; tpms_gradual_direction = gradualdir_x
; tpms_start_infill_density = 8%
; transmittance_matrix = 0.8,0.8,0.8,0.8,0.8,0.8,0.8,0.8,0.8,0.8,0.8,0.8,0.8,0.8,0.8,0.8
; travel_acceleration = 500
; travel_jerk = 8
; travel_short_distance_acceleration = 0
; travel_short_distance_threshold = 1.5
; travel_slope = 3
; travel_speed = 120
; travel_speed_z = 0
; tree_hybrid_cross_height = 0
; tree_support_adaptive_layer_height = 1
; tree_support_angle_slow = 25
; tree_support_auto_brim = 1
; tree_support_branch_angle = 45
; tree_support_branch_angle_organic = 40
; tree_support_branch_diameter = 2
; tree_support_branch_diameter_angle = 5
; tree_support_branch_diameter_double_wall = 3
; tree_support_branch_diameter_organic = 2
; tree_support_branch_distance = 5
; tree_support_branch_distance_organic = 1
; tree_support_brim_width = 3
; tree_support_organic_validate_repair = 0
; tree_support_tip_diameter = 0.8
; tree_support_top_rate = 30%
; tree_support_wall_count = 0
; tree_support_wall_count_tree = 0
; use_firmware_retraction = 0
; use_relative_e_distances = 1
; wall_direction = auto
; wall_distribution_count = 1
; wall_filament = 0
; wall_generator = arachne
; wall_loops = 3
; wall_sequence = inner wall/outer wall
; wall_transition_angle = 10
; wall_transition_filter_deviation = 25%
; wall_transition_length = 100%
; wipe = 1
; wipe_before_external_loop = 0
; wipe_distance = 2
; wipe_on_loops = 0
; wipe_speed = 80%
; wipe_tower_bridging = 10
; wipe_tower_cone_angle = 0
; wipe_tower_extra_flow = 100%
; wipe_tower_extra_spacing = 100%
; wipe_tower_filament = 0
; wipe_tower_max_purge_speed = 90
; wipe_tower_no_sparse_layers = 0
; wipe_tower_rotation_angle = 0
; wipe_tower_x = 0.000
; wipe_tower_y = 0.000
; wiping_volumes_extruders = 70,70,70,70,70,70,70,70,70,70
; xy_contour_compensation = 0
; xy_hole_compensation = 0
; z_direction_outwall_speed_continuous = 0
; z_hop = 0.4
; z_hop_types = Auto Lift
; z_offset = 0
; first_layer_bed_temperature = 60
; bed_shape = 0x0,220x0,220x220,0x220
; first_layer_temperature = 205
; first_layer_height = 0.200
; all_surface_with_shell = 1
; should_enable_preview_lod = 0
; CONFIG_BLOCK_END


; gcode_lines = 10505
