; HEADER_BLOCK_START
; generated by Creality_Print V7.2.1.5476 on 2026-09-19 at 14:40:58
; total layer number: 32
; filament_density: 1.24
; filament_diameter: 1.75
; max_z_height: 6.40
; creality_uuid: c0458a3a-3234-431a-b8a3-419ccf7539e7
; HEADER_BLOCK_END

; MINX = 56.00
; MINY = 79.00
; MINZ = 0.00
; MAXX = 164.00
; MAXY = 141.00
; MAXZ = 6.40

; multicolor_method = 0 
; external perimeters extrusion width = 0.42mm
; perimeters extrusion width = 0.45mm
; infill extrusion width = 0.45mm
; solid infill extrusion width = 0.45mm
; top infill extrusion width = 0.42mm
; support material extrusion width = 0.42mm
; first layer extrusion width = 0.50mm

; EXECUTABLE_BLOCK_START
M73 P0 R70
M201 X500 Y500 Z500 E5000
M203 X500 Y500 Z10 E50
M204 P500 R500 T500
M205 X10.00 Y10.00 Z0.40 E5.00 ; sets the jerk limits, mm/sec
; max_print_temp = 60,205
;TYPE:Custom
M220 S100 ;Reset Feedrate
M221 S100 ;Reset Flowrate

M140 S60 ;Set final bed temp  
G28 ;Home
G92 E0 ;Reset Extruder
G1 Z2.0 F3000 ;Move Z Axis up
M104 S205 ;Set final nozzle temp  
G1 X10.1 Y20 Z0.28 F5000.0 ;Move to start position
M190 S60 ;Wait for bed temp to stabilize  
M109 S205 ;Wait for nozzle temp to stabilize  
G1 X10.1 Y145.0 Z0.28 F1500.0 E15 ;Draw the first line
G1 X10.4 Y145.0 Z0.28 F5000.0 ;Move to side a little
G1 X10.4 Y20 Z0.28 F1500.0 E30 ;Draw the second line
G92 E0  ;Reset Extruder
G1 E-1.0000 F1800 ;Retract a bit
G1 Z2.0 F3000 ;Move Z Axis up
G1 E0.0000 F1800
G90
G21
M83 ; use relative distances for extrusion
;filament start gcode
G1 E-5 F2700
G1 Z.2 F3600
M106 S0
;LAYER_CHANGE
;:0.2
;HEIGHT:0.2
;BEFORE_LAYER_CHANGE
;0.2
G92 E0
;TIME_ELAPSED:70.968246
;_SET_FAN_SPEED_CHANGING_LAYER
M204 S500
M205 X8 Y8
G1 X53.343 Y73.716 Z.6 F3600
G1 Z.2
G1 E5 F2400
;TYPE:Skirt
;WIDTH:0.5
G1 F3000
G1 X56 Y73.086 E.1017
G1 X164 Y73.086 E4.02259
G1 X166.129 Y73.482 E.08067
G1 X167.973 Y74.619 E.08067
G1 X169.284 Y76.343 E.08067
G1 X169.914 Y79 E.1017
G1 X169.914 Y141 E2.30926
G1 X169.518 Y143.129 E.08067
G1 X168.381 Y144.973 E.08067
G1 X166.657 Y146.284 E.08067
G1 X164 Y146.914 E.1017
G1 X56 Y146.914 E4.02259
G1 X53.871 Y146.518 E.08067
G1 X52.027 Y145.381 E.08067
G1 X50.716 Y143.657 E.08067
G1 X50.086 Y141 E.1017
G1 X50.086 Y79 E2.30926
G1 X50.482 Y76.871 E.08067
G1 X51.619 Y75.027 E.08067
G1 X53.312 Y73.74 E.07918
G1 X53.594 Y74.143 F3600
G1 F3000
G1 X53.773 Y74.018 E.00812
G1 X56 Y73.543 E.08482
G1 X164 Y73.543 E4.02259
G1 X166.042 Y73.939 E.07747
G1 X167.787 Y75.071 E.07747
G1 X168.982 Y76.773 E.07747
G1 X169.457 Y79 E.08482
G1 X169.457 Y141 E2.30926
G1 X169.061 Y143.042 E.07747
G1 X167.929 Y144.787 E.07747
G1 X166.227 Y145.982 E.07747
G1 X164 Y146.457 E.08482
G1 X56 Y146.457 E4.02259
G1 X53.958 Y146.061 E.07747
G1 X52.213 Y144.929 E.07747
G1 X51.018 Y143.227 E.07747
G1 X50.543 Y141 E.08482
G1 X50.543 Y79 E2.30926
G1 X50.939 Y76.958 E.07747
G1 X52.071 Y75.213 E.07747
G1 X53.562 Y74.166 E.06786
; OBJECT_ID: 15
; printing object 06_sliding_electronics_carrier_ESP32_PH.stl id:0 copy 0
G1 E-4.5 F2700
;WIPE_START
G1 F3000
G1 X53.773 Y74.018 E-.06127
G1 X55.477 Y73.655 E-.41373
;WIPE_END
G1 E-.025 F2700
G1 X55.689 Y81.284 Z.6 F3600
G1 X57.314 Y139.686 Z.6
G1 Z.2
G1 E5 F2400
;TYPE:Inner wall
;WIDTH:0.499999
G1 F900
G1 X57.314 Y80.314 E2.21137
G1 X162.686 Y80.314 E3.92469
G1 X162.686 Y139.686 E2.21137
G1 X57.354 Y139.686 E3.9232
M73 P1 R69
G1 X56.857 Y140.143 F3600
G1 F900
G1 X56.857 Y79.857 E2.24542
G1 X163.143 Y79.857 E3.95874
G1 X163.143 Y140.143 E2.24542
G1 X56.897 Y140.143 E3.95725
G1 X56.4 Y140.6 F3600
;TYPE:Outer wall
G1 F900
G1 X56.4 Y79.4 E2.27946
G1 X163.6 Y79.4 E3.99279
G1 X163.6 Y140.6 E2.27946
M73 P2 R69
G1 X56.44 Y140.6 E3.9913
G1 E-4.5 F2700
;WIPE_START
G1 F900
G1 X56.439 Y138.6 E-.475
;WIPE_END
G1 E-.025 F2700
G1 X161.624 Y80.451 Z.6 F3600
G1 Z.2
G1 E5 F2400
;TYPE:Bottom surface
;WIDTH:0.500274
G1 F1200
G1 X162.343 Y81.17 E.03789
G1 X162.343 Y81.817 E.02411
G1 X161.183 Y80.657 E.06114
G1 X160.536 Y80.657 E.02411
G1 X162.343 Y82.464 E.09523
G1 X162.343 Y83.111 E.02411
G1 X159.889 Y80.657 E.12932
G1 X159.243 Y80.657 E.02411
G1 X162.343 Y83.757 E.16341
G1 X162.343 Y84.404 E.02411
G1 X158.596 Y80.657 E.1975
G1 X157.949 Y80.657 E.02411
G1 X162.343 Y85.051 E.23159
G1 X162.343 Y85.698 E.02411
G1 X157.302 Y80.657 E.26568
G1 X156.655 Y80.657 E.02411
G1 X162.343 Y86.345 E.29977
G1 X162.343 Y86.991 E.02411
G1 X156.009 Y80.657 E.33386
G1 X155.362 Y80.657 E.02411
G1 X162.343 Y87.638 E.36795
G1 X162.343 Y88.285 E.02411
G1 X154.715 Y80.657 E.40204
G1 X154.068 Y80.657 E.02411
G1 X162.343 Y88.932 E.43613
G1 X162.343 Y89.578 E.02411
G1 X153.422 Y80.657 E.47022
G1 X152.775 Y80.657 E.02411
M73 P2 R68
G1 X162.343 Y90.225 E.50431
G1 X162.343 Y90.872 E.02411
G1 X152.128 Y80.657 E.5384
G1 X151.481 Y80.657 E.02411
G1 X162.343 Y91.519 E.57249
G1 X162.343 Y92.166 E.02411
G1 X150.834 Y80.657 E.60658
G1 X150.188 Y80.657 E.02411
G1 X162.343 Y92.812 E.64067
G1 X162.343 Y93.459 E.02411
G1 X149.541 Y80.657 E.67476
G1 X148.894 Y80.657 E.02411
G1 X162.343 Y94.106 E.70884
G1 X162.343 Y94.753 E.02411
G1 X148.247 Y80.657 E.74293
G1 X147.6 Y80.657 E.02411
G1 X162.343 Y95.4 E.77702
G1 X162.343 Y96.046 E.02411
G1 X146.954 Y80.657 E.81111
G1 X146.307 Y80.657 E.02411
G1 X162.343 Y96.693 E.8452
G1 X162.343 Y97.34 E.02411
G1 X145.66 Y80.657 E.87929
G1 X145.013 Y80.657 E.02411
G1 X162.343 Y97.987 E.91338
G1 X162.343 Y98.634 E.02411
G1 X144.366 Y80.657 E.94747
G1 X143.72 Y80.657 E.02411
G1 X162.343 Y99.28 E.98156
G1 X162.343 Y99.927 E.02411
G1 X143.073 Y80.657 E1.01565
G1 X142.426 Y80.657 E.02411
G1 X162.343 Y100.574 E1.04974
G1 X162.343 Y101.221 E.02411
G1 X141.779 Y80.657 E1.08383
G1 X141.132 Y80.657 E.02411
G1 X162.343 Y101.868 E1.11792
G1 X162.343 Y102.514 E.02411
G1 X140.486 Y80.657 E1.15201
G1 X139.839 Y80.657 E.02411
M73 P3 R68
G1 X162.343 Y103.161 E1.1861
G1 X162.343 Y103.808 E.02411
G1 X139.192 Y80.657 E1.22019
G1 X138.545 Y80.657 E.02411
G1 X162.343 Y104.455 E1.25428
G1 X162.343 Y105.102 E.02411
G1 X137.898 Y80.657 E1.28837
G1 X137.252 Y80.657 E.02411
G1 X162.343 Y105.748 E1.32246
G1 X162.343 Y106.395 E.02411
G1 X136.605 Y80.657 E1.35655
G1 X135.958 Y80.657 E.02411
G1 X162.343 Y107.042 E1.39064
G1 X162.343 Y107.689 E.02411
G1 X135.311 Y80.657 E1.42473
G1 X134.664 Y80.657 E.02411
G1 X162.343 Y108.336 E1.45882
G1 X162.343 Y108.982 E.02411
G1 X134.018 Y80.657 E1.49291
G1 X133.371 Y80.657 E.02411
G1 X162.343 Y109.629 E1.527
G1 X162.343 Y110.276 E.02411
G1 X132.724 Y80.657 E1.56109
G1 X132.077 Y80.657 E.02411
G1 X162.343 Y110.923 E1.59518
G1 X162.343 Y111.57 E.02411
G1 X131.43 Y80.657 E1.62927
G1 X130.784 Y80.657 E.02411
G1 X162.343 Y112.216 E1.66336
G1 X162.343 Y112.863 E.02411
G1 X130.137 Y80.657 E1.69745
G1 X129.49 Y80.657 E.02411
G1 X162.343 Y113.51 E1.73154
G1 X162.343 Y114.157 E.02411
G1 X128.843 Y80.657 E1.76563
G1 X128.196 Y80.657 E.02411
M73 P3 R67
G1 X162.343 Y114.804 E1.79972
G1 X162.343 Y115.45 E.02411
G1 X127.55 Y80.657 E1.83381
G1 X126.903 Y80.657 E.02411
M73 P4 R67
G1 X162.343 Y116.097 E1.8679
G1 X162.343 Y116.744 E.02411
G1 X126.256 Y80.657 E1.90199
G1 X125.609 Y80.657 E.02411
G1 X162.343 Y117.391 E1.93608
G1 X162.343 Y118.038 E.02411
G1 X124.962 Y80.657 E1.97017
G1 X124.316 Y80.657 E.02411
G1 X162.343 Y118.684 E2.00426
G1 X162.343 Y119.331 E.02411
G1 X123.669 Y80.657 E2.03835
G1 X123.022 Y80.657 E.02411
G1 X162.343 Y119.978 E2.07244
G1 X162.343 Y120.625 E.02411
G1 X122.375 Y80.657 E2.10653
G1 X121.728 Y80.657 E.02411
G1 X162.343 Y121.272 E2.14062
G1 X162.343 Y121.918 E.02411
G1 X121.082 Y80.657 E2.17471
G1 X120.435 Y80.657 E.02411
G1 X162.343 Y122.565 E2.2088
G1 X162.343 Y123.212 E.02411
G1 X119.788 Y80.657 E2.24289
G1 X119.141 Y80.657 E.02411
G1 X162.343 Y123.859 E2.27698
G1 X162.343 Y124.505 E.02411
G1 X118.495 Y80.657 E2.31107
G1 X117.848 Y80.657 E.02411
G1 X162.343 Y125.152 E2.34516
G1 X162.343 Y125.799 E.02411
M73 P5 R67
G1 X117.201 Y80.657 E2.37925
G1 X116.554 Y80.657 E.02411
G1 X162.343 Y126.446 E2.41334
G1 X162.343 Y127.093 E.02411
G1 X115.907 Y80.657 E2.44743
G1 X115.261 Y80.657 E.02411
G1 X162.343 Y127.739 E2.48152
G1 X162.343 Y128.386 E.02411
M73 P5 R66
G1 X114.614 Y80.657 E2.51561
G1 X113.967 Y80.657 E.02411
G1 X162.343 Y129.033 E2.5497
G1 X162.343 Y129.68 E.02411
G1 X113.32 Y80.657 E2.58379
G1 X112.673 Y80.657 E.02411
G1 X162.343 Y130.327 E2.61788
G1 X162.343 Y130.973 E.02411
G1 X112.027 Y80.657 E2.65197
G1 X111.38 Y80.657 E.02411
G1 X162.343 Y131.62 E2.68606
G1 X162.343 Y132.267 E.02411
G1 X110.733 Y80.657 E2.72015
G1 X110.086 Y80.657 E.02411
G1 X162.343 Y132.914 E2.75424
G1 X162.343 Y133.561 E.02411
M73 P6 R66
G1 X109.439 Y80.657 E2.78833
G1 X108.793 Y80.657 E.02411
G1 X162.343 Y134.207 E2.82242
G1 X162.343 Y134.854 E.02411
G1 X108.146 Y80.657 E2.85651
G1 X107.499 Y80.657 E.02411
G1 X162.343 Y135.501 E2.8906
G1 X162.343 Y136.148 E.02411
G1 X106.852 Y80.657 E2.92469
G1 X106.205 Y80.657 E.02411
G1 X162.343 Y136.795 E2.95878
G1 X162.343 Y137.441 E.02411
G1 X105.559 Y80.657 E2.99286
G1 X104.912 Y80.657 E.02411
G1 X162.343 Y138.088 E3.02695
G1 X162.343 Y138.735 E.02411
M73 P6 R65
G1 X104.265 Y80.657 E3.06104
G1 X103.618 Y80.657 E.02411
G1 X162.304 Y139.343 E3.09309
G1 X161.657 Y139.343 E.02411
G1 X102.971 Y80.657 E3.09309
G1 X102.325 Y80.657 E.02411
M73 P7 R65
G1 X161.011 Y139.343 E3.09309
G1 X160.364 Y139.343 E.02411
G1 X101.678 Y80.657 E3.09309
G1 X101.031 Y80.657 E.02411
G1 X159.717 Y139.343 E3.09309
G1 X159.07 Y139.343 E.02411
G1 X100.384 Y80.657 E3.09309
G1 X99.737 Y80.657 E.02411
G1 X158.424 Y139.343 E3.09309
G1 X157.777 Y139.343 E.02411
G1 X99.091 Y80.657 E3.09309
G1 X98.444 Y80.657 E.02411
G1 X157.13 Y139.343 E3.09309
G1 X156.483 Y139.343 E.02411
G1 X97.797 Y80.657 E3.09309
G1 X97.15 Y80.657 E.02411
G1 X155.836 Y139.343 E3.09309
G1 X155.19 Y139.343 E.02411
G1 X96.503 Y80.657 E3.09309
G1 X95.857 Y80.657 E.02411
M73 P8 R65
G1 X154.543 Y139.343 E3.09309
G1 X153.896 Y139.343 E.02411
M73 P8 R64
G1 X95.21 Y80.657 E3.09309
G1 X94.563 Y80.657 E.02411
G1 X153.249 Y139.343 E3.09309
G1 X152.602 Y139.343 E.02411
G1 X93.916 Y80.657 E3.09309
G1 X93.269 Y80.657 E.02411
G1 X151.956 Y139.343 E3.09309
G1 X151.309 Y139.343 E.02411
G1 X92.623 Y80.657 E3.09309
G1 X91.976 Y80.657 E.02411
G1 X150.662 Y139.343 E3.09309
G1 X150.015 Y139.343 E.02411
G1 X91.329 Y80.657 E3.09309
G1 X90.682 Y80.657 E.02411
G1 X149.368 Y139.343 E3.09309
G1 X148.722 Y139.343 E.02411
G1 X90.035 Y80.657 E3.09309
G1 X89.389 Y80.657 E.02411
M73 P9 R64
G1 X148.075 Y139.343 E3.09309
G1 X147.428 Y139.343 E.02411
G1 X88.742 Y80.657 E3.09309
G1 X88.095 Y80.657 E.02411
G1 X146.781 Y139.343 E3.09309
G1 X146.134 Y139.343 E.02411
G1 X87.448 Y80.657 E3.09309
G1 X86.801 Y80.657 E.02411
G1 X145.488 Y139.343 E3.09309
G1 X144.841 Y139.343 E.02411
G1 X86.155 Y80.657 E3.09309
G1 X85.508 Y80.657 E.02411
M73 P9 R63
G1 X144.194 Y139.343 E3.09309
G1 X143.547 Y139.343 E.02411
G1 X84.861 Y80.657 E3.09309
G1 X84.214 Y80.657 E.02411
G1 X142.9 Y139.343 E3.09309
G1 X142.254 Y139.343 E.02411
G1 X83.568 Y80.657 E3.09309
G1 X82.921 Y80.657 E.02411
M73 P10 R63
G1 X141.607 Y139.343 E3.09309
G1 X140.96 Y139.343 E.02411
G1 X82.274 Y80.657 E3.09309
G1 X81.627 Y80.657 E.02411
G1 X140.313 Y139.343 E3.09309
G1 X139.666 Y139.343 E.02411
G1 X80.98 Y80.657 E3.09309
G1 X80.334 Y80.657 E.02411
G1 X139.02 Y139.343 E3.09309
G1 X138.373 Y139.343 E.02411
G1 X79.687 Y80.657 E3.09309
G1 X79.04 Y80.657 E.02411
G1 X137.726 Y139.343 E3.09309
G1 X137.079 Y139.343 E.02411
G1 X78.393 Y80.657 E3.09309
G1 X77.746 Y80.657 E.02411
G1 X136.432 Y139.343 E3.09309
G1 X135.786 Y139.343 E.02411
G1 X77.1 Y80.657 E3.09309
G1 X76.453 Y80.657 E.02411
M73 P11 R62
G1 X135.139 Y139.343 E3.09309
G1 X134.492 Y139.343 E.02411
G1 X75.806 Y80.657 E3.09309
G1 X75.159 Y80.657 E.02411
G1 X133.845 Y139.343 E3.09309
G1 X133.198 Y139.343 E.02411
G1 X74.512 Y80.657 E3.09309
G1 X73.866 Y80.657 E.02411
G1 X132.552 Y139.343 E3.09309
G1 X131.905 Y139.343 E.02411
G1 X73.219 Y80.657 E3.09309
G1 X72.572 Y80.657 E.02411
G1 X131.258 Y139.343 E3.09309
G1 X130.611 Y139.343 E.02411
G1 X71.925 Y80.657 E3.09309
G1 X71.278 Y80.657 E.02411
G1 X129.964 Y139.343 E3.09309
G1 X129.318 Y139.343 E.02411
G1 X70.632 Y80.657 E3.09309
G1 X69.985 Y80.657 E.02411
M73 P12 R62
G1 X128.671 Y139.343 E3.09309
G1 X128.024 Y139.343 E.02411
G1 X69.338 Y80.657 E3.09309
G1 X68.691 Y80.657 E.02411
G1 X127.377 Y139.343 E3.09309
G1 X126.73 Y139.343 E.02411
G1 X68.044 Y80.657 E3.09309
G1 X67.398 Y80.657 E.02411
M73 P12 R61
G1 X126.084 Y139.343 E3.09309
G1 X125.437 Y139.343 E.02411
G1 X66.751 Y80.657 E3.09309
G1 X66.104 Y80.657 E.02411
G1 X124.79 Y139.343 E3.09309
G1 X124.143 Y139.343 E.02411
G1 X65.457 Y80.657 E3.09309
G1 X64.81 Y80.657 E.02411
G1 X123.497 Y139.343 E3.09309
G1 X122.85 Y139.343 E.02411
G1 X64.164 Y80.657 E3.09309
G1 X63.517 Y80.657 E.02411
M73 P13 R61
G1 X122.203 Y139.343 E3.09309
G1 X121.556 Y139.343 E.02411
G1 X62.87 Y80.657 E3.09309
G1 X62.223 Y80.657 E.02411
G1 X120.909 Y139.343 E3.09309
G1 X120.263 Y139.343 E.02411
G1 X61.576 Y80.657 E3.09309
G1 X60.93 Y80.657 E.02411
G1 X119.616 Y139.343 E3.09309
G1 X118.969 Y139.343 E.02411
G1 X60.283 Y80.657 E3.09309
G1 X59.636 Y80.657 E.02411
G1 X118.322 Y139.343 E3.09309
G1 X117.675 Y139.343 E.02411
G1 X58.989 Y80.657 E3.09309
G1 X58.342 Y80.657 E.02411
M73 P13 R60
G1 X117.029 Y139.343 E3.09309
G1 X116.382 Y139.343 E.02411
G1 X57.696 Y80.657 E3.09309
G1 X57.657 Y80.657 E.00144
G1 X57.657 Y81.265 E.02266
G1 X115.735 Y139.343 E3.06104
G1 X115.088 Y139.343 E.02411
M73 P14 R60
G1 X57.657 Y81.912 E3.02695
G1 X57.657 Y82.559 E.02411
G1 X114.441 Y139.343 E2.99286
G1 X113.795 Y139.343 E.02411
G1 X57.657 Y83.205 E2.95877
G1 X57.657 Y83.852 E.02411
G1 X113.148 Y139.343 E2.92468
G1 X112.501 Y139.343 E.02411
G1 X57.657 Y84.499 E2.89059
G1 X57.657 Y85.146 E.02411
G1 X111.854 Y139.343 E2.8565
G1 X111.207 Y139.343 E.02411
G1 X57.657 Y85.793 E2.82241
G1 X57.657 Y86.439 E.02411
G1 X110.561 Y139.343 E2.78832
G1 X109.914 Y139.343 E.02411
G1 X57.657 Y87.086 E2.75423
G1 X57.657 Y87.733 E.02411
G1 X109.267 Y139.343 E2.72014
G1 X108.62 Y139.343 E.02411
M73 P15 R60
G1 X57.657 Y88.38 E2.68605
G1 X57.657 Y89.027 E.02411
G1 X107.973 Y139.343 E2.65196
G1 X107.327 Y139.343 E.02411
G1 X57.657 Y89.673 E2.61787
G1 X57.657 Y90.32 E.02411
M73 P15 R59
G1 X106.68 Y139.343 E2.58378
G1 X106.033 Y139.343 E.02411
G1 X57.657 Y90.967 E2.54969
G1 X57.657 Y91.614 E.02411
G1 X105.386 Y139.343 E2.5156
G1 X104.739 Y139.343 E.02411
G1 X57.657 Y92.261 E2.48151
G1 X57.657 Y92.907 E.02411
G1 X104.093 Y139.343 E2.44742
G1 X103.446 Y139.343 E.02411
G1 X57.657 Y93.554 E2.41333
G1 X57.657 Y94.201 E.02411
G1 X102.799 Y139.343 E2.37925
G1 X102.152 Y139.343 E.02411
G1 X57.657 Y94.848 E2.34516
G1 X57.657 Y95.495 E.02411
G1 X101.505 Y139.343 E2.31107
G1 X100.859 Y139.343 E.02411
G1 X57.657 Y96.141 E2.27698
G1 X57.657 Y96.788 E.02411
M73 P16 R59
G1 X100.212 Y139.343 E2.24289
G1 X99.565 Y139.343 E.02411
G1 X57.657 Y97.435 E2.2088
G1 X57.657 Y98.082 E.02411
G1 X98.918 Y139.343 E2.17471
G1 X98.271 Y139.343 E.02411
G1 X57.657 Y98.729 E2.14062
G1 X57.657 Y99.375 E.02411
G1 X97.625 Y139.343 E2.10653
G1 X96.978 Y139.343 E.02411
G1 X57.657 Y100.022 E2.07244
G1 X57.657 Y100.669 E.02411
G1 X96.331 Y139.343 E2.03835
G1 X95.684 Y139.343 E.02411
G1 X57.657 Y101.316 E2.00426
G1 X57.657 Y101.963 E.02411
G1 X95.037 Y139.343 E1.97017
G1 X94.391 Y139.343 E.02411
M73 P16 R58
G1 X57.657 Y102.609 E1.93608
G1 X57.657 Y103.256 E.02411
G1 X93.744 Y139.343 E1.90199
G1 X93.097 Y139.343 E.02411
G1 X57.657 Y103.903 E1.8679
G1 X57.657 Y104.55 E.02411
G1 X92.45 Y139.343 E1.83381
G1 X91.803 Y139.343 E.02411
G1 X57.657 Y105.197 E1.79972
G1 X57.657 Y105.843 E.02411
G1 X91.157 Y139.343 E1.76563
G1 X90.51 Y139.343 E.02411
M73 P17 R58
G1 X57.657 Y106.49 E1.73154
G1 X57.657 Y107.137 E.02411
G1 X89.863 Y139.343 E1.69745
G1 X89.216 Y139.343 E.02411
G1 X57.657 Y107.784 E1.66336
G1 X57.657 Y108.43 E.02411
G1 X88.57 Y139.343 E1.62927
G1 X87.923 Y139.343 E.02411
G1 X57.657 Y109.077 E1.59518
G1 X57.657 Y109.724 E.02411
G1 X87.276 Y139.343 E1.56109
G1 X86.629 Y139.343 E.02411
G1 X57.657 Y110.371 E1.527
G1 X57.657 Y111.018 E.02411
G1 X85.982 Y139.343 E1.49291
G1 X85.336 Y139.343 E.02411
G1 X57.657 Y111.664 E1.45882
G1 X57.657 Y112.311 E.02411
G1 X84.689 Y139.343 E1.42473
G1 X84.042 Y139.343 E.02411
G1 X57.657 Y112.958 E1.39064
G1 X57.657 Y113.605 E.02411
G1 X83.395 Y139.343 E1.35655
G1 X82.748 Y139.343 E.02411
G1 X57.657 Y114.252 E1.32246
G1 X57.657 Y114.898 E.02411
G1 X82.102 Y139.343 E1.28837
G1 X81.455 Y139.343 E.02411
G1 X57.657 Y115.545 E1.25428
G1 X57.657 Y116.192 E.02411
G1 X80.808 Y139.343 E1.22019
G1 X80.161 Y139.343 E.02411
G1 X57.657 Y116.839 E1.1861
G1 X57.657 Y117.486 E.02411
G1 X79.514 Y139.343 E1.15201
G1 X78.868 Y139.343 E.02411
G1 X57.657 Y118.132 E1.11792
G1 X57.657 Y118.779 E.02411
G1 X78.221 Y139.343 E1.08383
G1 X77.574 Y139.343 E.02411
G1 X57.657 Y119.426 E1.04974
G1 X57.657 Y120.073 E.02411
G1 X76.927 Y139.343 E1.01565
G1 X76.28 Y139.343 E.02411
M73 P18 R58
G1 X57.657 Y120.72 E.98156
G1 X57.657 Y121.366 E.02411
M73 P18 R57
G1 X75.634 Y139.343 E.94747
G1 X74.987 Y139.343 E.02411
G1 X57.657 Y122.013 E.91338
G1 X57.657 Y122.66 E.02411
G1 X74.34 Y139.343 E.87929
G1 X73.693 Y139.343 E.02411
G1 X57.657 Y123.307 E.8452
G1 X57.657 Y123.954 E.02411
G1 X73.046 Y139.343 E.81111
G1 X72.4 Y139.343 E.02411
G1 X57.657 Y124.6 E.77702
G1 X57.657 Y125.247 E.02411
G1 X71.753 Y139.343 E.74293
G1 X71.106 Y139.343 E.02411
G1 X57.657 Y125.894 E.70884
G1 X57.657 Y126.541 E.02411
G1 X70.459 Y139.343 E.67475
G1 X69.812 Y139.343 E.02411
G1 X57.657 Y127.188 E.64066
G1 X57.657 Y127.834 E.02411
G1 X69.166 Y139.343 E.60657
G1 X68.519 Y139.343 E.02411
G1 X57.657 Y128.481 E.57248
G1 X57.657 Y129.128 E.02411
G1 X67.872 Y139.343 E.53839
G1 X67.225 Y139.343 E.02411
G1 X57.657 Y129.775 E.5043
G1 X57.657 Y130.422 E.02411
G1 X66.578 Y139.343 E.47021
G1 X65.932 Y139.343 E.02411
G1 X57.657 Y131.068 E.43612
G1 X57.657 Y131.715 E.02411
G1 X65.285 Y139.343 E.40203
G1 X64.638 Y139.343 E.02411
G1 X57.657 Y132.362 E.36794
G1 X57.657 Y133.009 E.02411
G1 X63.991 Y139.343 E.33385
G1 X63.344 Y139.343 E.02411
G1 X57.657 Y133.656 E.29976
G1 X57.657 Y134.302 E.02411
G1 X62.698 Y139.343 E.26567
G1 X62.051 Y139.343 E.02411
G1 X57.657 Y134.949 E.23158
G1 X57.657 Y135.596 E.02411
G1 X61.404 Y139.343 E.19749
G1 X60.757 Y139.343 E.02411
G1 X57.657 Y136.243 E.1634
G1 X57.657 Y136.89 E.02411
G1 X60.11 Y139.343 E.12931
G1 X59.464 Y139.343 E.02411
G1 X57.657 Y137.536 E.09522
G1 X57.657 Y138.183 E.02411
G1 X58.817 Y139.343 E.06114
G1 X58.17 Y139.343 E.02411
G1 X57.451 Y138.624 E.03789
; stop printing object 06_sliding_electronics_carrier_ESP32_PH.stl id:0 copy 0
;TIME_ELAPSED:785.317200

M106 S255
;LAYER_CHANGE
;:0.4
;HEIGHT:0.2
;BEFORE_LAYER_CHANGE
;0.4
G92 E0
;TIME_ELAPSED:839.328613
G1 E-4.5 F2700
;WIPE_START
G1 F1200
G1 X58.17 Y139.343 E-.24144
G1 X58.817 Y139.343 E-.15361
G1 X58.579 Y139.105 E-.07995
;WIPE_END
G1 E-.025 F2700
;_SET_FAN_SPEED_CHANGING_LAYER
M205 X10 Y10
M205 X8 Y8
G17
G3 Z.6 I-1.217 J0 P1  F7200
G1 X58.579 Y146.457 Z.6
G1 Z.4
G1 E5 F2400
M205 X10 Y10
;TYPE:Skirt
;WIDTH:0.5
G1 F3000
G1 X56 Y146.457 E.09605
G1 X53.958 Y146.061 E.07747
G1 X52.213 Y144.929 E.07747
G1 X51.018 Y143.227 E.07747
G1 X50.543 Y141 E.08482
G1 X50.543 Y79 E2.30926
G1 X50.939 Y76.958 E.07747
G1 X52.071 Y75.213 E.07747
G1 X53.773 Y74.018 E.07747
G1 X56 Y73.543 E.08482
G1 X164 Y73.543 E4.02259
G1 X166.042 Y73.939 E.07747
G1 X167.787 Y75.071 E.07747
G1 X168.982 Y76.773 E.07747
G1 X169.457 Y79 E.08482
G1 X169.457 Y141 E2.30926
G1 X169.061 Y143.042 E.07747
G1 X167.929 Y144.787 E.07747
G1 X166.227 Y145.982 E.07747
G1 X164 Y146.457 E.08482
G1 X58.619 Y146.457 E3.92505
; OBJECT_ID: 15
; printing object 06_sliding_electronics_carrier_ESP32_PH.stl id:0 copy 0
G1 E-4.5 F2700
;WIPE_START
G1 F3000
G1 X56.619 Y146.457 E-.475
;WIPE_END
G1 E-.025 F2700
M205 X8 Y8
G1 X57.009 Y139.991 Z.8 F7200
G1 Z.4
G1 E5 F2400
M205 X10 Y10
;TYPE:Inner wall
;WIDTH:0.449999
G1 F2700
G1 X57.009 Y80.009 E1.9897
G1 X162.991 Y80.009 E3.5156
G1 X162.991 Y139.991 E1.9897
G1 X57.049 Y139.991 E3.51427
M205 X8 Y8
G1 X56.602 Y140.398 F7200
M205 X10 Y10
G1 F2700
G1 X56.602 Y79.602 E2.01671
G1 X163.398 Y79.602 E3.54261
G1 X163.398 Y140.398 E2.01671
G1 X56.642 Y140.398 E3.54128
M205 X8 Y8
M73 P19 R57
G1 X56.21 Y140.79 F7200
M205 X10 Y10
;TYPE:Outer wall
;WIDTH:0.419999
G1 F2400
G1 X56.21 Y79.21 E1.89218
G1 X163.79 Y79.21 E3.30563
G1 X163.79 Y140.79 E1.89218
G1 X56.25 Y140.79 E3.3044
G1 E-4.5 F2700
;WIPE_START
G1 F2400
G1 X56.249 Y138.79 E-.475
;WIPE_END
G1 E-.025 F2700
M205 X8 Y8
G1 X57.417 Y80.355 Z.8 F7200
G1 Z.4
G1 E5 F2400
M205 X10 Y10
;TYPE:Internal solid infill
;WIDTH:0.405696
G1 F3600
G1 X57.349 Y80.394 E.00232
G1 X57.419 Y80.429 E.00233
M205 X8 Y8
G1 X161.748 Y139.552 F7200
M205 X10 Y10
;WIDTH:0.513825
G1 F3600
G1 X162.552 Y139.552 E.03085
G1 X162.552 Y138.748 E.03085
G1 X161.776 Y139.524 E.04209
M205 X8 Y8
G1 X162.889 Y137.847 F7200
M205 X10 Y10
;WIDTH:0.450286
G1 F3600
G1 X161.03 Y139.706 E.08725
G1 X160.454 Y139.706 E.01912
G1 X162.706 Y137.454 E.1057
G1 X162.706 Y136.878 E.01912
G1 X159.878 Y139.706 E.13275
G1 X159.302 Y139.706 E.01912
G1 X162.706 Y136.302 E.15979
G1 X162.706 Y135.726 E.01912
G1 X158.726 Y139.706 E.18684
G1 X158.15 Y139.706 E.01912
G1 X162.706 Y135.15 E.21388
G1 X162.706 Y134.574 E.01912
G1 X157.574 Y139.706 E.24093
G1 X156.998 Y139.706 E.01912
G1 X162.706 Y133.998 E.26797
G1 X162.706 Y133.422 E.01912
G1 X156.422 Y139.706 E.29502
G1 X155.845 Y139.706 E.01912
G1 X162.706 Y132.845 E.32206
G1 X162.706 Y132.269 E.01912
G1 X155.269 Y139.706 E.34911
G1 X154.693 Y139.706 E.01912
G1 X162.706 Y131.693 E.37615
G1 X162.706 Y131.117 E.01912
G1 X154.117 Y139.706 E.4032
G1 X153.541 Y139.706 E.01912
G1 X162.706 Y130.541 E.43024
G1 X162.706 Y129.965 E.01912
G1 X152.965 Y139.706 E.45729
G1 X152.389 Y139.706 E.01912
M73 P19 R56
G1 X162.706 Y129.389 E.48433
G1 X162.706 Y128.813 E.01912
G1 X151.813 Y139.706 E.51138
G1 X151.237 Y139.706 E.01912
G1 X162.706 Y128.237 E.53842
G1 X162.706 Y127.661 E.01912
G1 X150.661 Y139.706 E.56547
G1 X150.084 Y139.706 E.01912
G1 X162.706 Y127.084 E.59251
G1 X162.706 Y126.508 E.01912
G1 X149.508 Y139.706 E.61956
G1 X148.932 Y139.706 E.01912
G1 X162.706 Y125.932 E.6466
G1 X162.706 Y125.356 E.01912
G1 X148.356 Y139.706 E.67365
G1 X147.78 Y139.706 E.01912
G1 X162.706 Y124.78 E.70069
G1 X162.706 Y124.204 E.01912
G1 X147.204 Y139.706 E.72774
G1 X146.628 Y139.706 E.01912
G1 X162.706 Y123.628 E.75478
G1 X162.706 Y123.052 E.01912
G1 X146.052 Y139.706 E.78183
G1 X145.476 Y139.706 E.01912
G1 X162.706 Y122.476 E.80887
G1 X162.706 Y121.9 E.01912
G1 X144.9 Y139.706 E.83592
G1 X144.323 Y139.706 E.01912
G1 X162.706 Y121.323 E.86297
G1 X162.706 Y120.747 E.01912
G1 X143.747 Y139.706 E.89001
G1 X143.171 Y139.706 E.01912
G1 X162.706 Y120.171 E.91706
G1 X162.706 Y119.595 E.01912
G1 X142.595 Y139.706 E.9441
G1 X142.019 Y139.706 E.01912
G1 X162.706 Y119.019 E.97115
G1 X162.706 Y118.443 E.01912
G1 X141.443 Y139.706 E.99819
G1 X140.867 Y139.706 E.01912
G1 X162.706 Y117.867 E1.02524
G1 X162.706 Y117.291 E.01912
G1 X140.291 Y139.706 E1.05228
G1 X139.715 Y139.706 E.01912
G1 X162.706 Y116.715 E1.07933
G1 X162.706 Y116.139 E.01912
G1 X139.139 Y139.706 E1.10637
G1 X138.562 Y139.706 E.01912
G1 X162.706 Y115.562 E1.13342
G1 X162.706 Y114.986 E.01912
G1 X137.986 Y139.706 E1.16046
G1 X137.41 Y139.706 E.01912
G1 X162.706 Y114.41 E1.18751
G1 X162.706 Y113.834 E.01912
G1 X136.834 Y139.706 E1.21455
G1 X136.258 Y139.706 E.01912
G1 X162.706 Y113.258 E1.2416
G1 X162.706 Y112.682 E.01912
G1 X135.682 Y139.706 E1.26864
G1 X135.106 Y139.706 E.01912
G1 X162.706 Y112.106 E1.29569
G1 X162.706 Y111.53 E.01912
G1 X134.53 Y139.706 E1.32273
G1 X133.954 Y139.706 E.01912
G1 X162.706 Y110.954 E1.34978
G1 X162.706 Y110.377 E.01912
G1 X133.377 Y139.706 E1.37682
G1 X132.801 Y139.706 E.01912
G1 X162.706 Y109.801 E1.40387
G1 X162.706 Y109.225 E.01912
G1 X132.225 Y139.706 E1.43091
G1 X131.649 Y139.706 E.01912
G1 X162.706 Y108.649 E1.45796
G1 X162.706 Y108.073 E.01912
G1 X131.073 Y139.706 E1.485
G1 X130.497 Y139.706 E.01912
G1 X162.706 Y107.497 E1.51205
G1 X162.706 Y106.921 E.01912
M73 P20 R56
G1 X129.921 Y139.706 E1.53909
G1 X129.345 Y139.706 E.01912
G1 X162.706 Y106.345 E1.56614
G1 X162.706 Y105.769 E.01912
G1 X128.769 Y139.706 E1.59318
G1 X128.193 Y139.706 E.01912
G1 X162.706 Y105.193 E1.62023
G1 X162.706 Y104.616 E.01912
G1 X127.616 Y139.706 E1.64728
G1 X127.04 Y139.706 E.01912
G1 X162.706 Y104.04 E1.67432
G1 X162.706 Y103.464 E.01912
G1 X126.464 Y139.706 E1.70137
G1 X125.888 Y139.706 E.01912
G1 X162.706 Y102.888 E1.72841
G1 X162.706 Y102.312 E.01912
G1 X125.312 Y139.706 E1.75546
G1 X124.736 Y139.706 E.01912
G1 X162.706 Y101.736 E1.7825
G1 X162.706 Y101.16 E.01912
G1 X124.16 Y139.706 E1.80955
G1 X123.584 Y139.706 E.01912
G1 X162.706 Y100.584 E1.83659
G1 X162.706 Y100.008 E.01912
G1 X123.008 Y139.706 E1.86364
G1 X122.432 Y139.706 E.01912
G1 X162.706 Y99.432 E1.89068
G1 X162.706 Y98.855 E.01912
G1 X121.855 Y139.706 E1.91773
G1 X121.279 Y139.706 E.01912
G1 X162.706 Y98.279 E1.94477
G1 X162.706 Y97.703 E.01912
G1 X120.703 Y139.706 E1.97182
G1 X120.127 Y139.706 E.01912
G1 X162.706 Y97.127 E1.99886
G1 X162.706 Y96.551 E.01912
G1 X119.551 Y139.706 E2.02591
G1 X118.975 Y139.706 E.01912
G1 X162.706 Y95.975 E2.05295
G1 X162.706 Y95.399 E.01912
G1 X118.399 Y139.706 E2.08
G1 X117.823 Y139.706 E.01912
G1 X162.706 Y94.823 E2.10704
G1 X162.706 Y94.247 E.01912
G1 X117.247 Y139.706 E2.13409
G1 X116.671 Y139.706 E.01912
G1 X162.706 Y93.671 E2.16113
G1 X162.706 Y93.094 E.01912
G1 X116.094 Y139.706 E2.18818
G1 X115.518 Y139.706 E.01912
G1 X162.706 Y92.518 E2.21522
G1 X162.706 Y91.942 E.01912
G1 X114.942 Y139.706 E2.24227
G1 X114.366 Y139.706 E.01912
G1 X162.706 Y91.366 E2.26931
G1 X162.706 Y90.79 E.01912
G1 X113.79 Y139.706 E2.29636
G1 X113.214 Y139.706 E.01912
G1 X162.706 Y90.214 E2.3234
G1 X162.706 Y89.638 E.01912
G1 X112.638 Y139.706 E2.35045
G1 X112.062 Y139.706 E.01912
G1 X162.706 Y89.062 E2.37749
G1 X162.706 Y88.486 E.01912
G1 X111.486 Y139.706 E2.40454
G1 X110.909 Y139.706 E.01912
M73 P20 R55
G1 X162.706 Y87.91 E2.43158
G1 X162.706 Y87.333 E.01912
G1 X110.333 Y139.706 E2.45863
G1 X109.757 Y139.706 E.01912
G1 X162.706 Y86.757 E2.48568
G1 X162.706 Y86.181 E.01912
G1 X109.181 Y139.706 E2.51272
G1 X108.605 Y139.706 E.01912
G1 X162.706 Y85.605 E2.53977
G1 X162.706 Y85.029 E.01912
M73 P21 R55
G1 X108.029 Y139.706 E2.56681
G1 X107.453 Y139.706 E.01912
G1 X162.706 Y84.453 E2.59386
G1 X162.706 Y83.877 E.01912
G1 X106.877 Y139.706 E2.6209
G1 X106.301 Y139.706 E.01912
G1 X162.706 Y83.301 E2.64795
G1 X162.706 Y82.725 E.01912
G1 X105.725 Y139.706 E2.67499
G1 X105.148 Y139.706 E.01912
G1 X162.706 Y82.148 E2.70204
G1 X162.706 Y81.572 E.01912
G1 X104.572 Y139.706 E2.72908
G1 X103.996 Y139.706 E.01912
G1 X162.706 Y80.996 E2.75613
G1 X162.706 Y80.42 E.01912
G1 X103.42 Y139.706 E2.78317
G1 X102.844 Y139.706 E.01912
G1 X162.256 Y80.294 E2.78909
G1 X161.68 Y80.294 E.01912
G1 X102.268 Y139.706 E2.78909
G1 X101.692 Y139.706 E.01912
G1 X161.104 Y80.294 E2.78909
G1 X160.528 Y80.294 E.01912
G1 X101.116 Y139.706 E2.78909
G1 X100.54 Y139.706 E.01912
G1 X159.951 Y80.294 E2.78909
G1 X159.375 Y80.294 E.01912
G1 X99.964 Y139.706 E2.78909
G1 X99.387 Y139.706 E.01912
G1 X158.799 Y80.294 E2.78909
G1 X158.223 Y80.294 E.01912
G1 X98.811 Y139.706 E2.78909
G1 X98.235 Y139.706 E.01912
G1 X157.647 Y80.294 E2.78909
G1 X157.071 Y80.294 E.01912
G1 X97.659 Y139.706 E2.78909
G1 X97.083 Y139.706 E.01912
G1 X156.495 Y80.294 E2.78909
G1 X155.919 Y80.294 E.01912
G1 X96.507 Y139.706 E2.78909
G1 X95.931 Y139.706 E.01912
G1 X155.343 Y80.294 E2.78909
G1 X154.767 Y80.294 E.01912
G1 X95.355 Y139.706 E2.78909
G1 X94.779 Y139.706 E.01912
G1 X154.19 Y80.294 E2.78909
G1 X153.614 Y80.294 E.01912
G1 X94.203 Y139.706 E2.78909
G1 X93.626 Y139.706 E.01912
G1 X153.038 Y80.294 E2.78909
G1 X152.462 Y80.294 E.01912
G1 X93.05 Y139.706 E2.78909
G1 X92.474 Y139.706 E.01912
G1 X151.886 Y80.294 E2.78909
G1 X151.31 Y80.294 E.01912
M73 P22 R55
G1 X91.898 Y139.706 E2.78909
G1 X91.322 Y139.706 E.01912
G1 X150.734 Y80.294 E2.78909
G1 X150.158 Y80.294 E.01912
G1 X90.746 Y139.706 E2.78909
G1 X90.17 Y139.706 E.01912
G1 X149.582 Y80.294 E2.78909
G1 X149.005 Y80.294 E.01912
G1 X89.594 Y139.706 E2.78909
G1 X89.018 Y139.706 E.01912
G1 X148.429 Y80.294 E2.78909
G1 X147.853 Y80.294 E.01912
G1 X88.441 Y139.706 E2.78909
G1 X87.865 Y139.706 E.01912
G1 X147.277 Y80.294 E2.78909
G1 X146.701 Y80.294 E.01912
M73 P22 R54
G1 X87.289 Y139.706 E2.78909
G1 X86.713 Y139.706 E.01912
G1 X146.125 Y80.294 E2.78909
G1 X145.549 Y80.294 E.01912
G1 X86.137 Y139.706 E2.78909
G1 X85.561 Y139.706 E.01912
G1 X144.973 Y80.294 E2.78909
G1 X144.397 Y80.294 E.01912
G1 X84.985 Y139.706 E2.78909
G1 X84.409 Y139.706 E.01912
G1 X143.821 Y80.294 E2.78909
G1 X143.244 Y80.294 E.01912
G1 X83.833 Y139.706 E2.78909
G1 X83.257 Y139.706 E.01912
G1 X142.668 Y80.294 E2.78909
G1 X142.092 Y80.294 E.01912
G1 X82.68 Y139.706 E2.78909
G1 X82.104 Y139.706 E.01912
G1 X141.516 Y80.294 E2.78909
G1 X140.94 Y80.294 E.01912
G1 X81.528 Y139.706 E2.78909
G1 X80.952 Y139.706 E.01912
G1 X140.364 Y80.294 E2.78909
G1 X139.788 Y80.294 E.01912
G1 X80.376 Y139.706 E2.78909
G1 X79.8 Y139.706 E.01912
G1 X139.212 Y80.294 E2.78909
G1 X138.636 Y80.294 E.01912
G1 X79.224 Y139.706 E2.78909
G1 X78.648 Y139.706 E.01912
G1 X138.06 Y80.294 E2.78909
G1 X137.483 Y80.294 E.01912
G1 X78.072 Y139.706 E2.78909
G1 X77.496 Y139.706 E.01912
G1 X136.907 Y80.294 E2.78909
G1 X136.331 Y80.294 E.01912
G1 X76.919 Y139.706 E2.78909
G1 X76.343 Y139.706 E.01912
G1 X135.755 Y80.294 E2.78909
G1 X135.179 Y80.294 E.01912
M73 P23 R54
G1 X75.767 Y139.706 E2.78909
G1 X75.191 Y139.706 E.01912
G1 X134.603 Y80.294 E2.78909
G1 X134.027 Y80.294 E.01912
G1 X74.615 Y139.706 E2.78909
G1 X74.039 Y139.706 E.01912
G1 X133.451 Y80.294 E2.78909
G1 X132.875 Y80.294 E.01912
G1 X73.463 Y139.706 E2.78909
G1 X72.887 Y139.706 E.01912
G1 X132.299 Y80.294 E2.78909
G1 X131.722 Y80.294 E.01912
G1 X72.311 Y139.706 E2.78909
G1 X71.735 Y139.706 E.01912
G1 X131.146 Y80.294 E2.78909
G1 X130.57 Y80.294 E.01912
G1 X71.158 Y139.706 E2.78909
G1 X70.582 Y139.706 E.01912
G1 X129.994 Y80.294 E2.78909
G1 X129.418 Y80.294 E.01912
G1 X70.006 Y139.706 E2.78909
G1 X69.43 Y139.706 E.01912
G1 X128.842 Y80.294 E2.78909
G1 X128.266 Y80.294 E.01912
G1 X68.854 Y139.706 E2.78909
G1 X68.278 Y139.706 E.01912
G1 X127.69 Y80.294 E2.78909
G1 X127.114 Y80.294 E.01912
G1 X67.702 Y139.706 E2.78909
G1 X67.126 Y139.706 E.01912
G1 X126.537 Y80.294 E2.78909
G1 X125.961 Y80.294 E.01912
G1 X66.55 Y139.706 E2.78909
G1 X65.973 Y139.706 E.01912
G1 X125.385 Y80.294 E2.78909
G1 X124.809 Y80.294 E.01912
G1 X65.397 Y139.706 E2.78909
G1 X64.821 Y139.706 E.01912
M73 P23 R53
G1 X124.233 Y80.294 E2.78909
G1 X123.657 Y80.294 E.01912
G1 X64.245 Y139.706 E2.78909
G1 X63.669 Y139.706 E.01912
G1 X123.081 Y80.294 E2.78909
G1 X122.505 Y80.294 E.01912
G1 X63.093 Y139.706 E2.78909
G1 X62.517 Y139.706 E.01912
G1 X121.929 Y80.294 E2.78909
G1 X121.353 Y80.294 E.01912
G1 X61.941 Y139.706 E2.78909
G1 X61.365 Y139.706 E.01912
G1 X120.776 Y80.294 E2.78909
G1 X120.2 Y80.294 E.01912
G1 X60.789 Y139.706 E2.78909
G1 X60.212 Y139.706 E.01912
G1 X119.624 Y80.294 E2.78909
G1 X119.048 Y80.294 E.01912
M73 P24 R53
G1 X59.636 Y139.706 E2.78909
G1 X59.06 Y139.706 E.01912
G1 X118.472 Y80.294 E2.78909
G1 X117.896 Y80.294 E.01912
G1 X58.484 Y139.706 E2.78909
G1 X57.908 Y139.706 E.01912
G1 X117.32 Y80.294 E2.78909
G1 X116.744 Y80.294 E.01912
G1 X57.332 Y139.706 E2.78909
G1 X57.294 Y139.706 E.00126
G1 X57.294 Y139.168 E.01787
G1 X116.168 Y80.294 E2.76382
G1 X115.592 Y80.294 E.01912
G1 X57.294 Y138.592 E2.73678
G1 X57.294 Y138.015 E.01912
G1 X115.015 Y80.294 E2.70973
G1 X114.439 Y80.294 E.01912
G1 X57.294 Y137.439 E2.68269
G1 X57.294 Y136.863 E.01912
G1 X113.863 Y80.294 E2.65564
G1 X113.287 Y80.294 E.01912
G1 X57.294 Y136.287 E2.62859
G1 X57.294 Y135.711 E.01912
G1 X112.711 Y80.294 E2.60155
G1 X112.135 Y80.294 E.01912
G1 X57.294 Y135.135 E2.5745
G1 X57.294 Y134.559 E.01912
G1 X111.559 Y80.294 E2.54746
G1 X110.983 Y80.294 E.01912
G1 X57.294 Y133.983 E2.52041
G1 X57.294 Y133.407 E.01912
G1 X110.407 Y80.294 E2.49337
G1 X109.831 Y80.294 E.01912
G1 X57.294 Y132.83 E2.46632
G1 X57.294 Y132.254 E.01912
G1 X109.254 Y80.294 E2.43928
G1 X108.678 Y80.294 E.01912
G1 X57.294 Y131.678 E2.41223
G1 X57.294 Y131.102 E.01912
G1 X108.102 Y80.294 E2.38519
G1 X107.526 Y80.294 E.01912
G1 X57.294 Y130.526 E2.35814
G1 X57.294 Y129.95 E.01912
G1 X106.95 Y80.294 E2.3311
G1 X106.374 Y80.294 E.01912
G1 X57.294 Y129.374 E2.30405
G1 X57.294 Y128.798 E.01912
G1 X105.798 Y80.294 E2.27701
G1 X105.222 Y80.294 E.01912
G1 X57.294 Y128.222 E2.24996
G1 X57.294 Y127.646 E.01912
G1 X104.646 Y80.294 E2.22292
G1 X104.069 Y80.294 E.01912
G1 X57.294 Y127.069 E2.19587
G1 X57.294 Y126.493 E.01912
G1 X103.493 Y80.294 E2.16883
G1 X102.917 Y80.294 E.01912
G1 X57.294 Y125.917 E2.14178
G1 X57.294 Y125.341 E.01912
G1 X102.341 Y80.294 E2.11474
G1 X101.765 Y80.294 E.01912
G1 X57.294 Y124.765 E2.08769
G1 X57.294 Y124.189 E.01912
G1 X101.189 Y80.294 E2.06065
G1 X100.613 Y80.294 E.01912
M73 P25 R53
G1 X57.294 Y123.613 E2.0336
G1 X57.294 Y123.037 E.01912
G1 X100.037 Y80.294 E2.00656
G1 X99.461 Y80.294 E.01912
G1 X57.294 Y122.461 E1.97951
G1 X57.294 Y121.885 E.01912
M73 P25 R52
G1 X98.885 Y80.294 E1.95247
G1 X98.308 Y80.294 E.01912
G1 X57.294 Y121.308 E1.92542
G1 X57.294 Y120.732 E.01912
G1 X97.732 Y80.294 E1.89838
G1 X97.156 Y80.294 E.01912
G1 X57.294 Y120.156 E1.87133
G1 X57.294 Y119.58 E.01912
G1 X96.58 Y80.294 E1.84429
G1 X96.004 Y80.294 E.01912
G1 X57.294 Y119.004 E1.81724
G1 X57.294 Y118.428 E.01912
G1 X95.428 Y80.294 E1.79019
G1 X94.852 Y80.294 E.01912
G1 X57.294 Y117.852 E1.76315
G1 X57.294 Y117.276 E.01912
G1 X94.276 Y80.294 E1.7361
G1 X93.7 Y80.294 E.01912
G1 X57.294 Y116.7 E1.70906
G1 X57.294 Y116.124 E.01912
G1 X93.124 Y80.294 E1.68201
G1 X92.547 Y80.294 E.01912
G1 X57.294 Y115.547 E1.65497
G1 X57.294 Y114.971 E.01912
G1 X91.971 Y80.294 E1.62792
G1 X91.395 Y80.294 E.01912
G1 X57.294 Y114.395 E1.60088
G1 X57.294 Y113.819 E.01912
G1 X90.819 Y80.294 E1.57383
G1 X90.243 Y80.294 E.01912
G1 X57.294 Y113.243 E1.54679
G1 X57.294 Y112.667 E.01912
G1 X89.667 Y80.294 E1.51974
G1 X89.091 Y80.294 E.01912
G1 X57.294 Y112.091 E1.4927
G1 X57.294 Y111.515 E.01912
G1 X88.515 Y80.294 E1.46565
G1 X87.939 Y80.294 E.01912
G1 X57.294 Y110.939 E1.43861
G1 X57.294 Y110.362 E.01912
G1 X87.363 Y80.294 E1.41156
G1 X86.786 Y80.294 E.01912
G1 X57.294 Y109.786 E1.38452
G1 X57.294 Y109.21 E.01912
G1 X86.21 Y80.294 E1.35747
G1 X85.634 Y80.294 E.01912
G1 X57.294 Y108.634 E1.33043
G1 X57.294 Y108.058 E.01912
G1 X85.058 Y80.294 E1.30338
G1 X84.482 Y80.294 E.01912
G1 X57.294 Y107.482 E1.27634
G1 X57.294 Y106.906 E.01912
G1 X83.906 Y80.294 E1.24929
G1 X83.33 Y80.294 E.01912
G1 X57.294 Y106.33 E1.22225
G1 X57.294 Y105.754 E.01912
G1 X82.754 Y80.294 E1.1952
G1 X82.178 Y80.294 E.01912
G1 X57.294 Y105.178 E1.16816
G1 X57.294 Y104.601 E.01912
G1 X81.601 Y80.294 E1.14111
G1 X81.025 Y80.294 E.01912
G1 X57.294 Y104.025 E1.11407
G1 X57.294 Y103.449 E.01912
G1 X80.449 Y80.294 E1.08702
G1 X79.873 Y80.294 E.01912
G1 X57.294 Y102.873 E1.05998
G1 X57.294 Y102.297 E.01912
G1 X79.297 Y80.294 E1.03293
G1 X78.721 Y80.294 E.01912
G1 X57.294 Y101.721 E1.00588
G1 X57.294 Y101.145 E.01912
G1 X78.145 Y80.294 E.97884
G1 X77.569 Y80.294 E.01912
G1 X57.294 Y100.569 E.95179
G1 X57.294 Y99.993 E.01912
G1 X76.993 Y80.294 E.92475
G1 X76.417 Y80.294 E.01912
G1 X57.294 Y99.417 E.8977
G1 X57.294 Y98.84 E.01912
G1 X75.84 Y80.294 E.87066
G1 X75.264 Y80.294 E.01912
G1 X57.294 Y98.264 E.84361
G1 X57.294 Y97.688 E.01912
G1 X74.688 Y80.294 E.81657
G1 X74.112 Y80.294 E.01912
G1 X57.294 Y97.112 E.78952
G1 X57.294 Y96.536 E.01912
G1 X73.536 Y80.294 E.76248
G1 X72.96 Y80.294 E.01912
G1 X57.294 Y95.96 E.73543
G1 X57.294 Y95.384 E.01912
G1 X72.384 Y80.294 E.70839
G1 X71.808 Y80.294 E.01912
G1 X57.294 Y94.808 E.68134
G1 X57.294 Y94.232 E.01912
G1 X71.232 Y80.294 E.6543
G1 X70.656 Y80.294 E.01912
G1 X57.294 Y93.656 E.62725
G1 X57.294 Y93.079 E.01912
G1 X70.079 Y80.294 E.60021
G1 X69.503 Y80.294 E.01912
M73 P26 R52
G1 X57.294 Y92.503 E.57316
G1 X57.294 Y91.927 E.01912
G1 X68.927 Y80.294 E.54612
G1 X68.351 Y80.294 E.01912
G1 X57.294 Y91.351 E.51907
G1 X57.294 Y90.775 E.01912
G1 X67.775 Y80.294 E.49203
G1 X67.199 Y80.294 E.01912
G1 X57.294 Y90.199 E.46498
G1 X57.294 Y89.623 E.01912
G1 X66.623 Y80.294 E.43794
G1 X66.047 Y80.294 E.01912
G1 X57.294 Y89.047 E.41089
G1 X57.294 Y88.471 E.01912
G1 X65.471 Y80.294 E.38385
G1 X64.895 Y80.294 E.01912
G1 X57.294 Y87.895 E.3568
G1 X57.294 Y87.318 E.01912
G1 X64.318 Y80.294 E.32976
G1 X63.742 Y80.294 E.01912
G1 X57.294 Y86.742 E.30271
G1 X57.294 Y86.166 E.01912
G1 X63.166 Y80.294 E.27567
G1 X62.59 Y80.294 E.01912
G1 X57.294 Y85.59 E.24862
G1 X57.294 Y85.014 E.01912
G1 X62.014 Y80.294 E.22157
G1 X61.438 Y80.294 E.01912
G1 X57.294 Y84.438 E.19453
G1 X57.294 Y83.862 E.01912
G1 X60.862 Y80.294 E.16748
G1 X60.286 Y80.294 E.01912
G1 X57.294 Y83.286 E.14044
G1 X57.294 Y82.71 E.01912
G1 X59.71 Y80.294 E.11339
G1 X59.133 Y80.294 E.01912
G1 X57.294 Y82.133 E.08635
G1 X57.294 Y81.557 E.01912
G1 X58.557 Y80.294 E.0593
G1 X57.981 Y80.294 E.01912
G1 X57.111 Y81.164 E.04086
; stop printing object 06_sliding_electronics_carrier_ESP32_PH.stl id:0 copy 0
;TIME_ELAPSED:1109.385864

;LAYER_CHANGE
;:0.6
;HEIGHT:0.2
;BEFORE_LAYER_CHANGE
;0.6
G92 E0
;TIME_ELAPSED:1162.149658
G1 E-4.5 F2700
;WIPE_START
G1 F3600
G1 X57.981 Y80.294 E-.29233
G1 X58.557 Y80.294 E-.13682
G1 X58.421 Y80.431 E-.04585
;WIPE_END
G1 E-.025 F2700
;_SET_FAN_SPEED_CHANGING_LAYER
; OBJECT_ID: 15
; printing object 06_sliding_electronics_carrier_ESP32_PH.stl id:0 copy 0
M205 X8 Y8
G17
G3 Z.8 I-1.217 J-.029 P1  F7200
G1 X57.009 Y139.991 Z.8
G1 Z.6
G1 E5 F2400
M205 X10 Y10
;TYPE:Inner wall
;WIDTH:0.449999
G1 F2700
G1 X57.009 Y80.009 E1.9897
G1 X162.991 Y80.009 E3.5156
G1 X162.991 Y139.991 E1.9897
G1 X57.049 Y139.991 E3.51427
M205 X8 Y8
G1 X56.602 Y140.398 F7200
M205 X10 Y10
G1 F2700
G1 X56.602 Y79.602 E2.01671
G1 X163.398 Y79.602 E3.54261
G1 X163.398 Y140.398 E2.01671
G1 X56.642 Y140.398 E3.54128
M205 X8 Y8
G1 X56.21 Y140.79 F7200
M205 X10 Y10
;TYPE:Outer wall
;WIDTH:0.419999
M73 P26 R51
G1 F2400
G1 X56.21 Y79.21 E1.89218
G1 X163.79 Y79.21 E3.30563
G1 X163.79 Y140.79 E1.89218
G1 X56.25 Y140.79 E3.3044
G1 E-4.5 F2700
;WIPE_START
G1 F2400
G1 X56.249 Y138.79 E-.475
;WIPE_END
G1 E-.025 F2700
M205 X8 Y8
G1 X57.417 Y139.567 Z1 F7200
G1 Z.6
G1 E5 F2400
M205 X10 Y10
;TYPE:Internal solid infill
;WIDTH:0.405698
G1 F3600
G1 X57.349 Y139.606 E.00232
G1 X57.419 Y139.641 E.00233
M205 X8 Y8
G1 X160.847 Y80.111 F7200
M205 X10 Y10
;WIDTH:0.450286
G1 F3600
G1 X162.706 Y81.97 E.08726
G1 X162.706 Y82.546 E.01912
G1 X160.454 Y80.294 E.1057
G1 X159.878 Y80.294 E.01912
G1 X162.706 Y83.122 E.13275
G1 X162.706 Y83.698 E.01912
G1 X159.302 Y80.294 E.15979
G1 X158.726 Y80.294 E.01912
G1 X162.706 Y84.274 E.18684
G1 X162.706 Y84.85 E.01912
G1 X158.15 Y80.294 E.21388
G1 X157.574 Y80.294 E.01912
G1 X162.706 Y85.426 E.24093
G1 X162.706 Y86.002 E.01912
G1 X156.998 Y80.294 E.26797
G1 X156.422 Y80.294 E.01912
G1 X162.706 Y86.578 E.29502
G1 X162.706 Y87.155 E.01912
G1 X155.845 Y80.294 E.32206
G1 X155.269 Y80.294 E.01912
G1 X162.706 Y87.731 E.34911
G1 X162.706 Y88.307 E.01912
G1 X154.693 Y80.294 E.37615
G1 X154.117 Y80.294 E.01912
G1 X162.706 Y88.883 E.4032
G1 X162.706 Y89.459 E.01912
G1 X153.541 Y80.294 E.43024
G1 X152.965 Y80.294 E.01912
G1 X162.706 Y90.035 E.45729
G1 X162.706 Y90.611 E.01912
G1 X152.389 Y80.294 E.48433
G1 X151.813 Y80.294 E.01912
G1 X162.706 Y91.187 E.51138
G1 X162.706 Y91.763 E.01912
G1 X151.237 Y80.294 E.53842
G1 X150.661 Y80.294 E.01912
G1 X162.706 Y92.339 E.56547
G1 X162.706 Y92.916 E.01912
G1 X150.084 Y80.294 E.59251
G1 X149.508 Y80.294 E.01912
G1 X162.706 Y93.492 E.61956
G1 X162.706 Y94.068 E.01912
G1 X148.932 Y80.294 E.6466
G1 X148.356 Y80.294 E.01912
G1 X162.706 Y94.644 E.67365
G1 X162.706 Y95.22 E.01912
G1 X147.78 Y80.294 E.70069
G1 X147.204 Y80.294 E.01912
G1 X162.706 Y95.796 E.72774
G1 X162.706 Y96.372 E.01912
G1 X146.628 Y80.294 E.75478
G1 X146.052 Y80.294 E.01912
G1 X162.706 Y96.948 E.78183
G1 X162.706 Y97.524 E.01912
G1 X145.476 Y80.294 E.80888
G1 X144.9 Y80.294 E.01912
M73 P27 R51
G1 X162.706 Y98.1 E.83592
G1 X162.706 Y98.677 E.01912
G1 X144.323 Y80.294 E.86297
G1 X143.747 Y80.294 E.01912
G1 X162.706 Y99.253 E.89001
G1 X162.706 Y99.829 E.01912
G1 X143.171 Y80.294 E.91706
G1 X142.595 Y80.294 E.01912
G1 X162.706 Y100.405 E.9441
G1 X162.706 Y100.981 E.01912
G1 X142.019 Y80.294 E.97115
G1 X141.443 Y80.294 E.01912
G1 X162.706 Y101.557 E.99819
G1 X162.706 Y102.133 E.01912
G1 X140.867 Y80.294 E1.02524
G1 X140.291 Y80.294 E.01912
G1 X162.706 Y102.709 E1.05228
G1 X162.706 Y103.285 E.01912
G1 X139.715 Y80.294 E1.07933
G1 X139.139 Y80.294 E.01912
G1 X162.706 Y103.861 E1.10637
G1 X162.706 Y104.438 E.01912
G1 X138.562 Y80.294 E1.13342
G1 X137.986 Y80.294 E.01912
G1 X162.706 Y105.014 E1.16046
G1 X162.706 Y105.59 E.01912
G1 X137.41 Y80.294 E1.18751
G1 X136.834 Y80.294 E.01912
G1 X162.706 Y106.166 E1.21455
G1 X162.706 Y106.742 E.01912
G1 X136.258 Y80.294 E1.2416
G1 X135.682 Y80.294 E.01912
G1 X162.706 Y107.318 E1.26864
G1 X162.706 Y107.894 E.01912
G1 X135.106 Y80.294 E1.29569
G1 X134.53 Y80.294 E.01912
G1 X162.706 Y108.47 E1.32273
G1 X162.706 Y109.046 E.01912
G1 X133.954 Y80.294 E1.34978
G1 X133.377 Y80.294 E.01912
G1 X162.706 Y109.623 E1.37682
G1 X162.706 Y110.199 E.01912
G1 X132.801 Y80.294 E1.40387
G1 X132.225 Y80.294 E.01912
G1 X162.706 Y110.775 E1.43091
G1 X162.706 Y111.351 E.01912
G1 X131.649 Y80.294 E1.45796
G1 X131.073 Y80.294 E.01912
G1 X162.706 Y111.927 E1.485
G1 X162.706 Y112.503 E.01912
G1 X130.497 Y80.294 E1.51205
G1 X129.921 Y80.294 E.01912
G1 X162.706 Y113.079 E1.53909
G1 X162.706 Y113.655 E.01912
G1 X129.345 Y80.294 E1.56614
G1 X128.769 Y80.294 E.01912
G1 X162.706 Y114.231 E1.59318
G1 X162.706 Y114.807 E.01912
G1 X128.193 Y80.294 E1.62023
G1 X127.616 Y80.294 E.01912
G1 X162.706 Y115.384 E1.64728
G1 X162.706 Y115.96 E.01912
G1 X127.04 Y80.294 E1.67432
G1 X126.464 Y80.294 E.01912
G1 X162.706 Y116.536 E1.70137
G1 X162.706 Y117.112 E.01912
G1 X125.888 Y80.294 E1.72841
G1 X125.312 Y80.294 E.01912
G1 X162.706 Y117.688 E1.75546
G1 X162.706 Y118.264 E.01912
G1 X124.736 Y80.294 E1.7825
G1 X124.16 Y80.294 E.01912
G1 X162.706 Y118.84 E1.80955
G1 X162.706 Y119.416 E.01912
G1 X123.584 Y80.294 E1.83659
G1 X123.008 Y80.294 E.01912
G1 X162.706 Y119.992 E1.86364
G1 X162.706 Y120.568 E.01912
G1 X122.432 Y80.294 E1.89068
G1 X121.855 Y80.294 E.01912
G1 X162.706 Y121.145 E1.91773
G1 X162.706 Y121.721 E.01912
G1 X121.279 Y80.294 E1.94477
G1 X120.703 Y80.294 E.01912
G1 X162.706 Y122.297 E1.97182
G1 X162.706 Y122.873 E.01912
G1 X120.127 Y80.294 E1.99886
G1 X119.551 Y80.294 E.01912
G1 X162.706 Y123.449 E2.02591
G1 X162.706 Y124.025 E.01912
G1 X118.975 Y80.294 E2.05295
G1 X118.399 Y80.294 E.01912
G1 X162.706 Y124.601 E2.08
G1 X162.706 Y125.177 E.01912
M73 P27 R50
G1 X117.823 Y80.294 E2.10704
G1 X117.247 Y80.294 E.01912
G1 X162.706 Y125.753 E2.13409
G1 X162.706 Y126.329 E.01912
G1 X116.671 Y80.294 E2.16113
G1 X116.094 Y80.294 E.01912
M73 P28 R50
G1 X162.706 Y126.906 E2.18818
G1 X162.706 Y127.482 E.01912
G1 X115.518 Y80.294 E2.21522
G1 X114.942 Y80.294 E.01912
G1 X162.706 Y128.058 E2.24227
G1 X162.706 Y128.634 E.01912
G1 X114.366 Y80.294 E2.26931
G1 X113.79 Y80.294 E.01912
G1 X162.706 Y129.21 E2.29636
G1 X162.706 Y129.786 E.01912
G1 X113.214 Y80.294 E2.3234
G1 X112.638 Y80.294 E.01912
G1 X162.706 Y130.362 E2.35045
G1 X162.706 Y130.938 E.01912
G1 X112.062 Y80.294 E2.37749
G1 X111.486 Y80.294 E.01912
G1 X162.706 Y131.514 E2.40454
G1 X162.706 Y132.091 E.01912
G1 X110.909 Y80.294 E2.43159
G1 X110.333 Y80.294 E.01912
G1 X162.706 Y132.667 E2.45863
G1 X162.706 Y133.243 E.01912
G1 X109.757 Y80.294 E2.48568
G1 X109.181 Y80.294 E.01912
G1 X162.706 Y133.819 E2.51272
G1 X162.706 Y134.395 E.01912
G1 X108.605 Y80.294 E2.53977
G1 X108.029 Y80.294 E.01912
G1 X162.706 Y134.971 E2.56681
G1 X162.706 Y135.547 E.01912
G1 X107.453 Y80.294 E2.59386
G1 X106.877 Y80.294 E.01912
G1 X162.706 Y136.123 E2.6209
G1 X162.706 Y136.699 E.01912
G1 X106.301 Y80.294 E2.64795
G1 X105.725 Y80.294 E.01912
G1 X162.706 Y137.275 E2.67499
G1 X162.706 Y137.852 E.01912
G1 X105.148 Y80.294 E2.70204
G1 X104.572 Y80.294 E.01912
G1 X162.706 Y138.428 E2.72908
G1 X162.706 Y139.004 E.01912
G1 X103.996 Y80.294 E2.75613
G1 X103.42 Y80.294 E.01912
G1 X162.706 Y139.58 E2.78317
G1 X162.706 Y139.706 E.00418
G1 X162.256 Y139.706 E.01494
G1 X102.844 Y80.294 E2.78909
G1 X102.268 Y80.294 E.01912
G1 X161.68 Y139.706 E2.78909
G1 X161.104 Y139.706 E.01912
G1 X101.692 Y80.294 E2.78909
G1 X101.116 Y80.294 E.01912
G1 X160.528 Y139.706 E2.78909
G1 X159.951 Y139.706 E.01912
G1 X100.54 Y80.294 E2.78909
G1 X99.964 Y80.294 E.01912
G1 X159.375 Y139.706 E2.78909
G1 X158.799 Y139.706 E.01912
G1 X99.387 Y80.294 E2.78909
G1 X98.811 Y80.294 E.01912
M73 P29 R50
G1 X158.223 Y139.706 E2.78909
G1 X157.647 Y139.706 E.01912
G1 X98.235 Y80.294 E2.78909
G1 X97.659 Y80.294 E.01912
G1 X157.071 Y139.706 E2.78909
G1 X156.495 Y139.706 E.01912
G1 X97.083 Y80.294 E2.78909
G1 X96.507 Y80.294 E.01912
G1 X155.919 Y139.706 E2.78909
G1 X155.343 Y139.706 E.01912
G1 X95.931 Y80.294 E2.78909
G1 X95.355 Y80.294 E.01912
G1 X154.767 Y139.706 E2.78909
G1 X154.19 Y139.706 E.01912
G1 X94.779 Y80.294 E2.78909
G1 X94.203 Y80.294 E.01912
G1 X153.614 Y139.706 E2.78909
G1 X153.038 Y139.706 E.01912
G1 X93.626 Y80.294 E2.78909
G1 X93.05 Y80.294 E.01912
M73 P29 R49
G1 X152.462 Y139.706 E2.78909
G1 X151.886 Y139.706 E.01912
G1 X92.474 Y80.294 E2.78909
G1 X91.898 Y80.294 E.01912
G1 X151.31 Y139.706 E2.78909
G1 X150.734 Y139.706 E.01912
G1 X91.322 Y80.294 E2.78909
G1 X90.746 Y80.294 E.01912
G1 X150.158 Y139.706 E2.78909
G1 X149.582 Y139.706 E.01912
G1 X90.17 Y80.294 E2.78909
G1 X89.594 Y80.294 E.01912
G1 X149.005 Y139.706 E2.78909
G1 X148.429 Y139.706 E.01912
G1 X89.018 Y80.294 E2.78909
G1 X88.441 Y80.294 E.01912
G1 X147.853 Y139.706 E2.78909
G1 X147.277 Y139.706 E.01912
G1 X87.865 Y80.294 E2.78909
G1 X87.289 Y80.294 E.01912
G1 X146.701 Y139.706 E2.78909
G1 X146.125 Y139.706 E.01912
G1 X86.713 Y80.294 E2.78909
G1 X86.137 Y80.294 E.01912
G1 X145.549 Y139.706 E2.78909
G1 X144.973 Y139.706 E.01912
G1 X85.561 Y80.294 E2.78909
G1 X84.985 Y80.294 E.01912
G1 X144.397 Y139.706 E2.78909
G1 X143.821 Y139.706 E.01912
G1 X84.409 Y80.294 E2.78909
G1 X83.833 Y80.294 E.01912
G1 X143.244 Y139.706 E2.78909
G1 X142.668 Y139.706 E.01912
G1 X83.257 Y80.294 E2.78909
G1 X82.68 Y80.294 E.01912
M73 P30 R49
G1 X142.092 Y139.706 E2.78909
G1 X141.516 Y139.706 E.01912
G1 X82.104 Y80.294 E2.78909
G1 X81.528 Y80.294 E.01912
G1 X140.94 Y139.706 E2.78909
G1 X140.364 Y139.706 E.01912
G1 X80.952 Y80.294 E2.78909
G1 X80.376 Y80.294 E.01912
G1 X139.788 Y139.706 E2.78909
G1 X139.212 Y139.706 E.01912
G1 X79.8 Y80.294 E2.78909
G1 X79.224 Y80.294 E.01912
G1 X138.636 Y139.706 E2.78909
G1 X138.06 Y139.706 E.01912
G1 X78.648 Y80.294 E2.78909
G1 X78.072 Y80.294 E.01912
G1 X137.483 Y139.706 E2.78909
G1 X136.907 Y139.706 E.01912
G1 X77.496 Y80.294 E2.78909
G1 X76.919 Y80.294 E.01912
G1 X136.331 Y139.706 E2.78909
G1 X135.755 Y139.706 E.01912
G1 X76.343 Y80.294 E2.78909
G1 X75.767 Y80.294 E.01912
G1 X135.179 Y139.706 E2.78909
G1 X134.603 Y139.706 E.01912
G1 X75.191 Y80.294 E2.78909
G1 X74.615 Y80.294 E.01912
G1 X134.027 Y139.706 E2.78909
G1 X133.451 Y139.706 E.01912
G1 X74.039 Y80.294 E2.78909
G1 X73.463 Y80.294 E.01912
G1 X132.875 Y139.706 E2.78909
G1 X132.299 Y139.706 E.01912
G1 X72.887 Y80.294 E2.78909
G1 X72.311 Y80.294 E.01912
G1 X131.722 Y139.706 E2.78909
G1 X131.146 Y139.706 E.01912
G1 X71.735 Y80.294 E2.78909
G1 X71.158 Y80.294 E.01912
G1 X130.57 Y139.706 E2.78909
G1 X129.994 Y139.706 E.01912
M73 P30 R48
G1 X70.582 Y80.294 E2.78909
G1 X70.006 Y80.294 E.01912
G1 X129.418 Y139.706 E2.78909
G1 X128.842 Y139.706 E.01912
G1 X69.43 Y80.294 E2.78909
G1 X68.854 Y80.294 E.01912
G1 X128.266 Y139.706 E2.78909
G1 X127.69 Y139.706 E.01912
G1 X68.278 Y80.294 E2.78909
G1 X67.702 Y80.294 E.01912
G1 X127.114 Y139.706 E2.78909
G1 X126.537 Y139.706 E.01912
G1 X67.126 Y80.294 E2.78909
G1 X66.55 Y80.294 E.01912
M73 P31 R48
G1 X125.961 Y139.706 E2.78909
G1 X125.385 Y139.706 E.01912
G1 X65.973 Y80.294 E2.78909
G1 X65.397 Y80.294 E.01912
G1 X124.809 Y139.706 E2.78909
G1 X124.233 Y139.706 E.01912
G1 X64.821 Y80.294 E2.78909
G1 X64.245 Y80.294 E.01912
G1 X123.657 Y139.706 E2.78909
G1 X123.081 Y139.706 E.01912
G1 X63.669 Y80.294 E2.78909
G1 X63.093 Y80.294 E.01912
G1 X122.505 Y139.706 E2.78909
G1 X121.929 Y139.706 E.01912
G1 X62.517 Y80.294 E2.78909
G1 X61.941 Y80.294 E.01912
G1 X121.353 Y139.706 E2.78909
G1 X120.776 Y139.706 E.01912
G1 X61.365 Y80.294 E2.78909
G1 X60.789 Y80.294 E.01912
G1 X120.2 Y139.706 E2.78909
G1 X119.624 Y139.706 E.01912
G1 X60.212 Y80.294 E2.78909
G1 X59.636 Y80.294 E.01912
G1 X119.048 Y139.706 E2.78909
G1 X118.472 Y139.706 E.01912
G1 X59.06 Y80.294 E2.78909
G1 X58.484 Y80.294 E.01912
G1 X117.896 Y139.706 E2.78909
G1 X117.32 Y139.706 E.01912
G1 X57.908 Y80.294 E2.78909
G1 X57.332 Y80.294 E.01912
G1 X116.744 Y139.706 E2.78909
G1 X116.168 Y139.706 E.01912
G1 X57.294 Y80.832 E2.76382
G1 X57.294 Y81.408 E.01912
G1 X115.592 Y139.706 E2.73678
G1 X115.015 Y139.706 E.01912
G1 X57.294 Y81.985 E2.70973
G1 X57.294 Y82.561 E.01912
G1 X114.439 Y139.706 E2.68269
G1 X113.863 Y139.706 E.01912
G1 X57.294 Y83.137 E2.65564
G1 X57.294 Y83.713 E.01912
G1 X113.287 Y139.706 E2.6286
G1 X112.711 Y139.706 E.01912
G1 X57.294 Y84.289 E2.60155
G1 X57.294 Y84.865 E.01912
G1 X112.135 Y139.706 E2.5745
G1 X111.559 Y139.706 E.01912
G1 X57.294 Y85.441 E2.54746
G1 X57.294 Y86.017 E.01912
G1 X110.983 Y139.706 E2.52041
G1 X110.407 Y139.706 E.01912
G1 X57.294 Y86.593 E2.49337
G1 X57.294 Y87.169 E.01912
G1 X109.831 Y139.706 E2.46632
G1 X109.254 Y139.706 E.01912
M73 P32 R48
G1 X57.294 Y87.746 E2.43928
G1 X57.294 Y88.322 E.01912
G1 X108.678 Y139.706 E2.41223
G1 X108.102 Y139.706 E.01912
G1 X57.294 Y88.898 E2.38519
G1 X57.294 Y89.474 E.01912
G1 X107.526 Y139.706 E2.35814
G1 X106.95 Y139.706 E.01912
G1 X57.294 Y90.05 E2.3311
G1 X57.294 Y90.626 E.01912
M73 P32 R47
G1 X106.374 Y139.706 E2.30405
G1 X105.798 Y139.706 E.01912
G1 X57.294 Y91.202 E2.27701
G1 X57.294 Y91.778 E.01912
G1 X105.222 Y139.706 E2.24996
G1 X104.646 Y139.706 E.01912
G1 X57.294 Y92.354 E2.22292
G1 X57.294 Y92.931 E.01912
G1 X104.069 Y139.706 E2.19587
G1 X103.493 Y139.706 E.01912
G1 X57.294 Y93.507 E2.16883
G1 X57.294 Y94.083 E.01912
G1 X102.917 Y139.706 E2.14178
G1 X102.341 Y139.706 E.01912
G1 X57.294 Y94.659 E2.11474
G1 X57.294 Y95.235 E.01912
G1 X101.765 Y139.706 E2.08769
G1 X101.189 Y139.706 E.01912
G1 X57.294 Y95.811 E2.06065
G1 X57.294 Y96.387 E.01912
G1 X100.613 Y139.706 E2.0336
G1 X100.037 Y139.706 E.01912
G1 X57.294 Y96.963 E2.00656
G1 X57.294 Y97.539 E.01912
G1 X99.461 Y139.706 E1.97951
G1 X98.885 Y139.706 E.01912
G1 X57.294 Y98.115 E1.95247
G1 X57.294 Y98.692 E.01912
G1 X98.308 Y139.706 E1.92542
G1 X97.732 Y139.706 E.01912
G1 X57.294 Y99.268 E1.89838
G1 X57.294 Y99.844 E.01912
G1 X97.156 Y139.706 E1.87133
G1 X96.58 Y139.706 E.01912
G1 X57.294 Y100.42 E1.84429
G1 X57.294 Y100.996 E.01912
G1 X96.004 Y139.706 E1.81724
G1 X95.428 Y139.706 E.01912
G1 X57.294 Y101.572 E1.79019
G1 X57.294 Y102.148 E.01912
G1 X94.852 Y139.706 E1.76315
G1 X94.276 Y139.706 E.01912
G1 X57.294 Y102.724 E1.7361
G1 X57.294 Y103.3 E.01912
G1 X93.7 Y139.706 E1.70906
G1 X93.124 Y139.706 E.01912
G1 X57.294 Y103.876 E1.68201
G1 X57.294 Y104.453 E.01912
G1 X92.547 Y139.706 E1.65497
G1 X91.971 Y139.706 E.01912
G1 X57.294 Y105.029 E1.62792
G1 X57.294 Y105.605 E.01912
G1 X91.395 Y139.706 E1.60088
G1 X90.819 Y139.706 E.01912
G1 X57.294 Y106.181 E1.57383
G1 X57.294 Y106.757 E.01912
G1 X90.243 Y139.706 E1.54679
G1 X89.667 Y139.706 E.01912
G1 X57.294 Y107.333 E1.51974
G1 X57.294 Y107.909 E.01912
G1 X89.091 Y139.706 E1.4927
G1 X88.515 Y139.706 E.01912
G1 X57.294 Y108.485 E1.46565
G1 X57.294 Y109.061 E.01912
G1 X87.939 Y139.706 E1.43861
G1 X87.363 Y139.706 E.01912
G1 X57.294 Y109.637 E1.41156
G1 X57.294 Y110.214 E.01912
M73 P33 R47
G1 X86.786 Y139.706 E1.38452
G1 X86.21 Y139.706 E.01912
G1 X57.294 Y110.79 E1.35747
G1 X57.294 Y111.366 E.01912
G1 X85.634 Y139.706 E1.33043
G1 X85.058 Y139.706 E.01912
G1 X57.294 Y111.942 E1.30338
G1 X57.294 Y112.518 E.01912
G1 X84.482 Y139.706 E1.27634
G1 X83.906 Y139.706 E.01912
G1 X57.294 Y113.094 E1.24929
G1 X57.294 Y113.67 E.01912
G1 X83.33 Y139.706 E1.22225
G1 X82.754 Y139.706 E.01912
G1 X57.294 Y114.246 E1.1952
G1 X57.294 Y114.822 E.01912
G1 X82.178 Y139.706 E1.16816
G1 X81.601 Y139.706 E.01912
G1 X57.294 Y115.399 E1.14111
G1 X57.294 Y115.975 E.01912
G1 X81.025 Y139.706 E1.11407
G1 X80.449 Y139.706 E.01912
G1 X57.294 Y116.551 E1.08702
G1 X57.294 Y117.127 E.01912
G1 X79.873 Y139.706 E1.05998
G1 X79.297 Y139.706 E.01912
G1 X57.294 Y117.703 E1.03293
G1 X57.294 Y118.279 E.01912
G1 X78.721 Y139.706 E1.00589
G1 X78.145 Y139.706 E.01912
G1 X57.294 Y118.855 E.97884
G1 X57.294 Y119.431 E.01912
G1 X77.569 Y139.706 E.95179
G1 X76.993 Y139.706 E.01912
G1 X57.294 Y120.007 E.92475
G1 X57.294 Y120.583 E.01912
G1 X76.417 Y139.706 E.8977
G1 X75.84 Y139.706 E.01912
G1 X57.294 Y121.16 E.87066
G1 X57.294 Y121.736 E.01912
G1 X75.264 Y139.706 E.84361
G1 X74.688 Y139.706 E.01912
G1 X57.294 Y122.312 E.81657
G1 X57.294 Y122.888 E.01912
G1 X74.112 Y139.706 E.78952
G1 X73.536 Y139.706 E.01912
G1 X57.294 Y123.464 E.76248
G1 X57.294 Y124.04 E.01912
G1 X72.96 Y139.706 E.73543
G1 X72.384 Y139.706 E.01912
G1 X57.294 Y124.616 E.70839
G1 X57.294 Y125.192 E.01912
G1 X71.808 Y139.706 E.68134
G1 X71.232 Y139.706 E.01912
G1 X57.294 Y125.768 E.6543
G1 X57.294 Y126.344 E.01912
G1 X70.656 Y139.706 E.62725
G1 X70.079 Y139.706 E.01912
G1 X57.294 Y126.921 E.60021
G1 X57.294 Y127.497 E.01912
G1 X69.503 Y139.706 E.57316
G1 X68.927 Y139.706 E.01912
G1 X57.294 Y128.073 E.54612
G1 X57.294 Y128.649 E.01912
G1 X68.351 Y139.706 E.51907
G1 X67.775 Y139.706 E.01912
G1 X57.294 Y129.225 E.49203
G1 X57.294 Y129.801 E.01912
G1 X67.199 Y139.706 E.46498
G1 X66.623 Y139.706 E.01912
G1 X57.294 Y130.377 E.43794
G1 X57.294 Y130.953 E.01912
G1 X66.047 Y139.706 E.41089
G1 X65.471 Y139.706 E.01912
G1 X57.294 Y131.529 E.38385
G1 X57.294 Y132.105 E.01912
G1 X64.895 Y139.706 E.3568
G1 X64.318 Y139.706 E.01912
G1 X57.294 Y132.682 E.32976
G1 X57.294 Y133.258 E.01912
G1 X63.742 Y139.706 E.30271
G1 X63.166 Y139.706 E.01912
G1 X57.294 Y133.834 E.27567
G1 X57.294 Y134.41 E.01912
G1 X62.59 Y139.706 E.24862
G1 X62.014 Y139.706 E.01912
G1 X57.294 Y134.986 E.22158
G1 X57.294 Y135.562 E.01912
G1 X61.438 Y139.706 E.19453
G1 X60.862 Y139.706 E.01912
G1 X57.294 Y136.138 E.16748
G1 X57.294 Y136.714 E.01912
G1 X60.286 Y139.706 E.14044
G1 X59.71 Y139.706 E.01912
G1 X57.294 Y137.29 E.11339
G1 X57.294 Y137.867 E.01912
G1 X59.133 Y139.706 E.08635
G1 X58.557 Y139.706 E.01912
G1 X57.294 Y138.443 E.0593
G1 X57.294 Y139.019 E.01912
G1 X58.164 Y139.889 E.04086
M205 X8 Y8
G1 X161.748 Y80.448 F7200
M205 X10 Y10
;WIDTH:0.513826
G1 F3600
M73 P33 R46
G1 X162.552 Y81.252 E.04362
G1 X162.552 Y80.448 E.03085
G1 X161.788 Y80.448 E.02931
; stop printing object 06_sliding_electronics_carrier_ESP32_PH.stl id:0 copy 0
;TIME_ELAPSED:1425.968628

;LAYER_CHANGE
;:0.8
;HEIGHT:0.2
;BEFORE_LAYER_CHANGE
;0.8
G92 E0
;TIME_ELAPSED:1478.734131
G1 E-4.5 F2700
;WIPE_START
G1 F3600
G1 X162.552 Y80.448 E-.18142
G1 X162.552 Y81.252 E-.19092
G1 X162.246 Y80.946 E-.10265
;WIPE_END
G1 E-.025 F2700
;_SET_FAN_SPEED_CHANGING_LAYER
; OBJECT_ID: 15
; printing object 06_sliding_electronics_carrier_ESP32_PH.stl id:0 copy 0
M205 X8 Y8
G17
G3 Z1 I-.595 J-1.061 P1  F7200
G1 X57.009 Y139.991 Z1
G1 Z.8
G1 E5 F2400
M205 X10 Y10
;TYPE:Inner wall
;WIDTH:0.449999
G1 F2700
G1 X57.009 Y80.009 E1.9897
G1 X162.991 Y80.009 E3.5156
G1 X162.991 Y139.991 E1.9897
G1 X57.049 Y139.991 E3.51427
M205 X8 Y8
G1 X56.602 Y140.398 F7200
M205 X10 Y10
G1 F2700
G1 X56.602 Y79.602 E2.01671
G1 X163.398 Y79.602 E3.54261
G1 X163.398 Y140.398 E2.01671
G1 X56.642 Y140.398 E3.54128
M205 X8 Y8
G1 X56.21 Y140.79 F7200
M205 X10 Y10
;TYPE:Outer wall
;WIDTH:0.419999
M73 P34 R46
G1 F2400
G1 X56.21 Y79.21 E1.89218
G1 X163.79 Y79.21 E3.30563
G1 X163.79 Y140.79 E1.89218
G1 X56.25 Y140.79 E3.3044
G1 E-4.5 F2700
;WIPE_START
G1 F2400
G1 X56.249 Y138.79 E-.475
;WIPE_END
G1 E-.025 F2700
M205 X8 Y8
G1 X57.417 Y80.355 Z1.2 F7200
G1 Z.8
G1 E5 F2400
M205 X10 Y10
;TYPE:Internal solid infill
;WIDTH:0.405696
G1 F3600
G1 X57.349 Y80.394 E.00232
G1 X57.419 Y80.429 E.00233
M205 X8 Y8
G1 X161.748 Y139.552 F7200
M205 X10 Y10
;WIDTH:0.513825
G1 F3600
G1 X162.552 Y139.552 E.03085
G1 X162.552 Y138.748 E.03085
G1 X161.776 Y139.524 E.04209
M205 X8 Y8
G1 X162.889 Y137.847 F7200
M205 X10 Y10
;WIDTH:0.450286
G1 F3600
G1 X161.03 Y139.706 E.08725
G1 X160.454 Y139.706 E.01912
G1 X162.706 Y137.454 E.1057
G1 X162.706 Y136.878 E.01912
G1 X159.878 Y139.706 E.13275
G1 X159.302 Y139.706 E.01912
G1 X162.706 Y136.302 E.15979
G1 X162.706 Y135.726 E.01912
G1 X158.726 Y139.706 E.18684
G1 X158.15 Y139.706 E.01912
G1 X162.706 Y135.15 E.21388
G1 X162.706 Y134.574 E.01912
G1 X157.574 Y139.706 E.24093
G1 X156.998 Y139.706 E.01912
G1 X162.706 Y133.998 E.26797
G1 X162.706 Y133.422 E.01912
G1 X156.422 Y139.706 E.29502
G1 X155.845 Y139.706 E.01912
G1 X162.706 Y132.845 E.32206
G1 X162.706 Y132.269 E.01912
G1 X155.269 Y139.706 E.34911
G1 X154.693 Y139.706 E.01912
G1 X162.706 Y131.693 E.37615
G1 X162.706 Y131.117 E.01912
G1 X154.117 Y139.706 E.4032
G1 X153.541 Y139.706 E.01912
G1 X162.706 Y130.541 E.43024
G1 X162.706 Y129.965 E.01912
G1 X152.965 Y139.706 E.45729
G1 X152.389 Y139.706 E.01912
G1 X162.706 Y129.389 E.48433
G1 X162.706 Y128.813 E.01912
G1 X151.813 Y139.706 E.51138
G1 X151.237 Y139.706 E.01912
G1 X162.706 Y128.237 E.53842
G1 X162.706 Y127.661 E.01912
G1 X150.661 Y139.706 E.56547
G1 X150.084 Y139.706 E.01912
G1 X162.706 Y127.084 E.59251
G1 X162.706 Y126.508 E.01912
G1 X149.508 Y139.706 E.61956
G1 X148.932 Y139.706 E.01912
G1 X162.706 Y125.932 E.6466
G1 X162.706 Y125.356 E.01912
G1 X148.356 Y139.706 E.67365
G1 X147.78 Y139.706 E.01912
G1 X162.706 Y124.78 E.70069
G1 X162.706 Y124.204 E.01912
G1 X147.204 Y139.706 E.72774
G1 X146.628 Y139.706 E.01912
G1 X162.706 Y123.628 E.75478
G1 X162.706 Y123.052 E.01912
G1 X146.052 Y139.706 E.78183
G1 X145.476 Y139.706 E.01912
G1 X162.706 Y122.476 E.80887
G1 X162.706 Y121.9 E.01912
G1 X144.9 Y139.706 E.83592
G1 X144.323 Y139.706 E.01912
G1 X162.706 Y121.323 E.86297
G1 X162.706 Y120.747 E.01912
G1 X143.747 Y139.706 E.89001
G1 X143.171 Y139.706 E.01912
G1 X162.706 Y120.171 E.91706
G1 X162.706 Y119.595 E.01912
G1 X142.595 Y139.706 E.9441
G1 X142.019 Y139.706 E.01912
G1 X162.706 Y119.019 E.97115
G1 X162.706 Y118.443 E.01912
G1 X141.443 Y139.706 E.99819
G1 X140.867 Y139.706 E.01912
G1 X162.706 Y117.867 E1.02524
G1 X162.706 Y117.291 E.01912
G1 X140.291 Y139.706 E1.05228
G1 X139.715 Y139.706 E.01912
G1 X162.706 Y116.715 E1.07933
G1 X162.706 Y116.139 E.01912
G1 X139.139 Y139.706 E1.10637
G1 X138.562 Y139.706 E.01912
G1 X162.706 Y115.562 E1.13342
G1 X162.706 Y114.986 E.01912
G1 X137.986 Y139.706 E1.16046
G1 X137.41 Y139.706 E.01912
G1 X162.706 Y114.41 E1.18751
G1 X162.706 Y113.834 E.01912
G1 X136.834 Y139.706 E1.21455
G1 X136.258 Y139.706 E.01912
G1 X162.706 Y113.258 E1.2416
G1 X162.706 Y112.682 E.01912
G1 X135.682 Y139.706 E1.26864
G1 X135.106 Y139.706 E.01912
G1 X162.706 Y112.106 E1.29569
G1 X162.706 Y111.53 E.01912
G1 X134.53 Y139.706 E1.32273
G1 X133.954 Y139.706 E.01912
G1 X162.706 Y110.954 E1.34978
G1 X162.706 Y110.377 E.01912
G1 X133.377 Y139.706 E1.37682
G1 X132.801 Y139.706 E.01912
G1 X162.706 Y109.801 E1.40387
G1 X162.706 Y109.225 E.01912
G1 X132.225 Y139.706 E1.43091
G1 X131.649 Y139.706 E.01912
G1 X162.706 Y108.649 E1.45796
G1 X162.706 Y108.073 E.01912
G1 X131.073 Y139.706 E1.485
G1 X130.497 Y139.706 E.01912
G1 X162.706 Y107.497 E1.51205
G1 X162.706 Y106.921 E.01912
G1 X129.921 Y139.706 E1.53909
G1 X129.345 Y139.706 E.01912
G1 X162.706 Y106.345 E1.56614
G1 X162.706 Y105.769 E.01912
G1 X128.769 Y139.706 E1.59318
G1 X128.193 Y139.706 E.01912
G1 X162.706 Y105.193 E1.62023
G1 X162.706 Y104.616 E.01912
M73 P35 R45
G1 X127.616 Y139.706 E1.64728
G1 X127.04 Y139.706 E.01912
G1 X162.706 Y104.04 E1.67432
G1 X162.706 Y103.464 E.01912
G1 X126.464 Y139.706 E1.70137
G1 X125.888 Y139.706 E.01912
G1 X162.706 Y102.888 E1.72841
G1 X162.706 Y102.312 E.01912
G1 X125.312 Y139.706 E1.75546
G1 X124.736 Y139.706 E.01912
G1 X162.706 Y101.736 E1.7825
G1 X162.706 Y101.16 E.01912
G1 X124.16 Y139.706 E1.80955
G1 X123.584 Y139.706 E.01912
G1 X162.706 Y100.584 E1.83659
G1 X162.706 Y100.008 E.01912
G1 X123.008 Y139.706 E1.86364
G1 X122.432 Y139.706 E.01912
G1 X162.706 Y99.432 E1.89068
G1 X162.706 Y98.855 E.01912
G1 X121.855 Y139.706 E1.91773
G1 X121.279 Y139.706 E.01912
G1 X162.706 Y98.279 E1.94477
G1 X162.706 Y97.703 E.01912
G1 X120.703 Y139.706 E1.97182
G1 X120.127 Y139.706 E.01912
G1 X162.706 Y97.127 E1.99886
G1 X162.706 Y96.551 E.01912
G1 X119.551 Y139.706 E2.02591
G1 X118.975 Y139.706 E.01912
G1 X162.706 Y95.975 E2.05295
G1 X162.706 Y95.399 E.01912
G1 X118.399 Y139.706 E2.08
G1 X117.823 Y139.706 E.01912
G1 X162.706 Y94.823 E2.10704
G1 X162.706 Y94.247 E.01912
G1 X117.247 Y139.706 E2.13409
G1 X116.671 Y139.706 E.01912
G1 X162.706 Y93.671 E2.16113
G1 X162.706 Y93.094 E.01912
G1 X116.094 Y139.706 E2.18818
G1 X115.518 Y139.706 E.01912
G1 X162.706 Y92.518 E2.21522
G1 X162.706 Y91.942 E.01912
G1 X114.942 Y139.706 E2.24227
G1 X114.366 Y139.706 E.01912
G1 X162.706 Y91.366 E2.26931
G1 X162.706 Y90.79 E.01912
G1 X113.79 Y139.706 E2.29636
G1 X113.214 Y139.706 E.01912
G1 X162.706 Y90.214 E2.3234
G1 X162.706 Y89.638 E.01912
G1 X112.638 Y139.706 E2.35045
G1 X112.062 Y139.706 E.01912
G1 X162.706 Y89.062 E2.37749
G1 X162.706 Y88.486 E.01912
G1 X111.486 Y139.706 E2.40454
G1 X110.909 Y139.706 E.01912
G1 X162.706 Y87.91 E2.43158
G1 X162.706 Y87.333 E.01912
G1 X110.333 Y139.706 E2.45863
G1 X109.757 Y139.706 E.01912
G1 X162.706 Y86.757 E2.48568
G1 X162.706 Y86.181 E.01912
G1 X109.181 Y139.706 E2.51272
G1 X108.605 Y139.706 E.01912
G1 X162.706 Y85.605 E2.53977
G1 X162.706 Y85.029 E.01912
G1 X108.029 Y139.706 E2.56681
G1 X107.453 Y139.706 E.01912
G1 X162.706 Y84.453 E2.59386
G1 X162.706 Y83.877 E.01912
M73 P36 R45
G1 X106.877 Y139.706 E2.6209
G1 X106.301 Y139.706 E.01912
G1 X162.706 Y83.301 E2.64795
G1 X162.706 Y82.725 E.01912
G1 X105.725 Y139.706 E2.67499
G1 X105.148 Y139.706 E.01912
G1 X162.706 Y82.148 E2.70204
G1 X162.706 Y81.572 E.01912
G1 X104.572 Y139.706 E2.72908
G1 X103.996 Y139.706 E.01912
G1 X162.706 Y80.996 E2.75613
G1 X162.706 Y80.42 E.01912
G1 X103.42 Y139.706 E2.78317
G1 X102.844 Y139.706 E.01912
G1 X162.256 Y80.294 E2.78909
G1 X161.68 Y80.294 E.01912
G1 X102.268 Y139.706 E2.78909
G1 X101.692 Y139.706 E.01912
G1 X161.104 Y80.294 E2.78909
G1 X160.528 Y80.294 E.01912
G1 X101.116 Y139.706 E2.78909
G1 X100.54 Y139.706 E.01912
G1 X159.951 Y80.294 E2.78909
G1 X159.375 Y80.294 E.01912
M73 P36 R44
G1 X99.964 Y139.706 E2.78909
G1 X99.387 Y139.706 E.01912
G1 X158.799 Y80.294 E2.78909
G1 X158.223 Y80.294 E.01912
G1 X98.811 Y139.706 E2.78909
G1 X98.235 Y139.706 E.01912
G1 X157.647 Y80.294 E2.78909
G1 X157.071 Y80.294 E.01912
G1 X97.659 Y139.706 E2.78909
G1 X97.083 Y139.706 E.01912
G1 X156.495 Y80.294 E2.78909
G1 X155.919 Y80.294 E.01912
G1 X96.507 Y139.706 E2.78909
G1 X95.931 Y139.706 E.01912
G1 X155.343 Y80.294 E2.78909
G1 X154.767 Y80.294 E.01912
G1 X95.355 Y139.706 E2.78909
G1 X94.779 Y139.706 E.01912
G1 X154.19 Y80.294 E2.78909
G1 X153.614 Y80.294 E.01912
G1 X94.203 Y139.706 E2.78909
G1 X93.626 Y139.706 E.01912
G1 X153.038 Y80.294 E2.78909
G1 X152.462 Y80.294 E.01912
G1 X93.05 Y139.706 E2.78909
G1 X92.474 Y139.706 E.01912
G1 X151.886 Y80.294 E2.78909
G1 X151.31 Y80.294 E.01912
G1 X91.898 Y139.706 E2.78909
G1 X91.322 Y139.706 E.01912
G1 X150.734 Y80.294 E2.78909
G1 X150.158 Y80.294 E.01912
G1 X90.746 Y139.706 E2.78909
G1 X90.17 Y139.706 E.01912
M73 P37 R44
G1 X149.582 Y80.294 E2.78909
G1 X149.005 Y80.294 E.01912
G1 X89.594 Y139.706 E2.78909
G1 X89.018 Y139.706 E.01912
G1 X148.429 Y80.294 E2.78909
G1 X147.853 Y80.294 E.01912
G1 X88.441 Y139.706 E2.78909
G1 X87.865 Y139.706 E.01912
G1 X147.277 Y80.294 E2.78909
G1 X146.701 Y80.294 E.01912
G1 X87.289 Y139.706 E2.78909
G1 X86.713 Y139.706 E.01912
G1 X146.125 Y80.294 E2.78909
G1 X145.549 Y80.294 E.01912
G1 X86.137 Y139.706 E2.78909
G1 X85.561 Y139.706 E.01912
G1 X144.973 Y80.294 E2.78909
G1 X144.397 Y80.294 E.01912
G1 X84.985 Y139.706 E2.78909
G1 X84.409 Y139.706 E.01912
G1 X143.821 Y80.294 E2.78909
G1 X143.244 Y80.294 E.01912
G1 X83.833 Y139.706 E2.78909
G1 X83.257 Y139.706 E.01912
G1 X142.668 Y80.294 E2.78909
G1 X142.092 Y80.294 E.01912
G1 X82.68 Y139.706 E2.78909
G1 X82.104 Y139.706 E.01912
G1 X141.516 Y80.294 E2.78909
G1 X140.94 Y80.294 E.01912
G1 X81.528 Y139.706 E2.78909
G1 X80.952 Y139.706 E.01912
G1 X140.364 Y80.294 E2.78909
G1 X139.788 Y80.294 E.01912
G1 X80.376 Y139.706 E2.78909
G1 X79.8 Y139.706 E.01912
G1 X139.212 Y80.294 E2.78909
G1 X138.636 Y80.294 E.01912
G1 X79.224 Y139.706 E2.78909
G1 X78.648 Y139.706 E.01912
G1 X138.06 Y80.294 E2.78909
G1 X137.483 Y80.294 E.01912
G1 X78.072 Y139.706 E2.78909
G1 X77.496 Y139.706 E.01912
M73 P37 R43
G1 X136.907 Y80.294 E2.78909
G1 X136.331 Y80.294 E.01912
G1 X76.919 Y139.706 E2.78909
G1 X76.343 Y139.706 E.01912
G1 X135.755 Y80.294 E2.78909
G1 X135.179 Y80.294 E.01912
G1 X75.767 Y139.706 E2.78909
G1 X75.191 Y139.706 E.01912
G1 X134.603 Y80.294 E2.78909
G1 X134.027 Y80.294 E.01912
G1 X74.615 Y139.706 E2.78909
G1 X74.039 Y139.706 E.01912
M73 P38 R43
G1 X133.451 Y80.294 E2.78909
G1 X132.875 Y80.294 E.01912
G1 X73.463 Y139.706 E2.78909
G1 X72.887 Y139.706 E.01912
G1 X132.299 Y80.294 E2.78909
G1 X131.722 Y80.294 E.01912
G1 X72.311 Y139.706 E2.78909
G1 X71.735 Y139.706 E.01912
G1 X131.146 Y80.294 E2.78909
G1 X130.57 Y80.294 E.01912
G1 X71.158 Y139.706 E2.78909
G1 X70.582 Y139.706 E.01912
G1 X129.994 Y80.294 E2.78909
G1 X129.418 Y80.294 E.01912
G1 X70.006 Y139.706 E2.78909
G1 X69.43 Y139.706 E.01912
G1 X128.842 Y80.294 E2.78909
G1 X128.266 Y80.294 E.01912
G1 X68.854 Y139.706 E2.78909
G1 X68.278 Y139.706 E.01912
G1 X127.69 Y80.294 E2.78909
G1 X127.114 Y80.294 E.01912
G1 X67.702 Y139.706 E2.78909
G1 X67.126 Y139.706 E.01912
G1 X126.537 Y80.294 E2.78909
G1 X125.961 Y80.294 E.01912
G1 X66.55 Y139.706 E2.78909
G1 X65.973 Y139.706 E.01912
G1 X125.385 Y80.294 E2.78909
G1 X124.809 Y80.294 E.01912
G1 X65.397 Y139.706 E2.78909
G1 X64.821 Y139.706 E.01912
G1 X124.233 Y80.294 E2.78909
G1 X123.657 Y80.294 E.01912
G1 X64.245 Y139.706 E2.78909
G1 X63.669 Y139.706 E.01912
G1 X123.081 Y80.294 E2.78909
G1 X122.505 Y80.294 E.01912
G1 X63.093 Y139.706 E2.78909
G1 X62.517 Y139.706 E.01912
G1 X121.929 Y80.294 E2.78909
G1 X121.353 Y80.294 E.01912
G1 X61.941 Y139.706 E2.78909
G1 X61.365 Y139.706 E.01912
G1 X120.776 Y80.294 E2.78909
G1 X120.2 Y80.294 E.01912
G1 X60.789 Y139.706 E2.78909
G1 X60.212 Y139.706 E.01912
G1 X119.624 Y80.294 E2.78909
G1 X119.048 Y80.294 E.01912
G1 X59.636 Y139.706 E2.78909
G1 X59.06 Y139.706 E.01912
G1 X118.472 Y80.294 E2.78909
G1 X117.896 Y80.294 E.01912
G1 X58.484 Y139.706 E2.78909
G1 X57.908 Y139.706 E.01912
M73 P39 R43
G1 X117.32 Y80.294 E2.78909
G1 X116.744 Y80.294 E.01912
G1 X57.332 Y139.706 E2.78909
G1 X57.294 Y139.706 E.00126
G1 X57.294 Y139.168 E.01787
G1 X116.168 Y80.294 E2.76382
G1 X115.592 Y80.294 E.01912
G1 X57.294 Y138.592 E2.73678
G1 X57.294 Y138.015 E.01912
G1 X115.015 Y80.294 E2.70973
G1 X114.439 Y80.294 E.01912
G1 X57.294 Y137.439 E2.68269
G1 X57.294 Y136.863 E.01912
M73 P39 R42
G1 X113.863 Y80.294 E2.65564
G1 X113.287 Y80.294 E.01912
G1 X57.294 Y136.287 E2.62859
G1 X57.294 Y135.711 E.01912
G1 X112.711 Y80.294 E2.60155
G1 X112.135 Y80.294 E.01912
G1 X57.294 Y135.135 E2.5745
G1 X57.294 Y134.559 E.01912
G1 X111.559 Y80.294 E2.54746
G1 X110.983 Y80.294 E.01912
G1 X57.294 Y133.983 E2.52041
G1 X57.294 Y133.407 E.01912
G1 X110.407 Y80.294 E2.49337
G1 X109.831 Y80.294 E.01912
G1 X57.294 Y132.83 E2.46632
G1 X57.294 Y132.254 E.01912
G1 X109.254 Y80.294 E2.43928
G1 X108.678 Y80.294 E.01912
G1 X57.294 Y131.678 E2.41223
G1 X57.294 Y131.102 E.01912
G1 X108.102 Y80.294 E2.38519
G1 X107.526 Y80.294 E.01912
G1 X57.294 Y130.526 E2.35814
G1 X57.294 Y129.95 E.01912
G1 X106.95 Y80.294 E2.3311
G1 X106.374 Y80.294 E.01912
G1 X57.294 Y129.374 E2.30405
G1 X57.294 Y128.798 E.01912
G1 X105.798 Y80.294 E2.27701
G1 X105.222 Y80.294 E.01912
G1 X57.294 Y128.222 E2.24996
G1 X57.294 Y127.646 E.01912
G1 X104.646 Y80.294 E2.22292
G1 X104.069 Y80.294 E.01912
G1 X57.294 Y127.069 E2.19587
G1 X57.294 Y126.493 E.01912
G1 X103.493 Y80.294 E2.16883
G1 X102.917 Y80.294 E.01912
G1 X57.294 Y125.917 E2.14178
G1 X57.294 Y125.341 E.01912
G1 X102.341 Y80.294 E2.11474
G1 X101.765 Y80.294 E.01912
G1 X57.294 Y124.765 E2.08769
G1 X57.294 Y124.189 E.01912
G1 X101.189 Y80.294 E2.06065
G1 X100.613 Y80.294 E.01912
G1 X57.294 Y123.613 E2.0336
G1 X57.294 Y123.037 E.01912
G1 X100.037 Y80.294 E2.00656
G1 X99.461 Y80.294 E.01912
G1 X57.294 Y122.461 E1.97951
G1 X57.294 Y121.885 E.01912
M73 P40 R42
G1 X98.885 Y80.294 E1.95247
G1 X98.308 Y80.294 E.01912
G1 X57.294 Y121.308 E1.92542
G1 X57.294 Y120.732 E.01912
G1 X97.732 Y80.294 E1.89838
G1 X97.156 Y80.294 E.01912
G1 X57.294 Y120.156 E1.87133
G1 X57.294 Y119.58 E.01912
G1 X96.58 Y80.294 E1.84429
G1 X96.004 Y80.294 E.01912
G1 X57.294 Y119.004 E1.81724
G1 X57.294 Y118.428 E.01912
G1 X95.428 Y80.294 E1.79019
G1 X94.852 Y80.294 E.01912
G1 X57.294 Y117.852 E1.76315
G1 X57.294 Y117.276 E.01912
G1 X94.276 Y80.294 E1.7361
G1 X93.7 Y80.294 E.01912
G1 X57.294 Y116.7 E1.70906
G1 X57.294 Y116.124 E.01912
G1 X93.124 Y80.294 E1.68201
G1 X92.547 Y80.294 E.01912
G1 X57.294 Y115.547 E1.65497
G1 X57.294 Y114.971 E.01912
G1 X91.971 Y80.294 E1.62792
G1 X91.395 Y80.294 E.01912
G1 X57.294 Y114.395 E1.60088
G1 X57.294 Y113.819 E.01912
G1 X90.819 Y80.294 E1.57383
G1 X90.243 Y80.294 E.01912
G1 X57.294 Y113.243 E1.54679
G1 X57.294 Y112.667 E.01912
G1 X89.667 Y80.294 E1.51974
G1 X89.091 Y80.294 E.01912
G1 X57.294 Y112.091 E1.4927
G1 X57.294 Y111.515 E.01912
G1 X88.515 Y80.294 E1.46565
G1 X87.939 Y80.294 E.01912
G1 X57.294 Y110.939 E1.43861
G1 X57.294 Y110.362 E.01912
G1 X87.363 Y80.294 E1.41156
G1 X86.786 Y80.294 E.01912
G1 X57.294 Y109.786 E1.38452
G1 X57.294 Y109.21 E.01912
G1 X86.21 Y80.294 E1.35747
G1 X85.634 Y80.294 E.01912
G1 X57.294 Y108.634 E1.33043
G1 X57.294 Y108.058 E.01912
G1 X85.058 Y80.294 E1.30338
G1 X84.482 Y80.294 E.01912
G1 X57.294 Y107.482 E1.27634
G1 X57.294 Y106.906 E.01912
G1 X83.906 Y80.294 E1.24929
G1 X83.33 Y80.294 E.01912
G1 X57.294 Y106.33 E1.22225
G1 X57.294 Y105.754 E.01912
G1 X82.754 Y80.294 E1.1952
G1 X82.178 Y80.294 E.01912
G1 X57.294 Y105.178 E1.16816
G1 X57.294 Y104.601 E.01912
M73 P40 R41
G1 X81.601 Y80.294 E1.14111
G1 X81.025 Y80.294 E.01912
G1 X57.294 Y104.025 E1.11407
G1 X57.294 Y103.449 E.01912
G1 X80.449 Y80.294 E1.08702
G1 X79.873 Y80.294 E.01912
G1 X57.294 Y102.873 E1.05998
G1 X57.294 Y102.297 E.01912
G1 X79.297 Y80.294 E1.03293
G1 X78.721 Y80.294 E.01912
G1 X57.294 Y101.721 E1.00588
G1 X57.294 Y101.145 E.01912
G1 X78.145 Y80.294 E.97884
G1 X77.569 Y80.294 E.01912
G1 X57.294 Y100.569 E.95179
G1 X57.294 Y99.993 E.01912
G1 X76.993 Y80.294 E.92475
G1 X76.417 Y80.294 E.01912
G1 X57.294 Y99.417 E.8977
G1 X57.294 Y98.84 E.01912
G1 X75.84 Y80.294 E.87066
G1 X75.264 Y80.294 E.01912
G1 X57.294 Y98.264 E.84361
G1 X57.294 Y97.688 E.01912
G1 X74.688 Y80.294 E.81657
G1 X74.112 Y80.294 E.01912
G1 X57.294 Y97.112 E.78952
G1 X57.294 Y96.536 E.01912
G1 X73.536 Y80.294 E.76248
G1 X72.96 Y80.294 E.01912
G1 X57.294 Y95.96 E.73543
G1 X57.294 Y95.384 E.01912
G1 X72.384 Y80.294 E.70839
G1 X71.808 Y80.294 E.01912
G1 X57.294 Y94.808 E.68134
G1 X57.294 Y94.232 E.01912
G1 X71.232 Y80.294 E.6543
G1 X70.656 Y80.294 E.01912
G1 X57.294 Y93.656 E.62725
G1 X57.294 Y93.079 E.01912
G1 X70.079 Y80.294 E.60021
G1 X69.503 Y80.294 E.01912
G1 X57.294 Y92.503 E.57316
G1 X57.294 Y91.927 E.01912
G1 X68.927 Y80.294 E.54612
G1 X68.351 Y80.294 E.01912
G1 X57.294 Y91.351 E.51907
G1 X57.294 Y90.775 E.01912
G1 X67.775 Y80.294 E.49203
G1 X67.199 Y80.294 E.01912
G1 X57.294 Y90.199 E.46498
G1 X57.294 Y89.623 E.01912
G1 X66.623 Y80.294 E.43794
G1 X66.047 Y80.294 E.01912
G1 X57.294 Y89.047 E.41089
G1 X57.294 Y88.471 E.01912
G1 X65.471 Y80.294 E.38385
G1 X64.895 Y80.294 E.01912
G1 X57.294 Y87.895 E.3568
G1 X57.294 Y87.318 E.01912
G1 X64.318 Y80.294 E.32976
G1 X63.742 Y80.294 E.01912
M73 P41 R41
G1 X57.294 Y86.742 E.30271
G1 X57.294 Y86.166 E.01912
G1 X63.166 Y80.294 E.27567
G1 X62.59 Y80.294 E.01912
G1 X57.294 Y85.59 E.24862
G1 X57.294 Y85.014 E.01912
G1 X62.014 Y80.294 E.22157
G1 X61.438 Y80.294 E.01912
G1 X57.294 Y84.438 E.19453
G1 X57.294 Y83.862 E.01912
G1 X60.862 Y80.294 E.16748
G1 X60.286 Y80.294 E.01912
G1 X57.294 Y83.286 E.14044
G1 X57.294 Y82.71 E.01912
G1 X59.71 Y80.294 E.11339
G1 X59.133 Y80.294 E.01912
G1 X57.294 Y82.133 E.08635
G1 X57.294 Y81.557 E.01912
G1 X58.557 Y80.294 E.0593
G1 X57.981 Y80.294 E.01912
G1 X57.111 Y81.164 E.04086
; stop printing object 06_sliding_electronics_carrier_ESP32_PH.stl id:0 copy 0
;TIME_ELAPSED:1742.561279

;LAYER_CHANGE
;:1
;HEIGHT:0.2
;BEFORE_LAYER_CHANGE
;1
G92 E0
;TIME_ELAPSED:1781.814209
G1 E-4.5 F2700
;WIPE_START
G1 F3600
G1 X57.981 Y80.294 E-.29233
G1 X58.557 Y80.294 E-.13682
G1 X58.421 Y80.431 E-.04585
;WIPE_END
G1 E-.025 F2700
;_SET_FAN_SPEED_CHANGING_LAYER
; OBJECT_ID: 15
; printing object 06_sliding_electronics_carrier_ESP32_PH.stl id:0 copy 0
M205 X8 Y8
G17
G3 Z1.2 I-1.217 J-.029 P1  F7200
G1 X57.009 Y139.991 Z1.2
G1 Z1
G1 E5 F2400
M205 X10 Y10
;TYPE:Inner wall
;WIDTH:0.449999
G1 F2700
G1 X57.009 Y80.009 E1.9897
G1 X162.991 Y80.009 E3.5156
G1 X162.991 Y139.991 E1.9897
G1 X57.049 Y139.991 E3.51427
M205 X8 Y8
G1 X56.602 Y140.398 F7200
M205 X10 Y10
G1 F2700
G1 X56.602 Y79.602 E2.01671
G1 X163.398 Y79.602 E3.54261
G1 X163.398 Y140.398 E2.01671
G1 X56.642 Y140.398 E3.54128
M205 X8 Y8
G1 X56.21 Y140.79 F7200
M205 X10 Y10
;TYPE:Outer wall
;WIDTH:0.419999
G1 F2400
G1 X56.21 Y79.21 E1.89218
G1 X163.79 Y79.21 E3.30563
G1 X163.79 Y140.79 E1.89218
G1 X56.25 Y140.79 E3.3044
G1 E-4.5 F2700
;WIPE_START
G1 F2400
G1 X56.249 Y138.79 E-.475
;WIPE_END
G1 E-.025 F2700
M205 X8 Y8
G1 X57.294 Y80.875 Z1.4 F7200
G1 Z1
G1 E5 F2400
M205 X10 Y10
;TYPE:Sparse infill
;WIDTH:0.45
G1 F3000
G1 X57.294 Y80.294 E.01928
G1 X58.341 Y80.294 E.03474
G1 X59.312 Y81.033 E.04047
G1 X59.869 Y81.688 E.02853
G1 X60.227 Y82.343 E.02476
G1 X60.454 Y82.998 E.023
G1 X60.566 Y83.654 E.02205
G1 X60.499 Y84.309 E.02185
G1 X60.33 Y84.636 E.01223
G1 X60.012 Y84.964 E.01513
G1 X59.051 Y85.619 E.0386
G1 X58.203 Y86.274 E.03555
G1 X57.646 Y86.929 E.02853
G1 X57.294 Y87.574 E.02436
G1 X57.294 Y89.99 E.08015
G1 X57.503 Y90.205 E.00994
G1 X58.464 Y90.86 E.0386
G1 X59.312 Y91.516 E.03555
G1 X59.869 Y92.171 E.02853
G1 X60.227 Y92.826 E.02476
G1 X60.454 Y93.481 E.023
G1 X60.566 Y94.136 E.02205
G1 X60.499 Y94.791 E.02185
G1 X60.33 Y95.119 E.01223
G1 X60.012 Y95.447 E.01513
G1 X59.051 Y96.102 E.0386
G1 X58.203 Y96.757 E.03555
G1 X57.646 Y97.412 E.02853
G1 X57.294 Y98.057 E.02436
G1 X57.294 Y100.473 E.08015
G1 X57.503 Y100.688 E.00994
G1 X58.464 Y101.343 E.0386
G1 X59.312 Y101.998 E.03555
G1 X59.869 Y102.653 E.02853
G1 X60.227 Y103.309 E.02476
G1 X60.454 Y103.964 E.023
G1 X60.566 Y104.619 E.02205
G1 X60.499 Y105.274 E.02185
G1 X60.33 Y105.602 E.01223
G1 X60.012 Y105.929 E.01513
G1 X59.051 Y106.584 E.0386
G1 X58.203 Y107.24 E.03555
G1 X57.646 Y107.895 E.02853
G1 X57.294 Y108.539 E.02436
G1 X57.294 Y110.955 E.08015
G1 X57.503 Y111.171 E.00994
G1 X58.464 Y111.826 E.0386
G1 X59.312 Y112.481 E.03555
G1 X59.869 Y113.136 E.02853
G1 X60.227 Y113.791 E.02476
G1 X60.454 Y114.446 E.023
G1 X60.566 Y115.101 E.02205
G1 X60.499 Y115.757 E.02185
G1 X60.33 Y116.084 E.01223
G1 X60.012 Y116.412 E.01513
G1 X59.051 Y117.067 E.0386
G1 X58.203 Y117.722 E.03555
G1 X57.646 Y118.377 E.02853
G1 X57.294 Y119.022 E.02436
G1 X57.294 Y121.438 E.08015
G1 X57.503 Y121.653 E.00994
G1 X58.464 Y122.308 E.0386
G1 X59.312 Y122.963 E.03555
G1 X59.869 Y123.619 E.02853
G1 X60.227 Y124.274 E.02476
G1 X60.454 Y124.929 E.023
G1 X60.566 Y125.584 E.02205
G1 X60.499 Y126.239 E.02185
G1 X60.33 Y126.567 E.01223
G1 X60.012 Y126.894 E.01513
G1 X59.051 Y127.55 E.0386
G1 X58.203 Y128.205 E.03555
G1 X57.646 Y128.86 E.02853
G1 X57.294 Y129.504 E.02436
G1 X57.294 Y131.921 E.08015
G1 X57.503 Y132.136 E.00994
G1 X58.464 Y132.791 E.0386
G1 X59.312 Y133.446 E.03555
G1 X59.869 Y134.101 E.02853
G1 X60.227 Y134.756 E.02476
G1 X60.454 Y135.412 E.023
G1 X60.566 Y136.067 E.02205
G1 X60.499 Y136.722 E.02185
G1 X60.33 Y137.049 E.01223
G1 X60.012 Y137.377 E.01513
G1 X59.051 Y138.032 E.0386
G1 X58.203 Y138.687 E.03555
G1 X57.646 Y139.343 E.02853
G1 X57.448 Y139.706 E.01373
G1 X62.429 Y139.706 E.16523
G1 X62.303 Y139.343 E.01276
G1 X62.19 Y138.687 E.02205
G1 X62.257 Y138.032 E.02185
G1 X62.426 Y137.705 E.01223
G1 X62.744 Y137.377 E.01513
G1 X63.705 Y136.722 E.0386
G1 X64.553 Y136.067 E.03555
G1 X65.11 Y135.412 E.02853
G1 X65.468 Y134.756 E.02476
G1 X65.695 Y134.101 E.023
G1 X65.807 Y133.446 E.02205
G1 X65.74 Y132.791 E.02185
G1 X65.571 Y132.463 E.01223
G1 X65.254 Y132.136 E.01513
G1 X64.292 Y131.481 E.0386
G1 X63.444 Y130.825 E.03555
G1 X62.887 Y130.17 E.02853
G1 X62.53 Y129.515 E.02476
G1 X62.303 Y128.86 E.023
G1 X62.19 Y128.205 E.02205
G1 X62.257 Y127.55 E.02185
G1 X62.426 Y127.222 E.01223
G1 X62.744 Y126.894 E.01513
G1 X63.705 Y126.239 E.0386
G1 X64.553 Y125.584 E.03555
G1 X65.11 Y124.929 E.02853
G1 X65.468 Y124.274 E.02476
G1 X65.695 Y123.619 E.023
G1 X65.807 Y122.963 E.02205
G1 X65.74 Y122.308 E.02185
G1 X65.571 Y121.981 E.01223
G1 X65.254 Y121.653 E.01513
G1 X64.292 Y120.998 E.0386
G1 X63.444 Y120.343 E.03555
G1 X62.887 Y119.688 E.02853
G1 X62.53 Y119.032 E.02476
G1 X62.303 Y118.377 E.023
G1 X62.19 Y117.722 E.02205
G1 X62.257 Y117.067 E.02185
G1 X62.426 Y116.739 E.01223
G1 X62.744 Y116.412 E.01513
G1 X63.705 Y115.757 E.0386
G1 X64.553 Y115.101 E.03555
G1 X65.11 Y114.446 E.02853
G1 X65.468 Y113.791 E.02476
G1 X65.695 Y113.136 E.023
G1 X65.807 Y112.481 E.02205
G1 X65.74 Y111.826 E.02185
G1 X65.571 Y111.498 E.01223
G1 X65.254 Y111.171 E.01513
G1 X64.292 Y110.515 E.0386
G1 X63.444 Y109.86 E.03555
G1 X62.887 Y109.205 E.02853
G1 X62.53 Y108.55 E.02476
G1 X62.303 Y107.895 E.023
G1 X62.19 Y107.24 E.02205
G1 X62.257 Y106.584 E.02185
G1 X62.426 Y106.257 E.01223
G1 X62.744 Y105.929 E.01513
G1 X63.705 Y105.274 E.0386
G1 X64.553 Y104.619 E.03555
G1 X65.11 Y103.964 E.02853
G1 X65.468 Y103.309 E.02476
G1 X65.695 Y102.653 E.023
G1 X65.807 Y101.998 E.02205
G1 X65.74 Y101.343 E.02185
G1 X65.571 Y101.015 E.01223
G1 X65.254 Y100.688 E.01513
G1 X64.292 Y100.033 E.0386
G1 X63.444 Y99.378 E.03555
G1 X62.887 Y98.722 E.02853
G1 X62.53 Y98.067 E.02476
G1 X62.303 Y97.412 E.023
G1 X62.19 Y96.757 E.02205
G1 X62.257 Y96.102 E.02185
G1 X62.426 Y95.774 E.01223
G1 X62.744 Y95.447 E.01513
G1 X63.705 Y94.791 E.0386
G1 X64.553 Y94.136 E.03555
G1 X65.11 Y93.481 E.02853
G1 X65.468 Y92.826 E.02476
G1 X65.695 Y92.171 E.023
G1 X65.807 Y91.516 E.02205
G1 X65.74 Y90.86 E.02185
G1 X65.571 Y90.533 E.01223
G1 X65.254 Y90.205 E.01513
G1 X64.292 Y89.55 E.0386
G1 X63.444 Y88.895 E.03555
G1 X62.887 Y88.24 E.02853
G1 X62.53 Y87.585 E.02476
G1 X62.303 Y86.929 E.023
G1 X62.19 Y86.274 E.02205
G1 X62.257 Y85.619 E.02185
G1 X62.426 Y85.292 E.01223
G1 X62.744 Y84.964 E.01513
G1 X63.705 Y84.309 E.0386
G1 X64.553 Y83.654 E.03555
G1 X65.11 Y82.998 E.02853
G1 X65.468 Y82.343 E.02476
G1 X65.695 Y81.688 E.023
G1 X65.807 Y81.033 E.02205
G1 X65.74 Y80.378 E.02185
G1 X65.697 Y80.294 E.00313
G1 X68.824 Y80.294 E.10372
G1 X69.795 Y81.033 E.04047
G1 X70.352 Y81.688 E.02853
G1 X70.709 Y82.343 E.02476
G1 X70.936 Y82.998 E.023
G1 X71.048 Y83.654 E.02205
G1 X70.982 Y84.309 E.02185
G1 X70.812 Y84.636 E.01223
G1 X70.495 Y84.964 E.01513
G1 X69.533 Y85.619 E.0386
G1 X68.685 Y86.274 E.03555
G1 X68.128 Y86.929 E.02853
G1 X67.771 Y87.585 E.02476
G1 X67.544 Y88.24 E.023
G1 X67.432 Y88.895 E.02205
G1 X67.499 Y89.55 E.02185
G1 X67.668 Y89.878 E.01223
G1 X67.985 Y90.205 E.01513
G1 X68.947 Y90.86 E.0386
G1 X69.795 Y91.516 E.03555
G1 X70.352 Y92.171 E.02853
G1 X70.709 Y92.826 E.02476
G1 X70.936 Y93.481 E.023
G1 X71.048 Y94.136 E.02205
G1 X70.982 Y94.791 E.02185
G1 X70.812 Y95.119 E.01223
G1 X70.495 Y95.447 E.01513
G1 X69.533 Y96.102 E.0386
G1 X68.685 Y96.757 E.03555
G1 X68.128 Y97.412 E.02853
G1 X67.771 Y98.067 E.02476
G1 X67.544 Y98.722 E.023
G1 X67.432 Y99.378 E.02205
G1 X67.499 Y100.033 E.02185
G1 X67.668 Y100.36 E.01223
G1 X67.985 Y100.688 E.01513
G1 X68.947 Y101.343 E.0386
G1 X69.795 Y101.998 E.03555
G1 X70.352 Y102.653 E.02853
G1 X70.709 Y103.309 E.02476
G1 X70.936 Y103.964 E.023
G1 X71.048 Y104.619 E.02205
G1 X70.982 Y105.274 E.02185
G1 X70.812 Y105.602 E.01223
G1 X70.495 Y105.929 E.01513
G1 X69.533 Y106.584 E.0386
G1 X68.685 Y107.24 E.03555
G1 X68.128 Y107.895 E.02853
G1 X67.771 Y108.55 E.02476
G1 X67.544 Y109.205 E.023
G1 X67.432 Y109.86 E.02205
G1 X67.499 Y110.515 E.02185
G1 X67.668 Y110.843 E.01223
G1 X67.985 Y111.171 E.01513
G1 X68.947 Y111.826 E.0386
G1 X69.795 Y112.481 E.03555
G1 X70.352 Y113.136 E.02853
G1 X70.709 Y113.791 E.02476
G1 X70.936 Y114.446 E.023
G1 X71.048 Y115.101 E.02205
G1 X70.982 Y115.757 E.02185
G1 X70.812 Y116.084 E.01223
G1 X70.495 Y116.412 E.01513
G1 X69.533 Y117.067 E.0386
G1 X68.685 Y117.722 E.03555
G1 X68.128 Y118.377 E.02853
G1 X67.771 Y119.032 E.02476
G1 X67.544 Y119.688 E.023
G1 X67.432 Y120.343 E.02205
G1 X67.499 Y120.998 E.02185
G1 X67.668 Y121.326 E.01223
G1 X67.985 Y121.653 E.01513
G1 X68.947 Y122.308 E.0386
G1 X69.795 Y122.963 E.03555
G1 X70.352 Y123.619 E.02853
G1 X70.709 Y124.274 E.02476
G1 X70.936 Y124.929 E.023
G1 X71.048 Y125.584 E.02205
G1 X70.982 Y126.239 E.02185
G1 X70.812 Y126.567 E.01223
G1 X70.495 Y126.894 E.01513
G1 X69.533 Y127.55 E.0386
G1 X68.685 Y128.205 E.03555
G1 X68.128 Y128.86 E.02853
G1 X67.771 Y129.515 E.02476
G1 X67.544 Y130.17 E.023
G1 X67.432 Y130.825 E.02205
G1 X67.499 Y131.481 E.02185
G1 X67.668 Y131.808 E.01223
G1 X67.985 Y132.136 E.01513
G1 X68.947 Y132.791 E.0386
G1 X69.795 Y133.446 E.03555
G1 X70.352 Y134.101 E.02853
G1 X70.709 Y134.756 E.02476
G1 X70.936 Y135.412 E.023
G1 X71.048 Y136.067 E.02205
G1 X70.982 Y136.722 E.02185
G1 X70.812 Y137.049 E.01223
G1 X70.495 Y137.377 E.01513
G1 X69.533 Y138.032 E.0386
G1 X68.685 Y138.687 E.03555
G1 X68.128 Y139.343 E.02853
G1 X67.93 Y139.706 E.01373
G1 X72.911 Y139.706 E.16523
G1 X72.785 Y139.343 E.01276
G1 X72.673 Y138.687 E.02205
G1 X72.74 Y138.032 E.02185
G1 X72.909 Y137.705 E.01223
G1 X73.226 Y137.377 E.01513
G1 X74.188 Y136.722 E.0386
G1 X75.036 Y136.067 E.03555
G1 X75.593 Y135.412 E.02853
G1 X75.951 Y134.756 E.02476
G1 X76.177 Y134.101 E.023
G1 X76.29 Y133.446 E.02205
G1 X76.223 Y132.791 E.02185
G1 X76.054 Y132.463 E.01223
G1 X75.736 Y132.136 E.01513
G1 X74.775 Y131.481 E.0386
G1 X73.927 Y130.825 E.03555
G1 X73.37 Y130.17 E.02853
G1 X73.012 Y129.515 E.02476
G1 X72.785 Y128.86 E.023
G1 X72.673 Y128.205 E.02205
G1 X72.74 Y127.55 E.02185
G1 X72.909 Y127.222 E.01223
G1 X73.226 Y126.894 E.01513
G1 X74.188 Y126.239 E.0386
G1 X75.036 Y125.584 E.03555
G1 X75.593 Y124.929 E.02853
G1 X75.951 Y124.274 E.02476
G1 X76.177 Y123.619 E.023
G1 X76.29 Y122.963 E.02205
G1 X76.223 Y122.308 E.02185
G1 X76.054 Y121.981 E.01223
G1 X75.736 Y121.653 E.01513
G1 X74.775 Y120.998 E.0386
G1 X73.927 Y120.343 E.03555
G1 X73.37 Y119.688 E.02853
G1 X73.012 Y119.032 E.02476
G1 X72.785 Y118.377 E.023
G1 X72.673 Y117.722 E.02205
G1 X72.74 Y117.067 E.02185
G1 X72.909 Y116.739 E.01223
G1 X73.226 Y116.412 E.01513
G1 X74.188 Y115.757 E.0386
G1 X75.036 Y115.101 E.03555
G1 X75.593 Y114.446 E.02853
G1 X75.951 Y113.791 E.02476
G1 X76.177 Y113.136 E.023
G1 X76.29 Y112.481 E.02205
G1 X76.223 Y111.826 E.02185
G1 X76.054 Y111.498 E.01223
G1 X75.736 Y111.171 E.01513
G1 X74.775 Y110.515 E.0386
G1 X73.927 Y109.86 E.03555
G1 X73.37 Y109.205 E.02853
G1 X73.012 Y108.55 E.02476
G1 X72.785 Y107.895 E.023
G1 X72.673 Y107.24 E.02205
G1 X72.74 Y106.584 E.02185
G1 X72.909 Y106.257 E.01223
G1 X73.226 Y105.929 E.01513
G1 X74.188 Y105.274 E.0386
G1 X75.036 Y104.619 E.03555
G1 X75.593 Y103.964 E.02853
G1 X75.951 Y103.309 E.02476
G1 X76.177 Y102.653 E.023
G1 X76.29 Y101.998 E.02205
G1 X76.223 Y101.343 E.02185
G1 X76.054 Y101.015 E.01223
G1 X75.736 Y100.688 E.01513
G1 X74.775 Y100.033 E.0386
G1 X73.927 Y99.378 E.03555
G1 X73.37 Y98.722 E.02853
G1 X73.012 Y98.067 E.02476
G1 X72.785 Y97.412 E.023
G1 X72.673 Y96.757 E.02205
G1 X72.74 Y96.102 E.02185
G1 X72.909 Y95.774 E.01223
G1 X73.226 Y95.447 E.01513
G1 X74.188 Y94.791 E.0386
G1 X75.036 Y94.136 E.03555
G1 X75.593 Y93.481 E.02853
G1 X75.951 Y92.826 E.02476
G1 X76.177 Y92.171 E.023
G1 X76.29 Y91.516 E.02205
G1 X76.223 Y90.86 E.02185
G1 X76.054 Y90.533 E.01223
G1 X75.736 Y90.205 E.01513
G1 X74.775 Y89.55 E.0386
G1 X73.927 Y88.895 E.03555
G1 X73.37 Y88.24 E.02853
G1 X73.012 Y87.585 E.02476
G1 X72.785 Y86.929 E.023
G1 X72.673 Y86.274 E.02205
G1 X72.74 Y85.619 E.02185
G1 X72.909 Y85.292 E.01223
G1 X73.226 Y84.964 E.01513
G1 X74.188 Y84.309 E.0386
G1 X75.036 Y83.654 E.03555
G1 X75.593 Y82.998 E.02853
G1 X75.951 Y82.343 E.02476
G1 X76.177 Y81.688 E.023
G1 X76.29 Y81.033 E.02205
G1 X76.223 Y80.378 E.02185
G1 X76.18 Y80.294 E.00313
G1 X79.306 Y80.294 E.10372
G1 X80.277 Y81.033 E.04047
G1 X80.834 Y81.688 E.02853
G1 X81.192 Y82.343 E.02476
G1 X81.419 Y82.998 E.023
G1 X81.531 Y83.654 E.02205
G1 X81.464 Y84.309 E.02185
G1 X81.295 Y84.636 E.01223
G1 X80.978 Y84.964 E.01513
G1 X80.016 Y85.619 E.0386
G1 X79.168 Y86.274 E.03555
G1 X78.611 Y86.929 E.02853
G1 X78.254 Y87.585 E.02476
G1 X78.027 Y88.24 E.023
G1 X77.914 Y88.895 E.02205
G1 X77.981 Y89.55 E.02185
G1 X78.15 Y89.878 E.01223
G1 X78.468 Y90.205 E.01513
G1 X79.429 Y90.86 E.0386
G1 X80.277 Y91.516 E.03555
G1 X80.834 Y92.171 E.02853
G1 X81.192 Y92.826 E.02476
G1 X81.419 Y93.481 E.023
G1 X81.531 Y94.136 E.02205
G1 X81.464 Y94.791 E.02185
G1 X81.295 Y95.119 E.01223
G1 X80.978 Y95.447 E.01513
G1 X80.016 Y96.102 E.0386
G1 X79.168 Y96.757 E.03555
G1 X78.611 Y97.412 E.02853
G1 X78.254 Y98.067 E.02476
G1 X78.027 Y98.722 E.023
G1 X77.914 Y99.378 E.02205
G1 X77.981 Y100.033 E.02185
G1 X78.15 Y100.36 E.01223
G1 X78.468 Y100.688 E.01513
G1 X79.429 Y101.343 E.0386
G1 X80.277 Y101.998 E.03555
G1 X80.834 Y102.653 E.02853
G1 X81.192 Y103.309 E.02476
G1 X81.419 Y103.964 E.023
G1 X81.531 Y104.619 E.02205
G1 X81.464 Y105.274 E.02185
G1 X81.295 Y105.602 E.01223
G1 X80.978 Y105.929 E.01513
G1 X80.016 Y106.584 E.0386
G1 X79.168 Y107.24 E.03555
G1 X78.611 Y107.895 E.02853
G1 X78.254 Y108.55 E.02476
G1 X78.027 Y109.205 E.023
G1 X77.914 Y109.86 E.02205
G1 X77.981 Y110.515 E.02185
G1 X78.15 Y110.843 E.01223
G1 X78.468 Y111.171 E.01513
G1 X79.429 Y111.826 E.0386
G1 X80.277 Y112.481 E.03555
G1 X80.834 Y113.136 E.02853
G1 X81.192 Y113.791 E.02476
G1 X81.419 Y114.446 E.023
G1 X81.531 Y115.101 E.02205
G1 X81.464 Y115.757 E.02185
G1 X81.295 Y116.084 E.01223
G1 X80.978 Y116.412 E.01513
G1 X80.016 Y117.067 E.0386
G1 X79.168 Y117.722 E.03555
G1 X78.611 Y118.377 E.02853
G1 X78.254 Y119.032 E.02476
G1 X78.027 Y119.688 E.023
G1 X77.914 Y120.343 E.02205
G1 X77.981 Y120.998 E.02185
G1 X78.15 Y121.326 E.01223
G1 X78.468 Y121.653 E.01513
G1 X79.429 Y122.308 E.0386
G1 X80.277 Y122.963 E.03555
G1 X80.834 Y123.619 E.02853
G1 X81.192 Y124.274 E.02476
G1 X81.419 Y124.929 E.023
G1 X81.531 Y125.584 E.02205
G1 X81.464 Y126.239 E.02185
G1 X81.295 Y126.567 E.01223
G1 X80.978 Y126.894 E.01513
G1 X80.016 Y127.55 E.0386
G1 X79.168 Y128.205 E.03555
G1 X78.611 Y128.86 E.02853
G1 X78.254 Y129.515 E.02476
G1 X78.027 Y130.17 E.023
G1 X77.914 Y130.825 E.02205
G1 X77.981 Y131.481 E.02185
G1 X78.15 Y131.808 E.01223
G1 X78.468 Y132.136 E.01513
G1 X79.429 Y132.791 E.0386
G1 X80.277 Y133.446 E.03555
G1 X80.834 Y134.101 E.02853
G1 X81.192 Y134.756 E.02476
G1 X81.419 Y135.412 E.023
G1 X81.531 Y136.067 E.02205
G1 X81.464 Y136.722 E.02185
G1 X81.295 Y137.049 E.01223
G1 X80.978 Y137.377 E.01513
G1 X80.016 Y138.032 E.0386
G1 X79.168 Y138.687 E.03555
G1 X78.611 Y139.343 E.02853
G1 X78.413 Y139.706 E.01373
G1 X83.394 Y139.706 E.16523
G1 X83.268 Y139.343 E.01276
G1 X83.156 Y138.687 E.02205
G1 X83.223 Y138.032 E.02185
G1 X83.392 Y137.705 E.01223
G1 X83.709 Y137.377 E.01513
G1 X84.671 Y136.722 E.0386
G1 X85.519 Y136.067 E.03555
G1 X86.076 Y135.412 E.02853
G1 X86.433 Y134.756 E.02476
G1 X86.66 Y134.101 E.023
G1 X86.772 Y133.446 E.02205
G1 X86.705 Y132.791 E.02185
G1 X86.536 Y132.463 E.01223
G1 X86.219 Y132.136 E.01513
G1 X85.257 Y131.481 E.0386
G1 X84.409 Y130.825 E.03555
G1 X83.852 Y130.17 E.02853
G1 X83.495 Y129.515 E.02476
G1 X83.268 Y128.86 E.023
G1 X83.156 Y128.205 E.02205
G1 X83.223 Y127.55 E.02185
G1 X83.392 Y127.222 E.01223
G1 X83.709 Y126.894 E.01513
G1 X84.671 Y126.239 E.0386
G1 X85.519 Y125.584 E.03555
G1 X86.076 Y124.929 E.02853
G1 X86.433 Y124.274 E.02476
G1 X86.66 Y123.619 E.023
G1 X86.772 Y122.963 E.02205
G1 X86.705 Y122.308 E.02185
G1 X86.536 Y121.981 E.01223
G1 X86.219 Y121.653 E.01513
G1 X85.257 Y120.998 E.0386
G1 X84.409 Y120.343 E.03555
G1 X83.852 Y119.688 E.02853
G1 X83.495 Y119.032 E.02476
G1 X83.268 Y118.377 E.023
G1 X83.156 Y117.722 E.02205
G1 X83.223 Y117.067 E.02185
G1 X83.392 Y116.739 E.01223
M73 P42 R41
G1 X83.709 Y116.412 E.01513
G1 X84.671 Y115.757 E.0386
G1 X85.519 Y115.101 E.03555
G1 X86.076 Y114.446 E.02853
G1 X86.433 Y113.791 E.02476
G1 X86.66 Y113.136 E.023
G1 X86.772 Y112.481 E.02205
G1 X86.705 Y111.826 E.02185
G1 X86.536 Y111.498 E.01223
G1 X86.219 Y111.171 E.01513
G1 X85.257 Y110.515 E.0386
G1 X84.409 Y109.86 E.03555
G1 X83.852 Y109.205 E.02853
G1 X83.495 Y108.55 E.02476
G1 X83.268 Y107.895 E.023
G1 X83.156 Y107.24 E.02205
G1 X83.223 Y106.584 E.02185
G1 X83.392 Y106.257 E.01223
G1 X83.709 Y105.929 E.01513
G1 X84.671 Y105.274 E.0386
G1 X85.519 Y104.619 E.03555
G1 X86.076 Y103.964 E.02853
G1 X86.433 Y103.309 E.02476
G1 X86.66 Y102.653 E.023
G1 X86.772 Y101.998 E.02205
G1 X86.705 Y101.343 E.02185
G1 X86.536 Y101.015 E.01223
G1 X86.219 Y100.688 E.01513
G1 X85.257 Y100.033 E.0386
G1 X84.409 Y99.378 E.03555
G1 X83.852 Y98.722 E.02853
G1 X83.495 Y98.067 E.02476
G1 X83.268 Y97.412 E.023
G1 X83.156 Y96.757 E.02205
G1 X83.223 Y96.102 E.02185
G1 X83.392 Y95.774 E.01223
G1 X83.709 Y95.447 E.01513
G1 X84.671 Y94.791 E.0386
G1 X85.519 Y94.136 E.03555
G1 X86.076 Y93.481 E.02853
G1 X86.433 Y92.826 E.02476
G1 X86.66 Y92.171 E.023
G1 X86.772 Y91.516 E.02205
G1 X86.705 Y90.86 E.02185
G1 X86.536 Y90.533 E.01223
G1 X86.219 Y90.205 E.01513
G1 X85.257 Y89.55 E.0386
G1 X84.409 Y88.895 E.03555
G1 X83.852 Y88.24 E.02853
G1 X83.495 Y87.585 E.02476
G1 X83.268 Y86.929 E.023
G1 X83.156 Y86.274 E.02205
G1 X83.223 Y85.619 E.02185
G1 X83.392 Y85.292 E.01223
G1 X83.709 Y84.964 E.01513
G1 X84.671 Y84.309 E.0386
G1 X85.519 Y83.654 E.03555
G1 X86.076 Y82.998 E.02853
G1 X86.433 Y82.343 E.02476
G1 X86.66 Y81.688 E.023
G1 X86.772 Y81.033 E.02205
G1 X86.705 Y80.378 E.02185
G1 X86.662 Y80.294 E.00313
G1 X89.789 Y80.294 E.10372
G1 X90.76 Y81.033 E.04047
G1 X91.317 Y81.688 E.02853
G1 X91.674 Y82.343 E.02476
G1 X91.901 Y82.998 E.023
G1 X92.014 Y83.654 E.02205
G1 X91.947 Y84.309 E.02185
G1 X91.778 Y84.636 E.01223
G1 X91.46 Y84.964 E.01513
G1 X90.499 Y85.619 E.0386
G1 X89.651 Y86.274 E.03555
G1 X89.094 Y86.929 E.02853
G1 X88.736 Y87.585 E.02476
G1 X88.509 Y88.24 E.023
G1 X88.397 Y88.895 E.02205
G1 X88.464 Y89.55 E.02185
G1 X88.633 Y89.878 E.01223
G1 X88.95 Y90.205 E.01513
G1 X89.912 Y90.86 E.0386
G1 X90.76 Y91.516 E.03555
G1 X91.317 Y92.171 E.02853
G1 X91.674 Y92.826 E.02476
G1 X91.901 Y93.481 E.023
G1 X92.014 Y94.136 E.02205
G1 X91.947 Y94.791 E.02185
G1 X91.778 Y95.119 E.01223
G1 X91.46 Y95.447 E.01513
G1 X90.499 Y96.102 E.0386
G1 X89.651 Y96.757 E.03555
G1 X89.094 Y97.412 E.02853
G1 X88.736 Y98.067 E.02476
G1 X88.509 Y98.722 E.023
G1 X88.397 Y99.378 E.02205
G1 X88.464 Y100.033 E.02185
G1 X88.633 Y100.36 E.01223
G1 X88.95 Y100.688 E.01513
G1 X89.912 Y101.343 E.0386
M73 P42 R40
G1 X90.76 Y101.998 E.03555
G1 X91.317 Y102.653 E.02853
G1 X91.674 Y103.309 E.02476
G1 X91.901 Y103.964 E.023
G1 X92.014 Y104.619 E.02205
G1 X91.947 Y105.274 E.02185
G1 X91.778 Y105.602 E.01223
G1 X91.46 Y105.929 E.01513
G1 X90.499 Y106.584 E.0386
G1 X89.651 Y107.24 E.03555
G1 X89.094 Y107.895 E.02853
G1 X88.736 Y108.55 E.02476
G1 X88.509 Y109.205 E.023
G1 X88.397 Y109.86 E.02205
G1 X88.464 Y110.515 E.02185
G1 X88.633 Y110.843 E.01223
G1 X88.95 Y111.171 E.01513
G1 X89.912 Y111.826 E.0386
G1 X90.76 Y112.481 E.03555
G1 X91.317 Y113.136 E.02853
G1 X91.674 Y113.791 E.02476
G1 X91.901 Y114.446 E.023
G1 X92.014 Y115.101 E.02205
G1 X91.947 Y115.757 E.02185
G1 X91.778 Y116.084 E.01223
G1 X91.46 Y116.412 E.01513
G1 X90.499 Y117.067 E.0386
G1 X89.651 Y117.722 E.03555
G1 X89.094 Y118.377 E.02853
G1 X88.736 Y119.032 E.02476
G1 X88.509 Y119.688 E.023
G1 X88.397 Y120.343 E.02205
G1 X88.464 Y120.998 E.02185
G1 X88.633 Y121.326 E.01223
G1 X88.95 Y121.653 E.01513
G1 X89.912 Y122.308 E.0386
G1 X90.76 Y122.963 E.03555
G1 X91.317 Y123.619 E.02853
G1 X91.674 Y124.274 E.02476
G1 X91.901 Y124.929 E.023
G1 X92.014 Y125.584 E.02205
G1 X91.947 Y126.239 E.02185
G1 X91.778 Y126.567 E.01223
G1 X91.46 Y126.894 E.01513
G1 X90.499 Y127.55 E.0386
G1 X89.651 Y128.205 E.03555
G1 X89.094 Y128.86 E.02853
G1 X88.736 Y129.515 E.02476
G1 X88.509 Y130.17 E.023
G1 X88.397 Y130.825 E.02205
G1 X88.464 Y131.481 E.02185
G1 X88.633 Y131.808 E.01223
G1 X88.95 Y132.136 E.01513
G1 X89.912 Y132.791 E.0386
G1 X90.76 Y133.446 E.03555
G1 X91.317 Y134.101 E.02853
G1 X91.674 Y134.756 E.02476
G1 X91.901 Y135.412 E.023
G1 X92.014 Y136.067 E.02205
G1 X91.947 Y136.722 E.02185
G1 X91.778 Y137.049 E.01223
G1 X91.46 Y137.377 E.01513
G1 X90.499 Y138.032 E.0386
G1 X89.651 Y138.687 E.03555
G1 X89.094 Y139.343 E.02853
G1 X88.895 Y139.706 E.01373
G1 X93.876 Y139.706 E.16523
G1 X93.751 Y139.343 E.01276
G1 X93.638 Y138.687 E.02205
G1 X93.705 Y138.032 E.02185
G1 X93.874 Y137.705 E.01223
G1 X94.192 Y137.377 E.01513
G1 X95.153 Y136.722 E.0386
G1 X96.001 Y136.067 E.03555
G1 X96.558 Y135.412 E.02853
G1 X96.916 Y134.756 E.02476
G1 X97.143 Y134.101 E.023
G1 X97.255 Y133.446 E.02205
G1 X97.188 Y132.791 E.02185
G1 X97.019 Y132.463 E.01223
G1 X96.702 Y132.136 E.01513
G1 X95.74 Y131.481 E.0386
G1 X94.892 Y130.825 E.03555
G1 X94.335 Y130.17 E.02853
G1 X93.977 Y129.515 E.02476
G1 X93.751 Y128.86 E.023
G1 X93.638 Y128.205 E.02205
G1 X93.705 Y127.55 E.02185
G1 X93.874 Y127.222 E.01223
G1 X94.192 Y126.894 E.01513
G1 X95.153 Y126.239 E.0386
G1 X96.001 Y125.584 E.03555
G1 X96.558 Y124.929 E.02853
G1 X96.916 Y124.274 E.02476
G1 X97.143 Y123.619 E.023
G1 X97.255 Y122.963 E.02205
G1 X97.188 Y122.308 E.02185
G1 X97.019 Y121.981 E.01223
G1 X96.702 Y121.653 E.01513
G1 X95.74 Y120.998 E.0386
G1 X94.892 Y120.343 E.03555
G1 X94.335 Y119.688 E.02853
G1 X93.977 Y119.032 E.02476
G1 X93.751 Y118.377 E.023
G1 X93.638 Y117.722 E.02205
G1 X93.705 Y117.067 E.02185
G1 X93.874 Y116.739 E.01223
G1 X94.192 Y116.412 E.01513
G1 X95.153 Y115.757 E.0386
G1 X96.001 Y115.101 E.03555
G1 X96.558 Y114.446 E.02853
G1 X96.916 Y113.791 E.02476
G1 X97.143 Y113.136 E.023
G1 X97.255 Y112.481 E.02205
G1 X97.188 Y111.826 E.02185
G1 X97.019 Y111.498 E.01223
G1 X96.702 Y111.171 E.01513
G1 X95.74 Y110.515 E.0386
G1 X94.892 Y109.86 E.03555
G1 X94.335 Y109.205 E.02853
G1 X93.977 Y108.55 E.02476
G1 X93.751 Y107.895 E.023
G1 X93.638 Y107.24 E.02205
G1 X93.705 Y106.584 E.02185
G1 X93.874 Y106.257 E.01223
G1 X94.192 Y105.929 E.01513
G1 X95.153 Y105.274 E.0386
G1 X96.001 Y104.619 E.03555
G1 X96.558 Y103.964 E.02853
G1 X96.916 Y103.309 E.02476
G1 X97.143 Y102.653 E.023
G1 X97.255 Y101.998 E.02205
G1 X97.188 Y101.343 E.02185
G1 X97.019 Y101.015 E.01223
G1 X96.702 Y100.688 E.01513
G1 X95.74 Y100.033 E.0386
G1 X94.892 Y99.378 E.03555
G1 X94.335 Y98.722 E.02853
G1 X93.977 Y98.067 E.02476
G1 X93.751 Y97.412 E.023
G1 X93.638 Y96.757 E.02205
G1 X93.705 Y96.102 E.02185
G1 X93.874 Y95.774 E.01223
G1 X94.192 Y95.447 E.01513
G1 X95.153 Y94.791 E.0386
G1 X96.001 Y94.136 E.03555
G1 X96.558 Y93.481 E.02853
G1 X96.916 Y92.826 E.02476
G1 X97.143 Y92.171 E.023
G1 X97.255 Y91.516 E.02205
G1 X97.188 Y90.86 E.02185
G1 X97.019 Y90.533 E.01223
G1 X96.702 Y90.205 E.01513
G1 X95.74 Y89.55 E.0386
G1 X94.892 Y88.895 E.03555
G1 X94.335 Y88.24 E.02853
G1 X93.977 Y87.585 E.02476
G1 X93.751 Y86.929 E.023
G1 X93.638 Y86.274 E.02205
G1 X93.705 Y85.619 E.02185
G1 X93.874 Y85.292 E.01223
G1 X94.192 Y84.964 E.01513
G1 X95.153 Y84.309 E.0386
G1 X96.001 Y83.654 E.03555
G1 X96.558 Y82.998 E.02853
G1 X96.916 Y82.343 E.02476
G1 X97.143 Y81.688 E.023
G1 X97.255 Y81.033 E.02205
G1 X97.188 Y80.378 E.02185
G1 X97.145 Y80.294 E.00313
G1 X100.272 Y80.294 E.10372
G1 X101.243 Y81.033 E.04047
G1 X101.8 Y81.688 E.02853
G1 X102.157 Y82.343 E.02476
G1 X102.384 Y82.998 E.023
G1 X102.496 Y83.654 E.02205
G1 X102.429 Y84.309 E.02185
G1 X102.26 Y84.636 E.01223
G1 X101.943 Y84.964 E.01513
G1 X100.981 Y85.619 E.0386
G1 X100.133 Y86.274 E.03555
G1 X99.576 Y86.929 E.02853
G1 X99.219 Y87.585 E.02476
G1 X98.992 Y88.24 E.023
G1 X98.88 Y88.895 E.02205
G1 X98.946 Y89.55 E.02185
G1 X99.116 Y89.878 E.01223
G1 X99.433 Y90.205 E.01513
G1 X100.395 Y90.86 E.0386
G1 X101.243 Y91.516 E.03555
G1 X101.8 Y92.171 E.02853
G1 X102.157 Y92.826 E.02476
G1 X102.384 Y93.481 E.023
G1 X102.496 Y94.136 E.02205
G1 X102.429 Y94.791 E.02185
G1 X102.26 Y95.119 E.01223
G1 X101.943 Y95.447 E.01513
G1 X100.981 Y96.102 E.0386
G1 X100.133 Y96.757 E.03555
G1 X99.576 Y97.412 E.02853
G1 X99.219 Y98.067 E.02476
G1 X98.992 Y98.722 E.023
G1 X98.88 Y99.378 E.02205
G1 X98.946 Y100.033 E.02185
G1 X99.116 Y100.36 E.01223
G1 X99.433 Y100.688 E.01513
G1 X100.395 Y101.343 E.0386
G1 X101.243 Y101.998 E.03555
G1 X101.8 Y102.653 E.02853
G1 X102.157 Y103.309 E.02476
G1 X102.384 Y103.964 E.023
G1 X102.496 Y104.619 E.02205
G1 X102.429 Y105.274 E.02185
G1 X102.26 Y105.602 E.01223
G1 X101.943 Y105.929 E.01513
G1 X100.981 Y106.584 E.0386
G1 X100.133 Y107.24 E.03555
G1 X99.576 Y107.895 E.02853
G1 X99.219 Y108.55 E.02476
G1 X98.992 Y109.205 E.023
G1 X98.88 Y109.86 E.02205
G1 X98.946 Y110.515 E.02185
G1 X99.116 Y110.843 E.01223
G1 X99.433 Y111.171 E.01513
G1 X100.395 Y111.826 E.0386
G1 X101.243 Y112.481 E.03555
G1 X101.8 Y113.136 E.02853
G1 X102.157 Y113.791 E.02476
G1 X102.384 Y114.446 E.023
G1 X102.496 Y115.101 E.02205
G1 X102.429 Y115.757 E.02185
G1 X102.26 Y116.084 E.01223
G1 X101.943 Y116.412 E.01513
G1 X100.981 Y117.067 E.0386
G1 X100.133 Y117.722 E.03555
G1 X99.576 Y118.377 E.02853
G1 X99.219 Y119.032 E.02476
G1 X98.992 Y119.688 E.023
G1 X98.88 Y120.343 E.02205
G1 X98.946 Y120.998 E.02185
G1 X99.116 Y121.326 E.01223
G1 X99.433 Y121.653 E.01513
G1 X100.395 Y122.308 E.0386
G1 X101.243 Y122.963 E.03555
G1 X101.8 Y123.619 E.02853
G1 X102.157 Y124.274 E.02476
G1 X102.384 Y124.929 E.023
G1 X102.496 Y125.584 E.02205
G1 X102.429 Y126.239 E.02185
G1 X102.26 Y126.567 E.01223
G1 X101.943 Y126.894 E.01513
G1 X100.981 Y127.55 E.0386
G1 X100.133 Y128.205 E.03555
G1 X99.576 Y128.86 E.02853
G1 X99.219 Y129.515 E.02476
G1 X98.992 Y130.17 E.023
G1 X98.88 Y130.825 E.02205
G1 X98.946 Y131.481 E.02185
G1 X99.116 Y131.808 E.01223
G1 X99.433 Y132.136 E.01513
G1 X100.395 Y132.791 E.0386
G1 X101.243 Y133.446 E.03555
G1 X101.8 Y134.101 E.02853
G1 X102.157 Y134.756 E.02476
G1 X102.384 Y135.412 E.023
G1 X102.496 Y136.067 E.02205
G1 X102.429 Y136.722 E.02185
G1 X102.26 Y137.049 E.01223
G1 X101.943 Y137.377 E.01513
G1 X100.981 Y138.032 E.0386
G1 X100.133 Y138.687 E.03555
G1 X99.576 Y139.343 E.02853
G1 X99.378 Y139.706 E.01373
G1 X104.359 Y139.706 E.16523
G1 X104.233 Y139.343 E.01276
G1 X104.121 Y138.687 E.02205
G1 X104.188 Y138.032 E.02185
G1 X104.357 Y137.705 E.01223
G1 X104.674 Y137.377 E.01513
G1 X105.636 Y136.722 E.0386
G1 X106.484 Y136.067 E.03555
G1 X107.041 Y135.412 E.02853
G1 X107.398 Y134.756 E.02476
G1 X107.625 Y134.101 E.023
G1 X107.738 Y133.446 E.02205
G1 X107.671 Y132.791 E.02185
G1 X107.502 Y132.463 E.01223
G1 X107.184 Y132.136 E.01513
G1 X106.223 Y131.481 E.0386
G1 X105.375 Y130.825 E.03555
G1 X104.818 Y130.17 E.02853
G1 X104.46 Y129.515 E.02476
G1 X104.233 Y128.86 E.023
G1 X104.121 Y128.205 E.02205
G1 X104.188 Y127.55 E.02185
G1 X104.357 Y127.222 E.01223
G1 X104.674 Y126.894 E.01513
G1 X105.636 Y126.239 E.0386
G1 X106.484 Y125.584 E.03555
G1 X107.041 Y124.929 E.02853
G1 X107.398 Y124.274 E.02476
G1 X107.625 Y123.619 E.023
G1 X107.738 Y122.963 E.02205
G1 X107.671 Y122.308 E.02185
G1 X107.502 Y121.981 E.01223
G1 X107.184 Y121.653 E.01513
G1 X106.223 Y120.998 E.0386
G1 X105.375 Y120.343 E.03555
G1 X104.818 Y119.688 E.02853
G1 X104.46 Y119.032 E.02476
G1 X104.233 Y118.377 E.023
G1 X104.121 Y117.722 E.02205
G1 X104.188 Y117.067 E.02185
G1 X104.357 Y116.739 E.01223
G1 X104.674 Y116.412 E.01513
G1 X105.636 Y115.757 E.0386
G1 X106.484 Y115.101 E.03555
G1 X107.041 Y114.446 E.02853
G1 X107.398 Y113.791 E.02476
G1 X107.625 Y113.136 E.023
G1 X107.738 Y112.481 E.02205
G1 X107.671 Y111.826 E.02185
G1 X107.502 Y111.498 E.01223
G1 X107.184 Y111.171 E.01513
G1 X106.223 Y110.515 E.0386
G1 X105.375 Y109.86 E.03555
G1 X104.818 Y109.205 E.02853
G1 X104.46 Y108.55 E.02476
G1 X104.233 Y107.895 E.023
G1 X104.121 Y107.24 E.02205
G1 X104.188 Y106.584 E.02185
G1 X104.357 Y106.257 E.01223
G1 X104.674 Y105.929 E.01513
G1 X105.636 Y105.274 E.0386
G1 X106.484 Y104.619 E.03555
G1 X107.041 Y103.964 E.02853
G1 X107.398 Y103.309 E.02476
G1 X107.625 Y102.653 E.023
G1 X107.738 Y101.998 E.02205
G1 X107.671 Y101.343 E.02185
G1 X107.502 Y101.015 E.01223
G1 X107.184 Y100.688 E.01513
G1 X106.223 Y100.033 E.0386
G1 X105.375 Y99.378 E.03555
G1 X104.818 Y98.722 E.02853
G1 X104.46 Y98.067 E.02476
G1 X104.233 Y97.412 E.023
G1 X104.121 Y96.757 E.02205
G1 X104.188 Y96.102 E.02185
G1 X104.357 Y95.774 E.01223
G1 X104.674 Y95.447 E.01513
G1 X105.636 Y94.791 E.0386
G1 X106.484 Y94.136 E.03555
G1 X107.041 Y93.481 E.02853
G1 X107.398 Y92.826 E.02476
G1 X107.625 Y92.171 E.023
G1 X107.738 Y91.516 E.02205
G1 X107.671 Y90.86 E.02185
G1 X107.502 Y90.533 E.01223
G1 X107.184 Y90.205 E.01513
G1 X106.223 Y89.55 E.0386
G1 X105.375 Y88.895 E.03555
G1 X104.818 Y88.24 E.02853
G1 X104.46 Y87.585 E.02476
G1 X104.233 Y86.929 E.023
G1 X104.121 Y86.274 E.02205
G1 X104.188 Y85.619 E.02185
G1 X104.357 Y85.292 E.01223
G1 X104.674 Y84.964 E.01513
G1 X105.636 Y84.309 E.0386
G1 X106.484 Y83.654 E.03555
G1 X107.041 Y82.998 E.02853
G1 X107.398 Y82.343 E.02476
G1 X107.625 Y81.688 E.023
G1 X107.738 Y81.033 E.02205
G1 X107.671 Y80.378 E.02185
G1 X107.627 Y80.294 E.00313
G1 X110.754 Y80.294 E.10372
G1 X111.725 Y81.033 E.04047
G1 X112.282 Y81.688 E.02853
G1 X112.64 Y82.343 E.02476
G1 X112.867 Y82.998 E.023
G1 X112.979 Y83.654 E.02205
G1 X112.912 Y84.309 E.02185
G1 X112.743 Y84.636 E.01223
G1 X112.425 Y84.964 E.01513
G1 X111.464 Y85.619 E.0386
G1 X110.616 Y86.274 E.03555
G1 X110.059 Y86.929 E.02853
G1 X109.701 Y87.585 E.02476
G1 X109.474 Y88.24 E.023
G1 X109.362 Y88.895 E.02205
G1 X109.429 Y89.55 E.02185
G1 X109.598 Y89.878 E.01223
G1 X109.916 Y90.205 E.01513
G1 X110.877 Y90.86 E.0386
G1 X111.725 Y91.516 E.03555
G1 X112.282 Y92.171 E.02853
G1 X112.64 Y92.826 E.02476
G1 X112.867 Y93.481 E.023
G1 X112.979 Y94.136 E.02205
G1 X112.912 Y94.791 E.02185
G1 X112.743 Y95.119 E.01223
G1 X112.425 Y95.447 E.01513
G1 X111.464 Y96.102 E.0386
G1 X110.616 Y96.757 E.03555
G1 X110.059 Y97.412 E.02853
G1 X109.701 Y98.067 E.02476
G1 X109.474 Y98.722 E.023
G1 X109.362 Y99.378 E.02205
G1 X109.429 Y100.033 E.02185
G1 X109.598 Y100.36 E.01223
G1 X109.916 Y100.688 E.01513
G1 X110.877 Y101.343 E.0386
G1 X111.725 Y101.998 E.03555
G1 X112.282 Y102.653 E.02853
G1 X112.64 Y103.309 E.02476
G1 X112.867 Y103.964 E.023
G1 X112.979 Y104.619 E.02205
G1 X112.912 Y105.274 E.02185
G1 X112.743 Y105.602 E.01223
G1 X112.425 Y105.929 E.01513
G1 X111.464 Y106.584 E.0386
G1 X110.616 Y107.24 E.03555
G1 X110.059 Y107.895 E.02853
G1 X109.701 Y108.55 E.02476
G1 X109.474 Y109.205 E.023
G1 X109.362 Y109.86 E.02205
G1 X109.429 Y110.515 E.02185
G1 X109.598 Y110.843 E.01223
G1 X109.916 Y111.171 E.01513
G1 X110.877 Y111.826 E.0386
G1 X111.725 Y112.481 E.03555
G1 X112.282 Y113.136 E.02853
G1 X112.64 Y113.791 E.02476
G1 X112.867 Y114.446 E.023
G1 X112.979 Y115.101 E.02205
G1 X112.912 Y115.757 E.02185
G1 X112.743 Y116.084 E.01223
G1 X112.425 Y116.412 E.01513
G1 X111.464 Y117.067 E.0386
G1 X110.616 Y117.722 E.03555
G1 X110.059 Y118.377 E.02853
G1 X109.701 Y119.032 E.02476
G1 X109.474 Y119.688 E.023
G1 X109.362 Y120.343 E.02205
G1 X109.429 Y120.998 E.02185
G1 X109.598 Y121.326 E.01223
G1 X109.916 Y121.653 E.01513
G1 X110.877 Y122.308 E.0386
G1 X111.725 Y122.963 E.03555
G1 X112.282 Y123.619 E.02853
G1 X112.64 Y124.274 E.02476
G1 X112.867 Y124.929 E.023
G1 X112.979 Y125.584 E.02205
G1 X112.912 Y126.239 E.02185
G1 X112.743 Y126.567 E.01223
G1 X112.425 Y126.894 E.01513
G1 X111.464 Y127.55 E.0386
G1 X110.616 Y128.205 E.03555
G1 X110.059 Y128.86 E.02853
G1 X109.701 Y129.515 E.02476
G1 X109.474 Y130.17 E.023
G1 X109.362 Y130.825 E.02205
G1 X109.429 Y131.481 E.02185
G1 X109.598 Y131.808 E.01223
G1 X109.916 Y132.136 E.01513
G1 X110.877 Y132.791 E.0386
G1 X111.725 Y133.446 E.03555
G1 X112.282 Y134.101 E.02853
G1 X112.64 Y134.756 E.02476
G1 X112.867 Y135.412 E.023
G1 X112.979 Y136.067 E.02205
G1 X112.912 Y136.722 E.02185
G1 X112.743 Y137.049 E.01223
G1 X112.425 Y137.377 E.01513
G1 X111.464 Y138.032 E.0386
G1 X110.616 Y138.687 E.03555
G1 X110.059 Y139.343 E.02853
G1 X109.861 Y139.706 E.01373
G1 X114.842 Y139.706 E.16523
G1 X114.716 Y139.343 E.01276
G1 X114.603 Y138.687 E.02205
G1 X114.67 Y138.032 E.02185
G1 X114.839 Y137.705 E.01223
G1 X115.157 Y137.377 E.01513
G1 X116.119 Y136.722 E.0386
G1 X116.966 Y136.067 E.03555
G1 X117.524 Y135.412 E.02853
G1 X117.881 Y134.756 E.02476
G1 X118.108 Y134.101 E.023
G1 X118.22 Y133.446 E.02205
G1 X118.153 Y132.791 E.02185
G1 X117.984 Y132.463 E.01223
G1 X117.667 Y132.136 E.01513
G1 X116.705 Y131.481 E.0386
G1 X115.857 Y130.825 E.03555
G1 X115.3 Y130.17 E.02853
G1 X114.943 Y129.515 E.02476
G1 X114.716 Y128.86 E.023
G1 X114.603 Y128.205 E.02205
G1 X114.67 Y127.55 E.02185
G1 X114.839 Y127.222 E.01223
G1 X115.157 Y126.894 E.01513
G1 X116.119 Y126.239 E.0386
G1 X116.966 Y125.584 E.03555
G1 X117.524 Y124.929 E.02853
G1 X117.881 Y124.274 E.02476
G1 X118.108 Y123.619 E.023
G1 X118.22 Y122.963 E.02205
G1 X118.153 Y122.308 E.02185
G1 X117.984 Y121.981 E.01223
G1 X117.667 Y121.653 E.01513
G1 X116.705 Y120.998 E.0386
G1 X115.857 Y120.343 E.03555
G1 X115.3 Y119.688 E.02853
G1 X114.943 Y119.032 E.02476
G1 X114.716 Y118.377 E.023
G1 X114.603 Y117.722 E.02205
G1 X114.67 Y117.067 E.02185
G1 X114.839 Y116.739 E.01223
G1 X115.157 Y116.412 E.01513
G1 X116.119 Y115.757 E.0386
G1 X116.966 Y115.101 E.03555
G1 X117.524 Y114.446 E.02853
G1 X117.881 Y113.791 E.02476
G1 X118.108 Y113.136 E.023
G1 X118.22 Y112.481 E.02205
G1 X118.153 Y111.826 E.02185
G1 X117.984 Y111.498 E.01223
G1 X117.667 Y111.171 E.01513
G1 X116.705 Y110.515 E.0386
G1 X115.857 Y109.86 E.03555
G1 X115.3 Y109.205 E.02853
G1 X114.943 Y108.55 E.02476
G1 X114.716 Y107.895 E.023
G1 X114.603 Y107.24 E.02205
G1 X114.67 Y106.584 E.02185
G1 X114.839 Y106.257 E.01223
G1 X115.157 Y105.929 E.01513
G1 X116.119 Y105.274 E.0386
G1 X116.966 Y104.619 E.03555
G1 X117.524 Y103.964 E.02853
G1 X117.881 Y103.309 E.02476
G1 X118.108 Y102.653 E.023
G1 X118.22 Y101.998 E.02205
G1 X118.153 Y101.343 E.02185
G1 X117.984 Y101.015 E.01223
G1 X117.667 Y100.688 E.01513
G1 X116.705 Y100.033 E.0386
G1 X115.857 Y99.378 E.03555
G1 X115.3 Y98.722 E.02853
G1 X114.943 Y98.067 E.02476
G1 X114.716 Y97.412 E.023
G1 X114.603 Y96.757 E.02205
G1 X114.67 Y96.102 E.02185
G1 X114.839 Y95.774 E.01223
G1 X115.157 Y95.447 E.01513
G1 X116.119 Y94.791 E.0386
G1 X116.966 Y94.136 E.03555
G1 X117.524 Y93.481 E.02853
G1 X117.881 Y92.826 E.02476
G1 X118.108 Y92.171 E.023
G1 X118.22 Y91.516 E.02205
G1 X118.153 Y90.86 E.02185
G1 X117.984 Y90.533 E.01223
G1 X117.667 Y90.205 E.01513
G1 X116.705 Y89.55 E.0386
G1 X115.857 Y88.895 E.03555
G1 X115.3 Y88.24 E.02853
G1 X114.943 Y87.585 E.02476
G1 X114.716 Y86.929 E.023
G1 X114.603 Y86.274 E.02205
G1 X114.67 Y85.619 E.02185
G1 X114.839 Y85.292 E.01223
G1 X115.157 Y84.964 E.01513
G1 X116.119 Y84.309 E.0386
G1 X116.966 Y83.654 E.03555
G1 X117.524 Y82.998 E.02853
G1 X117.881 Y82.343 E.02476
G1 X118.108 Y81.688 E.023
G1 X118.22 Y81.033 E.02205
G1 X118.153 Y80.378 E.02185
G1 X118.11 Y80.294 E.00313
G1 X121.237 Y80.294 E.10372
G1 X122.208 Y81.033 E.04047
G1 X122.765 Y81.688 E.02853
G1 X123.122 Y82.343 E.02476
G1 X123.349 Y82.998 E.023
G1 X123.461 Y83.654 E.02205
G1 X123.395 Y84.309 E.02185
G1 X123.225 Y84.636 E.01223
G1 X122.908 Y84.964 E.01513
G1 X121.946 Y85.619 E.0386
G1 X121.098 Y86.274 E.03555
G1 X120.541 Y86.929 E.02853
G1 X120.184 Y87.585 E.02476
G1 X119.957 Y88.24 E.023
G1 X119.845 Y88.895 E.02205
G1 X119.912 Y89.55 E.02185
G1 X120.081 Y89.878 E.01223
G1 X120.398 Y90.205 E.01513
G1 X121.36 Y90.86 E.0386
G1 X122.208 Y91.516 E.03555
G1 X122.765 Y92.171 E.02853
G1 X123.122 Y92.826 E.02476
G1 X123.349 Y93.481 E.023
G1 X123.461 Y94.136 E.02205
G1 X123.395 Y94.791 E.02185
G1 X123.225 Y95.119 E.01223
G1 X122.908 Y95.447 E.01513
G1 X121.946 Y96.102 E.0386
G1 X121.098 Y96.757 E.03555
G1 X120.541 Y97.412 E.02853
G1 X120.184 Y98.067 E.02476
G1 X119.957 Y98.722 E.023
G1 X119.845 Y99.378 E.02205
G1 X119.912 Y100.033 E.02185
G1 X120.081 Y100.36 E.01223
G1 X120.398 Y100.688 E.01513
G1 X121.36 Y101.343 E.0386
G1 X122.208 Y101.998 E.03555
G1 X122.765 Y102.653 E.02853
G1 X123.122 Y103.309 E.02476
G1 X123.349 Y103.964 E.023
G1 X123.461 Y104.619 E.02205
G1 X123.395 Y105.274 E.02185
G1 X123.225 Y105.602 E.01223
G1 X122.908 Y105.929 E.01513
G1 X121.946 Y106.584 E.0386
G1 X121.098 Y107.24 E.03555
G1 X120.541 Y107.895 E.02853
G1 X120.184 Y108.55 E.02476
G1 X119.957 Y109.205 E.023
G1 X119.845 Y109.86 E.02205
G1 X119.912 Y110.515 E.02185
G1 X120.081 Y110.843 E.01223
G1 X120.398 Y111.171 E.01513
G1 X121.36 Y111.826 E.0386
G1 X122.208 Y112.481 E.03555
G1 X122.765 Y113.136 E.02853
G1 X123.122 Y113.791 E.02476
G1 X123.349 Y114.446 E.023
G1 X123.461 Y115.101 E.02205
G1 X123.395 Y115.757 E.02185
G1 X123.225 Y116.084 E.01223
G1 X122.908 Y116.412 E.01513
G1 X121.946 Y117.067 E.0386
G1 X121.098 Y117.722 E.03555
G1 X120.541 Y118.377 E.02853
G1 X120.184 Y119.032 E.02476
G1 X119.957 Y119.688 E.023
G1 X119.845 Y120.343 E.02205
G1 X119.912 Y120.998 E.02185
G1 X120.081 Y121.326 E.01223
G1 X120.398 Y121.653 E.01513
G1 X121.36 Y122.308 E.0386
G1 X122.208 Y122.963 E.03555
G1 X122.765 Y123.619 E.02853
G1 X123.122 Y124.274 E.02476
G1 X123.349 Y124.929 E.023
G1 X123.461 Y125.584 E.02205
G1 X123.395 Y126.239 E.02185
G1 X123.225 Y126.567 E.01223
G1 X122.908 Y126.894 E.01513
G1 X121.946 Y127.55 E.0386
G1 X121.098 Y128.205 E.03555
G1 X120.541 Y128.86 E.02853
G1 X120.184 Y129.515 E.02476
G1 X119.957 Y130.17 E.023
G1 X119.845 Y130.825 E.02205
G1 X119.912 Y131.481 E.02185
G1 X120.081 Y131.808 E.01223
G1 X120.398 Y132.136 E.01513
G1 X121.36 Y132.791 E.0386
G1 X122.208 Y133.446 E.03555
G1 X122.765 Y134.101 E.02853
G1 X123.122 Y134.756 E.02476
G1 X123.349 Y135.412 E.023
G1 X123.461 Y136.067 E.02205
G1 X123.395 Y136.722 E.02185
G1 X123.225 Y137.049 E.01223
G1 X122.908 Y137.377 E.01513
G1 X121.946 Y138.032 E.0386
G1 X121.098 Y138.687 E.03555
G1 X120.541 Y139.343 E.02853
G1 X120.343 Y139.706 E.01373
G1 X125.324 Y139.706 E.16523
G1 X125.198 Y139.343 E.01276
G1 X125.086 Y138.687 E.02205
G1 X125.153 Y138.032 E.02185
G1 X125.322 Y137.705 E.01223
G1 X125.639 Y137.377 E.01513
G1 X126.601 Y136.722 E.0386
G1 X127.449 Y136.067 E.03555
G1 X128.006 Y135.412 E.02853
G1 X128.364 Y134.756 E.02476
G1 X128.59 Y134.101 E.023
G1 X128.703 Y133.446 E.02205
G1 X128.636 Y132.791 E.02185
G1 X128.467 Y132.463 E.01223
G1 X128.149 Y132.136 E.01513
G1 X127.188 Y131.481 E.0386
G1 X126.34 Y130.825 E.03555
G1 X125.783 Y130.17 E.02853
G1 X125.425 Y129.515 E.02476
G1 X125.198 Y128.86 E.023
G1 X125.086 Y128.205 E.02205
G1 X125.153 Y127.55 E.02185
G1 X125.322 Y127.222 E.01223
G1 X125.639 Y126.894 E.01513
G1 X126.601 Y126.239 E.0386
G1 X127.449 Y125.584 E.03555
G1 X128.006 Y124.929 E.02853
G1 X128.364 Y124.274 E.02476
G1 X128.59 Y123.619 E.023
G1 X128.703 Y122.963 E.02205
G1 X128.636 Y122.308 E.02185
G1 X128.467 Y121.981 E.01223
G1 X128.149 Y121.653 E.01513
G1 X127.188 Y120.998 E.0386
G1 X126.34 Y120.343 E.03555
G1 X125.783 Y119.688 E.02853
G1 X125.425 Y119.032 E.02476
G1 X125.198 Y118.377 E.023
G1 X125.086 Y117.722 E.02205
G1 X125.153 Y117.067 E.02185
G1 X125.322 Y116.739 E.01223
G1 X125.639 Y116.412 E.01513
G1 X126.601 Y115.757 E.0386
G1 X127.449 Y115.101 E.03555
G1 X128.006 Y114.446 E.02853
G1 X128.364 Y113.791 E.02476
G1 X128.59 Y113.136 E.023
G1 X128.703 Y112.481 E.02205
G1 X128.636 Y111.826 E.02185
G1 X128.467 Y111.498 E.01223
G1 X128.149 Y111.171 E.01513
G1 X127.188 Y110.515 E.0386
G1 X126.34 Y109.86 E.03555
G1 X125.783 Y109.205 E.02853
G1 X125.425 Y108.55 E.02476
G1 X125.198 Y107.895 E.023
G1 X125.086 Y107.24 E.02205
G1 X125.153 Y106.584 E.02185
G1 X125.322 Y106.257 E.01223
G1 X125.639 Y105.929 E.01513
G1 X126.601 Y105.274 E.0386
G1 X127.449 Y104.619 E.03555
G1 X128.006 Y103.964 E.02853
G1 X128.364 Y103.309 E.02476
G1 X128.59 Y102.653 E.023
G1 X128.703 Y101.998 E.02205
G1 X128.636 Y101.343 E.02185
G1 X128.467 Y101.015 E.01223
G1 X128.149 Y100.688 E.01513
G1 X127.188 Y100.033 E.0386
G1 X126.34 Y99.378 E.03555
G1 X125.783 Y98.722 E.02853
G1 X125.425 Y98.067 E.02476
G1 X125.198 Y97.412 E.023
G1 X125.086 Y96.757 E.02205
G1 X125.153 Y96.102 E.02185
G1 X125.322 Y95.774 E.01223
G1 X125.639 Y95.447 E.01513
G1 X126.601 Y94.791 E.0386
G1 X127.449 Y94.136 E.03555
G1 X128.006 Y93.481 E.02853
G1 X128.364 Y92.826 E.02476
G1 X128.59 Y92.171 E.023
G1 X128.703 Y91.516 E.02205
G1 X128.636 Y90.86 E.02185
G1 X128.467 Y90.533 E.01223
G1 X128.149 Y90.205 E.01513
G1 X127.188 Y89.55 E.0386
G1 X126.34 Y88.895 E.03555
G1 X125.783 Y88.24 E.02853
G1 X125.425 Y87.585 E.02476
G1 X125.198 Y86.929 E.023
G1 X125.086 Y86.274 E.02205
G1 X125.153 Y85.619 E.02185
G1 X125.322 Y85.292 E.01223
G1 X125.639 Y84.964 E.01513
G1 X126.601 Y84.309 E.0386
G1 X127.449 Y83.654 E.03555
G1 X128.006 Y82.998 E.02853
G1 X128.364 Y82.343 E.02476
G1 X128.59 Y81.688 E.023
G1 X128.703 Y81.033 E.02205
G1 X128.636 Y80.378 E.02185
G1 X128.593 Y80.294 E.00313
G1 X131.72 Y80.294 E.10372
G1 X132.69 Y81.033 E.04047
G1 X133.247 Y81.688 E.02853
G1 X133.605 Y82.343 E.02476
G1 X133.832 Y82.998 E.023
G1 X133.944 Y83.654 E.02205
G1 X133.877 Y84.309 E.02185
G1 X133.708 Y84.636 E.01223
G1 X133.391 Y84.964 E.01513
G1 X132.429 Y85.619 E.0386
G1 X131.581 Y86.274 E.03555
G1 X131.024 Y86.929 E.02853
G1 X130.667 Y87.585 E.02476
G1 X130.44 Y88.24 E.023
G1 X130.327 Y88.895 E.02205
G1 X130.394 Y89.55 E.02185
G1 X130.563 Y89.878 E.01223
G1 X130.881 Y90.205 E.01513
G1 X131.842 Y90.86 E.0386
G1 X132.69 Y91.516 E.03555
G1 X133.247 Y92.171 E.02853
G1 X133.605 Y92.826 E.02476
G1 X133.832 Y93.481 E.023
G1 X133.944 Y94.136 E.02205
G1 X133.877 Y94.791 E.02185
G1 X133.708 Y95.119 E.01223
G1 X133.391 Y95.447 E.01513
G1 X132.429 Y96.102 E.0386
G1 X131.581 Y96.757 E.03555
G1 X131.024 Y97.412 E.02853
G1 X130.667 Y98.067 E.02476
G1 X130.44 Y98.722 E.023
G1 X130.327 Y99.378 E.02205
G1 X130.394 Y100.033 E.02185
G1 X130.563 Y100.36 E.01223
G1 X130.881 Y100.688 E.01513
G1 X131.842 Y101.343 E.0386
G1 X132.69 Y101.998 E.03555
G1 X133.247 Y102.653 E.02853
G1 X133.605 Y103.309 E.02476
G1 X133.832 Y103.964 E.023
G1 X133.944 Y104.619 E.02205
G1 X133.877 Y105.274 E.02185
G1 X133.708 Y105.602 E.01223
G1 X133.391 Y105.929 E.01513
G1 X132.429 Y106.584 E.0386
G1 X131.581 Y107.24 E.03555
G1 X131.024 Y107.895 E.02853
G1 X130.667 Y108.55 E.02476
G1 X130.44 Y109.205 E.023
G1 X130.327 Y109.86 E.02205
G1 X130.394 Y110.515 E.02185
G1 X130.563 Y110.843 E.01223
G1 X130.881 Y111.171 E.01513
G1 X131.842 Y111.826 E.0386
G1 X132.69 Y112.481 E.03555
G1 X133.247 Y113.136 E.02853
G1 X133.605 Y113.791 E.02476
G1 X133.832 Y114.446 E.023
G1 X133.944 Y115.101 E.02205
G1 X133.877 Y115.757 E.02185
G1 X133.708 Y116.084 E.01223
G1 X133.391 Y116.412 E.01513
G1 X132.429 Y117.067 E.0386
G1 X131.581 Y117.722 E.03555
G1 X131.024 Y118.377 E.02853
G1 X130.667 Y119.032 E.02476
G1 X130.44 Y119.688 E.023
G1 X130.327 Y120.343 E.02205
G1 X130.394 Y120.998 E.02185
G1 X130.563 Y121.326 E.01223
G1 X130.881 Y121.653 E.01513
G1 X131.842 Y122.308 E.0386
G1 X132.69 Y122.963 E.03555
G1 X133.247 Y123.619 E.02853
G1 X133.605 Y124.274 E.02476
G1 X133.832 Y124.929 E.023
G1 X133.944 Y125.584 E.02205
G1 X133.877 Y126.239 E.02185
G1 X133.708 Y126.567 E.01223
G1 X133.391 Y126.894 E.01513
G1 X132.429 Y127.55 E.0386
G1 X131.581 Y128.205 E.03555
G1 X131.024 Y128.86 E.02853
G1 X130.667 Y129.515 E.02476
G1 X130.44 Y130.17 E.023
G1 X130.327 Y130.825 E.02205
G1 X130.394 Y131.481 E.02185
G1 X130.563 Y131.808 E.01223
G1 X130.881 Y132.136 E.01513
G1 X131.842 Y132.791 E.0386
G1 X132.69 Y133.446 E.03555
G1 X133.247 Y134.101 E.02853
G1 X133.605 Y134.756 E.02476
G1 X133.832 Y135.412 E.023
G1 X133.944 Y136.067 E.02205
G1 X133.877 Y136.722 E.02185
G1 X133.708 Y137.049 E.01223
G1 X133.391 Y137.377 E.01513
G1 X132.429 Y138.032 E.0386
G1 X131.581 Y138.687 E.03555
G1 X131.024 Y139.343 E.02853
G1 X130.826 Y139.706 E.01373
G1 X135.807 Y139.706 E.16523
G1 X135.681 Y139.343 E.01276
G1 X135.569 Y138.687 E.02205
G1 X135.636 Y138.032 E.02185
G1 X135.805 Y137.705 E.01223
G1 X136.122 Y137.377 E.01513
G1 X137.084 Y136.722 E.0386
G1 X137.932 Y136.067 E.03555
G1 X138.489 Y135.412 E.02853
G1 X138.846 Y134.756 E.02476
G1 X139.073 Y134.101 E.023
G1 X139.185 Y133.446 E.02205
G1 X139.118 Y132.791 E.02185
G1 X138.949 Y132.463 E.01223
G1 X138.632 Y132.136 E.01513
G1 X137.67 Y131.481 E.0386
G1 X136.822 Y130.825 E.03555
G1 X136.265 Y130.17 E.02853
G1 X135.908 Y129.515 E.02476
G1 X135.681 Y128.86 E.023
G1 X135.569 Y128.205 E.02205
G1 X135.636 Y127.55 E.02185
G1 X135.805 Y127.222 E.01223
G1 X136.122 Y126.894 E.01513
G1 X137.084 Y126.239 E.0386
G1 X137.932 Y125.584 E.03555
G1 X138.489 Y124.929 E.02853
G1 X138.846 Y124.274 E.02476
G1 X139.073 Y123.619 E.023
G1 X139.185 Y122.963 E.02205
G1 X139.118 Y122.308 E.02185
G1 X138.949 Y121.981 E.01223
G1 X138.632 Y121.653 E.01513
G1 X137.67 Y120.998 E.0386
G1 X136.822 Y120.343 E.03555
G1 X136.265 Y119.688 E.02853
G1 X135.908 Y119.032 E.02476
G1 X135.681 Y118.377 E.023
G1 X135.569 Y117.722 E.02205
G1 X135.636 Y117.067 E.02185
G1 X135.805 Y116.739 E.01223
G1 X136.122 Y116.412 E.01513
G1 X137.084 Y115.757 E.0386
G1 X137.932 Y115.101 E.03555
G1 X138.489 Y114.446 E.02853
G1 X138.846 Y113.791 E.02476
G1 X139.073 Y113.136 E.023
G1 X139.185 Y112.481 E.02205
G1 X139.118 Y111.826 E.02185
G1 X138.949 Y111.498 E.01223
G1 X138.632 Y111.171 E.01513
G1 X137.67 Y110.515 E.0386
G1 X136.822 Y109.86 E.03555
G1 X136.265 Y109.205 E.02853
G1 X135.908 Y108.55 E.02476
G1 X135.681 Y107.895 E.023
G1 X135.569 Y107.24 E.02205
G1 X135.636 Y106.584 E.02185
G1 X135.805 Y106.257 E.01223
G1 X136.122 Y105.929 E.01513
G1 X137.084 Y105.274 E.0386
G1 X137.932 Y104.619 E.03555
G1 X138.489 Y103.964 E.02853
G1 X138.846 Y103.309 E.02476
G1 X139.073 Y102.653 E.023
G1 X139.185 Y101.998 E.02205
G1 X139.118 Y101.343 E.02185
G1 X138.949 Y101.015 E.01223
G1 X138.632 Y100.688 E.01513
G1 X137.67 Y100.033 E.0386
G1 X136.822 Y99.378 E.03555
G1 X136.265 Y98.722 E.02853
G1 X135.908 Y98.067 E.02476
G1 X135.681 Y97.412 E.023
G1 X135.569 Y96.757 E.02205
G1 X135.636 Y96.102 E.02185
G1 X135.805 Y95.774 E.01223
G1 X136.122 Y95.447 E.01513
G1 X137.084 Y94.791 E.0386
G1 X137.932 Y94.136 E.03555
G1 X138.489 Y93.481 E.02853
G1 X138.846 Y92.826 E.02476
G1 X139.073 Y92.171 E.023
G1 X139.185 Y91.516 E.02205
G1 X139.118 Y90.86 E.02185
G1 X138.949 Y90.533 E.01223
G1 X138.632 Y90.205 E.01513
G1 X137.67 Y89.55 E.0386
G1 X136.822 Y88.895 E.03555
G1 X136.265 Y88.24 E.02853
G1 X135.908 Y87.585 E.02476
G1 X135.681 Y86.929 E.023
G1 X135.569 Y86.274 E.02205
G1 X135.636 Y85.619 E.02185
G1 X135.805 Y85.292 E.01223
G1 X136.122 Y84.964 E.01513
G1 X137.084 Y84.309 E.0386
G1 X137.932 Y83.654 E.03555
G1 X138.489 Y82.998 E.02853
G1 X138.846 Y82.343 E.02476
G1 X139.073 Y81.688 E.023
G1 X139.185 Y81.033 E.02205
G1 X139.118 Y80.378 E.02185
G1 X139.075 Y80.294 E.00313
G1 X142.202 Y80.294 E.10372
G1 X143.173 Y81.033 E.04047
G1 X143.73 Y81.688 E.02853
G1 X144.087 Y82.343 E.02476
G1 X144.314 Y82.998 E.023
G1 X144.427 Y83.654 E.02205
G1 X144.36 Y84.309 E.02185
G1 X144.191 Y84.636 E.01223
G1 X143.873 Y84.964 E.01513
G1 X142.912 Y85.619 E.0386
G1 X142.064 Y86.274 E.03555
G1 X141.507 Y86.929 E.02853
G1 X141.149 Y87.585 E.02476
G1 X140.922 Y88.24 E.023
G1 X140.81 Y88.895 E.02205
G1 X140.877 Y89.55 E.02185
G1 X141.046 Y89.878 E.01223
G1 X141.363 Y90.205 E.01513
G1 X142.325 Y90.86 E.0386
G1 X143.173 Y91.516 E.03555
G1 X143.73 Y92.171 E.02853
G1 X144.087 Y92.826 E.02476
G1 X144.314 Y93.481 E.023
G1 X144.427 Y94.136 E.02205
G1 X144.36 Y94.791 E.02185
G1 X144.191 Y95.119 E.01223
G1 X143.873 Y95.447 E.01513
G1 X142.912 Y96.102 E.0386
G1 X142.064 Y96.757 E.03555
G1 X141.507 Y97.412 E.02853
G1 X141.149 Y98.067 E.02476
G1 X140.922 Y98.722 E.023
G1 X140.81 Y99.378 E.02205
G1 X140.877 Y100.033 E.02185
G1 X141.046 Y100.36 E.01223
G1 X141.363 Y100.688 E.01513
G1 X142.325 Y101.343 E.0386
G1 X143.173 Y101.998 E.03555
G1 X143.73 Y102.653 E.02853
G1 X144.087 Y103.309 E.02476
G1 X144.314 Y103.964 E.023
G1 X144.427 Y104.619 E.02205
G1 X144.36 Y105.274 E.02185
G1 X144.191 Y105.602 E.01223
G1 X143.873 Y105.929 E.01513
G1 X142.912 Y106.584 E.0386
G1 X142.064 Y107.24 E.03555
G1 X141.507 Y107.895 E.02853
G1 X141.149 Y108.55 E.02476
G1 X140.922 Y109.205 E.023
G1 X140.81 Y109.86 E.02205
G1 X140.877 Y110.515 E.02185
G1 X141.046 Y110.843 E.01223
G1 X141.363 Y111.171 E.01513
G1 X142.325 Y111.826 E.0386
G1 X143.173 Y112.481 E.03555
G1 X143.73 Y113.136 E.02853
G1 X144.087 Y113.791 E.02476
G1 X144.314 Y114.446 E.023
G1 X144.427 Y115.101 E.02205
G1 X144.36 Y115.757 E.02185
G1 X144.191 Y116.084 E.01223
G1 X143.873 Y116.412 E.01513
G1 X142.912 Y117.067 E.0386
G1 X142.064 Y117.722 E.03555
G1 X141.507 Y118.377 E.02853
G1 X141.149 Y119.032 E.02476
G1 X140.922 Y119.688 E.023
G1 X140.81 Y120.343 E.02205
G1 X140.877 Y120.998 E.02185
G1 X141.046 Y121.326 E.01223
G1 X141.363 Y121.653 E.01513
G1 X142.325 Y122.308 E.0386
G1 X143.173 Y122.963 E.03555
G1 X143.73 Y123.619 E.02853
G1 X144.087 Y124.274 E.02476
G1 X144.314 Y124.929 E.023
G1 X144.427 Y125.584 E.02205
G1 X144.36 Y126.239 E.02185
G1 X144.191 Y126.567 E.01223
G1 X143.873 Y126.894 E.01513
G1 X142.912 Y127.55 E.0386
G1 X142.064 Y128.205 E.03555
G1 X141.507 Y128.86 E.02853
G1 X141.149 Y129.515 E.02476
G1 X140.922 Y130.17 E.023
G1 X140.81 Y130.825 E.02205
G1 X140.877 Y131.481 E.02185
G1 X141.046 Y131.808 E.01223
G1 X141.363 Y132.136 E.01513
G1 X142.325 Y132.791 E.0386
G1 X143.173 Y133.446 E.03555
G1 X143.73 Y134.101 E.02853
G1 X144.087 Y134.756 E.02476
G1 X144.314 Y135.412 E.023
G1 X144.427 Y136.067 E.02205
G1 X144.36 Y136.722 E.02185
G1 X144.191 Y137.049 E.01223
G1 X143.873 Y137.377 E.01513
G1 X142.912 Y138.032 E.0386
G1 X142.064 Y138.687 E.03555
G1 X141.507 Y139.343 E.02853
G1 X141.308 Y139.706 E.01373
G1 X146.289 Y139.706 E.16523
G1 X146.164 Y139.343 E.01276
G1 X146.051 Y138.687 E.02205
G1 X146.118 Y138.032 E.02185
G1 X146.287 Y137.705 E.01223
G1 X146.605 Y137.377 E.01513
G1 X147.566 Y136.722 E.0386
G1 X148.414 Y136.067 E.03555
G1 X148.971 Y135.412 E.02853
G1 X149.329 Y134.756 E.02476
G1 X149.556 Y134.101 E.023
G1 X149.668 Y133.446 E.02205
G1 X149.601 Y132.791 E.02185
G1 X149.432 Y132.463 E.01223
G1 X149.115 Y132.136 E.01513
G1 X148.153 Y131.481 E.0386
G1 X147.305 Y130.825 E.03555
G1 X146.748 Y130.17 E.02853
G1 X146.39 Y129.515 E.02476
G1 X146.164 Y128.86 E.023
G1 X146.051 Y128.205 E.02205
G1 X146.118 Y127.55 E.02185
G1 X146.287 Y127.222 E.01223
G1 X146.605 Y126.894 E.01513
G1 X147.566 Y126.239 E.0386
G1 X148.414 Y125.584 E.03555
G1 X148.971 Y124.929 E.02853
G1 X149.329 Y124.274 E.02476
G1 X149.556 Y123.619 E.023
G1 X149.668 Y122.963 E.02205
G1 X149.601 Y122.308 E.02185
G1 X149.432 Y121.981 E.01223
G1 X149.115 Y121.653 E.01513
G1 X148.153 Y120.998 E.0386
G1 X147.305 Y120.343 E.03555
G1 X146.748 Y119.688 E.02853
G1 X146.39 Y119.032 E.02476
G1 X146.164 Y118.377 E.023
G1 X146.051 Y117.722 E.02205
G1 X146.118 Y117.067 E.02185
G1 X146.287 Y116.739 E.01223
G1 X146.605 Y116.412 E.01513
G1 X147.566 Y115.757 E.0386
G1 X148.414 Y115.101 E.03555
G1 X148.971 Y114.446 E.02853
G1 X149.329 Y113.791 E.02476
G1 X149.556 Y113.136 E.023
G1 X149.668 Y112.481 E.02205
G1 X149.601 Y111.826 E.02185
G1 X149.432 Y111.498 E.01223
G1 X149.115 Y111.171 E.01513
G1 X148.153 Y110.515 E.0386
G1 X147.305 Y109.86 E.03555
G1 X146.748 Y109.205 E.02853
G1 X146.39 Y108.55 E.02476
G1 X146.164 Y107.895 E.023
G1 X146.051 Y107.24 E.02205
G1 X146.118 Y106.584 E.02185
G1 X146.287 Y106.257 E.01223
G1 X146.605 Y105.929 E.01513
G1 X147.566 Y105.274 E.0386
G1 X148.414 Y104.619 E.03555
G1 X148.971 Y103.964 E.02853
G1 X149.329 Y103.309 E.02476
G1 X149.556 Y102.653 E.023
G1 X149.668 Y101.998 E.02205
G1 X149.601 Y101.343 E.02185
G1 X149.432 Y101.015 E.01223
G1 X149.115 Y100.688 E.01513
G1 X148.153 Y100.033 E.0386
G1 X147.305 Y99.378 E.03555
G1 X146.748 Y98.722 E.02853
G1 X146.39 Y98.067 E.02476
G1 X146.164 Y97.412 E.023
G1 X146.051 Y96.757 E.02205
G1 X146.118 Y96.102 E.02185
G1 X146.287 Y95.774 E.01223
G1 X146.605 Y95.447 E.01513
G1 X147.566 Y94.791 E.0386
G1 X148.414 Y94.136 E.03555
G1 X148.971 Y93.481 E.02853
G1 X149.329 Y92.826 E.02476
G1 X149.556 Y92.171 E.023
G1 X149.668 Y91.516 E.02205
G1 X149.601 Y90.86 E.02185
G1 X149.432 Y90.533 E.01223
G1 X149.115 Y90.205 E.01513
G1 X148.153 Y89.55 E.0386
G1 X147.305 Y88.895 E.03555
G1 X146.748 Y88.24 E.02853
G1 X146.39 Y87.585 E.02476
G1 X146.164 Y86.929 E.023
G1 X146.051 Y86.274 E.02205
G1 X146.118 Y85.619 E.02185
G1 X146.287 Y85.292 E.01223
G1 X146.605 Y84.964 E.01513
G1 X147.566 Y84.309 E.0386
G1 X148.414 Y83.654 E.03555
G1 X148.971 Y82.998 E.02853
G1 X149.329 Y82.343 E.02476
G1 X149.556 Y81.688 E.023
G1 X149.668 Y81.033 E.02205
G1 X149.601 Y80.378 E.02185
G1 X149.558 Y80.294 E.00313
G1 X152.685 Y80.294 E.10372
G1 X153.656 Y81.033 E.04047
G1 X154.213 Y81.688 E.02853
G1 X154.57 Y82.343 E.02476
G1 X154.797 Y82.998 E.023
G1 X154.909 Y83.654 E.02205
G1 X154.842 Y84.309 E.02185
G1 X154.673 Y84.636 E.01223
G1 X154.356 Y84.964 E.01513
G1 X153.394 Y85.619 E.0386
G1 X152.546 Y86.274 E.03555
G1 X151.989 Y86.929 E.02853
G1 X151.632 Y87.585 E.02476
G1 X151.405 Y88.24 E.023
G1 X151.293 Y88.895 E.02205
G1 X151.359 Y89.55 E.02185
G1 X151.529 Y89.878 E.01223
G1 X151.846 Y90.205 E.01513
G1 X152.808 Y90.86 E.0386
G1 X153.656 Y91.516 E.03555
G1 X154.213 Y92.171 E.02853
G1 X154.57 Y92.826 E.02476
G1 X154.797 Y93.481 E.023
G1 X154.909 Y94.136 E.02205
G1 X154.842 Y94.791 E.02185
G1 X154.673 Y95.119 E.01223
G1 X154.356 Y95.447 E.01513
G1 X153.394 Y96.102 E.0386
G1 X152.546 Y96.757 E.03555
G1 X151.989 Y97.412 E.02853
G1 X151.632 Y98.067 E.02476
G1 X151.405 Y98.722 E.023
G1 X151.293 Y99.378 E.02205
G1 X151.359 Y100.033 E.02185
G1 X151.529 Y100.36 E.01223
G1 X151.846 Y100.688 E.01513
G1 X152.808 Y101.343 E.0386
G1 X153.656 Y101.998 E.03555
G1 X154.213 Y102.653 E.02853
G1 X154.57 Y103.309 E.02476
G1 X154.797 Y103.964 E.023
G1 X154.909 Y104.619 E.02205
G1 X154.842 Y105.274 E.02185
G1 X154.673 Y105.602 E.01223
G1 X154.356 Y105.929 E.01513
G1 X153.394 Y106.584 E.0386
G1 X152.546 Y107.24 E.03555
G1 X151.989 Y107.895 E.02853
G1 X151.632 Y108.55 E.02476
G1 X151.405 Y109.205 E.023
G1 X151.293 Y109.86 E.02205
G1 X151.359 Y110.515 E.02185
G1 X151.529 Y110.843 E.01223
G1 X151.846 Y111.171 E.01513
G1 X152.808 Y111.826 E.0386
G1 X153.656 Y112.481 E.03555
G1 X154.213 Y113.136 E.02853
G1 X154.57 Y113.791 E.02476
G1 X154.797 Y114.446 E.023
G1 X154.909 Y115.101 E.02205
G1 X154.842 Y115.757 E.02185
G1 X154.673 Y116.084 E.01223
G1 X154.356 Y116.412 E.01513
G1 X153.394 Y117.067 E.0386
G1 X152.546 Y117.722 E.03555
G1 X151.989 Y118.377 E.02853
G1 X151.632 Y119.032 E.02476
G1 X151.405 Y119.688 E.023
G1 X151.293 Y120.343 E.02205
G1 X151.359 Y120.998 E.02185
G1 X151.529 Y121.326 E.01223
G1 X151.846 Y121.653 E.01513
G1 X152.808 Y122.308 E.0386
G1 X153.656 Y122.963 E.03555
G1 X154.213 Y123.619 E.02853
G1 X154.57 Y124.274 E.02476
G1 X154.797 Y124.929 E.023
G1 X154.909 Y125.584 E.02205
G1 X154.842 Y126.239 E.02185
G1 X154.673 Y126.567 E.01223
G1 X154.356 Y126.894 E.01513
G1 X153.394 Y127.55 E.0386
G1 X152.546 Y128.205 E.03555
G1 X151.989 Y128.86 E.02853
G1 X151.632 Y129.515 E.02476
G1 X151.405 Y130.17 E.023
G1 X151.293 Y130.825 E.02205
G1 X151.359 Y131.481 E.02185
G1 X151.529 Y131.808 E.01223
G1 X151.846 Y132.136 E.01513
G1 X152.808 Y132.791 E.0386
G1 X153.656 Y133.446 E.03555
G1 X154.213 Y134.101 E.02853
G1 X154.57 Y134.756 E.02476
G1 X154.797 Y135.412 E.023
G1 X154.909 Y136.067 E.02205
G1 X154.842 Y136.722 E.02185
G1 X154.673 Y137.049 E.01223
G1 X154.356 Y137.377 E.01513
G1 X153.394 Y138.032 E.0386
G1 X152.546 Y138.687 E.03555
G1 X151.989 Y139.343 E.02853
G1 X151.791 Y139.706 E.01373
G1 X156.772 Y139.706 E.16523
G1 X156.646 Y139.343 E.01276
G1 X156.534 Y138.687 E.02205
G1 X156.601 Y138.032 E.02185
G1 X156.77 Y137.705 E.01223
G1 X157.087 Y137.377 E.01513
G1 X158.049 Y136.722 E.0386
G1 X158.897 Y136.067 E.03555
G1 X159.454 Y135.412 E.02853
G1 X159.811 Y134.756 E.02476
G1 X160.038 Y134.101 E.023
G1 X160.151 Y133.446 E.02205
G1 X160.084 Y132.791 E.02185
G1 X159.915 Y132.463 E.01223
G1 X159.597 Y132.136 E.01513
G1 X158.636 Y131.481 E.0386
G1 X157.788 Y130.825 E.03555
G1 X157.231 Y130.17 E.02853
G1 X156.873 Y129.515 E.02476
G1 X156.646 Y128.86 E.023
G1 X156.534 Y128.205 E.02205
G1 X156.601 Y127.55 E.02185
G1 X156.77 Y127.222 E.01223
G1 X157.087 Y126.894 E.01513
G1 X158.049 Y126.239 E.0386
G1 X158.897 Y125.584 E.03555
G1 X159.454 Y124.929 E.02853
G1 X159.811 Y124.274 E.02476
G1 X160.038 Y123.619 E.023
G1 X160.151 Y122.963 E.02205
G1 X160.084 Y122.308 E.02185
G1 X159.915 Y121.981 E.01223
G1 X159.597 Y121.653 E.01513
G1 X158.636 Y120.998 E.0386
G1 X157.788 Y120.343 E.03555
G1 X157.231 Y119.688 E.02853
G1 X156.873 Y119.032 E.02476
G1 X156.646 Y118.377 E.023
G1 X156.534 Y117.722 E.02205
G1 X156.601 Y117.067 E.02185
G1 X156.77 Y116.739 E.01223
G1 X157.087 Y116.412 E.01513
G1 X158.049 Y115.757 E.0386
G1 X158.897 Y115.101 E.03555
G1 X159.454 Y114.446 E.02853
G1 X159.811 Y113.791 E.02476
G1 X160.038 Y113.136 E.023
G1 X160.151 Y112.481 E.02205
G1 X160.084 Y111.826 E.02185
G1 X159.915 Y111.498 E.01223
G1 X159.597 Y111.171 E.01513
G1 X158.636 Y110.515 E.0386
G1 X157.788 Y109.86 E.03555
G1 X157.231 Y109.205 E.02853
G1 X156.873 Y108.55 E.02476
G1 X156.646 Y107.895 E.023
G1 X156.534 Y107.24 E.02205
G1 X156.601 Y106.584 E.02185
G1 X156.77 Y106.257 E.01223
G1 X157.087 Y105.929 E.01513
G1 X158.049 Y105.274 E.0386
G1 X158.897 Y104.619 E.03555
G1 X159.454 Y103.964 E.02853
G1 X159.811 Y103.309 E.02476
G1 X160.038 Y102.653 E.023
G1 X160.151 Y101.998 E.02205
G1 X160.084 Y101.343 E.02185
G1 X159.915 Y101.015 E.01223
G1 X159.597 Y100.688 E.01513
G1 X158.636 Y100.033 E.0386
G1 X157.788 Y99.378 E.03555
G1 X157.231 Y98.722 E.02853
G1 X156.873 Y98.067 E.02476
G1 X156.646 Y97.412 E.023
G1 X156.534 Y96.757 E.02205
G1 X156.601 Y96.102 E.02185
G1 X156.77 Y95.774 E.01223
G1 X157.087 Y95.447 E.01513
G1 X158.049 Y94.791 E.0386
G1 X158.897 Y94.136 E.03555
G1 X159.454 Y93.481 E.02853
G1 X159.811 Y92.826 E.02476
G1 X160.038 Y92.171 E.023
G1 X160.151 Y91.516 E.02205
G1 X160.084 Y90.86 E.02185
G1 X159.915 Y90.533 E.01223
G1 X159.597 Y90.205 E.01513
G1 X158.636 Y89.55 E.0386
G1 X157.788 Y88.895 E.03555
G1 X157.231 Y88.24 E.02853
G1 X156.873 Y87.585 E.02476
G1 X156.646 Y86.929 E.023
G1 X156.534 Y86.274 E.02205
G1 X156.601 Y85.619 E.02185
G1 X156.77 Y85.292 E.01223
G1 X157.087 Y84.964 E.01513
G1 X158.049 Y84.309 E.0386
G1 X158.897 Y83.654 E.03555
G1 X159.454 Y82.998 E.02853
G1 X159.811 Y82.343 E.02476
G1 X160.038 Y81.688 E.023
G1 X160.151 Y81.033 E.02205
G1 X160.084 Y80.378 E.02185
G1 X160.04 Y80.294 E.00313
G1 X162.706 Y80.294 E.08842
G1 X162.706 Y86.654 E.21098
G1 X162.472 Y86.929 E.01199
G1 X162.114 Y87.585 E.02476
G1 X161.888 Y88.24 E.023
G1 X161.775 Y88.895 E.02205
G1 X161.842 Y89.55 E.02185
G1 X162.011 Y89.878 E.01223
G1 X162.329 Y90.205 E.01513
G1 X162.706 Y90.462 E.01514
G1 X162.706 Y97.137 E.22141
G1 X162.472 Y97.412 E.01199
G1 X162.114 Y98.067 E.02476
G1 X161.888 Y98.722 E.023
G1 X161.775 Y99.378 E.02205
G1 X161.842 Y100.033 E.02185
G1 X162.011 Y100.36 E.01223
G1 X162.329 Y100.688 E.01513
G1 X162.706 Y100.945 E.01514
G1 X162.706 Y107.619 E.22141
G1 X162.472 Y107.895 E.01199
G1 X162.114 Y108.55 E.02476
G1 X161.888 Y109.205 E.023
G1 X161.775 Y109.86 E.02205
G1 X161.842 Y110.515 E.02185
G1 X162.011 Y110.843 E.01223
G1 X162.329 Y111.171 E.01513
G1 X162.706 Y111.428 E.01514
G1 X162.706 Y118.102 E.22141
G1 X162.472 Y118.377 E.01199
G1 X162.114 Y119.032 E.02476
G1 X161.888 Y119.688 E.023
G1 X161.775 Y120.343 E.02205
G1 X161.842 Y120.998 E.02185
G1 X162.011 Y121.326 E.01223
G1 X162.329 Y121.653 E.01513
G1 X162.706 Y121.91 E.01514
G1 X162.706 Y128.585 E.22141
G1 X162.472 Y128.86 E.01199
G1 X162.114 Y129.515 E.02476
G1 X161.888 Y130.17 E.023
G1 X161.775 Y130.825 E.02205
G1 X161.842 Y131.481 E.02185
G1 X162.011 Y131.808 E.01223
G1 X162.329 Y132.136 E.01513
G1 X162.706 Y132.393 E.01514
G1 X162.706 Y139.067 E.22141
G1 X162.472 Y139.343 E.01199
G1 X162.274 Y139.706 E.01373
G1 X160.645 Y139.706 E.05401
; stop printing object 06_sliding_electronics_carrier_ESP32_PH.stl id:0 copy 0
;TIME_ELAPSED:1821.067261

;LAYER_CHANGE
;:1.2
;HEIGHT:0.2
;BEFORE_LAYER_CHANGE
;1.2
G92 E0
;TIME_ELAPSED:1861.607788
G1 E-4.5 F2700
;WIPE_START
G1 F3000
G1 X162.274 Y139.706 E-.38673
G1 X162.452 Y139.38 E-.08827
;WIPE_END
G1 E-.025 F2700
;_SET_FAN_SPEED_CHANGING_LAYER
; OBJECT_ID: 15
; printing object 06_sliding_electronics_carrier_ESP32_PH.stl id:0 copy 0
M205 X8 Y8
G17
G3 Z1.4 I-.007 J-1.217 P1  F7200
G1 X57.009 Y139.991 Z1.4
G1 Z1.2
G1 E5 F2400
M205 X10 Y10
;TYPE:Inner wall
;WIDTH:0.449999
G1 F2700
G1 X57.009 Y80.009 E1.9897
G1 X162.991 Y80.009 E3.5156
G1 X162.991 Y139.991 E1.9897
M73 P43 R40
G1 X57.049 Y139.991 E3.51427
M205 X8 Y8
G1 X56.602 Y140.398 F7200
M205 X10 Y10
G1 F2700
G1 X56.602 Y79.602 E2.01671
G1 X163.398 Y79.602 E3.54261
G1 X163.398 Y140.398 E2.01671
G1 X56.642 Y140.398 E3.54128
M205 X8 Y8
G1 X56.21 Y140.79 F7200
M205 X10 Y10
;TYPE:Outer wall
;WIDTH:0.419999
G1 F2400
G1 X56.21 Y79.21 E1.89218
G1 X163.79 Y79.21 E3.30563
G1 X163.79 Y140.79 E1.89218
G1 X56.25 Y140.79 E3.3044
G1 E-4.5 F2700
;WIPE_START
M73 P43 R39
G1 F2400
G1 X56.249 Y138.79 E-.475
;WIPE_END
G1 E-.025 F2700
M205 X8 Y8
G1 X59.671 Y80.294 Z1.6 F7200
G1 Z1.2
G1 E5 F2400
M205 X10 Y10
;TYPE:Sparse infill
;WIDTH:0.45
G1 F3000
G1 X58.043 Y80.294 E.05401
G1 X59.235 Y81.033 E.04654
G1 X59.882 Y81.688 E.03055
G1 X60.302 Y82.343 E.02581
G1 X60.594 Y82.998 E.02379
G1 X60.797 Y83.654 E.02276
G1 X60.886 Y84.309 E.02193
G1 X60.819 Y84.636 E.0111
G1 X60.538 Y84.964 E.01432
G1 X59.316 Y85.619 E.04598
G1 X58.28 Y86.274 E.04067
G1 X57.633 Y86.929 E.03055
G1 X57.294 Y87.458 E.02082
G1 X57.294 Y90.375 E.09678
G1 X58.199 Y90.86 E.03405
G1 X59.235 Y91.516 E.04067
G1 X59.882 Y92.171 E.03055
G1 X60.302 Y92.826 E.02581
G1 X60.594 Y93.481 E.02379
G1 X60.797 Y94.136 E.02276
G1 X60.886 Y94.791 E.02193
G1 X60.819 Y95.119 E.0111
G1 X60.538 Y95.447 E.01432
G1 X59.316 Y96.102 E.04598
G1 X58.28 Y96.757 E.04067
G1 X57.633 Y97.412 E.03055
G1 X57.294 Y97.94 E.02082
G1 X57.294 Y100.858 E.09678
G1 X58.199 Y101.343 E.03405
G1 X59.235 Y101.998 E.04067
G1 X59.882 Y102.653 E.03055
G1 X60.302 Y103.309 E.02581
G1 X60.594 Y103.964 E.02379
G1 X60.797 Y104.619 E.02276
G1 X60.886 Y105.274 E.02193
G1 X60.819 Y105.602 E.0111
G1 X60.538 Y105.929 E.01432
G1 X59.316 Y106.584 E.04598
G1 X58.28 Y107.24 E.04067
G1 X57.633 Y107.895 E.03055
G1 X57.294 Y108.423 E.02082
G1 X57.294 Y111.34 E.09678
G1 X58.199 Y111.826 E.03405
G1 X59.235 Y112.481 E.04067
G1 X59.882 Y113.136 E.03055
G1 X60.302 Y113.791 E.02581
G1 X60.594 Y114.446 E.02379
G1 X60.797 Y115.101 E.02276
G1 X60.886 Y115.757 E.02193
G1 X60.819 Y116.084 E.0111
G1 X60.538 Y116.412 E.01432
G1 X59.316 Y117.067 E.04598
G1 X58.28 Y117.722 E.04067
G1 X57.633 Y118.377 E.03055
G1 X57.294 Y118.906 E.02082
G1 X57.294 Y121.823 E.09678
G1 X58.199 Y122.308 E.03405
G1 X59.235 Y122.963 E.04067
G1 X59.882 Y123.619 E.03055
G1 X60.302 Y124.274 E.02581
G1 X60.594 Y124.929 E.02379
G1 X60.797 Y125.584 E.02276
G1 X60.886 Y126.239 E.02193
G1 X60.819 Y126.567 E.0111
G1 X60.538 Y126.894 E.01432
G1 X59.316 Y127.55 E.04598
G1 X58.28 Y128.205 E.04067
G1 X57.633 Y128.86 E.03055
G1 X57.294 Y129.388 E.02082
G1 X57.294 Y132.306 E.09678
G1 X58.199 Y132.791 E.03405
G1 X59.235 Y133.446 E.04067
G1 X59.882 Y134.101 E.03055
G1 X60.302 Y134.756 E.02581
G1 X60.594 Y135.412 E.02379
G1 X60.797 Y136.067 E.02276
G1 X60.886 Y136.722 E.02193
G1 X60.819 Y137.049 E.0111
G1 X60.538 Y137.377 E.01432
G1 X59.316 Y138.032 E.04598
G1 X58.28 Y138.687 E.04067
G1 X57.633 Y139.343 E.03055
G1 X57.4 Y139.706 E.01432
G1 X62.324 Y139.706 E.16335
G1 X62.162 Y139.343 E.01319
G1 X61.959 Y138.687 E.02276
G1 X61.87 Y138.032 E.02193
G1 X61.938 Y137.705 E.0111
G1 X62.219 Y137.377 E.01432
G1 X63.44 Y136.722 E.04598
G1 X64.476 Y136.067 E.04067
G1 X65.124 Y135.412 E.03055
G1 X65.543 Y134.756 E.02581
G1 X65.835 Y134.101 E.02379
G1 X66.038 Y133.446 E.02276
G1 X66.128 Y132.791 E.02193
G1 X66.06 Y132.463 E.0111
G1 X65.779 Y132.136 E.01432
G1 X64.558 Y131.481 E.04598
G1 X63.521 Y130.825 E.04067
G1 X62.874 Y130.17 E.03055
G1 X62.454 Y129.515 E.02581
G1 X62.162 Y128.86 E.02379
G1 X61.959 Y128.205 E.02276
G1 X61.87 Y127.55 E.02193
G1 X61.938 Y127.222 E.0111
G1 X62.219 Y126.894 E.01432
G1 X63.44 Y126.239 E.04598
G1 X64.476 Y125.584 E.04067
G1 X65.124 Y124.929 E.03055
G1 X65.543 Y124.274 E.02581
G1 X65.835 Y123.619 E.02379
G1 X66.038 Y122.963 E.02276
G1 X66.128 Y122.308 E.02193
G1 X66.06 Y121.981 E.0111
G1 X65.779 Y121.653 E.01432
G1 X64.558 Y120.998 E.04598
G1 X63.521 Y120.343 E.04067
G1 X62.874 Y119.688 E.03055
G1 X62.454 Y119.032 E.02581
G1 X62.162 Y118.377 E.02379
G1 X61.959 Y117.722 E.02276
G1 X61.87 Y117.067 E.02193
G1 X61.938 Y116.739 E.0111
G1 X62.219 Y116.412 E.01432
G1 X63.44 Y115.757 E.04598
G1 X64.476 Y115.101 E.04067
G1 X65.124 Y114.446 E.03055
G1 X65.543 Y113.791 E.02581
G1 X65.835 Y113.136 E.02379
G1 X66.038 Y112.481 E.02276
G1 X66.128 Y111.826 E.02193
G1 X66.06 Y111.498 E.0111
G1 X65.779 Y111.171 E.01432
G1 X64.558 Y110.515 E.04598
G1 X63.521 Y109.86 E.04067
G1 X62.874 Y109.205 E.03055
G1 X62.454 Y108.55 E.02581
G1 X62.162 Y107.895 E.02379
G1 X61.959 Y107.24 E.02276
G1 X61.87 Y106.584 E.02193
G1 X61.938 Y106.257 E.0111
G1 X62.219 Y105.929 E.01432
G1 X63.44 Y105.274 E.04598
G1 X64.476 Y104.619 E.04067
G1 X65.124 Y103.964 E.03055
G1 X65.543 Y103.309 E.02581
G1 X65.835 Y102.653 E.02379
G1 X66.038 Y101.998 E.02276
G1 X66.128 Y101.343 E.02193
G1 X66.06 Y101.015 E.0111
G1 X65.779 Y100.688 E.01432
G1 X64.558 Y100.033 E.04598
G1 X63.521 Y99.378 E.04067
G1 X62.874 Y98.722 E.03055
G1 X62.454 Y98.067 E.02581
G1 X62.162 Y97.412 E.02379
G1 X61.959 Y96.757 E.02276
G1 X61.87 Y96.102 E.02193
G1 X61.938 Y95.774 E.0111
G1 X62.219 Y95.447 E.01432
G1 X63.44 Y94.791 E.04598
G1 X64.476 Y94.136 E.04067
G1 X65.124 Y93.481 E.03055
G1 X65.543 Y92.826 E.02581
G1 X65.835 Y92.171 E.02379
G1 X66.038 Y91.516 E.02276
G1 X66.128 Y90.86 E.02193
G1 X66.06 Y90.533 E.0111
G1 X65.779 Y90.205 E.01432
G1 X64.558 Y89.55 E.04598
G1 X63.521 Y88.895 E.04067
G1 X62.874 Y88.24 E.03055
G1 X62.454 Y87.585 E.02581
G1 X62.162 Y86.929 E.02379
G1 X61.959 Y86.274 E.02276
G1 X61.87 Y85.619 E.02193
G1 X61.938 Y85.292 E.0111
G1 X62.219 Y84.964 E.01432
G1 X63.44 Y84.309 E.04598
G1 X64.476 Y83.654 E.04067
G1 X65.124 Y82.998 E.03055
G1 X65.543 Y82.343 E.02581
G1 X65.835 Y81.688 E.02379
G1 X66.038 Y81.033 E.02276
G1 X66.128 Y80.378 E.02193
G1 X66.11 Y80.294 E.00284
G1 X68.525 Y80.294 E.0801
G1 X69.718 Y81.033 E.04654
G1 X70.365 Y81.688 E.03055
G1 X70.785 Y82.343 E.02581
G1 X71.076 Y82.998 E.02379
G1 X71.28 Y83.654 E.02276
G1 X71.369 Y84.309 E.02193
G1 X71.301 Y84.636 E.0111
G1 X71.02 Y84.964 E.01432
G1 X69.799 Y85.619 E.04598
G1 X68.762 Y86.274 E.04067
G1 X68.115 Y86.929 E.03055
G1 X67.695 Y87.585 E.02581
G1 X67.404 Y88.24 E.02379
G1 X67.2 Y88.895 E.02276
G1 X67.111 Y89.55 E.02193
G1 X67.179 Y89.878 E.0111
G1 X67.46 Y90.205 E.01432
G1 X68.681 Y90.86 E.04598
G1 X69.718 Y91.516 E.04067
G1 X70.365 Y92.171 E.03055
G1 X70.785 Y92.826 E.02581
G1 X71.076 Y93.481 E.02379
G1 X71.28 Y94.136 E.02276
G1 X71.369 Y94.791 E.02193
G1 X71.301 Y95.119 E.0111
G1 X71.02 Y95.447 E.01432
G1 X69.799 Y96.102 E.04598
G1 X68.762 Y96.757 E.04067
G1 X68.115 Y97.412 E.03055
G1 X67.695 Y98.067 E.02581
G1 X67.404 Y98.722 E.02379
G1 X67.2 Y99.378 E.02276
G1 X67.111 Y100.033 E.02193
G1 X67.179 Y100.36 E.0111
G1 X67.46 Y100.688 E.01432
G1 X68.681 Y101.343 E.04598
G1 X69.718 Y101.998 E.04067
G1 X70.365 Y102.653 E.03055
G1 X70.785 Y103.309 E.02581
G1 X71.076 Y103.964 E.02379
G1 X71.28 Y104.619 E.02276
G1 X71.369 Y105.274 E.02193
G1 X71.301 Y105.602 E.0111
G1 X71.02 Y105.929 E.01432
G1 X69.799 Y106.584 E.04598
G1 X68.762 Y107.24 E.04067
G1 X68.115 Y107.895 E.03055
G1 X67.695 Y108.55 E.02581
G1 X67.404 Y109.205 E.02379
G1 X67.2 Y109.86 E.02276
G1 X67.111 Y110.515 E.02193
G1 X67.179 Y110.843 E.0111
G1 X67.46 Y111.171 E.01432
G1 X68.681 Y111.826 E.04598
G1 X69.718 Y112.481 E.04067
G1 X70.365 Y113.136 E.03055
G1 X70.785 Y113.791 E.02581
G1 X71.076 Y114.446 E.02379
G1 X71.28 Y115.101 E.02276
G1 X71.369 Y115.757 E.02193
G1 X71.301 Y116.084 E.0111
G1 X71.02 Y116.412 E.01432
G1 X69.799 Y117.067 E.04598
G1 X68.762 Y117.722 E.04067
G1 X68.115 Y118.377 E.03055
G1 X67.695 Y119.032 E.02581
G1 X67.404 Y119.688 E.02379
G1 X67.2 Y120.343 E.02276
G1 X67.111 Y120.998 E.02193
G1 X67.179 Y121.326 E.0111
G1 X67.46 Y121.653 E.01432
G1 X68.681 Y122.308 E.04598
G1 X69.718 Y122.963 E.04067
G1 X70.365 Y123.619 E.03055
G1 X70.785 Y124.274 E.02581
G1 X71.076 Y124.929 E.02379
G1 X71.28 Y125.584 E.02276
G1 X71.369 Y126.239 E.02193
G1 X71.301 Y126.567 E.0111
G1 X71.02 Y126.894 E.01432
G1 X69.799 Y127.55 E.04598
G1 X68.762 Y128.205 E.04067
G1 X68.115 Y128.86 E.03055
G1 X67.695 Y129.515 E.02581
G1 X67.404 Y130.17 E.02379
G1 X67.2 Y130.825 E.02276
G1 X67.111 Y131.481 E.02193
G1 X67.179 Y131.808 E.0111
G1 X67.46 Y132.136 E.01432
G1 X68.681 Y132.791 E.04598
G1 X69.718 Y133.446 E.04067
G1 X70.365 Y134.101 E.03055
G1 X70.785 Y134.756 E.02581
G1 X71.076 Y135.412 E.02379
G1 X71.28 Y136.067 E.02276
G1 X71.369 Y136.722 E.02193
G1 X71.301 Y137.049 E.0111
G1 X71.02 Y137.377 E.01432
G1 X69.799 Y138.032 E.04598
G1 X68.762 Y138.687 E.04067
G1 X68.115 Y139.343 E.03055
G1 X67.882 Y139.706 E.01432
G1 X72.807 Y139.706 E.16335
G1 X72.645 Y139.343 E.01319
G1 X72.442 Y138.687 E.02276
G1 X72.352 Y138.032 E.02193
G1 X72.42 Y137.705 E.0111
G1 X72.701 Y137.377 E.01432
G1 X73.923 Y136.722 E.04598
G1 X74.959 Y136.067 E.04067
G1 X75.606 Y135.412 E.03055
G1 X76.026 Y134.756 E.02581
G1 X76.318 Y134.101 E.02379
G1 X76.521 Y133.446 E.02276
G1 X76.61 Y132.791 E.02193
G1 X76.543 Y132.463 E.0111
G1 X76.262 Y132.136 E.01432
G1 X75.04 Y131.481 E.04598
G1 X74.004 Y130.825 E.04067
G1 X73.357 Y130.17 E.03055
G1 X72.937 Y129.515 E.02581
G1 X72.645 Y128.86 E.02379
G1 X72.442 Y128.205 E.02276
G1 X72.352 Y127.55 E.02193
G1 X72.42 Y127.222 E.0111
G1 X72.701 Y126.894 E.01432
G1 X73.923 Y126.239 E.04598
G1 X74.959 Y125.584 E.04067
G1 X75.606 Y124.929 E.03055
G1 X76.026 Y124.274 E.02581
G1 X76.318 Y123.619 E.02379
G1 X76.521 Y122.963 E.02276
G1 X76.61 Y122.308 E.02193
G1 X76.543 Y121.981 E.0111
G1 X76.262 Y121.653 E.01432
G1 X75.04 Y120.998 E.04598
G1 X74.004 Y120.343 E.04067
G1 X73.357 Y119.688 E.03055
G1 X72.937 Y119.032 E.02581
G1 X72.645 Y118.377 E.02379
G1 X72.442 Y117.722 E.02276
G1 X72.352 Y117.067 E.02193
G1 X72.42 Y116.739 E.0111
G1 X72.701 Y116.412 E.01432
G1 X73.923 Y115.757 E.04598
G1 X74.959 Y115.101 E.04067
G1 X75.606 Y114.446 E.03055
G1 X76.026 Y113.791 E.02581
G1 X76.318 Y113.136 E.02379
G1 X76.521 Y112.481 E.02276
G1 X76.61 Y111.826 E.02193
G1 X76.543 Y111.498 E.0111
G1 X76.262 Y111.171 E.01432
G1 X75.04 Y110.515 E.04598
G1 X74.004 Y109.86 E.04067
G1 X73.357 Y109.205 E.03055
G1 X72.937 Y108.55 E.02581
G1 X72.645 Y107.895 E.02379
G1 X72.442 Y107.24 E.02276
G1 X72.352 Y106.584 E.02193
G1 X72.42 Y106.257 E.0111
G1 X72.701 Y105.929 E.01432
G1 X73.923 Y105.274 E.04598
G1 X74.959 Y104.619 E.04067
G1 X75.606 Y103.964 E.03055
G1 X76.026 Y103.309 E.02581
G1 X76.318 Y102.653 E.02379
G1 X76.521 Y101.998 E.02276
G1 X76.61 Y101.343 E.02193
G1 X76.543 Y101.015 E.0111
G1 X76.262 Y100.688 E.01432
G1 X75.04 Y100.033 E.04598
G1 X74.004 Y99.378 E.04067
G1 X73.357 Y98.722 E.03055
G1 X72.937 Y98.067 E.02581
G1 X72.645 Y97.412 E.02379
G1 X72.442 Y96.757 E.02276
G1 X72.352 Y96.102 E.02193
G1 X72.42 Y95.774 E.0111
G1 X72.701 Y95.447 E.01432
G1 X73.923 Y94.791 E.04598
G1 X74.959 Y94.136 E.04067
G1 X75.606 Y93.481 E.03055
G1 X76.026 Y92.826 E.02581
G1 X76.318 Y92.171 E.02379
G1 X76.521 Y91.516 E.02276
G1 X76.61 Y90.86 E.02193
G1 X76.543 Y90.533 E.0111
G1 X76.262 Y90.205 E.01432
G1 X75.04 Y89.55 E.04598
G1 X74.004 Y88.895 E.04067
G1 X73.357 Y88.24 E.03055
G1 X72.937 Y87.585 E.02581
G1 X72.645 Y86.929 E.02379
G1 X72.442 Y86.274 E.02276
G1 X72.352 Y85.619 E.02193
G1 X72.42 Y85.292 E.0111
G1 X72.701 Y84.964 E.01432
G1 X73.923 Y84.309 E.04598
G1 X74.959 Y83.654 E.04067
G1 X75.606 Y82.998 E.03055
G1 X76.026 Y82.343 E.02581
G1 X76.318 Y81.688 E.02379
G1 X76.521 Y81.033 E.02276
G1 X76.61 Y80.378 E.02193
G1 X76.593 Y80.294 E.00284
G1 X79.008 Y80.294 E.0801
G1 X80.2 Y81.033 E.04654
G1 X80.847 Y81.688 E.03055
G1 X81.267 Y82.343 E.02581
G1 X81.559 Y82.998 E.02379
G1 X81.762 Y83.654 E.02276
G1 X81.852 Y84.309 E.02193
G1 X81.784 Y84.636 E.0111
G1 X81.503 Y84.964 E.01432
G1 X80.281 Y85.619 E.04598
G1 X79.245 Y86.274 E.04067
G1 X78.598 Y86.929 E.03055
G1 X78.178 Y87.585 E.02581
G1 X77.886 Y88.24 E.02379
G1 X77.683 Y88.895 E.02276
G1 X77.594 Y89.55 E.02193
G1 X77.662 Y89.878 E.0111
G1 X77.942 Y90.205 E.01432
G1 X79.164 Y90.86 E.04598
G1 X80.2 Y91.516 E.04067
G1 X80.847 Y92.171 E.03055
G1 X81.267 Y92.826 E.02581
G1 X81.559 Y93.481 E.02379
G1 X81.762 Y94.136 E.02276
G1 X81.852 Y94.791 E.02193
G1 X81.784 Y95.119 E.0111
G1 X81.503 Y95.447 E.01432
G1 X80.281 Y96.102 E.04598
G1 X79.245 Y96.757 E.04067
G1 X78.598 Y97.412 E.03055
G1 X78.178 Y98.067 E.02581
G1 X77.886 Y98.722 E.02379
G1 X77.683 Y99.378 E.02276
G1 X77.594 Y100.033 E.02193
G1 X77.662 Y100.36 E.0111
G1 X77.942 Y100.688 E.01432
G1 X79.164 Y101.343 E.04598
G1 X80.2 Y101.998 E.04067
G1 X80.847 Y102.653 E.03055
G1 X81.267 Y103.309 E.02581
G1 X81.559 Y103.964 E.02379
G1 X81.762 Y104.619 E.02276
G1 X81.852 Y105.274 E.02193
G1 X81.784 Y105.602 E.0111
G1 X81.503 Y105.929 E.01432
G1 X80.281 Y106.584 E.04598
G1 X79.245 Y107.24 E.04067
G1 X78.598 Y107.895 E.03055
G1 X78.178 Y108.55 E.02581
G1 X77.886 Y109.205 E.02379
G1 X77.683 Y109.86 E.02276
G1 X77.594 Y110.515 E.02193
G1 X77.662 Y110.843 E.0111
G1 X77.942 Y111.171 E.01432
G1 X79.164 Y111.826 E.04598
G1 X80.2 Y112.481 E.04067
G1 X80.847 Y113.136 E.03055
G1 X81.267 Y113.791 E.02581
G1 X81.559 Y114.446 E.02379
G1 X81.762 Y115.101 E.02276
G1 X81.852 Y115.757 E.02193
G1 X81.784 Y116.084 E.0111
G1 X81.503 Y116.412 E.01432
G1 X80.281 Y117.067 E.04598
G1 X79.245 Y117.722 E.04067
G1 X78.598 Y118.377 E.03055
G1 X78.178 Y119.032 E.02581
G1 X77.886 Y119.688 E.02379
G1 X77.683 Y120.343 E.02276
G1 X77.594 Y120.998 E.02193
G1 X77.662 Y121.326 E.0111
G1 X77.942 Y121.653 E.01432
G1 X79.164 Y122.308 E.04598
G1 X80.2 Y122.963 E.04067
G1 X80.847 Y123.619 E.03055
G1 X81.267 Y124.274 E.02581
G1 X81.559 Y124.929 E.02379
G1 X81.762 Y125.584 E.02276
G1 X81.852 Y126.239 E.02193
G1 X81.784 Y126.567 E.0111
G1 X81.503 Y126.894 E.01432
G1 X80.281 Y127.55 E.04598
G1 X79.245 Y128.205 E.04067
G1 X78.598 Y128.86 E.03055
G1 X78.178 Y129.515 E.02581
G1 X77.886 Y130.17 E.02379
G1 X77.683 Y130.825 E.02276
G1 X77.594 Y131.481 E.02193
G1 X77.662 Y131.808 E.0111
G1 X77.942 Y132.136 E.01432
G1 X79.164 Y132.791 E.04598
G1 X80.2 Y133.446 E.04067
G1 X80.847 Y134.101 E.03055
G1 X81.267 Y134.756 E.02581
G1 X81.559 Y135.412 E.02379
G1 X81.762 Y136.067 E.02276
G1 X81.852 Y136.722 E.02193
G1 X81.784 Y137.049 E.0111
G1 X81.503 Y137.377 E.01432
G1 X80.281 Y138.032 E.04598
G1 X79.245 Y138.687 E.04067
G1 X78.598 Y139.343 E.03055
G1 X78.365 Y139.706 E.01432
G1 X83.289 Y139.706 E.16335
G1 X83.128 Y139.343 E.01319
G1 X82.924 Y138.687 E.02276
G1 X82.835 Y138.032 E.02193
G1 X82.903 Y137.705 E.0111
G1 X83.184 Y137.377 E.01432
G1 X84.405 Y136.722 E.04598
G1 X85.442 Y136.067 E.04067
G1 X86.089 Y135.412 E.03055
G1 X86.509 Y134.756 E.02581
G1 X86.8 Y134.101 E.02379
G1 X87.004 Y133.446 E.02276
G1 X87.093 Y132.791 E.02193
G1 X87.025 Y132.463 E.0111
G1 X86.744 Y132.136 E.01432
G1 X85.523 Y131.481 E.04598
G1 X84.486 Y130.825 E.04067
G1 X83.839 Y130.17 E.03055
G1 X83.419 Y129.515 E.02581
G1 X83.128 Y128.86 E.02379
G1 X82.924 Y128.205 E.02276
G1 X82.835 Y127.55 E.02193
G1 X82.903 Y127.222 E.0111
G1 X83.184 Y126.894 E.01432
G1 X84.405 Y126.239 E.04598
G1 X85.442 Y125.584 E.04067
G1 X86.089 Y124.929 E.03055
G1 X86.509 Y124.274 E.02581
G1 X86.8 Y123.619 E.02379
G1 X87.004 Y122.963 E.02276
G1 X87.093 Y122.308 E.02193
G1 X87.025 Y121.981 E.0111
G1 X86.744 Y121.653 E.01432
G1 X85.523 Y120.998 E.04598
G1 X84.486 Y120.343 E.04067
G1 X83.839 Y119.688 E.03055
G1 X83.419 Y119.032 E.02581
G1 X83.128 Y118.377 E.02379
G1 X82.924 Y117.722 E.02276
G1 X82.835 Y117.067 E.02193
G1 X82.903 Y116.739 E.0111
G1 X83.184 Y116.412 E.01432
G1 X84.405 Y115.757 E.04598
G1 X85.442 Y115.101 E.04067
G1 X86.089 Y114.446 E.03055
G1 X86.509 Y113.791 E.02581
G1 X86.8 Y113.136 E.02379
G1 X87.004 Y112.481 E.02276
G1 X87.093 Y111.826 E.02193
G1 X87.025 Y111.498 E.0111
G1 X86.744 Y111.171 E.01432
G1 X85.523 Y110.515 E.04598
G1 X84.486 Y109.86 E.04067
G1 X83.839 Y109.205 E.03055
G1 X83.419 Y108.55 E.02581
G1 X83.128 Y107.895 E.02379
G1 X82.924 Y107.24 E.02276
G1 X82.835 Y106.584 E.02193
G1 X82.903 Y106.257 E.0111
G1 X83.184 Y105.929 E.01432
G1 X84.405 Y105.274 E.04598
G1 X85.442 Y104.619 E.04067
G1 X86.089 Y103.964 E.03055
G1 X86.509 Y103.309 E.02581
G1 X86.8 Y102.653 E.02379
G1 X87.004 Y101.998 E.02276
G1 X87.093 Y101.343 E.02193
G1 X87.025 Y101.015 E.0111
G1 X86.744 Y100.688 E.01432
G1 X85.523 Y100.033 E.04598
G1 X84.486 Y99.378 E.04067
G1 X83.839 Y98.722 E.03055
G1 X83.419 Y98.067 E.02581
G1 X83.128 Y97.412 E.02379
G1 X82.924 Y96.757 E.02276
G1 X82.835 Y96.102 E.02193
G1 X82.903 Y95.774 E.0111
G1 X83.184 Y95.447 E.01432
G1 X84.405 Y94.791 E.04598
G1 X85.442 Y94.136 E.04067
G1 X86.089 Y93.481 E.03055
G1 X86.509 Y92.826 E.02581
G1 X86.8 Y92.171 E.02379
G1 X87.004 Y91.516 E.02276
G1 X87.093 Y90.86 E.02193
G1 X87.025 Y90.533 E.0111
G1 X86.744 Y90.205 E.01432
G1 X85.523 Y89.55 E.04598
G1 X84.486 Y88.895 E.04067
G1 X83.839 Y88.24 E.03055
G1 X83.419 Y87.585 E.02581
G1 X83.128 Y86.929 E.02379
G1 X82.924 Y86.274 E.02276
G1 X82.835 Y85.619 E.02193
G1 X82.903 Y85.292 E.0111
G1 X83.184 Y84.964 E.01432
G1 X84.405 Y84.309 E.04598
G1 X85.442 Y83.654 E.04067
G1 X86.089 Y82.998 E.03055
G1 X86.509 Y82.343 E.02581
G1 X86.8 Y81.688 E.02379
G1 X87.004 Y81.033 E.02276
G1 X87.093 Y80.378 E.02193
G1 X87.076 Y80.294 E.00284
G1 X89.49 Y80.294 E.0801
G1 X90.683 Y81.033 E.04654
G1 X91.33 Y81.688 E.03055
G1 X91.75 Y82.343 E.02581
G1 X92.042 Y82.998 E.02379
G1 X92.245 Y83.654 E.02276
G1 X92.334 Y84.309 E.02193
G1 X92.266 Y84.636 E.0111
G1 X91.985 Y84.964 E.01432
G1 X90.764 Y85.619 E.04598
G1 X89.728 Y86.274 E.04067
G1 X89.081 Y86.929 E.03055
G1 X88.661 Y87.585 E.02581
G1 X88.369 Y88.24 E.02379
G1 X88.166 Y88.895 E.02276
G1 X88.076 Y89.55 E.02193
G1 X88.144 Y89.878 E.0111
G1 X88.425 Y90.205 E.01432
G1 X89.647 Y90.86 E.04598
G1 X90.683 Y91.516 E.04067
G1 X91.33 Y92.171 E.03055
G1 X91.75 Y92.826 E.02581
G1 X92.042 Y93.481 E.02379
G1 X92.245 Y94.136 E.02276
G1 X92.334 Y94.791 E.02193
G1 X92.266 Y95.119 E.0111
G1 X91.985 Y95.447 E.01432
G1 X90.764 Y96.102 E.04598
G1 X89.728 Y96.757 E.04067
G1 X89.081 Y97.412 E.03055
G1 X88.661 Y98.067 E.02581
G1 X88.369 Y98.722 E.02379
G1 X88.166 Y99.378 E.02276
G1 X88.076 Y100.033 E.02193
G1 X88.144 Y100.36 E.0111
G1 X88.425 Y100.688 E.01432
G1 X89.647 Y101.343 E.04598
G1 X90.683 Y101.998 E.04067
G1 X91.33 Y102.653 E.03055
G1 X91.75 Y103.309 E.02581
G1 X92.042 Y103.964 E.02379
G1 X92.245 Y104.619 E.02276
G1 X92.334 Y105.274 E.02193
G1 X92.266 Y105.602 E.0111
G1 X91.985 Y105.929 E.01432
G1 X90.764 Y106.584 E.04598
G1 X89.728 Y107.24 E.04067
G1 X89.081 Y107.895 E.03055
G1 X88.661 Y108.55 E.02581
G1 X88.369 Y109.205 E.02379
G1 X88.166 Y109.86 E.02276
G1 X88.076 Y110.515 E.02193
G1 X88.144 Y110.843 E.0111
G1 X88.425 Y111.171 E.01432
G1 X89.647 Y111.826 E.04598
G1 X90.683 Y112.481 E.04067
G1 X91.33 Y113.136 E.03055
G1 X91.75 Y113.791 E.02581
G1 X92.042 Y114.446 E.02379
G1 X92.245 Y115.101 E.02276
G1 X92.334 Y115.757 E.02193
G1 X92.266 Y116.084 E.0111
G1 X91.985 Y116.412 E.01432
G1 X90.764 Y117.067 E.04598
G1 X89.728 Y117.722 E.04067
G1 X89.081 Y118.377 E.03055
G1 X88.661 Y119.032 E.02581
G1 X88.369 Y119.688 E.02379
G1 X88.166 Y120.343 E.02276
G1 X88.076 Y120.998 E.02193
G1 X88.144 Y121.326 E.0111
G1 X88.425 Y121.653 E.01432
G1 X89.647 Y122.308 E.04598
G1 X90.683 Y122.963 E.04067
G1 X91.33 Y123.619 E.03055
G1 X91.75 Y124.274 E.02581
G1 X92.042 Y124.929 E.02379
G1 X92.245 Y125.584 E.02276
G1 X92.334 Y126.239 E.02193
G1 X92.266 Y126.567 E.0111
G1 X91.985 Y126.894 E.01432
G1 X90.764 Y127.55 E.04598
G1 X89.728 Y128.205 E.04067
G1 X89.081 Y128.86 E.03055
G1 X88.661 Y129.515 E.02581
G1 X88.369 Y130.17 E.02379
G1 X88.166 Y130.825 E.02276
G1 X88.076 Y131.481 E.02193
G1 X88.144 Y131.808 E.0111
G1 X88.425 Y132.136 E.01432
G1 X89.647 Y132.791 E.04598
G1 X90.683 Y133.446 E.04067
G1 X91.33 Y134.101 E.03055
G1 X91.75 Y134.756 E.02581
G1 X92.042 Y135.412 E.02379
G1 X92.245 Y136.067 E.02276
G1 X92.334 Y136.722 E.02193
G1 X92.266 Y137.049 E.0111
G1 X91.985 Y137.377 E.01432
G1 X90.764 Y138.032 E.04598
G1 X89.728 Y138.687 E.04067
G1 X89.081 Y139.343 E.03055
G1 X88.848 Y139.706 E.01432
G1 X93.772 Y139.706 E.16335
G1 X93.61 Y139.343 E.01319
G1 X93.407 Y138.687 E.02276
G1 X93.318 Y138.032 E.02193
G1 X93.385 Y137.705 E.0111
G1 X93.666 Y137.377 E.01432
G1 X94.888 Y136.722 E.04598
G1 X95.924 Y136.067 E.04067
G1 X96.571 Y135.412 E.03055
G1 X96.991 Y134.756 E.02581
G1 X97.283 Y134.101 E.02379
G1 X97.486 Y133.446 E.02276
G1 X97.576 Y132.791 E.02193
G1 X97.508 Y132.463 E.0111
G1 X97.227 Y132.136 E.01432
G1 X96.005 Y131.481 E.04598
G1 X94.969 Y130.825 E.04067
G1 X94.322 Y130.17 E.03055
G1 X93.902 Y129.515 E.02581
G1 X93.61 Y128.86 E.02379
G1 X93.407 Y128.205 E.02276
G1 X93.318 Y127.55 E.02193
G1 X93.385 Y127.222 E.0111
G1 X93.666 Y126.894 E.01432
G1 X94.888 Y126.239 E.04598
G1 X95.924 Y125.584 E.04067
G1 X96.571 Y124.929 E.03055
G1 X96.991 Y124.274 E.02581
G1 X97.283 Y123.619 E.02379
G1 X97.486 Y122.963 E.02276
G1 X97.576 Y122.308 E.02193
G1 X97.508 Y121.981 E.0111
G1 X97.227 Y121.653 E.01432
G1 X96.005 Y120.998 E.04598
G1 X94.969 Y120.343 E.04067
G1 X94.322 Y119.688 E.03055
G1 X93.902 Y119.032 E.02581
G1 X93.61 Y118.377 E.02379
G1 X93.407 Y117.722 E.02276
G1 X93.318 Y117.067 E.02193
G1 X93.385 Y116.739 E.0111
G1 X93.666 Y116.412 E.01432
G1 X94.888 Y115.757 E.04598
G1 X95.924 Y115.101 E.04067
G1 X96.571 Y114.446 E.03055
G1 X96.991 Y113.791 E.02581
G1 X97.283 Y113.136 E.02379
G1 X97.486 Y112.481 E.02276
M73 P44 R39
G1 X97.576 Y111.826 E.02193
G1 X97.508 Y111.498 E.0111
G1 X97.227 Y111.171 E.01432
G1 X96.005 Y110.515 E.04598
G1 X94.969 Y109.86 E.04067
G1 X94.322 Y109.205 E.03055
G1 X93.902 Y108.55 E.02581
G1 X93.61 Y107.895 E.02379
G1 X93.407 Y107.24 E.02276
G1 X93.318 Y106.584 E.02193
G1 X93.385 Y106.257 E.0111
G1 X93.666 Y105.929 E.01432
G1 X94.888 Y105.274 E.04598
G1 X95.924 Y104.619 E.04067
G1 X96.571 Y103.964 E.03055
G1 X96.991 Y103.309 E.02581
G1 X97.283 Y102.653 E.02379
G1 X97.486 Y101.998 E.02276
G1 X97.576 Y101.343 E.02193
G1 X97.508 Y101.015 E.0111
G1 X97.227 Y100.688 E.01432
G1 X96.005 Y100.033 E.04598
G1 X94.969 Y99.378 E.04067
G1 X94.322 Y98.722 E.03055
G1 X93.902 Y98.067 E.02581
G1 X93.61 Y97.412 E.02379
G1 X93.407 Y96.757 E.02276
G1 X93.318 Y96.102 E.02193
G1 X93.385 Y95.774 E.0111
G1 X93.666 Y95.447 E.01432
G1 X94.888 Y94.791 E.04598
G1 X95.924 Y94.136 E.04067
G1 X96.571 Y93.481 E.03055
G1 X96.991 Y92.826 E.02581
G1 X97.283 Y92.171 E.02379
G1 X97.486 Y91.516 E.02276
G1 X97.576 Y90.86 E.02193
G1 X97.508 Y90.533 E.0111
G1 X97.227 Y90.205 E.01432
G1 X96.005 Y89.55 E.04598
G1 X94.969 Y88.895 E.04067
G1 X94.322 Y88.24 E.03055
G1 X93.902 Y87.585 E.02581
G1 X93.61 Y86.929 E.02379
G1 X93.407 Y86.274 E.02276
G1 X93.318 Y85.619 E.02193
G1 X93.385 Y85.292 E.0111
G1 X93.666 Y84.964 E.01432
G1 X94.888 Y84.309 E.04598
G1 X95.924 Y83.654 E.04067
G1 X96.571 Y82.998 E.03055
G1 X96.991 Y82.343 E.02581
G1 X97.283 Y81.688 E.02379
G1 X97.486 Y81.033 E.02276
G1 X97.576 Y80.378 E.02193
G1 X97.558 Y80.294 E.00284
G1 X99.973 Y80.294 E.0801
G1 X101.166 Y81.033 E.04654
G1 X101.813 Y81.688 E.03055
G1 X102.233 Y82.343 E.02581
G1 X102.524 Y82.998 E.02379
G1 X102.728 Y83.654 E.02276
G1 X102.817 Y84.309 E.02193
G1 X102.749 Y84.636 E.0111
G1 X102.468 Y84.964 E.01432
G1 X101.247 Y85.619 E.04598
G1 X100.21 Y86.274 E.04067
G1 X99.563 Y86.929 E.03055
G1 X99.143 Y87.585 E.02581
G1 X98.852 Y88.24 E.02379
G1 X98.648 Y88.895 E.02276
G1 X98.559 Y89.55 E.02193
G1 X98.627 Y89.878 E.0111
G1 X98.908 Y90.205 E.01432
G1 X100.129 Y90.86 E.04598
G1 X101.166 Y91.516 E.04067
G1 X101.813 Y92.171 E.03055
G1 X102.233 Y92.826 E.02581
G1 X102.524 Y93.481 E.02379
G1 X102.728 Y94.136 E.02276
G1 X102.817 Y94.791 E.02193
G1 X102.749 Y95.119 E.0111
G1 X102.468 Y95.447 E.01432
G1 X101.247 Y96.102 E.04598
G1 X100.21 Y96.757 E.04067
G1 X99.563 Y97.412 E.03055
G1 X99.143 Y98.067 E.02581
G1 X98.852 Y98.722 E.02379
G1 X98.648 Y99.378 E.02276
G1 X98.559 Y100.033 E.02193
G1 X98.627 Y100.36 E.0111
G1 X98.908 Y100.688 E.01432
G1 X100.129 Y101.343 E.04598
G1 X101.166 Y101.998 E.04067
G1 X101.813 Y102.653 E.03055
G1 X102.233 Y103.309 E.02581
G1 X102.524 Y103.964 E.02379
G1 X102.728 Y104.619 E.02276
G1 X102.817 Y105.274 E.02193
G1 X102.749 Y105.602 E.0111
G1 X102.468 Y105.929 E.01432
G1 X101.247 Y106.584 E.04598
G1 X100.21 Y107.24 E.04067
G1 X99.563 Y107.895 E.03055
G1 X99.143 Y108.55 E.02581
G1 X98.852 Y109.205 E.02379
G1 X98.648 Y109.86 E.02276
G1 X98.559 Y110.515 E.02193
G1 X98.627 Y110.843 E.0111
G1 X98.908 Y111.171 E.01432
G1 X100.129 Y111.826 E.04598
G1 X101.166 Y112.481 E.04067
G1 X101.813 Y113.136 E.03055
G1 X102.233 Y113.791 E.02581
G1 X102.524 Y114.446 E.02379
G1 X102.728 Y115.101 E.02276
G1 X102.817 Y115.757 E.02193
G1 X102.749 Y116.084 E.0111
G1 X102.468 Y116.412 E.01432
G1 X101.247 Y117.067 E.04598
G1 X100.21 Y117.722 E.04067
G1 X99.563 Y118.377 E.03055
G1 X99.143 Y119.032 E.02581
G1 X98.852 Y119.688 E.02379
G1 X98.648 Y120.343 E.02276
G1 X98.559 Y120.998 E.02193
G1 X98.627 Y121.326 E.0111
G1 X98.908 Y121.653 E.01432
G1 X100.129 Y122.308 E.04598
G1 X101.166 Y122.963 E.04067
G1 X101.813 Y123.619 E.03055
G1 X102.233 Y124.274 E.02581
G1 X102.524 Y124.929 E.02379
G1 X102.728 Y125.584 E.02276
G1 X102.817 Y126.239 E.02193
G1 X102.749 Y126.567 E.0111
G1 X102.468 Y126.894 E.01432
G1 X101.247 Y127.55 E.04598
G1 X100.21 Y128.205 E.04067
G1 X99.563 Y128.86 E.03055
G1 X99.143 Y129.515 E.02581
G1 X98.852 Y130.17 E.02379
G1 X98.648 Y130.825 E.02276
G1 X98.559 Y131.481 E.02193
G1 X98.627 Y131.808 E.0111
G1 X98.908 Y132.136 E.01432
G1 X100.129 Y132.791 E.04598
G1 X101.166 Y133.446 E.04067
G1 X101.813 Y134.101 E.03055
G1 X102.233 Y134.756 E.02581
G1 X102.524 Y135.412 E.02379
G1 X102.728 Y136.067 E.02276
G1 X102.817 Y136.722 E.02193
G1 X102.749 Y137.049 E.0111
G1 X102.468 Y137.377 E.01432
G1 X101.247 Y138.032 E.04598
G1 X100.21 Y138.687 E.04067
G1 X99.563 Y139.343 E.03055
G1 X99.33 Y139.706 E.01432
G1 X104.255 Y139.706 E.16335
G1 X104.093 Y139.343 E.01319
G1 X103.889 Y138.687 E.02276
G1 X103.8 Y138.032 E.02193
G1 X103.868 Y137.705 E.0111
G1 X104.149 Y137.377 E.01432
G1 X105.37 Y136.722 E.04598
G1 X106.407 Y136.067 E.04067
G1 X107.054 Y135.412 E.03055
G1 X107.474 Y134.756 E.02581
G1 X107.765 Y134.101 E.02379
G1 X107.969 Y133.446 E.02276
G1 X108.058 Y132.791 E.02193
G1 X107.99 Y132.463 E.0111
G1 X107.709 Y132.136 E.01432
G1 X106.488 Y131.481 E.04598
G1 X105.452 Y130.825 E.04067
G1 X104.804 Y130.17 E.03055
G1 X104.385 Y129.515 E.02581
G1 X104.093 Y128.86 E.02379
G1 X103.889 Y128.205 E.02276
G1 X103.8 Y127.55 E.02193
G1 X103.868 Y127.222 E.0111
G1 X104.149 Y126.894 E.01432
G1 X105.37 Y126.239 E.04598
G1 X106.407 Y125.584 E.04067
G1 X107.054 Y124.929 E.03055
G1 X107.474 Y124.274 E.02581
G1 X107.765 Y123.619 E.02379
G1 X107.969 Y122.963 E.02276
G1 X108.058 Y122.308 E.02193
G1 X107.99 Y121.981 E.0111
G1 X107.709 Y121.653 E.01432
G1 X106.488 Y120.998 E.04598
G1 X105.452 Y120.343 E.04067
G1 X104.804 Y119.688 E.03055
G1 X104.385 Y119.032 E.02581
G1 X104.093 Y118.377 E.02379
G1 X103.889 Y117.722 E.02276
G1 X103.8 Y117.067 E.02193
G1 X103.868 Y116.739 E.0111
G1 X104.149 Y116.412 E.01432
G1 X105.37 Y115.757 E.04598
G1 X106.407 Y115.101 E.04067
G1 X107.054 Y114.446 E.03055
G1 X107.474 Y113.791 E.02581
G1 X107.765 Y113.136 E.02379
G1 X107.969 Y112.481 E.02276
G1 X108.058 Y111.826 E.02193
G1 X107.99 Y111.498 E.0111
G1 X107.709 Y111.171 E.01432
G1 X106.488 Y110.515 E.04598
G1 X105.452 Y109.86 E.04067
G1 X104.804 Y109.205 E.03055
G1 X104.385 Y108.55 E.02581
G1 X104.093 Y107.895 E.02379
G1 X103.889 Y107.24 E.02276
G1 X103.8 Y106.584 E.02193
G1 X103.868 Y106.257 E.0111
G1 X104.149 Y105.929 E.01432
G1 X105.37 Y105.274 E.04598
G1 X106.407 Y104.619 E.04067
G1 X107.054 Y103.964 E.03055
G1 X107.474 Y103.309 E.02581
G1 X107.765 Y102.653 E.02379
G1 X107.969 Y101.998 E.02276
G1 X108.058 Y101.343 E.02193
G1 X107.99 Y101.015 E.0111
G1 X107.709 Y100.688 E.01432
G1 X106.488 Y100.033 E.04598
G1 X105.452 Y99.378 E.04067
G1 X104.804 Y98.722 E.03055
G1 X104.385 Y98.067 E.02581
G1 X104.093 Y97.412 E.02379
G1 X103.889 Y96.757 E.02276
G1 X103.8 Y96.102 E.02193
G1 X103.868 Y95.774 E.0111
G1 X104.149 Y95.447 E.01432
G1 X105.37 Y94.791 E.04598
G1 X106.407 Y94.136 E.04067
G1 X107.054 Y93.481 E.03055
G1 X107.474 Y92.826 E.02581
G1 X107.765 Y92.171 E.02379
G1 X107.969 Y91.516 E.02276
G1 X108.058 Y90.86 E.02193
G1 X107.99 Y90.533 E.0111
G1 X107.709 Y90.205 E.01432
G1 X106.488 Y89.55 E.04598
G1 X105.452 Y88.895 E.04067
G1 X104.804 Y88.24 E.03055
G1 X104.385 Y87.585 E.02581
G1 X104.093 Y86.929 E.02379
G1 X103.889 Y86.274 E.02276
G1 X103.8 Y85.619 E.02193
G1 X103.868 Y85.292 E.0111
G1 X104.149 Y84.964 E.01432
G1 X105.37 Y84.309 E.04598
G1 X106.407 Y83.654 E.04067
G1 X107.054 Y82.998 E.03055
G1 X107.474 Y82.343 E.02581
G1 X107.765 Y81.688 E.02379
G1 X107.969 Y81.033 E.02276
G1 X108.058 Y80.378 E.02193
G1 X108.041 Y80.294 E.00284
G1 X110.456 Y80.294 E.0801
G1 X111.648 Y81.033 E.04654
G1 X112.295 Y81.688 E.03055
G1 X112.715 Y82.343 E.02581
G1 X113.007 Y82.998 E.02379
G1 X113.21 Y83.654 E.02276
G1 X113.299 Y84.309 E.02193
G1 X113.232 Y84.636 E.0111
G1 X112.951 Y84.964 E.01432
G1 X111.729 Y85.619 E.04598
G1 X110.693 Y86.274 E.04067
G1 X110.046 Y86.929 E.03055
G1 X109.626 Y87.585 E.02581
G1 X109.334 Y88.24 E.02379
G1 X109.131 Y88.895 E.02276
G1 X109.042 Y89.55 E.02193
G1 X109.109 Y89.878 E.0111
G1 X109.39 Y90.205 E.01432
G1 X110.612 Y90.86 E.04598
G1 X111.648 Y91.516 E.04067
G1 X112.295 Y92.171 E.03055
G1 X112.715 Y92.826 E.02581
G1 X113.007 Y93.481 E.02379
G1 X113.21 Y94.136 E.02276
G1 X113.299 Y94.791 E.02193
G1 X113.232 Y95.119 E.0111
G1 X112.951 Y95.447 E.01432
G1 X111.729 Y96.102 E.04598
G1 X110.693 Y96.757 E.04067
G1 X110.046 Y97.412 E.03055
G1 X109.626 Y98.067 E.02581
G1 X109.334 Y98.722 E.02379
G1 X109.131 Y99.378 E.02276
G1 X109.042 Y100.033 E.02193
G1 X109.109 Y100.36 E.0111
G1 X109.39 Y100.688 E.01432
G1 X110.612 Y101.343 E.04598
G1 X111.648 Y101.998 E.04067
G1 X112.295 Y102.653 E.03055
G1 X112.715 Y103.309 E.02581
G1 X113.007 Y103.964 E.02379
G1 X113.21 Y104.619 E.02276
G1 X113.299 Y105.274 E.02193
G1 X113.232 Y105.602 E.0111
G1 X112.951 Y105.929 E.01432
G1 X111.729 Y106.584 E.04598
G1 X110.693 Y107.24 E.04067
G1 X110.046 Y107.895 E.03055
G1 X109.626 Y108.55 E.02581
G1 X109.334 Y109.205 E.02379
G1 X109.131 Y109.86 E.02276
G1 X109.042 Y110.515 E.02193
G1 X109.109 Y110.843 E.0111
G1 X109.39 Y111.171 E.01432
G1 X110.612 Y111.826 E.04598
G1 X111.648 Y112.481 E.04067
G1 X112.295 Y113.136 E.03055
G1 X112.715 Y113.791 E.02581
G1 X113.007 Y114.446 E.02379
G1 X113.21 Y115.101 E.02276
G1 X113.299 Y115.757 E.02193
G1 X113.232 Y116.084 E.0111
G1 X112.951 Y116.412 E.01432
G1 X111.729 Y117.067 E.04598
G1 X110.693 Y117.722 E.04067
G1 X110.046 Y118.377 E.03055
G1 X109.626 Y119.032 E.02581
G1 X109.334 Y119.688 E.02379
G1 X109.131 Y120.343 E.02276
G1 X109.042 Y120.998 E.02193
G1 X109.109 Y121.326 E.0111
G1 X109.39 Y121.653 E.01432
G1 X110.612 Y122.308 E.04598
G1 X111.648 Y122.963 E.04067
G1 X112.295 Y123.619 E.03055
G1 X112.715 Y124.274 E.02581
G1 X113.007 Y124.929 E.02379
G1 X113.21 Y125.584 E.02276
G1 X113.299 Y126.239 E.02193
G1 X113.232 Y126.567 E.0111
G1 X112.951 Y126.894 E.01432
G1 X111.729 Y127.55 E.04598
G1 X110.693 Y128.205 E.04067
G1 X110.046 Y128.86 E.03055
G1 X109.626 Y129.515 E.02581
G1 X109.334 Y130.17 E.02379
G1 X109.131 Y130.825 E.02276
G1 X109.042 Y131.481 E.02193
G1 X109.109 Y131.808 E.0111
G1 X109.39 Y132.136 E.01432
G1 X110.612 Y132.791 E.04598
G1 X111.648 Y133.446 E.04067
G1 X112.295 Y134.101 E.03055
G1 X112.715 Y134.756 E.02581
G1 X113.007 Y135.412 E.02379
G1 X113.21 Y136.067 E.02276
G1 X113.299 Y136.722 E.02193
G1 X113.232 Y137.049 E.0111
G1 X112.951 Y137.377 E.01432
G1 X111.729 Y138.032 E.04598
G1 X110.693 Y138.687 E.04067
G1 X110.046 Y139.343 E.03055
G1 X109.813 Y139.706 E.01432
G1 X114.737 Y139.706 E.16335
G1 X114.576 Y139.343 E.01319
G1 X114.372 Y138.687 E.02276
G1 X114.283 Y138.032 E.02193
G1 X114.351 Y137.705 E.0111
G1 X114.632 Y137.377 E.01432
G1 X115.853 Y136.722 E.04598
G1 X116.889 Y136.067 E.04067
G1 X117.537 Y135.412 E.03055
G1 X117.956 Y134.756 E.02581
G1 X118.248 Y134.101 E.02379
G1 X118.452 Y133.446 E.02276
G1 X118.541 Y132.791 E.02193
G1 X118.473 Y132.463 E.0111
G1 X118.192 Y132.136 E.01432
G1 X116.971 Y131.481 E.04598
G1 X115.934 Y130.825 E.04067
G1 X115.287 Y130.17 E.03055
G1 X114.867 Y129.515 E.02581
G1 X114.576 Y128.86 E.02379
G1 X114.372 Y128.205 E.02276
G1 X114.283 Y127.55 E.02193
G1 X114.351 Y127.222 E.0111
G1 X114.632 Y126.894 E.01432
G1 X115.853 Y126.239 E.04598
G1 X116.889 Y125.584 E.04067
G1 X117.537 Y124.929 E.03055
G1 X117.956 Y124.274 E.02581
G1 X118.248 Y123.619 E.02379
G1 X118.452 Y122.963 E.02276
G1 X118.541 Y122.308 E.02193
G1 X118.473 Y121.981 E.0111
G1 X118.192 Y121.653 E.01432
G1 X116.971 Y120.998 E.04598
G1 X115.934 Y120.343 E.04067
G1 X115.287 Y119.688 E.03055
G1 X114.867 Y119.032 E.02581
G1 X114.576 Y118.377 E.02379
G1 X114.372 Y117.722 E.02276
G1 X114.283 Y117.067 E.02193
G1 X114.351 Y116.739 E.0111
G1 X114.632 Y116.412 E.01432
G1 X115.853 Y115.757 E.04598
G1 X116.889 Y115.101 E.04067
G1 X117.537 Y114.446 E.03055
G1 X117.956 Y113.791 E.02581
G1 X118.248 Y113.136 E.02379
G1 X118.452 Y112.481 E.02276
G1 X118.541 Y111.826 E.02193
G1 X118.473 Y111.498 E.0111
G1 X118.192 Y111.171 E.01432
G1 X116.971 Y110.515 E.04598
G1 X115.934 Y109.86 E.04067
G1 X115.287 Y109.205 E.03055
G1 X114.867 Y108.55 E.02581
G1 X114.576 Y107.895 E.02379
G1 X114.372 Y107.24 E.02276
G1 X114.283 Y106.584 E.02193
G1 X114.351 Y106.257 E.0111
G1 X114.632 Y105.929 E.01432
G1 X115.853 Y105.274 E.04598
G1 X116.889 Y104.619 E.04067
G1 X117.537 Y103.964 E.03055
G1 X117.956 Y103.309 E.02581
G1 X118.248 Y102.653 E.02379
G1 X118.452 Y101.998 E.02276
G1 X118.541 Y101.343 E.02193
G1 X118.473 Y101.015 E.0111
G1 X118.192 Y100.688 E.01432
G1 X116.971 Y100.033 E.04598
G1 X115.934 Y99.378 E.04067
G1 X115.287 Y98.722 E.03055
G1 X114.867 Y98.067 E.02581
G1 X114.576 Y97.412 E.02379
G1 X114.372 Y96.757 E.02276
G1 X114.283 Y96.102 E.02193
G1 X114.351 Y95.774 E.0111
G1 X114.632 Y95.447 E.01432
G1 X115.853 Y94.791 E.04598
G1 X116.889 Y94.136 E.04067
G1 X117.537 Y93.481 E.03055
G1 X117.956 Y92.826 E.02581
G1 X118.248 Y92.171 E.02379
G1 X118.452 Y91.516 E.02276
G1 X118.541 Y90.86 E.02193
G1 X118.473 Y90.533 E.0111
G1 X118.192 Y90.205 E.01432
G1 X116.971 Y89.55 E.04598
G1 X115.934 Y88.895 E.04067
G1 X115.287 Y88.24 E.03055
G1 X114.867 Y87.585 E.02581
G1 X114.576 Y86.929 E.02379
G1 X114.372 Y86.274 E.02276
G1 X114.283 Y85.619 E.02193
G1 X114.351 Y85.292 E.0111
G1 X114.632 Y84.964 E.01432
G1 X115.853 Y84.309 E.04598
G1 X116.889 Y83.654 E.04067
G1 X117.537 Y82.998 E.03055
G1 X117.956 Y82.343 E.02581
G1 X118.248 Y81.688 E.02379
G1 X118.452 Y81.033 E.02276
G1 X118.541 Y80.378 E.02193
G1 X118.523 Y80.294 E.00284
G1 X120.938 Y80.294 E.0801
G1 X122.131 Y81.033 E.04654
G1 X122.778 Y81.688 E.03055
G1 X123.198 Y82.343 E.02581
G1 X123.489 Y82.998 E.02379
G1 X123.693 Y83.654 E.02276
G1 X123.782 Y84.309 E.02193
G1 X123.714 Y84.636 E.0111
G1 X123.433 Y84.964 E.01432
G1 X122.212 Y85.619 E.04598
G1 X121.175 Y86.274 E.04067
G1 X120.528 Y86.929 E.03055
G1 X120.108 Y87.585 E.02581
G1 X119.817 Y88.24 E.02379
G1 X119.613 Y88.895 E.02276
G1 X119.524 Y89.55 E.02193
G1 X119.592 Y89.878 E.0111
G1 X119.873 Y90.205 E.01432
G1 X121.094 Y90.86 E.04598
G1 X122.131 Y91.516 E.04067
G1 X122.778 Y92.171 E.03055
G1 X123.198 Y92.826 E.02581
G1 X123.489 Y93.481 E.02379
G1 X123.693 Y94.136 E.02276
G1 X123.782 Y94.791 E.02193
G1 X123.714 Y95.119 E.0111
G1 X123.433 Y95.447 E.01432
G1 X122.212 Y96.102 E.04598
G1 X121.175 Y96.757 E.04067
G1 X120.528 Y97.412 E.03055
G1 X120.108 Y98.067 E.02581
G1 X119.817 Y98.722 E.02379
G1 X119.613 Y99.378 E.02276
G1 X119.524 Y100.033 E.02193
G1 X119.592 Y100.36 E.0111
G1 X119.873 Y100.688 E.01432
G1 X121.094 Y101.343 E.04598
G1 X122.131 Y101.998 E.04067
G1 X122.778 Y102.653 E.03055
G1 X123.198 Y103.309 E.02581
G1 X123.489 Y103.964 E.02379
G1 X123.693 Y104.619 E.02276
G1 X123.782 Y105.274 E.02193
G1 X123.714 Y105.602 E.0111
G1 X123.433 Y105.929 E.01432
G1 X122.212 Y106.584 E.04598
G1 X121.175 Y107.24 E.04067
G1 X120.528 Y107.895 E.03055
G1 X120.108 Y108.55 E.02581
G1 X119.817 Y109.205 E.02379
G1 X119.613 Y109.86 E.02276
G1 X119.524 Y110.515 E.02193
G1 X119.592 Y110.843 E.0111
G1 X119.873 Y111.171 E.01432
G1 X121.094 Y111.826 E.04598
G1 X122.131 Y112.481 E.04067
G1 X122.778 Y113.136 E.03055
G1 X123.198 Y113.791 E.02581
G1 X123.489 Y114.446 E.02379
G1 X123.693 Y115.101 E.02276
G1 X123.782 Y115.757 E.02193
G1 X123.714 Y116.084 E.0111
G1 X123.433 Y116.412 E.01432
G1 X122.212 Y117.067 E.04598
G1 X121.175 Y117.722 E.04067
G1 X120.528 Y118.377 E.03055
G1 X120.108 Y119.032 E.02581
G1 X119.817 Y119.688 E.02379
G1 X119.613 Y120.343 E.02276
G1 X119.524 Y120.998 E.02193
G1 X119.592 Y121.326 E.0111
G1 X119.873 Y121.653 E.01432
G1 X121.094 Y122.308 E.04598
G1 X122.131 Y122.963 E.04067
G1 X122.778 Y123.619 E.03055
G1 X123.198 Y124.274 E.02581
G1 X123.489 Y124.929 E.02379
G1 X123.693 Y125.584 E.02276
G1 X123.782 Y126.239 E.02193
G1 X123.714 Y126.567 E.0111
G1 X123.433 Y126.894 E.01432
G1 X122.212 Y127.55 E.04598
G1 X121.175 Y128.205 E.04067
G1 X120.528 Y128.86 E.03055
G1 X120.108 Y129.515 E.02581
G1 X119.817 Y130.17 E.02379
G1 X119.613 Y130.825 E.02276
G1 X119.524 Y131.481 E.02193
G1 X119.592 Y131.808 E.0111
G1 X119.873 Y132.136 E.01432
G1 X121.094 Y132.791 E.04598
G1 X122.131 Y133.446 E.04067
G1 X122.778 Y134.101 E.03055
G1 X123.198 Y134.756 E.02581
G1 X123.489 Y135.412 E.02379
G1 X123.693 Y136.067 E.02276
G1 X123.782 Y136.722 E.02193
G1 X123.714 Y137.049 E.0111
G1 X123.433 Y137.377 E.01432
G1 X122.212 Y138.032 E.04598
G1 X121.175 Y138.687 E.04067
G1 X120.528 Y139.343 E.03055
G1 X120.295 Y139.706 E.01432
G1 X125.22 Y139.706 E.16335
G1 X125.058 Y139.343 E.01319
G1 X124.855 Y138.687 E.02276
G1 X124.765 Y138.032 E.02193
G1 X124.833 Y137.705 E.0111
G1 X125.114 Y137.377 E.01432
G1 X126.336 Y136.722 E.04598
G1 X127.372 Y136.067 E.04067
G1 X128.019 Y135.412 E.03055
G1 X128.439 Y134.756 E.02581
G1 X128.731 Y134.101 E.02379
G1 X128.934 Y133.446 E.02276
G1 X129.023 Y132.791 E.02193
G1 X128.956 Y132.463 E.0111
G1 X128.675 Y132.136 E.01432
G1 X127.453 Y131.481 E.04598
G1 X126.417 Y130.825 E.04067
G1 X125.77 Y130.17 E.03055
G1 X125.35 Y129.515 E.02581
G1 X125.058 Y128.86 E.02379
G1 X124.855 Y128.205 E.02276
G1 X124.765 Y127.55 E.02193
G1 X124.833 Y127.222 E.0111
G1 X125.114 Y126.894 E.01432
G1 X126.336 Y126.239 E.04598
G1 X127.372 Y125.584 E.04067
G1 X128.019 Y124.929 E.03055
G1 X128.439 Y124.274 E.02581
G1 X128.731 Y123.619 E.02379
G1 X128.934 Y122.963 E.02276
G1 X129.023 Y122.308 E.02193
G1 X128.956 Y121.981 E.0111
G1 X128.675 Y121.653 E.01432
G1 X127.453 Y120.998 E.04598
G1 X126.417 Y120.343 E.04067
G1 X125.77 Y119.688 E.03055
G1 X125.35 Y119.032 E.02581
G1 X125.058 Y118.377 E.02379
G1 X124.855 Y117.722 E.02276
G1 X124.765 Y117.067 E.02193
G1 X124.833 Y116.739 E.0111
G1 X125.114 Y116.412 E.01432
G1 X126.336 Y115.757 E.04598
G1 X127.372 Y115.101 E.04067
G1 X128.019 Y114.446 E.03055
G1 X128.439 Y113.791 E.02581
G1 X128.731 Y113.136 E.02379
G1 X128.934 Y112.481 E.02276
G1 X129.023 Y111.826 E.02193
G1 X128.956 Y111.498 E.0111
G1 X128.675 Y111.171 E.01432
G1 X127.453 Y110.515 E.04598
G1 X126.417 Y109.86 E.04067
G1 X125.77 Y109.205 E.03055
G1 X125.35 Y108.55 E.02581
G1 X125.058 Y107.895 E.02379
G1 X124.855 Y107.24 E.02276
G1 X124.765 Y106.584 E.02193
G1 X124.833 Y106.257 E.0111
G1 X125.114 Y105.929 E.01432
G1 X126.336 Y105.274 E.04598
G1 X127.372 Y104.619 E.04067
G1 X128.019 Y103.964 E.03055
G1 X128.439 Y103.309 E.02581
G1 X128.731 Y102.653 E.02379
G1 X128.934 Y101.998 E.02276
G1 X129.023 Y101.343 E.02193
G1 X128.956 Y101.015 E.0111
G1 X128.675 Y100.688 E.01432
G1 X127.453 Y100.033 E.04598
G1 X126.417 Y99.378 E.04067
G1 X125.77 Y98.722 E.03055
G1 X125.35 Y98.067 E.02581
G1 X125.058 Y97.412 E.02379
G1 X124.855 Y96.757 E.02276
G1 X124.765 Y96.102 E.02193
G1 X124.833 Y95.774 E.0111
G1 X125.114 Y95.447 E.01432
G1 X126.336 Y94.791 E.04598
G1 X127.372 Y94.136 E.04067
G1 X128.019 Y93.481 E.03055
G1 X128.439 Y92.826 E.02581
G1 X128.731 Y92.171 E.02379
G1 X128.934 Y91.516 E.02276
G1 X129.023 Y90.86 E.02193
G1 X128.956 Y90.533 E.0111
G1 X128.675 Y90.205 E.01432
G1 X127.453 Y89.55 E.04598
G1 X126.417 Y88.895 E.04067
G1 X125.77 Y88.24 E.03055
G1 X125.35 Y87.585 E.02581
G1 X125.058 Y86.929 E.02379
G1 X124.855 Y86.274 E.02276
G1 X124.765 Y85.619 E.02193
G1 X124.833 Y85.292 E.0111
G1 X125.114 Y84.964 E.01432
G1 X126.336 Y84.309 E.04598
G1 X127.372 Y83.654 E.04067
G1 X128.019 Y82.998 E.03055
G1 X128.439 Y82.343 E.02581
G1 X128.731 Y81.688 E.02379
G1 X128.934 Y81.033 E.02276
G1 X129.023 Y80.378 E.02193
G1 X129.006 Y80.294 E.00284
G1 X131.421 Y80.294 E.0801
G1 X132.613 Y81.033 E.04654
G1 X133.261 Y81.688 E.03055
G1 X133.68 Y82.343 E.02581
G1 X133.972 Y82.998 E.02379
G1 X134.175 Y83.654 E.02276
G1 X134.265 Y84.309 E.02193
G1 X134.197 Y84.636 E.0111
G1 X133.916 Y84.964 E.01432
G1 X132.694 Y85.619 E.04598
G1 X131.658 Y86.274 E.04067
G1 X131.011 Y86.929 E.03055
G1 X130.591 Y87.585 E.02581
G1 X130.299 Y88.24 E.02379
G1 X130.096 Y88.895 E.02276
G1 X130.007 Y89.55 E.02193
G1 X130.075 Y89.878 E.0111
G1 X130.356 Y90.205 E.01432
G1 X131.577 Y90.86 E.04598
G1 X132.613 Y91.516 E.04067
G1 X133.261 Y92.171 E.03055
G1 X133.68 Y92.826 E.02581
G1 X133.972 Y93.481 E.02379
G1 X134.175 Y94.136 E.02276
G1 X134.265 Y94.791 E.02193
G1 X134.197 Y95.119 E.0111
G1 X133.916 Y95.447 E.01432
G1 X132.694 Y96.102 E.04598
G1 X131.658 Y96.757 E.04067
G1 X131.011 Y97.412 E.03055
G1 X130.591 Y98.067 E.02581
G1 X130.299 Y98.722 E.02379
G1 X130.096 Y99.378 E.02276
G1 X130.007 Y100.033 E.02193
G1 X130.075 Y100.36 E.0111
G1 X130.356 Y100.688 E.01432
G1 X131.577 Y101.343 E.04598
G1 X132.613 Y101.998 E.04067
G1 X133.261 Y102.653 E.03055
G1 X133.68 Y103.309 E.02581
G1 X133.972 Y103.964 E.02379
G1 X134.175 Y104.619 E.02276
G1 X134.265 Y105.274 E.02193
G1 X134.197 Y105.602 E.0111
G1 X133.916 Y105.929 E.01432
G1 X132.694 Y106.584 E.04598
G1 X131.658 Y107.24 E.04067
G1 X131.011 Y107.895 E.03055
G1 X130.591 Y108.55 E.02581
G1 X130.299 Y109.205 E.02379
G1 X130.096 Y109.86 E.02276
G1 X130.007 Y110.515 E.02193
G1 X130.075 Y110.843 E.0111
G1 X130.356 Y111.171 E.01432
G1 X131.577 Y111.826 E.04598
G1 X132.613 Y112.481 E.04067
G1 X133.261 Y113.136 E.03055
G1 X133.68 Y113.791 E.02581
G1 X133.972 Y114.446 E.02379
G1 X134.175 Y115.101 E.02276
G1 X134.265 Y115.757 E.02193
G1 X134.197 Y116.084 E.0111
G1 X133.916 Y116.412 E.01432
G1 X132.694 Y117.067 E.04598
G1 X131.658 Y117.722 E.04067
G1 X131.011 Y118.377 E.03055
G1 X130.591 Y119.032 E.02581
G1 X130.299 Y119.688 E.02379
G1 X130.096 Y120.343 E.02276
G1 X130.007 Y120.998 E.02193
G1 X130.075 Y121.326 E.0111
G1 X130.356 Y121.653 E.01432
G1 X131.577 Y122.308 E.04598
G1 X132.613 Y122.963 E.04067
G1 X133.261 Y123.619 E.03055
G1 X133.68 Y124.274 E.02581
G1 X133.972 Y124.929 E.02379
G1 X134.175 Y125.584 E.02276
G1 X134.265 Y126.239 E.02193
G1 X134.197 Y126.567 E.0111
G1 X133.916 Y126.894 E.01432
G1 X132.694 Y127.55 E.04598
G1 X131.658 Y128.205 E.04067
G1 X131.011 Y128.86 E.03055
G1 X130.591 Y129.515 E.02581
G1 X130.299 Y130.17 E.02379
G1 X130.096 Y130.825 E.02276
G1 X130.007 Y131.481 E.02193
G1 X130.075 Y131.808 E.0111
G1 X130.356 Y132.136 E.01432
G1 X131.577 Y132.791 E.04598
G1 X132.613 Y133.446 E.04067
G1 X133.261 Y134.101 E.03055
G1 X133.68 Y134.756 E.02581
G1 X133.972 Y135.412 E.02379
G1 X134.175 Y136.067 E.02276
G1 X134.265 Y136.722 E.02193
G1 X134.197 Y137.049 E.0111
G1 X133.916 Y137.377 E.01432
G1 X132.694 Y138.032 E.04598
G1 X131.658 Y138.687 E.04067
G1 X131.011 Y139.343 E.03055
G1 X130.778 Y139.706 E.01432
G1 X135.703 Y139.706 E.16335
G1 X135.541 Y139.343 E.01319
G1 X135.337 Y138.687 E.02276
G1 X135.248 Y138.032 E.02193
G1 X135.316 Y137.705 E.0111
G1 X135.597 Y137.377 E.01432
G1 X136.818 Y136.722 E.04598
G1 X137.855 Y136.067 E.04067
G1 X138.502 Y135.412 E.03055
G1 X138.922 Y134.756 E.02581
G1 X139.213 Y134.101 E.02379
G1 X139.417 Y133.446 E.02276
G1 X139.506 Y132.791 E.02193
G1 X139.438 Y132.463 E.0111
G1 X139.157 Y132.136 E.01432
G1 X137.936 Y131.481 E.04598
G1 X136.899 Y130.825 E.04067
G1 X136.252 Y130.17 E.03055
G1 X135.832 Y129.515 E.02581
G1 X135.541 Y128.86 E.02379
G1 X135.337 Y128.205 E.02276
G1 X135.248 Y127.55 E.02193
G1 X135.316 Y127.222 E.0111
G1 X135.597 Y126.894 E.01432
G1 X136.818 Y126.239 E.04598
G1 X137.855 Y125.584 E.04067
G1 X138.502 Y124.929 E.03055
G1 X138.922 Y124.274 E.02581
G1 X139.213 Y123.619 E.02379
G1 X139.417 Y122.963 E.02276
G1 X139.506 Y122.308 E.02193
G1 X139.438 Y121.981 E.0111
G1 X139.157 Y121.653 E.01432
G1 X137.936 Y120.998 E.04598
G1 X136.899 Y120.343 E.04067
G1 X136.252 Y119.688 E.03055
G1 X135.832 Y119.032 E.02581
G1 X135.541 Y118.377 E.02379
G1 X135.337 Y117.722 E.02276
G1 X135.248 Y117.067 E.02193
G1 X135.316 Y116.739 E.0111
G1 X135.597 Y116.412 E.01432
G1 X136.818 Y115.757 E.04598
G1 X137.855 Y115.101 E.04067
G1 X138.502 Y114.446 E.03055
G1 X138.922 Y113.791 E.02581
G1 X139.213 Y113.136 E.02379
G1 X139.417 Y112.481 E.02276
G1 X139.506 Y111.826 E.02193
G1 X139.438 Y111.498 E.0111
G1 X139.157 Y111.171 E.01432
G1 X137.936 Y110.515 E.04598
G1 X136.899 Y109.86 E.04067
G1 X136.252 Y109.205 E.03055
G1 X135.832 Y108.55 E.02581
G1 X135.541 Y107.895 E.02379
G1 X135.337 Y107.24 E.02276
G1 X135.248 Y106.584 E.02193
G1 X135.316 Y106.257 E.0111
G1 X135.597 Y105.929 E.01432
G1 X136.818 Y105.274 E.04598
G1 X137.855 Y104.619 E.04067
G1 X138.502 Y103.964 E.03055
G1 X138.922 Y103.309 E.02581
G1 X139.213 Y102.653 E.02379
G1 X139.417 Y101.998 E.02276
G1 X139.506 Y101.343 E.02193
G1 X139.438 Y101.015 E.0111
G1 X139.157 Y100.688 E.01432
G1 X137.936 Y100.033 E.04598
G1 X136.899 Y99.378 E.04067
G1 X136.252 Y98.722 E.03055
G1 X135.832 Y98.067 E.02581
G1 X135.541 Y97.412 E.02379
G1 X135.337 Y96.757 E.02276
G1 X135.248 Y96.102 E.02193
G1 X135.316 Y95.774 E.0111
G1 X135.597 Y95.447 E.01432
G1 X136.818 Y94.791 E.04598
G1 X137.855 Y94.136 E.04067
G1 X138.502 Y93.481 E.03055
G1 X138.922 Y92.826 E.02581
G1 X139.213 Y92.171 E.02379
G1 X139.417 Y91.516 E.02276
G1 X139.506 Y90.86 E.02193
G1 X139.438 Y90.533 E.0111
G1 X139.157 Y90.205 E.01432
G1 X137.936 Y89.55 E.04598
G1 X136.899 Y88.895 E.04067
G1 X136.252 Y88.24 E.03055
G1 X135.832 Y87.585 E.02581
G1 X135.541 Y86.929 E.02379
G1 X135.337 Y86.274 E.02276
G1 X135.248 Y85.619 E.02193
G1 X135.316 Y85.292 E.0111
G1 X135.597 Y84.964 E.01432
G1 X136.818 Y84.309 E.04598
G1 X137.855 Y83.654 E.04067
G1 X138.502 Y82.998 E.03055
G1 X138.922 Y82.343 E.02581
G1 X139.213 Y81.688 E.02379
G1 X139.417 Y81.033 E.02276
G1 X139.506 Y80.378 E.02193
G1 X139.489 Y80.294 E.00284
G1 X141.903 Y80.294 E.0801
G1 X143.096 Y81.033 E.04654
G1 X143.743 Y81.688 E.03055
G1 X144.163 Y82.343 E.02581
G1 X144.455 Y82.998 E.02379
G1 X144.658 Y83.654 E.02276
G1 X144.747 Y84.309 E.02193
G1 X144.679 Y84.636 E.0111
G1 X144.399 Y84.964 E.01432
G1 X143.177 Y85.619 E.04598
G1 X142.141 Y86.274 E.04067
G1 X141.494 Y86.929 E.03055
G1 X141.074 Y87.585 E.02581
G1 X140.782 Y88.24 E.02379
G1 X140.579 Y88.895 E.02276
G1 X140.489 Y89.55 E.02193
G1 X140.557 Y89.878 E.0111
G1 X140.838 Y90.205 E.01432
G1 X142.06 Y90.86 E.04598
G1 X143.096 Y91.516 E.04067
G1 X143.743 Y92.171 E.03055
G1 X144.163 Y92.826 E.02581
G1 X144.455 Y93.481 E.02379
G1 X144.658 Y94.136 E.02276
G1 X144.747 Y94.791 E.02193
G1 X144.679 Y95.119 E.0111
G1 X144.399 Y95.447 E.01432
G1 X143.177 Y96.102 E.04598
G1 X142.141 Y96.757 E.04067
G1 X141.494 Y97.412 E.03055
G1 X141.074 Y98.067 E.02581
G1 X140.782 Y98.722 E.02379
G1 X140.579 Y99.378 E.02276
G1 X140.489 Y100.033 E.02193
G1 X140.557 Y100.36 E.0111
G1 X140.838 Y100.688 E.01432
G1 X142.06 Y101.343 E.04598
G1 X143.096 Y101.998 E.04067
G1 X143.743 Y102.653 E.03055
G1 X144.163 Y103.309 E.02581
G1 X144.455 Y103.964 E.02379
G1 X144.658 Y104.619 E.02276
G1 X144.747 Y105.274 E.02193
G1 X144.679 Y105.602 E.0111
G1 X144.399 Y105.929 E.01432
G1 X143.177 Y106.584 E.04598
G1 X142.141 Y107.24 E.04067
G1 X141.494 Y107.895 E.03055
G1 X141.074 Y108.55 E.02581
G1 X140.782 Y109.205 E.02379
G1 X140.579 Y109.86 E.02276
G1 X140.489 Y110.515 E.02193
G1 X140.557 Y110.843 E.0111
G1 X140.838 Y111.171 E.01432
G1 X142.06 Y111.826 E.04598
G1 X143.096 Y112.481 E.04067
G1 X143.743 Y113.136 E.03055
G1 X144.163 Y113.791 E.02581
G1 X144.455 Y114.446 E.02379
G1 X144.658 Y115.101 E.02276
G1 X144.747 Y115.757 E.02193
G1 X144.679 Y116.084 E.0111
G1 X144.399 Y116.412 E.01432
G1 X143.177 Y117.067 E.04598
G1 X142.141 Y117.722 E.04067
G1 X141.494 Y118.377 E.03055
G1 X141.074 Y119.032 E.02581
G1 X140.782 Y119.688 E.02379
G1 X140.579 Y120.343 E.02276
G1 X140.489 Y120.998 E.02193
G1 X140.557 Y121.326 E.0111
G1 X140.838 Y121.653 E.01432
G1 X142.06 Y122.308 E.04598
G1 X143.096 Y122.963 E.04067
G1 X143.743 Y123.619 E.03055
G1 X144.163 Y124.274 E.02581
G1 X144.455 Y124.929 E.02379
G1 X144.658 Y125.584 E.02276
G1 X144.747 Y126.239 E.02193
G1 X144.679 Y126.567 E.0111
G1 X144.399 Y126.894 E.01432
G1 X143.177 Y127.55 E.04598
G1 X142.141 Y128.205 E.04067
G1 X141.494 Y128.86 E.03055
G1 X141.074 Y129.515 E.02581
G1 X140.782 Y130.17 E.02379
G1 X140.579 Y130.825 E.02276
G1 X140.489 Y131.481 E.02193
G1 X140.557 Y131.808 E.0111
G1 X140.838 Y132.136 E.01432
G1 X142.06 Y132.791 E.04598
G1 X143.096 Y133.446 E.04067
G1 X143.743 Y134.101 E.03055
G1 X144.163 Y134.756 E.02581
G1 X144.455 Y135.412 E.02379
G1 X144.658 Y136.067 E.02276
G1 X144.747 Y136.722 E.02193
G1 X144.679 Y137.049 E.0111
G1 X144.399 Y137.377 E.01432
G1 X143.177 Y138.032 E.04598
G1 X142.141 Y138.687 E.04067
G1 X141.494 Y139.343 E.03055
G1 X141.261 Y139.706 E.01432
G1 X146.185 Y139.706 E.16335
G1 X146.023 Y139.343 E.01319
G1 X145.82 Y138.687 E.02276
G1 X145.731 Y138.032 E.02193
G1 X145.798 Y137.705 E.0111
G1 X146.079 Y137.377 E.01432
G1 X147.301 Y136.722 E.04598
G1 X148.337 Y136.067 E.04067
G1 X148.984 Y135.412 E.03055
G1 X149.404 Y134.756 E.02581
G1 X149.696 Y134.101 E.02379
G1 X149.899 Y133.446 E.02276
G1 X149.989 Y132.791 E.02193
G1 X149.921 Y132.463 E.0111
G1 X149.64 Y132.136 E.01432
G1 X148.418 Y131.481 E.04598
G1 X147.382 Y130.825 E.04067
G1 X146.735 Y130.17 E.03055
G1 X146.315 Y129.515 E.02581
G1 X146.023 Y128.86 E.02379
G1 X145.82 Y128.205 E.02276
G1 X145.731 Y127.55 E.02193
G1 X145.798 Y127.222 E.0111
G1 X146.079 Y126.894 E.01432
G1 X147.301 Y126.239 E.04598
G1 X148.337 Y125.584 E.04067
G1 X148.984 Y124.929 E.03055
G1 X149.404 Y124.274 E.02581
G1 X149.696 Y123.619 E.02379
G1 X149.899 Y122.963 E.02276
G1 X149.989 Y122.308 E.02193
G1 X149.921 Y121.981 E.0111
G1 X149.64 Y121.653 E.01432
G1 X148.418 Y120.998 E.04598
G1 X147.382 Y120.343 E.04067
G1 X146.735 Y119.688 E.03055
G1 X146.315 Y119.032 E.02581
G1 X146.023 Y118.377 E.02379
G1 X145.82 Y117.722 E.02276
G1 X145.731 Y117.067 E.02193
G1 X145.798 Y116.739 E.0111
G1 X146.079 Y116.412 E.01432
G1 X147.301 Y115.757 E.04598
G1 X148.337 Y115.101 E.04067
G1 X148.984 Y114.446 E.03055
G1 X149.404 Y113.791 E.02581
G1 X149.696 Y113.136 E.02379
G1 X149.899 Y112.481 E.02276
G1 X149.989 Y111.826 E.02193
G1 X149.921 Y111.498 E.0111
G1 X149.64 Y111.171 E.01432
G1 X148.418 Y110.515 E.04598
G1 X147.382 Y109.86 E.04067
G1 X146.735 Y109.205 E.03055
G1 X146.315 Y108.55 E.02581
G1 X146.023 Y107.895 E.02379
G1 X145.82 Y107.24 E.02276
G1 X145.731 Y106.584 E.02193
G1 X145.798 Y106.257 E.0111
G1 X146.079 Y105.929 E.01432
G1 X147.301 Y105.274 E.04598
G1 X148.337 Y104.619 E.04067
G1 X148.984 Y103.964 E.03055
G1 X149.404 Y103.309 E.02581
G1 X149.696 Y102.653 E.02379
G1 X149.899 Y101.998 E.02276
G1 X149.989 Y101.343 E.02193
G1 X149.921 Y101.015 E.0111
G1 X149.64 Y100.688 E.01432
G1 X148.418 Y100.033 E.04598
G1 X147.382 Y99.378 E.04067
G1 X146.735 Y98.722 E.03055
G1 X146.315 Y98.067 E.02581
G1 X146.023 Y97.412 E.02379
G1 X145.82 Y96.757 E.02276
G1 X145.731 Y96.102 E.02193
G1 X145.798 Y95.774 E.0111
G1 X146.079 Y95.447 E.01432
G1 X147.301 Y94.791 E.04598
G1 X148.337 Y94.136 E.04067
G1 X148.984 Y93.481 E.03055
G1 X149.404 Y92.826 E.02581
G1 X149.696 Y92.171 E.02379
G1 X149.899 Y91.516 E.02276
G1 X149.989 Y90.86 E.02193
G1 X149.921 Y90.533 E.0111
G1 X149.64 Y90.205 E.01432
G1 X148.418 Y89.55 E.04598
G1 X147.382 Y88.895 E.04067
G1 X146.735 Y88.24 E.03055
G1 X146.315 Y87.585 E.02581
G1 X146.023 Y86.929 E.02379
G1 X145.82 Y86.274 E.02276
G1 X145.731 Y85.619 E.02193
G1 X145.798 Y85.292 E.0111
G1 X146.079 Y84.964 E.01432
G1 X147.301 Y84.309 E.04598
G1 X148.337 Y83.654 E.04067
G1 X148.984 Y82.998 E.03055
G1 X149.404 Y82.343 E.02581
G1 X149.696 Y81.688 E.02379
G1 X149.899 Y81.033 E.02276
G1 X149.989 Y80.378 E.02193
G1 X149.971 Y80.294 E.00284
G1 X152.386 Y80.294 E.0801
G1 X153.579 Y81.033 E.04654
G1 X154.226 Y81.688 E.03055
G1 X154.646 Y82.343 E.02581
G1 X154.937 Y82.998 E.02379
G1 X155.141 Y83.654 E.02276
G1 X155.23 Y84.309 E.02193
G1 X155.162 Y84.636 E.0111
G1 X154.881 Y84.964 E.01432
G1 X153.66 Y85.619 E.04598
G1 X152.623 Y86.274 E.04067
G1 X151.976 Y86.929 E.03055
G1 X151.556 Y87.585 E.02581
G1 X151.265 Y88.24 E.02379
G1 X151.061 Y88.895 E.02276
G1 X150.972 Y89.55 E.02193
G1 X151.04 Y89.878 E.0111
G1 X151.321 Y90.205 E.01432
G1 X152.542 Y90.86 E.04598
G1 X153.579 Y91.516 E.04067
G1 X154.226 Y92.171 E.03055
G1 X154.646 Y92.826 E.02581
G1 X154.937 Y93.481 E.02379
G1 X155.141 Y94.136 E.02276
G1 X155.23 Y94.791 E.02193
G1 X155.162 Y95.119 E.0111
G1 X154.881 Y95.447 E.01432
G1 X153.66 Y96.102 E.04598
G1 X152.623 Y96.757 E.04067
G1 X151.976 Y97.412 E.03055
G1 X151.556 Y98.067 E.02581
G1 X151.265 Y98.722 E.02379
G1 X151.061 Y99.378 E.02276
G1 X150.972 Y100.033 E.02193
G1 X151.04 Y100.36 E.0111
G1 X151.321 Y100.688 E.01432
G1 X152.542 Y101.343 E.04598
G1 X153.579 Y101.998 E.04067
G1 X154.226 Y102.653 E.03055
G1 X154.646 Y103.309 E.02581
G1 X154.937 Y103.964 E.02379
G1 X155.141 Y104.619 E.02276
G1 X155.23 Y105.274 E.02193
G1 X155.162 Y105.602 E.0111
G1 X154.881 Y105.929 E.01432
G1 X153.66 Y106.584 E.04598
G1 X152.623 Y107.24 E.04067
G1 X151.976 Y107.895 E.03055
G1 X151.556 Y108.55 E.02581
G1 X151.265 Y109.205 E.02379
G1 X151.061 Y109.86 E.02276
G1 X150.972 Y110.515 E.02193
G1 X151.04 Y110.843 E.0111
G1 X151.321 Y111.171 E.01432
G1 X152.542 Y111.826 E.04598
G1 X153.579 Y112.481 E.04067
G1 X154.226 Y113.136 E.03055
G1 X154.646 Y113.791 E.02581
G1 X154.937 Y114.446 E.02379
G1 X155.141 Y115.101 E.02276
G1 X155.23 Y115.757 E.02193
G1 X155.162 Y116.084 E.0111
G1 X154.881 Y116.412 E.01432
G1 X153.66 Y117.067 E.04598
G1 X152.623 Y117.722 E.04067
G1 X151.976 Y118.377 E.03055
G1 X151.556 Y119.032 E.02581
G1 X151.265 Y119.688 E.02379
G1 X151.061 Y120.343 E.02276
G1 X150.972 Y120.998 E.02193
G1 X151.04 Y121.326 E.0111
G1 X151.321 Y121.653 E.01432
G1 X152.542 Y122.308 E.04598
G1 X153.579 Y122.963 E.04067
G1 X154.226 Y123.619 E.03055
G1 X154.646 Y124.274 E.02581
G1 X154.937 Y124.929 E.02379
G1 X155.141 Y125.584 E.02276
G1 X155.23 Y126.239 E.02193
G1 X155.162 Y126.567 E.0111
G1 X154.881 Y126.894 E.01432
G1 X153.66 Y127.55 E.04598
G1 X152.623 Y128.205 E.04067
G1 X151.976 Y128.86 E.03055
G1 X151.556 Y129.515 E.02581
G1 X151.265 Y130.17 E.02379
G1 X151.061 Y130.825 E.02276
G1 X150.972 Y131.481 E.02193
G1 X151.04 Y131.808 E.0111
G1 X151.321 Y132.136 E.01432
G1 X152.542 Y132.791 E.04598
G1 X153.579 Y133.446 E.04067
G1 X154.226 Y134.101 E.03055
G1 X154.646 Y134.756 E.02581
G1 X154.937 Y135.412 E.02379
G1 X155.141 Y136.067 E.02276
G1 X155.23 Y136.722 E.02193
G1 X155.162 Y137.049 E.0111
G1 X154.881 Y137.377 E.01432
G1 X153.66 Y138.032 E.04598
G1 X152.623 Y138.687 E.04067
G1 X151.976 Y139.343 E.03055
G1 X151.743 Y139.706 E.01432
G1 X156.668 Y139.706 E.16335
G1 X156.506 Y139.343 E.01319
G1 X156.303 Y138.687 E.02276
G1 X156.213 Y138.032 E.02193
G1 X156.281 Y137.705 E.0111
G1 X156.562 Y137.377 E.01432
G1 X157.784 Y136.722 E.04598
G1 X158.82 Y136.067 E.04067
G1 X159.467 Y135.412 E.03055
G1 X159.887 Y134.756 E.02581
G1 X160.179 Y134.101 E.02379
G1 X160.382 Y133.446 E.02276
G1 X160.471 Y132.791 E.02193
G1 X160.403 Y132.463 E.0111
G1 X160.122 Y132.136 E.01432
G1 X158.901 Y131.481 E.04598
G1 X157.865 Y130.825 E.04067
G1 X157.217 Y130.17 E.03055
G1 X156.798 Y129.515 E.02581
G1 X156.506 Y128.86 E.02379
G1 X156.303 Y128.205 E.02276
G1 X156.213 Y127.55 E.02193
G1 X156.281 Y127.222 E.0111
G1 X156.562 Y126.894 E.01432
G1 X157.784 Y126.239 E.04598
G1 X158.82 Y125.584 E.04067
G1 X159.467 Y124.929 E.03055
G1 X159.887 Y124.274 E.02581
G1 X160.179 Y123.619 E.02379
G1 X160.382 Y122.963 E.02276
G1 X160.471 Y122.308 E.02193
G1 X160.403 Y121.981 E.0111
G1 X160.122 Y121.653 E.01432
G1 X158.901 Y120.998 E.04598
G1 X157.865 Y120.343 E.04067
G1 X157.217 Y119.688 E.03055
G1 X156.798 Y119.032 E.02581
G1 X156.506 Y118.377 E.02379
G1 X156.303 Y117.722 E.02276
G1 X156.213 Y117.067 E.02193
G1 X156.281 Y116.739 E.0111
G1 X156.562 Y116.412 E.01432
G1 X157.784 Y115.757 E.04598
G1 X158.82 Y115.101 E.04067
G1 X159.467 Y114.446 E.03055
G1 X159.887 Y113.791 E.02581
G1 X160.179 Y113.136 E.02379
G1 X160.382 Y112.481 E.02276
G1 X160.471 Y111.826 E.02193
G1 X160.403 Y111.498 E.0111
G1 X160.122 Y111.171 E.01432
G1 X158.901 Y110.515 E.04598
G1 X157.865 Y109.86 E.04067
G1 X157.217 Y109.205 E.03055
G1 X156.798 Y108.55 E.02581
G1 X156.506 Y107.895 E.02379
G1 X156.303 Y107.24 E.02276
G1 X156.213 Y106.584 E.02193
G1 X156.281 Y106.257 E.0111
G1 X156.562 Y105.929 E.01432
G1 X157.784 Y105.274 E.04598
G1 X158.82 Y104.619 E.04067
G1 X159.467 Y103.964 E.03055
G1 X159.887 Y103.309 E.02581
G1 X160.179 Y102.653 E.02379
G1 X160.382 Y101.998 E.02276
G1 X160.471 Y101.343 E.02193
G1 X160.403 Y101.015 E.0111
G1 X160.122 Y100.688 E.01432
G1 X158.901 Y100.033 E.04598
G1 X157.865 Y99.378 E.04067
G1 X157.217 Y98.722 E.03055
G1 X156.798 Y98.067 E.02581
G1 X156.506 Y97.412 E.02379
G1 X156.303 Y96.757 E.02276
G1 X156.213 Y96.102 E.02193
G1 X156.281 Y95.774 E.0111
G1 X156.562 Y95.447 E.01432
G1 X157.784 Y94.791 E.04598
G1 X158.82 Y94.136 E.04067
G1 X159.467 Y93.481 E.03055
G1 X159.887 Y92.826 E.02581
G1 X160.179 Y92.171 E.02379
G1 X160.382 Y91.516 E.02276
G1 X160.471 Y90.86 E.02193
G1 X160.403 Y90.533 E.0111
G1 X160.122 Y90.205 E.01432
G1 X158.901 Y89.55 E.04598
G1 X157.865 Y88.895 E.04067
G1 X157.217 Y88.24 E.03055
G1 X156.798 Y87.585 E.02581
G1 X156.506 Y86.929 E.02379
G1 X156.303 Y86.274 E.02276
G1 X156.213 Y85.619 E.02193
G1 X156.281 Y85.292 E.0111
G1 X156.562 Y84.964 E.01432
G1 X157.784 Y84.309 E.04598
G1 X158.82 Y83.654 E.04067
G1 X159.467 Y82.998 E.03055
G1 X159.887 Y82.343 E.02581
G1 X160.179 Y81.688 E.02379
G1 X160.382 Y81.033 E.02276
G1 X160.471 Y80.378 E.02193
G1 X160.454 Y80.294 E.00284
G1 X162.706 Y80.294 E.0747
G1 X162.706 Y86.679 E.21181
G1 X162.459 Y86.929 E.01167
G1 X162.039 Y87.585 E.02581
G1 X161.747 Y88.24 E.02379
G1 X161.544 Y88.895 E.02276
G1 X161.455 Y89.55 E.02193
G1 X161.522 Y89.878 E.0111
G1 X161.803 Y90.205 E.01432
G1 X162.706 Y90.689 E.03397
G1 X162.706 Y97.162 E.2147
G1 X162.459 Y97.412 E.01167
G1 X162.039 Y98.067 E.02581
G1 X161.747 Y98.722 E.02379
G1 X161.544 Y99.378 E.02276
G1 X161.455 Y100.033 E.02193
G1 X161.522 Y100.36 E.0111
G1 X161.803 Y100.688 E.01432
G1 X162.706 Y101.172 E.03397
G1 X162.706 Y107.645 E.2147
G1 X162.459 Y107.895 E.01167
G1 X162.039 Y108.55 E.02581
G1 X161.747 Y109.205 E.02379
G1 X161.544 Y109.86 E.02276
G1 X161.455 Y110.515 E.02193
G1 X161.522 Y110.843 E.0111
G1 X161.803 Y111.171 E.01432
G1 X162.706 Y111.655 E.03397
G1 X162.706 Y118.127 E.2147
G1 X162.459 Y118.377 E.01167
G1 X162.039 Y119.032 E.02581
G1 X161.747 Y119.688 E.02379
G1 X161.544 Y120.343 E.02276
G1 X161.455 Y120.998 E.02193
G1 X161.522 Y121.326 E.0111
G1 X161.803 Y121.653 E.01432
G1 X162.706 Y122.137 E.03397
G1 X162.706 Y128.61 E.2147
G1 X162.459 Y128.86 E.01167
G1 X162.039 Y129.515 E.02581
G1 X161.747 Y130.17 E.02379
G1 X161.544 Y130.825 E.02276
G1 X161.455 Y131.481 E.02193
G1 X161.522 Y131.808 E.0111
G1 X161.803 Y132.136 E.01432
G1 X162.706 Y132.62 E.03397
G1 X162.706 Y139.092 E.2147
G1 X162.459 Y139.343 E.01167
G1 X162.226 Y139.706 E.01432
G1 X160.598 Y139.706 E.05401
; stop printing object 06_sliding_electronics_carrier_ESP32_PH.stl id:0 copy 0
;TIME_ELAPSED:1902.148315

;LAYER_CHANGE
;:1.4
;HEIGHT:0.2
;BEFORE_LAYER_CHANGE
;1.4
G92 E0
;TIME_ELAPSED:1941.693848
G1 E-4.5 F2700
;WIPE_START
G1 F3000
G1 X162.226 Y139.706 E-.38673
G1 X162.426 Y139.393 E-.08827
;WIPE_END
G1 E-.025 F2700
;_SET_FAN_SPEED_CHANGING_LAYER
; OBJECT_ID: 15
; printing object 06_sliding_electronics_carrier_ESP32_PH.stl id:0 copy 0
M205 X8 Y8
G17
G3 Z1.6 I-.007 J-1.217 P1  F7200
G1 X57.009 Y139.991 Z1.6
G1 Z1.4
G1 E5 F2400
M205 X10 Y10
;TYPE:Inner wall
;WIDTH:0.449999
G1 F2700
G1 X57.009 Y80.009 E1.9897
G1 X162.991 Y80.009 E3.5156
M73 P44 R38
G1 X162.991 Y139.991 E1.9897
G1 X57.049 Y139.991 E3.51427
M205 X8 Y8
G1 X56.602 Y140.398 F7200
M205 X10 Y10
M73 P45 R38
G1 F2700
G1 X56.602 Y79.602 E2.01671
G1 X163.398 Y79.602 E3.54261
G1 X163.398 Y140.398 E2.01671
G1 X56.642 Y140.398 E3.54128
M205 X8 Y8
G1 X56.21 Y140.79 F7200
M205 X10 Y10
;TYPE:Outer wall
;WIDTH:0.419999
G1 F2400
G1 X56.21 Y79.21 E1.89218
G1 X163.79 Y79.21 E3.30563
G1 X163.79 Y140.79 E1.89218
G1 X56.25 Y140.79 E3.3044
G1 E-4.5 F2700
;WIPE_START
G1 F2400
G1 X56.249 Y138.79 E-.475
;WIPE_END
G1 E-.025 F2700
M205 X8 Y8
G1 X57.294 Y138.121 Z1.8 F7200
G1 Z1.4
G1 E5 F2400
M205 X10 Y10
;TYPE:Sparse infill
;WIDTH:0.45
G1 F3000
G1 X57.294 Y139.706 E.05259
G1 X57.337 Y139.706 E.00143
G1 X57.447 Y139.528 E.00694
G1 X58.102 Y138.871 E.03078
G1 X58.757 Y138.444 E.02593
G1 X59.413 Y138.146 E.02388
G1 X60.068 Y137.932 E.02286
G1 X60.723 Y137.821 E.02204
G1 X61.051 Y137.869 E.01098
G1 X61.378 Y138.138 E.01405
G1 X62.033 Y139.406 E.04736
G1 X62.218 Y139.706 E.01169
G1 X67.82 Y139.706 E.18581
G1 X67.93 Y139.528 E.00694
G1 X68.585 Y138.871 E.03078
G1 X69.24 Y138.444 E.02593
G1 X69.895 Y138.146 E.02388
G1 X70.55 Y137.932 E.02286
G1 X71.206 Y137.821 E.02204
G1 X71.533 Y137.869 E.01098
G1 X71.861 Y138.138 E.01405
G1 X72.516 Y139.406 E.04736
G1 X72.701 Y139.706 E.01169
G1 X78.302 Y139.706 E.18581
G1 X78.412 Y139.528 E.00694
G1 X79.068 Y138.871 E.03078
G1 X79.723 Y138.444 E.02593
G1 X80.378 Y138.146 E.02388
G1 X81.033 Y137.932 E.02286
G1 X81.688 Y137.821 E.02204
G1 X82.016 Y137.869 E.01098
G1 X82.343 Y138.138 E.01405
G1 X82.998 Y139.406 E.04736
G1 X83.184 Y139.706 E.01169
G1 X88.785 Y139.706 E.18581
G1 X88.895 Y139.528 E.00694
G1 X89.55 Y138.871 E.03078
G1 X90.205 Y138.444 E.02593
G1 X90.86 Y138.146 E.02388
G1 X91.516 Y137.932 E.02286
G1 X92.171 Y137.821 E.02204
G1 X92.498 Y137.869 E.01098
G1 X92.826 Y138.138 E.01405
G1 X93.481 Y139.406 E.04736
G1 X93.666 Y139.706 E.01169
G1 X99.268 Y139.706 E.18581
G1 X99.378 Y139.528 E.00694
G1 X100.033 Y138.871 E.03078
G1 X100.688 Y138.444 E.02593
G1 X101.343 Y138.146 E.02388
G1 X101.998 Y137.932 E.02286
G1 X102.653 Y137.821 E.02204
G1 X102.981 Y137.869 E.01098
G1 X103.309 Y138.138 E.01405
G1 X103.964 Y139.406 E.04736
G1 X104.149 Y139.706 E.01169
G1 X109.75 Y139.706 E.18581
G1 X109.86 Y139.528 E.00694
G1 X110.515 Y138.871 E.03078
G1 X111.171 Y138.444 E.02593
G1 X111.826 Y138.146 E.02388
G1 X112.481 Y137.932 E.02286
G1 X113.136 Y137.821 E.02204
G1 X113.464 Y137.869 E.01098
G1 X113.791 Y138.138 E.01405
G1 X114.446 Y139.406 E.04736
G1 X114.631 Y139.706 E.01169
G1 X120.233 Y139.706 E.18581
G1 X120.343 Y139.528 E.00694
G1 X120.998 Y138.871 E.03078
G1 X121.653 Y138.444 E.02593
G1 X122.308 Y138.146 E.02388
G1 X122.963 Y137.932 E.02286
G1 X123.619 Y137.821 E.02204
G1 X123.946 Y137.869 E.01098
G1 X124.274 Y138.138 E.01405
G1 X124.929 Y139.406 E.04736
G1 X125.114 Y139.706 E.01169
G1 X130.715 Y139.706 E.18581
G1 X130.825 Y139.528 E.00694
G1 X131.481 Y138.871 E.03078
G1 X132.136 Y138.444 E.02593
G1 X132.791 Y138.146 E.02388
G1 X133.446 Y137.932 E.02286
G1 X134.101 Y137.821 E.02204
G1 X134.429 Y137.869 E.01098
G1 X134.756 Y138.138 E.01405
G1 X135.412 Y139.406 E.04736
G1 X135.597 Y139.706 E.01169
G1 X141.198 Y139.706 E.18581
G1 X141.308 Y139.528 E.00694
G1 X141.963 Y138.871 E.03078
G1 X142.618 Y138.444 E.02593
G1 X143.273 Y138.146 E.02388
G1 X143.929 Y137.932 E.02286
G1 X144.584 Y137.821 E.02204
G1 X144.911 Y137.869 E.01098
G1 X145.239 Y138.138 E.01405
G1 X145.894 Y139.406 E.04736
G1 X146.079 Y139.706 E.01169
G1 X151.681 Y139.706 E.18581
G1 X151.791 Y139.528 E.00694
G1 X152.446 Y138.871 E.03078
G1 X153.101 Y138.444 E.02593
G1 X153.756 Y138.146 E.02388
G1 X154.411 Y137.932 E.02286
G1 X155.066 Y137.821 E.02204
G1 X155.394 Y137.869 E.01098
G1 X155.722 Y138.138 E.01405
G1 X156.377 Y139.406 E.04736
G1 X156.562 Y139.706 E.01169
G1 X162.163 Y139.706 E.18581
G1 X162.273 Y139.528 E.00694
G1 X162.706 Y139.094 E.02033
G1 X162.706 Y132.832 E.20772
G1 X162.273 Y132.691 E.0151
G1 X161.618 Y132.58 E.02204
G1 X161.29 Y132.628 E.01098
G1 X160.963 Y132.896 E.01405
G1 X160.308 Y134.165 E.04736
G1 X159.653 Y135.226 E.04138
G1 X158.997 Y135.883 E.03078
G1 X158.342 Y136.31 E.02593
G1 X157.687 Y136.608 E.02388
G1 X157.032 Y136.822 E.02286
G1 X156.377 Y136.933 E.02204
G1 X156.049 Y136.885 E.01098
G1 X155.722 Y136.617 E.01405
G1 X155.066 Y135.348 E.04736
G1 X154.411 Y134.286 E.04138
G1 X153.756 Y133.629 E.03078
G1 X153.101 Y133.203 E.02593
G1 X152.446 Y132.904 E.02388
G1 X151.791 Y132.691 E.02286
G1 X151.135 Y132.58 E.02204
G1 X150.808 Y132.628 E.01098
G1 X150.48 Y132.896 E.01405
G1 X149.825 Y134.165 E.04736
G1 X149.17 Y135.226 E.04138
G1 X148.515 Y135.883 E.03078
G1 X147.86 Y136.31 E.02593
G1 X147.204 Y136.608 E.02388
G1 X146.549 Y136.822 E.02286
G1 X145.894 Y136.933 E.02204
G1 X145.567 Y136.885 E.01098
G1 X145.239 Y136.617 E.01405
G1 X144.584 Y135.348 E.04736
G1 X143.929 Y134.286 E.04138
G1 X143.273 Y133.629 E.03078
G1 X142.618 Y133.203 E.02593
G1 X141.963 Y132.904 E.02388
G1 X141.308 Y132.691 E.02286
G1 X140.653 Y132.58 E.02204
G1 X140.325 Y132.628 E.01098
G1 X139.998 Y132.896 E.01405
G1 X139.343 Y134.165 E.04736
G1 X138.687 Y135.226 E.04138
G1 X138.032 Y135.883 E.03078
G1 X137.377 Y136.31 E.02593
G1 X136.722 Y136.608 E.02388
G1 X136.067 Y136.822 E.02286
G1 X135.412 Y136.933 E.02204
G1 X135.084 Y136.885 E.01098
G1 X134.756 Y136.617 E.01405
G1 X134.101 Y135.348 E.04736
G1 X133.446 Y134.286 E.04138
G1 X132.791 Y133.629 E.03078
G1 X132.136 Y133.203 E.02593
G1 X131.481 Y132.904 E.02388
G1 X130.825 Y132.691 E.02286
G1 X130.17 Y132.58 E.02204
G1 X129.843 Y132.628 E.01098
G1 X129.515 Y132.896 E.01405
G1 X128.86 Y134.165 E.04736
G1 X128.205 Y135.226 E.04138
G1 X127.55 Y135.883 E.03078
G1 X126.894 Y136.31 E.02593
G1 X126.239 Y136.608 E.02388
G1 X125.584 Y136.822 E.02286
G1 X124.929 Y136.933 E.02204
G1 X124.601 Y136.885 E.01098
G1 X124.274 Y136.617 E.01405
G1 X123.619 Y135.348 E.04736
G1 X122.963 Y134.286 E.04138
G1 X122.308 Y133.629 E.03078
G1 X121.653 Y133.203 E.02593
G1 X120.998 Y132.904 E.02388
G1 X120.343 Y132.691 E.02286
G1 X119.688 Y132.58 E.02204
G1 X119.36 Y132.628 E.01098
G1 X119.032 Y132.896 E.01405
G1 X118.377 Y134.165 E.04736
G1 X117.722 Y135.226 E.04138
G1 X117.067 Y135.883 E.03078
G1 X116.412 Y136.31 E.02593
G1 X115.757 Y136.608 E.02388
G1 X115.101 Y136.822 E.02286
G1 X114.446 Y136.933 E.02204
G1 X114.119 Y136.885 E.01098
G1 X113.791 Y136.617 E.01405
G1 X113.136 Y135.348 E.04736
G1 X112.481 Y134.286 E.04138
G1 X111.826 Y133.629 E.03078
G1 X111.171 Y133.203 E.02593
G1 X110.515 Y132.904 E.02388
G1 X109.86 Y132.691 E.02286
G1 X109.205 Y132.58 E.02204
G1 X108.877 Y132.628 E.01098
G1 X108.55 Y132.896 E.01405
G1 X107.895 Y134.165 E.04736
G1 X107.24 Y135.226 E.04138
G1 X106.584 Y135.883 E.03078
G1 X105.929 Y136.31 E.02593
G1 X105.274 Y136.608 E.02388
G1 X104.619 Y136.822 E.02286
G1 X103.964 Y136.933 E.02204
G1 X103.636 Y136.885 E.01098
G1 X103.309 Y136.617 E.01405
G1 X102.653 Y135.348 E.04736
G1 X101.998 Y134.286 E.04138
G1 X101.343 Y133.629 E.03078
G1 X100.688 Y133.203 E.02593
G1 X100.033 Y132.904 E.02388
G1 X99.378 Y132.691 E.02286
G1 X98.722 Y132.58 E.02204
G1 X98.395 Y132.628 E.01098
G1 X98.067 Y132.896 E.01405
G1 X97.412 Y134.165 E.04736
G1 X96.757 Y135.226 E.04138
G1 X96.102 Y135.883 E.03078
G1 X95.447 Y136.31 E.02593
G1 X94.791 Y136.608 E.02388
G1 X94.136 Y136.822 E.02286
G1 X93.481 Y136.933 E.02204
G1 X93.154 Y136.885 E.01098
G1 X92.826 Y136.617 E.01405
G1 X92.171 Y135.348 E.04736
G1 X91.516 Y134.286 E.04138
G1 X90.86 Y133.629 E.03078
G1 X90.205 Y133.203 E.02593
G1 X89.55 Y132.904 E.02388
G1 X88.895 Y132.691 E.02286
G1 X88.24 Y132.58 E.02204
G1 X87.912 Y132.628 E.01098
G1 X87.585 Y132.896 E.01405
G1 X86.929 Y134.165 E.04736
G1 X86.274 Y135.226 E.04138
G1 X85.619 Y135.883 E.03078
G1 X84.964 Y136.31 E.02593
G1 X84.309 Y136.608 E.02388
G1 X83.654 Y136.822 E.02286
G1 X82.998 Y136.933 E.02204
G1 X82.671 Y136.885 E.01098
G1 X82.343 Y136.617 E.01405
G1 X81.688 Y135.348 E.04736
G1 X81.033 Y134.286 E.04138
G1 X80.378 Y133.629 E.03078
G1 X79.723 Y133.203 E.02593
G1 X79.068 Y132.904 E.02388
G1 X78.412 Y132.691 E.02286
G1 X77.757 Y132.58 E.02204
G1 X77.43 Y132.628 E.01098
G1 X77.102 Y132.896 E.01405
G1 X76.447 Y134.165 E.04736
G1 X75.792 Y135.226 E.04138
G1 X75.137 Y135.883 E.03078
G1 X74.481 Y136.31 E.02593
G1 X73.826 Y136.608 E.02388
G1 X73.171 Y136.822 E.02286
G1 X72.516 Y136.933 E.02204
G1 X72.188 Y136.885 E.01098
G1 X71.861 Y136.617 E.01405
G1 X71.206 Y135.348 E.04736
G1 X70.55 Y134.286 E.04138
G1 X69.895 Y133.629 E.03078
G1 X69.24 Y133.203 E.02593
G1 X68.585 Y132.904 E.02388
G1 X67.93 Y132.691 E.02286
G1 X67.275 Y132.58 E.02204
G1 X66.947 Y132.628 E.01098
G1 X66.619 Y132.896 E.01405
G1 X65.964 Y134.165 E.04736
G1 X65.309 Y135.226 E.04138
G1 X64.654 Y135.883 E.03078
G1 X63.999 Y136.31 E.02593
G1 X63.344 Y136.608 E.02388
G1 X62.688 Y136.822 E.02286
G1 X62.033 Y136.933 E.02204
G1 X61.706 Y136.885 E.01098
G1 X61.378 Y136.617 E.01405
G1 X60.723 Y135.348 E.04736
G1 X60.068 Y134.286 E.04138
G1 X59.413 Y133.629 E.03078
G1 X58.757 Y133.203 E.02593
G1 X58.102 Y132.904 E.02388
G1 X57.447 Y132.691 E.02286
G1 X57.294 Y132.665 E.00515
G1 X57.294 Y129.293 E.11184
G1 X57.447 Y129.045 E.00967
G1 X58.102 Y128.388 E.03078
G1 X58.757 Y127.962 E.02593
G1 X59.413 Y127.663 E.02388
G1 X60.068 Y127.449 E.02286
G1 X60.723 Y127.338 E.02204
G1 X61.051 Y127.386 E.01098
G1 X61.378 Y127.655 E.01405
G1 X62.033 Y128.923 E.04736
G1 X62.688 Y129.985 E.04138
G1 X63.344 Y130.642 E.03078
G1 X63.999 Y131.068 E.02593
G1 X64.654 Y131.367 E.02388
G1 X65.309 Y131.581 E.02286
G1 X65.964 Y131.692 E.02204
G1 X66.292 Y131.644 E.01098
G1 X66.619 Y131.375 E.01405
G1 X67.275 Y130.107 E.04736
G1 X67.93 Y129.045 E.04138
G1 X68.585 Y128.388 E.03078
G1 X69.24 Y127.962 E.02593
G1 X69.895 Y127.663 E.02388
G1 X70.55 Y127.449 E.02286
G1 X71.206 Y127.338 E.02204
G1 X71.533 Y127.386 E.01098
G1 X71.861 Y127.655 E.01405
G1 X72.516 Y128.923 E.04736
G1 X73.171 Y129.985 E.04138
G1 X73.826 Y130.642 E.03078
G1 X74.481 Y131.068 E.02593
G1 X75.137 Y131.367 E.02388
G1 X75.792 Y131.581 E.02286
G1 X76.447 Y131.692 E.02204
G1 X76.774 Y131.644 E.01098
G1 X77.102 Y131.375 E.01405
G1 X77.757 Y130.107 E.04736
G1 X78.412 Y129.045 E.04138
G1 X79.068 Y128.388 E.03078
G1 X79.723 Y127.962 E.02593
G1 X80.378 Y127.663 E.02388
G1 X81.033 Y127.449 E.02286
G1 X81.688 Y127.338 E.02204
G1 X82.016 Y127.386 E.01098
G1 X82.343 Y127.655 E.01405
G1 X82.998 Y128.923 E.04736
G1 X83.654 Y129.985 E.04138
G1 X84.309 Y130.642 E.03078
G1 X84.964 Y131.068 E.02593
G1 X85.619 Y131.367 E.02388
G1 X86.274 Y131.581 E.02286
G1 X86.929 Y131.692 E.02204
G1 X87.257 Y131.644 E.01098
G1 X87.585 Y131.375 E.01405
G1 X88.24 Y130.107 E.04736
G1 X88.895 Y129.045 E.04138
G1 X89.55 Y128.388 E.03078
G1 X90.205 Y127.962 E.02593
G1 X90.86 Y127.663 E.02388
G1 X91.516 Y127.449 E.02286
G1 X92.171 Y127.338 E.02204
G1 X92.498 Y127.386 E.01098
G1 X92.826 Y127.655 E.01405
G1 X93.481 Y128.923 E.04736
G1 X94.136 Y129.985 E.04138
G1 X94.791 Y130.642 E.03078
G1 X95.447 Y131.068 E.02593
G1 X96.102 Y131.367 E.02388
G1 X96.757 Y131.581 E.02286
G1 X97.412 Y131.692 E.02204
G1 X97.74 Y131.644 E.01098
G1 X98.067 Y131.375 E.01405
G1 X98.722 Y130.107 E.04736
G1 X99.378 Y129.045 E.04138
G1 X100.033 Y128.388 E.03078
G1 X100.688 Y127.962 E.02593
G1 X101.343 Y127.663 E.02388
G1 X101.998 Y127.449 E.02286
G1 X102.653 Y127.338 E.02204
G1 X102.981 Y127.386 E.01098
G1 X103.309 Y127.655 E.01405
G1 X103.964 Y128.923 E.04736
G1 X104.619 Y129.985 E.04138
G1 X105.274 Y130.642 E.03078
G1 X105.929 Y131.068 E.02593
G1 X106.584 Y131.367 E.02388
G1 X107.24 Y131.581 E.02286
G1 X107.895 Y131.692 E.02204
G1 X108.222 Y131.644 E.01098
G1 X108.55 Y131.375 E.01405
G1 X109.205 Y130.107 E.04736
G1 X109.86 Y129.045 E.04138
G1 X110.515 Y128.388 E.03078
G1 X111.171 Y127.962 E.02593
G1 X111.826 Y127.663 E.02388
G1 X112.481 Y127.449 E.02286
G1 X113.136 Y127.338 E.02204
G1 X113.464 Y127.386 E.01098
G1 X113.791 Y127.655 E.01405
G1 X114.446 Y128.923 E.04736
G1 X115.101 Y129.985 E.04138
G1 X115.757 Y130.642 E.03078
G1 X116.412 Y131.068 E.02593
G1 X117.067 Y131.367 E.02388
G1 X117.722 Y131.581 E.02286
G1 X118.377 Y131.692 E.02204
G1 X118.705 Y131.644 E.01098
G1 X119.032 Y131.375 E.01405
G1 X119.688 Y130.107 E.04736
G1 X120.343 Y129.045 E.04138
G1 X120.998 Y128.388 E.03078
G1 X121.653 Y127.962 E.02593
G1 X122.308 Y127.663 E.02388
G1 X122.963 Y127.449 E.02286
G1 X123.619 Y127.338 E.02204
G1 X123.946 Y127.386 E.01098
G1 X124.274 Y127.655 E.01405
G1 X124.929 Y128.923 E.04736
G1 X125.584 Y129.985 E.04138
G1 X126.239 Y130.642 E.03078
G1 X126.894 Y131.068 E.02593
G1 X127.55 Y131.367 E.02388
G1 X128.205 Y131.581 E.02286
G1 X128.86 Y131.692 E.02204
G1 X129.187 Y131.644 E.01098
G1 X129.515 Y131.375 E.01405
G1 X130.17 Y130.107 E.04736
G1 X130.825 Y129.045 E.04138
G1 X131.481 Y128.388 E.03078
G1 X132.136 Y127.962 E.02593
G1 X132.791 Y127.663 E.02388
G1 X133.446 Y127.449 E.02286
G1 X134.101 Y127.338 E.02204
G1 X134.429 Y127.386 E.01098
G1 X134.756 Y127.655 E.01405
G1 X135.412 Y128.923 E.04736
G1 X136.067 Y129.985 E.04138
G1 X136.722 Y130.642 E.03078
G1 X137.377 Y131.068 E.02593
G1 X138.032 Y131.367 E.02388
G1 X138.687 Y131.581 E.02286
G1 X139.343 Y131.692 E.02204
G1 X139.67 Y131.644 E.01098
G1 X139.998 Y131.375 E.01405
G1 X140.653 Y130.107 E.04736
G1 X141.308 Y129.045 E.04138
G1 X141.963 Y128.388 E.03078
G1 X142.618 Y127.962 E.02593
G1 X143.273 Y127.663 E.02388
G1 X143.929 Y127.449 E.02286
G1 X144.584 Y127.338 E.02204
G1 X144.911 Y127.386 E.01098
G1 X145.239 Y127.655 E.01405
G1 X145.894 Y128.923 E.04736
G1 X146.549 Y129.985 E.04138
G1 X147.204 Y130.642 E.03078
G1 X147.86 Y131.068 E.02593
G1 X148.515 Y131.367 E.02388
G1 X149.17 Y131.581 E.02286
G1 X149.825 Y131.692 E.02204
G1 X150.153 Y131.644 E.01098
G1 X150.48 Y131.375 E.01405
G1 X151.135 Y130.107 E.04736
G1 X151.791 Y129.045 E.04138
G1 X152.446 Y128.388 E.03078
G1 X153.101 Y127.962 E.02593
G1 X153.756 Y127.663 E.02388
G1 X154.411 Y127.449 E.02286
G1 X155.066 Y127.338 E.02204
G1 X155.394 Y127.386 E.01098
G1 X155.722 Y127.655 E.01405
G1 X156.377 Y128.923 E.04736
G1 X157.032 Y129.985 E.04138
G1 X157.687 Y130.642 E.03078
G1 X158.342 Y131.068 E.02593
G1 X158.997 Y131.367 E.02388
G1 X159.653 Y131.581 E.02286
G1 X160.308 Y131.692 E.02204
G1 X160.635 Y131.644 E.01098
G1 X160.963 Y131.375 E.01405
G1 X161.618 Y130.107 E.04736
G1 X162.273 Y129.045 E.04138
G1 X162.706 Y128.611 E.02033
G1 X162.706 Y122.349 E.20772
G1 X162.273 Y122.208 E.0151
G1 X161.618 Y122.097 E.02204
G1 X161.29 Y122.145 E.01098
G1 X160.963 Y122.414 E.01405
G1 X160.308 Y123.682 E.04736
G1 X159.653 Y124.744 E.04138
G1 X158.997 Y125.401 E.03078
G1 X158.342 Y125.827 E.02593
G1 X157.687 Y126.126 E.02388
G1 X157.032 Y126.34 E.02286
G1 X156.377 Y126.45 E.02204
G1 X156.049 Y126.402 E.01098
G1 X155.722 Y126.134 E.01405
G1 X155.066 Y124.865 E.04736
G1 X154.411 Y123.804 E.04138
G1 X153.756 Y123.147 E.03078
G1 X153.101 Y122.72 E.02593
G1 X152.446 Y122.422 E.02388
G1 X151.791 Y122.208 E.02286
G1 X151.135 Y122.097 E.02204
G1 X150.808 Y122.145 E.01098
G1 X150.48 Y122.414 E.01405
G1 X149.825 Y123.682 E.04736
G1 X149.17 Y124.744 E.04138
G1 X148.515 Y125.401 E.03078
G1 X147.86 Y125.827 E.02593
G1 X147.204 Y126.126 E.02388
G1 X146.549 Y126.34 E.02286
G1 X145.894 Y126.45 E.02204
G1 X145.567 Y126.402 E.01098
G1 X145.239 Y126.134 E.01405
G1 X144.584 Y124.865 E.04736
G1 X143.929 Y123.804 E.04138
G1 X143.273 Y123.147 E.03078
G1 X142.618 Y122.72 E.02593
G1 X141.963 Y122.422 E.02388
G1 X141.308 Y122.208 E.02286
G1 X140.653 Y122.097 E.02204
G1 X140.325 Y122.145 E.01098
G1 X139.998 Y122.414 E.01405
G1 X139.343 Y123.682 E.04736
G1 X138.687 Y124.744 E.04138
G1 X138.032 Y125.401 E.03078
G1 X137.377 Y125.827 E.02593
G1 X136.722 Y126.126 E.02388
G1 X136.067 Y126.34 E.02286
G1 X135.412 Y126.45 E.02204
G1 X135.084 Y126.402 E.01098
G1 X134.756 Y126.134 E.01405
G1 X134.101 Y124.865 E.04736
G1 X133.446 Y123.804 E.04138
G1 X132.791 Y123.147 E.03078
G1 X132.136 Y122.72 E.02593
G1 X131.481 Y122.422 E.02388
G1 X130.825 Y122.208 E.02286
G1 X130.17 Y122.097 E.02204
G1 X129.843 Y122.145 E.01098
G1 X129.515 Y122.414 E.01405
G1 X128.86 Y123.682 E.04736
G1 X128.205 Y124.744 E.04138
G1 X127.55 Y125.401 E.03078
G1 X126.894 Y125.827 E.02593
G1 X126.239 Y126.126 E.02388
G1 X125.584 Y126.34 E.02286
G1 X124.929 Y126.45 E.02204
G1 X124.601 Y126.402 E.01098
G1 X124.274 Y126.134 E.01405
G1 X123.619 Y124.865 E.04736
G1 X122.963 Y123.804 E.04138
G1 X122.308 Y123.147 E.03078
G1 X121.653 Y122.72 E.02593
G1 X120.998 Y122.422 E.02388
G1 X120.343 Y122.208 E.02286
G1 X119.688 Y122.097 E.02204
G1 X119.36 Y122.145 E.01098
G1 X119.032 Y122.414 E.01405
G1 X118.377 Y123.682 E.04736
G1 X117.722 Y124.744 E.04138
G1 X117.067 Y125.401 E.03078
G1 X116.412 Y125.827 E.02593
G1 X115.757 Y126.126 E.02388
G1 X115.101 Y126.34 E.02286
G1 X114.446 Y126.45 E.02204
G1 X114.119 Y126.402 E.01098
G1 X113.791 Y126.134 E.01405
G1 X113.136 Y124.865 E.04736
G1 X112.481 Y123.804 E.04138
G1 X111.826 Y123.147 E.03078
G1 X111.171 Y122.72 E.02593
G1 X110.515 Y122.422 E.02388
G1 X109.86 Y122.208 E.02286
G1 X109.205 Y122.097 E.02204
G1 X108.877 Y122.145 E.01098
G1 X108.55 Y122.414 E.01405
G1 X107.895 Y123.682 E.04736
G1 X107.24 Y124.744 E.04138
G1 X106.584 Y125.401 E.03078
G1 X105.929 Y125.827 E.02593
G1 X105.274 Y126.126 E.02388
G1 X104.619 Y126.34 E.02286
G1 X103.964 Y126.45 E.02204
G1 X103.636 Y126.402 E.01098
G1 X103.309 Y126.134 E.01405
G1 X102.653 Y124.865 E.04736
G1 X101.998 Y123.804 E.04138
G1 X101.343 Y123.147 E.03078
G1 X100.688 Y122.72 E.02593
G1 X100.033 Y122.422 E.02388
G1 X99.378 Y122.208 E.02286
G1 X98.722 Y122.097 E.02204
G1 X98.395 Y122.145 E.01098
G1 X98.067 Y122.414 E.01405
G1 X97.412 Y123.682 E.04736
G1 X96.757 Y124.744 E.04138
G1 X96.102 Y125.401 E.03078
G1 X95.447 Y125.827 E.02593
G1 X94.791 Y126.126 E.02388
G1 X94.136 Y126.34 E.02286
G1 X93.481 Y126.45 E.02204
G1 X93.154 Y126.402 E.01098
G1 X92.826 Y126.134 E.01405
G1 X92.171 Y124.865 E.04736
G1 X91.516 Y123.804 E.04138
G1 X90.86 Y123.147 E.03078
G1 X90.205 Y122.72 E.02593
G1 X89.55 Y122.422 E.02388
G1 X88.895 Y122.208 E.02286
G1 X88.24 Y122.097 E.02204
G1 X87.912 Y122.145 E.01098
G1 X87.585 Y122.414 E.01405
G1 X86.929 Y123.682 E.04736
G1 X86.274 Y124.744 E.04138
G1 X85.619 Y125.401 E.03078
G1 X84.964 Y125.827 E.02593
G1 X84.309 Y126.126 E.02388
G1 X83.654 Y126.34 E.02286
G1 X82.998 Y126.45 E.02204
G1 X82.671 Y126.402 E.01098
G1 X82.343 Y126.134 E.01405
G1 X81.688 Y124.865 E.04736
G1 X81.033 Y123.804 E.04138
G1 X80.378 Y123.147 E.03078
G1 X79.723 Y122.72 E.02593
G1 X79.068 Y122.422 E.02388
G1 X78.412 Y122.208 E.02286
G1 X77.757 Y122.097 E.02204
G1 X77.43 Y122.145 E.01098
G1 X77.102 Y122.414 E.01405
G1 X76.447 Y123.682 E.04736
G1 X75.792 Y124.744 E.04138
G1 X75.137 Y125.401 E.03078
G1 X74.481 Y125.827 E.02593
G1 X73.826 Y126.126 E.02388
G1 X73.171 Y126.34 E.02286
G1 X72.516 Y126.45 E.02204
G1 X72.188 Y126.402 E.01098
G1 X71.861 Y126.134 E.01405
G1 X71.206 Y124.865 E.04736
G1 X70.55 Y123.804 E.04138
G1 X69.895 Y123.147 E.03078
G1 X69.24 Y122.72 E.02593
G1 X68.585 Y122.422 E.02388
G1 X67.93 Y122.208 E.02286
G1 X67.275 Y122.097 E.02204
G1 X66.947 Y122.145 E.01098
G1 X66.619 Y122.414 E.01405
G1 X65.964 Y123.682 E.04736
G1 X65.309 Y124.744 E.04138
G1 X64.654 Y125.401 E.03078
G1 X63.999 Y125.827 E.02593
G1 X63.344 Y126.126 E.02388
G1 X62.688 Y126.34 E.02286
G1 X62.033 Y126.45 E.02204
G1 X61.706 Y126.402 E.01098
G1 X61.378 Y126.134 E.01405
G1 X60.723 Y124.865 E.04736
G1 X60.068 Y123.804 E.04138
G1 X59.413 Y123.147 E.03078
G1 X58.757 Y122.72 E.02593
G1 X58.102 Y122.422 E.02388
G1 X57.447 Y122.208 E.02286
G1 X57.294 Y122.182 E.00515
G1 X57.294 Y118.81 E.11184
G1 X57.447 Y118.563 E.00967
G1 X58.102 Y117.905 E.03078
G1 X58.757 Y117.479 E.02593
G1 X59.413 Y117.181 E.02388
G1 X60.068 Y116.967 E.02286
G1 X60.723 Y116.856 E.02204
G1 X61.051 Y116.904 E.01098
G1 X61.378 Y117.172 E.01405
G1 X62.033 Y118.441 E.04736
G1 X62.688 Y119.502 E.04138
G1 X63.344 Y120.16 E.03078
G1 X63.999 Y120.586 E.02593
G1 X64.654 Y120.884 E.02388
G1 X65.309 Y121.098 E.02286
G1 X65.964 Y121.209 E.02204
G1 X66.292 Y121.161 E.01098
G1 X66.619 Y120.893 E.01405
G1 X67.275 Y119.624 E.04736
G1 X67.93 Y118.563 E.04138
G1 X68.585 Y117.905 E.03078
G1 X69.24 Y117.479 E.02593
G1 X69.895 Y117.181 E.02388
G1 X70.55 Y116.967 E.02286
G1 X71.206 Y116.856 E.02204
G1 X71.533 Y116.904 E.01098
G1 X71.861 Y117.172 E.01405
G1 X72.516 Y118.441 E.04736
G1 X73.171 Y119.502 E.04138
G1 X73.826 Y120.16 E.03078
G1 X74.481 Y120.586 E.02593
G1 X75.137 Y120.884 E.02388
G1 X75.792 Y121.098 E.02286
G1 X76.447 Y121.209 E.02204
G1 X76.774 Y121.161 E.01098
G1 X77.102 Y120.893 E.01405
G1 X77.757 Y119.624 E.04736
G1 X78.412 Y118.563 E.04138
G1 X79.068 Y117.905 E.03078
G1 X79.723 Y117.479 E.02593
G1 X80.378 Y117.181 E.02388
G1 X81.033 Y116.967 E.02286
G1 X81.688 Y116.856 E.02204
G1 X82.016 Y116.904 E.01098
G1 X82.343 Y117.172 E.01405
G1 X82.998 Y118.441 E.04736
G1 X83.654 Y119.502 E.04138
G1 X84.309 Y120.16 E.03078
G1 X84.964 Y120.586 E.02593
G1 X85.619 Y120.884 E.02388
G1 X86.274 Y121.098 E.02286
G1 X86.929 Y121.209 E.02204
G1 X87.257 Y121.161 E.01098
G1 X87.585 Y120.893 E.01405
G1 X88.24 Y119.624 E.04736
G1 X88.895 Y118.563 E.04138
G1 X89.55 Y117.905 E.03078
G1 X90.205 Y117.479 E.02593
G1 X90.86 Y117.181 E.02388
G1 X91.516 Y116.967 E.02286
G1 X92.171 Y116.856 E.02204
G1 X92.498 Y116.904 E.01098
G1 X92.826 Y117.172 E.01405
G1 X93.481 Y118.441 E.04736
G1 X94.136 Y119.502 E.04138
G1 X94.791 Y120.16 E.03078
G1 X95.447 Y120.586 E.02593
G1 X96.102 Y120.884 E.02388
G1 X96.757 Y121.098 E.02286
G1 X97.412 Y121.209 E.02204
G1 X97.74 Y121.161 E.01098
G1 X98.067 Y120.893 E.01405
G1 X98.722 Y119.624 E.04736
G1 X99.378 Y118.563 E.04138
G1 X100.033 Y117.905 E.03078
G1 X100.688 Y117.479 E.02593
G1 X101.343 Y117.181 E.02388
G1 X101.998 Y116.967 E.02286
G1 X102.653 Y116.856 E.02204
G1 X102.981 Y116.904 E.01098
G1 X103.309 Y117.172 E.01405
G1 X103.964 Y118.441 E.04736
G1 X104.619 Y119.502 E.04138
G1 X105.274 Y120.16 E.03078
G1 X105.929 Y120.586 E.02593
G1 X106.584 Y120.884 E.02388
G1 X107.24 Y121.098 E.02286
G1 X107.895 Y121.209 E.02204
G1 X108.222 Y121.161 E.01098
G1 X108.55 Y120.893 E.01405
G1 X109.205 Y119.624 E.04736
G1 X109.86 Y118.563 E.04138
G1 X110.515 Y117.905 E.03078
G1 X111.171 Y117.479 E.02593
G1 X111.826 Y117.181 E.02388
G1 X112.481 Y116.967 E.02286
G1 X113.136 Y116.856 E.02204
G1 X113.464 Y116.904 E.01098
G1 X113.791 Y117.172 E.01405
G1 X114.446 Y118.441 E.04736
G1 X115.101 Y119.502 E.04138
G1 X115.757 Y120.16 E.03078
G1 X116.412 Y120.586 E.02593
G1 X117.067 Y120.884 E.02388
G1 X117.722 Y121.098 E.02286
G1 X118.377 Y121.209 E.02204
G1 X118.705 Y121.161 E.01098
G1 X119.032 Y120.893 E.01405
G1 X119.688 Y119.624 E.04736
G1 X120.343 Y118.563 E.04138
G1 X120.998 Y117.905 E.03078
G1 X121.653 Y117.479 E.02593
G1 X122.308 Y117.181 E.02388
G1 X122.963 Y116.967 E.02286
G1 X123.619 Y116.856 E.02204
G1 X123.946 Y116.904 E.01098
G1 X124.274 Y117.172 E.01405
G1 X124.929 Y118.441 E.04736
G1 X125.584 Y119.502 E.04138
G1 X126.239 Y120.16 E.03078
G1 X126.894 Y120.586 E.02593
G1 X127.55 Y120.884 E.02388
G1 X128.205 Y121.098 E.02286
G1 X128.86 Y121.209 E.02204
G1 X129.187 Y121.161 E.01098
G1 X129.515 Y120.893 E.01405
G1 X130.17 Y119.624 E.04736
G1 X130.825 Y118.563 E.04138
G1 X131.481 Y117.905 E.03078
G1 X132.136 Y117.479 E.02593
G1 X132.791 Y117.181 E.02388
G1 X133.446 Y116.967 E.02286
G1 X134.101 Y116.856 E.02204
G1 X134.429 Y116.904 E.01098
G1 X134.756 Y117.172 E.01405
G1 X135.412 Y118.441 E.04736
G1 X136.067 Y119.502 E.04138
G1 X136.722 Y120.16 E.03078
G1 X137.377 Y120.586 E.02593
G1 X138.032 Y120.884 E.02388
G1 X138.687 Y121.098 E.02286
G1 X139.343 Y121.209 E.02204
G1 X139.67 Y121.161 E.01098
G1 X139.998 Y120.893 E.01405
G1 X140.653 Y119.624 E.04736
G1 X141.308 Y118.563 E.04138
G1 X141.963 Y117.905 E.03078
G1 X142.618 Y117.479 E.02593
G1 X143.273 Y117.181 E.02388
G1 X143.929 Y116.967 E.02286
G1 X144.584 Y116.856 E.02204
G1 X144.911 Y116.904 E.01098
G1 X145.239 Y117.172 E.01405
G1 X145.894 Y118.441 E.04736
G1 X146.549 Y119.502 E.04138
G1 X147.204 Y120.16 E.03078
G1 X147.86 Y120.586 E.02593
G1 X148.515 Y120.884 E.02388
G1 X149.17 Y121.098 E.02286
G1 X149.825 Y121.209 E.02204
G1 X150.153 Y121.161 E.01098
G1 X150.48 Y120.893 E.01405
G1 X151.135 Y119.624 E.04736
G1 X151.791 Y118.563 E.04138
G1 X152.446 Y117.905 E.03078
G1 X153.101 Y117.479 E.02593
G1 X153.756 Y117.181 E.02388
G1 X154.411 Y116.967 E.02286
G1 X155.066 Y116.856 E.02204
G1 X155.394 Y116.904 E.01098
G1 X155.722 Y117.172 E.01405
G1 X156.377 Y118.441 E.04736
G1 X157.032 Y119.502 E.04138
G1 X157.687 Y120.16 E.03078
G1 X158.342 Y120.586 E.02593
G1 X158.997 Y120.884 E.02388
G1 X159.653 Y121.098 E.02286
G1 X160.308 Y121.209 E.02204
G1 X160.635 Y121.161 E.01098
G1 X160.963 Y120.893 E.01405
G1 X161.618 Y119.624 E.04736
G1 X162.273 Y118.563 E.04138
G1 X162.706 Y118.129 E.02033
G1 X162.706 Y111.867 E.20772
G1 X162.273 Y111.725 E.0151
G1 X161.618 Y111.614 E.02204
G1 X161.29 Y111.662 E.01098
G1 X160.963 Y111.931 E.01405
G1 X160.308 Y113.2 E.04736
G1 X159.653 Y114.261 E.04138
G1 X158.997 Y114.918 E.03078
G1 X158.342 Y115.345 E.02593
G1 X157.687 Y115.643 E.02388
G1 X157.032 Y115.857 E.02286
G1 X156.377 Y115.968 E.02204
G1 X156.049 Y115.92 E.01098
G1 X155.722 Y115.651 E.01405
G1 X155.066 Y114.383 E.04736
G1 X154.411 Y113.321 E.04138
G1 X153.756 Y112.664 E.03078
G1 X153.101 Y112.238 E.02593
G1 X152.446 Y111.939 E.02388
G1 X151.791 Y111.725 E.02286
G1 X151.135 Y111.614 E.02204
G1 X150.808 Y111.662 E.01098
G1 X150.48 Y111.931 E.01405
G1 X149.825 Y113.2 E.04736
G1 X149.17 Y114.261 E.04138
G1 X148.515 Y114.918 E.03078
G1 X147.86 Y115.345 E.02593
G1 X147.204 Y115.643 E.02388
G1 X146.549 Y115.857 E.02286
G1 X145.894 Y115.968 E.02204
G1 X145.567 Y115.92 E.01098
G1 X145.239 Y115.651 E.01405
G1 X144.584 Y114.383 E.04736
G1 X143.929 Y113.321 E.04138
G1 X143.273 Y112.664 E.03078
G1 X142.618 Y112.238 E.02593
G1 X141.963 Y111.939 E.02388
G1 X141.308 Y111.725 E.02286
G1 X140.653 Y111.614 E.02204
G1 X140.325 Y111.662 E.01098
G1 X139.998 Y111.931 E.01405
G1 X139.343 Y113.2 E.04736
G1 X138.687 Y114.261 E.04138
G1 X138.032 Y114.918 E.03078
G1 X137.377 Y115.345 E.02593
G1 X136.722 Y115.643 E.02388
G1 X136.067 Y115.857 E.02286
G1 X135.412 Y115.968 E.02204
G1 X135.084 Y115.92 E.01098
G1 X134.756 Y115.651 E.01405
G1 X134.101 Y114.383 E.04736
G1 X133.446 Y113.321 E.04138
G1 X132.791 Y112.664 E.03078
G1 X132.136 Y112.238 E.02593
G1 X131.481 Y111.939 E.02388
G1 X130.825 Y111.725 E.02286
G1 X130.17 Y111.614 E.02204
G1 X129.843 Y111.662 E.01098
G1 X129.515 Y111.931 E.01405
G1 X128.86 Y113.2 E.04736
G1 X128.205 Y114.261 E.04138
G1 X127.55 Y114.918 E.03078
G1 X126.894 Y115.345 E.02593
G1 X126.239 Y115.643 E.02388
G1 X125.584 Y115.857 E.02286
G1 X124.929 Y115.968 E.02204
G1 X124.601 Y115.92 E.01098
G1 X124.274 Y115.651 E.01405
G1 X123.619 Y114.383 E.04736
G1 X122.963 Y113.321 E.04138
G1 X122.308 Y112.664 E.03078
G1 X121.653 Y112.238 E.02593
G1 X120.998 Y111.939 E.02388
G1 X120.343 Y111.725 E.02286
G1 X119.688 Y111.614 E.02204
G1 X119.36 Y111.662 E.01098
G1 X119.032 Y111.931 E.01405
G1 X118.377 Y113.2 E.04736
G1 X117.722 Y114.261 E.04138
G1 X117.067 Y114.918 E.03078
G1 X116.412 Y115.345 E.02593
G1 X115.757 Y115.643 E.02388
G1 X115.101 Y115.857 E.02286
G1 X114.446 Y115.968 E.02204
G1 X114.119 Y115.92 E.01098
G1 X113.791 Y115.651 E.01405
M73 P46 R38
G1 X113.136 Y114.383 E.04736
G1 X112.481 Y113.321 E.04138
G1 X111.826 Y112.664 E.03078
G1 X111.171 Y112.238 E.02593
G1 X110.515 Y111.939 E.02388
G1 X109.86 Y111.725 E.02286
G1 X109.205 Y111.614 E.02204
G1 X108.877 Y111.662 E.01098
G1 X108.55 Y111.931 E.01405
G1 X107.895 Y113.2 E.04736
G1 X107.24 Y114.261 E.04138
G1 X106.584 Y114.918 E.03078
G1 X105.929 Y115.345 E.02593
G1 X105.274 Y115.643 E.02388
G1 X104.619 Y115.857 E.02286
G1 X103.964 Y115.968 E.02204
G1 X103.636 Y115.92 E.01098
G1 X103.309 Y115.651 E.01405
G1 X102.653 Y114.383 E.04736
G1 X101.998 Y113.321 E.04138
G1 X101.343 Y112.664 E.03078
G1 X100.688 Y112.238 E.02593
G1 X100.033 Y111.939 E.02388
G1 X99.378 Y111.725 E.02286
G1 X98.722 Y111.614 E.02204
G1 X98.395 Y111.662 E.01098
G1 X98.067 Y111.931 E.01405
G1 X97.412 Y113.2 E.04736
G1 X96.757 Y114.261 E.04138
G1 X96.102 Y114.918 E.03078
G1 X95.447 Y115.345 E.02593
G1 X94.791 Y115.643 E.02388
G1 X94.136 Y115.857 E.02286
G1 X93.481 Y115.968 E.02204
G1 X93.154 Y115.92 E.01098
G1 X92.826 Y115.651 E.01405
G1 X92.171 Y114.383 E.04736
G1 X91.516 Y113.321 E.04138
G1 X90.86 Y112.664 E.03078
G1 X90.205 Y112.238 E.02593
G1 X89.55 Y111.939 E.02388
G1 X88.895 Y111.725 E.02286
G1 X88.24 Y111.614 E.02204
G1 X87.912 Y111.662 E.01098
G1 X87.585 Y111.931 E.01405
G1 X86.929 Y113.2 E.04736
G1 X86.274 Y114.261 E.04138
G1 X85.619 Y114.918 E.03078
G1 X84.964 Y115.345 E.02593
G1 X84.309 Y115.643 E.02388
G1 X83.654 Y115.857 E.02286
G1 X82.998 Y115.968 E.02204
G1 X82.671 Y115.92 E.01098
G1 X82.343 Y115.651 E.01405
G1 X81.688 Y114.383 E.04736
G1 X81.033 Y113.321 E.04138
G1 X80.378 Y112.664 E.03078
G1 X79.723 Y112.238 E.02593
G1 X79.068 Y111.939 E.02388
G1 X78.412 Y111.725 E.02286
G1 X77.757 Y111.614 E.02204
G1 X77.43 Y111.662 E.01098
G1 X77.102 Y111.931 E.01405
G1 X76.447 Y113.2 E.04736
G1 X75.792 Y114.261 E.04138
G1 X75.137 Y114.918 E.03078
G1 X74.481 Y115.345 E.02593
G1 X73.826 Y115.643 E.02388
G1 X73.171 Y115.857 E.02286
G1 X72.516 Y115.968 E.02204
G1 X72.188 Y115.92 E.01098
G1 X71.861 Y115.651 E.01405
G1 X71.206 Y114.383 E.04736
G1 X70.55 Y113.321 E.04138
G1 X69.895 Y112.664 E.03078
G1 X69.24 Y112.238 E.02593
G1 X68.585 Y111.939 E.02388
G1 X67.93 Y111.725 E.02286
G1 X67.275 Y111.614 E.02204
G1 X66.947 Y111.662 E.01098
G1 X66.619 Y111.931 E.01405
G1 X65.964 Y113.2 E.04736
G1 X65.309 Y114.261 E.04138
G1 X64.654 Y114.918 E.03078
G1 X63.999 Y115.345 E.02593
G1 X63.344 Y115.643 E.02388
G1 X62.688 Y115.857 E.02286
G1 X62.033 Y115.968 E.02204
G1 X61.706 Y115.92 E.01098
G1 X61.378 Y115.651 E.01405
G1 X60.723 Y114.383 E.04736
G1 X60.068 Y113.321 E.04138
G1 X59.413 Y112.664 E.03078
G1 X58.757 Y112.238 E.02593
G1 X58.102 Y111.939 E.02388
G1 X57.447 Y111.725 E.02286
G1 X57.294 Y111.7 E.00515
G1 X57.294 Y108.328 E.11184
G1 X57.447 Y108.08 E.00967
G1 X58.102 Y107.423 E.03078
G1 X58.757 Y106.996 E.02593
G1 X59.413 Y106.698 E.02388
G1 X60.068 Y106.484 E.02286
G1 X60.723 Y106.373 E.02204
G1 X61.051 Y106.421 E.01098
G1 X61.378 Y106.69 E.01405
G1 X62.033 Y107.958 E.04736
G1 X62.688 Y109.02 E.04138
G1 X63.344 Y109.677 E.03078
G1 X63.999 Y110.103 E.02593
G1 X64.654 Y110.402 E.02388
G1 X65.309 Y110.616 E.02286
G1 X65.964 Y110.727 E.02204
G1 X66.292 Y110.679 E.01098
G1 X66.619 Y110.41 E.01405
G1 X67.275 Y109.141 E.04736
G1 X67.93 Y108.08 E.04138
G1 X68.585 Y107.423 E.03078
G1 X69.24 Y106.996 E.02593
G1 X69.895 Y106.698 E.02388
G1 X70.55 Y106.484 E.02286
G1 X71.206 Y106.373 E.02204
G1 X71.533 Y106.421 E.01098
G1 X71.861 Y106.69 E.01405
G1 X72.516 Y107.958 E.04736
G1 X73.171 Y109.02 E.04138
G1 X73.826 Y109.677 E.03078
G1 X74.481 Y110.103 E.02593
G1 X75.137 Y110.402 E.02388
G1 X75.792 Y110.616 E.02286
G1 X76.447 Y110.727 E.02204
G1 X76.774 Y110.679 E.01098
G1 X77.102 Y110.41 E.01405
G1 X77.757 Y109.141 E.04736
G1 X78.412 Y108.08 E.04138
G1 X79.068 Y107.423 E.03078
G1 X79.723 Y106.996 E.02593
G1 X80.378 Y106.698 E.02388
G1 X81.033 Y106.484 E.02286
G1 X81.688 Y106.373 E.02204
G1 X82.016 Y106.421 E.01098
G1 X82.343 Y106.69 E.01405
G1 X82.998 Y107.958 E.04736
G1 X83.654 Y109.02 E.04138
G1 X84.309 Y109.677 E.03078
G1 X84.964 Y110.103 E.02593
G1 X85.619 Y110.402 E.02388
G1 X86.274 Y110.616 E.02286
G1 X86.929 Y110.727 E.02204
G1 X87.257 Y110.679 E.01098
G1 X87.585 Y110.41 E.01405
G1 X88.24 Y109.141 E.04736
G1 X88.895 Y108.08 E.04138
G1 X89.55 Y107.423 E.03078
G1 X90.205 Y106.996 E.02593
G1 X90.86 Y106.698 E.02388
G1 X91.516 Y106.484 E.02286
G1 X92.171 Y106.373 E.02204
G1 X92.498 Y106.421 E.01098
G1 X92.826 Y106.69 E.01405
G1 X93.481 Y107.958 E.04736
G1 X94.136 Y109.02 E.04138
G1 X94.791 Y109.677 E.03078
G1 X95.447 Y110.103 E.02593
G1 X96.102 Y110.402 E.02388
G1 X96.757 Y110.616 E.02286
G1 X97.412 Y110.727 E.02204
G1 X97.74 Y110.679 E.01098
G1 X98.067 Y110.41 E.01405
G1 X98.722 Y109.141 E.04736
G1 X99.378 Y108.08 E.04138
G1 X100.033 Y107.423 E.03078
G1 X100.688 Y106.996 E.02593
G1 X101.343 Y106.698 E.02388
G1 X101.998 Y106.484 E.02286
G1 X102.653 Y106.373 E.02204
G1 X102.981 Y106.421 E.01098
G1 X103.309 Y106.69 E.01405
G1 X103.964 Y107.958 E.04736
G1 X104.619 Y109.02 E.04138
G1 X105.274 Y109.677 E.03078
G1 X105.929 Y110.103 E.02593
G1 X106.584 Y110.402 E.02388
G1 X107.24 Y110.616 E.02286
G1 X107.895 Y110.727 E.02204
G1 X108.222 Y110.679 E.01098
G1 X108.55 Y110.41 E.01405
G1 X109.205 Y109.141 E.04736
G1 X109.86 Y108.08 E.04138
G1 X110.515 Y107.423 E.03078
G1 X111.171 Y106.996 E.02593
G1 X111.826 Y106.698 E.02388
G1 X112.481 Y106.484 E.02286
G1 X113.136 Y106.373 E.02204
G1 X113.464 Y106.421 E.01098
G1 X113.791 Y106.69 E.01405
G1 X114.446 Y107.958 E.04736
G1 X115.101 Y109.02 E.04138
G1 X115.757 Y109.677 E.03078
G1 X116.412 Y110.103 E.02593
G1 X117.067 Y110.402 E.02388
G1 X117.722 Y110.616 E.02286
G1 X118.377 Y110.727 E.02204
G1 X118.705 Y110.679 E.01098
G1 X119.032 Y110.41 E.01405
G1 X119.688 Y109.141 E.04736
G1 X120.343 Y108.08 E.04138
G1 X120.998 Y107.423 E.03078
G1 X121.653 Y106.996 E.02593
G1 X122.308 Y106.698 E.02388
G1 X122.963 Y106.484 E.02286
G1 X123.619 Y106.373 E.02204
G1 X123.946 Y106.421 E.01098
G1 X124.274 Y106.69 E.01405
G1 X124.929 Y107.958 E.04736
G1 X125.584 Y109.02 E.04138
G1 X126.239 Y109.677 E.03078
G1 X126.894 Y110.103 E.02593
G1 X127.55 Y110.402 E.02388
G1 X128.205 Y110.616 E.02286
G1 X128.86 Y110.727 E.02204
G1 X129.187 Y110.679 E.01098
G1 X129.515 Y110.41 E.01405
G1 X130.17 Y109.141 E.04736
G1 X130.825 Y108.08 E.04138
G1 X131.481 Y107.423 E.03078
G1 X132.136 Y106.996 E.02593
G1 X132.791 Y106.698 E.02388
G1 X133.446 Y106.484 E.02286
G1 X134.101 Y106.373 E.02204
G1 X134.429 Y106.421 E.01098
G1 X134.756 Y106.69 E.01405
G1 X135.412 Y107.958 E.04736
G1 X136.067 Y109.02 E.04138
G1 X136.722 Y109.677 E.03078
G1 X137.377 Y110.103 E.02593
G1 X138.032 Y110.402 E.02388
G1 X138.687 Y110.616 E.02286
G1 X139.343 Y110.727 E.02204
G1 X139.67 Y110.679 E.01098
G1 X139.998 Y110.41 E.01405
G1 X140.653 Y109.141 E.04736
G1 X141.308 Y108.08 E.04138
G1 X141.963 Y107.423 E.03078
G1 X142.618 Y106.996 E.02593
G1 X143.273 Y106.698 E.02388
G1 X143.929 Y106.484 E.02286
G1 X144.584 Y106.373 E.02204
G1 X144.911 Y106.421 E.01098
G1 X145.239 Y106.69 E.01405
G1 X145.894 Y107.958 E.04736
G1 X146.549 Y109.02 E.04138
G1 X147.204 Y109.677 E.03078
G1 X147.86 Y110.103 E.02593
G1 X148.515 Y110.402 E.02388
G1 X149.17 Y110.616 E.02286
G1 X149.825 Y110.727 E.02204
G1 X150.153 Y110.679 E.01098
G1 X150.48 Y110.41 E.01405
G1 X151.135 Y109.141 E.04736
G1 X151.791 Y108.08 E.04138
G1 X152.446 Y107.423 E.03078
G1 X153.101 Y106.996 E.02593
G1 X153.756 Y106.698 E.02388
G1 X154.411 Y106.484 E.02286
G1 X155.066 Y106.373 E.02204
G1 X155.394 Y106.421 E.01098
G1 X155.722 Y106.69 E.01405
G1 X156.377 Y107.958 E.04736
G1 X157.032 Y109.02 E.04138
G1 X157.687 Y109.677 E.03078
G1 X158.342 Y110.103 E.02593
G1 X158.997 Y110.402 E.02388
G1 X159.653 Y110.616 E.02286
G1 X160.308 Y110.727 E.02204
G1 X160.635 Y110.679 E.01098
G1 X160.963 Y110.41 E.01405
G1 X161.618 Y109.141 E.04736
G1 X162.273 Y108.08 E.04138
G1 X162.706 Y107.646 E.02033
G1 X162.706 Y101.384 E.20772
G1 X162.273 Y101.243 E.0151
G1 X161.618 Y101.132 E.02204
G1 X161.29 Y101.18 E.01098
G1 X160.963 Y101.448 E.01405
G1 X160.308 Y102.717 E.04736
G1 X159.653 Y103.778 E.04138
G1 X158.997 Y104.436 E.03078
G1 X158.342 Y104.862 E.02593
G1 X157.687 Y105.16 E.02388
G1 X157.032 Y105.374 E.02286
G1 X156.377 Y105.485 E.02204
G1 X156.049 Y105.437 E.01098
G1 X155.722 Y105.169 E.01405
G1 X155.066 Y103.9 E.04736
G1 X154.411 Y102.839 E.04138
G1 X153.756 Y102.181 E.03078
G1 X153.101 Y101.755 E.02593
G1 X152.446 Y101.457 E.02388
G1 X151.791 Y101.243 E.02286
G1 X151.135 Y101.132 E.02204
G1 X150.808 Y101.18 E.01098
G1 X150.48 Y101.448 E.01405
G1 X149.825 Y102.717 E.04736
G1 X149.17 Y103.778 E.04138
G1 X148.515 Y104.436 E.03078
G1 X147.86 Y104.862 E.02593
G1 X147.204 Y105.16 E.02388
G1 X146.549 Y105.374 E.02286
G1 X145.894 Y105.485 E.02204
G1 X145.567 Y105.437 E.01098
G1 X145.239 Y105.169 E.01405
G1 X144.584 Y103.9 E.04736
G1 X143.929 Y102.839 E.04138
G1 X143.273 Y102.181 E.03078
G1 X142.618 Y101.755 E.02593
G1 X141.963 Y101.457 E.02388
G1 X141.308 Y101.243 E.02286
G1 X140.653 Y101.132 E.02204
G1 X140.325 Y101.18 E.01098
G1 X139.998 Y101.448 E.01405
G1 X139.343 Y102.717 E.04736
G1 X138.687 Y103.778 E.04138
G1 X138.032 Y104.436 E.03078
G1 X137.377 Y104.862 E.02593
G1 X136.722 Y105.16 E.02388
G1 X136.067 Y105.374 E.02286
G1 X135.412 Y105.485 E.02204
G1 X135.084 Y105.437 E.01098
G1 X134.756 Y105.169 E.01405
G1 X134.101 Y103.9 E.04736
G1 X133.446 Y102.839 E.04138
G1 X132.791 Y102.181 E.03078
G1 X132.136 Y101.755 E.02593
G1 X131.481 Y101.457 E.02388
G1 X130.825 Y101.243 E.02286
G1 X130.17 Y101.132 E.02204
G1 X129.843 Y101.18 E.01098
G1 X129.515 Y101.448 E.01405
G1 X128.86 Y102.717 E.04736
G1 X128.205 Y103.778 E.04138
G1 X127.55 Y104.436 E.03078
G1 X126.894 Y104.862 E.02593
G1 X126.239 Y105.16 E.02388
G1 X125.584 Y105.374 E.02286
G1 X124.929 Y105.485 E.02204
G1 X124.601 Y105.437 E.01098
G1 X124.274 Y105.169 E.01405
G1 X123.619 Y103.9 E.04736
G1 X122.963 Y102.839 E.04138
G1 X122.308 Y102.181 E.03078
G1 X121.653 Y101.755 E.02593
G1 X120.998 Y101.457 E.02388
G1 X120.343 Y101.243 E.02286
G1 X119.688 Y101.132 E.02204
G1 X119.36 Y101.18 E.01098
G1 X119.032 Y101.448 E.01405
G1 X118.377 Y102.717 E.04736
G1 X117.722 Y103.778 E.04138
G1 X117.067 Y104.436 E.03078
G1 X116.412 Y104.862 E.02593
G1 X115.757 Y105.16 E.02388
G1 X115.101 Y105.374 E.02286
G1 X114.446 Y105.485 E.02204
G1 X114.119 Y105.437 E.01098
G1 X113.791 Y105.169 E.01405
G1 X113.136 Y103.9 E.04736
G1 X112.481 Y102.839 E.04138
G1 X111.826 Y102.181 E.03078
G1 X111.171 Y101.755 E.02593
G1 X110.515 Y101.457 E.02388
G1 X109.86 Y101.243 E.02286
G1 X109.205 Y101.132 E.02204
G1 X108.877 Y101.18 E.01098
G1 X108.55 Y101.448 E.01405
G1 X107.895 Y102.717 E.04736
G1 X107.24 Y103.778 E.04138
G1 X106.584 Y104.436 E.03078
G1 X105.929 Y104.862 E.02593
G1 X105.274 Y105.16 E.02388
G1 X104.619 Y105.374 E.02286
G1 X103.964 Y105.485 E.02204
G1 X103.636 Y105.437 E.01098
G1 X103.309 Y105.169 E.01405
G1 X102.653 Y103.9 E.04736
G1 X101.998 Y102.839 E.04138
G1 X101.343 Y102.181 E.03078
G1 X100.688 Y101.755 E.02593
G1 X100.033 Y101.457 E.02388
G1 X99.378 Y101.243 E.02286
G1 X98.722 Y101.132 E.02204
G1 X98.395 Y101.18 E.01098
G1 X98.067 Y101.448 E.01405
G1 X97.412 Y102.717 E.04736
G1 X96.757 Y103.778 E.04138
G1 X96.102 Y104.436 E.03078
G1 X95.447 Y104.862 E.02593
G1 X94.791 Y105.16 E.02388
G1 X94.136 Y105.374 E.02286
G1 X93.481 Y105.485 E.02204
G1 X93.154 Y105.437 E.01098
G1 X92.826 Y105.169 E.01405
G1 X92.171 Y103.9 E.04736
G1 X91.516 Y102.839 E.04138
G1 X90.86 Y102.181 E.03078
G1 X90.205 Y101.755 E.02593
G1 X89.55 Y101.457 E.02388
G1 X88.895 Y101.243 E.02286
G1 X88.24 Y101.132 E.02204
G1 X87.912 Y101.18 E.01098
G1 X87.585 Y101.448 E.01405
G1 X86.929 Y102.717 E.04736
G1 X86.274 Y103.778 E.04138
G1 X85.619 Y104.436 E.03078
G1 X84.964 Y104.862 E.02593
G1 X84.309 Y105.16 E.02388
G1 X83.654 Y105.374 E.02286
G1 X82.998 Y105.485 E.02204
G1 X82.671 Y105.437 E.01098
G1 X82.343 Y105.169 E.01405
G1 X81.688 Y103.9 E.04736
G1 X81.033 Y102.839 E.04138
G1 X80.378 Y102.181 E.03078
G1 X79.723 Y101.755 E.02593
G1 X79.068 Y101.457 E.02388
G1 X78.412 Y101.243 E.02286
G1 X77.757 Y101.132 E.02204
G1 X77.43 Y101.18 E.01098
G1 X77.102 Y101.448 E.01405
G1 X76.447 Y102.717 E.04736
G1 X75.792 Y103.778 E.04138
G1 X75.137 Y104.436 E.03078
G1 X74.481 Y104.862 E.02593
G1 X73.826 Y105.16 E.02388
G1 X73.171 Y105.374 E.02286
G1 X72.516 Y105.485 E.02204
G1 X72.188 Y105.437 E.01098
G1 X71.861 Y105.169 E.01405
G1 X71.206 Y103.9 E.04736
G1 X70.55 Y102.839 E.04138
G1 X69.895 Y102.181 E.03078
G1 X69.24 Y101.755 E.02593
G1 X68.585 Y101.457 E.02388
G1 X67.93 Y101.243 E.02286
G1 X67.275 Y101.132 E.02204
G1 X66.947 Y101.18 E.01098
G1 X66.619 Y101.448 E.01405
G1 X65.964 Y102.717 E.04736
G1 X65.309 Y103.778 E.04138
G1 X64.654 Y104.436 E.03078
G1 X63.999 Y104.862 E.02593
G1 X63.344 Y105.16 E.02388
G1 X62.688 Y105.374 E.02286
G1 X62.033 Y105.485 E.02204
G1 X61.706 Y105.437 E.01098
G1 X61.378 Y105.169 E.01405
G1 X60.723 Y103.9 E.04736
G1 X60.068 Y102.839 E.04138
G1 X59.413 Y102.181 E.03078
G1 X58.757 Y101.755 E.02593
G1 X58.102 Y101.457 E.02388
G1 X57.447 Y101.243 E.02286
G1 X57.294 Y101.217 E.00515
G1 X57.294 Y97.845 E.11184
G1 X57.447 Y97.597 E.00967
G1 X58.102 Y96.94 E.03078
G1 X58.757 Y96.514 E.02593
G1 X59.413 Y96.215 E.02388
G1 X60.068 Y96.002 E.02286
G1 X60.723 Y95.891 E.02204
G1 X61.051 Y95.939 E.01098
G1 X61.378 Y96.207 E.01405
G1 X62.033 Y97.476 E.04736
G1 X62.688 Y98.537 E.04138
G1 X63.344 Y99.194 E.03078
G1 X63.999 Y99.621 E.02593
G1 X64.654 Y99.919 E.02388
G1 X65.309 Y100.133 E.02286
G1 X65.964 Y100.244 E.02204
G1 X66.292 Y100.196 E.01098
G1 X66.619 Y99.927 E.01405
G1 X67.275 Y98.659 E.04736
G1 X67.93 Y97.597 E.04138
G1 X68.585 Y96.94 E.03078
G1 X69.24 Y96.514 E.02593
G1 X69.895 Y96.215 E.02388
G1 X70.55 Y96.002 E.02286
G1 X71.206 Y95.891 E.02204
G1 X71.533 Y95.939 E.01098
G1 X71.861 Y96.207 E.01405
G1 X72.516 Y97.476 E.04736
G1 X73.171 Y98.537 E.04138
G1 X73.826 Y99.194 E.03078
G1 X74.481 Y99.621 E.02593
G1 X75.137 Y99.919 E.02388
G1 X75.792 Y100.133 E.02286
G1 X76.447 Y100.244 E.02204
G1 X76.774 Y100.196 E.01098
G1 X77.102 Y99.927 E.01405
G1 X77.757 Y98.659 E.04736
G1 X78.412 Y97.597 E.04138
G1 X79.068 Y96.94 E.03078
G1 X79.723 Y96.514 E.02593
G1 X80.378 Y96.215 E.02388
G1 X81.033 Y96.002 E.02286
G1 X81.688 Y95.891 E.02204
G1 X82.016 Y95.939 E.01098
G1 X82.343 Y96.207 E.01405
G1 X82.998 Y97.476 E.04736
G1 X83.654 Y98.537 E.04138
G1 X84.309 Y99.194 E.03078
G1 X84.964 Y99.621 E.02593
G1 X85.619 Y99.919 E.02388
G1 X86.274 Y100.133 E.02286
G1 X86.929 Y100.244 E.02204
G1 X87.257 Y100.196 E.01098
G1 X87.585 Y99.927 E.01405
G1 X88.24 Y98.659 E.04736
G1 X88.895 Y97.597 E.04138
G1 X89.55 Y96.94 E.03078
G1 X90.205 Y96.514 E.02593
G1 X90.86 Y96.215 E.02388
G1 X91.516 Y96.002 E.02286
G1 X92.171 Y95.891 E.02204
G1 X92.498 Y95.939 E.01098
M73 P46 R37
G1 X92.826 Y96.207 E.01405
G1 X93.481 Y97.476 E.04736
G1 X94.136 Y98.537 E.04138
G1 X94.791 Y99.194 E.03078
G1 X95.447 Y99.621 E.02593
G1 X96.102 Y99.919 E.02388
G1 X96.757 Y100.133 E.02286
G1 X97.412 Y100.244 E.02204
G1 X97.74 Y100.196 E.01098
G1 X98.067 Y99.927 E.01405
G1 X98.722 Y98.659 E.04736
G1 X99.378 Y97.597 E.04138
G1 X100.033 Y96.94 E.03078
G1 X100.688 Y96.514 E.02593
G1 X101.343 Y96.215 E.02388
G1 X101.998 Y96.002 E.02286
G1 X102.653 Y95.891 E.02204
G1 X102.981 Y95.939 E.01098
G1 X103.309 Y96.207 E.01405
G1 X103.964 Y97.476 E.04736
G1 X104.619 Y98.537 E.04138
G1 X105.274 Y99.194 E.03078
G1 X105.929 Y99.621 E.02593
G1 X106.584 Y99.919 E.02388
G1 X107.24 Y100.133 E.02286
G1 X107.895 Y100.244 E.02204
G1 X108.222 Y100.196 E.01098
G1 X108.55 Y99.927 E.01405
G1 X109.205 Y98.659 E.04736
G1 X109.86 Y97.597 E.04138
G1 X110.515 Y96.94 E.03078
G1 X111.171 Y96.514 E.02593
G1 X111.826 Y96.215 E.02388
G1 X112.481 Y96.002 E.02286
G1 X113.136 Y95.891 E.02204
G1 X113.464 Y95.939 E.01098
G1 X113.791 Y96.207 E.01405
G1 X114.446 Y97.476 E.04736
G1 X115.101 Y98.537 E.04138
G1 X115.757 Y99.194 E.03078
G1 X116.412 Y99.621 E.02593
G1 X117.067 Y99.919 E.02388
G1 X117.722 Y100.133 E.02286
G1 X118.377 Y100.244 E.02204
G1 X118.705 Y100.196 E.01098
G1 X119.032 Y99.927 E.01405
G1 X119.688 Y98.659 E.04736
G1 X120.343 Y97.597 E.04138
G1 X120.998 Y96.94 E.03078
G1 X121.653 Y96.514 E.02593
G1 X122.308 Y96.215 E.02388
G1 X122.963 Y96.002 E.02286
G1 X123.619 Y95.891 E.02204
G1 X123.946 Y95.939 E.01098
G1 X124.274 Y96.207 E.01405
G1 X124.929 Y97.476 E.04736
G1 X125.584 Y98.537 E.04138
G1 X126.239 Y99.194 E.03078
G1 X126.894 Y99.621 E.02593
G1 X127.55 Y99.919 E.02388
G1 X128.205 Y100.133 E.02286
G1 X128.86 Y100.244 E.02204
G1 X129.187 Y100.196 E.01098
G1 X129.515 Y99.927 E.01405
G1 X130.17 Y98.659 E.04736
G1 X130.825 Y97.597 E.04138
G1 X131.481 Y96.94 E.03078
G1 X132.136 Y96.514 E.02593
G1 X132.791 Y96.215 E.02388
G1 X133.446 Y96.002 E.02286
G1 X134.101 Y95.891 E.02204
G1 X134.429 Y95.939 E.01098
G1 X134.756 Y96.207 E.01405
G1 X135.412 Y97.476 E.04736
G1 X136.067 Y98.537 E.04138
G1 X136.722 Y99.194 E.03078
G1 X137.377 Y99.621 E.02593
G1 X138.032 Y99.919 E.02388
G1 X138.687 Y100.133 E.02286
G1 X139.343 Y100.244 E.02204
G1 X139.67 Y100.196 E.01098
G1 X139.998 Y99.927 E.01405
G1 X140.653 Y98.659 E.04736
G1 X141.308 Y97.597 E.04138
G1 X141.963 Y96.94 E.03078
G1 X142.618 Y96.514 E.02593
G1 X143.273 Y96.215 E.02388
G1 X143.929 Y96.002 E.02286
G1 X144.584 Y95.891 E.02204
G1 X144.911 Y95.939 E.01098
G1 X145.239 Y96.207 E.01405
G1 X145.894 Y97.476 E.04736
G1 X146.549 Y98.537 E.04138
G1 X147.204 Y99.194 E.03078
G1 X147.86 Y99.621 E.02593
G1 X148.515 Y99.919 E.02388
G1 X149.17 Y100.133 E.02286
G1 X149.825 Y100.244 E.02204
G1 X150.153 Y100.196 E.01098
G1 X150.48 Y99.927 E.01405
G1 X151.135 Y98.659 E.04736
G1 X151.791 Y97.597 E.04138
G1 X152.446 Y96.94 E.03078
G1 X153.101 Y96.514 E.02593
G1 X153.756 Y96.215 E.02388
G1 X154.411 Y96.002 E.02286
G1 X155.066 Y95.891 E.02204
G1 X155.394 Y95.939 E.01098
G1 X155.722 Y96.207 E.01405
G1 X156.377 Y97.476 E.04736
G1 X157.032 Y98.537 E.04138
G1 X157.687 Y99.194 E.03078
G1 X158.342 Y99.621 E.02593
G1 X158.997 Y99.919 E.02388
G1 X159.653 Y100.133 E.02286
G1 X160.308 Y100.244 E.02204
G1 X160.635 Y100.196 E.01098
G1 X160.963 Y99.927 E.01405
G1 X161.618 Y98.659 E.04736
G1 X162.273 Y97.597 E.04138
G1 X162.706 Y97.163 E.02033
G1 X162.706 Y90.901 E.20772
G1 X162.273 Y90.76 E.0151
G1 X161.618 Y90.649 E.02204
G1 X161.29 Y90.697 E.01098
G1 X160.963 Y90.966 E.01405
G1 X160.308 Y92.234 E.04736
G1 X159.653 Y93.296 E.04138
G1 X158.997 Y93.953 E.03078
G1 X158.342 Y94.379 E.02593
G1 X157.687 Y94.678 E.02388
G1 X157.032 Y94.892 E.02286
G1 X156.377 Y95.003 E.02204
G1 X156.049 Y94.955 E.01098
G1 X155.722 Y94.686 E.01405
G1 X155.066 Y93.418 E.04736
G1 X154.411 Y92.356 E.04138
G1 X153.756 Y91.699 E.03078
G1 X153.101 Y91.273 E.02593
G1 X152.446 Y90.974 E.02388
G1 X151.791 Y90.76 E.02286
G1 X151.135 Y90.649 E.02204
G1 X150.808 Y90.697 E.01098
G1 X150.48 Y90.966 E.01405
G1 X149.825 Y92.234 E.04736
G1 X149.17 Y93.296 E.04138
G1 X148.515 Y93.953 E.03078
G1 X147.86 Y94.379 E.02593
G1 X147.204 Y94.678 E.02388
G1 X146.549 Y94.892 E.02286
G1 X145.894 Y95.003 E.02204
G1 X145.567 Y94.955 E.01098
G1 X145.239 Y94.686 E.01405
G1 X144.584 Y93.418 E.04736
G1 X143.929 Y92.356 E.04138
G1 X143.273 Y91.699 E.03078
G1 X142.618 Y91.273 E.02593
G1 X141.963 Y90.974 E.02388
G1 X141.308 Y90.76 E.02286
G1 X140.653 Y90.649 E.02204
G1 X140.325 Y90.697 E.01098
G1 X139.998 Y90.966 E.01405
G1 X139.343 Y92.234 E.04736
G1 X138.687 Y93.296 E.04138
G1 X138.032 Y93.953 E.03078
G1 X137.377 Y94.379 E.02593
G1 X136.722 Y94.678 E.02388
G1 X136.067 Y94.892 E.02286
G1 X135.412 Y95.003 E.02204
G1 X135.084 Y94.955 E.01098
G1 X134.756 Y94.686 E.01405
G1 X134.101 Y93.418 E.04736
G1 X133.446 Y92.356 E.04138
G1 X132.791 Y91.699 E.03078
G1 X132.136 Y91.273 E.02593
G1 X131.481 Y90.974 E.02388
G1 X130.825 Y90.76 E.02286
G1 X130.17 Y90.649 E.02204
G1 X129.843 Y90.697 E.01098
G1 X129.515 Y90.966 E.01405
G1 X128.86 Y92.234 E.04736
G1 X128.205 Y93.296 E.04138
G1 X127.55 Y93.953 E.03078
G1 X126.894 Y94.379 E.02593
G1 X126.239 Y94.678 E.02388
G1 X125.584 Y94.892 E.02286
G1 X124.929 Y95.003 E.02204
G1 X124.601 Y94.955 E.01098
G1 X124.274 Y94.686 E.01405
G1 X123.619 Y93.418 E.04736
G1 X122.963 Y92.356 E.04138
G1 X122.308 Y91.699 E.03078
G1 X121.653 Y91.273 E.02593
G1 X120.998 Y90.974 E.02388
G1 X120.343 Y90.76 E.02286
G1 X119.688 Y90.649 E.02204
G1 X119.36 Y90.697 E.01098
G1 X119.032 Y90.966 E.01405
G1 X118.377 Y92.234 E.04736
G1 X117.722 Y93.296 E.04138
G1 X117.067 Y93.953 E.03078
G1 X116.412 Y94.379 E.02593
G1 X115.757 Y94.678 E.02388
G1 X115.101 Y94.892 E.02286
G1 X114.446 Y95.003 E.02204
G1 X114.119 Y94.955 E.01098
G1 X113.791 Y94.686 E.01405
G1 X113.136 Y93.418 E.04736
G1 X112.481 Y92.356 E.04138
G1 X111.826 Y91.699 E.03078
G1 X111.171 Y91.273 E.02593
G1 X110.515 Y90.974 E.02388
G1 X109.86 Y90.76 E.02286
G1 X109.205 Y90.649 E.02204
G1 X108.877 Y90.697 E.01098
G1 X108.55 Y90.966 E.01405
G1 X107.895 Y92.234 E.04736
G1 X107.24 Y93.296 E.04138
G1 X106.584 Y93.953 E.03078
G1 X105.929 Y94.379 E.02593
G1 X105.274 Y94.678 E.02388
G1 X104.619 Y94.892 E.02286
G1 X103.964 Y95.003 E.02204
G1 X103.636 Y94.955 E.01098
G1 X103.309 Y94.686 E.01405
G1 X102.653 Y93.418 E.04736
G1 X101.998 Y92.356 E.04138
G1 X101.343 Y91.699 E.03078
G1 X100.688 Y91.273 E.02593
G1 X100.033 Y90.974 E.02388
G1 X99.378 Y90.76 E.02286
G1 X98.722 Y90.649 E.02204
G1 X98.395 Y90.697 E.01098
G1 X98.067 Y90.966 E.01405
G1 X97.412 Y92.234 E.04736
G1 X96.757 Y93.296 E.04138
G1 X96.102 Y93.953 E.03078
G1 X95.447 Y94.379 E.02593
G1 X94.791 Y94.678 E.02388
G1 X94.136 Y94.892 E.02286
G1 X93.481 Y95.003 E.02204
G1 X93.154 Y94.955 E.01098
G1 X92.826 Y94.686 E.01405
G1 X92.171 Y93.418 E.04736
G1 X91.516 Y92.356 E.04138
G1 X90.86 Y91.699 E.03078
G1 X90.205 Y91.273 E.02593
G1 X89.55 Y90.974 E.02388
G1 X88.895 Y90.76 E.02286
G1 X88.24 Y90.649 E.02204
G1 X87.912 Y90.697 E.01098
G1 X87.585 Y90.966 E.01405
G1 X86.929 Y92.234 E.04736
G1 X86.274 Y93.296 E.04138
G1 X85.619 Y93.953 E.03078
G1 X84.964 Y94.379 E.02593
G1 X84.309 Y94.678 E.02388
G1 X83.654 Y94.892 E.02286
G1 X82.998 Y95.003 E.02204
G1 X82.671 Y94.955 E.01098
G1 X82.343 Y94.686 E.01405
G1 X81.688 Y93.418 E.04736
G1 X81.033 Y92.356 E.04138
G1 X80.378 Y91.699 E.03078
G1 X79.723 Y91.273 E.02593
G1 X79.068 Y90.974 E.02388
G1 X78.412 Y90.76 E.02286
G1 X77.757 Y90.649 E.02204
G1 X77.43 Y90.697 E.01098
G1 X77.102 Y90.966 E.01405
G1 X76.447 Y92.234 E.04736
G1 X75.792 Y93.296 E.04138
G1 X75.137 Y93.953 E.03078
G1 X74.481 Y94.379 E.02593
G1 X73.826 Y94.678 E.02388
G1 X73.171 Y94.892 E.02286
G1 X72.516 Y95.003 E.02204
G1 X72.188 Y94.955 E.01098
G1 X71.861 Y94.686 E.01405
G1 X71.206 Y93.418 E.04736
G1 X70.55 Y92.356 E.04138
G1 X69.895 Y91.699 E.03078
G1 X69.24 Y91.273 E.02593
G1 X68.585 Y90.974 E.02388
G1 X67.93 Y90.76 E.02286
G1 X67.275 Y90.649 E.02204
G1 X66.947 Y90.697 E.01098
G1 X66.619 Y90.966 E.01405
G1 X65.964 Y92.234 E.04736
G1 X65.309 Y93.296 E.04138
G1 X64.654 Y93.953 E.03078
G1 X63.999 Y94.379 E.02593
G1 X63.344 Y94.678 E.02388
G1 X62.688 Y94.892 E.02286
G1 X62.033 Y95.003 E.02204
G1 X61.706 Y94.955 E.01098
G1 X61.378 Y94.686 E.01405
G1 X60.723 Y93.418 E.04736
G1 X60.068 Y92.356 E.04138
G1 X59.413 Y91.699 E.03078
G1 X58.757 Y91.273 E.02593
G1 X58.102 Y90.974 E.02388
G1 X57.447 Y90.76 E.02286
G1 X57.294 Y90.734 E.00515
G1 X57.294 Y87.363 E.11184
G1 X57.447 Y87.115 E.00967
G1 X58.102 Y86.458 E.03078
G1 X58.757 Y86.031 E.02593
G1 X59.413 Y85.733 E.02388
G1 X60.068 Y85.519 E.02286
G1 X60.723 Y85.408 E.02204
G1 X61.051 Y85.456 E.01098
G1 X61.378 Y85.724 E.01405
G1 X62.033 Y86.993 E.04736
G1 X62.688 Y88.055 E.04138
G1 X63.344 Y88.712 E.03078
G1 X63.999 Y89.138 E.02593
G1 X64.654 Y89.437 E.02388
G1 X65.309 Y89.65 E.02286
G1 X65.964 Y89.761 E.02204
G1 X66.292 Y89.713 E.01098
G1 X66.619 Y89.445 E.01405
G1 X67.275 Y88.176 E.04736
G1 X67.93 Y87.115 E.04138
G1 X68.585 Y86.458 E.03078
G1 X69.24 Y86.031 E.02593
G1 X69.895 Y85.733 E.02388
G1 X70.55 Y85.519 E.02286
G1 X71.206 Y85.408 E.02204
G1 X71.533 Y85.456 E.01098
G1 X71.861 Y85.724 E.01405
G1 X72.516 Y86.993 E.04736
G1 X73.171 Y88.055 E.04138
G1 X73.826 Y88.712 E.03078
G1 X74.481 Y89.138 E.02593
G1 X75.137 Y89.437 E.02388
G1 X75.792 Y89.65 E.02286
G1 X76.447 Y89.761 E.02204
G1 X76.774 Y89.713 E.01098
G1 X77.102 Y89.445 E.01405
G1 X77.757 Y88.176 E.04736
G1 X78.412 Y87.115 E.04138
G1 X79.068 Y86.458 E.03078
G1 X79.723 Y86.031 E.02593
G1 X80.378 Y85.733 E.02388
G1 X81.033 Y85.519 E.02286
G1 X81.688 Y85.408 E.02204
G1 X82.016 Y85.456 E.01098
G1 X82.343 Y85.724 E.01405
G1 X82.998 Y86.993 E.04736
G1 X83.654 Y88.055 E.04138
G1 X84.309 Y88.712 E.03078
G1 X84.964 Y89.138 E.02593
G1 X85.619 Y89.437 E.02388
G1 X86.274 Y89.65 E.02286
G1 X86.929 Y89.761 E.02204
G1 X87.257 Y89.713 E.01098
G1 X87.585 Y89.445 E.01405
G1 X88.24 Y88.176 E.04736
G1 X88.895 Y87.115 E.04138
G1 X89.55 Y86.458 E.03078
G1 X90.205 Y86.031 E.02593
G1 X90.86 Y85.733 E.02388
G1 X91.516 Y85.519 E.02286
G1 X92.171 Y85.408 E.02204
G1 X92.498 Y85.456 E.01098
G1 X92.826 Y85.724 E.01405
G1 X93.481 Y86.993 E.04736
G1 X94.136 Y88.055 E.04138
G1 X94.791 Y88.712 E.03078
G1 X95.447 Y89.138 E.02593
G1 X96.102 Y89.437 E.02388
G1 X96.757 Y89.65 E.02286
G1 X97.412 Y89.761 E.02204
G1 X97.74 Y89.713 E.01098
G1 X98.067 Y89.445 E.01405
G1 X98.722 Y88.176 E.04736
G1 X99.378 Y87.115 E.04138
G1 X100.033 Y86.458 E.03078
G1 X100.688 Y86.031 E.02593
G1 X101.343 Y85.733 E.02388
G1 X101.998 Y85.519 E.02286
G1 X102.653 Y85.408 E.02204
G1 X102.981 Y85.456 E.01098
G1 X103.309 Y85.724 E.01405
G1 X103.964 Y86.993 E.04736
G1 X104.619 Y88.055 E.04138
G1 X105.274 Y88.712 E.03078
G1 X105.929 Y89.138 E.02593
G1 X106.584 Y89.437 E.02388
G1 X107.24 Y89.65 E.02286
G1 X107.895 Y89.761 E.02204
G1 X108.222 Y89.713 E.01098
G1 X108.55 Y89.445 E.01405
G1 X109.205 Y88.176 E.04736
G1 X109.86 Y87.115 E.04138
G1 X110.515 Y86.458 E.03078
G1 X111.171 Y86.031 E.02593
G1 X111.826 Y85.733 E.02388
G1 X112.481 Y85.519 E.02286
G1 X113.136 Y85.408 E.02204
G1 X113.464 Y85.456 E.01098
G1 X113.791 Y85.724 E.01405
G1 X114.446 Y86.993 E.04736
G1 X115.101 Y88.055 E.04138
G1 X115.757 Y88.712 E.03078
G1 X116.412 Y89.138 E.02593
G1 X117.067 Y89.437 E.02388
G1 X117.722 Y89.65 E.02286
G1 X118.377 Y89.761 E.02204
G1 X118.705 Y89.713 E.01098
G1 X119.032 Y89.445 E.01405
G1 X119.688 Y88.176 E.04736
G1 X120.343 Y87.115 E.04138
G1 X120.998 Y86.458 E.03078
G1 X121.653 Y86.031 E.02593
G1 X122.308 Y85.733 E.02388
G1 X122.963 Y85.519 E.02286
G1 X123.619 Y85.408 E.02204
G1 X123.946 Y85.456 E.01098
G1 X124.274 Y85.724 E.01405
G1 X124.929 Y86.993 E.04736
G1 X125.584 Y88.055 E.04138
G1 X126.239 Y88.712 E.03078
G1 X126.894 Y89.138 E.02593
G1 X127.55 Y89.437 E.02388
G1 X128.205 Y89.65 E.02286
G1 X128.86 Y89.761 E.02204
G1 X129.187 Y89.713 E.01098
G1 X129.515 Y89.445 E.01405
G1 X130.17 Y88.176 E.04736
G1 X130.825 Y87.115 E.04138
G1 X131.481 Y86.458 E.03078
G1 X132.136 Y86.031 E.02593
G1 X132.791 Y85.733 E.02388
G1 X133.446 Y85.519 E.02286
G1 X134.101 Y85.408 E.02204
G1 X134.429 Y85.456 E.01098
G1 X134.756 Y85.724 E.01405
G1 X135.412 Y86.993 E.04736
G1 X136.067 Y88.055 E.04138
G1 X136.722 Y88.712 E.03078
G1 X137.377 Y89.138 E.02593
G1 X138.032 Y89.437 E.02388
G1 X138.687 Y89.65 E.02286
G1 X139.343 Y89.761 E.02204
G1 X139.67 Y89.713 E.01098
G1 X139.998 Y89.445 E.01405
G1 X140.653 Y88.176 E.04736
G1 X141.308 Y87.115 E.04138
G1 X141.963 Y86.458 E.03078
G1 X142.618 Y86.031 E.02593
G1 X143.273 Y85.733 E.02388
G1 X143.929 Y85.519 E.02286
G1 X144.584 Y85.408 E.02204
G1 X144.911 Y85.456 E.01098
G1 X145.239 Y85.724 E.01405
G1 X145.894 Y86.993 E.04736
G1 X146.549 Y88.055 E.04138
G1 X147.204 Y88.712 E.03078
G1 X147.86 Y89.138 E.02593
G1 X148.515 Y89.437 E.02388
G1 X149.17 Y89.65 E.02286
G1 X149.825 Y89.761 E.02204
G1 X150.153 Y89.713 E.01098
G1 X150.48 Y89.445 E.01405
G1 X151.135 Y88.176 E.04736
G1 X151.791 Y87.115 E.04138
G1 X152.446 Y86.458 E.03078
G1 X153.101 Y86.031 E.02593
G1 X153.756 Y85.733 E.02388
G1 X154.411 Y85.519 E.02286
G1 X155.066 Y85.408 E.02204
G1 X155.394 Y85.456 E.01098
G1 X155.722 Y85.724 E.01405
G1 X156.377 Y86.993 E.04736
G1 X157.032 Y88.055 E.04138
G1 X157.687 Y88.712 E.03078
G1 X158.342 Y89.138 E.02593
G1 X158.997 Y89.437 E.02388
G1 X159.653 Y89.65 E.02286
G1 X160.308 Y89.761 E.02204
G1 X160.635 Y89.713 E.01098
G1 X160.963 Y89.445 E.01405
G1 X161.618 Y88.176 E.04736
G1 X162.273 Y87.115 E.04138
G1 X162.706 Y86.681 E.02033
G1 X162.706 Y80.419 E.20772
G1 X162.324 Y80.294 E.01333
G1 X161.194 Y80.294 E.03749
G1 X160.963 Y80.483 E.00989
G1 X160.308 Y81.752 E.04736
G1 X159.653 Y82.813 E.04138
G1 X158.997 Y83.47 E.03078
G1 X158.342 Y83.897 E.02593
G1 X157.687 Y84.195 E.02388
G1 X157.032 Y84.409 E.02286
G1 X156.377 Y84.52 E.02204
G1 X156.049 Y84.472 E.01098
G1 X155.722 Y84.203 E.01405
G1 X155.066 Y82.935 E.04736
G1 X154.411 Y81.873 E.04138
G1 X153.756 Y81.216 E.03078
G1 X153.101 Y80.79 E.02593
G1 X152.446 Y80.491 E.02388
G1 X151.841 Y80.294 E.0211
G1 X150.711 Y80.294 E.03749
G1 X150.48 Y80.483 E.00989
G1 X149.825 Y81.752 E.04736
G1 X149.17 Y82.813 E.04138
G1 X148.515 Y83.47 E.03078
G1 X147.86 Y83.897 E.02593
G1 X147.204 Y84.195 E.02388
G1 X146.549 Y84.409 E.02286
G1 X145.894 Y84.52 E.02204
G1 X145.567 Y84.472 E.01098
G1 X145.239 Y84.203 E.01405
G1 X144.584 Y82.935 E.04736
G1 X143.929 Y81.873 E.04138
G1 X143.273 Y81.216 E.03078
G1 X142.618 Y80.79 E.02593
G1 X141.963 Y80.491 E.02388
G1 X141.359 Y80.294 E.0211
G1 X140.228 Y80.294 E.03749
G1 X139.998 Y80.483 E.00989
G1 X139.343 Y81.752 E.04736
G1 X138.687 Y82.813 E.04138
G1 X138.032 Y83.47 E.03078
G1 X137.377 Y83.897 E.02593
G1 X136.722 Y84.195 E.02388
G1 X136.067 Y84.409 E.02286
G1 X135.412 Y84.52 E.02204
G1 X135.084 Y84.472 E.01098
G1 X134.756 Y84.203 E.01405
G1 X134.101 Y82.935 E.04736
G1 X133.446 Y81.873 E.04138
G1 X132.791 Y81.216 E.03078
G1 X132.136 Y80.79 E.02593
G1 X131.481 Y80.491 E.02388
G1 X130.876 Y80.294 E.0211
G1 X129.746 Y80.294 E.03749
G1 X129.515 Y80.483 E.00989
G1 X128.86 Y81.752 E.04736
G1 X128.205 Y82.813 E.04138
G1 X127.55 Y83.47 E.03078
G1 X126.894 Y83.897 E.02593
G1 X126.239 Y84.195 E.02388
G1 X125.584 Y84.409 E.02286
G1 X124.929 Y84.52 E.02204
G1 X124.601 Y84.472 E.01098
G1 X124.274 Y84.203 E.01405
G1 X123.619 Y82.935 E.04736
G1 X122.963 Y81.873 E.04138
G1 X122.308 Y81.216 E.03078
G1 X121.653 Y80.79 E.02593
G1 X120.998 Y80.491 E.02388
G1 X120.393 Y80.294 E.0211
G1 X119.263 Y80.294 E.03749
G1 X119.032 Y80.483 E.00989
G1 X118.377 Y81.752 E.04736
G1 X117.722 Y82.813 E.04138
G1 X117.067 Y83.47 E.03078
G1 X116.412 Y83.897 E.02593
G1 X115.757 Y84.195 E.02388
G1 X115.101 Y84.409 E.02286
G1 X114.446 Y84.52 E.02204
G1 X114.119 Y84.472 E.01098
G1 X113.791 Y84.203 E.01405
G1 X113.136 Y82.935 E.04736
G1 X112.481 Y81.873 E.04138
G1 X111.826 Y81.216 E.03078
G1 X111.171 Y80.79 E.02593
G1 X110.515 Y80.491 E.02388
G1 X109.911 Y80.294 E.0211
G1 X108.781 Y80.294 E.03749
G1 X108.55 Y80.483 E.00989
G1 X107.895 Y81.752 E.04736
G1 X107.24 Y82.813 E.04138
G1 X106.584 Y83.47 E.03078
G1 X105.929 Y83.897 E.02593
G1 X105.274 Y84.195 E.02388
G1 X104.619 Y84.409 E.02286
G1 X103.964 Y84.52 E.02204
G1 X103.636 Y84.472 E.01098
G1 X103.309 Y84.203 E.01405
G1 X102.653 Y82.935 E.04736
G1 X101.998 Y81.873 E.04138
G1 X101.343 Y81.216 E.03078
G1 X100.688 Y80.79 E.02593
G1 X100.033 Y80.491 E.02388
G1 X99.428 Y80.294 E.0211
G1 X98.298 Y80.294 E.03749
G1 X98.067 Y80.483 E.00989
G1 X97.412 Y81.752 E.04736
G1 X96.757 Y82.813 E.04138
G1 X96.102 Y83.47 E.03078
G1 X95.447 Y83.897 E.02593
G1 X94.791 Y84.195 E.02388
G1 X94.136 Y84.409 E.02286
G1 X93.481 Y84.52 E.02204
G1 X93.154 Y84.472 E.01098
G1 X92.826 Y84.203 E.01405
G1 X92.171 Y82.935 E.04736
G1 X91.516 Y81.873 E.04138
G1 X90.86 Y81.216 E.03078
G1 X90.205 Y80.79 E.02593
G1 X89.55 Y80.491 E.02388
G1 X88.946 Y80.294 E.0211
G1 X87.815 Y80.294 E.03749
G1 X87.585 Y80.483 E.00989
G1 X86.929 Y81.752 E.04736
G1 X86.274 Y82.813 E.04138
G1 X85.619 Y83.47 E.03078
G1 X84.964 Y83.897 E.02593
G1 X84.309 Y84.195 E.02388
G1 X83.654 Y84.409 E.02286
G1 X82.998 Y84.52 E.02204
G1 X82.671 Y84.472 E.01098
G1 X82.343 Y84.203 E.01405
G1 X81.688 Y82.935 E.04736
G1 X81.033 Y81.873 E.04138
G1 X80.378 Y81.216 E.03078
G1 X79.723 Y80.79 E.02593
G1 X79.068 Y80.491 E.02388
G1 X78.463 Y80.294 E.0211
G1 X77.333 Y80.294 E.03749
G1 X77.102 Y80.483 E.00989
G1 X76.447 Y81.752 E.04736
G1 X75.792 Y82.813 E.04138
G1 X75.137 Y83.47 E.03078
G1 X74.481 Y83.897 E.02593
G1 X73.826 Y84.195 E.02388
G1 X73.171 Y84.409 E.02286
G1 X72.516 Y84.52 E.02204
G1 X72.188 Y84.472 E.01098
G1 X71.861 Y84.203 E.01405
G1 X71.206 Y82.935 E.04736
G1 X70.55 Y81.873 E.04138
G1 X69.895 Y81.216 E.03078
G1 X69.24 Y80.79 E.02593
G1 X68.585 Y80.491 E.02388
G1 X67.98 Y80.294 E.0211
G1 X66.85 Y80.294 E.03749
G1 X66.619 Y80.483 E.00989
G1 X65.964 Y81.752 E.04736
G1 X65.309 Y82.813 E.04138
G1 X64.654 Y83.47 E.03078
G1 X63.999 Y83.897 E.02593
G1 X63.344 Y84.195 E.02388
G1 X62.688 Y84.409 E.02286
G1 X62.033 Y84.52 E.02204
G1 X61.706 Y84.472 E.01098
G1 X61.378 Y84.203 E.01405
G1 X60.723 Y82.935 E.04736
G1 X60.068 Y81.873 E.04138
G1 X59.413 Y81.216 E.03078
G1 X58.757 Y80.79 E.02593
G1 X58.102 Y80.491 E.02388
G1 X57.498 Y80.294 E.0211
G1 X57.294 Y80.294 E.00676
G1 X57.294 Y81.719 E.04726
; stop printing object 06_sliding_electronics_carrier_ESP32_PH.stl id:0 copy 0
;TIME_ELAPSED:1981.239380

;LAYER_CHANGE
;:1.6
;HEIGHT:0.2
;BEFORE_LAYER_CHANGE
;1.6
G92 E0
;TIME_ELAPSED:2020.910400
G1 E-4.5 F2700
;WIPE_START
G1 F3000
G1 X57.294 Y80.294 E-.33836
G1 X57.498 Y80.294 E-.04836
G1 X57.851 Y80.409 E-.08827
;WIPE_END
G1 E-.025 F2700
;_SET_FAN_SPEED_CHANGING_LAYER
; OBJECT_ID: 15
; printing object 06_sliding_electronics_carrier_ESP32_PH.stl id:0 copy 0
M205 X8 Y8
G17
G3 Z1.8 I-1.217 J-.017 P1  F7200
G1 X57.009 Y139.991 Z1.8
G1 Z1.6
G1 E5 F2400
M205 X10 Y10
;TYPE:Inner wall
;WIDTH:0.449999
G1 F2700
G1 X57.009 Y80.009 E1.9897
G1 X162.991 Y80.009 E3.5156
G1 X162.991 Y139.991 E1.9897
G1 X57.049 Y139.991 E3.51427
M205 X8 Y8
G1 X56.602 Y140.398 F7200
M205 X10 Y10
G1 F2700
G1 X56.602 Y79.602 E2.01671
G1 X163.398 Y79.602 E3.54261
G1 X163.398 Y140.398 E2.01671
G1 X56.642 Y140.398 E3.54128
M205 X8 Y8
M73 P47 R37
G1 X56.21 Y140.79 F7200
M205 X10 Y10
;TYPE:Outer wall
;WIDTH:0.419999
G1 F2400
G1 X56.21 Y79.21 E1.89218
G1 X163.79 Y79.21 E3.30563
G1 X163.79 Y140.79 E1.89218
G1 X56.25 Y140.79 E3.3044
G1 E-4.5 F2700
;WIPE_START
G1 F2400
G1 X56.249 Y138.79 E-.475
;WIPE_END
G1 E-.025 F2700
M205 X8 Y8
G1 X157.75 Y139.299 Z2 F7200
G1 Z1.6
G1 E5 F2400
M205 X10 Y10
;TYPE:Sparse infill
;WIDTH:0.45
G1 F3000
G1 X156.122 Y139.299 E.05401
G1 X155.722 Y138.7 E.02388
G1 X155.394 Y138.384 E.01511
G1 X155.066 Y138.221 E.01213
G1 X154.411 Y138.167 E.02181
G1 X153.756 Y138.288 E.0221
G1 X153.101 Y138.522 E.02307
G1 X152.446 Y138.885 E.02486
G1 X151.967 Y139.299 E.02098
G1 X145.639 Y139.299 E.20991
G1 X145.239 Y138.7 E.02388
G1 X144.911 Y138.384 E.01511
G1 X144.584 Y138.221 E.01213
G1 X143.929 Y138.167 E.02181
G1 X143.273 Y138.288 E.0221
G1 X142.618 Y138.522 E.02307
G1 X141.963 Y138.885 E.02486
G1 X141.484 Y139.299 E.02098
G1 X135.157 Y139.299 E.20991
G1 X134.756 Y138.7 E.02388
G1 X134.429 Y138.384 E.01511
G1 X134.101 Y138.221 E.01213
G1 X133.446 Y138.167 E.02181
G1 X132.791 Y138.288 E.0221
G1 X132.136 Y138.522 E.02307
G1 X131.481 Y138.885 E.02486
G1 X131.002 Y139.299 E.02098
G1 X124.674 Y139.299 E.20991
G1 X124.274 Y138.7 E.02388
G1 X123.946 Y138.384 E.01511
G1 X123.619 Y138.221 E.01213
G1 X122.963 Y138.167 E.02181
G1 X122.308 Y138.288 E.0221
G1 X121.653 Y138.522 E.02307
G1 X120.998 Y138.885 E.02486
G1 X120.519 Y139.299 E.02098
G1 X114.191 Y139.299 E.20991
G1 X113.791 Y138.7 E.02388
G1 X113.464 Y138.384 E.01511
G1 X113.136 Y138.221 E.01213
G1 X112.481 Y138.167 E.02181
G1 X111.826 Y138.288 E.0221
G1 X111.171 Y138.522 E.02307
G1 X110.515 Y138.885 E.02486
G1 X110.037 Y139.299 E.02098
G1 X103.709 Y139.299 E.20991
G1 X103.309 Y138.7 E.02388
G1 X102.981 Y138.384 E.01511
G1 X102.653 Y138.221 E.01213
G1 X101.998 Y138.167 E.02181
G1 X101.343 Y138.288 E.0221
G1 X100.688 Y138.522 E.02307
G1 X100.033 Y138.885 E.02486
G1 X99.554 Y139.299 E.02098
G1 X93.226 Y139.299 E.20991
G1 X92.826 Y138.7 E.02388
G1 X92.498 Y138.384 E.01511
G1 X92.171 Y138.221 E.01213
G1 X91.516 Y138.167 E.02181
G1 X90.86 Y138.288 E.0221
G1 X90.205 Y138.522 E.02307
G1 X89.55 Y138.885 E.02486
G1 X89.071 Y139.299 E.02098
G1 X82.743 Y139.299 E.20991
G1 X82.343 Y138.7 E.02388
G1 X82.016 Y138.384 E.01511
G1 X81.688 Y138.221 E.01213
G1 X81.033 Y138.167 E.02181
G1 X80.378 Y138.288 E.0221
G1 X79.723 Y138.522 E.02307
G1 X79.068 Y138.885 E.02486
G1 X78.589 Y139.299 E.02098
G1 X72.261 Y139.299 E.20991
G1 X71.861 Y138.7 E.02388
G1 X71.533 Y138.384 E.01511
G1 X71.206 Y138.221 E.01213
G1 X70.55 Y138.167 E.02181
G1 X69.895 Y138.288 E.0221
G1 X69.24 Y138.522 E.02307
G1 X68.585 Y138.885 E.02486
G1 X68.106 Y139.299 E.02098
G1 X61.778 Y139.299 E.20991
G1 X61.378 Y138.7 E.02388
G1 X61.051 Y138.384 E.01511
G1 X60.723 Y138.221 E.01213
G1 X60.068 Y138.167 E.02181
G1 X59.413 Y138.288 E.0221
G1 X58.757 Y138.522 E.02307
G1 X58.102 Y138.885 E.02486
G1 X57.701 Y139.232 E.01758
G1 X57.701 Y132.973 E.20763
G1 X58.102 Y133.047 E.01353
G1 X58.757 Y133.28 E.02307
G1 X59.413 Y133.644 E.02486
G1 X60.068 Y134.21 E.02872
G1 X60.723 Y135.074 E.03597
G1 X61.378 Y136.054 E.0391
G1 X61.706 Y136.37 E.01511
G1 X62.033 Y136.533 E.01213
G1 X62.688 Y136.587 E.02181
G1 X63.344 Y136.466 E.0221
G1 X63.999 Y136.233 E.02307
G1 X64.654 Y135.869 E.02486
G1 X65.309 Y135.303 E.02872
G1 X65.964 Y134.439 E.03597
G1 X66.619 Y133.459 E.0391
G1 X66.947 Y133.143 E.01511
G1 X67.275 Y132.98 E.01213
G1 X67.93 Y132.926 E.02181
G1 X68.585 Y133.047 E.0221
G1 X69.24 Y133.28 E.02307
G1 X69.895 Y133.644 E.02486
G1 X70.55 Y134.21 E.02872
G1 X71.206 Y135.074 E.03597
G1 X71.861 Y136.054 E.0391
G1 X72.188 Y136.37 E.01511
G1 X72.516 Y136.533 E.01213
G1 X73.171 Y136.587 E.02181
G1 X73.826 Y136.466 E.0221
G1 X74.481 Y136.233 E.02307
G1 X75.137 Y135.869 E.02486
G1 X75.792 Y135.303 E.02872
G1 X76.447 Y134.439 E.03597
G1 X77.102 Y133.459 E.0391
G1 X77.43 Y133.143 E.01511
G1 X77.757 Y132.98 E.01213
G1 X78.412 Y132.926 E.02181
G1 X79.068 Y133.047 E.0221
G1 X79.723 Y133.28 E.02307
G1 X80.378 Y133.644 E.02486
G1 X81.033 Y134.21 E.02872
G1 X81.688 Y135.074 E.03597
G1 X82.343 Y136.054 E.0391
G1 X82.671 Y136.37 E.01511
G1 X82.998 Y136.533 E.01213
G1 X83.654 Y136.587 E.02181
G1 X84.309 Y136.466 E.0221
G1 X84.964 Y136.233 E.02307
G1 X85.619 Y135.869 E.02486
G1 X86.274 Y135.303 E.02872
G1 X86.929 Y134.439 E.03597
G1 X87.585 Y133.459 E.0391
G1 X87.912 Y133.143 E.01511
G1 X88.24 Y132.98 E.01213
G1 X88.895 Y132.926 E.02181
G1 X89.55 Y133.047 E.0221
G1 X90.205 Y133.28 E.02307
G1 X90.86 Y133.644 E.02486
G1 X91.516 Y134.21 E.02872
G1 X92.171 Y135.074 E.03597
G1 X92.826 Y136.054 E.0391
G1 X93.154 Y136.37 E.01511
G1 X93.481 Y136.533 E.01213
G1 X94.136 Y136.587 E.02181
G1 X94.791 Y136.466 E.0221
G1 X95.447 Y136.233 E.02307
G1 X96.102 Y135.869 E.02486
G1 X96.757 Y135.303 E.02872
G1 X97.412 Y134.439 E.03597
G1 X98.067 Y133.459 E.0391
G1 X98.395 Y133.143 E.01511
G1 X98.722 Y132.98 E.01213
G1 X99.378 Y132.926 E.02181
G1 X100.033 Y133.047 E.0221
G1 X100.688 Y133.28 E.02307
G1 X101.343 Y133.644 E.02486
G1 X101.998 Y134.21 E.02872
G1 X102.653 Y135.074 E.03597
G1 X103.309 Y136.054 E.0391
G1 X103.636 Y136.37 E.01511
G1 X103.964 Y136.533 E.01213
G1 X104.619 Y136.587 E.02181
G1 X105.274 Y136.466 E.0221
G1 X105.929 Y136.233 E.02307
G1 X106.584 Y135.869 E.02486
G1 X107.24 Y135.303 E.02872
G1 X107.895 Y134.439 E.03597
G1 X108.55 Y133.459 E.0391
G1 X108.877 Y133.143 E.01511
G1 X109.205 Y132.98 E.01213
G1 X109.86 Y132.926 E.02181
G1 X110.515 Y133.047 E.0221
G1 X111.171 Y133.28 E.02307
G1 X111.826 Y133.644 E.02486
G1 X112.481 Y134.21 E.02872
G1 X113.136 Y135.074 E.03597
G1 X113.791 Y136.054 E.0391
G1 X114.119 Y136.37 E.01511
G1 X114.446 Y136.533 E.01213
G1 X115.101 Y136.587 E.02181
G1 X115.757 Y136.466 E.0221
G1 X116.412 Y136.233 E.02307
G1 X117.067 Y135.869 E.02486
G1 X117.722 Y135.303 E.02872
G1 X118.377 Y134.439 E.03597
G1 X119.032 Y133.459 E.0391
G1 X119.36 Y133.143 E.01511
G1 X119.688 Y132.98 E.01213
G1 X120.343 Y132.926 E.02181
G1 X120.998 Y133.047 E.0221
G1 X121.653 Y133.28 E.02307
G1 X122.308 Y133.644 E.02486
G1 X122.963 Y134.21 E.02872
G1 X123.619 Y135.074 E.03597
G1 X124.274 Y136.054 E.0391
G1 X124.601 Y136.37 E.01511
G1 X124.929 Y136.533 E.01213
G1 X125.584 Y136.587 E.02181
G1 X126.239 Y136.466 E.0221
G1 X126.894 Y136.233 E.02307
G1 X127.55 Y135.869 E.02486
G1 X128.205 Y135.303 E.02872
G1 X128.86 Y134.439 E.03597
G1 X129.515 Y133.459 E.0391
G1 X129.843 Y133.143 E.01511
G1 X130.17 Y132.98 E.01213
G1 X130.825 Y132.926 E.02181
G1 X131.481 Y133.047 E.0221
G1 X132.136 Y133.28 E.02307
G1 X132.791 Y133.644 E.02486
G1 X133.446 Y134.21 E.02872
G1 X134.101 Y135.074 E.03597
G1 X134.756 Y136.054 E.0391
G1 X135.084 Y136.37 E.01511
G1 X135.412 Y136.533 E.01213
G1 X136.067 Y136.587 E.02181
G1 X136.722 Y136.466 E.0221
G1 X137.377 Y136.233 E.02307
G1 X138.032 Y135.869 E.02486
G1 X138.687 Y135.303 E.02872
G1 X139.343 Y134.439 E.03597
G1 X139.998 Y133.459 E.0391
G1 X140.325 Y133.143 E.01511
G1 X140.653 Y132.98 E.01213
G1 X141.308 Y132.926 E.02181
G1 X141.963 Y133.047 E.0221
G1 X142.618 Y133.28 E.02307
G1 X143.273 Y133.644 E.02486
G1 X143.929 Y134.21 E.02872
G1 X144.584 Y135.074 E.03597
G1 X145.239 Y136.054 E.0391
G1 X145.567 Y136.37 E.01511
G1 X145.894 Y136.533 E.01213
G1 X146.549 Y136.587 E.02181
G1 X147.204 Y136.466 E.0221
G1 X147.86 Y136.233 E.02307
G1 X148.515 Y135.869 E.02486
G1 X149.17 Y135.303 E.02872
G1 X149.825 Y134.439 E.03597
G1 X150.48 Y133.459 E.0391
G1 X150.808 Y133.143 E.01511
G1 X151.135 Y132.98 E.01213
G1 X151.791 Y132.926 E.02181
G1 X152.446 Y133.047 E.0221
G1 X153.101 Y133.28 E.02307
G1 X153.756 Y133.644 E.02486
G1 X154.411 Y134.21 E.02872
G1 X155.066 Y135.074 E.03597
G1 X155.722 Y136.054 E.0391
G1 X156.049 Y136.37 E.01511
G1 X156.377 Y136.533 E.01213
G1 X157.032 Y136.587 E.02181
G1 X157.687 Y136.466 E.0221
G1 X158.342 Y136.233 E.02307
G1 X158.997 Y135.869 E.02486
G1 X159.653 Y135.303 E.02872
G1 X160.308 Y134.439 E.03597
G1 X160.963 Y133.459 E.0391
G1 X161.29 Y133.143 E.01511
G1 X161.618 Y132.98 E.01213
G1 X162.299 Y132.93 E.02264
G1 X162.299 Y128.946 E.13216
G1 X161.618 Y129.833 E.03707
G1 X160.963 Y130.812 E.0391
G1 X160.635 Y131.129 E.01511
G1 X160.308 Y131.292 E.01213
G1 X159.653 Y131.346 E.02181
G1 X158.997 Y131.225 E.0221
G1 X158.342 Y130.991 E.02307
G1 X157.687 Y130.627 E.02486
G1 X157.032 Y130.062 E.02872
G1 X156.377 Y129.198 E.03597
G1 X155.722 Y128.218 E.0391
G1 X155.394 Y127.901 E.01511
G1 X155.066 Y127.739 E.01213
G1 X154.411 Y127.684 E.02181
G1 X153.756 Y127.805 E.0221
G1 X153.101 Y128.039 E.02307
G1 X152.446 Y128.403 E.02486
G1 X151.791 Y128.969 E.02872
G1 X151.135 Y129.833 E.03597
G1 X150.48 Y130.812 E.0391
G1 X150.153 Y131.129 E.01511
G1 X149.825 Y131.292 E.01213
G1 X149.17 Y131.346 E.02181
G1 X148.515 Y131.225 E.0221
G1 X147.86 Y130.991 E.02307
G1 X147.204 Y130.627 E.02486
G1 X146.549 Y130.062 E.02872
G1 X145.894 Y129.198 E.03597
G1 X145.239 Y128.218 E.0391
G1 X144.911 Y127.901 E.01511
G1 X144.584 Y127.739 E.01213
G1 X143.929 Y127.684 E.02181
G1 X143.273 Y127.805 E.0221
G1 X142.618 Y128.039 E.02307
G1 X141.963 Y128.403 E.02486
G1 X141.308 Y128.969 E.02872
G1 X140.653 Y129.833 E.03597
G1 X139.998 Y130.812 E.0391
G1 X139.67 Y131.129 E.01511
G1 X139.343 Y131.292 E.01213
G1 X138.687 Y131.346 E.02181
G1 X138.032 Y131.225 E.0221
G1 X137.377 Y130.991 E.02307
G1 X136.722 Y130.627 E.02486
G1 X136.067 Y130.062 E.02872
G1 X135.412 Y129.198 E.03597
G1 X134.756 Y128.218 E.0391
G1 X134.429 Y127.901 E.01511
G1 X134.101 Y127.739 E.01213
G1 X133.446 Y127.684 E.02181
G1 X132.791 Y127.805 E.0221
G1 X132.136 Y128.039 E.02307
G1 X131.481 Y128.403 E.02486
G1 X130.825 Y128.969 E.02872
G1 X130.17 Y129.833 E.03597
G1 X129.515 Y130.812 E.0391
G1 X129.187 Y131.129 E.01511
G1 X128.86 Y131.292 E.01213
G1 X128.205 Y131.346 E.02181
G1 X127.55 Y131.225 E.0221
G1 X126.894 Y130.991 E.02307
G1 X126.239 Y130.627 E.02486
G1 X125.584 Y130.062 E.02872
G1 X124.929 Y129.198 E.03597
G1 X124.274 Y128.218 E.0391
G1 X123.946 Y127.901 E.01511
G1 X123.619 Y127.739 E.01213
G1 X122.963 Y127.684 E.02181
G1 X122.308 Y127.805 E.0221
G1 X121.653 Y128.039 E.02307
G1 X120.998 Y128.403 E.02486
G1 X120.343 Y128.969 E.02872
G1 X119.688 Y129.833 E.03597
G1 X119.032 Y130.812 E.0391
G1 X118.705 Y131.129 E.01511
G1 X118.377 Y131.292 E.01213
G1 X117.722 Y131.346 E.02181
G1 X117.067 Y131.225 E.0221
G1 X116.412 Y130.991 E.02307
G1 X115.757 Y130.627 E.02486
G1 X115.101 Y130.062 E.02872
G1 X114.446 Y129.198 E.03597
G1 X113.791 Y128.218 E.0391
G1 X113.464 Y127.901 E.01511
G1 X113.136 Y127.739 E.01213
G1 X112.481 Y127.684 E.02181
G1 X111.826 Y127.805 E.0221
G1 X111.171 Y128.039 E.02307
G1 X110.515 Y128.403 E.02486
G1 X109.86 Y128.969 E.02872
G1 X109.205 Y129.833 E.03597
G1 X108.55 Y130.812 E.0391
G1 X108.222 Y131.129 E.01511
G1 X107.895 Y131.292 E.01213
G1 X107.24 Y131.346 E.02181
G1 X106.584 Y131.225 E.0221
G1 X105.929 Y130.991 E.02307
G1 X105.274 Y130.627 E.02486
G1 X104.619 Y130.062 E.02872
G1 X103.964 Y129.198 E.03597
G1 X103.309 Y128.218 E.0391
G1 X102.981 Y127.901 E.01511
G1 X102.653 Y127.739 E.01213
G1 X101.998 Y127.684 E.02181
G1 X101.343 Y127.805 E.0221
G1 X100.688 Y128.039 E.02307
G1 X100.033 Y128.403 E.02486
G1 X99.378 Y128.969 E.02872
G1 X98.722 Y129.833 E.03597
G1 X98.067 Y130.812 E.0391
G1 X97.74 Y131.129 E.01511
G1 X97.412 Y131.292 E.01213
G1 X96.757 Y131.346 E.02181
G1 X96.102 Y131.225 E.0221
G1 X95.447 Y130.991 E.02307
G1 X94.791 Y130.627 E.02486
G1 X94.136 Y130.062 E.02872
G1 X93.481 Y129.198 E.03597
G1 X92.826 Y128.218 E.0391
G1 X92.498 Y127.901 E.01511
G1 X92.171 Y127.739 E.01213
G1 X91.516 Y127.684 E.02181
G1 X90.86 Y127.805 E.0221
G1 X90.205 Y128.039 E.02307
G1 X89.55 Y128.403 E.02486
G1 X88.895 Y128.969 E.02872
G1 X88.24 Y129.833 E.03597
G1 X87.585 Y130.812 E.0391
G1 X87.257 Y131.129 E.01511
G1 X86.929 Y131.292 E.01213
G1 X86.274 Y131.346 E.02181
G1 X85.619 Y131.225 E.0221
G1 X84.964 Y130.991 E.02307
G1 X84.309 Y130.627 E.02486
G1 X83.654 Y130.062 E.02872
G1 X82.998 Y129.198 E.03597
G1 X82.343 Y128.218 E.0391
G1 X82.016 Y127.901 E.01511
G1 X81.688 Y127.739 E.01213
G1 X81.033 Y127.684 E.02181
G1 X80.378 Y127.805 E.0221
G1 X79.723 Y128.039 E.02307
G1 X79.068 Y128.403 E.02486
G1 X78.412 Y128.969 E.02872
G1 X77.757 Y129.833 E.03597
G1 X77.102 Y130.812 E.0391
G1 X76.774 Y131.129 E.01511
G1 X76.447 Y131.292 E.01213
G1 X75.792 Y131.346 E.02181
G1 X75.137 Y131.225 E.0221
G1 X74.481 Y130.991 E.02307
G1 X73.826 Y130.627 E.02486
G1 X73.171 Y130.062 E.02872
G1 X72.516 Y129.198 E.03597
G1 X71.861 Y128.218 E.0391
G1 X71.533 Y127.901 E.01511
G1 X71.206 Y127.739 E.01213
G1 X70.55 Y127.684 E.02181
G1 X69.895 Y127.805 E.0221
G1 X69.24 Y128.039 E.02307
G1 X68.585 Y128.403 E.02486
G1 X67.93 Y128.969 E.02872
G1 X67.275 Y129.833 E.03597
G1 X66.619 Y130.812 E.0391
G1 X66.292 Y131.129 E.01511
G1 X65.964 Y131.292 E.01213
G1 X65.309 Y131.346 E.02181
G1 X64.654 Y131.225 E.0221
G1 X63.999 Y130.991 E.02307
G1 X63.344 Y130.627 E.02486
G1 X62.688 Y130.062 E.02872
G1 X62.033 Y129.198 E.03597
G1 X61.378 Y128.218 E.0391
G1 X61.051 Y127.901 E.01511
G1 X60.723 Y127.739 E.01213
G1 X60.068 Y127.684 E.02181
G1 X59.413 Y127.805 E.0221
G1 X58.757 Y128.039 E.02307
G1 X58.102 Y128.403 E.02486
G1 X57.701 Y128.749 E.01758
G1 X57.701 Y122.49 E.20763
G1 X58.102 Y122.564 E.01353
G1 X58.757 Y122.798 E.02307
G1 X59.413 Y123.161 E.02486
G1 X60.068 Y123.727 E.02872
G1 X60.723 Y124.591 E.03597
G1 X61.378 Y125.571 E.0391
G1 X61.706 Y125.888 E.01511
G1 X62.033 Y126.05 E.01213
G1 X62.688 Y126.104 E.02181
G1 X63.344 Y125.983 E.0221
G1 X63.999 Y125.75 E.02307
G1 X64.654 Y125.386 E.02486
G1 X65.309 Y124.82 E.02872
G1 X65.964 Y123.956 E.03597
G1 X66.619 Y122.976 E.0391
G1 X66.947 Y122.66 E.01511
G1 X67.275 Y122.497 E.01213
G1 X67.93 Y122.443 E.02181
G1 X68.585 Y122.564 E.0221
G1 X69.24 Y122.798 E.02307
G1 X69.895 Y123.161 E.02486
G1 X70.55 Y123.727 E.02872
G1 X71.206 Y124.591 E.03597
G1 X71.861 Y125.571 E.0391
G1 X72.188 Y125.888 E.01511
G1 X72.516 Y126.05 E.01213
G1 X73.171 Y126.104 E.02181
G1 X73.826 Y125.983 E.0221
G1 X74.481 Y125.75 E.02307
G1 X75.137 Y125.386 E.02486
G1 X75.792 Y124.82 E.02872
G1 X76.447 Y123.956 E.03597
G1 X77.102 Y122.976 E.0391
G1 X77.43 Y122.66 E.01511
G1 X77.757 Y122.497 E.01213
G1 X78.412 Y122.443 E.02181
G1 X79.068 Y122.564 E.0221
G1 X79.723 Y122.798 E.02307
G1 X80.378 Y123.161 E.02486
G1 X81.033 Y123.727 E.02872
G1 X81.688 Y124.591 E.03597
G1 X82.343 Y125.571 E.0391
G1 X82.671 Y125.888 E.01511
G1 X82.998 Y126.05 E.01213
G1 X83.654 Y126.104 E.02181
G1 X84.309 Y125.983 E.0221
G1 X84.964 Y125.75 E.02307
G1 X85.619 Y125.386 E.02486
G1 X86.274 Y124.82 E.02872
G1 X86.929 Y123.956 E.03597
G1 X87.585 Y122.976 E.0391
G1 X87.912 Y122.66 E.01511
G1 X88.24 Y122.497 E.01213
G1 X88.895 Y122.443 E.02181
G1 X89.55 Y122.564 E.0221
G1 X90.205 Y122.798 E.02307
G1 X90.86 Y123.161 E.02486
G1 X91.516 Y123.727 E.02872
G1 X92.171 Y124.591 E.03597
G1 X92.826 Y125.571 E.0391
G1 X93.154 Y125.888 E.01511
G1 X93.481 Y126.05 E.01213
G1 X94.136 Y126.104 E.02181
G1 X94.791 Y125.983 E.0221
G1 X95.447 Y125.75 E.02307
G1 X96.102 Y125.386 E.02486
G1 X96.757 Y124.82 E.02872
G1 X97.412 Y123.956 E.03597
G1 X98.067 Y122.976 E.0391
G1 X98.395 Y122.66 E.01511
G1 X98.722 Y122.497 E.01213
G1 X99.378 Y122.443 E.02181
G1 X100.033 Y122.564 E.0221
G1 X100.688 Y122.798 E.02307
G1 X101.343 Y123.161 E.02486
G1 X101.998 Y123.727 E.02872
G1 X102.653 Y124.591 E.03597
G1 X103.309 Y125.571 E.0391
G1 X103.636 Y125.888 E.01511
G1 X103.964 Y126.05 E.01213
G1 X104.619 Y126.104 E.02181
G1 X105.274 Y125.983 E.0221
G1 X105.929 Y125.75 E.02307
G1 X106.584 Y125.386 E.02486
G1 X107.24 Y124.82 E.02872
G1 X107.895 Y123.956 E.03597
G1 X108.55 Y122.976 E.0391
G1 X108.877 Y122.66 E.01511
G1 X109.205 Y122.497 E.01213
G1 X109.86 Y122.443 E.02181
G1 X110.515 Y122.564 E.0221
G1 X111.171 Y122.798 E.02307
G1 X111.826 Y123.161 E.02486
G1 X112.481 Y123.727 E.02872
G1 X113.136 Y124.591 E.03597
G1 X113.791 Y125.571 E.0391
G1 X114.119 Y125.888 E.01511
G1 X114.446 Y126.05 E.01213
G1 X115.101 Y126.104 E.02181
G1 X115.757 Y125.983 E.0221
G1 X116.412 Y125.75 E.02307
G1 X117.067 Y125.386 E.02486
G1 X117.722 Y124.82 E.02872
G1 X118.377 Y123.956 E.03597
G1 X119.032 Y122.976 E.0391
G1 X119.36 Y122.66 E.01511
G1 X119.688 Y122.497 E.01213
G1 X120.343 Y122.443 E.02181
G1 X120.998 Y122.564 E.0221
G1 X121.653 Y122.798 E.02307
G1 X122.308 Y123.161 E.02486
G1 X122.963 Y123.727 E.02872
G1 X123.619 Y124.591 E.03597
G1 X124.274 Y125.571 E.0391
G1 X124.601 Y125.888 E.01511
G1 X124.929 Y126.05 E.01213
G1 X125.584 Y126.104 E.02181
G1 X126.239 Y125.983 E.0221
G1 X126.894 Y125.75 E.02307
G1 X127.55 Y125.386 E.02486
G1 X128.205 Y124.82 E.02872
G1 X128.86 Y123.956 E.03597
G1 X129.515 Y122.976 E.0391
G1 X129.843 Y122.66 E.01511
G1 X130.17 Y122.497 E.01213
G1 X130.825 Y122.443 E.02181
G1 X131.481 Y122.564 E.0221
G1 X132.136 Y122.798 E.02307
G1 X132.791 Y123.161 E.02486
G1 X133.446 Y123.727 E.02872
G1 X134.101 Y124.591 E.03597
G1 X134.756 Y125.571 E.0391
G1 X135.084 Y125.888 E.01511
G1 X135.412 Y126.05 E.01213
G1 X136.067 Y126.104 E.02181
G1 X136.722 Y125.983 E.0221
G1 X137.377 Y125.75 E.02307
G1 X138.032 Y125.386 E.02486
G1 X138.687 Y124.82 E.02872
G1 X139.343 Y123.956 E.03597
G1 X139.998 Y122.976 E.0391
G1 X140.325 Y122.66 E.01511
G1 X140.653 Y122.497 E.01213
G1 X141.308 Y122.443 E.02181
G1 X141.963 Y122.564 E.0221
G1 X142.618 Y122.798 E.02307
G1 X143.273 Y123.161 E.02486
G1 X143.929 Y123.727 E.02872
G1 X144.584 Y124.591 E.03597
G1 X145.239 Y125.571 E.0391
G1 X145.567 Y125.888 E.01511
G1 X145.894 Y126.05 E.01213
G1 X146.549 Y126.104 E.02181
G1 X147.204 Y125.983 E.0221
G1 X147.86 Y125.75 E.02307
G1 X148.515 Y125.386 E.02486
G1 X149.17 Y124.82 E.02872
G1 X149.825 Y123.956 E.03597
G1 X150.48 Y122.976 E.0391
G1 X150.808 Y122.66 E.01511
G1 X151.135 Y122.497 E.01213
G1 X151.791 Y122.443 E.02181
G1 X152.446 Y122.564 E.0221
G1 X153.101 Y122.798 E.02307
G1 X153.756 Y123.161 E.02486
G1 X154.411 Y123.727 E.02872
G1 X155.066 Y124.591 E.03597
G1 X155.722 Y125.571 E.0391
G1 X156.049 Y125.888 E.01511
G1 X156.377 Y126.05 E.01213
G1 X157.032 Y126.104 E.02181
G1 X157.687 Y125.983 E.0221
G1 X158.342 Y125.75 E.02307
G1 X158.997 Y125.386 E.02486
G1 X159.653 Y124.82 E.02872
G1 X160.308 Y123.956 E.03597
G1 X160.963 Y122.976 E.0391
G1 X161.29 Y122.66 E.01511
G1 X161.618 Y122.497 E.01213
G1 X162.299 Y122.448 E.02264
G1 X162.299 Y118.464 E.13216
G1 X161.618 Y119.35 E.03707
G1 X160.963 Y120.33 E.0391
G1 X160.635 Y120.646 E.01511
G1 X160.308 Y120.809 E.01213
G1 X159.653 Y120.863 E.02181
G1 X158.997 Y120.742 E.0221
G1 X158.342 Y120.509 E.02307
G1 X157.687 Y120.145 E.02486
G1 X157.032 Y119.579 E.02872
G1 X156.377 Y118.715 E.03597
G1 X155.722 Y117.735 E.0391
G1 X155.394 Y117.419 E.01511
G1 X155.066 Y117.256 E.01213
G1 X154.411 Y117.202 E.02181
G1 X153.756 Y117.323 E.0221
G1 X153.101 Y117.556 E.02307
G1 X152.446 Y117.92 E.02486
G1 X151.791 Y118.486 E.02872
G1 X151.135 Y119.35 E.03597
G1 X150.48 Y120.33 E.0391
G1 X150.153 Y120.646 E.01511
G1 X149.825 Y120.809 E.01213
G1 X149.17 Y120.863 E.02181
G1 X148.515 Y120.742 E.0221
G1 X147.86 Y120.509 E.02307
G1 X147.204 Y120.145 E.02486
G1 X146.549 Y119.579 E.02872
G1 X145.894 Y118.715 E.03597
G1 X145.239 Y117.735 E.0391
G1 X144.911 Y117.419 E.01511
G1 X144.584 Y117.256 E.01213
G1 X143.929 Y117.202 E.02181
G1 X143.273 Y117.323 E.0221
G1 X142.618 Y117.556 E.02307
G1 X141.963 Y117.92 E.02486
G1 X141.308 Y118.486 E.02872
G1 X140.653 Y119.35 E.03597
G1 X139.998 Y120.33 E.0391
G1 X139.67 Y120.646 E.01511
G1 X139.343 Y120.809 E.01213
G1 X138.687 Y120.863 E.02181
G1 X138.032 Y120.742 E.0221
G1 X137.377 Y120.509 E.02307
G1 X136.722 Y120.145 E.02486
G1 X136.067 Y119.579 E.02872
G1 X135.412 Y118.715 E.03597
G1 X134.756 Y117.735 E.0391
G1 X134.429 Y117.419 E.01511
G1 X134.101 Y117.256 E.01213
G1 X133.446 Y117.202 E.02181
G1 X132.791 Y117.323 E.0221
G1 X132.136 Y117.556 E.02307
G1 X131.481 Y117.92 E.02486
G1 X130.825 Y118.486 E.02872
G1 X130.17 Y119.35 E.03597
G1 X129.515 Y120.33 E.0391
G1 X129.187 Y120.646 E.01511
G1 X128.86 Y120.809 E.01213
G1 X128.205 Y120.863 E.02181
G1 X127.55 Y120.742 E.0221
G1 X126.894 Y120.509 E.02307
G1 X126.239 Y120.145 E.02486
G1 X125.584 Y119.579 E.02872
G1 X124.929 Y118.715 E.03597
G1 X124.274 Y117.735 E.0391
G1 X123.946 Y117.419 E.01511
G1 X123.619 Y117.256 E.01213
G1 X122.963 Y117.202 E.02181
G1 X122.308 Y117.323 E.0221
G1 X121.653 Y117.556 E.02307
G1 X120.998 Y117.92 E.02486
G1 X120.343 Y118.486 E.02872
G1 X119.688 Y119.35 E.03597
G1 X119.032 Y120.33 E.0391
G1 X118.705 Y120.646 E.01511
G1 X118.377 Y120.809 E.01213
G1 X117.722 Y120.863 E.02181
G1 X117.067 Y120.742 E.0221
G1 X116.412 Y120.509 E.02307
G1 X115.757 Y120.145 E.02486
G1 X115.101 Y119.579 E.02872
G1 X114.446 Y118.715 E.03597
G1 X113.791 Y117.735 E.0391
G1 X113.464 Y117.419 E.01511
G1 X113.136 Y117.256 E.01213
G1 X112.481 Y117.202 E.02181
M73 P47 R36
G1 X111.826 Y117.323 E.0221
G1 X111.171 Y117.556 E.02307
G1 X110.515 Y117.92 E.02486
G1 X109.86 Y118.486 E.02872
G1 X109.205 Y119.35 E.03597
G1 X108.55 Y120.33 E.0391
G1 X108.222 Y120.646 E.01511
G1 X107.895 Y120.809 E.01213
G1 X107.24 Y120.863 E.02181
G1 X106.584 Y120.742 E.0221
G1 X105.929 Y120.509 E.02307
G1 X105.274 Y120.145 E.02486
G1 X104.619 Y119.579 E.02872
G1 X103.964 Y118.715 E.03597
G1 X103.309 Y117.735 E.0391
G1 X102.981 Y117.419 E.01511
G1 X102.653 Y117.256 E.01213
G1 X101.998 Y117.202 E.02181
G1 X101.343 Y117.323 E.0221
G1 X100.688 Y117.556 E.02307
G1 X100.033 Y117.92 E.02486
G1 X99.378 Y118.486 E.02872
G1 X98.722 Y119.35 E.03597
G1 X98.067 Y120.33 E.0391
G1 X97.74 Y120.646 E.01511
G1 X97.412 Y120.809 E.01213
G1 X96.757 Y120.863 E.02181
G1 X96.102 Y120.742 E.0221
G1 X95.447 Y120.509 E.02307
G1 X94.791 Y120.145 E.02486
G1 X94.136 Y119.579 E.02872
G1 X93.481 Y118.715 E.03597
G1 X92.826 Y117.735 E.0391
G1 X92.498 Y117.419 E.01511
G1 X92.171 Y117.256 E.01213
G1 X91.516 Y117.202 E.02181
G1 X90.86 Y117.323 E.0221
G1 X90.205 Y117.556 E.02307
G1 X89.55 Y117.92 E.02486
G1 X88.895 Y118.486 E.02872
G1 X88.24 Y119.35 E.03597
G1 X87.585 Y120.33 E.0391
G1 X87.257 Y120.646 E.01511
G1 X86.929 Y120.809 E.01213
G1 X86.274 Y120.863 E.02181
G1 X85.619 Y120.742 E.0221
G1 X84.964 Y120.509 E.02307
G1 X84.309 Y120.145 E.02486
G1 X83.654 Y119.579 E.02872
G1 X82.998 Y118.715 E.03597
G1 X82.343 Y117.735 E.0391
G1 X82.016 Y117.419 E.01511
G1 X81.688 Y117.256 E.01213
G1 X81.033 Y117.202 E.02181
G1 X80.378 Y117.323 E.0221
G1 X79.723 Y117.556 E.02307
G1 X79.068 Y117.92 E.02486
G1 X78.412 Y118.486 E.02872
G1 X77.757 Y119.35 E.03597
G1 X77.102 Y120.33 E.0391
G1 X76.774 Y120.646 E.01511
G1 X76.447 Y120.809 E.01213
G1 X75.792 Y120.863 E.02181
G1 X75.137 Y120.742 E.0221
G1 X74.481 Y120.509 E.02307
G1 X73.826 Y120.145 E.02486
G1 X73.171 Y119.579 E.02872
G1 X72.516 Y118.715 E.03597
G1 X71.861 Y117.735 E.0391
G1 X71.533 Y117.419 E.01511
G1 X71.206 Y117.256 E.01213
G1 X70.55 Y117.202 E.02181
G1 X69.895 Y117.323 E.0221
G1 X69.24 Y117.556 E.02307
G1 X68.585 Y117.92 E.02486
G1 X67.93 Y118.486 E.02872
G1 X67.275 Y119.35 E.03597
G1 X66.619 Y120.33 E.0391
G1 X66.292 Y120.646 E.01511
G1 X65.964 Y120.809 E.01213
G1 X65.309 Y120.863 E.02181
G1 X64.654 Y120.742 E.0221
G1 X63.999 Y120.509 E.02307
G1 X63.344 Y120.145 E.02486
G1 X62.688 Y119.579 E.02872
G1 X62.033 Y118.715 E.03597
G1 X61.378 Y117.735 E.0391
G1 X61.051 Y117.419 E.01511
G1 X60.723 Y117.256 E.01213
G1 X60.068 Y117.202 E.02181
G1 X59.413 Y117.323 E.0221
G1 X58.757 Y117.556 E.02307
G1 X58.102 Y117.92 E.02486
G1 X57.701 Y118.267 E.01758
G1 X57.701 Y112.007 E.20763
G1 X58.102 Y112.082 E.01353
G1 X58.757 Y112.315 E.02307
G1 X59.413 Y112.679 E.02486
G1 X60.068 Y113.245 E.02872
G1 X60.723 Y114.109 E.03597
G1 X61.378 Y115.088 E.0391
G1 X61.706 Y115.405 E.01511
G1 X62.033 Y115.568 E.01213
G1 X62.688 Y115.622 E.02181
G1 X63.344 Y115.501 E.0221
G1 X63.999 Y115.267 E.02307
G1 X64.654 Y114.903 E.02486
G1 X65.309 Y114.338 E.02872
G1 X65.964 Y113.474 E.03597
G1 X66.619 Y112.494 E.0391
G1 X66.947 Y112.177 E.01511
G1 X67.275 Y112.015 E.01213
G1 X67.93 Y111.961 E.02181
G1 X68.585 Y112.082 E.0221
G1 X69.24 Y112.315 E.02307
G1 X69.895 Y112.679 E.02486
G1 X70.55 Y113.245 E.02872
G1 X71.206 Y114.109 E.03597
G1 X71.861 Y115.088 E.0391
G1 X72.188 Y115.405 E.01511
G1 X72.516 Y115.568 E.01213
G1 X73.171 Y115.622 E.02181
G1 X73.826 Y115.501 E.0221
G1 X74.481 Y115.267 E.02307
G1 X75.137 Y114.903 E.02486
G1 X75.792 Y114.338 E.02872
G1 X76.447 Y113.474 E.03597
G1 X77.102 Y112.494 E.0391
G1 X77.43 Y112.177 E.01511
G1 X77.757 Y112.015 E.01213
G1 X78.412 Y111.961 E.02181
G1 X79.068 Y112.082 E.0221
G1 X79.723 Y112.315 E.02307
G1 X80.378 Y112.679 E.02486
G1 X81.033 Y113.245 E.02872
G1 X81.688 Y114.109 E.03597
G1 X82.343 Y115.088 E.0391
G1 X82.671 Y115.405 E.01511
G1 X82.998 Y115.568 E.01213
G1 X83.654 Y115.622 E.02181
G1 X84.309 Y115.501 E.0221
G1 X84.964 Y115.267 E.02307
G1 X85.619 Y114.903 E.02486
G1 X86.274 Y114.338 E.02872
G1 X86.929 Y113.474 E.03597
G1 X87.585 Y112.494 E.0391
G1 X87.912 Y112.177 E.01511
G1 X88.24 Y112.015 E.01213
G1 X88.895 Y111.961 E.02181
G1 X89.55 Y112.082 E.0221
G1 X90.205 Y112.315 E.02307
G1 X90.86 Y112.679 E.02486
G1 X91.516 Y113.245 E.02872
G1 X92.171 Y114.109 E.03597
G1 X92.826 Y115.088 E.0391
G1 X93.154 Y115.405 E.01511
G1 X93.481 Y115.568 E.01213
G1 X94.136 Y115.622 E.02181
G1 X94.791 Y115.501 E.0221
G1 X95.447 Y115.267 E.02307
G1 X96.102 Y114.903 E.02486
G1 X96.757 Y114.338 E.02872
G1 X97.412 Y113.474 E.03597
G1 X98.067 Y112.494 E.0391
G1 X98.395 Y112.177 E.01511
G1 X98.722 Y112.015 E.01213
G1 X99.378 Y111.961 E.02181
G1 X100.033 Y112.082 E.0221
G1 X100.688 Y112.315 E.02307
G1 X101.343 Y112.679 E.02486
G1 X101.998 Y113.245 E.02872
G1 X102.653 Y114.109 E.03597
G1 X103.309 Y115.088 E.0391
G1 X103.636 Y115.405 E.01511
G1 X103.964 Y115.568 E.01213
G1 X104.619 Y115.622 E.02181
G1 X105.274 Y115.501 E.0221
G1 X105.929 Y115.267 E.02307
G1 X106.584 Y114.903 E.02486
G1 X107.24 Y114.338 E.02872
G1 X107.895 Y113.474 E.03597
G1 X108.55 Y112.494 E.0391
G1 X108.877 Y112.177 E.01511
G1 X109.205 Y112.015 E.01213
G1 X109.86 Y111.961 E.02181
G1 X110.515 Y112.082 E.0221
G1 X111.171 Y112.315 E.02307
G1 X111.826 Y112.679 E.02486
G1 X112.481 Y113.245 E.02872
G1 X113.136 Y114.109 E.03597
G1 X113.791 Y115.088 E.0391
G1 X114.119 Y115.405 E.01511
G1 X114.446 Y115.568 E.01213
G1 X115.101 Y115.622 E.02181
G1 X115.757 Y115.501 E.0221
G1 X116.412 Y115.267 E.02307
G1 X117.067 Y114.903 E.02486
G1 X117.722 Y114.338 E.02872
G1 X118.377 Y113.474 E.03597
G1 X119.032 Y112.494 E.0391
G1 X119.36 Y112.177 E.01511
G1 X119.688 Y112.015 E.01213
G1 X120.343 Y111.961 E.02181
G1 X120.998 Y112.082 E.0221
G1 X121.653 Y112.315 E.02307
G1 X122.308 Y112.679 E.02486
G1 X122.963 Y113.245 E.02872
G1 X123.619 Y114.109 E.03597
G1 X124.274 Y115.088 E.0391
G1 X124.601 Y115.405 E.01511
G1 X124.929 Y115.568 E.01213
G1 X125.584 Y115.622 E.02181
G1 X126.239 Y115.501 E.0221
G1 X126.894 Y115.267 E.02307
G1 X127.55 Y114.903 E.02486
G1 X128.205 Y114.338 E.02872
G1 X128.86 Y113.474 E.03597
G1 X129.515 Y112.494 E.0391
G1 X129.843 Y112.177 E.01511
G1 X130.17 Y112.015 E.01213
G1 X130.825 Y111.961 E.02181
G1 X131.481 Y112.082 E.0221
G1 X132.136 Y112.315 E.02307
G1 X132.791 Y112.679 E.02486
G1 X133.446 Y113.245 E.02872
G1 X134.101 Y114.109 E.03597
G1 X134.756 Y115.088 E.0391
G1 X135.084 Y115.405 E.01511
G1 X135.412 Y115.568 E.01213
G1 X136.067 Y115.622 E.02181
G1 X136.722 Y115.501 E.0221
G1 X137.377 Y115.267 E.02307
G1 X138.032 Y114.903 E.02486
G1 X138.687 Y114.338 E.02872
G1 X139.343 Y113.474 E.03597
G1 X139.998 Y112.494 E.0391
G1 X140.325 Y112.177 E.01511
G1 X140.653 Y112.015 E.01213
G1 X141.308 Y111.961 E.02181
G1 X141.963 Y112.082 E.0221
G1 X142.618 Y112.315 E.02307
G1 X143.273 Y112.679 E.02486
G1 X143.929 Y113.245 E.02872
G1 X144.584 Y114.109 E.03597
G1 X145.239 Y115.088 E.0391
G1 X145.567 Y115.405 E.01511
G1 X145.894 Y115.568 E.01213
G1 X146.549 Y115.622 E.02181
G1 X147.204 Y115.501 E.0221
G1 X147.86 Y115.267 E.02307
G1 X148.515 Y114.903 E.02486
G1 X149.17 Y114.338 E.02872
G1 X149.825 Y113.474 E.03597
G1 X150.48 Y112.494 E.0391
G1 X150.808 Y112.177 E.01511
G1 X151.135 Y112.015 E.01213
G1 X151.791 Y111.961 E.02181
G1 X152.446 Y112.082 E.0221
G1 X153.101 Y112.315 E.02307
G1 X153.756 Y112.679 E.02486
G1 X154.411 Y113.245 E.02872
G1 X155.066 Y114.109 E.03597
G1 X155.722 Y115.088 E.0391
G1 X156.049 Y115.405 E.01511
G1 X156.377 Y115.568 E.01213
G1 X157.032 Y115.622 E.02181
G1 X157.687 Y115.501 E.0221
G1 X158.342 Y115.267 E.02307
G1 X158.997 Y114.903 E.02486
G1 X159.653 Y114.338 E.02872
G1 X160.308 Y113.474 E.03597
G1 X160.963 Y112.494 E.0391
G1 X161.29 Y112.177 E.01511
G1 X161.618 Y112.015 E.01213
G1 X162.299 Y111.965 E.02264
G1 X162.299 Y107.981 E.13216
G1 X161.618 Y108.867 E.03707
G1 X160.963 Y109.847 E.0391
G1 X160.635 Y110.164 E.01511
G1 X160.308 Y110.326 E.01213
G1 X159.653 Y110.381 E.02181
G1 X158.997 Y110.259 E.0221
G1 X158.342 Y110.026 E.02307
G1 X157.687 Y109.662 E.02486
G1 X157.032 Y109.096 E.02872
G1 X156.377 Y108.232 E.03597
G1 X155.722 Y107.253 E.0391
G1 X155.394 Y106.936 E.01511
G1 X155.066 Y106.773 E.01213
G1 X154.411 Y106.719 E.02181
G1 X153.756 Y106.84 E.0221
G1 X153.101 Y107.074 E.02307
G1 X152.446 Y107.438 E.02486
G1 X151.791 Y108.003 E.02872
G1 X151.135 Y108.867 E.03597
G1 X150.48 Y109.847 E.0391
G1 X150.153 Y110.164 E.01511
G1 X149.825 Y110.326 E.01213
G1 X149.17 Y110.381 E.02181
G1 X148.515 Y110.259 E.0221
G1 X147.86 Y110.026 E.02307
G1 X147.204 Y109.662 E.02486
G1 X146.549 Y109.096 E.02872
G1 X145.894 Y108.232 E.03597
G1 X145.239 Y107.253 E.0391
G1 X144.911 Y106.936 E.01511
G1 X144.584 Y106.773 E.01213
G1 X143.929 Y106.719 E.02181
G1 X143.273 Y106.84 E.0221
G1 X142.618 Y107.074 E.02307
G1 X141.963 Y107.438 E.02486
G1 X141.308 Y108.003 E.02872
G1 X140.653 Y108.867 E.03597
G1 X139.998 Y109.847 E.0391
G1 X139.67 Y110.164 E.01511
G1 X139.343 Y110.326 E.01213
G1 X138.687 Y110.381 E.02181
G1 X138.032 Y110.259 E.0221
G1 X137.377 Y110.026 E.02307
G1 X136.722 Y109.662 E.02486
G1 X136.067 Y109.096 E.02872
G1 X135.412 Y108.232 E.03597
G1 X134.756 Y107.253 E.0391
G1 X134.429 Y106.936 E.01511
G1 X134.101 Y106.773 E.01213
G1 X133.446 Y106.719 E.02181
G1 X132.791 Y106.84 E.0221
G1 X132.136 Y107.074 E.02307
G1 X131.481 Y107.438 E.02486
G1 X130.825 Y108.003 E.02872
G1 X130.17 Y108.867 E.03597
G1 X129.515 Y109.847 E.0391
G1 X129.187 Y110.164 E.01511
G1 X128.86 Y110.326 E.01213
G1 X128.205 Y110.381 E.02181
G1 X127.55 Y110.259 E.0221
G1 X126.894 Y110.026 E.02307
G1 X126.239 Y109.662 E.02486
G1 X125.584 Y109.096 E.02872
G1 X124.929 Y108.232 E.03597
G1 X124.274 Y107.253 E.0391
G1 X123.946 Y106.936 E.01511
G1 X123.619 Y106.773 E.01213
G1 X122.963 Y106.719 E.02181
G1 X122.308 Y106.84 E.0221
G1 X121.653 Y107.074 E.02307
G1 X120.998 Y107.438 E.02486
G1 X120.343 Y108.003 E.02872
G1 X119.688 Y108.867 E.03597
G1 X119.032 Y109.847 E.0391
G1 X118.705 Y110.164 E.01511
G1 X118.377 Y110.326 E.01213
G1 X117.722 Y110.381 E.02181
G1 X117.067 Y110.259 E.0221
G1 X116.412 Y110.026 E.02307
G1 X115.757 Y109.662 E.02486
G1 X115.101 Y109.096 E.02872
G1 X114.446 Y108.232 E.03597
G1 X113.791 Y107.253 E.0391
G1 X113.464 Y106.936 E.01511
G1 X113.136 Y106.773 E.01213
G1 X112.481 Y106.719 E.02181
G1 X111.826 Y106.84 E.0221
G1 X111.171 Y107.074 E.02307
G1 X110.515 Y107.438 E.02486
G1 X109.86 Y108.003 E.02872
G1 X109.205 Y108.867 E.03597
G1 X108.55 Y109.847 E.0391
G1 X108.222 Y110.164 E.01511
G1 X107.895 Y110.326 E.01213
G1 X107.24 Y110.381 E.02181
G1 X106.584 Y110.259 E.0221
G1 X105.929 Y110.026 E.02307
G1 X105.274 Y109.662 E.02486
G1 X104.619 Y109.096 E.02872
G1 X103.964 Y108.232 E.03597
G1 X103.309 Y107.253 E.0391
G1 X102.981 Y106.936 E.01511
G1 X102.653 Y106.773 E.01213
G1 X101.998 Y106.719 E.02181
G1 X101.343 Y106.84 E.0221
G1 X100.688 Y107.074 E.02307
G1 X100.033 Y107.438 E.02486
G1 X99.378 Y108.003 E.02872
G1 X98.722 Y108.867 E.03597
G1 X98.067 Y109.847 E.0391
G1 X97.74 Y110.164 E.01511
G1 X97.412 Y110.326 E.01213
G1 X96.757 Y110.381 E.02181
G1 X96.102 Y110.259 E.0221
G1 X95.447 Y110.026 E.02307
G1 X94.791 Y109.662 E.02486
G1 X94.136 Y109.096 E.02872
G1 X93.481 Y108.232 E.03597
G1 X92.826 Y107.253 E.0391
G1 X92.498 Y106.936 E.01511
G1 X92.171 Y106.773 E.01213
G1 X91.516 Y106.719 E.02181
G1 X90.86 Y106.84 E.0221
G1 X90.205 Y107.074 E.02307
G1 X89.55 Y107.438 E.02486
G1 X88.895 Y108.003 E.02872
G1 X88.24 Y108.867 E.03597
G1 X87.585 Y109.847 E.0391
G1 X87.257 Y110.164 E.01511
G1 X86.929 Y110.326 E.01213
G1 X86.274 Y110.381 E.02181
G1 X85.619 Y110.259 E.0221
G1 X84.964 Y110.026 E.02307
G1 X84.309 Y109.662 E.02486
G1 X83.654 Y109.096 E.02872
G1 X82.998 Y108.232 E.03597
G1 X82.343 Y107.253 E.0391
G1 X82.016 Y106.936 E.01511
G1 X81.688 Y106.773 E.01213
G1 X81.033 Y106.719 E.02181
G1 X80.378 Y106.84 E.0221
G1 X79.723 Y107.074 E.02307
G1 X79.068 Y107.438 E.02486
G1 X78.412 Y108.003 E.02872
G1 X77.757 Y108.867 E.03597
G1 X77.102 Y109.847 E.0391
G1 X76.774 Y110.164 E.01511
G1 X76.447 Y110.326 E.01213
G1 X75.792 Y110.381 E.02181
G1 X75.137 Y110.259 E.0221
G1 X74.481 Y110.026 E.02307
G1 X73.826 Y109.662 E.02486
G1 X73.171 Y109.096 E.02872
G1 X72.516 Y108.232 E.03597
G1 X71.861 Y107.253 E.0391
G1 X71.533 Y106.936 E.01511
G1 X71.206 Y106.773 E.01213
G1 X70.55 Y106.719 E.02181
G1 X69.895 Y106.84 E.0221
G1 X69.24 Y107.074 E.02307
G1 X68.585 Y107.438 E.02486
G1 X67.93 Y108.003 E.02872
G1 X67.275 Y108.867 E.03597
G1 X66.619 Y109.847 E.0391
G1 X66.292 Y110.164 E.01511
G1 X65.964 Y110.326 E.01213
G1 X65.309 Y110.381 E.02181
G1 X64.654 Y110.259 E.0221
G1 X63.999 Y110.026 E.02307
G1 X63.344 Y109.662 E.02486
G1 X62.688 Y109.096 E.02872
G1 X62.033 Y108.232 E.03597
G1 X61.378 Y107.253 E.0391
G1 X61.051 Y106.936 E.01511
G1 X60.723 Y106.773 E.01213
G1 X60.068 Y106.719 E.02181
G1 X59.413 Y106.84 E.0221
G1 X58.757 Y107.074 E.02307
G1 X58.102 Y107.438 E.02486
G1 X57.701 Y107.784 E.01758
G1 X57.701 Y101.525 E.20763
G1 X58.102 Y101.599 E.01353
G1 X58.757 Y101.832 E.02307
G1 X59.413 Y102.196 E.02486
G1 X60.068 Y102.762 E.02872
G1 X60.723 Y103.626 E.03597
G1 X61.378 Y104.606 E.0391
G1 X61.706 Y104.922 E.01511
G1 X62.033 Y105.085 E.01213
G1 X62.688 Y105.139 E.02181
G1 X63.344 Y105.018 E.0221
G1 X63.999 Y104.785 E.02307
G1 X64.654 Y104.421 E.02486
G1 X65.309 Y103.855 E.02872
G1 X65.964 Y102.991 E.03597
G1 X66.619 Y102.011 E.0391
G1 X66.947 Y101.695 E.01511
G1 X67.275 Y101.532 E.01213
G1 X67.93 Y101.478 E.02181
G1 X68.585 Y101.599 E.0221
G1 X69.24 Y101.832 E.02307
G1 X69.895 Y102.196 E.02486
G1 X70.55 Y102.762 E.02872
G1 X71.206 Y103.626 E.03597
G1 X71.861 Y104.606 E.0391
G1 X72.188 Y104.922 E.01511
G1 X72.516 Y105.085 E.01213
G1 X73.171 Y105.139 E.02181
G1 X73.826 Y105.018 E.0221
G1 X74.481 Y104.785 E.02307
G1 X75.137 Y104.421 E.02486
G1 X75.792 Y103.855 E.02872
G1 X76.447 Y102.991 E.03597
G1 X77.102 Y102.011 E.0391
G1 X77.43 Y101.695 E.01511
G1 X77.757 Y101.532 E.01213
G1 X78.412 Y101.478 E.02181
G1 X79.068 Y101.599 E.0221
G1 X79.723 Y101.832 E.02307
G1 X80.378 Y102.196 E.02486
G1 X81.033 Y102.762 E.02872
G1 X81.688 Y103.626 E.03597
G1 X82.343 Y104.606 E.0391
G1 X82.671 Y104.922 E.01511
G1 X82.998 Y105.085 E.01213
G1 X83.654 Y105.139 E.02181
G1 X84.309 Y105.018 E.0221
G1 X84.964 Y104.785 E.02307
G1 X85.619 Y104.421 E.02486
G1 X86.274 Y103.855 E.02872
G1 X86.929 Y102.991 E.03597
G1 X87.585 Y102.011 E.0391
G1 X87.912 Y101.695 E.01511
G1 X88.24 Y101.532 E.01213
G1 X88.895 Y101.478 E.02181
G1 X89.55 Y101.599 E.0221
G1 X90.205 Y101.832 E.02307
G1 X90.86 Y102.196 E.02486
G1 X91.516 Y102.762 E.02872
G1 X92.171 Y103.626 E.03597
G1 X92.826 Y104.606 E.0391
G1 X93.154 Y104.922 E.01511
G1 X93.481 Y105.085 E.01213
G1 X94.136 Y105.139 E.02181
G1 X94.791 Y105.018 E.0221
G1 X95.447 Y104.785 E.02307
G1 X96.102 Y104.421 E.02486
G1 X96.757 Y103.855 E.02872
G1 X97.412 Y102.991 E.03597
G1 X98.067 Y102.011 E.0391
G1 X98.395 Y101.695 E.01511
G1 X98.722 Y101.532 E.01213
G1 X99.378 Y101.478 E.02181
G1 X100.033 Y101.599 E.0221
G1 X100.688 Y101.832 E.02307
G1 X101.343 Y102.196 E.02486
G1 X101.998 Y102.762 E.02872
G1 X102.653 Y103.626 E.03597
G1 X103.309 Y104.606 E.0391
G1 X103.636 Y104.922 E.01511
G1 X103.964 Y105.085 E.01213
G1 X104.619 Y105.139 E.02181
G1 X105.274 Y105.018 E.0221
G1 X105.929 Y104.785 E.02307
G1 X106.584 Y104.421 E.02486
G1 X107.24 Y103.855 E.02872
G1 X107.895 Y102.991 E.03597
G1 X108.55 Y102.011 E.0391
G1 X108.877 Y101.695 E.01511
G1 X109.205 Y101.532 E.01213
G1 X109.86 Y101.478 E.02181
G1 X110.515 Y101.599 E.0221
G1 X111.171 Y101.832 E.02307
G1 X111.826 Y102.196 E.02486
G1 X112.481 Y102.762 E.02872
G1 X113.136 Y103.626 E.03597
G1 X113.791 Y104.606 E.0391
G1 X114.119 Y104.922 E.01511
G1 X114.446 Y105.085 E.01213
G1 X115.101 Y105.139 E.02181
G1 X115.757 Y105.018 E.0221
G1 X116.412 Y104.785 E.02307
G1 X117.067 Y104.421 E.02486
G1 X117.722 Y103.855 E.02872
G1 X118.377 Y102.991 E.03597
G1 X119.032 Y102.011 E.0391
G1 X119.36 Y101.695 E.01511
G1 X119.688 Y101.532 E.01213
G1 X120.343 Y101.478 E.02181
G1 X120.998 Y101.599 E.0221
G1 X121.653 Y101.832 E.02307
G1 X122.308 Y102.196 E.02486
G1 X122.963 Y102.762 E.02872
G1 X123.619 Y103.626 E.03597
G1 X124.274 Y104.606 E.0391
G1 X124.601 Y104.922 E.01511
G1 X124.929 Y105.085 E.01213
G1 X125.584 Y105.139 E.02181
G1 X126.239 Y105.018 E.0221
G1 X126.894 Y104.785 E.02307
G1 X127.55 Y104.421 E.02486
G1 X128.205 Y103.855 E.02872
G1 X128.86 Y102.991 E.03597
G1 X129.515 Y102.011 E.0391
G1 X129.843 Y101.695 E.01511
G1 X130.17 Y101.532 E.01213
G1 X130.825 Y101.478 E.02181
G1 X131.481 Y101.599 E.0221
G1 X132.136 Y101.832 E.02307
G1 X132.791 Y102.196 E.02486
G1 X133.446 Y102.762 E.02872
G1 X134.101 Y103.626 E.03597
G1 X134.756 Y104.606 E.0391
G1 X135.084 Y104.922 E.01511
G1 X135.412 Y105.085 E.01213
M73 P48 R36
G1 X136.067 Y105.139 E.02181
G1 X136.722 Y105.018 E.0221
G1 X137.377 Y104.785 E.02307
G1 X138.032 Y104.421 E.02486
G1 X138.687 Y103.855 E.02872
G1 X139.343 Y102.991 E.03597
G1 X139.998 Y102.011 E.0391
G1 X140.325 Y101.695 E.01511
G1 X140.653 Y101.532 E.01213
G1 X141.308 Y101.478 E.02181
G1 X141.963 Y101.599 E.0221
G1 X142.618 Y101.832 E.02307
G1 X143.273 Y102.196 E.02486
G1 X143.929 Y102.762 E.02872
G1 X144.584 Y103.626 E.03597
G1 X145.239 Y104.606 E.0391
G1 X145.567 Y104.922 E.01511
G1 X145.894 Y105.085 E.01213
G1 X146.549 Y105.139 E.02181
G1 X147.204 Y105.018 E.0221
G1 X147.86 Y104.785 E.02307
G1 X148.515 Y104.421 E.02486
G1 X149.17 Y103.855 E.02872
G1 X149.825 Y102.991 E.03597
G1 X150.48 Y102.011 E.0391
G1 X150.808 Y101.695 E.01511
G1 X151.135 Y101.532 E.01213
G1 X151.791 Y101.478 E.02181
G1 X152.446 Y101.599 E.0221
G1 X153.101 Y101.832 E.02307
G1 X153.756 Y102.196 E.02486
G1 X154.411 Y102.762 E.02872
G1 X155.066 Y103.626 E.03597
G1 X155.722 Y104.606 E.0391
G1 X156.049 Y104.922 E.01511
G1 X156.377 Y105.085 E.01213
G1 X157.032 Y105.139 E.02181
G1 X157.687 Y105.018 E.0221
G1 X158.342 Y104.785 E.02307
G1 X158.997 Y104.421 E.02486
G1 X159.653 Y103.855 E.02872
G1 X160.308 Y102.991 E.03597
G1 X160.963 Y102.011 E.0391
G1 X161.29 Y101.695 E.01511
G1 X161.618 Y101.532 E.01213
G1 X162.299 Y101.483 E.02264
G1 X162.299 Y97.499 E.13216
G1 X161.618 Y98.385 E.03707
G1 X160.963 Y99.365 E.0391
G1 X160.635 Y99.681 E.01511
G1 X160.308 Y99.844 E.01213
G1 X159.653 Y99.898 E.02181
G1 X158.997 Y99.777 E.0221
G1 X158.342 Y99.543 E.02307
G1 X157.687 Y99.18 E.02486
G1 X157.032 Y98.614 E.02872
G1 X156.377 Y97.75 E.03597
G1 X155.722 Y96.77 E.0391
G1 X155.394 Y96.454 E.01511
G1 X155.066 Y96.291 E.01213
G1 X154.411 Y96.237 E.02181
G1 X153.756 Y96.358 E.0221
G1 X153.101 Y96.591 E.02307
G1 X152.446 Y96.955 E.02486
G1 X151.791 Y97.521 E.02872
G1 X151.135 Y98.385 E.03597
G1 X150.48 Y99.365 E.0391
G1 X150.153 Y99.681 E.01511
G1 X149.825 Y99.844 E.01213
G1 X149.17 Y99.898 E.02181
G1 X148.515 Y99.777 E.0221
G1 X147.86 Y99.543 E.02307
G1 X147.204 Y99.18 E.02486
G1 X146.549 Y98.614 E.02872
G1 X145.894 Y97.75 E.03597
G1 X145.239 Y96.77 E.0391
G1 X144.911 Y96.454 E.01511
G1 X144.584 Y96.291 E.01213
G1 X143.929 Y96.237 E.02181
G1 X143.273 Y96.358 E.0221
G1 X142.618 Y96.591 E.02307
G1 X141.963 Y96.955 E.02486
G1 X141.308 Y97.521 E.02872
G1 X140.653 Y98.385 E.03597
G1 X139.998 Y99.365 E.0391
G1 X139.67 Y99.681 E.01511
G1 X139.343 Y99.844 E.01213
G1 X138.687 Y99.898 E.02181
G1 X138.032 Y99.777 E.0221
G1 X137.377 Y99.543 E.02307
G1 X136.722 Y99.18 E.02486
G1 X136.067 Y98.614 E.02872
G1 X135.412 Y97.75 E.03597
G1 X134.756 Y96.77 E.0391
G1 X134.429 Y96.454 E.01511
G1 X134.101 Y96.291 E.01213
G1 X133.446 Y96.237 E.02181
G1 X132.791 Y96.358 E.0221
G1 X132.136 Y96.591 E.02307
G1 X131.481 Y96.955 E.02486
G1 X130.825 Y97.521 E.02872
G1 X130.17 Y98.385 E.03597
G1 X129.515 Y99.365 E.0391
G1 X129.187 Y99.681 E.01511
G1 X128.86 Y99.844 E.01213
G1 X128.205 Y99.898 E.02181
G1 X127.55 Y99.777 E.0221
G1 X126.894 Y99.543 E.02307
G1 X126.239 Y99.18 E.02486
G1 X125.584 Y98.614 E.02872
G1 X124.929 Y97.75 E.03597
G1 X124.274 Y96.77 E.0391
G1 X123.946 Y96.454 E.01511
G1 X123.619 Y96.291 E.01213
G1 X122.963 Y96.237 E.02181
G1 X122.308 Y96.358 E.0221
G1 X121.653 Y96.591 E.02307
G1 X120.998 Y96.955 E.02486
G1 X120.343 Y97.521 E.02872
G1 X119.688 Y98.385 E.03597
G1 X119.032 Y99.365 E.0391
G1 X118.705 Y99.681 E.01511
G1 X118.377 Y99.844 E.01213
G1 X117.722 Y99.898 E.02181
G1 X117.067 Y99.777 E.0221
G1 X116.412 Y99.543 E.02307
G1 X115.757 Y99.18 E.02486
G1 X115.101 Y98.614 E.02872
G1 X114.446 Y97.75 E.03597
G1 X113.791 Y96.77 E.0391
G1 X113.464 Y96.454 E.01511
G1 X113.136 Y96.291 E.01213
G1 X112.481 Y96.237 E.02181
G1 X111.826 Y96.358 E.0221
G1 X111.171 Y96.591 E.02307
G1 X110.515 Y96.955 E.02486
G1 X109.86 Y97.521 E.02872
G1 X109.205 Y98.385 E.03597
G1 X108.55 Y99.365 E.0391
G1 X108.222 Y99.681 E.01511
G1 X107.895 Y99.844 E.01213
G1 X107.24 Y99.898 E.02181
G1 X106.584 Y99.777 E.0221
G1 X105.929 Y99.543 E.02307
G1 X105.274 Y99.18 E.02486
G1 X104.619 Y98.614 E.02872
G1 X103.964 Y97.75 E.03597
G1 X103.309 Y96.77 E.0391
G1 X102.981 Y96.454 E.01511
G1 X102.653 Y96.291 E.01213
G1 X101.998 Y96.237 E.02181
G1 X101.343 Y96.358 E.0221
G1 X100.688 Y96.591 E.02307
G1 X100.033 Y96.955 E.02486
G1 X99.378 Y97.521 E.02872
G1 X98.722 Y98.385 E.03597
G1 X98.067 Y99.365 E.0391
G1 X97.74 Y99.681 E.01511
G1 X97.412 Y99.844 E.01213
G1 X96.757 Y99.898 E.02181
G1 X96.102 Y99.777 E.0221
G1 X95.447 Y99.543 E.02307
G1 X94.791 Y99.18 E.02486
G1 X94.136 Y98.614 E.02872
G1 X93.481 Y97.75 E.03597
G1 X92.826 Y96.77 E.0391
G1 X92.498 Y96.454 E.01511
G1 X92.171 Y96.291 E.01213
G1 X91.516 Y96.237 E.02181
G1 X90.86 Y96.358 E.0221
G1 X90.205 Y96.591 E.02307
G1 X89.55 Y96.955 E.02486
G1 X88.895 Y97.521 E.02872
G1 X88.24 Y98.385 E.03597
G1 X87.585 Y99.365 E.0391
G1 X87.257 Y99.681 E.01511
G1 X86.929 Y99.844 E.01213
G1 X86.274 Y99.898 E.02181
G1 X85.619 Y99.777 E.0221
G1 X84.964 Y99.543 E.02307
G1 X84.309 Y99.18 E.02486
G1 X83.654 Y98.614 E.02872
G1 X82.998 Y97.75 E.03597
G1 X82.343 Y96.77 E.0391
G1 X82.016 Y96.454 E.01511
G1 X81.688 Y96.291 E.01213
G1 X81.033 Y96.237 E.02181
G1 X80.378 Y96.358 E.0221
G1 X79.723 Y96.591 E.02307
G1 X79.068 Y96.955 E.02486
G1 X78.412 Y97.521 E.02872
G1 X77.757 Y98.385 E.03597
G1 X77.102 Y99.365 E.0391
G1 X76.774 Y99.681 E.01511
G1 X76.447 Y99.844 E.01213
G1 X75.792 Y99.898 E.02181
G1 X75.137 Y99.777 E.0221
G1 X74.481 Y99.543 E.02307
G1 X73.826 Y99.18 E.02486
G1 X73.171 Y98.614 E.02872
G1 X72.516 Y97.75 E.03597
G1 X71.861 Y96.77 E.0391
G1 X71.533 Y96.454 E.01511
G1 X71.206 Y96.291 E.01213
G1 X70.55 Y96.237 E.02181
G1 X69.895 Y96.358 E.0221
G1 X69.24 Y96.591 E.02307
G1 X68.585 Y96.955 E.02486
G1 X67.93 Y97.521 E.02872
G1 X67.275 Y98.385 E.03597
G1 X66.619 Y99.365 E.0391
G1 X66.292 Y99.681 E.01511
G1 X65.964 Y99.844 E.01213
G1 X65.309 Y99.898 E.02181
G1 X64.654 Y99.777 E.0221
G1 X63.999 Y99.543 E.02307
G1 X63.344 Y99.18 E.02486
G1 X62.688 Y98.614 E.02872
G1 X62.033 Y97.75 E.03597
G1 X61.378 Y96.77 E.0391
G1 X61.051 Y96.454 E.01511
G1 X60.723 Y96.291 E.01213
G1 X60.068 Y96.237 E.02181
G1 X59.413 Y96.358 E.0221
G1 X58.757 Y96.591 E.02307
G1 X58.102 Y96.955 E.02486
G1 X57.701 Y97.301 E.01758
G1 X57.701 Y91.042 E.20763
G1 X58.102 Y91.116 E.01353
G1 X58.757 Y91.35 E.02307
G1 X59.413 Y91.714 E.02486
G1 X60.068 Y92.279 E.02872
G1 X60.723 Y93.143 E.03597
G1 X61.378 Y94.123 E.0391
G1 X61.706 Y94.44 E.01511
G1 X62.033 Y94.602 E.01213
G1 X62.688 Y94.657 E.02181
G1 X63.344 Y94.536 E.0221
G1 X63.999 Y94.302 E.02307
G1 X64.654 Y93.938 E.02486
G1 X65.309 Y93.372 E.02872
G1 X65.964 Y92.509 E.03597
G1 X66.619 Y91.529 E.0391
G1 X66.947 Y91.212 E.01511
G1 X67.275 Y91.049 E.01213
G1 X67.93 Y90.995 E.02181
G1 X68.585 Y91.116 E.0221
G1 X69.24 Y91.35 E.02307
G1 X69.895 Y91.714 E.02486
G1 X70.55 Y92.279 E.02872
G1 X71.206 Y93.143 E.03597
G1 X71.861 Y94.123 E.0391
G1 X72.188 Y94.44 E.01511
G1 X72.516 Y94.602 E.01213
G1 X73.171 Y94.657 E.02181
G1 X73.826 Y94.536 E.0221
G1 X74.481 Y94.302 E.02307
G1 X75.137 Y93.938 E.02486
G1 X75.792 Y93.372 E.02872
G1 X76.447 Y92.509 E.03597
G1 X77.102 Y91.529 E.0391
G1 X77.43 Y91.212 E.01511
G1 X77.757 Y91.049 E.01213
G1 X78.412 Y90.995 E.02181
G1 X79.068 Y91.116 E.0221
G1 X79.723 Y91.35 E.02307
G1 X80.378 Y91.714 E.02486
G1 X81.033 Y92.279 E.02872
G1 X81.688 Y93.143 E.03597
G1 X82.343 Y94.123 E.0391
G1 X82.671 Y94.44 E.01511
G1 X82.998 Y94.602 E.01213
G1 X83.654 Y94.657 E.02181
G1 X84.309 Y94.536 E.0221
G1 X84.964 Y94.302 E.02307
G1 X85.619 Y93.938 E.02486
G1 X86.274 Y93.372 E.02872
G1 X86.929 Y92.509 E.03597
G1 X87.585 Y91.529 E.0391
G1 X87.912 Y91.212 E.01511
G1 X88.24 Y91.049 E.01213
G1 X88.895 Y90.995 E.02181
G1 X89.55 Y91.116 E.0221
G1 X90.205 Y91.35 E.02307
G1 X90.86 Y91.714 E.02486
G1 X91.516 Y92.279 E.02872
G1 X92.171 Y93.143 E.03597
G1 X92.826 Y94.123 E.0391
G1 X93.154 Y94.44 E.01511
G1 X93.481 Y94.602 E.01213
G1 X94.136 Y94.657 E.02181
G1 X94.791 Y94.536 E.0221
G1 X95.447 Y94.302 E.02307
G1 X96.102 Y93.938 E.02486
G1 X96.757 Y93.372 E.02872
G1 X97.412 Y92.509 E.03597
G1 X98.067 Y91.529 E.0391
G1 X98.395 Y91.212 E.01511
G1 X98.722 Y91.049 E.01213
G1 X99.378 Y90.995 E.02181
G1 X100.033 Y91.116 E.0221
G1 X100.688 Y91.35 E.02307
G1 X101.343 Y91.714 E.02486
G1 X101.998 Y92.279 E.02872
G1 X102.653 Y93.143 E.03597
G1 X103.309 Y94.123 E.0391
G1 X103.636 Y94.44 E.01511
G1 X103.964 Y94.602 E.01213
G1 X104.619 Y94.657 E.02181
G1 X105.274 Y94.536 E.0221
G1 X105.929 Y94.302 E.02307
G1 X106.584 Y93.938 E.02486
G1 X107.24 Y93.372 E.02872
G1 X107.895 Y92.509 E.03597
G1 X108.55 Y91.529 E.0391
G1 X108.877 Y91.212 E.01511
G1 X109.205 Y91.049 E.01213
G1 X109.86 Y90.995 E.02181
G1 X110.515 Y91.116 E.0221
G1 X111.171 Y91.35 E.02307
G1 X111.826 Y91.714 E.02486
G1 X112.481 Y92.279 E.02872
G1 X113.136 Y93.143 E.03597
G1 X113.791 Y94.123 E.0391
G1 X114.119 Y94.44 E.01511
G1 X114.446 Y94.602 E.01213
G1 X115.101 Y94.657 E.02181
G1 X115.757 Y94.536 E.0221
G1 X116.412 Y94.302 E.02307
G1 X117.067 Y93.938 E.02486
G1 X117.722 Y93.372 E.02872
G1 X118.377 Y92.509 E.03597
G1 X119.032 Y91.529 E.0391
G1 X119.36 Y91.212 E.01511
G1 X119.688 Y91.049 E.01213
G1 X120.343 Y90.995 E.02181
G1 X120.998 Y91.116 E.0221
G1 X121.653 Y91.35 E.02307
G1 X122.308 Y91.714 E.02486
G1 X122.963 Y92.279 E.02872
G1 X123.619 Y93.143 E.03597
G1 X124.274 Y94.123 E.0391
G1 X124.601 Y94.44 E.01511
G1 X124.929 Y94.602 E.01213
G1 X125.584 Y94.657 E.02181
G1 X126.239 Y94.536 E.0221
G1 X126.894 Y94.302 E.02307
G1 X127.55 Y93.938 E.02486
G1 X128.205 Y93.372 E.02872
G1 X128.86 Y92.509 E.03597
G1 X129.515 Y91.529 E.0391
G1 X129.843 Y91.212 E.01511
G1 X130.17 Y91.049 E.01213
G1 X130.825 Y90.995 E.02181
G1 X131.481 Y91.116 E.0221
G1 X132.136 Y91.35 E.02307
G1 X132.791 Y91.714 E.02486
G1 X133.446 Y92.279 E.02872
G1 X134.101 Y93.143 E.03597
G1 X134.756 Y94.123 E.0391
G1 X135.084 Y94.44 E.01511
G1 X135.412 Y94.602 E.01213
G1 X136.067 Y94.657 E.02181
G1 X136.722 Y94.536 E.0221
G1 X137.377 Y94.302 E.02307
G1 X138.032 Y93.938 E.02486
G1 X138.687 Y93.372 E.02872
G1 X139.343 Y92.509 E.03597
G1 X139.998 Y91.529 E.0391
G1 X140.325 Y91.212 E.01511
G1 X140.653 Y91.049 E.01213
G1 X141.308 Y90.995 E.02181
G1 X141.963 Y91.116 E.0221
G1 X142.618 Y91.35 E.02307
G1 X143.273 Y91.714 E.02486
G1 X143.929 Y92.279 E.02872
G1 X144.584 Y93.143 E.03597
G1 X145.239 Y94.123 E.0391
G1 X145.567 Y94.44 E.01511
G1 X145.894 Y94.602 E.01213
G1 X146.549 Y94.657 E.02181
G1 X147.204 Y94.536 E.0221
G1 X147.86 Y94.302 E.02307
G1 X148.515 Y93.938 E.02486
G1 X149.17 Y93.372 E.02872
G1 X149.825 Y92.509 E.03597
G1 X150.48 Y91.529 E.0391
G1 X150.808 Y91.212 E.01511
G1 X151.135 Y91.049 E.01213
G1 X151.791 Y90.995 E.02181
G1 X152.446 Y91.116 E.0221
G1 X153.101 Y91.35 E.02307
G1 X153.756 Y91.714 E.02486
G1 X154.411 Y92.279 E.02872
G1 X155.066 Y93.143 E.03597
G1 X155.722 Y94.123 E.0391
G1 X156.049 Y94.44 E.01511
G1 X156.377 Y94.602 E.01213
G1 X157.032 Y94.657 E.02181
G1 X157.687 Y94.536 E.0221
G1 X158.342 Y94.302 E.02307
G1 X158.997 Y93.938 E.02486
G1 X159.653 Y93.372 E.02872
G1 X160.308 Y92.509 E.03597
G1 X160.963 Y91.529 E.0391
G1 X161.29 Y91.212 E.01511
G1 X161.618 Y91.049 E.01213
G1 X162.299 Y91 E.02264
G1 X162.299 Y87.016 E.13216
G1 X161.618 Y87.902 E.03707
G1 X160.963 Y88.882 E.0391
G1 X160.635 Y89.198 E.01511
G1 X160.308 Y89.361 E.01213
G1 X159.653 Y89.415 E.02181
G1 X158.997 Y89.294 E.0221
G1 X158.342 Y89.061 E.02307
G1 X157.687 Y88.697 E.02486
G1 X157.032 Y88.131 E.02872
G1 X156.377 Y87.267 E.03597
G1 X155.722 Y86.287 E.0391
G1 X155.394 Y85.971 E.01511
G1 X155.066 Y85.808 E.01213
G1 X154.411 Y85.754 E.02181
G1 X153.756 Y85.875 E.0221
G1 X153.101 Y86.108 E.02307
G1 X152.446 Y86.472 E.02486
G1 X151.791 Y87.038 E.02872
G1 X151.135 Y87.902 E.03597
G1 X150.48 Y88.882 E.0391
G1 X150.153 Y89.198 E.01511
G1 X149.825 Y89.361 E.01213
G1 X149.17 Y89.415 E.02181
G1 X148.515 Y89.294 E.0221
G1 X147.86 Y89.061 E.02307
G1 X147.204 Y88.697 E.02486
G1 X146.549 Y88.131 E.02872
G1 X145.894 Y87.267 E.03597
G1 X145.239 Y86.287 E.0391
G1 X144.911 Y85.971 E.01511
G1 X144.584 Y85.808 E.01213
G1 X143.929 Y85.754 E.02181
G1 X143.273 Y85.875 E.0221
G1 X142.618 Y86.108 E.02307
G1 X141.963 Y86.472 E.02486
G1 X141.308 Y87.038 E.02872
G1 X140.653 Y87.902 E.03597
G1 X139.998 Y88.882 E.0391
G1 X139.67 Y89.198 E.01511
G1 X139.343 Y89.361 E.01213
G1 X138.687 Y89.415 E.02181
G1 X138.032 Y89.294 E.0221
G1 X137.377 Y89.061 E.02307
G1 X136.722 Y88.697 E.02486
G1 X136.067 Y88.131 E.02872
G1 X135.412 Y87.267 E.03597
G1 X134.756 Y86.287 E.0391
G1 X134.429 Y85.971 E.01511
G1 X134.101 Y85.808 E.01213
G1 X133.446 Y85.754 E.02181
G1 X132.791 Y85.875 E.0221
G1 X132.136 Y86.108 E.02307
G1 X131.481 Y86.472 E.02486
G1 X130.825 Y87.038 E.02872
G1 X130.17 Y87.902 E.03597
G1 X129.515 Y88.882 E.0391
G1 X129.187 Y89.198 E.01511
G1 X128.86 Y89.361 E.01213
G1 X128.205 Y89.415 E.02181
G1 X127.55 Y89.294 E.0221
G1 X126.894 Y89.061 E.02307
G1 X126.239 Y88.697 E.02486
G1 X125.584 Y88.131 E.02872
G1 X124.929 Y87.267 E.03597
G1 X124.274 Y86.287 E.0391
G1 X123.946 Y85.971 E.01511
G1 X123.619 Y85.808 E.01213
G1 X122.963 Y85.754 E.02181
G1 X122.308 Y85.875 E.0221
G1 X121.653 Y86.108 E.02307
G1 X120.998 Y86.472 E.02486
G1 X120.343 Y87.038 E.02872
G1 X119.688 Y87.902 E.03597
G1 X119.032 Y88.882 E.0391
G1 X118.705 Y89.198 E.01511
G1 X118.377 Y89.361 E.01213
G1 X117.722 Y89.415 E.02181
G1 X117.067 Y89.294 E.0221
G1 X116.412 Y89.061 E.02307
G1 X115.757 Y88.697 E.02486
G1 X115.101 Y88.131 E.02872
G1 X114.446 Y87.267 E.03597
G1 X113.791 Y86.287 E.0391
G1 X113.464 Y85.971 E.01511
G1 X113.136 Y85.808 E.01213
G1 X112.481 Y85.754 E.02181
G1 X111.826 Y85.875 E.0221
G1 X111.171 Y86.108 E.02307
G1 X110.515 Y86.472 E.02486
G1 X109.86 Y87.038 E.02872
G1 X109.205 Y87.902 E.03597
G1 X108.55 Y88.882 E.0391
G1 X108.222 Y89.198 E.01511
G1 X107.895 Y89.361 E.01213
G1 X107.24 Y89.415 E.02181
G1 X106.584 Y89.294 E.0221
G1 X105.929 Y89.061 E.02307
G1 X105.274 Y88.697 E.02486
G1 X104.619 Y88.131 E.02872
G1 X103.964 Y87.267 E.03597
G1 X103.309 Y86.287 E.0391
G1 X102.981 Y85.971 E.01511
G1 X102.653 Y85.808 E.01213
G1 X101.998 Y85.754 E.02181
G1 X101.343 Y85.875 E.0221
G1 X100.688 Y86.108 E.02307
G1 X100.033 Y86.472 E.02486
G1 X99.378 Y87.038 E.02872
G1 X98.722 Y87.902 E.03597
G1 X98.067 Y88.882 E.0391
G1 X97.74 Y89.198 E.01511
G1 X97.412 Y89.361 E.01213
G1 X96.757 Y89.415 E.02181
G1 X96.102 Y89.294 E.0221
G1 X95.447 Y89.061 E.02307
G1 X94.791 Y88.697 E.02486
G1 X94.136 Y88.131 E.02872
G1 X93.481 Y87.267 E.03597
G1 X92.826 Y86.287 E.0391
G1 X92.498 Y85.971 E.01511
G1 X92.171 Y85.808 E.01213
G1 X91.516 Y85.754 E.02181
G1 X90.86 Y85.875 E.0221
G1 X90.205 Y86.108 E.02307
G1 X89.55 Y86.472 E.02486
G1 X88.895 Y87.038 E.02872
G1 X88.24 Y87.902 E.03597
G1 X87.585 Y88.882 E.0391
G1 X87.257 Y89.198 E.01511
G1 X86.929 Y89.361 E.01213
G1 X86.274 Y89.415 E.02181
G1 X85.619 Y89.294 E.0221
G1 X84.964 Y89.061 E.02307
G1 X84.309 Y88.697 E.02486
G1 X83.654 Y88.131 E.02872
G1 X82.998 Y87.267 E.03597
G1 X82.343 Y86.287 E.0391
G1 X82.016 Y85.971 E.01511
G1 X81.688 Y85.808 E.01213
G1 X81.033 Y85.754 E.02181
G1 X80.378 Y85.875 E.0221
G1 X79.723 Y86.108 E.02307
G1 X79.068 Y86.472 E.02486
G1 X78.412 Y87.038 E.02872
G1 X77.757 Y87.902 E.03597
G1 X77.102 Y88.882 E.0391
G1 X76.774 Y89.198 E.01511
G1 X76.447 Y89.361 E.01213
G1 X75.792 Y89.415 E.02181
G1 X75.137 Y89.294 E.0221
G1 X74.481 Y89.061 E.02307
G1 X73.826 Y88.697 E.02486
G1 X73.171 Y88.131 E.02872
G1 X72.516 Y87.267 E.03597
G1 X71.861 Y86.287 E.0391
G1 X71.533 Y85.971 E.01511
G1 X71.206 Y85.808 E.01213
G1 X70.55 Y85.754 E.02181
G1 X69.895 Y85.875 E.0221
G1 X69.24 Y86.108 E.02307
G1 X68.585 Y86.472 E.02486
G1 X67.93 Y87.038 E.02872
G1 X67.275 Y87.902 E.03597
G1 X66.619 Y88.882 E.0391
G1 X66.292 Y89.198 E.01511
G1 X65.964 Y89.361 E.01213
G1 X65.309 Y89.415 E.02181
G1 X64.654 Y89.294 E.0221
G1 X63.999 Y89.061 E.02307
G1 X63.344 Y88.697 E.02486
G1 X62.688 Y88.131 E.02872
G1 X62.033 Y87.267 E.03597
G1 X61.378 Y86.287 E.0391
G1 X61.051 Y85.971 E.01511
G1 X60.723 Y85.808 E.01213
G1 X60.068 Y85.754 E.02181
G1 X59.413 Y85.875 E.0221
G1 X58.757 Y86.108 E.02307
G1 X58.102 Y86.472 E.02486
G1 X57.701 Y86.819 E.01758
G1 X57.701 Y80.701 E.20293
G1 X58.292 Y80.701 E.01959
G1 X58.757 Y80.867 E.0164
G1 X59.413 Y81.231 E.02486
G1 X60.068 Y81.797 E.02872
G1 X60.723 Y82.661 E.03597
G1 X61.378 Y83.641 E.0391
G1 X61.706 Y83.957 E.01511
G1 X62.033 Y84.12 E.01213
G1 X62.688 Y84.174 E.02181
G1 X63.344 Y84.053 E.0221
G1 X63.999 Y83.819 E.02307
G1 X64.654 Y83.456 E.02486
G1 X65.309 Y82.89 E.02872
G1 X65.964 Y82.026 E.03597
G1 X66.619 Y81.046 E.0391
G1 X66.947 Y80.73 E.01511
G1 X67.004 Y80.701 E.00212
G1 X68.774 Y80.701 E.05872
G1 X69.24 Y80.867 E.0164
G1 X69.895 Y81.231 E.02486
G1 X70.55 Y81.797 E.02872
G1 X71.206 Y82.661 E.03597
G1 X71.861 Y83.641 E.0391
G1 X72.188 Y83.957 E.01511
G1 X72.516 Y84.12 E.01213
G1 X73.171 Y84.174 E.02181
G1 X73.826 Y84.053 E.0221
G1 X74.481 Y83.819 E.02307
G1 X75.137 Y83.456 E.02486
G1 X75.792 Y82.89 E.02872
G1 X76.447 Y82.026 E.03597
G1 X77.102 Y81.046 E.0391
G1 X77.43 Y80.73 E.01511
G1 X77.487 Y80.701 E.00212
G1 X79.257 Y80.701 E.05872
G1 X79.723 Y80.867 E.0164
G1 X80.378 Y81.231 E.02486
G1 X81.033 Y81.797 E.02872
G1 X81.688 Y82.661 E.03597
G1 X82.343 Y83.641 E.0391
G1 X82.671 Y83.957 E.01511
G1 X82.998 Y84.12 E.01213
G1 X83.654 Y84.174 E.02181
G1 X84.309 Y84.053 E.0221
G1 X84.964 Y83.819 E.02307
G1 X85.619 Y83.456 E.02486
G1 X86.274 Y82.89 E.02872
G1 X86.929 Y82.026 E.03597
G1 X87.585 Y81.046 E.0391
G1 X87.912 Y80.73 E.01511
G1 X87.969 Y80.701 E.00212
G1 X89.739 Y80.701 E.05872
G1 X90.205 Y80.867 E.0164
G1 X90.86 Y81.231 E.02486
G1 X91.516 Y81.797 E.02872
G1 X92.171 Y82.661 E.03597
G1 X92.826 Y83.641 E.0391
G1 X93.154 Y83.957 E.01511
G1 X93.481 Y84.12 E.01213
G1 X94.136 Y84.174 E.02181
G1 X94.791 Y84.053 E.0221
G1 X95.447 Y83.819 E.02307
G1 X96.102 Y83.456 E.02486
G1 X96.757 Y82.89 E.02872
G1 X97.412 Y82.026 E.03597
G1 X98.067 Y81.046 E.0391
G1 X98.395 Y80.73 E.01511
G1 X98.452 Y80.701 E.00212
G1 X100.222 Y80.701 E.05872
G1 X100.688 Y80.867 E.0164
G1 X101.343 Y81.231 E.02486
G1 X101.998 Y81.797 E.02872
G1 X102.653 Y82.661 E.03597
G1 X103.309 Y83.641 E.0391
G1 X103.636 Y83.957 E.01511
G1 X103.964 Y84.12 E.01213
G1 X104.619 Y84.174 E.02181
G1 X105.274 Y84.053 E.0221
G1 X105.929 Y83.819 E.02307
G1 X106.584 Y83.456 E.02486
G1 X107.24 Y82.89 E.02872
G1 X107.895 Y82.026 E.03597
G1 X108.55 Y81.046 E.0391
G1 X108.877 Y80.73 E.01511
G1 X108.935 Y80.701 E.00212
G1 X110.705 Y80.701 E.05872
G1 X111.171 Y80.867 E.0164
G1 X111.826 Y81.231 E.02486
G1 X112.481 Y81.797 E.02872
G1 X113.136 Y82.661 E.03597
G1 X113.791 Y83.641 E.0391
G1 X114.119 Y83.957 E.01511
G1 X114.446 Y84.12 E.01213
G1 X115.101 Y84.174 E.02181
G1 X115.757 Y84.053 E.0221
G1 X116.412 Y83.819 E.02307
G1 X117.067 Y83.456 E.02486
G1 X117.722 Y82.89 E.02872
G1 X118.377 Y82.026 E.03597
G1 X119.032 Y81.046 E.0391
G1 X119.36 Y80.73 E.01511
G1 X119.417 Y80.701 E.00212
G1 X121.187 Y80.701 E.05872
G1 X121.653 Y80.867 E.0164
G1 X122.308 Y81.231 E.02486
G1 X122.963 Y81.797 E.02872
G1 X123.619 Y82.661 E.03597
G1 X124.274 Y83.641 E.0391
G1 X124.601 Y83.957 E.01511
G1 X124.929 Y84.12 E.01213
G1 X125.584 Y84.174 E.02181
G1 X126.239 Y84.053 E.0221
G1 X126.894 Y83.819 E.02307
G1 X127.55 Y83.456 E.02486
G1 X128.205 Y82.89 E.02872
G1 X128.86 Y82.026 E.03597
G1 X129.515 Y81.046 E.0391
G1 X129.843 Y80.73 E.01511
G1 X129.9 Y80.701 E.00212
G1 X131.67 Y80.701 E.05872
G1 X132.136 Y80.867 E.0164
G1 X132.791 Y81.231 E.02486
G1 X133.446 Y81.797 E.02872
G1 X134.101 Y82.661 E.03597
G1 X134.756 Y83.641 E.0391
G1 X135.084 Y83.957 E.01511
G1 X135.412 Y84.12 E.01213
G1 X136.067 Y84.174 E.02181
G1 X136.722 Y84.053 E.0221
G1 X137.377 Y83.819 E.02307
G1 X138.032 Y83.456 E.02486
G1 X138.687 Y82.89 E.02872
G1 X139.343 Y82.026 E.03597
G1 X139.998 Y81.046 E.0391
G1 X140.325 Y80.73 E.01511
G1 X140.382 Y80.701 E.00212
G1 X142.152 Y80.701 E.05872
G1 X142.618 Y80.867 E.0164
G1 X143.273 Y81.231 E.02486
G1 X143.929 Y81.797 E.02872
G1 X144.584 Y82.661 E.03597
G1 X145.239 Y83.641 E.0391
G1 X145.567 Y83.957 E.01511
G1 X145.894 Y84.12 E.01213
G1 X146.549 Y84.174 E.02181
G1 X147.204 Y84.053 E.0221
G1 X147.86 Y83.819 E.02307
G1 X148.515 Y83.456 E.02486
G1 X149.17 Y82.89 E.02872
G1 X149.825 Y82.026 E.03597
G1 X150.48 Y81.046 E.0391
G1 X150.808 Y80.73 E.01511
G1 X150.865 Y80.701 E.00212
G1 X152.635 Y80.701 E.05872
G1 X153.101 Y80.867 E.0164
G1 X153.756 Y81.231 E.02486
G1 X154.411 Y81.797 E.02872
G1 X155.066 Y82.661 E.03597
G1 X155.722 Y83.641 E.0391
G1 X156.049 Y83.957 E.01511
G1 X156.377 Y84.12 E.01213
G1 X157.032 Y84.174 E.02181
G1 X157.687 Y84.053 E.0221
G1 X158.342 Y83.819 E.02307
G1 X158.997 Y83.456 E.02486
G1 X159.653 Y82.89 E.02872
G1 X160.308 Y82.026 E.03597
G1 X160.963 Y81.046 E.0391
G1 X161.29 Y80.73 E.01511
G1 X161.348 Y80.701 E.00212
G1 X159.719 Y80.701 E.05401
M205 X8 Y8
G1 X162.502 Y139.645 F7200
M205 X10 Y10
;TYPE:Internal solid infill
;WIDTH:0.38292
G1 F3600
G1 X162.645 Y139.615 E.00403
G1 X162.645 Y80.498 E1.6379
G1 X162.615 Y80.355 E.00403
G1 X57.498 Y80.355 E2.91236
G1 X57.355 Y80.385 E.00403
G1 X57.355 Y139.502 E1.6379
G1 X57.385 Y139.645 E.00403
G1 X162.462 Y139.645 E2.91125
; stop printing object 06_sliding_electronics_carrier_ESP32_PH.stl id:0 copy 0
;TIME_ELAPSED:2060.581299

;LAYER_CHANGE
;:1.8
;HEIGHT:0.2
;BEFORE_LAYER_CHANGE
;1.8
G92 E0
;TIME_ELAPSED:2116.859619
G1 E-4.5 F2700
;WIPE_START
G1 F3600
G1 X160.462 Y139.645 E-.475
;WIPE_END
G1 E-.025 F2700
;_SET_FAN_SPEED_CHANGING_LAYER
; OBJECT_ID: 15
; printing object 06_sliding_electronics_carrier_ESP32_PH.stl id:0 copy 0
M205 X8 Y8
G17
G3 Z2 I-.004 J-1.217 P1  F7200
G1 X57.009 Y139.991 Z2
G1 Z1.8
G1 E5 F2400
M205 X10 Y10
;TYPE:Inner wall
;WIDTH:0.449999
G1 F2700
G1 X57.009 Y80.009 E1.9897
G1 X162.991 Y80.009 E3.5156
G1 X162.991 Y139.991 E1.9897
G1 X57.049 Y139.991 E3.51427
M205 X8 Y8
G1 X56.602 Y140.398 F7200
M205 X10 Y10
G1 F2700
G1 X56.602 Y79.602 E2.01671
G1 X163.398 Y79.602 E3.54261
G1 X163.398 Y140.398 E2.01671
G1 X56.642 Y140.398 E3.54128
M205 X8 Y8
G1 X56.21 Y140.79 F7200
M205 X10 Y10
;TYPE:Outer wall
;WIDTH:0.419999
G1 F2400
G1 X56.21 Y79.21 E1.89218
G1 X163.79 Y79.21 E3.30563
G1 X163.79 Y140.79 E1.89218
M73 P49 R36
G1 X56.25 Y140.79 E3.3044
G1 E-4.5 F2700
;WIPE_START
M73 P49 R35
G1 F2400
G1 X56.249 Y138.79 E-.475
;WIPE_END
G1 E-.025 F2700
M205 X8 Y8
G1 X58.005 Y139.887 Z2.2 F7200
G1 Z1.8
G1 E5 F2400
M204 S250
M205 X10 Y10
;TYPE:Internal Bridge
;WIDTH:0.389893
;HEIGHT:0.389872
G1 F4500
G1 X57.311 Y139.198 E.04761
G1 X57.311 Y138.578 E.03016
G1 X58.43 Y139.689 E.07674
G1 X59.054 Y139.689 E.03037
G1 X57.311 Y137.958 E.11954
G1 X57.311 Y137.338 E.03016
G1 X59.678 Y139.689 E.16234
G1 X60.303 Y139.689 E.03037
G1 X57.311 Y136.718 E.20513
G1 X57.311 Y136.098 E.03016
G1 X60.927 Y139.689 E.24793
G1 X61.551 Y139.689 E.03037
G1 X57.311 Y135.478 E.29073
G1 X57.311 Y134.858 E.03016
G1 X62.175 Y139.689 E.33353
G1 X62.799 Y139.689 E.03037
G1 X57.311 Y134.238 E.37633
G1 X57.311 Y133.618 E.03016
G1 X63.424 Y139.689 E.41913
G1 X64.048 Y139.689 E.03037
G1 X57.311 Y132.998 E.46193
G1 X57.311 Y132.378 E.03016
G1 X64.672 Y139.689 E.50472
G1 X65.296 Y139.689 E.03037
G1 X57.311 Y131.758 E.54752
G1 X57.311 Y131.138 E.03016
G1 X65.921 Y139.689 E.59032
G1 X66.545 Y139.689 E.03037
G1 X57.311 Y130.518 E.63312
G1 X57.311 Y129.898 E.03016
G1 X67.169 Y139.689 E.67592
G1 X67.793 Y139.689 E.03037
G1 X57.311 Y129.278 E.71872
G1 X57.311 Y128.658 E.03016
G1 X68.418 Y139.689 E.76151
G1 X69.042 Y139.689 E.03037
G1 X57.311 Y128.038 E.80431
G1 X57.311 Y127.418 E.03016
G1 X69.666 Y139.689 E.84711
G1 X70.29 Y139.689 E.03037
G1 X57.311 Y126.798 E.88991
G1 X57.311 Y126.178 E.03016
G1 X70.915 Y139.689 E.93271
G1 X71.539 Y139.689 E.03037
G1 X57.311 Y125.558 E.97551
G1 X57.311 Y124.938 E.03016
G1 X72.163 Y139.689 E1.01831
G1 X72.787 Y139.689 E.03037
G1 X57.311 Y124.318 E1.0611
G1 X57.311 Y123.698 E.03016
G1 X73.412 Y139.689 E1.1039
G1 X74.036 Y139.689 E.03037
G1 X57.311 Y123.078 E1.1467
G1 X57.311 Y122.458 E.03016
G1 X74.66 Y139.689 E1.1895
G1 X75.284 Y139.689 E.03037
G1 X57.311 Y121.838 E1.2323
G1 X57.311 Y121.218 E.03016
G1 X75.908 Y139.689 E1.2751
G1 X76.533 Y139.689 E.03037
G1 X57.311 Y120.598 E1.31789
G1 X57.311 Y119.978 E.03016
G1 X77.157 Y139.689 E1.36069
G1 X77.781 Y139.689 E.03037
G1 X57.311 Y119.358 E1.40349
G1 X57.311 Y118.738 E.03016
G1 X78.405 Y139.689 E1.44629
G1 X79.03 Y139.689 E.03037
G1 X57.311 Y118.118 E1.48909
G1 X57.311 Y117.498 E.03016
G1 X79.654 Y139.689 E1.53189
G1 X80.278 Y139.689 E.03037
G1 X57.311 Y116.878 E1.57469
G1 X57.311 Y116.258 E.03016
G1 X80.902 Y139.689 E1.61748
G1 X81.527 Y139.689 E.03037
G1 X57.311 Y115.638 E1.66028
G1 X57.311 Y115.018 E.03016
G1 X82.151 Y139.689 E1.70308
G1 X82.775 Y139.689 E.03037
G1 X57.311 Y114.398 E1.74588
G1 X57.311 Y113.778 E.03016
G1 X83.399 Y139.689 E1.78868
G1 X84.024 Y139.689 E.03037
G1 X57.311 Y113.158 E1.83148
G1 X57.311 Y112.538 E.03016
G1 X84.648 Y139.689 E1.87427
G1 X85.272 Y139.689 E.03037
G1 X57.311 Y111.918 E1.91707
G1 X57.311 Y111.298 E.03016
G1 X85.896 Y139.689 E1.95987
G1 X86.521 Y139.689 E.03037
G1 X57.311 Y110.678 E2.00267
G1 X57.311 Y110.058 E.03016
G1 X87.145 Y139.689 E2.04547
G1 X87.769 Y139.689 E.03037
G1 X57.311 Y109.438 E2.08827
G1 X57.311 Y108.818 E.03016
G1 X88.393 Y139.689 E2.13107
G1 X89.017 Y139.689 E.03037
G1 X57.311 Y108.198 E2.17386
G1 X57.311 Y107.578 E.03016
G1 X89.642 Y139.689 E2.21666
G1 X90.266 Y139.689 E.03037
G1 X57.311 Y106.958 E2.25946
G1 X57.311 Y106.338 E.03016
G1 X90.89 Y139.689 E2.30226
G1 X91.514 Y139.689 E.03037
G1 X57.311 Y105.718 E2.34506
G1 X57.311 Y105.098 E.03016
G1 X92.139 Y139.689 E2.38786
G1 X92.763 Y139.689 E.03037
G1 X57.311 Y104.478 E2.43065
G1 X57.311 Y103.858 E.03016
G1 X93.387 Y139.689 E2.47345
G1 X94.011 Y139.689 E.03037
G1 X57.311 Y103.238 E2.51625
G1 X57.311 Y102.619 E.03016
G1 X94.636 Y139.689 E2.55905
G1 X95.26 Y139.689 E.03037
M73 P50 R35
G1 X57.311 Y101.999 E2.60185
G1 X57.311 Y101.379 E.03016
G1 X95.884 Y139.689 E2.64465
G1 X96.508 Y139.689 E.03037
G1 X57.311 Y100.759 E2.68744
G1 X57.311 Y100.139 E.03016
G1 X97.133 Y139.689 E2.73024
G1 X97.757 Y139.689 E.03037
G1 X57.311 Y99.519 E2.77304
G1 X57.311 Y98.899 E.03016
G1 X98.381 Y139.689 E2.81584
G1 X99.005 Y139.689 E.03037
G1 X57.311 Y98.279 E2.85864
G1 X57.311 Y97.659 E.03016
G1 X99.63 Y139.689 E2.90144
G1 X100.254 Y139.689 E.03037
G1 X57.311 Y97.039 E2.94424
G1 X57.311 Y96.419 E.03016
G1 X100.878 Y139.689 E2.98703
G1 X101.502 Y139.689 E.03037
G1 X57.311 Y95.799 E3.02983
G1 X57.311 Y95.179 E.03016
G1 X102.127 Y139.689 E3.07263
G1 X102.751 Y139.689 E.03037
G1 X57.311 Y94.559 E3.11543
G1 X57.311 Y93.939 E.03016
G1 X103.375 Y139.689 E3.15823
G1 X103.999 Y139.689 E.03037
G1 X57.311 Y93.319 E3.20103
G1 X57.311 Y92.699 E.03016
G1 X104.623 Y139.689 E3.24382
G1 X105.248 Y139.689 E.03037
G1 X57.311 Y92.079 E3.28662
G1 X57.311 Y91.459 E.03016
G1 X105.872 Y139.689 E3.32942
G1 X106.496 Y139.689 E.03037
G1 X57.311 Y90.839 E3.37222
G1 X57.311 Y90.219 E.03016
G1 X107.12 Y139.689 E3.41502
G1 X107.745 Y139.689 E.03037
G1 X57.311 Y89.599 E3.45782
G1 X57.311 Y88.979 E.03016
M73 P50 R34
G1 X108.369 Y139.689 E3.50062
G1 X108.993 Y139.689 E.03037
G1 X57.311 Y88.359 E3.54341
G1 X57.311 Y87.739 E.03016
G1 X109.617 Y139.689 E3.58621
G1 X110.242 Y139.689 E.03037
G1 X57.311 Y87.119 E3.62901
G1 X57.311 Y86.499 E.03016
G1 X110.866 Y139.689 E3.67181
G1 X111.49 Y139.689 E.03037
G1 X57.311 Y85.879 E3.71461
G1 X57.311 Y85.259 E.03016
G1 X112.114 Y139.689 E3.75741
G1 X112.739 Y139.689 E.03037
G1 X57.311 Y84.639 E3.8002
G1 X57.311 Y84.019 E.03016
G1 X113.363 Y139.689 E3.843
G1 X113.987 Y139.689 E.03037
G1 X57.311 Y83.399 E3.8858
G1 X57.311 Y82.779 E.03016
G1 X114.611 Y139.689 E3.9286
G1 X115.236 Y139.689 E.03037
G1 X57.311 Y82.159 E3.9714
G1 X57.311 Y81.539 E.03016
G1 X115.86 Y139.689 E4.0142
G1 X116.484 Y139.689 E.03037
G1 X57.311 Y80.919 E4.057
G1 X57.311 Y80.311 E.0296
G1 X117.108 Y139.689 E4.0994
G1 X117.732 Y139.689 E.03037
M73 P51 R34
G1 X57.946 Y80.311 E4.09899
G1 X58.571 Y80.311 E.03037
G1 X118.357 Y139.689 E4.09899
G1 X118.981 Y139.689 E.03037
G1 X59.195 Y80.311 E4.09899
G1 X59.819 Y80.311 E.03037
G1 X119.605 Y139.689 E4.09899
G1 X120.229 Y139.689 E.03037
G1 X60.443 Y80.311 E4.09899
G1 X61.068 Y80.311 E.03037
G1 X120.854 Y139.689 E4.09899
G1 X121.478 Y139.689 E.03037
G1 X61.692 Y80.311 E4.09899
G1 X62.316 Y80.311 E.03037
G1 X122.102 Y139.689 E4.09899
G1 X122.726 Y139.689 E.03037
G1 X62.94 Y80.311 E4.09899
G1 X63.565 Y80.311 E.03037
G1 X123.351 Y139.689 E4.09899
G1 X123.975 Y139.689 E.03037
G1 X64.189 Y80.311 E4.09899
G1 X64.813 Y80.311 E.03037
G1 X124.599 Y139.689 E4.09899
G1 X125.223 Y139.689 E.03037
G1 X65.437 Y80.311 E4.09899
G1 X66.062 Y80.311 E.03037
G1 X125.848 Y139.689 E4.09899
G1 X126.472 Y139.689 E.03037
G1 X66.686 Y80.311 E4.09899
G1 X67.31 Y80.311 E.03037
G1 X127.096 Y139.689 E4.09899
G1 X127.72 Y139.689 E.03037
G1 X67.934 Y80.311 E4.09899
G1 X68.558 Y80.311 E.03037
G1 X128.345 Y139.689 E4.09899
G1 X128.969 Y139.689 E.03037
G1 X69.183 Y80.311 E4.09899
G1 X69.807 Y80.311 E.03037
G1 X129.593 Y139.689 E4.09899
G1 X130.217 Y139.689 E.03037
G1 X70.431 Y80.311 E4.09899
G1 X71.055 Y80.311 E.03037
G1 X130.841 Y139.689 E4.09899
G1 X131.466 Y139.689 E.03037
G1 X71.68 Y80.311 E4.09899
G1 X72.304 Y80.311 E.03037
G1 X132.09 Y139.689 E4.09899
G1 X132.714 Y139.689 E.03037
G1 X72.928 Y80.311 E4.09899
G1 X73.552 Y80.311 E.03037
G1 X133.338 Y139.689 E4.09899
G1 X133.963 Y139.689 E.03037
G1 X74.177 Y80.311 E4.09899
G1 X74.801 Y80.311 E.03037
G1 X134.587 Y139.689 E4.09899
G1 X135.211 Y139.689 E.03037
G1 X75.425 Y80.311 E4.09899
G1 X76.049 Y80.311 E.03037
G1 X135.835 Y139.689 E4.09899
G1 X136.46 Y139.689 E.03037
M73 P51 R33
G1 X76.674 Y80.311 E4.09899
G1 X77.298 Y80.311 E.03037
M73 P52 R33
G1 X137.084 Y139.689 E4.09899
G1 X137.708 Y139.689 E.03037
G1 X77.922 Y80.311 E4.09899
G1 X78.546 Y80.311 E.03037
G1 X138.332 Y139.689 E4.09899
G1 X138.957 Y139.689 E.03037
G1 X79.171 Y80.311 E4.09899
G1 X79.795 Y80.311 E.03037
G1 X139.581 Y139.689 E4.09899
G1 X140.205 Y139.689 E.03037
G1 X80.419 Y80.311 E4.09899
G1 X81.043 Y80.311 E.03037
G1 X140.829 Y139.689 E4.09899
G1 X141.454 Y139.689 E.03037
G1 X81.667 Y80.311 E4.09899
G1 X82.292 Y80.311 E.03037
G1 X142.078 Y139.689 E4.09899
G1 X142.702 Y139.689 E.03037
G1 X82.916 Y80.311 E4.09899
G1 X83.54 Y80.311 E.03037
G1 X143.326 Y139.689 E4.09899
G1 X143.951 Y139.689 E.03037
G1 X84.164 Y80.311 E4.09899
G1 X84.789 Y80.311 E.03037
G1 X144.575 Y139.689 E4.09899
G1 X145.199 Y139.689 E.03037
G1 X85.413 Y80.311 E4.09899
G1 X86.037 Y80.311 E.03037
G1 X145.823 Y139.689 E4.09899
G1 X146.447 Y139.689 E.03037
G1 X86.661 Y80.311 E4.09899
G1 X87.286 Y80.311 E.03037
G1 X147.072 Y139.689 E4.09899
G1 X147.696 Y139.689 E.03037
G1 X87.91 Y80.311 E4.09899
G1 X88.534 Y80.311 E.03037
G1 X148.32 Y139.689 E4.09899
G1 X148.944 Y139.689 E.03037
G1 X89.158 Y80.311 E4.09899
G1 X89.783 Y80.311 E.03037
G1 X149.569 Y139.689 E4.09899
G1 X150.193 Y139.689 E.03037
G1 X90.407 Y80.311 E4.09899
G1 X91.031 Y80.311 E.03037
G1 X150.817 Y139.689 E4.09899
G1 X151.441 Y139.689 E.03037
G1 X91.655 Y80.311 E4.09899
G1 X92.28 Y80.311 E.03037
G1 X152.066 Y139.689 E4.09899
G1 X152.69 Y139.689 E.03037
G1 X92.904 Y80.311 E4.09899
G1 X93.528 Y80.311 E.03037
G1 X153.314 Y139.689 E4.09899
G1 X153.938 Y139.689 E.03037
G1 X94.152 Y80.311 E4.09899
G1 X94.776 Y80.311 E.03037
G1 X154.563 Y139.689 E4.09899
G1 X155.187 Y139.689 E.03037
G1 X95.401 Y80.311 E4.09899
G1 X96.025 Y80.311 E.03037
G1 X155.811 Y139.689 E4.09899
G1 X156.435 Y139.689 E.03037
M73 P53 R33
G1 X96.649 Y80.311 E4.09899
G1 X97.273 Y80.311 E.03037
G1 X157.06 Y139.689 E4.09899
G1 X157.684 Y139.689 E.03037
G1 X97.898 Y80.311 E4.09899
G1 X98.522 Y80.311 E.03037
G1 X158.308 Y139.689 E4.09899
G1 X158.932 Y139.689 E.03037
G1 X99.146 Y80.311 E4.09899
G1 X99.77 Y80.311 E.03037
G1 X159.556 Y139.689 E4.09899
G1 X160.181 Y139.689 E.03037
G1 X100.395 Y80.311 E4.09899
G1 X101.019 Y80.311 E.03037
G1 X160.805 Y139.689 E4.09899
G1 X161.429 Y139.689 E.03037
G1 X101.643 Y80.311 E4.09899
G1 X102.267 Y80.311 E.03037
G1 X162.053 Y139.689 E4.09899
G1 X162.678 Y139.689 E.03037
G1 X102.892 Y80.311 E4.09899
G1 X103.516 Y80.311 E.03037
M73 P53 R32
G1 X162.689 Y139.081 E4.05701
G1 X162.689 Y138.461 E.03016
G1 X104.14 Y80.311 E4.01421
G1 X104.764 Y80.311 E.03037
G1 X162.689 Y137.841 E3.97141
G1 X162.689 Y137.221 E.03016
G1 X105.389 Y80.311 E3.92861
G1 X106.013 Y80.311 E.03037
G1 X162.689 Y136.601 E3.88581
G1 X162.689 Y135.981 E.03016
G1 X106.637 Y80.311 E3.84301
G1 X107.261 Y80.311 E.03037
G1 X162.689 Y135.361 E3.80022
G1 X162.689 Y134.741 E.03016
G1 X107.886 Y80.311 E3.75742
G1 X108.51 Y80.311 E.03037
G1 X162.689 Y134.121 E3.71462
G1 X162.689 Y133.501 E.03016
G1 X109.134 Y80.311 E3.67182
G1 X109.758 Y80.311 E.03037
G1 X162.689 Y132.881 E3.62902
G1 X162.689 Y132.261 E.03016
G1 X110.382 Y80.311 E3.58622
G1 X111.007 Y80.311 E.03037
G1 X162.689 Y131.641 E3.54343
G1 X162.689 Y131.021 E.03016
G1 X111.631 Y80.311 E3.50063
G1 X112.255 Y80.311 E.03037
G1 X162.689 Y130.401 E3.45783
G1 X162.689 Y129.781 E.03016
G1 X112.879 Y80.311 E3.41503
G1 X113.504 Y80.311 E.03037
G1 X162.689 Y129.161 E3.37223
G1 X162.689 Y128.541 E.03016
G1 X114.128 Y80.311 E3.32943
G1 X114.752 Y80.311 E.03037
G1 X162.689 Y127.921 E3.28663
G1 X162.689 Y127.301 E.03016
G1 X115.376 Y80.311 E3.24384
G1 X116.001 Y80.311 E.03037
G1 X162.689 Y126.681 E3.20104
G1 X162.689 Y126.061 E.03016
G1 X116.625 Y80.311 E3.15824
G1 X117.249 Y80.311 E.03037
M73 P54 R32
G1 X162.689 Y125.442 E3.11544
G1 X162.689 Y124.822 E.03016
G1 X117.873 Y80.311 E3.07264
G1 X118.498 Y80.311 E.03037
G1 X162.689 Y124.202 E3.02984
G1 X162.689 Y123.582 E.03016
G1 X119.122 Y80.311 E2.98705
G1 X119.746 Y80.311 E.03037
G1 X162.689 Y122.962 E2.94425
G1 X162.689 Y122.342 E.03016
G1 X120.37 Y80.311 E2.90145
G1 X120.995 Y80.311 E.03037
G1 X162.689 Y121.722 E2.85865
G1 X162.689 Y121.102 E.03016
G1 X121.619 Y80.311 E2.81585
G1 X122.243 Y80.311 E.03037
G1 X162.689 Y120.482 E2.77305
G1 X162.689 Y119.862 E.03016
G1 X122.867 Y80.311 E2.73025
G1 X123.491 Y80.311 E.03037
G1 X162.689 Y119.242 E2.68746
G1 X162.689 Y118.622 E.03016
G1 X124.116 Y80.311 E2.64466
G1 X124.74 Y80.311 E.03037
G1 X162.689 Y118.002 E2.60186
G1 X162.689 Y117.382 E.03016
G1 X125.364 Y80.311 E2.55906
G1 X125.988 Y80.311 E.03037
G1 X162.689 Y116.762 E2.51626
G1 X162.689 Y116.142 E.03016
G1 X126.613 Y80.311 E2.47346
G1 X127.237 Y80.311 E.03037
G1 X162.689 Y115.522 E2.43067
G1 X162.689 Y114.902 E.03016
G1 X127.861 Y80.311 E2.38787
G1 X128.485 Y80.311 E.03037
G1 X162.689 Y114.282 E2.34507
G1 X162.689 Y113.662 E.03016
G1 X129.11 Y80.311 E2.30227
G1 X129.734 Y80.311 E.03037
G1 X162.689 Y113.042 E2.25947
G1 X162.689 Y112.422 E.03016
G1 X130.358 Y80.311 E2.21667
G1 X130.982 Y80.311 E.03037
G1 X162.689 Y111.802 E2.17387
G1 X162.689 Y111.182 E.03016
G1 X131.607 Y80.311 E2.13108
G1 X132.231 Y80.311 E.03037
G1 X162.689 Y110.562 E2.08828
G1 X162.689 Y109.942 E.03016
G1 X132.855 Y80.311 E2.04548
G1 X133.479 Y80.311 E.03037
G1 X162.689 Y109.322 E2.00268
G1 X162.689 Y108.702 E.03016
G1 X134.104 Y80.311 E1.95988
G1 X134.728 Y80.311 E.03037
G1 X162.689 Y108.082 E1.91708
G1 X162.689 Y107.462 E.03016
G1 X135.352 Y80.311 E1.87429
G1 X135.976 Y80.311 E.03037
G1 X162.689 Y106.842 E1.83149
G1 X162.689 Y106.222 E.03016
G1 X136.6 Y80.311 E1.78869
G1 X137.225 Y80.311 E.03037
G1 X162.689 Y105.602 E1.74589
G1 X162.689 Y104.982 E.03016
G1 X137.849 Y80.311 E1.70309
G1 X138.473 Y80.311 E.03037
G1 X162.689 Y104.362 E1.66029
G1 X162.689 Y103.742 E.03016
G1 X139.097 Y80.311 E1.61749
G1 X139.722 Y80.311 E.03037
M73 P54 R31
G1 X162.689 Y103.122 E1.5747
G1 X162.689 Y102.502 E.03016
G1 X140.346 Y80.311 E1.5319
G1 X140.97 Y80.311 E.03037
G1 X162.689 Y101.882 E1.4891
G1 X162.689 Y101.262 E.03016
G1 X141.594 Y80.311 E1.4463
G1 X142.219 Y80.311 E.03037
G1 X162.689 Y100.642 E1.4035
G1 X162.689 Y100.022 E.03016
G1 X142.843 Y80.311 E1.3607
G1 X143.467 Y80.311 E.03037
G1 X162.689 Y99.402 E1.31791
G1 X162.689 Y98.782 E.03016
G1 X144.091 Y80.311 E1.27511
G1 X144.716 Y80.311 E.03037
G1 X162.689 Y98.162 E1.23231
G1 X162.689 Y97.542 E.03016
G1 X145.34 Y80.311 E1.18951
G1 X145.964 Y80.311 E.03037
G1 X162.689 Y96.922 E1.14671
G1 X162.689 Y96.302 E.03016
G1 X146.588 Y80.311 E1.10391
G1 X147.213 Y80.311 E.03037
G1 X162.689 Y95.682 E1.06112
G1 X162.689 Y95.062 E.03016
G1 X147.837 Y80.311 E1.01832
G1 X148.461 Y80.311 E.03037
G1 X162.689 Y94.442 E.97552
G1 X162.689 Y93.822 E.03016
G1 X149.085 Y80.311 E.93272
M73 P55 R31
G1 X149.71 Y80.311 E.03037
G1 X162.689 Y93.202 E.88992
G1 X162.689 Y92.582 E.03016
G1 X150.334 Y80.311 E.84712
G1 X150.958 Y80.311 E.03037
G1 X162.689 Y91.962 E.80432
G1 X162.689 Y91.342 E.03016
G1 X151.582 Y80.311 E.76153
G1 X152.206 Y80.311 E.03037
G1 X162.689 Y90.722 E.71873
G1 X162.689 Y90.102 E.03016
G1 X152.831 Y80.311 E.67593
G1 X153.455 Y80.311 E.03037
G1 X162.689 Y89.482 E.63313
G1 X162.689 Y88.862 E.03016
G1 X154.079 Y80.311 E.59033
G1 X154.703 Y80.311 E.03037
G1 X162.689 Y88.242 E.54753
G1 X162.689 Y87.622 E.03016
G1 X155.328 Y80.311 E.50474
G1 X155.952 Y80.311 E.03037
G1 X162.689 Y87.002 E.46194
G1 X162.689 Y86.382 E.03016
G1 X156.576 Y80.311 E.41914
G1 X157.2 Y80.311 E.03037
G1 X162.689 Y85.762 E.37634
G1 X162.689 Y85.142 E.03016
G1 X157.825 Y80.311 E.33354
G1 X158.449 Y80.311 E.03037
G1 X162.689 Y84.522 E.29074
G1 X162.689 Y83.902 E.03016
G1 X159.073 Y80.311 E.24794
G1 X159.697 Y80.311 E.03037
G1 X162.689 Y83.282 E.20515
G1 X162.689 Y82.662 E.03016
G1 X160.322 Y80.311 E.16235
G1 X160.946 Y80.311 E.03037
G1 X162.689 Y82.042 E.11955
G1 X162.689 Y81.422 E.03016
G1 X161.57 Y80.311 E.07675
G1 X162.194 Y80.311 E.03037
G1 X162.887 Y80.999 E.04752
; stop printing object 06_sliding_electronics_carrier_ESP32_PH.stl id:0 copy 0
;TIME_ELAPSED:2341.972656

;LAYER_CHANGE
;:2
;HEIGHT:0.2
;BEFORE_LAYER_CHANGE
;2
G92 E0
;TIME_ELAPSED:2397.541016
G1 E-4.5 F2700
;WIPE_START
G1 F4500
G1 X162.194 Y80.311 E-.23202
G1 X161.57 Y80.311 E-.14826
G1 X161.853 Y80.592 E-.09472
;WIPE_END
G1 E-.025 F2700
;_SET_FAN_SPEED_CHANGING_LAYER
; OBJECT_ID: 15
; printing object 06_sliding_electronics_carrier_ESP32_PH.stl id:0 copy 0
M205 X8 Y8
M204 S500
G17
G3 Z2.2 I-.6 J-1.059 P1  F7200
G1 X57.009 Y139.991 Z2.2
G1 Z2
G1 E5 F2400
M205 X10 Y10
;TYPE:Inner wall
;WIDTH:0.449999
G1 F2700
G1 X57.009 Y80.009 E1.9897
G1 X162.991 Y80.009 E3.5156
G1 X162.991 Y139.991 E1.9897
G1 X57.049 Y139.991 E3.51427
M205 X8 Y8
G1 X56.602 Y140.398 F7200
M205 X10 Y10
G1 F2700
G1 X56.602 Y79.602 E2.01671
G1 X163.398 Y79.602 E3.54261
G1 X163.398 Y140.398 E2.01671
G1 X56.642 Y140.398 E3.54128
M205 X8 Y8
G1 X56.21 Y140.79 F7200
M205 X10 Y10
;TYPE:Outer wall
;WIDTH:0.419999
G1 F2400
G1 X56.21 Y79.21 E1.89218
G1 X163.79 Y79.21 E3.30563
G1 X163.79 Y140.79 E1.89218
G1 X56.25 Y140.79 E3.3044
G1 E-4.5 F2700
;WIPE_START
G1 F2400
G1 X56.249 Y138.79 E-.475
;WIPE_END
G1 E-.025 F2700
M205 X8 Y8
G1 X61.38 Y136.967 Z2.4 F7200
G1 Z2
G1 E5 F2400
M205 X10 Y10
;TYPE:Sparse infill
;WIDTH:0.45
G1 F3000
G1 X61.38 Y135.88 E.03606
G1 X61.921 Y135.88 E.01795
G1 X62.033 Y135.974 E.00487
G1 X62.688 Y136.209 E.02309
G1 X63.344 Y136.237 E.02175
G1 X63.62 Y136.19 E.00931
G1 X63.62 Y137.818 E.05401
M205 X8 Y8
G1 X63.707 Y138.527 F7200
M205 X10 Y10
;TYPE:Internal solid infill
;WIDTH:0.449999
G1 F3600
G1 X61.276 Y138.527 E.08065
G1 X61.132 Y138.468 E.00517
G1 X61.019 Y138.337 E.00573
G1 X59.773 Y139.584 E.05849
G1 X62.651 Y139.584 E.09548
G1 X63.679 Y138.556 E.04823
M205 X8 Y8
G1 X62.824 Y138.893 F7200
M205 X10 Y10
;WIDTH:0.370814
G1 F3600
G1 X61.276 Y138.893 E.04136
G1 X61.048 Y138.835 E.00629
G1 X60.672 Y139.211 E.01421
G1 X62.5 Y139.218 E.04884
G1 X62.796 Y138.922 E.0112
M205 X8 Y8
G1 X102.38 Y136.036 F7200
M205 X10 Y10
;TYPE:Sparse infill
;WIDTH:0.45
G1 F3000
G1 X102.38 Y135.88 E.0052
G1 X103.851 Y135.88 E.04882
G1 X103.964 Y135.974 E.00487
G1 X104.62 Y136.209 E.02314
G1 X104.62 Y137.838 E.05401
M205 X8 Y8
G1 X104.875 Y137.05 F7200
M205 X10 Y10
;TYPE:Internal solid infill
;WIDTH:0.38292
G1 F3600
G1 X104.811 Y137.087 E.00204
G1 X104.876 Y137.121 E.00204
M205 X8 Y8
G1 X104.811 Y138.411 F7200
M205 X10 Y10
G1 F3600
G1 X104.824 Y138.398 E.00052
M205 X8 Y8
G1 X104.724 Y138.469 F7200
M205 X10 Y10
;WIDTH:0.4424
G1 F3600
G1 X103.307 Y138.527 E.04617
G1 X102.276 Y138.527 E.03355
G1 X102.132 Y138.468 E.00507
G1 X102.032 Y138.368 E.00461
G1 X101.983 Y138.248 E.00421
G1 X100.647 Y139.584 E.06148
G1 X103.547 Y139.584 E.09441
G1 X103.68 Y139.429 E.00664
G1 X104.694 Y138.496 E.04486
M205 X8 Y8
G1 X103.699 Y138.893 F7200
M205 X10 Y10
;WIDTH:0.376078
G1 F3600
G1 X102.276 Y138.893 E.03862
G1 X102.056 Y138.864 E.00602
G1 X101.965 Y138.803 E.00299
G1 X101.564 Y139.204 E.01538
G1 X103.374 Y139.218 E.04914
G1 X103.67 Y138.922 E.01138
M205 X8 Y8
G1 X126.88 Y134.521 F7200
M205 X10 Y10
;TYPE:Sparse infill
;WIDTH:0.45
G1 F3000
G1 X126.88 Y136.12 E.05304
G1 X126.909 Y136.12 E.00097
G1 X127.55 Y135.883 E.02267
G1 X128.205 Y135.47 E.02568
G1 X128.86 Y134.839 E.03016
G1 X129.12 Y134.541 E.01315
G1 X129.12 Y133.88 E.02193
G1 X128.153 Y133.88 E.03209
M205 X8 Y8
G1 X152.88 Y134.235 F7200
M205 X10 Y10
G1 F3000
G1 X152.88 Y133.88 E.0118
G1 X154.152 Y133.88 E.04221
G1 X154.411 Y134.043 E.01016
G1 X155.12 Y134.735 E.03288
G1 X155.12 Y136.12 E.04595
G1 X154.877 Y136.12 E.00806
M205 X8 Y8
G1 X161.748 Y139.552 F7200
M205 X10 Y10
;TYPE:Internal solid infill
;WIDTH:0.513825
G1 F3600
G1 X162.552 Y139.552 E.03085
G1 X162.552 Y138.748 E.03085
G1 X161.776 Y139.524 E.04209
M205 X8 Y8
G1 X162.889 Y137.847 F7200
M205 X10 Y10
;WIDTH:0.450286
G1 F3600
G1 X161.03 Y139.706 E.08725
G1 X160.454 Y139.706 E.01912
G1 X162.706 Y137.454 E.1057
G1 X162.706 Y136.878 E.01912
G1 X159.878 Y139.706 E.13275
G1 X159.302 Y139.706 E.01912
G1 X162.706 Y136.302 E.15979
G1 X162.706 Y135.726 E.01912
G1 X158.726 Y139.706 E.18684
G1 X158.15 Y139.706 E.01912
G1 X162.706 Y135.15 E.21388
G1 X162.706 Y134.574 E.01912
G1 X157.574 Y139.706 E.24093
G1 X156.998 Y139.706 E.01912
G1 X162.706 Y133.998 E.26797
G1 X162.706 Y133.422 E.01912
G1 X156.422 Y139.706 E.29502
G1 X155.845 Y139.706 E.01912
G1 X162.706 Y132.845 E.32206
G1 X162.706 Y132.269 E.01912
G1 X155.269 Y139.706 E.34911
G1 X154.693 Y139.706 E.01912
G1 X162.706 Y131.693 E.37615
G1 X162.706 Y131.117 E.01912
G1 X154.117 Y139.706 E.4032
G1 X153.541 Y139.706 E.01912
G1 X162.706 Y130.541 E.43024
G1 X162.706 Y129.965 E.01912
G1 X152.965 Y139.706 E.45729
G1 X152.389 Y139.706 E.01912
G1 X162.706 Y129.389 E.48433
G1 X162.706 Y128.813 E.01912
M73 P56 R31
G1 X155.527 Y135.991 E.33699
G1 X155.527 Y136.308 E.01052
G1 X155.308 Y136.527 E.0103
G1 X154.991 Y136.527 E.01052
G1 X151.813 Y139.706 E.14921
G1 X151.237 Y139.706 E.01912
G1 X154.415 Y136.527 E.14921
G1 X153.839 Y136.527 E.01912
G1 X150.661 Y139.706 E.14921
G1 X150.084 Y139.706 E.01912
G1 X153.263 Y136.527 E.14921
G1 X152.689 Y136.525 E.01904
G1 X149.508 Y139.706 E.14933
G1 X148.932 Y139.706 E.01912
G1 X152.473 Y136.166 E.1662
G1 X152.473 Y135.59 E.01912
G1 X148.356 Y139.706 E.19324
G1 X147.78 Y139.706 E.01912
G1 X152.473 Y135.013 E.22029
G1 X152.473 Y134.437 E.01912
G1 X147.021 Y139.889 E.25593
M205 X8 Y8
G1 X155.344 Y135.598 F7200
M205 X10 Y10
G1 F3600
G1 X162.706 Y128.237 E.34559
G1 X162.706 Y127.661 E.01912
G1 X155.527 Y134.839 E.33699
G1 X155.527 Y134.263 E.01912
G1 X162.706 Y127.084 E.33699
G1 X162.706 Y126.508 E.01912
G1 X155.525 Y133.689 E.33711
G1 X155.308 Y133.473 E.01018
G1 X155.166 Y133.473 E.00473
G1 X162.706 Y125.932 E.35398
G1 X162.706 Y125.356 E.01912
G1 X154.59 Y133.473 E.38102
G1 X154.013 Y133.473 E.01912
G1 X162.706 Y124.78 E.40807
G1 X162.706 Y124.204 E.01912
G1 X153.254 Y133.656 E.44371
M205 X8 Y8
G1 X146.445 Y139.889 F7200
M205 X10 Y10
G1 F3600
G1 X162.706 Y123.628 E.76338
G1 X162.706 Y123.052 E.01912
G1 X146.052 Y139.706 E.78183
G1 X145.476 Y139.706 E.01912
G1 X162.706 Y122.476 E.80887
G1 X162.706 Y121.9 E.01912
G1 X144.9 Y139.706 E.83592
G1 X144.323 Y139.706 E.01912
G1 X162.706 Y121.323 E.86297
G1 X162.706 Y120.747 E.01912
G1 X143.747 Y139.706 E.89001
G1 X143.171 Y139.706 E.01912
G1 X162.706 Y120.171 E.91706
G1 X162.706 Y119.595 E.01912
M73 P56 R30
G1 X142.595 Y139.706 E.9441
G1 X142.019 Y139.706 E.01912
G1 X162.706 Y119.019 E.97115
G1 X162.706 Y118.443 E.01912
G1 X141.443 Y139.706 E.99819
G1 X140.867 Y139.706 E.01912
G1 X162.706 Y117.867 E1.02524
G1 X162.706 Y117.291 E.01912
G1 X140.291 Y139.706 E1.05228
G1 X139.715 Y139.706 E.01912
G1 X162.706 Y116.715 E1.07933
G1 X162.706 Y116.139 E.01912
G1 X139.139 Y139.706 E1.10637
G1 X138.562 Y139.706 E.01912
G1 X162.706 Y115.562 E1.13342
G1 X162.706 Y114.986 E.01912
G1 X137.986 Y139.706 E1.16046
G1 X137.41 Y139.706 E.01912
G1 X162.706 Y114.41 E1.18751
G1 X162.706 Y113.834 E.01912
G1 X136.834 Y139.706 E1.21455
G1 X136.258 Y139.706 E.01912
G1 X162.706 Y113.258 E1.2416
G1 X162.706 Y112.682 E.01912
G1 X135.682 Y139.706 E1.26864
G1 X135.106 Y139.706 E.01912
G1 X162.706 Y112.106 E1.29569
G1 X162.706 Y111.53 E.01912
G1 X134.53 Y139.706 E1.32273
G1 X133.954 Y139.706 E.01912
G1 X162.706 Y110.954 E1.34978
G1 X162.706 Y110.377 E.01912
G1 X133.377 Y139.706 E1.37682
G1 X132.801 Y139.706 E.01912
G1 X162.706 Y109.801 E1.40387
G1 X162.706 Y109.225 E.01912
G1 X132.225 Y139.706 E1.43091
G1 X131.649 Y139.706 E.01912
G1 X162.706 Y108.649 E1.45796
G1 X162.706 Y108.073 E.01912
G1 X131.073 Y139.706 E1.485
G1 X130.497 Y139.706 E.01912
G1 X162.706 Y107.497 E1.51205
G1 X162.706 Y106.921 E.01912
G1 X129.921 Y139.706 E1.53909
G1 X129.345 Y139.706 E.01912
G1 X162.706 Y106.345 E1.56614
G1 X162.706 Y105.769 E.01912
G1 X128.769 Y139.706 E1.59318
G1 X128.193 Y139.706 E.01912
G1 X162.706 Y105.193 E1.62023
G1 X162.706 Y104.616 E.01912
G1 X127.616 Y139.706 E1.64728
G1 X127.04 Y139.706 E.01912
G1 X162.706 Y104.04 E1.67432
G1 X162.706 Y103.464 E.01912
G1 X126.464 Y139.706 E1.70137
G1 X125.888 Y139.706 E.01912
G1 X162.706 Y102.888 E1.72841
G1 X162.706 Y102.312 E.01912
G1 X129.527 Y135.49 E1.55756
G1 X129.527 Y134.914 E.01912
G1 X162.706 Y101.736 E1.55756
G1 X162.706 Y101.16 E.01912
G1 X129.527 Y134.338 E1.55756
G1 X129.527 Y133.762 E.01912
G1 X162.706 Y100.584 E1.55756
G1 X162.706 Y100.008 E.01912
G1 X129.241 Y133.473 E1.57101
G1 X128.665 Y133.473 E.01912
G1 X162.706 Y99.432 E1.59806
G1 X162.706 Y98.855 E.01912
G1 X128.089 Y133.473 E1.6251
G1 X127.513 Y133.473 E.01912
G1 X162.889 Y98.096 E1.66075
M205 X8 Y8
G1 X128.674 Y136.344 F7200
M205 X10 Y10
G1 F3600
G1 X125.312 Y139.706 E.15781
G1 X124.736 Y139.706 E.01912
G1 X127.914 Y136.527 E.14921
G1 X127.338 Y136.527 E.01912
G1 X124.16 Y139.706 E.14921
G1 X123.584 Y139.706 E.01912
G1 X126.762 Y136.527 E.14921
G1 X126.692 Y136.527 E.00233
G1 X126.473 Y136.308 E.0103
G1 X126.473 Y136.241 E.00223
G1 X123.008 Y139.706 E.16266
G1 X122.432 Y139.706 E.01912
G1 X126.473 Y135.665 E.1897
G1 X126.473 Y135.089 E.01912
G1 X121.855 Y139.706 E.21675
G1 X121.279 Y139.706 E.01912
G1 X126.656 Y134.33 E.25239
M205 X8 Y8
G1 X120.52 Y139.889 F7200
M205 X10 Y10
G1 F3600
G1 X162.706 Y97.703 E1.98042
G1 X162.706 Y97.127 E.01912
M73 P57 R30
G1 X120.127 Y139.706 E1.99886
G1 X120.041 Y139.706 E.00286
G1 X120.022 Y139.687 E.00089
G1 X119.57 Y139.687 E.01501
G1 X162.706 Y96.551 E2.02502
G1 X162.706 Y95.975 E.01912
G1 X118.994 Y139.687 E2.05207
G1 X118.418 Y139.687 E.01912
G1 X162.706 Y95.399 E2.07911
G1 X162.706 Y94.823 E.01912
G1 X117.842 Y139.687 E2.10616
G1 X117.266 Y139.687 E.01912
G1 X162.706 Y94.247 E2.1332
G1 X162.706 Y93.671 E.01912
G1 X116.689 Y139.687 E2.16025
G1 X116.113 Y139.687 E.01912
G1 X162.706 Y93.094 E2.18729
G1 X162.706 Y92.518 E.01912
G1 X115.537 Y139.687 E2.21434
G1 X114.961 Y139.687 E.01912
G1 X162.706 Y91.942 E2.24138
G1 X162.706 Y91.366 E.01912
G1 X114.385 Y139.687 E2.26843
G1 X113.809 Y139.687 E.01912
G1 X162.706 Y90.79 E2.29547
G1 X162.706 Y90.214 E.01912
G1 X113.233 Y139.687 E2.32252
G1 X112.657 Y139.687 E.01912
G1 X162.706 Y89.638 E2.34956
G1 X162.706 Y89.062 E.01912
G1 X112.081 Y139.687 E2.37661
G1 X111.504 Y139.687 E.01912
G1 X162.706 Y88.486 E2.40365
G1 X162.706 Y87.91 E.01912
G1 X110.928 Y139.687 E2.4307
G1 X110.352 Y139.687 E.01912
G1 X162.706 Y87.333 E2.45774
G1 X162.706 Y86.757 E.01912
G1 X109.776 Y139.687 E2.48479
G1 X109.2 Y139.687 E.01912
G1 X162.706 Y86.181 E2.51183
G1 X162.706 Y85.605 E.01912
G1 X108.624 Y139.687 E2.53888
G1 X108.048 Y139.687 E.01912
M73 P57 R29
G1 X162.706 Y85.029 E2.56592
G1 X162.706 Y84.453 E.01912
G1 X107.472 Y139.687 E2.59297
G1 X106.896 Y139.687 E.01912
G1 X162.706 Y83.877 E2.62001
G1 X162.706 Y83.301 E.01912
G1 X106.32 Y139.687 E2.64706
G1 X105.743 Y139.687 E.01912
G1 X162.706 Y82.725 E2.6741
G1 X162.706 Y82.148 E.01912
G1 X105.167 Y139.687 E2.70115
G1 X104.591 Y139.687 E.01912
G1 X162.706 Y81.572 E2.72819
G1 X162.706 Y80.996 E.01912
G1 X104.015 Y139.687 E2.75524
G1 X103.94 Y139.687 E.00248
G1 X105.258 Y138.37 E.06184
G1 X105.046 Y138.158 E.00992
G1 X105.046 Y138.08 E.00261
G1 X162.706 Y80.42 E2.70683
G1 X162.706 Y80.294 E.00418
G1 X162.256 Y80.294 E.01494
G1 X105.046 Y137.504 E2.6857
G1 X105.046 Y137.007 E.01649
G1 X105.027 Y136.988 E.00089
G1 X105.027 Y136.946 E.00138
G1 X161.68 Y80.294 E2.65954
G1 X161.104 Y80.294 E.01912
M73 P58 R29
G1 X155.527 Y85.87 E.26177
G1 X155.527 Y86.308 E.01453
G1 X155.308 Y86.527 E.0103
G1 X154.87 Y86.527 E.01453
G1 X105.027 Y136.37 E2.33987
G1 X105.027 Y135.794 E.01912
G1 X154.294 Y86.527 E2.31283
G1 X153.718 Y86.527 E.01912
G1 X104.773 Y135.473 E2.29773
G1 X104.197 Y135.473 E.01912
G1 X153.142 Y86.527 E2.29773
G1 X152.692 Y86.527 E.01494
G1 X152.629 Y86.464 E.00296
G1 X103.621 Y135.473 E2.30069
G1 X103.045 Y135.473 E.01912
G1 X152.656 Y85.862 E2.32899
M205 X8 Y8
G1 X155.344 Y85.477 F7200
M205 X10 Y10
G1 F3600
G1 X160.528 Y80.294 E.24333
G1 X159.951 Y80.294 E.01912
G1 X155.527 Y84.718 E.20768
G1 X155.527 Y84.142 E.01912
G1 X159.375 Y80.294 E.18064
G1 X158.799 Y80.294 E.01912
G1 X155.464 Y83.629 E.15655
G1 X155.308 Y83.473 E.00734
G1 X155.045 Y83.473 E.00874
G1 X158.223 Y80.294 E.14921
G1 X157.647 Y80.294 E.01912
G1 X154.469 Y83.473 E.14921
G1 X153.893 Y83.473 E.01912
G1 X157.071 Y80.294 E.14921
G1 X156.495 Y80.294 E.01912
G1 X153.133 Y83.656 E.15781
M205 X8 Y8
G1 X99.78 Y139.889 F7200
M205 X10 Y10
G1 F3600
G1 X101.973 Y137.697 E.10291
G1 X101.973 Y137.121 E.01912
G1 X99.387 Y139.706 E.12136
G1 X98.811 Y139.706 E.01912
G1 X102.156 Y136.362 E.157
M205 X8 Y8
G1 X98.052 Y139.889 F7200
M205 X10 Y10
G1 F3600
G1 X101.973 Y135.969 E.18405
G1 X101.973 Y135.692 E.00919
G1 X102.192 Y135.473 E.0103
G1 X102.469 Y135.473 E.00919
G1 X152.473 Y85.469 E2.34744
G1 X152.473 Y84.893 E.01912
G1 X97.659 Y139.706 E2.57322
G1 X97.083 Y139.706 E.01912
G1 X152.656 Y84.133 E2.60886
M205 X8 Y8
G1 X156.102 Y80.111 F7200
M205 X10 Y10
G1 F3600
G1 X96.507 Y139.706 E2.79769
G1 X95.931 Y139.706 E.01912
G1 X155.343 Y80.294 E2.78909
G1 X154.767 Y80.294 E.01912
G1 X95.355 Y139.706 E2.78909
G1 X94.779 Y139.706 E.01912
G1 X154.19 Y80.294 E2.78909
G1 X153.614 Y80.294 E.01912
G1 X94.203 Y139.706 E2.78909
G1 X93.626 Y139.706 E.01912
G1 X153.038 Y80.294 E2.78909
G1 X152.462 Y80.294 E.01912
G1 X93.05 Y139.706 E2.78909
G1 X92.474 Y139.706 E.01912
G1 X151.886 Y80.294 E2.78909
G1 X151.31 Y80.294 E.01912
G1 X91.898 Y139.706 E2.78909
G1 X91.322 Y139.706 E.01912
G1 X150.734 Y80.294 E2.78909
G1 X150.158 Y80.294 E.01912
G1 X90.746 Y139.706 E2.78909
G1 X90.17 Y139.706 E.01912
G1 X149.582 Y80.294 E2.78909
G1 X149.005 Y80.294 E.01912
G1 X89.594 Y139.706 E2.78909
G1 X89.018 Y139.706 E.01912
G1 X148.429 Y80.294 E2.78909
G1 X147.853 Y80.294 E.01912
G1 X88.441 Y139.706 E2.78909
G1 X87.865 Y139.706 E.01912
G1 X147.277 Y80.294 E2.78909
G1 X146.701 Y80.294 E.01912
G1 X87.289 Y139.706 E2.78909
G1 X86.713 Y139.706 E.01912
G1 X146.125 Y80.294 E2.78909
G1 X145.549 Y80.294 E.01912
M73 P59 R29
G1 X86.137 Y139.706 E2.78909
G1 X85.561 Y139.706 E.01912
M73 P59 R28
G1 X144.973 Y80.294 E2.78909
G1 X144.397 Y80.294 E.01912
G1 X84.985 Y139.706 E2.78909
G1 X84.409 Y139.706 E.01912
G1 X143.821 Y80.294 E2.78909
G1 X143.244 Y80.294 E.01912
G1 X83.833 Y139.706 E2.78909
G1 X83.257 Y139.706 E.01912
G1 X142.668 Y80.294 E2.78909
G1 X142.092 Y80.294 E.01912
G1 X82.68 Y139.706 E2.78909
G1 X82.104 Y139.706 E.01912
G1 X141.516 Y80.294 E2.78909
G1 X140.94 Y80.294 E.01912
G1 X81.528 Y139.706 E2.78909
G1 X80.952 Y139.706 E.01912
G1 X140.364 Y80.294 E2.78909
G1 X139.788 Y80.294 E.01912
G1 X80.376 Y139.706 E2.78909
G1 X79.8 Y139.706 E.01912
G1 X139.212 Y80.294 E2.78909
G1 X138.636 Y80.294 E.01912
G1 X79.224 Y139.706 E2.78909
G1 X78.648 Y139.706 E.01912
G1 X138.06 Y80.294 E2.78909
G1 X137.483 Y80.294 E.01912
G1 X78.072 Y139.706 E2.78909
G1 X77.496 Y139.706 E.01912
G1 X136.907 Y80.294 E2.78909
G1 X136.331 Y80.294 E.01912
G1 X76.919 Y139.706 E2.78909
G1 X76.343 Y139.706 E.01912
G1 X135.755 Y80.294 E2.78909
G1 X135.179 Y80.294 E.01912
G1 X129.527 Y85.946 E.26531
G1 X129.527 Y86.308 E.01203
G1 X129.308 Y86.527 E.0103
G1 X128.946 Y86.527 E.01203
G1 X75.767 Y139.706 E2.49646
G1 X75.191 Y139.706 E.01912
G1 X128.37 Y86.527 E2.49646
G1 X127.793 Y86.527 E.01912
G1 X74.615 Y139.706 E2.49646
G1 X74.039 Y139.706 E.01912
G1 X127.217 Y86.527 E2.49646
G1 X126.692 Y86.527 E.01744
G1 X126.667 Y86.502 E.00119
G1 X73.463 Y139.706 E2.49765
G1 X72.887 Y139.706 E.01912
G1 X126.473 Y86.12 E2.51559
G1 X126.473 Y85.544 E.01912
G1 X72.311 Y139.706 E2.54263
G1 X71.735 Y139.706 E.01912
G1 X126.473 Y84.968 E2.56968
G1 X126.473 Y84.392 E.01912
G1 X70.975 Y139.889 E2.60532
M205 X8 Y8
G1 X61.156 Y137.61 F7200
M205 X10 Y10
G1 F3600
G1 X59.06 Y139.706 E.09837
G1 X58.484 Y139.706 E.01912
G1 X60.973 Y137.218 E.11682
G1 X60.973 Y136.641 E.01912
G1 X57.725 Y139.889 E.15246
M205 X8 Y8
G1 X129.344 Y85.553 F7200
M205 X10 Y10
G1 F3600
G1 X134.603 Y80.294 E.24687
G1 X134.027 Y80.294 E.01912
G1 X129.527 Y84.793 E.21122
G1 X129.527 Y84.217 E.01912
M73 P60 R28
G1 X133.451 Y80.294 E.18418
G1 X132.875 Y80.294 E.01912
G1 X129.502 Y83.667 E.15832
G1 X129.308 Y83.473 E.00911
G1 X129.12 Y83.473 E.00624
G1 X132.299 Y80.294 E.14921
G1 X131.722 Y80.294 E.01912
G1 X128.544 Y83.473 E.14921
G1 X127.968 Y83.473 E.01912
G1 X131.146 Y80.294 E.14921
G1 X130.57 Y80.294 E.01912
G1 X127.209 Y83.656 E.15781
M205 X8 Y8
G1 X130.177 Y80.111 F7200
M205 X10 Y10
G1 F3600
G1 X70.582 Y139.706 E2.79769
G1 X70.006 Y139.706 E.01912
G1 X129.418 Y80.294 E2.78909
G1 X128.842 Y80.294 E.01912
G1 X69.449 Y139.687 E2.7882
G1 X68.873 Y139.687 E.01912
G1 X128.266 Y80.294 E2.7882
G1 X127.69 Y80.294 E.01912
G1 X68.297 Y139.687 E2.7882
G1 X67.721 Y139.687 E.01912
G1 X127.114 Y80.294 E2.7882
G1 X126.537 Y80.294 E.01912
G1 X67.145 Y139.687 E2.7882
G1 X66.568 Y139.687 E.01912
G1 X125.961 Y80.294 E2.7882
G1 X125.385 Y80.294 E.01912
G1 X65.992 Y139.687 E2.7882
G1 X65.416 Y139.687 E.01912
G1 X124.809 Y80.294 E2.7882
G1 X124.233 Y80.294 E.01912
G1 X64.84 Y139.687 E2.7882
G1 X64.264 Y139.687 E.01912
G1 X123.657 Y80.294 E2.7882
G1 X123.081 Y80.294 E.01912
M73 P60 R27
G1 X63.688 Y139.687 E2.7882
G1 X63.112 Y139.687 E.01912
G1 X122.505 Y80.294 E2.7882
G1 X121.929 Y80.294 E.01912
G1 X64.046 Y138.176 E2.71729
G1 X64.046 Y137.6 E.01912
G1 X121.353 Y80.294 E2.69024
G1 X120.776 Y80.294 E.01912
G1 X64.046 Y137.024 E2.6632
G1 X64.046 Y136.448 E.01912
G1 X120.2 Y80.294 E2.63615
G1 X119.624 Y80.294 E.01912
G1 X64.027 Y135.891 E2.60999
G1 X64.027 Y135.692 E.0066
G1 X63.839 Y135.503 E.00885
G1 X119.048 Y80.294 E2.5918
G1 X118.472 Y80.294 E.01912
G1 X63.294 Y135.473 E2.59035
G1 X62.718 Y135.473 E.01912
G1 X117.896 Y80.294 E2.59035
G1 X117.32 Y80.294 E.01912
G1 X61.958 Y135.656 E2.59895
M205 X8 Y8
G1 X57.149 Y139.889 F7200
M205 X10 Y10
G1 F3600
G1 X60.973 Y136.065 E.17951
G1 X60.973 Y135.692 E.0124
G1 X61.192 Y135.473 E.0103
G1 X61.565 Y135.473 E.0124
G1 X116.744 Y80.294 E2.59035
G1 X116.168 Y80.294 E.01912
G1 X57.294 Y139.168 E2.76382
G1 X57.294 Y138.592 E.01912
G1 X115.592 Y80.294 E2.73678
G1 X115.015 Y80.294 E.01912
G1 X57.294 Y138.015 E2.70973
G1 X57.294 Y137.439 E.01912
G1 X114.439 Y80.294 E2.68269
G1 X113.863 Y80.294 E.01912
M73 P61 R27
G1 X57.294 Y136.863 E2.65564
G1 X57.294 Y136.287 E.01912
G1 X113.287 Y80.294 E2.62859
G1 X112.711 Y80.294 E.01912
G1 X57.294 Y135.711 E2.60155
G1 X57.294 Y135.135 E.01912
G1 X112.135 Y80.294 E2.5745
G1 X111.559 Y80.294 E.01912
G1 X57.294 Y134.559 E2.54746
G1 X57.294 Y133.983 E.01912
G1 X110.983 Y80.294 E2.52041
G1 X110.407 Y80.294 E.01912
G1 X57.294 Y133.407 E2.49337
G1 X57.294 Y132.83 E.01912
G1 X109.831 Y80.294 E2.46632
G1 X109.254 Y80.294 E.01912
G1 X57.294 Y132.254 E2.43928
G1 X57.294 Y131.678 E.01912
G1 X104.445 Y84.527 E2.2135
G1 X104.808 Y84.527 E.01206
G1 X105.027 Y84.308 E.0103
G1 X105.027 Y83.945 E.01206
G1 X108.678 Y80.294 E.17139
G1 X108.102 Y80.294 E.01912
G1 X104.844 Y83.552 E.15294
M205 X8 Y8
G1 X104.052 Y84.344 F7200
M205 X10 Y10
G1 F3600
G1 X57.294 Y131.102 E2.19505
G1 X57.294 Y130.526 E.01912
G1 X103.293 Y84.527 E2.15941
G1 X102.717 Y84.527 E.01912
G1 X57.294 Y129.95 E2.13236
G1 X57.294 Y129.374 E.01912
G1 X102.166 Y84.502 E2.10652
G1 X101.973 Y84.308 E.00909
G1 X101.973 Y84.119 E.00626
G1 X57.294 Y128.798 E2.09743
G1 X57.294 Y128.222 E.01912
G1 X101.973 Y83.543 E2.09743
G1 X101.973 Y82.967 E.01912
G1 X57.294 Y127.646 E2.09743
G1 X57.294 Y127.069 E.01912
G1 X102.156 Y82.208 E2.10603
M205 X8 Y8
G1 X103.403 Y80.96 F7200
M205 X10 Y10
G1 F3600
G1 X104.051 Y80.313 E.03038
G1 X103.474 Y80.313 E.01912
G1 X57.294 Y126.493 E2.16794
G1 X57.294 Y125.917 E.01912
G1 X102.898 Y80.313 E2.14089
G1 X102.322 Y80.313 E.01912
G1 X57.294 Y125.341 E2.11385
G1 X57.294 Y124.765 E.01912
G1 X101.746 Y80.313 E2.0868
G1 X101.17 Y80.313 E.01912
G1 X57.294 Y124.189 E2.05976
G1 X57.294 Y123.613 E.01912
G1 X100.594 Y80.313 E2.03271
G1 X100.018 Y80.313 E.01912
G1 X57.294 Y123.037 E2.00567
G1 X57.294 Y122.461 E.01912
G1 X99.442 Y80.313 E1.97862
G1 X98.866 Y80.313 E.01912
G1 X57.294 Y121.885 E1.95158
G1 X57.294 Y121.308 E.01912
G1 X98.29 Y80.313 E1.92453
G1 X97.713 Y80.313 E.01912
G1 X57.294 Y120.732 E1.89749
G1 X57.294 Y120.156 E.01912
M73 P61 R26
G1 X97.137 Y80.313 E1.87044
G1 X96.561 Y80.313 E.01912
G1 X57.294 Y119.58 E1.8434
G1 X57.294 Y119.004 E.01912
G1 X95.985 Y80.313 E1.81635
G1 X95.409 Y80.313 E.01912
G1 X57.294 Y118.428 E1.78931
G1 X57.294 Y117.852 E.01912
G1 X94.833 Y80.313 E1.76226
G1 X94.257 Y80.313 E.01912
G1 X57.294 Y117.276 E1.73522
G1 X57.294 Y116.7 E.01912
M73 P62 R26
G1 X93.681 Y80.313 E1.70817
G1 X93.105 Y80.313 E.01912
G1 X57.294 Y116.124 E1.68113
G1 X57.294 Y115.547 E.01912
G1 X92.529 Y80.313 E1.65408
G1 X91.952 Y80.313 E.01912
G1 X57.294 Y114.971 E1.62704
G1 X57.294 Y114.395 E.01912
G1 X91.376 Y80.313 E1.59999
G1 X90.8 Y80.313 E.01912
G1 X57.294 Y113.819 E1.57295
G1 X57.294 Y113.243 E.01912
G1 X90.224 Y80.313 E1.5459
G1 X89.648 Y80.313 E.01912
G1 X57.294 Y112.667 E1.51886
G1 X57.294 Y112.091 E.01912
G1 X89.072 Y80.313 E1.49181
G1 X88.496 Y80.313 E.01912
G1 X57.294 Y111.515 E1.46477
G1 X57.294 Y110.939 E.01912
G1 X87.92 Y80.313 E1.43772
G1 X87.344 Y80.313 E.01912
G1 X57.294 Y110.362 E1.41068
G1 X57.294 Y109.786 E.01912
G1 X86.768 Y80.313 E1.38363
G1 X86.191 Y80.313 E.01912
G1 X57.294 Y109.21 E1.35658
G1 X57.294 Y108.634 E.01912
G1 X85.615 Y80.313 E1.32954
G1 X85.039 Y80.313 E.01912
G1 X57.294 Y108.058 E1.30249
G1 X57.294 Y107.482 E.01912
G1 X84.463 Y80.313 E1.27545
G1 X83.887 Y80.313 E.01912
G1 X57.294 Y106.906 E1.2484
G1 X57.294 Y106.33 E.01912
G1 X83.311 Y80.313 E1.22136
G1 X82.735 Y80.313 E.01912
G1 X57.294 Y105.754 E1.19431
G1 X57.294 Y105.178 E.01912
G1 X82.159 Y80.313 E1.16727
G1 X81.583 Y80.313 E.01912
G1 X57.294 Y104.601 E1.14022
G1 X57.294 Y104.025 E.01912
G1 X81.006 Y80.313 E1.11318
G1 X80.43 Y80.313 E.01912
G1 X57.294 Y103.449 E1.08613
G1 X57.294 Y102.873 E.01912
G1 X79.854 Y80.313 E1.05909
G1 X79.278 Y80.313 E.01912
G1 X57.294 Y102.297 E1.03204
G1 X57.294 Y101.721 E.01912
G1 X78.702 Y80.313 E1.005
G1 X78.126 Y80.313 E.01912
G1 X57.294 Y101.145 E.97795
G1 X57.294 Y100.569 E.01912
G1 X77.55 Y80.313 E.95091
G1 X76.974 Y80.313 E.01912
G1 X57.294 Y99.993 E.92386
G1 X57.294 Y99.417 E.01912
G1 X76.398 Y80.313 E.89682
G1 X75.822 Y80.313 E.01912
G1 X57.294 Y98.84 E.86977
G1 X57.294 Y98.264 E.01912
G1 X75.245 Y80.313 E.84273
G1 X74.669 Y80.313 E.01912
G1 X57.294 Y97.688 E.81568
G1 X57.294 Y97.112 E.01912
G1 X74.093 Y80.313 E.78864
G1 X73.517 Y80.313 E.01912
G1 X57.294 Y96.536 E.76159
G1 X57.294 Y95.96 E.01912
G1 X72.941 Y80.313 E.73455
G1 X72.365 Y80.313 E.01912
G1 X57.294 Y95.384 E.7075
G1 X57.294 Y94.808 E.01912
G1 X71.789 Y80.313 E.68046
G1 X71.213 Y80.313 E.01912
G1 X57.294 Y94.232 E.65341
G1 X57.294 Y93.656 E.01912
G1 X70.637 Y80.313 E.62637
G1 X70.061 Y80.313 E.01912
G1 X57.294 Y93.079 E.59932
G1 X57.294 Y92.503 E.01912
G1 X69.484 Y80.313 E.57228
G1 X68.908 Y80.313 E.01912
G1 X57.294 Y91.927 E.54523
G1 X57.294 Y91.351 E.01912
G1 X68.351 Y80.294 E.51907
G1 X67.775 Y80.294 E.01912
G1 X64.027 Y84.042 E.17593
G1 X64.027 Y84.308 E.00885
G1 X63.808 Y84.527 E.0103
G1 X63.542 Y84.527 E.00885
G1 X57.294 Y90.775 E.29329
G1 X57.294 Y90.199 E.01912
G1 X62.966 Y84.527 E.26625
G1 X62.389 Y84.527 E.01912
G1 X57.294 Y89.623 E.2392
G1 X57.294 Y89.047 E.01912
G1 X61.813 Y84.527 E.21215
G1 X61.237 Y84.527 E.01912
G1 X57.294 Y88.471 E.18511
G1 X57.294 Y87.895 E.01912
G1 X60.973 Y84.216 E.17268
G1 X60.973 Y83.64 E.01912
G1 X57.294 Y87.318 E.17268
G1 X57.294 Y86.742 E.01912
G1 X60.973 Y83.064 E.17268
G1 X60.973 Y82.488 E.01912
G1 X57.111 Y86.349 E.18128
M205 X8 Y8
G1 X62.452 Y81.009 F7200
M205 X10 Y10
G1 F3600
G1 X63.147 Y80.313 E.03265
G1 X62.571 Y80.313 E.01912
G1 X57.294 Y85.59 E.24773
G1 X57.294 Y85.014 E.01912
G1 X61.995 Y80.313 E.22069
G1 X61.419 Y80.313 E.01912
G1 X57.294 Y84.438 E.19364
G1 X57.294 Y83.862 E.01912
G1 X60.843 Y80.313 E.1666
G1 X60.267 Y80.313 E.01912
G1 X57.294 Y83.286 E.13955
G1 X57.294 Y82.71 E.01912
G1 X59.691 Y80.313 E.11251
G1 X59.115 Y80.313 E.01912
G1 X57.294 Y82.133 E.08546
G1 X57.294 Y81.557 E.01912
G1 X58.538 Y80.313 E.05842
G1 X58.115 Y80.313 E.01406
G1 X58.096 Y80.294 E.00089
G1 X57.981 Y80.294 E.00381
G1 X57.111 Y81.164 E.04086
M205 X8 Y8
G1 X63.844 Y83.649 F7200
M205 X10 Y10
G1 F3600
G1 X67.382 Y80.111 E.16608
M205 X8 Y8
G1 X63.531 Y80.26 F7200
M205 X10 Y10
;TYPE:Gap infill
;WIDTH:0.206244
G1 F2400
G1 X63.449 Y80.295 E.00119
;WIDTH:0.194136
G1 X63.444 Y80.317 E.00028
;WIDTH:0.168932
G1 X63.44 Y80.339 E.00023
;WIDTH:0.122943
G1 X63.415 Y80.389 E.00036
G1 X62.609 Y81.195 E.00743
M205 X8 Y8
G1 X62.336 Y80.892 F7200
M205 X10 Y10
;WIDTH:0.121611
G1 F2400
G1 X61.552 Y81.676 E.00711
M205 X8 Y8
G1 X61.176 Y137.914 F7200
M205 X10 Y10
;WIDTH:0.0937755
G1 F2400
G1 X59.303 Y139.787 E.01098
M205 X8 Y8
G1 X63.681 Y135.676 F7200
M205 X10 Y10
;WIDTH:0.173046
G1 F2400
G1 X63.561 Y135.6 E.00151
G1 X63.622 Y135.432 E.0019
M205 X8 Y8
G1 X102.386 Y84.57 F7200
M205 X10 Y10
;WIDTH:0.189406
G1 F2400
G1 X102.445 Y84.401 E.00214
G1 X102.319 Y84.324 E.00177
M205 X8 Y8
G1 X104.383 Y80.238 F7200
M205 X10 Y10
;WIDTH:0.104321
G1 F2400
G1 X104.311 Y80.381 E.0008
G1 X103.554 Y81.139 E.00536
M205 X8 Y8
G1 X103.28 Y80.837 F7200
M205 X10 Y10
;WIDTH:0.10123
G1 F2400
G1 X102.441 Y81.676 E.00564
M205 X8 Y8
G1 X129.57 Y83.887 F7200
M205 X10 Y10
;WIDTH:0.189525
G1 F2400
G1 X129.401 Y83.946 E.00214
G1 X129.324 Y83.819 E.00178
M205 X8 Y8
G1 X155.582 Y133.92 F7200
M205 X10 Y10
;WIDTH:0.197978
G1 F2400
G1 X155.409 Y133.972 E.00228
G1 X155.324 Y133.817 E.00224
M205 X8 Y8
G1 X129.315 Y133.767 F7200
M205 X10 Y10
;WIDTH:0.0956448
G1 F2400
G1 X129.297 Y133.704 E.00028
G1 X129.233 Y133.686 E.00028
M205 X8 Y8
G1 X152.88 Y85.272 F7200
M205 X10 Y10
;TYPE:Sparse infill
;WIDTH:0.45
G1 F3000
G1 X152.88 Y86.12 E.02814
G1 X153.66 Y86.12 E.02588
G1 X153.756 Y86.104 E.00325
G1 X155.12 Y86.12 E.04526
G1 X155.12 Y85.47 E.02158
M205 X8 Y8
G1 X103.891 Y81.88 F7200
M205 X10 Y10
G1 F3000
G1 X102.38 Y81.88 E.05013
G1 X102.38 Y81.997 E.00389
G1 X102.653 Y82.26 E.0126
G1 X103.309 Y83.012 E.03308
G1 X103.964 Y83.561 E.02835
G1 X104.62 Y83.796 E.02314
G1 X104.62 Y84.12 E.01075
G1 X103.316 Y84.12 E.04326
M205 X8 Y8
G1 X103.286 Y81.319 F7200
M205 X10 Y10
;TYPE:Internal solid infill
;WIDTH:0.734312
G1 F3600
G1 X103.386 Y81.339 E.00572
;WIDTH:0.689104
G1 X103.485 Y81.359 E.00535
;WIDTH:0.6665
G1 X103.585 Y81.379 E.00516
M205 X8 Y8
G1 X105.478 Y81.681 F7200
M205 X10 Y10
;WIDTH:0.6024
G1 F3600
G1 X106.259 Y80.9 E.05039
G1 X104.748 Y80.9 E.06891
G1 X104.658 Y80.989 E.00578
G1 X104.764 Y80.99 E.00483
G1 X105.209 Y81.19 E.02226
G1 X105.364 Y81.352 E.0102
G1 X105.465 Y81.643 E.01405
M205 X8 Y8
G1 X105.027 Y82.815 F7200
M205 X10 Y10
;WIDTH:0.449999
G1 F3600
G1 X107.426 Y80.416 E.11253
G1 X104.526 Y80.416 E.09621
;WIDTH:0.472095
G1 X104.138 Y80.847 E.02028
;WIDTH:0.516287
G1 X103.749 Y81.277 E.02236
;WIDTH:0.55911
G1 X103.687 Y81.332 E.0035
;WIDTH:0.586098
G1 X103.624 Y81.387 E.00368
G1 X103.812 Y81.428 E.00851
;WIDTH:0.516287
G1 X104.268 Y81.45 E.01761
;WIDTH:0.460561
G1 X104.724 Y81.473 E.01554
G1 X104.868 Y81.532 E.0053
G1 X104.984 Y81.651 E.00565
G1 X105.027 Y81.776 E.00453
G1 X105.027 Y82.775 E.03399
M205 X8 Y8
G1 X63.62 Y82.149 F7200
M205 X10 Y10
;TYPE:Sparse infill
;WIDTH:0.45
G1 F3000
G1 X63.62 Y83.777 E.05401
G1 X63.344 Y83.824 E.00931
G1 X62.688 Y83.796 E.02175
G1 X62.033 Y83.561 E.02309
G1 X61.38 Y83.013 E.02828
G1 X61.38 Y81.88 E.03761
G1 X61.874 Y81.88 E.01641
M205 X8 Y8
M73 P63 R26
G1 X62.349 Y81.345 F7200
M205 X10 Y10
;TYPE:Internal solid infill
;WIDTH:0.680438
G1 F3600
G1 X62.447 Y81.367 E.0052
;WIDTH:0.631482
G1 X62.545 Y81.388 E.0048
;WIDTH:0.607004
G1 X62.642 Y81.41 E.0046
M205 X8 Y8
G1 X64.663 Y81.169 F7200
M205 X10 Y10
;WIDTH:0.404822
G1 F3600
G1 X64.595 Y81.208 E.00231
G1 X64.666 Y81.242 E.00232
M205 X8 Y8
G1 X65.569 Y80.823 F7200
M205 X10 Y10
;WIDTH:0.449999
G1 F3600
G1 X63.842 Y80.823 E.05729
G1 X63.6 Y81.065 E.01136
G1 X63.866 Y81.082 E.00884
G1 X64.156 Y81.244 E.01102
G1 X64.325 Y81.427 E.00828
G1 X64.435 Y81.776 E.01213
G1 X64.435 Y81.958 E.00602
G1 X65.541 Y80.852 E.05189
M205 X8 Y8
G1 X66.552 Y80.416 F7200
M205 X10 Y10
G1 F3600
G1 X63.651 Y80.416 E.09621
;WIDTH:0.465367
G1 X63.227 Y80.873 E.02147
;WIDTH:0.496101
G1 X62.803 Y81.33 E.02304
;WIDTH:0.534758
G1 X62.681 Y81.418 E.006
;WIDTH:0.54004
G1 X63.029 Y81.437 E.01409
;WIDTH:0.504024
G1 X63.376 Y81.455 E.01307
;WIDTH:0.452279
G1 X63.724 Y81.473 E.01161
G1 X63.868 Y81.532 E.0052
G1 X63.991 Y81.66 E.00592
G1 X64.027 Y81.776 E.00406
G1 X64.027 Y82.941 E.03884
G1 X66.523 Y80.445 E.11775
M205 X8 Y8
G1 X57.417 Y80.355 F7200
M205 X10 Y10
;WIDTH:0.405696
G1 F3600
G1 X57.349 Y80.394 E.00232
G1 X57.419 Y80.429 E.00233
; stop printing object 06_sliding_electronics_carrier_ESP32_PH.stl id:0 copy 0
;TIME_ELAPSED:2675.382568

;LAYER_CHANGE
;:2.2
;HEIGHT:0.2
;BEFORE_LAYER_CHANGE
;2.2
G92 E0
;TIME_ELAPSED:2730.609131
G1 E-4.5 F2700
;WIPE_START
G1 F3600
G1 X57.349 Y80.394 E-.23778
G1 X57.417 Y80.355 E-.23722
;WIPE_END
G1 E-.025 F2700
;_SET_FAN_SPEED_CHANGING_LAYER
; OBJECT_ID: 15
; printing object 06_sliding_electronics_carrier_ESP32_PH.stl id:0 copy 0
M205 X8 Y8
G17
G3 Z2.4 I-1.217 J-.008 P1  F7200
G1 X57.009 Y139.991 Z2.4
G1 Z2.2
G1 E5 F2400
M205 X10 Y10
;TYPE:Inner wall
;WIDTH:0.449999
G1 F2700
G1 X57.009 Y80.009 E1.9897
G1 X162.991 Y80.009 E3.5156
G1 X162.991 Y139.991 E1.9897
G1 X57.049 Y139.991 E3.51427
M205 X8 Y8
G1 X56.602 Y140.398 F7200
M205 X10 Y10
G1 F2700
G1 X56.602 Y79.602 E2.01671
G1 X163.398 Y79.602 E3.54261
M73 P63 R25
G1 X163.398 Y140.398 E2.01671
G1 X56.642 Y140.398 E3.54128
M205 X8 Y8
G1 X56.21 Y140.79 F7200
M205 X10 Y10
;TYPE:Outer wall
;WIDTH:0.419999
G1 F2400
G1 X56.21 Y79.21 E1.89218
G1 X163.79 Y79.21 E3.30563
G1 X163.79 Y140.79 E1.89218
G1 X56.25 Y140.79 E3.3044
G1 E-4.5 F2700
;WIPE_START
G1 F2400
G1 X56.249 Y138.79 E-.475
;WIPE_END
G1 E-.025 F2700
M205 X8 Y8
G1 X57.417 Y139.567 Z2.6 F7200
G1 Z2.2
G1 E5 F2400
M205 X10 Y10
;TYPE:Internal solid infill
;WIDTH:0.405698
G1 F3600
G1 X57.349 Y139.606 E.00232
G1 X57.419 Y139.641 E.00233
M205 X8 Y8
G1 X61.38 Y136.584 F7200
M205 X10 Y10
;TYPE:Sparse infill
;WIDTH:0.45
G1 F3000
G1 X61.38 Y135.88 E.02337
G1 X62.303 Y135.88 E.03064
G1 X62.688 Y136.055 E.01404
G1 X63.344 Y136.147 E.02194
G1 X63.62 Y136.124 E.00921
G1 X63.62 Y137.752 E.05401
M205 X8 Y8
G1 X62.349 Y138.655 F7200
M205 X10 Y10
;TYPE:Internal solid infill
;WIDTH:0.686074
G1 F3600
G1 X62.411 Y138.639 E.00337
;WIDTH:0.648388
G1 X62.474 Y138.622 E.00318
;WIDTH:0.610703
G1 X62.536 Y138.606 E.00298
;WIDTH:0.59186
G1 X62.598 Y138.59 E.00288
M205 X8 Y8
G1 X64.663 Y138.753 F7200
M205 X10 Y10
;WIDTH:0.404822
G1 F3600
G1 X64.595 Y138.792 E.00231
G1 X64.666 Y138.827 E.00232
M205 X8 Y8
G1 X65.569 Y139.177 F7200
M205 X10 Y10
;WIDTH:0.449999
G1 F3600
G1 X64.435 Y138.042 E.05322
G1 X64.435 Y138.224 E.00602
G1 X64.325 Y138.573 E.01213
G1 X64.156 Y138.756 E.00828
G1 X63.866 Y138.918 E.01102
G1 X63.6 Y138.935 E.00884
G1 X63.842 Y139.177 E.01136
G1 X65.529 Y139.177 E.05596
M205 X8 Y8
G1 X66.552 Y139.584 F7200
M205 X10 Y10
;WIDTH:0.453642
G1 F3600
G1 X64.027 Y137.059 E.11948
G1 X64.027 Y138.224 E.03897
G1 X63.968 Y138.368 E.00521
G1 X63.771 Y138.522 E.00837
G1 X62.849 Y138.551 E.03089
;WIDTH:0.511932
G1 X62.743 Y138.565 E.00408
;WIDTH:0.531137
G1 X62.637 Y138.58 E.00425
G1 X62.798 Y138.674 E.00743
;WIDTH:0.460236
G1 X63.4 Y139.31 E.02977
G1 X63.704 Y139.584 E.01392
G1 X66.512 Y139.584 E.09548
M205 X8 Y8
G1 X102.605 Y135.88 F7200
M205 X10 Y10
;TYPE:Sparse infill
;WIDTH:0.45
G1 F3000
G1 X104.234 Y135.88 E.05401
G1 X104.62 Y136.055 E.01409
G1 X104.62 Y137.683 E.05401
M205 X8 Y8
G1 X103.286 Y138.681 F7200
M205 X10 Y10
;TYPE:Internal solid infill
;WIDTH:0.733589
G1 F3600
G1 X103.369 Y138.661 E.00481
;WIDTH:0.686931
G1 X103.452 Y138.641 E.00448
;WIDTH:0.663602
G1 X103.535 Y138.62 E.00432
M205 X8 Y8
G1 X105.478 Y138.319 F7200
M205 X10 Y10
;WIDTH:0.6024
G1 F3600
G1 X105.364 Y138.648 E.01587
;WIDTH:0.584177
G1 X105.3 Y138.689 E.00337
;WIDTH:0.54773
G1 X105.235 Y138.73 E.00314
;WIDTH:0.511283
G1 X105.171 Y138.771 E.00291
;WIDTH:0.472242
G1 X105.022 Y138.812 E.00541
;WIDTH:0.430606
G1 X104.873 Y138.853 E.00488
;WIDTH:0.3715
G1 X104.724 Y138.894 E.00414
G1 X104.375 Y138.894 E.00933
G1 X104.699 Y139.218 E.01227
;WIDTH:0.388971
G1 X104.91 Y139.197 E.00596
;WIDTH:0.430606
G1 X105.12 Y139.176 E.00667
;WIDTH:0.472242
G1 X105.33 Y139.155 E.00739
;WIDTH:0.511283
G1 X105.415 Y139.137 E.00331
;WIDTH:0.54773
G1 X105.499 Y139.119 E.00357
;WIDTH:0.600672
G1 X105.584 Y139.1 E.00394
G1 X106.259 Y139.1 E.03069
G1 X105.506 Y138.347 E.04842
M205 X8 Y8
G1 X105.027 Y137.185 F7200
M205 X10 Y10
;WIDTH:0.449999
G1 F3600
G1 X105.027 Y138.224 E.03446
G1 X104.968 Y138.368 E.00517
G1 X104.759 Y138.524 E.00866
;WIDTH:0.4664
G1 X104.285 Y138.542 E.01635
;WIDTH:0.499202
G1 X103.812 Y138.56 E.01762
;WIDTH:0.532493
G1 X103.733 Y138.577 E.00323
;WIDTH:0.566273
G1 X103.653 Y138.594 E.00346
;WIDTH:0.600054
G1 X103.574 Y138.611 E.00368
G1 X103.63 Y138.651 E.00311
;WIDTH:0.566273
G1 X103.685 Y138.691 E.00292
;WIDTH:0.532493
G1 X103.741 Y138.731 E.00274
;WIDTH:0.499202
G1 X104.052 Y139.065 E.01696
;WIDTH:0.452156
G1 X104.363 Y139.399 E.01522
G1 X104.579 Y139.584 E.00947
G1 X107.426 Y139.584 E.09496
G1 X105.056 Y137.213 E.11179
M205 X8 Y8
G1 X126.88 Y134.466 F7200
M205 X10 Y10
;TYPE:Sparse infill
;WIDTH:0.45
G1 F3000
G1 X126.88 Y136.095 E.05401
G1 X127.55 Y135.908 E.02307
G1 X128.205 Y135.562 E.02458
G1 X128.86 Y135.012 E.02838
G1 X129.12 Y134.737 E.01255
G1 X129.12 Y133.88 E.02846
G1 X128.35 Y133.88 E.02556
M205 X8 Y8
G1 X152.88 Y134.11 F7200
M205 X10 Y10
G1 F3000
G1 X152.88 Y133.88 E.00766
G1 X154.277 Y133.88 E.04636
G1 X154.411 Y133.95 E.00503
G1 X155.066 Y134.501 E.02838
G1 X155.12 Y134.558 E.0026
G1 X155.12 Y136.12 E.05184
G1 X155.055 Y136.12 E.00218
M205 X8 Y8
G1 X161.748 Y80.448 F7200
M205 X10 Y10
;TYPE:Internal solid infill
;WIDTH:0.513826
G1 F3600
G1 X162.552 Y81.252 E.04362
G1 X162.552 Y80.448 E.03085
G1 X161.788 Y80.448 E.02931
M205 X8 Y8
G1 X160.847 Y80.111 F7200
M205 X10 Y10
;WIDTH:0.450286
G1 F3600
G1 X162.706 Y81.97 E.08726
G1 X162.706 Y82.546 E.01912
G1 X160.473 Y80.313 E.10481
G1 X159.897 Y80.313 E.01912
G1 X162.706 Y83.122 E.13186
G1 X162.706 Y83.698 E.01912
G1 X159.321 Y80.313 E.1589
G1 X158.745 Y80.313 E.01912
G1 X162.706 Y84.274 E.18595
G1 X162.706 Y84.85 E.01912
G1 X158.169 Y80.313 E.21299
G1 X157.593 Y80.313 E.01912
G1 X162.706 Y85.426 E.24004
G1 X162.706 Y86.002 E.01912
G1 X157.017 Y80.313 E.26708
G1 X156.44 Y80.313 E.01912
G1 X162.706 Y86.578 E.29413
G1 X162.706 Y87.155 E.01912
G1 X155.864 Y80.313 E.32117
G1 X155.288 Y80.313 E.01912
G1 X162.706 Y87.731 E.34822
G1 X162.706 Y88.307 E.01912
G1 X154.712 Y80.313 E.37527
G1 X154.136 Y80.313 E.01912
G1 X162.706 Y88.883 E.40231
G1 X162.706 Y89.459 E.01912
G1 X153.56 Y80.313 E.42936
G1 X152.984 Y80.313 E.01912
G1 X162.706 Y90.035 E.4564
G1 X162.706 Y90.611 E.01912
G1 X152.408 Y80.313 E.48345
G1 X151.832 Y80.313 E.01912
G1 X154.991 Y83.473 E.14832
G1 X155.308 Y83.473 E.01052
G1 X155.527 Y83.692 E.0103
G1 X155.527 Y84.009 E.01052
G1 X162.706 Y91.187 E.33699
G1 X162.706 Y91.763 E.01912
G1 X155.527 Y84.585 E.33699
G1 X155.527 Y85.161 E.01912
G1 X162.706 Y92.339 E.33699
G1 X162.706 Y92.916 E.01912
G1 X155.527 Y85.737 E.33699
G1 X155.525 Y86.311 E.01904
G1 X162.706 Y93.492 E.33711
G1 X162.706 Y94.068 E.01912
G1 X155.166 Y86.527 E.35398
G1 X154.59 Y86.527 E.01912
G1 X162.706 Y94.644 E.38102
G1 X162.706 Y95.22 E.01912
G1 X154.013 Y86.527 E.40807
G1 X153.437 Y86.527 E.01912
G1 X162.889 Y95.979 E.44371
M205 X8 Y8
G1 X154.598 Y83.656 F7200
M205 X10 Y10
G1 F3600
G1 X151.256 Y80.313 E.15692
G1 X150.679 Y80.313 E.01912
G1 X153.839 Y83.473 E.14832
G1 X153.263 Y83.473 E.01912
G1 X150.103 Y80.313 E.14832
G1 X149.527 Y80.313 E.01912
G1 X152.689 Y83.475 E.14844
G1 X152.473 Y83.692 E.01018
G1 X152.473 Y83.834 E.00473
G1 X148.951 Y80.313 E.16531
G1 X148.375 Y80.313 E.01912
G1 X152.473 Y84.41 E.19236
G1 X152.473 Y84.987 E.01912
G1 X147.799 Y80.313 E.2194
G1 X147.223 Y80.313 E.01912
G1 X152.656 Y85.746 E.25505
M205 X8 Y8
G1 X146.464 Y80.13 F7200
M205 X10 Y10
G1 F3600
G1 X162.706 Y96.372 E.7625
G1 X162.706 Y96.948 E.01912
G1 X146.071 Y80.313 E.78094
G1 X145.495 Y80.313 E.01912
G1 X162.706 Y97.524 E.80799
M73 P64 R25
G1 X162.706 Y98.1 E.01912
G1 X144.918 Y80.313 E.83503
G1 X144.342 Y80.313 E.01912
G1 X162.706 Y98.677 E.86208
G1 X162.706 Y99.253 E.01912
G1 X143.766 Y80.313 E.88912
G1 X143.19 Y80.313 E.01912
G1 X162.706 Y99.829 E.91617
G1 X162.706 Y100.405 E.01912
G1 X142.614 Y80.313 E.94321
G1 X142.038 Y80.313 E.01912
G1 X162.706 Y100.981 E.97026
G1 X162.706 Y101.557 E.01912
G1 X141.462 Y80.313 E.9973
G1 X140.886 Y80.313 E.01912
G1 X162.706 Y102.133 E1.02435
G1 X162.706 Y102.709 E.01912
G1 X140.31 Y80.313 E1.05139
G1 X139.734 Y80.313 E.01912
G1 X162.706 Y103.285 E1.07844
G1 X162.706 Y103.861 E.01912
G1 X139.157 Y80.313 E1.10548
G1 X138.581 Y80.313 E.01912
G1 X162.706 Y104.438 E1.13253
G1 X162.706 Y105.014 E.01912
G1 X138.005 Y80.313 E1.15958
G1 X137.429 Y80.313 E.01912
G1 X162.706 Y105.59 E1.18662
G1 X162.706 Y106.166 E.01912
G1 X136.853 Y80.313 E1.21367
G1 X136.277 Y80.313 E.01912
G1 X162.706 Y106.742 E1.24071
G1 X162.706 Y107.318 E.01912
G1 X135.701 Y80.313 E1.26776
G1 X135.125 Y80.313 E.01912
G1 X162.706 Y107.894 E1.2948
G1 X162.706 Y108.47 E.01912
G1 X134.549 Y80.313 E1.32185
G1 X133.972 Y80.313 E.01912
G1 X162.706 Y109.046 E1.34889
G1 X162.706 Y109.623 E.01912
G1 X133.396 Y80.313 E1.37594
G1 X132.82 Y80.313 E.01912
G1 X162.706 Y110.199 E1.40298
G1 X162.706 Y110.775 E.01912
G1 X132.244 Y80.313 E1.43003
G1 X131.668 Y80.313 E.01912
G1 X162.706 Y111.351 E1.45707
G1 X162.706 Y111.927 E.01912
G1 X131.092 Y80.313 E1.48412
G1 X130.516 Y80.313 E.01912
G1 X162.706 Y112.503 E1.51116
G1 X162.706 Y113.079 E.01912
G1 X129.94 Y80.313 E1.53821
G1 X129.364 Y80.313 E.01912
G1 X162.706 Y113.655 E1.56525
G1 X162.706 Y114.231 E.01912
G1 X128.788 Y80.313 E1.5923
G1 X128.211 Y80.313 E.01912
G1 X162.706 Y114.807 E1.61934
G1 X162.706 Y115.384 E.01912
G1 X127.635 Y80.313 E1.64639
G1 X127.059 Y80.313 E.01912
G1 X162.706 Y115.96 E1.67343
G1 X162.706 Y116.536 E.01912
G1 X126.483 Y80.313 E1.70048
G1 X125.907 Y80.313 E.01912
G1 X162.706 Y117.112 E1.72752
G1 X162.706 Y117.688 E.01912
G1 X129.527 Y84.51 E1.55756
G1 X129.527 Y85.086 E.01912
G1 X162.706 Y118.264 E1.55756
G1 X162.706 Y118.84 E.01912
G1 X129.527 Y85.662 E1.55756
G1 X129.527 Y86.238 E.01912
M73 P64 R24
G1 X162.706 Y119.416 E1.55756
G1 X162.706 Y119.992 E.01912
G1 X129.241 Y86.527 E1.57101
G1 X128.665 Y86.527 E.01912
G1 X162.706 Y120.568 E1.59806
G1 X162.706 Y121.145 E.01912
G1 X128.089 Y86.527 E1.6251
G1 X127.513 Y86.527 E.01912
G1 X162.889 Y121.904 E1.66075
M205 X8 Y8
G1 X128.674 Y83.656 F7200
M205 X10 Y10
G1 F3600
G1 X125.331 Y80.313 E.15692
G1 X124.755 Y80.313 E.01912
G1 X127.914 Y83.473 E.14832
G1 X127.338 Y83.473 E.01912
G1 X124.179 Y80.313 E.14832
G1 X123.603 Y80.313 E.01912
G1 X126.762 Y83.473 E.14832
G1 X126.692 Y83.473 E.00233
G1 X126.473 Y83.692 E.0103
G1 X126.473 Y83.759 E.00223
G1 X123.027 Y80.313 E.16177
G1 X122.45 Y80.313 E.01912
G1 X126.473 Y84.335 E.18882
G1 X126.473 Y84.911 E.01912
G1 X121.874 Y80.313 E.21586
G1 X121.298 Y80.313 E.01912
G1 X126.656 Y85.67 E.25151
M205 X8 Y8
G1 X120.539 Y80.13 F7200
M205 X10 Y10
G1 F3600
G1 X162.706 Y122.297 E1.97953
G1 X162.706 Y122.873 E.01912
G1 X120.146 Y80.313 E1.99798
G1 X119.57 Y80.313 E.01912
G1 X162.706 Y123.449 E2.02502
G1 X162.706 Y124.025 E.01912
G1 X118.994 Y80.313 E2.05207
G1 X118.418 Y80.313 E.01912
G1 X162.706 Y124.601 E2.07911
G1 X162.706 Y125.177 E.01912
G1 X117.842 Y80.313 E2.10616
G1 X117.266 Y80.313 E.01912
M73 P65 R24
G1 X162.706 Y125.753 E2.1332
G1 X162.706 Y126.329 E.01912
G1 X116.689 Y80.313 E2.16025
G1 X116.113 Y80.313 E.01912
G1 X162.706 Y126.906 E2.18729
G1 X162.706 Y127.482 E.01912
G1 X115.537 Y80.313 E2.21434
G1 X114.961 Y80.313 E.01912
G1 X162.706 Y128.058 E2.24138
G1 X162.706 Y128.634 E.01912
G1 X114.385 Y80.313 E2.26843
G1 X113.809 Y80.313 E.01912
G1 X162.706 Y129.21 E2.29547
G1 X162.706 Y129.786 E.01912
G1 X113.233 Y80.313 E2.32252
G1 X112.657 Y80.313 E.01912
G1 X162.706 Y130.362 E2.34956
G1 X162.706 Y130.938 E.01912
G1 X112.081 Y80.313 E2.37661
G1 X111.504 Y80.313 E.01912
G1 X162.706 Y131.514 E2.40365
G1 X162.706 Y132.091 E.01912
G1 X110.928 Y80.313 E2.4307
G1 X110.352 Y80.313 E.01912
G1 X162.706 Y132.667 E2.45774
G1 X162.706 Y133.243 E.01912
G1 X109.776 Y80.313 E2.48479
G1 X109.2 Y80.313 E.01912
G1 X162.706 Y133.819 E2.51183
G1 X162.706 Y134.395 E.01912
G1 X108.624 Y80.313 E2.53888
G1 X108.048 Y80.313 E.01912
G1 X162.706 Y134.971 E2.56592
G1 X162.706 Y135.547 E.01912
G1 X107.472 Y80.313 E2.59297
G1 X106.896 Y80.313 E.01912
G1 X162.706 Y136.123 E2.62001
G1 X162.706 Y136.699 E.01912
G1 X106.32 Y80.313 E2.64706
G1 X105.743 Y80.313 E.01912
G1 X162.706 Y137.275 E2.6741
G1 X162.706 Y137.852 E.01912
G1 X105.167 Y80.313 E2.70115
G1 X104.591 Y80.313 E.01912
G1 X162.706 Y138.428 E2.72819
G1 X162.706 Y139.004 E.01912
G1 X104.015 Y80.313 E2.75524
G1 X103.94 Y80.313 E.00248
G1 X105.258 Y81.63 E.06184
G1 X105.046 Y81.842 E.00992
G1 X105.046 Y81.92 E.00261
G1 X162.706 Y139.58 E2.70683
G1 X162.706 Y139.706 E.00418
G1 X162.256 Y139.706 E.01494
G1 X105.046 Y82.496 E2.6857
G1 X105.046 Y82.993 E.01649
G1 X105.027 Y83.012 E.00089
G1 X105.027 Y83.054 E.00138
G1 X161.68 Y139.706 E2.65954
G1 X161.104 Y139.706 E.01912
G1 X155.527 Y134.13 E.26177
G1 X155.527 Y133.692 E.01453
G1 X155.308 Y133.473 E.0103
G1 X154.87 Y133.473 E.01453
G1 X105.027 Y83.63 E2.33987
G1 X105.027 Y84.206 E.01912
G1 X154.294 Y133.473 E2.31283
G1 X153.718 Y133.473 E.01912
G1 X104.773 Y84.527 E2.29773
G1 X104.197 Y84.527 E.01912
G1 X153.142 Y133.473 E2.29773
G1 X152.692 Y133.473 E.01494
G1 X152.629 Y133.536 E.00296
G1 X103.621 Y84.527 E2.30069
G1 X103.045 Y84.527 E.01912
M73 P66 R24
G1 X152.656 Y134.138 E2.32899
M205 X8 Y8
G1 X155.344 Y134.523 F7200
M205 X10 Y10
G1 F3600
G1 X160.528 Y139.706 E.24333
G1 X159.951 Y139.706 E.01912
G1 X155.527 Y135.282 E.20768
G1 X155.527 Y135.858 E.01912
G1 X159.375 Y139.706 E.18064
G1 X158.799 Y139.706 E.01912
G1 X155.464 Y136.371 E.15655
G1 X155.308 Y136.527 E.00734
G1 X155.045 Y136.527 E.00874
G1 X158.223 Y139.706 E.14921
G1 X157.647 Y139.706 E.01912
G1 X154.469 Y136.527 E.14921
G1 X153.893 Y136.527 E.01912
G1 X157.071 Y139.706 E.14921
G1 X156.495 Y139.706 E.01912
G1 X153.133 Y136.344 E.15781
M205 X8 Y8
M73 P66 R23
G1 X102.156 Y82.486 F7200
M205 X10 Y10
G1 F3600
G1 X99.964 Y80.294 E.10291
G1 X99.892 Y80.294 E.00239
G1 X99.873 Y80.313 E.00089
G1 X99.406 Y80.313 E.01548
G1 X101.973 Y82.879 E.12047
G1 X101.973 Y83.455 E.01912
G1 X98.83 Y80.313 E.14751
G1 X98.254 Y80.313 E.01912
G1 X101.973 Y84.031 E.17456
G1 X101.973 Y84.308 E.00919
G1 X102.192 Y84.527 E.0103
G1 X102.469 Y84.527 E.00919
G1 X152.473 Y134.531 E2.34744
G1 X152.473 Y135.107 E.01912
G1 X97.678 Y80.313 E2.57233
G1 X97.102 Y80.313 E.01912
G1 X152.656 Y135.867 E2.60798
M205 X8 Y8
G1 X156.102 Y139.889 F7200
M205 X10 Y10
G1 F3600
G1 X96.526 Y80.313 E2.7968
G1 X95.95 Y80.313 E.01912
G1 X155.343 Y139.706 E2.7882
G1 X154.767 Y139.706 E.01912
G1 X95.374 Y80.313 E2.7882
G1 X94.798 Y80.313 E.01912
G1 X154.19 Y139.706 E2.7882
G1 X153.614 Y139.706 E.01912
G1 X94.221 Y80.313 E2.7882
G1 X93.645 Y80.313 E.01912
G1 X153.038 Y139.706 E2.7882
G1 X152.462 Y139.706 E.01912
G1 X93.069 Y80.313 E2.7882
G1 X92.493 Y80.313 E.01912
G1 X151.886 Y139.706 E2.7882
G1 X151.31 Y139.706 E.01912
G1 X91.917 Y80.313 E2.7882
G1 X91.341 Y80.313 E.01912
G1 X150.734 Y139.706 E2.7882
G1 X150.158 Y139.706 E.01912
G1 X90.765 Y80.313 E2.7882
G1 X90.189 Y80.313 E.01912
G1 X149.582 Y139.706 E2.7882
G1 X149.005 Y139.706 E.01912
G1 X89.613 Y80.313 E2.7882
G1 X89.036 Y80.313 E.01912
G1 X148.429 Y139.706 E2.7882
G1 X147.853 Y139.706 E.01912
G1 X88.46 Y80.313 E2.7882
G1 X87.884 Y80.313 E.01912
G1 X147.277 Y139.706 E2.7882
G1 X146.701 Y139.706 E.01912
G1 X87.308 Y80.313 E2.7882
G1 X86.732 Y80.313 E.01912
G1 X146.125 Y139.706 E2.7882
G1 X145.549 Y139.706 E.01912
G1 X86.156 Y80.313 E2.7882
G1 X85.58 Y80.313 E.01912
G1 X144.973 Y139.706 E2.7882
G1 X144.397 Y139.706 E.01912
G1 X85.004 Y80.313 E2.7882
G1 X84.428 Y80.313 E.01912
G1 X143.821 Y139.706 E2.7882
G1 X143.244 Y139.706 E.01912
M73 P67 R23
G1 X83.852 Y80.313 E2.7882
G1 X83.275 Y80.313 E.01912
G1 X142.668 Y139.706 E2.7882
G1 X142.092 Y139.706 E.01912
G1 X82.699 Y80.313 E2.7882
G1 X82.123 Y80.313 E.01912
G1 X141.516 Y139.706 E2.7882
G1 X140.94 Y139.706 E.01912
G1 X81.547 Y80.313 E2.7882
G1 X80.971 Y80.313 E.01912
G1 X140.364 Y139.706 E2.7882
G1 X139.788 Y139.706 E.01912
G1 X80.395 Y80.313 E2.7882
G1 X79.819 Y80.313 E.01912
G1 X139.212 Y139.706 E2.7882
G1 X138.636 Y139.706 E.01912
G1 X79.243 Y80.313 E2.7882
G1 X78.667 Y80.313 E.01912
G1 X138.06 Y139.706 E2.7882
G1 X137.483 Y139.706 E.01912
G1 X78.091 Y80.313 E2.7882
G1 X77.514 Y80.313 E.01912
G1 X136.907 Y139.706 E2.7882
G1 X136.331 Y139.706 E.01912
G1 X76.938 Y80.313 E2.7882
G1 X76.362 Y80.313 E.01912
G1 X135.755 Y139.706 E2.7882
G1 X135.179 Y139.706 E.01912
M73 P67 R22
G1 X129.527 Y134.054 E.26531
G1 X129.527 Y133.692 E.01203
G1 X129.308 Y133.473 E.0103
G1 X128.946 Y133.473 E.01203
G1 X75.786 Y80.313 E2.49558
G1 X75.21 Y80.313 E.01912
G1 X128.37 Y133.473 E2.49558
G1 X127.793 Y133.473 E.01912
G1 X74.634 Y80.313 E2.49558
G1 X74.058 Y80.313 E.01912
G1 X127.217 Y133.473 E2.49558
G1 X126.692 Y133.473 E.01744
G1 X126.667 Y133.498 E.00119
G1 X73.482 Y80.313 E2.49677
G1 X72.906 Y80.313 E.01912
G1 X126.473 Y133.88 E2.5147
G1 X126.473 Y134.456 E.01912
G1 X72.33 Y80.313 E2.54175
G1 X71.753 Y80.313 E.01912
G1 X126.473 Y135.032 E2.56879
G1 X126.473 Y135.608 E.01912
G1 X70.994 Y80.13 E2.60444
M205 X8 Y8
G1 X61.156 Y82.39 F7200
M205 X10 Y10
G1 F3600
G1 X59.06 Y80.294 E.09837
G1 X58.484 Y80.294 E.01912
G1 X60.973 Y82.782 E.11682
G1 X60.973 Y83.359 E.01912
G1 X57.725 Y80.111 E.15246
M205 X8 Y8
G1 X134.786 Y139.889 F7200
M205 X10 Y10
G1 F3600
G1 X129.527 Y134.63 E.24687
G1 X129.527 Y135.207 E.01912
G1 X134.027 Y139.706 E.21122
G1 X133.451 Y139.706 E.01912
G1 X129.527 Y135.783 E.18418
G1 X129.527 Y136.308 E.01744
G1 X129.502 Y136.333 E.00119
G1 X132.875 Y139.706 E.15832
G1 X132.299 Y139.706 E.01912
G1 X129.12 Y136.527 E.14921
G1 X128.544 Y136.527 E.01912
G1 X131.722 Y139.706 E.14921
G1 X131.146 Y139.706 E.01912
G1 X127.968 Y136.527 E.14921
G1 X127.392 Y136.527 E.01912
G1 X130.57 Y139.706 E.14921
G1 X129.994 Y139.706 E.01912
G1 X70.601 Y80.313 E2.7882
G1 X70.025 Y80.313 E.01912
G1 X129.418 Y139.706 E2.7882
G1 X128.842 Y139.706 E.01912
G1 X69.449 Y80.313 E2.7882
G1 X68.873 Y80.313 E.01912
G1 X128.266 Y139.706 E2.7882
G1 X127.69 Y139.706 E.01912
M73 P68 R22
G1 X68.297 Y80.313 E2.7882
G1 X67.721 Y80.313 E.01912
G1 X127.114 Y139.706 E2.7882
G1 X126.537 Y139.706 E.01912
G1 X67.145 Y80.313 E2.7882
G1 X66.568 Y80.313 E.01912
G1 X125.961 Y139.706 E2.7882
G1 X125.385 Y139.706 E.01912
G1 X65.992 Y80.313 E2.7882
G1 X65.416 Y80.313 E.01912
G1 X124.809 Y139.706 E2.7882
G1 X124.233 Y139.706 E.01912
G1 X64.84 Y80.313 E2.7882
G1 X64.264 Y80.313 E.01912
G1 X123.657 Y139.706 E2.7882
G1 X123.081 Y139.706 E.01912
G1 X63.688 Y80.313 E2.7882
G1 X63.112 Y80.313 E.01912
G1 X122.505 Y139.706 E2.7882
G1 X121.929 Y139.706 E.01912
G1 X64.046 Y81.824 E2.71729
G1 X64.046 Y82.4 E.01912
G1 X121.353 Y139.706 E2.69024
G1 X120.776 Y139.706 E.01912
G1 X64.046 Y82.976 E2.6632
G1 X64.046 Y83.552 E.01912
G1 X120.2 Y139.706 E2.63615
G1 X119.624 Y139.706 E.01912
G1 X64.027 Y84.109 E2.60999
G1 X64.027 Y84.308 E.0066
G1 X63.839 Y84.497 E.00885
G1 X119.048 Y139.706 E2.5918
G1 X118.472 Y139.706 E.01912
G1 X63.294 Y84.527 E2.59035
G1 X62.718 Y84.527 E.01912
G1 X117.896 Y139.706 E2.59035
G1 X117.32 Y139.706 E.01912
G1 X61.958 Y84.344 E2.59895
M205 X8 Y8
G1 X57.149 Y80.111 F7200
M205 X10 Y10
G1 F3600
G1 X60.973 Y83.935 E.17951
G1 X60.973 Y84.308 E.0124
G1 X61.192 Y84.527 E.0103
G1 X61.565 Y84.527 E.0124
G1 X116.744 Y139.706 E2.59035
G1 X116.168 Y139.706 E.01912
G1 X57.294 Y80.832 E2.76382
G1 X57.294 Y81.408 E.01912
G1 X115.592 Y139.706 E2.73678
G1 X115.015 Y139.706 E.01912
G1 X57.294 Y81.985 E2.70973
G1 X57.294 Y82.561 E.01912
G1 X114.439 Y139.706 E2.68269
G1 X113.863 Y139.706 E.01912
G1 X57.294 Y83.137 E2.65564
G1 X57.294 Y83.713 E.01912
G1 X113.287 Y139.706 E2.6286
G1 X112.711 Y139.706 E.01912
M73 P68 R21
G1 X57.294 Y84.289 E2.60155
G1 X57.294 Y84.865 E.01912
G1 X112.135 Y139.706 E2.5745
G1 X111.559 Y139.706 E.01912
M73 P69 R21
G1 X57.294 Y85.441 E2.54746
G1 X57.294 Y86.017 E.01912
G1 X110.983 Y139.706 E2.52041
G1 X110.407 Y139.706 E.01912
G1 X57.294 Y86.593 E2.49337
G1 X57.294 Y87.169 E.01912
G1 X109.831 Y139.706 E2.46632
G1 X109.254 Y139.706 E.01912
G1 X57.294 Y87.746 E2.43928
G1 X57.294 Y88.322 E.01912
G1 X104.445 Y135.473 E2.2135
G1 X104.808 Y135.473 E.01206
G1 X105.027 Y135.692 E.0103
G1 X105.027 Y136.055 E.01206
G1 X108.678 Y139.706 E.17139
G1 X108.102 Y139.706 E.01912
G1 X104.844 Y136.448 E.15294
M205 X8 Y8
G1 X104.052 Y135.656 F7200
M205 X10 Y10
G1 F3600
G1 X57.294 Y88.898 E2.19505
G1 X57.294 Y89.474 E.01912
G1 X103.293 Y135.473 E2.15941
G1 X102.717 Y135.473 E.01912
G1 X57.294 Y90.05 E2.13236
G1 X57.294 Y90.626 E.01912
G1 X102.166 Y135.498 E2.10652
G1 X101.973 Y135.692 E.00909
G1 X101.973 Y135.881 E.00626
G1 X57.294 Y91.202 E2.09743
G1 X57.294 Y91.778 E.01912
G1 X101.973 Y136.457 E2.09743
G1 X101.973 Y137.033 E.01912
G1 X57.294 Y92.354 E2.09743
G1 X57.294 Y92.931 E.01912
G1 X102.156 Y137.792 E2.10603
M205 X8 Y8
G1 X103.403 Y139.04 F7200
M205 X10 Y10
G1 F3600
G1 X104.051 Y139.687 E.03038
G1 X103.595 Y139.687 E.01512
G1 X103.576 Y139.706 E.00089
G1 X103.493 Y139.706 E.00274
G1 X57.294 Y93.507 E2.16883
G1 X57.294 Y94.083 E.01912
G1 X102.917 Y139.706 E2.14178
G1 X102.341 Y139.706 E.01912
G1 X57.294 Y94.659 E2.11474
G1 X57.294 Y95.235 E.01912
G1 X101.765 Y139.706 E2.08769
G1 X101.189 Y139.706 E.01912
G1 X57.294 Y95.811 E2.06065
G1 X57.294 Y96.387 E.01912
G1 X100.613 Y139.706 E2.0336
G1 X100.037 Y139.706 E.01912
G1 X57.294 Y96.963 E2.00656
G1 X57.294 Y97.539 E.01912
G1 X99.461 Y139.706 E1.97951
G1 X98.885 Y139.706 E.01912
G1 X57.294 Y98.115 E1.95247
G1 X57.294 Y98.692 E.01912
G1 X98.308 Y139.706 E1.92542
G1 X97.732 Y139.706 E.01912
G1 X57.294 Y99.268 E1.89838
G1 X57.294 Y99.844 E.01912
G1 X97.156 Y139.706 E1.87133
G1 X96.58 Y139.706 E.01912
G1 X57.294 Y100.42 E1.84429
G1 X57.294 Y100.996 E.01912
G1 X96.004 Y139.706 E1.81724
G1 X95.428 Y139.706 E.01912
G1 X57.294 Y101.572 E1.79019
G1 X57.294 Y102.148 E.01912
G1 X94.852 Y139.706 E1.76315
G1 X94.276 Y139.706 E.01912
G1 X57.294 Y102.724 E1.7361
G1 X57.294 Y103.3 E.01912
G1 X93.7 Y139.706 E1.70906
G1 X93.124 Y139.706 E.01912
G1 X57.294 Y103.876 E1.68201
G1 X57.294 Y104.453 E.01912
G1 X92.547 Y139.706 E1.65497
G1 X91.971 Y139.706 E.01912
G1 X57.294 Y105.029 E1.62792
G1 X57.294 Y105.605 E.01912
G1 X91.395 Y139.706 E1.60088
G1 X90.819 Y139.706 E.01912
G1 X57.294 Y106.181 E1.57383
G1 X57.294 Y106.757 E.01912
G1 X90.243 Y139.706 E1.54679
G1 X89.667 Y139.706 E.01912
M73 P70 R21
G1 X57.294 Y107.333 E1.51974
G1 X57.294 Y107.909 E.01912
G1 X89.091 Y139.706 E1.4927
G1 X88.515 Y139.706 E.01912
G1 X57.294 Y108.485 E1.46565
G1 X57.294 Y109.061 E.01912
G1 X87.939 Y139.706 E1.43861
G1 X87.363 Y139.706 E.01912
G1 X57.294 Y109.637 E1.41156
G1 X57.294 Y110.214 E.01912
G1 X86.786 Y139.706 E1.38452
G1 X86.21 Y139.706 E.01912
G1 X57.294 Y110.79 E1.35747
G1 X57.294 Y111.366 E.01912
G1 X85.634 Y139.706 E1.33043
G1 X85.058 Y139.706 E.01912
G1 X57.294 Y111.942 E1.30338
G1 X57.294 Y112.518 E.01912
G1 X84.482 Y139.706 E1.27634
G1 X83.906 Y139.706 E.01912
G1 X57.294 Y113.094 E1.24929
G1 X57.294 Y113.67 E.01912
G1 X83.33 Y139.706 E1.22225
G1 X82.754 Y139.706 E.01912
G1 X57.294 Y114.246 E1.1952
G1 X57.294 Y114.822 E.01912
G1 X82.178 Y139.706 E1.16816
G1 X81.601 Y139.706 E.01912
G1 X57.294 Y115.399 E1.14111
G1 X57.294 Y115.975 E.01912
G1 X81.025 Y139.706 E1.11407
G1 X80.449 Y139.706 E.01912
G1 X57.294 Y116.551 E1.08702
G1 X57.294 Y117.127 E.01912
G1 X79.873 Y139.706 E1.05998
G1 X79.297 Y139.706 E.01912
M73 P70 R20
G1 X57.294 Y117.703 E1.03293
G1 X57.294 Y118.279 E.01912
G1 X78.721 Y139.706 E1.00589
G1 X78.145 Y139.706 E.01912
G1 X57.294 Y118.855 E.97884
G1 X57.294 Y119.431 E.01912
G1 X77.569 Y139.706 E.95179
G1 X76.993 Y139.706 E.01912
G1 X57.294 Y120.007 E.92475
G1 X57.294 Y120.583 E.01912
G1 X76.417 Y139.706 E.8977
G1 X75.84 Y139.706 E.01912
G1 X57.294 Y121.16 E.87066
G1 X57.294 Y121.736 E.01912
G1 X75.264 Y139.706 E.84361
G1 X74.688 Y139.706 E.01912
G1 X57.294 Y122.312 E.81657
G1 X57.294 Y122.888 E.01912
G1 X74.112 Y139.706 E.78952
G1 X73.536 Y139.706 E.01912
G1 X57.294 Y123.464 E.76248
G1 X57.294 Y124.04 E.01912
G1 X72.96 Y139.706 E.73543
G1 X72.384 Y139.706 E.01912
G1 X57.294 Y124.616 E.70839
G1 X57.294 Y125.192 E.01912
G1 X71.808 Y139.706 E.68134
G1 X71.232 Y139.706 E.01912
G1 X57.294 Y125.768 E.6543
G1 X57.294 Y126.344 E.01912
G1 X70.656 Y139.706 E.62725
G1 X70.079 Y139.706 E.01912
G1 X57.294 Y126.921 E.60021
G1 X57.294 Y127.497 E.01912
G1 X69.503 Y139.706 E.57316
G1 X68.927 Y139.706 E.01912
G1 X57.294 Y128.073 E.54612
G1 X57.294 Y128.649 E.01912
G1 X68.351 Y139.706 E.51907
G1 X67.775 Y139.706 E.01912
G1 X64.027 Y135.958 E.17593
G1 X64.027 Y135.692 E.00885
G1 X63.808 Y135.473 E.0103
G1 X63.542 Y135.473 E.00885
G1 X57.294 Y129.225 E.29329
G1 X57.294 Y129.801 E.01912
G1 X62.966 Y135.473 E.26625
G1 X62.389 Y135.473 E.01912
G1 X57.294 Y130.377 E.2392
G1 X57.294 Y130.953 E.01912
G1 X61.813 Y135.473 E.21216
G1 X61.237 Y135.473 E.01912
G1 X57.294 Y131.529 E.18511
G1 X57.294 Y132.105 E.01912
G1 X60.973 Y135.784 E.17268
G1 X60.973 Y136.36 E.01912
G1 X57.294 Y132.682 E.17268
G1 X57.294 Y133.258 E.01912
G1 X60.973 Y136.936 E.17268
G1 X60.973 Y137.512 E.01912
G1 X57.111 Y133.651 E.18128
M205 X8 Y8
G1 X63.33 Y139.87 F7200
M205 X10 Y10
G1 F3600
G1 X62.452 Y138.991 E.04125
M205 X8 Y8
G1 X62.773 Y139.889 F7200
M205 X10 Y10
G1 F3600
G1 X57.294 Y134.41 E.25722
G1 X57.294 Y134.986 E.01912
G1 X62.014 Y139.706 E.22158
G1 X61.438 Y139.706 E.01912
G1 X57.294 Y135.562 E.19453
G1 X57.294 Y136.138 E.01912
G1 X60.862 Y139.706 E.16748
G1 X60.286 Y139.706 E.01912
G1 X57.294 Y136.714 E.14044
G1 X57.294 Y137.29 E.01912
G1 X59.71 Y139.706 E.11339
G1 X59.133 Y139.706 E.01912
G1 X57.294 Y137.867 E.08635
G1 X57.294 Y138.443 E.01912
G1 X58.557 Y139.706 E.0593
G1 X57.981 Y139.706 E.01912
G1 X57.111 Y138.836 E.04086
M205 X8 Y8
G1 X63.844 Y136.351 F7200
M205 X10 Y10
G1 F3600
G1 X67.382 Y139.889 E.16608
M205 X8 Y8
G1 X63.449 Y139.787 F7200
M205 X10 Y10
;TYPE:Gap infill
;WIDTH:0.119187
G1 F2400
G1 X63.509 Y139.706 E.00063
G1 X62.609 Y138.805 E.00791
M205 X8 Y8
G1 X62.336 Y139.108 F7200
M205 X10 Y10
;WIDTH:0.12161
G1 F2400
G1 X61.552 Y138.324 E.00711
M205 X8 Y8
G1 X61.176 Y82.086 F7200
M205 X10 Y10
;WIDTH:0.0937698
G1 F2400
G1 X59.303 Y80.213 E.01098
M205 X8 Y8
G1 X63.681 Y84.324 F7200
M205 X10 Y10
;WIDTH:0.173039
G1 F2400
G1 X63.561 Y84.4 E.00151
G1 X63.622 Y84.568 E.0019
M205 X8 Y8
G1 X102.386 Y135.43 F7200
M205 X10 Y10
;WIDTH:0.189404
G1 F2400
G1 X102.445 Y135.599 E.00214
G1 X102.319 Y135.676 E.00177
M205 X8 Y8
G1 X104.383 Y139.762 F7200
M205 X10 Y10
;WIDTH:0.104322
G1 F2400
G1 X104.311 Y139.619 E.0008
G1 X103.554 Y138.861 E.00536
M205 X8 Y8
G1 X103.28 Y139.163 F7200
M205 X10 Y10
;WIDTH:0.101231
G1 F2400
G1 X102.441 Y138.324 E.00564
M205 X8 Y8
G1 X152.92 Y83.418 F7200
M205 X10 Y10
;WIDTH:0.197978
G1 F2400
G1 X152.972 Y83.591 E.00228
G1 X152.817 Y83.676 E.00224
M205 X8 Y8
G1 X129.315 Y86.233 F7200
M205 X10 Y10
;WIDTH:0.095647
G1 F2400
G1 X129.297 Y86.296 E.00028
G1 X129.233 Y86.314 E.00028
M205 X8 Y8
G1 X104.875 Y82.876 F7200
M205 X10 Y10
;TYPE:Internal solid infill
;WIDTH:0.38292
G1 F3600
G1 X104.811 Y82.913 E.00204
G1 X104.876 Y82.948 E.00204
M205 X8 Y8
G1 X104.795 Y81.574 F7200
M205 X10 Y10
G1 F3600
G1 X104.824 Y81.602 E.00112
M205 X8 Y8
G1 X104.724 Y81.531 F7200
M205 X10 Y10
;WIDTH:0.410172
G1 F3600
G1 X104.202 Y81.051 E.02122
;WIDTH:0.448682
G1 X103.495 Y80.416 E.03143
G1 X100.647 Y80.416 E.09416
G1 X101.983 Y81.752 E.06245
G1 X102.032 Y81.632 E.00428
G1 X102.245 Y81.473 E.0088
G1 X103.307 Y81.473 E.0351
;WIDTH:0.436724
G1 X103.995 Y81.501 E.02211
;WIDTH:0.423448
G1 X104.684 Y81.53 E.02137
M205 X8 Y8
G1 X103.699 Y81.107 F7200
M205 X10 Y10
;WIDTH:0.372522
G1 F3600
G1 X103.374 Y80.782 E.01233
G1 X101.564 Y80.796 E.04861
G1 X101.965 Y81.197 E.01521
G1 X102.192 Y81.107 E.00657
G1 X103.659 Y81.107 E.03939
M205 X8 Y8
G1 X104.034 Y81.88 F7200
M205 X10 Y10
;TYPE:Sparse infill
;WIDTH:0.45
G1 F3000
G1 X102.406 Y81.88 E.05401
G1 X102.653 Y82.088 E.01074
G1 X103.309 Y82.778 E.03157
G1 X103.964 Y83.344 E.02871
G1 X104.62 Y83.642 E.02393
G1 X104.62 Y84.12 E.01587
G1 X103.47 Y84.12 E.03815
M205 X8 Y8
G1 X63.707 Y81.473 F7200
M205 X10 Y10
;TYPE:Internal solid infill
;WIDTH:0.449999
G1 F3600
G1 X62.651 Y80.416 E.04955
G1 X59.773 Y80.416 E.09548
G1 X61.019 Y81.663 E.05849
G1 X61.132 Y81.532 E.00573
G1 X61.276 Y81.473 E.00517
G1 X63.667 Y81.473 E.07932
M205 X8 Y8
G1 X62.824 Y81.107 F7200
M205 X10 Y10
;WIDTH:0.369511
G1 F3600
G1 X62.5 Y80.782 E.01222
G1 X60.672 Y80.789 E.04864
G1 X61.048 Y81.165 E.01416
G1 X61.192 Y81.107 E.00413
G1 X62.784 Y81.107 E.04238
M205 X8 Y8
G1 X63.62 Y82.083 F7200
M205 X10 Y10
;TYPE:Sparse infill
;WIDTH:0.45
G1 F3000
G1 X63.62 Y83.711 E.05401
G1 X63.344 Y83.734 E.00921
G1 X62.688 Y83.642 E.02194
G1 X62.033 Y83.344 E.02388
G1 X61.38 Y82.779 E.02865
G1 X61.38 Y84.12 E.04449
G1 X61.667 Y84.12 E.00953
; stop printing object 06_sliding_electronics_carrier_ESP32_PH.stl id:0 copy 0
;TIME_ELAPSED:3006.742188

;LAYER_CHANGE
;:2.4
;HEIGHT:0.2
;BEFORE_LAYER_CHANGE
;2.4
G92 E0
;TIME_ELAPSED:3063.547852
G1 E-4.5 F2700
;WIPE_START
G1 F3000
G1 X61.38 Y84.12 E-.06821
G1 X61.38 Y82.779 E-.31851
G1 X61.661 Y83.022 E-.08827
;WIPE_END
G1 E-.025 F2700
;_SET_FAN_SPEED_CHANGING_LAYER
; OBJECT_ID: 15
; printing object 06_sliding_electronics_carrier_ESP32_PH.stl id:0 copy 0
M205 X8 Y8
G17
G3 Z2.6 I-.617 J1.049 P1  F7200
G1 X152.493 Y136.507 Z2.6
G1 Z2.4
G1 E5 F2400
M205 X10 Y10
;TYPE:Inner wall
;WIDTH:0.449999
G1 F2700
G1 X152.493 Y133.493 E.09997
G1 X155.507 Y133.493 E.09997
G1 X155.507 Y136.507 E.09997
G1 X152.533 Y136.507 E.09865
M205 X8 Y8
G1 X152.086 Y136.914 F7200
M205 X10 Y10
G1 F2700
G1 X152.086 Y133.086 E.12698
G1 X155.914 Y133.086 E.12698
G1 X155.914 Y136.914 E.12698
G1 X152.126 Y136.914 E.12565
G1 E-4.5
;WIPE_START
G1 X152.105 Y134.914 E-.475
;WIPE_END
G1 E-.025
M205 X8 Y8
G1 X144.487 Y135.381 Z2.8 F7200
G1 X56.21 Y140.79 Z2.8
G1 Z2.4
G1 E5 F2400
M205 X10 Y10
;TYPE:Outer wall
;WIDTH:0.419999
G1 X56.21 Y79.21 E1.89218
G1 X163.79 Y79.21 E3.30563
G1 X163.79 Y140.79 E1.89218
M73 P71 R20
G1 X56.25 Y140.79 E3.3044
G1 E-4.5 F2700
;WIPE_START
G1 F2400
G1 X56.249 Y138.79 E-.475
;WIPE_END
G1 E-.025 F2700
M205 X8 Y8
G1 X63.877 Y138.542 Z2.8 F7200
G1 X126.493 Y136.507 Z2.8
G1 Z2.4
G1 E5 F2400
M205 X10 Y10
;TYPE:Inner wall
;WIDTH:0.449999
G1 F2700
G1 X126.493 Y133.493 E.09997
G1 X129.507 Y133.493 E.09997
G1 X129.507 Y136.507 E.09997
G1 X126.533 Y136.507 E.09865
M205 X8 Y8
G1 X126.086 Y136.914 F7200
M205 X10 Y10
G1 F2700
G1 X126.086 Y133.086 E.12698
G1 X129.914 Y133.086 E.12698
G1 X129.914 Y136.914 E.12698
G1 X126.126 Y136.914 E.12565
G1 E-4.5
;WIPE_START
G1 X126.105 Y134.914 E-.475
;WIPE_END
G1 E-.025
M205 X8 Y8
G1 X118.556 Y136.039 Z2.8 F7200
G1 X101.993 Y138.507 Z2.8
G1 Z2.4
G1 E5 F2400
M205 X10 Y10
G1 F2700
G1 X101.993 Y135.493 E.09997
G1 X105.007 Y135.493 E.09997
G1 X105.007 Y138.507 E.09997
G1 X102.033 Y138.507 E.09865
M205 X8 Y8
G1 X101.586 Y138.914 F7200
M205 X10 Y10
G1 F2700
G1 X101.586 Y135.086 E.12698
G1 X105.414 Y135.086 E.12698
G1 X105.414 Y138.914 E.12698
G1 X101.626 Y138.914 E.12565
G1 E-4.5
;WIPE_START
G1 X101.605 Y136.914 E-.475
;WIPE_END
G1 E-.025
M205 X8 Y8
G1 X93.979 Y137.213 Z2.8 F7200
G1 X60.993 Y138.507 Z2.8
G1 Z2.4
G1 E5 F2400
M205 X10 Y10
G1 F2700
G1 X60.993 Y135.493 E.09997
G1 X64.007 Y135.493 E.09997
G1 X64.007 Y138.507 E.09997
G1 X61.033 Y138.507 E.09865
M205 X8 Y8
G1 X60.586 Y138.914 F7200
M205 X10 Y10
G1 F2700
G1 X60.586 Y135.086 E.12698
G1 X64.414 Y135.086 E.12698
G1 X64.414 Y138.914 E.12698
G1 X60.626 Y138.914 E.12565
G1 E-4.5
;WIPE_START
G1 X60.605 Y136.914 E-.475
;WIPE_END
G1 E-.025
M205 X8 Y8
G1 X60.662 Y129.282 Z2.8 F7200
G1 X60.993 Y84.507 Z2.8
G1 Z2.4
G1 E5 F2400
M205 X10 Y10
G1 F2700
G1 X60.993 Y81.493 E.09997
G1 X64.007 Y81.493 E.09997
G1 X64.007 Y84.507 E.09997
G1 X61.033 Y84.507 E.09865
M205 X8 Y8
G1 X60.586 Y84.914 F7200
M205 X10 Y10
G1 F2700
G1 X60.586 Y81.086 E.12698
G1 X64.414 Y81.086 E.12698
G1 X64.414 Y84.914 E.12698
G1 X60.626 Y84.914 E.12565
G1 E-4.5
;WIPE_START
G1 X60.605 Y82.914 E-.475
;WIPE_END
G1 E-.025
M205 X8 Y8
G1 X68.232 Y83.208 Z2.8 F7200
G1 X101.993 Y84.507 Z2.8
G1 Z2.4
G1 E5 F2400
M205 X10 Y10
G1 F2700
G1 X101.993 Y81.493 E.09997
G1 X105.007 Y81.493 E.09997
G1 X105.007 Y84.507 E.09997
G1 X102.033 Y84.507 E.09865
M205 X8 Y8
G1 X101.586 Y84.914 F7200
M205 X10 Y10
G1 F2700
G1 X101.586 Y81.086 E.12698
G1 X105.414 Y81.086 E.12698
G1 X105.414 Y84.914 E.12698
G1 X101.626 Y84.914 E.12565
G1 E-4.5
;WIPE_START
G1 X101.605 Y82.914 E-.475
;WIPE_END
G1 E-.025
M205 X8 Y8
G1 X109.159 Y84.005 Z2.8 F7200
G1 X126.493 Y86.507 Z2.8
G1 Z2.4
G1 E5 F2400
M205 X10 Y10
G1 F2700
G1 X126.493 Y83.493 E.09997
G1 X129.507 Y83.493 E.09997
G1 X129.507 Y86.507 E.09997
G1 X126.533 Y86.507 E.09865
M205 X8 Y8
G1 X126.086 Y86.914 F7200
M205 X10 Y10
G1 F2700
G1 X126.086 Y83.086 E.12698
G1 X129.914 Y83.086 E.12698
G1 X129.914 Y86.914 E.12698
G1 X126.126 Y86.914 E.12565
G1 E-4.5
;WIPE_START
G1 X126.105 Y84.914 E-.475
;WIPE_END
G1 E-.025
M205 X8 Y8
G1 X133.724 Y85.374 Z2.8 F7200
G1 X152.493 Y86.507 Z2.8
G1 Z2.4
G1 E5 F2400
M205 X10 Y10
G1 F2700
G1 X152.493 Y83.493 E.09997
G1 X155.507 Y83.493 E.09997
G1 X155.507 Y86.507 E.09997
G1 X152.533 Y86.507 E.09865
M205 X8 Y8
G1 X152.086 Y86.914 F7200
M205 X10 Y10
G1 F2700
G1 X152.086 Y83.086 E.12698
G1 X155.914 Y83.086 E.12698
G1 X155.914 Y86.914 E.12698
G1 X152.126 Y86.914 E.12565
G1 E-4.5
;WIPE_START
G1 X152.105 Y84.914 E-.475
;WIPE_END
G1 E-.025
M205 X8 Y8
G1 X153.741 Y85.259 Z2.8 F7200
G1 Z2.4
G1 E5 F2400
M205 X10 Y10
;TYPE:Internal solid infill
;WIDTH:0.561283
G1 F3600
G1 X154.259 Y85.259 E.0219
G1 X154.259 Y84.741 E.0219
G1 X153.741 Y84.741 E.0219
G1 X153.741 Y85.219 E.02021
M205 X8 Y8
G1 X155.407 Y85.589 F7200
M205 X10 Y10
;TYPE:Top surface
;WIDTH:0.446108
G1 F2400
G1 X154.759 Y86.237 E.03011
G1 X154.188 Y86.237 E.01873
G1 X155.237 Y85.188 E.04872
G1 X155.237 Y84.618 E.01873
G1 X154.707 Y85.148 E.02463
G1 X154.707 Y85.707 E.01835
G1 X154.148 Y85.707 E.01835
G1 X153.449 Y86.407 E.03251
M205 X8 Y8
G1 X153.748 Y85.537 F7200
M205 X10 Y10
G1 F2400
G1 X153.048 Y86.237 E.03251
G1 X152.763 Y86.237 E.00936
G1 X152.763 Y85.952 E.00937
G1 X153.463 Y85.252 E.03251
M205 X8 Y8
G1 X154.537 Y84.748 F7200
M205 X10 Y10
G1 F2400
G1 X155.237 Y84.048 E.03251
G1 X155.237 Y83.763 E.00936
G1 X154.952 Y83.763 E.00937
G1 X154.252 Y84.463 E.03251
M205 X8 Y8
G1 X154.551 Y83.593 F7200
M205 X10 Y10
G1 F2400
G1 X153.852 Y84.293 E.03251
G1 X153.293 Y84.293 E.01835
G1 X153.293 Y84.852 E.01835
G1 X152.763 Y85.382 E.02463
G1 X152.763 Y84.811 E.01873
G1 X153.811 Y83.763 E.04871
G1 X153.241 Y83.763 E.01873
G1 X152.593 Y84.411 E.0301
G1 E-4.5 F2700
;WIPE_START
G1 F2400
G1 X153.241 Y83.763 E-.21759
G1 X153.811 Y83.763 E-.13542
G1 X153.448 Y84.126 E-.12199
;WIPE_END
G1 E-.025 F2700
M205 X8 Y8
G1 X145.83 Y84.59 Z2.8 F7200
G1 X129.407 Y85.589 Z2.8
G1 Z2.4
G1 E5 F2400
M205 X10 Y10
G1 X128.759 Y86.237 E.03011
G1 X128.188 Y86.237 E.01873
G1 X129.237 Y85.188 E.04872
G1 X129.237 Y84.618 E.01873
G1 X128.707 Y85.148 E.02463
G1 X128.707 Y85.707 E.01835
G1 X128.148 Y85.707 E.01835
G1 X127.449 Y86.407 E.03251
M205 X8 Y8
G1 X127.748 Y85.537 F7200
M205 X10 Y10
G1 F2400
G1 X127.048 Y86.237 E.03251
G1 X126.763 Y86.237 E.00936
G1 X126.763 Y85.952 E.00937
G1 X127.463 Y85.252 E.03251
M205 X8 Y8
G1 X128.537 Y84.748 F7200
M205 X10 Y10
G1 F2400
G1 X129.237 Y84.048 E.03251
G1 X129.237 Y83.763 E.00936
G1 X128.952 Y83.763 E.00937
G1 X128.252 Y84.463 E.03251
M205 X8 Y8
G1 X128.551 Y83.593 F7200
M205 X10 Y10
G1 F2400
G1 X127.852 Y84.293 E.03251
G1 X127.293 Y84.293 E.01835
G1 X127.293 Y84.852 E.01835
G1 X126.763 Y85.382 E.02463
G1 X126.763 Y84.811 E.01873
G1 X127.811 Y83.763 E.04871
G1 X127.241 Y83.763 E.01873
G1 X126.593 Y84.411 E.0301
M205 X8 Y8
G1 X127.741 Y85.259 F7200
M205 X10 Y10
;TYPE:Internal solid infill
;WIDTH:0.561283
G1 F3600
G1 X128.259 Y85.259 E.0219
G1 X128.259 Y84.741 E.0219
G1 X127.741 Y84.741 E.0219
G1 X127.741 Y85.219 E.02021
G1 E-4.5 F2700
;WIPE_START
G1 F3600
G1 X127.741 Y84.741 E-.11361
G1 X128.259 Y84.741 E-.12311
G1 X128.259 Y85.259 E-.12311
G1 X127.774 Y85.259 E-.11517
;WIPE_END
G1 E-.025 F2700
M205 X8 Y8
G1 X120.162 Y84.703 Z2.8 F7200
G1 X104.907 Y83.589 Z2.8
G1 Z2.4
G1 E5 F2400
M205 X10 Y10
;TYPE:Top surface
;WIDTH:0.446108
G1 X104.259 Y84.237 E.03011
G1 X103.688 Y84.237 E.01873
G1 X104.737 Y83.188 E.04872
G1 X104.737 Y82.618 E.01873
G1 X104.207 Y83.148 E.02463
G1 X104.207 Y83.707 E.01835
G1 X103.648 Y83.707 E.01835
G1 X102.949 Y84.407 E.03251
M205 X8 Y8
G1 X103.248 Y83.537 F7200
M205 X10 Y10
G1 F2400
G1 X102.548 Y84.237 E.03251
G1 X102.263 Y84.237 E.00936
G1 X102.263 Y83.952 E.00937
G1 X102.963 Y83.252 E.03251
M205 X8 Y8
G1 X104.037 Y82.748 F7200
M205 X10 Y10
G1 F2400
G1 X104.737 Y82.048 E.03251
G1 X104.737 Y81.763 E.00936
G1 X104.452 Y81.763 E.00937
G1 X103.752 Y82.463 E.03251
M205 X8 Y8
G1 X104.051 Y81.593 F7200
M205 X10 Y10
G1 F2400
G1 X103.352 Y82.293 E.03251
G1 X102.793 Y82.293 E.01835
G1 X102.793 Y82.852 E.01835
G1 X102.263 Y83.382 E.02463
G1 X102.263 Y82.811 E.01873
G1 X103.311 Y81.763 E.04871
G1 X102.741 Y81.763 E.01873
G1 X102.093 Y82.411 E.0301
M205 X8 Y8
G1 X103.759 Y83.259 F7200
M205 X10 Y10
;TYPE:Internal solid infill
;WIDTH:0.561283
G1 F3600
G1 X103.759 Y82.741 E.0219
G1 X103.241 Y82.741 E.0219
G1 X103.241 Y83.259 E.0219
G1 X103.719 Y83.259 E.02021
G1 E-4.5 F2700
;WIPE_START
G1 F3600
G1 X103.241 Y83.259 E-.11361
G1 X103.241 Y82.741 E-.12311
G1 X103.759 Y82.741 E-.12311
G1 X103.759 Y83.226 E-.11517
;WIPE_END
G1 E-.025 F2700
M205 X8 Y8
G1 X96.13 Y83.447 Z2.8 F7200
G1 X63.089 Y84.407 Z2.8
G1 Z2.4
G1 E5 F2400
M205 X10 Y10
;TYPE:Top surface
;WIDTH:0.446108
G1 X63.737 Y83.759 E.03011
G1 X63.737 Y83.188 E.01873
G1 X62.688 Y84.237 E.04872
G1 X62.118 Y84.237 E.01873
G1 X62.648 Y83.707 E.02463
G1 X63.207 Y83.707 E.01835
G1 X63.207 Y83.148 E.01835
G1 X63.907 Y82.449 E.03251
M205 X8 Y8
M73 P71 R19
G1 X63.037 Y82.748 F7200
M205 X10 Y10
G1 F2400
G1 X63.737 Y82.048 E.03251
G1 X63.737 Y81.763 E.00936
G1 X63.452 Y81.763 E.00937
G1 X62.752 Y82.463 E.03251
M205 X8 Y8
G1 X62.248 Y83.537 F7200
M205 X10 Y10
G1 F2400
G1 X61.548 Y84.237 E.03251
G1 X61.263 Y84.237 E.00936
G1 X61.263 Y83.952 E.00937
G1 X61.963 Y83.252 E.03251
M205 X8 Y8
G1 X61.093 Y83.551 F7200
M205 X10 Y10
G1 F2400
G1 X61.793 Y82.852 E.03251
G1 X61.793 Y82.293 E.01835
G1 X62.352 Y82.293 E.01835
G1 X62.882 Y81.763 E.02463
G1 X62.311 Y81.763 E.01873
G1 X61.263 Y82.811 E.04871
G1 X61.263 Y82.241 E.01873
G1 X61.911 Y81.593 E.0301
M205 X8 Y8
G1 X62.759 Y83.259 F7200
M205 X10 Y10
;TYPE:Internal solid infill
;WIDTH:0.561283
G1 F3600
G1 X62.759 Y82.741 E.0219
G1 X62.241 Y82.741 E.0219
G1 X62.241 Y83.259 E.0219
G1 X62.719 Y83.259 E.02021
G1 E-4.5 F2700
;WIPE_START
G1 F3600
G1 X62.241 Y83.259 E-.11361
G1 X62.241 Y82.741 E-.12311
G1 X62.759 Y82.741 E-.12311
G1 X62.759 Y83.226 E-.11517
;WIPE_END
G1 E-.025 F2700
M205 X8 Y8
G1 X62.759 Y90.858 Z2.8 F7200
G1 X62.759 Y136.741 Z2.8
G1 Z2.4
G1 E5 F2400
M205 X10 Y10
G1 F3600
G1 X62.241 Y136.741 E.0219
G1 X62.241 Y137.259 E.0219
G1 X62.759 Y137.259 E.0219
G1 X62.759 Y136.781 E.02021
M205 X8 Y8
G1 X63.089 Y138.407 F7200
M205 X10 Y10
;TYPE:Top surface
;WIDTH:0.446108
G1 F2400
G1 X63.737 Y137.759 E.03011
G1 X63.737 Y137.188 E.01873
G1 X62.688 Y138.237 E.04872
G1 X62.118 Y138.237 E.01873
G1 X62.648 Y137.707 E.02463
G1 X63.207 Y137.707 E.01835
G1 X63.207 Y137.148 E.01835
G1 X63.907 Y136.449 E.03251
M205 X8 Y8
G1 X63.037 Y136.748 F7200
M205 X10 Y10
G1 F2400
G1 X63.737 Y136.048 E.03251
G1 X63.737 Y135.763 E.00936
G1 X63.452 Y135.763 E.00937
G1 X62.752 Y136.463 E.03251
M205 X8 Y8
G1 X62.248 Y137.537 F7200
M205 X10 Y10
G1 F2400
G1 X61.548 Y138.237 E.03251
G1 X61.263 Y138.237 E.00936
G1 X61.263 Y137.952 E.00937
G1 X61.963 Y137.252 E.03251
M205 X8 Y8
G1 X61.093 Y137.551 F7200
M205 X10 Y10
G1 F2400
G1 X61.793 Y136.852 E.03251
G1 X61.793 Y136.293 E.01835
G1 X62.352 Y136.293 E.01835
G1 X62.882 Y135.763 E.02463
G1 X62.311 Y135.763 E.01873
G1 X61.263 Y136.811 E.04871
G1 X61.263 Y136.241 E.01873
G1 X61.911 Y135.593 E.0301
G1 E-4.5 F2700
;WIPE_START
G1 F2400
G1 X61.263 Y136.241 E-.21759
G1 X61.263 Y136.811 E-.13542
G1 X61.626 Y136.448 E-.12199
;WIPE_END
G1 E-.025 F2700
M205 X8 Y8
G1 X69.259 Y136.501 Z2.8 F7200
G1 X103.759 Y136.741 Z2.8
G1 Z2.4
G1 E5 F2400
M205 X10 Y10
;TYPE:Internal solid infill
;WIDTH:0.561283
G1 F3600
G1 X103.241 Y136.741 E.0219
G1 X103.241 Y137.259 E.0219
G1 X103.759 Y137.259 E.0219
G1 X103.759 Y136.781 E.02021
M205 X8 Y8
G1 X104.089 Y138.407 F7200
M205 X10 Y10
;TYPE:Top surface
;WIDTH:0.446108
G1 F2400
G1 X104.737 Y137.759 E.03011
G1 X104.737 Y137.188 E.01873
G1 X103.688 Y138.237 E.04872
G1 X103.118 Y138.237 E.01873
G1 X103.648 Y137.707 E.02463
G1 X104.207 Y137.707 E.01835
G1 X104.207 Y137.148 E.01835
G1 X104.907 Y136.449 E.03251
M205 X8 Y8
G1 X104.037 Y136.748 F7200
M205 X10 Y10
G1 F2400
G1 X104.737 Y136.048 E.03251
G1 X104.737 Y135.763 E.00936
G1 X104.452 Y135.763 E.00937
G1 X103.752 Y136.463 E.03251
M205 X8 Y8
G1 X103.248 Y137.537 F7200
M205 X10 Y10
G1 F2400
G1 X102.548 Y138.237 E.03251
G1 X102.263 Y138.237 E.00936
G1 X102.263 Y137.952 E.00937
G1 X102.963 Y137.252 E.03251
M205 X8 Y8
G1 X102.093 Y137.551 F7200
M205 X10 Y10
G1 F2400
G1 X102.793 Y136.852 E.03251
G1 X102.793 Y136.293 E.01835
G1 X103.352 Y136.293 E.01835
G1 X103.882 Y135.763 E.02463
G1 X103.311 Y135.763 E.01873
G1 X102.263 Y136.811 E.04871
G1 X102.263 Y136.241 E.01873
G1 X102.911 Y135.593 E.0301
G1 E-4.5 F2700
;WIPE_START
G1 F2400
G1 X102.263 Y136.241 E-.21759
G1 X102.263 Y136.811 E-.13542
G1 X102.626 Y136.448 E-.12199
;WIPE_END
G1 E-.025 F2700
M205 X8 Y8
G1 X110.241 Y135.931 Z2.8 F7200
G1 X127.741 Y134.741 Z2.8
G1 Z2.4
G1 E5 F2400
M205 X10 Y10
;TYPE:Internal solid infill
;WIDTH:0.561283
G1 F3600
G1 X127.741 Y135.259 E.0219
G1 X128.259 Y135.259 E.0219
G1 X128.259 Y134.741 E.0219
G1 X127.781 Y134.741 E.02021
M205 X8 Y8
G1 X129.407 Y135.589 F7200
M205 X10 Y10
;TYPE:Top surface
;WIDTH:0.446108
G1 F2400
G1 X128.759 Y136.237 E.03011
G1 X128.188 Y136.237 E.01873
G1 X129.237 Y135.188 E.04872
G1 X129.237 Y134.618 E.01873
G1 X128.707 Y135.148 E.02463
G1 X128.707 Y135.707 E.01835
G1 X128.148 Y135.707 E.01835
G1 X127.449 Y136.407 E.03251
M205 X8 Y8
G1 X127.748 Y135.537 F7200
M205 X10 Y10
G1 F2400
G1 X127.048 Y136.237 E.03251
G1 X126.763 Y136.237 E.00936
G1 X126.763 Y135.952 E.00937
G1 X127.463 Y135.252 E.03251
M205 X8 Y8
G1 X128.537 Y134.748 F7200
M205 X10 Y10
G1 F2400
G1 X129.237 Y134.048 E.03251
G1 X129.237 Y133.763 E.00936
G1 X128.952 Y133.763 E.00937
G1 X128.252 Y134.463 E.03251
M205 X8 Y8
G1 X128.551 Y133.593 F7200
M205 X10 Y10
G1 F2400
G1 X127.852 Y134.293 E.03251
G1 X127.293 Y134.293 E.01835
G1 X127.293 Y134.852 E.01835
G1 X126.763 Y135.382 E.02463
G1 X126.763 Y134.811 E.01873
G1 X127.811 Y133.763 E.04871
G1 X127.241 Y133.763 E.01873
G1 X126.593 Y134.411 E.0301
G1 E-4.5 F2700
;WIPE_START
G1 F2400
G1 X127.241 Y133.763 E-.21759
G1 X127.811 Y133.763 E-.13542
G1 X127.448 Y134.126 E-.12199
;WIPE_END
G1 E-.025 F2700
M205 X8 Y8
G1 X135.079 Y134.305 Z2.8 F7200
G1 X153.741 Y134.741 Z2.8
G1 Z2.4
G1 E5 F2400
M205 X10 Y10
;TYPE:Internal solid infill
;WIDTH:0.561283
G1 F3600
G1 X153.741 Y135.259 E.0219
G1 X154.259 Y135.259 E.0219
G1 X154.259 Y134.741 E.0219
G1 X153.781 Y134.741 E.02021
M205 X8 Y8
G1 X154.589 Y136.407 F7200
M205 X10 Y10
;TYPE:Top surface
;WIDTH:0.446108
G1 F2400
G1 X155.237 Y135.759 E.03011
G1 X155.237 Y135.188 E.01873
G1 X154.188 Y136.237 E.04872
G1 X153.618 Y136.237 E.01873
G1 X154.148 Y135.707 E.02463
G1 X154.707 Y135.707 E.01835
G1 X154.707 Y135.148 E.01835
G1 X155.407 Y134.449 E.03251
M205 X8 Y8
G1 X154.537 Y134.748 F7200
M205 X10 Y10
G1 F2400
G1 X155.237 Y134.048 E.03251
G1 X155.237 Y133.763 E.00936
G1 X154.952 Y133.763 E.00937
G1 X154.252 Y134.463 E.03251
M205 X8 Y8
G1 X153.748 Y135.537 F7200
M205 X10 Y10
G1 F2400
G1 X153.048 Y136.237 E.03251
G1 X152.763 Y136.237 E.00936
M73 P72 R19
G1 X152.763 Y135.952 E.00937
G1 X153.463 Y135.252 E.03251
M205 X8 Y8
G1 X152.593 Y135.551 F7200
M205 X10 Y10
G1 F2400
G1 X153.293 Y134.852 E.03251
G1 X153.293 Y134.293 E.01835
G1 X153.852 Y134.293 E.01835
G1 X154.382 Y133.763 E.02463
G1 X153.811 Y133.763 E.01873
G1 X152.763 Y134.811 E.04871
G1 X152.763 Y134.241 E.01873
G1 X153.411 Y133.593 E.0301
G1 E-4.5 F2700
;WIPE_START
G1 F2400
G1 X152.763 Y134.241 E-.21759
G1 X152.763 Y134.811 E-.13542
G1 X153.126 Y134.448 E-.12199
;WIPE_END
G1 E-.025 F2700
M205 X8 Y8
G1 X159.9 Y137.965 Z2.8 F7200
G1 X163.705 Y139.941 Z2.8
G1 Z2.4
G1 E5 F2400
M205 X10 Y10
;WIDTH:0.420851
G1 X163.11 Y140.535 E.02589
G1 X162.576 Y140.535 E.01646
G1 X163.535 Y139.576 E.04178
G1 X163.535 Y139.041 E.01646
G1 X162.041 Y140.535 E.06505
G1 X161.507 Y140.535 E.01646
G1 X163.535 Y138.507 E.08833
G1 X163.535 Y137.972 E.01646
G1 X160.972 Y140.535 E.11161
G1 X160.438 Y140.535 E.01646
G1 X163.535 Y137.438 E.13489
G1 X163.535 Y136.904 E.01646
G1 X159.904 Y140.535 E.15816
G1 X159.369 Y140.535 E.01646
G1 X163.535 Y136.369 E.18144
G1 X163.535 Y135.835 E.01646
G1 X158.835 Y140.535 E.20472
G1 X158.3 Y140.535 E.01646
G1 X163.535 Y135.3 E.228
G1 X163.535 Y134.766 E.01646
G1 X157.766 Y140.535 E.25128
G1 X157.231 Y140.535 E.01646
G1 X163.535 Y134.231 E.27455
G1 X163.535 Y133.697 E.01646
G1 X156.697 Y140.535 E.29783
G1 X156.162 Y140.535 E.01646
G1 X163.535 Y133.162 E.32111
G1 X163.535 Y132.628 E.01646
G1 X155.628 Y140.535 E.34439
G1 X155.093 Y140.535 E.01646
G1 X163.535 Y132.093 E.36767
G1 X163.535 Y131.559 E.01646
G1 X154.559 Y140.535 E.39094
G1 X154.024 Y140.535 E.01646
G1 X163.535 Y131.024 E.41422
G1 X163.535 Y130.49 E.01646
G1 X153.49 Y140.535 E.4375
G1 X152.955 Y140.535 E.01646
G1 X163.535 Y129.955 E.46078
G1 X163.535 Y129.421 E.01646
G1 X156.184 Y136.772 E.32017
G1 X156.184 Y137.184 E.01268
G1 X155.772 Y137.184 E.01268
G1 X152.421 Y140.535 E.14595
G1 X151.886 Y140.535 E.01646
G1 X155.238 Y137.184 E.14595
G1 X154.703 Y137.184 E.01646
G1 X151.352 Y140.535 E.14595
G1 X150.817 Y140.535 E.01646
G1 X154.169 Y137.184 E.14595
G1 X153.634 Y137.184 E.01646
G1 X150.283 Y140.535 E.14595
G1 X149.748 Y140.535 E.01646
G1 X153.1 Y137.184 E.14595
G1 X152.565 Y137.184 E.01646
G1 X149.214 Y140.535 E.14595
G1 X148.68 Y140.535 E.01646
G1 X152.031 Y137.184 E.14595
G1 X151.816 Y137.184 E.00661
G1 X151.816 Y136.864 E.00985
G1 X148.145 Y140.535 E.15988
G1 X147.611 Y140.535 E.01646
G1 X151.816 Y136.33 E.18316
G1 X151.816 Y135.795 E.01646
G1 X147.076 Y140.535 E.20644
G1 X146.542 Y140.535 E.01646
G1 X151.816 Y135.261 E.22972
G1 X151.816 Y134.726 E.01646
G1 X146.007 Y140.535 E.253
G1 X145.473 Y140.535 E.01646
G1 X151.816 Y134.192 E.27627
G1 X151.816 Y133.657 E.01646
G1 X144.769 Y140.705 E.30694
G1 E-4.5 F2700
;WIPE_START
G1 F2400
G1 X146.183 Y139.291 E-.475
;WIPE_END
G1 E-.025 F2700
M205 X8 Y8
G1 X152.718 Y135.347 Z2.8 F7200
G1 X163.705 Y128.717 Z2.8
G1 Z2.4
G1 E5 F2400
M205 X10 Y10
G1 X156.184 Y136.238 E.32756
G1 X156.184 Y135.703 E.01646
G1 X163.535 Y128.352 E.32017
G1 X163.535 Y127.817 E.01646
G1 X156.184 Y135.169 E.32017
G1 X156.184 Y134.634 E.01646
G1 X163.535 Y127.283 E.32017
G1 X163.535 Y126.748 E.01646
G1 X156.184 Y134.1 E.32017
G1 X156.184 Y133.565 E.01646
G1 X163.535 Y126.214 E.32017
G1 X163.535 Y125.68 E.01646
G1 X156.184 Y133.031 E.32017
G1 X156.184 Y132.816 E.00661
G1 X155.864 Y132.816 E.00985
G1 X163.535 Y125.145 E.3341
G1 X163.535 Y124.611 E.01646
G1 X155.33 Y132.816 E.35737
G1 X154.795 Y132.816 E.01646
G1 X163.535 Y124.076 E.38065
G1 X163.535 Y123.542 E.01646
G1 X154.261 Y132.816 E.40393
G1 X153.726 Y132.816 E.01646
G1 X163.535 Y123.007 E.42721
G1 X163.535 Y122.473 E.01646
G1 X153.192 Y132.816 E.45049
G1 X152.657 Y132.816 E.01646
G1 X163.535 Y121.938 E.47376
G1 X163.535 Y121.404 E.01646
G1 X144.404 Y140.535 E.83323
G1 X143.869 Y140.535 E.01646
G1 X163.535 Y120.869 E.8565
G1 X163.535 Y120.335 E.01646
G1 X143.335 Y140.535 E.87978
G1 X142.8 Y140.535 E.01646
G1 X163.535 Y119.8 E.90306
G1 X163.535 Y119.266 E.01646
G1 X142.266 Y140.535 E.92634
G1 X141.731 Y140.535 E.01646
G1 X163.535 Y118.731 E.94962
G1 X163.535 Y118.197 E.01646
G1 X141.197 Y140.535 E.97289
G1 X140.662 Y140.535 E.01646
G1 X163.535 Y117.662 E.99617
G1 X163.535 Y117.128 E.01646
G1 X140.128 Y140.535 E1.01945
G1 X139.593 Y140.535 E.01646
G1 X163.535 Y116.593 E1.04273
G1 X163.535 Y116.059 E.01646
G1 X139.059 Y140.535 E1.06601
G1 X138.525 Y140.535 E.01646
G1 X163.535 Y115.525 E1.08928
G1 X163.535 Y114.99 E.01646
G1 X137.99 Y140.535 E1.11256
G1 X137.456 Y140.535 E.01646
G1 X163.535 Y114.456 E1.13584
G1 X163.535 Y113.921 E.01646
G1 X136.921 Y140.535 E1.15912
G1 X136.387 Y140.535 E.01646
G1 X163.535 Y113.387 E1.1824
G1 X163.535 Y112.852 E.01646
G1 X135.852 Y140.535 E1.20567
G1 X135.318 Y140.535 E.01646
G1 X163.535 Y112.318 E1.22895
G1 X163.535 Y111.783 E.01646
G1 X134.783 Y140.535 E1.25223
G1 X134.249 Y140.535 E.01646
G1 X163.535 Y111.249 E1.27551
G1 X163.535 Y110.714 E.01646
G1 X133.714 Y140.535 E1.29879
G1 X133.18 Y140.535 E.01646
G1 X163.535 Y110.18 E1.32206
G1 X163.535 Y109.645 E.01646
G1 X132.645 Y140.535 E1.34534
G1 X132.111 Y140.535 E.01646
G1 X163.535 Y109.111 E1.36862
G1 X163.535 Y108.576 E.01646
G1 X131.576 Y140.535 E1.3919
G1 X131.042 Y140.535 E.01646
G1 X163.535 Y108.042 E1.41518
G1 X163.535 Y107.507 E.01646
G1 X130.507 Y140.535 E1.43845
G1 X129.973 Y140.535 E.01646
M73 P73 R19
G1 X163.535 Y106.973 E1.46173
G1 X163.535 Y106.438 E.01646
G1 X129.438 Y140.535 E1.48501
G1 X128.904 Y140.535 E.01646
G1 X163.535 Y105.904 E1.50829
G1 X163.535 Y105.369 E.01646
G1 X128.369 Y140.535 E1.53157
G1 X127.835 Y140.535 E.01646
G1 X163.535 Y104.835 E1.55484
G1 X163.535 Y104.301 E.01646
M73 P73 R18
G1 X127.301 Y140.535 E1.57812
G1 X126.766 Y140.535 E.01646
G1 X163.535 Y103.766 E1.6014
G1 X163.535 Y103.232 E.01646
G1 X130.184 Y136.583 E1.45254
G1 X130.184 Y136.048 E.01646
G1 X163.535 Y102.697 E1.45254
G1 X163.535 Y102.163 E.01646
G1 X130.184 Y135.514 E1.45254
G1 X130.184 Y134.979 E.01646
G1 X163.535 Y101.628 E1.45254
G1 X163.535 Y101.094 E.01646
G1 X130.184 Y134.445 E1.45254
G1 X130.184 Y133.91 E.01646
G1 X163.535 Y100.559 E1.45254
G1 X163.535 Y100.025 E.01646
G1 X130.184 Y133.376 E1.45254
G1 X130.184 Y132.841 E.01646
G1 X163.535 Y99.49 E1.45254
G1 X163.535 Y98.956 E.01646
G1 X129.675 Y132.816 E1.47472
G1 X129.14 Y132.816 E.01646
G1 X163.535 Y98.421 E1.498
G1 X163.535 Y97.887 E.01646
G1 X128.606 Y132.816 E1.52127
G1 X128.071 Y132.816 E.01646
G1 X163.535 Y97.352 E1.54455
G1 X163.535 Y96.818 E.01646
G1 X127.537 Y132.816 E1.56783
G1 X127.002 Y132.816 E.01646
G1 X163.535 Y96.283 E1.59111
G1 X163.535 Y95.749 E.01646
G1 X126.298 Y132.986 E1.62178
M205 X8 Y8
G1 X129.752 Y137.014 F7200
M205 X10 Y10
G1 F2400
G1 X126.232 Y140.535 E.15334
G1 X125.697 Y140.535 E.01646
G1 X129.048 Y137.184 E.14595
G1 X128.514 Y137.184 E.01646
G1 X125.163 Y140.535 E.14595
G1 X124.628 Y140.535 E.01646
G1 X127.979 Y137.184 E.14595
G1 X127.445 Y137.184 E.01646
G1 X124.094 Y140.535 E.14595
G1 X123.559 Y140.535 E.01646
G1 X126.91 Y137.184 E.14595
G1 X126.376 Y137.184 E.01646
G1 X123.025 Y140.535 E.14595
G1 X122.49 Y140.535 E.01646
G1 X125.841 Y137.184 E.14595
G1 X125.816 Y137.184 E.00078
G1 X125.816 Y136.675 E.01568
G1 X121.956 Y140.535 E.16813
G1 X121.421 Y140.535 E.01646
G1 X125.816 Y136.14 E.19141
G1 X125.816 Y135.606 E.01646
G1 X120.887 Y140.535 E.21468
G1 X120.352 Y140.535 E.01646
G1 X125.816 Y135.071 E.23796
G1 X125.816 Y134.537 E.01646
G1 X119.818 Y140.535 E.26124
G1 X119.283 Y140.535 E.01646
G1 X125.816 Y134.002 E.28452
G1 X125.816 Y133.468 E.01646
G1 X118.749 Y140.535 E.3078
G1 X118.214 Y140.535 E.01646
G1 X163.535 Y95.214 E1.97385
G1 X163.535 Y94.68 E.01646
G1 X117.68 Y140.535 E1.99712
G1 X117.145 Y140.535 E.01646
G1 X163.535 Y94.146 E2.0204
G1 X163.535 Y93.611 E.01646
G1 X116.611 Y140.535 E2.04368
G1 X116.077 Y140.535 E.01646
G1 X163.535 Y93.077 E2.06696
G1 X163.535 Y92.542 E.01646
G1 X115.542 Y140.535 E2.09024
G1 X115.008 Y140.535 E.01646
M73 P74 R18
G1 X163.535 Y92.008 E2.11351
G1 X163.535 Y91.473 E.01646
G1 X114.473 Y140.535 E2.13679
G1 X113.939 Y140.535 E.01646
G1 X163.535 Y90.939 E2.16007
G1 X163.535 Y90.404 E.01646
G1 X113.404 Y140.535 E2.18335
G1 X112.87 Y140.535 E.01646
G1 X163.535 Y89.87 E2.20663
G1 X163.535 Y89.335 E.01646
G1 X112.335 Y140.535 E2.2299
G1 X111.801 Y140.535 E.01646
G1 X163.535 Y88.801 E2.25318
G1 X163.535 Y88.266 E.01646
G1 X111.266 Y140.535 E2.27646
G1 X110.732 Y140.535 E.01646
G1 X163.535 Y87.732 E2.29974
G1 X163.535 Y87.197 E.01646
G1 X110.197 Y140.535 E2.32302
G1 X109.663 Y140.535 E.01646
G1 X163.535 Y86.663 E2.34629
G1 X163.535 Y86.128 E.01646
G1 X109.128 Y140.535 E2.36957
G1 X108.594 Y140.535 E.01646
G1 X163.535 Y85.594 E2.39285
G1 X163.535 Y85.059 E.01646
M73 P74 R17
G1 X108.059 Y140.535 E2.41613
G1 X107.525 Y140.535 E.01646
G1 X163.535 Y84.525 E2.43941
G1 X163.535 Y83.99 E.01646
G1 X106.99 Y140.535 E2.46268
G1 X106.456 Y140.535 E.01646
G1 X163.535 Y83.456 E2.48596
G1 X163.535 Y82.922 E.01646
G1 X105.922 Y140.535 E2.50924
G1 X105.387 Y140.535 E.01646
G1 X163.535 Y82.387 E2.53252
G1 X163.535 Y81.853 E.01646
G1 X104.853 Y140.535 E2.5558
G1 X104.318 Y140.535 E.01646
G1 X163.535 Y81.318 E2.57907
G1 X163.535 Y80.784 E.01646
M73 P75 R17
G1 X105.684 Y138.635 E2.51959
G1 X105.684 Y138.1 E.01646
G1 X163.535 Y80.249 E2.51959
G1 X163.535 Y79.715 E.01646
G1 X105.684 Y137.566 E2.51959
G1 X105.684 Y137.031 E.01646
G1 X155.531 Y87.184 E2.171
G1 X154.997 Y87.184 E.01646
G1 X105.684 Y136.497 E2.14773
G1 X105.684 Y135.962 E.01646
G1 X154.462 Y87.184 E2.12445
G1 X153.928 Y87.184 E.01646
G1 X105.684 Y135.428 E2.10117
G1 X105.684 Y134.893 E.01646
G1 X153.393 Y87.184 E2.07789
G1 X152.859 Y87.184 E.01646
G1 X105.227 Y134.816 E2.07452
G1 X104.692 Y134.816 E.01646
G1 X152.325 Y87.184 E2.07452
G1 X151.816 Y87.184 E.01566
G1 X151.816 Y87.158 E.0008
G1 X104.158 Y134.816 E2.07566
G1 X103.623 Y134.816 E.01646
G1 X151.816 Y86.623 E2.09894
G1 X151.816 Y86.089 E.01646
G1 X103.089 Y134.816 E2.12221
G1 X102.554 Y134.816 E.01646
G1 X151.816 Y85.554 E2.14549
G1 X151.816 Y85.02 E.01646
G1 X101.85 Y134.986 E2.17616
M205 X8 Y8
G1 X105.304 Y139.014 F7200
M205 X10 Y10
G1 F2400
G1 X103.784 Y140.535 E.06624
G1 X103.249 Y140.535 E.01646
G1 X104.6 Y139.184 E.05885
G1 X104.066 Y139.184 E.01646
G1 X102.715 Y140.535 E.05885
G1 X102.18 Y140.535 E.01646
G1 X103.531 Y139.184 E.05885
G1 X102.997 Y139.184 E.01646
G1 X101.646 Y140.535 E.05885
G1 X101.111 Y140.535 E.01646
G1 X102.462 Y139.184 E.05885
G1 X101.928 Y139.184 E.01646
G1 X100.577 Y140.535 E.05885
G1 X100.042 Y140.535 E.01646
G1 X101.393 Y139.184 E.05885
G1 X101.316 Y139.184 E.00238
G1 X101.316 Y138.727 E.01408
G1 X99.508 Y140.535 E.07876
G1 X98.973 Y140.535 E.01646
G1 X101.316 Y138.192 E.10203
G1 X101.316 Y137.658 E.01646
G1 X98.439 Y140.535 E.12531
G1 X97.904 Y140.535 E.01646
G1 X101.316 Y137.123 E.14859
G1 X101.316 Y136.589 E.01646
G1 X97.37 Y140.535 E.17187
G1 X96.835 Y140.535 E.01646
G1 X101.316 Y136.054 E.19515
G1 X101.316 Y135.52 E.01646
G1 X96.301 Y140.535 E.21842
G1 X95.766 Y140.535 E.01646
G1 X151.816 Y84.485 E2.44113
G1 X151.816 Y83.951 E.01646
G1 X95.232 Y140.535 E2.4644
G1 X94.698 Y140.535 E.01646
G1 X151.986 Y83.247 E2.49507
M205 X8 Y8
G1 X156.014 Y86.701 F7200
M205 X10 Y10
G1 F2400
G1 X163.25 Y79.465 E.31515
G1 X162.716 Y79.465 E.01646
G1 X156.184 Y85.997 E.28449
G1 X156.184 Y85.462 E.01646
G1 X162.181 Y79.465 E.26121
G1 X161.647 Y79.465 E.01646
G1 X156.184 Y84.928 E.23793
G1 X156.184 Y84.393 E.01646
G1 X161.112 Y79.465 E.21465
G1 X160.578 Y79.465 E.01646
G1 X156.184 Y83.859 E.19137
G1 X156.184 Y83.325 E.01646
G1 X160.043 Y79.465 E.1681
G1 X159.509 Y79.465 E.01646
G1 X156.158 Y82.816 E.14595
G1 X155.623 Y82.816 E.01646
G1 X158.975 Y79.465 E.14595
G1 X158.44 Y79.465 E.01646
G1 X155.089 Y82.816 E.14595
G1 X154.554 Y82.816 E.01646
G1 X157.906 Y79.465 E.14595
G1 X157.371 Y79.465 E.01646
G1 X154.02 Y82.816 E.14595
G1 X153.485 Y82.816 E.01646
G1 X156.837 Y79.465 E.14595
G1 X156.302 Y79.465 E.01646
G1 X152.951 Y82.816 E.14595
G1 X152.417 Y82.816 E.01646
G1 X155.768 Y79.465 E.14595
G1 X155.233 Y79.465 E.01646
G1 X94.163 Y140.535 E2.65979
G1 X93.629 Y140.535 E.01646
M73 P76 R16
G1 X154.699 Y79.465 E2.65979
G1 X154.164 Y79.465 E.01646
G1 X93.094 Y140.535 E2.65979
G1 X92.56 Y140.535 E.01646
G1 X153.63 Y79.465 E2.65979
G1 X153.095 Y79.465 E.01646
G1 X92.025 Y140.535 E2.65979
G1 X91.491 Y140.535 E.01646
G1 X152.561 Y79.465 E2.65979
G1 X152.026 Y79.465 E.01646
G1 X90.956 Y140.535 E2.65979
G1 X90.422 Y140.535 E.01646
G1 X151.492 Y79.465 E2.65979
G1 X150.957 Y79.465 E.01646
G1 X89.887 Y140.535 E2.65979
G1 X89.353 Y140.535 E.01646
G1 X150.423 Y79.465 E2.65979
G1 X149.888 Y79.465 E.01646
G1 X88.818 Y140.535 E2.65979
G1 X88.284 Y140.535 E.01646
G1 X149.354 Y79.465 E2.65979
G1 X148.82 Y79.465 E.01646
G1 X87.749 Y140.535 E2.65979
G1 X87.215 Y140.535 E.01646
G1 X148.285 Y79.465 E2.65979
G1 X147.751 Y79.465 E.01646
G1 X86.68 Y140.535 E2.65979
G1 X86.146 Y140.535 E.01646
G1 X147.216 Y79.465 E2.65979
G1 X146.682 Y79.465 E.01646
G1 X85.611 Y140.535 E2.65979
G1 X85.077 Y140.535 E.01646
G1 X146.147 Y79.465 E2.65979
G1 X145.613 Y79.465 E.01646
G1 X84.543 Y140.535 E2.65979
G1 X84.008 Y140.535 E.01646
G1 X145.078 Y79.465 E2.65979
G1 X144.544 Y79.465 E.01646
G1 X83.474 Y140.535 E2.65979
M73 P77 R16
G1 X82.939 Y140.535 E.01646
G1 X144.009 Y79.465 E2.65979
G1 X143.475 Y79.465 E.01646
G1 X82.405 Y140.535 E2.65979
G1 X81.87 Y140.535 E.01646
G1 X142.94 Y79.465 E2.65979
G1 X142.406 Y79.465 E.01646
G1 X81.336 Y140.535 E2.65979
G1 X80.801 Y140.535 E.01646
G1 X141.871 Y79.465 E2.65979
G1 X141.337 Y79.465 E.01646
G1 X80.267 Y140.535 E2.65979
G1 X79.732 Y140.535 E.01646
G1 X140.802 Y79.465 E2.65979
G1 X140.268 Y79.465 E.01646
M73 P77 R15
G1 X79.198 Y140.535 E2.65979
G1 X78.663 Y140.535 E.01646
G1 X139.733 Y79.465 E2.65979
G1 X139.199 Y79.465 E.01646
G1 X78.129 Y140.535 E2.65979
G1 X77.594 Y140.535 E.01646
G1 X138.664 Y79.465 E2.65979
G1 X138.13 Y79.465 E.01646
G1 X77.06 Y140.535 E2.65979
G1 X76.525 Y140.535 E.01646
G1 X137.596 Y79.465 E2.65979
G1 X137.061 Y79.465 E.01646
G1 X130.184 Y86.342 E.29952
G1 X130.184 Y85.808 E.01646
G1 X136.527 Y79.465 E.27624
G1 X135.992 Y79.465 E.01646
G1 X130.184 Y85.273 E.25296
G1 X130.184 Y84.739 E.01646
G1 X135.458 Y79.465 E.22969
G1 X134.923 Y79.465 E.01646
G1 X130.184 Y84.204 E.20641
G1 X130.184 Y83.67 E.01646
G1 X134.389 Y79.465 E.18313
G1 X133.854 Y79.465 E.01646
G1 X130.184 Y83.135 E.15985
G1 X130.184 Y82.816 E.00983
G1 X129.969 Y82.816 E.00663
G1 X133.32 Y79.465 E.14595
G1 X132.785 Y79.465 E.01646
G1 X129.434 Y82.816 E.14595
G1 X128.9 Y82.816 E.01646
G1 X132.251 Y79.465 E.14595
G1 X131.716 Y79.465 E.01646
G1 X128.365 Y82.816 E.14595
G1 X127.831 Y82.816 E.01646
G1 X131.182 Y79.465 E.14595
G1 X130.647 Y79.465 E.01646
G1 X127.296 Y82.816 E.14595
G1 X126.762 Y82.816 E.01646
G1 X130.283 Y79.295 E.15334
M205 X8 Y8
G1 X129.748 Y79.295 F7200
M205 X10 Y10
G1 F2400
G1 X126.227 Y82.816 E.15334
G1 X125.816 Y82.816 E.01266
G1 X125.816 Y83.227 E.01266
G1 X68.508 Y140.535 E2.49593
G1 X67.974 Y140.535 E.01646
G1 X129.044 Y79.465 E2.65979
G1 X128.509 Y79.465 E.01646
G1 X67.439 Y140.535 E2.65979
G1 X66.905 Y140.535 E.01646
G1 X127.975 Y79.465 E2.65979
G1 X127.441 Y79.465 E.01646
M73 P78 R15
G1 X66.37 Y140.535 E2.65979
G1 X65.836 Y140.535 E.01646
G1 X126.906 Y79.465 E2.65979
G1 X126.372 Y79.465 E.01646
G1 X65.301 Y140.535 E2.65979
G1 X64.767 Y140.535 E.01646
G1 X125.837 Y79.465 E2.65979
G1 X125.303 Y79.465 E.01646
G1 X64.232 Y140.535 E2.65979
G1 X63.698 Y140.535 E.01646
G1 X124.768 Y79.465 E2.65979
G1 X124.234 Y79.465 E.01646
G1 X63.163 Y140.535 E2.65979
G1 X62.629 Y140.535 E.01646
G1 X63.98 Y139.184 E.05885
G1 X63.446 Y139.184 E.01646
G1 X62.095 Y140.535 E.05885
G1 X61.56 Y140.535 E.01646
G1 X62.911 Y139.184 E.05885
G1 X62.377 Y139.184 E.01646
G1 X61.026 Y140.535 E.05885
G1 X60.491 Y140.535 E.01646
G1 X61.842 Y139.184 E.05885
G1 X61.308 Y139.184 E.01646
G1 X59.957 Y140.535 E.05885
G1 X59.422 Y140.535 E.01646
G1 X60.773 Y139.184 E.05885
G1 X60.316 Y139.184 E.01408
G1 X60.316 Y139.107 E.00238
G1 X58.888 Y140.535 E.06221
G1 X58.353 Y140.535 E.01646
G1 X60.316 Y138.572 E.08549
G1 X60.316 Y138.038 E.01646
G1 X57.819 Y140.535 E.10877
G1 X57.284 Y140.535 E.01646
G1 X60.316 Y137.503 E.13205
G1 X60.316 Y136.969 E.01646
G1 X56.75 Y140.535 E.15532
G1 X56.465 Y140.535 E.00877
G1 X56.465 Y140.285 E.00769
G1 X60.316 Y136.434 E.16773
G1 X60.316 Y135.9 E.01646
G1 X56.465 Y139.751 E.16773
G1 X56.465 Y139.217 E.01646
G1 X60.486 Y135.196 E.17512
G1 E-4.5 F2700
;WIPE_START
G1 F2400
G1 X59.072 Y136.61 E-.475
;WIPE_END
G1 E-.025 F2700
M205 X8 Y8
G1 X65.312 Y132.216 Z2.8 F7200
G1 X129.512 Y87.014 Z2.8
G1 Z2.4
G1 E5 F2400
M205 X10 Y10
G1 X75.991 Y140.535 E2.33099
G1 X75.456 Y140.535 E.01646
G1 X128.808 Y87.184 E2.3236
G1 X128.273 Y87.184 E.01646
G1 X74.922 Y140.535 E2.3236
G1 X74.387 Y140.535 E.01646
G1 X127.739 Y87.184 E2.3236
G1 X127.204 Y87.184 E.01646
G1 X73.853 Y140.535 E2.3236
G1 X73.319 Y140.535 E.01646
G1 X126.67 Y87.184 E2.3236
G1 X126.135 Y87.184 E.01646
G1 X72.784 Y140.535 E2.3236
G1 X72.25 Y140.535 E.01646
G1 X125.816 Y86.969 E2.33298
G1 X125.816 Y86.434 E.01646
M73 P78 R14
G1 X71.715 Y140.535 E2.35626
G1 X71.181 Y140.535 E.01646
G1 X125.816 Y85.9 E2.37954
G1 X125.816 Y85.365 E.01646
G1 X70.646 Y140.535 E2.40281
G1 X70.112 Y140.535 E.01646
G1 X125.816 Y84.831 E2.42609
G1 X125.816 Y84.296 E.01646
M73 P79 R14
G1 X69.577 Y140.535 E2.44937
G1 X69.043 Y140.535 E.01646
G1 X125.986 Y83.592 E2.48004
G1 E-4.5 F2700
;WIPE_START
G1 F2400
G1 X124.572 Y85.006 E-.475
;WIPE_END
G1 E-.025 F2700
M205 X8 Y8
G1 X118.879 Y90.091 Z2.8 F7200
G1 X64.514 Y138.65 Z2.8
G1 Z2.4
G1 E5 F2400
M205 X10 Y10
G1 X123.699 Y79.465 E2.57768
G1 X123.165 Y79.465 E.01646
G1 X64.684 Y137.946 E2.54701
G1 X64.684 Y137.411 E.01646
G1 X122.63 Y79.465 E2.52373
G1 X122.096 Y79.465 E.01646
G1 X64.684 Y136.877 E2.50046
G1 X64.684 Y136.342 E.01646
G1 X121.561 Y79.465 E2.47718
G1 X121.027 Y79.465 E.01646
G1 X64.684 Y135.808 E2.4539
G1 X64.684 Y135.273 E.01646
G1 X120.492 Y79.465 E2.43062
G1 X119.958 Y79.465 E.01646
G1 X64.607 Y134.816 E2.41071
G1 X64.072 Y134.816 E.01646
G1 X119.423 Y79.465 E2.41071
G1 X118.889 Y79.465 E.01646
G1 X63.538 Y134.816 E2.41071
G1 X63.003 Y134.816 E.01646
G1 X118.354 Y79.465 E2.41071
G1 X117.82 Y79.465 E.01646
G1 X62.469 Y134.816 E2.41071
G1 X61.934 Y134.816 E.01646
G1 X117.285 Y79.465 E2.41071
G1 X116.751 Y79.465 E.01646
G1 X61.4 Y134.816 E2.41071
G1 X60.865 Y134.816 E.01646
G1 X116.217 Y79.465 E2.41071
G1 X115.682 Y79.465 E.01646
G1 X56.465 Y138.682 E2.57908
G1 X56.465 Y138.148 E.01646
G1 X115.148 Y79.465 E2.5558
G1 X114.613 Y79.465 E.01646
M73 P80 R14
G1 X56.465 Y137.613 E2.53252
G1 X56.465 Y137.079 E.01646
G1 X114.079 Y79.465 E2.50925
G1 X113.544 Y79.465 E.01646
G1 X56.465 Y136.544 E2.48597
G1 X56.465 Y136.01 E.01646
G1 X113.01 Y79.465 E2.46269
G1 X112.475 Y79.465 E.01646
G1 X56.465 Y135.475 E2.43941
G1 X56.465 Y134.941 E.01646
M73 P80 R13
G1 X111.941 Y79.465 E2.41613
G1 X111.406 Y79.465 E.01646
G1 X56.465 Y134.406 E2.39286
G1 X56.465 Y133.872 E.01646
G1 X105.153 Y85.184 E2.1205
G1 X105.684 Y85.184 E.01636
G1 X105.684 Y84.653 E.01636
G1 X110.872 Y79.465 E.22595
G1 X110.337 Y79.465 E.01646
G1 X105.684 Y84.118 E.20267
G1 X105.684 Y83.584 E.01646
G1 X109.803 Y79.465 E.17939
G1 X109.268 Y79.465 E.01646
G1 X105.684 Y83.049 E.15611
G1 X105.684 Y82.515 E.01646
G1 X108.734 Y79.465 E.13284
G1 X108.199 Y79.465 E.01646
G1 X105.684 Y81.98 E.10956
G1 X105.684 Y81.446 E.01646
G1 X107.665 Y79.465 E.08628
G1 X107.13 Y79.465 E.01646
G1 X105.684 Y80.911 E.063
G1 X105.684 Y80.816 E.00294
G1 X105.245 Y80.816 E.01352
G1 X106.596 Y79.465 E.05885
G1 X106.061 Y79.465 E.01646
G1 X104.71 Y80.816 E.05885
G1 X104.176 Y80.816 E.01646
G1 X105.527 Y79.465 E.05885
G1 X104.993 Y79.465 E.01646
G1 X103.641 Y80.816 E.05885
G1 X103.107 Y80.816 E.01646
G1 X104.458 Y79.465 E.05885
G1 X103.924 Y79.465 E.01646
G1 X102.572 Y80.816 E.05885
G1 X102.038 Y80.816 E.01646
G1 X103.559 Y79.295 E.06624
G1 E-4.5 F2700
;WIPE_START
G1 F2400
G1 X102.145 Y80.709 E-.475
;WIPE_END
G1 E-.025 F2700
M205 X8 Y8
G1 X104.788 Y85.014 Z2.8 F7200
G1 Z2.4
G1 E5 F2400
M205 X10 Y10
G1 X56.465 Y133.337 E2.10461
G1 X56.465 Y132.803 E.01646
G1 X104.084 Y85.184 E2.07394
G1 X103.549 Y85.184 E.01646
G1 X56.465 Y132.268 E2.05067
G1 X56.465 Y131.734 E.01646
G1 X103.015 Y85.184 E2.02739
G1 X102.48 Y85.184 E.01646
G1 X56.465 Y131.199 E2.00411
G1 X56.465 Y130.665 E.01646
G1 X101.946 Y85.184 E1.98083
G1 X101.411 Y85.184 E.01646
G1 X56.465 Y130.13 E1.95755
G1 X56.465 Y129.596 E.01646
G1 X101.316 Y84.745 E1.9534
G1 X101.316 Y84.21 E.01646
G1 X56.465 Y129.061 E1.9534
G1 X56.465 Y128.527 E.01646
G1 X101.316 Y83.676 E1.9534
G1 X101.316 Y83.141 E.01646
G1 X56.465 Y127.993 E1.9534
G1 X56.465 Y127.458 E.01646
G1 X101.316 Y82.607 E1.9534
G1 X101.316 Y82.072 E.01646
G1 X56.465 Y126.924 E1.9534
G1 X56.465 Y126.389 E.01646
G1 X101.486 Y81.368 E1.96079
G1 E-4.5 F2700
;WIPE_START
M73 P81 R13
G1 F2400
G1 X100.072 Y82.782 E-.475
;WIPE_END
G1 E-.025 F2700
M205 X8 Y8
G1 X103.024 Y79.295 Z2.8 F7200
G1 Z2.4
G1 E5 F2400
M205 X10 Y10
G1 X56.465 Y125.855 E2.0278
G1 X56.465 Y125.32 E.01646
G1 X102.32 Y79.465 E1.99713
G1 X101.786 Y79.465 E.01646
G1 X56.465 Y124.786 E1.97385
G1 X56.465 Y124.251 E.01646
G1 X101.251 Y79.465 E1.95057
G1 X100.717 Y79.465 E.01646
G1 X56.465 Y123.717 E1.9273
G1 X56.465 Y123.182 E.01646
G1 X100.182 Y79.465 E1.90402
G1 X99.648 Y79.465 E.01646
G1 X56.465 Y122.648 E1.88074
G1 X56.465 Y122.113 E.01646
G1 X99.113 Y79.465 E1.85746
G1 X98.579 Y79.465 E.01646
G1 X56.465 Y121.579 E1.83418
G1 X56.465 Y121.044 E.01646
G1 X98.044 Y79.465 E1.81091
G1 X97.51 Y79.465 E.01646
G1 X56.465 Y120.51 E1.78763
G1 X56.465 Y119.975 E.01646
G1 X96.975 Y79.465 E1.76435
G1 X96.441 Y79.465 E.01646
G1 X56.465 Y119.441 E1.74107
G1 X56.465 Y118.906 E.01646
G1 X95.906 Y79.465 E1.71779
G1 X95.372 Y79.465 E.01646
G1 X56.465 Y118.372 E1.69452
G1 X56.465 Y117.838 E.01646
G1 X94.838 Y79.465 E1.67124
G1 X94.303 Y79.465 E.01646
G1 X56.465 Y117.303 E1.64796
G1 X56.465 Y116.769 E.01646
M73 P81 R12
G1 X93.769 Y79.465 E1.62468
G1 X93.234 Y79.465 E.01646
G1 X56.465 Y116.234 E1.6014
G1 X56.465 Y115.7 E.01646
G1 X92.7 Y79.465 E1.57813
G1 X92.165 Y79.465 E.01646
G1 X56.465 Y115.165 E1.55485
G1 X56.465 Y114.631 E.01646
G1 X91.631 Y79.465 E1.53157
G1 X91.096 Y79.465 E.01646
G1 X56.465 Y114.096 E1.50829
G1 X56.465 Y113.562 E.01646
G1 X90.562 Y79.465 E1.48502
G1 X90.027 Y79.465 E.01646
G1 X56.465 Y113.027 E1.46174
G1 X56.465 Y112.493 E.01646
G1 X89.493 Y79.465 E1.43846
G1 X88.958 Y79.465 E.01646
G1 X56.465 Y111.958 E1.41518
G1 X56.465 Y111.424 E.01646
G1 X88.424 Y79.465 E1.3919
G1 X87.889 Y79.465 E.01646
G1 X56.465 Y110.889 E1.36863
G1 X56.465 Y110.355 E.01646
M73 P82 R12
G1 X87.355 Y79.465 E1.34535
G1 X86.82 Y79.465 E.01646
G1 X56.465 Y109.82 E1.32207
G1 X56.465 Y109.286 E.01646
G1 X86.286 Y79.465 E1.29879
G1 X85.751 Y79.465 E.01646
G1 X56.465 Y108.751 E1.27551
G1 X56.465 Y108.217 E.01646
G1 X85.217 Y79.465 E1.25224
G1 X84.682 Y79.465 E.01646
G1 X56.465 Y107.682 E1.22896
G1 X56.465 Y107.148 E.01646
G1 X84.148 Y79.465 E1.20568
G1 X83.614 Y79.465 E.01646
G1 X56.465 Y106.614 E1.1824
G1 X56.465 Y106.079 E.01646
G1 X83.079 Y79.465 E1.15912
G1 X82.545 Y79.465 E.01646
G1 X56.465 Y105.545 E1.13585
G1 X56.465 Y105.01 E.01646
G1 X82.01 Y79.465 E1.11257
G1 X81.476 Y79.465 E.01646
G1 X56.465 Y104.476 E1.08929
G1 X56.465 Y103.941 E.01646
G1 X80.941 Y79.465 E1.06601
G1 X80.407 Y79.465 E.01646
G1 X56.465 Y103.407 E1.04273
G1 X56.465 Y102.872 E.01646
G1 X79.872 Y79.465 E1.01946
G1 X79.338 Y79.465 E.01646
G1 X56.465 Y102.338 E.99618
G1 X56.465 Y101.803 E.01646
G1 X78.803 Y79.465 E.9729
G1 X78.269 Y79.465 E.01646
G1 X56.465 Y101.269 E.94962
G1 X56.465 Y100.734 E.01646
G1 X77.734 Y79.465 E.92634
G1 X77.2 Y79.465 E.01646
G1 X56.465 Y100.2 E.90307
G1 X56.465 Y99.665 E.01646
G1 X76.665 Y79.465 E.87979
G1 X76.131 Y79.465 E.01646
G1 X56.465 Y99.131 E.85651
G1 X56.465 Y98.596 E.01646
G1 X75.596 Y79.465 E.83323
G1 X75.062 Y79.465 E.01646
G1 X56.465 Y98.062 E.80995
G1 X56.465 Y97.527 E.01646
G1 X74.527 Y79.465 E.78668
G1 X73.993 Y79.465 E.01646
G1 X56.465 Y96.993 E.7634
G1 X56.465 Y96.458 E.01646
G1 X73.459 Y79.465 E.74012
G1 X72.924 Y79.465 E.01646
G1 X56.465 Y95.924 E.71684
G1 X56.465 Y95.39 E.01646
G1 X72.39 Y79.465 E.69356
G1 X71.855 Y79.465 E.01646
G1 X56.465 Y94.855 E.67029
G1 X56.465 Y94.321 E.01646
G1 X71.321 Y79.465 E.64701
G1 X70.786 Y79.465 E.01646
G1 X56.465 Y93.786 E.62373
G1 X56.465 Y93.252 E.01646
G1 X70.252 Y79.465 E.60045
G1 X69.717 Y79.465 E.01646
G1 X64.684 Y84.498 E.21921
G1 X64.684 Y83.964 E.01646
G1 X69.183 Y79.465 E.19594
G1 X68.648 Y79.465 E.01646
G1 X64.684 Y83.429 E.17266
G1 X64.684 Y82.895 E.01646
G1 X68.114 Y79.465 E.14938
G1 X67.579 Y79.465 E.01646
G1 X64.684 Y82.36 E.1261
G1 X64.684 Y81.826 E.01646
G1 X67.045 Y79.465 E.10282
G1 X66.51 Y79.465 E.01646
G1 X64.684 Y81.291 E.07955
G1 X64.684 Y80.816 E.01464
G1 X64.625 Y80.816 E.00182
G1 X65.976 Y79.465 E.05885
G1 X65.441 Y79.465 E.01646
G1 X64.09 Y80.816 E.05885
G1 X63.556 Y80.816 E.01646
G1 X64.907 Y79.465 E.05885
G1 X64.372 Y79.465 E.01646
G1 X63.021 Y80.816 E.05885
G1 X62.487 Y80.816 E.01646
G1 X63.838 Y79.465 E.05885
G1 X63.303 Y79.465 E.01646
G1 X61.952 Y80.816 E.05885
G1 X61.418 Y80.816 E.01646
G1 X62.769 Y79.465 E.05885
G1 X62.235 Y79.465 E.01646
G1 X60.714 Y80.986 E.06624
M205 X8 Y8
G1 X64.168 Y85.014 F7200
M205 X10 Y10
G1 F2400
G1 X56.465 Y92.717 E.33549
G1 X56.465 Y92.183 E.01646
G1 X63.464 Y85.184 E.30482
G1 X62.929 Y85.184 E.01646
G1 X56.465 Y91.648 E.28154
G1 X56.465 Y91.114 E.01646
G1 X62.395 Y85.184 E.25826
G1 X61.86 Y85.184 E.01646
G1 X56.465 Y90.579 E.23498
G1 X56.465 Y90.045 E.01646
G1 X61.326 Y85.184 E.21171
G1 X60.791 Y85.184 E.01646
G1 X56.465 Y89.51 E.18843
G1 X56.465 Y88.976 E.01646
G1 X60.316 Y85.125 E.16773
G1 X60.316 Y84.59 E.01646
G1 X56.465 Y88.441 E.16773
G1 X56.465 Y87.907 E.01646
G1 X60.316 Y84.056 E.16773
G1 X60.316 Y83.521 E.01646
G1 X56.465 Y87.372 E.16773
G1 X56.465 Y86.838 E.01646
G1 X60.316 Y82.987 E.16773
G1 X60.316 Y82.452 E.01646
G1 X56.465 Y86.303 E.16773
G1 X56.465 Y85.769 E.01646
G1 X60.316 Y81.918 E.16773
G1 X60.316 Y81.383 E.01646
G1 X56.465 Y85.235 E.16773
G1 X56.465 Y84.7 E.01646
G1 X61.7 Y79.465 E.228
G1 X61.166 Y79.465 E.01646
G1 X56.465 Y84.166 E.20473
G1 X56.465 Y83.631 E.01646
G1 X60.631 Y79.465 E.18145
G1 X60.097 Y79.465 E.01646
G1 X56.465 Y83.097 E.15817
G1 X56.465 Y82.562 E.01646
G1 X59.562 Y79.465 E.13489
G1 X59.028 Y79.465 E.01646
G1 X56.465 Y82.028 E.11161
G1 X56.465 Y81.493 E.01646
G1 X58.493 Y79.465 E.08834
G1 X57.959 Y79.465 E.01646
G1 X56.465 Y80.959 E.06506
G1 X56.465 Y80.424 E.01646
G1 X57.424 Y79.465 E.04178
G1 X56.89 Y79.465 E.01646
G1 X56.295 Y80.059 E.02589
; stop printing object 06_sliding_electronics_carrier_ESP32_PH.stl id:0 copy 0
;TIME_ELAPSED:3517.993652

;LAYER_CHANGE
;:2.6
;HEIGHT:0.2
;BEFORE_LAYER_CHANGE
;2.6
G92 E0

G1 E-4.5 F2700
;WIPE_START
G1 F2400
G1 X56.89 Y79.465 E-.19969
G1 X57.424 Y79.465 E-.12694
G1 X56.982 Y79.907 E-.14838
;WIPE_END
G1 E-.025 F2700
;_SET_FAN_SPEED_CHANGING_LAYER
; OBJECT_ID: 15
; printing object 06_sliding_electronics_carrier_ESP32_PH.stl id:0 copy 0
M205 X8 Y8
G17
G3 Z2.8 I-.666 J1.018 P1  F7200
G1 X63.991 Y84.491 Z2.8
G1 Z2.6
G1 E5 F2400
M205 X10 Y10
;TYPE:Inner wall
;WIDTH:0.449999
G1 F2700
G1 X61.009 Y84.491 E.09891
G1 X61.009 Y81.509 E.09891
G1 X63.991 Y81.509 E.09891
G1 X63.991 Y84.451 E.09758
M205 X8 Y8
G1 X64.398 Y84.898 F7200
M205 X10 Y10
G1 F2700
G1 X60.602 Y84.898 E.12591
G1 X60.602 Y81.102 E.12591
G1 X64.398 Y81.102 E.12591
G1 X64.398 Y84.858 E.12459
M205 X8 Y8
G1 X64.79 Y85.29 F7200
M205 X10 Y10
;TYPE:Outer wall
;WIDTH:0.419999
G1 F2400
G1 X60.21 Y85.29 E.14073
G1 X60.21 Y80.71 E.14073
G1 X64.79 Y80.71 E.14073
G1 X64.79 Y85.25 E.1395
G1 E-4.5 F2700
;WIPE_START
G1 F2400
G1 X62.79 Y85.267 E-.475
;WIPE_END
G1 E-.025 F2700
M205 X8 Y8
G1 X62.737 Y83.237 Z3 F7200
G1 Z2.6
G1 E5 F2400
M205 X10 Y10
;TYPE:Internal solid infill
;WIDTH:0.516066
G1 F3600
G1 X62.737 Y82.763 E.01824
G1 X62.263 Y82.763 E.01824
G1 X62.263 Y83.237 E.01824
G1 X62.697 Y83.237 E.0167
M205 X8 Y8
G1 X63.177 Y83.677 F7200
M205 X10 Y10
;WIDTH:0.449999
G1 F3600
G1 X63.177 Y82.323 E.04489
G1 X61.823 Y82.323 E.04489
G1 X61.823 Y83.677 E.04489
G1 X63.137 Y83.677 E.04357
M205 X8 Y8
G1 X63.584 Y84.084 F7200
M205 X10 Y10
G1 F3600
G1 X63.584 Y81.916 E.0719
G1 X61.416 Y81.916 E.0719
G1 X61.416 Y84.084 E.0719
G1 X63.544 Y84.084 E.07057
G1 E-4.5 F2700
;WIPE_START
G1 F3600
G1 X61.544 Y84.084 E-.475
;WIPE_END
G1 E-.025 F2700
M205 X8 Y8
G1 X69.176 Y84.155 Z3 F7200
G1 X104.991 Y84.491 Z3
G1 Z2.6
M73 P83 R12
G1 E5 F2400
M205 X10 Y10
;TYPE:Inner wall
G1 F2700
G1 X102.009 Y84.491 E.09891
G1 X102.009 Y81.509 E.09891
G1 X104.991 Y81.509 E.09891
G1 X104.991 Y84.451 E.09758
M205 X8 Y8
G1 X105.398 Y84.898 F7200
M205 X10 Y10
G1 F2700
G1 X101.602 Y84.898 E.12591
G1 X101.602 Y81.102 E.12591
G1 X105.398 Y81.102 E.12591
G1 X105.398 Y84.858 E.12459
M205 X8 Y8
G1 X105.79 Y85.29 F7200
M205 X10 Y10
;TYPE:Outer wall
;WIDTH:0.419999
G1 F2400
G1 X101.21 Y85.29 E.14073
G1 X101.21 Y80.71 E.14073
G1 X105.79 Y80.71 E.14073
M73 P83 R11
G1 X105.79 Y85.25 E.1395
G1 E-4.5 F2700
;WIPE_START
G1 F2400
G1 X103.79 Y85.267 E-.475
;WIPE_END
G1 E-.025 F2700
M205 X8 Y8
G1 X103.737 Y83.237 Z3 F7200
G1 Z2.6
G1 E5 F2400
M205 X10 Y10
;TYPE:Internal solid infill
;WIDTH:0.516066
G1 F3600
G1 X103.737 Y82.763 E.01824
G1 X103.263 Y82.763 E.01824
G1 X103.263 Y83.237 E.01824
G1 X103.697 Y83.237 E.0167
M205 X8 Y8
G1 X104.177 Y83.677 F7200
M205 X10 Y10
;WIDTH:0.449999
G1 F3600
G1 X104.177 Y82.323 E.04489
G1 X102.823 Y82.323 E.04489
G1 X102.823 Y83.677 E.04489
G1 X104.137 Y83.677 E.04357
M205 X8 Y8
G1 X104.584 Y84.084 F7200
M205 X10 Y10
G1 F3600
G1 X104.584 Y81.916 E.0719
G1 X102.416 Y81.916 E.0719
G1 X102.416 Y84.084 E.0719
G1 X104.544 Y84.084 E.07057
G1 E-4.5 F2700
;WIPE_START
G1 F3600
G1 X102.544 Y84.084 E-.475
;WIPE_END
G1 E-.025 F2700
M205 X8 Y8
G1 X110.146 Y84.763 Z3 F7200
G1 X129.491 Y86.491 Z3
G1 Z2.6
G1 E5 F2400
M205 X10 Y10
;TYPE:Inner wall
G1 F2700
G1 X126.509 Y86.491 E.09891
G1 X126.509 Y83.509 E.09891
G1 X129.491 Y83.509 E.09891
G1 X129.491 Y86.451 E.09758
M205 X8 Y8
G1 X129.898 Y86.898 F7200
M205 X10 Y10
G1 F2700
G1 X126.102 Y86.898 E.12591
G1 X126.102 Y83.102 E.12591
G1 X129.898 Y83.102 E.12591
G1 X129.898 Y86.858 E.12459
M205 X8 Y8
G1 X130.29 Y87.29 F7200
M205 X10 Y10
;TYPE:Outer wall
;WIDTH:0.419999
G1 F2400
G1 X125.71 Y87.29 E.14073
G1 X125.71 Y82.71 E.14073
G1 X130.29 Y82.71 E.14073
G1 X130.29 Y87.25 E.1395
G1 E-4.5 F2700
;WIPE_START
G1 F2400
G1 X128.29 Y87.267 E-.475
;WIPE_END
G1 E-.025 F2700
M205 X8 Y8
G1 X127.763 Y85.237 Z3 F7200
G1 Z2.6
G1 E5 F2400
M205 X10 Y10
;TYPE:Internal solid infill
;WIDTH:0.516066
G1 F3600
G1 X128.237 Y85.237 E.01824
G1 X128.237 Y84.763 E.01824
G1 X127.763 Y84.763 E.01824
G1 X127.763 Y85.197 E.0167
M205 X8 Y8
G1 X127.323 Y85.677 F7200
M205 X10 Y10
;WIDTH:0.449999
G1 F3600
G1 X128.677 Y85.677 E.04489
G1 X128.677 Y84.323 E.04489
G1 X127.323 Y84.323 E.04489
G1 X127.323 Y85.637 E.04357
M205 X8 Y8
G1 X126.916 Y86.084 F7200
M205 X10 Y10
G1 F3600
G1 X129.084 Y86.084 E.0719
G1 X129.084 Y83.916 E.0719
G1 X126.916 Y83.916 E.0719
G1 X126.916 Y86.044 E.07057
G1 E-4.5 F2700
;WIPE_START
G1 F3600
G1 X126.916 Y84.044 E-.475
;WIPE_END
G1 E-.025 F2700
M205 X8 Y8
G1 X134.514 Y84.77 Z3 F7200
G1 X152.509 Y86.491 Z3
G1 Z2.6
G1 E5 F2400
M205 X10 Y10
;TYPE:Inner wall
G1 F2700
G1 X152.509 Y83.509 E.09891
G1 X155.491 Y83.509 E.09891
G1 X155.491 Y86.491 E.09891
G1 X152.549 Y86.491 E.09758
M205 X8 Y8
G1 X152.102 Y86.898 F7200
M205 X10 Y10
G1 F2700
G1 X152.102 Y83.102 E.12591
G1 X155.898 Y83.102 E.12591
G1 X155.898 Y86.898 E.12591
G1 X152.142 Y86.898 E.12459
M205 X8 Y8
G1 X151.71 Y87.29 F7200
M205 X10 Y10
;TYPE:Outer wall
;WIDTH:0.419999
G1 F2400
G1 X151.71 Y82.71 E.14073
G1 X156.29 Y82.71 E.14073
G1 X156.29 Y87.29 E.14073
G1 X151.75 Y87.29 E.1395
G1 E-4.5 F2700
;WIPE_START
G1 F2400
G1 X151.733 Y85.29 E-.475
;WIPE_END
G1 E-.025 F2700
M205 X8 Y8
G1 X153.763 Y85.237 Z3 F7200
G1 Z2.6
G1 E5 F2400
M205 X10 Y10
;TYPE:Internal solid infill
;WIDTH:0.516066
G1 F3600
G1 X154.237 Y85.237 E.01824
G1 X154.237 Y84.763 E.01824
G1 X153.763 Y84.763 E.01824
G1 X153.763 Y85.197 E.0167
M205 X8 Y8
G1 X153.323 Y85.677 F7200
M205 X10 Y10
;WIDTH:0.449999
G1 F3600
G1 X154.677 Y85.677 E.04489
G1 X154.677 Y84.323 E.04489
G1 X153.323 Y84.323 E.04489
G1 X153.323 Y85.637 E.04357
M205 X8 Y8
G1 X152.916 Y86.084 F7200
M205 X10 Y10
G1 F3600
G1 X155.084 Y86.084 E.0719
G1 X155.084 Y83.916 E.0719
G1 X152.916 Y83.916 E.0719
G1 X152.916 Y86.044 E.07057
G1 E-4.5 F2700
;WIPE_START
G1 F3600
G1 X152.916 Y84.044 E-.475
;WIPE_END
G1 E-.025 F2700
M205 X8 Y8
G1 X152.853 Y91.676 Z3 F7200
G1 X152.509 Y133.509 Z3
G1 Z2.6
G1 E5 F2400
M205 X10 Y10
;TYPE:Inner wall
G1 F2700
G1 X155.491 Y133.509 E.09891
G1 X155.491 Y136.491 E.09891
G1 X152.509 Y136.491 E.09891
G1 X152.509 Y133.549 E.09758
M205 X8 Y8
G1 X152.102 Y133.102 F7200
M205 X10 Y10
G1 F2700
G1 X155.898 Y133.102 E.12591
G1 X155.898 Y136.898 E.12591
G1 X152.102 Y136.898 E.12591
G1 X152.102 Y133.142 E.12459
M205 X8 Y8
G1 X151.71 Y132.71 F7200
M205 X10 Y10
;TYPE:Outer wall
;WIDTH:0.419999
G1 F2400
G1 X156.29 Y132.71 E.14073
G1 X156.29 Y137.29 E.14073
G1 X151.71 Y137.29 E.14073
G1 X151.71 Y132.75 E.1395
G1 E-4.5 F2700
;WIPE_START
G1 F2400
G1 X153.71 Y132.733 E-.475
;WIPE_END
G1 E-.025 F2700
M205 X8 Y8
G1 X153.763 Y134.763 Z3 F7200
G1 Z2.6
G1 E5 F2400
M205 X10 Y10
;TYPE:Internal solid infill
;WIDTH:0.516066
G1 F3600
G1 X153.763 Y135.237 E.01824
G1 X154.237 Y135.237 E.01824
G1 X154.237 Y134.763 E.01824
G1 X153.803 Y134.763 E.0167
M205 X8 Y8
G1 X153.323 Y134.323 F7200
M205 X10 Y10
;WIDTH:0.449999
G1 F3600
G1 X153.323 Y135.677 E.04489
G1 X154.677 Y135.677 E.04489
G1 X154.677 Y134.323 E.04489
G1 X153.363 Y134.323 E.04357
M205 X8 Y8
G1 X152.916 Y133.916 F7200
M205 X10 Y10
G1 F3600
G1 X152.916 Y136.084 E.0719
G1 X155.084 Y136.084 E.0719
G1 X155.084 Y133.916 E.0719
G1 X152.956 Y133.916 E.07057
G1 E-4.5 F2700
;WIPE_START
G1 F3600
G1 X154.956 Y133.916 E-.475
;WIPE_END
G1 E-.025 F2700
M205 X8 Y8
G1 X147.325 Y133.807 Z3 F7200
G1 X126.509 Y133.509 Z3
G1 Z2.6
G1 E5 F2400
M205 X10 Y10
;TYPE:Inner wall
G1 F2700
G1 X129.491 Y133.509 E.09891
G1 X129.491 Y136.491 E.09891
G1 X126.509 Y136.491 E.09891
G1 X126.509 Y133.549 E.09758
M205 X8 Y8
G1 X126.102 Y133.102 F7200
M205 X10 Y10
G1 F2700
G1 X129.898 Y133.102 E.12591
G1 X129.898 Y136.898 E.12591
G1 X126.102 Y136.898 E.12591
G1 X126.102 Y133.142 E.12459
M205 X8 Y8
G1 X125.71 Y132.71 F7200
M205 X10 Y10
;TYPE:Outer wall
;WIDTH:0.419999
G1 F2400
G1 X130.29 Y132.71 E.14073
G1 X130.29 Y137.29 E.14073
G1 X125.71 Y137.29 E.14073
G1 X125.71 Y132.75 E.1395
G1 E-4.5 F2700
;WIPE_START
G1 F2400
G1 X127.71 Y132.733 E-.475
;WIPE_END
G1 E-.025 F2700
M205 X8 Y8
G1 X127.763 Y134.763 Z3 F7200
G1 Z2.6
G1 E5 F2400
M205 X10 Y10
;TYPE:Internal solid infill
;WIDTH:0.516066
G1 F3600
G1 X127.763 Y135.237 E.01824
G1 X128.237 Y135.237 E.01824
G1 X128.237 Y134.763 E.01824
G1 X127.803 Y134.763 E.0167
M205 X8 Y8
G1 X127.323 Y134.323 F7200
M205 X10 Y10
;WIDTH:0.449999
G1 F3600
G1 X127.323 Y135.677 E.04489
G1 X128.677 Y135.677 E.04489
G1 X128.677 Y134.323 E.04489
G1 X127.363 Y134.323 E.04357
M205 X8 Y8
G1 X126.916 Y133.916 F7200
M205 X10 Y10
G1 F3600
G1 X126.916 Y136.084 E.0719
G1 X129.084 Y136.084 E.0719
G1 X129.084 Y133.916 E.0719
G1 X126.956 Y133.916 E.07057
G1 E-4.5 F2700
;WIPE_START
G1 F3600
G1 X128.956 Y133.916 E-.475
;WIPE_END
G1 E-.025 F2700
M205 X8 Y8
G1 X121.341 Y134.422 Z3 F7200
G1 X104.991 Y135.509 Z3
G1 Z2.6
G1 E5 F2400
M205 X10 Y10
;TYPE:Inner wall
G1 F2700
G1 X104.991 Y138.491 E.09891
G1 X102.009 Y138.491 E.09891
G1 X102.009 Y135.509 E.09891
G1 X104.951 Y135.509 E.09758
M205 X8 Y8
G1 X105.398 Y135.102 F7200
M205 X10 Y10
G1 F2700
G1 X105.398 Y138.898 E.12591
G1 X101.602 Y138.898 E.12591
G1 X101.602 Y135.102 E.12591
G1 X105.358 Y135.102 E.12459
M205 X8 Y8
G1 X105.79 Y134.71 F7200
M205 X10 Y10
;TYPE:Outer wall
;WIDTH:0.419999
G1 F2400
G1 X105.79 Y139.29 E.14073
G1 X101.21 Y139.29 E.14073
G1 X101.21 Y134.71 E.14073
G1 X105.75 Y134.71 E.1395
G1 E-4.5 F2700
;WIPE_START
G1 F2400
G1 X105.767 Y136.71 E-.475
;WIPE_END
G1 E-.025 F2700
M205 X8 Y8
G1 X103.737 Y136.763 Z3 F7200
G1 Z2.6
G1 E5 F2400
M205 X10 Y10
;TYPE:Internal solid infill
;WIDTH:0.516066
G1 F3600
G1 X103.263 Y136.763 E.01824
G1 X103.263 Y137.237 E.01824
G1 X103.737 Y137.237 E.01824
G1 X103.737 Y136.803 E.0167
M205 X8 Y8
G1 X104.177 Y136.323 F7200
M205 X10 Y10
;WIDTH:0.449999
G1 F3600
G1 X102.823 Y136.323 E.04489
G1 X102.823 Y137.677 E.04489
G1 X104.177 Y137.677 E.04489
G1 X104.177 Y136.363 E.04357
M205 X8 Y8
G1 X104.584 Y135.916 F7200
M205 X10 Y10
G1 F3600
G1 X102.416 Y135.916 E.0719
G1 X102.416 Y138.084 E.0719
G1 X104.584 Y138.084 E.0719
G1 X104.584 Y135.956 E.07057
G1 E-4.5 F2700
;WIPE_START
G1 F3600
G1 X104.584 Y137.956 E-.475
;WIPE_END
G1 E-.025 F2700
M205 X8 Y8
G1 X96.965 Y137.497 Z3 F7200
G1 X63.991 Y135.509 Z3
G1 Z2.6
G1 E5 F2400
M205 X10 Y10
;TYPE:Inner wall
G1 F2700
G1 X63.991 Y138.491 E.09891
G1 X61.009 Y138.491 E.09891
G1 X61.009 Y135.509 E.09891
G1 X63.951 Y135.509 E.09758
M205 X8 Y8
G1 X64.398 Y135.102 F7200
M205 X10 Y10
G1 F2700
G1 X64.398 Y138.898 E.12591
G1 X60.602 Y138.898 E.12591
G1 X60.602 Y135.102 E.12591
G1 X64.358 Y135.102 E.12459
M205 X8 Y8
G1 X64.79 Y134.71 F7200
M205 X10 Y10
;TYPE:Outer wall
;WIDTH:0.419999
G1 F2400
G1 X64.79 Y139.29 E.14073
G1 X60.21 Y139.29 E.14073
G1 X60.21 Y134.71 E.14073
G1 X64.75 Y134.71 E.1395
G1 E-4.5 F2700
;WIPE_START
G1 F2400
G1 X64.767 Y136.71 E-.475
;WIPE_END
G1 E-.025 F2700
M205 X8 Y8
G1 X62.737 Y136.763 Z3 F7200
G1 Z2.6
G1 E5 F2400
M205 X10 Y10
;TYPE:Internal solid infill
;WIDTH:0.516066
G1 F3600
G1 X62.263 Y136.763 E.01824
G1 X62.263 Y137.237 E.01824
G1 X62.737 Y137.237 E.01824
G1 X62.737 Y136.803 E.0167
M205 X8 Y8
G1 X63.177 Y136.323 F7200
M205 X10 Y10
;WIDTH:0.449999
G1 F3600
G1 X61.823 Y136.323 E.04489
G1 X61.823 Y137.677 E.04489
G1 X63.177 Y137.677 E.04489
G1 X63.177 Y136.363 E.04357
M205 X8 Y8
G1 X63.584 Y135.916 F7200
M205 X10 Y10
G1 F3600
G1 X61.416 Y135.916 E.0719
G1 X61.416 Y138.084 E.0719
G1 X63.584 Y138.084 E.0719
G1 X63.584 Y135.956 E.07057
; stop printing object 06_sliding_electronics_carrier_ESP32_PH.stl id:0 copy 0
;TIME_ELAPSED:3553.996094

;LAYER_CHANGE
;:2.8
;HEIGHT:0.2
;BEFORE_LAYER_CHANGE
;2.8
G92 E0

G1 E-4.5 F2700
;WIPE_START
G1 F3600
G1 X63.584 Y137.956 E-.475
;WIPE_END
G1 E-.025 F2700
;_SET_FAN_SPEED_CHANGING_LAYER
; OBJECT_ID: 15
; printing object 06_sliding_electronics_carrier_ESP32_PH.stl id:0 copy 0
M205 X8 Y8
G17
G3 Z3 I1.217 J.009 P1  F7200
G1 X63.991 Y84.491 Z3
G1 Z2.8
G1 E5 F2400
M205 X10 Y10
;TYPE:Inner wall
G1 F2700
G1 X61.009 Y84.491 E.09891
G1 X61.009 Y81.509 E.09891
G1 X63.991 Y81.509 E.09891
G1 X63.991 Y84.451 E.09758
M205 X8 Y8
G1 X64.398 Y84.898 F7200
M205 X10 Y10
G1 F2700
G1 X60.602 Y84.898 E.12591
G1 X60.602 Y81.102 E.12591
G1 X64.398 Y81.102 E.12591
G1 X64.398 Y84.858 E.12459
M205 X8 Y8
G1 X64.79 Y85.29 F7200
M205 X10 Y10
;TYPE:Outer wall
;WIDTH:0.419999
G1 F2400
G1 X60.21 Y85.29 E.14073
G1 X60.21 Y80.71 E.14073
G1 X64.79 Y80.71 E.14073
G1 X64.79 Y85.25 E.1395
G1 E-4.5 F2700
;WIPE_START
G1 F2400
G1 X62.79 Y85.267 E-.475
;WIPE_END
G1 E-.025 F2700
M205 X8 Y8
G1 X62.737 Y83.237 Z3.2 F7200
G1 Z2.8
G1 E5 F2400
M205 X10 Y10
;TYPE:Internal solid infill
;WIDTH:0.516066
G1 F3600
G1 X62.737 Y82.763 E.01824
G1 X62.263 Y82.763 E.01824
G1 X62.263 Y83.237 E.01824
G1 X62.697 Y83.237 E.0167
M205 X8 Y8
G1 X63.177 Y83.677 F7200
M205 X10 Y10
;WIDTH:0.449999
G1 F3600
G1 X63.177 Y82.323 E.04489
G1 X61.823 Y82.323 E.04489
G1 X61.823 Y83.677 E.04489
G1 X63.137 Y83.677 E.04357
M205 X8 Y8
G1 X63.584 Y84.084 F7200
M205 X10 Y10
G1 F3600
G1 X63.584 Y81.916 E.0719
G1 X61.416 Y81.916 E.0719
G1 X61.416 Y84.084 E.0719
G1 X63.544 Y84.084 E.07057
G1 E-4.5 F2700
;WIPE_START
G1 F3600
G1 X61.544 Y84.084 E-.475
;WIPE_END
G1 E-.025 F2700
M205 X8 Y8
G1 X69.176 Y84.155 Z3.2 F7200
G1 X104.991 Y84.491 Z3.2
G1 Z2.8
G1 E5 F2400
M205 X10 Y10
;TYPE:Inner wall
G1 F2700
G1 X102.009 Y84.491 E.09891
G1 X102.009 Y81.509 E.09891
G1 X104.991 Y81.509 E.09891
G1 X104.991 Y84.451 E.09758
M205 X8 Y8
G1 X105.398 Y84.898 F7200
M205 X10 Y10
G1 F2700
G1 X101.602 Y84.898 E.12591
G1 X101.602 Y81.102 E.12591
G1 X105.398 Y81.102 E.12591
G1 X105.398 Y84.858 E.12459
M205 X8 Y8
G1 X105.79 Y85.29 F7200
M205 X10 Y10
;TYPE:Outer wall
;WIDTH:0.419999
G1 F2400
G1 X101.21 Y85.29 E.14073
G1 X101.21 Y80.71 E.14073
G1 X105.79 Y80.71 E.14073
G1 X105.79 Y85.25 E.1395
G1 E-4.5 F2700
;WIPE_START
G1 F2400
G1 X103.79 Y85.267 E-.475
;WIPE_END
G1 E-.025 F2700
M205 X8 Y8
G1 X103.737 Y83.237 Z3.2 F7200
G1 Z2.8
G1 E5 F2400
M205 X10 Y10
;TYPE:Internal solid infill
;WIDTH:0.516066
G1 F3600
G1 X103.737 Y82.763 E.01824
G1 X103.263 Y82.763 E.01824
G1 X103.263 Y83.237 E.01824
G1 X103.697 Y83.237 E.0167
M205 X8 Y8
G1 X104.177 Y83.677 F7200
M205 X10 Y10
;WIDTH:0.449999
G1 F3600
G1 X104.177 Y82.323 E.04489
G1 X102.823 Y82.323 E.04489
G1 X102.823 Y83.677 E.04489
G1 X104.137 Y83.677 E.04357
M205 X8 Y8
G1 X104.584 Y84.084 F7200
M205 X10 Y10
G1 F3600
G1 X104.584 Y81.916 E.0719
G1 X102.416 Y81.916 E.0719
G1 X102.416 Y84.084 E.0719
G1 X104.544 Y84.084 E.07057
G1 E-4.5 F2700
;WIPE_START
G1 F3600
G1 X102.544 Y84.084 E-.475
;WIPE_END
G1 E-.025 F2700
M205 X8 Y8
G1 X110.146 Y84.763 Z3.2 F7200
G1 X129.491 Y86.491 Z3.2
G1 Z2.8
G1 E5 F2400
M205 X10 Y10
;TYPE:Inner wall
G1 F2700
G1 X126.509 Y86.491 E.09891
G1 X126.509 Y83.509 E.09891
G1 X129.491 Y83.509 E.09891
G1 X129.491 Y86.451 E.09758
M205 X8 Y8
G1 X129.898 Y86.898 F7200
M205 X10 Y10
G1 F2700
G1 X126.102 Y86.898 E.12591
G1 X126.102 Y83.102 E.12591
G1 X129.898 Y83.102 E.12591
G1 X129.898 Y86.858 E.12459
M205 X8 Y8
M73 P84 R11
G1 X130.29 Y87.29 F7200
M205 X10 Y10
;TYPE:Outer wall
;WIDTH:0.419999
G1 F2400
G1 X125.71 Y87.29 E.14073
G1 X125.71 Y82.71 E.14073
G1 X130.29 Y82.71 E.14073
G1 X130.29 Y87.25 E.1395
G1 E-4.5 F2700
;WIPE_START
G1 F2400
G1 X128.29 Y87.267 E-.475
;WIPE_END
G1 E-.025 F2700
M205 X8 Y8
G1 X127.763 Y85.237 Z3.2 F7200
G1 Z2.8
G1 E5 F2400
M205 X10 Y10
;TYPE:Internal solid infill
;WIDTH:0.516066
G1 F3600
G1 X128.237 Y85.237 E.01824
G1 X128.237 Y84.763 E.01824
G1 X127.763 Y84.763 E.01824
G1 X127.763 Y85.197 E.0167
M205 X8 Y8
G1 X127.323 Y85.677 F7200
M205 X10 Y10
;WIDTH:0.449999
G1 F3600
G1 X128.677 Y85.677 E.04489
G1 X128.677 Y84.323 E.04489
G1 X127.323 Y84.323 E.04489
G1 X127.323 Y85.637 E.04357
M205 X8 Y8
G1 X126.916 Y86.084 F7200
M205 X10 Y10
G1 F3600
G1 X129.084 Y86.084 E.0719
G1 X129.084 Y83.916 E.0719
G1 X126.916 Y83.916 E.0719
G1 X126.916 Y86.044 E.07057
G1 E-4.5 F2700
;WIPE_START
G1 F3600
G1 X126.916 Y84.044 E-.475
;WIPE_END
G1 E-.025 F2700
M205 X8 Y8
G1 X134.514 Y84.77 Z3.2 F7200
G1 X152.509 Y86.491 Z3.2
G1 Z2.8
G1 E5 F2400
M205 X10 Y10
;TYPE:Inner wall
G1 F2700
G1 X152.509 Y83.509 E.09891
G1 X155.491 Y83.509 E.09891
G1 X155.491 Y86.491 E.09891
G1 X152.549 Y86.491 E.09758
M205 X8 Y8
G1 X152.102 Y86.898 F7200
M205 X10 Y10
G1 F2700
G1 X152.102 Y83.102 E.12591
G1 X155.898 Y83.102 E.12591
G1 X155.898 Y86.898 E.12591
G1 X152.142 Y86.898 E.12459
M205 X8 Y8
G1 X151.71 Y87.29 F7200
M205 X10 Y10
;TYPE:Outer wall
;WIDTH:0.419999
G1 F2400
G1 X151.71 Y82.71 E.14073
G1 X156.29 Y82.71 E.14073
G1 X156.29 Y87.29 E.14073
G1 X151.75 Y87.29 E.1395
G1 E-4.5 F2700
;WIPE_START
G1 F2400
G1 X151.733 Y85.29 E-.475
;WIPE_END
G1 E-.025 F2700
M205 X8 Y8
G1 X153.763 Y85.237 Z3.2 F7200
G1 Z2.8
G1 E5 F2400
M205 X10 Y10
;TYPE:Internal solid infill
;WIDTH:0.516066
G1 F3600
G1 X154.237 Y85.237 E.01824
G1 X154.237 Y84.763 E.01824
G1 X153.763 Y84.763 E.01824
G1 X153.763 Y85.197 E.0167
M205 X8 Y8
G1 X153.323 Y85.677 F7200
M205 X10 Y10
;WIDTH:0.449999
G1 F3600
G1 X154.677 Y85.677 E.04489
G1 X154.677 Y84.323 E.04489
G1 X153.323 Y84.323 E.04489
G1 X153.323 Y85.637 E.04357
M205 X8 Y8
G1 X152.916 Y86.084 F7200
M205 X10 Y10
G1 F3600
G1 X155.084 Y86.084 E.0719
G1 X155.084 Y83.916 E.0719
G1 X152.916 Y83.916 E.0719
G1 X152.916 Y86.044 E.07057
G1 E-4.5 F2700
;WIPE_START
G1 F3600
G1 X152.916 Y84.044 E-.475
;WIPE_END
G1 E-.025 F2700
M205 X8 Y8
G1 X152.853 Y91.676 Z3.2 F7200
G1 X152.509 Y133.509 Z3.2
G1 Z2.8
G1 E5 F2400
M205 X10 Y10
;TYPE:Inner wall
G1 F2700
G1 X155.491 Y133.509 E.09891
G1 X155.491 Y136.491 E.09891
G1 X152.509 Y136.491 E.09891
G1 X152.509 Y133.549 E.09758
M205 X8 Y8
G1 X152.102 Y133.102 F7200
M205 X10 Y10
G1 F2700
G1 X155.898 Y133.102 E.12591
G1 X155.898 Y136.898 E.12591
G1 X152.102 Y136.898 E.12591
G1 X152.102 Y133.142 E.12459
M205 X8 Y8
G1 X151.71 Y132.71 F7200
M205 X10 Y10
;TYPE:Outer wall
;WIDTH:0.419999
G1 F2400
G1 X156.29 Y132.71 E.14073
G1 X156.29 Y137.29 E.14073
G1 X151.71 Y137.29 E.14073
G1 X151.71 Y132.75 E.1395
G1 E-4.5 F2700
;WIPE_START
G1 F2400
G1 X153.71 Y132.733 E-.475
;WIPE_END
G1 E-.025 F2700
M205 X8 Y8
G1 X153.763 Y134.763 Z3.2 F7200
G1 Z2.8
G1 E5 F2400
M205 X10 Y10
;TYPE:Internal solid infill
;WIDTH:0.516066
G1 F3600
G1 X153.763 Y135.237 E.01824
G1 X154.237 Y135.237 E.01824
G1 X154.237 Y134.763 E.01824
G1 X153.803 Y134.763 E.0167
M205 X8 Y8
G1 X153.323 Y134.323 F7200
M205 X10 Y10
;WIDTH:0.449999
G1 F3600
G1 X153.323 Y135.677 E.04489
G1 X154.677 Y135.677 E.04489
G1 X154.677 Y134.323 E.04489
G1 X153.363 Y134.323 E.04357
M205 X8 Y8
G1 X152.916 Y133.916 F7200
M205 X10 Y10
G1 F3600
G1 X152.916 Y136.084 E.0719
G1 X155.084 Y136.084 E.0719
G1 X155.084 Y133.916 E.0719
G1 X152.956 Y133.916 E.07057
G1 E-4.5 F2700
;WIPE_START
G1 F3600
G1 X154.956 Y133.916 E-.475
;WIPE_END
G1 E-.025 F2700
M205 X8 Y8
G1 X147.325 Y133.807 Z3.2 F7200
G1 X126.509 Y133.509 Z3.2
G1 Z2.8
G1 E5 F2400
M205 X10 Y10
;TYPE:Inner wall
G1 F2700
G1 X129.491 Y133.509 E.09891
G1 X129.491 Y136.491 E.09891
G1 X126.509 Y136.491 E.09891
G1 X126.509 Y133.549 E.09758
M205 X8 Y8
G1 X126.102 Y133.102 F7200
M205 X10 Y10
G1 F2700
G1 X129.898 Y133.102 E.12591
G1 X129.898 Y136.898 E.12591
G1 X126.102 Y136.898 E.12591
G1 X126.102 Y133.142 E.12459
M205 X8 Y8
G1 X125.71 Y132.71 F7200
M205 X10 Y10
;TYPE:Outer wall
;WIDTH:0.419999
G1 F2400
G1 X130.29 Y132.71 E.14073
G1 X130.29 Y137.29 E.14073
G1 X125.71 Y137.29 E.14073
G1 X125.71 Y132.75 E.1395
G1 E-4.5 F2700
;WIPE_START
G1 F2400
G1 X127.71 Y132.733 E-.475
;WIPE_END
G1 E-.025 F2700
M205 X8 Y8
G1 X127.763 Y134.763 Z3.2 F7200
G1 Z2.8
G1 E5 F2400
M205 X10 Y10
;TYPE:Internal solid infill
;WIDTH:0.516066
G1 F3600
G1 X127.763 Y135.237 E.01824
G1 X128.237 Y135.237 E.01824
G1 X128.237 Y134.763 E.01824
G1 X127.803 Y134.763 E.0167
M205 X8 Y8
G1 X127.323 Y134.323 F7200
M205 X10 Y10
;WIDTH:0.449999
G1 F3600
G1 X127.323 Y135.677 E.04489
G1 X128.677 Y135.677 E.04489
G1 X128.677 Y134.323 E.04489
G1 X127.363 Y134.323 E.04357
M205 X8 Y8
G1 X126.916 Y133.916 F7200
M205 X10 Y10
G1 F3600
G1 X126.916 Y136.084 E.0719
G1 X129.084 Y136.084 E.0719
G1 X129.084 Y133.916 E.0719
G1 X126.956 Y133.916 E.07057
G1 E-4.5 F2700
;WIPE_START
G1 F3600
G1 X128.956 Y133.916 E-.475
;WIPE_END
G1 E-.025 F2700
M205 X8 Y8
G1 X121.341 Y134.422 Z3.2 F7200
G1 X104.991 Y135.509 Z3.2
G1 Z2.8
G1 E5 F2400
M205 X10 Y10
;TYPE:Inner wall
G1 F2700
G1 X104.991 Y138.491 E.09891
G1 X102.009 Y138.491 E.09891
G1 X102.009 Y135.509 E.09891
G1 X104.951 Y135.509 E.09758
M205 X8 Y8
G1 X105.398 Y135.102 F7200
M205 X10 Y10
G1 F2700
G1 X105.398 Y138.898 E.12591
G1 X101.602 Y138.898 E.12591
G1 X101.602 Y135.102 E.12591
G1 X105.358 Y135.102 E.12459
M205 X8 Y8
G1 X105.79 Y134.71 F7200
M205 X10 Y10
;TYPE:Outer wall
;WIDTH:0.419999
G1 F2400
G1 X105.79 Y139.29 E.14073
G1 X101.21 Y139.29 E.14073
G1 X101.21 Y134.71 E.14073
G1 X105.75 Y134.71 E.1395
G1 E-4.5 F2700
;WIPE_START
G1 F2400
G1 X105.767 Y136.71 E-.475
;WIPE_END
G1 E-.025 F2700
M205 X8 Y8
G1 X103.737 Y136.763 Z3.2 F7200
G1 Z2.8
G1 E5 F2400
M205 X10 Y10
;TYPE:Internal solid infill
;WIDTH:0.516066
G1 F3600
G1 X103.263 Y136.763 E.01824
G1 X103.263 Y137.237 E.01824
G1 X103.737 Y137.237 E.01824
G1 X103.737 Y136.803 E.0167
M205 X8 Y8
G1 X104.177 Y136.323 F7200
M205 X10 Y10
;WIDTH:0.449999
G1 F3600
G1 X102.823 Y136.323 E.04489
G1 X102.823 Y137.677 E.04489
M73 P84 R10
G1 X104.177 Y137.677 E.04489
G1 X104.177 Y136.363 E.04357
M205 X8 Y8
G1 X104.584 Y135.916 F7200
M205 X10 Y10
G1 F3600
G1 X102.416 Y135.916 E.0719
G1 X102.416 Y138.084 E.0719
G1 X104.584 Y138.084 E.0719
G1 X104.584 Y135.956 E.07057
G1 E-4.5 F2700
;WIPE_START
G1 F3600
G1 X104.584 Y137.956 E-.475
;WIPE_END
G1 E-.025 F2700
M205 X8 Y8
G1 X96.965 Y137.497 Z3.2 F7200
G1 X63.991 Y135.509 Z3.2
G1 Z2.8
G1 E5 F2400
M205 X10 Y10
;TYPE:Inner wall
G1 F2700
G1 X63.991 Y138.491 E.09891
G1 X61.009 Y138.491 E.09891
G1 X61.009 Y135.509 E.09891
G1 X63.951 Y135.509 E.09758
M205 X8 Y8
G1 X64.398 Y135.102 F7200
M205 X10 Y10
G1 F2700
G1 X64.398 Y138.898 E.12591
G1 X60.602 Y138.898 E.12591
G1 X60.602 Y135.102 E.12591
G1 X64.358 Y135.102 E.12459
M205 X8 Y8
G1 X64.79 Y134.71 F7200
M205 X10 Y10
;TYPE:Outer wall
;WIDTH:0.419999
G1 F2400
G1 X64.79 Y139.29 E.14073
G1 X60.21 Y139.29 E.14073
G1 X60.21 Y134.71 E.14073
G1 X64.75 Y134.71 E.1395
G1 E-4.5 F2700
;WIPE_START
G1 F2400
G1 X64.767 Y136.71 E-.475
;WIPE_END
G1 E-.025 F2700
M205 X8 Y8
G1 X62.737 Y136.763 Z3.2 F7200
G1 Z2.8
G1 E5 F2400
M205 X10 Y10
;TYPE:Internal solid infill
;WIDTH:0.516066
G1 F3600
G1 X62.263 Y136.763 E.01824
G1 X62.263 Y137.237 E.01824
G1 X62.737 Y137.237 E.01824
G1 X62.737 Y136.803 E.0167
M205 X8 Y8
G1 X63.177 Y136.323 F7200
M205 X10 Y10
;WIDTH:0.449999
G1 F3600
G1 X61.823 Y136.323 E.04489
G1 X61.823 Y137.677 E.04489
G1 X63.177 Y137.677 E.04489
G1 X63.177 Y136.363 E.04357
M205 X8 Y8
G1 X63.584 Y135.916 F7200
M205 X10 Y10
G1 F3600
G1 X61.416 Y135.916 E.0719
G1 X61.416 Y138.084 E.0719
G1 X63.584 Y138.084 E.0719
G1 X63.584 Y135.956 E.07057
; stop printing object 06_sliding_electronics_carrier_ESP32_PH.stl id:0 copy 0
;TIME_ELAPSED:3590.382080

;LAYER_CHANGE
;:3
;HEIGHT:0.2
;BEFORE_LAYER_CHANGE
;3
G92 E0

G1 E-4.5 F2700
;WIPE_START
G1 F3600
G1 X63.584 Y137.956 E-.475
;WIPE_END
G1 E-.025 F2700
;_SET_FAN_SPEED_CHANGING_LAYER
; OBJECT_ID: 15
; printing object 06_sliding_electronics_carrier_ESP32_PH.stl id:0 copy 0
M205 X8 Y8
G17
G3 Z3.2 I1.217 J.009 P1  F7200
G1 X63.991 Y84.491 Z3.2
G1 Z3
G1 E5 F2400
M205 X10 Y10
;TYPE:Inner wall
G1 F2700
G1 X61.009 Y84.491 E.09891
G1 X61.009 Y81.509 E.09891
G1 X63.991 Y81.509 E.09891
G1 X63.991 Y84.451 E.09758
M205 X8 Y8
G1 X64.398 Y84.898 F7200
M205 X10 Y10
G1 F2700
G1 X60.602 Y84.898 E.12591
G1 X60.602 Y81.102 E.12591
G1 X64.398 Y81.102 E.12591
G1 X64.398 Y84.858 E.12459
M205 X8 Y8
G1 X64.79 Y85.29 F7200
M205 X10 Y10
;TYPE:Outer wall
;WIDTH:0.419999
G1 F2400
G1 X60.21 Y85.29 E.14073
G1 X60.21 Y80.71 E.14073
G1 X64.79 Y80.71 E.14073
G1 X64.79 Y85.25 E.1395
G1 E-4.5 F2700
;WIPE_START
G1 F2400
G1 X62.79 Y85.267 E-.475
;WIPE_END
G1 E-.025 F2700
M205 X8 Y8
G1 X62.737 Y83.237 Z3.4 F7200
G1 Z3
G1 E5 F2400
M205 X10 Y10
;TYPE:Internal solid infill
;WIDTH:0.516066
G1 F3600
G1 X62.737 Y82.763 E.01824
G1 X62.263 Y82.763 E.01824
G1 X62.263 Y83.237 E.01824
G1 X62.697 Y83.237 E.0167
M205 X8 Y8
G1 X63.177 Y83.677 F7200
M205 X10 Y10
;WIDTH:0.449999
G1 F3600
G1 X63.177 Y82.323 E.04489
G1 X61.823 Y82.323 E.04489
G1 X61.823 Y83.677 E.04489
G1 X63.137 Y83.677 E.04357
M205 X8 Y8
G1 X63.584 Y84.084 F7200
M205 X10 Y10
G1 F3600
G1 X63.584 Y81.916 E.0719
G1 X61.416 Y81.916 E.0719
G1 X61.416 Y84.084 E.0719
G1 X63.544 Y84.084 E.07057
G1 E-4.5 F2700
;WIPE_START
G1 F3600
G1 X61.544 Y84.084 E-.475
;WIPE_END
G1 E-.025 F2700
M205 X8 Y8
G1 X69.176 Y84.155 Z3.4 F7200
G1 X104.991 Y84.491 Z3.4
G1 Z3
G1 E5 F2400
M205 X10 Y10
;TYPE:Inner wall
G1 F2700
G1 X102.009 Y84.491 E.09891
G1 X102.009 Y81.509 E.09891
G1 X104.991 Y81.509 E.09891
G1 X104.991 Y84.451 E.09758
M205 X8 Y8
G1 X105.398 Y84.898 F7200
M205 X10 Y10
G1 F2700
G1 X101.602 Y84.898 E.12591
G1 X101.602 Y81.102 E.12591
G1 X105.398 Y81.102 E.12591
G1 X105.398 Y84.858 E.12459
M205 X8 Y8
G1 X105.79 Y85.29 F7200
M205 X10 Y10
;TYPE:Outer wall
;WIDTH:0.419999
G1 F2400
G1 X101.21 Y85.29 E.14073
G1 X101.21 Y80.71 E.14073
G1 X105.79 Y80.71 E.14073
G1 X105.79 Y85.25 E.1395
G1 E-4.5 F2700
;WIPE_START
G1 F2400
G1 X103.79 Y85.267 E-.475
;WIPE_END
G1 E-.025 F2700
M205 X8 Y8
G1 X103.737 Y83.237 Z3.4 F7200
G1 Z3
G1 E5 F2400
M205 X10 Y10
;TYPE:Internal solid infill
;WIDTH:0.516066
G1 F3600
G1 X103.737 Y82.763 E.01824
G1 X103.263 Y82.763 E.01824
G1 X103.263 Y83.237 E.01824
G1 X103.697 Y83.237 E.0167
M205 X8 Y8
G1 X104.177 Y83.677 F7200
M205 X10 Y10
;WIDTH:0.449999
G1 F3600
G1 X104.177 Y82.323 E.04489
G1 X102.823 Y82.323 E.04489
G1 X102.823 Y83.677 E.04489
G1 X104.137 Y83.677 E.04357
M205 X8 Y8
G1 X104.584 Y84.084 F7200
M205 X10 Y10
G1 F3600
G1 X104.584 Y81.916 E.0719
G1 X102.416 Y81.916 E.0719
G1 X102.416 Y84.084 E.0719
G1 X104.544 Y84.084 E.07057
G1 E-4.5 F2700
;WIPE_START
G1 F3600
G1 X102.544 Y84.084 E-.475
;WIPE_END
G1 E-.025 F2700
M205 X8 Y8
G1 X110.146 Y84.763 Z3.4 F7200
G1 X129.491 Y86.491 Z3.4
G1 Z3
G1 E5 F2400
M205 X10 Y10
;TYPE:Inner wall
G1 F2700
G1 X126.509 Y86.491 E.09891
G1 X126.509 Y83.509 E.09891
G1 X129.491 Y83.509 E.09891
G1 X129.491 Y86.451 E.09758
M205 X8 Y8
G1 X129.898 Y86.898 F7200
M205 X10 Y10
G1 F2700
G1 X126.102 Y86.898 E.12591
G1 X126.102 Y83.102 E.12591
G1 X129.898 Y83.102 E.12591
G1 X129.898 Y86.858 E.12459
M205 X8 Y8
G1 X130.29 Y87.29 F7200
M205 X10 Y10
;TYPE:Outer wall
;WIDTH:0.419999
G1 F2400
G1 X125.71 Y87.29 E.14073
G1 X125.71 Y82.71 E.14073
G1 X130.29 Y82.71 E.14073
G1 X130.29 Y87.25 E.1395
G1 E-4.5 F2700
;WIPE_START
G1 F2400
G1 X128.29 Y87.267 E-.475
;WIPE_END
G1 E-.025 F2700
M205 X8 Y8
G1 X127.763 Y85.237 Z3.4 F7200
G1 Z3
G1 E5 F2400
M205 X10 Y10
;TYPE:Internal solid infill
;WIDTH:0.516066
G1 F3600
G1 X128.237 Y85.237 E.01824
G1 X128.237 Y84.763 E.01824
G1 X127.763 Y84.763 E.01824
G1 X127.763 Y85.197 E.0167
M205 X8 Y8
G1 X127.323 Y85.677 F7200
M205 X10 Y10
;WIDTH:0.449999
G1 F3600
G1 X128.677 Y85.677 E.04489
G1 X128.677 Y84.323 E.04489
G1 X127.323 Y84.323 E.04489
G1 X127.323 Y85.637 E.04357
M205 X8 Y8
G1 X126.916 Y86.084 F7200
M205 X10 Y10
G1 F3600
G1 X129.084 Y86.084 E.0719
G1 X129.084 Y83.916 E.0719
G1 X126.916 Y83.916 E.0719
G1 X126.916 Y86.044 E.07057
G1 E-4.5 F2700
;WIPE_START
G1 F3600
G1 X126.916 Y84.044 E-.475
;WIPE_END
G1 E-.025 F2700
M205 X8 Y8
G1 X134.514 Y84.77 Z3.4 F7200
G1 X152.509 Y86.491 Z3.4
G1 Z3
G1 E5 F2400
M205 X10 Y10
;TYPE:Inner wall
G1 F2700
G1 X152.509 Y83.509 E.09891
G1 X155.491 Y83.509 E.09891
G1 X155.491 Y86.491 E.09891
G1 X152.549 Y86.491 E.09758
M205 X8 Y8
G1 X152.102 Y86.898 F7200
M205 X10 Y10
G1 F2700
G1 X152.102 Y83.102 E.12591
G1 X155.898 Y83.102 E.12591
G1 X155.898 Y86.898 E.12591
G1 X152.142 Y86.898 E.12459
M205 X8 Y8
G1 X151.71 Y87.29 F7200
M205 X10 Y10
;TYPE:Outer wall
;WIDTH:0.419999
G1 F2400
G1 X151.71 Y82.71 E.14073
G1 X156.29 Y82.71 E.14073
G1 X156.29 Y87.29 E.14073
G1 X151.75 Y87.29 E.1395
G1 E-4.5 F2700
;WIPE_START
G1 F2400
G1 X151.733 Y85.29 E-.475
;WIPE_END
G1 E-.025 F2700
M205 X8 Y8
G1 X153.763 Y85.237 Z3.4 F7200
G1 Z3
G1 E5 F2400
M205 X10 Y10
;TYPE:Internal solid infill
;WIDTH:0.516066
G1 F3600
G1 X154.237 Y85.237 E.01824
G1 X154.237 Y84.763 E.01824
G1 X153.763 Y84.763 E.01824
G1 X153.763 Y85.197 E.0167
M205 X8 Y8
G1 X153.323 Y85.677 F7200
M205 X10 Y10
;WIDTH:0.449999
M73 P85 R10
G1 F3600
G1 X154.677 Y85.677 E.04489
G1 X154.677 Y84.323 E.04489
G1 X153.323 Y84.323 E.04489
G1 X153.323 Y85.637 E.04357
M205 X8 Y8
G1 X152.916 Y86.084 F7200
M205 X10 Y10
G1 F3600
G1 X155.084 Y86.084 E.0719
G1 X155.084 Y83.916 E.0719
G1 X152.916 Y83.916 E.0719
G1 X152.916 Y86.044 E.07057
G1 E-4.5 F2700
;WIPE_START
G1 F3600
G1 X152.916 Y84.044 E-.475
;WIPE_END
G1 E-.025 F2700
M205 X8 Y8
G1 X152.853 Y91.676 Z3.4 F7200
G1 X152.509 Y133.509 Z3.4
G1 Z3
G1 E5 F2400
M205 X10 Y10
;TYPE:Inner wall
G1 F2700
G1 X155.491 Y133.509 E.09891
G1 X155.491 Y136.491 E.09891
G1 X152.509 Y136.491 E.09891
G1 X152.509 Y133.549 E.09758
M205 X8 Y8
G1 X152.102 Y133.102 F7200
M205 X10 Y10
G1 F2700
G1 X155.898 Y133.102 E.12591
G1 X155.898 Y136.898 E.12591
G1 X152.102 Y136.898 E.12591
G1 X152.102 Y133.142 E.12459
M205 X8 Y8
G1 X151.71 Y132.71 F7200
M205 X10 Y10
;TYPE:Outer wall
;WIDTH:0.419999
G1 F2400
G1 X156.29 Y132.71 E.14073
G1 X156.29 Y137.29 E.14073
G1 X151.71 Y137.29 E.14073
G1 X151.71 Y132.75 E.1395
G1 E-4.5 F2700
;WIPE_START
G1 F2400
G1 X153.71 Y132.733 E-.475
;WIPE_END
G1 E-.025 F2700
M205 X8 Y8
G1 X153.763 Y134.763 Z3.4 F7200
G1 Z3
G1 E5 F2400
M205 X10 Y10
;TYPE:Internal solid infill
;WIDTH:0.516066
G1 F3600
G1 X153.763 Y135.237 E.01824
G1 X154.237 Y135.237 E.01824
G1 X154.237 Y134.763 E.01824
G1 X153.803 Y134.763 E.0167
M205 X8 Y8
G1 X153.323 Y134.323 F7200
M205 X10 Y10
;WIDTH:0.449999
G1 F3600
G1 X153.323 Y135.677 E.04489
G1 X154.677 Y135.677 E.04489
G1 X154.677 Y134.323 E.04489
G1 X153.363 Y134.323 E.04357
M205 X8 Y8
G1 X152.916 Y133.916 F7200
M205 X10 Y10
G1 F3600
G1 X152.916 Y136.084 E.0719
G1 X155.084 Y136.084 E.0719
G1 X155.084 Y133.916 E.0719
G1 X152.956 Y133.916 E.07057
G1 E-4.5 F2700
;WIPE_START
G1 F3600
G1 X154.956 Y133.916 E-.475
;WIPE_END
G1 E-.025 F2700
M205 X8 Y8
G1 X147.325 Y133.807 Z3.4 F7200
G1 X126.509 Y133.509 Z3.4
G1 Z3
G1 E5 F2400
M205 X10 Y10
;TYPE:Inner wall
G1 F2700
G1 X129.491 Y133.509 E.09891
G1 X129.491 Y136.491 E.09891
G1 X126.509 Y136.491 E.09891
G1 X126.509 Y133.549 E.09758
M205 X8 Y8
G1 X126.102 Y133.102 F7200
M205 X10 Y10
G1 F2700
G1 X129.898 Y133.102 E.12591
G1 X129.898 Y136.898 E.12591
G1 X126.102 Y136.898 E.12591
G1 X126.102 Y133.142 E.12459
M205 X8 Y8
G1 X125.71 Y132.71 F7200
M205 X10 Y10
;TYPE:Outer wall
;WIDTH:0.419999
G1 F2400
G1 X130.29 Y132.71 E.14073
G1 X130.29 Y137.29 E.14073
G1 X125.71 Y137.29 E.14073
G1 X125.71 Y132.75 E.1395
G1 E-4.5 F2700
;WIPE_START
G1 F2400
G1 X127.71 Y132.733 E-.475
;WIPE_END
G1 E-.025 F2700
M205 X8 Y8
G1 X127.763 Y134.763 Z3.4 F7200
G1 Z3
G1 E5 F2400
M205 X10 Y10
;TYPE:Internal solid infill
;WIDTH:0.516066
G1 F3600
G1 X127.763 Y135.237 E.01824
G1 X128.237 Y135.237 E.01824
G1 X128.237 Y134.763 E.01824
G1 X127.803 Y134.763 E.0167
M205 X8 Y8
G1 X127.323 Y134.323 F7200
M205 X10 Y10
;WIDTH:0.449999
G1 F3600
G1 X127.323 Y135.677 E.04489
G1 X128.677 Y135.677 E.04489
G1 X128.677 Y134.323 E.04489
G1 X127.363 Y134.323 E.04357
M205 X8 Y8
G1 X126.916 Y133.916 F7200
M205 X10 Y10
G1 F3600
G1 X126.916 Y136.084 E.0719
G1 X129.084 Y136.084 E.0719
G1 X129.084 Y133.916 E.0719
G1 X126.956 Y133.916 E.07057
G1 E-4.5 F2700
;WIPE_START
G1 F3600
G1 X128.956 Y133.916 E-.475
;WIPE_END
G1 E-.025 F2700
M205 X8 Y8
G1 X121.341 Y134.422 Z3.4 F7200
G1 X104.991 Y135.509 Z3.4
G1 Z3
G1 E5 F2400
M205 X10 Y10
;TYPE:Inner wall
G1 F2700
G1 X104.991 Y138.491 E.09891
G1 X102.009 Y138.491 E.09891
G1 X102.009 Y135.509 E.09891
G1 X104.951 Y135.509 E.09758
M205 X8 Y8
G1 X105.398 Y135.102 F7200
M205 X10 Y10
G1 F2700
G1 X105.398 Y138.898 E.12591
G1 X101.602 Y138.898 E.12591
G1 X101.602 Y135.102 E.12591
G1 X105.358 Y135.102 E.12459
M205 X8 Y8
G1 X105.79 Y134.71 F7200
M205 X10 Y10
;TYPE:Outer wall
;WIDTH:0.419999
G1 F2400
G1 X105.79 Y139.29 E.14073
G1 X101.21 Y139.29 E.14073
G1 X101.21 Y134.71 E.14073
G1 X105.75 Y134.71 E.1395
G1 E-4.5 F2700
;WIPE_START
G1 F2400
G1 X105.767 Y136.71 E-.475
;WIPE_END
G1 E-.025 F2700
M205 X8 Y8
G1 X103.737 Y136.763 Z3.4 F7200
G1 Z3
G1 E5 F2400
M205 X10 Y10
;TYPE:Internal solid infill
;WIDTH:0.516066
G1 F3600
G1 X103.263 Y136.763 E.01824
G1 X103.263 Y137.237 E.01824
G1 X103.737 Y137.237 E.01824
G1 X103.737 Y136.803 E.0167
M205 X8 Y8
G1 X104.177 Y136.323 F7200
M205 X10 Y10
;WIDTH:0.449999
G1 F3600
G1 X102.823 Y136.323 E.04489
G1 X102.823 Y137.677 E.04489
G1 X104.177 Y137.677 E.04489
G1 X104.177 Y136.363 E.04357
M205 X8 Y8
G1 X104.584 Y135.916 F7200
M205 X10 Y10
G1 F3600
G1 X102.416 Y135.916 E.0719
G1 X102.416 Y138.084 E.0719
G1 X104.584 Y138.084 E.0719
G1 X104.584 Y135.956 E.07057
G1 E-4.5 F2700
;WIPE_START
G1 F3600
G1 X104.584 Y137.956 E-.475
;WIPE_END
G1 E-.025 F2700
M205 X8 Y8
G1 X96.965 Y137.497 Z3.4 F7200
G1 X63.991 Y135.509 Z3.4
G1 Z3
G1 E5 F2400
M205 X10 Y10
;TYPE:Inner wall
G1 F2700
G1 X63.991 Y138.491 E.09891
G1 X61.009 Y138.491 E.09891
G1 X61.009 Y135.509 E.09891
G1 X63.951 Y135.509 E.09758
M205 X8 Y8
G1 X64.398 Y135.102 F7200
M205 X10 Y10
G1 F2700
G1 X64.398 Y138.898 E.12591
G1 X60.602 Y138.898 E.12591
G1 X60.602 Y135.102 E.12591
G1 X64.358 Y135.102 E.12459
M205 X8 Y8
G1 X64.79 Y134.71 F7200
M205 X10 Y10
;TYPE:Outer wall
;WIDTH:0.419999
G1 F2400
G1 X64.79 Y139.29 E.14073
G1 X60.21 Y139.29 E.14073
G1 X60.21 Y134.71 E.14073
G1 X64.75 Y134.71 E.1395
G1 E-4.5 F2700
;WIPE_START
G1 F2400
G1 X64.767 Y136.71 E-.475
;WIPE_END
G1 E-.025 F2700
M205 X8 Y8
G1 X62.737 Y136.763 Z3.4 F7200
G1 Z3
G1 E5 F2400
M205 X10 Y10
;TYPE:Internal solid infill
;WIDTH:0.516066
G1 F3600
G1 X62.263 Y136.763 E.01824
G1 X62.263 Y137.237 E.01824
G1 X62.737 Y137.237 E.01824
G1 X62.737 Y136.803 E.0167
M205 X8 Y8
G1 X63.177 Y136.323 F7200
M205 X10 Y10
;WIDTH:0.449999
G1 F3600
G1 X61.823 Y136.323 E.04489
G1 X61.823 Y137.677 E.04489
G1 X63.177 Y137.677 E.04489
G1 X63.177 Y136.363 E.04357
M205 X8 Y8
G1 X63.584 Y135.916 F7200
M205 X10 Y10
G1 F3600
G1 X61.416 Y135.916 E.0719
G1 X61.416 Y138.084 E.0719
G1 X63.584 Y138.084 E.0719
G1 X63.584 Y135.956 E.07057
; stop printing object 06_sliding_electronics_carrier_ESP32_PH.stl id:0 copy 0
;TIME_ELAPSED:3626.768311

;LAYER_CHANGE
;:3.2
;HEIGHT:0.2
;BEFORE_LAYER_CHANGE
;3.2
G92 E0

G1 E-4.5 F2700
;WIPE_START
G1 F3600
G1 X63.584 Y137.956 E-.475
;WIPE_END
G1 E-.025 F2700
;_SET_FAN_SPEED_CHANGING_LAYER
; OBJECT_ID: 15
; printing object 06_sliding_electronics_carrier_ESP32_PH.stl id:0 copy 0
M205 X8 Y8
G17
G3 Z3.4 I1.217 J.009 P1  F7200
G1 X63.991 Y84.491 Z3.4
G1 Z3.2
G1 E5 F2400
M205 X10 Y10
;TYPE:Inner wall
G1 F2700
G1 X61.009 Y84.491 E.09891
G1 X61.009 Y81.509 E.09891
G1 X63.991 Y81.509 E.09891
G1 X63.991 Y84.451 E.09758
M205 X8 Y8
G1 X64.398 Y84.898 F7200
M205 X10 Y10
G1 F2700
G1 X60.602 Y84.898 E.12591
G1 X60.602 Y81.102 E.12591
G1 X64.398 Y81.102 E.12591
G1 X64.398 Y84.858 E.12459
M205 X8 Y8
G1 X64.79 Y85.29 F7200
M205 X10 Y10
;TYPE:Outer wall
;WIDTH:0.419999
G1 F2400
G1 X60.21 Y85.29 E.14073
G1 X60.21 Y80.71 E.14073
G1 X64.79 Y80.71 E.14073
G1 X64.79 Y85.25 E.1395
G1 E-4.5 F2700
;WIPE_START
G1 F2400
G1 X62.79 Y85.267 E-.475
;WIPE_END
G1 E-.025 F2700
M205 X8 Y8
G1 X62.737 Y83.237 Z3.6 F7200
G1 Z3.2
G1 E5 F2400
M205 X10 Y10
;TYPE:Internal solid infill
;WIDTH:0.516066
G1 F3600
G1 X62.737 Y82.763 E.01824
G1 X62.263 Y82.763 E.01824
G1 X62.263 Y83.237 E.01824
G1 X62.697 Y83.237 E.0167
M205 X8 Y8
G1 X63.177 Y83.677 F7200
M205 X10 Y10
;WIDTH:0.449999
G1 F3600
G1 X63.177 Y82.323 E.04489
G1 X61.823 Y82.323 E.04489
G1 X61.823 Y83.677 E.04489
G1 X63.137 Y83.677 E.04357
M205 X8 Y8
G1 X63.584 Y84.084 F7200
M205 X10 Y10
G1 F3600
G1 X63.584 Y81.916 E.0719
G1 X61.416 Y81.916 E.0719
G1 X61.416 Y84.084 E.0719
G1 X63.544 Y84.084 E.07057
G1 E-4.5 F2700
;WIPE_START
G1 F3600
G1 X61.544 Y84.084 E-.475
;WIPE_END
G1 E-.025 F2700
M205 X8 Y8
G1 X69.176 Y84.155 Z3.6 F7200
G1 X104.991 Y84.491 Z3.6
G1 Z3.2
G1 E5 F2400
M205 X10 Y10
;TYPE:Inner wall
G1 F2700
G1 X102.009 Y84.491 E.09891
G1 X102.009 Y81.509 E.09891
G1 X104.991 Y81.509 E.09891
G1 X104.991 Y84.451 E.09758
M205 X8 Y8
G1 X105.398 Y84.898 F7200
M205 X10 Y10
G1 F2700
G1 X101.602 Y84.898 E.12591
G1 X101.602 Y81.102 E.12591
G1 X105.398 Y81.102 E.12591
G1 X105.398 Y84.858 E.12459
M205 X8 Y8
G1 X105.79 Y85.29 F7200
M205 X10 Y10
;TYPE:Outer wall
;WIDTH:0.419999
G1 F2400
G1 X101.21 Y85.29 E.14073
G1 X101.21 Y80.71 E.14073
G1 X105.79 Y80.71 E.14073
G1 X105.79 Y85.25 E.1395
G1 E-4.5 F2700
;WIPE_START
G1 F2400
G1 X103.79 Y85.267 E-.475
;WIPE_END
G1 E-.025 F2700
M205 X8 Y8
G1 X103.737 Y83.237 Z3.6 F7200
G1 Z3.2
G1 E5 F2400
M205 X10 Y10
;TYPE:Internal solid infill
;WIDTH:0.516066
G1 F3600
G1 X103.737 Y82.763 E.01824
G1 X103.263 Y82.763 E.01824
G1 X103.263 Y83.237 E.01824
G1 X103.697 Y83.237 E.0167
M205 X8 Y8
G1 X104.177 Y83.677 F7200
M205 X10 Y10
;WIDTH:0.449999
G1 F3600
G1 X104.177 Y82.323 E.04489
G1 X102.823 Y82.323 E.04489
G1 X102.823 Y83.677 E.04489
G1 X104.137 Y83.677 E.04357
M205 X8 Y8
G1 X104.584 Y84.084 F7200
M205 X10 Y10
G1 F3600
G1 X104.584 Y81.916 E.0719
G1 X102.416 Y81.916 E.0719
G1 X102.416 Y84.084 E.0719
G1 X104.544 Y84.084 E.07057
G1 E-4.5 F2700
;WIPE_START
G1 F3600
G1 X102.544 Y84.084 E-.475
;WIPE_END
G1 E-.025 F2700
M205 X8 Y8
G1 X110.146 Y84.763 Z3.6 F7200
G1 X129.491 Y86.491 Z3.6
G1 Z3.2
G1 E5 F2400
M205 X10 Y10
;TYPE:Inner wall
G1 F2700
G1 X126.509 Y86.491 E.09891
G1 X126.509 Y83.509 E.09891
G1 X129.491 Y83.509 E.09891
G1 X129.491 Y86.451 E.09758
M205 X8 Y8
G1 X129.898 Y86.898 F7200
M205 X10 Y10
G1 F2700
G1 X126.102 Y86.898 E.12591
G1 X126.102 Y83.102 E.12591
G1 X129.898 Y83.102 E.12591
G1 X129.898 Y86.858 E.12459
M205 X8 Y8
G1 X130.29 Y87.29 F7200
M205 X10 Y10
;TYPE:Outer wall
;WIDTH:0.419999
G1 F2400
G1 X125.71 Y87.29 E.14073
G1 X125.71 Y82.71 E.14073
G1 X130.29 Y82.71 E.14073
G1 X130.29 Y87.25 E.1395
G1 E-4.5 F2700
;WIPE_START
G1 F2400
G1 X128.29 Y87.267 E-.475
;WIPE_END
G1 E-.025 F2700
M205 X8 Y8
G1 X127.763 Y85.237 Z3.6 F7200
G1 Z3.2
G1 E5 F2400
M205 X10 Y10
;TYPE:Internal solid infill
;WIDTH:0.516066
G1 F3600
G1 X128.237 Y85.237 E.01824
G1 X128.237 Y84.763 E.01824
G1 X127.763 Y84.763 E.01824
G1 X127.763 Y85.197 E.0167
M205 X8 Y8
G1 X127.323 Y85.677 F7200
M205 X10 Y10
;WIDTH:0.449999
G1 F3600
G1 X128.677 Y85.677 E.04489
G1 X128.677 Y84.323 E.04489
G1 X127.323 Y84.323 E.04489
G1 X127.323 Y85.637 E.04357
M205 X8 Y8
G1 X126.916 Y86.084 F7200
M205 X10 Y10
G1 F3600
G1 X129.084 Y86.084 E.0719
G1 X129.084 Y83.916 E.0719
G1 X126.916 Y83.916 E.0719
G1 X126.916 Y86.044 E.07057
G1 E-4.5 F2700
;WIPE_START
G1 F3600
G1 X126.916 Y84.044 E-.475
;WIPE_END
G1 E-.025 F2700
M205 X8 Y8
G1 X134.514 Y84.77 Z3.6 F7200
G1 X152.509 Y86.491 Z3.6
G1 Z3.2
G1 E5 F2400
M205 X10 Y10
;TYPE:Inner wall
G1 F2700
G1 X152.509 Y83.509 E.09891
G1 X155.491 Y83.509 E.09891
G1 X155.491 Y86.491 E.09891
G1 X152.549 Y86.491 E.09758
M205 X8 Y8
G1 X152.102 Y86.898 F7200
M205 X10 Y10
G1 F2700
G1 X152.102 Y83.102 E.12591
G1 X155.898 Y83.102 E.12591
G1 X155.898 Y86.898 E.12591
G1 X152.142 Y86.898 E.12459
M205 X8 Y8
G1 X151.71 Y87.29 F7200
M205 X10 Y10
;TYPE:Outer wall
;WIDTH:0.419999
G1 F2400
G1 X151.71 Y82.71 E.14073
G1 X156.29 Y82.71 E.14073
G1 X156.29 Y87.29 E.14073
G1 X151.75 Y87.29 E.1395
G1 E-4.5 F2700
;WIPE_START
G1 F2400
G1 X151.733 Y85.29 E-.475
;WIPE_END
G1 E-.025 F2700
M205 X8 Y8
G1 X153.763 Y85.237 Z3.6 F7200
G1 Z3.2
G1 E5 F2400
M205 X10 Y10
;TYPE:Internal solid infill
;WIDTH:0.516066
G1 F3600
G1 X154.237 Y85.237 E.01824
G1 X154.237 Y84.763 E.01824
G1 X153.763 Y84.763 E.01824
G1 X153.763 Y85.197 E.0167
M205 X8 Y8
G1 X153.323 Y85.677 F7200
M205 X10 Y10
;WIDTH:0.449999
G1 F3600
G1 X154.677 Y85.677 E.04489
G1 X154.677 Y84.323 E.04489
G1 X153.323 Y84.323 E.04489
G1 X153.323 Y85.637 E.04357
M205 X8 Y8
G1 X152.916 Y86.084 F7200
M205 X10 Y10
G1 F3600
G1 X155.084 Y86.084 E.0719
G1 X155.084 Y83.916 E.0719
G1 X152.916 Y83.916 E.0719
G1 X152.916 Y86.044 E.07057
G1 E-4.5 F2700
;WIPE_START
G1 F3600
M73 P85 R9
G1 X152.916 Y84.044 E-.475
;WIPE_END
G1 E-.025 F2700
M205 X8 Y8
G1 X152.853 Y91.676 Z3.6 F7200
G1 X152.509 Y133.509 Z3.6
G1 Z3.2
G1 E5 F2400
M205 X10 Y10
;TYPE:Inner wall
G1 F2700
G1 X155.491 Y133.509 E.09891
G1 X155.491 Y136.491 E.09891
G1 X152.509 Y136.491 E.09891
G1 X152.509 Y133.549 E.09758
M205 X8 Y8
G1 X152.102 Y133.102 F7200
M205 X10 Y10
G1 F2700
G1 X155.898 Y133.102 E.12591
G1 X155.898 Y136.898 E.12591
G1 X152.102 Y136.898 E.12591
G1 X152.102 Y133.142 E.12459
M205 X8 Y8
G1 X151.71 Y132.71 F7200
M205 X10 Y10
;TYPE:Outer wall
;WIDTH:0.419999
G1 F2400
G1 X156.29 Y132.71 E.14073
G1 X156.29 Y137.29 E.14073
G1 X151.71 Y137.29 E.14073
G1 X151.71 Y132.75 E.1395
G1 E-4.5 F2700
;WIPE_START
G1 F2400
G1 X153.71 Y132.733 E-.475
;WIPE_END
G1 E-.025 F2700
M205 X8 Y8
G1 X153.763 Y134.763 Z3.6 F7200
G1 Z3.2
G1 E5 F2400
M205 X10 Y10
;TYPE:Internal solid infill
;WIDTH:0.516066
G1 F3600
G1 X153.763 Y135.237 E.01824
G1 X154.237 Y135.237 E.01824
G1 X154.237 Y134.763 E.01824
G1 X153.803 Y134.763 E.0167
M205 X8 Y8
G1 X153.323 Y134.323 F7200
M205 X10 Y10
;WIDTH:0.449999
G1 F3600
G1 X153.323 Y135.677 E.04489
G1 X154.677 Y135.677 E.04489
G1 X154.677 Y134.323 E.04489
G1 X153.363 Y134.323 E.04357
M205 X8 Y8
G1 X152.916 Y133.916 F7200
M205 X10 Y10
G1 F3600
G1 X152.916 Y136.084 E.0719
G1 X155.084 Y136.084 E.0719
G1 X155.084 Y133.916 E.0719
G1 X152.956 Y133.916 E.07057
G1 E-4.5 F2700
;WIPE_START
G1 F3600
G1 X154.956 Y133.916 E-.475
;WIPE_END
G1 E-.025 F2700
M205 X8 Y8
G1 X147.325 Y133.807 Z3.6 F7200
G1 X126.509 Y133.509 Z3.6
G1 Z3.2
M73 P86 R9
G1 E5 F2400
M205 X10 Y10
;TYPE:Inner wall
G1 F2700
G1 X129.491 Y133.509 E.09891
G1 X129.491 Y136.491 E.09891
G1 X126.509 Y136.491 E.09891
G1 X126.509 Y133.549 E.09758
M205 X8 Y8
G1 X126.102 Y133.102 F7200
M205 X10 Y10
G1 F2700
G1 X129.898 Y133.102 E.12591
G1 X129.898 Y136.898 E.12591
G1 X126.102 Y136.898 E.12591
G1 X126.102 Y133.142 E.12459
M205 X8 Y8
G1 X125.71 Y132.71 F7200
M205 X10 Y10
;TYPE:Outer wall
;WIDTH:0.419999
G1 F2400
G1 X130.29 Y132.71 E.14073
G1 X130.29 Y137.29 E.14073
G1 X125.71 Y137.29 E.14073
G1 X125.71 Y132.75 E.1395
G1 E-4.5 F2700
;WIPE_START
G1 F2400
G1 X127.71 Y132.733 E-.475
;WIPE_END
G1 E-.025 F2700
M205 X8 Y8
G1 X127.763 Y134.763 Z3.6 F7200
G1 Z3.2
G1 E5 F2400
M205 X10 Y10
;TYPE:Internal solid infill
;WIDTH:0.516066
G1 F3600
G1 X127.763 Y135.237 E.01824
G1 X128.237 Y135.237 E.01824
G1 X128.237 Y134.763 E.01824
G1 X127.803 Y134.763 E.0167
M205 X8 Y8
G1 X127.323 Y134.323 F7200
M205 X10 Y10
;WIDTH:0.449999
G1 F3600
G1 X127.323 Y135.677 E.04489
G1 X128.677 Y135.677 E.04489
G1 X128.677 Y134.323 E.04489
G1 X127.363 Y134.323 E.04357
M205 X8 Y8
G1 X126.916 Y133.916 F7200
M205 X10 Y10
G1 F3600
G1 X126.916 Y136.084 E.0719
G1 X129.084 Y136.084 E.0719
G1 X129.084 Y133.916 E.0719
G1 X126.956 Y133.916 E.07057
G1 E-4.5 F2700
;WIPE_START
G1 F3600
G1 X128.956 Y133.916 E-.475
;WIPE_END
G1 E-.025 F2700
M205 X8 Y8
G1 X121.341 Y134.422 Z3.6 F7200
G1 X104.991 Y135.509 Z3.6
G1 Z3.2
G1 E5 F2400
M205 X10 Y10
;TYPE:Inner wall
G1 F2700
G1 X104.991 Y138.491 E.09891
G1 X102.009 Y138.491 E.09891
G1 X102.009 Y135.509 E.09891
G1 X104.951 Y135.509 E.09758
M205 X8 Y8
G1 X105.398 Y135.102 F7200
M205 X10 Y10
G1 F2700
G1 X105.398 Y138.898 E.12591
G1 X101.602 Y138.898 E.12591
G1 X101.602 Y135.102 E.12591
G1 X105.358 Y135.102 E.12459
M205 X8 Y8
G1 X105.79 Y134.71 F7200
M205 X10 Y10
;TYPE:Outer wall
;WIDTH:0.419999
G1 F2400
G1 X105.79 Y139.29 E.14073
G1 X101.21 Y139.29 E.14073
G1 X101.21 Y134.71 E.14073
G1 X105.75 Y134.71 E.1395
G1 E-4.5 F2700
;WIPE_START
G1 F2400
G1 X105.767 Y136.71 E-.475
;WIPE_END
G1 E-.025 F2700
M205 X8 Y8
G1 X103.737 Y136.763 Z3.6 F7200
G1 Z3.2
G1 E5 F2400
M205 X10 Y10
;TYPE:Internal solid infill
;WIDTH:0.516066
G1 F3600
G1 X103.263 Y136.763 E.01824
G1 X103.263 Y137.237 E.01824
G1 X103.737 Y137.237 E.01824
G1 X103.737 Y136.803 E.0167
M205 X8 Y8
G1 X104.177 Y136.323 F7200
M205 X10 Y10
;WIDTH:0.449999
G1 F3600
G1 X102.823 Y136.323 E.04489
G1 X102.823 Y137.677 E.04489
G1 X104.177 Y137.677 E.04489
G1 X104.177 Y136.363 E.04357
M205 X8 Y8
G1 X104.584 Y135.916 F7200
M205 X10 Y10
G1 F3600
G1 X102.416 Y135.916 E.0719
G1 X102.416 Y138.084 E.0719
G1 X104.584 Y138.084 E.0719
G1 X104.584 Y135.956 E.07057
G1 E-4.5 F2700
;WIPE_START
G1 F3600
G1 X104.584 Y137.956 E-.475
;WIPE_END
G1 E-.025 F2700
M205 X8 Y8
G1 X96.965 Y137.497 Z3.6 F7200
G1 X63.991 Y135.509 Z3.6
G1 Z3.2
G1 E5 F2400
M205 X10 Y10
;TYPE:Inner wall
G1 F2700
G1 X63.991 Y138.491 E.09891
G1 X61.009 Y138.491 E.09891
G1 X61.009 Y135.509 E.09891
G1 X63.951 Y135.509 E.09758
M205 X8 Y8
G1 X64.398 Y135.102 F7200
M205 X10 Y10
G1 F2700
G1 X64.398 Y138.898 E.12591
G1 X60.602 Y138.898 E.12591
G1 X60.602 Y135.102 E.12591
G1 X64.358 Y135.102 E.12459
M205 X8 Y8
G1 X64.79 Y134.71 F7200
M205 X10 Y10
;TYPE:Outer wall
;WIDTH:0.419999
G1 F2400
G1 X64.79 Y139.29 E.14073
G1 X60.21 Y139.29 E.14073
G1 X60.21 Y134.71 E.14073
G1 X64.75 Y134.71 E.1395
G1 E-4.5 F2700
;WIPE_START
G1 F2400
G1 X64.767 Y136.71 E-.475
;WIPE_END
G1 E-.025 F2700
M205 X8 Y8
G1 X62.737 Y136.763 Z3.6 F7200
G1 Z3.2
G1 E5 F2400
M205 X10 Y10
;TYPE:Internal solid infill
;WIDTH:0.516066
G1 F3600
G1 X62.263 Y136.763 E.01824
G1 X62.263 Y137.237 E.01824
G1 X62.737 Y137.237 E.01824
G1 X62.737 Y136.803 E.0167
M205 X8 Y8
G1 X63.177 Y136.323 F7200
M205 X10 Y10
;WIDTH:0.449999
G1 F3600
G1 X61.823 Y136.323 E.04489
G1 X61.823 Y137.677 E.04489
G1 X63.177 Y137.677 E.04489
G1 X63.177 Y136.363 E.04357
M205 X8 Y8
G1 X63.584 Y135.916 F7200
M205 X10 Y10
G1 F3600
G1 X61.416 Y135.916 E.0719
G1 X61.416 Y138.084 E.0719
G1 X63.584 Y138.084 E.0719
G1 X63.584 Y135.956 E.07057
; stop printing object 06_sliding_electronics_carrier_ESP32_PH.stl id:0 copy 0
;TIME_ELAPSED:3663.154541

;LAYER_CHANGE
;:3.4
;HEIGHT:0.2
;BEFORE_LAYER_CHANGE
;3.4
G92 E0

G1 E-4.5 F2700
;WIPE_START
G1 F3600
G1 X63.584 Y137.956 E-.475
;WIPE_END
G1 E-.025 F2700
;_SET_FAN_SPEED_CHANGING_LAYER
; OBJECT_ID: 15
; printing object 06_sliding_electronics_carrier_ESP32_PH.stl id:0 copy 0
M205 X8 Y8
G17
G3 Z3.6 I1.217 J.009 P1  F7200
G1 X63.991 Y84.491 Z3.6
G1 Z3.4
G1 E5 F2400
M205 X10 Y10
;TYPE:Inner wall
G1 F2700
G1 X61.009 Y84.491 E.09891
G1 X61.009 Y81.509 E.09891
G1 X63.991 Y81.509 E.09891
G1 X63.991 Y84.451 E.09758
M205 X8 Y8
G1 X64.398 Y84.898 F7200
M205 X10 Y10
G1 F2700
G1 X60.602 Y84.898 E.12591
G1 X60.602 Y81.102 E.12591
G1 X64.398 Y81.102 E.12591
G1 X64.398 Y84.858 E.12459
M205 X8 Y8
G1 X64.79 Y85.29 F7200
M205 X10 Y10
;TYPE:Outer wall
;WIDTH:0.419999
G1 F2400
G1 X60.21 Y85.29 E.14073
G1 X60.21 Y80.71 E.14073
G1 X64.79 Y80.71 E.14073
G1 X64.79 Y85.25 E.1395
G1 E-4.5 F2700
;WIPE_START
G1 F2400
G1 X62.79 Y85.267 E-.475
;WIPE_END
G1 E-.025 F2700
M205 X8 Y8
G1 X62.737 Y83.237 Z3.8 F7200
G1 Z3.4
G1 E5 F2400
M205 X10 Y10
;TYPE:Internal solid infill
;WIDTH:0.516066
G1 F3600
G1 X62.737 Y82.763 E.01824
G1 X62.263 Y82.763 E.01824
G1 X62.263 Y83.237 E.01824
G1 X62.697 Y83.237 E.0167
M205 X8 Y8
G1 X63.177 Y83.677 F7200
M205 X10 Y10
;WIDTH:0.449999
G1 F3600
G1 X63.177 Y82.323 E.04489
G1 X61.823 Y82.323 E.04489
G1 X61.823 Y83.677 E.04489
G1 X63.137 Y83.677 E.04357
M205 X8 Y8
G1 X63.584 Y84.084 F7200
M205 X10 Y10
G1 F3600
G1 X63.584 Y81.916 E.0719
G1 X61.416 Y81.916 E.0719
G1 X61.416 Y84.084 E.0719
G1 X63.544 Y84.084 E.07057
G1 E-4.5 F2700
;WIPE_START
G1 F3600
G1 X61.544 Y84.084 E-.475
;WIPE_END
G1 E-.025 F2700
M205 X8 Y8
G1 X69.176 Y84.155 Z3.8 F7200
G1 X104.991 Y84.491 Z3.8
G1 Z3.4
G1 E5 F2400
M205 X10 Y10
;TYPE:Inner wall
G1 F2700
G1 X102.009 Y84.491 E.09891
G1 X102.009 Y81.509 E.09891
G1 X104.991 Y81.509 E.09891
G1 X104.991 Y84.451 E.09758
M205 X8 Y8
G1 X105.398 Y84.898 F7200
M205 X10 Y10
G1 F2700
G1 X101.602 Y84.898 E.12591
G1 X101.602 Y81.102 E.12591
G1 X105.398 Y81.102 E.12591
G1 X105.398 Y84.858 E.12459
M205 X8 Y8
G1 X105.79 Y85.29 F7200
M205 X10 Y10
;TYPE:Outer wall
;WIDTH:0.419999
G1 F2400
G1 X101.21 Y85.29 E.14073
G1 X101.21 Y80.71 E.14073
G1 X105.79 Y80.71 E.14073
G1 X105.79 Y85.25 E.1395
G1 E-4.5 F2700
;WIPE_START
G1 F2400
G1 X103.79 Y85.267 E-.475
;WIPE_END
G1 E-.025 F2700
M205 X8 Y8
G1 X103.737 Y83.237 Z3.8 F7200
G1 Z3.4
G1 E5 F2400
M205 X10 Y10
;TYPE:Internal solid infill
;WIDTH:0.516066
G1 F3600
G1 X103.737 Y82.763 E.01824
G1 X103.263 Y82.763 E.01824
G1 X103.263 Y83.237 E.01824
G1 X103.697 Y83.237 E.0167
M205 X8 Y8
G1 X104.177 Y83.677 F7200
M205 X10 Y10
;WIDTH:0.449999
G1 F3600
G1 X104.177 Y82.323 E.04489
G1 X102.823 Y82.323 E.04489
G1 X102.823 Y83.677 E.04489
G1 X104.137 Y83.677 E.04357
M205 X8 Y8
G1 X104.584 Y84.084 F7200
M205 X10 Y10
G1 F3600
G1 X104.584 Y81.916 E.0719
G1 X102.416 Y81.916 E.0719
G1 X102.416 Y84.084 E.0719
G1 X104.544 Y84.084 E.07057
G1 E-4.5 F2700
;WIPE_START
G1 F3600
G1 X102.544 Y84.084 E-.475
;WIPE_END
G1 E-.025 F2700
M205 X8 Y8
G1 X110.146 Y84.763 Z3.8 F7200
G1 X129.491 Y86.491 Z3.8
G1 Z3.4
G1 E5 F2400
M205 X10 Y10
;TYPE:Inner wall
G1 F2700
G1 X126.509 Y86.491 E.09891
G1 X126.509 Y83.509 E.09891
G1 X129.491 Y83.509 E.09891
G1 X129.491 Y86.451 E.09758
M205 X8 Y8
G1 X129.898 Y86.898 F7200
M205 X10 Y10
G1 F2700
G1 X126.102 Y86.898 E.12591
G1 X126.102 Y83.102 E.12591
G1 X129.898 Y83.102 E.12591
G1 X129.898 Y86.858 E.12459
M205 X8 Y8
G1 X130.29 Y87.29 F7200
M205 X10 Y10
;TYPE:Outer wall
;WIDTH:0.419999
G1 F2400
G1 X125.71 Y87.29 E.14073
G1 X125.71 Y82.71 E.14073
G1 X130.29 Y82.71 E.14073
G1 X130.29 Y87.25 E.1395
G1 E-4.5 F2700
;WIPE_START
G1 F2400
G1 X128.29 Y87.267 E-.475
;WIPE_END
G1 E-.025 F2700
M205 X8 Y8
G1 X127.763 Y85.237 Z3.8 F7200
G1 Z3.4
G1 E5 F2400
M205 X10 Y10
;TYPE:Internal solid infill
;WIDTH:0.516066
G1 F3600
G1 X128.237 Y85.237 E.01824
G1 X128.237 Y84.763 E.01824
G1 X127.763 Y84.763 E.01824
G1 X127.763 Y85.197 E.0167
M205 X8 Y8
G1 X127.323 Y85.677 F7200
M205 X10 Y10
;WIDTH:0.449999
G1 F3600
G1 X128.677 Y85.677 E.04489
G1 X128.677 Y84.323 E.04489
G1 X127.323 Y84.323 E.04489
G1 X127.323 Y85.637 E.04357
M205 X8 Y8
G1 X126.916 Y86.084 F7200
M205 X10 Y10
G1 F3600
G1 X129.084 Y86.084 E.0719
G1 X129.084 Y83.916 E.0719
G1 X126.916 Y83.916 E.0719
G1 X126.916 Y86.044 E.07057
G1 E-4.5 F2700
;WIPE_START
G1 F3600
G1 X126.916 Y84.044 E-.475
;WIPE_END
G1 E-.025 F2700
M205 X8 Y8
G1 X134.514 Y84.77 Z3.8 F7200
G1 X152.509 Y86.491 Z3.8
G1 Z3.4
G1 E5 F2400
M205 X10 Y10
;TYPE:Inner wall
G1 F2700
G1 X152.509 Y83.509 E.09891
G1 X155.491 Y83.509 E.09891
G1 X155.491 Y86.491 E.09891
G1 X152.549 Y86.491 E.09758
M205 X8 Y8
G1 X152.102 Y86.898 F7200
M205 X10 Y10
G1 F2700
G1 X152.102 Y83.102 E.12591
G1 X155.898 Y83.102 E.12591
G1 X155.898 Y86.898 E.12591
G1 X152.142 Y86.898 E.12459
M205 X8 Y8
G1 X151.71 Y87.29 F7200
M205 X10 Y10
;TYPE:Outer wall
;WIDTH:0.419999
G1 F2400
G1 X151.71 Y82.71 E.14073
G1 X156.29 Y82.71 E.14073
G1 X156.29 Y87.29 E.14073
G1 X151.75 Y87.29 E.1395
G1 E-4.5 F2700
;WIPE_START
G1 F2400
G1 X151.733 Y85.29 E-.475
;WIPE_END
G1 E-.025 F2700
M205 X8 Y8
G1 X153.763 Y85.237 Z3.8 F7200
G1 Z3.4
G1 E5 F2400
M205 X10 Y10
;TYPE:Internal solid infill
;WIDTH:0.516066
G1 F3600
G1 X154.237 Y85.237 E.01824
G1 X154.237 Y84.763 E.01824
G1 X153.763 Y84.763 E.01824
G1 X153.763 Y85.197 E.0167
M205 X8 Y8
G1 X153.323 Y85.677 F7200
M205 X10 Y10
;WIDTH:0.449999
G1 F3600
G1 X154.677 Y85.677 E.04489
G1 X154.677 Y84.323 E.04489
G1 X153.323 Y84.323 E.04489
G1 X153.323 Y85.637 E.04357
M205 X8 Y8
G1 X152.916 Y86.084 F7200
M205 X10 Y10
G1 F3600
G1 X155.084 Y86.084 E.0719
G1 X155.084 Y83.916 E.0719
G1 X152.916 Y83.916 E.0719
G1 X152.916 Y86.044 E.07057
G1 E-4.5 F2700
;WIPE_START
G1 F3600
G1 X152.916 Y84.044 E-.475
;WIPE_END
G1 E-.025 F2700
M205 X8 Y8
G1 X152.853 Y91.676 Z3.8 F7200
G1 X152.509 Y133.509 Z3.8
G1 Z3.4
G1 E5 F2400
M205 X10 Y10
;TYPE:Inner wall
G1 F2700
G1 X155.491 Y133.509 E.09891
G1 X155.491 Y136.491 E.09891
G1 X152.509 Y136.491 E.09891
G1 X152.509 Y133.549 E.09758
M205 X8 Y8
G1 X152.102 Y133.102 F7200
M205 X10 Y10
G1 F2700
G1 X155.898 Y133.102 E.12591
G1 X155.898 Y136.898 E.12591
G1 X152.102 Y136.898 E.12591
G1 X152.102 Y133.142 E.12459
M205 X8 Y8
G1 X151.71 Y132.71 F7200
M205 X10 Y10
;TYPE:Outer wall
;WIDTH:0.419999
G1 F2400
G1 X156.29 Y132.71 E.14073
G1 X156.29 Y137.29 E.14073
G1 X151.71 Y137.29 E.14073
G1 X151.71 Y132.75 E.1395
G1 E-4.5 F2700
;WIPE_START
G1 F2400
G1 X153.71 Y132.733 E-.475
;WIPE_END
G1 E-.025 F2700
M205 X8 Y8
G1 X153.763 Y134.763 Z3.8 F7200
G1 Z3.4
G1 E5 F2400
M205 X10 Y10
;TYPE:Internal solid infill
;WIDTH:0.516066
G1 F3600
G1 X153.763 Y135.237 E.01824
G1 X154.237 Y135.237 E.01824
G1 X154.237 Y134.763 E.01824
G1 X153.803 Y134.763 E.0167
M205 X8 Y8
G1 X153.323 Y134.323 F7200
M205 X10 Y10
;WIDTH:0.449999
G1 F3600
G1 X153.323 Y135.677 E.04489
G1 X154.677 Y135.677 E.04489
G1 X154.677 Y134.323 E.04489
G1 X153.363 Y134.323 E.04357
M205 X8 Y8
G1 X152.916 Y133.916 F7200
M205 X10 Y10
G1 F3600
G1 X152.916 Y136.084 E.0719
G1 X155.084 Y136.084 E.0719
G1 X155.084 Y133.916 E.0719
G1 X152.956 Y133.916 E.07057
G1 E-4.5 F2700
;WIPE_START
G1 F3600
G1 X154.956 Y133.916 E-.475
;WIPE_END
G1 E-.025 F2700
M205 X8 Y8
G1 X147.325 Y133.807 Z3.8 F7200
G1 X126.509 Y133.509 Z3.8
G1 Z3.4
G1 E5 F2400
M205 X10 Y10
;TYPE:Inner wall
G1 F2700
G1 X129.491 Y133.509 E.09891
G1 X129.491 Y136.491 E.09891
G1 X126.509 Y136.491 E.09891
G1 X126.509 Y133.549 E.09758
M205 X8 Y8
G1 X126.102 Y133.102 F7200
M205 X10 Y10
G1 F2700
G1 X129.898 Y133.102 E.12591
G1 X129.898 Y136.898 E.12591
G1 X126.102 Y136.898 E.12591
G1 X126.102 Y133.142 E.12459
M205 X8 Y8
G1 X125.71 Y132.71 F7200
M205 X10 Y10
;TYPE:Outer wall
;WIDTH:0.419999
G1 F2400
G1 X130.29 Y132.71 E.14073
G1 X130.29 Y137.29 E.14073
G1 X125.71 Y137.29 E.14073
G1 X125.71 Y132.75 E.1395
G1 E-4.5 F2700
;WIPE_START
G1 F2400
G1 X127.71 Y132.733 E-.475
;WIPE_END
G1 E-.025 F2700
M205 X8 Y8
G1 X127.763 Y134.763 Z3.8 F7200
G1 Z3.4
G1 E5 F2400
M205 X10 Y10
;TYPE:Internal solid infill
;WIDTH:0.516066
G1 F3600
G1 X127.763 Y135.237 E.01824
G1 X128.237 Y135.237 E.01824
G1 X128.237 Y134.763 E.01824
G1 X127.803 Y134.763 E.0167
M205 X8 Y8
G1 X127.323 Y134.323 F7200
M205 X10 Y10
;WIDTH:0.449999
G1 F3600
G1 X127.323 Y135.677 E.04489
G1 X128.677 Y135.677 E.04489
G1 X128.677 Y134.323 E.04489
G1 X127.363 Y134.323 E.04357
M205 X8 Y8
G1 X126.916 Y133.916 F7200
M205 X10 Y10
G1 F3600
G1 X126.916 Y136.084 E.0719
G1 X129.084 Y136.084 E.0719
G1 X129.084 Y133.916 E.0719
G1 X126.956 Y133.916 E.07057
G1 E-4.5 F2700
;WIPE_START
G1 F3600
G1 X128.956 Y133.916 E-.475
;WIPE_END
G1 E-.025 F2700
M205 X8 Y8
G1 X121.341 Y134.422 Z3.8 F7200
G1 X104.991 Y135.509 Z3.8
G1 Z3.4
G1 E5 F2400
M205 X10 Y10
;TYPE:Inner wall
G1 F2700
G1 X104.991 Y138.491 E.09891
G1 X102.009 Y138.491 E.09891
G1 X102.009 Y135.509 E.09891
G1 X104.951 Y135.509 E.09758
M205 X8 Y8
G1 X105.398 Y135.102 F7200
M205 X10 Y10
G1 F2700
G1 X105.398 Y138.898 E.12591
G1 X101.602 Y138.898 E.12591
G1 X101.602 Y135.102 E.12591
G1 X105.358 Y135.102 E.12459
M205 X8 Y8
G1 X105.79 Y134.71 F7200
M205 X10 Y10
;TYPE:Outer wall
;WIDTH:0.419999
G1 F2400
G1 X105.79 Y139.29 E.14073
G1 X101.21 Y139.29 E.14073
M73 P87 R9
G1 X101.21 Y134.71 E.14073
G1 X105.75 Y134.71 E.1395
G1 E-4.5 F2700
;WIPE_START
G1 F2400
G1 X105.767 Y136.71 E-.475
;WIPE_END
G1 E-.025 F2700
M205 X8 Y8
G1 X103.737 Y136.763 Z3.8 F7200
G1 Z3.4
G1 E5 F2400
M205 X10 Y10
;TYPE:Internal solid infill
;WIDTH:0.516066
G1 F3600
G1 X103.263 Y136.763 E.01824
G1 X103.263 Y137.237 E.01824
G1 X103.737 Y137.237 E.01824
G1 X103.737 Y136.803 E.0167
M205 X8 Y8
G1 X104.177 Y136.323 F7200
M205 X10 Y10
;WIDTH:0.449999
G1 F3600
G1 X102.823 Y136.323 E.04489
G1 X102.823 Y137.677 E.04489
G1 X104.177 Y137.677 E.04489
G1 X104.177 Y136.363 E.04357
M205 X8 Y8
G1 X104.584 Y135.916 F7200
M205 X10 Y10
G1 F3600
G1 X102.416 Y135.916 E.0719
G1 X102.416 Y138.084 E.0719
G1 X104.584 Y138.084 E.0719
G1 X104.584 Y135.956 E.07057
G1 E-4.5 F2700
;WIPE_START
G1 F3600
G1 X104.584 Y137.956 E-.475
;WIPE_END
G1 E-.025 F2700
M205 X8 Y8
G1 X96.965 Y137.497 Z3.8 F7200
G1 X63.991 Y135.509 Z3.8
G1 Z3.4
G1 E5 F2400
M205 X10 Y10
;TYPE:Inner wall
G1 F2700
G1 X63.991 Y138.491 E.09891
G1 X61.009 Y138.491 E.09891
G1 X61.009 Y135.509 E.09891
G1 X63.951 Y135.509 E.09758
M205 X8 Y8
G1 X64.398 Y135.102 F7200
M205 X10 Y10
G1 F2700
G1 X64.398 Y138.898 E.12591
G1 X60.602 Y138.898 E.12591
G1 X60.602 Y135.102 E.12591
G1 X64.358 Y135.102 E.12459
M205 X8 Y8
G1 X64.79 Y134.71 F7200
M205 X10 Y10
;TYPE:Outer wall
;WIDTH:0.419999
G1 F2400
G1 X64.79 Y139.29 E.14073
G1 X60.21 Y139.29 E.14073
G1 X60.21 Y134.71 E.14073
G1 X64.75 Y134.71 E.1395
G1 E-4.5 F2700
;WIPE_START
G1 F2400
G1 X64.767 Y136.71 E-.475
;WIPE_END
G1 E-.025 F2700
M205 X8 Y8
G1 X62.737 Y136.763 Z3.8 F7200
G1 Z3.4
G1 E5 F2400
M205 X10 Y10
;TYPE:Internal solid infill
;WIDTH:0.516066
G1 F3600
G1 X62.263 Y136.763 E.01824
G1 X62.263 Y137.237 E.01824
G1 X62.737 Y137.237 E.01824
G1 X62.737 Y136.803 E.0167
M205 X8 Y8
G1 X63.177 Y136.323 F7200
M205 X10 Y10
;WIDTH:0.449999
G1 F3600
G1 X61.823 Y136.323 E.04489
G1 X61.823 Y137.677 E.04489
G1 X63.177 Y137.677 E.04489
G1 X63.177 Y136.363 E.04357
M205 X8 Y8
G1 X63.584 Y135.916 F7200
M205 X10 Y10
G1 F3600
G1 X61.416 Y135.916 E.0719
G1 X61.416 Y138.084 E.0719
G1 X63.584 Y138.084 E.0719
G1 X63.584 Y135.956 E.07057
; stop printing object 06_sliding_electronics_carrier_ESP32_PH.stl id:0 copy 0
;TIME_ELAPSED:3699.540771

;LAYER_CHANGE
;:3.6
;HEIGHT:0.2
;BEFORE_LAYER_CHANGE
;3.6
G92 E0

G1 E-4.5 F2700
;WIPE_START
G1 F3600
G1 X63.584 Y137.956 E-.475
;WIPE_END
G1 E-.025 F2700
;_SET_FAN_SPEED_CHANGING_LAYER
; OBJECT_ID: 15
; printing object 06_sliding_electronics_carrier_ESP32_PH.stl id:0 copy 0
M205 X8 Y8
G17
G3 Z3.8 I1.217 J.009 P1  F7200
G1 X63.991 Y84.491 Z3.8
G1 Z3.6
G1 E5 F2400
M205 X10 Y10
;TYPE:Inner wall
G1 F2700
G1 X61.009 Y84.491 E.09891
G1 X61.009 Y81.509 E.09891
G1 X63.991 Y81.509 E.09891
G1 X63.991 Y84.451 E.09758
M205 X8 Y8
G1 X64.398 Y84.898 F7200
M205 X10 Y10
G1 F2700
G1 X60.602 Y84.898 E.12591
G1 X60.602 Y81.102 E.12591
G1 X64.398 Y81.102 E.12591
G1 X64.398 Y84.858 E.12459
M205 X8 Y8
G1 X64.79 Y85.29 F7200
M205 X10 Y10
;TYPE:Outer wall
;WIDTH:0.419999
G1 F2400
G1 X60.21 Y85.29 E.14073
G1 X60.21 Y80.71 E.14073
G1 X64.79 Y80.71 E.14073
G1 X64.79 Y85.25 E.1395
G1 E-4.5 F2700
;WIPE_START
G1 F2400
G1 X62.79 Y85.267 E-.475
;WIPE_END
G1 E-.025 F2700
M205 X8 Y8
G1 X62.737 Y83.237 Z4 F7200
G1 Z3.6
G1 E5 F2400
M205 X10 Y10
;TYPE:Internal solid infill
;WIDTH:0.516066
G1 F3600
G1 X62.737 Y82.763 E.01824
G1 X62.263 Y82.763 E.01824
G1 X62.263 Y83.237 E.01824
G1 X62.697 Y83.237 E.0167
M205 X8 Y8
G1 X63.177 Y83.677 F7200
M205 X10 Y10
;WIDTH:0.449999
G1 F3600
G1 X63.177 Y82.323 E.04489
G1 X61.823 Y82.323 E.04489
G1 X61.823 Y83.677 E.04489
G1 X63.137 Y83.677 E.04357
M205 X8 Y8
G1 X63.584 Y84.084 F7200
M205 X10 Y10
G1 F3600
G1 X63.584 Y81.916 E.0719
G1 X61.416 Y81.916 E.0719
G1 X61.416 Y84.084 E.0719
G1 X63.544 Y84.084 E.07057
G1 E-4.5 F2700
;WIPE_START
G1 F3600
G1 X61.544 Y84.084 E-.475
;WIPE_END
G1 E-.025 F2700
M205 X8 Y8
G1 X69.176 Y84.155 Z4 F7200
G1 X104.991 Y84.491 Z4
G1 Z3.6
M73 P87 R8
G1 E5 F2400
M205 X10 Y10
;TYPE:Inner wall
G1 F2700
G1 X102.009 Y84.491 E.09891
G1 X102.009 Y81.509 E.09891
G1 X104.991 Y81.509 E.09891
G1 X104.991 Y84.451 E.09758
M205 X8 Y8
G1 X105.398 Y84.898 F7200
M205 X10 Y10
G1 F2700
G1 X101.602 Y84.898 E.12591
G1 X101.602 Y81.102 E.12591
G1 X105.398 Y81.102 E.12591
G1 X105.398 Y84.858 E.12459
M205 X8 Y8
G1 X105.79 Y85.29 F7200
M205 X10 Y10
;TYPE:Outer wall
;WIDTH:0.419999
G1 F2400
G1 X101.21 Y85.29 E.14073
G1 X101.21 Y80.71 E.14073
G1 X105.79 Y80.71 E.14073
G1 X105.79 Y85.25 E.1395
G1 E-4.5 F2700
;WIPE_START
G1 F2400
G1 X103.79 Y85.267 E-.475
;WIPE_END
G1 E-.025 F2700
M205 X8 Y8
G1 X103.737 Y83.237 Z4 F7200
G1 Z3.6
G1 E5 F2400
M205 X10 Y10
;TYPE:Internal solid infill
;WIDTH:0.516066
G1 F3600
G1 X103.737 Y82.763 E.01824
G1 X103.263 Y82.763 E.01824
G1 X103.263 Y83.237 E.01824
G1 X103.697 Y83.237 E.0167
M205 X8 Y8
G1 X104.177 Y83.677 F7200
M205 X10 Y10
;WIDTH:0.449999
G1 F3600
G1 X104.177 Y82.323 E.04489
G1 X102.823 Y82.323 E.04489
G1 X102.823 Y83.677 E.04489
G1 X104.137 Y83.677 E.04357
M205 X8 Y8
G1 X104.584 Y84.084 F7200
M205 X10 Y10
G1 F3600
G1 X104.584 Y81.916 E.0719
G1 X102.416 Y81.916 E.0719
G1 X102.416 Y84.084 E.0719
G1 X104.544 Y84.084 E.07057
G1 E-4.5 F2700
;WIPE_START
G1 F3600
G1 X102.544 Y84.084 E-.475
;WIPE_END
G1 E-.025 F2700
M205 X8 Y8
G1 X110.146 Y84.763 Z4 F7200
G1 X129.491 Y86.491 Z4
G1 Z3.6
G1 E5 F2400
M205 X10 Y10
;TYPE:Inner wall
G1 F2700
G1 X126.509 Y86.491 E.09891
G1 X126.509 Y83.509 E.09891
G1 X129.491 Y83.509 E.09891
G1 X129.491 Y86.451 E.09758
M205 X8 Y8
G1 X129.898 Y86.898 F7200
M205 X10 Y10
G1 F2700
G1 X126.102 Y86.898 E.12591
G1 X126.102 Y83.102 E.12591
G1 X129.898 Y83.102 E.12591
G1 X129.898 Y86.858 E.12459
M205 X8 Y8
G1 X130.29 Y87.29 F7200
M205 X10 Y10
;TYPE:Outer wall
;WIDTH:0.419999
G1 F2400
G1 X125.71 Y87.29 E.14073
G1 X125.71 Y82.71 E.14073
G1 X130.29 Y82.71 E.14073
G1 X130.29 Y87.25 E.1395
G1 E-4.5 F2700
;WIPE_START
G1 F2400
G1 X128.29 Y87.267 E-.475
;WIPE_END
G1 E-.025 F2700
M205 X8 Y8
G1 X127.763 Y85.237 Z4 F7200
G1 Z3.6
G1 E5 F2400
M205 X10 Y10
;TYPE:Internal solid infill
;WIDTH:0.516066
G1 F3600
G1 X128.237 Y85.237 E.01824
G1 X128.237 Y84.763 E.01824
G1 X127.763 Y84.763 E.01824
G1 X127.763 Y85.197 E.0167
M205 X8 Y8
G1 X127.323 Y85.677 F7200
M205 X10 Y10
;WIDTH:0.449999
G1 F3600
G1 X128.677 Y85.677 E.04489
G1 X128.677 Y84.323 E.04489
G1 X127.323 Y84.323 E.04489
G1 X127.323 Y85.637 E.04357
M205 X8 Y8
G1 X126.916 Y86.084 F7200
M205 X10 Y10
G1 F3600
G1 X129.084 Y86.084 E.0719
G1 X129.084 Y83.916 E.0719
G1 X126.916 Y83.916 E.0719
G1 X126.916 Y86.044 E.07057
G1 E-4.5 F2700
;WIPE_START
G1 F3600
G1 X126.916 Y84.044 E-.475
;WIPE_END
G1 E-.025 F2700
M205 X8 Y8
G1 X134.514 Y84.77 Z4 F7200
G1 X152.509 Y86.491 Z4
G1 Z3.6
G1 E5 F2400
M205 X10 Y10
;TYPE:Inner wall
G1 F2700
G1 X152.509 Y83.509 E.09891
G1 X155.491 Y83.509 E.09891
G1 X155.491 Y86.491 E.09891
G1 X152.549 Y86.491 E.09758
M205 X8 Y8
G1 X152.102 Y86.898 F7200
M205 X10 Y10
G1 F2700
G1 X152.102 Y83.102 E.12591
G1 X155.898 Y83.102 E.12591
G1 X155.898 Y86.898 E.12591
G1 X152.142 Y86.898 E.12459
M205 X8 Y8
G1 X151.71 Y87.29 F7200
M205 X10 Y10
;TYPE:Outer wall
;WIDTH:0.419999
G1 F2400
G1 X151.71 Y82.71 E.14073
G1 X156.29 Y82.71 E.14073
G1 X156.29 Y87.29 E.14073
G1 X151.75 Y87.29 E.1395
G1 E-4.5 F2700
;WIPE_START
G1 F2400
G1 X151.733 Y85.29 E-.475
;WIPE_END
G1 E-.025 F2700
M205 X8 Y8
G1 X153.763 Y85.237 Z4 F7200
G1 Z3.6
G1 E5 F2400
M205 X10 Y10
;TYPE:Internal solid infill
;WIDTH:0.516066
G1 F3600
G1 X154.237 Y85.237 E.01824
G1 X154.237 Y84.763 E.01824
G1 X153.763 Y84.763 E.01824
G1 X153.763 Y85.197 E.0167
M205 X8 Y8
G1 X153.323 Y85.677 F7200
M205 X10 Y10
;WIDTH:0.449999
G1 F3600
G1 X154.677 Y85.677 E.04489
G1 X154.677 Y84.323 E.04489
G1 X153.323 Y84.323 E.04489
G1 X153.323 Y85.637 E.04357
M205 X8 Y8
G1 X152.916 Y86.084 F7200
M205 X10 Y10
G1 F3600
G1 X155.084 Y86.084 E.0719
G1 X155.084 Y83.916 E.0719
G1 X152.916 Y83.916 E.0719
G1 X152.916 Y86.044 E.07057
G1 E-4.5 F2700
;WIPE_START
G1 F3600
G1 X152.916 Y84.044 E-.475
;WIPE_END
G1 E-.025 F2700
M205 X8 Y8
G1 X152.853 Y91.676 Z4 F7200
G1 X152.509 Y133.509 Z4
G1 Z3.6
G1 E5 F2400
M205 X10 Y10
;TYPE:Inner wall
G1 F2700
G1 X155.491 Y133.509 E.09891
G1 X155.491 Y136.491 E.09891
G1 X152.509 Y136.491 E.09891
G1 X152.509 Y133.549 E.09758
M205 X8 Y8
G1 X152.102 Y133.102 F7200
M205 X10 Y10
G1 F2700
G1 X155.898 Y133.102 E.12591
G1 X155.898 Y136.898 E.12591
G1 X152.102 Y136.898 E.12591
G1 X152.102 Y133.142 E.12459
M205 X8 Y8
G1 X151.71 Y132.71 F7200
M205 X10 Y10
;TYPE:Outer wall
;WIDTH:0.419999
G1 F2400
G1 X156.29 Y132.71 E.14073
G1 X156.29 Y137.29 E.14073
G1 X151.71 Y137.29 E.14073
G1 X151.71 Y132.75 E.1395
G1 E-4.5 F2700
;WIPE_START
G1 F2400
G1 X153.71 Y132.733 E-.475
;WIPE_END
G1 E-.025 F2700
M205 X8 Y8
G1 X153.763 Y134.763 Z4 F7200
G1 Z3.6
G1 E5 F2400
M205 X10 Y10
;TYPE:Internal solid infill
;WIDTH:0.516066
G1 F3600
G1 X153.763 Y135.237 E.01824
G1 X154.237 Y135.237 E.01824
G1 X154.237 Y134.763 E.01824
G1 X153.803 Y134.763 E.0167
M205 X8 Y8
G1 X153.323 Y134.323 F7200
M205 X10 Y10
;WIDTH:0.449999
G1 F3600
G1 X153.323 Y135.677 E.04489
G1 X154.677 Y135.677 E.04489
G1 X154.677 Y134.323 E.04489
G1 X153.363 Y134.323 E.04357
M205 X8 Y8
G1 X152.916 Y133.916 F7200
M205 X10 Y10
G1 F3600
G1 X152.916 Y136.084 E.0719
G1 X155.084 Y136.084 E.0719
G1 X155.084 Y133.916 E.0719
G1 X152.956 Y133.916 E.07057
G1 E-4.5 F2700
;WIPE_START
G1 F3600
G1 X154.956 Y133.916 E-.475
;WIPE_END
G1 E-.025 F2700
M205 X8 Y8
G1 X147.325 Y133.807 Z4 F7200
G1 X126.509 Y133.509 Z4
G1 Z3.6
G1 E5 F2400
M205 X10 Y10
;TYPE:Inner wall
G1 F2700
G1 X129.491 Y133.509 E.09891
G1 X129.491 Y136.491 E.09891
G1 X126.509 Y136.491 E.09891
G1 X126.509 Y133.549 E.09758
M205 X8 Y8
G1 X126.102 Y133.102 F7200
M205 X10 Y10
G1 F2700
G1 X129.898 Y133.102 E.12591
G1 X129.898 Y136.898 E.12591
G1 X126.102 Y136.898 E.12591
G1 X126.102 Y133.142 E.12459
M205 X8 Y8
G1 X125.71 Y132.71 F7200
M205 X10 Y10
;TYPE:Outer wall
;WIDTH:0.419999
G1 F2400
G1 X130.29 Y132.71 E.14073
G1 X130.29 Y137.29 E.14073
G1 X125.71 Y137.29 E.14073
G1 X125.71 Y132.75 E.1395
G1 E-4.5 F2700
;WIPE_START
G1 F2400
G1 X127.71 Y132.733 E-.475
;WIPE_END
G1 E-.025 F2700
M205 X8 Y8
G1 X127.763 Y134.763 Z4 F7200
G1 Z3.6
G1 E5 F2400
M205 X10 Y10
;TYPE:Internal solid infill
;WIDTH:0.516066
G1 F3600
G1 X127.763 Y135.237 E.01824
G1 X128.237 Y135.237 E.01824
G1 X128.237 Y134.763 E.01824
G1 X127.803 Y134.763 E.0167
M205 X8 Y8
G1 X127.323 Y134.323 F7200
M205 X10 Y10
;WIDTH:0.449999
G1 F3600
G1 X127.323 Y135.677 E.04489
G1 X128.677 Y135.677 E.04489
G1 X128.677 Y134.323 E.04489
G1 X127.363 Y134.323 E.04357
M205 X8 Y8
G1 X126.916 Y133.916 F7200
M205 X10 Y10
G1 F3600
G1 X126.916 Y136.084 E.0719
G1 X129.084 Y136.084 E.0719
G1 X129.084 Y133.916 E.0719
G1 X126.956 Y133.916 E.07057
G1 E-4.5 F2700
;WIPE_START
G1 F3600
G1 X128.956 Y133.916 E-.475
;WIPE_END
G1 E-.025 F2700
M205 X8 Y8
G1 X121.341 Y134.422 Z4 F7200
G1 X104.991 Y135.509 Z4
G1 Z3.6
G1 E5 F2400
M205 X10 Y10
;TYPE:Inner wall
G1 F2700
G1 X104.991 Y138.491 E.09891
G1 X102.009 Y138.491 E.09891
G1 X102.009 Y135.509 E.09891
G1 X104.951 Y135.509 E.09758
M205 X8 Y8
G1 X105.398 Y135.102 F7200
M205 X10 Y10
G1 F2700
G1 X105.398 Y138.898 E.12591
G1 X101.602 Y138.898 E.12591
G1 X101.602 Y135.102 E.12591
G1 X105.358 Y135.102 E.12459
M205 X8 Y8
G1 X105.79 Y134.71 F7200
M205 X10 Y10
;TYPE:Outer wall
;WIDTH:0.419999
G1 F2400
G1 X105.79 Y139.29 E.14073
G1 X101.21 Y139.29 E.14073
G1 X101.21 Y134.71 E.14073
G1 X105.75 Y134.71 E.1395
G1 E-4.5 F2700
;WIPE_START
G1 F2400
G1 X105.767 Y136.71 E-.475
;WIPE_END
G1 E-.025 F2700
M205 X8 Y8
G1 X103.737 Y136.763 Z4 F7200
G1 Z3.6
G1 E5 F2400
M205 X10 Y10
;TYPE:Internal solid infill
;WIDTH:0.516066
G1 F3600
G1 X103.263 Y136.763 E.01824
G1 X103.263 Y137.237 E.01824
G1 X103.737 Y137.237 E.01824
G1 X103.737 Y136.803 E.0167
M205 X8 Y8
G1 X104.177 Y136.323 F7200
M205 X10 Y10
;WIDTH:0.449999
G1 F3600
G1 X102.823 Y136.323 E.04489
G1 X102.823 Y137.677 E.04489
G1 X104.177 Y137.677 E.04489
G1 X104.177 Y136.363 E.04357
M205 X8 Y8
G1 X104.584 Y135.916 F7200
M205 X10 Y10
G1 F3600
G1 X102.416 Y135.916 E.0719
G1 X102.416 Y138.084 E.0719
G1 X104.584 Y138.084 E.0719
G1 X104.584 Y135.956 E.07057
G1 E-4.5 F2700
;WIPE_START
G1 F3600
G1 X104.584 Y137.956 E-.475
;WIPE_END
G1 E-.025 F2700
M205 X8 Y8
G1 X96.965 Y137.497 Z4 F7200
G1 X63.991 Y135.509 Z4
G1 Z3.6
G1 E5 F2400
M205 X10 Y10
;TYPE:Inner wall
G1 F2700
G1 X63.991 Y138.491 E.09891
G1 X61.009 Y138.491 E.09891
G1 X61.009 Y135.509 E.09891
G1 X63.951 Y135.509 E.09758
M205 X8 Y8
G1 X64.398 Y135.102 F7200
M205 X10 Y10
G1 F2700
G1 X64.398 Y138.898 E.12591
G1 X60.602 Y138.898 E.12591
G1 X60.602 Y135.102 E.12591
G1 X64.358 Y135.102 E.12459
M205 X8 Y8
G1 X64.79 Y134.71 F7200
M205 X10 Y10
;TYPE:Outer wall
;WIDTH:0.419999
G1 F2400
G1 X64.79 Y139.29 E.14073
G1 X60.21 Y139.29 E.14073
G1 X60.21 Y134.71 E.14073
G1 X64.75 Y134.71 E.1395
G1 E-4.5 F2700
;WIPE_START
G1 F2400
G1 X64.767 Y136.71 E-.475
;WIPE_END
G1 E-.025 F2700
M205 X8 Y8
G1 X62.737 Y136.763 Z4 F7200
G1 Z3.6
G1 E5 F2400
M205 X10 Y10
;TYPE:Internal solid infill
;WIDTH:0.516066
G1 F3600
G1 X62.263 Y136.763 E.01824
G1 X62.263 Y137.237 E.01824
G1 X62.737 Y137.237 E.01824
G1 X62.737 Y136.803 E.0167
M205 X8 Y8
G1 X63.177 Y136.323 F7200
M205 X10 Y10
;WIDTH:0.449999
G1 F3600
G1 X61.823 Y136.323 E.04489
G1 X61.823 Y137.677 E.04489
M73 P88 R8
G1 X63.177 Y137.677 E.04489
G1 X63.177 Y136.363 E.04357
M205 X8 Y8
G1 X63.584 Y135.916 F7200
M205 X10 Y10
G1 F3600
G1 X61.416 Y135.916 E.0719
G1 X61.416 Y138.084 E.0719
G1 X63.584 Y138.084 E.0719
G1 X63.584 Y135.956 E.07057
; stop printing object 06_sliding_electronics_carrier_ESP32_PH.stl id:0 copy 0
;TIME_ELAPSED:3735.926758

;LAYER_CHANGE
;:3.8
;HEIGHT:0.2
;BEFORE_LAYER_CHANGE
;3.8
G92 E0

G1 E-4.5 F2700
;WIPE_START
G1 F3600
G1 X63.584 Y137.956 E-.475
;WIPE_END
G1 E-.025 F2700
;_SET_FAN_SPEED_CHANGING_LAYER
; OBJECT_ID: 15
; printing object 06_sliding_electronics_carrier_ESP32_PH.stl id:0 copy 0
M205 X8 Y8
G17
G3 Z4 I1.217 J.009 P1  F7200
G1 X63.991 Y84.491 Z4
G1 Z3.8
G1 E5 F2400
M205 X10 Y10
;TYPE:Inner wall
G1 F2700
G1 X61.009 Y84.491 E.09891
G1 X61.009 Y81.509 E.09891
G1 X63.991 Y81.509 E.09891
G1 X63.991 Y84.451 E.09758
M205 X8 Y8
G1 X64.398 Y84.898 F7200
M205 X10 Y10
G1 F2700
G1 X60.602 Y84.898 E.12591
G1 X60.602 Y81.102 E.12591
G1 X64.398 Y81.102 E.12591
G1 X64.398 Y84.858 E.12459
M205 X8 Y8
G1 X64.79 Y85.29 F7200
M205 X10 Y10
;TYPE:Outer wall
;WIDTH:0.419999
G1 F2400
G1 X60.21 Y85.29 E.14073
G1 X60.21 Y80.71 E.14073
G1 X64.79 Y80.71 E.14073
G1 X64.79 Y85.25 E.1395
G1 E-4.5 F2700
;WIPE_START
G1 F2400
G1 X62.79 Y85.267 E-.475
;WIPE_END
G1 E-.025 F2700
M205 X8 Y8
G1 X62.737 Y83.237 Z4.2 F7200
G1 Z3.8
G1 E5 F2400
M205 X10 Y10
;TYPE:Internal solid infill
;WIDTH:0.516066
G1 F3600
G1 X62.737 Y82.763 E.01824
G1 X62.263 Y82.763 E.01824
G1 X62.263 Y83.237 E.01824
G1 X62.697 Y83.237 E.0167
M205 X8 Y8
G1 X63.177 Y83.677 F7200
M205 X10 Y10
;WIDTH:0.449999
G1 F3600
G1 X63.177 Y82.323 E.04489
G1 X61.823 Y82.323 E.04489
G1 X61.823 Y83.677 E.04489
G1 X63.137 Y83.677 E.04357
M205 X8 Y8
G1 X63.584 Y84.084 F7200
M205 X10 Y10
G1 F3600
G1 X63.584 Y81.916 E.0719
G1 X61.416 Y81.916 E.0719
G1 X61.416 Y84.084 E.0719
G1 X63.544 Y84.084 E.07057
G1 E-4.5 F2700
;WIPE_START
G1 F3600
G1 X61.544 Y84.084 E-.475
;WIPE_END
G1 E-.025 F2700
M205 X8 Y8
G1 X69.176 Y84.155 Z4.2 F7200
G1 X104.991 Y84.491 Z4.2
G1 Z3.8
G1 E5 F2400
M205 X10 Y10
;TYPE:Inner wall
G1 F2700
G1 X102.009 Y84.491 E.09891
G1 X102.009 Y81.509 E.09891
G1 X104.991 Y81.509 E.09891
G1 X104.991 Y84.451 E.09758
M205 X8 Y8
G1 X105.398 Y84.898 F7200
M205 X10 Y10
G1 F2700
G1 X101.602 Y84.898 E.12591
G1 X101.602 Y81.102 E.12591
G1 X105.398 Y81.102 E.12591
G1 X105.398 Y84.858 E.12459
M205 X8 Y8
G1 X105.79 Y85.29 F7200
M205 X10 Y10
;TYPE:Outer wall
;WIDTH:0.419999
G1 F2400
G1 X101.21 Y85.29 E.14073
G1 X101.21 Y80.71 E.14073
G1 X105.79 Y80.71 E.14073
G1 X105.79 Y85.25 E.1395
G1 E-4.5 F2700
;WIPE_START
G1 F2400
G1 X103.79 Y85.267 E-.475
;WIPE_END
G1 E-.025 F2700
M205 X8 Y8
G1 X103.737 Y83.237 Z4.2 F7200
G1 Z3.8
G1 E5 F2400
M205 X10 Y10
;TYPE:Internal solid infill
;WIDTH:0.516066
G1 F3600
G1 X103.737 Y82.763 E.01824
G1 X103.263 Y82.763 E.01824
G1 X103.263 Y83.237 E.01824
G1 X103.697 Y83.237 E.0167
M205 X8 Y8
G1 X104.177 Y83.677 F7200
M205 X10 Y10
;WIDTH:0.449999
G1 F3600
G1 X104.177 Y82.323 E.04489
G1 X102.823 Y82.323 E.04489
G1 X102.823 Y83.677 E.04489
G1 X104.137 Y83.677 E.04357
M205 X8 Y8
G1 X104.584 Y84.084 F7200
M205 X10 Y10
G1 F3600
G1 X104.584 Y81.916 E.0719
G1 X102.416 Y81.916 E.0719
G1 X102.416 Y84.084 E.0719
G1 X104.544 Y84.084 E.07057
G1 E-4.5 F2700
;WIPE_START
G1 F3600
G1 X102.544 Y84.084 E-.475
;WIPE_END
G1 E-.025 F2700
M205 X8 Y8
G1 X110.146 Y84.763 Z4.2 F7200
G1 X129.491 Y86.491 Z4.2
G1 Z3.8
G1 E5 F2400
M205 X10 Y10
;TYPE:Inner wall
G1 F2700
G1 X126.509 Y86.491 E.09891
G1 X126.509 Y83.509 E.09891
G1 X129.491 Y83.509 E.09891
G1 X129.491 Y86.451 E.09758
M205 X8 Y8
G1 X129.898 Y86.898 F7200
M205 X10 Y10
G1 F2700
G1 X126.102 Y86.898 E.12591
G1 X126.102 Y83.102 E.12591
G1 X129.898 Y83.102 E.12591
G1 X129.898 Y86.858 E.12459
M205 X8 Y8
G1 X130.29 Y87.29 F7200
M205 X10 Y10
;TYPE:Outer wall
;WIDTH:0.419999
G1 F2400
G1 X125.71 Y87.29 E.14073
G1 X125.71 Y82.71 E.14073
G1 X130.29 Y82.71 E.14073
G1 X130.29 Y87.25 E.1395
G1 E-4.5 F2700
;WIPE_START
G1 F2400
G1 X128.29 Y87.267 E-.475
;WIPE_END
G1 E-.025 F2700
M205 X8 Y8
G1 X127.763 Y85.237 Z4.2 F7200
G1 Z3.8
G1 E5 F2400
M205 X10 Y10
;TYPE:Internal solid infill
;WIDTH:0.516066
G1 F3600
G1 X128.237 Y85.237 E.01824
G1 X128.237 Y84.763 E.01824
G1 X127.763 Y84.763 E.01824
G1 X127.763 Y85.197 E.0167
M205 X8 Y8
G1 X127.323 Y85.677 F7200
M205 X10 Y10
;WIDTH:0.449999
G1 F3600
G1 X128.677 Y85.677 E.04489
G1 X128.677 Y84.323 E.04489
G1 X127.323 Y84.323 E.04489
G1 X127.323 Y85.637 E.04357
M205 X8 Y8
G1 X126.916 Y86.084 F7200
M205 X10 Y10
G1 F3600
G1 X129.084 Y86.084 E.0719
G1 X129.084 Y83.916 E.0719
G1 X126.916 Y83.916 E.0719
G1 X126.916 Y86.044 E.07057
G1 E-4.5 F2700
;WIPE_START
G1 F3600
G1 X126.916 Y84.044 E-.475
;WIPE_END
G1 E-.025 F2700
M205 X8 Y8
G1 X134.514 Y84.77 Z4.2 F7200
G1 X152.509 Y86.491 Z4.2
G1 Z3.8
G1 E5 F2400
M205 X10 Y10
;TYPE:Inner wall
G1 F2700
G1 X152.509 Y83.509 E.09891
G1 X155.491 Y83.509 E.09891
G1 X155.491 Y86.491 E.09891
G1 X152.549 Y86.491 E.09758
M205 X8 Y8
G1 X152.102 Y86.898 F7200
M205 X10 Y10
G1 F2700
G1 X152.102 Y83.102 E.12591
G1 X155.898 Y83.102 E.12591
G1 X155.898 Y86.898 E.12591
G1 X152.142 Y86.898 E.12459
M205 X8 Y8
G1 X151.71 Y87.29 F7200
M205 X10 Y10
;TYPE:Outer wall
;WIDTH:0.419999
G1 F2400
G1 X151.71 Y82.71 E.14073
G1 X156.29 Y82.71 E.14073
G1 X156.29 Y87.29 E.14073
G1 X151.75 Y87.29 E.1395
G1 E-4.5 F2700
;WIPE_START
G1 F2400
G1 X151.733 Y85.29 E-.475
;WIPE_END
G1 E-.025 F2700
M205 X8 Y8
G1 X153.763 Y85.237 Z4.2 F7200
G1 Z3.8
G1 E5 F2400
M205 X10 Y10
;TYPE:Internal solid infill
;WIDTH:0.516066
G1 F3600
G1 X154.237 Y85.237 E.01824
G1 X154.237 Y84.763 E.01824
G1 X153.763 Y84.763 E.01824
G1 X153.763 Y85.197 E.0167
M205 X8 Y8
G1 X153.323 Y85.677 F7200
M205 X10 Y10
;WIDTH:0.449999
G1 F3600
G1 X154.677 Y85.677 E.04489
G1 X154.677 Y84.323 E.04489
G1 X153.323 Y84.323 E.04489
G1 X153.323 Y85.637 E.04357
M205 X8 Y8
G1 X152.916 Y86.084 F7200
M205 X10 Y10
G1 F3600
G1 X155.084 Y86.084 E.0719
G1 X155.084 Y83.916 E.0719
G1 X152.916 Y83.916 E.0719
G1 X152.916 Y86.044 E.07057
G1 E-4.5 F2700
;WIPE_START
G1 F3600
G1 X152.916 Y84.044 E-.475
;WIPE_END
G1 E-.025 F2700
M205 X8 Y8
G1 X152.853 Y91.676 Z4.2 F7200
G1 X152.509 Y133.509 Z4.2
G1 Z3.8
G1 E5 F2400
M205 X10 Y10
;TYPE:Inner wall
G1 F2700
G1 X155.491 Y133.509 E.09891
G1 X155.491 Y136.491 E.09891
G1 X152.509 Y136.491 E.09891
G1 X152.509 Y133.549 E.09758
M205 X8 Y8
G1 X152.102 Y133.102 F7200
M205 X10 Y10
G1 F2700
G1 X155.898 Y133.102 E.12591
G1 X155.898 Y136.898 E.12591
G1 X152.102 Y136.898 E.12591
G1 X152.102 Y133.142 E.12459
M205 X8 Y8
G1 X151.71 Y132.71 F7200
M205 X10 Y10
;TYPE:Outer wall
;WIDTH:0.419999
G1 F2400
G1 X156.29 Y132.71 E.14073
G1 X156.29 Y137.29 E.14073
G1 X151.71 Y137.29 E.14073
G1 X151.71 Y132.75 E.1395
G1 E-4.5 F2700
;WIPE_START
G1 F2400
G1 X153.71 Y132.733 E-.475
;WIPE_END
G1 E-.025 F2700
M205 X8 Y8
G1 X153.763 Y134.763 Z4.2 F7200
G1 Z3.8
G1 E5 F2400
M205 X10 Y10
;TYPE:Internal solid infill
;WIDTH:0.516066
G1 F3600
G1 X153.763 Y135.237 E.01824
G1 X154.237 Y135.237 E.01824
G1 X154.237 Y134.763 E.01824
G1 X153.803 Y134.763 E.0167
M205 X8 Y8
G1 X153.323 Y134.323 F7200
M205 X10 Y10
;WIDTH:0.449999
G1 F3600
G1 X153.323 Y135.677 E.04489
G1 X154.677 Y135.677 E.04489
G1 X154.677 Y134.323 E.04489
G1 X153.363 Y134.323 E.04357
M205 X8 Y8
G1 X152.916 Y133.916 F7200
M205 X10 Y10
G1 F3600
G1 X152.916 Y136.084 E.0719
G1 X155.084 Y136.084 E.0719
G1 X155.084 Y133.916 E.0719
G1 X152.956 Y133.916 E.07057
G1 E-4.5 F2700
;WIPE_START
G1 F3600
G1 X154.956 Y133.916 E-.475
;WIPE_END
G1 E-.025 F2700
M205 X8 Y8
G1 X147.325 Y133.807 Z4.2 F7200
G1 X126.509 Y133.509 Z4.2
G1 Z3.8
G1 E5 F2400
M205 X10 Y10
;TYPE:Inner wall
G1 F2700
G1 X129.491 Y133.509 E.09891
G1 X129.491 Y136.491 E.09891
G1 X126.509 Y136.491 E.09891
G1 X126.509 Y133.549 E.09758
M205 X8 Y8
G1 X126.102 Y133.102 F7200
M205 X10 Y10
G1 F2700
G1 X129.898 Y133.102 E.12591
G1 X129.898 Y136.898 E.12591
G1 X126.102 Y136.898 E.12591
G1 X126.102 Y133.142 E.12459
M205 X8 Y8
G1 X125.71 Y132.71 F7200
M205 X10 Y10
;TYPE:Outer wall
;WIDTH:0.419999
G1 F2400
G1 X130.29 Y132.71 E.14073
G1 X130.29 Y137.29 E.14073
G1 X125.71 Y137.29 E.14073
G1 X125.71 Y132.75 E.1395
G1 E-4.5 F2700
;WIPE_START
G1 F2400
G1 X127.71 Y132.733 E-.475
;WIPE_END
G1 E-.025 F2700
M205 X8 Y8
G1 X127.763 Y134.763 Z4.2 F7200
G1 Z3.8
G1 E5 F2400
M205 X10 Y10
;TYPE:Internal solid infill
;WIDTH:0.516066
G1 F3600
G1 X127.763 Y135.237 E.01824
G1 X128.237 Y135.237 E.01824
G1 X128.237 Y134.763 E.01824
G1 X127.803 Y134.763 E.0167
M205 X8 Y8
G1 X127.323 Y134.323 F7200
M205 X10 Y10
;WIDTH:0.449999
G1 F3600
G1 X127.323 Y135.677 E.04489
G1 X128.677 Y135.677 E.04489
G1 X128.677 Y134.323 E.04489
G1 X127.363 Y134.323 E.04357
M205 X8 Y8
G1 X126.916 Y133.916 F7200
M205 X10 Y10
G1 F3600
G1 X126.916 Y136.084 E.0719
G1 X129.084 Y136.084 E.0719
G1 X129.084 Y133.916 E.0719
G1 X126.956 Y133.916 E.07057
G1 E-4.5 F2700
;WIPE_START
G1 F3600
G1 X128.956 Y133.916 E-.475
;WIPE_END
G1 E-.025 F2700
M205 X8 Y8
G1 X121.341 Y134.422 Z4.2 F7200
G1 X104.991 Y135.509 Z4.2
G1 Z3.8
G1 E5 F2400
M205 X10 Y10
;TYPE:Inner wall
G1 F2700
G1 X104.991 Y138.491 E.09891
G1 X102.009 Y138.491 E.09891
G1 X102.009 Y135.509 E.09891
G1 X104.951 Y135.509 E.09758
M205 X8 Y8
G1 X105.398 Y135.102 F7200
M205 X10 Y10
G1 F2700
G1 X105.398 Y138.898 E.12591
G1 X101.602 Y138.898 E.12591
G1 X101.602 Y135.102 E.12591
M73 P88 R7
G1 X105.358 Y135.102 E.12459
M205 X8 Y8
G1 X105.79 Y134.71 F7200
M205 X10 Y10
;TYPE:Outer wall
;WIDTH:0.419999
G1 F2400
G1 X105.79 Y139.29 E.14073
G1 X101.21 Y139.29 E.14073
G1 X101.21 Y134.71 E.14073
G1 X105.75 Y134.71 E.1395
G1 E-4.5 F2700
;WIPE_START
G1 F2400
G1 X105.767 Y136.71 E-.475
;WIPE_END
G1 E-.025 F2700
M205 X8 Y8
G1 X103.737 Y136.763 Z4.2 F7200
G1 Z3.8
G1 E5 F2400
M205 X10 Y10
;TYPE:Internal solid infill
;WIDTH:0.516066
G1 F3600
G1 X103.263 Y136.763 E.01824
G1 X103.263 Y137.237 E.01824
G1 X103.737 Y137.237 E.01824
G1 X103.737 Y136.803 E.0167
M205 X8 Y8
G1 X104.177 Y136.323 F7200
M205 X10 Y10
;WIDTH:0.449999
G1 F3600
G1 X102.823 Y136.323 E.04489
G1 X102.823 Y137.677 E.04489
G1 X104.177 Y137.677 E.04489
G1 X104.177 Y136.363 E.04357
M205 X8 Y8
G1 X104.584 Y135.916 F7200
M205 X10 Y10
G1 F3600
G1 X102.416 Y135.916 E.0719
G1 X102.416 Y138.084 E.0719
G1 X104.584 Y138.084 E.0719
G1 X104.584 Y135.956 E.07057
G1 E-4.5 F2700
;WIPE_START
G1 F3600
G1 X104.584 Y137.956 E-.475
;WIPE_END
G1 E-.025 F2700
M205 X8 Y8
G1 X96.965 Y137.497 Z4.2 F7200
G1 X63.991 Y135.509 Z4.2
G1 Z3.8
G1 E5 F2400
M205 X10 Y10
;TYPE:Inner wall
G1 F2700
G1 X63.991 Y138.491 E.09891
G1 X61.009 Y138.491 E.09891
G1 X61.009 Y135.509 E.09891
G1 X63.951 Y135.509 E.09758
M205 X8 Y8
G1 X64.398 Y135.102 F7200
M205 X10 Y10
G1 F2700
G1 X64.398 Y138.898 E.12591
G1 X60.602 Y138.898 E.12591
G1 X60.602 Y135.102 E.12591
G1 X64.358 Y135.102 E.12459
M205 X8 Y8
G1 X64.79 Y134.71 F7200
M205 X10 Y10
;TYPE:Outer wall
;WIDTH:0.419999
G1 F2400
G1 X64.79 Y139.29 E.14073
G1 X60.21 Y139.29 E.14073
G1 X60.21 Y134.71 E.14073
G1 X64.75 Y134.71 E.1395
G1 E-4.5 F2700
;WIPE_START
G1 F2400
G1 X64.767 Y136.71 E-.475
;WIPE_END
G1 E-.025 F2700
M205 X8 Y8
G1 X62.737 Y136.763 Z4.2 F7200
G1 Z3.8
G1 E5 F2400
M205 X10 Y10
;TYPE:Internal solid infill
;WIDTH:0.516066
G1 F3600
G1 X62.263 Y136.763 E.01824
G1 X62.263 Y137.237 E.01824
G1 X62.737 Y137.237 E.01824
G1 X62.737 Y136.803 E.0167
M205 X8 Y8
G1 X63.177 Y136.323 F7200
M205 X10 Y10
;WIDTH:0.449999
G1 F3600
G1 X61.823 Y136.323 E.04489
G1 X61.823 Y137.677 E.04489
G1 X63.177 Y137.677 E.04489
G1 X63.177 Y136.363 E.04357
M205 X8 Y8
G1 X63.584 Y135.916 F7200
M205 X10 Y10
G1 F3600
G1 X61.416 Y135.916 E.0719
G1 X61.416 Y138.084 E.0719
G1 X63.584 Y138.084 E.0719
G1 X63.584 Y135.956 E.07057
; stop printing object 06_sliding_electronics_carrier_ESP32_PH.stl id:0 copy 0
;TIME_ELAPSED:3772.312988

;LAYER_CHANGE
;:4
;HEIGHT:0.2
;BEFORE_LAYER_CHANGE
;4
G92 E0

G1 E-4.5 F2700
;WIPE_START
G1 F3600
G1 X63.584 Y137.956 E-.475
;WIPE_END
G1 E-.025 F2700
;_SET_FAN_SPEED_CHANGING_LAYER
; OBJECT_ID: 15
; printing object 06_sliding_electronics_carrier_ESP32_PH.stl id:0 copy 0
M205 X8 Y8
G17
G3 Z4.2 I1.217 J.009 P1  F7200
G1 X63.991 Y84.491 Z4.2
G1 Z4
G1 E5 F2400
M205 X10 Y10
;TYPE:Inner wall
G1 F2700
G1 X61.009 Y84.491 E.09891
G1 X61.009 Y81.509 E.09891
G1 X63.991 Y81.509 E.09891
G1 X63.991 Y84.451 E.09758
M205 X8 Y8
G1 X64.398 Y84.898 F7200
M205 X10 Y10
G1 F2700
G1 X60.602 Y84.898 E.12591
G1 X60.602 Y81.102 E.12591
G1 X64.398 Y81.102 E.12591
G1 X64.398 Y84.858 E.12459
M205 X8 Y8
G1 X64.79 Y85.29 F7200
M205 X10 Y10
;TYPE:Outer wall
;WIDTH:0.419999
G1 F2400
G1 X60.21 Y85.29 E.14073
G1 X60.21 Y80.71 E.14073
G1 X64.79 Y80.71 E.14073
G1 X64.79 Y85.25 E.1395
G1 E-4.5 F2700
;WIPE_START
G1 F2400
G1 X62.79 Y85.267 E-.475
;WIPE_END
G1 E-.025 F2700
M205 X8 Y8
G1 X62.737 Y83.237 Z4.4 F7200
G1 Z4
G1 E5 F2400
M205 X10 Y10
;TYPE:Internal solid infill
;WIDTH:0.516066
G1 F3600
G1 X62.737 Y82.763 E.01824
G1 X62.263 Y82.763 E.01824
G1 X62.263 Y83.237 E.01824
G1 X62.697 Y83.237 E.0167
M205 X8 Y8
G1 X63.177 Y83.677 F7200
M205 X10 Y10
;WIDTH:0.449999
G1 F3600
G1 X63.177 Y82.323 E.04489
G1 X61.823 Y82.323 E.04489
G1 X61.823 Y83.677 E.04489
G1 X63.137 Y83.677 E.04357
M205 X8 Y8
G1 X63.584 Y84.084 F7200
M205 X10 Y10
G1 F3600
G1 X63.584 Y81.916 E.0719
G1 X61.416 Y81.916 E.0719
G1 X61.416 Y84.084 E.0719
G1 X63.544 Y84.084 E.07057
G1 E-4.5 F2700
;WIPE_START
G1 F3600
G1 X61.544 Y84.084 E-.475
;WIPE_END
G1 E-.025 F2700
M205 X8 Y8
G1 X69.176 Y84.155 Z4.4 F7200
G1 X104.991 Y84.491 Z4.4
G1 Z4
M73 P89 R7
G1 E5 F2400
M205 X10 Y10
;TYPE:Inner wall
G1 F2700
G1 X102.009 Y84.491 E.09891
G1 X102.009 Y81.509 E.09891
G1 X104.991 Y81.509 E.09891
G1 X104.991 Y84.451 E.09758
M205 X8 Y8
G1 X105.398 Y84.898 F7200
M205 X10 Y10
G1 F2700
G1 X101.602 Y84.898 E.12591
G1 X101.602 Y81.102 E.12591
G1 X105.398 Y81.102 E.12591
G1 X105.398 Y84.858 E.12459
M205 X8 Y8
G1 X105.79 Y85.29 F7200
M205 X10 Y10
;TYPE:Outer wall
;WIDTH:0.419999
G1 F2400
G1 X101.21 Y85.29 E.14073
G1 X101.21 Y80.71 E.14073
G1 X105.79 Y80.71 E.14073
G1 X105.79 Y85.25 E.1395
G1 E-4.5 F2700
;WIPE_START
G1 F2400
G1 X103.79 Y85.267 E-.475
;WIPE_END
G1 E-.025 F2700
M205 X8 Y8
G1 X103.737 Y83.237 Z4.4 F7200
G1 Z4
G1 E5 F2400
M205 X10 Y10
;TYPE:Internal solid infill
;WIDTH:0.516066
G1 F3600
G1 X103.737 Y82.763 E.01824
G1 X103.263 Y82.763 E.01824
G1 X103.263 Y83.237 E.01824
G1 X103.697 Y83.237 E.0167
M205 X8 Y8
G1 X104.177 Y83.677 F7200
M205 X10 Y10
;WIDTH:0.449999
G1 F3600
G1 X104.177 Y82.323 E.04489
G1 X102.823 Y82.323 E.04489
G1 X102.823 Y83.677 E.04489
G1 X104.137 Y83.677 E.04357
M205 X8 Y8
G1 X104.584 Y84.084 F7200
M205 X10 Y10
G1 F3600
G1 X104.584 Y81.916 E.0719
G1 X102.416 Y81.916 E.0719
G1 X102.416 Y84.084 E.0719
G1 X104.544 Y84.084 E.07057
G1 E-4.5 F2700
;WIPE_START
G1 F3600
G1 X102.544 Y84.084 E-.475
;WIPE_END
G1 E-.025 F2700
M205 X8 Y8
G1 X110.146 Y84.763 Z4.4 F7200
G1 X129.491 Y86.491 Z4.4
G1 Z4
G1 E5 F2400
M205 X10 Y10
;TYPE:Inner wall
G1 F2700
G1 X126.509 Y86.491 E.09891
G1 X126.509 Y83.509 E.09891
G1 X129.491 Y83.509 E.09891
G1 X129.491 Y86.451 E.09758
M205 X8 Y8
G1 X129.898 Y86.898 F7200
M205 X10 Y10
G1 F2700
G1 X126.102 Y86.898 E.12591
G1 X126.102 Y83.102 E.12591
G1 X129.898 Y83.102 E.12591
G1 X129.898 Y86.858 E.12459
M205 X8 Y8
G1 X130.29 Y87.29 F7200
M205 X10 Y10
;TYPE:Outer wall
;WIDTH:0.419999
G1 F2400
G1 X125.71 Y87.29 E.14073
G1 X125.71 Y82.71 E.14073
G1 X130.29 Y82.71 E.14073
G1 X130.29 Y87.25 E.1395
G1 E-4.5 F2700
;WIPE_START
G1 F2400
G1 X128.29 Y87.267 E-.475
;WIPE_END
G1 E-.025 F2700
M205 X8 Y8
G1 X127.763 Y85.237 Z4.4 F7200
G1 Z4
G1 E5 F2400
M205 X10 Y10
;TYPE:Internal solid infill
;WIDTH:0.516066
G1 F3600
G1 X128.237 Y85.237 E.01824
G1 X128.237 Y84.763 E.01824
G1 X127.763 Y84.763 E.01824
G1 X127.763 Y85.197 E.0167
M205 X8 Y8
G1 X127.323 Y85.677 F7200
M205 X10 Y10
;WIDTH:0.449999
G1 F3600
G1 X128.677 Y85.677 E.04489
G1 X128.677 Y84.323 E.04489
G1 X127.323 Y84.323 E.04489
G1 X127.323 Y85.637 E.04357
M205 X8 Y8
G1 X126.916 Y86.084 F7200
M205 X10 Y10
G1 F3600
G1 X129.084 Y86.084 E.0719
G1 X129.084 Y83.916 E.0719
G1 X126.916 Y83.916 E.0719
G1 X126.916 Y86.044 E.07057
G1 E-4.5 F2700
;WIPE_START
G1 F3600
G1 X126.916 Y84.044 E-.475
;WIPE_END
G1 E-.025 F2700
M205 X8 Y8
G1 X134.514 Y84.77 Z4.4 F7200
G1 X152.509 Y86.491 Z4.4
G1 Z4
G1 E5 F2400
M205 X10 Y10
;TYPE:Inner wall
G1 F2700
G1 X152.509 Y83.509 E.09891
G1 X155.491 Y83.509 E.09891
G1 X155.491 Y86.491 E.09891
G1 X152.549 Y86.491 E.09758
M205 X8 Y8
G1 X152.102 Y86.898 F7200
M205 X10 Y10
G1 F2700
G1 X152.102 Y83.102 E.12591
G1 X155.898 Y83.102 E.12591
G1 X155.898 Y86.898 E.12591
G1 X152.142 Y86.898 E.12459
M205 X8 Y8
G1 X151.71 Y87.29 F7200
M205 X10 Y10
;TYPE:Outer wall
;WIDTH:0.419999
G1 F2400
G1 X151.71 Y82.71 E.14073
G1 X156.29 Y82.71 E.14073
G1 X156.29 Y87.29 E.14073
G1 X151.75 Y87.29 E.1395
G1 E-4.5 F2700
;WIPE_START
G1 F2400
G1 X151.733 Y85.29 E-.475
;WIPE_END
G1 E-.025 F2700
M205 X8 Y8
G1 X153.763 Y85.237 Z4.4 F7200
G1 Z4
G1 E5 F2400
M205 X10 Y10
;TYPE:Internal solid infill
;WIDTH:0.516066
G1 F3600
G1 X154.237 Y85.237 E.01824
G1 X154.237 Y84.763 E.01824
G1 X153.763 Y84.763 E.01824
G1 X153.763 Y85.197 E.0167
M205 X8 Y8
G1 X153.323 Y85.677 F7200
M205 X10 Y10
;WIDTH:0.449999
G1 F3600
G1 X154.677 Y85.677 E.04489
G1 X154.677 Y84.323 E.04489
G1 X153.323 Y84.323 E.04489
G1 X153.323 Y85.637 E.04357
M205 X8 Y8
G1 X152.916 Y86.084 F7200
M205 X10 Y10
G1 F3600
G1 X155.084 Y86.084 E.0719
G1 X155.084 Y83.916 E.0719
G1 X152.916 Y83.916 E.0719
G1 X152.916 Y86.044 E.07057
G1 E-4.5 F2700
;WIPE_START
G1 F3600
G1 X152.916 Y84.044 E-.475
;WIPE_END
G1 E-.025 F2700
M205 X8 Y8
G1 X152.853 Y91.676 Z4.4 F7200
G1 X152.509 Y133.509 Z4.4
G1 Z4
G1 E5 F2400
M205 X10 Y10
;TYPE:Inner wall
G1 F2700
G1 X155.491 Y133.509 E.09891
G1 X155.491 Y136.491 E.09891
G1 X152.509 Y136.491 E.09891
G1 X152.509 Y133.549 E.09758
M205 X8 Y8
G1 X152.102 Y133.102 F7200
M205 X10 Y10
G1 F2700
G1 X155.898 Y133.102 E.12591
G1 X155.898 Y136.898 E.12591
G1 X152.102 Y136.898 E.12591
G1 X152.102 Y133.142 E.12459
M205 X8 Y8
G1 X151.71 Y132.71 F7200
M205 X10 Y10
;TYPE:Outer wall
;WIDTH:0.419999
G1 F2400
G1 X156.29 Y132.71 E.14073
G1 X156.29 Y137.29 E.14073
G1 X151.71 Y137.29 E.14073
G1 X151.71 Y132.75 E.1395
G1 E-4.5 F2700
;WIPE_START
G1 F2400
G1 X153.71 Y132.733 E-.475
;WIPE_END
G1 E-.025 F2700
M205 X8 Y8
G1 X153.763 Y134.763 Z4.4 F7200
G1 Z4
G1 E5 F2400
M205 X10 Y10
;TYPE:Internal solid infill
;WIDTH:0.516066
G1 F3600
G1 X153.763 Y135.237 E.01824
G1 X154.237 Y135.237 E.01824
G1 X154.237 Y134.763 E.01824
G1 X153.803 Y134.763 E.0167
M205 X8 Y8
G1 X153.323 Y134.323 F7200
M205 X10 Y10
;WIDTH:0.449999
G1 F3600
G1 X153.323 Y135.677 E.04489
G1 X154.677 Y135.677 E.04489
G1 X154.677 Y134.323 E.04489
G1 X153.363 Y134.323 E.04357
M205 X8 Y8
G1 X152.916 Y133.916 F7200
M205 X10 Y10
G1 F3600
G1 X152.916 Y136.084 E.0719
G1 X155.084 Y136.084 E.0719
G1 X155.084 Y133.916 E.0719
G1 X152.956 Y133.916 E.07057
G1 E-4.5 F2700
;WIPE_START
G1 F3600
G1 X154.956 Y133.916 E-.475
;WIPE_END
G1 E-.025 F2700
M205 X8 Y8
G1 X147.325 Y133.807 Z4.4 F7200
G1 X126.509 Y133.509 Z4.4
G1 Z4
G1 E5 F2400
M205 X10 Y10
;TYPE:Inner wall
G1 F2700
G1 X129.491 Y133.509 E.09891
G1 X129.491 Y136.491 E.09891
G1 X126.509 Y136.491 E.09891
G1 X126.509 Y133.549 E.09758
M205 X8 Y8
G1 X126.102 Y133.102 F7200
M205 X10 Y10
G1 F2700
G1 X129.898 Y133.102 E.12591
G1 X129.898 Y136.898 E.12591
G1 X126.102 Y136.898 E.12591
G1 X126.102 Y133.142 E.12459
M205 X8 Y8
G1 X125.71 Y132.71 F7200
M205 X10 Y10
;TYPE:Outer wall
;WIDTH:0.419999
G1 F2400
G1 X130.29 Y132.71 E.14073
G1 X130.29 Y137.29 E.14073
G1 X125.71 Y137.29 E.14073
G1 X125.71 Y132.75 E.1395
G1 E-4.5 F2700
;WIPE_START
G1 F2400
G1 X127.71 Y132.733 E-.475
;WIPE_END
G1 E-.025 F2700
M205 X8 Y8
G1 X127.763 Y134.763 Z4.4 F7200
G1 Z4
G1 E5 F2400
M205 X10 Y10
;TYPE:Internal solid infill
;WIDTH:0.516066
G1 F3600
G1 X127.763 Y135.237 E.01824
G1 X128.237 Y135.237 E.01824
G1 X128.237 Y134.763 E.01824
G1 X127.803 Y134.763 E.0167
M205 X8 Y8
G1 X127.323 Y134.323 F7200
M205 X10 Y10
;WIDTH:0.449999
G1 F3600
G1 X127.323 Y135.677 E.04489
G1 X128.677 Y135.677 E.04489
G1 X128.677 Y134.323 E.04489
G1 X127.363 Y134.323 E.04357
M205 X8 Y8
G1 X126.916 Y133.916 F7200
M205 X10 Y10
G1 F3600
G1 X126.916 Y136.084 E.0719
G1 X129.084 Y136.084 E.0719
G1 X129.084 Y133.916 E.0719
G1 X126.956 Y133.916 E.07057
G1 E-4.5 F2700
;WIPE_START
G1 F3600
G1 X128.956 Y133.916 E-.475
;WIPE_END
G1 E-.025 F2700
M205 X8 Y8
G1 X121.341 Y134.422 Z4.4 F7200
G1 X104.991 Y135.509 Z4.4
G1 Z4
G1 E5 F2400
M205 X10 Y10
;TYPE:Inner wall
G1 F2700
G1 X104.991 Y138.491 E.09891
G1 X102.009 Y138.491 E.09891
G1 X102.009 Y135.509 E.09891
G1 X104.951 Y135.509 E.09758
M205 X8 Y8
G1 X105.398 Y135.102 F7200
M205 X10 Y10
G1 F2700
G1 X105.398 Y138.898 E.12591
G1 X101.602 Y138.898 E.12591
G1 X101.602 Y135.102 E.12591
G1 X105.358 Y135.102 E.12459
M205 X8 Y8
G1 X105.79 Y134.71 F7200
M205 X10 Y10
;TYPE:Outer wall
;WIDTH:0.419999
G1 F2400
G1 X105.79 Y139.29 E.14073
G1 X101.21 Y139.29 E.14073
G1 X101.21 Y134.71 E.14073
G1 X105.75 Y134.71 E.1395
G1 E-4.5 F2700
;WIPE_START
G1 F2400
G1 X105.767 Y136.71 E-.475
;WIPE_END
G1 E-.025 F2700
M205 X8 Y8
G1 X103.737 Y136.763 Z4.4 F7200
G1 Z4
G1 E5 F2400
M205 X10 Y10
;TYPE:Internal solid infill
;WIDTH:0.516066
G1 F3600
G1 X103.263 Y136.763 E.01824
G1 X103.263 Y137.237 E.01824
G1 X103.737 Y137.237 E.01824
G1 X103.737 Y136.803 E.0167
M205 X8 Y8
G1 X104.177 Y136.323 F7200
M205 X10 Y10
;WIDTH:0.449999
G1 F3600
G1 X102.823 Y136.323 E.04489
G1 X102.823 Y137.677 E.04489
G1 X104.177 Y137.677 E.04489
G1 X104.177 Y136.363 E.04357
M205 X8 Y8
G1 X104.584 Y135.916 F7200
M205 X10 Y10
G1 F3600
G1 X102.416 Y135.916 E.0719
G1 X102.416 Y138.084 E.0719
G1 X104.584 Y138.084 E.0719
G1 X104.584 Y135.956 E.07057
G1 E-4.5 F2700
;WIPE_START
G1 F3600
G1 X104.584 Y137.956 E-.475
;WIPE_END
G1 E-.025 F2700
M205 X8 Y8
G1 X96.965 Y137.497 Z4.4 F7200
G1 X63.991 Y135.509 Z4.4
G1 Z4
G1 E5 F2400
M205 X10 Y10
;TYPE:Inner wall
G1 F2700
G1 X63.991 Y138.491 E.09891
G1 X61.009 Y138.491 E.09891
G1 X61.009 Y135.509 E.09891
G1 X63.951 Y135.509 E.09758
M205 X8 Y8
G1 X64.398 Y135.102 F7200
M205 X10 Y10
G1 F2700
G1 X64.398 Y138.898 E.12591
G1 X60.602 Y138.898 E.12591
G1 X60.602 Y135.102 E.12591
G1 X64.358 Y135.102 E.12459
M205 X8 Y8
G1 X64.79 Y134.71 F7200
M205 X10 Y10
;TYPE:Outer wall
;WIDTH:0.419999
G1 F2400
G1 X64.79 Y139.29 E.14073
G1 X60.21 Y139.29 E.14073
G1 X60.21 Y134.71 E.14073
G1 X64.75 Y134.71 E.1395
G1 E-4.5 F2700
;WIPE_START
G1 F2400
G1 X64.767 Y136.71 E-.475
;WIPE_END
G1 E-.025 F2700
M205 X8 Y8
G1 X62.737 Y136.763 Z4.4 F7200
G1 Z4
G1 E5 F2400
M205 X10 Y10
;TYPE:Internal solid infill
;WIDTH:0.516066
G1 F3600
G1 X62.263 Y136.763 E.01824
G1 X62.263 Y137.237 E.01824
G1 X62.737 Y137.237 E.01824
G1 X62.737 Y136.803 E.0167
M205 X8 Y8
G1 X63.177 Y136.323 F7200
M205 X10 Y10
;WIDTH:0.449999
G1 F3600
G1 X61.823 Y136.323 E.04489
G1 X61.823 Y137.677 E.04489
G1 X63.177 Y137.677 E.04489
G1 X63.177 Y136.363 E.04357
M205 X8 Y8
G1 X63.584 Y135.916 F7200
M205 X10 Y10
G1 F3600
G1 X61.416 Y135.916 E.0719
G1 X61.416 Y138.084 E.0719
G1 X63.584 Y138.084 E.0719
G1 X63.584 Y135.956 E.07057
; stop printing object 06_sliding_electronics_carrier_ESP32_PH.stl id:0 copy 0
;TIME_ELAPSED:3808.699219

;LAYER_CHANGE
;:4.2
;HEIGHT:0.2
;BEFORE_LAYER_CHANGE
;4.2
G92 E0

G1 E-4.5 F2700
;WIPE_START
G1 F3600
G1 X63.584 Y137.956 E-.475
;WIPE_END
G1 E-.025 F2700
;_SET_FAN_SPEED_CHANGING_LAYER
; OBJECT_ID: 15
; printing object 06_sliding_electronics_carrier_ESP32_PH.stl id:0 copy 0
M205 X8 Y8
G17
G3 Z4.4 I1.217 J.009 P1  F7200
G1 X63.991 Y84.491 Z4.4
G1 Z4.2
G1 E5 F2400
M205 X10 Y10
;TYPE:Inner wall
G1 F2700
G1 X61.009 Y84.491 E.09891
G1 X61.009 Y81.509 E.09891
G1 X63.991 Y81.509 E.09891
G1 X63.991 Y84.451 E.09758
M205 X8 Y8
G1 X64.398 Y84.898 F7200
M205 X10 Y10
G1 F2700
G1 X60.602 Y84.898 E.12591
G1 X60.602 Y81.102 E.12591
G1 X64.398 Y81.102 E.12591
G1 X64.398 Y84.858 E.12459
M205 X8 Y8
G1 X64.79 Y85.29 F7200
M205 X10 Y10
;TYPE:Outer wall
;WIDTH:0.419999
G1 F2400
G1 X60.21 Y85.29 E.14073
G1 X60.21 Y80.71 E.14073
G1 X64.79 Y80.71 E.14073
G1 X64.79 Y85.25 E.1395
G1 E-4.5 F2700
;WIPE_START
G1 F2400
G1 X62.79 Y85.267 E-.475
;WIPE_END
G1 E-.025 F2700
M205 X8 Y8
G1 X62.737 Y83.237 Z4.6 F7200
G1 Z4.2
G1 E5 F2400
M205 X10 Y10
;TYPE:Internal solid infill
;WIDTH:0.516066
G1 F3600
G1 X62.737 Y82.763 E.01824
G1 X62.263 Y82.763 E.01824
G1 X62.263 Y83.237 E.01824
G1 X62.697 Y83.237 E.0167
M205 X8 Y8
G1 X63.177 Y83.677 F7200
M205 X10 Y10
;WIDTH:0.449999
G1 F3600
G1 X63.177 Y82.323 E.04489
G1 X61.823 Y82.323 E.04489
G1 X61.823 Y83.677 E.04489
G1 X63.137 Y83.677 E.04357
M205 X8 Y8
G1 X63.584 Y84.084 F7200
M205 X10 Y10
G1 F3600
G1 X63.584 Y81.916 E.0719
G1 X61.416 Y81.916 E.0719
G1 X61.416 Y84.084 E.0719
G1 X63.544 Y84.084 E.07057
G1 E-4.5 F2700
;WIPE_START
G1 F3600
G1 X61.544 Y84.084 E-.475
;WIPE_END
G1 E-.025 F2700
M205 X8 Y8
G1 X69.176 Y84.155 Z4.6 F7200
G1 X104.991 Y84.491 Z4.6
G1 Z4.2
G1 E5 F2400
M205 X10 Y10
;TYPE:Inner wall
G1 F2700
G1 X102.009 Y84.491 E.09891
G1 X102.009 Y81.509 E.09891
G1 X104.991 Y81.509 E.09891
G1 X104.991 Y84.451 E.09758
M205 X8 Y8
G1 X105.398 Y84.898 F7200
M205 X10 Y10
G1 F2700
G1 X101.602 Y84.898 E.12591
G1 X101.602 Y81.102 E.12591
G1 X105.398 Y81.102 E.12591
G1 X105.398 Y84.858 E.12459
M205 X8 Y8
G1 X105.79 Y85.29 F7200
M205 X10 Y10
;TYPE:Outer wall
;WIDTH:0.419999
G1 F2400
G1 X101.21 Y85.29 E.14073
G1 X101.21 Y80.71 E.14073
G1 X105.79 Y80.71 E.14073
G1 X105.79 Y85.25 E.1395
G1 E-4.5 F2700
;WIPE_START
G1 F2400
G1 X103.79 Y85.267 E-.475
;WIPE_END
G1 E-.025 F2700
M205 X8 Y8
G1 X103.737 Y83.237 Z4.6 F7200
G1 Z4.2
G1 E5 F2400
M205 X10 Y10
;TYPE:Internal solid infill
;WIDTH:0.516066
G1 F3600
G1 X103.737 Y82.763 E.01824
G1 X103.263 Y82.763 E.01824
G1 X103.263 Y83.237 E.01824
G1 X103.697 Y83.237 E.0167
M205 X8 Y8
G1 X104.177 Y83.677 F7200
M205 X10 Y10
;WIDTH:0.449999
G1 F3600
G1 X104.177 Y82.323 E.04489
G1 X102.823 Y82.323 E.04489
G1 X102.823 Y83.677 E.04489
G1 X104.137 Y83.677 E.04357
M205 X8 Y8
G1 X104.584 Y84.084 F7200
M205 X10 Y10
G1 F3600
G1 X104.584 Y81.916 E.0719
G1 X102.416 Y81.916 E.0719
G1 X102.416 Y84.084 E.0719
G1 X104.544 Y84.084 E.07057
G1 E-4.5 F2700
;WIPE_START
G1 F3600
G1 X102.544 Y84.084 E-.475
;WIPE_END
G1 E-.025 F2700
M205 X8 Y8
G1 X110.146 Y84.763 Z4.6 F7200
G1 X129.491 Y86.491 Z4.6
G1 Z4.2
G1 E5 F2400
M205 X10 Y10
;TYPE:Inner wall
G1 F2700
G1 X126.509 Y86.491 E.09891
G1 X126.509 Y83.509 E.09891
G1 X129.491 Y83.509 E.09891
G1 X129.491 Y86.451 E.09758
M205 X8 Y8
G1 X129.898 Y86.898 F7200
M205 X10 Y10
G1 F2700
G1 X126.102 Y86.898 E.12591
G1 X126.102 Y83.102 E.12591
G1 X129.898 Y83.102 E.12591
G1 X129.898 Y86.858 E.12459
M205 X8 Y8
M73 P90 R7
G1 X130.29 Y87.29 F7200
M205 X10 Y10
;TYPE:Outer wall
;WIDTH:0.419999
G1 F2400
G1 X125.71 Y87.29 E.14073
G1 X125.71 Y82.71 E.14073
G1 X130.29 Y82.71 E.14073
G1 X130.29 Y87.25 E.1395
G1 E-4.5 F2700
;WIPE_START
G1 F2400
G1 X128.29 Y87.267 E-.475
;WIPE_END
G1 E-.025 F2700
M205 X8 Y8
G1 X127.763 Y85.237 Z4.6 F7200
G1 Z4.2
G1 E5 F2400
M205 X10 Y10
;TYPE:Internal solid infill
;WIDTH:0.516066
G1 F3600
G1 X128.237 Y85.237 E.01824
G1 X128.237 Y84.763 E.01824
G1 X127.763 Y84.763 E.01824
G1 X127.763 Y85.197 E.0167
M205 X8 Y8
G1 X127.323 Y85.677 F7200
M205 X10 Y10
;WIDTH:0.449999
G1 F3600
G1 X128.677 Y85.677 E.04489
G1 X128.677 Y84.323 E.04489
G1 X127.323 Y84.323 E.04489
G1 X127.323 Y85.637 E.04357
M205 X8 Y8
G1 X126.916 Y86.084 F7200
M205 X10 Y10
G1 F3600
G1 X129.084 Y86.084 E.0719
G1 X129.084 Y83.916 E.0719
G1 X126.916 Y83.916 E.0719
G1 X126.916 Y86.044 E.07057
G1 E-4.5 F2700
;WIPE_START
G1 F3600
G1 X126.916 Y84.044 E-.475
;WIPE_END
G1 E-.025 F2700
M205 X8 Y8
G1 X134.514 Y84.77 Z4.6 F7200
G1 X152.509 Y86.491 Z4.6
G1 Z4.2
G1 E5 F2400
M205 X10 Y10
;TYPE:Inner wall
G1 F2700
G1 X152.509 Y83.509 E.09891
G1 X155.491 Y83.509 E.09891
G1 X155.491 Y86.491 E.09891
G1 X152.549 Y86.491 E.09758
M205 X8 Y8
G1 X152.102 Y86.898 F7200
M205 X10 Y10
G1 F2700
G1 X152.102 Y83.102 E.12591
G1 X155.898 Y83.102 E.12591
G1 X155.898 Y86.898 E.12591
G1 X152.142 Y86.898 E.12459
M205 X8 Y8
G1 X151.71 Y87.29 F7200
M205 X10 Y10
;TYPE:Outer wall
;WIDTH:0.419999
G1 F2400
G1 X151.71 Y82.71 E.14073
G1 X156.29 Y82.71 E.14073
G1 X156.29 Y87.29 E.14073
M73 P90 R6
G1 X151.75 Y87.29 E.1395
G1 E-4.5 F2700
;WIPE_START
G1 F2400
G1 X151.733 Y85.29 E-.475
;WIPE_END
G1 E-.025 F2700
M205 X8 Y8
G1 X153.763 Y85.237 Z4.6 F7200
G1 Z4.2
G1 E5 F2400
M205 X10 Y10
;TYPE:Internal solid infill
;WIDTH:0.516066
G1 F3600
G1 X154.237 Y85.237 E.01824
G1 X154.237 Y84.763 E.01824
G1 X153.763 Y84.763 E.01824
G1 X153.763 Y85.197 E.0167
M205 X8 Y8
G1 X153.323 Y85.677 F7200
M205 X10 Y10
;WIDTH:0.449999
G1 F3600
G1 X154.677 Y85.677 E.04489
G1 X154.677 Y84.323 E.04489
G1 X153.323 Y84.323 E.04489
G1 X153.323 Y85.637 E.04357
M205 X8 Y8
G1 X152.916 Y86.084 F7200
M205 X10 Y10
G1 F3600
G1 X155.084 Y86.084 E.0719
G1 X155.084 Y83.916 E.0719
G1 X152.916 Y83.916 E.0719
G1 X152.916 Y86.044 E.07057
G1 E-4.5 F2700
;WIPE_START
G1 F3600
G1 X152.916 Y84.044 E-.475
;WIPE_END
G1 E-.025 F2700
M205 X8 Y8
G1 X152.853 Y91.676 Z4.6 F7200
G1 X152.509 Y133.509 Z4.6
G1 Z4.2
G1 E5 F2400
M205 X10 Y10
;TYPE:Inner wall
G1 F2700
G1 X155.491 Y133.509 E.09891
G1 X155.491 Y136.491 E.09891
G1 X152.509 Y136.491 E.09891
G1 X152.509 Y133.549 E.09758
M205 X8 Y8
G1 X152.102 Y133.102 F7200
M205 X10 Y10
G1 F2700
G1 X155.898 Y133.102 E.12591
G1 X155.898 Y136.898 E.12591
G1 X152.102 Y136.898 E.12591
G1 X152.102 Y133.142 E.12459
M205 X8 Y8
G1 X151.71 Y132.71 F7200
M205 X10 Y10
;TYPE:Outer wall
;WIDTH:0.419999
G1 F2400
G1 X156.29 Y132.71 E.14073
G1 X156.29 Y137.29 E.14073
G1 X151.71 Y137.29 E.14073
G1 X151.71 Y132.75 E.1395
G1 E-4.5 F2700
;WIPE_START
G1 F2400
G1 X153.71 Y132.733 E-.475
;WIPE_END
G1 E-.025 F2700
M205 X8 Y8
G1 X153.763 Y134.763 Z4.6 F7200
G1 Z4.2
G1 E5 F2400
M205 X10 Y10
;TYPE:Internal solid infill
;WIDTH:0.516066
G1 F3600
G1 X153.763 Y135.237 E.01824
G1 X154.237 Y135.237 E.01824
G1 X154.237 Y134.763 E.01824
G1 X153.803 Y134.763 E.0167
M205 X8 Y8
G1 X153.323 Y134.323 F7200
M205 X10 Y10
;WIDTH:0.449999
G1 F3600
G1 X153.323 Y135.677 E.04489
G1 X154.677 Y135.677 E.04489
G1 X154.677 Y134.323 E.04489
G1 X153.363 Y134.323 E.04357
M205 X8 Y8
G1 X152.916 Y133.916 F7200
M205 X10 Y10
G1 F3600
G1 X152.916 Y136.084 E.0719
G1 X155.084 Y136.084 E.0719
G1 X155.084 Y133.916 E.0719
G1 X152.956 Y133.916 E.07057
G1 E-4.5 F2700
;WIPE_START
G1 F3600
G1 X154.956 Y133.916 E-.475
;WIPE_END
G1 E-.025 F2700
M205 X8 Y8
G1 X147.325 Y133.807 Z4.6 F7200
G1 X126.509 Y133.509 Z4.6
G1 Z4.2
G1 E5 F2400
M205 X10 Y10
;TYPE:Inner wall
G1 F2700
G1 X129.491 Y133.509 E.09891
G1 X129.491 Y136.491 E.09891
G1 X126.509 Y136.491 E.09891
G1 X126.509 Y133.549 E.09758
M205 X8 Y8
G1 X126.102 Y133.102 F7200
M205 X10 Y10
G1 F2700
G1 X129.898 Y133.102 E.12591
G1 X129.898 Y136.898 E.12591
G1 X126.102 Y136.898 E.12591
G1 X126.102 Y133.142 E.12459
M205 X8 Y8
G1 X125.71 Y132.71 F7200
M205 X10 Y10
;TYPE:Outer wall
;WIDTH:0.419999
G1 F2400
G1 X130.29 Y132.71 E.14073
G1 X130.29 Y137.29 E.14073
G1 X125.71 Y137.29 E.14073
G1 X125.71 Y132.75 E.1395
G1 E-4.5 F2700
;WIPE_START
G1 F2400
G1 X127.71 Y132.733 E-.475
;WIPE_END
G1 E-.025 F2700
M205 X8 Y8
G1 X127.763 Y134.763 Z4.6 F7200
G1 Z4.2
G1 E5 F2400
M205 X10 Y10
;TYPE:Internal solid infill
;WIDTH:0.516066
G1 F3600
G1 X127.763 Y135.237 E.01824
G1 X128.237 Y135.237 E.01824
G1 X128.237 Y134.763 E.01824
G1 X127.803 Y134.763 E.0167
M205 X8 Y8
G1 X127.323 Y134.323 F7200
M205 X10 Y10
;WIDTH:0.449999
G1 F3600
G1 X127.323 Y135.677 E.04489
G1 X128.677 Y135.677 E.04489
G1 X128.677 Y134.323 E.04489
G1 X127.363 Y134.323 E.04357
M205 X8 Y8
G1 X126.916 Y133.916 F7200
M205 X10 Y10
G1 F3600
G1 X126.916 Y136.084 E.0719
G1 X129.084 Y136.084 E.0719
G1 X129.084 Y133.916 E.0719
G1 X126.956 Y133.916 E.07057
G1 E-4.5 F2700
;WIPE_START
G1 F3600
G1 X128.956 Y133.916 E-.475
;WIPE_END
G1 E-.025 F2700
M205 X8 Y8
G1 X121.341 Y134.422 Z4.6 F7200
G1 X104.991 Y135.509 Z4.6
G1 Z4.2
G1 E5 F2400
M205 X10 Y10
;TYPE:Inner wall
G1 F2700
G1 X104.991 Y138.491 E.09891
G1 X102.009 Y138.491 E.09891
G1 X102.009 Y135.509 E.09891
G1 X104.951 Y135.509 E.09758
M205 X8 Y8
G1 X105.398 Y135.102 F7200
M205 X10 Y10
G1 F2700
G1 X105.398 Y138.898 E.12591
G1 X101.602 Y138.898 E.12591
G1 X101.602 Y135.102 E.12591
G1 X105.358 Y135.102 E.12459
M205 X8 Y8
G1 X105.79 Y134.71 F7200
M205 X10 Y10
;TYPE:Outer wall
;WIDTH:0.419999
G1 F2400
G1 X105.79 Y139.29 E.14073
G1 X101.21 Y139.29 E.14073
G1 X101.21 Y134.71 E.14073
G1 X105.75 Y134.71 E.1395
G1 E-4.5 F2700
;WIPE_START
G1 F2400
G1 X105.767 Y136.71 E-.475
;WIPE_END
G1 E-.025 F2700
M205 X8 Y8
G1 X103.737 Y136.763 Z4.6 F7200
G1 Z4.2
G1 E5 F2400
M205 X10 Y10
;TYPE:Internal solid infill
;WIDTH:0.516066
G1 F3600
G1 X103.263 Y136.763 E.01824
G1 X103.263 Y137.237 E.01824
G1 X103.737 Y137.237 E.01824
G1 X103.737 Y136.803 E.0167
M205 X8 Y8
G1 X104.177 Y136.323 F7200
M205 X10 Y10
;WIDTH:0.449999
G1 F3600
G1 X102.823 Y136.323 E.04489
G1 X102.823 Y137.677 E.04489
G1 X104.177 Y137.677 E.04489
G1 X104.177 Y136.363 E.04357
M205 X8 Y8
G1 X104.584 Y135.916 F7200
M205 X10 Y10
G1 F3600
G1 X102.416 Y135.916 E.0719
G1 X102.416 Y138.084 E.0719
G1 X104.584 Y138.084 E.0719
G1 X104.584 Y135.956 E.07057
G1 E-4.5 F2700
;WIPE_START
G1 F3600
G1 X104.584 Y137.956 E-.475
;WIPE_END
G1 E-.025 F2700
M205 X8 Y8
G1 X96.965 Y137.497 Z4.6 F7200
G1 X63.991 Y135.509 Z4.6
G1 Z4.2
G1 E5 F2400
M205 X10 Y10
;TYPE:Inner wall
G1 F2700
G1 X63.991 Y138.491 E.09891
G1 X61.009 Y138.491 E.09891
G1 X61.009 Y135.509 E.09891
G1 X63.951 Y135.509 E.09758
M205 X8 Y8
G1 X64.398 Y135.102 F7200
M205 X10 Y10
G1 F2700
G1 X64.398 Y138.898 E.12591
G1 X60.602 Y138.898 E.12591
G1 X60.602 Y135.102 E.12591
G1 X64.358 Y135.102 E.12459
M205 X8 Y8
G1 X64.79 Y134.71 F7200
M205 X10 Y10
;TYPE:Outer wall
;WIDTH:0.419999
G1 F2400
G1 X64.79 Y139.29 E.14073
G1 X60.21 Y139.29 E.14073
G1 X60.21 Y134.71 E.14073
G1 X64.75 Y134.71 E.1395
G1 E-4.5 F2700
;WIPE_START
G1 F2400
G1 X64.767 Y136.71 E-.475
;WIPE_END
G1 E-.025 F2700
M205 X8 Y8
G1 X62.737 Y136.763 Z4.6 F7200
G1 Z4.2
G1 E5 F2400
M205 X10 Y10
;TYPE:Internal solid infill
;WIDTH:0.516066
G1 F3600
G1 X62.263 Y136.763 E.01824
G1 X62.263 Y137.237 E.01824
G1 X62.737 Y137.237 E.01824
G1 X62.737 Y136.803 E.0167
M205 X8 Y8
G1 X63.177 Y136.323 F7200
M205 X10 Y10
;WIDTH:0.449999
G1 F3600
G1 X61.823 Y136.323 E.04489
G1 X61.823 Y137.677 E.04489
G1 X63.177 Y137.677 E.04489
G1 X63.177 Y136.363 E.04357
M205 X8 Y8
G1 X63.584 Y135.916 F7200
M205 X10 Y10
G1 F3600
G1 X61.416 Y135.916 E.0719
G1 X61.416 Y138.084 E.0719
G1 X63.584 Y138.084 E.0719
G1 X63.584 Y135.956 E.07057
; stop printing object 06_sliding_electronics_carrier_ESP32_PH.stl id:0 copy 0
;TIME_ELAPSED:3845.085205

;LAYER_CHANGE
;:4.4
;HEIGHT:0.2
;BEFORE_LAYER_CHANGE
;4.4
G92 E0

G1 E-4.5 F2700
;WIPE_START
G1 F3600
G1 X63.584 Y137.956 E-.475
;WIPE_END
G1 E-.025 F2700
;_SET_FAN_SPEED_CHANGING_LAYER
; OBJECT_ID: 15
; printing object 06_sliding_electronics_carrier_ESP32_PH.stl id:0 copy 0
M205 X8 Y8
G17
G3 Z4.6 I1.217 J.009 P1  F7200
G1 X63.991 Y84.491 Z4.6
G1 Z4.4
G1 E5 F2400
M205 X10 Y10
;TYPE:Inner wall
G1 F2700
G1 X61.009 Y84.491 E.09891
G1 X61.009 Y81.509 E.09891
G1 X63.991 Y81.509 E.09891
G1 X63.991 Y84.451 E.09758
M205 X8 Y8
G1 X64.398 Y84.898 F7200
M205 X10 Y10
G1 F2700
G1 X60.602 Y84.898 E.12591
G1 X60.602 Y81.102 E.12591
G1 X64.398 Y81.102 E.12591
G1 X64.398 Y84.858 E.12459
M205 X8 Y8
G1 X64.79 Y85.29 F7200
M205 X10 Y10
;TYPE:Outer wall
;WIDTH:0.419999
G1 F2400
G1 X60.21 Y85.29 E.14073
G1 X60.21 Y80.71 E.14073
G1 X64.79 Y80.71 E.14073
G1 X64.79 Y85.25 E.1395
G1 E-4.5 F2700
;WIPE_START
G1 F2400
G1 X62.79 Y85.267 E-.475
;WIPE_END
G1 E-.025 F2700
M205 X8 Y8
G1 X62.737 Y83.237 Z4.8 F7200
G1 Z4.4
G1 E5 F2400
M205 X10 Y10
;TYPE:Internal solid infill
;WIDTH:0.516066
G1 F3600
G1 X62.737 Y82.763 E.01824
G1 X62.263 Y82.763 E.01824
G1 X62.263 Y83.237 E.01824
G1 X62.697 Y83.237 E.0167
M205 X8 Y8
G1 X63.177 Y83.677 F7200
M205 X10 Y10
;WIDTH:0.449999
G1 F3600
G1 X63.177 Y82.323 E.04489
G1 X61.823 Y82.323 E.04489
G1 X61.823 Y83.677 E.04489
G1 X63.137 Y83.677 E.04357
M205 X8 Y8
G1 X63.584 Y84.084 F7200
M205 X10 Y10
G1 F3600
G1 X63.584 Y81.916 E.0719
G1 X61.416 Y81.916 E.0719
G1 X61.416 Y84.084 E.0719
G1 X63.544 Y84.084 E.07057
G1 E-4.5 F2700
;WIPE_START
G1 F3600
G1 X61.544 Y84.084 E-.475
;WIPE_END
G1 E-.025 F2700
M205 X8 Y8
G1 X69.176 Y84.155 Z4.8 F7200
G1 X104.991 Y84.491 Z4.8
G1 Z4.4
G1 E5 F2400
M205 X10 Y10
;TYPE:Inner wall
G1 F2700
G1 X102.009 Y84.491 E.09891
G1 X102.009 Y81.509 E.09891
G1 X104.991 Y81.509 E.09891
G1 X104.991 Y84.451 E.09758
M205 X8 Y8
G1 X105.398 Y84.898 F7200
M205 X10 Y10
G1 F2700
G1 X101.602 Y84.898 E.12591
G1 X101.602 Y81.102 E.12591
G1 X105.398 Y81.102 E.12591
G1 X105.398 Y84.858 E.12459
M205 X8 Y8
G1 X105.79 Y85.29 F7200
M205 X10 Y10
;TYPE:Outer wall
;WIDTH:0.419999
G1 F2400
G1 X101.21 Y85.29 E.14073
G1 X101.21 Y80.71 E.14073
G1 X105.79 Y80.71 E.14073
G1 X105.79 Y85.25 E.1395
G1 E-4.5 F2700
;WIPE_START
G1 F2400
G1 X103.79 Y85.267 E-.475
;WIPE_END
G1 E-.025 F2700
M205 X8 Y8
G1 X103.737 Y83.237 Z4.8 F7200
G1 Z4.4
G1 E5 F2400
M205 X10 Y10
;TYPE:Internal solid infill
;WIDTH:0.516066
G1 F3600
G1 X103.737 Y82.763 E.01824
G1 X103.263 Y82.763 E.01824
G1 X103.263 Y83.237 E.01824
G1 X103.697 Y83.237 E.0167
M205 X8 Y8
G1 X104.177 Y83.677 F7200
M205 X10 Y10
;WIDTH:0.449999
G1 F3600
G1 X104.177 Y82.323 E.04489
G1 X102.823 Y82.323 E.04489
G1 X102.823 Y83.677 E.04489
G1 X104.137 Y83.677 E.04357
M205 X8 Y8
G1 X104.584 Y84.084 F7200
M205 X10 Y10
G1 F3600
G1 X104.584 Y81.916 E.0719
G1 X102.416 Y81.916 E.0719
G1 X102.416 Y84.084 E.0719
G1 X104.544 Y84.084 E.07057
G1 E-4.5 F2700
;WIPE_START
G1 F3600
G1 X102.544 Y84.084 E-.475
;WIPE_END
G1 E-.025 F2700
M205 X8 Y8
G1 X110.146 Y84.763 Z4.8 F7200
G1 X129.491 Y86.491 Z4.8
G1 Z4.4
G1 E5 F2400
M205 X10 Y10
;TYPE:Inner wall
G1 F2700
G1 X126.509 Y86.491 E.09891
G1 X126.509 Y83.509 E.09891
G1 X129.491 Y83.509 E.09891
G1 X129.491 Y86.451 E.09758
M205 X8 Y8
G1 X129.898 Y86.898 F7200
M205 X10 Y10
G1 F2700
G1 X126.102 Y86.898 E.12591
G1 X126.102 Y83.102 E.12591
G1 X129.898 Y83.102 E.12591
G1 X129.898 Y86.858 E.12459
M205 X8 Y8
G1 X130.29 Y87.29 F7200
M205 X10 Y10
;TYPE:Outer wall
;WIDTH:0.419999
G1 F2400
G1 X125.71 Y87.29 E.14073
G1 X125.71 Y82.71 E.14073
G1 X130.29 Y82.71 E.14073
G1 X130.29 Y87.25 E.1395
G1 E-4.5 F2700
;WIPE_START
G1 F2400
G1 X128.29 Y87.267 E-.475
;WIPE_END
G1 E-.025 F2700
M205 X8 Y8
G1 X127.763 Y85.237 Z4.8 F7200
G1 Z4.4
G1 E5 F2400
M205 X10 Y10
;TYPE:Internal solid infill
;WIDTH:0.516066
G1 F3600
G1 X128.237 Y85.237 E.01824
G1 X128.237 Y84.763 E.01824
G1 X127.763 Y84.763 E.01824
G1 X127.763 Y85.197 E.0167
M205 X8 Y8
G1 X127.323 Y85.677 F7200
M205 X10 Y10
;WIDTH:0.449999
G1 F3600
G1 X128.677 Y85.677 E.04489
G1 X128.677 Y84.323 E.04489
G1 X127.323 Y84.323 E.04489
G1 X127.323 Y85.637 E.04357
M205 X8 Y8
G1 X126.916 Y86.084 F7200
M205 X10 Y10
G1 F3600
G1 X129.084 Y86.084 E.0719
G1 X129.084 Y83.916 E.0719
G1 X126.916 Y83.916 E.0719
G1 X126.916 Y86.044 E.07057
G1 E-4.5 F2700
;WIPE_START
G1 F3600
G1 X126.916 Y84.044 E-.475
;WIPE_END
G1 E-.025 F2700
M205 X8 Y8
G1 X134.514 Y84.77 Z4.8 F7200
G1 X152.509 Y86.491 Z4.8
G1 Z4.4
G1 E5 F2400
M205 X10 Y10
;TYPE:Inner wall
G1 F2700
G1 X152.509 Y83.509 E.09891
G1 X155.491 Y83.509 E.09891
G1 X155.491 Y86.491 E.09891
G1 X152.549 Y86.491 E.09758
M205 X8 Y8
G1 X152.102 Y86.898 F7200
M205 X10 Y10
G1 F2700
G1 X152.102 Y83.102 E.12591
G1 X155.898 Y83.102 E.12591
G1 X155.898 Y86.898 E.12591
G1 X152.142 Y86.898 E.12459
M205 X8 Y8
G1 X151.71 Y87.29 F7200
M205 X10 Y10
;TYPE:Outer wall
;WIDTH:0.419999
G1 F2400
G1 X151.71 Y82.71 E.14073
G1 X156.29 Y82.71 E.14073
G1 X156.29 Y87.29 E.14073
G1 X151.75 Y87.29 E.1395
G1 E-4.5 F2700
;WIPE_START
G1 F2400
G1 X151.733 Y85.29 E-.475
;WIPE_END
G1 E-.025 F2700
M205 X8 Y8
G1 X153.763 Y85.237 Z4.8 F7200
G1 Z4.4
G1 E5 F2400
M205 X10 Y10
;TYPE:Internal solid infill
;WIDTH:0.516066
G1 F3600
G1 X154.237 Y85.237 E.01824
G1 X154.237 Y84.763 E.01824
G1 X153.763 Y84.763 E.01824
G1 X153.763 Y85.197 E.0167
M205 X8 Y8
M73 P91 R6
G1 X153.323 Y85.677 F7200
M205 X10 Y10
;WIDTH:0.449999
G1 F3600
G1 X154.677 Y85.677 E.04489
G1 X154.677 Y84.323 E.04489
G1 X153.323 Y84.323 E.04489
G1 X153.323 Y85.637 E.04357
M205 X8 Y8
G1 X152.916 Y86.084 F7200
M205 X10 Y10
G1 F3600
G1 X155.084 Y86.084 E.0719
G1 X155.084 Y83.916 E.0719
G1 X152.916 Y83.916 E.0719
G1 X152.916 Y86.044 E.07057
G1 E-4.5 F2700
;WIPE_START
G1 F3600
G1 X152.916 Y84.044 E-.475
;WIPE_END
G1 E-.025 F2700
M205 X8 Y8
G1 X152.853 Y91.676 Z4.8 F7200
G1 X152.509 Y133.509 Z4.8
G1 Z4.4
G1 E5 F2400
M205 X10 Y10
;TYPE:Inner wall
G1 F2700
G1 X155.491 Y133.509 E.09891
G1 X155.491 Y136.491 E.09891
G1 X152.509 Y136.491 E.09891
G1 X152.509 Y133.549 E.09758
M205 X8 Y8
G1 X152.102 Y133.102 F7200
M205 X10 Y10
G1 F2700
G1 X155.898 Y133.102 E.12591
G1 X155.898 Y136.898 E.12591
G1 X152.102 Y136.898 E.12591
G1 X152.102 Y133.142 E.12459
M205 X8 Y8
G1 X151.71 Y132.71 F7200
M205 X10 Y10
;TYPE:Outer wall
;WIDTH:0.419999
G1 F2400
G1 X156.29 Y132.71 E.14073
G1 X156.29 Y137.29 E.14073
G1 X151.71 Y137.29 E.14073
G1 X151.71 Y132.75 E.1395
G1 E-4.5 F2700
;WIPE_START
G1 F2400
G1 X153.71 Y132.733 E-.475
;WIPE_END
G1 E-.025 F2700
M205 X8 Y8
G1 X153.763 Y134.763 Z4.8 F7200
G1 Z4.4
G1 E5 F2400
M205 X10 Y10
;TYPE:Internal solid infill
;WIDTH:0.516066
G1 F3600
G1 X153.763 Y135.237 E.01824
G1 X154.237 Y135.237 E.01824
G1 X154.237 Y134.763 E.01824
G1 X153.803 Y134.763 E.0167
M205 X8 Y8
G1 X153.323 Y134.323 F7200
M205 X10 Y10
;WIDTH:0.449999
G1 F3600
G1 X153.323 Y135.677 E.04489
G1 X154.677 Y135.677 E.04489
G1 X154.677 Y134.323 E.04489
G1 X153.363 Y134.323 E.04357
M205 X8 Y8
G1 X152.916 Y133.916 F7200
M205 X10 Y10
G1 F3600
G1 X152.916 Y136.084 E.0719
G1 X155.084 Y136.084 E.0719
G1 X155.084 Y133.916 E.0719
G1 X152.956 Y133.916 E.07057
G1 E-4.5 F2700
;WIPE_START
G1 F3600
G1 X154.956 Y133.916 E-.475
;WIPE_END
G1 E-.025 F2700
M205 X8 Y8
G1 X147.325 Y133.807 Z4.8 F7200
G1 X126.509 Y133.509 Z4.8
G1 Z4.4
G1 E5 F2400
M205 X10 Y10
;TYPE:Inner wall
G1 F2700
G1 X129.491 Y133.509 E.09891
G1 X129.491 Y136.491 E.09891
G1 X126.509 Y136.491 E.09891
G1 X126.509 Y133.549 E.09758
M205 X8 Y8
G1 X126.102 Y133.102 F7200
M205 X10 Y10
G1 F2700
G1 X129.898 Y133.102 E.12591
G1 X129.898 Y136.898 E.12591
G1 X126.102 Y136.898 E.12591
G1 X126.102 Y133.142 E.12459
M205 X8 Y8
G1 X125.71 Y132.71 F7200
M205 X10 Y10
;TYPE:Outer wall
;WIDTH:0.419999
G1 F2400
G1 X130.29 Y132.71 E.14073
G1 X130.29 Y137.29 E.14073
G1 X125.71 Y137.29 E.14073
G1 X125.71 Y132.75 E.1395
G1 E-4.5 F2700
;WIPE_START
G1 F2400
G1 X127.71 Y132.733 E-.475
;WIPE_END
G1 E-.025 F2700
M205 X8 Y8
G1 X127.763 Y134.763 Z4.8 F7200
G1 Z4.4
G1 E5 F2400
M205 X10 Y10
;TYPE:Internal solid infill
;WIDTH:0.516066
G1 F3600
G1 X127.763 Y135.237 E.01824
G1 X128.237 Y135.237 E.01824
G1 X128.237 Y134.763 E.01824
G1 X127.803 Y134.763 E.0167
M205 X8 Y8
G1 X127.323 Y134.323 F7200
M205 X10 Y10
;WIDTH:0.449999
G1 F3600
G1 X127.323 Y135.677 E.04489
G1 X128.677 Y135.677 E.04489
G1 X128.677 Y134.323 E.04489
G1 X127.363 Y134.323 E.04357
M205 X8 Y8
G1 X126.916 Y133.916 F7200
M205 X10 Y10
G1 F3600
G1 X126.916 Y136.084 E.0719
G1 X129.084 Y136.084 E.0719
G1 X129.084 Y133.916 E.0719
G1 X126.956 Y133.916 E.07057
G1 E-4.5 F2700
;WIPE_START
G1 F3600
G1 X128.956 Y133.916 E-.475
;WIPE_END
G1 E-.025 F2700
M205 X8 Y8
G1 X121.341 Y134.422 Z4.8 F7200
G1 X104.991 Y135.509 Z4.8
G1 Z4.4
G1 E5 F2400
M205 X10 Y10
;TYPE:Inner wall
G1 F2700
G1 X104.991 Y138.491 E.09891
G1 X102.009 Y138.491 E.09891
G1 X102.009 Y135.509 E.09891
G1 X104.951 Y135.509 E.09758
M205 X8 Y8
G1 X105.398 Y135.102 F7200
M205 X10 Y10
G1 F2700
G1 X105.398 Y138.898 E.12591
G1 X101.602 Y138.898 E.12591
G1 X101.602 Y135.102 E.12591
G1 X105.358 Y135.102 E.12459
M205 X8 Y8
G1 X105.79 Y134.71 F7200
M205 X10 Y10
;TYPE:Outer wall
;WIDTH:0.419999
G1 F2400
G1 X105.79 Y139.29 E.14073
G1 X101.21 Y139.29 E.14073
G1 X101.21 Y134.71 E.14073
G1 X105.75 Y134.71 E.1395
G1 E-4.5 F2700
;WIPE_START
G1 F2400
G1 X105.767 Y136.71 E-.475
;WIPE_END
G1 E-.025 F2700
M205 X8 Y8
G1 X103.737 Y136.763 Z4.8 F7200
G1 Z4.4
G1 E5 F2400
M205 X10 Y10
;TYPE:Internal solid infill
;WIDTH:0.516066
G1 F3600
G1 X103.263 Y136.763 E.01824
G1 X103.263 Y137.237 E.01824
G1 X103.737 Y137.237 E.01824
G1 X103.737 Y136.803 E.0167
M205 X8 Y8
G1 X104.177 Y136.323 F7200
M205 X10 Y10
;WIDTH:0.449999
G1 F3600
G1 X102.823 Y136.323 E.04489
G1 X102.823 Y137.677 E.04489
G1 X104.177 Y137.677 E.04489
G1 X104.177 Y136.363 E.04357
M205 X8 Y8
G1 X104.584 Y135.916 F7200
M205 X10 Y10
G1 F3600
G1 X102.416 Y135.916 E.0719
G1 X102.416 Y138.084 E.0719
G1 X104.584 Y138.084 E.0719
G1 X104.584 Y135.956 E.07057
G1 E-4.5 F2700
;WIPE_START
G1 F3600
G1 X104.584 Y137.956 E-.475
;WIPE_END
G1 E-.025 F2700
M205 X8 Y8
G1 X96.965 Y137.497 Z4.8 F7200
G1 X63.991 Y135.509 Z4.8
G1 Z4.4
G1 E5 F2400
M205 X10 Y10
;TYPE:Inner wall
G1 F2700
G1 X63.991 Y138.491 E.09891
G1 X61.009 Y138.491 E.09891
G1 X61.009 Y135.509 E.09891
G1 X63.951 Y135.509 E.09758
M205 X8 Y8
G1 X64.398 Y135.102 F7200
M205 X10 Y10
G1 F2700
G1 X64.398 Y138.898 E.12591
G1 X60.602 Y138.898 E.12591
G1 X60.602 Y135.102 E.12591
G1 X64.358 Y135.102 E.12459
M205 X8 Y8
G1 X64.79 Y134.71 F7200
M205 X10 Y10
;TYPE:Outer wall
;WIDTH:0.419999
G1 F2400
G1 X64.79 Y139.29 E.14073
G1 X60.21 Y139.29 E.14073
G1 X60.21 Y134.71 E.14073
G1 X64.75 Y134.71 E.1395
G1 E-4.5 F2700
;WIPE_START
G1 F2400
G1 X64.767 Y136.71 E-.475
;WIPE_END
G1 E-.025 F2700
M205 X8 Y8
G1 X62.737 Y136.763 Z4.8 F7200
G1 Z4.4
G1 E5 F2400
M205 X10 Y10
;TYPE:Internal solid infill
;WIDTH:0.516066
G1 F3600
G1 X62.263 Y136.763 E.01824
G1 X62.263 Y137.237 E.01824
G1 X62.737 Y137.237 E.01824
G1 X62.737 Y136.803 E.0167
M205 X8 Y8
G1 X63.177 Y136.323 F7200
M205 X10 Y10
;WIDTH:0.449999
G1 F3600
G1 X61.823 Y136.323 E.04489
G1 X61.823 Y137.677 E.04489
G1 X63.177 Y137.677 E.04489
G1 X63.177 Y136.363 E.04357
M205 X8 Y8
G1 X63.584 Y135.916 F7200
M205 X10 Y10
G1 F3600
G1 X61.416 Y135.916 E.0719
G1 X61.416 Y138.084 E.0719
G1 X63.584 Y138.084 E.0719
G1 X63.584 Y135.956 E.07057
; stop printing object 06_sliding_electronics_carrier_ESP32_PH.stl id:0 copy 0
;TIME_ELAPSED:3881.471436

;LAYER_CHANGE
;:4.6
;HEIGHT:0.2
;BEFORE_LAYER_CHANGE
;4.6
G92 E0

G1 E-4.5 F2700
;WIPE_START
G1 F3600
G1 X63.584 Y137.956 E-.475
;WIPE_END
G1 E-.025 F2700
;_SET_FAN_SPEED_CHANGING_LAYER
; OBJECT_ID: 15
; printing object 06_sliding_electronics_carrier_ESP32_PH.stl id:0 copy 0
M205 X8 Y8
G17
G3 Z4.8 I1.217 J.009 P1  F7200
G1 X63.991 Y84.491 Z4.8
G1 Z4.6
G1 E5 F2400
M205 X10 Y10
;TYPE:Inner wall
G1 F2700
G1 X61.009 Y84.491 E.09891
G1 X61.009 Y81.509 E.09891
G1 X63.991 Y81.509 E.09891
G1 X63.991 Y84.451 E.09758
M205 X8 Y8
G1 X64.398 Y84.898 F7200
M205 X10 Y10
G1 F2700
G1 X60.602 Y84.898 E.12591
G1 X60.602 Y81.102 E.12591
G1 X64.398 Y81.102 E.12591
G1 X64.398 Y84.858 E.12459
M205 X8 Y8
G1 X64.79 Y85.29 F7200
M205 X10 Y10
;TYPE:Outer wall
;WIDTH:0.419999
G1 F2400
G1 X60.21 Y85.29 E.14073
G1 X60.21 Y80.71 E.14073
G1 X64.79 Y80.71 E.14073
G1 X64.79 Y85.25 E.1395
G1 E-4.5 F2700
;WIPE_START
G1 F2400
G1 X62.79 Y85.267 E-.475
;WIPE_END
G1 E-.025 F2700
M205 X8 Y8
G1 X62.737 Y83.237 Z5 F7200
G1 Z4.6
M73 P91 R5
G1 E5 F2400
M205 X10 Y10
;TYPE:Internal solid infill
;WIDTH:0.516066
G1 F3600
G1 X62.737 Y82.763 E.01824
G1 X62.263 Y82.763 E.01824
G1 X62.263 Y83.237 E.01824
G1 X62.697 Y83.237 E.0167
M205 X8 Y8
G1 X63.177 Y83.677 F7200
M205 X10 Y10
;WIDTH:0.449999
G1 F3600
G1 X63.177 Y82.323 E.04489
G1 X61.823 Y82.323 E.04489
G1 X61.823 Y83.677 E.04489
G1 X63.137 Y83.677 E.04357
M205 X8 Y8
G1 X63.584 Y84.084 F7200
M205 X10 Y10
G1 F3600
G1 X63.584 Y81.916 E.0719
G1 X61.416 Y81.916 E.0719
G1 X61.416 Y84.084 E.0719
G1 X63.544 Y84.084 E.07057
G1 E-4.5 F2700
;WIPE_START
G1 F3600
G1 X61.544 Y84.084 E-.475
;WIPE_END
G1 E-.025 F2700
M205 X8 Y8
G1 X69.176 Y84.155 Z5 F7200
G1 X104.991 Y84.491 Z5
G1 Z4.6
G1 E5 F2400
M205 X10 Y10
;TYPE:Inner wall
G1 F2700
G1 X102.009 Y84.491 E.09891
G1 X102.009 Y81.509 E.09891
G1 X104.991 Y81.509 E.09891
G1 X104.991 Y84.451 E.09758
M205 X8 Y8
G1 X105.398 Y84.898 F7200
M205 X10 Y10
G1 F2700
G1 X101.602 Y84.898 E.12591
G1 X101.602 Y81.102 E.12591
G1 X105.398 Y81.102 E.12591
G1 X105.398 Y84.858 E.12459
M205 X8 Y8
G1 X105.79 Y85.29 F7200
M205 X10 Y10
;TYPE:Outer wall
;WIDTH:0.419999
G1 F2400
G1 X101.21 Y85.29 E.14073
G1 X101.21 Y80.71 E.14073
G1 X105.79 Y80.71 E.14073
G1 X105.79 Y85.25 E.1395
G1 E-4.5 F2700
;WIPE_START
G1 F2400
G1 X103.79 Y85.267 E-.475
;WIPE_END
G1 E-.025 F2700
M205 X8 Y8
G1 X103.737 Y83.237 Z5 F7200
G1 Z4.6
G1 E5 F2400
M205 X10 Y10
;TYPE:Internal solid infill
;WIDTH:0.516066
G1 F3600
G1 X103.737 Y82.763 E.01824
G1 X103.263 Y82.763 E.01824
G1 X103.263 Y83.237 E.01824
G1 X103.697 Y83.237 E.0167
M205 X8 Y8
G1 X104.177 Y83.677 F7200
M205 X10 Y10
;WIDTH:0.449999
G1 F3600
G1 X104.177 Y82.323 E.04489
G1 X102.823 Y82.323 E.04489
G1 X102.823 Y83.677 E.04489
G1 X104.137 Y83.677 E.04357
M205 X8 Y8
G1 X104.584 Y84.084 F7200
M205 X10 Y10
G1 F3600
G1 X104.584 Y81.916 E.0719
G1 X102.416 Y81.916 E.0719
G1 X102.416 Y84.084 E.0719
G1 X104.544 Y84.084 E.07057
G1 E-4.5 F2700
;WIPE_START
G1 F3600
G1 X102.544 Y84.084 E-.475
;WIPE_END
G1 E-.025 F2700
M205 X8 Y8
G1 X110.146 Y84.763 Z5 F7200
G1 X129.491 Y86.491 Z5
G1 Z4.6
G1 E5 F2400
M205 X10 Y10
;TYPE:Inner wall
G1 F2700
G1 X126.509 Y86.491 E.09891
G1 X126.509 Y83.509 E.09891
G1 X129.491 Y83.509 E.09891
G1 X129.491 Y86.451 E.09758
M205 X8 Y8
G1 X129.898 Y86.898 F7200
M205 X10 Y10
G1 F2700
G1 X126.102 Y86.898 E.12591
G1 X126.102 Y83.102 E.12591
G1 X129.898 Y83.102 E.12591
G1 X129.898 Y86.858 E.12459
M205 X8 Y8
G1 X130.29 Y87.29 F7200
M205 X10 Y10
;TYPE:Outer wall
;WIDTH:0.419999
G1 F2400
G1 X125.71 Y87.29 E.14073
G1 X125.71 Y82.71 E.14073
G1 X130.29 Y82.71 E.14073
G1 X130.29 Y87.25 E.1395
G1 E-4.5 F2700
;WIPE_START
G1 F2400
G1 X128.29 Y87.267 E-.475
;WIPE_END
G1 E-.025 F2700
M205 X8 Y8
G1 X127.763 Y85.237 Z5 F7200
G1 Z4.6
G1 E5 F2400
M205 X10 Y10
;TYPE:Internal solid infill
;WIDTH:0.516066
G1 F3600
G1 X128.237 Y85.237 E.01824
G1 X128.237 Y84.763 E.01824
G1 X127.763 Y84.763 E.01824
G1 X127.763 Y85.197 E.0167
M205 X8 Y8
G1 X127.323 Y85.677 F7200
M205 X10 Y10
;WIDTH:0.449999
G1 F3600
G1 X128.677 Y85.677 E.04489
G1 X128.677 Y84.323 E.04489
G1 X127.323 Y84.323 E.04489
G1 X127.323 Y85.637 E.04357
M205 X8 Y8
G1 X126.916 Y86.084 F7200
M205 X10 Y10
G1 F3600
G1 X129.084 Y86.084 E.0719
G1 X129.084 Y83.916 E.0719
G1 X126.916 Y83.916 E.0719
G1 X126.916 Y86.044 E.07057
G1 E-4.5 F2700
;WIPE_START
G1 F3600
G1 X126.916 Y84.044 E-.475
;WIPE_END
G1 E-.025 F2700
M205 X8 Y8
G1 X134.514 Y84.77 Z5 F7200
G1 X152.509 Y86.491 Z5
G1 Z4.6
G1 E5 F2400
M205 X10 Y10
;TYPE:Inner wall
G1 F2700
G1 X152.509 Y83.509 E.09891
G1 X155.491 Y83.509 E.09891
G1 X155.491 Y86.491 E.09891
G1 X152.549 Y86.491 E.09758
M205 X8 Y8
G1 X152.102 Y86.898 F7200
M205 X10 Y10
G1 F2700
G1 X152.102 Y83.102 E.12591
G1 X155.898 Y83.102 E.12591
G1 X155.898 Y86.898 E.12591
G1 X152.142 Y86.898 E.12459
M205 X8 Y8
G1 X151.71 Y87.29 F7200
M205 X10 Y10
;TYPE:Outer wall
;WIDTH:0.419999
G1 F2400
G1 X151.71 Y82.71 E.14073
G1 X156.29 Y82.71 E.14073
G1 X156.29 Y87.29 E.14073
G1 X151.75 Y87.29 E.1395
G1 E-4.5 F2700
;WIPE_START
G1 F2400
G1 X151.733 Y85.29 E-.475
;WIPE_END
G1 E-.025 F2700
M205 X8 Y8
G1 X153.763 Y85.237 Z5 F7200
G1 Z4.6
G1 E5 F2400
M205 X10 Y10
;TYPE:Internal solid infill
;WIDTH:0.516066
G1 F3600
G1 X154.237 Y85.237 E.01824
G1 X154.237 Y84.763 E.01824
G1 X153.763 Y84.763 E.01824
G1 X153.763 Y85.197 E.0167
M205 X8 Y8
G1 X153.323 Y85.677 F7200
M205 X10 Y10
;WIDTH:0.449999
G1 F3600
G1 X154.677 Y85.677 E.04489
G1 X154.677 Y84.323 E.04489
G1 X153.323 Y84.323 E.04489
G1 X153.323 Y85.637 E.04357
M205 X8 Y8
G1 X152.916 Y86.084 F7200
M205 X10 Y10
G1 F3600
G1 X155.084 Y86.084 E.0719
G1 X155.084 Y83.916 E.0719
G1 X152.916 Y83.916 E.0719
G1 X152.916 Y86.044 E.07057
G1 E-4.5 F2700
;WIPE_START
G1 F3600
G1 X152.916 Y84.044 E-.475
;WIPE_END
G1 E-.025 F2700
M205 X8 Y8
G1 X152.853 Y91.676 Z5 F7200
G1 X152.509 Y133.509 Z5
G1 Z4.6
G1 E5 F2400
M205 X10 Y10
;TYPE:Inner wall
G1 F2700
G1 X155.491 Y133.509 E.09891
G1 X155.491 Y136.491 E.09891
G1 X152.509 Y136.491 E.09891
G1 X152.509 Y133.549 E.09758
M205 X8 Y8
G1 X152.102 Y133.102 F7200
M205 X10 Y10
G1 F2700
G1 X155.898 Y133.102 E.12591
G1 X155.898 Y136.898 E.12591
G1 X152.102 Y136.898 E.12591
G1 X152.102 Y133.142 E.12459
M205 X8 Y8
G1 X151.71 Y132.71 F7200
M205 X10 Y10
;TYPE:Outer wall
;WIDTH:0.419999
G1 F2400
G1 X156.29 Y132.71 E.14073
G1 X156.29 Y137.29 E.14073
G1 X151.71 Y137.29 E.14073
G1 X151.71 Y132.75 E.1395
G1 E-4.5 F2700
;WIPE_START
G1 F2400
G1 X153.71 Y132.733 E-.475
;WIPE_END
G1 E-.025 F2700
M205 X8 Y8
G1 X153.763 Y134.763 Z5 F7200
G1 Z4.6
G1 E5 F2400
M205 X10 Y10
;TYPE:Internal solid infill
;WIDTH:0.516066
G1 F3600
G1 X153.763 Y135.237 E.01824
G1 X154.237 Y135.237 E.01824
G1 X154.237 Y134.763 E.01824
G1 X153.803 Y134.763 E.0167
M205 X8 Y8
G1 X153.323 Y134.323 F7200
M205 X10 Y10
;WIDTH:0.449999
G1 F3600
G1 X153.323 Y135.677 E.04489
G1 X154.677 Y135.677 E.04489
G1 X154.677 Y134.323 E.04489
G1 X153.363 Y134.323 E.04357
M205 X8 Y8
G1 X152.916 Y133.916 F7200
M205 X10 Y10
G1 F3600
G1 X152.916 Y136.084 E.0719
G1 X155.084 Y136.084 E.0719
G1 X155.084 Y133.916 E.0719
G1 X152.956 Y133.916 E.07057
G1 E-4.5 F2700
;WIPE_START
G1 F3600
G1 X154.956 Y133.916 E-.475
;WIPE_END
G1 E-.025 F2700
M205 X8 Y8
G1 X147.325 Y133.807 Z5 F7200
G1 X126.509 Y133.509 Z5
G1 Z4.6
M73 P92 R5
G1 E5 F2400
M205 X10 Y10
;TYPE:Inner wall
G1 F2700
G1 X129.491 Y133.509 E.09891
G1 X129.491 Y136.491 E.09891
G1 X126.509 Y136.491 E.09891
G1 X126.509 Y133.549 E.09758
M205 X8 Y8
G1 X126.102 Y133.102 F7200
M205 X10 Y10
G1 F2700
G1 X129.898 Y133.102 E.12591
G1 X129.898 Y136.898 E.12591
G1 X126.102 Y136.898 E.12591
G1 X126.102 Y133.142 E.12459
M205 X8 Y8
G1 X125.71 Y132.71 F7200
M205 X10 Y10
;TYPE:Outer wall
;WIDTH:0.419999
G1 F2400
G1 X130.29 Y132.71 E.14073
G1 X130.29 Y137.29 E.14073
G1 X125.71 Y137.29 E.14073
G1 X125.71 Y132.75 E.1395
G1 E-4.5 F2700
;WIPE_START
G1 F2400
G1 X127.71 Y132.733 E-.475
;WIPE_END
G1 E-.025 F2700
M205 X8 Y8
G1 X127.763 Y134.763 Z5 F7200
G1 Z4.6
G1 E5 F2400
M205 X10 Y10
;TYPE:Internal solid infill
;WIDTH:0.516066
G1 F3600
G1 X127.763 Y135.237 E.01824
G1 X128.237 Y135.237 E.01824
G1 X128.237 Y134.763 E.01824
G1 X127.803 Y134.763 E.0167
M205 X8 Y8
G1 X127.323 Y134.323 F7200
M205 X10 Y10
;WIDTH:0.449999
G1 F3600
G1 X127.323 Y135.677 E.04489
G1 X128.677 Y135.677 E.04489
G1 X128.677 Y134.323 E.04489
G1 X127.363 Y134.323 E.04357
M205 X8 Y8
G1 X126.916 Y133.916 F7200
M205 X10 Y10
G1 F3600
G1 X126.916 Y136.084 E.0719
G1 X129.084 Y136.084 E.0719
G1 X129.084 Y133.916 E.0719
G1 X126.956 Y133.916 E.07057
G1 E-4.5 F2700
;WIPE_START
G1 F3600
G1 X128.956 Y133.916 E-.475
;WIPE_END
G1 E-.025 F2700
M205 X8 Y8
G1 X121.341 Y134.422 Z5 F7200
G1 X104.991 Y135.509 Z5
G1 Z4.6
G1 E5 F2400
M205 X10 Y10
;TYPE:Inner wall
G1 F2700
G1 X104.991 Y138.491 E.09891
G1 X102.009 Y138.491 E.09891
G1 X102.009 Y135.509 E.09891
G1 X104.951 Y135.509 E.09758
M205 X8 Y8
G1 X105.398 Y135.102 F7200
M205 X10 Y10
G1 F2700
G1 X105.398 Y138.898 E.12591
G1 X101.602 Y138.898 E.12591
G1 X101.602 Y135.102 E.12591
G1 X105.358 Y135.102 E.12459
M205 X8 Y8
G1 X105.79 Y134.71 F7200
M205 X10 Y10
;TYPE:Outer wall
;WIDTH:0.419999
G1 F2400
G1 X105.79 Y139.29 E.14073
G1 X101.21 Y139.29 E.14073
G1 X101.21 Y134.71 E.14073
G1 X105.75 Y134.71 E.1395
G1 E-4.5 F2700
;WIPE_START
G1 F2400
G1 X105.767 Y136.71 E-.475
;WIPE_END
G1 E-.025 F2700
M205 X8 Y8
G1 X103.737 Y136.763 Z5 F7200
G1 Z4.6
G1 E5 F2400
M205 X10 Y10
;TYPE:Internal solid infill
;WIDTH:0.516066
G1 F3600
G1 X103.263 Y136.763 E.01824
G1 X103.263 Y137.237 E.01824
G1 X103.737 Y137.237 E.01824
G1 X103.737 Y136.803 E.0167
M205 X8 Y8
G1 X104.177 Y136.323 F7200
M205 X10 Y10
;WIDTH:0.449999
G1 F3600
G1 X102.823 Y136.323 E.04489
G1 X102.823 Y137.677 E.04489
G1 X104.177 Y137.677 E.04489
G1 X104.177 Y136.363 E.04357
M205 X8 Y8
G1 X104.584 Y135.916 F7200
M205 X10 Y10
G1 F3600
G1 X102.416 Y135.916 E.0719
G1 X102.416 Y138.084 E.0719
G1 X104.584 Y138.084 E.0719
G1 X104.584 Y135.956 E.07057
G1 E-4.5 F2700
;WIPE_START
G1 F3600
G1 X104.584 Y137.956 E-.475
;WIPE_END
G1 E-.025 F2700
M205 X8 Y8
G1 X96.965 Y137.497 Z5 F7200
G1 X63.991 Y135.509 Z5
G1 Z4.6
G1 E5 F2400
M205 X10 Y10
;TYPE:Inner wall
G1 F2700
G1 X63.991 Y138.491 E.09891
G1 X61.009 Y138.491 E.09891
G1 X61.009 Y135.509 E.09891
G1 X63.951 Y135.509 E.09758
M205 X8 Y8
G1 X64.398 Y135.102 F7200
M205 X10 Y10
G1 F2700
G1 X64.398 Y138.898 E.12591
G1 X60.602 Y138.898 E.12591
G1 X60.602 Y135.102 E.12591
G1 X64.358 Y135.102 E.12459
M205 X8 Y8
G1 X64.79 Y134.71 F7200
M205 X10 Y10
;TYPE:Outer wall
;WIDTH:0.419999
G1 F2400
G1 X64.79 Y139.29 E.14073
G1 X60.21 Y139.29 E.14073
G1 X60.21 Y134.71 E.14073
G1 X64.75 Y134.71 E.1395
G1 E-4.5 F2700
;WIPE_START
G1 F2400
G1 X64.767 Y136.71 E-.475
;WIPE_END
G1 E-.025 F2700
M205 X8 Y8
G1 X62.737 Y136.763 Z5 F7200
G1 Z4.6
G1 E5 F2400
M205 X10 Y10
;TYPE:Internal solid infill
;WIDTH:0.516066
G1 F3600
G1 X62.263 Y136.763 E.01824
G1 X62.263 Y137.237 E.01824
G1 X62.737 Y137.237 E.01824
G1 X62.737 Y136.803 E.0167
M205 X8 Y8
G1 X63.177 Y136.323 F7200
M205 X10 Y10
;WIDTH:0.449999
G1 F3600
G1 X61.823 Y136.323 E.04489
G1 X61.823 Y137.677 E.04489
G1 X63.177 Y137.677 E.04489
G1 X63.177 Y136.363 E.04357
M205 X8 Y8
G1 X63.584 Y135.916 F7200
M205 X10 Y10
G1 F3600
G1 X61.416 Y135.916 E.0719
G1 X61.416 Y138.084 E.0719
G1 X63.584 Y138.084 E.0719
G1 X63.584 Y135.956 E.07057
; stop printing object 06_sliding_electronics_carrier_ESP32_PH.stl id:0 copy 0
;TIME_ELAPSED:3917.857666

;LAYER_CHANGE
;:4.8
;HEIGHT:0.2
;BEFORE_LAYER_CHANGE
;4.8
G92 E0

G1 E-4.5 F2700
;WIPE_START
G1 F3600
G1 X63.584 Y137.956 E-.475
;WIPE_END
G1 E-.025 F2700
;_SET_FAN_SPEED_CHANGING_LAYER
; OBJECT_ID: 15
; printing object 06_sliding_electronics_carrier_ESP32_PH.stl id:0 copy 0
M205 X8 Y8
G17
G3 Z5 I1.2 J.2 P1  F7200
G1 X63.991 Y135.509 Z5
G1 Z4.8
G1 E5 F2400
M205 X10 Y10
;TYPE:Inner wall
G1 F2700
G1 X63.991 Y138.491 E.09891
G1 X61.009 Y138.491 E.09891
G1 X61.009 Y135.509 E.09891
G1 X63.951 Y135.509 E.09758
M205 X8 Y8
G1 X64.398 Y135.102 F7200
M205 X10 Y10
G1 F2700
G1 X64.398 Y138.898 E.12591
G1 X60.602 Y138.898 E.12591
G1 X60.602 Y135.102 E.12591
G1 X64.358 Y135.102 E.12459
M205 X8 Y8
G1 X64.79 Y134.71 F7200
M205 X10 Y10
;TYPE:Outer wall
;WIDTH:0.419999
G1 F2400
G1 X64.79 Y139.29 E.14073
G1 X60.21 Y139.29 E.14073
G1 X60.21 Y134.71 E.14073
G1 X64.75 Y134.71 E.1395
G1 E-4.5 F2700
;WIPE_START
G1 F2400
G1 X64.767 Y136.71 E-.475
;WIPE_END
G1 E-.025 F2700
M205 X8 Y8
G1 X62.737 Y136.763 Z5.2 F7200
G1 Z4.8
G1 E5 F2400
M205 X10 Y10
;TYPE:Internal solid infill
;WIDTH:0.516066
G1 F3600
G1 X62.263 Y136.763 E.01824
G1 X62.263 Y137.237 E.01824
G1 X62.737 Y137.237 E.01824
G1 X62.737 Y136.803 E.0167
M205 X8 Y8
G1 X63.177 Y136.323 F7200
M205 X10 Y10
;WIDTH:0.449999
G1 F3600
G1 X61.823 Y136.323 E.04489
G1 X61.823 Y137.677 E.04489
G1 X63.177 Y137.677 E.04489
G1 X63.177 Y136.363 E.04357
M205 X8 Y8
G1 X63.584 Y135.916 F7200
M205 X10 Y10
G1 F3600
G1 X61.416 Y135.916 E.0719
G1 X61.416 Y138.084 E.0719
G1 X63.584 Y138.084 E.0719
G1 X63.584 Y135.956 E.07057
G1 E-4.5 F2700
;WIPE_START
G1 F3600
G1 X63.584 Y137.956 E-.475
;WIPE_END
G1 E-.025 F2700
M205 X8 Y8
G1 X71.203 Y137.506 Z5.2 F7200
G1 X104.991 Y135.509 Z5.2
G1 Z4.8
G1 E5 F2400
M205 X10 Y10
;TYPE:Inner wall
G1 F2700
G1 X104.991 Y138.491 E.09891
G1 X102.009 Y138.491 E.09891
G1 X102.009 Y135.509 E.09891
G1 X104.951 Y135.509 E.09758
M205 X8 Y8
G1 X105.398 Y135.102 F7200
M205 X10 Y10
G1 F2700
G1 X105.398 Y138.898 E.12591
G1 X101.602 Y138.898 E.12591
G1 X101.602 Y135.102 E.12591
G1 X105.358 Y135.102 E.12459
M205 X8 Y8
G1 X105.79 Y134.71 F7200
M205 X10 Y10
;TYPE:Outer wall
;WIDTH:0.419999
G1 F2400
G1 X105.79 Y139.29 E.14073
G1 X101.21 Y139.29 E.14073
G1 X101.21 Y134.71 E.14073
G1 X105.75 Y134.71 E.1395
G1 E-4.5 F2700
;WIPE_START
G1 F2400
G1 X105.767 Y136.71 E-.475
;WIPE_END
G1 E-.025 F2700
M205 X8 Y8
G1 X103.737 Y136.763 Z5.2 F7200
G1 Z4.8
G1 E5 F2400
M205 X10 Y10
;TYPE:Internal solid infill
;WIDTH:0.516066
G1 F3600
G1 X103.263 Y136.763 E.01824
G1 X103.263 Y137.237 E.01824
G1 X103.737 Y137.237 E.01824
G1 X103.737 Y136.803 E.0167
M205 X8 Y8
G1 X104.177 Y136.323 F7200
M205 X10 Y10
;WIDTH:0.449999
G1 F3600
G1 X102.823 Y136.323 E.04489
G1 X102.823 Y137.677 E.04489
G1 X104.177 Y137.677 E.04489
G1 X104.177 Y136.363 E.04357
M205 X8 Y8
G1 X104.584 Y135.916 F7200
M205 X10 Y10
G1 F3600
G1 X102.416 Y135.916 E.0719
G1 X102.416 Y138.084 E.0719
G1 X104.584 Y138.084 E.0719
G1 X104.584 Y135.956 E.07057
G1 E-4.5 F2700
;WIPE_START
G1 F3600
G1 X104.584 Y137.956 E-.475
;WIPE_END
G1 E-.025 F2700
M205 X8 Y8
G1 X112.064 Y136.439 Z5.2 F7200
G1 X126.509 Y133.509 Z5.2
G1 Z4.8
G1 E5 F2400
M205 X10 Y10
;TYPE:Inner wall
G1 F2700
G1 X129.491 Y133.509 E.09891
G1 X129.491 Y136.491 E.09891
G1 X126.509 Y136.491 E.09891
G1 X126.509 Y133.549 E.09758
M205 X8 Y8
G1 X126.102 Y133.102 F7200
M205 X10 Y10
G1 F2700
G1 X129.898 Y133.102 E.12591
G1 X129.898 Y136.898 E.12591
G1 X126.102 Y136.898 E.12591
G1 X126.102 Y133.142 E.12459
M205 X8 Y8
G1 X125.71 Y132.71 F7200
M205 X10 Y10
;TYPE:Outer wall
;WIDTH:0.419999
G1 F2400
G1 X130.29 Y132.71 E.14073
G1 X130.29 Y137.29 E.14073
G1 X125.71 Y137.29 E.14073
G1 X125.71 Y132.75 E.1395
G1 E-4.5 F2700
;WIPE_START
G1 F2400
G1 X127.71 Y132.733 E-.475
;WIPE_END
G1 E-.025 F2700
M205 X8 Y8
G1 X127.763 Y134.763 Z5.2 F7200
G1 Z4.8
G1 E5 F2400
M205 X10 Y10
;TYPE:Internal solid infill
;WIDTH:0.516066
G1 F3600
G1 X127.763 Y135.237 E.01824
G1 X128.237 Y135.237 E.01824
G1 X128.237 Y134.763 E.01824
G1 X127.803 Y134.763 E.0167
M205 X8 Y8
G1 X127.323 Y134.323 F7200
M205 X10 Y10
;WIDTH:0.449999
G1 F3600
G1 X127.323 Y135.677 E.04489
G1 X128.677 Y135.677 E.04489
G1 X128.677 Y134.323 E.04489
G1 X127.363 Y134.323 E.04357
M205 X8 Y8
G1 X126.916 Y133.916 F7200
M205 X10 Y10
G1 F3600
G1 X126.916 Y136.084 E.0719
G1 X129.084 Y136.084 E.0719
G1 X129.084 Y133.916 E.0719
G1 X126.956 Y133.916 E.07057
G1 E-4.5 F2700
;WIPE_START
G1 F3600
G1 X128.956 Y133.916 E-.475
;WIPE_END
G1 E-.025 F2700
M205 X8 Y8
G1 X136.588 Y133.784 Z5.2 F7200
G1 X152.509 Y133.509 Z5.2
G1 Z4.8
G1 E5 F2400
M205 X10 Y10
;TYPE:Inner wall
G1 F2700
G1 X155.491 Y133.509 E.09891
G1 X155.491 Y136.491 E.09891
G1 X152.509 Y136.491 E.09891
G1 X152.509 Y133.549 E.09758
M205 X8 Y8
G1 X152.102 Y133.102 F7200
M205 X10 Y10
G1 F2700
G1 X155.898 Y133.102 E.12591
G1 X155.898 Y136.898 E.12591
G1 X152.102 Y136.898 E.12591
G1 X152.102 Y133.142 E.12459
M205 X8 Y8
G1 X151.71 Y132.71 F7200
M205 X10 Y10
;TYPE:Outer wall
;WIDTH:0.419999
G1 F2400
G1 X156.29 Y132.71 E.14073
G1 X156.29 Y137.29 E.14073
G1 X151.71 Y137.29 E.14073
G1 X151.71 Y132.75 E.1395
G1 E-4.5 F2700
;WIPE_START
G1 F2400
G1 X153.71 Y132.733 E-.475
;WIPE_END
G1 E-.025 F2700
M205 X8 Y8
G1 X153.763 Y134.763 Z5.2 F7200
G1 Z4.8
G1 E5 F2400
M205 X10 Y10
;TYPE:Internal solid infill
;WIDTH:0.516066
G1 F3600
G1 X153.763 Y135.237 E.01824
G1 X154.237 Y135.237 E.01824
G1 X154.237 Y134.763 E.01824
G1 X153.803 Y134.763 E.0167
M205 X8 Y8
G1 X153.323 Y134.323 F7200
M205 X10 Y10
;WIDTH:0.449999
G1 F3600
G1 X153.323 Y135.677 E.04489
G1 X154.677 Y135.677 E.04489
G1 X154.677 Y134.323 E.04489
G1 X153.363 Y134.323 E.04357
M205 X8 Y8
G1 X152.916 Y133.916 F7200
M205 X10 Y10
G1 F3600
G1 X152.916 Y136.084 E.0719
G1 X155.084 Y136.084 E.0719
G1 X155.084 Y133.916 E.0719
G1 X152.956 Y133.916 E.07057
G1 E-4.5 F2700
;WIPE_START
G1 F3600
G1 X154.956 Y133.916 E-.475
;WIPE_END
G1 E-.025 F2700
M205 X8 Y8
G1 X154.563 Y126.294 Z5.2 F7200
G1 X152.509 Y86.491 Z5.2
G1 Z4.8
G1 E5 F2400
M205 X10 Y10
;TYPE:Inner wall
G1 F2700
G1 X152.509 Y83.509 E.09891
G1 X155.491 Y83.509 E.09891
G1 X155.491 Y86.491 E.09891
G1 X152.549 Y86.491 E.09758
M205 X8 Y8
G1 X152.102 Y86.898 F7200
M205 X10 Y10
G1 F2700
G1 X152.102 Y83.102 E.12591
G1 X155.898 Y83.102 E.12591
G1 X155.898 Y86.898 E.12591
G1 X152.142 Y86.898 E.12459
M205 X8 Y8
G1 X151.71 Y87.29 F7200
M205 X10 Y10
;TYPE:Outer wall
;WIDTH:0.419999
G1 F2400
G1 X151.71 Y82.71 E.14073
G1 X156.29 Y82.71 E.14073
G1 X156.29 Y87.29 E.14073
G1 X151.75 Y87.29 E.1395
G1 E-4.5 F2700
;WIPE_START
G1 F2400
G1 X151.733 Y85.29 E-.475
;WIPE_END
G1 E-.025 F2700
M205 X8 Y8
G1 X153.763 Y85.237 Z5.2 F7200
G1 Z4.8
G1 E5 F2400
M205 X10 Y10
;TYPE:Internal solid infill
;WIDTH:0.516066
G1 F3600
G1 X154.237 Y85.237 E.01824
G1 X154.237 Y84.763 E.01824
G1 X153.763 Y84.763 E.01824
G1 X153.763 Y85.197 E.0167
M205 X8 Y8
G1 X153.323 Y85.677 F7200
M205 X10 Y10
;WIDTH:0.449999
G1 F3600
G1 X154.677 Y85.677 E.04489
G1 X154.677 Y84.323 E.04489
G1 X153.323 Y84.323 E.04489
G1 X153.323 Y85.637 E.04357
M205 X8 Y8
G1 X152.916 Y86.084 F7200
M205 X10 Y10
G1 F3600
G1 X155.084 Y86.084 E.0719
G1 X155.084 Y83.916 E.0719
G1 X152.916 Y83.916 E.0719
G1 X152.916 Y86.044 E.07057
G1 E-4.5 F2700
;WIPE_START
G1 F3600
G1 X152.916 Y84.044 E-.475
;WIPE_END
G1 E-.025 F2700
M205 X8 Y8
G1 X145.325 Y84.837 Z5.2 F7200
G1 X129.491 Y86.491 Z5.2
G1 Z4.8
G1 E5 F2400
M205 X10 Y10
;TYPE:Inner wall
G1 F2700
G1 X126.509 Y86.491 E.09891
G1 X126.509 Y83.509 E.09891
G1 X129.491 Y83.509 E.09891
G1 X129.491 Y86.451 E.09758
M205 X8 Y8
G1 X129.898 Y86.898 F7200
M205 X10 Y10
G1 F2700
G1 X126.102 Y86.898 E.12591
G1 X126.102 Y83.102 E.12591
G1 X129.898 Y83.102 E.12591
G1 X129.898 Y86.858 E.12459
M205 X8 Y8
G1 X130.29 Y87.29 F7200
M205 X10 Y10
;TYPE:Outer wall
;WIDTH:0.419999
G1 F2400
G1 X125.71 Y87.29 E.14073
G1 X125.71 Y82.71 E.14073
G1 X130.29 Y82.71 E.14073
G1 X130.29 Y87.25 E.1395
G1 E-4.5 F2700
;WIPE_START
G1 F2400
G1 X128.29 Y87.267 E-.475
;WIPE_END
G1 E-.025 F2700
M205 X8 Y8
G1 X127.763 Y85.237 Z5.2 F7200
G1 Z4.8
G1 E5 F2400
M205 X10 Y10
;TYPE:Internal solid infill
;WIDTH:0.516066
G1 F3600
G1 X128.237 Y85.237 E.01824
G1 X128.237 Y84.763 E.01824
G1 X127.763 Y84.763 E.01824
G1 X127.763 Y85.197 E.0167
M205 X8 Y8
G1 X127.323 Y85.677 F7200
M205 X10 Y10
;WIDTH:0.449999
G1 F3600
G1 X128.677 Y85.677 E.04489
G1 X128.677 Y84.323 E.04489
G1 X127.323 Y84.323 E.04489
G1 X127.323 Y85.637 E.04357
M205 X8 Y8
G1 X126.916 Y86.084 F7200
M205 X10 Y10
G1 F3600
G1 X129.084 Y86.084 E.0719
G1 X129.084 Y83.916 E.0719
G1 X126.916 Y83.916 E.0719
G1 X126.916 Y86.044 E.07057
G1 E-4.5 F2700
;WIPE_START
G1 F3600
G1 X126.916 Y84.044 E-.475
;WIPE_END
G1 E-.025 F2700
M205 X8 Y8
G1 X119.285 Y84.199 Z5.2 F7200
G1 X104.991 Y84.491 Z5.2
G1 Z4.8
M73 P92 R4
G1 E5 F2400
M205 X10 Y10
;TYPE:Inner wall
G1 F2700
G1 X102.009 Y84.491 E.09891
G1 X102.009 Y81.509 E.09891
G1 X104.991 Y81.509 E.09891
G1 X104.991 Y84.451 E.09758
M205 X8 Y8
G1 X105.398 Y84.898 F7200
M205 X10 Y10
G1 F2700
G1 X101.602 Y84.898 E.12591
G1 X101.602 Y81.102 E.12591
G1 X105.398 Y81.102 E.12591
G1 X105.398 Y84.858 E.12459
M205 X8 Y8
G1 X105.79 Y85.29 F7200
M205 X10 Y10
;TYPE:Outer wall
;WIDTH:0.419999
G1 F2400
G1 X101.21 Y85.29 E.14073
G1 X101.21 Y80.71 E.14073
G1 X105.79 Y80.71 E.14073
G1 X105.79 Y85.25 E.1395
G1 E-4.5 F2700
;WIPE_START
G1 F2400
M73 P93 R4
G1 X103.79 Y85.267 E-.475
;WIPE_END
G1 E-.025 F2700
M205 X8 Y8
G1 X103.737 Y83.237 Z5.2 F7200
G1 Z4.8
G1 E5 F2400
M205 X10 Y10
;TYPE:Internal solid infill
;WIDTH:0.516066
G1 F3600
G1 X103.737 Y82.763 E.01824
G1 X103.263 Y82.763 E.01824
G1 X103.263 Y83.237 E.01824
G1 X103.697 Y83.237 E.0167
M205 X8 Y8
G1 X104.177 Y83.677 F7200
M205 X10 Y10
;WIDTH:0.449999
G1 F3600
G1 X104.177 Y82.323 E.04489
G1 X102.823 Y82.323 E.04489
G1 X102.823 Y83.677 E.04489
G1 X104.137 Y83.677 E.04357
M205 X8 Y8
G1 X104.584 Y84.084 F7200
M205 X10 Y10
G1 F3600
G1 X104.584 Y81.916 E.0719
G1 X102.416 Y81.916 E.0719
G1 X102.416 Y84.084 E.0719
G1 X104.544 Y84.084 E.07057
G1 E-4.5 F2700
;WIPE_START
G1 F3600
G1 X102.544 Y84.084 E-.475
;WIPE_END
G1 E-.025 F2700
M205 X8 Y8
G1 X94.912 Y84.164 Z5.2 F7200
G1 X63.991 Y84.491 Z5.2
G1 Z4.8
G1 E5 F2400
M205 X10 Y10
;TYPE:Inner wall
G1 F2700
G1 X61.009 Y84.491 E.09891
G1 X61.009 Y81.509 E.09891
G1 X63.991 Y81.509 E.09891
G1 X63.991 Y84.451 E.09758
M205 X8 Y8
G1 X64.398 Y84.898 F7200
M205 X10 Y10
G1 F2700
G1 X60.602 Y84.898 E.12591
G1 X60.602 Y81.102 E.12591
G1 X64.398 Y81.102 E.12591
G1 X64.398 Y84.858 E.12459
M205 X8 Y8
G1 X64.79 Y85.29 F7200
M205 X10 Y10
;TYPE:Outer wall
;WIDTH:0.419999
G1 F2400
G1 X60.21 Y85.29 E.14073
G1 X60.21 Y80.71 E.14073
G1 X64.79 Y80.71 E.14073
G1 X64.79 Y85.25 E.1395
G1 E-4.5 F2700
;WIPE_START
G1 F2400
G1 X62.79 Y85.267 E-.475
;WIPE_END
G1 E-.025 F2700
M205 X8 Y8
G1 X62.737 Y83.237 Z5.2 F7200
G1 Z4.8
G1 E5 F2400
M205 X10 Y10
;TYPE:Internal solid infill
;WIDTH:0.516066
G1 F3600
G1 X62.737 Y82.763 E.01824
G1 X62.263 Y82.763 E.01824
G1 X62.263 Y83.237 E.01824
G1 X62.697 Y83.237 E.0167
M205 X8 Y8
G1 X63.177 Y83.677 F7200
M205 X10 Y10
;WIDTH:0.449999
G1 F3600
G1 X63.177 Y82.323 E.04489
G1 X61.823 Y82.323 E.04489
G1 X61.823 Y83.677 E.04489
G1 X63.137 Y83.677 E.04357
M205 X8 Y8
G1 X63.584 Y84.084 F7200
M205 X10 Y10
G1 F3600
G1 X63.584 Y81.916 E.0719
G1 X61.416 Y81.916 E.0719
G1 X61.416 Y84.084 E.0719
G1 X63.544 Y84.084 E.07057
; stop printing object 06_sliding_electronics_carrier_ESP32_PH.stl id:0 copy 0
;TIME_ELAPSED:3953.499512

;LAYER_CHANGE
;:5
;HEIGHT:0.2
;BEFORE_LAYER_CHANGE
;5
G92 E0

G1 E-4.5 F2700
;WIPE_START
G1 F3600
G1 X61.544 Y84.084 E-.475
;WIPE_END
G1 E-.025 F2700
;_SET_FAN_SPEED_CHANGING_LAYER
; OBJECT_ID: 15
; printing object 06_sliding_electronics_carrier_ESP32_PH.stl id:0 copy 0
M205 X8 Y8
G17
G3 Z5.2 I-1.216 J.058 P1  F7200
G1 X63.991 Y135.509 Z5.2
G1 Z5
G1 E5 F2400
M205 X10 Y10
;TYPE:Inner wall
G1 F2700
G1 X63.991 Y138.491 E.09891
G1 X61.009 Y138.491 E.09891
G1 X61.009 Y135.509 E.09891
G1 X63.951 Y135.509 E.09758
M205 X8 Y8
G1 X64.398 Y135.102 F7200
M205 X10 Y10
G1 F2700
G1 X64.398 Y138.898 E.12591
G1 X60.602 Y138.898 E.12591
G1 X60.602 Y135.102 E.12591
G1 X64.358 Y135.102 E.12459
M205 X8 Y8
G1 X64.79 Y134.71 F7200
M205 X10 Y10
;TYPE:Outer wall
;WIDTH:0.419999
G1 F2400
G1 X64.79 Y139.29 E.14073
G1 X60.21 Y139.29 E.14073
G1 X60.21 Y134.71 E.14073
G1 X64.75 Y134.71 E.1395
G1 E-4.5 F2700
;WIPE_START
G1 F2400
G1 X64.767 Y136.71 E-.475
;WIPE_END
G1 E-.025 F2700
M205 X8 Y8
G1 X62.737 Y136.763 Z5.4 F7200
G1 Z5
G1 E5 F2400
M205 X10 Y10
;TYPE:Internal solid infill
;WIDTH:0.516066
G1 F3600
G1 X62.263 Y136.763 E.01824
G1 X62.263 Y137.237 E.01824
G1 X62.737 Y137.237 E.01824
G1 X62.737 Y136.803 E.0167
M205 X8 Y8
G1 X63.177 Y136.323 F7200
M205 X10 Y10
;WIDTH:0.449999
G1 F3600
G1 X61.823 Y136.323 E.04489
G1 X61.823 Y137.677 E.04489
G1 X63.177 Y137.677 E.04489
G1 X63.177 Y136.363 E.04357
M205 X8 Y8
G1 X63.584 Y135.916 F7200
M205 X10 Y10
G1 F3600
G1 X61.416 Y135.916 E.0719
G1 X61.416 Y138.084 E.0719
G1 X63.584 Y138.084 E.0719
G1 X63.584 Y135.956 E.07057
G1 E-4.5 F2700
;WIPE_START
G1 F3600
G1 X63.584 Y137.956 E-.475
;WIPE_END
G1 E-.025 F2700
M205 X8 Y8
G1 X71.203 Y137.506 Z5.4 F7200
G1 X104.991 Y135.509 Z5.4
G1 Z5
G1 E5 F2400
M205 X10 Y10
;TYPE:Inner wall
G1 F2700
G1 X104.991 Y138.491 E.09891
G1 X102.009 Y138.491 E.09891
G1 X102.009 Y135.509 E.09891
G1 X104.951 Y135.509 E.09758
M205 X8 Y8
G1 X105.398 Y135.102 F7200
M205 X10 Y10
G1 F2700
G1 X105.398 Y138.898 E.12591
G1 X101.602 Y138.898 E.12591
G1 X101.602 Y135.102 E.12591
G1 X105.358 Y135.102 E.12459
M205 X8 Y8
G1 X105.79 Y134.71 F7200
M205 X10 Y10
;TYPE:Outer wall
;WIDTH:0.419999
G1 F2400
G1 X105.79 Y139.29 E.14073
G1 X101.21 Y139.29 E.14073
G1 X101.21 Y134.71 E.14073
G1 X105.75 Y134.71 E.1395
G1 E-4.5 F2700
;WIPE_START
G1 F2400
G1 X105.767 Y136.71 E-.475
;WIPE_END
G1 E-.025 F2700
M205 X8 Y8
G1 X103.737 Y136.763 Z5.4 F7200
G1 Z5
G1 E5 F2400
M205 X10 Y10
;TYPE:Internal solid infill
;WIDTH:0.516066
G1 F3600
G1 X103.263 Y136.763 E.01824
G1 X103.263 Y137.237 E.01824
G1 X103.737 Y137.237 E.01824
G1 X103.737 Y136.803 E.0167
M205 X8 Y8
G1 X104.177 Y136.323 F7200
M205 X10 Y10
;WIDTH:0.449999
G1 F3600
G1 X102.823 Y136.323 E.04489
G1 X102.823 Y137.677 E.04489
G1 X104.177 Y137.677 E.04489
G1 X104.177 Y136.363 E.04357
M205 X8 Y8
G1 X104.584 Y135.916 F7200
M205 X10 Y10
G1 F3600
G1 X102.416 Y135.916 E.0719
G1 X102.416 Y138.084 E.0719
G1 X104.584 Y138.084 E.0719
G1 X104.584 Y135.956 E.07057
G1 E-4.5 F2700
;WIPE_START
G1 F3600
G1 X104.584 Y137.956 E-.475
;WIPE_END
G1 E-.025 F2700
M205 X8 Y8
G1 X112.064 Y136.439 Z5.4 F7200
G1 X126.509 Y133.509 Z5.4
G1 Z5
G1 E5 F2400
M205 X10 Y10
;TYPE:Inner wall
G1 F2700
G1 X129.491 Y133.509 E.09891
G1 X129.491 Y136.491 E.09891
G1 X126.509 Y136.491 E.09891
G1 X126.509 Y133.549 E.09758
M205 X8 Y8
G1 X126.102 Y133.102 F7200
M205 X10 Y10
G1 F2700
G1 X129.898 Y133.102 E.12591
G1 X129.898 Y136.898 E.12591
G1 X126.102 Y136.898 E.12591
G1 X126.102 Y133.142 E.12459
M205 X8 Y8
G1 X125.71 Y132.71 F7200
M205 X10 Y10
;TYPE:Outer wall
;WIDTH:0.419999
G1 F2400
G1 X130.29 Y132.71 E.14073
G1 X130.29 Y137.29 E.14073
G1 X125.71 Y137.29 E.14073
G1 X125.71 Y132.75 E.1395
G1 E-4.5 F2700
;WIPE_START
G1 F2400
G1 X127.71 Y132.733 E-.475
;WIPE_END
G1 E-.025 F2700
M205 X8 Y8
G1 X127.763 Y134.763 Z5.4 F7200
G1 Z5
G1 E5 F2400
M205 X10 Y10
;TYPE:Internal solid infill
;WIDTH:0.516066
G1 F3600
G1 X127.763 Y135.237 E.01824
G1 X128.237 Y135.237 E.01824
G1 X128.237 Y134.763 E.01824
G1 X127.803 Y134.763 E.0167
M205 X8 Y8
G1 X127.323 Y134.323 F7200
M205 X10 Y10
;WIDTH:0.449999
G1 F3600
G1 X127.323 Y135.677 E.04489
G1 X128.677 Y135.677 E.04489
G1 X128.677 Y134.323 E.04489
G1 X127.363 Y134.323 E.04357
M205 X8 Y8
G1 X126.916 Y133.916 F7200
M205 X10 Y10
G1 F3600
G1 X126.916 Y136.084 E.0719
G1 X129.084 Y136.084 E.0719
G1 X129.084 Y133.916 E.0719
G1 X126.956 Y133.916 E.07057
G1 E-4.5 F2700
;WIPE_START
G1 F3600
G1 X128.956 Y133.916 E-.475
;WIPE_END
G1 E-.025 F2700
M205 X8 Y8
G1 X136.588 Y133.784 Z5.4 F7200
G1 X152.509 Y133.509 Z5.4
G1 Z5
G1 E5 F2400
M205 X10 Y10
;TYPE:Inner wall
G1 F2700
G1 X155.491 Y133.509 E.09891
G1 X155.491 Y136.491 E.09891
G1 X152.509 Y136.491 E.09891
G1 X152.509 Y133.549 E.09758
M205 X8 Y8
G1 X152.102 Y133.102 F7200
M205 X10 Y10
G1 F2700
G1 X155.898 Y133.102 E.12591
G1 X155.898 Y136.898 E.12591
G1 X152.102 Y136.898 E.12591
G1 X152.102 Y133.142 E.12459
M205 X8 Y8
G1 X151.71 Y132.71 F7200
M205 X10 Y10
;TYPE:Outer wall
;WIDTH:0.419999
G1 F2400
G1 X156.29 Y132.71 E.14073
G1 X156.29 Y137.29 E.14073
G1 X151.71 Y137.29 E.14073
G1 X151.71 Y132.75 E.1395
G1 E-4.5 F2700
;WIPE_START
G1 F2400
G1 X153.71 Y132.733 E-.475
;WIPE_END
G1 E-.025 F2700
M205 X8 Y8
G1 X153.763 Y134.763 Z5.4 F7200
G1 Z5
G1 E5 F2400
M205 X10 Y10
;TYPE:Internal solid infill
;WIDTH:0.516066
G1 F3600
G1 X153.763 Y135.237 E.01824
G1 X154.237 Y135.237 E.01824
G1 X154.237 Y134.763 E.01824
G1 X153.803 Y134.763 E.0167
M205 X8 Y8
G1 X153.323 Y134.323 F7200
M205 X10 Y10
;WIDTH:0.449999
G1 F3600
G1 X153.323 Y135.677 E.04489
G1 X154.677 Y135.677 E.04489
G1 X154.677 Y134.323 E.04489
G1 X153.363 Y134.323 E.04357
M205 X8 Y8
G1 X152.916 Y133.916 F7200
M205 X10 Y10
G1 F3600
G1 X152.916 Y136.084 E.0719
G1 X155.084 Y136.084 E.0719
G1 X155.084 Y133.916 E.0719
G1 X152.956 Y133.916 E.07057
G1 E-4.5 F2700
;WIPE_START
G1 F3600
G1 X154.956 Y133.916 E-.475
;WIPE_END
G1 E-.025 F2700
M205 X8 Y8
G1 X154.563 Y126.294 Z5.4 F7200
G1 X152.509 Y86.491 Z5.4
G1 Z5
G1 E5 F2400
M205 X10 Y10
;TYPE:Inner wall
G1 F2700
G1 X152.509 Y83.509 E.09891
G1 X155.491 Y83.509 E.09891
G1 X155.491 Y86.491 E.09891
G1 X152.549 Y86.491 E.09758
M205 X8 Y8
G1 X152.102 Y86.898 F7200
M205 X10 Y10
G1 F2700
G1 X152.102 Y83.102 E.12591
G1 X155.898 Y83.102 E.12591
G1 X155.898 Y86.898 E.12591
G1 X152.142 Y86.898 E.12459
M205 X8 Y8
G1 X151.71 Y87.29 F7200
M205 X10 Y10
;TYPE:Outer wall
;WIDTH:0.419999
G1 F2400
G1 X151.71 Y82.71 E.14073
G1 X156.29 Y82.71 E.14073
G1 X156.29 Y87.29 E.14073
G1 X151.75 Y87.29 E.1395
G1 E-4.5 F2700
;WIPE_START
G1 F2400
G1 X151.733 Y85.29 E-.475
;WIPE_END
G1 E-.025 F2700
M205 X8 Y8
G1 X153.763 Y85.237 Z5.4 F7200
G1 Z5
G1 E5 F2400
M205 X10 Y10
;TYPE:Internal solid infill
;WIDTH:0.516066
G1 F3600
G1 X154.237 Y85.237 E.01824
G1 X154.237 Y84.763 E.01824
G1 X153.763 Y84.763 E.01824
G1 X153.763 Y85.197 E.0167
M205 X8 Y8
G1 X153.323 Y85.677 F7200
M205 X10 Y10
;WIDTH:0.449999
G1 F3600
G1 X154.677 Y85.677 E.04489
G1 X154.677 Y84.323 E.04489
G1 X153.323 Y84.323 E.04489
G1 X153.323 Y85.637 E.04357
M205 X8 Y8
G1 X152.916 Y86.084 F7200
M205 X10 Y10
G1 F3600
G1 X155.084 Y86.084 E.0719
G1 X155.084 Y83.916 E.0719
G1 X152.916 Y83.916 E.0719
G1 X152.916 Y86.044 E.07057
G1 E-4.5 F2700
;WIPE_START
G1 F3600
G1 X152.916 Y84.044 E-.475
;WIPE_END
G1 E-.025 F2700
M205 X8 Y8
G1 X145.325 Y84.837 Z5.4 F7200
G1 X129.491 Y86.491 Z5.4
G1 Z5
G1 E5 F2400
M205 X10 Y10
;TYPE:Inner wall
G1 F2700
G1 X126.509 Y86.491 E.09891
G1 X126.509 Y83.509 E.09891
G1 X129.491 Y83.509 E.09891
G1 X129.491 Y86.451 E.09758
M205 X8 Y8
G1 X129.898 Y86.898 F7200
M205 X10 Y10
G1 F2700
G1 X126.102 Y86.898 E.12591
G1 X126.102 Y83.102 E.12591
G1 X129.898 Y83.102 E.12591
G1 X129.898 Y86.858 E.12459
M205 X8 Y8
G1 X130.29 Y87.29 F7200
M205 X10 Y10
;TYPE:Outer wall
;WIDTH:0.419999
G1 F2400
G1 X125.71 Y87.29 E.14073
G1 X125.71 Y82.71 E.14073
G1 X130.29 Y82.71 E.14073
G1 X130.29 Y87.25 E.1395
G1 E-4.5 F2700
;WIPE_START
G1 F2400
G1 X128.29 Y87.267 E-.475
;WIPE_END
G1 E-.025 F2700
M205 X8 Y8
G1 X127.763 Y85.237 Z5.4 F7200
G1 Z5
G1 E5 F2400
M205 X10 Y10
;TYPE:Internal solid infill
;WIDTH:0.516066
G1 F3600
G1 X128.237 Y85.237 E.01824
G1 X128.237 Y84.763 E.01824
G1 X127.763 Y84.763 E.01824
G1 X127.763 Y85.197 E.0167
M205 X8 Y8
G1 X127.323 Y85.677 F7200
M205 X10 Y10
;WIDTH:0.449999
G1 F3600
G1 X128.677 Y85.677 E.04489
G1 X128.677 Y84.323 E.04489
G1 X127.323 Y84.323 E.04489
G1 X127.323 Y85.637 E.04357
M205 X8 Y8
G1 X126.916 Y86.084 F7200
M205 X10 Y10
G1 F3600
G1 X129.084 Y86.084 E.0719
G1 X129.084 Y83.916 E.0719
G1 X126.916 Y83.916 E.0719
G1 X126.916 Y86.044 E.07057
G1 E-4.5 F2700
;WIPE_START
G1 F3600
G1 X126.916 Y84.044 E-.475
;WIPE_END
G1 E-.025 F2700
M205 X8 Y8
G1 X119.285 Y84.199 Z5.4 F7200
G1 X104.991 Y84.491 Z5.4
G1 Z5
G1 E5 F2400
M205 X10 Y10
;TYPE:Inner wall
G1 F2700
G1 X102.009 Y84.491 E.09891
G1 X102.009 Y81.509 E.09891
G1 X104.991 Y81.509 E.09891
G1 X104.991 Y84.451 E.09758
M205 X8 Y8
G1 X105.398 Y84.898 F7200
M205 X10 Y10
G1 F2700
G1 X101.602 Y84.898 E.12591
G1 X101.602 Y81.102 E.12591
G1 X105.398 Y81.102 E.12591
G1 X105.398 Y84.858 E.12459
M205 X8 Y8
G1 X105.79 Y85.29 F7200
M205 X10 Y10
;TYPE:Outer wall
;WIDTH:0.419999
G1 F2400
G1 X101.21 Y85.29 E.14073
G1 X101.21 Y80.71 E.14073
G1 X105.79 Y80.71 E.14073
G1 X105.79 Y85.25 E.1395
G1 E-4.5 F2700
;WIPE_START
G1 F2400
G1 X103.79 Y85.267 E-.475
;WIPE_END
G1 E-.025 F2700
M205 X8 Y8
G1 X103.737 Y83.237 Z5.4 F7200
G1 Z5
G1 E5 F2400
M205 X10 Y10
;TYPE:Internal solid infill
;WIDTH:0.516066
G1 F3600
G1 X103.737 Y82.763 E.01824
G1 X103.263 Y82.763 E.01824
G1 X103.263 Y83.237 E.01824
G1 X103.697 Y83.237 E.0167
M205 X8 Y8
G1 X104.177 Y83.677 F7200
M205 X10 Y10
;WIDTH:0.449999
G1 F3600
G1 X104.177 Y82.323 E.04489
G1 X102.823 Y82.323 E.04489
G1 X102.823 Y83.677 E.04489
G1 X104.137 Y83.677 E.04357
M205 X8 Y8
G1 X104.584 Y84.084 F7200
M205 X10 Y10
G1 F3600
G1 X104.584 Y81.916 E.0719
G1 X102.416 Y81.916 E.0719
G1 X102.416 Y84.084 E.0719
G1 X104.544 Y84.084 E.07057
G1 E-4.5 F2700
;WIPE_START
G1 F3600
G1 X102.544 Y84.084 E-.475
;WIPE_END
G1 E-.025 F2700
M205 X8 Y8
G1 X94.912 Y84.164 Z5.4 F7200
G1 X63.991 Y84.491 Z5.4
G1 Z5
G1 E5 F2400
M205 X10 Y10
;TYPE:Inner wall
G1 F2700
G1 X61.009 Y84.491 E.09891
G1 X61.009 Y81.509 E.09891
G1 X63.991 Y81.509 E.09891
G1 X63.991 Y84.451 E.09758
M205 X8 Y8
G1 X64.398 Y84.898 F7200
M205 X10 Y10
G1 F2700
G1 X60.602 Y84.898 E.12591
G1 X60.602 Y81.102 E.12591
G1 X64.398 Y81.102 E.12591
G1 X64.398 Y84.858 E.12459
M205 X8 Y8
G1 X64.79 Y85.29 F7200
M205 X10 Y10
;TYPE:Outer wall
;WIDTH:0.419999
G1 F2400
G1 X60.21 Y85.29 E.14073
G1 X60.21 Y80.71 E.14073
G1 X64.79 Y80.71 E.14073
G1 X64.79 Y85.25 E.1395
G1 E-4.5 F2700
;WIPE_START
G1 F2400
G1 X62.79 Y85.267 E-.475
;WIPE_END
G1 E-.025 F2700
M205 X8 Y8
G1 X62.737 Y83.237 Z5.4 F7200
G1 Z5
G1 E5 F2400
M205 X10 Y10
;TYPE:Internal solid infill
;WIDTH:0.516066
G1 F3600
G1 X62.737 Y82.763 E.01824
G1 X62.263 Y82.763 E.01824
G1 X62.263 Y83.237 E.01824
G1 X62.697 Y83.237 E.0167
M205 X8 Y8
G1 X63.177 Y83.677 F7200
M205 X10 Y10
;WIDTH:0.449999
G1 F3600
G1 X63.177 Y82.323 E.04489
G1 X61.823 Y82.323 E.04489
G1 X61.823 Y83.677 E.04489
G1 X63.137 Y83.677 E.04357
M205 X8 Y8
G1 X63.584 Y84.084 F7200
M205 X10 Y10
G1 F3600
G1 X63.584 Y81.916 E.0719
G1 X61.416 Y81.916 E.0719
G1 X61.416 Y84.084 E.0719
G1 X63.544 Y84.084 E.07057
; stop printing object 06_sliding_electronics_carrier_ESP32_PH.stl id:0 copy 0
;TIME_ELAPSED:3989.669678

;LAYER_CHANGE
;:5.2
;HEIGHT:0.2
;BEFORE_LAYER_CHANGE
;5.2
G92 E0

G1 E-4.5 F2700
;WIPE_START
G1 F3600
G1 X61.544 Y84.084 E-.475
;WIPE_END
G1 E-.025 F2700
;_SET_FAN_SPEED_CHANGING_LAYER
; OBJECT_ID: 15
; printing object 06_sliding_electronics_carrier_ESP32_PH.stl id:0 copy 0
M205 X8 Y8
G17
M73 P94 R4
G3 Z5.4 I-1.216 J.058 P1  F7200
G1 X63.991 Y135.509 Z5.4
G1 Z5.2
G1 E5 F2400
M205 X10 Y10
;TYPE:Inner wall
G1 F2700
G1 X63.991 Y138.491 E.09891
G1 X61.009 Y138.491 E.09891
G1 X61.009 Y135.509 E.09891
G1 X63.951 Y135.509 E.09758
M205 X8 Y8
G1 X64.398 Y135.102 F7200
M205 X10 Y10
G1 F2700
G1 X64.398 Y138.898 E.12591
G1 X60.602 Y138.898 E.12591
G1 X60.602 Y135.102 E.12591
G1 X64.358 Y135.102 E.12459
M205 X8 Y8
G1 X64.79 Y134.71 F7200
M205 X10 Y10
;TYPE:Outer wall
;WIDTH:0.419999
G1 F2400
G1 X64.79 Y139.29 E.14073
G1 X60.21 Y139.29 E.14073
G1 X60.21 Y134.71 E.14073
G1 X64.75 Y134.71 E.1395
G1 E-4.5 F2700
;WIPE_START
G1 F2400
G1 X64.767 Y136.71 E-.475
;WIPE_END
G1 E-.025 F2700
M205 X8 Y8
G1 X62.737 Y136.763 Z5.6 F7200
G1 Z5.2
G1 E5 F2400
M205 X10 Y10
;TYPE:Internal solid infill
;WIDTH:0.516066
G1 F3600
G1 X62.263 Y136.763 E.01824
G1 X62.263 Y137.237 E.01824
G1 X62.737 Y137.237 E.01824
G1 X62.737 Y136.803 E.0167
M205 X8 Y8
G1 X63.177 Y136.323 F7200
M205 X10 Y10
;WIDTH:0.449999
G1 F3600
G1 X61.823 Y136.323 E.04489
G1 X61.823 Y137.677 E.04489
G1 X63.177 Y137.677 E.04489
G1 X63.177 Y136.363 E.04357
M205 X8 Y8
G1 X63.584 Y135.916 F7200
M205 X10 Y10
G1 F3600
G1 X61.416 Y135.916 E.0719
G1 X61.416 Y138.084 E.0719
G1 X63.584 Y138.084 E.0719
G1 X63.584 Y135.956 E.07057
G1 E-4.5 F2700
;WIPE_START
G1 F3600
G1 X63.584 Y137.956 E-.475
;WIPE_END
G1 E-.025 F2700
M205 X8 Y8
G1 X71.203 Y137.506 Z5.6 F7200
G1 X104.991 Y135.509 Z5.6
G1 Z5.2
G1 E5 F2400
M205 X10 Y10
;TYPE:Inner wall
G1 F2700
G1 X104.991 Y138.491 E.09891
G1 X102.009 Y138.491 E.09891
G1 X102.009 Y135.509 E.09891
G1 X104.951 Y135.509 E.09758
M205 X8 Y8
G1 X105.398 Y135.102 F7200
M205 X10 Y10
G1 F2700
G1 X105.398 Y138.898 E.12591
G1 X101.602 Y138.898 E.12591
G1 X101.602 Y135.102 E.12591
G1 X105.358 Y135.102 E.12459
M205 X8 Y8
G1 X105.79 Y134.71 F7200
M205 X10 Y10
;TYPE:Outer wall
;WIDTH:0.419999
G1 F2400
G1 X105.79 Y139.29 E.14073
G1 X101.21 Y139.29 E.14073
G1 X101.21 Y134.71 E.14073
G1 X105.75 Y134.71 E.1395
G1 E-4.5 F2700
;WIPE_START
G1 F2400
G1 X105.767 Y136.71 E-.475
;WIPE_END
G1 E-.025 F2700
M205 X8 Y8
G1 X103.737 Y136.763 Z5.6 F7200
G1 Z5.2
G1 E5 F2400
M205 X10 Y10
;TYPE:Internal solid infill
;WIDTH:0.516066
G1 F3600
G1 X103.263 Y136.763 E.01824
G1 X103.263 Y137.237 E.01824
G1 X103.737 Y137.237 E.01824
G1 X103.737 Y136.803 E.0167
M205 X8 Y8
G1 X104.177 Y136.323 F7200
M205 X10 Y10
;WIDTH:0.449999
G1 F3600
G1 X102.823 Y136.323 E.04489
G1 X102.823 Y137.677 E.04489
G1 X104.177 Y137.677 E.04489
G1 X104.177 Y136.363 E.04357
M205 X8 Y8
G1 X104.584 Y135.916 F7200
M205 X10 Y10
G1 F3600
G1 X102.416 Y135.916 E.0719
G1 X102.416 Y138.084 E.0719
G1 X104.584 Y138.084 E.0719
G1 X104.584 Y135.956 E.07057
G1 E-4.5 F2700
;WIPE_START
G1 F3600
G1 X104.584 Y137.956 E-.475
;WIPE_END
G1 E-.025 F2700
M205 X8 Y8
G1 X112.064 Y136.439 Z5.6 F7200
G1 X126.509 Y133.509 Z5.6
G1 Z5.2
G1 E5 F2400
M205 X10 Y10
;TYPE:Inner wall
G1 F2700
G1 X129.491 Y133.509 E.09891
G1 X129.491 Y136.491 E.09891
G1 X126.509 Y136.491 E.09891
G1 X126.509 Y133.549 E.09758
M205 X8 Y8
G1 X126.102 Y133.102 F7200
M205 X10 Y10
G1 F2700
G1 X129.898 Y133.102 E.12591
G1 X129.898 Y136.898 E.12591
G1 X126.102 Y136.898 E.12591
G1 X126.102 Y133.142 E.12459
M205 X8 Y8
G1 X125.71 Y132.71 F7200
M205 X10 Y10
;TYPE:Outer wall
;WIDTH:0.419999
G1 F2400
G1 X130.29 Y132.71 E.14073
G1 X130.29 Y137.29 E.14073
G1 X125.71 Y137.29 E.14073
G1 X125.71 Y132.75 E.1395
G1 E-4.5 F2700
;WIPE_START
G1 F2400
G1 X127.71 Y132.733 E-.475
;WIPE_END
G1 E-.025 F2700
M205 X8 Y8
G1 X127.763 Y134.763 Z5.6 F7200
G1 Z5.2
G1 E5 F2400
M205 X10 Y10
;TYPE:Internal solid infill
;WIDTH:0.516066
G1 F3600
G1 X127.763 Y135.237 E.01824
G1 X128.237 Y135.237 E.01824
G1 X128.237 Y134.763 E.01824
G1 X127.803 Y134.763 E.0167
M205 X8 Y8
G1 X127.323 Y134.323 F7200
M205 X10 Y10
;WIDTH:0.449999
G1 F3600
G1 X127.323 Y135.677 E.04489
G1 X128.677 Y135.677 E.04489
G1 X128.677 Y134.323 E.04489
G1 X127.363 Y134.323 E.04357
M205 X8 Y8
G1 X126.916 Y133.916 F7200
M205 X10 Y10
G1 F3600
G1 X126.916 Y136.084 E.0719
G1 X129.084 Y136.084 E.0719
G1 X129.084 Y133.916 E.0719
G1 X126.956 Y133.916 E.07057
G1 E-4.5 F2700
;WIPE_START
G1 F3600
G1 X128.956 Y133.916 E-.475
;WIPE_END
G1 E-.025 F2700
M205 X8 Y8
G1 X136.588 Y133.784 Z5.6 F7200
G1 X152.509 Y133.509 Z5.6
G1 Z5.2
G1 E5 F2400
M205 X10 Y10
;TYPE:Inner wall
G1 F2700
G1 X155.491 Y133.509 E.09891
G1 X155.491 Y136.491 E.09891
G1 X152.509 Y136.491 E.09891
G1 X152.509 Y133.549 E.09758
M205 X8 Y8
G1 X152.102 Y133.102 F7200
M205 X10 Y10
G1 F2700
G1 X155.898 Y133.102 E.12591
G1 X155.898 Y136.898 E.12591
M73 P94 R3
G1 X152.102 Y136.898 E.12591
G1 X152.102 Y133.142 E.12459
M205 X8 Y8
G1 X151.71 Y132.71 F7200
M205 X10 Y10
;TYPE:Outer wall
;WIDTH:0.419999
G1 F2400
G1 X156.29 Y132.71 E.14073
G1 X156.29 Y137.29 E.14073
G1 X151.71 Y137.29 E.14073
G1 X151.71 Y132.75 E.1395
G1 E-4.5 F2700
;WIPE_START
G1 F2400
G1 X153.71 Y132.733 E-.475
;WIPE_END
G1 E-.025 F2700
M205 X8 Y8
G1 X153.763 Y134.763 Z5.6 F7200
G1 Z5.2
G1 E5 F2400
M205 X10 Y10
;TYPE:Internal solid infill
;WIDTH:0.516066
G1 F3600
G1 X153.763 Y135.237 E.01824
G1 X154.237 Y135.237 E.01824
G1 X154.237 Y134.763 E.01824
G1 X153.803 Y134.763 E.0167
M205 X8 Y8
G1 X153.323 Y134.323 F7200
M205 X10 Y10
;WIDTH:0.449999
G1 F3600
G1 X153.323 Y135.677 E.04489
G1 X154.677 Y135.677 E.04489
G1 X154.677 Y134.323 E.04489
G1 X153.363 Y134.323 E.04357
M205 X8 Y8
G1 X152.916 Y133.916 F7200
M205 X10 Y10
G1 F3600
G1 X152.916 Y136.084 E.0719
G1 X155.084 Y136.084 E.0719
G1 X155.084 Y133.916 E.0719
G1 X152.956 Y133.916 E.07057
G1 E-4.5 F2700
;WIPE_START
G1 F3600
G1 X154.956 Y133.916 E-.475
;WIPE_END
G1 E-.025 F2700
M205 X8 Y8
G1 X154.563 Y126.294 Z5.6 F7200
G1 X152.509 Y86.491 Z5.6
G1 Z5.2
G1 E5 F2400
M205 X10 Y10
;TYPE:Inner wall
G1 F2700
G1 X152.509 Y83.509 E.09891
G1 X155.491 Y83.509 E.09891
G1 X155.491 Y86.491 E.09891
G1 X152.549 Y86.491 E.09758
M205 X8 Y8
G1 X152.102 Y86.898 F7200
M205 X10 Y10
G1 F2700
G1 X152.102 Y83.102 E.12591
G1 X155.898 Y83.102 E.12591
G1 X155.898 Y86.898 E.12591
G1 X152.142 Y86.898 E.12459
M205 X8 Y8
G1 X151.71 Y87.29 F7200
M205 X10 Y10
;TYPE:Outer wall
;WIDTH:0.419999
G1 F2400
G1 X151.71 Y82.71 E.14073
G1 X156.29 Y82.71 E.14073
G1 X156.29 Y87.29 E.14073
G1 X151.75 Y87.29 E.1395
G1 E-4.5 F2700
;WIPE_START
G1 F2400
G1 X151.733 Y85.29 E-.475
;WIPE_END
G1 E-.025 F2700
M205 X8 Y8
G1 X153.763 Y85.237 Z5.6 F7200
G1 Z5.2
G1 E5 F2400
M205 X10 Y10
;TYPE:Internal solid infill
;WIDTH:0.516066
G1 F3600
G1 X154.237 Y85.237 E.01824
G1 X154.237 Y84.763 E.01824
G1 X153.763 Y84.763 E.01824
G1 X153.763 Y85.197 E.0167
M205 X8 Y8
G1 X153.323 Y85.677 F7200
M205 X10 Y10
;WIDTH:0.449999
G1 F3600
G1 X154.677 Y85.677 E.04489
G1 X154.677 Y84.323 E.04489
G1 X153.323 Y84.323 E.04489
G1 X153.323 Y85.637 E.04357
M205 X8 Y8
G1 X152.916 Y86.084 F7200
M205 X10 Y10
G1 F3600
G1 X155.084 Y86.084 E.0719
G1 X155.084 Y83.916 E.0719
G1 X152.916 Y83.916 E.0719
G1 X152.916 Y86.044 E.07057
G1 E-4.5 F2700
;WIPE_START
G1 F3600
G1 X152.916 Y84.044 E-.475
;WIPE_END
G1 E-.025 F2700
M205 X8 Y8
G1 X145.325 Y84.837 Z5.6 F7200
G1 X129.491 Y86.491 Z5.6
G1 Z5.2
G1 E5 F2400
M205 X10 Y10
;TYPE:Inner wall
G1 F2700
G1 X126.509 Y86.491 E.09891
G1 X126.509 Y83.509 E.09891
G1 X129.491 Y83.509 E.09891
G1 X129.491 Y86.451 E.09758
M205 X8 Y8
G1 X129.898 Y86.898 F7200
M205 X10 Y10
G1 F2700
G1 X126.102 Y86.898 E.12591
G1 X126.102 Y83.102 E.12591
G1 X129.898 Y83.102 E.12591
G1 X129.898 Y86.858 E.12459
M205 X8 Y8
G1 X130.29 Y87.29 F7200
M205 X10 Y10
;TYPE:Outer wall
;WIDTH:0.419999
G1 F2400
G1 X125.71 Y87.29 E.14073
G1 X125.71 Y82.71 E.14073
G1 X130.29 Y82.71 E.14073
G1 X130.29 Y87.25 E.1395
G1 E-4.5 F2700
;WIPE_START
G1 F2400
G1 X128.29 Y87.267 E-.475
;WIPE_END
G1 E-.025 F2700
M205 X8 Y8
G1 X127.763 Y85.237 Z5.6 F7200
G1 Z5.2
G1 E5 F2400
M205 X10 Y10
;TYPE:Internal solid infill
;WIDTH:0.516066
G1 F3600
G1 X128.237 Y85.237 E.01824
G1 X128.237 Y84.763 E.01824
G1 X127.763 Y84.763 E.01824
G1 X127.763 Y85.197 E.0167
M205 X8 Y8
G1 X127.323 Y85.677 F7200
M205 X10 Y10
;WIDTH:0.449999
G1 F3600
G1 X128.677 Y85.677 E.04489
G1 X128.677 Y84.323 E.04489
G1 X127.323 Y84.323 E.04489
G1 X127.323 Y85.637 E.04357
M205 X8 Y8
G1 X126.916 Y86.084 F7200
M205 X10 Y10
G1 F3600
G1 X129.084 Y86.084 E.0719
G1 X129.084 Y83.916 E.0719
G1 X126.916 Y83.916 E.0719
G1 X126.916 Y86.044 E.07057
G1 E-4.5 F2700
;WIPE_START
G1 F3600
G1 X126.916 Y84.044 E-.475
;WIPE_END
G1 E-.025 F2700
M205 X8 Y8
G1 X119.285 Y84.199 Z5.6 F7200
G1 X104.991 Y84.491 Z5.6
G1 Z5.2
G1 E5 F2400
M205 X10 Y10
;TYPE:Inner wall
G1 F2700
G1 X102.009 Y84.491 E.09891
G1 X102.009 Y81.509 E.09891
G1 X104.991 Y81.509 E.09891
G1 X104.991 Y84.451 E.09758
M205 X8 Y8
G1 X105.398 Y84.898 F7200
M205 X10 Y10
G1 F2700
G1 X101.602 Y84.898 E.12591
G1 X101.602 Y81.102 E.12591
G1 X105.398 Y81.102 E.12591
G1 X105.398 Y84.858 E.12459
M205 X8 Y8
G1 X105.79 Y85.29 F7200
M205 X10 Y10
;TYPE:Outer wall
;WIDTH:0.419999
G1 F2400
G1 X101.21 Y85.29 E.14073
G1 X101.21 Y80.71 E.14073
G1 X105.79 Y80.71 E.14073
G1 X105.79 Y85.25 E.1395
G1 E-4.5 F2700
;WIPE_START
G1 F2400
G1 X103.79 Y85.267 E-.475
;WIPE_END
G1 E-.025 F2700
M205 X8 Y8
G1 X103.737 Y83.237 Z5.6 F7200
G1 Z5.2
G1 E5 F2400
M205 X10 Y10
;TYPE:Internal solid infill
;WIDTH:0.516066
G1 F3600
G1 X103.737 Y82.763 E.01824
G1 X103.263 Y82.763 E.01824
G1 X103.263 Y83.237 E.01824
G1 X103.697 Y83.237 E.0167
M205 X8 Y8
G1 X104.177 Y83.677 F7200
M205 X10 Y10
;WIDTH:0.449999
G1 F3600
G1 X104.177 Y82.323 E.04489
G1 X102.823 Y82.323 E.04489
G1 X102.823 Y83.677 E.04489
G1 X104.137 Y83.677 E.04357
M205 X8 Y8
G1 X104.584 Y84.084 F7200
M205 X10 Y10
G1 F3600
G1 X104.584 Y81.916 E.0719
G1 X102.416 Y81.916 E.0719
G1 X102.416 Y84.084 E.0719
G1 X104.544 Y84.084 E.07057
G1 E-4.5 F2700
;WIPE_START
G1 F3600
G1 X102.544 Y84.084 E-.475
;WIPE_END
G1 E-.025 F2700
M205 X8 Y8
G1 X94.912 Y84.164 Z5.6 F7200
G1 X63.991 Y84.491 Z5.6
G1 Z5.2
G1 E5 F2400
M205 X10 Y10
;TYPE:Inner wall
G1 F2700
G1 X61.009 Y84.491 E.09891
G1 X61.009 Y81.509 E.09891
G1 X63.991 Y81.509 E.09891
G1 X63.991 Y84.451 E.09758
M205 X8 Y8
G1 X64.398 Y84.898 F7200
M205 X10 Y10
G1 F2700
G1 X60.602 Y84.898 E.12591
G1 X60.602 Y81.102 E.12591
G1 X64.398 Y81.102 E.12591
G1 X64.398 Y84.858 E.12459
M205 X8 Y8
G1 X64.79 Y85.29 F7200
M205 X10 Y10
;TYPE:Outer wall
;WIDTH:0.419999
G1 F2400
G1 X60.21 Y85.29 E.14073
G1 X60.21 Y80.71 E.14073
G1 X64.79 Y80.71 E.14073
G1 X64.79 Y85.25 E.1395
G1 E-4.5 F2700
;WIPE_START
G1 F2400
G1 X62.79 Y85.267 E-.475
;WIPE_END
G1 E-.025 F2700
M205 X8 Y8
G1 X62.737 Y83.237 Z5.6 F7200
G1 Z5.2
G1 E5 F2400
M205 X10 Y10
;TYPE:Internal solid infill
;WIDTH:0.516066
G1 F3600
G1 X62.737 Y82.763 E.01824
G1 X62.263 Y82.763 E.01824
G1 X62.263 Y83.237 E.01824
G1 X62.697 Y83.237 E.0167
M205 X8 Y8
G1 X63.177 Y83.677 F7200
M205 X10 Y10
;WIDTH:0.449999
G1 F3600
G1 X63.177 Y82.323 E.04489
G1 X61.823 Y82.323 E.04489
G1 X61.823 Y83.677 E.04489
G1 X63.137 Y83.677 E.04357
M205 X8 Y8
G1 X63.584 Y84.084 F7200
M205 X10 Y10
G1 F3600
G1 X63.584 Y81.916 E.0719
G1 X61.416 Y81.916 E.0719
G1 X61.416 Y84.084 E.0719
G1 X63.544 Y84.084 E.07057
; stop printing object 06_sliding_electronics_carrier_ESP32_PH.stl id:0 copy 0
;TIME_ELAPSED:4025.839844

;LAYER_CHANGE
;:5.4
;HEIGHT:0.2
;BEFORE_LAYER_CHANGE
;5.4
G92 E0

G1 E-4.5 F2700
;WIPE_START
G1 F3600
G1 X61.544 Y84.084 E-.475
;WIPE_END
G1 E-.025 F2700
;_SET_FAN_SPEED_CHANGING_LAYER
; OBJECT_ID: 15
; printing object 06_sliding_electronics_carrier_ESP32_PH.stl id:0 copy 0
M205 X8 Y8
G17
G3 Z5.6 I-1.216 J.058 P1  F7200
G1 X63.991 Y135.509 Z5.6
G1 Z5.4
G1 E5 F2400
M205 X10 Y10
;TYPE:Inner wall
G1 F2700
G1 X63.991 Y138.491 E.09891
G1 X61.009 Y138.491 E.09891
G1 X61.009 Y135.509 E.09891
G1 X63.951 Y135.509 E.09758
M205 X8 Y8
G1 X64.398 Y135.102 F7200
M205 X10 Y10
G1 F2700
G1 X64.398 Y138.898 E.12591
G1 X60.602 Y138.898 E.12591
G1 X60.602 Y135.102 E.12591
G1 X64.358 Y135.102 E.12459
M205 X8 Y8
G1 X64.79 Y134.71 F7200
M205 X10 Y10
;TYPE:Outer wall
;WIDTH:0.419999
G1 F2400
G1 X64.79 Y139.29 E.14073
G1 X60.21 Y139.29 E.14073
G1 X60.21 Y134.71 E.14073
G1 X64.75 Y134.71 E.1395
G1 E-4.5 F2700
;WIPE_START
G1 F2400
G1 X64.767 Y136.71 E-.475
;WIPE_END
G1 E-.025 F2700
M205 X8 Y8
G1 X62.737 Y136.763 Z5.8 F7200
G1 Z5.4
G1 E5 F2400
M205 X10 Y10
;TYPE:Internal solid infill
;WIDTH:0.516066
G1 F3600
G1 X62.263 Y136.763 E.01824
G1 X62.263 Y137.237 E.01824
G1 X62.737 Y137.237 E.01824
G1 X62.737 Y136.803 E.0167
M205 X8 Y8
G1 X63.177 Y136.323 F7200
M205 X10 Y10
;WIDTH:0.449999
G1 F3600
G1 X61.823 Y136.323 E.04489
G1 X61.823 Y137.677 E.04489
G1 X63.177 Y137.677 E.04489
G1 X63.177 Y136.363 E.04357
M205 X8 Y8
G1 X63.584 Y135.916 F7200
M205 X10 Y10
G1 F3600
G1 X61.416 Y135.916 E.0719
G1 X61.416 Y138.084 E.0719
G1 X63.584 Y138.084 E.0719
G1 X63.584 Y135.956 E.07057
G1 E-4.5 F2700
;WIPE_START
G1 F3600
G1 X63.584 Y137.956 E-.475
;WIPE_END
G1 E-.025 F2700
M205 X8 Y8
G1 X71.203 Y137.506 Z5.8 F7200
G1 X104.991 Y135.509 Z5.8
G1 Z5.4
G1 E5 F2400
M205 X10 Y10
;TYPE:Inner wall
G1 F2700
G1 X104.991 Y138.491 E.09891
G1 X102.009 Y138.491 E.09891
G1 X102.009 Y135.509 E.09891
G1 X104.951 Y135.509 E.09758
M205 X8 Y8
G1 X105.398 Y135.102 F7200
M205 X10 Y10
M73 P95 R3
G1 F2700
G1 X105.398 Y138.898 E.12591
G1 X101.602 Y138.898 E.12591
G1 X101.602 Y135.102 E.12591
G1 X105.358 Y135.102 E.12459
M205 X8 Y8
G1 X105.79 Y134.71 F7200
M205 X10 Y10
;TYPE:Outer wall
;WIDTH:0.419999
G1 F2400
G1 X105.79 Y139.29 E.14073
G1 X101.21 Y139.29 E.14073
G1 X101.21 Y134.71 E.14073
G1 X105.75 Y134.71 E.1395
G1 E-4.5 F2700
;WIPE_START
G1 F2400
G1 X105.767 Y136.71 E-.475
;WIPE_END
G1 E-.025 F2700
M205 X8 Y8
G1 X103.737 Y136.763 Z5.8 F7200
G1 Z5.4
G1 E5 F2400
M205 X10 Y10
;TYPE:Internal solid infill
;WIDTH:0.516066
G1 F3600
G1 X103.263 Y136.763 E.01824
G1 X103.263 Y137.237 E.01824
G1 X103.737 Y137.237 E.01824
G1 X103.737 Y136.803 E.0167
M205 X8 Y8
G1 X104.177 Y136.323 F7200
M205 X10 Y10
;WIDTH:0.449999
G1 F3600
G1 X102.823 Y136.323 E.04489
G1 X102.823 Y137.677 E.04489
G1 X104.177 Y137.677 E.04489
G1 X104.177 Y136.363 E.04357
M205 X8 Y8
G1 X104.584 Y135.916 F7200
M205 X10 Y10
G1 F3600
G1 X102.416 Y135.916 E.0719
G1 X102.416 Y138.084 E.0719
G1 X104.584 Y138.084 E.0719
G1 X104.584 Y135.956 E.07057
G1 E-4.5 F2700
;WIPE_START
G1 F3600
G1 X104.584 Y137.956 E-.475
;WIPE_END
G1 E-.025 F2700
M205 X8 Y8
G1 X112.064 Y136.439 Z5.8 F7200
G1 X126.509 Y133.509 Z5.8
G1 Z5.4
G1 E5 F2400
M205 X10 Y10
;TYPE:Inner wall
G1 F2700
G1 X129.491 Y133.509 E.09891
G1 X129.491 Y136.491 E.09891
G1 X126.509 Y136.491 E.09891
G1 X126.509 Y133.549 E.09758
M205 X8 Y8
G1 X126.102 Y133.102 F7200
M205 X10 Y10
G1 F2700
G1 X129.898 Y133.102 E.12591
G1 X129.898 Y136.898 E.12591
G1 X126.102 Y136.898 E.12591
G1 X126.102 Y133.142 E.12459
M205 X8 Y8
G1 X125.71 Y132.71 F7200
M205 X10 Y10
;TYPE:Outer wall
;WIDTH:0.419999
G1 F2400
G1 X130.29 Y132.71 E.14073
G1 X130.29 Y137.29 E.14073
G1 X125.71 Y137.29 E.14073
G1 X125.71 Y132.75 E.1395
G1 E-4.5 F2700
;WIPE_START
G1 F2400
G1 X127.71 Y132.733 E-.475
;WIPE_END
G1 E-.025 F2700
M205 X8 Y8
G1 X127.763 Y134.763 Z5.8 F7200
G1 Z5.4
G1 E5 F2400
M205 X10 Y10
;TYPE:Internal solid infill
;WIDTH:0.516066
G1 F3600
G1 X127.763 Y135.237 E.01824
G1 X128.237 Y135.237 E.01824
G1 X128.237 Y134.763 E.01824
G1 X127.803 Y134.763 E.0167
M205 X8 Y8
G1 X127.323 Y134.323 F7200
M205 X10 Y10
;WIDTH:0.449999
G1 F3600
G1 X127.323 Y135.677 E.04489
G1 X128.677 Y135.677 E.04489
G1 X128.677 Y134.323 E.04489
G1 X127.363 Y134.323 E.04357
M205 X8 Y8
G1 X126.916 Y133.916 F7200
M205 X10 Y10
G1 F3600
G1 X126.916 Y136.084 E.0719
G1 X129.084 Y136.084 E.0719
G1 X129.084 Y133.916 E.0719
G1 X126.956 Y133.916 E.07057
G1 E-4.5 F2700
;WIPE_START
G1 F3600
G1 X128.956 Y133.916 E-.475
;WIPE_END
G1 E-.025 F2700
M205 X8 Y8
G1 X136.588 Y133.784 Z5.8 F7200
G1 X152.509 Y133.509 Z5.8
G1 Z5.4
G1 E5 F2400
M205 X10 Y10
;TYPE:Inner wall
G1 F2700
G1 X155.491 Y133.509 E.09891
G1 X155.491 Y136.491 E.09891
G1 X152.509 Y136.491 E.09891
G1 X152.509 Y133.549 E.09758
M205 X8 Y8
G1 X152.102 Y133.102 F7200
M205 X10 Y10
G1 F2700
G1 X155.898 Y133.102 E.12591
G1 X155.898 Y136.898 E.12591
G1 X152.102 Y136.898 E.12591
G1 X152.102 Y133.142 E.12459
M205 X8 Y8
G1 X151.71 Y132.71 F7200
M205 X10 Y10
;TYPE:Outer wall
;WIDTH:0.419999
G1 F2400
G1 X156.29 Y132.71 E.14073
G1 X156.29 Y137.29 E.14073
G1 X151.71 Y137.29 E.14073
G1 X151.71 Y132.75 E.1395
G1 E-4.5 F2700
;WIPE_START
G1 F2400
G1 X153.71 Y132.733 E-.475
;WIPE_END
G1 E-.025 F2700
M205 X8 Y8
G1 X153.763 Y134.763 Z5.8 F7200
G1 Z5.4
G1 E5 F2400
M205 X10 Y10
;TYPE:Internal solid infill
;WIDTH:0.516066
G1 F3600
G1 X153.763 Y135.237 E.01824
G1 X154.237 Y135.237 E.01824
G1 X154.237 Y134.763 E.01824
G1 X153.803 Y134.763 E.0167
M205 X8 Y8
G1 X153.323 Y134.323 F7200
M205 X10 Y10
;WIDTH:0.449999
G1 F3600
G1 X153.323 Y135.677 E.04489
G1 X154.677 Y135.677 E.04489
G1 X154.677 Y134.323 E.04489
G1 X153.363 Y134.323 E.04357
M205 X8 Y8
G1 X152.916 Y133.916 F7200
M205 X10 Y10
G1 F3600
G1 X152.916 Y136.084 E.0719
G1 X155.084 Y136.084 E.0719
G1 X155.084 Y133.916 E.0719
G1 X152.956 Y133.916 E.07057
G1 E-4.5 F2700
;WIPE_START
G1 F3600
G1 X154.956 Y133.916 E-.475
;WIPE_END
G1 E-.025 F2700
M205 X8 Y8
G1 X154.563 Y126.294 Z5.8 F7200
G1 X152.509 Y86.491 Z5.8
G1 Z5.4
G1 E5 F2400
M205 X10 Y10
;TYPE:Inner wall
G1 F2700
G1 X152.509 Y83.509 E.09891
G1 X155.491 Y83.509 E.09891
G1 X155.491 Y86.491 E.09891
G1 X152.549 Y86.491 E.09758
M205 X8 Y8
G1 X152.102 Y86.898 F7200
M205 X10 Y10
G1 F2700
G1 X152.102 Y83.102 E.12591
G1 X155.898 Y83.102 E.12591
G1 X155.898 Y86.898 E.12591
G1 X152.142 Y86.898 E.12459
M205 X8 Y8
G1 X151.71 Y87.29 F7200
M205 X10 Y10
;TYPE:Outer wall
;WIDTH:0.419999
G1 F2400
G1 X151.71 Y82.71 E.14073
G1 X156.29 Y82.71 E.14073
G1 X156.29 Y87.29 E.14073
G1 X151.75 Y87.29 E.1395
G1 E-4.5 F2700
;WIPE_START
G1 F2400
G1 X151.733 Y85.29 E-.475
;WIPE_END
G1 E-.025 F2700
M205 X8 Y8
G1 X153.763 Y85.237 Z5.8 F7200
G1 Z5.4
G1 E5 F2400
M205 X10 Y10
;TYPE:Internal solid infill
;WIDTH:0.516066
G1 F3600
G1 X154.237 Y85.237 E.01824
G1 X154.237 Y84.763 E.01824
G1 X153.763 Y84.763 E.01824
G1 X153.763 Y85.197 E.0167
M205 X8 Y8
G1 X153.323 Y85.677 F7200
M205 X10 Y10
;WIDTH:0.449999
G1 F3600
G1 X154.677 Y85.677 E.04489
G1 X154.677 Y84.323 E.04489
G1 X153.323 Y84.323 E.04489
G1 X153.323 Y85.637 E.04357
M205 X8 Y8
G1 X152.916 Y86.084 F7200
M205 X10 Y10
G1 F3600
G1 X155.084 Y86.084 E.0719
G1 X155.084 Y83.916 E.0719
G1 X152.916 Y83.916 E.0719
G1 X152.916 Y86.044 E.07057
G1 E-4.5 F2700
;WIPE_START
G1 F3600
G1 X152.916 Y84.044 E-.475
;WIPE_END
G1 E-.025 F2700
M205 X8 Y8
G1 X145.325 Y84.837 Z5.8 F7200
G1 X129.491 Y86.491 Z5.8
G1 Z5.4
G1 E5 F2400
M205 X10 Y10
;TYPE:Inner wall
G1 F2700
G1 X126.509 Y86.491 E.09891
G1 X126.509 Y83.509 E.09891
G1 X129.491 Y83.509 E.09891
G1 X129.491 Y86.451 E.09758
M205 X8 Y8
G1 X129.898 Y86.898 F7200
M205 X10 Y10
G1 F2700
G1 X126.102 Y86.898 E.12591
G1 X126.102 Y83.102 E.12591
G1 X129.898 Y83.102 E.12591
G1 X129.898 Y86.858 E.12459
M205 X8 Y8
G1 X130.29 Y87.29 F7200
M205 X10 Y10
;TYPE:Outer wall
;WIDTH:0.419999
G1 F2400
G1 X125.71 Y87.29 E.14073
G1 X125.71 Y82.71 E.14073
G1 X130.29 Y82.71 E.14073
G1 X130.29 Y87.25 E.1395
G1 E-4.5 F2700
;WIPE_START
G1 F2400
G1 X128.29 Y87.267 E-.475
;WIPE_END
G1 E-.025 F2700
M205 X8 Y8
G1 X127.763 Y85.237 Z5.8 F7200
G1 Z5.4
G1 E5 F2400
M205 X10 Y10
;TYPE:Internal solid infill
;WIDTH:0.516066
G1 F3600
G1 X128.237 Y85.237 E.01824
G1 X128.237 Y84.763 E.01824
G1 X127.763 Y84.763 E.01824
G1 X127.763 Y85.197 E.0167
M205 X8 Y8
G1 X127.323 Y85.677 F7200
M205 X10 Y10
;WIDTH:0.449999
G1 F3600
G1 X128.677 Y85.677 E.04489
G1 X128.677 Y84.323 E.04489
G1 X127.323 Y84.323 E.04489
G1 X127.323 Y85.637 E.04357
M205 X8 Y8
G1 X126.916 Y86.084 F7200
M205 X10 Y10
G1 F3600
G1 X129.084 Y86.084 E.0719
G1 X129.084 Y83.916 E.0719
G1 X126.916 Y83.916 E.0719
G1 X126.916 Y86.044 E.07057
G1 E-4.5 F2700
;WIPE_START
G1 F3600
G1 X126.916 Y84.044 E-.475
;WIPE_END
G1 E-.025 F2700
M205 X8 Y8
G1 X119.285 Y84.199 Z5.8 F7200
G1 X104.991 Y84.491 Z5.8
G1 Z5.4
G1 E5 F2400
M205 X10 Y10
;TYPE:Inner wall
G1 F2700
G1 X102.009 Y84.491 E.09891
G1 X102.009 Y81.509 E.09891
G1 X104.991 Y81.509 E.09891
G1 X104.991 Y84.451 E.09758
M205 X8 Y8
G1 X105.398 Y84.898 F7200
M205 X10 Y10
G1 F2700
G1 X101.602 Y84.898 E.12591
G1 X101.602 Y81.102 E.12591
G1 X105.398 Y81.102 E.12591
G1 X105.398 Y84.858 E.12459
M205 X8 Y8
G1 X105.79 Y85.29 F7200
M205 X10 Y10
;TYPE:Outer wall
;WIDTH:0.419999
G1 F2400
G1 X101.21 Y85.29 E.14073
G1 X101.21 Y80.71 E.14073
G1 X105.79 Y80.71 E.14073
G1 X105.79 Y85.25 E.1395
G1 E-4.5 F2700
;WIPE_START
G1 F2400
G1 X103.79 Y85.267 E-.475
;WIPE_END
G1 E-.025 F2700
M205 X8 Y8
G1 X103.737 Y83.237 Z5.8 F7200
G1 Z5.4
G1 E5 F2400
M205 X10 Y10
;TYPE:Internal solid infill
;WIDTH:0.516066
G1 F3600
G1 X103.737 Y82.763 E.01824
G1 X103.263 Y82.763 E.01824
G1 X103.263 Y83.237 E.01824
G1 X103.697 Y83.237 E.0167
M205 X8 Y8
G1 X104.177 Y83.677 F7200
M205 X10 Y10
;WIDTH:0.449999
G1 F3600
G1 X104.177 Y82.323 E.04489
G1 X102.823 Y82.323 E.04489
G1 X102.823 Y83.677 E.04489
G1 X104.137 Y83.677 E.04357
M205 X8 Y8
G1 X104.584 Y84.084 F7200
M205 X10 Y10
G1 F3600
G1 X104.584 Y81.916 E.0719
G1 X102.416 Y81.916 E.0719
G1 X102.416 Y84.084 E.0719
G1 X104.544 Y84.084 E.07057
G1 E-4.5 F2700
;WIPE_START
G1 F3600
G1 X102.544 Y84.084 E-.475
;WIPE_END
G1 E-.025 F2700
M205 X8 Y8
G1 X94.912 Y84.164 Z5.8 F7200
G1 X63.991 Y84.491 Z5.8
G1 Z5.4
G1 E5 F2400
M205 X10 Y10
;TYPE:Inner wall
G1 F2700
G1 X61.009 Y84.491 E.09891
G1 X61.009 Y81.509 E.09891
G1 X63.991 Y81.509 E.09891
G1 X63.991 Y84.451 E.09758
M205 X8 Y8
G1 X64.398 Y84.898 F7200
M205 X10 Y10
G1 F2700
G1 X60.602 Y84.898 E.12591
G1 X60.602 Y81.102 E.12591
G1 X64.398 Y81.102 E.12591
G1 X64.398 Y84.858 E.12459
M205 X8 Y8
G1 X64.79 Y85.29 F7200
M205 X10 Y10
;TYPE:Outer wall
;WIDTH:0.419999
G1 F2400
G1 X60.21 Y85.29 E.14073
G1 X60.21 Y80.71 E.14073
G1 X64.79 Y80.71 E.14073
G1 X64.79 Y85.25 E.1395
G1 E-4.5 F2700
;WIPE_START
G1 F2400
G1 X62.79 Y85.267 E-.475
;WIPE_END
G1 E-.025 F2700
M205 X8 Y8
G1 X62.737 Y83.237 Z5.8 F7200
G1 Z5.4
G1 E5 F2400
M205 X10 Y10
;TYPE:Internal solid infill
;WIDTH:0.516066
G1 F3600
G1 X62.737 Y82.763 E.01824
G1 X62.263 Y82.763 E.01824
G1 X62.263 Y83.237 E.01824
G1 X62.697 Y83.237 E.0167
M205 X8 Y8
G1 X63.177 Y83.677 F7200
M205 X10 Y10
;WIDTH:0.449999
G1 F3600
G1 X63.177 Y82.323 E.04489
G1 X61.823 Y82.323 E.04489
G1 X61.823 Y83.677 E.04489
G1 X63.137 Y83.677 E.04357
M205 X8 Y8
G1 X63.584 Y84.084 F7200
M205 X10 Y10
G1 F3600
G1 X63.584 Y81.916 E.0719
G1 X61.416 Y81.916 E.0719
G1 X61.416 Y84.084 E.0719
G1 X63.544 Y84.084 E.07057
; stop printing object 06_sliding_electronics_carrier_ESP32_PH.stl id:0 copy 0
;TIME_ELAPSED:4062.010254

;LAYER_CHANGE
;:5.6
;HEIGHT:0.2
;BEFORE_LAYER_CHANGE
;5.6
G92 E0

G1 E-4.5 F2700
;WIPE_START
G1 F3600
G1 X61.544 Y84.084 E-.475
;WIPE_END
G1 E-.025 F2700
;_SET_FAN_SPEED_CHANGING_LAYER
; OBJECT_ID: 15
; printing object 06_sliding_electronics_carrier_ESP32_PH.stl id:0 copy 0
M205 X8 Y8
G17
G3 Z5.8 I-.2 J1.2 P1  F7200
G1 X63.991 Y84.491 Z5.8
G1 Z5.6
G1 E5 F2400
M205 X10 Y10
;TYPE:Inner wall
G1 F2700
G1 X61.009 Y84.491 E.09891
G1 X61.009 Y81.509 E.09891
G1 X63.991 Y81.509 E.09891
G1 X63.991 Y84.451 E.09758
M205 X8 Y8
G1 X64.398 Y84.898 F7200
M205 X10 Y10
G1 F2700
G1 X60.602 Y84.898 E.12591
G1 X60.602 Y81.102 E.12591
G1 X64.398 Y81.102 E.12591
G1 X64.398 Y84.858 E.12459
M205 X8 Y8
G1 X64.79 Y85.29 F7200
M205 X10 Y10
;TYPE:Outer wall
;WIDTH:0.419999
G1 F2400
G1 X60.21 Y85.29 E.14073
G1 X60.21 Y80.71 E.14073
G1 X64.79 Y80.71 E.14073
G1 X64.79 Y85.25 E.1395
G1 E-4.5 F2700
;WIPE_START
G1 F2400
G1 X62.79 Y85.267 E-.475
;WIPE_END
G1 E-.025 F2700
M205 X8 Y8
G1 X62.737 Y83.237 Z6 F7200
G1 Z5.6
M73 P95 R2
G1 E5 F2400
M205 X10 Y10
;TYPE:Internal solid infill
;WIDTH:0.516066
G1 F3600
G1 X62.737 Y82.763 E.01824
G1 X62.263 Y82.763 E.01824
G1 X62.263 Y83.237 E.01824
G1 X62.697 Y83.237 E.0167
M205 X8 Y8
G1 X63.177 Y83.677 F7200
M205 X10 Y10
;WIDTH:0.449999
G1 F3600
G1 X63.177 Y82.323 E.04489
G1 X61.823 Y82.323 E.04489
G1 X61.823 Y83.677 E.04489
G1 X63.137 Y83.677 E.04357
M205 X8 Y8
G1 X63.584 Y84.084 F7200
M205 X10 Y10
G1 F3600
G1 X63.584 Y81.916 E.0719
G1 X61.416 Y81.916 E.0719
G1 X61.416 Y84.084 E.0719
G1 X63.544 Y84.084 E.07057
G1 E-4.5 F2700
;WIPE_START
G1 F3600
G1 X61.544 Y84.084 E-.475
;WIPE_END
G1 E-.025 F2700
M205 X8 Y8
G1 X69.176 Y84.155 Z6 F7200
G1 X104.991 Y84.491 Z6
G1 Z5.6
G1 E5 F2400
M205 X10 Y10
;TYPE:Inner wall
G1 F2700
G1 X102.009 Y84.491 E.09891
G1 X102.009 Y81.509 E.09891
G1 X104.991 Y81.509 E.09891
G1 X104.991 Y84.451 E.09758
M205 X8 Y8
G1 X105.398 Y84.898 F7200
M205 X10 Y10
G1 F2700
G1 X101.602 Y84.898 E.12591
G1 X101.602 Y81.102 E.12591
G1 X105.398 Y81.102 E.12591
G1 X105.398 Y84.858 E.12459
M205 X8 Y8
G1 X105.79 Y85.29 F7200
M205 X10 Y10
;TYPE:Outer wall
;WIDTH:0.419999
G1 F2400
G1 X101.21 Y85.29 E.14073
G1 X101.21 Y80.71 E.14073
G1 X105.79 Y80.71 E.14073
G1 X105.79 Y85.25 E.1395
G1 E-4.5 F2700
;WIPE_START
G1 F2400
G1 X103.79 Y85.267 E-.475
;WIPE_END
G1 E-.025 F2700
M205 X8 Y8
G1 X103.737 Y83.237 Z6 F7200
G1 Z5.6
G1 E5 F2400
M205 X10 Y10
;TYPE:Internal solid infill
;WIDTH:0.516066
G1 F3600
G1 X103.737 Y82.763 E.01824
G1 X103.263 Y82.763 E.01824
G1 X103.263 Y83.237 E.01824
G1 X103.697 Y83.237 E.0167
M205 X8 Y8
G1 X104.177 Y83.677 F7200
M205 X10 Y10
;WIDTH:0.449999
G1 F3600
G1 X104.177 Y82.323 E.04489
G1 X102.823 Y82.323 E.04489
G1 X102.823 Y83.677 E.04489
G1 X104.137 Y83.677 E.04357
M205 X8 Y8
G1 X104.584 Y84.084 F7200
M205 X10 Y10
G1 F3600
G1 X104.584 Y81.916 E.0719
G1 X102.416 Y81.916 E.0719
G1 X102.416 Y84.084 E.0719
G1 X104.544 Y84.084 E.07057
G1 E-4.5 F2700
;WIPE_START
G1 F3600
G1 X102.544 Y84.084 E-.475
;WIPE_END
G1 E-.025 F2700
M205 X8 Y8
G1 X110.146 Y84.763 Z6 F7200
G1 X129.491 Y86.491 Z6
G1 Z5.6
G1 E5 F2400
M205 X10 Y10
;TYPE:Inner wall
G1 F2700
G1 X126.509 Y86.491 E.09891
G1 X126.509 Y83.509 E.09891
G1 X129.491 Y83.509 E.09891
G1 X129.491 Y86.451 E.09758
M205 X8 Y8
G1 X129.898 Y86.898 F7200
M205 X10 Y10
G1 F2700
G1 X126.102 Y86.898 E.12591
G1 X126.102 Y83.102 E.12591
G1 X129.898 Y83.102 E.12591
G1 X129.898 Y86.858 E.12459
M205 X8 Y8
G1 X130.29 Y87.29 F7200
M205 X10 Y10
;TYPE:Outer wall
;WIDTH:0.419999
G1 F2400
G1 X125.71 Y87.29 E.14073
G1 X125.71 Y82.71 E.14073
G1 X130.29 Y82.71 E.14073
G1 X130.29 Y87.25 E.1395
G1 E-4.5 F2700
;WIPE_START
G1 F2400
G1 X128.29 Y87.267 E-.475
;WIPE_END
G1 E-.025 F2700
M205 X8 Y8
G1 X127.763 Y85.237 Z6 F7200
G1 Z5.6
G1 E5 F2400
M205 X10 Y10
;TYPE:Internal solid infill
;WIDTH:0.516066
G1 F3600
G1 X128.237 Y85.237 E.01824
G1 X128.237 Y84.763 E.01824
G1 X127.763 Y84.763 E.01824
G1 X127.763 Y85.197 E.0167
M205 X8 Y8
G1 X127.323 Y85.677 F7200
M205 X10 Y10
;WIDTH:0.449999
G1 F3600
G1 X128.677 Y85.677 E.04489
G1 X128.677 Y84.323 E.04489
G1 X127.323 Y84.323 E.04489
G1 X127.323 Y85.637 E.04357
M205 X8 Y8
M73 P96 R2
G1 X126.916 Y86.084 F7200
M205 X10 Y10
G1 F3600
G1 X129.084 Y86.084 E.0719
G1 X129.084 Y83.916 E.0719
G1 X126.916 Y83.916 E.0719
G1 X126.916 Y86.044 E.07057
G1 E-4.5 F2700
;WIPE_START
G1 F3600
G1 X126.916 Y84.044 E-.475
;WIPE_END
G1 E-.025 F2700
M205 X8 Y8
G1 X134.514 Y84.77 Z6 F7200
G1 X152.509 Y86.491 Z6
G1 Z5.6
G1 E5 F2400
M205 X10 Y10
;TYPE:Inner wall
G1 F2700
G1 X152.509 Y83.509 E.09891
G1 X155.491 Y83.509 E.09891
G1 X155.491 Y86.491 E.09891
G1 X152.549 Y86.491 E.09758
M205 X8 Y8
G1 X152.102 Y86.898 F7200
M205 X10 Y10
G1 F2700
G1 X152.102 Y83.102 E.12591
G1 X155.898 Y83.102 E.12591
G1 X155.898 Y86.898 E.12591
G1 X152.142 Y86.898 E.12459
M205 X8 Y8
G1 X151.71 Y87.29 F7200
M205 X10 Y10
;TYPE:Outer wall
;WIDTH:0.419999
G1 F2400
G1 X151.71 Y82.71 E.14073
G1 X156.29 Y82.71 E.14073
G1 X156.29 Y87.29 E.14073
G1 X151.75 Y87.29 E.1395
G1 E-4.5 F2700
;WIPE_START
G1 F2400
G1 X151.733 Y85.29 E-.475
;WIPE_END
G1 E-.025 F2700
M205 X8 Y8
G1 X153.763 Y85.237 Z6 F7200
G1 Z5.6
G1 E5 F2400
M205 X10 Y10
;TYPE:Internal solid infill
;WIDTH:0.516066
G1 F3600
G1 X154.237 Y85.237 E.01824
G1 X154.237 Y84.763 E.01824
G1 X153.763 Y84.763 E.01824
G1 X153.763 Y85.197 E.0167
M205 X8 Y8
G1 X153.323 Y85.677 F7200
M205 X10 Y10
;WIDTH:0.449999
G1 F3600
G1 X154.677 Y85.677 E.04489
G1 X154.677 Y84.323 E.04489
G1 X153.323 Y84.323 E.04489
G1 X153.323 Y85.637 E.04357
M205 X8 Y8
G1 X152.916 Y86.084 F7200
M205 X10 Y10
G1 F3600
G1 X155.084 Y86.084 E.0719
G1 X155.084 Y83.916 E.0719
G1 X152.916 Y83.916 E.0719
G1 X152.916 Y86.044 E.07057
G1 E-4.5 F2700
;WIPE_START
G1 F3600
G1 X152.916 Y84.044 E-.475
;WIPE_END
G1 E-.025 F2700
M205 X8 Y8
G1 X152.853 Y91.676 Z6 F7200
G1 X152.509 Y133.509 Z6
G1 Z5.6
G1 E5 F2400
M205 X10 Y10
;TYPE:Inner wall
G1 F2700
G1 X155.491 Y133.509 E.09891
G1 X155.491 Y136.491 E.09891
G1 X152.509 Y136.491 E.09891
G1 X152.509 Y133.549 E.09758
M205 X8 Y8
G1 X152.102 Y133.102 F7200
M205 X10 Y10
G1 F2700
G1 X155.898 Y133.102 E.12591
G1 X155.898 Y136.898 E.12591
G1 X152.102 Y136.898 E.12591
G1 X152.102 Y133.142 E.12459
M205 X8 Y8
G1 X151.71 Y132.71 F7200
M205 X10 Y10
;TYPE:Outer wall
;WIDTH:0.419999
G1 F2400
G1 X156.29 Y132.71 E.14073
G1 X156.29 Y137.29 E.14073
G1 X151.71 Y137.29 E.14073
G1 X151.71 Y132.75 E.1395
G1 E-4.5 F2700
;WIPE_START
G1 F2400
G1 X153.71 Y132.733 E-.475
;WIPE_END
G1 E-.025 F2700
M205 X8 Y8
G1 X153.763 Y134.763 Z6 F7200
G1 Z5.6
G1 E5 F2400
M205 X10 Y10
;TYPE:Internal solid infill
;WIDTH:0.516066
G1 F3600
G1 X153.763 Y135.237 E.01824
G1 X154.237 Y135.237 E.01824
G1 X154.237 Y134.763 E.01824
G1 X153.803 Y134.763 E.0167
M205 X8 Y8
G1 X153.323 Y134.323 F7200
M205 X10 Y10
;WIDTH:0.449999
G1 F3600
G1 X153.323 Y135.677 E.04489
G1 X154.677 Y135.677 E.04489
G1 X154.677 Y134.323 E.04489
G1 X153.363 Y134.323 E.04357
M205 X8 Y8
G1 X152.916 Y133.916 F7200
M205 X10 Y10
G1 F3600
G1 X152.916 Y136.084 E.0719
G1 X155.084 Y136.084 E.0719
G1 X155.084 Y133.916 E.0719
G1 X152.956 Y133.916 E.07057
G1 E-4.5 F2700
;WIPE_START
G1 F3600
G1 X154.956 Y133.916 E-.475
;WIPE_END
G1 E-.025 F2700
M205 X8 Y8
G1 X147.325 Y133.807 Z6 F7200
G1 X126.509 Y133.509 Z6
G1 Z5.6
G1 E5 F2400
M205 X10 Y10
;TYPE:Inner wall
G1 F2700
G1 X129.491 Y133.509 E.09891
G1 X129.491 Y136.491 E.09891
G1 X126.509 Y136.491 E.09891
G1 X126.509 Y133.549 E.09758
M205 X8 Y8
G1 X126.102 Y133.102 F7200
M205 X10 Y10
G1 F2700
G1 X129.898 Y133.102 E.12591
G1 X129.898 Y136.898 E.12591
G1 X126.102 Y136.898 E.12591
G1 X126.102 Y133.142 E.12459
M205 X8 Y8
G1 X125.71 Y132.71 F7200
M205 X10 Y10
;TYPE:Outer wall
;WIDTH:0.419999
G1 F2400
G1 X130.29 Y132.71 E.14073
G1 X130.29 Y137.29 E.14073
G1 X125.71 Y137.29 E.14073
G1 X125.71 Y132.75 E.1395
G1 E-4.5 F2700
;WIPE_START
G1 F2400
G1 X127.71 Y132.733 E-.475
;WIPE_END
G1 E-.025 F2700
M205 X8 Y8
G1 X127.763 Y134.763 Z6 F7200
G1 Z5.6
G1 E5 F2400
M205 X10 Y10
;TYPE:Internal solid infill
;WIDTH:0.516066
G1 F3600
G1 X127.763 Y135.237 E.01824
G1 X128.237 Y135.237 E.01824
G1 X128.237 Y134.763 E.01824
G1 X127.803 Y134.763 E.0167
M205 X8 Y8
G1 X127.323 Y134.323 F7200
M205 X10 Y10
;WIDTH:0.449999
G1 F3600
G1 X127.323 Y135.677 E.04489
G1 X128.677 Y135.677 E.04489
G1 X128.677 Y134.323 E.04489
G1 X127.363 Y134.323 E.04357
M205 X8 Y8
G1 X126.916 Y133.916 F7200
M205 X10 Y10
G1 F3600
G1 X126.916 Y136.084 E.0719
G1 X129.084 Y136.084 E.0719
G1 X129.084 Y133.916 E.0719
G1 X126.956 Y133.916 E.07057
G1 E-4.5 F2700
;WIPE_START
G1 F3600
G1 X128.956 Y133.916 E-.475
;WIPE_END
G1 E-.025 F2700
M205 X8 Y8
G1 X121.341 Y134.422 Z6 F7200
G1 X104.991 Y135.509 Z6
G1 Z5.6
G1 E5 F2400
M205 X10 Y10
;TYPE:Inner wall
G1 F2700
G1 X104.991 Y138.491 E.09891
G1 X102.009 Y138.491 E.09891
G1 X102.009 Y135.509 E.09891
G1 X104.951 Y135.509 E.09758
M205 X8 Y8
G1 X105.398 Y135.102 F7200
M205 X10 Y10
G1 F2700
G1 X105.398 Y138.898 E.12591
G1 X101.602 Y138.898 E.12591
G1 X101.602 Y135.102 E.12591
G1 X105.358 Y135.102 E.12459
M205 X8 Y8
G1 X105.79 Y134.71 F7200
M205 X10 Y10
;TYPE:Outer wall
;WIDTH:0.419999
G1 F2400
G1 X105.79 Y139.29 E.14073
G1 X101.21 Y139.29 E.14073
G1 X101.21 Y134.71 E.14073
G1 X105.75 Y134.71 E.1395
G1 E-4.5 F2700
;WIPE_START
G1 F2400
G1 X105.767 Y136.71 E-.475
;WIPE_END
G1 E-.025 F2700
M205 X8 Y8
G1 X103.737 Y136.763 Z6 F7200
G1 Z5.6
G1 E5 F2400
M205 X10 Y10
;TYPE:Internal solid infill
;WIDTH:0.516066
G1 F3600
G1 X103.263 Y136.763 E.01824
G1 X103.263 Y137.237 E.01824
G1 X103.737 Y137.237 E.01824
G1 X103.737 Y136.803 E.0167
M205 X8 Y8
G1 X104.177 Y136.323 F7200
M205 X10 Y10
;WIDTH:0.449999
G1 F3600
G1 X102.823 Y136.323 E.04489
G1 X102.823 Y137.677 E.04489
G1 X104.177 Y137.677 E.04489
G1 X104.177 Y136.363 E.04357
M205 X8 Y8
G1 X104.584 Y135.916 F7200
M205 X10 Y10
G1 F3600
G1 X102.416 Y135.916 E.0719
G1 X102.416 Y138.084 E.0719
G1 X104.584 Y138.084 E.0719
G1 X104.584 Y135.956 E.07057
G1 E-4.5 F2700
;WIPE_START
G1 F3600
G1 X104.584 Y137.956 E-.475
;WIPE_END
G1 E-.025 F2700
M205 X8 Y8
G1 X96.965 Y137.497 Z6 F7200
G1 X63.991 Y135.509 Z6
G1 Z5.6
G1 E5 F2400
M205 X10 Y10
;TYPE:Inner wall
G1 F2700
G1 X63.991 Y138.491 E.09891
G1 X61.009 Y138.491 E.09891
G1 X61.009 Y135.509 E.09891
G1 X63.951 Y135.509 E.09758
M205 X8 Y8
G1 X64.398 Y135.102 F7200
M205 X10 Y10
G1 F2700
G1 X64.398 Y138.898 E.12591
G1 X60.602 Y138.898 E.12591
G1 X60.602 Y135.102 E.12591
G1 X64.358 Y135.102 E.12459
M205 X8 Y8
G1 X64.79 Y134.71 F7200
M205 X10 Y10
;TYPE:Outer wall
;WIDTH:0.419999
G1 F2400
G1 X64.79 Y139.29 E.14073
G1 X60.21 Y139.29 E.14073
G1 X60.21 Y134.71 E.14073
G1 X64.75 Y134.71 E.1395
G1 E-4.5 F2700
;WIPE_START
G1 F2400
G1 X64.767 Y136.71 E-.475
;WIPE_END
G1 E-.025 F2700
M205 X8 Y8
G1 X62.737 Y136.763 Z6 F7200
G1 Z5.6
G1 E5 F2400
M205 X10 Y10
;TYPE:Internal solid infill
;WIDTH:0.516066
G1 F3600
G1 X62.263 Y136.763 E.01824
G1 X62.263 Y137.237 E.01824
G1 X62.737 Y137.237 E.01824
G1 X62.737 Y136.803 E.0167
M205 X8 Y8
G1 X63.177 Y136.323 F7200
M205 X10 Y10
;WIDTH:0.449999
G1 F3600
G1 X61.823 Y136.323 E.04489
G1 X61.823 Y137.677 E.04489
G1 X63.177 Y137.677 E.04489
G1 X63.177 Y136.363 E.04357
M205 X8 Y8
G1 X63.584 Y135.916 F7200
M205 X10 Y10
G1 F3600
G1 X61.416 Y135.916 E.0719
G1 X61.416 Y138.084 E.0719
G1 X63.584 Y138.084 E.0719
G1 X63.584 Y135.956 E.07057
; stop printing object 06_sliding_electronics_carrier_ESP32_PH.stl id:0 copy 0
;TIME_ELAPSED:4097.851562

;LAYER_CHANGE
;:5.8
;HEIGHT:0.2
;BEFORE_LAYER_CHANGE
;5.8
G92 E0

G1 E-4.5 F2700
;WIPE_START
G1 F3600
G1 X63.584 Y137.956 E-.475
;WIPE_END
G1 E-.025 F2700
;_SET_FAN_SPEED_CHANGING_LAYER
; OBJECT_ID: 15
; printing object 06_sliding_electronics_carrier_ESP32_PH.stl id:0 copy 0
M205 X8 Y8
G17
G3 Z6 I1.2 J.2 P1  F7200
G1 X63.991 Y135.509 Z6
G1 Z5.8
G1 E5 F2400
M205 X10 Y10
;TYPE:Inner wall
G1 F2700
G1 X63.991 Y138.491 E.09891
G1 X61.009 Y138.491 E.09891
G1 X61.009 Y135.509 E.09891
G1 X63.951 Y135.509 E.09758
M205 X8 Y8
G1 X64.398 Y135.102 F7200
M205 X10 Y10
G1 F2700
G1 X64.398 Y138.898 E.12591
G1 X60.602 Y138.898 E.12591
G1 X60.602 Y135.102 E.12591
G1 X64.358 Y135.102 E.12459
M205 X8 Y8
G1 X64.79 Y134.71 F7200
M205 X10 Y10
;TYPE:Outer wall
;WIDTH:0.419999
G1 F2400
G1 X64.79 Y139.29 E.14073
G1 X60.21 Y139.29 E.14073
G1 X60.21 Y134.71 E.14073
G1 X64.75 Y134.71 E.1395
G1 E-4.5 F2700
;WIPE_START
G1 F2400
G1 X64.767 Y136.71 E-.475
;WIPE_END
G1 E-.025 F2700
M205 X8 Y8
G1 X62.737 Y136.763 Z6.2 F7200
G1 Z5.8
G1 E5 F2400
M205 X10 Y10
;TYPE:Internal solid infill
;WIDTH:0.516066
G1 F3600
G1 X62.263 Y136.763 E.01824
G1 X62.263 Y137.237 E.01824
G1 X62.737 Y137.237 E.01824
G1 X62.737 Y136.803 E.0167
M205 X8 Y8
G1 X63.177 Y136.323 F7200
M205 X10 Y10
;WIDTH:0.449999
G1 F3600
G1 X61.823 Y136.323 E.04489
G1 X61.823 Y137.677 E.04489
G1 X63.177 Y137.677 E.04489
G1 X63.177 Y136.363 E.04357
M205 X8 Y8
G1 X63.584 Y135.916 F7200
M205 X10 Y10
G1 F3600
G1 X61.416 Y135.916 E.0719
G1 X61.416 Y138.084 E.0719
G1 X63.584 Y138.084 E.0719
G1 X63.584 Y135.956 E.07057
G1 E-4.5 F2700
;WIPE_START
G1 F3600
G1 X63.584 Y137.956 E-.475
;WIPE_END
G1 E-.025 F2700
M205 X8 Y8
G1 X71.203 Y137.506 Z6.2 F7200
G1 X104.991 Y135.509 Z6.2
G1 Z5.8
G1 E5 F2400
M205 X10 Y10
;TYPE:Inner wall
G1 F2700
G1 X104.991 Y138.491 E.09891
G1 X102.009 Y138.491 E.09891
G1 X102.009 Y135.509 E.09891
G1 X104.951 Y135.509 E.09758
M205 X8 Y8
G1 X105.398 Y135.102 F7200
M205 X10 Y10
G1 F2700
G1 X105.398 Y138.898 E.12591
G1 X101.602 Y138.898 E.12591
G1 X101.602 Y135.102 E.12591
G1 X105.358 Y135.102 E.12459
M205 X8 Y8
G1 X105.79 Y134.71 F7200
M205 X10 Y10
;TYPE:Outer wall
;WIDTH:0.419999
G1 F2400
G1 X105.79 Y139.29 E.14073
G1 X101.21 Y139.29 E.14073
G1 X101.21 Y134.71 E.14073
G1 X105.75 Y134.71 E.1395
G1 E-4.5 F2700
;WIPE_START
G1 F2400
G1 X105.767 Y136.71 E-.475
;WIPE_END
G1 E-.025 F2700
M205 X8 Y8
G1 X103.737 Y136.763 Z6.2 F7200
G1 Z5.8
G1 E5 F2400
M205 X10 Y10
;TYPE:Internal solid infill
;WIDTH:0.516066
G1 F3600
G1 X103.263 Y136.763 E.01824
G1 X103.263 Y137.237 E.01824
G1 X103.737 Y137.237 E.01824
G1 X103.737 Y136.803 E.0167
M205 X8 Y8
G1 X104.177 Y136.323 F7200
M205 X10 Y10
;WIDTH:0.449999
G1 F3600
G1 X102.823 Y136.323 E.04489
G1 X102.823 Y137.677 E.04489
G1 X104.177 Y137.677 E.04489
G1 X104.177 Y136.363 E.04357
M205 X8 Y8
G1 X104.584 Y135.916 F7200
M205 X10 Y10
G1 F3600
G1 X102.416 Y135.916 E.0719
G1 X102.416 Y138.084 E.0719
G1 X104.584 Y138.084 E.0719
G1 X104.584 Y135.956 E.07057
G1 E-4.5 F2700
;WIPE_START
G1 F3600
G1 X104.584 Y137.956 E-.475
;WIPE_END
G1 E-.025 F2700
M205 X8 Y8
G1 X112.064 Y136.439 Z6.2 F7200
G1 X126.509 Y133.509 Z6.2
G1 Z5.8
G1 E5 F2400
M205 X10 Y10
;TYPE:Inner wall
G1 F2700
G1 X129.491 Y133.509 E.09891
G1 X129.491 Y136.491 E.09891
G1 X126.509 Y136.491 E.09891
G1 X126.509 Y133.549 E.09758
M205 X8 Y8
G1 X126.102 Y133.102 F7200
M205 X10 Y10
G1 F2700
G1 X129.898 Y133.102 E.12591
G1 X129.898 Y136.898 E.12591
G1 X126.102 Y136.898 E.12591
G1 X126.102 Y133.142 E.12459
M205 X8 Y8
G1 X125.71 Y132.71 F7200
M205 X10 Y10
;TYPE:Outer wall
;WIDTH:0.419999
G1 F2400
G1 X130.29 Y132.71 E.14073
G1 X130.29 Y137.29 E.14073
G1 X125.71 Y137.29 E.14073
G1 X125.71 Y132.75 E.1395
G1 E-4.5 F2700
;WIPE_START
G1 F2400
G1 X127.71 Y132.733 E-.475
;WIPE_END
G1 E-.025 F2700
M205 X8 Y8
G1 X127.763 Y134.763 Z6.2 F7200
G1 Z5.8
G1 E5 F2400
M205 X10 Y10
;TYPE:Internal solid infill
;WIDTH:0.516066
G1 F3600
G1 X127.763 Y135.237 E.01824
G1 X128.237 Y135.237 E.01824
G1 X128.237 Y134.763 E.01824
G1 X127.803 Y134.763 E.0167
M205 X8 Y8
G1 X127.323 Y134.323 F7200
M205 X10 Y10
;WIDTH:0.449999
G1 F3600
G1 X127.323 Y135.677 E.04489
G1 X128.677 Y135.677 E.04489
G1 X128.677 Y134.323 E.04489
G1 X127.363 Y134.323 E.04357
M205 X8 Y8
G1 X126.916 Y133.916 F7200
M205 X10 Y10
G1 F3600
G1 X126.916 Y136.084 E.0719
G1 X129.084 Y136.084 E.0719
G1 X129.084 Y133.916 E.0719
G1 X126.956 Y133.916 E.07057
G1 E-4.5 F2700
;WIPE_START
G1 F3600
G1 X128.956 Y133.916 E-.475
;WIPE_END
G1 E-.025 F2700
M205 X8 Y8
G1 X136.588 Y133.784 Z6.2 F7200
G1 X152.509 Y133.509 Z6.2
G1 Z5.8
G1 E5 F2400
M205 X10 Y10
;TYPE:Inner wall
G1 F2700
G1 X155.491 Y133.509 E.09891
G1 X155.491 Y136.491 E.09891
G1 X152.509 Y136.491 E.09891
G1 X152.509 Y133.549 E.09758
M205 X8 Y8
G1 X152.102 Y133.102 F7200
M205 X10 Y10
G1 F2700
G1 X155.898 Y133.102 E.12591
G1 X155.898 Y136.898 E.12591
G1 X152.102 Y136.898 E.12591
G1 X152.102 Y133.142 E.12459
M205 X8 Y8
G1 X151.71 Y132.71 F7200
M205 X10 Y10
;TYPE:Outer wall
;WIDTH:0.419999
G1 F2400
G1 X156.29 Y132.71 E.14073
G1 X156.29 Y137.29 E.14073
G1 X151.71 Y137.29 E.14073
G1 X151.71 Y132.75 E.1395
G1 E-4.5 F2700
;WIPE_START
G1 F2400
G1 X153.71 Y132.733 E-.475
;WIPE_END
G1 E-.025 F2700
M205 X8 Y8
G1 X153.763 Y134.763 Z6.2 F7200
G1 Z5.8
G1 E5 F2400
M205 X10 Y10
;TYPE:Internal solid infill
;WIDTH:0.516066
G1 F3600
G1 X153.763 Y135.237 E.01824
G1 X154.237 Y135.237 E.01824
G1 X154.237 Y134.763 E.01824
G1 X153.803 Y134.763 E.0167
M205 X8 Y8
G1 X153.323 Y134.323 F7200
M205 X10 Y10
;WIDTH:0.449999
G1 F3600
G1 X153.323 Y135.677 E.04489
G1 X154.677 Y135.677 E.04489
G1 X154.677 Y134.323 E.04489
G1 X153.363 Y134.323 E.04357
M205 X8 Y8
G1 X152.916 Y133.916 F7200
M205 X10 Y10
G1 F3600
G1 X152.916 Y136.084 E.0719
G1 X155.084 Y136.084 E.0719
G1 X155.084 Y133.916 E.0719
G1 X152.956 Y133.916 E.07057
G1 E-4.5 F2700
;WIPE_START
G1 F3600
G1 X154.956 Y133.916 E-.475
;WIPE_END
G1 E-.025 F2700
M205 X8 Y8
G1 X154.563 Y126.294 Z6.2 F7200
G1 X152.509 Y86.491 Z6.2
G1 Z5.8
G1 E5 F2400
M205 X10 Y10
;TYPE:Inner wall
G1 F2700
G1 X152.509 Y83.509 E.09891
G1 X155.491 Y83.509 E.09891
G1 X155.491 Y86.491 E.09891
G1 X152.549 Y86.491 E.09758
M205 X8 Y8
G1 X152.102 Y86.898 F7200
M205 X10 Y10
M73 P97 R2
G1 F2700
G1 X152.102 Y83.102 E.12591
G1 X155.898 Y83.102 E.12591
G1 X155.898 Y86.898 E.12591
G1 X152.142 Y86.898 E.12459
M205 X8 Y8
G1 X151.71 Y87.29 F7200
M205 X10 Y10
;TYPE:Outer wall
;WIDTH:0.419999
G1 F2400
G1 X151.71 Y82.71 E.14073
G1 X156.29 Y82.71 E.14073
G1 X156.29 Y87.29 E.14073
G1 X151.75 Y87.29 E.1395
G1 E-4.5 F2700
;WIPE_START
G1 F2400
G1 X151.733 Y85.29 E-.475
;WIPE_END
G1 E-.025 F2700
M205 X8 Y8
G1 X153.763 Y85.237 Z6.2 F7200
G1 Z5.8
G1 E5 F2400
M205 X10 Y10
;TYPE:Internal solid infill
;WIDTH:0.516066
G1 F3600
G1 X154.237 Y85.237 E.01824
G1 X154.237 Y84.763 E.01824
G1 X153.763 Y84.763 E.01824
G1 X153.763 Y85.197 E.0167
M205 X8 Y8
G1 X153.323 Y85.677 F7200
M205 X10 Y10
;WIDTH:0.449999
G1 F3600
G1 X154.677 Y85.677 E.04489
G1 X154.677 Y84.323 E.04489
G1 X153.323 Y84.323 E.04489
G1 X153.323 Y85.637 E.04357
M205 X8 Y8
G1 X152.916 Y86.084 F7200
M205 X10 Y10
G1 F3600
G1 X155.084 Y86.084 E.0719
G1 X155.084 Y83.916 E.0719
G1 X152.916 Y83.916 E.0719
G1 X152.916 Y86.044 E.07057
G1 E-4.5 F2700
;WIPE_START
G1 F3600
G1 X152.916 Y84.044 E-.475
;WIPE_END
G1 E-.025 F2700
M205 X8 Y8
G1 X145.325 Y84.837 Z6.2 F7200
G1 X129.491 Y86.491 Z6.2
G1 Z5.8
G1 E5 F2400
M205 X10 Y10
;TYPE:Inner wall
G1 F2700
G1 X126.509 Y86.491 E.09891
G1 X126.509 Y83.509 E.09891
G1 X129.491 Y83.509 E.09891
G1 X129.491 Y86.451 E.09758
M205 X8 Y8
G1 X129.898 Y86.898 F7200
M205 X10 Y10
G1 F2700
G1 X126.102 Y86.898 E.12591
G1 X126.102 Y83.102 E.12591
G1 X129.898 Y83.102 E.12591
G1 X129.898 Y86.858 E.12459
M205 X8 Y8
G1 X130.29 Y87.29 F7200
M205 X10 Y10
;TYPE:Outer wall
;WIDTH:0.419999
G1 F2400
G1 X125.71 Y87.29 E.14073
G1 X125.71 Y82.71 E.14073
G1 X130.29 Y82.71 E.14073
G1 X130.29 Y87.25 E.1395
G1 E-4.5 F2700
;WIPE_START
G1 F2400
G1 X128.29 Y87.267 E-.475
;WIPE_END
G1 E-.025 F2700
M205 X8 Y8
G1 X127.763 Y85.237 Z6.2 F7200
G1 Z5.8
G1 E5 F2400
M205 X10 Y10
;TYPE:Internal solid infill
;WIDTH:0.516066
G1 F3600
G1 X128.237 Y85.237 E.01824
G1 X128.237 Y84.763 E.01824
G1 X127.763 Y84.763 E.01824
G1 X127.763 Y85.197 E.0167
M205 X8 Y8
G1 X127.323 Y85.677 F7200
M205 X10 Y10
;WIDTH:0.449999
G1 F3600
G1 X128.677 Y85.677 E.04489
G1 X128.677 Y84.323 E.04489
G1 X127.323 Y84.323 E.04489
G1 X127.323 Y85.637 E.04357
M205 X8 Y8
G1 X126.916 Y86.084 F7200
M205 X10 Y10
G1 F3600
G1 X129.084 Y86.084 E.0719
G1 X129.084 Y83.916 E.0719
G1 X126.916 Y83.916 E.0719
G1 X126.916 Y86.044 E.07057
G1 E-4.5 F2700
;WIPE_START
G1 F3600
G1 X126.916 Y84.044 E-.475
;WIPE_END
G1 E-.025 F2700
M205 X8 Y8
G1 X119.285 Y84.199 Z6.2 F7200
G1 X104.991 Y84.491 Z6.2
G1 Z5.8
M73 P97 R1
G1 E5 F2400
M205 X10 Y10
;TYPE:Inner wall
G1 F2700
G1 X102.009 Y84.491 E.09891
G1 X102.009 Y81.509 E.09891
G1 X104.991 Y81.509 E.09891
G1 X104.991 Y84.451 E.09758
M205 X8 Y8
G1 X105.398 Y84.898 F7200
M205 X10 Y10
G1 F2700
G1 X101.602 Y84.898 E.12591
G1 X101.602 Y81.102 E.12591
G1 X105.398 Y81.102 E.12591
G1 X105.398 Y84.858 E.12459
M205 X8 Y8
G1 X105.79 Y85.29 F7200
M205 X10 Y10
;TYPE:Outer wall
;WIDTH:0.419999
G1 F2400
G1 X101.21 Y85.29 E.14073
G1 X101.21 Y80.71 E.14073
G1 X105.79 Y80.71 E.14073
G1 X105.79 Y85.25 E.1395
G1 E-4.5 F2700
;WIPE_START
G1 F2400
G1 X103.79 Y85.267 E-.475
;WIPE_END
G1 E-.025 F2700
M205 X8 Y8
G1 X103.737 Y83.237 Z6.2 F7200
G1 Z5.8
G1 E5 F2400
M205 X10 Y10
;TYPE:Internal solid infill
;WIDTH:0.516066
G1 F3600
G1 X103.737 Y82.763 E.01824
G1 X103.263 Y82.763 E.01824
G1 X103.263 Y83.237 E.01824
G1 X103.697 Y83.237 E.0167
M205 X8 Y8
G1 X104.177 Y83.677 F7200
M205 X10 Y10
;WIDTH:0.449999
G1 F3600
G1 X104.177 Y82.323 E.04489
G1 X102.823 Y82.323 E.04489
G1 X102.823 Y83.677 E.04489
G1 X104.137 Y83.677 E.04357
M205 X8 Y8
G1 X104.584 Y84.084 F7200
M205 X10 Y10
G1 F3600
G1 X104.584 Y81.916 E.0719
G1 X102.416 Y81.916 E.0719
G1 X102.416 Y84.084 E.0719
G1 X104.544 Y84.084 E.07057
G1 E-4.5 F2700
;WIPE_START
G1 F3600
G1 X102.544 Y84.084 E-.475
;WIPE_END
G1 E-.025 F2700
M205 X8 Y8
G1 X94.912 Y84.164 Z6.2 F7200
G1 X63.991 Y84.491 Z6.2
G1 Z5.8
G1 E5 F2400
M205 X10 Y10
;TYPE:Inner wall
G1 F2700
G1 X61.009 Y84.491 E.09891
G1 X61.009 Y81.509 E.09891
G1 X63.991 Y81.509 E.09891
G1 X63.991 Y84.451 E.09758
M205 X8 Y8
G1 X64.398 Y84.898 F7200
M205 X10 Y10
G1 F2700
G1 X60.602 Y84.898 E.12591
G1 X60.602 Y81.102 E.12591
G1 X64.398 Y81.102 E.12591
G1 X64.398 Y84.858 E.12459
M205 X8 Y8
G1 X64.79 Y85.29 F7200
M205 X10 Y10
;TYPE:Outer wall
;WIDTH:0.419999
G1 F2400
G1 X60.21 Y85.29 E.14073
G1 X60.21 Y80.71 E.14073
G1 X64.79 Y80.71 E.14073
G1 X64.79 Y85.25 E.1395
G1 E-4.5 F2700
;WIPE_START
G1 F2400
G1 X62.79 Y85.267 E-.475
;WIPE_END
G1 E-.025 F2700
M205 X8 Y8
G1 X62.737 Y83.237 Z6.2 F7200
G1 Z5.8
G1 E5 F2400
M205 X10 Y10
;TYPE:Internal solid infill
;WIDTH:0.516066
G1 F3600
G1 X62.737 Y82.763 E.01824
G1 X62.263 Y82.763 E.01824
G1 X62.263 Y83.237 E.01824
G1 X62.697 Y83.237 E.0167
M205 X8 Y8
G1 X63.177 Y83.677 F7200
M205 X10 Y10
;WIDTH:0.449999
G1 F3600
G1 X63.177 Y82.323 E.04489
G1 X61.823 Y82.323 E.04489
G1 X61.823 Y83.677 E.04489
G1 X63.137 Y83.677 E.04357
M205 X8 Y8
G1 X63.584 Y84.084 F7200
M205 X10 Y10
G1 F3600
G1 X63.584 Y81.916 E.0719
G1 X61.416 Y81.916 E.0719
G1 X61.416 Y84.084 E.0719
G1 X63.544 Y84.084 E.07057
; stop printing object 06_sliding_electronics_carrier_ESP32_PH.stl id:0 copy 0
;TIME_ELAPSED:4133.493652

;LAYER_CHANGE
;:6
;HEIGHT:0.2
;BEFORE_LAYER_CHANGE
;6
G92 E0

G1 E-4.5 F2700
;WIPE_START
G1 F3600
G1 X61.544 Y84.084 E-.475
;WIPE_END
G1 E-.025 F2700
;_SET_FAN_SPEED_CHANGING_LAYER
; OBJECT_ID: 15
; printing object 06_sliding_electronics_carrier_ESP32_PH.stl id:0 copy 0
M205 X8 Y8
G17
G3 Z6.2 I-1.216 J.058 P1  F7200
G1 X63.991 Y135.509 Z6.2
G1 Z6
G1 E5 F2400
M205 X10 Y10
;TYPE:Inner wall
G1 F2700
G1 X63.991 Y138.491 E.09891
G1 X61.009 Y138.491 E.09891
G1 X61.009 Y135.509 E.09891
G1 X63.951 Y135.509 E.09758
M205 X8 Y8
G1 X64.398 Y135.102 F7200
M205 X10 Y10
G1 F2700
G1 X64.398 Y138.898 E.12591
G1 X60.602 Y138.898 E.12591
G1 X60.602 Y135.102 E.12591
G1 X64.358 Y135.102 E.12459
M205 X8 Y8
G1 X64.79 Y134.71 F7200
M205 X10 Y10
;TYPE:Outer wall
;WIDTH:0.419999
G1 F2400
G1 X64.79 Y139.29 E.14073
G1 X60.21 Y139.29 E.14073
G1 X60.21 Y134.71 E.14073
G1 X64.75 Y134.71 E.1395
G1 E-4.5 F2700
;WIPE_START
G1 F2400
G1 X64.767 Y136.71 E-.475
;WIPE_END
G1 E-.025 F2700
M205 X8 Y8
G1 X62.737 Y136.763 Z6.4 F7200
G1 Z6
G1 E5 F2400
M205 X10 Y10
;TYPE:Internal solid infill
;WIDTH:0.516066
G1 F3600
G1 X62.263 Y136.763 E.01824
G1 X62.263 Y137.237 E.01824
G1 X62.737 Y137.237 E.01824
G1 X62.737 Y136.803 E.0167
M205 X8 Y8
G1 X63.177 Y136.323 F7200
M205 X10 Y10
;WIDTH:0.449999
G1 F3600
G1 X61.823 Y136.323 E.04489
G1 X61.823 Y137.677 E.04489
G1 X63.177 Y137.677 E.04489
G1 X63.177 Y136.363 E.04357
M205 X8 Y8
G1 X63.584 Y135.916 F7200
M205 X10 Y10
G1 F3600
G1 X61.416 Y135.916 E.0719
G1 X61.416 Y138.084 E.0719
G1 X63.584 Y138.084 E.0719
G1 X63.584 Y135.956 E.07057
G1 E-4.5 F2700
;WIPE_START
G1 F3600
G1 X63.584 Y137.956 E-.475
;WIPE_END
G1 E-.025 F2700
M205 X8 Y8
G1 X71.203 Y137.506 Z6.4 F7200
G1 X104.991 Y135.509 Z6.4
G1 Z6
G1 E5 F2400
M205 X10 Y10
;TYPE:Inner wall
G1 F2700
G1 X104.991 Y138.491 E.09891
G1 X102.009 Y138.491 E.09891
G1 X102.009 Y135.509 E.09891
G1 X104.951 Y135.509 E.09758
M205 X8 Y8
G1 X105.398 Y135.102 F7200
M205 X10 Y10
G1 F2700
G1 X105.398 Y138.898 E.12591
G1 X101.602 Y138.898 E.12591
G1 X101.602 Y135.102 E.12591
G1 X105.358 Y135.102 E.12459
M205 X8 Y8
G1 X105.79 Y134.71 F7200
M205 X10 Y10
;TYPE:Outer wall
;WIDTH:0.419999
G1 F2400
G1 X105.79 Y139.29 E.14073
G1 X101.21 Y139.29 E.14073
G1 X101.21 Y134.71 E.14073
G1 X105.75 Y134.71 E.1395
G1 E-4.5 F2700
;WIPE_START
G1 F2400
G1 X105.767 Y136.71 E-.475
;WIPE_END
G1 E-.025 F2700
M205 X8 Y8
G1 X103.737 Y136.763 Z6.4 F7200
G1 Z6
G1 E5 F2400
M205 X10 Y10
;TYPE:Internal solid infill
;WIDTH:0.516066
G1 F3600
G1 X103.263 Y136.763 E.01824
G1 X103.263 Y137.237 E.01824
G1 X103.737 Y137.237 E.01824
G1 X103.737 Y136.803 E.0167
M205 X8 Y8
G1 X104.177 Y136.323 F7200
M205 X10 Y10
;WIDTH:0.449999
G1 F3600
G1 X102.823 Y136.323 E.04489
G1 X102.823 Y137.677 E.04489
G1 X104.177 Y137.677 E.04489
G1 X104.177 Y136.363 E.04357
M205 X8 Y8
G1 X104.584 Y135.916 F7200
M205 X10 Y10
G1 F3600
G1 X102.416 Y135.916 E.0719
G1 X102.416 Y138.084 E.0719
G1 X104.584 Y138.084 E.0719
G1 X104.584 Y135.956 E.07057
G1 E-4.5 F2700
;WIPE_START
G1 F3600
G1 X104.584 Y137.956 E-.475
;WIPE_END
G1 E-.025 F2700
M205 X8 Y8
G1 X112.064 Y136.439 Z6.4 F7200
G1 X126.509 Y133.509 Z6.4
G1 Z6
G1 E5 F2400
M205 X10 Y10
;TYPE:Inner wall
G1 F2700
G1 X129.491 Y133.509 E.09891
G1 X129.491 Y136.491 E.09891
G1 X126.509 Y136.491 E.09891
G1 X126.509 Y133.549 E.09758
M205 X8 Y8
G1 X126.102 Y133.102 F7200
M205 X10 Y10
G1 F2700
G1 X129.898 Y133.102 E.12591
G1 X129.898 Y136.898 E.12591
G1 X126.102 Y136.898 E.12591
G1 X126.102 Y133.142 E.12459
M205 X8 Y8
G1 X125.71 Y132.71 F7200
M205 X10 Y10
;TYPE:Outer wall
;WIDTH:0.419999
G1 F2400
G1 X130.29 Y132.71 E.14073
G1 X130.29 Y137.29 E.14073
G1 X125.71 Y137.29 E.14073
G1 X125.71 Y132.75 E.1395
G1 E-4.5 F2700
;WIPE_START
G1 F2400
G1 X127.71 Y132.733 E-.475
;WIPE_END
G1 E-.025 F2700
M205 X8 Y8
G1 X127.763 Y134.763 Z6.4 F7200
G1 Z6
G1 E5 F2400
M205 X10 Y10
;TYPE:Internal solid infill
;WIDTH:0.516066
G1 F3600
G1 X127.763 Y135.237 E.01824
G1 X128.237 Y135.237 E.01824
G1 X128.237 Y134.763 E.01824
G1 X127.803 Y134.763 E.0167
M205 X8 Y8
G1 X127.323 Y134.323 F7200
M205 X10 Y10
;WIDTH:0.449999
G1 F3600
G1 X127.323 Y135.677 E.04489
G1 X128.677 Y135.677 E.04489
G1 X128.677 Y134.323 E.04489
G1 X127.363 Y134.323 E.04357
M205 X8 Y8
G1 X126.916 Y133.916 F7200
M205 X10 Y10
G1 F3600
G1 X126.916 Y136.084 E.0719
G1 X129.084 Y136.084 E.0719
G1 X129.084 Y133.916 E.0719
G1 X126.956 Y133.916 E.07057
G1 E-4.5 F2700
;WIPE_START
G1 F3600
G1 X128.956 Y133.916 E-.475
;WIPE_END
G1 E-.025 F2700
M205 X8 Y8
G1 X136.588 Y133.784 Z6.4 F7200
G1 X152.509 Y133.509 Z6.4
G1 Z6
G1 E5 F2400
M205 X10 Y10
;TYPE:Inner wall
G1 F2700
G1 X155.491 Y133.509 E.09891
G1 X155.491 Y136.491 E.09891
G1 X152.509 Y136.491 E.09891
G1 X152.509 Y133.549 E.09758
M205 X8 Y8
G1 X152.102 Y133.102 F7200
M205 X10 Y10
G1 F2700
G1 X155.898 Y133.102 E.12591
G1 X155.898 Y136.898 E.12591
G1 X152.102 Y136.898 E.12591
G1 X152.102 Y133.142 E.12459
M205 X8 Y8
G1 X151.71 Y132.71 F7200
M205 X10 Y10
;TYPE:Outer wall
;WIDTH:0.419999
G1 F2400
G1 X156.29 Y132.71 E.14073
G1 X156.29 Y137.29 E.14073
G1 X151.71 Y137.29 E.14073
G1 X151.71 Y132.75 E.1395
G1 E-4.5 F2700
;WIPE_START
G1 F2400
G1 X153.71 Y132.733 E-.475
;WIPE_END
G1 E-.025 F2700
M205 X8 Y8
G1 X153.763 Y134.763 Z6.4 F7200
G1 Z6
G1 E5 F2400
M205 X10 Y10
;TYPE:Internal solid infill
;WIDTH:0.516066
G1 F3600
G1 X153.763 Y135.237 E.01824
G1 X154.237 Y135.237 E.01824
G1 X154.237 Y134.763 E.01824
G1 X153.803 Y134.763 E.0167
M205 X8 Y8
G1 X153.323 Y134.323 F7200
M205 X10 Y10
;WIDTH:0.449999
G1 F3600
G1 X153.323 Y135.677 E.04489
G1 X154.677 Y135.677 E.04489
G1 X154.677 Y134.323 E.04489
G1 X153.363 Y134.323 E.04357
M205 X8 Y8
G1 X152.916 Y133.916 F7200
M205 X10 Y10
G1 F3600
G1 X152.916 Y136.084 E.0719
G1 X155.084 Y136.084 E.0719
G1 X155.084 Y133.916 E.0719
G1 X152.956 Y133.916 E.07057
G1 E-4.5 F2700
;WIPE_START
G1 F3600
G1 X154.956 Y133.916 E-.475
;WIPE_END
G1 E-.025 F2700
M205 X8 Y8
G1 X154.563 Y126.294 Z6.4 F7200
G1 X152.509 Y86.491 Z6.4
G1 Z6
G1 E5 F2400
M205 X10 Y10
;TYPE:Inner wall
G1 F2700
G1 X152.509 Y83.509 E.09891
G1 X155.491 Y83.509 E.09891
G1 X155.491 Y86.491 E.09891
G1 X152.549 Y86.491 E.09758
M205 X8 Y8
G1 X152.102 Y86.898 F7200
M205 X10 Y10
G1 F2700
G1 X152.102 Y83.102 E.12591
G1 X155.898 Y83.102 E.12591
G1 X155.898 Y86.898 E.12591
G1 X152.142 Y86.898 E.12459
M205 X8 Y8
G1 X151.71 Y87.29 F7200
M205 X10 Y10
;TYPE:Outer wall
;WIDTH:0.419999
G1 F2400
G1 X151.71 Y82.71 E.14073
G1 X156.29 Y82.71 E.14073
G1 X156.29 Y87.29 E.14073
G1 X151.75 Y87.29 E.1395
G1 E-4.5 F2700
;WIPE_START
G1 F2400
G1 X151.733 Y85.29 E-.475
;WIPE_END
G1 E-.025 F2700
M205 X8 Y8
G1 X153.763 Y85.237 Z6.4 F7200
G1 Z6
G1 E5 F2400
M205 X10 Y10
;TYPE:Internal solid infill
;WIDTH:0.516066
G1 F3600
G1 X154.237 Y85.237 E.01824
G1 X154.237 Y84.763 E.01824
G1 X153.763 Y84.763 E.01824
G1 X153.763 Y85.197 E.0167
M205 X8 Y8
G1 X153.323 Y85.677 F7200
M205 X10 Y10
;WIDTH:0.449999
G1 F3600
G1 X154.677 Y85.677 E.04489
G1 X154.677 Y84.323 E.04489
G1 X153.323 Y84.323 E.04489
G1 X153.323 Y85.637 E.04357
M205 X8 Y8
G1 X152.916 Y86.084 F7200
M205 X10 Y10
G1 F3600
G1 X155.084 Y86.084 E.0719
G1 X155.084 Y83.916 E.0719
G1 X152.916 Y83.916 E.0719
G1 X152.916 Y86.044 E.07057
G1 E-4.5 F2700
;WIPE_START
G1 F3600
G1 X152.916 Y84.044 E-.475
;WIPE_END
G1 E-.025 F2700
M205 X8 Y8
G1 X145.325 Y84.837 Z6.4 F7200
G1 X129.491 Y86.491 Z6.4
G1 Z6
G1 E5 F2400
M205 X10 Y10
;TYPE:Inner wall
G1 F2700
G1 X126.509 Y86.491 E.09891
G1 X126.509 Y83.509 E.09891
G1 X129.491 Y83.509 E.09891
G1 X129.491 Y86.451 E.09758
M205 X8 Y8
G1 X129.898 Y86.898 F7200
M205 X10 Y10
G1 F2700
G1 X126.102 Y86.898 E.12591
G1 X126.102 Y83.102 E.12591
G1 X129.898 Y83.102 E.12591
G1 X129.898 Y86.858 E.12459
M205 X8 Y8
G1 X130.29 Y87.29 F7200
M205 X10 Y10
;TYPE:Outer wall
;WIDTH:0.419999
G1 F2400
G1 X125.71 Y87.29 E.14073
G1 X125.71 Y82.71 E.14073
G1 X130.29 Y82.71 E.14073
G1 X130.29 Y87.25 E.1395
G1 E-4.5 F2700
;WIPE_START
G1 F2400
G1 X128.29 Y87.267 E-.475
;WIPE_END
G1 E-.025 F2700
M205 X8 Y8
G1 X127.763 Y85.237 Z6.4 F7200
G1 Z6
G1 E5 F2400
M205 X10 Y10
;TYPE:Internal solid infill
;WIDTH:0.516066
G1 F3600
M73 P98 R1
G1 X128.237 Y85.237 E.01824
G1 X128.237 Y84.763 E.01824
G1 X127.763 Y84.763 E.01824
G1 X127.763 Y85.197 E.0167
M205 X8 Y8
G1 X127.323 Y85.677 F7200
M205 X10 Y10
;WIDTH:0.449999
G1 F3600
G1 X128.677 Y85.677 E.04489
G1 X128.677 Y84.323 E.04489
G1 X127.323 Y84.323 E.04489
G1 X127.323 Y85.637 E.04357
M205 X8 Y8
G1 X126.916 Y86.084 F7200
M205 X10 Y10
G1 F3600
G1 X129.084 Y86.084 E.0719
G1 X129.084 Y83.916 E.0719
G1 X126.916 Y83.916 E.0719
G1 X126.916 Y86.044 E.07057
G1 E-4.5 F2700
;WIPE_START
G1 F3600
G1 X126.916 Y84.044 E-.475
;WIPE_END
G1 E-.025 F2700
M205 X8 Y8
G1 X119.285 Y84.199 Z6.4 F7200
G1 X104.991 Y84.491 Z6.4
G1 Z6
G1 E5 F2400
M205 X10 Y10
;TYPE:Inner wall
G1 F2700
G1 X102.009 Y84.491 E.09891
G1 X102.009 Y81.509 E.09891
G1 X104.991 Y81.509 E.09891
G1 X104.991 Y84.451 E.09758
M205 X8 Y8
G1 X105.398 Y84.898 F7200
M205 X10 Y10
G1 F2700
G1 X101.602 Y84.898 E.12591
G1 X101.602 Y81.102 E.12591
G1 X105.398 Y81.102 E.12591
G1 X105.398 Y84.858 E.12459
M205 X8 Y8
G1 X105.79 Y85.29 F7200
M205 X10 Y10
;TYPE:Outer wall
;WIDTH:0.419999
G1 F2400
G1 X101.21 Y85.29 E.14073
G1 X101.21 Y80.71 E.14073
G1 X105.79 Y80.71 E.14073
G1 X105.79 Y85.25 E.1395
G1 E-4.5 F2700
;WIPE_START
G1 F2400
G1 X103.79 Y85.267 E-.475
;WIPE_END
G1 E-.025 F2700
M205 X8 Y8
G1 X103.737 Y83.237 Z6.4 F7200
G1 Z6
G1 E5 F2400
M205 X10 Y10
;TYPE:Internal solid infill
;WIDTH:0.516066
G1 F3600
G1 X103.737 Y82.763 E.01824
G1 X103.263 Y82.763 E.01824
G1 X103.263 Y83.237 E.01824
G1 X103.697 Y83.237 E.0167
M205 X8 Y8
G1 X104.177 Y83.677 F7200
M205 X10 Y10
;WIDTH:0.449999
G1 F3600
G1 X104.177 Y82.323 E.04489
G1 X102.823 Y82.323 E.04489
G1 X102.823 Y83.677 E.04489
G1 X104.137 Y83.677 E.04357
M205 X8 Y8
G1 X104.584 Y84.084 F7200
M205 X10 Y10
G1 F3600
G1 X104.584 Y81.916 E.0719
G1 X102.416 Y81.916 E.0719
G1 X102.416 Y84.084 E.0719
G1 X104.544 Y84.084 E.07057
G1 E-4.5 F2700
;WIPE_START
G1 F3600
G1 X102.544 Y84.084 E-.475
;WIPE_END
G1 E-.025 F2700
M205 X8 Y8
G1 X94.912 Y84.164 Z6.4 F7200
G1 X63.991 Y84.491 Z6.4
G1 Z6
G1 E5 F2400
M205 X10 Y10
;TYPE:Inner wall
G1 F2700
G1 X61.009 Y84.491 E.09891
G1 X61.009 Y81.509 E.09891
G1 X63.991 Y81.509 E.09891
G1 X63.991 Y84.451 E.09758
M205 X8 Y8
G1 X64.398 Y84.898 F7200
M205 X10 Y10
G1 F2700
G1 X60.602 Y84.898 E.12591
G1 X60.602 Y81.102 E.12591
G1 X64.398 Y81.102 E.12591
G1 X64.398 Y84.858 E.12459
M205 X8 Y8
G1 X64.79 Y85.29 F7200
M205 X10 Y10
;TYPE:Outer wall
;WIDTH:0.419999
G1 F2400
G1 X60.21 Y85.29 E.14073
G1 X60.21 Y80.71 E.14073
G1 X64.79 Y80.71 E.14073
G1 X64.79 Y85.25 E.1395
G1 E-4.5 F2700
;WIPE_START
G1 F2400
G1 X62.79 Y85.267 E-.475
;WIPE_END
G1 E-.025 F2700
M205 X8 Y8
G1 X62.737 Y83.237 Z6.4 F7200
G1 Z6
G1 E5 F2400
M205 X10 Y10
;TYPE:Internal solid infill
;WIDTH:0.516066
G1 F3600
G1 X62.737 Y82.763 E.01824
G1 X62.263 Y82.763 E.01824
G1 X62.263 Y83.237 E.01824
G1 X62.697 Y83.237 E.0167
M205 X8 Y8
G1 X63.177 Y83.677 F7200
M205 X10 Y10
;WIDTH:0.449999
G1 F3600
G1 X63.177 Y82.323 E.04489
G1 X61.823 Y82.323 E.04489
G1 X61.823 Y83.677 E.04489
G1 X63.137 Y83.677 E.04357
M205 X8 Y8
G1 X63.584 Y84.084 F7200
M205 X10 Y10
G1 F3600
G1 X63.584 Y81.916 E.0719
G1 X61.416 Y81.916 E.0719
G1 X61.416 Y84.084 E.0719
G1 X63.544 Y84.084 E.07057
; stop printing object 06_sliding_electronics_carrier_ESP32_PH.stl id:0 copy 0
;TIME_ELAPSED:4169.663574

;LAYER_CHANGE
;:6.2
;HEIGHT:0.2
;BEFORE_LAYER_CHANGE
;6.2
G92 E0

G1 E-4.5 F2700
;WIPE_START
G1 F3600
G1 X61.544 Y84.084 E-.475
;WIPE_END
G1 E-.025 F2700
;_SET_FAN_SPEED_CHANGING_LAYER
; OBJECT_ID: 15
; printing object 06_sliding_electronics_carrier_ESP32_PH.stl id:0 copy 0
M205 X8 Y8
G17
G3 Z6.4 I-1.216 J.058 P1  F7200
G1 X63.991 Y135.509 Z6.4
G1 Z6.2
G1 E5 F2400
M205 X10 Y10
;TYPE:Inner wall
G1 F2700
G1 X63.991 Y138.491 E.09891
G1 X61.009 Y138.491 E.09891
G1 X61.009 Y135.509 E.09891
G1 X63.951 Y135.509 E.09758
M205 X8 Y8
G1 X64.398 Y135.102 F7200
M205 X10 Y10
G1 F2700
G1 X64.398 Y138.898 E.12591
G1 X60.602 Y138.898 E.12591
G1 X60.602 Y135.102 E.12591
G1 X64.358 Y135.102 E.12459
M205 X8 Y8
G1 X64.79 Y134.71 F7200
M205 X10 Y10
;TYPE:Outer wall
;WIDTH:0.419999
G1 F2400
G1 X64.79 Y139.29 E.14073
G1 X60.21 Y139.29 E.14073
G1 X60.21 Y134.71 E.14073
G1 X64.75 Y134.71 E.1395
G1 E-4.5 F2700
;WIPE_START
G1 F2400
G1 X64.767 Y136.71 E-.475
;WIPE_END
G1 E-.025 F2700
M205 X8 Y8
G1 X62.737 Y136.763 Z6.6 F7200
G1 Z6.2
G1 E5 F2400
M205 X10 Y10
;TYPE:Internal solid infill
;WIDTH:0.516066
G1 F3600
G1 X62.263 Y136.763 E.01824
G1 X62.263 Y137.237 E.01824
G1 X62.737 Y137.237 E.01824
G1 X62.737 Y136.803 E.0167
M205 X8 Y8
G1 X63.177 Y136.323 F7200
M205 X10 Y10
;WIDTH:0.449999
G1 F3600
G1 X61.823 Y136.323 E.04489
G1 X61.823 Y137.677 E.04489
G1 X63.177 Y137.677 E.04489
G1 X63.177 Y136.363 E.04357
M205 X8 Y8
G1 X63.584 Y135.916 F7200
M205 X10 Y10
G1 F3600
G1 X61.416 Y135.916 E.0719
G1 X61.416 Y138.084 E.0719
G1 X63.584 Y138.084 E.0719
G1 X63.584 Y135.956 E.07057
G1 E-4.5 F2700
;WIPE_START
G1 F3600
G1 X63.584 Y137.956 E-.475
;WIPE_END
G1 E-.025 F2700
M205 X8 Y8
G1 X71.203 Y137.506 Z6.6 F7200
G1 X104.991 Y135.509 Z6.6
G1 Z6.2
G1 E5 F2400
M205 X10 Y10
;TYPE:Inner wall
G1 F2700
G1 X104.991 Y138.491 E.09891
G1 X102.009 Y138.491 E.09891
G1 X102.009 Y135.509 E.09891
G1 X104.951 Y135.509 E.09758
M205 X8 Y8
G1 X105.398 Y135.102 F7200
M205 X10 Y10
G1 F2700
G1 X105.398 Y138.898 E.12591
G1 X101.602 Y138.898 E.12591
G1 X101.602 Y135.102 E.12591
G1 X105.358 Y135.102 E.12459
M205 X8 Y8
G1 X105.79 Y134.71 F7200
M205 X10 Y10
;TYPE:Outer wall
;WIDTH:0.419999
G1 F2400
G1 X105.79 Y139.29 E.14073
G1 X101.21 Y139.29 E.14073
G1 X101.21 Y134.71 E.14073
G1 X105.75 Y134.71 E.1395
G1 E-4.5 F2700
;WIPE_START
G1 F2400
G1 X105.767 Y136.71 E-.475
;WIPE_END
G1 E-.025 F2700
M205 X8 Y8
G1 X103.737 Y136.763 Z6.6 F7200
G1 Z6.2
G1 E5 F2400
M205 X10 Y10
;TYPE:Internal solid infill
;WIDTH:0.516066
G1 F3600
G1 X103.263 Y136.763 E.01824
G1 X103.263 Y137.237 E.01824
G1 X103.737 Y137.237 E.01824
G1 X103.737 Y136.803 E.0167
M205 X8 Y8
G1 X104.177 Y136.323 F7200
M205 X10 Y10
;WIDTH:0.449999
G1 F3600
G1 X102.823 Y136.323 E.04489
G1 X102.823 Y137.677 E.04489
G1 X104.177 Y137.677 E.04489
G1 X104.177 Y136.363 E.04357
M205 X8 Y8
G1 X104.584 Y135.916 F7200
M205 X10 Y10
G1 F3600
G1 X102.416 Y135.916 E.0719
G1 X102.416 Y138.084 E.0719
G1 X104.584 Y138.084 E.0719
G1 X104.584 Y135.956 E.07057
G1 E-4.5 F2700
;WIPE_START
G1 F3600
G1 X104.584 Y137.956 E-.475
;WIPE_END
G1 E-.025 F2700
M205 X8 Y8
G1 X112.064 Y136.439 Z6.6 F7200
G1 X126.509 Y133.509 Z6.6
G1 Z6.2
G1 E5 F2400
M205 X10 Y10
;TYPE:Inner wall
G1 F2700
G1 X129.491 Y133.509 E.09891
G1 X129.491 Y136.491 E.09891
G1 X126.509 Y136.491 E.09891
G1 X126.509 Y133.549 E.09758
M205 X8 Y8
G1 X126.102 Y133.102 F7200
M205 X10 Y10
G1 F2700
G1 X129.898 Y133.102 E.12591
G1 X129.898 Y136.898 E.12591
G1 X126.102 Y136.898 E.12591
G1 X126.102 Y133.142 E.12459
M205 X8 Y8
G1 X125.71 Y132.71 F7200
M205 X10 Y10
;TYPE:Outer wall
;WIDTH:0.419999
G1 F2400
G1 X130.29 Y132.71 E.14073
G1 X130.29 Y137.29 E.14073
G1 X125.71 Y137.29 E.14073
G1 X125.71 Y132.75 E.1395
G1 E-4.5 F2700
;WIPE_START
G1 F2400
G1 X127.71 Y132.733 E-.475
;WIPE_END
G1 E-.025 F2700
M205 X8 Y8
G1 X127.763 Y134.763 Z6.6 F7200
G1 Z6.2
G1 E5 F2400
M205 X10 Y10
;TYPE:Internal solid infill
;WIDTH:0.516066
G1 F3600
G1 X127.763 Y135.237 E.01824
G1 X128.237 Y135.237 E.01824
G1 X128.237 Y134.763 E.01824
G1 X127.803 Y134.763 E.0167
M205 X8 Y8
G1 X127.323 Y134.323 F7200
M205 X10 Y10
;WIDTH:0.449999
G1 F3600
G1 X127.323 Y135.677 E.04489
G1 X128.677 Y135.677 E.04489
G1 X128.677 Y134.323 E.04489
G1 X127.363 Y134.323 E.04357
M205 X8 Y8
G1 X126.916 Y133.916 F7200
M205 X10 Y10
G1 F3600
G1 X126.916 Y136.084 E.0719
G1 X129.084 Y136.084 E.0719
G1 X129.084 Y133.916 E.0719
G1 X126.956 Y133.916 E.07057
G1 E-4.5 F2700
;WIPE_START
G1 F3600
G1 X128.956 Y133.916 E-.475
;WIPE_END
G1 E-.025 F2700
M205 X8 Y8
G1 X136.588 Y133.784 Z6.6 F7200
G1 X152.509 Y133.509 Z6.6
G1 Z6.2
G1 E5 F2400
M205 X10 Y10
;TYPE:Inner wall
G1 F2700
G1 X155.491 Y133.509 E.09891
G1 X155.491 Y136.491 E.09891
G1 X152.509 Y136.491 E.09891
G1 X152.509 Y133.549 E.09758
M205 X8 Y8
G1 X152.102 Y133.102 F7200
M205 X10 Y10
G1 F2700
G1 X155.898 Y133.102 E.12591
G1 X155.898 Y136.898 E.12591
M73 P98 R0
G1 X152.102 Y136.898 E.12591
G1 X152.102 Y133.142 E.12459
M205 X8 Y8
G1 X151.71 Y132.71 F7200
M205 X10 Y10
;TYPE:Outer wall
;WIDTH:0.419999
G1 F2400
G1 X156.29 Y132.71 E.14073
G1 X156.29 Y137.29 E.14073
G1 X151.71 Y137.29 E.14073
G1 X151.71 Y132.75 E.1395
G1 E-4.5 F2700
;WIPE_START
G1 F2400
G1 X153.71 Y132.733 E-.475
;WIPE_END
G1 E-.025 F2700
M205 X8 Y8
G1 X153.763 Y134.763 Z6.6 F7200
G1 Z6.2
G1 E5 F2400
M205 X10 Y10
;TYPE:Internal solid infill
;WIDTH:0.516066
G1 F3600
G1 X153.763 Y135.237 E.01824
G1 X154.237 Y135.237 E.01824
G1 X154.237 Y134.763 E.01824
G1 X153.803 Y134.763 E.0167
M205 X8 Y8
G1 X153.323 Y134.323 F7200
M205 X10 Y10
;WIDTH:0.449999
G1 F3600
G1 X153.323 Y135.677 E.04489
G1 X154.677 Y135.677 E.04489
G1 X154.677 Y134.323 E.04489
G1 X153.363 Y134.323 E.04357
M205 X8 Y8
G1 X152.916 Y133.916 F7200
M205 X10 Y10
G1 F3600
G1 X152.916 Y136.084 E.0719
G1 X155.084 Y136.084 E.0719
G1 X155.084 Y133.916 E.0719
G1 X152.956 Y133.916 E.07057
G1 E-4.5 F2700
;WIPE_START
G1 F3600
G1 X154.956 Y133.916 E-.475
;WIPE_END
G1 E-.025 F2700
M205 X8 Y8
G1 X154.563 Y126.294 Z6.6 F7200
G1 X152.509 Y86.491 Z6.6
G1 Z6.2
G1 E5 F2400
M205 X10 Y10
;TYPE:Inner wall
G1 F2700
G1 X152.509 Y83.509 E.09891
G1 X155.491 Y83.509 E.09891
G1 X155.491 Y86.491 E.09891
G1 X152.549 Y86.491 E.09758
M205 X8 Y8
G1 X152.102 Y86.898 F7200
M205 X10 Y10
G1 F2700
G1 X152.102 Y83.102 E.12591
G1 X155.898 Y83.102 E.12591
G1 X155.898 Y86.898 E.12591
G1 X152.142 Y86.898 E.12459
M205 X8 Y8
G1 X151.71 Y87.29 F7200
M205 X10 Y10
;TYPE:Outer wall
;WIDTH:0.419999
G1 F2400
G1 X151.71 Y82.71 E.14073
G1 X156.29 Y82.71 E.14073
G1 X156.29 Y87.29 E.14073
G1 X151.75 Y87.29 E.1395
G1 E-4.5 F2700
;WIPE_START
G1 F2400
G1 X151.733 Y85.29 E-.475
;WIPE_END
G1 E-.025 F2700
M205 X8 Y8
G1 X153.763 Y85.237 Z6.6 F7200
G1 Z6.2
G1 E5 F2400
M205 X10 Y10
;TYPE:Internal solid infill
;WIDTH:0.516066
G1 F3600
G1 X154.237 Y85.237 E.01824
G1 X154.237 Y84.763 E.01824
G1 X153.763 Y84.763 E.01824
G1 X153.763 Y85.197 E.0167
M205 X8 Y8
G1 X153.323 Y85.677 F7200
M205 X10 Y10
;WIDTH:0.449999
G1 F3600
G1 X154.677 Y85.677 E.04489
G1 X154.677 Y84.323 E.04489
G1 X153.323 Y84.323 E.04489
G1 X153.323 Y85.637 E.04357
M205 X8 Y8
G1 X152.916 Y86.084 F7200
M205 X10 Y10
G1 F3600
G1 X155.084 Y86.084 E.0719
G1 X155.084 Y83.916 E.0719
G1 X152.916 Y83.916 E.0719
G1 X152.916 Y86.044 E.07057
G1 E-4.5 F2700
;WIPE_START
G1 F3600
G1 X152.916 Y84.044 E-.475
;WIPE_END
G1 E-.025 F2700
M205 X8 Y8
G1 X145.325 Y84.837 Z6.6 F7200
G1 X129.491 Y86.491 Z6.6
G1 Z6.2
G1 E5 F2400
M205 X10 Y10
;TYPE:Inner wall
G1 F2700
G1 X126.509 Y86.491 E.09891
G1 X126.509 Y83.509 E.09891
G1 X129.491 Y83.509 E.09891
G1 X129.491 Y86.451 E.09758
M205 X8 Y8
G1 X129.898 Y86.898 F7200
M205 X10 Y10
G1 F2700
G1 X126.102 Y86.898 E.12591
G1 X126.102 Y83.102 E.12591
G1 X129.898 Y83.102 E.12591
G1 X129.898 Y86.858 E.12459
M205 X8 Y8
G1 X130.29 Y87.29 F7200
M205 X10 Y10
;TYPE:Outer wall
;WIDTH:0.419999
G1 F2400
G1 X125.71 Y87.29 E.14073
G1 X125.71 Y82.71 E.14073
G1 X130.29 Y82.71 E.14073
G1 X130.29 Y87.25 E.1395
G1 E-4.5 F2700
;WIPE_START
G1 F2400
G1 X128.29 Y87.267 E-.475
;WIPE_END
G1 E-.025 F2700
M205 X8 Y8
G1 X127.763 Y85.237 Z6.6 F7200
G1 Z6.2
G1 E5 F2400
M205 X10 Y10
;TYPE:Internal solid infill
;WIDTH:0.516066
G1 F3600
G1 X128.237 Y85.237 E.01824
G1 X128.237 Y84.763 E.01824
G1 X127.763 Y84.763 E.01824
G1 X127.763 Y85.197 E.0167
M205 X8 Y8
G1 X127.323 Y85.677 F7200
M205 X10 Y10
;WIDTH:0.449999
G1 F3600
G1 X128.677 Y85.677 E.04489
G1 X128.677 Y84.323 E.04489
G1 X127.323 Y84.323 E.04489
G1 X127.323 Y85.637 E.04357
M205 X8 Y8
G1 X126.916 Y86.084 F7200
M205 X10 Y10
G1 F3600
G1 X129.084 Y86.084 E.0719
G1 X129.084 Y83.916 E.0719
G1 X126.916 Y83.916 E.0719
G1 X126.916 Y86.044 E.07057
G1 E-4.5 F2700
;WIPE_START
G1 F3600
G1 X126.916 Y84.044 E-.475
;WIPE_END
G1 E-.025 F2700
M205 X8 Y8
G1 X119.285 Y84.199 Z6.6 F7200
G1 X104.991 Y84.491 Z6.6
G1 Z6.2
G1 E5 F2400
M205 X10 Y10
;TYPE:Inner wall
G1 F2700
G1 X102.009 Y84.491 E.09891
G1 X102.009 Y81.509 E.09891
G1 X104.991 Y81.509 E.09891
G1 X104.991 Y84.451 E.09758
M205 X8 Y8
G1 X105.398 Y84.898 F7200
M205 X10 Y10
G1 F2700
G1 X101.602 Y84.898 E.12591
G1 X101.602 Y81.102 E.12591
G1 X105.398 Y81.102 E.12591
G1 X105.398 Y84.858 E.12459
M205 X8 Y8
G1 X105.79 Y85.29 F7200
M205 X10 Y10
;TYPE:Outer wall
;WIDTH:0.419999
G1 F2400
G1 X101.21 Y85.29 E.14073
G1 X101.21 Y80.71 E.14073
G1 X105.79 Y80.71 E.14073
G1 X105.79 Y85.25 E.1395
G1 E-4.5 F2700
;WIPE_START
G1 F2400
G1 X103.79 Y85.267 E-.475
;WIPE_END
G1 E-.025 F2700
M205 X8 Y8
G1 X103.737 Y83.237 Z6.6 F7200
G1 Z6.2
G1 E5 F2400
M205 X10 Y10
;TYPE:Internal solid infill
;WIDTH:0.516066
G1 F3600
G1 X103.737 Y82.763 E.01824
G1 X103.263 Y82.763 E.01824
G1 X103.263 Y83.237 E.01824
G1 X103.697 Y83.237 E.0167
M205 X8 Y8
G1 X104.177 Y83.677 F7200
M205 X10 Y10
;WIDTH:0.449999
G1 F3600
G1 X104.177 Y82.323 E.04489
G1 X102.823 Y82.323 E.04489
G1 X102.823 Y83.677 E.04489
G1 X104.137 Y83.677 E.04357
M205 X8 Y8
G1 X104.584 Y84.084 F7200
M205 X10 Y10
G1 F3600
G1 X104.584 Y81.916 E.0719
G1 X102.416 Y81.916 E.0719
G1 X102.416 Y84.084 E.0719
G1 X104.544 Y84.084 E.07057
G1 E-4.5 F2700
;WIPE_START
G1 F3600
G1 X102.544 Y84.084 E-.475
;WIPE_END
G1 E-.025 F2700
M205 X8 Y8
G1 X94.912 Y84.164 Z6.6 F7200
G1 X63.991 Y84.491 Z6.6
G1 Z6.2
M73 P99 R0
G1 E5 F2400
M205 X10 Y10
;TYPE:Inner wall
G1 F2700
G1 X61.009 Y84.491 E.09891
G1 X61.009 Y81.509 E.09891
G1 X63.991 Y81.509 E.09891
G1 X63.991 Y84.451 E.09758
M205 X8 Y8
G1 X64.398 Y84.898 F7200
M205 X10 Y10
G1 F2700
G1 X60.602 Y84.898 E.12591
G1 X60.602 Y81.102 E.12591
G1 X64.398 Y81.102 E.12591
G1 X64.398 Y84.858 E.12459
M205 X8 Y8
G1 X64.79 Y85.29 F7200
M205 X10 Y10
;TYPE:Outer wall
;WIDTH:0.419999
G1 F2400
G1 X60.21 Y85.29 E.14073
G1 X60.21 Y80.71 E.14073
G1 X64.79 Y80.71 E.14073
G1 X64.79 Y85.25 E.1395
G1 E-4.5 F2700
;WIPE_START
G1 F2400
G1 X62.79 Y85.267 E-.475
;WIPE_END
G1 E-.025 F2700
M205 X8 Y8
G1 X62.737 Y83.237 Z6.6 F7200
G1 Z6.2
G1 E5 F2400
M205 X10 Y10
;TYPE:Internal solid infill
;WIDTH:0.516066
G1 F3600
G1 X62.737 Y82.763 E.01824
G1 X62.263 Y82.763 E.01824
G1 X62.263 Y83.237 E.01824
G1 X62.697 Y83.237 E.0167
M205 X8 Y8
G1 X63.177 Y83.677 F7200
M205 X10 Y10
;WIDTH:0.449999
G1 F3600
G1 X63.177 Y82.323 E.04489
G1 X61.823 Y82.323 E.04489
G1 X61.823 Y83.677 E.04489
G1 X63.137 Y83.677 E.04357
M205 X8 Y8
G1 X63.584 Y84.084 F7200
M205 X10 Y10
G1 F3600
G1 X63.584 Y81.916 E.0719
G1 X61.416 Y81.916 E.0719
G1 X61.416 Y84.084 E.0719
G1 X63.544 Y84.084 E.07057
; stop printing object 06_sliding_electronics_carrier_ESP32_PH.stl id:0 copy 0
;TIME_ELAPSED:4205.833984

;LAYER_CHANGE
;:6.4
;HEIGHT:0.2
;BEFORE_LAYER_CHANGE
;6.4
G92 E0

G1 E-4.5 F2700
;WIPE_START
G1 F3600
G1 X61.544 Y84.084 E-.475
;WIPE_END
G1 E-.025 F2700
;_SET_FAN_SPEED_CHANGING_LAYER
; OBJECT_ID: 15
; printing object 06_sliding_electronics_carrier_ESP32_PH.stl id:0 copy 0
M205 X8 Y8
G17
G3 Z6.6 I-1.214 J.078 P1  F7200
G1 X64.79 Y134.71 Z6.6
G1 Z6.4
G1 E5 F2400
M205 X10 Y10
;TYPE:Outer wall
;WIDTH:0.419999
G1 X64.79 Y139.29 E.14073
G1 X60.21 Y139.29 E.14073
G1 X60.21 Y134.71 E.14073
G1 X64.75 Y134.71 E.1395
G1 E-4.5 F2700
;WIPE_START
G1 F2400
G1 X64.767 Y136.71 E-.475
;WIPE_END
G1 E-.025 F2700
M205 X8 Y8
G1 X64.677 Y138.391 Z6.8 F7200
G1 Z6.4
G1 E5 F2400
M205 X10 Y10
;TYPE:Top surface
;WIDTH:0.431077
G1 X64.061 Y139.007 E.02756
G1 X63.512 Y139.007 E.01736
G1 X64.507 Y138.012 E.04452
G1 X64.507 Y137.463 E.01736
G1 X62.963 Y139.007 E.06908
G1 X62.414 Y139.007 E.01736
G1 X64.507 Y136.914 E.09363
G1 X64.507 Y136.365 E.01736
G1 X61.865 Y139.007 E.11819
G1 X61.316 Y139.007 E.01736
G1 X64.507 Y135.816 E.14274
G1 X64.507 Y135.267 E.01736
G1 X60.767 Y139.007 E.1673
G1 X60.493 Y139.007 E.00868
G1 X60.493 Y138.733 E.00868
G1 X64.233 Y134.993 E.16729
G1 X63.684 Y134.993 E.01736
G1 X60.493 Y138.184 E.14274
G1 X60.493 Y137.635 E.01736
G1 X63.135 Y134.993 E.11818
G1 X62.586 Y134.993 E.01736
G1 X60.493 Y137.086 E.09363
G1 X60.493 Y136.537 E.01736
G1 X62.037 Y134.993 E.06907
G1 X61.488 Y134.993 E.01736
G1 X60.493 Y135.988 E.04452
G1 X60.493 Y135.439 E.01736
G1 X61.109 Y134.823 E.02755
G1 E-4.5 F2700
;WIPE_START
G1 F2400
G1 X60.493 Y135.439 E-.20689
G1 X60.493 Y135.988 E-.13037
G1 X60.903 Y135.578 E-.13774
;WIPE_END
G1 E-.025 F2700
M205 X8 Y8
G1 X68.534 Y135.43 Z6.8 F7200
G1 X105.79 Y134.71 Z6.8
G1 Z6.4
G1 E5 F2400
M205 X10 Y10
;TYPE:Outer wall
;WIDTH:0.419999
G1 X105.79 Y139.29 E.14073
G1 X101.21 Y139.29 E.14073
G1 X101.21 Y134.71 E.14073
G1 X105.75 Y134.71 E.1395
G1 E-4.5 F2700
;WIPE_START
G1 F2400
G1 X105.767 Y136.71 E-.475
;WIPE_END
G1 E-.025 F2700
M205 X8 Y8
G1 X104.891 Y139.177 Z6.8 F7200
G1 Z6.4
G1 E5 F2400
M205 X10 Y10
;TYPE:Top surface
;WIDTH:0.431077
G1 X105.507 Y138.561 E.02756
G1 X105.507 Y138.012 E.01736
G1 X104.512 Y139.007 E.04452
G1 X103.963 Y139.007 E.01736
G1 X105.507 Y137.463 E.06908
G1 X105.507 Y136.914 E.01736
G1 X103.414 Y139.007 E.09363
G1 X102.865 Y139.007 E.01736
G1 X105.507 Y136.365 E.11819
G1 X105.507 Y135.816 E.01736
G1 X102.316 Y139.007 E.14274
G1 X101.767 Y139.007 E.01736
G1 X105.507 Y135.267 E.1673
G1 X105.507 Y134.993 E.00868
G1 X105.233 Y134.993 E.00868
G1 X101.493 Y138.733 E.16729
G1 X101.493 Y138.184 E.01736
G1 X104.684 Y134.993 E.14274
G1 X104.135 Y134.993 E.01736
G1 X101.493 Y137.635 E.11818
G1 X101.493 Y137.086 E.01736
G1 X103.586 Y134.993 E.09363
G1 X103.037 Y134.993 E.01736
G1 X101.493 Y136.537 E.06907
G1 X101.493 Y135.988 E.01736
G1 X102.488 Y134.993 E.04452
G1 X101.939 Y134.993 E.01736
G1 X101.323 Y135.609 E.02755
G1 E-4.5 F2700
;WIPE_START
G1 F2400
G1 X101.939 Y134.993 E-.20689
G1 X102.488 Y134.993 E-.13037
G1 X102.078 Y135.403 E-.13774
;WIPE_END
G1 E-.025 F2700
M205 X8 Y8
G1 X109.661 Y134.539 Z6.8 F7200
G1 X125.71 Y132.71 Z6.8
G1 Z6.4
G1 E5 F2400
M205 X10 Y10
;TYPE:Outer wall
;WIDTH:0.419999
G1 X130.29 Y132.71 E.14073
G1 X130.29 Y137.29 E.14073
G1 X125.71 Y137.29 E.14073
G1 X125.71 Y132.75 E.1395
G1 E-4.5 F2700
;WIPE_START
G1 F2400
G1 X127.71 Y132.733 E-.475
;WIPE_END
G1 E-.025 F2700
M205 X8 Y8
G1 X130.177 Y136.391 Z6.8 F7200
G1 Z6.4
G1 E5 F2400
M205 X10 Y10
;TYPE:Top surface
;WIDTH:0.431077
G1 X129.561 Y137.007 E.02756
G1 X129.012 Y137.007 E.01736
G1 X130.007 Y136.012 E.04452
G1 X130.007 Y135.463 E.01736
G1 X128.463 Y137.007 E.06908
G1 X127.914 Y137.007 E.01736
G1 X130.007 Y134.914 E.09363
G1 X130.007 Y134.365 E.01736
G1 X127.365 Y137.007 E.11819
G1 X126.816 Y137.007 E.01736
G1 X130.007 Y133.816 E.14274
G1 X130.007 Y133.267 E.01736
G1 X126.267 Y137.007 E.1673
G1 X125.993 Y137.007 E.00868
G1 X125.993 Y136.733 E.00868
G1 X129.733 Y132.993 E.16729
G1 X129.184 Y132.993 E.01736
G1 X125.993 Y136.184 E.14274
G1 X125.993 Y135.635 E.01736
G1 X128.635 Y132.993 E.11818
G1 X128.086 Y132.993 E.01736
G1 X125.993 Y135.086 E.09363
G1 X125.993 Y134.537 E.01736
G1 X127.537 Y132.993 E.06907
G1 X126.988 Y132.993 E.01736
G1 X125.993 Y133.988 E.04452
G1 X125.993 Y133.439 E.01736
G1 X126.609 Y132.823 E.02755
G1 E-4.5 F2700
;WIPE_START
G1 F2400
G1 X125.993 Y133.439 E-.20689
G1 X125.993 Y133.988 E-.13037
G1 X126.403 Y133.578 E-.13774
;WIPE_END
G1 E-.025 F2700
M205 X8 Y8
G1 X134.031 Y133.316 Z6.8 F7200
G1 X151.71 Y132.71 Z6.8
G1 Z6.4
G1 E5 F2400
M205 X10 Y10
;TYPE:Outer wall
;WIDTH:0.419999
G1 X156.29 Y132.71 E.14073
G1 X156.29 Y137.29 E.14073
G1 X151.71 Y137.29 E.14073
G1 X151.71 Y132.75 E.1395
G1 E-4.5 F2700
;WIPE_START
G1 F2400
G1 X153.71 Y132.733 E-.475
;WIPE_END
G1 E-.025 F2700
M205 X8 Y8
G1 X156.177 Y136.391 Z6.8 F7200
G1 Z6.4
G1 E5 F2400
M205 X10 Y10
;TYPE:Top surface
;WIDTH:0.431077
G1 X155.561 Y137.007 E.02756
G1 X155.012 Y137.007 E.01736
G1 X156.007 Y136.012 E.04452
G1 X156.007 Y135.463 E.01736
G1 X154.463 Y137.007 E.06908
G1 X153.914 Y137.007 E.01736
G1 X156.007 Y134.914 E.09363
G1 X156.007 Y134.365 E.01736
G1 X153.365 Y137.007 E.11819
G1 X152.816 Y137.007 E.01736
G1 X156.007 Y133.816 E.14274
G1 X156.007 Y133.267 E.01736
G1 X152.267 Y137.007 E.1673
G1 X151.993 Y137.007 E.00868
G1 X151.993 Y136.733 E.00868
G1 X155.733 Y132.993 E.16729
G1 X155.184 Y132.993 E.01736
G1 X151.993 Y136.184 E.14274
G1 X151.993 Y135.635 E.01736
G1 X154.635 Y132.993 E.11818
G1 X154.086 Y132.993 E.01736
G1 X151.993 Y135.086 E.09363
G1 X151.993 Y134.537 E.01736
G1 X153.537 Y132.993 E.06907
G1 X152.988 Y132.993 E.01736
G1 X151.993 Y133.988 E.04452
G1 X151.993 Y133.439 E.01736
G1 X152.609 Y132.823 E.02755
G1 E-4.5 F2700
;WIPE_START
G1 F2400
G1 X151.993 Y133.439 E-.20689
G1 X151.993 Y133.988 E-.13037
G1 X152.403 Y133.578 E-.13774
;WIPE_END
G1 E-.025 F2700
M205 X8 Y8
G1 X152.289 Y125.946 Z6.8 F7200
G1 X151.71 Y87.29 Z6.8
G1 Z6.4
G1 E5 F2400
M205 X10 Y10
;TYPE:Outer wall
;WIDTH:0.419999
G1 X151.71 Y82.71 E.14073
G1 X156.29 Y82.71 E.14073
G1 X156.29 Y87.29 E.14073
G1 X151.75 Y87.29 E.1395
G1 E-4.5 F2700
;WIPE_START
G1 F2400
G1 X151.733 Y85.29 E-.475
;WIPE_END
G1 E-.025 F2700
M205 X8 Y8
G1 X156.177 Y86.391 Z6.8 F7200
G1 Z6.4
G1 E5 F2400
M205 X10 Y10
;TYPE:Top surface
;WIDTH:0.431077
G1 X155.561 Y87.007 E.02756
G1 X155.012 Y87.007 E.01736
G1 X156.007 Y86.012 E.04452
G1 X156.007 Y85.463 E.01736
G1 X154.463 Y87.007 E.06908
G1 X153.914 Y87.007 E.01736
G1 X156.007 Y84.914 E.09363
G1 X156.007 Y84.365 E.01736
G1 X153.365 Y87.007 E.11819
G1 X152.816 Y87.007 E.01736
G1 X156.007 Y83.816 E.14274
G1 X156.007 Y83.267 E.01736
G1 X152.267 Y87.007 E.1673
G1 X151.993 Y87.007 E.00868
G1 X151.993 Y86.733 E.00868
G1 X155.733 Y82.993 E.16729
G1 X155.184 Y82.993 E.01736
G1 X151.993 Y86.184 E.14274
G1 X151.993 Y85.635 E.01736
G1 X154.635 Y82.993 E.11818
G1 X154.086 Y82.993 E.01736
G1 X151.993 Y85.086 E.09363
G1 X151.993 Y84.537 E.01736
G1 X153.537 Y82.993 E.06907
G1 X152.988 Y82.993 E.01736
G1 X151.993 Y83.988 E.04452
G1 X151.993 Y83.439 E.01736
G1 X152.609 Y82.823 E.02755
G1 E-4.5 F2700
;WIPE_START
G1 F2400
G1 X151.993 Y83.439 E-.20688
G1 X151.993 Y83.988 E-.13037
G1 X152.403 Y83.578 E-.13774
;WIPE_END
G1 E-.025 F2700
M205 X8 Y8
G1 X144.876 Y84.841 Z6.8 F7200
G1 X130.29 Y87.29 Z6.8
G1 Z6.4
G1 E5 F2400
M205 X10 Y10
;TYPE:Outer wall
;WIDTH:0.419999
G1 X125.71 Y87.29 E.14073
G1 X125.71 Y82.71 E.14073
G1 X130.29 Y82.71 E.14073
G1 X130.29 Y87.25 E.1395
M205 X8 Y8
G1 X130.177 Y86.391 F7200
M205 X10 Y10
;TYPE:Top surface
;WIDTH:0.431077
G1 F2400
G1 X129.561 Y87.007 E.02756
G1 X129.012 Y87.007 E.01736
G1 X130.007 Y86.012 E.04452
G1 X130.007 Y85.463 E.01736
G1 X128.463 Y87.007 E.06908
G1 X127.914 Y87.007 E.01736
G1 X130.007 Y84.914 E.09363
G1 X130.007 Y84.365 E.01736
G1 X127.365 Y87.007 E.11819
G1 X126.816 Y87.007 E.01736
G1 X130.007 Y83.816 E.14274
G1 X130.007 Y83.267 E.01736
G1 X126.267 Y87.007 E.1673
G1 X125.993 Y87.007 E.00868
G1 X125.993 Y86.733 E.00868
G1 X129.733 Y82.993 E.16729
G1 X129.184 Y82.993 E.01736
G1 X125.993 Y86.184 E.14274
G1 X125.993 Y85.635 E.01736
G1 X128.635 Y82.993 E.11818
G1 X128.086 Y82.993 E.01736
G1 X125.993 Y85.086 E.09363
G1 X125.993 Y84.537 E.01736
G1 X127.537 Y82.993 E.06907
G1 X126.988 Y82.993 E.01736
G1 X125.993 Y83.988 E.04452
G1 X125.993 Y83.439 E.01736
G1 X126.609 Y82.823 E.02755
G1 E-4.5 F2700
;WIPE_START
G1 F2400
G1 X125.993 Y83.439 E-.20688
G1 X125.993 Y83.988 E-.13037
G1 X126.403 Y83.578 E-.13774
;WIPE_END
G1 E-.025 F2700
M205 X8 Y8
G1 X118.797 Y84.21 Z6.8 F7200
G1 X105.79 Y85.29 Z6.8
G1 Z6.4
G1 E5 F2400
M205 X10 Y10
;TYPE:Outer wall
;WIDTH:0.419999
G1 X101.21 Y85.29 E.14073
G1 X101.21 Y80.71 E.14073
G1 X105.79 Y80.71 E.14073
G1 X105.79 Y85.25 E.1395
M205 X8 Y8
G1 X105.677 Y84.391 F7200
M205 X10 Y10
;TYPE:Top surface
;WIDTH:0.431077
G1 F2400
G1 X105.061 Y85.007 E.02756
G1 X104.512 Y85.007 E.01736
G1 X105.507 Y84.012 E.04452
G1 X105.507 Y83.463 E.01736
G1 X103.963 Y85.007 E.06908
G1 X103.414 Y85.007 E.01736
G1 X105.507 Y82.914 E.09363
G1 X105.507 Y82.365 E.01736
G1 X102.865 Y85.007 E.11819
G1 X102.316 Y85.007 E.01736
G1 X105.507 Y81.816 E.14274
G1 X105.507 Y81.267 E.01736
G1 X101.767 Y85.007 E.1673
G1 X101.493 Y85.007 E.00868
G1 X101.493 Y84.733 E.00868
G1 X105.233 Y80.993 E.16729
G1 X104.684 Y80.993 E.01736
G1 X101.493 Y84.184 E.14274
G1 X101.493 Y83.635 E.01736
G1 X104.135 Y80.993 E.11818
G1 X103.586 Y80.993 E.01736
G1 X101.493 Y83.086 E.09363
G1 X101.493 Y82.537 E.01736
G1 X103.037 Y80.993 E.06907
G1 X102.488 Y80.993 E.01736
G1 X101.493 Y81.988 E.04452
G1 X101.493 Y81.439 E.01736
G1 X102.109 Y80.823 E.02755
G1 E-4.5 F2700
;WIPE_START
G1 F2400
G1 X101.493 Y81.439 E-.20689
G1 X101.493 Y81.988 E-.13037
G1 X101.903 Y81.578 E-.13774
;WIPE_END
G1 E-.025 F2700
M205 X8 Y8
G1 X94.308 Y82.338 Z6.8 F7200
G1 X64.79 Y85.29 Z6.8
G1 Z6.4
G1 E5 F2400
M205 X10 Y10
;TYPE:Outer wall
;WIDTH:0.419999
G1 X60.21 Y85.29 E.14073
G1 X60.21 Y80.71 E.14073
G1 X64.79 Y80.71 E.14073
G1 X64.79 Y85.25 E.1395
M205 X8 Y8
G1 X63.891 Y85.177 F7200
M205 X10 Y10
;TYPE:Top surface
;WIDTH:0.431077
G1 F2400
G1 X64.507 Y84.561 E.02756
G1 X64.507 Y84.012 E.01736
G1 X63.512 Y85.007 E.04452
G1 X62.963 Y85.007 E.01736
G1 X64.507 Y83.463 E.06908
G1 X64.507 Y82.914 E.01736
G1 X62.414 Y85.007 E.09363
G1 X61.865 Y85.007 E.01736
G1 X64.507 Y82.365 E.11819
G1 X64.507 Y81.816 E.01736
G1 X61.316 Y85.007 E.14274
G1 X60.767 Y85.007 E.01736
G1 X64.507 Y81.267 E.1673
G1 X64.507 Y80.993 E.00868
G1 X64.233 Y80.993 E.00868
G1 X60.493 Y84.733 E.16729
G1 X60.493 Y84.184 E.01736
G1 X63.684 Y80.993 E.14274
G1 X63.135 Y80.993 E.01736
G1 X60.493 Y83.635 E.11818
G1 X60.493 Y83.086 E.01736
G1 X62.586 Y80.993 E.09363
G1 X62.037 Y80.993 E.01736
G1 X60.493 Y82.537 E.06907
G1 X60.493 Y81.988 E.01736
G1 X61.488 Y80.993 E.04452
G1 X60.939 Y80.993 E.01736
G1 X60.323 Y81.609 E.02755
; stop printing object 06_sliding_electronics_carrier_ESP32_PH.stl id:0 copy 0
;TIME_ELAPSED:4240.570312

G1 E-4.5 F2700
;WIPE_START
G1 F2400
G1 X60.939 Y80.993 E-.20689
G1 X61.488 Y80.993 E-.13037
G1 X61.078 Y81.403 E-.13774
;WIPE_END
G1 E-.025 F2700
M106 S0
;TYPE:Custom
;filament end gcode
G91 ;Relative positionning
G1 E-2 F2700 ;Retract a bit 
G1 E-2 Z1 F2400 ;Retract and raise Z 
G1 X5 Y5 F3000 ;Wipe out 
G1 Z10 ;Raise Z more 
G90 ;Absolute positionning  
G1 X0 Y0 ;Present print 
M106 S0 ;Turn-off fan 
M104 S0 ;Turn-off hotend 
M140 S0 ;Turn-off bed  
M84 X Y E ;Disable all steppers but Z 
M73 P100 R0
;TIME_ELAPSED:4240.570339

; EXECUTABLE_BLOCK_END

; filament used [mm] = 5319.02
; filament used [cm3] = 12.79
; filament used [g] = 15.86
; filament cost = 0.32
; total filament cost = 0.32
; total layers count = 32
; estimated printing time (normal mode) = 1h 10m 44s

; CONFIG_BLOCK_START
; accel_to_decel_enable = 1
; accel_to_decel_factor = 50%
; acceleration_limit_mess = [[0.5,1.0,100,6000,210],[1.0,1.5,80,5500,200],[1.5,2.0,60,5000,190]]
; acceleration_limit_mess_enable = 0
; activate_air_filtration = 0
; activate_chamber_layer = 1
; activate_chamber_temp_control = 0
; adaptive_bed_mesh_margin = 0
; additional_cooling_fan_speed = 80
; ai_infill = 0
; align_infill_direction_to_model = 0
; alternate_extra_wall = 0
; arc_tolerance = 12
; automatic_extrusion_widths = 0
; auxiliary_fan = 0
; bbl_calib_mark_logo = 1
; bbl_use_printhost = 0
; bed_custom_model = 
; bed_custom_texture = 
; bed_exclude_area = 0x0
; bed_mesh_max = 99999,99999
; bed_mesh_min = -99999,-99999
; bed_mesh_probe_distance = 50,50
; bed_temperature_mode = use_first_material
; before_layer_change_gcode = ;BEFORE_LAYER_CHANGE\n;[layer_z]\nG92 E0\n
; belt_Z_offset = 0
; best_object_pos = 0.5,0.5
; bottom_shell_layers = 4
; bottom_shell_thickness = 0
; bottom_solid_infill_flow_ratio = 1
; bottom_surface_pattern = monotonic
; bridge_acceleration = 50%
; bridge_angle = 0
; bridge_density = 100%
; bridge_flow = 0.95
; bridge_no_support = 0
; bridge_speed = 50
; brim_ears_detection_length = 1
; brim_ears_max_angle = 125
; brim_object_gap = 0.2
; brim_type = auto_brim
; brim_width = 5
; chamber_temperature = 0
; change_extrusion_role_gcode = 
; change_filament_gcode = 
; close_fan_the_first_x_layers = 1
; color_bed_exclude_area = 
; complete_print_exhaust_fan_speed = 80
; cool_cds_fan_start_at_height = 0.5
; cool_plate_temp = 60
; cool_plate_temp_initial_layer = 60
; cool_special_cds_fan_speed = 100
; cooling_perimeter_transition_distance = 0
; cooling_slowdown_logic = uniform_cooling
; cooling_tube_length = 5
; cooling_tube_retraction = 91.5
; counterbore_hole_bridging = none
; creality_flush_time = 86
; curr_bed_type = Cool Plate
; customized_plate_temp = 60
; customized_plate_temp_initial_layer = 60
; default_acceleration = 500
; default_filament_colour = #F2754E
; default_filament_profile = "CR-PLA @Creality Ender-3 V2 0.4 nozzle"
; default_filament_type = PLA
; default_flush_multiplier = 1.3
; default_jerk = 10
; default_print_profile = 0.20mm Standard @Creality Ender-3 V2 0.4 nozzle
; deretraction_speed = 40
; detect_narrow_internal_solid_infill = 1
; detect_overhang_wall = 1
; detect_thin_wall = 1
; disable_m73 = 0
; dithering_local_z_mode = 0
; dithering_step_painted_zones_only = 0
; dithering_z_step_size = 0
; dont_filter_internal_bridges = disabled
; dont_slow_down_outer_wall = 0
; draft_shield = disabled
; during_print_exhaust_fan_speed = 60
; elefant_foot_compensation = 0.15
; elefant_foot_compensation_layers = 1
; embedding_wall_into_infill = 0
; emit_machine_limits_to_gcode = 1
; enable_arc_fitting = 0
; enable_filament_ramming = 0
; enable_long_retraction_when_cut = 0
; enable_overhang_bridge_fan = 1
; enable_overhang_speed = 1
; enable_pressure_advance = 0
; enable_prime_tower = 0
; enable_special_area_additional_cooling_fan = 0
; enable_support = 1
; enforce_support_layers = 0
; eng_plate_temp = 60
; eng_plate_temp_initial_layer = 60
; ensure_vertical_shell_thickness = ensure_all
; epoxy_resin_plate_temp = 0
; epoxy_resin_plate_temp_initial_layer = 0
; exclude_object = 0
; external_infill_margin = 0
; extra_loading_move = -2
; extra_perimeters_on_overhangs = 0
; extruder_clearance_height_to_lid = 250
; extruder_clearance_height_to_rod = 35
; extruder_clearance_radius = 60
; extruder_colour = #FCE94F
; extruder_offset = 0x0
; fan_cooling_layer_time = 100
; fan_kickstart = 0
; fan_max_speed = 100
; fan_min_speed = 100
; fan_speedup_overhangs = 1
; fan_speedup_time = 0
; filament_adhesiveness_category = 100
; filament_can_change = 1
; filament_colour = #F2754E
; filament_cooling_final_speed = 3.4
; filament_cooling_initial_speed = 2.2
; filament_cooling_moves = 4
; filament_cost = 20
; filament_density = 1.24
; filament_diameter = 1.75
; filament_end_gcode = ";filament end gcode"
; filament_flow_ratio = 0.98
; filament_ids = 04001
; filament_is_support = 0
; filament_load_time = 0
; filament_loading_speed = 28
; filament_loading_speed_start = 3
; filament_max_volumetric_speed = 10
; filament_minimal_purge_on_wipe_tower = 15
; filament_multitool_ramming = 0
; filament_multitool_ramming_flow = 10
; filament_multitool_ramming_volume = 10
; filament_notes = ""
; filament_ramming_parameters = "120 100 6.6 6.8 7.2 7.6 7.9 8.2 8.7 9.4 9.9 10.0| 0.05 6.6 0.45 6.8 0.95 7.8 1.45 8.3 1.95 9.7 2.45 10 2.95 7.6 3.45 7.6 3.95 7.6 4.45 7.6 4.95 7.6"
; filament_retraction_length = 5
; filament_retraction_minimum_travel = 1
; filament_retraction_speed = 45
; filament_settings_id = "CR-PLA @Creality Ender-3 V2 0.4 nozzle"
; filament_shrink = 100%
; filament_shrinkage_compensation_z = 100%
; filament_soluble = 0
; filament_stamping_distance = 0
; filament_stamping_loading_speed = 0
; filament_start_gcode = ";filament start gcode\n"
; filament_toolchange_delay = 0
; filament_type = PLA
; filament_unload_time = 0
; filament_unloading_speed = 90
; filament_unloading_speed_start = 100
; filament_vendor = Creality
; filename_format = {input_filename_base}_{filament_type[initial_tool]}_{print_time}.gcode
; fill_multiline = 1
; filter_out_gap_fill = 0
; first_layer_print_sequence = 0
; flush_box_first_clean_length = 90
; flush_box_need_clean_length = 70
; flush_box_need_clean_length_max = 100
; flush_into_infill = 0
; flush_into_objects = 0
; flush_into_skeleton = 0
; flush_into_support = 1
; flush_multiplier = 1
; flush_volumes_changed = 0
; flush_volumes_matrix = 0,280,280,280,280,0,280,280,280,280,0,280,280,280,280,0
; flush_volumes_vector = 140,140,140,140,140,140,140,140
; full_fan_speed_layer = 0
; fuzzy_skin = none
; fuzzy_skin_first_layer = 0
; fuzzy_skin_mode = displacement
; fuzzy_skin_noise_type = classic
; fuzzy_skin_octaves = 4
; fuzzy_skin_persistence = 0.5
; fuzzy_skin_point_distance = 0.8
; fuzzy_skin_scale = 1
; fuzzy_skin_thickness = 0.3
; gap_fill_target = everywhere
; gap_infill_speed = 40
; gcode_add_line_number = 0
; gcode_comments = 0
; gcode_flavor = marlin
; gcode_label_objects = 1
; has_scarf_joint_seam = 0
; head_wrap_detect_zone = 
; high_current_on_filament_swap = 0
; hole_to_polyhole = 0
; hole_to_polyhole_threshold = 0.01
; hole_to_polyhole_twisted = 1
; host_type = octoprint
; hot_plate_temp = 60
; hot_plate_temp_initial_layer = 60
; idle_temperature = 0
; ignore_inner_color = 0
; independent_support_layer_height = 1
; infill_anchor = 400%
; infill_anchor_max = 20
; infill_combination = 0
; infill_combination_max_layer_height = 100%
; infill_direction = 45
; infill_jerk = 10
; infill_lock_depth = 1
; infill_overhang_angle = 45
; infill_rotate_step = 0
; infill_shift_step = 0.4
; infill_wall_overlap = 30%
; inherits_group = ;;
; initial_layer_acceleration = 500
; initial_layer_infill_speed = 20
; initial_layer_jerk = 8
; initial_layer_line_width = 0.5
; initial_layer_min_bead_width = 85%
; initial_layer_print_height = 0.2
; initial_layer_speed = 15
; initial_layer_travel_acceleration = 0
; initial_layer_travel_speed = 50%
; inner_wall_acceleration = 500
; inner_wall_jerk = 10
; inner_wall_line_width = 0.45
; inner_wall_speed = 45
; interface_shells = 0
; interlocking_beam = 0
; interlocking_beam_layer_count = 2
; interlocking_beam_width = 0.8
; interlocking_boundary_avoidance = 2
; interlocking_depth = 2
; interlocking_orientation = 22.5
; internal_bridge_flow = 1
; internal_bridge_speed = 150%
; internal_solid_infill_acceleration = 100%
; internal_solid_infill_line_width = 0.45
; internal_solid_infill_pattern = monotonic
; internal_solid_infill_speed = 60
; ironing_angle = -1
; ironing_flow = 15%
; ironing_pattern = zig-zag
; ironing_spacing = 0.1
; ironing_speed = 20
; ironing_support_layer = 0
; ironing_type = no ironing
; is_infill_first = 0
; lateral_lattice_angle_1 = -45
; lateral_lattice_angle_2 = 45
; layer_change_gcode = 
; layer_height = 0.2
; line_width = 0.45
; locked_skeleton_infill_pattern = zig-zag2
; locked_skin_infill_pattern = cross-zag
; long_retractions_when_cut = 0
; machine_LED_light_exist = 0
; machine_end_gcode = G91 ;Relative positionning\nG1 E-2 F2700 ;Retract a bit \nG1 E-2 Z1 F2400 ;Retract and raise Z \nG1 X5 Y5 F3000 ;Wipe out \nG1 Z10 ;Raise Z more \nG90 ;Absolute positionning  \nG1 X0 Y0 ;Present print \nM106 S0 ;Turn-off fan \nM104 S0 ;Turn-off hotend \nM140 S0 ;Turn-off bed  \nM84 X Y E ;Disable all steppers but Z 
; machine_is_belt = 0
; machine_load_filament_time = 0
; machine_max_acceleration_e = 5000,5000
; machine_max_acceleration_extruding = 500,500
; machine_max_acceleration_retracting = 500,1000
; machine_max_acceleration_travel = 500,500
; machine_max_acceleration_x = 500,500
; machine_max_acceleration_y = 500,500
; machine_max_acceleration_z = 500,500
; machine_max_jerk_e = 5,5
; machine_max_jerk_x = 10,8
; machine_max_jerk_y = 10,8
; machine_max_jerk_z = 0.4,0.4
; machine_max_speed_e = 50,60
; machine_max_speed_x = 500,500
; machine_max_speed_y = 500,500
; machine_max_speed_z = 10,10
; machine_min_extruding_rate = 0,0
; machine_min_travel_rate = 0,0
; machine_pause_gcode = M25 ;pause print
; machine_platform_motion_enable = 0
; machine_ptc_exist = 0
; machine_start_gcode = M220 S100 ;Reset Feedrate\nM221 S100 ;Reset Flowrate\n\nM140 S[bed_temperature_initial_layer_single] ;Set final bed temp  \nG28 ;Home\nG92 E0 ;Reset Extruder\nG1 Z2.0 F3000 ;Move Z Axis up\nM104 S[nozzle_temperature_initial_layer] ;Set final nozzle temp  \nG1 X10.1 Y20 Z0.28 F5000.0 ;Move to start position\nM190 S[bed_temperature_initial_layer_single] ;Wait for bed temp to stabilize  \nM109 S[nozzle_temperature_initial_layer] ;Wait for nozzle temp to stabilize  \nG1 X10.1 Y145.0 Z0.28 F1500.0 E15 ;Draw the first line\nG1 X10.4 Y145.0 Z0.28 F5000.0 ;Move to side a little\nG1 X10.4 Y20 Z0.28 F1500.0 E30 ;Draw the second line\nG92 E0  ;Reset Extruder\nG1 E-1.0000 F1800 ;Retract a bit\nG1 Z2.0 F3000 ;Move Z Axis up\nG1 E0.0000 F1800
; machine_tool_change_time = 0
; machine_unload_filament_time = 0
; make_overhang_printable = 0
; make_overhang_printable_angle = 55
; make_overhang_printable_hole_size = 0
; manual_filament_change = 0
; material_flow_dependent_temperature = 0
; material_flow_temp_graph = [[3.0,210],[10.0,220],[12.0,230]]
; max_bridge_length = 10
; max_layer_height = 0.2
; max_travel_detour_distance = 0
; max_volumetric_extrusion_rate_slope = 0
; max_volumetric_extrusion_rate_slope_segment_length = 3
; min_bead_width = 85%
; min_feature_size = 25%
; min_layer_height = 0.08
; min_length_factor = 0.5
; min_skirt_length = 0
; min_width_top_surface = 300%
; minimum_sparse_infill_area = 10
; minimum_support_area = 5
; mixed_color_layer_height_a = 0
; mixed_color_layer_height_b = 0
; mixed_filament_advanced_dithering = 0
; mixed_filament_definitions = 
; mixed_filament_gradient_mode = 0
; mixed_filament_height_lower_bound = 0.04
; mixed_filament_height_upper_bound = 0.16
; mixed_filament_pointillism_line_gap = 0
; mixed_filament_pointillism_pixel_size = 0
; mixed_filament_surface_indentation = 0
; mmu_segmented_region_interlocking_depth = 0
; mmu_segmented_region_max_width = 0
; msao_recovery_enable = 0
; msao_safe_accel = 200
; msao_safe_velocity = 50
; multicolor_method = 0
; notes = 
; nozzle_diameter = 0.4
; nozzle_height = 2.5
; nozzle_hrc = 0
; nozzle_temperature = 205
; nozzle_temperature_initial_layer = 205
; nozzle_temperature_range_high = 240
; nozzle_temperature_range_low = 190
; nozzle_type = brass
; nozzle_volume = 0
; only_one_wall_first_layer = 0
; only_one_wall_top = 1
; ooze_prevention = 0
; other_layers_print_sequence = 0
; other_layers_print_sequence_nums = 0
; outer_wall_acceleration = 500
; outer_wall_jerk = 10
; outer_wall_line_width = 0.42
; outer_wall_speed = 40
; overhang_1_4_speed = 0
; overhang_2_4_speed = 30
; overhang_3_4_speed = 20
; overhang_4_4_speed = 10
; overhang_fan_speed = 100
; overhang_fan_threshold = 50%
; overhang_optimization = 0
; overhang_reverse = 0
; overhang_reverse_internal_only = 0
; overhang_reverse_threshold = 50%
; overhang_speed_classic = 0
; overhang_totally_speed = 10
; parking_pos_retraction = 92
; pellet_modded_printer = 0
; post_process = 
; precise_outer_wall = 0
; precise_z_height = 0
; preferred_orientation = 0
; preheat_steps = 1
; preheat_time = 30
; pressure_advance = 0.04
; prime_tower_brim_width = 3
; prime_tower_enable_framework = 0
; prime_tower_enhance_type = chamfer
; prime_tower_position_type = Middle Upper
; prime_tower_rib_wall = 1
; prime_tower_skip_points = 1
; prime_tower_width = 60
; prime_volume = 45
; print_compatible_printers = "Creality Ender-3 V2 0.4 nozzle"
; print_flow_ratio = 1
; print_order = default
; print_sequence = by layer
; print_settings_id = 0.20mm SmartSoil Low Material @Creality Ender-3 V2 0.4 nozzle
; printable_area = 0x0,220x0,220x220,0x220
; printable_height = 250
; printer_model = Creality Ender-3 V2
; printer_notes = 
; printer_settings_id = Creality Ender-3 V2 0.4 nozzle
; printer_structure = i3
; printer_technology = FFF
; printer_variant = 0.4
; printhost_authorization_type = key
; printhost_ssl_ignore_revoke = 0
; printing_by_object_gcode = 
; purge_in_prime_tower = 0
; raft_contact_distance = 0.1
; raft_expansion = 1.5
; raft_first_layer_density = 90%
; raft_first_layer_expansion = 2
; raft_layers = 0
; reduce_crossing_wall = 0
; reduce_fan_stop_start_freq = 1
; reduce_infill_retraction = 1
; required_nozzle_HRC = 0
; resolution = 0.012
; retract_before_wipe = 90%
; retract_length_toolchange = 0
; retract_lift_above = 0
; retract_lift_below = 0
; retract_lift_enforce = All Surfaces
; retract_restart_extra = 0
; retract_restart_extra_toolchange = 0
; retract_when_changing_layer = 1
; retraction_distances_when_cut = 18
; retraction_length = 5
; retraction_minimum_travel = 2
; retraction_speed = 50
; role_based_wipe_speed = 1
; rotate_solid_infill_direction = 1
; scan_first_layer = 0
; scarf_angle_threshold = 155
; scarf_joint_flow_ratio = 1
; scarf_joint_speed = 100%
; scarf_overhang_threshold = 40%
; seam_gap = 10%
; seam_position = aligned
; seam_slope_conditional = 0
; seam_slope_entire_loop = 0
; seam_slope_inner_walls = 0
; seam_slope_min_length = 20
; seam_slope_start_height = 0
; seam_slope_steps = 10
; seam_slope_type = none
; silent_mode = 0
; single_extruder_multi_material = 1
; single_extruder_multi_material_priming = 0
; skeleton_infill_density = 25%
; skeleton_infill_line_width = 100%
; skin_infill_density = 25%
; skin_infill_depth = 2
; skin_infill_line_width = 100%
; skirt_distance = 5
; skirt_height = 2
; skirt_loops = 2
; skirt_speed = 50
; skirt_type = combined
; slice_closing_radius = 0.049
; slicing_mode = regular
; slow_down_for_layer_cooling = 1
; slow_down_layer_time = 8
; slow_down_layers = 0
; slow_down_min_speed = 10
; slowdown_for_curled_perimeters = 0
; small_area_infill_flow_compensation = 0
; small_area_infill_flow_compensation_model = 0,0;"\n0.2,0.4444";"\n0.4,0.6145";"\n0.6,0.7059";"\n0.8,0.7619";"\n1.5,0.8571";"\n2,0.8889";"\n3,0.9231";"\n5,0.9520";"\n10,1"
; small_perimeter_speed = 40%
; small_perimeter_threshold = 0
; smart_cooling_zones = 0
; smooth_coefficient = 80
; smooth_speed_discontinuity_area = 0
; solid_infill_direction = 45
; solid_infill_filament = 0
; sparse_infill_acceleration = 100%
; sparse_infill_density = 10%
; sparse_infill_filament = 0
; sparse_infill_line_width = 0.45
; sparse_infill_pattern = gyroid
; sparse_infill_speed = 50
; speed_limit_to_height = [[100,150,100,6000,210],[150,200,80,5500,200],[200,250,60,5000,190]]
; speed_limit_to_height_enable = 0
; spiral_mode = 0
; spiral_mode_max_xy_smoothing = 200%
; spiral_mode_smooth = 0
; staggered_inner_seams = 0
; standby_temperature_delta = -5
; start_end_points = 30x-3,54x245
; support_air_filtration = 0
; support_angle = 0
; support_base_pattern = rectilinear
; support_base_pattern_spacing = 2.5
; support_base_pattern_tree = default
; support_bottom_interface_spacing = 0.5
; support_bottom_z_distance = 0.2
; support_chamber_temp_control = 0
; support_critical_regions_only = 0
; support_expansion = 0
; support_filament = 0
; support_interface_bottom_layers = 2
; support_interface_filament = 0
; support_interface_loop_pattern = 0
; support_interface_min_area = 0.25
; support_interface_not_for_body = 1
; support_interface_pattern = auto
; support_interface_spacing = 0.5
; support_interface_speed = 50
; support_interface_top_layers = 2
; support_ironing = 0
; support_ironing_flow = 10%
; support_ironing_pattern = zig-zag
; support_ironing_spacing = 0.2
; support_line_width = 0.42
; support_material_interface_fan_speed = -1
; support_multi_bed_types = 1
; support_object_first_layer_gap = 0.2
; support_object_xy_distance = 0.35
; support_on_build_plate_only = 1
; support_remove_small_overhang = 1
; support_speed = 50
; support_style = default
; support_threshold_angle = 30
; support_top_z_distance = 0.2
; support_type = normal(auto)
; support_xy_overrides_z = xy_overrides_z
; symmetric_infill_y_axis = 0
; temperature_vitrification = 60
; template_custom_gcode = 
; textured_plate_temp = 60
; textured_plate_temp_initial_layer = 60
; thick_bridges = 0
; thick_internal_bridges = 1
; thumbnails = 48x48/PNG, 300x300/PNG
; thumbnails_format = PNG
; time_cost = 0
; time_lapse_gcode = 
; timelapse_type = 0
; top_bottom_infill_wall_overlap = 25%
; top_shell_layers = 4
; top_shell_thickness = 0.8
; top_solid_infill_flow_ratio = 1
; top_surface_acceleration = 500
; top_surface_jerk = 10
; top_surface_line_width = 0.42
; top_surface_pattern = monotonic
; top_surface_speed = 40
; tpms_end_infill_density = 15%
; tpms_gradual_direction = gradualdir_x
; tpms_start_infill_density = 8%
; transmittance_matrix = 0.8,0.8,0.8,0.8,0.8,0.8,0.8,0.8,0.8,0.8,0.8,0.8,0.8,0.8,0.8,0.8
; travel_acceleration = 500
; travel_jerk = 8
; travel_short_distance_acceleration = 0
; travel_short_distance_threshold = 1.5
; travel_slope = 3
; travel_speed = 120
; travel_speed_z = 0
; tree_hybrid_cross_height = 0
; tree_support_adaptive_layer_height = 1
; tree_support_angle_slow = 25
; tree_support_auto_brim = 1
; tree_support_branch_angle = 45
; tree_support_branch_angle_organic = 40
; tree_support_branch_diameter = 2
; tree_support_branch_diameter_angle = 5
; tree_support_branch_diameter_double_wall = 3
; tree_support_branch_diameter_organic = 2
; tree_support_branch_distance = 5
; tree_support_branch_distance_organic = 1
; tree_support_brim_width = 3
; tree_support_organic_validate_repair = 0
; tree_support_tip_diameter = 0.8
; tree_support_top_rate = 30%
; tree_support_wall_count = 0
; tree_support_wall_count_tree = 0
; use_firmware_retraction = 0
; use_relative_e_distances = 1
; wall_direction = auto
; wall_distribution_count = 1
; wall_filament = 0
; wall_generator = arachne
; wall_loops = 3
; wall_sequence = inner wall/outer wall
; wall_transition_angle = 10
; wall_transition_filter_deviation = 25%
; wall_transition_length = 100%
; wipe = 1
; wipe_before_external_loop = 0
; wipe_distance = 2
; wipe_on_loops = 0
; wipe_speed = 80%
; wipe_tower_bridging = 10
; wipe_tower_cone_angle = 0
; wipe_tower_extra_flow = 100%
; wipe_tower_extra_spacing = 100%
; wipe_tower_filament = 0
; wipe_tower_max_purge_speed = 90
; wipe_tower_no_sparse_layers = 0
; wipe_tower_rotation_angle = 0
; wipe_tower_x = 0.000
; wipe_tower_y = 0.000
; wiping_volumes_extruders = 70,70,70,70,70,70,70,70,70,70
; xy_contour_compensation = 0
; xy_hole_compensation = 0
; z_direction_outwall_speed_continuous = 0
; z_hop = 0.4
; z_hop_types = Auto Lift
; z_offset = 0
; first_layer_bed_temperature = 60
; bed_shape = 0x0,220x0,220x220,0x220
; first_layer_temperature = 205
; first_layer_height = 0.200
; all_surface_with_shell = 1
; should_enable_preview_lod = 0
; CONFIG_BLOCK_END


; gcode_lines = 28228
